sport,sport_key,game_id,game_time,home_team,away_team,bookmaker_key,bookmaker_title,bookmaker_last_update,market,market_last_update,team,price,point,query_time
NCAAF,americanfootball_ncaaf,5d7901b0ad44ffe1b92e18fc8d511a7e,2026-10-10T16:00:00Z,West Virginia Mountaineers,Arizona Wildcats,fanduel,FanDuel,2026-10-10T06:13:39Z,h2h,2026-10-10T06:13:39Z,Arizona Wildcats,-160,,20261010061359476901
NCAAF,americanfootball_ncaaf,5d7901b0ad44ffe1b92e18fc8d511a7e,2026-10-10T16:00:00Z,West Virginia Mountaineers,Arizona Wildcats,fanduel,FanDuel,2026-10-10T06:13:39Z,h2h,2026-10-10T06:13:39Z,West Virginia Mountaineers,132,,20261010061359476901
NCAAF,americanfootball_ncaaf,5d7901b0ad44ffe1b92e18fc8d511a7e,2026-10-10T16:00:00Z,West Virginia Mountaineers,Arizona Wildcats,fanduel,FanDuel,2026-10-10T06:13:39Z,spreads,2026-10-10T06:13:39Z,Arizona Wildcats,-106,-3.5,20261010061359476901
NCAAF,americanfootball_ncaaf,5d7901b0ad44ffe1b92e18fc8d511a7e,2026-10-10T16:00:00Z,West Virginia Mountaineers,Arizona Wildcats,fanduel,FanDuel,2026-10-10T06:13:39Z,spreads,2026-10-10T06:13:39Z,West Virginia Mountaineers,-114,3.5,20261010061359476901
NCAAF,americanfootball_ncaaf,5d7901b0ad44ffe1b92e18fc8d511a7e,2026-10-10T16:00:00Z,West Virginia Mountaineers,Arizona Wildcats,fanduel,FanDuel,2026-10-10T06:13:39Z,totals,2026-10-10T06:13:39Z,Over,-110,60.5,20261010061359476901
NCAAF,americanfootball_ncaaf,5d7901b0ad44ffe1b92e18fc8d511a7e,2026-10-10T16:00:00Z,West Virginia Mountaineers,Arizona Wildcats,fanduel,FanDuel,2026-10-10T06:13:39Z,totals,2026-10-10T06:13:39Z,Under,-110,60.5,20261010061359476901
NCAAF,americanfootball_ncaaf,5d7901b0ad44ffe1b92e18fc8d511a7e,2026-10-10T16:00:00Z,West Virginia Mountaineers,Arizona Wildcats,betrivers,BetRivers,2026-10-10T06:13:23Z,h2h,2026-10-10T06:13:23Z,Arizona Wildcats,-165,,20261010061359476901
NCAAF,americanfootball_ncaaf,5d7901b0ad44ffe1b92e18fc8d511a7e,2026-10-10T16:00:00Z,West Virginia Mountaineers,Arizona Wildcats,betrivers,BetRivers,2026-10-10T06:13:23Z,h2h,2026-10-10T06:13:23Z,West Virginia Mountaineers,130,,20261010061359476901
NCAAF,americanfootball_ncaaf,5d7901b0ad44ffe1b92e18fc8d511a7e,2026-10-10T16:00:00Z,West Virginia Mountaineers,Arizona Wildcats,betrivers,BetRivers,2026-10-10T06:13:23Z,spreads,2026-10-10T06:13:23Z,Arizona Wildcats,-106,-3.5,20261010061359476901
NCAAF,americanfootball_ncaaf,5d7901b0ad44ffe1b92e18fc8d511a7e,2026-10-10T16:00:00Z,West Virginia Mountaineers,Arizona Wildcats,betrivers,BetRivers,2026-10-10T06:13:23Z,spreads,2026-10-10T06:13:23Z,West Virginia Mountaineers,-118,3.5,20261010061359476901
NCAAF,americanfootball_ncaaf,5d7901b0ad44ffe1b92e18fc8d511a7e,2026-10-10T16:00:00Z,West Virginia Mountaineers,Arizona Wildcats,betrivers,BetRivers,2026-10-10T06:13:23Z,totals,2026-10-10T06:13:23Z,Over,-114,60.5,20261010061359476901
NCAAF,americanfootball_ncaaf,5d7901b0ad44ffe1b92e18fc8d511a7e,2026-10-10T16:00:00Z,West Virginia Mountaineers,Arizona Wildcats,betrivers,BetRivers,2026-10-10T06:13:23Z,totals,2026-10-10T06:13:23Z,Under,-108,60.5,20261010061359476901
NCAAF,americanfootball_ncaaf,5d7901b0ad44ffe1b92e18fc8d511a7e,2026-10-10T16:00:00Z,West Virginia Mountaineers,Arizona Wildcats,betmgm,BetMGM,2026-10-10T06:13:39Z,h2h,2026-10-10T06:13:39Z,Arizona Wildcats,-160,,20261010061359476901
NCAAF,americanfootball_ncaaf,5d7901b0ad44ffe1b92e18fc8d511a7e,2026-10-10T16:00:00Z,West Virginia Mountaineers,Arizona Wildcats,betmgm,BetMGM,2026-10-10T06:13:39Z,h2h,2026-10-10T06:13:39Z,West Virginia Mountaineers,135,,20261010061359476901
NCAAF,americanfootball_ncaaf,5d7901b0ad44ffe1b92e18fc8d511a7e,2026-10-10T16:00:00Z,West Virginia Mountaineers,Arizona Wildcats,betmgm,BetMGM,2026-10-10T06:13:39Z,spreads,2026-10-10T06:13:39Z,Arizona Wildcats,-105,-3.5,20261010061359476901
NCAAF,americanfootball_ncaaf,5d7901b0ad44ffe1b92e18fc8d511a7e,2026-10-10T16:00:00Z,West Virginia Mountaineers,Arizona Wildcats,betmgm,BetMGM,2026-10-10T06:13:39Z,spreads,2026-10-10T06:13:39Z,West Virginia Mountaineers,-115,3.5,20261010061359476901
NCAAF,americanfootball_ncaaf,5d7901b0ad44ffe1b92e18fc8d511a7e,2026-10-10T16:00:00Z,West Virginia Mountaineers,Arizona Wildcats,betmgm,BetMGM,2026-10-10T06:13:39Z,totals,2026-10-10T06:13:39Z,Over,-105,61.5,20261010061359476901
NCAAF,americanfootball_ncaaf,5d7901b0ad44ffe1b92e18fc8d511a7e,2026-10-10T16:00:00Z,West Virginia Mountaineers,Arizona Wildcats,betmgm,BetMGM,2026-10-10T06:13:39Z,totals,2026-10-10T06:13:39Z,Under,-115,61.5,20261010061359476901
NCAAF,americanfootball_ncaaf,5d7901b0ad44ffe1b92e18fc8d511a7e,2026-10-10T16:00:00Z,West Virginia Mountaineers,Arizona Wildcats,draftkings,DraftKings,2026-10-10T06:13:23Z,h2h,2026-10-10T06:13:22Z,Arizona Wildcats,-175,,20261010061359476901
NCAAF,americanfootball_ncaaf,5d7901b0ad44ffe1b92e18fc8d511a7e,2026-10-10T16:00:00Z,West Virginia Mountaineers,Arizona Wildcats,draftkings,DraftKings,2026-10-10T06:13:23Z,h2h,2026-10-10T06:13:22Z,West Virginia Mountaineers,145,,20261010061359476901
NCAAF,americanfootball_ncaaf,5d7901b0ad44ffe1b92e18fc8d511a7e,2026-10-10T16:00:00Z,West Virginia Mountaineers,Arizona Wildcats,draftkings,DraftKings,2026-10-10T06:13:23Z,spreads,2026-10-10T06:13:22Z,Arizona Wildcats,-112,-3.5,20261010061359476901
NCAAF,americanfootball_ncaaf,5d7901b0ad44ffe1b92e18fc8d511a7e,2026-10-10T16:00:00Z,West Virginia Mountaineers,Arizona Wildcats,draftkings,DraftKings,2026-10-10T06:13:23Z,spreads,2026-10-10T06:13:22Z,West Virginia Mountaineers,-108,3.5,20261010061359476901
NCAAF,americanfootball_ncaaf,5d7901b0ad44ffe1b92e18fc8d511a7e,2026-10-10T16:00:00Z,West Virginia Mountaineers,Arizona Wildcats,draftkings,DraftKings,2026-10-10T06:13:23Z,totals,2026-10-10T06:13:22Z,Over,-115,60.5,20261010061359476901
NCAAF,americanfootball_ncaaf,5d7901b0ad44ffe1b92e18fc8d511a7e,2026-10-10T16:00:00Z,West Virginia Mountaineers,Arizona Wildcats,draftkings,DraftKings,2026-10-10T06:13:23Z,totals,2026-10-10T06:13:22Z,Under,-105,60.5,20261010061359476901
NCAAF,americanfootball_ncaaf,5d7901b0ad44ffe1b92e18fc8d511a7e,2026-10-10T16:00:00Z,West Virginia Mountaineers,Arizona Wildcats,lowvig,LowVig.ag,2026-10-10T06:13:39Z,h2h,2026-10-10T06:13:38Z,Arizona Wildcats,-175,,20261010061359476901
NCAAF,americanfootball_ncaaf,5d7901b0ad44ffe1b92e18fc8d511a7e,2026-10-10T16:00:00Z,West Virginia Mountaineers,Arizona Wildcats,lowvig,LowVig.ag,2026-10-10T06:13:39Z,h2h,2026-10-10T06:13:38Z,West Virginia Mountaineers,153,,20261010061359476901
NCAAF,americanfootball_ncaaf,5d7901b0ad44ffe1b92e18fc8d511a7e,2026-10-10T16:00:00Z,West Virginia Mountaineers,Arizona Wildcats,lowvig,LowVig.ag,2026-10-10T06:13:39Z,spreads,2026-10-10T06:13:38Z,Arizona Wildcats,-114,-3.5,20261010061359476901
NCAAF,americanfootball_ncaaf,5d7901b0ad44ffe1b92e18fc8d511a7e,2026-10-10T16:00:00Z,West Virginia Mountaineers,Arizona Wildcats,lowvig,LowVig.ag,2026-10-10T06:13:39Z,spreads,2026-10-10T06:13:38Z,West Virginia Mountaineers,102,3.5,20261010061359476901
NCAAF,americanfootball_ncaaf,5d7901b0ad44ffe1b92e18fc8d511a7e,2026-10-10T16:00:00Z,West Virginia Mountaineers,Arizona Wildcats,lowvig,LowVig.ag,2026-10-10T06:13:39Z,totals,2026-10-10T06:13:38Z,Over,-103,61.5,20261010061359476901
NCAAF,americanfootball_ncaaf,5d7901b0ad44ffe1b92e18fc8d511a7e,2026-10-10T16:00:00Z,West Virginia Mountaineers,Arizona Wildcats,lowvig,LowVig.ag,2026-10-10T06:13:39Z,totals,2026-10-10T06:13:38Z,Under,-114,61.5,20261010061359476901
NCAAF,americanfootball_ncaaf,5d7901b0ad44ffe1b92e18fc8d511a7e,2026-10-10T16:00:00Z,West Virginia Mountaineers,Arizona Wildcats,betonlineag,BetOnline.ag,2026-10-10T06:13:21Z,h2h,2026-10-10T06:13:21Z,Arizona Wildcats,-175,,20261010061359476901
NCAAF,americanfootball_ncaaf,5d7901b0ad44ffe1b92e18fc8d511a7e,2026-10-10T16:00:00Z,West Virginia Mountaineers,Arizona Wildcats,betonlineag,BetOnline.ag,2026-10-10T06:13:21Z,h2h,2026-10-10T06:13:21Z,West Virginia Mountaineers,153,,20261010061359476901
NCAAF,americanfootball_ncaaf,5d7901b0ad44ffe1b92e18fc8d511a7e,2026-10-10T16:00:00Z,West Virginia Mountaineers,Arizona Wildcats,betonlineag,BetOnline.ag,2026-10-10T06:13:21Z,spreads,2026-10-10T06:13:21Z,Arizona Wildcats,-118,-3.5,20261010061359476901
NCAAF,americanfootball_ncaaf,5d7901b0ad44ffe1b92e18fc8d511a7e,2026-10-10T16:00:00Z,West Virginia Mountaineers,Arizona Wildcats,betonlineag,BetOnline.ag,2026-10-10T06:13:21Z,spreads,2026-10-10T06:13:21Z,West Virginia Mountaineers,-102,3.5,20261010061359476901
NCAAF,americanfootball_ncaaf,5d7901b0ad44ffe1b92e18fc8d511a7e,2026-10-10T16:00:00Z,West Virginia Mountaineers,Arizona Wildcats,betonlineag,BetOnline.ag,2026-10-10T06:13:21Z,totals,2026-10-10T06:13:21Z,Over,-105,61.5,20261010061359476901
NCAAF,americanfootball_ncaaf,5d7901b0ad44ffe1b92e18fc8d511a7e,2026-10-10T16:00:00Z,West Virginia Mountaineers,Arizona Wildcats,betonlineag,BetOnline.ag,2026-10-10T06:13:21Z,totals,2026-10-10T06:13:21Z,Under,-115,61.5,20261010061359476901
NCAAF,americanfootball_ncaaf,5d7901b0ad44ffe1b92e18fc8d511a7e,2026-10-10T16:00:00Z,West Virginia Mountaineers,Arizona Wildcats,mybookieag,MyBookie.ag,2026-10-10T06:13:29Z,h2h,2026-10-10T06:13:28Z,Arizona Wildcats,-181,,20261010061359476901
NCAAF,americanfootball_ncaaf,5d7901b0ad44ffe1b92e18fc8d511a7e,2026-10-10T16:00:00Z,West Virginia Mountaineers,Arizona Wildcats,mybookieag,MyBookie.ag,2026-10-10T06:13:29Z,h2h,2026-10-10T06:13:28Z,West Virginia Mountaineers,146,,20261010061359476901
NCAAF,americanfootball_ncaaf,5d7901b0ad44ffe1b92e18fc8d511a7e,2026-10-10T16:00:00Z,West Virginia Mountaineers,Arizona Wildcats,mybookieag,MyBookie.ag,2026-10-10T06:13:29Z,spreads,2026-10-10T06:13:28Z,Arizona Wildcats,-110,-3.5,20261010061359476901
NCAAF,americanfootball_ncaaf,5d7901b0ad44ffe1b92e18fc8d511a7e,2026-10-10T16:00:00Z,West Virginia Mountaineers,Arizona Wildcats,mybookieag,MyBookie.ag,2026-10-10T06:13:29Z,spreads,2026-10-10T06:13:28Z,West Virginia Mountaineers,-110,3.5,20261010061359476901
NCAAF,americanfootball_ncaaf,5d7901b0ad44ffe1b92e18fc8d511a7e,2026-10-10T16:00:00Z,West Virginia Mountaineers,Arizona Wildcats,mybookieag,MyBookie.ag,2026-10-10T06:13:29Z,totals,2026-10-10T06:13:28Z,Over,-110,61.0,20261010061359476901
NCAAF,americanfootball_ncaaf,5d7901b0ad44ffe1b92e18fc8d511a7e,2026-10-10T16:00:00Z,West Virginia Mountaineers,Arizona Wildcats,mybookieag,MyBookie.ag,2026-10-10T06:13:29Z,totals,2026-10-10T06:13:28Z,Under,-110,61.0,20261010061359476901
NCAAF,americanfootball_ncaaf,5d7901b0ad44ffe1b92e18fc8d511a7e,2026-10-10T16:00:00Z,West Virginia Mountaineers,Arizona Wildcats,bovada,Bovada,2026-10-10T06:12:36Z,h2h,2026-10-10T06:12:35Z,Arizona Wildcats,-175,,20261010061359476901
NCAAF,americanfootball_ncaaf,5d7901b0ad44ffe1b92e18fc8d511a7e,2026-10-10T16:00:00Z,West Virginia Mountaineers,Arizona Wildcats,bovada,Bovada,2026-10-10T06:12:36Z,h2h,2026-10-10T06:12:35Z,West Virginia Mountaineers,150,,20261010061359476901
NCAAF,americanfootball_ncaaf,5d7901b0ad44ffe1b92e18fc8d511a7e,2026-10-10T16:00:00Z,West Virginia Mountaineers,Arizona Wildcats,bovada,Bovada,2026-10-10T06:12:36Z,spreads,2026-10-10T06:12:35Z,Arizona Wildcats,-110,-3.5,20261010061359476901
NCAAF,americanfootball_ncaaf,5d7901b0ad44ffe1b92e18fc8d511a7e,2026-10-10T16:00:00Z,West Virginia Mountaineers,Arizona Wildcats,bovada,Bovada,2026-10-10T06:12:36Z,spreads,2026-10-10T06:12:35Z,West Virginia Mountaineers,-110,3.5,20261010061359476901
NCAAF,americanfootball_ncaaf,5d7901b0ad44ffe1b92e18fc8d511a7e,2026-10-10T16:00:00Z,West Virginia Mountaineers,Arizona Wildcats,bovada,Bovada,2026-10-10T06:12:36Z,totals,2026-10-10T06:12:35Z,Over,-115,60.5,20261010061359476901
NCAAF,americanfootball_ncaaf,5d7901b0ad44ffe1b92e18fc8d511a7e,2026-10-10T16:00:00Z,West Virginia Mountaineers,Arizona Wildcats,bovada,Bovada,2026-10-10T06:12:36Z,totals,2026-10-10T06:12:35Z,Under,-105,60.5,20261010061359476901
NCAAF,americanfootball_ncaaf,5d7901b0ad44ffe1b92e18fc8d511a7e,2026-10-10T16:00:00Z,West Virginia Mountaineers,Arizona Wildcats,betus,BetUS,2026-10-10T06:13:55Z,h2h,2026-10-10T06:13:54Z,Arizona Wildcats,-175,,20261010061359476901
NCAAF,americanfootball_ncaaf,5d7901b0ad44ffe1b92e18fc8d511a7e,2026-10-10T16:00:00Z,West Virginia Mountaineers,Arizona Wildcats,betus,BetUS,2026-10-10T06:13:55Z,h2h,2026-10-10T06:13:54Z,West Virginia Mountaineers,150,,20261010061359476901
NCAAF,americanfootball_ncaaf,5d7901b0ad44ffe1b92e18fc8d511a7e,2026-10-10T16:00:00Z,West Virginia Mountaineers,Arizona Wildcats,betus,BetUS,2026-10-10T06:13:55Z,spreads,2026-10-10T06:13:54Z,Arizona Wildcats,-110,-3.5,20261010061359476901
NCAAF,americanfootball_ncaaf,5d7901b0ad44ffe1b92e18fc8d511a7e,2026-10-10T16:00:00Z,West Virginia Mountaineers,Arizona Wildcats,betus,BetUS,2026-10-10T06:13:55Z,spreads,2026-10-10T06:13:54Z,West Virginia Mountaineers,-110,3.5,20261010061359476901
NCAAF,americanfootball_ncaaf,5d7901b0ad44ffe1b92e18fc8d511a7e,2026-10-10T16:00:00Z,West Virginia Mountaineers,Arizona Wildcats,betus,BetUS,2026-10-10T06:13:55Z,totals,2026-10-10T06:13:54Z,Over,-110,61.0,20261010061359476901
NCAAF,americanfootball_ncaaf,5d7901b0ad44ffe1b92e18fc8d511a7e,2026-10-10T16:00:00Z,West Virginia Mountaineers,Arizona Wildcats,betus,BetUS,2026-10-10T06:13:55Z,totals,2026-10-10T06:13:54Z,Under,-110,61.0,20261010061359476901
NCAAF,americanfootball_ncaaf,3350fb5023fd4b47b86d34fcc5f47c17,2026-10-10T16:00:00Z,Army Black Knights,Tulane Green Wave,draftkings,DraftKings,2026-10-10T06:13:23Z,h2h,2026-10-10T06:13:22Z,Army Black Knights,-166,,20261010061359476901
NCAAF,americanfootball_ncaaf,3350fb5023fd4b47b86d34fcc5f47c17,2026-10-10T16:00:00Z,Army Black Knights,Tulane Green Wave,draftkings,DraftKings,2026-10-10T06:13:23Z,h2h,2026-10-10T06:13:22Z,Tulane Green Wave,140,,20261010061359476901
NCAAF,americanfootball_ncaaf,3350fb5023fd4b47b86d34fcc5f47c17,2026-10-10T16:00:00Z,Army Black Knights,Tulane Green Wave,draftkings,DraftKings,2026-10-10T06:13:23Z,spreads,2026-10-10T06:13:22Z,Army Black Knights,-108,-3.5,20261010061359476901
NCAAF,americanfootball_ncaaf,3350fb5023fd4b47b86d34fcc5f47c17,2026-10-10T16:00:00Z,Army Black Knights,Tulane Green Wave,draftkings,DraftKings,2026-10-10T06:13:23Z,spreads,2026-10-10T06:13:22Z,Tulane Green Wave,-112,3.5,20261010061359476901
NCAAF,americanfootball_ncaaf,3350fb5023fd4b47b86d34fcc5f47c17,2026-10-10T16:00:00Z,Army Black Knights,Tulane Green Wave,draftkings,DraftKings,2026-10-10T06:13:23Z,totals,2026-10-10T06:13:22Z,Over,-105,48.5,20261010061359476901
NCAAF,americanfootball_ncaaf,3350fb5023fd4b47b86d34fcc5f47c17,2026-10-10T16:00:00Z,Army Black Knights,Tulane Green Wave,draftkings,DraftKings,2026-10-10T06:13:23Z,totals,2026-10-10T06:13:22Z,Under,-115,48.5,20261010061359476901
NCAAF,americanfootball_ncaaf,3350fb5023fd4b47b86d34fcc5f47c17,2026-10-10T16:00:00Z,Army Black Knights,Tulane Green Wave,betonlineag,BetOnline.ag,2026-10-10T06:13:21Z,h2h,2026-10-10T06:13:21Z,Army Black Knights,-170,,20261010061359476901
NCAAF,americanfootball_ncaaf,3350fb5023fd4b47b86d34fcc5f47c17,2026-10-10T16:00:00Z,Army Black Knights,Tulane Green Wave,betonlineag,BetOnline.ag,2026-10-10T06:13:21Z,h2h,2026-10-10T06:13:21Z,Tulane Green Wave,149,,20261010061359476901
NCAAF,americanfootball_ncaaf,3350fb5023fd4b47b86d34fcc5f47c17,2026-10-10T16:00:00Z,Army Black Knights,Tulane Green Wave,betonlineag,BetOnline.ag,2026-10-10T06:13:21Z,spreads,2026-10-10T06:13:21Z,Army Black Knights,-114,-3.5,20261010061359476901
NCAAF,americanfootball_ncaaf,3350fb5023fd4b47b86d34fcc5f47c17,2026-10-10T16:00:00Z,Army Black Knights,Tulane Green Wave,betonlineag,BetOnline.ag,2026-10-10T06:13:21Z,spreads,2026-10-10T06:13:21Z,Tulane Green Wave,-106,3.5,20261010061359476901
NCAAF,americanfootball_ncaaf,3350fb5023fd4b47b86d34fcc5f47c17,2026-10-10T16:00:00Z,Army Black Knights,Tulane Green Wave,betonlineag,BetOnline.ag,2026-10-10T06:13:21Z,totals,2026-10-10T06:13:21Z,Over,-115,48.5,20261010061359476901
NCAAF,americanfootball_ncaaf,3350fb5023fd4b47b86d34fcc5f47c17,2026-10-10T16:00:00Z,Army Black Knights,Tulane Green Wave,betonlineag,BetOnline.ag,2026-10-10T06:13:21Z,totals,2026-10-10T06:13:21Z,Under,-105,48.5,20261010061359476901
NCAAF,americanfootball_ncaaf,3350fb5023fd4b47b86d34fcc5f47c17,2026-10-10T16:00:00Z,Army Black Knights,Tulane Green Wave,lowvig,LowVig.ag,2026-10-10T06:13:39Z,h2h,2026-10-10T06:13:38Z,Army Black Knights,-170,,20261010061359476901
NCAAF,americanfootball_ncaaf,3350fb5023fd4b47b86d34fcc5f47c17,2026-10-10T16:00:00Z,Army Black Knights,Tulane Green Wave,lowvig,LowVig.ag,2026-10-10T06:13:39Z,h2h,2026-10-10T06:13:38Z,Tulane Green Wave,149,,20261010061359476901
NCAAF,americanfootball_ncaaf,3350fb5023fd4b47b86d34fcc5f47c17,2026-10-10T16:00:00Z,Army Black Knights,Tulane Green Wave,lowvig,LowVig.ag,2026-10-10T06:13:39Z,spreads,2026-10-10T06:13:38Z,Army Black Knights,-110,-3.5,20261010061359476901
NCAAF,americanfootball_ncaaf,3350fb5023fd4b47b86d34fcc5f47c17,2026-10-10T16:00:00Z,Army Black Knights,Tulane Green Wave,lowvig,LowVig.ag,2026-10-10T06:13:39Z,spreads,2026-10-10T06:13:38Z,Tulane Green Wave,-102,3.5,20261010061359476901
NCAAF,americanfootball_ncaaf,3350fb5023fd4b47b86d34fcc5f47c17,2026-10-10T16:00:00Z,Army Black Knights,Tulane Green Wave,lowvig,LowVig.ag,2026-10-10T06:13:39Z,totals,2026-10-10T06:13:38Z,Over,-114,48.5,20261010061359476901
NCAAF,americanfootball_ncaaf,3350fb5023fd4b47b86d34fcc5f47c17,2026-10-10T16:00:00Z,Army Black Knights,Tulane Green Wave,lowvig,LowVig.ag,2026-10-10T06:13:39Z,totals,2026-10-10T06:13:38Z,Under,-103,48.5,20261010061359476901
NCAAF,americanfootball_ncaaf,3350fb5023fd4b47b86d34fcc5f47c17,2026-10-10T16:00:00Z,Army Black Knights,Tulane Green Wave,fanduel,FanDuel,2026-10-10T06:13:39Z,h2h,2026-10-10T06:13:39Z,Army Black Knights,-170,,20261010061359476901
NCAAF,americanfootball_ncaaf,3350fb5023fd4b47b86d34fcc5f47c17,2026-10-10T16:00:00Z,Army Black Knights,Tulane Green Wave,fanduel,FanDuel,2026-10-10T06:13:39Z,h2h,2026-10-10T06:13:39Z,Tulane Green Wave,140,,20261010061359476901
NCAAF,americanfootball_ncaaf,3350fb5023fd4b47b86d34fcc5f47c17,2026-10-10T16:00:00Z,Army Black Knights,Tulane Green Wave,fanduel,FanDuel,2026-10-10T06:13:39Z,spreads,2026-10-10T06:13:39Z,Army Black Knights,-105,-3.5,20261010061359476901
NCAAF,americanfootball_ncaaf,3350fb5023fd4b47b86d34fcc5f47c17,2026-10-10T16:00:00Z,Army Black Knights,Tulane Green Wave,fanduel,FanDuel,2026-10-10T06:13:39Z,spreads,2026-10-10T06:13:39Z,Tulane Green Wave,-115,3.5,20261010061359476901
NCAAF,americanfootball_ncaaf,3350fb5023fd4b47b86d34fcc5f47c17,2026-10-10T16:00:00Z,Army Black Knights,Tulane Green Wave,fanduel,FanDuel,2026-10-10T06:13:39Z,totals,2026-10-10T06:13:39Z,Over,-105,48.5,20261010061359476901
NCAAF,americanfootball_ncaaf,3350fb5023fd4b47b86d34fcc5f47c17,2026-10-10T16:00:00Z,Army Black Knights,Tulane Green Wave,fanduel,FanDuel,2026-10-10T06:13:39Z,totals,2026-10-10T06:13:39Z,Under,-115,48.5,20261010061359476901
NCAAF,americanfootball_ncaaf,3350fb5023fd4b47b86d34fcc5f47c17,2026-10-10T16:00:00Z,Army Black Knights,Tulane Green Wave,betrivers,BetRivers,2026-10-10T06:13:23Z,h2h,2026-10-10T06:13:23Z,Army Black Knights,-180,,20261010061359476901
NCAAF,americanfootball_ncaaf,3350fb5023fd4b47b86d34fcc5f47c17,2026-10-10T16:00:00Z,Army Black Knights,Tulane Green Wave,betrivers,BetRivers,2026-10-10T06:13:23Z,h2h,2026-10-10T06:13:23Z,Tulane Green Wave,143,,20261010061359476901
NCAAF,americanfootball_ncaaf,3350fb5023fd4b47b86d34fcc5f47c17,2026-10-10T16:00:00Z,Army Black Knights,Tulane Green Wave,betrivers,BetRivers,2026-10-10T06:13:23Z,spreads,2026-10-10T06:13:23Z,Army Black Knights,-115,-3.5,20261010061359476901
NCAAF,americanfootball_ncaaf,3350fb5023fd4b47b86d34fcc5f47c17,2026-10-10T16:00:00Z,Army Black Knights,Tulane Green Wave,betrivers,BetRivers,2026-10-10T06:13:23Z,spreads,2026-10-10T06:13:23Z,Tulane Green Wave,-108,3.5,20261010061359476901
NCAAF,americanfootball_ncaaf,3350fb5023fd4b47b86d34fcc5f47c17,2026-10-10T16:00:00Z,Army Black Knights,Tulane Green Wave,betrivers,BetRivers,2026-10-10T06:13:23Z,totals,2026-10-10T06:13:23Z,Over,-114,47.5,20261010061359476901
NCAAF,americanfootball_ncaaf,3350fb5023fd4b47b86d34fcc5f47c17,2026-10-10T16:00:00Z,Army Black Knights,Tulane Green Wave,betrivers,BetRivers,2026-10-10T06:13:23Z,totals,2026-10-10T06:13:23Z,Under,-109,47.5,20261010061359476901
NCAAF,americanfootball_ncaaf,3350fb5023fd4b47b86d34fcc5f47c17,2026-10-10T16:00:00Z,Army Black Knights,Tulane Green Wave,betmgm,BetMGM,2026-10-10T06:13:39Z,h2h,2026-10-10T06:13:39Z,Army Black Knights,-160,,20261010061359476901
NCAAF,americanfootball_ncaaf,3350fb5023fd4b47b86d34fcc5f47c17,2026-10-10T16:00:00Z,Army Black Knights,Tulane Green Wave,betmgm,BetMGM,2026-10-10T06:13:39Z,h2h,2026-10-10T06:13:39Z,Tulane Green Wave,135,,20261010061359476901
NCAAF,americanfootball_ncaaf,3350fb5023fd4b47b86d34fcc5f47c17,2026-10-10T16:00:00Z,Army Black Knights,Tulane Green Wave,betmgm,BetMGM,2026-10-10T06:13:39Z,spreads,2026-10-10T06:13:39Z,Army Black Knights,-105,-3.5,20261010061359476901
NCAAF,americanfootball_ncaaf,3350fb5023fd4b47b86d34fcc5f47c17,2026-10-10T16:00:00Z,Army Black Knights,Tulane Green Wave,betmgm,BetMGM,2026-10-10T06:13:39Z,spreads,2026-10-10T06:13:39Z,Tulane Green Wave,-115,3.5,20261010061359476901
NCAAF,americanfootball_ncaaf,3350fb5023fd4b47b86d34fcc5f47c17,2026-10-10T16:00:00Z,Army Black Knights,Tulane Green Wave,betmgm,BetMGM,2026-10-10T06:13:39Z,totals,2026-10-10T06:13:39Z,Over,-105,48.5,20261010061359476901
NCAAF,americanfootball_ncaaf,3350fb5023fd4b47b86d34fcc5f47c17,2026-10-10T16:00:00Z,Army Black Knights,Tulane Green Wave,betmgm,BetMGM,2026-10-10T06:13:39Z,totals,2026-10-10T06:13:39Z,Under,-115,48.5,20261010061359476901
NCAAF,americanfootball_ncaaf,3350fb5023fd4b47b86d34fcc5f47c17,2026-10-10T16:00:00Z,Army Black Knights,Tulane Green Wave,mybookieag,MyBookie.ag,2026-10-10T06:13:29Z,h2h,2026-10-10T06:13:28Z,Army Black Knights,-185,,20261010061359476901
NCAAF,americanfootball_ncaaf,3350fb5023fd4b47b86d34fcc5f47c17,2026-10-10T16:00:00Z,Army Black Knights,Tulane Green Wave,mybookieag,MyBookie.ag,2026-10-10T06:13:29Z,h2h,2026-10-10T06:13:28Z,Tulane Green Wave,150,,20261010061359476901
NCAAF,americanfootball_ncaaf,3350fb5023fd4b47b86d34fcc5f47c17,2026-10-10T16:00:00Z,Army Black Knights,Tulane Green Wave,mybookieag,MyBookie.ag,2026-10-10T06:13:29Z,spreads,2026-10-10T06:13:28Z,Army Black Knights,-110,-3.5,20261010061359476901
NCAAF,americanfootball_ncaaf,3350fb5023fd4b47b86d34fcc5f47c17,2026-10-10T16:00:00Z,Army Black Knights,Tulane Green Wave,mybookieag,MyBookie.ag,2026-10-10T06:13:29Z,spreads,2026-10-10T06:13:28Z,Tulane Green Wave,-110,3.5,20261010061359476901
NCAAF,americanfootball_ncaaf,3350fb5023fd4b47b86d34fcc5f47c17,2026-10-10T16:00:00Z,Army Black Knights,Tulane Green Wave,mybookieag,MyBookie.ag,2026-10-10T06:13:29Z,totals,2026-10-10T06:13:28Z,Over,-110,48.0,20261010061359476901
NCAAF,americanfootball_ncaaf,3350fb5023fd4b47b86d34fcc5f47c17,2026-10-10T16:00:00Z,Army Black Knights,Tulane Green Wave,mybookieag,MyBookie.ag,2026-10-10T06:13:29Z,totals,2026-10-10T06:13:28Z,Under,-110,48.0,20261010061359476901
NCAAF,americanfootball_ncaaf,3350fb5023fd4b47b86d34fcc5f47c17,2026-10-10T16:00:00Z,Army Black Knights,Tulane Green Wave,bovada,Bovada,2026-10-10T06:12:36Z,h2h,2026-10-10T06:12:35Z,Army Black Knights,-175,,20261010061359476901
NCAAF,americanfootball_ncaaf,3350fb5023fd4b47b86d34fcc5f47c17,2026-10-10T16:00:00Z,Army Black Knights,Tulane Green Wave,bovada,Bovada,2026-10-10T06:12:36Z,h2h,2026-10-10T06:12:35Z,Tulane Green Wave,150,,20261010061359476901
NCAAF,americanfootball_ncaaf,3350fb5023fd4b47b86d34fcc5f47c17,2026-10-10T16:00:00Z,Army Black Knights,Tulane Green Wave,bovada,Bovada,2026-10-10T06:12:36Z,spreads,2026-10-10T06:12:35Z,Army Black Knights,-110,-3.5,20261010061359476901
NCAAF,americanfootball_ncaaf,3350fb5023fd4b47b86d34fcc5f47c17,2026-10-10T16:00:00Z,Army Black Knights,Tulane Green Wave,bovada,Bovada,2026-10-10T06:12:36Z,spreads,2026-10-10T06:12:35Z,Tulane Green Wave,-110,3.5,20261010061359476901
NCAAF,americanfootball_ncaaf,3350fb5023fd4b47b86d34fcc5f47c17,2026-10-10T16:00:00Z,Army Black Knights,Tulane Green Wave,bovada,Bovada,2026-10-10T06:12:36Z,totals,2026-10-10T06:12:35Z,Over,-110,48.0,20261010061359476901
NCAAF,americanfootball_ncaaf,3350fb5023fd4b47b86d34fcc5f47c17,2026-10-10T16:00:00Z,Army Black Knights,Tulane Green Wave,bovada,Bovada,2026-10-10T06:12:36Z,totals,2026-10-10T06:12:35Z,Under,-110,48.0,20261010061359476901
NCAAF,americanfootball_ncaaf,3350fb5023fd4b47b86d34fcc5f47c17,2026-10-10T16:00:00Z,Army Black Knights,Tulane Green Wave,betus,BetUS,2026-10-10T06:13:55Z,h2h,2026-10-10T06:13:54Z,Army Black Knights,-170,,20261010061359476901
NCAAF,americanfootball_ncaaf,3350fb5023fd4b47b86d34fcc5f47c17,2026-10-10T16:00:00Z,Army Black Knights,Tulane Green Wave,betus,BetUS,2026-10-10T06:13:55Z,h2h,2026-10-10T06:13:54Z,Tulane Green Wave,146,,20261010061359476901
NCAAF,americanfootball_ncaaf,3350fb5023fd4b47b86d34fcc5f47c17,2026-10-10T16:00:00Z,Army Black Knights,Tulane Green Wave,betus,BetUS,2026-10-10T06:13:55Z,spreads,2026-10-10T06:13:54Z,Army Black Knights,-105,-3.5,20261010061359476901
NCAAF,americanfootball_ncaaf,3350fb5023fd4b47b86d34fcc5f47c17,2026-10-10T16:00:00Z,Army Black Knights,Tulane Green Wave,betus,BetUS,2026-10-10T06:13:55Z,spreads,2026-10-10T06:13:54Z,Tulane Green Wave,-115,3.5,20261010061359476901
NCAAF,americanfootball_ncaaf,3350fb5023fd4b47b86d34fcc5f47c17,2026-10-10T16:00:00Z,Army Black Knights,Tulane Green Wave,betus,BetUS,2026-10-10T06:13:55Z,totals,2026-10-10T06:13:54Z,Over,-115,48.5,20261010061359476901
NCAAF,americanfootball_ncaaf,3350fb5023fd4b47b86d34fcc5f47c17,2026-10-10T16:00:00Z,Army Black Knights,Tulane Green Wave,betus,BetUS,2026-10-10T06:13:55Z,totals,2026-10-10T06:13:54Z,Under,-105,48.5,20261010061359476901
NCAAF,americanfootball_ncaaf,5a88faaeb5fcbb11e975498eca213c27,2026-10-10T16:00:00Z,Bowling Green Falcons,Sacramento State Hornets,draftkings,DraftKings,2026-10-10T06:13:23Z,h2h,2026-10-10T06:13:22Z,Bowling Green Falcons,-325,,20261010061359476901
NCAAF,americanfootball_ncaaf,5a88faaeb5fcbb11e975498eca213c27,2026-10-10T16:00:00Z,Bowling Green Falcons,Sacramento State Hornets,draftkings,DraftKings,2026-10-10T06:13:23Z,h2h,2026-10-10T06:13:22Z,Sacramento State Hornets,260,,20261010061359476901
NCAAF,americanfootball_ncaaf,5a88faaeb5fcbb11e975498eca213c27,2026-10-10T16:00:00Z,Bowling Green Falcons,Sacramento State Hornets,draftkings,DraftKings,2026-10-10T06:13:23Z,spreads,2026-10-10T06:13:22Z,Bowling Green Falcons,-108,-8.5,20261010061359476901
NCAAF,americanfootball_ncaaf,5a88faaeb5fcbb11e975498eca213c27,2026-10-10T16:00:00Z,Bowling Green Falcons,Sacramento State Hornets,draftkings,DraftKings,2026-10-10T06:13:23Z,spreads,2026-10-10T06:13:22Z,Sacramento State Hornets,-112,8.5,20261010061359476901
NCAAF,americanfootball_ncaaf,5a88faaeb5fcbb11e975498eca213c27,2026-10-10T16:00:00Z,Bowling Green Falcons,Sacramento State Hornets,draftkings,DraftKings,2026-10-10T06:13:23Z,totals,2026-10-10T06:13:22Z,Over,-115,43.5,20261010061359476901
NCAAF,americanfootball_ncaaf,5a88faaeb5fcbb11e975498eca213c27,2026-10-10T16:00:00Z,Bowling Green Falcons,Sacramento State Hornets,draftkings,DraftKings,2026-10-10T06:13:23Z,totals,2026-10-10T06:13:22Z,Under,-105,43.5,20261010061359476901
NCAAF,americanfootball_ncaaf,5a88faaeb5fcbb11e975498eca213c27,2026-10-10T16:00:00Z,Bowling Green Falcons,Sacramento State Hornets,fanduel,FanDuel,2026-10-10T06:13:39Z,h2h,2026-10-10T06:13:39Z,Bowling Green Falcons,-345,,20261010061359476901
NCAAF,americanfootball_ncaaf,5a88faaeb5fcbb11e975498eca213c27,2026-10-10T16:00:00Z,Bowling Green Falcons,Sacramento State Hornets,fanduel,FanDuel,2026-10-10T06:13:39Z,h2h,2026-10-10T06:13:39Z,Sacramento State Hornets,270,,20261010061359476901
NCAAF,americanfootball_ncaaf,5a88faaeb5fcbb11e975498eca213c27,2026-10-10T16:00:00Z,Bowling Green Falcons,Sacramento State Hornets,fanduel,FanDuel,2026-10-10T06:13:39Z,spreads,2026-10-10T06:13:39Z,Bowling Green Falcons,-110,-8.5,20261010061359476901
NCAAF,americanfootball_ncaaf,5a88faaeb5fcbb11e975498eca213c27,2026-10-10T16:00:00Z,Bowling Green Falcons,Sacramento State Hornets,fanduel,FanDuel,2026-10-10T06:13:39Z,spreads,2026-10-10T06:13:39Z,Sacramento State Hornets,-110,8.5,20261010061359476901
NCAAF,americanfootball_ncaaf,5a88faaeb5fcbb11e975498eca213c27,2026-10-10T16:00:00Z,Bowling Green Falcons,Sacramento State Hornets,fanduel,FanDuel,2026-10-10T06:13:39Z,totals,2026-10-10T06:13:39Z,Over,-106,43.5,20261010061359476901
NCAAF,americanfootball_ncaaf,5a88faaeb5fcbb11e975498eca213c27,2026-10-10T16:00:00Z,Bowling Green Falcons,Sacramento State Hornets,fanduel,FanDuel,2026-10-10T06:13:39Z,totals,2026-10-10T06:13:39Z,Under,-114,43.5,20261010061359476901
NCAAF,americanfootball_ncaaf,5a88faaeb5fcbb11e975498eca213c27,2026-10-10T16:00:00Z,Bowling Green Falcons,Sacramento State Hornets,betrivers,BetRivers,2026-10-10T06:13:23Z,h2h,2026-10-10T06:13:23Z,Bowling Green Falcons,-335,,20261010061359476901
NCAAF,americanfootball_ncaaf,5a88faaeb5fcbb11e975498eca213c27,2026-10-10T16:00:00Z,Bowling Green Falcons,Sacramento State Hornets,betrivers,BetRivers,2026-10-10T06:13:23Z,h2h,2026-10-10T06:13:23Z,Sacramento State Hornets,255,,20261010061359476901
NCAAF,americanfootball_ncaaf,5a88faaeb5fcbb11e975498eca213c27,2026-10-10T16:00:00Z,Bowling Green Falcons,Sacramento State Hornets,betrivers,BetRivers,2026-10-10T06:13:23Z,spreads,2026-10-10T06:13:23Z,Bowling Green Falcons,-109,-8.5,20261010061359476901
NCAAF,americanfootball_ncaaf,5a88faaeb5fcbb11e975498eca213c27,2026-10-10T16:00:00Z,Bowling Green Falcons,Sacramento State Hornets,betrivers,BetRivers,2026-10-10T06:13:23Z,spreads,2026-10-10T06:13:23Z,Sacramento State Hornets,-114,8.5,20261010061359476901
NCAAF,americanfootball_ncaaf,5a88faaeb5fcbb11e975498eca213c27,2026-10-10T16:00:00Z,Bowling Green Falcons,Sacramento State Hornets,betrivers,BetRivers,2026-10-10T06:13:23Z,totals,2026-10-10T06:13:23Z,Over,-114,43.5,20261010061359476901
NCAAF,americanfootball_ncaaf,5a88faaeb5fcbb11e975498eca213c27,2026-10-10T16:00:00Z,Bowling Green Falcons,Sacramento State Hornets,betrivers,BetRivers,2026-10-10T06:13:23Z,totals,2026-10-10T06:13:23Z,Under,-109,43.5,20261010061359476901
NCAAF,americanfootball_ncaaf,5a88faaeb5fcbb11e975498eca213c27,2026-10-10T16:00:00Z,Bowling Green Falcons,Sacramento State Hornets,lowvig,LowVig.ag,2026-10-10T06:13:39Z,h2h,2026-10-10T06:13:38Z,Bowling Green Falcons,-320,,20261010061359476901
NCAAF,americanfootball_ncaaf,5a88faaeb5fcbb11e975498eca213c27,2026-10-10T16:00:00Z,Bowling Green Falcons,Sacramento State Hornets,lowvig,LowVig.ag,2026-10-10T06:13:39Z,h2h,2026-10-10T06:13:38Z,Sacramento State Hornets,260,,20261010061359476901
NCAAF,americanfootball_ncaaf,5a88faaeb5fcbb11e975498eca213c27,2026-10-10T16:00:00Z,Bowling Green Falcons,Sacramento State Hornets,lowvig,LowVig.ag,2026-10-10T06:13:39Z,spreads,2026-10-10T06:13:38Z,Bowling Green Falcons,-106,-9.0,20261010061359476901
NCAAF,americanfootball_ncaaf,5a88faaeb5fcbb11e975498eca213c27,2026-10-10T16:00:00Z,Bowling Green Falcons,Sacramento State Hornets,lowvig,LowVig.ag,2026-10-10T06:13:39Z,spreads,2026-10-10T06:13:38Z,Sacramento State Hornets,-106,9.0,20261010061359476901
NCAAF,americanfootball_ncaaf,5a88faaeb5fcbb11e975498eca213c27,2026-10-10T16:00:00Z,Bowling Green Falcons,Sacramento State Hornets,lowvig,LowVig.ag,2026-10-10T06:13:39Z,totals,2026-10-10T06:13:38Z,Over,-103,44.0,20261010061359476901
NCAAF,americanfootball_ncaaf,5a88faaeb5fcbb11e975498eca213c27,2026-10-10T16:00:00Z,Bowling Green Falcons,Sacramento State Hornets,lowvig,LowVig.ag,2026-10-10T06:13:39Z,totals,2026-10-10T06:13:38Z,Under,-114,44.0,20261010061359476901
NCAAF,americanfootball_ncaaf,5a88faaeb5fcbb11e975498eca213c27,2026-10-10T16:00:00Z,Bowling Green Falcons,Sacramento State Hornets,betonlineag,BetOnline.ag,2026-10-10T06:13:21Z,h2h,2026-10-10T06:13:21Z,Bowling Green Falcons,-320,,20261010061359476901
NCAAF,americanfootball_ncaaf,5a88faaeb5fcbb11e975498eca213c27,2026-10-10T16:00:00Z,Bowling Green Falcons,Sacramento State Hornets,betonlineag,BetOnline.ag,2026-10-10T06:13:21Z,h2h,2026-10-10T06:13:21Z,Sacramento State Hornets,260,,20261010061359476901
NCAAF,americanfootball_ncaaf,5a88faaeb5fcbb11e975498eca213c27,2026-10-10T16:00:00Z,Bowling Green Falcons,Sacramento State Hornets,betonlineag,BetOnline.ag,2026-10-10T06:13:21Z,spreads,2026-10-10T06:13:21Z,Bowling Green Falcons,-110,-9.0,20261010061359476901
NCAAF,americanfootball_ncaaf,5a88faaeb5fcbb11e975498eca213c27,2026-10-10T16:00:00Z,Bowling Green Falcons,Sacramento State Hornets,betonlineag,BetOnline.ag,2026-10-10T06:13:21Z,spreads,2026-10-10T06:13:21Z,Sacramento State Hornets,-110,9.0,20261010061359476901
NCAAF,americanfootball_ncaaf,5a88faaeb5fcbb11e975498eca213c27,2026-10-10T16:00:00Z,Bowling Green Falcons,Sacramento State Hornets,betonlineag,BetOnline.ag,2026-10-10T06:13:21Z,totals,2026-10-10T06:13:21Z,Over,-105,44.0,20261010061359476901
NCAAF,americanfootball_ncaaf,5a88faaeb5fcbb11e975498eca213c27,2026-10-10T16:00:00Z,Bowling Green Falcons,Sacramento State Hornets,betonlineag,BetOnline.ag,2026-10-10T06:13:21Z,totals,2026-10-10T06:13:21Z,Under,-115,44.0,20261010061359476901
NCAAF,americanfootball_ncaaf,5a88faaeb5fcbb11e975498eca213c27,2026-10-10T16:00:00Z,Bowling Green Falcons,Sacramento State Hornets,betmgm,BetMGM,2026-10-10T06:13:39Z,h2h,2026-10-10T06:13:39Z,Bowling Green Falcons,-325,,20261010061359476901
NCAAF,americanfootball_ncaaf,5a88faaeb5fcbb11e975498eca213c27,2026-10-10T16:00:00Z,Bowling Green Falcons,Sacramento State Hornets,betmgm,BetMGM,2026-10-10T06:13:39Z,h2h,2026-10-10T06:13:39Z,Sacramento State Hornets,260,,20261010061359476901
NCAAF,americanfootball_ncaaf,5a88faaeb5fcbb11e975498eca213c27,2026-10-10T16:00:00Z,Bowling Green Falcons,Sacramento State Hornets,betmgm,BetMGM,2026-10-10T06:13:39Z,spreads,2026-10-10T06:13:39Z,Bowling Green Falcons,-110,-8.5,20261010061359476901
NCAAF,americanfootball_ncaaf,5a88faaeb5fcbb11e975498eca213c27,2026-10-10T16:00:00Z,Bowling Green Falcons,Sacramento State Hornets,betmgm,BetMGM,2026-10-10T06:13:39Z,spreads,2026-10-10T06:13:39Z,Sacramento State Hornets,-110,8.5,20261010061359476901
NCAAF,americanfootball_ncaaf,5a88faaeb5fcbb11e975498eca213c27,2026-10-10T16:00:00Z,Bowling Green Falcons,Sacramento State Hornets,betmgm,BetMGM,2026-10-10T06:13:39Z,totals,2026-10-10T06:13:39Z,Over,-115,43.5,20261010061359476901
NCAAF,americanfootball_ncaaf,5a88faaeb5fcbb11e975498eca213c27,2026-10-10T16:00:00Z,Bowling Green Falcons,Sacramento State Hornets,betmgm,BetMGM,2026-10-10T06:13:39Z,totals,2026-10-10T06:13:39Z,Under,-105,43.5,20261010061359476901
NCAAF,americanfootball_ncaaf,5a88faaeb5fcbb11e975498eca213c27,2026-10-10T16:00:00Z,Bowling Green Falcons,Sacramento State Hornets,mybookieag,MyBookie.ag,2026-10-10T06:13:29Z,h2h,2026-10-10T06:13:28Z,Bowling Green Falcons,-318,,20261010061359476901
NCAAF,americanfootball_ncaaf,5a88faaeb5fcbb11e975498eca213c27,2026-10-10T16:00:00Z,Bowling Green Falcons,Sacramento State Hornets,mybookieag,MyBookie.ag,2026-10-10T06:13:29Z,h2h,2026-10-10T06:13:28Z,Sacramento State Hornets,244,,20261010061359476901
NCAAF,americanfootball_ncaaf,5a88faaeb5fcbb11e975498eca213c27,2026-10-10T16:00:00Z,Bowling Green Falcons,Sacramento State Hornets,mybookieag,MyBookie.ag,2026-10-10T06:13:29Z,spreads,2026-10-10T06:13:28Z,Bowling Green Falcons,-110,-8.5,20261010061359476901
NCAAF,americanfootball_ncaaf,5a88faaeb5fcbb11e975498eca213c27,2026-10-10T16:00:00Z,Bowling Green Falcons,Sacramento State Hornets,mybookieag,MyBookie.ag,2026-10-10T06:13:29Z,spreads,2026-10-10T06:13:28Z,Sacramento State Hornets,-110,8.5,20261010061359476901
NCAAF,americanfootball_ncaaf,5a88faaeb5fcbb11e975498eca213c27,2026-10-10T16:00:00Z,Bowling Green Falcons,Sacramento State Hornets,mybookieag,MyBookie.ag,2026-10-10T06:13:29Z,totals,2026-10-10T06:13:28Z,Over,-110,44.0,20261010061359476901
NCAAF,americanfootball_ncaaf,5a88faaeb5fcbb11e975498eca213c27,2026-10-10T16:00:00Z,Bowling Green Falcons,Sacramento State Hornets,mybookieag,MyBookie.ag,2026-10-10T06:13:29Z,totals,2026-10-10T06:13:28Z,Under,-110,44.0,20261010061359476901
NCAAF,americanfootball_ncaaf,5a88faaeb5fcbb11e975498eca213c27,2026-10-10T16:00:00Z,Bowling Green Falcons,Sacramento State Hornets,bovada,Bovada,2026-10-10T06:12:36Z,h2h,2026-10-10T06:12:35Z,Bowling Green Falcons,-320,,20261010061359476901
NCAAF,americanfootball_ncaaf,5a88faaeb5fcbb11e975498eca213c27,2026-10-10T16:00:00Z,Bowling Green Falcons,Sacramento State Hornets,bovada,Bovada,2026-10-10T06:12:36Z,h2h,2026-10-10T06:12:35Z,Sacramento State Hornets,260,,20261010061359476901
NCAAF,americanfootball_ncaaf,5a88faaeb5fcbb11e975498eca213c27,2026-10-10T16:00:00Z,Bowling Green Falcons,Sacramento State Hornets,bovada,Bovada,2026-10-10T06:12:36Z,spreads,2026-10-10T06:12:35Z,Bowling Green Falcons,-110,-9.0,20261010061359476901
NCAAF,americanfootball_ncaaf,5a88faaeb5fcbb11e975498eca213c27,2026-10-10T16:00:00Z,Bowling Green Falcons,Sacramento State Hornets,bovada,Bovada,2026-10-10T06:12:36Z,spreads,2026-10-10T06:12:35Z,Sacramento State Hornets,-110,9.0,20261010061359476901
NCAAF,americanfootball_ncaaf,5a88faaeb5fcbb11e975498eca213c27,2026-10-10T16:00:00Z,Bowling Green Falcons,Sacramento State Hornets,bovada,Bovada,2026-10-10T06:12:36Z,totals,2026-10-10T06:12:35Z,Over,-115,43.5,20261010061359476901
NCAAF,americanfootball_ncaaf,5a88faaeb5fcbb11e975498eca213c27,2026-10-10T16:00:00Z,Bowling Green Falcons,Sacramento State Hornets,bovada,Bovada,2026-10-10T06:12:36Z,totals,2026-10-10T06:12:35Z,Under,-105,43.5,20261010061359476901
NCAAF,americanfootball_ncaaf,5a88faaeb5fcbb11e975498eca213c27,2026-10-10T16:00:00Z,Bowling Green Falcons,Sacramento State Hornets,betus,BetUS,2026-10-10T06:13:55Z,h2h,2026-10-10T06:13:54Z,Bowling Green Falcons,-300,,20261010061359476901
NCAAF,americanfootball_ncaaf,5a88faaeb5fcbb11e975498eca213c27,2026-10-10T16:00:00Z,Bowling Green Falcons,Sacramento State Hornets,betus,BetUS,2026-10-10T06:13:55Z,h2h,2026-10-10T06:13:54Z,Sacramento State Hornets,250,,20261010061359476901
NCAAF,americanfootball_ncaaf,5a88faaeb5fcbb11e975498eca213c27,2026-10-10T16:00:00Z,Bowling Green Falcons,Sacramento State Hornets,betus,BetUS,2026-10-10T06:13:55Z,spreads,2026-10-10T06:13:54Z,Bowling Green Falcons,-110,-8.5,20261010061359476901
NCAAF,americanfootball_ncaaf,5a88faaeb5fcbb11e975498eca213c27,2026-10-10T16:00:00Z,Bowling Green Falcons,Sacramento State Hornets,betus,BetUS,2026-10-10T06:13:55Z,spreads,2026-10-10T06:13:54Z,Sacramento State Hornets,-110,8.5,20261010061359476901
NCAAF,americanfootball_ncaaf,5a88faaeb5fcbb11e975498eca213c27,2026-10-10T16:00:00Z,Bowling Green Falcons,Sacramento State Hornets,betus,BetUS,2026-10-10T06:13:55Z,totals,2026-10-10T06:13:54Z,Over,-110,43.5,20261010061359476901
NCAAF,americanfootball_ncaaf,5a88faaeb5fcbb11e975498eca213c27,2026-10-10T16:00:00Z,Bowling Green Falcons,Sacramento State Hornets,betus,BetUS,2026-10-10T06:13:55Z,totals,2026-10-10T06:13:54Z,Under,-110,43.5,20261010061359476901
NCAAF,americanfootball_ncaaf,3e691b53c660a64495a44816768176e8,2026-10-10T16:00:00Z,Nebraska Cornhuskers,Indiana Hoosiers,fanduel,FanDuel,2026-10-10T06:13:39Z,h2h,2026-10-10T06:13:39Z,Indiana Hoosiers,-310,,20261010061359476901
NCAAF,americanfootball_ncaaf,3e691b53c660a64495a44816768176e8,2026-10-10T16:00:00Z,Nebraska Cornhuskers,Indiana Hoosiers,fanduel,FanDuel,2026-10-10T06:13:39Z,h2h,2026-10-10T06:13:39Z,Nebraska Cornhuskers,245,,20261010061359476901
NCAAF,americanfootball_ncaaf,3e691b53c660a64495a44816768176e8,2026-10-10T16:00:00Z,Nebraska Cornhuskers,Indiana Hoosiers,fanduel,FanDuel,2026-10-10T06:13:39Z,spreads,2026-10-10T06:13:39Z,Indiana Hoosiers,-110,-7.5,20261010061359476901
NCAAF,americanfootball_ncaaf,3e691b53c660a64495a44816768176e8,2026-10-10T16:00:00Z,Nebraska Cornhuskers,Indiana Hoosiers,fanduel,FanDuel,2026-10-10T06:13:39Z,spreads,2026-10-10T06:13:39Z,Nebraska Cornhuskers,-110,7.5,20261010061359476901
NCAAF,americanfootball_ncaaf,3e691b53c660a64495a44816768176e8,2026-10-10T16:00:00Z,Nebraska Cornhuskers,Indiana Hoosiers,fanduel,FanDuel,2026-10-10T06:13:39Z,totals,2026-10-10T06:13:39Z,Over,-105,48.5,20261010061359476901
NCAAF,americanfootball_ncaaf,3e691b53c660a64495a44816768176e8,2026-10-10T16:00:00Z,Nebraska Cornhuskers,Indiana Hoosiers,fanduel,FanDuel,2026-10-10T06:13:39Z,totals,2026-10-10T06:13:39Z,Under,-115,48.5,20261010061359476901
NCAAF,americanfootball_ncaaf,3e691b53c660a64495a44816768176e8,2026-10-10T16:00:00Z,Nebraska Cornhuskers,Indiana Hoosiers,draftkings,DraftKings,2026-10-10T06:13:23Z,h2h,2026-10-10T06:13:22Z,Indiana Hoosiers,-325,,20261010061359476901
NCAAF,americanfootball_ncaaf,3e691b53c660a64495a44816768176e8,2026-10-10T16:00:00Z,Nebraska Cornhuskers,Indiana Hoosiers,draftkings,DraftKings,2026-10-10T06:13:23Z,h2h,2026-10-10T06:13:22Z,Nebraska Cornhuskers,260,,20261010061359476901
NCAAF,americanfootball_ncaaf,3e691b53c660a64495a44816768176e8,2026-10-10T16:00:00Z,Nebraska Cornhuskers,Indiana Hoosiers,draftkings,DraftKings,2026-10-10T06:13:23Z,spreads,2026-10-10T06:13:22Z,Indiana Hoosiers,-115,-7.5,20261010061359476901
NCAAF,americanfootball_ncaaf,3e691b53c660a64495a44816768176e8,2026-10-10T16:00:00Z,Nebraska Cornhuskers,Indiana Hoosiers,draftkings,DraftKings,2026-10-10T06:13:23Z,spreads,2026-10-10T06:13:22Z,Nebraska Cornhuskers,-105,7.5,20261010061359476901
NCAAF,americanfootball_ncaaf,3e691b53c660a64495a44816768176e8,2026-10-10T16:00:00Z,Nebraska Cornhuskers,Indiana Hoosiers,draftkings,DraftKings,2026-10-10T06:13:23Z,totals,2026-10-10T06:13:22Z,Over,-105,48.5,20261010061359476901
NCAAF,americanfootball_ncaaf,3e691b53c660a64495a44816768176e8,2026-10-10T16:00:00Z,Nebraska Cornhuskers,Indiana Hoosiers,draftkings,DraftKings,2026-10-10T06:13:23Z,totals,2026-10-10T06:13:22Z,Under,-115,48.5,20261010061359476901
NCAAF,americanfootball_ncaaf,3e691b53c660a64495a44816768176e8,2026-10-10T16:00:00Z,Nebraska Cornhuskers,Indiana Hoosiers,betrivers,BetRivers,2026-10-10T06:13:23Z,h2h,2026-10-10T06:13:23Z,Indiana Hoosiers,-305,,20261010061359476901
NCAAF,americanfootball_ncaaf,3e691b53c660a64495a44816768176e8,2026-10-10T16:00:00Z,Nebraska Cornhuskers,Indiana Hoosiers,betrivers,BetRivers,2026-10-10T06:13:23Z,h2h,2026-10-10T06:13:23Z,Nebraska Cornhuskers,230,,20261010061359476901
NCAAF,americanfootball_ncaaf,3e691b53c660a64495a44816768176e8,2026-10-10T16:00:00Z,Nebraska Cornhuskers,Indiana Hoosiers,betrivers,BetRivers,2026-10-10T06:13:23Z,spreads,2026-10-10T06:13:23Z,Indiana Hoosiers,-108,-7.5,20261010061359476901
NCAAF,americanfootball_ncaaf,3e691b53c660a64495a44816768176e8,2026-10-10T16:00:00Z,Nebraska Cornhuskers,Indiana Hoosiers,betrivers,BetRivers,2026-10-10T06:13:23Z,spreads,2026-10-10T06:13:23Z,Nebraska Cornhuskers,-115,7.5,20261010061359476901
NCAAF,americanfootball_ncaaf,3e691b53c660a64495a44816768176e8,2026-10-10T16:00:00Z,Nebraska Cornhuskers,Indiana Hoosiers,betrivers,BetRivers,2026-10-10T06:13:23Z,totals,2026-10-10T06:13:23Z,Over,-110,48.0,20261010061359476901
NCAAF,americanfootball_ncaaf,3e691b53c660a64495a44816768176e8,2026-10-10T16:00:00Z,Nebraska Cornhuskers,Indiana Hoosiers,betrivers,BetRivers,2026-10-10T06:13:23Z,totals,2026-10-10T06:13:23Z,Under,-113,48.0,20261010061359476901
NCAAF,americanfootball_ncaaf,3e691b53c660a64495a44816768176e8,2026-10-10T16:00:00Z,Nebraska Cornhuskers,Indiana Hoosiers,mybookieag,MyBookie.ag,2026-10-10T06:13:29Z,h2h,2026-10-10T06:13:28Z,Indiana Hoosiers,-340,,20261010061359476901
NCAAF,americanfootball_ncaaf,3e691b53c660a64495a44816768176e8,2026-10-10T16:00:00Z,Nebraska Cornhuskers,Indiana Hoosiers,mybookieag,MyBookie.ag,2026-10-10T06:13:29Z,h2h,2026-10-10T06:13:28Z,Nebraska Cornhuskers,260,,20261010061359476901
NCAAF,americanfootball_ncaaf,3e691b53c660a64495a44816768176e8,2026-10-10T16:00:00Z,Nebraska Cornhuskers,Indiana Hoosiers,mybookieag,MyBookie.ag,2026-10-10T06:13:29Z,spreads,2026-10-10T06:13:28Z,Indiana Hoosiers,-110,-8.0,20261010061359476901
NCAAF,americanfootball_ncaaf,3e691b53c660a64495a44816768176e8,2026-10-10T16:00:00Z,Nebraska Cornhuskers,Indiana Hoosiers,mybookieag,MyBookie.ag,2026-10-10T06:13:29Z,spreads,2026-10-10T06:13:28Z,Nebraska Cornhuskers,-110,8.0,20261010061359476901
NCAAF,americanfootball_ncaaf,3e691b53c660a64495a44816768176e8,2026-10-10T16:00:00Z,Nebraska Cornhuskers,Indiana Hoosiers,mybookieag,MyBookie.ag,2026-10-10T06:13:29Z,totals,2026-10-10T06:13:28Z,Over,-110,48.5,20261010061359476901
NCAAF,americanfootball_ncaaf,3e691b53c660a64495a44816768176e8,2026-10-10T16:00:00Z,Nebraska Cornhuskers,Indiana Hoosiers,mybookieag,MyBookie.ag,2026-10-10T06:13:29Z,totals,2026-10-10T06:13:28Z,Under,-110,48.5,20261010061359476901
NCAAF,americanfootball_ncaaf,3e691b53c660a64495a44816768176e8,2026-10-10T16:00:00Z,Nebraska Cornhuskers,Indiana Hoosiers,betmgm,BetMGM,2026-10-10T06:13:39Z,h2h,2026-10-10T06:13:39Z,Indiana Hoosiers,-300,,20261010061359476901
NCAAF,americanfootball_ncaaf,3e691b53c660a64495a44816768176e8,2026-10-10T16:00:00Z,Nebraska Cornhuskers,Indiana Hoosiers,betmgm,BetMGM,2026-10-10T06:13:39Z,h2h,2026-10-10T06:13:39Z,Nebraska Cornhuskers,250,,20261010061359476901
NCAAF,americanfootball_ncaaf,3e691b53c660a64495a44816768176e8,2026-10-10T16:00:00Z,Nebraska Cornhuskers,Indiana Hoosiers,betmgm,BetMGM,2026-10-10T06:13:39Z,spreads,2026-10-10T06:13:39Z,Indiana Hoosiers,-115,-7.5,20261010061359476901
NCAAF,americanfootball_ncaaf,3e691b53c660a64495a44816768176e8,2026-10-10T16:00:00Z,Nebraska Cornhuskers,Indiana Hoosiers,betmgm,BetMGM,2026-10-10T06:13:39Z,spreads,2026-10-10T06:13:39Z,Nebraska Cornhuskers,-105,7.5,20261010061359476901
NCAAF,americanfootball_ncaaf,3e691b53c660a64495a44816768176e8,2026-10-10T16:00:00Z,Nebraska Cornhuskers,Indiana Hoosiers,betmgm,BetMGM,2026-10-10T06:13:39Z,totals,2026-10-10T06:13:39Z,Over,-115,47.5,20261010061359476901
NCAAF,americanfootball_ncaaf,3e691b53c660a64495a44816768176e8,2026-10-10T16:00:00Z,Nebraska Cornhuskers,Indiana Hoosiers,betmgm,BetMGM,2026-10-10T06:13:39Z,totals,2026-10-10T06:13:39Z,Under,-105,47.5,20261010061359476901
NCAAF,americanfootball_ncaaf,3e691b53c660a64495a44816768176e8,2026-10-10T16:00:00Z,Nebraska Cornhuskers,Indiana Hoosiers,lowvig,LowVig.ag,2026-10-10T06:13:39Z,h2h,2026-10-10T06:13:38Z,Indiana Hoosiers,-320,,20261010061359476901
NCAAF,americanfootball_ncaaf,3e691b53c660a64495a44816768176e8,2026-10-10T16:00:00Z,Nebraska Cornhuskers,Indiana Hoosiers,lowvig,LowVig.ag,2026-10-10T06:13:39Z,h2h,2026-10-10T06:13:38Z,Nebraska Cornhuskers,260,,20261010061359476901
NCAAF,americanfootball_ncaaf,3e691b53c660a64495a44816768176e8,2026-10-10T16:00:00Z,Nebraska Cornhuskers,Indiana Hoosiers,lowvig,LowVig.ag,2026-10-10T06:13:39Z,spreads,2026-10-10T06:13:38Z,Indiana Hoosiers,-111,-7.5,20261010061359476901
NCAAF,americanfootball_ncaaf,3e691b53c660a64495a44816768176e8,2026-10-10T16:00:00Z,Nebraska Cornhuskers,Indiana Hoosiers,lowvig,LowVig.ag,2026-10-10T06:13:39Z,spreads,2026-10-10T06:13:38Z,Nebraska Cornhuskers,-101,7.5,20261010061359476901
NCAAF,americanfootball_ncaaf,3e691b53c660a64495a44816768176e8,2026-10-10T16:00:00Z,Nebraska Cornhuskers,Indiana Hoosiers,lowvig,LowVig.ag,2026-10-10T06:13:39Z,totals,2026-10-10T06:13:38Z,Over,-108,48.0,20261010061359476901
NCAAF,americanfootball_ncaaf,3e691b53c660a64495a44816768176e8,2026-10-10T16:00:00Z,Nebraska Cornhuskers,Indiana Hoosiers,lowvig,LowVig.ag,2026-10-10T06:13:39Z,totals,2026-10-10T06:13:38Z,Under,-108,48.0,20261010061359476901
NCAAF,americanfootball_ncaaf,3e691b53c660a64495a44816768176e8,2026-10-10T16:00:00Z,Nebraska Cornhuskers,Indiana Hoosiers,betonlineag,BetOnline.ag,2026-10-10T06:13:21Z,h2h,2026-10-10T06:13:21Z,Indiana Hoosiers,-320,,20261010061359476901
NCAAF,americanfootball_ncaaf,3e691b53c660a64495a44816768176e8,2026-10-10T16:00:00Z,Nebraska Cornhuskers,Indiana Hoosiers,betonlineag,BetOnline.ag,2026-10-10T06:13:21Z,h2h,2026-10-10T06:13:21Z,Nebraska Cornhuskers,260,,20261010061359476901
NCAAF,americanfootball_ncaaf,3e691b53c660a64495a44816768176e8,2026-10-10T16:00:00Z,Nebraska Cornhuskers,Indiana Hoosiers,betonlineag,BetOnline.ag,2026-10-10T06:13:21Z,spreads,2026-10-10T06:13:21Z,Indiana Hoosiers,-115,-7.5,20261010061359476901
NCAAF,americanfootball_ncaaf,3e691b53c660a64495a44816768176e8,2026-10-10T16:00:00Z,Nebraska Cornhuskers,Indiana Hoosiers,betonlineag,BetOnline.ag,2026-10-10T06:13:21Z,spreads,2026-10-10T06:13:21Z,Nebraska Cornhuskers,-105,7.5,20261010061359476901
NCAAF,americanfootball_ncaaf,3e691b53c660a64495a44816768176e8,2026-10-10T16:00:00Z,Nebraska Cornhuskers,Indiana Hoosiers,betonlineag,BetOnline.ag,2026-10-10T06:13:21Z,totals,2026-10-10T06:13:21Z,Over,-110,48.0,20261010061359476901
NCAAF,americanfootball_ncaaf,3e691b53c660a64495a44816768176e8,2026-10-10T16:00:00Z,Nebraska Cornhuskers,Indiana Hoosiers,betonlineag,BetOnline.ag,2026-10-10T06:13:21Z,totals,2026-10-10T06:13:21Z,Under,-110,48.0,20261010061359476901
NCAAF,americanfootball_ncaaf,3e691b53c660a64495a44816768176e8,2026-10-10T16:00:00Z,Nebraska Cornhuskers,Indiana Hoosiers,bovada,Bovada,2026-10-10T06:12:36Z,h2h,2026-10-10T06:12:35Z,Indiana Hoosiers,-340,,20261010061359476901
NCAAF,americanfootball_ncaaf,3e691b53c660a64495a44816768176e8,2026-10-10T16:00:00Z,Nebraska Cornhuskers,Indiana Hoosiers,bovada,Bovada,2026-10-10T06:12:36Z,h2h,2026-10-10T06:12:35Z,Nebraska Cornhuskers,270,,20261010061359476901
NCAAF,americanfootball_ncaaf,3e691b53c660a64495a44816768176e8,2026-10-10T16:00:00Z,Nebraska Cornhuskers,Indiana Hoosiers,bovada,Bovada,2026-10-10T06:12:36Z,spreads,2026-10-10T06:12:35Z,Indiana Hoosiers,-110,-8.0,20261010061359476901
NCAAF,americanfootball_ncaaf,3e691b53c660a64495a44816768176e8,2026-10-10T16:00:00Z,Nebraska Cornhuskers,Indiana Hoosiers,bovada,Bovada,2026-10-10T06:12:36Z,spreads,2026-10-10T06:12:35Z,Nebraska Cornhuskers,-110,8.0,20261010061359476901
NCAAF,americanfootball_ncaaf,3e691b53c660a64495a44816768176e8,2026-10-10T16:00:00Z,Nebraska Cornhuskers,Indiana Hoosiers,bovada,Bovada,2026-10-10T06:12:36Z,totals,2026-10-10T06:12:35Z,Over,-110,48.0,20261010061359476901
NCAAF,americanfootball_ncaaf,3e691b53c660a64495a44816768176e8,2026-10-10T16:00:00Z,Nebraska Cornhuskers,Indiana Hoosiers,bovada,Bovada,2026-10-10T06:12:36Z,totals,2026-10-10T06:12:35Z,Under,-110,48.0,20261010061359476901
NCAAF,americanfootball_ncaaf,3e691b53c660a64495a44816768176e8,2026-10-10T16:00:00Z,Nebraska Cornhuskers,Indiana Hoosiers,betus,BetUS,2026-10-10T06:13:55Z,h2h,2026-10-10T06:13:54Z,Indiana Hoosiers,-300,,20261010061359476901
NCAAF,americanfootball_ncaaf,3e691b53c660a64495a44816768176e8,2026-10-10T16:00:00Z,Nebraska Cornhuskers,Indiana Hoosiers,betus,BetUS,2026-10-10T06:13:55Z,h2h,2026-10-10T06:13:54Z,Nebraska Cornhuskers,250,,20261010061359476901
NCAAF,americanfootball_ncaaf,3e691b53c660a64495a44816768176e8,2026-10-10T16:00:00Z,Nebraska Cornhuskers,Indiana Hoosiers,betus,BetUS,2026-10-10T06:13:55Z,spreads,2026-10-10T06:13:54Z,Indiana Hoosiers,-110,-7.5,20261010061359476901
NCAAF,americanfootball_ncaaf,3e691b53c660a64495a44816768176e8,2026-10-10T16:00:00Z,Nebraska Cornhuskers,Indiana Hoosiers,betus,BetUS,2026-10-10T06:13:55Z,spreads,2026-10-10T06:13:54Z,Nebraska Cornhuskers,-110,7.5,20261010061359476901
NCAAF,americanfootball_ncaaf,3e691b53c660a64495a44816768176e8,2026-10-10T16:00:00Z,Nebraska Cornhuskers,Indiana Hoosiers,betus,BetUS,2026-10-10T06:13:55Z,totals,2026-10-10T06:13:54Z,Over,-110,48.0,20261010061359476901
NCAAF,americanfootball_ncaaf,3e691b53c660a64495a44816768176e8,2026-10-10T16:00:00Z,Nebraska Cornhuskers,Indiana Hoosiers,betus,BetUS,2026-10-10T06:13:55Z,totals,2026-10-10T06:13:54Z,Under,-110,48.0,20261010061359476901
NCAAF,americanfootball_ncaaf,9e243e91f8f94e6431da5cc5c3cc8fda,2026-10-10T16:00:00Z,Missouri Tigers,Texas A&M Aggies,draftkings,DraftKings,2026-10-10T06:13:23Z,h2h,2026-10-10T06:13:22Z,Missouri Tigers,-180,,20261010061359476901
NCAAF,americanfootball_ncaaf,9e243e91f8f94e6431da5cc5c3cc8fda,2026-10-10T16:00:00Z,Missouri Tigers,Texas A&M Aggies,draftkings,DraftKings,2026-10-10T06:13:23Z,h2h,2026-10-10T06:13:22Z,Texas A&M Aggies,150,,20261010061359476901
NCAAF,americanfootball_ncaaf,9e243e91f8f94e6431da5cc5c3cc8fda,2026-10-10T16:00:00Z,Missouri Tigers,Texas A&M Aggies,draftkings,DraftKings,2026-10-10T06:13:23Z,spreads,2026-10-10T06:13:22Z,Missouri Tigers,-110,-3.5,20261010061359476901
NCAAF,americanfootball_ncaaf,9e243e91f8f94e6431da5cc5c3cc8fda,2026-10-10T16:00:00Z,Missouri Tigers,Texas A&M Aggies,draftkings,DraftKings,2026-10-10T06:13:23Z,spreads,2026-10-10T06:13:22Z,Texas A&M Aggies,-110,3.5,20261010061359476901
NCAAF,americanfootball_ncaaf,9e243e91f8f94e6431da5cc5c3cc8fda,2026-10-10T16:00:00Z,Missouri Tigers,Texas A&M Aggies,draftkings,DraftKings,2026-10-10T06:13:23Z,totals,2026-10-10T06:13:22Z,Over,-110,49.5,20261010061359476901
NCAAF,americanfootball_ncaaf,9e243e91f8f94e6431da5cc5c3cc8fda,2026-10-10T16:00:00Z,Missouri Tigers,Texas A&M Aggies,draftkings,DraftKings,2026-10-10T06:13:23Z,totals,2026-10-10T06:13:22Z,Under,-110,49.5,20261010061359476901
NCAAF,americanfootball_ncaaf,9e243e91f8f94e6431da5cc5c3cc8fda,2026-10-10T16:00:00Z,Missouri Tigers,Texas A&M Aggies,betrivers,BetRivers,2026-10-10T06:13:23Z,h2h,2026-10-10T06:13:23Z,Missouri Tigers,-182,,20261010061359476901
NCAAF,americanfootball_ncaaf,9e243e91f8f94e6431da5cc5c3cc8fda,2026-10-10T16:00:00Z,Missouri Tigers,Texas A&M Aggies,betrivers,BetRivers,2026-10-10T06:13:23Z,h2h,2026-10-10T06:13:23Z,Texas A&M Aggies,143,,20261010061359476901
NCAAF,americanfootball_ncaaf,9e243e91f8f94e6431da5cc5c3cc8fda,2026-10-10T16:00:00Z,Missouri Tigers,Texas A&M Aggies,betrivers,BetRivers,2026-10-10T06:13:23Z,spreads,2026-10-10T06:13:23Z,Missouri Tigers,-110,-3.5,20261010061359476901
NCAAF,americanfootball_ncaaf,9e243e91f8f94e6431da5cc5c3cc8fda,2026-10-10T16:00:00Z,Missouri Tigers,Texas A&M Aggies,betrivers,BetRivers,2026-10-10T06:13:23Z,spreads,2026-10-10T06:13:23Z,Texas A&M Aggies,-113,3.5,20261010061359476901
NCAAF,americanfootball_ncaaf,9e243e91f8f94e6431da5cc5c3cc8fda,2026-10-10T16:00:00Z,Missouri Tigers,Texas A&M Aggies,betrivers,BetRivers,2026-10-10T06:13:23Z,totals,2026-10-10T06:13:23Z,Over,-110,49.0,20261010061359476901
NCAAF,americanfootball_ncaaf,9e243e91f8f94e6431da5cc5c3cc8fda,2026-10-10T16:00:00Z,Missouri Tigers,Texas A&M Aggies,betrivers,BetRivers,2026-10-10T06:13:23Z,totals,2026-10-10T06:13:23Z,Under,-112,49.0,20261010061359476901
NCAAF,americanfootball_ncaaf,9e243e91f8f94e6431da5cc5c3cc8fda,2026-10-10T16:00:00Z,Missouri Tigers,Texas A&M Aggies,mybookieag,MyBookie.ag,2026-10-10T06:13:29Z,h2h,2026-10-10T06:13:28Z,Missouri Tigers,-187,,20261010061359476901
NCAAF,americanfootball_ncaaf,9e243e91f8f94e6431da5cc5c3cc8fda,2026-10-10T16:00:00Z,Missouri Tigers,Texas A&M Aggies,mybookieag,MyBookie.ag,2026-10-10T06:13:29Z,h2h,2026-10-10T06:13:28Z,Texas A&M Aggies,151,,20261010061359476901
NCAAF,americanfootball_ncaaf,9e243e91f8f94e6431da5cc5c3cc8fda,2026-10-10T16:00:00Z,Missouri Tigers,Texas A&M Aggies,mybookieag,MyBookie.ag,2026-10-10T06:13:29Z,spreads,2026-10-10T06:13:28Z,Missouri Tigers,-110,-3.5,20261010061359476901
NCAAF,americanfootball_ncaaf,9e243e91f8f94e6431da5cc5c3cc8fda,2026-10-10T16:00:00Z,Missouri Tigers,Texas A&M Aggies,mybookieag,MyBookie.ag,2026-10-10T06:13:29Z,spreads,2026-10-10T06:13:28Z,Texas A&M Aggies,-110,3.5,20261010061359476901
NCAAF,americanfootball_ncaaf,9e243e91f8f94e6431da5cc5c3cc8fda,2026-10-10T16:00:00Z,Missouri Tigers,Texas A&M Aggies,mybookieag,MyBookie.ag,2026-10-10T06:13:29Z,totals,2026-10-10T06:13:28Z,Over,-110,49.5,20261010061359476901
NCAAF,americanfootball_ncaaf,9e243e91f8f94e6431da5cc5c3cc8fda,2026-10-10T16:00:00Z,Missouri Tigers,Texas A&M Aggies,mybookieag,MyBookie.ag,2026-10-10T06:13:29Z,totals,2026-10-10T06:13:28Z,Under,-110,49.5,20261010061359476901
NCAAF,americanfootball_ncaaf,9e243e91f8f94e6431da5cc5c3cc8fda,2026-10-10T16:00:00Z,Missouri Tigers,Texas A&M Aggies,fanduel,FanDuel,2026-10-10T06:13:39Z,h2h,2026-10-10T06:13:39Z,Missouri Tigers,-170,,20261010061359476901
NCAAF,americanfootball_ncaaf,9e243e91f8f94e6431da5cc5c3cc8fda,2026-10-10T16:00:00Z,Missouri Tigers,Texas A&M Aggies,fanduel,FanDuel,2026-10-10T06:13:39Z,h2h,2026-10-10T06:13:39Z,Texas A&M Aggies,140,,20261010061359476901
NCAAF,americanfootball_ncaaf,9e243e91f8f94e6431da5cc5c3cc8fda,2026-10-10T16:00:00Z,Missouri Tigers,Texas A&M Aggies,fanduel,FanDuel,2026-10-10T06:13:39Z,spreads,2026-10-10T06:13:39Z,Missouri Tigers,-106,-3.5,20261010061359476901
NCAAF,americanfootball_ncaaf,9e243e91f8f94e6431da5cc5c3cc8fda,2026-10-10T16:00:00Z,Missouri Tigers,Texas A&M Aggies,fanduel,FanDuel,2026-10-10T06:13:39Z,spreads,2026-10-10T06:13:39Z,Texas A&M Aggies,-114,3.5,20261010061359476901
NCAAF,americanfootball_ncaaf,9e243e91f8f94e6431da5cc5c3cc8fda,2026-10-10T16:00:00Z,Missouri Tigers,Texas A&M Aggies,fanduel,FanDuel,2026-10-10T06:13:39Z,totals,2026-10-10T06:13:39Z,Over,-114,49.5,20261010061359476901
NCAAF,americanfootball_ncaaf,9e243e91f8f94e6431da5cc5c3cc8fda,2026-10-10T16:00:00Z,Missouri Tigers,Texas A&M Aggies,fanduel,FanDuel,2026-10-10T06:13:39Z,totals,2026-10-10T06:13:39Z,Under,-106,49.5,20261010061359476901
NCAAF,americanfootball_ncaaf,9e243e91f8f94e6431da5cc5c3cc8fda,2026-10-10T16:00:00Z,Missouri Tigers,Texas A&M Aggies,betmgm,BetMGM,2026-10-10T06:13:39Z,h2h,2026-10-10T06:13:39Z,Missouri Tigers,-165,,20261010061359476901
NCAAF,americanfootball_ncaaf,9e243e91f8f94e6431da5cc5c3cc8fda,2026-10-10T16:00:00Z,Missouri Tigers,Texas A&M Aggies,betmgm,BetMGM,2026-10-10T06:13:39Z,h2h,2026-10-10T06:13:39Z,Texas A&M Aggies,140,,20261010061359476901
NCAAF,americanfootball_ncaaf,9e243e91f8f94e6431da5cc5c3cc8fda,2026-10-10T16:00:00Z,Missouri Tigers,Texas A&M Aggies,betmgm,BetMGM,2026-10-10T06:13:39Z,spreads,2026-10-10T06:13:39Z,Missouri Tigers,-110,-3.5,20261010061359476901
NCAAF,americanfootball_ncaaf,9e243e91f8f94e6431da5cc5c3cc8fda,2026-10-10T16:00:00Z,Missouri Tigers,Texas A&M Aggies,betmgm,BetMGM,2026-10-10T06:13:39Z,spreads,2026-10-10T06:13:39Z,Texas A&M Aggies,-110,3.5,20261010061359476901
NCAAF,americanfootball_ncaaf,9e243e91f8f94e6431da5cc5c3cc8fda,2026-10-10T16:00:00Z,Missouri Tigers,Texas A&M Aggies,betmgm,BetMGM,2026-10-10T06:13:39Z,totals,2026-10-10T06:13:39Z,Over,-110,49.5,20261010061359476901
NCAAF,americanfootball_ncaaf,9e243e91f8f94e6431da5cc5c3cc8fda,2026-10-10T16:00:00Z,Missouri Tigers,Texas A&M Aggies,betmgm,BetMGM,2026-10-10T06:13:39Z,totals,2026-10-10T06:13:39Z,Under,-110,49.5,20261010061359476901
NCAAF,americanfootball_ncaaf,9e243e91f8f94e6431da5cc5c3cc8fda,2026-10-10T16:00:00Z,Missouri Tigers,Texas A&M Aggies,betonlineag,BetOnline.ag,2026-10-10T06:13:21Z,h2h,2026-10-10T06:13:21Z,Missouri Tigers,-175,,20261010061359476901
NCAAF,americanfootball_ncaaf,9e243e91f8f94e6431da5cc5c3cc8fda,2026-10-10T16:00:00Z,Missouri Tigers,Texas A&M Aggies,betonlineag,BetOnline.ag,2026-10-10T06:13:21Z,h2h,2026-10-10T06:13:21Z,Texas A&M Aggies,153,,20261010061359476901
NCAAF,americanfootball_ncaaf,9e243e91f8f94e6431da5cc5c3cc8fda,2026-10-10T16:00:00Z,Missouri Tigers,Texas A&M Aggies,betonlineag,BetOnline.ag,2026-10-10T06:13:21Z,spreads,2026-10-10T06:13:21Z,Missouri Tigers,-110,-3.5,20261010061359476901
NCAAF,americanfootball_ncaaf,9e243e91f8f94e6431da5cc5c3cc8fda,2026-10-10T16:00:00Z,Missouri Tigers,Texas A&M Aggies,betonlineag,BetOnline.ag,2026-10-10T06:13:21Z,spreads,2026-10-10T06:13:21Z,Texas A&M Aggies,-110,3.5,20261010061359476901
NCAAF,americanfootball_ncaaf,9e243e91f8f94e6431da5cc5c3cc8fda,2026-10-10T16:00:00Z,Missouri Tigers,Texas A&M Aggies,betonlineag,BetOnline.ag,2026-10-10T06:13:21Z,totals,2026-10-10T06:13:21Z,Over,-115,49.5,20261010061359476901
NCAAF,americanfootball_ncaaf,9e243e91f8f94e6431da5cc5c3cc8fda,2026-10-10T16:00:00Z,Missouri Tigers,Texas A&M Aggies,betonlineag,BetOnline.ag,2026-10-10T06:13:21Z,totals,2026-10-10T06:13:21Z,Under,-105,49.5,20261010061359476901
NCAAF,americanfootball_ncaaf,9e243e91f8f94e6431da5cc5c3cc8fda,2026-10-10T16:00:00Z,Missouri Tigers,Texas A&M Aggies,lowvig,LowVig.ag,2026-10-10T06:13:39Z,h2h,2026-10-10T06:13:38Z,Missouri Tigers,-175,,20261010061359476901
NCAAF,americanfootball_ncaaf,9e243e91f8f94e6431da5cc5c3cc8fda,2026-10-10T16:00:00Z,Missouri Tigers,Texas A&M Aggies,lowvig,LowVig.ag,2026-10-10T06:13:39Z,h2h,2026-10-10T06:13:38Z,Texas A&M Aggies,153,,20261010061359476901
NCAAF,americanfootball_ncaaf,9e243e91f8f94e6431da5cc5c3cc8fda,2026-10-10T16:00:00Z,Missouri Tigers,Texas A&M Aggies,lowvig,LowVig.ag,2026-10-10T06:13:39Z,spreads,2026-10-10T06:13:38Z,Missouri Tigers,-106,-3.5,20261010061359476901
NCAAF,americanfootball_ncaaf,9e243e91f8f94e6431da5cc5c3cc8fda,2026-10-10T16:00:00Z,Missouri Tigers,Texas A&M Aggies,lowvig,LowVig.ag,2026-10-10T06:13:39Z,spreads,2026-10-10T06:13:38Z,Texas A&M Aggies,-106,3.5,20261010061359476901
NCAAF,americanfootball_ncaaf,9e243e91f8f94e6431da5cc5c3cc8fda,2026-10-10T16:00:00Z,Missouri Tigers,Texas A&M Aggies,lowvig,LowVig.ag,2026-10-10T06:13:39Z,totals,2026-10-10T06:13:38Z,Over,-114,49.5,20261010061359476901
NCAAF,americanfootball_ncaaf,9e243e91f8f94e6431da5cc5c3cc8fda,2026-10-10T16:00:00Z,Missouri Tigers,Texas A&M Aggies,lowvig,LowVig.ag,2026-10-10T06:13:39Z,totals,2026-10-10T06:13:38Z,Under,-103,49.5,20261010061359476901
NCAAF,americanfootball_ncaaf,9e243e91f8f94e6431da5cc5c3cc8fda,2026-10-10T16:00:00Z,Missouri Tigers,Texas A&M Aggies,betus,BetUS,2026-10-10T06:13:55Z,h2h,2026-10-10T06:13:55Z,Missouri Tigers,-175,,20261010061359476901
NCAAF,americanfootball_ncaaf,9e243e91f8f94e6431da5cc5c3cc8fda,2026-10-10T16:00:00Z,Missouri Tigers,Texas A&M Aggies,betus,BetUS,2026-10-10T06:13:55Z,h2h,2026-10-10T06:13:55Z,Texas A&M Aggies,150,,20261010061359476901
NCAAF,americanfootball_ncaaf,9e243e91f8f94e6431da5cc5c3cc8fda,2026-10-10T16:00:00Z,Missouri Tigers,Texas A&M Aggies,betus,BetUS,2026-10-10T06:13:55Z,spreads,2026-10-10T06:13:55Z,Missouri Tigers,-110,-3.5,20261010061359476901
NCAAF,americanfootball_ncaaf,9e243e91f8f94e6431da5cc5c3cc8fda,2026-10-10T16:00:00Z,Missouri Tigers,Texas A&M Aggies,betus,BetUS,2026-10-10T06:13:55Z,spreads,2026-10-10T06:13:55Z,Texas A&M Aggies,-110,3.5,20261010061359476901
NCAAF,americanfootball_ncaaf,9e243e91f8f94e6431da5cc5c3cc8fda,2026-10-10T16:00:00Z,Missouri Tigers,Texas A&M Aggies,betus,BetUS,2026-10-10T06:13:55Z,totals,2026-10-10T06:13:55Z,Over,-110,49.5,20261010061359476901
NCAAF,americanfootball_ncaaf,9e243e91f8f94e6431da5cc5c3cc8fda,2026-10-10T16:00:00Z,Missouri Tigers,Texas A&M Aggies,betus,BetUS,2026-10-10T06:13:55Z,totals,2026-10-10T06:13:55Z,Under,-110,49.5,20261010061359476901
NCAAF,americanfootball_ncaaf,9e243e91f8f94e6431da5cc5c3cc8fda,2026-10-10T16:00:00Z,Missouri Tigers,Texas A&M Aggies,bovada,Bovada,2026-10-10T06:12:36Z,h2h,2026-10-10T06:12:35Z,Missouri Tigers,-180,,20261010061359476901
NCAAF,americanfootball_ncaaf,9e243e91f8f94e6431da5cc5c3cc8fda,2026-10-10T16:00:00Z,Missouri Tigers,Texas A&M Aggies,bovada,Bovada,2026-10-10T06:12:36Z,h2h,2026-10-10T06:12:35Z,Texas A&M Aggies,155,,20261010061359476901
NCAAF,americanfootball_ncaaf,9e243e91f8f94e6431da5cc5c3cc8fda,2026-10-10T16:00:00Z,Missouri Tigers,Texas A&M Aggies,bovada,Bovada,2026-10-10T06:12:36Z,spreads,2026-10-10T06:12:35Z,Missouri Tigers,-110,-3.5,20261010061359476901
NCAAF,americanfootball_ncaaf,9e243e91f8f94e6431da5cc5c3cc8fda,2026-10-10T16:00:00Z,Missouri Tigers,Texas A&M Aggies,bovada,Bovada,2026-10-10T06:12:36Z,spreads,2026-10-10T06:12:35Z,Texas A&M Aggies,-110,3.5,20261010061359476901
NCAAF,americanfootball_ncaaf,9e243e91f8f94e6431da5cc5c3cc8fda,2026-10-10T16:00:00Z,Missouri Tigers,Texas A&M Aggies,bovada,Bovada,2026-10-10T06:12:36Z,totals,2026-10-10T06:12:35Z,Over,-110,49.5,20261010061359476901
NCAAF,americanfootball_ncaaf,9e243e91f8f94e6431da5cc5c3cc8fda,2026-10-10T16:00:00Z,Missouri Tigers,Texas A&M Aggies,bovada,Bovada,2026-10-10T06:12:36Z,totals,2026-10-10T06:12:35Z,Under,-110,49.5,20261010061359476901
NCAAF,americanfootball_ncaaf,416ce0307b7b9d97f5365a29c1729339,2026-10-10T16:00:00Z,NC State Wolfpack,Wake Forest Demon Deacons,fanduel,FanDuel,2026-10-10T06:13:39Z,h2h,2026-10-10T06:13:39Z,NC State Wolfpack,134,,20261010061359476901
NCAAF,americanfootball_ncaaf,416ce0307b7b9d97f5365a29c1729339,2026-10-10T16:00:00Z,NC State Wolfpack,Wake Forest Demon Deacons,fanduel,FanDuel,2026-10-10T06:13:39Z,h2h,2026-10-10T06:13:39Z,Wake Forest Demon Deacons,-162,,20261010061359476901
NCAAF,americanfootball_ncaaf,416ce0307b7b9d97f5365a29c1729339,2026-10-10T16:00:00Z,NC State Wolfpack,Wake Forest Demon Deacons,fanduel,FanDuel,2026-10-10T06:13:39Z,spreads,2026-10-10T06:13:39Z,NC State Wolfpack,-120,3.5,20261010061359476901
NCAAF,americanfootball_ncaaf,416ce0307b7b9d97f5365a29c1729339,2026-10-10T16:00:00Z,NC State Wolfpack,Wake Forest Demon Deacons,fanduel,FanDuel,2026-10-10T06:13:39Z,spreads,2026-10-10T06:13:39Z,Wake Forest Demon Deacons,-102,-3.5,20261010061359476901
NCAAF,americanfootball_ncaaf,416ce0307b7b9d97f5365a29c1729339,2026-10-10T16:00:00Z,NC State Wolfpack,Wake Forest Demon Deacons,fanduel,FanDuel,2026-10-10T06:13:39Z,totals,2026-10-10T06:13:39Z,Over,-112,57.5,20261010061359476901
NCAAF,americanfootball_ncaaf,416ce0307b7b9d97f5365a29c1729339,2026-10-10T16:00:00Z,NC State Wolfpack,Wake Forest Demon Deacons,fanduel,FanDuel,2026-10-10T06:13:39Z,totals,2026-10-10T06:13:39Z,Under,-108,57.5,20261010061359476901
NCAAF,americanfootball_ncaaf,416ce0307b7b9d97f5365a29c1729339,2026-10-10T16:00:00Z,NC State Wolfpack,Wake Forest Demon Deacons,betrivers,BetRivers,2026-10-10T06:13:23Z,h2h,2026-10-10T06:13:23Z,NC State Wolfpack,143,,20261010061359476901
NCAAF,americanfootball_ncaaf,416ce0307b7b9d97f5365a29c1729339,2026-10-10T16:00:00Z,NC State Wolfpack,Wake Forest Demon Deacons,betrivers,BetRivers,2026-10-10T06:13:23Z,h2h,2026-10-10T06:13:23Z,Wake Forest Demon Deacons,-180,,20261010061359476901
NCAAF,americanfootball_ncaaf,416ce0307b7b9d97f5365a29c1729339,2026-10-10T16:00:00Z,NC State Wolfpack,Wake Forest Demon Deacons,betrivers,BetRivers,2026-10-10T06:13:23Z,spreads,2026-10-10T06:13:23Z,NC State Wolfpack,-120,3.5,20261010061359476901
NCAAF,americanfootball_ncaaf,416ce0307b7b9d97f5365a29c1729339,2026-10-10T16:00:00Z,NC State Wolfpack,Wake Forest Demon Deacons,betrivers,BetRivers,2026-10-10T06:13:23Z,spreads,2026-10-10T06:13:23Z,Wake Forest Demon Deacons,-105,-3.5,20261010061359476901
NCAAF,americanfootball_ncaaf,416ce0307b7b9d97f5365a29c1729339,2026-10-10T16:00:00Z,NC State Wolfpack,Wake Forest Demon Deacons,betrivers,BetRivers,2026-10-10T06:13:23Z,totals,2026-10-10T06:13:23Z,Over,-113,58.5,20261010061359476901
NCAAF,americanfootball_ncaaf,416ce0307b7b9d97f5365a29c1729339,2026-10-10T16:00:00Z,NC State Wolfpack,Wake Forest Demon Deacons,betrivers,BetRivers,2026-10-10T06:13:23Z,totals,2026-10-10T06:13:23Z,Under,-110,58.5,20261010061359476901
NCAAF,americanfootball_ncaaf,416ce0307b7b9d97f5365a29c1729339,2026-10-10T16:00:00Z,NC State Wolfpack,Wake Forest Demon Deacons,betmgm,BetMGM,2026-10-10T06:13:39Z,h2h,2026-10-10T06:13:39Z,NC State Wolfpack,145,,20261010061359476901
NCAAF,americanfootball_ncaaf,416ce0307b7b9d97f5365a29c1729339,2026-10-10T16:00:00Z,NC State Wolfpack,Wake Forest Demon Deacons,betmgm,BetMGM,2026-10-10T06:13:39Z,h2h,2026-10-10T06:13:39Z,Wake Forest Demon Deacons,-175,,20261010061359476901
NCAAF,americanfootball_ncaaf,416ce0307b7b9d97f5365a29c1729339,2026-10-10T16:00:00Z,NC State Wolfpack,Wake Forest Demon Deacons,betmgm,BetMGM,2026-10-10T06:13:39Z,spreads,2026-10-10T06:13:39Z,NC State Wolfpack,-115,3.5,20261010061359476901
NCAAF,americanfootball_ncaaf,416ce0307b7b9d97f5365a29c1729339,2026-10-10T16:00:00Z,NC State Wolfpack,Wake Forest Demon Deacons,betmgm,BetMGM,2026-10-10T06:13:39Z,spreads,2026-10-10T06:13:39Z,Wake Forest Demon Deacons,-105,-3.5,20261010061359476901
NCAAF,americanfootball_ncaaf,416ce0307b7b9d97f5365a29c1729339,2026-10-10T16:00:00Z,NC State Wolfpack,Wake Forest Demon Deacons,betmgm,BetMGM,2026-10-10T06:13:39Z,totals,2026-10-10T06:13:39Z,Over,-110,58.5,20261010061359476901
NCAAF,americanfootball_ncaaf,416ce0307b7b9d97f5365a29c1729339,2026-10-10T16:00:00Z,NC State Wolfpack,Wake Forest Demon Deacons,betmgm,BetMGM,2026-10-10T06:13:39Z,totals,2026-10-10T06:13:39Z,Under,-110,58.5,20261010061359476901
NCAAF,americanfootball_ncaaf,416ce0307b7b9d97f5365a29c1729339,2026-10-10T16:00:00Z,NC State Wolfpack,Wake Forest Demon Deacons,draftkings,DraftKings,2026-10-10T06:13:23Z,h2h,2026-10-10T06:13:22Z,NC State Wolfpack,140,,20261010061359476901
NCAAF,americanfootball_ncaaf,416ce0307b7b9d97f5365a29c1729339,2026-10-10T16:00:00Z,NC State Wolfpack,Wake Forest Demon Deacons,draftkings,DraftKings,2026-10-10T06:13:23Z,h2h,2026-10-10T06:13:22Z,Wake Forest Demon Deacons,-166,,20261010061359476901
NCAAF,americanfootball_ncaaf,416ce0307b7b9d97f5365a29c1729339,2026-10-10T16:00:00Z,NC State Wolfpack,Wake Forest Demon Deacons,draftkings,DraftKings,2026-10-10T06:13:23Z,spreads,2026-10-10T06:13:22Z,NC State Wolfpack,-120,3.5,20261010061359476901
NCAAF,americanfootball_ncaaf,416ce0307b7b9d97f5365a29c1729339,2026-10-10T16:00:00Z,NC State Wolfpack,Wake Forest Demon Deacons,draftkings,DraftKings,2026-10-10T06:13:23Z,spreads,2026-10-10T06:13:22Z,Wake Forest Demon Deacons,100,-3.5,20261010061359476901
NCAAF,americanfootball_ncaaf,416ce0307b7b9d97f5365a29c1729339,2026-10-10T16:00:00Z,NC State Wolfpack,Wake Forest Demon Deacons,draftkings,DraftKings,2026-10-10T06:13:23Z,totals,2026-10-10T06:13:22Z,Over,-115,57.5,20261010061359476901
NCAAF,americanfootball_ncaaf,416ce0307b7b9d97f5365a29c1729339,2026-10-10T16:00:00Z,NC State Wolfpack,Wake Forest Demon Deacons,draftkings,DraftKings,2026-10-10T06:13:23Z,totals,2026-10-10T06:13:22Z,Under,-105,57.5,20261010061359476901
NCAAF,americanfootball_ncaaf,416ce0307b7b9d97f5365a29c1729339,2026-10-10T16:00:00Z,NC State Wolfpack,Wake Forest Demon Deacons,lowvig,LowVig.ag,2026-10-10T06:13:39Z,h2h,2026-10-10T06:13:38Z,NC State Wolfpack,145,,20261010061359476901
NCAAF,americanfootball_ncaaf,416ce0307b7b9d97f5365a29c1729339,2026-10-10T16:00:00Z,NC State Wolfpack,Wake Forest Demon Deacons,lowvig,LowVig.ag,2026-10-10T06:13:39Z,h2h,2026-10-10T06:13:38Z,Wake Forest Demon Deacons,-165,,20261010061359476901
NCAAF,americanfootball_ncaaf,416ce0307b7b9d97f5365a29c1729339,2026-10-10T16:00:00Z,NC State Wolfpack,Wake Forest Demon Deacons,lowvig,LowVig.ag,2026-10-10T06:13:39Z,spreads,2026-10-10T06:13:38Z,NC State Wolfpack,-115,3.5,20261010061359476901
NCAAF,americanfootball_ncaaf,416ce0307b7b9d97f5365a29c1729339,2026-10-10T16:00:00Z,NC State Wolfpack,Wake Forest Demon Deacons,lowvig,LowVig.ag,2026-10-10T06:13:39Z,spreads,2026-10-10T06:13:38Z,Wake Forest Demon Deacons,103,-3.5,20261010061359476901
NCAAF,americanfootball_ncaaf,416ce0307b7b9d97f5365a29c1729339,2026-10-10T16:00:00Z,NC State Wolfpack,Wake Forest Demon Deacons,lowvig,LowVig.ag,2026-10-10T06:13:39Z,totals,2026-10-10T06:13:38Z,Over,-108,57.0,20261010061359476901
NCAAF,americanfootball_ncaaf,416ce0307b7b9d97f5365a29c1729339,2026-10-10T16:00:00Z,NC State Wolfpack,Wake Forest Demon Deacons,lowvig,LowVig.ag,2026-10-10T06:13:39Z,totals,2026-10-10T06:13:38Z,Under,-108,57.0,20261010061359476901
NCAAF,americanfootball_ncaaf,416ce0307b7b9d97f5365a29c1729339,2026-10-10T16:00:00Z,NC State Wolfpack,Wake Forest Demon Deacons,betonlineag,BetOnline.ag,2026-10-10T06:13:21Z,h2h,2026-10-10T06:13:21Z,NC State Wolfpack,145,,20261010061359476901
NCAAF,americanfootball_ncaaf,416ce0307b7b9d97f5365a29c1729339,2026-10-10T16:00:00Z,NC State Wolfpack,Wake Forest Demon Deacons,betonlineag,BetOnline.ag,2026-10-10T06:13:21Z,h2h,2026-10-10T06:13:21Z,Wake Forest Demon Deacons,-165,,20261010061359476901
NCAAF,americanfootball_ncaaf,416ce0307b7b9d97f5365a29c1729339,2026-10-10T16:00:00Z,NC State Wolfpack,Wake Forest Demon Deacons,betonlineag,BetOnline.ag,2026-10-10T06:13:21Z,spreads,2026-10-10T06:13:21Z,NC State Wolfpack,-125,3.5,20261010061359476901
NCAAF,americanfootball_ncaaf,416ce0307b7b9d97f5365a29c1729339,2026-10-10T16:00:00Z,NC State Wolfpack,Wake Forest Demon Deacons,betonlineag,BetOnline.ag,2026-10-10T06:13:21Z,spreads,2026-10-10T06:13:21Z,Wake Forest Demon Deacons,105,-3.5,20261010061359476901
NCAAF,americanfootball_ncaaf,416ce0307b7b9d97f5365a29c1729339,2026-10-10T16:00:00Z,NC State Wolfpack,Wake Forest Demon Deacons,betonlineag,BetOnline.ag,2026-10-10T06:13:21Z,totals,2026-10-10T06:13:21Z,Over,-110,57.0,20261010061359476901
NCAAF,americanfootball_ncaaf,416ce0307b7b9d97f5365a29c1729339,2026-10-10T16:00:00Z,NC State Wolfpack,Wake Forest Demon Deacons,betonlineag,BetOnline.ag,2026-10-10T06:13:21Z,totals,2026-10-10T06:13:21Z,Under,-110,57.0,20261010061359476901
NCAAF,americanfootball_ncaaf,416ce0307b7b9d97f5365a29c1729339,2026-10-10T16:00:00Z,NC State Wolfpack,Wake Forest Demon Deacons,mybookieag,MyBookie.ag,2026-10-10T06:13:29Z,h2h,2026-10-10T06:13:28Z,NC State Wolfpack,135,,20261010061359476901
NCAAF,americanfootball_ncaaf,416ce0307b7b9d97f5365a29c1729339,2026-10-10T16:00:00Z,NC State Wolfpack,Wake Forest Demon Deacons,mybookieag,MyBookie.ag,2026-10-10T06:13:29Z,h2h,2026-10-10T06:13:28Z,Wake Forest Demon Deacons,-166,,20261010061359476901
NCAAF,americanfootball_ncaaf,416ce0307b7b9d97f5365a29c1729339,2026-10-10T16:00:00Z,NC State Wolfpack,Wake Forest Demon Deacons,mybookieag,MyBookie.ag,2026-10-10T06:13:29Z,spreads,2026-10-10T06:13:28Z,NC State Wolfpack,-110,3.0,20261010061359476901
NCAAF,americanfootball_ncaaf,416ce0307b7b9d97f5365a29c1729339,2026-10-10T16:00:00Z,NC State Wolfpack,Wake Forest Demon Deacons,mybookieag,MyBookie.ag,2026-10-10T06:13:29Z,spreads,2026-10-10T06:13:28Z,Wake Forest Demon Deacons,-110,-3.0,20261010061359476901
NCAAF,americanfootball_ncaaf,416ce0307b7b9d97f5365a29c1729339,2026-10-10T16:00:00Z,NC State Wolfpack,Wake Forest Demon Deacons,mybookieag,MyBookie.ag,2026-10-10T06:13:29Z,totals,2026-10-10T06:13:28Z,Over,-110,58.0,20261010061359476901
NCAAF,americanfootball_ncaaf,416ce0307b7b9d97f5365a29c1729339,2026-10-10T16:00:00Z,NC State Wolfpack,Wake Forest Demon Deacons,mybookieag,MyBookie.ag,2026-10-10T06:13:29Z,totals,2026-10-10T06:13:28Z,Under,-110,58.0,20261010061359476901
NCAAF,americanfootball_ncaaf,416ce0307b7b9d97f5365a29c1729339,2026-10-10T16:00:00Z,NC State Wolfpack,Wake Forest Demon Deacons,bovada,Bovada,2026-10-10T06:12:36Z,h2h,2026-10-10T06:12:35Z,NC State Wolfpack,135,,20261010061359476901
NCAAF,americanfootball_ncaaf,416ce0307b7b9d97f5365a29c1729339,2026-10-10T16:00:00Z,NC State Wolfpack,Wake Forest Demon Deacons,bovada,Bovada,2026-10-10T06:12:36Z,h2h,2026-10-10T06:12:35Z,Wake Forest Demon Deacons,-160,,20261010061359476901
NCAAF,americanfootball_ncaaf,416ce0307b7b9d97f5365a29c1729339,2026-10-10T16:00:00Z,NC State Wolfpack,Wake Forest Demon Deacons,bovada,Bovada,2026-10-10T06:12:36Z,spreads,2026-10-10T06:12:35Z,NC State Wolfpack,-105,3.0,20261010061359476901
NCAAF,americanfootball_ncaaf,416ce0307b7b9d97f5365a29c1729339,2026-10-10T16:00:00Z,NC State Wolfpack,Wake Forest Demon Deacons,bovada,Bovada,2026-10-10T06:12:36Z,spreads,2026-10-10T06:12:35Z,Wake Forest Demon Deacons,-115,-3.0,20261010061359476901
NCAAF,americanfootball_ncaaf,416ce0307b7b9d97f5365a29c1729339,2026-10-10T16:00:00Z,NC State Wolfpack,Wake Forest Demon Deacons,bovada,Bovada,2026-10-10T06:12:36Z,totals,2026-10-10T06:12:35Z,Over,-110,58.0,20261010061359476901
NCAAF,americanfootball_ncaaf,416ce0307b7b9d97f5365a29c1729339,2026-10-10T16:00:00Z,NC State Wolfpack,Wake Forest Demon Deacons,bovada,Bovada,2026-10-10T06:12:36Z,totals,2026-10-10T06:12:35Z,Under,-110,58.0,20261010061359476901
NCAAF,americanfootball_ncaaf,416ce0307b7b9d97f5365a29c1729339,2026-10-10T16:00:00Z,NC State Wolfpack,Wake Forest Demon Deacons,betus,BetUS,2026-10-10T06:13:55Z,h2h,2026-10-10T06:13:54Z,NC State Wolfpack,142,,20261010061359476901
NCAAF,americanfootball_ncaaf,416ce0307b7b9d97f5365a29c1729339,2026-10-10T16:00:00Z,NC State Wolfpack,Wake Forest Demon Deacons,betus,BetUS,2026-10-10T06:13:55Z,h2h,2026-10-10T06:13:54Z,Wake Forest Demon Deacons,-165,,20261010061359476901
NCAAF,americanfootball_ncaaf,416ce0307b7b9d97f5365a29c1729339,2026-10-10T16:00:00Z,NC State Wolfpack,Wake Forest Demon Deacons,betus,BetUS,2026-10-10T06:13:55Z,spreads,2026-10-10T06:13:54Z,NC State Wolfpack,-110,3.5,20261010061359476901
NCAAF,americanfootball_ncaaf,416ce0307b7b9d97f5365a29c1729339,2026-10-10T16:00:00Z,NC State Wolfpack,Wake Forest Demon Deacons,betus,BetUS,2026-10-10T06:13:55Z,spreads,2026-10-10T06:13:54Z,Wake Forest Demon Deacons,-110,-3.5,20261010061359476901
NCAAF,americanfootball_ncaaf,416ce0307b7b9d97f5365a29c1729339,2026-10-10T16:00:00Z,NC State Wolfpack,Wake Forest Demon Deacons,betus,BetUS,2026-10-10T06:13:55Z,totals,2026-10-10T06:13:54Z,Over,-110,57.5,20261010061359476901
NCAAF,americanfootball_ncaaf,416ce0307b7b9d97f5365a29c1729339,2026-10-10T16:00:00Z,NC State Wolfpack,Wake Forest Demon Deacons,betus,BetUS,2026-10-10T06:13:55Z,totals,2026-10-10T06:13:54Z,Under,-110,57.5,20261010061359476901
NCAAF,americanfootball_ncaaf,b067027cbaeaf86e6c9bb26becb97c94,2026-10-10T16:00:00Z,Pittsburgh Panthers,North Carolina Tar Heels,fanduel,FanDuel,2026-10-10T06:13:39Z,h2h,2026-10-10T06:13:39Z,North Carolina Tar Heels,160,,20261010061359476901
NCAAF,americanfootball_ncaaf,b067027cbaeaf86e6c9bb26becb97c94,2026-10-10T16:00:00Z,Pittsburgh Panthers,North Carolina Tar Heels,fanduel,FanDuel,2026-10-10T06:13:39Z,h2h,2026-10-10T06:13:39Z,Pittsburgh Panthers,-194,,20261010061359476901
NCAAF,americanfootball_ncaaf,b067027cbaeaf86e6c9bb26becb97c94,2026-10-10T16:00:00Z,Pittsburgh Panthers,North Carolina Tar Heels,fanduel,FanDuel,2026-10-10T06:13:39Z,spreads,2026-10-10T06:13:39Z,North Carolina Tar Heels,-104,3.5,20261010061359476901
NCAAF,americanfootball_ncaaf,b067027cbaeaf86e6c9bb26becb97c94,2026-10-10T16:00:00Z,Pittsburgh Panthers,North Carolina Tar Heels,fanduel,FanDuel,2026-10-10T06:13:39Z,spreads,2026-10-10T06:13:39Z,Pittsburgh Panthers,-118,-3.5,20261010061359476901
NCAAF,americanfootball_ncaaf,b067027cbaeaf86e6c9bb26becb97c94,2026-10-10T16:00:00Z,Pittsburgh Panthers,North Carolina Tar Heels,fanduel,FanDuel,2026-10-10T06:13:39Z,totals,2026-10-10T06:13:39Z,Over,-106,47.5,20261010061359476901
NCAAF,americanfootball_ncaaf,b067027cbaeaf86e6c9bb26becb97c94,2026-10-10T16:00:00Z,Pittsburgh Panthers,North Carolina Tar Heels,fanduel,FanDuel,2026-10-10T06:13:39Z,totals,2026-10-10T06:13:39Z,Under,-114,47.5,20261010061359476901
NCAAF,americanfootball_ncaaf,b067027cbaeaf86e6c9bb26becb97c94,2026-10-10T16:00:00Z,Pittsburgh Panthers,North Carolina Tar Heels,betrivers,BetRivers,2026-10-10T06:13:23Z,h2h,2026-10-10T06:13:23Z,North Carolina Tar Heels,140,,20261010061359476901
NCAAF,americanfootball_ncaaf,b067027cbaeaf86e6c9bb26becb97c94,2026-10-10T16:00:00Z,Pittsburgh Panthers,North Carolina Tar Heels,betrivers,BetRivers,2026-10-10T06:13:23Z,h2h,2026-10-10T06:13:23Z,Pittsburgh Panthers,-177,,20261010061359476901
NCAAF,americanfootball_ncaaf,b067027cbaeaf86e6c9bb26becb97c94,2026-10-10T16:00:00Z,Pittsburgh Panthers,North Carolina Tar Heels,betrivers,BetRivers,2026-10-10T06:13:23Z,spreads,2026-10-10T06:13:23Z,North Carolina Tar Heels,-113,3.5,20261010061359476901
NCAAF,americanfootball_ncaaf,b067027cbaeaf86e6c9bb26becb97c94,2026-10-10T16:00:00Z,Pittsburgh Panthers,North Carolina Tar Heels,betrivers,BetRivers,2026-10-10T06:13:23Z,spreads,2026-10-10T06:13:23Z,Pittsburgh Panthers,-109,-3.5,20261010061359476901
NCAAF,americanfootball_ncaaf,b067027cbaeaf86e6c9bb26becb97c94,2026-10-10T16:00:00Z,Pittsburgh Panthers,North Carolina Tar Heels,betrivers,BetRivers,2026-10-10T06:13:23Z,totals,2026-10-10T06:13:23Z,Over,-109,47.0,20261010061359476901
NCAAF,americanfootball_ncaaf,b067027cbaeaf86e6c9bb26becb97c94,2026-10-10T16:00:00Z,Pittsburgh Panthers,North Carolina Tar Heels,betrivers,BetRivers,2026-10-10T06:13:23Z,totals,2026-10-10T06:13:23Z,Under,-114,47.0,20261010061359476901
NCAAF,americanfootball_ncaaf,b067027cbaeaf86e6c9bb26becb97c94,2026-10-10T16:00:00Z,Pittsburgh Panthers,North Carolina Tar Heels,betmgm,BetMGM,2026-10-10T06:13:39Z,h2h,2026-10-10T06:13:39Z,North Carolina Tar Heels,145,,20261010061359476901
NCAAF,americanfootball_ncaaf,b067027cbaeaf86e6c9bb26becb97c94,2026-10-10T16:00:00Z,Pittsburgh Panthers,North Carolina Tar Heels,betmgm,BetMGM,2026-10-10T06:13:39Z,h2h,2026-10-10T06:13:39Z,Pittsburgh Panthers,-175,,20261010061359476901
NCAAF,americanfootball_ncaaf,b067027cbaeaf86e6c9bb26becb97c94,2026-10-10T16:00:00Z,Pittsburgh Panthers,North Carolina Tar Heels,betmgm,BetMGM,2026-10-10T06:13:39Z,spreads,2026-10-10T06:13:39Z,North Carolina Tar Heels,-110,3.5,20261010061359476901
NCAAF,americanfootball_ncaaf,b067027cbaeaf86e6c9bb26becb97c94,2026-10-10T16:00:00Z,Pittsburgh Panthers,North Carolina Tar Heels,betmgm,BetMGM,2026-10-10T06:13:39Z,spreads,2026-10-10T06:13:39Z,Pittsburgh Panthers,-110,-3.5,20261010061359476901
NCAAF,americanfootball_ncaaf,b067027cbaeaf86e6c9bb26becb97c94,2026-10-10T16:00:00Z,Pittsburgh Panthers,North Carolina Tar Heels,betmgm,BetMGM,2026-10-10T06:13:39Z,totals,2026-10-10T06:13:39Z,Over,-115,46.5,20261010061359476901
NCAAF,americanfootball_ncaaf,b067027cbaeaf86e6c9bb26becb97c94,2026-10-10T16:00:00Z,Pittsburgh Panthers,North Carolina Tar Heels,betmgm,BetMGM,2026-10-10T06:13:39Z,totals,2026-10-10T06:13:39Z,Under,-105,46.5,20261010061359476901
NCAAF,americanfootball_ncaaf,b067027cbaeaf86e6c9bb26becb97c94,2026-10-10T16:00:00Z,Pittsburgh Panthers,North Carolina Tar Heels,betonlineag,BetOnline.ag,2026-10-10T06:13:21Z,h2h,2026-10-10T06:13:21Z,North Carolina Tar Heels,153,,20261010061359476901
NCAAF,americanfootball_ncaaf,b067027cbaeaf86e6c9bb26becb97c94,2026-10-10T16:00:00Z,Pittsburgh Panthers,North Carolina Tar Heels,betonlineag,BetOnline.ag,2026-10-10T06:13:21Z,h2h,2026-10-10T06:13:21Z,Pittsburgh Panthers,-175,,20261010061359476901
NCAAF,americanfootball_ncaaf,b067027cbaeaf86e6c9bb26becb97c94,2026-10-10T16:00:00Z,Pittsburgh Panthers,North Carolina Tar Heels,betonlineag,BetOnline.ag,2026-10-10T06:13:21Z,spreads,2026-10-10T06:13:21Z,North Carolina Tar Heels,-105,3.5,20261010061359476901
NCAAF,americanfootball_ncaaf,b067027cbaeaf86e6c9bb26becb97c94,2026-10-10T16:00:00Z,Pittsburgh Panthers,North Carolina Tar Heels,betonlineag,BetOnline.ag,2026-10-10T06:13:21Z,spreads,2026-10-10T06:13:21Z,Pittsburgh Panthers,-115,-3.5,20261010061359476901
NCAAF,americanfootball_ncaaf,b067027cbaeaf86e6c9bb26becb97c94,2026-10-10T16:00:00Z,Pittsburgh Panthers,North Carolina Tar Heels,betonlineag,BetOnline.ag,2026-10-10T06:13:21Z,totals,2026-10-10T06:13:21Z,Over,-110,47.0,20261010061359476901
NCAAF,americanfootball_ncaaf,b067027cbaeaf86e6c9bb26becb97c94,2026-10-10T16:00:00Z,Pittsburgh Panthers,North Carolina Tar Heels,betonlineag,BetOnline.ag,2026-10-10T06:13:21Z,totals,2026-10-10T06:13:21Z,Under,-110,47.0,20261010061359476901
NCAAF,americanfootball_ncaaf,b067027cbaeaf86e6c9bb26becb97c94,2026-10-10T16:00:00Z,Pittsburgh Panthers,North Carolina Tar Heels,lowvig,LowVig.ag,2026-10-10T06:13:39Z,h2h,2026-10-10T06:13:38Z,North Carolina Tar Heels,153,,20261010061359476901
NCAAF,americanfootball_ncaaf,b067027cbaeaf86e6c9bb26becb97c94,2026-10-10T16:00:00Z,Pittsburgh Panthers,North Carolina Tar Heels,lowvig,LowVig.ag,2026-10-10T06:13:39Z,h2h,2026-10-10T06:13:38Z,Pittsburgh Panthers,-175,,20261010061359476901
NCAAF,americanfootball_ncaaf,b067027cbaeaf86e6c9bb26becb97c94,2026-10-10T16:00:00Z,Pittsburgh Panthers,North Carolina Tar Heels,lowvig,LowVig.ag,2026-10-10T06:13:39Z,spreads,2026-10-10T06:13:38Z,North Carolina Tar Heels,-101,3.5,20261010061359476901
NCAAF,americanfootball_ncaaf,b067027cbaeaf86e6c9bb26becb97c94,2026-10-10T16:00:00Z,Pittsburgh Panthers,North Carolina Tar Heels,lowvig,LowVig.ag,2026-10-10T06:13:39Z,spreads,2026-10-10T06:13:38Z,Pittsburgh Panthers,-111,-3.5,20261010061359476901
NCAAF,americanfootball_ncaaf,b067027cbaeaf86e6c9bb26becb97c94,2026-10-10T16:00:00Z,Pittsburgh Panthers,North Carolina Tar Heels,lowvig,LowVig.ag,2026-10-10T06:13:39Z,totals,2026-10-10T06:13:38Z,Over,-108,47.0,20261010061359476901
NCAAF,americanfootball_ncaaf,b067027cbaeaf86e6c9bb26becb97c94,2026-10-10T16:00:00Z,Pittsburgh Panthers,North Carolina Tar Heels,lowvig,LowVig.ag,2026-10-10T06:13:39Z,totals,2026-10-10T06:13:38Z,Under,-108,47.0,20261010061359476901
NCAAF,americanfootball_ncaaf,b067027cbaeaf86e6c9bb26becb97c94,2026-10-10T16:00:00Z,Pittsburgh Panthers,North Carolina Tar Heels,draftkings,DraftKings,2026-10-10T06:13:23Z,h2h,2026-10-10T06:13:22Z,North Carolina Tar Heels,154,,20261010061359476901
NCAAF,americanfootball_ncaaf,b067027cbaeaf86e6c9bb26becb97c94,2026-10-10T16:00:00Z,Pittsburgh Panthers,North Carolina Tar Heels,draftkings,DraftKings,2026-10-10T06:13:23Z,h2h,2026-10-10T06:13:22Z,Pittsburgh Panthers,-185,,20261010061359476901
NCAAF,americanfootball_ncaaf,b067027cbaeaf86e6c9bb26becb97c94,2026-10-10T16:00:00Z,Pittsburgh Panthers,North Carolina Tar Heels,draftkings,DraftKings,2026-10-10T06:13:23Z,spreads,2026-10-10T06:13:22Z,North Carolina Tar Heels,-108,3.5,20261010061359476901
NCAAF,americanfootball_ncaaf,b067027cbaeaf86e6c9bb26becb97c94,2026-10-10T16:00:00Z,Pittsburgh Panthers,North Carolina Tar Heels,draftkings,DraftKings,2026-10-10T06:13:23Z,spreads,2026-10-10T06:13:22Z,Pittsburgh Panthers,-112,-3.5,20261010061359476901
NCAAF,americanfootball_ncaaf,b067027cbaeaf86e6c9bb26becb97c94,2026-10-10T16:00:00Z,Pittsburgh Panthers,North Carolina Tar Heels,draftkings,DraftKings,2026-10-10T06:13:23Z,totals,2026-10-10T06:13:22Z,Over,-102,47.5,20261010061359476901
NCAAF,americanfootball_ncaaf,b067027cbaeaf86e6c9bb26becb97c94,2026-10-10T16:00:00Z,Pittsburgh Panthers,North Carolina Tar Heels,draftkings,DraftKings,2026-10-10T06:13:23Z,totals,2026-10-10T06:13:22Z,Under,-118,47.5,20261010061359476901
NCAAF,americanfootball_ncaaf,b067027cbaeaf86e6c9bb26becb97c94,2026-10-10T16:00:00Z,Pittsburgh Panthers,North Carolina Tar Heels,mybookieag,MyBookie.ag,2026-10-10T06:13:29Z,h2h,2026-10-10T06:13:28Z,North Carolina Tar Heels,161,,20261010061359476901
NCAAF,americanfootball_ncaaf,b067027cbaeaf86e6c9bb26becb97c94,2026-10-10T16:00:00Z,Pittsburgh Panthers,North Carolina Tar Heels,mybookieag,MyBookie.ag,2026-10-10T06:13:29Z,h2h,2026-10-10T06:13:28Z,Pittsburgh Panthers,-200,,20261010061359476901
NCAAF,americanfootball_ncaaf,b067027cbaeaf86e6c9bb26becb97c94,2026-10-10T16:00:00Z,Pittsburgh Panthers,North Carolina Tar Heels,mybookieag,MyBookie.ag,2026-10-10T06:13:29Z,spreads,2026-10-10T06:13:28Z,North Carolina Tar Heels,-110,3.5,20261010061359476901
NCAAF,americanfootball_ncaaf,b067027cbaeaf86e6c9bb26becb97c94,2026-10-10T16:00:00Z,Pittsburgh Panthers,North Carolina Tar Heels,mybookieag,MyBookie.ag,2026-10-10T06:13:29Z,spreads,2026-10-10T06:13:28Z,Pittsburgh Panthers,-110,-3.5,20261010061359476901
NCAAF,americanfootball_ncaaf,b067027cbaeaf86e6c9bb26becb97c94,2026-10-10T16:00:00Z,Pittsburgh Panthers,North Carolina Tar Heels,mybookieag,MyBookie.ag,2026-10-10T06:13:29Z,totals,2026-10-10T06:13:28Z,Over,-110,47.0,20261010061359476901
NCAAF,americanfootball_ncaaf,b067027cbaeaf86e6c9bb26becb97c94,2026-10-10T16:00:00Z,Pittsburgh Panthers,North Carolina Tar Heels,mybookieag,MyBookie.ag,2026-10-10T06:13:29Z,totals,2026-10-10T06:13:28Z,Under,-110,47.0,20261010061359476901
NCAAF,americanfootball_ncaaf,b067027cbaeaf86e6c9bb26becb97c94,2026-10-10T16:00:00Z,Pittsburgh Panthers,North Carolina Tar Heels,bovada,Bovada,2026-10-10T06:12:36Z,h2h,2026-10-10T06:12:35Z,North Carolina Tar Heels,155,,20261010061359476901
NCAAF,americanfootball_ncaaf,b067027cbaeaf86e6c9bb26becb97c94,2026-10-10T16:00:00Z,Pittsburgh Panthers,North Carolina Tar Heels,bovada,Bovada,2026-10-10T06:12:36Z,h2h,2026-10-10T06:12:35Z,Pittsburgh Panthers,-180,,20261010061359476901
NCAAF,americanfootball_ncaaf,b067027cbaeaf86e6c9bb26becb97c94,2026-10-10T16:00:00Z,Pittsburgh Panthers,North Carolina Tar Heels,bovada,Bovada,2026-10-10T06:12:36Z,spreads,2026-10-10T06:12:35Z,North Carolina Tar Heels,-110,4.0,20261010061359476901
NCAAF,americanfootball_ncaaf,b067027cbaeaf86e6c9bb26becb97c94,2026-10-10T16:00:00Z,Pittsburgh Panthers,North Carolina Tar Heels,bovada,Bovada,2026-10-10T06:12:36Z,spreads,2026-10-10T06:12:35Z,Pittsburgh Panthers,-110,-4.0,20261010061359476901
NCAAF,americanfootball_ncaaf,b067027cbaeaf86e6c9bb26becb97c94,2026-10-10T16:00:00Z,Pittsburgh Panthers,North Carolina Tar Heels,bovada,Bovada,2026-10-10T06:12:36Z,totals,2026-10-10T06:12:35Z,Over,-110,47.0,20261010061359476901
NCAAF,americanfootball_ncaaf,b067027cbaeaf86e6c9bb26becb97c94,2026-10-10T16:00:00Z,Pittsburgh Panthers,North Carolina Tar Heels,bovada,Bovada,2026-10-10T06:12:36Z,totals,2026-10-10T06:12:35Z,Under,-110,47.0,20261010061359476901
NCAAF,americanfootball_ncaaf,b067027cbaeaf86e6c9bb26becb97c94,2026-10-10T16:00:00Z,Pittsburgh Panthers,North Carolina Tar Heels,betus,BetUS,2026-10-10T06:13:55Z,h2h,2026-10-10T06:13:54Z,North Carolina Tar Heels,150,,20261010061359476901
NCAAF,americanfootball_ncaaf,b067027cbaeaf86e6c9bb26becb97c94,2026-10-10T16:00:00Z,Pittsburgh Panthers,North Carolina Tar Heels,betus,BetUS,2026-10-10T06:13:55Z,h2h,2026-10-10T06:13:54Z,Pittsburgh Panthers,-175,,20261010061359476901
NCAAF,americanfootball_ncaaf,b067027cbaeaf86e6c9bb26becb97c94,2026-10-10T16:00:00Z,Pittsburgh Panthers,North Carolina Tar Heels,betus,BetUS,2026-10-10T06:13:55Z,spreads,2026-10-10T06:13:54Z,North Carolina Tar Heels,-110,3.5,20261010061359476901
NCAAF,americanfootball_ncaaf,b067027cbaeaf86e6c9bb26becb97c94,2026-10-10T16:00:00Z,Pittsburgh Panthers,North Carolina Tar Heels,betus,BetUS,2026-10-10T06:13:55Z,spreads,2026-10-10T06:13:54Z,Pittsburgh Panthers,-110,-3.5,20261010061359476901
NCAAF,americanfootball_ncaaf,b067027cbaeaf86e6c9bb26becb97c94,2026-10-10T16:00:00Z,Pittsburgh Panthers,North Carolina Tar Heels,betus,BetUS,2026-10-10T06:13:55Z,totals,2026-10-10T06:13:54Z,Over,-110,47.0,20261010061359476901
NCAAF,americanfootball_ncaaf,b067027cbaeaf86e6c9bb26becb97c94,2026-10-10T16:00:00Z,Pittsburgh Panthers,North Carolina Tar Heels,betus,BetUS,2026-10-10T06:13:55Z,totals,2026-10-10T06:13:54Z,Under,-110,47.0,20261010061359476901
NCAAF,americanfootball_ncaaf,690e2edaba34c383d2ebfa8f8394f973,2026-10-10T16:00:00Z,Oklahoma State Cowboys,UCF Knights,fanduel,FanDuel,2026-10-10T06:13:39Z,h2h,2026-10-10T06:13:39Z,Oklahoma State Cowboys,-365,,20261010061359476901
NCAAF,americanfootball_ncaaf,690e2edaba34c383d2ebfa8f8394f973,2026-10-10T16:00:00Z,Oklahoma State Cowboys,UCF Knights,fanduel,FanDuel,2026-10-10T06:13:39Z,h2h,2026-10-10T06:13:39Z,UCF Knights,285,,20261010061359476901
NCAAF,americanfootball_ncaaf,690e2edaba34c383d2ebfa8f8394f973,2026-10-10T16:00:00Z,Oklahoma State Cowboys,UCF Knights,fanduel,FanDuel,2026-10-10T06:13:39Z,spreads,2026-10-10T06:13:39Z,Oklahoma State Cowboys,-105,-10.5,20261010061359476901
NCAAF,americanfootball_ncaaf,690e2edaba34c383d2ebfa8f8394f973,2026-10-10T16:00:00Z,Oklahoma State Cowboys,UCF Knights,fanduel,FanDuel,2026-10-10T06:13:39Z,spreads,2026-10-10T06:13:39Z,UCF Knights,-115,10.5,20261010061359476901
NCAAF,americanfootball_ncaaf,690e2edaba34c383d2ebfa8f8394f973,2026-10-10T16:00:00Z,Oklahoma State Cowboys,UCF Knights,fanduel,FanDuel,2026-10-10T06:13:39Z,totals,2026-10-10T06:13:39Z,Over,-106,54.5,20261010061359476901
NCAAF,americanfootball_ncaaf,690e2edaba34c383d2ebfa8f8394f973,2026-10-10T16:00:00Z,Oklahoma State Cowboys,UCF Knights,fanduel,FanDuel,2026-10-10T06:13:39Z,totals,2026-10-10T06:13:39Z,Under,-114,54.5,20261010061359476901
NCAAF,americanfootball_ncaaf,690e2edaba34c383d2ebfa8f8394f973,2026-10-10T16:00:00Z,Oklahoma State Cowboys,UCF Knights,betrivers,BetRivers,2026-10-10T06:13:23Z,h2h,2026-10-10T06:13:23Z,Oklahoma State Cowboys,-435,,20261010061359476901
NCAAF,americanfootball_ncaaf,690e2edaba34c383d2ebfa8f8394f973,2026-10-10T16:00:00Z,Oklahoma State Cowboys,UCF Knights,betrivers,BetRivers,2026-10-10T06:13:23Z,h2h,2026-10-10T06:13:23Z,UCF Knights,310,,20261010061359476901
NCAAF,americanfootball_ncaaf,690e2edaba34c383d2ebfa8f8394f973,2026-10-10T16:00:00Z,Oklahoma State Cowboys,UCF Knights,betrivers,BetRivers,2026-10-10T06:13:23Z,spreads,2026-10-10T06:13:23Z,Oklahoma State Cowboys,-113,-10.0,20261010061359476901
NCAAF,americanfootball_ncaaf,690e2edaba34c383d2ebfa8f8394f973,2026-10-10T16:00:00Z,Oklahoma State Cowboys,UCF Knights,betrivers,BetRivers,2026-10-10T06:13:23Z,spreads,2026-10-10T06:13:23Z,UCF Knights,-110,10.0,20261010061359476901
NCAAF,americanfootball_ncaaf,690e2edaba34c383d2ebfa8f8394f973,2026-10-10T16:00:00Z,Oklahoma State Cowboys,UCF Knights,betrivers,BetRivers,2026-10-10T06:13:23Z,totals,2026-10-10T06:13:23Z,Over,-113,53.5,20261010061359476901
NCAAF,americanfootball_ncaaf,690e2edaba34c383d2ebfa8f8394f973,2026-10-10T16:00:00Z,Oklahoma State Cowboys,UCF Knights,betrivers,BetRivers,2026-10-10T06:13:23Z,totals,2026-10-10T06:13:23Z,Under,-110,53.5,20261010061359476901
NCAAF,americanfootball_ncaaf,690e2edaba34c383d2ebfa8f8394f973,2026-10-10T16:00:00Z,Oklahoma State Cowboys,UCF Knights,betmgm,BetMGM,2026-10-10T06:13:39Z,h2h,2026-10-10T06:13:39Z,Oklahoma State Cowboys,-425,,20261010061359476901
NCAAF,americanfootball_ncaaf,690e2edaba34c383d2ebfa8f8394f973,2026-10-10T16:00:00Z,Oklahoma State Cowboys,UCF Knights,betmgm,BetMGM,2026-10-10T06:13:39Z,h2h,2026-10-10T06:13:39Z,UCF Knights,325,,20261010061359476901
NCAAF,americanfootball_ncaaf,690e2edaba34c383d2ebfa8f8394f973,2026-10-10T16:00:00Z,Oklahoma State Cowboys,UCF Knights,betmgm,BetMGM,2026-10-10T06:13:39Z,spreads,2026-10-10T06:13:39Z,Oklahoma State Cowboys,-105,-10.5,20261010061359476901
NCAAF,americanfootball_ncaaf,690e2edaba34c383d2ebfa8f8394f973,2026-10-10T16:00:00Z,Oklahoma State Cowboys,UCF Knights,betmgm,BetMGM,2026-10-10T06:13:39Z,spreads,2026-10-10T06:13:39Z,UCF Knights,-115,10.5,20261010061359476901
NCAAF,americanfootball_ncaaf,690e2edaba34c383d2ebfa8f8394f973,2026-10-10T16:00:00Z,Oklahoma State Cowboys,UCF Knights,betmgm,BetMGM,2026-10-10T06:13:39Z,totals,2026-10-10T06:13:39Z,Over,-105,53.5,20261010061359476901
NCAAF,americanfootball_ncaaf,690e2edaba34c383d2ebfa8f8394f973,2026-10-10T16:00:00Z,Oklahoma State Cowboys,UCF Knights,betmgm,BetMGM,2026-10-10T06:13:39Z,totals,2026-10-10T06:13:39Z,Under,-115,53.5,20261010061359476901
NCAAF,americanfootball_ncaaf,690e2edaba34c383d2ebfa8f8394f973,2026-10-10T16:00:00Z,Oklahoma State Cowboys,UCF Knights,draftkings,DraftKings,2026-10-10T06:13:23Z,h2h,2026-10-10T06:13:22Z,Oklahoma State Cowboys,-455,,20261010061359476901
NCAAF,americanfootball_ncaaf,690e2edaba34c383d2ebfa8f8394f973,2026-10-10T16:00:00Z,Oklahoma State Cowboys,UCF Knights,draftkings,DraftKings,2026-10-10T06:13:23Z,h2h,2026-10-10T06:13:22Z,UCF Knights,350,,20261010061359476901
NCAAF,americanfootball_ncaaf,690e2edaba34c383d2ebfa8f8394f973,2026-10-10T16:00:00Z,Oklahoma State Cowboys,UCF Knights,draftkings,DraftKings,2026-10-10T06:13:23Z,spreads,2026-10-10T06:13:22Z,Oklahoma State Cowboys,-112,-10.5,20261010061359476901
NCAAF,americanfootball_ncaaf,690e2edaba34c383d2ebfa8f8394f973,2026-10-10T16:00:00Z,Oklahoma State Cowboys,UCF Knights,draftkings,DraftKings,2026-10-10T06:13:23Z,spreads,2026-10-10T06:13:22Z,UCF Knights,-108,10.5,20261010061359476901
NCAAF,americanfootball_ncaaf,690e2edaba34c383d2ebfa8f8394f973,2026-10-10T16:00:00Z,Oklahoma State Cowboys,UCF Knights,draftkings,DraftKings,2026-10-10T06:13:23Z,totals,2026-10-10T06:13:22Z,Over,-112,53.5,20261010061359476901
NCAAF,americanfootball_ncaaf,690e2edaba34c383d2ebfa8f8394f973,2026-10-10T16:00:00Z,Oklahoma State Cowboys,UCF Knights,draftkings,DraftKings,2026-10-10T06:13:23Z,totals,2026-10-10T06:13:22Z,Under,-108,53.5,20261010061359476901
NCAAF,americanfootball_ncaaf,690e2edaba34c383d2ebfa8f8394f973,2026-10-10T16:00:00Z,Oklahoma State Cowboys,UCF Knights,lowvig,LowVig.ag,2026-10-10T06:13:39Z,h2h,2026-10-10T06:13:38Z,Oklahoma State Cowboys,-400,,20261010061359476901
NCAAF,americanfootball_ncaaf,690e2edaba34c383d2ebfa8f8394f973,2026-10-10T16:00:00Z,Oklahoma State Cowboys,UCF Knights,lowvig,LowVig.ag,2026-10-10T06:13:39Z,h2h,2026-10-10T06:13:38Z,UCF Knights,316,,20261010061359476901
NCAAF,americanfootball_ncaaf,690e2edaba34c383d2ebfa8f8394f973,2026-10-10T16:00:00Z,Oklahoma State Cowboys,UCF Knights,lowvig,LowVig.ag,2026-10-10T06:13:39Z,spreads,2026-10-10T06:13:38Z,Oklahoma State Cowboys,-101,-10.0,20261010061359476901
NCAAF,americanfootball_ncaaf,690e2edaba34c383d2ebfa8f8394f973,2026-10-10T16:00:00Z,Oklahoma State Cowboys,UCF Knights,lowvig,LowVig.ag,2026-10-10T06:13:39Z,spreads,2026-10-10T06:13:38Z,UCF Knights,-111,10.0,20261010061359476901
NCAAF,americanfootball_ncaaf,690e2edaba34c383d2ebfa8f8394f973,2026-10-10T16:00:00Z,Oklahoma State Cowboys,UCF Knights,lowvig,LowVig.ag,2026-10-10T06:13:39Z,totals,2026-10-10T06:13:38Z,Over,-114,53.5,20261010061359476901
NCAAF,americanfootball_ncaaf,690e2edaba34c383d2ebfa8f8394f973,2026-10-10T16:00:00Z,Oklahoma State Cowboys,UCF Knights,lowvig,LowVig.ag,2026-10-10T06:13:39Z,totals,2026-10-10T06:13:38Z,Under,-103,53.5,20261010061359476901
NCAAF,americanfootball_ncaaf,690e2edaba34c383d2ebfa8f8394f973,2026-10-10T16:00:00Z,Oklahoma State Cowboys,UCF Knights,betonlineag,BetOnline.ag,2026-10-10T06:13:21Z,h2h,2026-10-10T06:13:21Z,Oklahoma State Cowboys,-400,,20261010061359476901
NCAAF,americanfootball_ncaaf,690e2edaba34c383d2ebfa8f8394f973,2026-10-10T16:00:00Z,Oklahoma State Cowboys,UCF Knights,betonlineag,BetOnline.ag,2026-10-10T06:13:21Z,h2h,2026-10-10T06:13:21Z,UCF Knights,316,,20261010061359476901
NCAAF,americanfootball_ncaaf,690e2edaba34c383d2ebfa8f8394f973,2026-10-10T16:00:00Z,Oklahoma State Cowboys,UCF Knights,betonlineag,BetOnline.ag,2026-10-10T06:13:21Z,spreads,2026-10-10T06:13:21Z,Oklahoma State Cowboys,-105,-10.0,20261010061359476901
NCAAF,americanfootball_ncaaf,690e2edaba34c383d2ebfa8f8394f973,2026-10-10T16:00:00Z,Oklahoma State Cowboys,UCF Knights,betonlineag,BetOnline.ag,2026-10-10T06:13:21Z,spreads,2026-10-10T06:13:21Z,UCF Knights,-115,10.0,20261010061359476901
NCAAF,americanfootball_ncaaf,690e2edaba34c383d2ebfa8f8394f973,2026-10-10T16:00:00Z,Oklahoma State Cowboys,UCF Knights,betonlineag,BetOnline.ag,2026-10-10T06:13:21Z,totals,2026-10-10T06:13:21Z,Over,-115,53.5,20261010061359476901
NCAAF,americanfootball_ncaaf,690e2edaba34c383d2ebfa8f8394f973,2026-10-10T16:00:00Z,Oklahoma State Cowboys,UCF Knights,betonlineag,BetOnline.ag,2026-10-10T06:13:21Z,totals,2026-10-10T06:13:21Z,Under,-105,53.5,20261010061359476901
NCAAF,americanfootball_ncaaf,690e2edaba34c383d2ebfa8f8394f973,2026-10-10T16:00:00Z,Oklahoma State Cowboys,UCF Knights,mybookieag,MyBookie.ag,2026-10-10T06:13:29Z,h2h,2026-10-10T06:13:28Z,Oklahoma State Cowboys,-410,,20261010061359476901
NCAAF,americanfootball_ncaaf,690e2edaba34c383d2ebfa8f8394f973,2026-10-10T16:00:00Z,Oklahoma State Cowboys,UCF Knights,mybookieag,MyBookie.ag,2026-10-10T06:13:29Z,h2h,2026-10-10T06:13:28Z,UCF Knights,310,,20261010061359476901
NCAAF,americanfootball_ncaaf,690e2edaba34c383d2ebfa8f8394f973,2026-10-10T16:00:00Z,Oklahoma State Cowboys,UCF Knights,mybookieag,MyBookie.ag,2026-10-10T06:13:29Z,spreads,2026-10-10T06:13:28Z,Oklahoma State Cowboys,-110,-10.0,20261010061359476901
NCAAF,americanfootball_ncaaf,690e2edaba34c383d2ebfa8f8394f973,2026-10-10T16:00:00Z,Oklahoma State Cowboys,UCF Knights,mybookieag,MyBookie.ag,2026-10-10T06:13:29Z,spreads,2026-10-10T06:13:28Z,UCF Knights,-110,10.0,20261010061359476901
NCAAF,americanfootball_ncaaf,690e2edaba34c383d2ebfa8f8394f973,2026-10-10T16:00:00Z,Oklahoma State Cowboys,UCF Knights,mybookieag,MyBookie.ag,2026-10-10T06:13:29Z,totals,2026-10-10T06:13:28Z,Over,-110,53.5,20261010061359476901
NCAAF,americanfootball_ncaaf,690e2edaba34c383d2ebfa8f8394f973,2026-10-10T16:00:00Z,Oklahoma State Cowboys,UCF Knights,mybookieag,MyBookie.ag,2026-10-10T06:13:29Z,totals,2026-10-10T06:13:28Z,Under,-110,53.5,20261010061359476901
NCAAF,americanfootball_ncaaf,690e2edaba34c383d2ebfa8f8394f973,2026-10-10T16:00:00Z,Oklahoma State Cowboys,UCF Knights,bovada,Bovada,2026-10-10T06:12:36Z,h2h,2026-10-10T06:12:35Z,Oklahoma State Cowboys,-430,,20261010061359476901
NCAAF,americanfootball_ncaaf,690e2edaba34c383d2ebfa8f8394f973,2026-10-10T16:00:00Z,Oklahoma State Cowboys,UCF Knights,bovada,Bovada,2026-10-10T06:12:36Z,h2h,2026-10-10T06:12:35Z,UCF Knights,320,,20261010061359476901
NCAAF,americanfootball_ncaaf,690e2edaba34c383d2ebfa8f8394f973,2026-10-10T16:00:00Z,Oklahoma State Cowboys,UCF Knights,bovada,Bovada,2026-10-10T06:12:36Z,spreads,2026-10-10T06:12:35Z,Oklahoma State Cowboys,-115,-10.0,20261010061359476901
NCAAF,americanfootball_ncaaf,690e2edaba34c383d2ebfa8f8394f973,2026-10-10T16:00:00Z,Oklahoma State Cowboys,UCF Knights,bovada,Bovada,2026-10-10T06:12:36Z,spreads,2026-10-10T06:12:35Z,UCF Knights,-105,10.0,20261010061359476901
NCAAF,americanfootball_ncaaf,690e2edaba34c383d2ebfa8f8394f973,2026-10-10T16:00:00Z,Oklahoma State Cowboys,UCF Knights,bovada,Bovada,2026-10-10T06:12:36Z,totals,2026-10-10T06:12:35Z,Over,-105,54.0,20261010061359476901
NCAAF,americanfootball_ncaaf,690e2edaba34c383d2ebfa8f8394f973,2026-10-10T16:00:00Z,Oklahoma State Cowboys,UCF Knights,bovada,Bovada,2026-10-10T06:12:36Z,totals,2026-10-10T06:12:35Z,Under,-115,54.0,20261010061359476901
NCAAF,americanfootball_ncaaf,690e2edaba34c383d2ebfa8f8394f973,2026-10-10T16:00:00Z,Oklahoma State Cowboys,UCF Knights,betus,BetUS,2026-10-10T06:13:55Z,h2h,2026-10-10T06:13:55Z,Oklahoma State Cowboys,-400,,20261010061359476901
NCAAF,americanfootball_ncaaf,690e2edaba34c383d2ebfa8f8394f973,2026-10-10T16:00:00Z,Oklahoma State Cowboys,UCF Knights,betus,BetUS,2026-10-10T06:13:55Z,h2h,2026-10-10T06:13:55Z,UCF Knights,320,,20261010061359476901
NCAAF,americanfootball_ncaaf,690e2edaba34c383d2ebfa8f8394f973,2026-10-10T16:00:00Z,Oklahoma State Cowboys,UCF Knights,betus,BetUS,2026-10-10T06:13:55Z,spreads,2026-10-10T06:13:55Z,Oklahoma State Cowboys,-110,-10.0,20261010061359476901
NCAAF,americanfootball_ncaaf,690e2edaba34c383d2ebfa8f8394f973,2026-10-10T16:00:00Z,Oklahoma State Cowboys,UCF Knights,betus,BetUS,2026-10-10T06:13:55Z,spreads,2026-10-10T06:13:55Z,UCF Knights,-110,10.0,20261010061359476901
NCAAF,americanfootball_ncaaf,690e2edaba34c383d2ebfa8f8394f973,2026-10-10T16:00:00Z,Oklahoma State Cowboys,UCF Knights,betus,BetUS,2026-10-10T06:13:55Z,totals,2026-10-10T06:13:55Z,Over,-110,53.5,20261010061359476901
NCAAF,americanfootball_ncaaf,690e2edaba34c383d2ebfa8f8394f973,2026-10-10T16:00:00Z,Oklahoma State Cowboys,UCF Knights,betus,BetUS,2026-10-10T06:13:55Z,totals,2026-10-10T06:13:55Z,Under,-110,53.5,20261010061359476901
NCAAF,americanfootball_ncaaf,71ed0e11bb0f2e5149ac4821fcde4599,2026-10-10T16:30:00Z,Northwestern Wildcats,Ball State Cardinals,fanduel,FanDuel,2026-10-10T06:13:39Z,spreads,2026-10-10T06:13:39Z,Ball State Cardinals,-118,35.5,20261010061359476901
NCAAF,americanfootball_ncaaf,71ed0e11bb0f2e5149ac4821fcde4599,2026-10-10T16:30:00Z,Northwestern Wildcats,Ball State Cardinals,fanduel,FanDuel,2026-10-10T06:13:39Z,spreads,2026-10-10T06:13:39Z,Northwestern Wildcats,-104,-35.5,20261010061359476901
NCAAF,americanfootball_ncaaf,71ed0e11bb0f2e5149ac4821fcde4599,2026-10-10T16:30:00Z,Northwestern Wildcats,Ball State Cardinals,fanduel,FanDuel,2026-10-10T06:13:39Z,totals,2026-10-10T06:13:39Z,Over,-115,52.5,20261010061359476901
NCAAF,americanfootball_ncaaf,71ed0e11bb0f2e5149ac4821fcde4599,2026-10-10T16:30:00Z,Northwestern Wildcats,Ball State Cardinals,fanduel,FanDuel,2026-10-10T06:13:39Z,totals,2026-10-10T06:13:39Z,Under,-105,52.5,20261010061359476901
NCAAF,americanfootball_ncaaf,71ed0e11bb0f2e5149ac4821fcde4599,2026-10-10T16:30:00Z,Northwestern Wildcats,Ball State Cardinals,betrivers,BetRivers,2026-10-10T06:13:23Z,spreads,2026-10-10T06:13:23Z,Ball State Cardinals,-113,36.0,20261010061359476901
NCAAF,americanfootball_ncaaf,71ed0e11bb0f2e5149ac4821fcde4599,2026-10-10T16:30:00Z,Northwestern Wildcats,Ball State Cardinals,betrivers,BetRivers,2026-10-10T06:13:23Z,spreads,2026-10-10T06:13:23Z,Northwestern Wildcats,-110,-36.0,20261010061359476901
NCAAF,americanfootball_ncaaf,71ed0e11bb0f2e5149ac4821fcde4599,2026-10-10T16:30:00Z,Northwestern Wildcats,Ball State Cardinals,betrivers,BetRivers,2026-10-10T06:13:23Z,totals,2026-10-10T06:13:23Z,Over,-110,53.5,20261010061359476901
NCAAF,americanfootball_ncaaf,71ed0e11bb0f2e5149ac4821fcde4599,2026-10-10T16:30:00Z,Northwestern Wildcats,Ball State Cardinals,betrivers,BetRivers,2026-10-10T06:13:23Z,totals,2026-10-10T06:13:23Z,Under,-113,53.5,20261010061359476901
NCAAF,americanfootball_ncaaf,71ed0e11bb0f2e5149ac4821fcde4599,2026-10-10T16:30:00Z,Northwestern Wildcats,Ball State Cardinals,betmgm,BetMGM,2026-10-10T06:13:39Z,spreads,2026-10-10T06:13:39Z,Ball State Cardinals,-110,35.5,20261010061359476901
NCAAF,americanfootball_ncaaf,71ed0e11bb0f2e5149ac4821fcde4599,2026-10-10T16:30:00Z,Northwestern Wildcats,Ball State Cardinals,betmgm,BetMGM,2026-10-10T06:13:39Z,spreads,2026-10-10T06:13:39Z,Northwestern Wildcats,-110,-35.5,20261010061359476901
NCAAF,americanfootball_ncaaf,71ed0e11bb0f2e5149ac4821fcde4599,2026-10-10T16:30:00Z,Northwestern Wildcats,Ball State Cardinals,betmgm,BetMGM,2026-10-10T06:13:39Z,totals,2026-10-10T06:13:39Z,Over,-105,52.5,20261010061359476901
NCAAF,americanfootball_ncaaf,71ed0e11bb0f2e5149ac4821fcde4599,2026-10-10T16:30:00Z,Northwestern Wildcats,Ball State Cardinals,betmgm,BetMGM,2026-10-10T06:13:39Z,totals,2026-10-10T06:13:39Z,Under,-115,52.5,20261010061359476901
NCAAF,americanfootball_ncaaf,71ed0e11bb0f2e5149ac4821fcde4599,2026-10-10T16:30:00Z,Northwestern Wildcats,Ball State Cardinals,draftkings,DraftKings,2026-10-10T06:13:23Z,spreads,2026-10-10T06:13:22Z,Ball State Cardinals,-108,35.5,20261010061359476901
NCAAF,americanfootball_ncaaf,71ed0e11bb0f2e5149ac4821fcde4599,2026-10-10T16:30:00Z,Northwestern Wildcats,Ball State Cardinals,draftkings,DraftKings,2026-10-10T06:13:23Z,spreads,2026-10-10T06:13:22Z,Northwestern Wildcats,-112,-35.5,20261010061359476901
NCAAF,americanfootball_ncaaf,71ed0e11bb0f2e5149ac4821fcde4599,2026-10-10T16:30:00Z,Northwestern Wildcats,Ball State Cardinals,draftkings,DraftKings,2026-10-10T06:13:23Z,totals,2026-10-10T06:13:22Z,Over,-112,53.5,20261010061359476901
NCAAF,americanfootball_ncaaf,71ed0e11bb0f2e5149ac4821fcde4599,2026-10-10T16:30:00Z,Northwestern Wildcats,Ball State Cardinals,draftkings,DraftKings,2026-10-10T06:13:23Z,totals,2026-10-10T06:13:22Z,Under,-108,53.5,20261010061359476901
NCAAF,americanfootball_ncaaf,71ed0e11bb0f2e5149ac4821fcde4599,2026-10-10T16:30:00Z,Northwestern Wildcats,Ball State Cardinals,betonlineag,BetOnline.ag,2026-10-10T06:13:21Z,spreads,2026-10-10T06:13:21Z,Ball State Cardinals,-104,35.0,20261010061359476901
NCAAF,americanfootball_ncaaf,71ed0e11bb0f2e5149ac4821fcde4599,2026-10-10T16:30:00Z,Northwestern Wildcats,Ball State Cardinals,betonlineag,BetOnline.ag,2026-10-10T06:13:21Z,spreads,2026-10-10T06:13:21Z,Northwestern Wildcats,-116,-35.0,20261010061359476901
NCAAF,americanfootball_ncaaf,71ed0e11bb0f2e5149ac4821fcde4599,2026-10-10T16:30:00Z,Northwestern Wildcats,Ball State Cardinals,betonlineag,BetOnline.ag,2026-10-10T06:13:21Z,totals,2026-10-10T06:13:21Z,Over,-115,52.5,20261010061359476901
NCAAF,americanfootball_ncaaf,71ed0e11bb0f2e5149ac4821fcde4599,2026-10-10T16:30:00Z,Northwestern Wildcats,Ball State Cardinals,betonlineag,BetOnline.ag,2026-10-10T06:13:21Z,totals,2026-10-10T06:13:21Z,Under,-105,52.5,20261010061359476901
NCAAF,americanfootball_ncaaf,71ed0e11bb0f2e5149ac4821fcde4599,2026-10-10T16:30:00Z,Northwestern Wildcats,Ball State Cardinals,lowvig,LowVig.ag,2026-10-10T06:13:39Z,spreads,2026-10-10T06:13:38Z,Ball State Cardinals,100,35.0,20261010061359476901
NCAAF,americanfootball_ncaaf,71ed0e11bb0f2e5149ac4821fcde4599,2026-10-10T16:30:00Z,Northwestern Wildcats,Ball State Cardinals,lowvig,LowVig.ag,2026-10-10T06:13:39Z,spreads,2026-10-10T06:13:38Z,Northwestern Wildcats,-112,-35.0,20261010061359476901
NCAAF,americanfootball_ncaaf,71ed0e11bb0f2e5149ac4821fcde4599,2026-10-10T16:30:00Z,Northwestern Wildcats,Ball State Cardinals,lowvig,LowVig.ag,2026-10-10T06:13:39Z,totals,2026-10-10T06:13:38Z,Over,-114,52.5,20261010061359476901
NCAAF,americanfootball_ncaaf,71ed0e11bb0f2e5149ac4821fcde4599,2026-10-10T16:30:00Z,Northwestern Wildcats,Ball State Cardinals,lowvig,LowVig.ag,2026-10-10T06:13:39Z,totals,2026-10-10T06:13:38Z,Under,-103,52.5,20261010061359476901
NCAAF,americanfootball_ncaaf,71ed0e11bb0f2e5149ac4821fcde4599,2026-10-10T16:30:00Z,Northwestern Wildcats,Ball State Cardinals,betus,BetUS,2026-10-10T06:13:55Z,spreads,2026-10-10T06:13:55Z,Ball State Cardinals,-110,35.0,20261010061359476901
NCAAF,americanfootball_ncaaf,71ed0e11bb0f2e5149ac4821fcde4599,2026-10-10T16:30:00Z,Northwestern Wildcats,Ball State Cardinals,betus,BetUS,2026-10-10T06:13:55Z,spreads,2026-10-10T06:13:55Z,Northwestern Wildcats,-110,-35.0,20261010061359476901
NCAAF,americanfootball_ncaaf,71ed0e11bb0f2e5149ac4821fcde4599,2026-10-10T16:30:00Z,Northwestern Wildcats,Ball State Cardinals,betus,BetUS,2026-10-10T06:13:55Z,totals,2026-10-10T06:13:55Z,Over,-110,53.5,20261010061359476901
NCAAF,americanfootball_ncaaf,71ed0e11bb0f2e5149ac4821fcde4599,2026-10-10T16:30:00Z,Northwestern Wildcats,Ball State Cardinals,betus,BetUS,2026-10-10T06:13:55Z,totals,2026-10-10T06:13:55Z,Under,-110,53.5,20261010061359476901
NCAAF,americanfootball_ncaaf,71ed0e11bb0f2e5149ac4821fcde4599,2026-10-10T16:30:00Z,Northwestern Wildcats,Ball State Cardinals,bovada,Bovada,2026-10-10T06:12:36Z,spreads,2026-10-10T06:12:35Z,Ball State Cardinals,-115,36.0,20261010061359476901
NCAAF,americanfootball_ncaaf,71ed0e11bb0f2e5149ac4821fcde4599,2026-10-10T16:30:00Z,Northwestern Wildcats,Ball State Cardinals,bovada,Bovada,2026-10-10T06:12:36Z,spreads,2026-10-10T06:12:35Z,Northwestern Wildcats,-105,-36.0,20261010061359476901
NCAAF,americanfootball_ncaaf,71ed0e11bb0f2e5149ac4821fcde4599,2026-10-10T16:30:00Z,Northwestern Wildcats,Ball State Cardinals,bovada,Bovada,2026-10-10T06:12:36Z,totals,2026-10-10T06:12:35Z,Over,-120,52.5,20261010061359476901
NCAAF,americanfootball_ncaaf,71ed0e11bb0f2e5149ac4821fcde4599,2026-10-10T16:30:00Z,Northwestern Wildcats,Ball State Cardinals,bovada,Bovada,2026-10-10T06:12:36Z,totals,2026-10-10T06:12:35Z,Under,100,52.5,20261010061359476901
NCAAF,americanfootball_ncaaf,9383cbbbb905d9ee50a3341f6945eae7,2026-10-10T16:45:00Z,Florida Gators,South Carolina Gamecocks,draftkings,DraftKings,2026-10-10T06:13:23Z,h2h,2026-10-10T06:13:22Z,Florida Gators,-470,,20261010061359476901
NCAAF,americanfootball_ncaaf,9383cbbbb905d9ee50a3341f6945eae7,2026-10-10T16:45:00Z,Florida Gators,South Carolina Gamecocks,draftkings,DraftKings,2026-10-10T06:13:23Z,h2h,2026-10-10T06:13:22Z,South Carolina Gamecocks,360,,20261010061359476901
NCAAF,americanfootball_ncaaf,9383cbbbb905d9ee50a3341f6945eae7,2026-10-10T16:45:00Z,Florida Gators,South Carolina Gamecocks,draftkings,DraftKings,2026-10-10T06:13:23Z,spreads,2026-10-10T06:13:22Z,Florida Gators,-115,-10.5,20261010061359476901
NCAAF,americanfootball_ncaaf,9383cbbbb905d9ee50a3341f6945eae7,2026-10-10T16:45:00Z,Florida Gators,South Carolina Gamecocks,draftkings,DraftKings,2026-10-10T06:13:23Z,spreads,2026-10-10T06:13:22Z,South Carolina Gamecocks,-105,10.5,20261010061359476901
NCAAF,americanfootball_ncaaf,9383cbbbb905d9ee50a3341f6945eae7,2026-10-10T16:45:00Z,Florida Gators,South Carolina Gamecocks,draftkings,DraftKings,2026-10-10T06:13:23Z,totals,2026-10-10T06:13:22Z,Over,-115,58.5,20261010061359476901
NCAAF,americanfootball_ncaaf,9383cbbbb905d9ee50a3341f6945eae7,2026-10-10T16:45:00Z,Florida Gators,South Carolina Gamecocks,draftkings,DraftKings,2026-10-10T06:13:23Z,totals,2026-10-10T06:13:22Z,Under,-105,58.5,20261010061359476901
NCAAF,americanfootball_ncaaf,9383cbbbb905d9ee50a3341f6945eae7,2026-10-10T16:45:00Z,Florida Gators,South Carolina Gamecocks,betrivers,BetRivers,2026-10-10T06:13:23Z,h2h,2026-10-10T06:13:23Z,Florida Gators,-500,,20261010061359476901
NCAAF,americanfootball_ncaaf,9383cbbbb905d9ee50a3341f6945eae7,2026-10-10T16:45:00Z,Florida Gators,South Carolina Gamecocks,betrivers,BetRivers,2026-10-10T06:13:23Z,h2h,2026-10-10T06:13:23Z,South Carolina Gamecocks,350,,20261010061359476901
NCAAF,americanfootball_ncaaf,9383cbbbb905d9ee50a3341f6945eae7,2026-10-10T16:45:00Z,Florida Gators,South Carolina Gamecocks,betrivers,BetRivers,2026-10-10T06:13:23Z,spreads,2026-10-10T06:13:23Z,Florida Gators,-113,-11.5,20261010061359476901
NCAAF,americanfootball_ncaaf,9383cbbbb905d9ee50a3341f6945eae7,2026-10-10T16:45:00Z,Florida Gators,South Carolina Gamecocks,betrivers,BetRivers,2026-10-10T06:13:23Z,spreads,2026-10-10T06:13:23Z,South Carolina Gamecocks,-110,11.5,20261010061359476901
NCAAF,americanfootball_ncaaf,9383cbbbb905d9ee50a3341f6945eae7,2026-10-10T16:45:00Z,Florida Gators,South Carolina Gamecocks,betrivers,BetRivers,2026-10-10T06:13:23Z,totals,2026-10-10T06:13:23Z,Over,-109,58.5,20261010061359476901
NCAAF,americanfootball_ncaaf,9383cbbbb905d9ee50a3341f6945eae7,2026-10-10T16:45:00Z,Florida Gators,South Carolina Gamecocks,betrivers,BetRivers,2026-10-10T06:13:23Z,totals,2026-10-10T06:13:23Z,Under,-113,58.5,20261010061359476901
NCAAF,americanfootball_ncaaf,9383cbbbb905d9ee50a3341f6945eae7,2026-10-10T16:45:00Z,Florida Gators,South Carolina Gamecocks,mybookieag,MyBookie.ag,2026-10-10T06:13:29Z,h2h,2026-10-10T06:13:28Z,Florida Gators,-459,,20261010061359476901
NCAAF,americanfootball_ncaaf,9383cbbbb905d9ee50a3341f6945eae7,2026-10-10T16:45:00Z,Florida Gators,South Carolina Gamecocks,mybookieag,MyBookie.ag,2026-10-10T06:13:29Z,h2h,2026-10-10T06:13:28Z,South Carolina Gamecocks,334,,20261010061359476901
NCAAF,americanfootball_ncaaf,9383cbbbb905d9ee50a3341f6945eae7,2026-10-10T16:45:00Z,Florida Gators,South Carolina Gamecocks,mybookieag,MyBookie.ag,2026-10-10T06:13:29Z,spreads,2026-10-10T06:13:28Z,Florida Gators,-110,-11.0,20261010061359476901
NCAAF,americanfootball_ncaaf,9383cbbbb905d9ee50a3341f6945eae7,2026-10-10T16:45:00Z,Florida Gators,South Carolina Gamecocks,mybookieag,MyBookie.ag,2026-10-10T06:13:29Z,spreads,2026-10-10T06:13:28Z,South Carolina Gamecocks,-110,11.0,20261010061359476901
NCAAF,americanfootball_ncaaf,9383cbbbb905d9ee50a3341f6945eae7,2026-10-10T16:45:00Z,Florida Gators,South Carolina Gamecocks,mybookieag,MyBookie.ag,2026-10-10T06:13:29Z,totals,2026-10-10T06:13:28Z,Over,-110,59.0,20261010061359476901
NCAAF,americanfootball_ncaaf,9383cbbbb905d9ee50a3341f6945eae7,2026-10-10T16:45:00Z,Florida Gators,South Carolina Gamecocks,mybookieag,MyBookie.ag,2026-10-10T06:13:29Z,totals,2026-10-10T06:13:28Z,Under,-110,59.0,20261010061359476901
NCAAF,americanfootball_ncaaf,9383cbbbb905d9ee50a3341f6945eae7,2026-10-10T16:45:00Z,Florida Gators,South Carolina Gamecocks,fanduel,FanDuel,2026-10-10T06:13:39Z,h2h,2026-10-10T06:13:39Z,Florida Gators,-480,,20261010061359476901
NCAAF,americanfootball_ncaaf,9383cbbbb905d9ee50a3341f6945eae7,2026-10-10T16:45:00Z,Florida Gators,South Carolina Gamecocks,fanduel,FanDuel,2026-10-10T06:13:39Z,h2h,2026-10-10T06:13:39Z,South Carolina Gamecocks,360,,20261010061359476901
NCAAF,americanfootball_ncaaf,9383cbbbb905d9ee50a3341f6945eae7,2026-10-10T16:45:00Z,Florida Gators,South Carolina Gamecocks,fanduel,FanDuel,2026-10-10T06:13:39Z,spreads,2026-10-10T06:13:39Z,Florida Gators,-110,-11.5,20261010061359476901
NCAAF,americanfootball_ncaaf,9383cbbbb905d9ee50a3341f6945eae7,2026-10-10T16:45:00Z,Florida Gators,South Carolina Gamecocks,fanduel,FanDuel,2026-10-10T06:13:39Z,spreads,2026-10-10T06:13:39Z,South Carolina Gamecocks,-110,11.5,20261010061359476901
NCAAF,americanfootball_ncaaf,9383cbbbb905d9ee50a3341f6945eae7,2026-10-10T16:45:00Z,Florida Gators,South Carolina Gamecocks,fanduel,FanDuel,2026-10-10T06:13:39Z,totals,2026-10-10T06:13:39Z,Over,-114,58.5,20261010061359476901
NCAAF,americanfootball_ncaaf,9383cbbbb905d9ee50a3341f6945eae7,2026-10-10T16:45:00Z,Florida Gators,South Carolina Gamecocks,fanduel,FanDuel,2026-10-10T06:13:39Z,totals,2026-10-10T06:13:39Z,Under,-106,58.5,20261010061359476901
NCAAF,americanfootball_ncaaf,9383cbbbb905d9ee50a3341f6945eae7,2026-10-10T16:45:00Z,Florida Gators,South Carolina Gamecocks,betmgm,BetMGM,2026-10-10T06:13:39Z,h2h,2026-10-10T06:13:39Z,Florida Gators,-450,,20261010061359476901
NCAAF,americanfootball_ncaaf,9383cbbbb905d9ee50a3341f6945eae7,2026-10-10T16:45:00Z,Florida Gators,South Carolina Gamecocks,betmgm,BetMGM,2026-10-10T06:13:39Z,h2h,2026-10-10T06:13:39Z,South Carolina Gamecocks,350,,20261010061359476901
NCAAF,americanfootball_ncaaf,9383cbbbb905d9ee50a3341f6945eae7,2026-10-10T16:45:00Z,Florida Gators,South Carolina Gamecocks,betmgm,BetMGM,2026-10-10T06:13:39Z,spreads,2026-10-10T06:13:39Z,Florida Gators,-105,-11.5,20261010061359476901
NCAAF,americanfootball_ncaaf,9383cbbbb905d9ee50a3341f6945eae7,2026-10-10T16:45:00Z,Florida Gators,South Carolina Gamecocks,betmgm,BetMGM,2026-10-10T06:13:39Z,spreads,2026-10-10T06:13:39Z,South Carolina Gamecocks,-115,11.5,20261010061359476901
NCAAF,americanfootball_ncaaf,9383cbbbb905d9ee50a3341f6945eae7,2026-10-10T16:45:00Z,Florida Gators,South Carolina Gamecocks,betmgm,BetMGM,2026-10-10T06:13:39Z,totals,2026-10-10T06:13:39Z,Over,-115,58.5,20261010061359476901
NCAAF,americanfootball_ncaaf,9383cbbbb905d9ee50a3341f6945eae7,2026-10-10T16:45:00Z,Florida Gators,South Carolina Gamecocks,betmgm,BetMGM,2026-10-10T06:13:39Z,totals,2026-10-10T06:13:39Z,Under,-105,58.5,20261010061359476901
NCAAF,americanfootball_ncaaf,9383cbbbb905d9ee50a3341f6945eae7,2026-10-10T16:45:00Z,Florida Gators,South Carolina Gamecocks,lowvig,LowVig.ag,2026-10-10T06:13:39Z,h2h,2026-10-10T06:13:38Z,Florida Gators,-460,,20261010061359476901
NCAAF,americanfootball_ncaaf,9383cbbbb905d9ee50a3341f6945eae7,2026-10-10T16:45:00Z,Florida Gators,South Carolina Gamecocks,lowvig,LowVig.ag,2026-10-10T06:13:39Z,h2h,2026-10-10T06:13:38Z,South Carolina Gamecocks,358,,20261010061359476901
NCAAF,americanfootball_ncaaf,9383cbbbb905d9ee50a3341f6945eae7,2026-10-10T16:45:00Z,Florida Gators,South Carolina Gamecocks,lowvig,LowVig.ag,2026-10-10T06:13:39Z,spreads,2026-10-10T06:13:38Z,Florida Gators,-106,-11.0,20261010061359476901
NCAAF,americanfootball_ncaaf,9383cbbbb905d9ee50a3341f6945eae7,2026-10-10T16:45:00Z,Florida Gators,South Carolina Gamecocks,lowvig,LowVig.ag,2026-10-10T06:13:39Z,spreads,2026-10-10T06:13:38Z,South Carolina Gamecocks,-106,11.0,20261010061359476901
NCAAF,americanfootball_ncaaf,9383cbbbb905d9ee50a3341f6945eae7,2026-10-10T16:45:00Z,Florida Gators,South Carolina Gamecocks,lowvig,LowVig.ag,2026-10-10T06:13:39Z,totals,2026-10-10T06:13:38Z,Over,-119,58.0,20261010061359476901
NCAAF,americanfootball_ncaaf,9383cbbbb905d9ee50a3341f6945eae7,2026-10-10T16:45:00Z,Florida Gators,South Carolina Gamecocks,lowvig,LowVig.ag,2026-10-10T06:13:39Z,totals,2026-10-10T06:13:38Z,Under,102,58.0,20261010061359476901
NCAAF,americanfootball_ncaaf,9383cbbbb905d9ee50a3341f6945eae7,2026-10-10T16:45:00Z,Florida Gators,South Carolina Gamecocks,betonlineag,BetOnline.ag,2026-10-10T06:13:21Z,h2h,2026-10-10T06:13:21Z,Florida Gators,-460,,20261010061359476901
NCAAF,americanfootball_ncaaf,9383cbbbb905d9ee50a3341f6945eae7,2026-10-10T16:45:00Z,Florida Gators,South Carolina Gamecocks,betonlineag,BetOnline.ag,2026-10-10T06:13:21Z,h2h,2026-10-10T06:13:21Z,South Carolina Gamecocks,358,,20261010061359476901
NCAAF,americanfootball_ncaaf,9383cbbbb905d9ee50a3341f6945eae7,2026-10-10T16:45:00Z,Florida Gators,South Carolina Gamecocks,betonlineag,BetOnline.ag,2026-10-10T06:13:21Z,spreads,2026-10-10T06:13:21Z,Florida Gators,-110,-11.0,20261010061359476901
NCAAF,americanfootball_ncaaf,9383cbbbb905d9ee50a3341f6945eae7,2026-10-10T16:45:00Z,Florida Gators,South Carolina Gamecocks,betonlineag,BetOnline.ag,2026-10-10T06:13:21Z,spreads,2026-10-10T06:13:21Z,South Carolina Gamecocks,-110,11.0,20261010061359476901
NCAAF,americanfootball_ncaaf,9383cbbbb905d9ee50a3341f6945eae7,2026-10-10T16:45:00Z,Florida Gators,South Carolina Gamecocks,betonlineag,BetOnline.ag,2026-10-10T06:13:21Z,totals,2026-10-10T06:13:21Z,Over,-120,58.0,20261010061359476901
NCAAF,americanfootball_ncaaf,9383cbbbb905d9ee50a3341f6945eae7,2026-10-10T16:45:00Z,Florida Gators,South Carolina Gamecocks,betonlineag,BetOnline.ag,2026-10-10T06:13:21Z,totals,2026-10-10T06:13:21Z,Under,100,58.0,20261010061359476901
NCAAF,americanfootball_ncaaf,9383cbbbb905d9ee50a3341f6945eae7,2026-10-10T16:45:00Z,Florida Gators,South Carolina Gamecocks,bovada,Bovada,2026-10-10T06:12:36Z,h2h,2026-10-10T06:12:35Z,Florida Gators,-490,,20261010061359476901
NCAAF,americanfootball_ncaaf,9383cbbbb905d9ee50a3341f6945eae7,2026-10-10T16:45:00Z,Florida Gators,South Carolina Gamecocks,bovada,Bovada,2026-10-10T06:12:36Z,h2h,2026-10-10T06:12:35Z,South Carolina Gamecocks,355,,20261010061359476901
NCAAF,americanfootball_ncaaf,9383cbbbb905d9ee50a3341f6945eae7,2026-10-10T16:45:00Z,Florida Gators,South Carolina Gamecocks,bovada,Bovada,2026-10-10T06:12:36Z,spreads,2026-10-10T06:12:35Z,Florida Gators,-105,-11.5,20261010061359476901
NCAAF,americanfootball_ncaaf,9383cbbbb905d9ee50a3341f6945eae7,2026-10-10T16:45:00Z,Florida Gators,South Carolina Gamecocks,bovada,Bovada,2026-10-10T06:12:36Z,spreads,2026-10-10T06:12:35Z,South Carolina Gamecocks,-115,11.5,20261010061359476901
NCAAF,americanfootball_ncaaf,9383cbbbb905d9ee50a3341f6945eae7,2026-10-10T16:45:00Z,Florida Gators,South Carolina Gamecocks,bovada,Bovada,2026-10-10T06:12:36Z,totals,2026-10-10T06:12:35Z,Over,-115,58.5,20261010061359476901
NCAAF,americanfootball_ncaaf,9383cbbbb905d9ee50a3341f6945eae7,2026-10-10T16:45:00Z,Florida Gators,South Carolina Gamecocks,bovada,Bovada,2026-10-10T06:12:36Z,totals,2026-10-10T06:12:35Z,Under,-105,58.5,20261010061359476901
NCAAF,americanfootball_ncaaf,9383cbbbb905d9ee50a3341f6945eae7,2026-10-10T16:45:00Z,Florida Gators,South Carolina Gamecocks,betus,BetUS,2026-10-10T06:13:55Z,h2h,2026-10-10T06:13:54Z,Florida Gators,-450,,20261010061359476901
NCAAF,americanfootball_ncaaf,9383cbbbb905d9ee50a3341f6945eae7,2026-10-10T16:45:00Z,Florida Gators,South Carolina Gamecocks,betus,BetUS,2026-10-10T06:13:55Z,h2h,2026-10-10T06:13:54Z,South Carolina Gamecocks,355,,20261010061359476901
NCAAF,americanfootball_ncaaf,9383cbbbb905d9ee50a3341f6945eae7,2026-10-10T16:45:00Z,Florida Gators,South Carolina Gamecocks,betus,BetUS,2026-10-10T06:13:55Z,spreads,2026-10-10T06:13:54Z,Florida Gators,-110,-11.0,20261010061359476901
NCAAF,americanfootball_ncaaf,9383cbbbb905d9ee50a3341f6945eae7,2026-10-10T16:45:00Z,Florida Gators,South Carolina Gamecocks,betus,BetUS,2026-10-10T06:13:55Z,spreads,2026-10-10T06:13:54Z,South Carolina Gamecocks,-110,11.0,20261010061359476901
NCAAF,americanfootball_ncaaf,9383cbbbb905d9ee50a3341f6945eae7,2026-10-10T16:45:00Z,Florida Gators,South Carolina Gamecocks,betus,BetUS,2026-10-10T06:13:55Z,totals,2026-10-10T06:13:54Z,Over,-110,59.0,20261010061359476901
NCAAF,americanfootball_ncaaf,9383cbbbb905d9ee50a3341f6945eae7,2026-10-10T16:45:00Z,Florida Gators,South Carolina Gamecocks,betus,BetUS,2026-10-10T06:13:55Z,totals,2026-10-10T06:13:54Z,Under,-110,59.0,20261010061359476901
NCAAF,americanfootball_ncaaf,310dd8851a99203930a45881b0156d36,2026-10-10T17:00:00Z,Appalachian State Mountaineers,Old Dominion Monarchs,draftkings,DraftKings,2026-10-10T06:13:23Z,h2h,2026-10-10T06:13:22Z,Appalachian State Mountaineers,-375,,20261010061359476901
NCAAF,americanfootball_ncaaf,310dd8851a99203930a45881b0156d36,2026-10-10T17:00:00Z,Appalachian State Mountaineers,Old Dominion Monarchs,draftkings,DraftKings,2026-10-10T06:13:23Z,h2h,2026-10-10T06:13:22Z,Old Dominion Monarchs,295,,20261010061359476901
NCAAF,americanfootball_ncaaf,310dd8851a99203930a45881b0156d36,2026-10-10T17:00:00Z,Appalachian State Mountaineers,Old Dominion Monarchs,draftkings,DraftKings,2026-10-10T06:13:23Z,spreads,2026-10-10T06:13:22Z,Appalachian State Mountaineers,-108,-10.0,20261010061359476901
NCAAF,americanfootball_ncaaf,310dd8851a99203930a45881b0156d36,2026-10-10T17:00:00Z,Appalachian State Mountaineers,Old Dominion Monarchs,draftkings,DraftKings,2026-10-10T06:13:23Z,spreads,2026-10-10T06:13:22Z,Old Dominion Monarchs,-112,10.0,20261010061359476901
NCAAF,americanfootball_ncaaf,310dd8851a99203930a45881b0156d36,2026-10-10T17:00:00Z,Appalachian State Mountaineers,Old Dominion Monarchs,draftkings,DraftKings,2026-10-10T06:13:23Z,totals,2026-10-10T06:13:22Z,Over,-108,47.5,20261010061359476901
NCAAF,americanfootball_ncaaf,310dd8851a99203930a45881b0156d36,2026-10-10T17:00:00Z,Appalachian State Mountaineers,Old Dominion Monarchs,draftkings,DraftKings,2026-10-10T06:13:23Z,totals,2026-10-10T06:13:22Z,Under,-112,47.5,20261010061359476901
NCAAF,americanfootball_ncaaf,310dd8851a99203930a45881b0156d36,2026-10-10T17:00:00Z,Appalachian State Mountaineers,Old Dominion Monarchs,fanduel,FanDuel,2026-10-10T06:13:39Z,h2h,2026-10-10T06:13:39Z,Appalachian State Mountaineers,-400,,20261010061359476901
NCAAF,americanfootball_ncaaf,310dd8851a99203930a45881b0156d36,2026-10-10T17:00:00Z,Appalachian State Mountaineers,Old Dominion Monarchs,fanduel,FanDuel,2026-10-10T06:13:39Z,h2h,2026-10-10T06:13:39Z,Old Dominion Monarchs,310,,20261010061359476901
NCAAF,americanfootball_ncaaf,310dd8851a99203930a45881b0156d36,2026-10-10T17:00:00Z,Appalachian State Mountaineers,Old Dominion Monarchs,fanduel,FanDuel,2026-10-10T06:13:39Z,spreads,2026-10-10T06:13:39Z,Appalachian State Mountaineers,-115,-9.5,20261010061359476901
NCAAF,americanfootball_ncaaf,310dd8851a99203930a45881b0156d36,2026-10-10T17:00:00Z,Appalachian State Mountaineers,Old Dominion Monarchs,fanduel,FanDuel,2026-10-10T06:13:39Z,spreads,2026-10-10T06:13:39Z,Old Dominion Monarchs,-105,9.5,20261010061359476901
NCAAF,americanfootball_ncaaf,310dd8851a99203930a45881b0156d36,2026-10-10T17:00:00Z,Appalachian State Mountaineers,Old Dominion Monarchs,fanduel,FanDuel,2026-10-10T06:13:39Z,totals,2026-10-10T06:13:39Z,Over,-110,46.5,20261010061359476901
NCAAF,americanfootball_ncaaf,310dd8851a99203930a45881b0156d36,2026-10-10T17:00:00Z,Appalachian State Mountaineers,Old Dominion Monarchs,fanduel,FanDuel,2026-10-10T06:13:39Z,totals,2026-10-10T06:13:39Z,Under,-110,46.5,20261010061359476901
NCAAF,americanfootball_ncaaf,310dd8851a99203930a45881b0156d36,2026-10-10T17:00:00Z,Appalachian State Mountaineers,Old Dominion Monarchs,lowvig,LowVig.ag,2026-10-10T06:13:39Z,h2h,2026-10-10T06:13:38Z,Appalachian State Mountaineers,-370,,20261010061359476901
NCAAF,americanfootball_ncaaf,310dd8851a99203930a45881b0156d36,2026-10-10T17:00:00Z,Appalachian State Mountaineers,Old Dominion Monarchs,lowvig,LowVig.ag,2026-10-10T06:13:39Z,h2h,2026-10-10T06:13:38Z,Old Dominion Monarchs,296,,20261010061359476901
NCAAF,americanfootball_ncaaf,310dd8851a99203930a45881b0156d36,2026-10-10T17:00:00Z,Appalachian State Mountaineers,Old Dominion Monarchs,lowvig,LowVig.ag,2026-10-10T06:13:39Z,spreads,2026-10-10T06:13:38Z,Appalachian State Mountaineers,-111,-9.5,20261010061359476901
NCAAF,americanfootball_ncaaf,310dd8851a99203930a45881b0156d36,2026-10-10T17:00:00Z,Appalachian State Mountaineers,Old Dominion Monarchs,lowvig,LowVig.ag,2026-10-10T06:13:39Z,spreads,2026-10-10T06:13:38Z,Old Dominion Monarchs,-101,9.5,20261010061359476901
NCAAF,americanfootball_ncaaf,310dd8851a99203930a45881b0156d36,2026-10-10T17:00:00Z,Appalachian State Mountaineers,Old Dominion Monarchs,lowvig,LowVig.ag,2026-10-10T06:13:39Z,totals,2026-10-10T06:13:38Z,Over,-103,47.0,20261010061359476901
NCAAF,americanfootball_ncaaf,310dd8851a99203930a45881b0156d36,2026-10-10T17:00:00Z,Appalachian State Mountaineers,Old Dominion Monarchs,lowvig,LowVig.ag,2026-10-10T06:13:39Z,totals,2026-10-10T06:13:38Z,Under,-114,47.0,20261010061359476901
NCAAF,americanfootball_ncaaf,310dd8851a99203930a45881b0156d36,2026-10-10T17:00:00Z,Appalachian State Mountaineers,Old Dominion Monarchs,betonlineag,BetOnline.ag,2026-10-10T06:13:21Z,h2h,2026-10-10T06:13:21Z,Appalachian State Mountaineers,-370,,20261010061359476901
NCAAF,americanfootball_ncaaf,310dd8851a99203930a45881b0156d36,2026-10-10T17:00:00Z,Appalachian State Mountaineers,Old Dominion Monarchs,betonlineag,BetOnline.ag,2026-10-10T06:13:21Z,h2h,2026-10-10T06:13:21Z,Old Dominion Monarchs,296,,20261010061359476901
NCAAF,americanfootball_ncaaf,310dd8851a99203930a45881b0156d36,2026-10-10T17:00:00Z,Appalachian State Mountaineers,Old Dominion Monarchs,betonlineag,BetOnline.ag,2026-10-10T06:13:21Z,spreads,2026-10-10T06:13:21Z,Appalachian State Mountaineers,-115,-9.5,20261010061359476901
NCAAF,americanfootball_ncaaf,310dd8851a99203930a45881b0156d36,2026-10-10T17:00:00Z,Appalachian State Mountaineers,Old Dominion Monarchs,betonlineag,BetOnline.ag,2026-10-10T06:13:21Z,spreads,2026-10-10T06:13:21Z,Old Dominion Monarchs,-105,9.5,20261010061359476901
NCAAF,americanfootball_ncaaf,310dd8851a99203930a45881b0156d36,2026-10-10T17:00:00Z,Appalachian State Mountaineers,Old Dominion Monarchs,betonlineag,BetOnline.ag,2026-10-10T06:13:21Z,totals,2026-10-10T06:13:21Z,Over,-105,47.0,20261010061359476901
NCAAF,americanfootball_ncaaf,310dd8851a99203930a45881b0156d36,2026-10-10T17:00:00Z,Appalachian State Mountaineers,Old Dominion Monarchs,betonlineag,BetOnline.ag,2026-10-10T06:13:21Z,totals,2026-10-10T06:13:21Z,Under,-115,47.0,20261010061359476901
NCAAF,americanfootball_ncaaf,310dd8851a99203930a45881b0156d36,2026-10-10T17:00:00Z,Appalachian State Mountaineers,Old Dominion Monarchs,betrivers,BetRivers,2026-10-10T06:13:23Z,h2h,2026-10-10T06:13:23Z,Appalachian State Mountaineers,-385,,20261010061359476901
NCAAF,americanfootball_ncaaf,310dd8851a99203930a45881b0156d36,2026-10-10T17:00:00Z,Appalachian State Mountaineers,Old Dominion Monarchs,betrivers,BetRivers,2026-10-10T06:13:23Z,h2h,2026-10-10T06:13:23Z,Old Dominion Monarchs,285,,20261010061359476901
NCAAF,americanfootball_ncaaf,310dd8851a99203930a45881b0156d36,2026-10-10T17:00:00Z,Appalachian State Mountaineers,Old Dominion Monarchs,betrivers,BetRivers,2026-10-10T06:13:23Z,spreads,2026-10-10T06:13:23Z,Appalachian State Mountaineers,-109,-10.0,20261010061359476901
NCAAF,americanfootball_ncaaf,310dd8851a99203930a45881b0156d36,2026-10-10T17:00:00Z,Appalachian State Mountaineers,Old Dominion Monarchs,betrivers,BetRivers,2026-10-10T06:13:23Z,spreads,2026-10-10T06:13:23Z,Old Dominion Monarchs,-113,10.0,20261010061359476901
NCAAF,americanfootball_ncaaf,310dd8851a99203930a45881b0156d36,2026-10-10T17:00:00Z,Appalachian State Mountaineers,Old Dominion Monarchs,betrivers,BetRivers,2026-10-10T06:13:23Z,totals,2026-10-10T06:13:23Z,Over,-108,47.5,20261010061359476901
NCAAF,americanfootball_ncaaf,310dd8851a99203930a45881b0156d36,2026-10-10T17:00:00Z,Appalachian State Mountaineers,Old Dominion Monarchs,betrivers,BetRivers,2026-10-10T06:13:23Z,totals,2026-10-10T06:13:23Z,Under,-115,47.5,20261010061359476901
NCAAF,americanfootball_ncaaf,310dd8851a99203930a45881b0156d36,2026-10-10T17:00:00Z,Appalachian State Mountaineers,Old Dominion Monarchs,betmgm,BetMGM,2026-10-10T06:13:39Z,h2h,2026-10-10T06:13:39Z,Appalachian State Mountaineers,-375,,20261010061359476901
NCAAF,americanfootball_ncaaf,310dd8851a99203930a45881b0156d36,2026-10-10T17:00:00Z,Appalachian State Mountaineers,Old Dominion Monarchs,betmgm,BetMGM,2026-10-10T06:13:39Z,h2h,2026-10-10T06:13:39Z,Old Dominion Monarchs,300,,20261010061359476901
NCAAF,americanfootball_ncaaf,310dd8851a99203930a45881b0156d36,2026-10-10T17:00:00Z,Appalachian State Mountaineers,Old Dominion Monarchs,betmgm,BetMGM,2026-10-10T06:13:39Z,spreads,2026-10-10T06:13:39Z,Appalachian State Mountaineers,-115,-9.5,20261010061359476901
NCAAF,americanfootball_ncaaf,310dd8851a99203930a45881b0156d36,2026-10-10T17:00:00Z,Appalachian State Mountaineers,Old Dominion Monarchs,betmgm,BetMGM,2026-10-10T06:13:39Z,spreads,2026-10-10T06:13:39Z,Old Dominion Monarchs,-105,9.5,20261010061359476901
NCAAF,americanfootball_ncaaf,310dd8851a99203930a45881b0156d36,2026-10-10T17:00:00Z,Appalachian State Mountaineers,Old Dominion Monarchs,betmgm,BetMGM,2026-10-10T06:13:39Z,totals,2026-10-10T06:13:39Z,Over,-110,47.5,20261010061359476901
NCAAF,americanfootball_ncaaf,310dd8851a99203930a45881b0156d36,2026-10-10T17:00:00Z,Appalachian State Mountaineers,Old Dominion Monarchs,betmgm,BetMGM,2026-10-10T06:13:39Z,totals,2026-10-10T06:13:39Z,Under,-110,47.5,20261010061359476901
NCAAF,americanfootball_ncaaf,310dd8851a99203930a45881b0156d36,2026-10-10T17:00:00Z,Appalachian State Mountaineers,Old Dominion Monarchs,mybookieag,MyBookie.ag,2026-10-10T06:13:29Z,h2h,2026-10-10T06:13:28Z,Appalachian State Mountaineers,-400,,20261010061359476901
NCAAF,americanfootball_ncaaf,310dd8851a99203930a45881b0156d36,2026-10-10T17:00:00Z,Appalachian State Mountaineers,Old Dominion Monarchs,mybookieag,MyBookie.ag,2026-10-10T06:13:29Z,h2h,2026-10-10T06:13:28Z,Old Dominion Monarchs,300,,20261010061359476901
NCAAF,americanfootball_ncaaf,310dd8851a99203930a45881b0156d36,2026-10-10T17:00:00Z,Appalachian State Mountaineers,Old Dominion Monarchs,mybookieag,MyBookie.ag,2026-10-10T06:13:29Z,spreads,2026-10-10T06:13:28Z,Appalachian State Mountaineers,-110,-9.5,20261010061359476901
NCAAF,americanfootball_ncaaf,310dd8851a99203930a45881b0156d36,2026-10-10T17:00:00Z,Appalachian State Mountaineers,Old Dominion Monarchs,mybookieag,MyBookie.ag,2026-10-10T06:13:29Z,spreads,2026-10-10T06:13:28Z,Old Dominion Monarchs,-110,9.5,20261010061359476901
NCAAF,americanfootball_ncaaf,310dd8851a99203930a45881b0156d36,2026-10-10T17:00:00Z,Appalachian State Mountaineers,Old Dominion Monarchs,mybookieag,MyBookie.ag,2026-10-10T06:13:29Z,totals,2026-10-10T06:13:28Z,Over,-110,47.5,20261010061359476901
NCAAF,americanfootball_ncaaf,310dd8851a99203930a45881b0156d36,2026-10-10T17:00:00Z,Appalachian State Mountaineers,Old Dominion Monarchs,mybookieag,MyBookie.ag,2026-10-10T06:13:29Z,totals,2026-10-10T06:13:28Z,Under,-110,47.5,20261010061359476901
NCAAF,americanfootball_ncaaf,310dd8851a99203930a45881b0156d36,2026-10-10T17:00:00Z,Appalachian State Mountaineers,Old Dominion Monarchs,bovada,Bovada,2026-10-10T06:12:36Z,h2h,2026-10-10T06:12:35Z,Appalachian State Mountaineers,-390,,20261010061359476901
NCAAF,americanfootball_ncaaf,310dd8851a99203930a45881b0156d36,2026-10-10T17:00:00Z,Appalachian State Mountaineers,Old Dominion Monarchs,bovada,Bovada,2026-10-10T06:12:36Z,h2h,2026-10-10T06:12:35Z,Old Dominion Monarchs,295,,20261010061359476901
NCAAF,americanfootball_ncaaf,310dd8851a99203930a45881b0156d36,2026-10-10T17:00:00Z,Appalachian State Mountaineers,Old Dominion Monarchs,bovada,Bovada,2026-10-10T06:12:36Z,spreads,2026-10-10T06:12:35Z,Appalachian State Mountaineers,-105,-10.0,20261010061359476901
NCAAF,americanfootball_ncaaf,310dd8851a99203930a45881b0156d36,2026-10-10T17:00:00Z,Appalachian State Mountaineers,Old Dominion Monarchs,bovada,Bovada,2026-10-10T06:12:36Z,spreads,2026-10-10T06:12:35Z,Old Dominion Monarchs,-115,10.0,20261010061359476901
NCAAF,americanfootball_ncaaf,310dd8851a99203930a45881b0156d36,2026-10-10T17:00:00Z,Appalachian State Mountaineers,Old Dominion Monarchs,bovada,Bovada,2026-10-10T06:12:36Z,totals,2026-10-10T06:12:35Z,Over,-110,47.5,20261010061359476901
NCAAF,americanfootball_ncaaf,310dd8851a99203930a45881b0156d36,2026-10-10T17:00:00Z,Appalachian State Mountaineers,Old Dominion Monarchs,bovada,Bovada,2026-10-10T06:12:36Z,totals,2026-10-10T06:12:35Z,Under,-110,47.5,20261010061359476901
NCAAF,americanfootball_ncaaf,310dd8851a99203930a45881b0156d36,2026-10-10T17:00:00Z,Appalachian State Mountaineers,Old Dominion Monarchs,betus,BetUS,2026-10-10T06:13:55Z,h2h,2026-10-10T06:13:55Z,Appalachian State Mountaineers,-370,,20261010061359476901
NCAAF,americanfootball_ncaaf,310dd8851a99203930a45881b0156d36,2026-10-10T17:00:00Z,Appalachian State Mountaineers,Old Dominion Monarchs,betus,BetUS,2026-10-10T06:13:55Z,h2h,2026-10-10T06:13:55Z,Old Dominion Monarchs,295,,20261010061359476901
NCAAF,americanfootball_ncaaf,310dd8851a99203930a45881b0156d36,2026-10-10T17:00:00Z,Appalachian State Mountaineers,Old Dominion Monarchs,betus,BetUS,2026-10-10T06:13:55Z,spreads,2026-10-10T06:13:55Z,Appalachian State Mountaineers,-110,-10.0,20261010061359476901
NCAAF,americanfootball_ncaaf,310dd8851a99203930a45881b0156d36,2026-10-10T17:00:00Z,Appalachian State Mountaineers,Old Dominion Monarchs,betus,BetUS,2026-10-10T06:13:55Z,spreads,2026-10-10T06:13:55Z,Old Dominion Monarchs,-110,10.0,20261010061359476901
NCAAF,americanfootball_ncaaf,310dd8851a99203930a45881b0156d36,2026-10-10T17:00:00Z,Appalachian State Mountaineers,Old Dominion Monarchs,betus,BetUS,2026-10-10T06:13:55Z,totals,2026-10-10T06:13:55Z,Over,-105,47.0,20261010061359476901
NCAAF,americanfootball_ncaaf,310dd8851a99203930a45881b0156d36,2026-10-10T17:00:00Z,Appalachian State Mountaineers,Old Dominion Monarchs,betus,BetUS,2026-10-10T06:13:55Z,totals,2026-10-10T06:13:55Z,Under,-115,47.0,20261010061359476901
NCAAF,americanfootball_ncaaf,f513c11a62ce92d74d70cf446e92e197,2026-10-10T17:00:00Z,East Carolina Pirates,Rice Owls,draftkings,DraftKings,2026-10-10T06:13:23Z,h2h,2026-10-10T06:13:22Z,East Carolina Pirates,-380,,20261010061359476901
NCAAF,americanfootball_ncaaf,f513c11a62ce92d74d70cf446e92e197,2026-10-10T17:00:00Z,East Carolina Pirates,Rice Owls,draftkings,DraftKings,2026-10-10T06:13:23Z,h2h,2026-10-10T06:13:22Z,Rice Owls,300,,20261010061359476901
NCAAF,americanfootball_ncaaf,f513c11a62ce92d74d70cf446e92e197,2026-10-10T17:00:00Z,East Carolina Pirates,Rice Owls,draftkings,DraftKings,2026-10-10T06:13:23Z,spreads,2026-10-10T06:13:22Z,East Carolina Pirates,-110,-10.0,20261010061359476901
NCAAF,americanfootball_ncaaf,f513c11a62ce92d74d70cf446e92e197,2026-10-10T17:00:00Z,East Carolina Pirates,Rice Owls,draftkings,DraftKings,2026-10-10T06:13:23Z,spreads,2026-10-10T06:13:22Z,Rice Owls,-110,10.0,20261010061359476901
NCAAF,americanfootball_ncaaf,f513c11a62ce92d74d70cf446e92e197,2026-10-10T17:00:00Z,East Carolina Pirates,Rice Owls,draftkings,DraftKings,2026-10-10T06:13:23Z,totals,2026-10-10T06:13:22Z,Over,-110,46.5,20261010061359476901
NCAAF,americanfootball_ncaaf,f513c11a62ce92d74d70cf446e92e197,2026-10-10T17:00:00Z,East Carolina Pirates,Rice Owls,draftkings,DraftKings,2026-10-10T06:13:23Z,totals,2026-10-10T06:13:22Z,Under,-110,46.5,20261010061359476901
NCAAF,americanfootball_ncaaf,f513c11a62ce92d74d70cf446e92e197,2026-10-10T17:00:00Z,East Carolina Pirates,Rice Owls,lowvig,LowVig.ag,2026-10-10T06:13:39Z,h2h,2026-10-10T06:13:38Z,East Carolina Pirates,-380,,20261010061359476901
NCAAF,americanfootball_ncaaf,f513c11a62ce92d74d70cf446e92e197,2026-10-10T17:00:00Z,East Carolina Pirates,Rice Owls,lowvig,LowVig.ag,2026-10-10T06:13:39Z,h2h,2026-10-10T06:13:38Z,Rice Owls,303,,20261010061359476901
NCAAF,americanfootball_ncaaf,f513c11a62ce92d74d70cf446e92e197,2026-10-10T17:00:00Z,East Carolina Pirates,Rice Owls,lowvig,LowVig.ag,2026-10-10T06:13:39Z,spreads,2026-10-10T06:13:38Z,East Carolina Pirates,-108,-10.0,20261010061359476901
NCAAF,americanfootball_ncaaf,f513c11a62ce92d74d70cf446e92e197,2026-10-10T17:00:00Z,East Carolina Pirates,Rice Owls,lowvig,LowVig.ag,2026-10-10T06:13:39Z,spreads,2026-10-10T06:13:38Z,Rice Owls,-104,10.0,20261010061359476901
NCAAF,americanfootball_ncaaf,f513c11a62ce92d74d70cf446e92e197,2026-10-10T17:00:00Z,East Carolina Pirates,Rice Owls,lowvig,LowVig.ag,2026-10-10T06:13:39Z,totals,2026-10-10T06:13:38Z,Over,-108,46.5,20261010061359476901
NCAAF,americanfootball_ncaaf,f513c11a62ce92d74d70cf446e92e197,2026-10-10T17:00:00Z,East Carolina Pirates,Rice Owls,lowvig,LowVig.ag,2026-10-10T06:13:39Z,totals,2026-10-10T06:13:38Z,Under,-108,46.5,20261010061359476901
NCAAF,americanfootball_ncaaf,f513c11a62ce92d74d70cf446e92e197,2026-10-10T17:00:00Z,East Carolina Pirates,Rice Owls,betonlineag,BetOnline.ag,2026-10-10T06:13:21Z,h2h,2026-10-10T06:13:21Z,East Carolina Pirates,-380,,20261010061359476901
NCAAF,americanfootball_ncaaf,f513c11a62ce92d74d70cf446e92e197,2026-10-10T17:00:00Z,East Carolina Pirates,Rice Owls,betonlineag,BetOnline.ag,2026-10-10T06:13:21Z,h2h,2026-10-10T06:13:21Z,Rice Owls,303,,20261010061359476901
NCAAF,americanfootball_ncaaf,f513c11a62ce92d74d70cf446e92e197,2026-10-10T17:00:00Z,East Carolina Pirates,Rice Owls,betonlineag,BetOnline.ag,2026-10-10T06:13:21Z,spreads,2026-10-10T06:13:21Z,East Carolina Pirates,-112,-10.0,20261010061359476901
NCAAF,americanfootball_ncaaf,f513c11a62ce92d74d70cf446e92e197,2026-10-10T17:00:00Z,East Carolina Pirates,Rice Owls,betonlineag,BetOnline.ag,2026-10-10T06:13:21Z,spreads,2026-10-10T06:13:21Z,Rice Owls,-108,10.0,20261010061359476901
NCAAF,americanfootball_ncaaf,f513c11a62ce92d74d70cf446e92e197,2026-10-10T17:00:00Z,East Carolina Pirates,Rice Owls,betonlineag,BetOnline.ag,2026-10-10T06:13:21Z,totals,2026-10-10T06:13:21Z,Over,-110,46.5,20261010061359476901
NCAAF,americanfootball_ncaaf,f513c11a62ce92d74d70cf446e92e197,2026-10-10T17:00:00Z,East Carolina Pirates,Rice Owls,betonlineag,BetOnline.ag,2026-10-10T06:13:21Z,totals,2026-10-10T06:13:21Z,Under,-110,46.5,20261010061359476901
NCAAF,americanfootball_ncaaf,f513c11a62ce92d74d70cf446e92e197,2026-10-10T17:00:00Z,East Carolina Pirates,Rice Owls,fanduel,FanDuel,2026-10-10T06:13:39Z,h2h,2026-10-10T06:13:39Z,East Carolina Pirates,-375,,20261010061359476901
NCAAF,americanfootball_ncaaf,f513c11a62ce92d74d70cf446e92e197,2026-10-10T17:00:00Z,East Carolina Pirates,Rice Owls,fanduel,FanDuel,2026-10-10T06:13:39Z,h2h,2026-10-10T06:13:39Z,Rice Owls,290,,20261010061359476901
NCAAF,americanfootball_ncaaf,f513c11a62ce92d74d70cf446e92e197,2026-10-10T17:00:00Z,East Carolina Pirates,Rice Owls,fanduel,FanDuel,2026-10-10T06:13:39Z,spreads,2026-10-10T06:13:39Z,East Carolina Pirates,-110,-9.5,20261010061359476901
NCAAF,americanfootball_ncaaf,f513c11a62ce92d74d70cf446e92e197,2026-10-10T17:00:00Z,East Carolina Pirates,Rice Owls,fanduel,FanDuel,2026-10-10T06:13:39Z,spreads,2026-10-10T06:13:39Z,Rice Owls,-110,9.5,20261010061359476901
NCAAF,americanfootball_ncaaf,f513c11a62ce92d74d70cf446e92e197,2026-10-10T17:00:00Z,East Carolina Pirates,Rice Owls,fanduel,FanDuel,2026-10-10T06:13:39Z,totals,2026-10-10T06:13:39Z,Over,-108,46.5,20261010061359476901
NCAAF,americanfootball_ncaaf,f513c11a62ce92d74d70cf446e92e197,2026-10-10T17:00:00Z,East Carolina Pirates,Rice Owls,fanduel,FanDuel,2026-10-10T06:13:39Z,totals,2026-10-10T06:13:39Z,Under,-112,46.5,20261010061359476901
NCAAF,americanfootball_ncaaf,f513c11a62ce92d74d70cf446e92e197,2026-10-10T17:00:00Z,East Carolina Pirates,Rice Owls,betmgm,BetMGM,2026-10-10T06:13:39Z,h2h,2026-10-10T06:13:39Z,East Carolina Pirates,-375,,20261010061359476901
NCAAF,americanfootball_ncaaf,f513c11a62ce92d74d70cf446e92e197,2026-10-10T17:00:00Z,East Carolina Pirates,Rice Owls,betmgm,BetMGM,2026-10-10T06:13:39Z,h2h,2026-10-10T06:13:39Z,Rice Owls,290,,20261010061359476901
NCAAF,americanfootball_ncaaf,f513c11a62ce92d74d70cf446e92e197,2026-10-10T17:00:00Z,East Carolina Pirates,Rice Owls,betmgm,BetMGM,2026-10-10T06:13:39Z,spreads,2026-10-10T06:13:39Z,East Carolina Pirates,-110,-10.0,20261010061359476901
NCAAF,americanfootball_ncaaf,f513c11a62ce92d74d70cf446e92e197,2026-10-10T17:00:00Z,East Carolina Pirates,Rice Owls,betmgm,BetMGM,2026-10-10T06:13:39Z,spreads,2026-10-10T06:13:39Z,Rice Owls,-110,10.0,20261010061359476901
NCAAF,americanfootball_ncaaf,f513c11a62ce92d74d70cf446e92e197,2026-10-10T17:00:00Z,East Carolina Pirates,Rice Owls,betmgm,BetMGM,2026-10-10T06:13:39Z,totals,2026-10-10T06:13:39Z,Over,-105,47.5,20261010061359476901
NCAAF,americanfootball_ncaaf,f513c11a62ce92d74d70cf446e92e197,2026-10-10T17:00:00Z,East Carolina Pirates,Rice Owls,betmgm,BetMGM,2026-10-10T06:13:39Z,totals,2026-10-10T06:13:39Z,Under,-115,47.5,20261010061359476901
NCAAF,americanfootball_ncaaf,f513c11a62ce92d74d70cf446e92e197,2026-10-10T17:00:00Z,East Carolina Pirates,Rice Owls,mybookieag,MyBookie.ag,2026-10-10T06:13:29Z,h2h,2026-10-10T06:13:28Z,East Carolina Pirates,-408,,20261010061359476901
NCAAF,americanfootball_ncaaf,f513c11a62ce92d74d70cf446e92e197,2026-10-10T17:00:00Z,East Carolina Pirates,Rice Owls,mybookieag,MyBookie.ag,2026-10-10T06:13:29Z,h2h,2026-10-10T06:13:28Z,Rice Owls,303,,20261010061359476901
NCAAF,americanfootball_ncaaf,f513c11a62ce92d74d70cf446e92e197,2026-10-10T17:00:00Z,East Carolina Pirates,Rice Owls,mybookieag,MyBookie.ag,2026-10-10T06:13:29Z,spreads,2026-10-10T06:13:28Z,East Carolina Pirates,-110,-10.0,20261010061359476901
NCAAF,americanfootball_ncaaf,f513c11a62ce92d74d70cf446e92e197,2026-10-10T17:00:00Z,East Carolina Pirates,Rice Owls,mybookieag,MyBookie.ag,2026-10-10T06:13:29Z,spreads,2026-10-10T06:13:28Z,Rice Owls,-110,10.0,20261010061359476901
NCAAF,americanfootball_ncaaf,f513c11a62ce92d74d70cf446e92e197,2026-10-10T17:00:00Z,East Carolina Pirates,Rice Owls,mybookieag,MyBookie.ag,2026-10-10T06:13:29Z,totals,2026-10-10T06:13:28Z,Over,-110,46.5,20261010061359476901
NCAAF,americanfootball_ncaaf,f513c11a62ce92d74d70cf446e92e197,2026-10-10T17:00:00Z,East Carolina Pirates,Rice Owls,mybookieag,MyBookie.ag,2026-10-10T06:13:29Z,totals,2026-10-10T06:13:28Z,Under,-110,46.5,20261010061359476901
NCAAF,americanfootball_ncaaf,f513c11a62ce92d74d70cf446e92e197,2026-10-10T17:00:00Z,East Carolina Pirates,Rice Owls,bovada,Bovada,2026-10-10T06:12:36Z,h2h,2026-10-10T06:12:35Z,East Carolina Pirates,-415,,20261010061359476901
NCAAF,americanfootball_ncaaf,f513c11a62ce92d74d70cf446e92e197,2026-10-10T17:00:00Z,East Carolina Pirates,Rice Owls,bovada,Bovada,2026-10-10T06:12:36Z,h2h,2026-10-10T06:12:35Z,Rice Owls,310,,20261010061359476901
NCAAF,americanfootball_ncaaf,f513c11a62ce92d74d70cf446e92e197,2026-10-10T17:00:00Z,East Carolina Pirates,Rice Owls,bovada,Bovada,2026-10-10T06:12:36Z,spreads,2026-10-10T06:12:35Z,East Carolina Pirates,-115,-10.0,20261010061359476901
NCAAF,americanfootball_ncaaf,f513c11a62ce92d74d70cf446e92e197,2026-10-10T17:00:00Z,East Carolina Pirates,Rice Owls,bovada,Bovada,2026-10-10T06:12:36Z,spreads,2026-10-10T06:12:35Z,Rice Owls,-105,10.0,20261010061359476901
NCAAF,americanfootball_ncaaf,f513c11a62ce92d74d70cf446e92e197,2026-10-10T17:00:00Z,East Carolina Pirates,Rice Owls,bovada,Bovada,2026-10-10T06:12:36Z,totals,2026-10-10T06:12:35Z,Over,-110,46.5,20261010061359476901
NCAAF,americanfootball_ncaaf,f513c11a62ce92d74d70cf446e92e197,2026-10-10T17:00:00Z,East Carolina Pirates,Rice Owls,bovada,Bovada,2026-10-10T06:12:36Z,totals,2026-10-10T06:12:35Z,Under,-110,46.5,20261010061359476901
NCAAF,americanfootball_ncaaf,f513c11a62ce92d74d70cf446e92e197,2026-10-10T17:00:00Z,East Carolina Pirates,Rice Owls,betus,BetUS,2026-10-10T06:13:55Z,h2h,2026-10-10T06:13:55Z,East Carolina Pirates,-380,,20261010061359476901
NCAAF,americanfootball_ncaaf,f513c11a62ce92d74d70cf446e92e197,2026-10-10T17:00:00Z,East Carolina Pirates,Rice Owls,betus,BetUS,2026-10-10T06:13:55Z,h2h,2026-10-10T06:13:55Z,Rice Owls,305,,20261010061359476901
NCAAF,americanfootball_ncaaf,f513c11a62ce92d74d70cf446e92e197,2026-10-10T17:00:00Z,East Carolina Pirates,Rice Owls,betus,BetUS,2026-10-10T06:13:55Z,spreads,2026-10-10T06:13:55Z,East Carolina Pirates,-110,-10.0,20261010061359476901
NCAAF,americanfootball_ncaaf,f513c11a62ce92d74d70cf446e92e197,2026-10-10T17:00:00Z,East Carolina Pirates,Rice Owls,betus,BetUS,2026-10-10T06:13:55Z,spreads,2026-10-10T06:13:55Z,Rice Owls,-110,10.0,20261010061359476901
NCAAF,americanfootball_ncaaf,f513c11a62ce92d74d70cf446e92e197,2026-10-10T17:00:00Z,East Carolina Pirates,Rice Owls,betus,BetUS,2026-10-10T06:13:55Z,totals,2026-10-10T06:13:55Z,Over,-110,46.5,20261010061359476901
NCAAF,americanfootball_ncaaf,f513c11a62ce92d74d70cf446e92e197,2026-10-10T17:00:00Z,East Carolina Pirates,Rice Owls,betus,BetUS,2026-10-10T06:13:55Z,totals,2026-10-10T06:13:55Z,Under,-110,46.5,20261010061359476901
NCAAF,americanfootball_ncaaf,f513c11a62ce92d74d70cf446e92e197,2026-10-10T17:00:00Z,East Carolina Pirates,Rice Owls,betrivers,BetRivers,2026-10-10T06:13:23Z,h2h,2026-10-10T06:13:23Z,East Carolina Pirates,-400,,20261010061359476901
NCAAF,americanfootball_ncaaf,f513c11a62ce92d74d70cf446e92e197,2026-10-10T17:00:00Z,East Carolina Pirates,Rice Owls,betrivers,BetRivers,2026-10-10T06:13:23Z,h2h,2026-10-10T06:13:23Z,Rice Owls,295,,20261010061359476901
NCAAF,americanfootball_ncaaf,f513c11a62ce92d74d70cf446e92e197,2026-10-10T17:00:00Z,East Carolina Pirates,Rice Owls,betrivers,BetRivers,2026-10-10T06:13:23Z,spreads,2026-10-10T06:13:23Z,East Carolina Pirates,-108,-10.0,20261010061359476901
NCAAF,americanfootball_ncaaf,f513c11a62ce92d74d70cf446e92e197,2026-10-10T17:00:00Z,East Carolina Pirates,Rice Owls,betrivers,BetRivers,2026-10-10T06:13:23Z,spreads,2026-10-10T06:13:23Z,Rice Owls,-115,10.0,20261010061359476901
NCAAF,americanfootball_ncaaf,f513c11a62ce92d74d70cf446e92e197,2026-10-10T17:00:00Z,East Carolina Pirates,Rice Owls,betrivers,BetRivers,2026-10-10T06:13:23Z,totals,2026-10-10T06:13:23Z,Over,-114,46.5,20261010061359476901
NCAAF,americanfootball_ncaaf,f513c11a62ce92d74d70cf446e92e197,2026-10-10T17:00:00Z,East Carolina Pirates,Rice Owls,betrivers,BetRivers,2026-10-10T06:13:23Z,totals,2026-10-10T06:13:23Z,Under,-109,46.5,20261010061359476901
NCAAF,americanfootball_ncaaf,43dda5e509a9619bee41f752a2c25fa7,2026-10-10T18:00:00Z,UMass Minutemen,Miami (OH) RedHawks,draftkings,DraftKings,2026-10-10T06:13:23Z,h2h,2026-10-10T06:13:22Z,Miami (OH) RedHawks,-198,,20261010061359476901
NCAAF,americanfootball_ncaaf,43dda5e509a9619bee41f752a2c25fa7,2026-10-10T18:00:00Z,UMass Minutemen,Miami (OH) RedHawks,draftkings,DraftKings,2026-10-10T06:13:23Z,h2h,2026-10-10T06:13:22Z,UMass Minutemen,164,,20261010061359476901
NCAAF,americanfootball_ncaaf,43dda5e509a9619bee41f752a2c25fa7,2026-10-10T18:00:00Z,UMass Minutemen,Miami (OH) RedHawks,draftkings,DraftKings,2026-10-10T06:13:23Z,spreads,2026-10-10T06:13:22Z,Miami (OH) RedHawks,-112,-4.5,20261010061359476901
NCAAF,americanfootball_ncaaf,43dda5e509a9619bee41f752a2c25fa7,2026-10-10T18:00:00Z,UMass Minutemen,Miami (OH) RedHawks,draftkings,DraftKings,2026-10-10T06:13:23Z,spreads,2026-10-10T06:13:22Z,UMass Minutemen,-108,4.5,20261010061359476901
NCAAF,americanfootball_ncaaf,43dda5e509a9619bee41f752a2c25fa7,2026-10-10T18:00:00Z,UMass Minutemen,Miami (OH) RedHawks,draftkings,DraftKings,2026-10-10T06:13:23Z,totals,2026-10-10T06:13:22Z,Over,-110,44.5,20261010061359476901
NCAAF,americanfootball_ncaaf,43dda5e509a9619bee41f752a2c25fa7,2026-10-10T18:00:00Z,UMass Minutemen,Miami (OH) RedHawks,draftkings,DraftKings,2026-10-10T06:13:23Z,totals,2026-10-10T06:13:22Z,Under,-110,44.5,20261010061359476901
NCAAF,americanfootball_ncaaf,43dda5e509a9619bee41f752a2c25fa7,2026-10-10T18:00:00Z,UMass Minutemen,Miami (OH) RedHawks,lowvig,LowVig.ag,2026-10-10T06:13:39Z,h2h,2026-10-10T06:13:38Z,Miami (OH) RedHawks,-185,,20261010061359476901
NCAAF,americanfootball_ncaaf,43dda5e509a9619bee41f752a2c25fa7,2026-10-10T18:00:00Z,UMass Minutemen,Miami (OH) RedHawks,lowvig,LowVig.ag,2026-10-10T06:13:39Z,h2h,2026-10-10T06:13:38Z,UMass Minutemen,161,,20261010061359476901
NCAAF,americanfootball_ncaaf,43dda5e509a9619bee41f752a2c25fa7,2026-10-10T18:00:00Z,UMass Minutemen,Miami (OH) RedHawks,lowvig,LowVig.ag,2026-10-10T06:13:39Z,spreads,2026-10-10T06:13:38Z,Miami (OH) RedHawks,-109,-4.0,20261010061359476901
NCAAF,americanfootball_ncaaf,43dda5e509a9619bee41f752a2c25fa7,2026-10-10T18:00:00Z,UMass Minutemen,Miami (OH) RedHawks,lowvig,LowVig.ag,2026-10-10T06:13:39Z,spreads,2026-10-10T06:13:38Z,UMass Minutemen,-103,4.0,20261010061359476901
NCAAF,americanfootball_ncaaf,43dda5e509a9619bee41f752a2c25fa7,2026-10-10T18:00:00Z,UMass Minutemen,Miami (OH) RedHawks,lowvig,LowVig.ag,2026-10-10T06:13:39Z,totals,2026-10-10T06:13:38Z,Over,-119,44.5,20261010061359476901
NCAAF,americanfootball_ncaaf,43dda5e509a9619bee41f752a2c25fa7,2026-10-10T18:00:00Z,UMass Minutemen,Miami (OH) RedHawks,lowvig,LowVig.ag,2026-10-10T06:13:39Z,totals,2026-10-10T06:13:38Z,Under,102,44.5,20261010061359476901
NCAAF,americanfootball_ncaaf,43dda5e509a9619bee41f752a2c25fa7,2026-10-10T18:00:00Z,UMass Minutemen,Miami (OH) RedHawks,betonlineag,BetOnline.ag,2026-10-10T06:13:21Z,h2h,2026-10-10T06:13:21Z,Miami (OH) RedHawks,-185,,20261010061359476901
NCAAF,americanfootball_ncaaf,43dda5e509a9619bee41f752a2c25fa7,2026-10-10T18:00:00Z,UMass Minutemen,Miami (OH) RedHawks,betonlineag,BetOnline.ag,2026-10-10T06:13:21Z,h2h,2026-10-10T06:13:21Z,UMass Minutemen,161,,20261010061359476901
NCAAF,americanfootball_ncaaf,43dda5e509a9619bee41f752a2c25fa7,2026-10-10T18:00:00Z,UMass Minutemen,Miami (OH) RedHawks,betonlineag,BetOnline.ag,2026-10-10T06:13:21Z,spreads,2026-10-10T06:13:21Z,Miami (OH) RedHawks,-113,-4.0,20261010061359476901
NCAAF,americanfootball_ncaaf,43dda5e509a9619bee41f752a2c25fa7,2026-10-10T18:00:00Z,UMass Minutemen,Miami (OH) RedHawks,betonlineag,BetOnline.ag,2026-10-10T06:13:21Z,spreads,2026-10-10T06:13:21Z,UMass Minutemen,-107,4.0,20261010061359476901
NCAAF,americanfootball_ncaaf,43dda5e509a9619bee41f752a2c25fa7,2026-10-10T18:00:00Z,UMass Minutemen,Miami (OH) RedHawks,betonlineag,BetOnline.ag,2026-10-10T06:13:21Z,totals,2026-10-10T06:13:21Z,Over,-120,44.5,20261010061359476901
NCAAF,americanfootball_ncaaf,43dda5e509a9619bee41f752a2c25fa7,2026-10-10T18:00:00Z,UMass Minutemen,Miami (OH) RedHawks,betonlineag,BetOnline.ag,2026-10-10T06:13:21Z,totals,2026-10-10T06:13:21Z,Under,100,44.5,20261010061359476901
NCAAF,americanfootball_ncaaf,43dda5e509a9619bee41f752a2c25fa7,2026-10-10T18:00:00Z,UMass Minutemen,Miami (OH) RedHawks,fanduel,FanDuel,2026-10-10T06:13:39Z,h2h,2026-10-10T06:13:39Z,Miami (OH) RedHawks,-200,,20261010061359476901
NCAAF,americanfootball_ncaaf,43dda5e509a9619bee41f752a2c25fa7,2026-10-10T18:00:00Z,UMass Minutemen,Miami (OH) RedHawks,fanduel,FanDuel,2026-10-10T06:13:39Z,h2h,2026-10-10T06:13:39Z,UMass Minutemen,164,,20261010061359476901
NCAAF,americanfootball_ncaaf,43dda5e509a9619bee41f752a2c25fa7,2026-10-10T18:00:00Z,UMass Minutemen,Miami (OH) RedHawks,fanduel,FanDuel,2026-10-10T06:13:39Z,spreads,2026-10-10T06:13:39Z,Miami (OH) RedHawks,-110,-4.5,20261010061359476901
NCAAF,americanfootball_ncaaf,43dda5e509a9619bee41f752a2c25fa7,2026-10-10T18:00:00Z,UMass Minutemen,Miami (OH) RedHawks,fanduel,FanDuel,2026-10-10T06:13:39Z,spreads,2026-10-10T06:13:39Z,UMass Minutemen,-110,4.5,20261010061359476901
NCAAF,americanfootball_ncaaf,43dda5e509a9619bee41f752a2c25fa7,2026-10-10T18:00:00Z,UMass Minutemen,Miami (OH) RedHawks,fanduel,FanDuel,2026-10-10T06:13:39Z,totals,2026-10-10T06:13:39Z,Over,-104,44.5,20261010061359476901
NCAAF,americanfootball_ncaaf,43dda5e509a9619bee41f752a2c25fa7,2026-10-10T18:00:00Z,UMass Minutemen,Miami (OH) RedHawks,fanduel,FanDuel,2026-10-10T06:13:39Z,totals,2026-10-10T06:13:39Z,Under,-118,44.5,20261010061359476901
NCAAF,americanfootball_ncaaf,43dda5e509a9619bee41f752a2c25fa7,2026-10-10T18:00:00Z,UMass Minutemen,Miami (OH) RedHawks,betmgm,BetMGM,2026-10-10T06:13:39Z,h2h,2026-10-10T06:13:39Z,Miami (OH) RedHawks,-185,,20261010061359476901
NCAAF,americanfootball_ncaaf,43dda5e509a9619bee41f752a2c25fa7,2026-10-10T18:00:00Z,UMass Minutemen,Miami (OH) RedHawks,betmgm,BetMGM,2026-10-10T06:13:39Z,h2h,2026-10-10T06:13:39Z,UMass Minutemen,150,,20261010061359476901
NCAAF,americanfootball_ncaaf,43dda5e509a9619bee41f752a2c25fa7,2026-10-10T18:00:00Z,UMass Minutemen,Miami (OH) RedHawks,betmgm,BetMGM,2026-10-10T06:13:39Z,totals,2026-10-10T06:13:39Z,Over,-110,44.5,20261010061359476901
NCAAF,americanfootball_ncaaf,43dda5e509a9619bee41f752a2c25fa7,2026-10-10T18:00:00Z,UMass Minutemen,Miami (OH) RedHawks,betmgm,BetMGM,2026-10-10T06:13:39Z,totals,2026-10-10T06:13:39Z,Under,-110,44.5,20261010061359476901
NCAAF,americanfootball_ncaaf,43dda5e509a9619bee41f752a2c25fa7,2026-10-10T18:00:00Z,UMass Minutemen,Miami (OH) RedHawks,mybookieag,MyBookie.ag,2026-10-10T06:13:29Z,totals,2026-10-10T06:13:28Z,Over,-110,44.5,20261010061359476901
NCAAF,americanfootball_ncaaf,43dda5e509a9619bee41f752a2c25fa7,2026-10-10T18:00:00Z,UMass Minutemen,Miami (OH) RedHawks,mybookieag,MyBookie.ag,2026-10-10T06:13:29Z,totals,2026-10-10T06:13:28Z,Under,-110,44.5,20261010061359476901
NCAAF,americanfootball_ncaaf,43dda5e509a9619bee41f752a2c25fa7,2026-10-10T18:00:00Z,UMass Minutemen,Miami (OH) RedHawks,bovada,Bovada,2026-10-10T06:12:36Z,h2h,2026-10-10T06:12:35Z,Miami (OH) RedHawks,-195,,20261010061359476901
NCAAF,americanfootball_ncaaf,43dda5e509a9619bee41f752a2c25fa7,2026-10-10T18:00:00Z,UMass Minutemen,Miami (OH) RedHawks,bovada,Bovada,2026-10-10T06:12:36Z,h2h,2026-10-10T06:12:35Z,UMass Minutemen,165,,20261010061359476901
NCAAF,americanfootball_ncaaf,43dda5e509a9619bee41f752a2c25fa7,2026-10-10T18:00:00Z,UMass Minutemen,Miami (OH) RedHawks,bovada,Bovada,2026-10-10T06:12:36Z,spreads,2026-10-10T06:12:35Z,Miami (OH) RedHawks,-110,-5.0,20261010061359476901
NCAAF,americanfootball_ncaaf,43dda5e509a9619bee41f752a2c25fa7,2026-10-10T18:00:00Z,UMass Minutemen,Miami (OH) RedHawks,bovada,Bovada,2026-10-10T06:12:36Z,spreads,2026-10-10T06:12:35Z,UMass Minutemen,-110,5.0,20261010061359476901
NCAAF,americanfootball_ncaaf,43dda5e509a9619bee41f752a2c25fa7,2026-10-10T18:00:00Z,UMass Minutemen,Miami (OH) RedHawks,bovada,Bovada,2026-10-10T06:12:36Z,totals,2026-10-10T06:12:35Z,Over,-115,44.5,20261010061359476901
NCAAF,americanfootball_ncaaf,43dda5e509a9619bee41f752a2c25fa7,2026-10-10T18:00:00Z,UMass Minutemen,Miami (OH) RedHawks,bovada,Bovada,2026-10-10T06:12:36Z,totals,2026-10-10T06:12:35Z,Under,-105,44.5,20261010061359476901
NCAAF,americanfootball_ncaaf,43dda5e509a9619bee41f752a2c25fa7,2026-10-10T18:00:00Z,UMass Minutemen,Miami (OH) RedHawks,betus,BetUS,2026-10-10T06:13:55Z,h2h,2026-10-10T06:13:55Z,Miami (OH) RedHawks,-185,,20261010061359476901
NCAAF,americanfootball_ncaaf,43dda5e509a9619bee41f752a2c25fa7,2026-10-10T18:00:00Z,UMass Minutemen,Miami (OH) RedHawks,betus,BetUS,2026-10-10T06:13:55Z,h2h,2026-10-10T06:13:55Z,UMass Minutemen,159,,20261010061359476901
NCAAF,americanfootball_ncaaf,43dda5e509a9619bee41f752a2c25fa7,2026-10-10T18:00:00Z,UMass Minutemen,Miami (OH) RedHawks,betus,BetUS,2026-10-10T06:13:55Z,spreads,2026-10-10T06:13:55Z,Miami (OH) RedHawks,-110,-4.5,20261010061359476901
NCAAF,americanfootball_ncaaf,43dda5e509a9619bee41f752a2c25fa7,2026-10-10T18:00:00Z,UMass Minutemen,Miami (OH) RedHawks,betus,BetUS,2026-10-10T06:13:55Z,spreads,2026-10-10T06:13:55Z,UMass Minutemen,-110,4.5,20261010061359476901
NCAAF,americanfootball_ncaaf,43dda5e509a9619bee41f752a2c25fa7,2026-10-10T18:00:00Z,UMass Minutemen,Miami (OH) RedHawks,betus,BetUS,2026-10-10T06:13:55Z,totals,2026-10-10T06:13:55Z,Over,-110,44.5,20261010061359476901
NCAAF,americanfootball_ncaaf,43dda5e509a9619bee41f752a2c25fa7,2026-10-10T18:00:00Z,UMass Minutemen,Miami (OH) RedHawks,betus,BetUS,2026-10-10T06:13:55Z,totals,2026-10-10T06:13:55Z,Under,-110,44.5,20261010061359476901
NCAAF,americanfootball_ncaaf,43dda5e509a9619bee41f752a2c25fa7,2026-10-10T18:00:00Z,UMass Minutemen,Miami (OH) RedHawks,betrivers,BetRivers,2026-10-10T06:13:23Z,h2h,2026-10-10T06:13:23Z,Miami (OH) RedHawks,-200,,20261010061359476901
NCAAF,americanfootball_ncaaf,43dda5e509a9619bee41f752a2c25fa7,2026-10-10T18:00:00Z,UMass Minutemen,Miami (OH) RedHawks,betrivers,BetRivers,2026-10-10T06:13:23Z,h2h,2026-10-10T06:13:23Z,UMass Minutemen,160,,20261010061359476901
NCAAF,americanfootball_ncaaf,43dda5e509a9619bee41f752a2c25fa7,2026-10-10T18:00:00Z,UMass Minutemen,Miami (OH) RedHawks,betrivers,BetRivers,2026-10-10T06:13:23Z,spreads,2026-10-10T06:13:23Z,Miami (OH) RedHawks,-112,-5.0,20261010061359476901
NCAAF,americanfootball_ncaaf,43dda5e509a9619bee41f752a2c25fa7,2026-10-10T18:00:00Z,UMass Minutemen,Miami (OH) RedHawks,betrivers,BetRivers,2026-10-10T06:13:23Z,spreads,2026-10-10T06:13:23Z,UMass Minutemen,-112,5.0,20261010061359476901
NCAAF,americanfootball_ncaaf,43dda5e509a9619bee41f752a2c25fa7,2026-10-10T18:00:00Z,UMass Minutemen,Miami (OH) RedHawks,betrivers,BetRivers,2026-10-10T06:13:23Z,totals,2026-10-10T06:13:23Z,Over,-110,44.5,20261010061359476901
NCAAF,americanfootball_ncaaf,43dda5e509a9619bee41f752a2c25fa7,2026-10-10T18:00:00Z,UMass Minutemen,Miami (OH) RedHawks,betrivers,BetRivers,2026-10-10T06:13:23Z,totals,2026-10-10T06:13:23Z,Under,-113,44.5,20261010061359476901
NCAAF,americanfootball_ncaaf,d5c5d566d388f445ead9c2dc63caaed1,2026-10-10T19:30:00Z,Akron Zips,Eastern Michigan Eagles,draftkings,DraftKings,2026-10-10T06:13:23Z,h2h,2026-10-10T06:13:22Z,Akron Zips,180,,20261010061359476901
NCAAF,americanfootball_ncaaf,d5c5d566d388f445ead9c2dc63caaed1,2026-10-10T19:30:00Z,Akron Zips,Eastern Michigan Eagles,draftkings,DraftKings,2026-10-10T06:13:23Z,h2h,2026-10-10T06:13:22Z,Eastern Michigan Eagles,-218,,20261010061359476901
NCAAF,americanfootball_ncaaf,d5c5d566d388f445ead9c2dc63caaed1,2026-10-10T19:30:00Z,Akron Zips,Eastern Michigan Eagles,draftkings,DraftKings,2026-10-10T06:13:23Z,spreads,2026-10-10T06:13:22Z,Akron Zips,-110,5.5,20261010061359476901
NCAAF,americanfootball_ncaaf,d5c5d566d388f445ead9c2dc63caaed1,2026-10-10T19:30:00Z,Akron Zips,Eastern Michigan Eagles,draftkings,DraftKings,2026-10-10T06:13:23Z,spreads,2026-10-10T06:13:22Z,Eastern Michigan Eagles,-110,-5.5,20261010061359476901
NCAAF,americanfootball_ncaaf,d5c5d566d388f445ead9c2dc63caaed1,2026-10-10T19:30:00Z,Akron Zips,Eastern Michigan Eagles,draftkings,DraftKings,2026-10-10T06:13:23Z,totals,2026-10-10T06:13:22Z,Over,-115,51.5,20261010061359476901
NCAAF,americanfootball_ncaaf,d5c5d566d388f445ead9c2dc63caaed1,2026-10-10T19:30:00Z,Akron Zips,Eastern Michigan Eagles,draftkings,DraftKings,2026-10-10T06:13:23Z,totals,2026-10-10T06:13:22Z,Under,-105,51.5,20261010061359476901
NCAAF,americanfootball_ncaaf,d5c5d566d388f445ead9c2dc63caaed1,2026-10-10T19:30:00Z,Akron Zips,Eastern Michigan Eagles,fanduel,FanDuel,2026-10-10T06:13:39Z,h2h,2026-10-10T06:13:39Z,Akron Zips,172,,20261010061359476901
NCAAF,americanfootball_ncaaf,d5c5d566d388f445ead9c2dc63caaed1,2026-10-10T19:30:00Z,Akron Zips,Eastern Michigan Eagles,fanduel,FanDuel,2026-10-10T06:13:39Z,h2h,2026-10-10T06:13:39Z,Eastern Michigan Eagles,-210,,20261010061359476901
NCAAF,americanfootball_ncaaf,d5c5d566d388f445ead9c2dc63caaed1,2026-10-10T19:30:00Z,Akron Zips,Eastern Michigan Eagles,fanduel,FanDuel,2026-10-10T06:13:39Z,spreads,2026-10-10T06:13:39Z,Akron Zips,-110,5.5,20261010061359476901
NCAAF,americanfootball_ncaaf,d5c5d566d388f445ead9c2dc63caaed1,2026-10-10T19:30:00Z,Akron Zips,Eastern Michigan Eagles,fanduel,FanDuel,2026-10-10T06:13:39Z,spreads,2026-10-10T06:13:39Z,Eastern Michigan Eagles,-110,-5.5,20261010061359476901
NCAAF,americanfootball_ncaaf,d5c5d566d388f445ead9c2dc63caaed1,2026-10-10T19:30:00Z,Akron Zips,Eastern Michigan Eagles,fanduel,FanDuel,2026-10-10T06:13:39Z,totals,2026-10-10T06:13:39Z,Over,-104,52.5,20261010061359476901
NCAAF,americanfootball_ncaaf,d5c5d566d388f445ead9c2dc63caaed1,2026-10-10T19:30:00Z,Akron Zips,Eastern Michigan Eagles,fanduel,FanDuel,2026-10-10T06:13:39Z,totals,2026-10-10T06:13:39Z,Under,-118,52.5,20261010061359476901
NCAAF,americanfootball_ncaaf,d5c5d566d388f445ead9c2dc63caaed1,2026-10-10T19:30:00Z,Akron Zips,Eastern Michigan Eagles,lowvig,LowVig.ag,2026-10-10T06:13:39Z,h2h,2026-10-10T06:13:38Z,Akron Zips,180,,20261010061359476901
NCAAF,americanfootball_ncaaf,d5c5d566d388f445ead9c2dc63caaed1,2026-10-10T19:30:00Z,Akron Zips,Eastern Michigan Eagles,lowvig,LowVig.ag,2026-10-10T06:13:39Z,h2h,2026-10-10T06:13:38Z,Eastern Michigan Eagles,-210,,20261010061359476901
NCAAF,americanfootball_ncaaf,d5c5d566d388f445ead9c2dc63caaed1,2026-10-10T19:30:00Z,Akron Zips,Eastern Michigan Eagles,lowvig,LowVig.ag,2026-10-10T06:13:39Z,spreads,2026-10-10T06:13:38Z,Akron Zips,-106,5.0,20261010061359476901
NCAAF,americanfootball_ncaaf,d5c5d566d388f445ead9c2dc63caaed1,2026-10-10T19:30:00Z,Akron Zips,Eastern Michigan Eagles,lowvig,LowVig.ag,2026-10-10T06:13:39Z,spreads,2026-10-10T06:13:38Z,Eastern Michigan Eagles,-106,-5.0,20261010061359476901
NCAAF,americanfootball_ncaaf,d5c5d566d388f445ead9c2dc63caaed1,2026-10-10T19:30:00Z,Akron Zips,Eastern Michigan Eagles,lowvig,LowVig.ag,2026-10-10T06:13:39Z,totals,2026-10-10T06:13:38Z,Over,-114,52.0,20261010061359476901
NCAAF,americanfootball_ncaaf,d5c5d566d388f445ead9c2dc63caaed1,2026-10-10T19:30:00Z,Akron Zips,Eastern Michigan Eagles,lowvig,LowVig.ag,2026-10-10T06:13:39Z,totals,2026-10-10T06:13:38Z,Under,-103,52.0,20261010061359476901
NCAAF,americanfootball_ncaaf,d5c5d566d388f445ead9c2dc63caaed1,2026-10-10T19:30:00Z,Akron Zips,Eastern Michigan Eagles,betonlineag,BetOnline.ag,2026-10-10T06:13:21Z,h2h,2026-10-10T06:13:21Z,Akron Zips,180,,20261010061359476901
NCAAF,americanfootball_ncaaf,d5c5d566d388f445ead9c2dc63caaed1,2026-10-10T19:30:00Z,Akron Zips,Eastern Michigan Eagles,betonlineag,BetOnline.ag,2026-10-10T06:13:21Z,h2h,2026-10-10T06:13:21Z,Eastern Michigan Eagles,-210,,20261010061359476901
NCAAF,americanfootball_ncaaf,d5c5d566d388f445ead9c2dc63caaed1,2026-10-10T19:30:00Z,Akron Zips,Eastern Michigan Eagles,betonlineag,BetOnline.ag,2026-10-10T06:13:21Z,spreads,2026-10-10T06:13:21Z,Akron Zips,-110,5.0,20261010061359476901
NCAAF,americanfootball_ncaaf,d5c5d566d388f445ead9c2dc63caaed1,2026-10-10T19:30:00Z,Akron Zips,Eastern Michigan Eagles,betonlineag,BetOnline.ag,2026-10-10T06:13:21Z,spreads,2026-10-10T06:13:21Z,Eastern Michigan Eagles,-110,-5.0,20261010061359476901
NCAAF,americanfootball_ncaaf,d5c5d566d388f445ead9c2dc63caaed1,2026-10-10T19:30:00Z,Akron Zips,Eastern Michigan Eagles,betonlineag,BetOnline.ag,2026-10-10T06:13:21Z,totals,2026-10-10T06:13:21Z,Over,-115,52.0,20261010061359476901
NCAAF,americanfootball_ncaaf,d5c5d566d388f445ead9c2dc63caaed1,2026-10-10T19:30:00Z,Akron Zips,Eastern Michigan Eagles,betonlineag,BetOnline.ag,2026-10-10T06:13:21Z,totals,2026-10-10T06:13:21Z,Under,-105,52.0,20261010061359476901
NCAAF,americanfootball_ncaaf,d5c5d566d388f445ead9c2dc63caaed1,2026-10-10T19:30:00Z,Akron Zips,Eastern Michigan Eagles,betrivers,BetRivers,2026-10-10T06:13:23Z,h2h,2026-10-10T06:13:23Z,Akron Zips,180,,20261010061359476901
NCAAF,americanfootball_ncaaf,d5c5d566d388f445ead9c2dc63caaed1,2026-10-10T19:30:00Z,Akron Zips,Eastern Michigan Eagles,betrivers,BetRivers,2026-10-10T06:13:23Z,h2h,2026-10-10T06:13:23Z,Eastern Michigan Eagles,-230,,20261010061359476901
NCAAF,americanfootball_ncaaf,d5c5d566d388f445ead9c2dc63caaed1,2026-10-10T19:30:00Z,Akron Zips,Eastern Michigan Eagles,betrivers,BetRivers,2026-10-10T06:13:23Z,spreads,2026-10-10T06:13:23Z,Akron Zips,-114,6.0,20261010061359476901
NCAAF,americanfootball_ncaaf,d5c5d566d388f445ead9c2dc63caaed1,2026-10-10T19:30:00Z,Akron Zips,Eastern Michigan Eagles,betrivers,BetRivers,2026-10-10T06:13:23Z,spreads,2026-10-10T06:13:23Z,Eastern Michigan Eagles,-108,-6.0,20261010061359476901
NCAAF,americanfootball_ncaaf,d5c5d566d388f445ead9c2dc63caaed1,2026-10-10T19:30:00Z,Akron Zips,Eastern Michigan Eagles,betrivers,BetRivers,2026-10-10T06:13:23Z,totals,2026-10-10T06:13:23Z,Over,-112,51.5,20261010061359476901
NCAAF,americanfootball_ncaaf,d5c5d566d388f445ead9c2dc63caaed1,2026-10-10T19:30:00Z,Akron Zips,Eastern Michigan Eagles,betrivers,BetRivers,2026-10-10T06:13:23Z,totals,2026-10-10T06:13:23Z,Under,-112,51.5,20261010061359476901
NCAAF,americanfootball_ncaaf,d5c5d566d388f445ead9c2dc63caaed1,2026-10-10T19:30:00Z,Akron Zips,Eastern Michigan Eagles,betmgm,BetMGM,2026-10-10T06:13:39Z,h2h,2026-10-10T06:13:39Z,Akron Zips,180,,20261010061359476901
NCAAF,americanfootball_ncaaf,d5c5d566d388f445ead9c2dc63caaed1,2026-10-10T19:30:00Z,Akron Zips,Eastern Michigan Eagles,betmgm,BetMGM,2026-10-10T06:13:39Z,h2h,2026-10-10T06:13:39Z,Eastern Michigan Eagles,-220,,20261010061359476901
NCAAF,americanfootball_ncaaf,d5c5d566d388f445ead9c2dc63caaed1,2026-10-10T19:30:00Z,Akron Zips,Eastern Michigan Eagles,betmgm,BetMGM,2026-10-10T06:13:39Z,spreads,2026-10-10T06:13:39Z,Akron Zips,-110,5.5,20261010061359476901
NCAAF,americanfootball_ncaaf,d5c5d566d388f445ead9c2dc63caaed1,2026-10-10T19:30:00Z,Akron Zips,Eastern Michigan Eagles,betmgm,BetMGM,2026-10-10T06:13:39Z,spreads,2026-10-10T06:13:39Z,Eastern Michigan Eagles,-110,-5.5,20261010061359476901
NCAAF,americanfootball_ncaaf,d5c5d566d388f445ead9c2dc63caaed1,2026-10-10T19:30:00Z,Akron Zips,Eastern Michigan Eagles,betmgm,BetMGM,2026-10-10T06:13:39Z,totals,2026-10-10T06:13:39Z,Over,-115,51.5,20261010061359476901
NCAAF,americanfootball_ncaaf,d5c5d566d388f445ead9c2dc63caaed1,2026-10-10T19:30:00Z,Akron Zips,Eastern Michigan Eagles,betmgm,BetMGM,2026-10-10T06:13:39Z,totals,2026-10-10T06:13:39Z,Under,-105,51.5,20261010061359476901
NCAAF,americanfootball_ncaaf,d5c5d566d388f445ead9c2dc63caaed1,2026-10-10T19:30:00Z,Akron Zips,Eastern Michigan Eagles,mybookieag,MyBookie.ag,2026-10-10T06:13:29Z,h2h,2026-10-10T06:13:28Z,Akron Zips,182,,20261010061359476901
NCAAF,americanfootball_ncaaf,d5c5d566d388f445ead9c2dc63caaed1,2026-10-10T19:30:00Z,Akron Zips,Eastern Michigan Eagles,mybookieag,MyBookie.ag,2026-10-10T06:13:29Z,h2h,2026-10-10T06:13:28Z,Eastern Michigan Eagles,-230,,20261010061359476901
NCAAF,americanfootball_ncaaf,d5c5d566d388f445ead9c2dc63caaed1,2026-10-10T19:30:00Z,Akron Zips,Eastern Michigan Eagles,mybookieag,MyBookie.ag,2026-10-10T06:13:29Z,spreads,2026-10-10T06:13:28Z,Akron Zips,-110,5.5,20261010061359476901
NCAAF,americanfootball_ncaaf,d5c5d566d388f445ead9c2dc63caaed1,2026-10-10T19:30:00Z,Akron Zips,Eastern Michigan Eagles,mybookieag,MyBookie.ag,2026-10-10T06:13:29Z,spreads,2026-10-10T06:13:28Z,Eastern Michigan Eagles,-110,-5.5,20261010061359476901
NCAAF,americanfootball_ncaaf,d5c5d566d388f445ead9c2dc63caaed1,2026-10-10T19:30:00Z,Akron Zips,Eastern Michigan Eagles,mybookieag,MyBookie.ag,2026-10-10T06:13:29Z,totals,2026-10-10T06:13:28Z,Over,-110,52.0,20261010061359476901
NCAAF,americanfootball_ncaaf,d5c5d566d388f445ead9c2dc63caaed1,2026-10-10T19:30:00Z,Akron Zips,Eastern Michigan Eagles,mybookieag,MyBookie.ag,2026-10-10T06:13:29Z,totals,2026-10-10T06:13:28Z,Under,-110,52.0,20261010061359476901
NCAAF,americanfootball_ncaaf,d5c5d566d388f445ead9c2dc63caaed1,2026-10-10T19:30:00Z,Akron Zips,Eastern Michigan Eagles,bovada,Bovada,2026-10-10T06:12:36Z,h2h,2026-10-10T06:12:35Z,Akron Zips,175,,20261010061359476901
NCAAF,americanfootball_ncaaf,d5c5d566d388f445ead9c2dc63caaed1,2026-10-10T19:30:00Z,Akron Zips,Eastern Michigan Eagles,bovada,Bovada,2026-10-10T06:12:36Z,h2h,2026-10-10T06:12:35Z,Eastern Michigan Eagles,-210,,20261010061359476901
NCAAF,americanfootball_ncaaf,d5c5d566d388f445ead9c2dc63caaed1,2026-10-10T19:30:00Z,Akron Zips,Eastern Michigan Eagles,bovada,Bovada,2026-10-10T06:12:36Z,spreads,2026-10-10T06:12:35Z,Akron Zips,-110,5.5,20261010061359476901
NCAAF,americanfootball_ncaaf,d5c5d566d388f445ead9c2dc63caaed1,2026-10-10T19:30:00Z,Akron Zips,Eastern Michigan Eagles,bovada,Bovada,2026-10-10T06:12:36Z,spreads,2026-10-10T06:12:35Z,Eastern Michigan Eagles,-110,-5.5,20261010061359476901
NCAAF,americanfootball_ncaaf,d5c5d566d388f445ead9c2dc63caaed1,2026-10-10T19:30:00Z,Akron Zips,Eastern Michigan Eagles,bovada,Bovada,2026-10-10T06:12:36Z,totals,2026-10-10T06:12:35Z,Over,-110,51.5,20261010061359476901
NCAAF,americanfootball_ncaaf,d5c5d566d388f445ead9c2dc63caaed1,2026-10-10T19:30:00Z,Akron Zips,Eastern Michigan Eagles,bovada,Bovada,2026-10-10T06:12:36Z,totals,2026-10-10T06:12:35Z,Under,-110,51.5,20261010061359476901
NCAAF,americanfootball_ncaaf,d5c5d566d388f445ead9c2dc63caaed1,2026-10-10T19:30:00Z,Akron Zips,Eastern Michigan Eagles,betus,BetUS,2026-10-10T06:13:55Z,h2h,2026-10-10T06:13:54Z,Akron Zips,180,,20261010061359476901
NCAAF,americanfootball_ncaaf,d5c5d566d388f445ead9c2dc63caaed1,2026-10-10T19:30:00Z,Akron Zips,Eastern Michigan Eagles,betus,BetUS,2026-10-10T06:13:55Z,h2h,2026-10-10T06:13:54Z,Eastern Michigan Eagles,-210,,20261010061359476901
NCAAF,americanfootball_ncaaf,d5c5d566d388f445ead9c2dc63caaed1,2026-10-10T19:30:00Z,Akron Zips,Eastern Michigan Eagles,betus,BetUS,2026-10-10T06:13:55Z,spreads,2026-10-10T06:13:54Z,Akron Zips,-110,5.0,20261010061359476901
NCAAF,americanfootball_ncaaf,d5c5d566d388f445ead9c2dc63caaed1,2026-10-10T19:30:00Z,Akron Zips,Eastern Michigan Eagles,betus,BetUS,2026-10-10T06:13:55Z,spreads,2026-10-10T06:13:54Z,Eastern Michigan Eagles,-110,-5.0,20261010061359476901
NCAAF,americanfootball_ncaaf,d5c5d566d388f445ead9c2dc63caaed1,2026-10-10T19:30:00Z,Akron Zips,Eastern Michigan Eagles,betus,BetUS,2026-10-10T06:13:55Z,totals,2026-10-10T06:13:54Z,Over,-110,52.0,20261010061359476901
NCAAF,americanfootball_ncaaf,d5c5d566d388f445ead9c2dc63caaed1,2026-10-10T19:30:00Z,Akron Zips,Eastern Michigan Eagles,betus,BetUS,2026-10-10T06:13:55Z,totals,2026-10-10T06:13:54Z,Under,-110,52.0,20261010061359476901
NCAAF,americanfootball_ncaaf,e2a6fcdae461277e7cc041ff631d1b0c,2026-10-10T19:30:00Z,Toledo Rockets,Buffalo Bulls,draftkings,DraftKings,2026-10-10T06:13:23Z,h2h,2026-10-10T06:13:22Z,Buffalo Bulls,700,,20261010061359476901
NCAAF,americanfootball_ncaaf,e2a6fcdae461277e7cc041ff631d1b0c,2026-10-10T19:30:00Z,Toledo Rockets,Buffalo Bulls,draftkings,DraftKings,2026-10-10T06:13:23Z,h2h,2026-10-10T06:13:22Z,Toledo Rockets,-1100,,20261010061359476901
NCAAF,americanfootball_ncaaf,e2a6fcdae461277e7cc041ff631d1b0c,2026-10-10T19:30:00Z,Toledo Rockets,Buffalo Bulls,draftkings,DraftKings,2026-10-10T06:13:23Z,spreads,2026-10-10T06:13:22Z,Buffalo Bulls,-108,18.5,20261010061359476901
NCAAF,americanfootball_ncaaf,e2a6fcdae461277e7cc041ff631d1b0c,2026-10-10T19:30:00Z,Toledo Rockets,Buffalo Bulls,draftkings,DraftKings,2026-10-10T06:13:23Z,spreads,2026-10-10T06:13:22Z,Toledo Rockets,-112,-18.5,20261010061359476901
NCAAF,americanfootball_ncaaf,e2a6fcdae461277e7cc041ff631d1b0c,2026-10-10T19:30:00Z,Toledo Rockets,Buffalo Bulls,draftkings,DraftKings,2026-10-10T06:13:23Z,totals,2026-10-10T06:13:22Z,Over,-105,55.5,20261010061359476901
NCAAF,americanfootball_ncaaf,e2a6fcdae461277e7cc041ff631d1b0c,2026-10-10T19:30:00Z,Toledo Rockets,Buffalo Bulls,draftkings,DraftKings,2026-10-10T06:13:23Z,totals,2026-10-10T06:13:22Z,Under,-115,55.5,20261010061359476901
NCAAF,americanfootball_ncaaf,e2a6fcdae461277e7cc041ff631d1b0c,2026-10-10T19:30:00Z,Toledo Rockets,Buffalo Bulls,fanduel,FanDuel,2026-10-10T06:13:39Z,h2h,2026-10-10T06:13:39Z,Buffalo Bulls,810,,20261010061359476901
NCAAF,americanfootball_ncaaf,e2a6fcdae461277e7cc041ff631d1b0c,2026-10-10T19:30:00Z,Toledo Rockets,Buffalo Bulls,fanduel,FanDuel,2026-10-10T06:13:39Z,h2h,2026-10-10T06:13:39Z,Toledo Rockets,-1450,,20261010061359476901
NCAAF,americanfootball_ncaaf,e2a6fcdae461277e7cc041ff631d1b0c,2026-10-10T19:30:00Z,Toledo Rockets,Buffalo Bulls,fanduel,FanDuel,2026-10-10T06:13:39Z,spreads,2026-10-10T06:13:39Z,Buffalo Bulls,-115,19.5,20261010061359476901
NCAAF,americanfootball_ncaaf,e2a6fcdae461277e7cc041ff631d1b0c,2026-10-10T19:30:00Z,Toledo Rockets,Buffalo Bulls,fanduel,FanDuel,2026-10-10T06:13:39Z,spreads,2026-10-10T06:13:39Z,Toledo Rockets,-105,-19.5,20261010061359476901
NCAAF,americanfootball_ncaaf,e2a6fcdae461277e7cc041ff631d1b0c,2026-10-10T19:30:00Z,Toledo Rockets,Buffalo Bulls,fanduel,FanDuel,2026-10-10T06:13:39Z,totals,2026-10-10T06:13:39Z,Over,-102,55.5,20261010061359476901
NCAAF,americanfootball_ncaaf,e2a6fcdae461277e7cc041ff631d1b0c,2026-10-10T19:30:00Z,Toledo Rockets,Buffalo Bulls,fanduel,FanDuel,2026-10-10T06:13:39Z,totals,2026-10-10T06:13:39Z,Under,-120,55.5,20261010061359476901
NCAAF,americanfootball_ncaaf,e2a6fcdae461277e7cc041ff631d1b0c,2026-10-10T19:30:00Z,Toledo Rockets,Buffalo Bulls,lowvig,LowVig.ag,2026-10-10T06:13:39Z,h2h,2026-10-10T06:13:38Z,Buffalo Bulls,754,,20261010061359476901
NCAAF,americanfootball_ncaaf,e2a6fcdae461277e7cc041ff631d1b0c,2026-10-10T19:30:00Z,Toledo Rockets,Buffalo Bulls,lowvig,LowVig.ag,2026-10-10T06:13:39Z,h2h,2026-10-10T06:13:38Z,Toledo Rockets,-1200,,20261010061359476901
NCAAF,americanfootball_ncaaf,e2a6fcdae461277e7cc041ff631d1b0c,2026-10-10T19:30:00Z,Toledo Rockets,Buffalo Bulls,lowvig,LowVig.ag,2026-10-10T06:13:39Z,spreads,2026-10-10T06:13:38Z,Buffalo Bulls,-106,18.5,20261010061359476901
NCAAF,americanfootball_ncaaf,e2a6fcdae461277e7cc041ff631d1b0c,2026-10-10T19:30:00Z,Toledo Rockets,Buffalo Bulls,lowvig,LowVig.ag,2026-10-10T06:13:39Z,spreads,2026-10-10T06:13:38Z,Toledo Rockets,-106,-18.5,20261010061359476901
NCAAF,americanfootball_ncaaf,e2a6fcdae461277e7cc041ff631d1b0c,2026-10-10T19:30:00Z,Toledo Rockets,Buffalo Bulls,lowvig,LowVig.ag,2026-10-10T06:13:39Z,totals,2026-10-10T06:13:38Z,Over,106,56.0,20261010061359476901
NCAAF,americanfootball_ncaaf,e2a6fcdae461277e7cc041ff631d1b0c,2026-10-10T19:30:00Z,Toledo Rockets,Buffalo Bulls,lowvig,LowVig.ag,2026-10-10T06:13:39Z,totals,2026-10-10T06:13:38Z,Under,-124,56.0,20261010061359476901
NCAAF,americanfootball_ncaaf,e2a6fcdae461277e7cc041ff631d1b0c,2026-10-10T19:30:00Z,Toledo Rockets,Buffalo Bulls,betonlineag,BetOnline.ag,2026-10-10T06:13:21Z,h2h,2026-10-10T06:13:21Z,Buffalo Bulls,754,,20261010061359476901
NCAAF,americanfootball_ncaaf,e2a6fcdae461277e7cc041ff631d1b0c,2026-10-10T19:30:00Z,Toledo Rockets,Buffalo Bulls,betonlineag,BetOnline.ag,2026-10-10T06:13:21Z,h2h,2026-10-10T06:13:21Z,Toledo Rockets,-1200,,20261010061359476901
NCAAF,americanfootball_ncaaf,e2a6fcdae461277e7cc041ff631d1b0c,2026-10-10T19:30:00Z,Toledo Rockets,Buffalo Bulls,betonlineag,BetOnline.ag,2026-10-10T06:13:21Z,spreads,2026-10-10T06:13:21Z,Buffalo Bulls,-110,18.5,20261010061359476901
NCAAF,americanfootball_ncaaf,e2a6fcdae461277e7cc041ff631d1b0c,2026-10-10T19:30:00Z,Toledo Rockets,Buffalo Bulls,betonlineag,BetOnline.ag,2026-10-10T06:13:21Z,spreads,2026-10-10T06:13:21Z,Toledo Rockets,-110,-18.5,20261010061359476901
NCAAF,americanfootball_ncaaf,e2a6fcdae461277e7cc041ff631d1b0c,2026-10-10T19:30:00Z,Toledo Rockets,Buffalo Bulls,betonlineag,BetOnline.ag,2026-10-10T06:13:21Z,totals,2026-10-10T06:13:21Z,Over,105,56.0,20261010061359476901
NCAAF,americanfootball_ncaaf,e2a6fcdae461277e7cc041ff631d1b0c,2026-10-10T19:30:00Z,Toledo Rockets,Buffalo Bulls,betonlineag,BetOnline.ag,2026-10-10T06:13:21Z,totals,2026-10-10T06:13:21Z,Under,-125,56.0,20261010061359476901
NCAAF,americanfootball_ncaaf,e2a6fcdae461277e7cc041ff631d1b0c,2026-10-10T19:30:00Z,Toledo Rockets,Buffalo Bulls,betrivers,BetRivers,2026-10-10T06:13:23Z,h2h,2026-10-10T06:13:23Z,Buffalo Bulls,800,,20261010061359476901
NCAAF,americanfootball_ncaaf,e2a6fcdae461277e7cc041ff631d1b0c,2026-10-10T19:30:00Z,Toledo Rockets,Buffalo Bulls,betrivers,BetRivers,2026-10-10T06:13:23Z,h2h,2026-10-10T06:13:23Z,Toledo Rockets,-1667,,20261010061359476901
NCAAF,americanfootball_ncaaf,e2a6fcdae461277e7cc041ff631d1b0c,2026-10-10T19:30:00Z,Toledo Rockets,Buffalo Bulls,betrivers,BetRivers,2026-10-10T06:13:23Z,spreads,2026-10-10T06:13:23Z,Buffalo Bulls,-113,19.0,20261010061359476901
NCAAF,americanfootball_ncaaf,e2a6fcdae461277e7cc041ff631d1b0c,2026-10-10T19:30:00Z,Toledo Rockets,Buffalo Bulls,betrivers,BetRivers,2026-10-10T06:13:23Z,spreads,2026-10-10T06:13:23Z,Toledo Rockets,-110,-19.0,20261010061359476901
NCAAF,americanfootball_ncaaf,e2a6fcdae461277e7cc041ff631d1b0c,2026-10-10T19:30:00Z,Toledo Rockets,Buffalo Bulls,betrivers,BetRivers,2026-10-10T06:13:23Z,totals,2026-10-10T06:13:23Z,Over,-112,55.5,20261010061359476901
NCAAF,americanfootball_ncaaf,e2a6fcdae461277e7cc041ff631d1b0c,2026-10-10T19:30:00Z,Toledo Rockets,Buffalo Bulls,betrivers,BetRivers,2026-10-10T06:13:23Z,totals,2026-10-10T06:13:23Z,Under,-112,55.5,20261010061359476901
NCAAF,americanfootball_ncaaf,e2a6fcdae461277e7cc041ff631d1b0c,2026-10-10T19:30:00Z,Toledo Rockets,Buffalo Bulls,betmgm,BetMGM,2026-10-10T06:13:39Z,h2h,2026-10-10T06:13:39Z,Buffalo Bulls,775,,20261010061359476901
NCAAF,americanfootball_ncaaf,e2a6fcdae461277e7cc041ff631d1b0c,2026-10-10T19:30:00Z,Toledo Rockets,Buffalo Bulls,betmgm,BetMGM,2026-10-10T06:13:39Z,h2h,2026-10-10T06:13:39Z,Toledo Rockets,-1400,,20261010061359476901
NCAAF,americanfootball_ncaaf,e2a6fcdae461277e7cc041ff631d1b0c,2026-10-10T19:30:00Z,Toledo Rockets,Buffalo Bulls,betmgm,BetMGM,2026-10-10T06:13:39Z,spreads,2026-10-10T06:13:39Z,Buffalo Bulls,-110,19.5,20261010061359476901
NCAAF,americanfootball_ncaaf,e2a6fcdae461277e7cc041ff631d1b0c,2026-10-10T19:30:00Z,Toledo Rockets,Buffalo Bulls,betmgm,BetMGM,2026-10-10T06:13:39Z,spreads,2026-10-10T06:13:39Z,Toledo Rockets,-110,-19.5,20261010061359476901
NCAAF,americanfootball_ncaaf,e2a6fcdae461277e7cc041ff631d1b0c,2026-10-10T19:30:00Z,Toledo Rockets,Buffalo Bulls,betmgm,BetMGM,2026-10-10T06:13:39Z,totals,2026-10-10T06:13:39Z,Over,-110,55.5,20261010061359476901
NCAAF,americanfootball_ncaaf,e2a6fcdae461277e7cc041ff631d1b0c,2026-10-10T19:30:00Z,Toledo Rockets,Buffalo Bulls,betmgm,BetMGM,2026-10-10T06:13:39Z,totals,2026-10-10T06:13:39Z,Under,-110,55.5,20261010061359476901
NCAAF,americanfootball_ncaaf,e2a6fcdae461277e7cc041ff631d1b0c,2026-10-10T19:30:00Z,Toledo Rockets,Buffalo Bulls,mybookieag,MyBookie.ag,2026-10-10T06:13:29Z,h2h,2026-10-10T06:13:28Z,Buffalo Bulls,846,,20261010061359476901
NCAAF,americanfootball_ncaaf,e2a6fcdae461277e7cc041ff631d1b0c,2026-10-10T19:30:00Z,Toledo Rockets,Buffalo Bulls,mybookieag,MyBookie.ag,2026-10-10T06:13:29Z,h2h,2026-10-10T06:13:28Z,Toledo Rockets,-1683,,20261010061359476901
NCAAF,americanfootball_ncaaf,e2a6fcdae461277e7cc041ff631d1b0c,2026-10-10T19:30:00Z,Toledo Rockets,Buffalo Bulls,mybookieag,MyBookie.ag,2026-10-10T06:13:29Z,spreads,2026-10-10T06:13:28Z,Buffalo Bulls,-110,19.0,20261010061359476901
NCAAF,americanfootball_ncaaf,e2a6fcdae461277e7cc041ff631d1b0c,2026-10-10T19:30:00Z,Toledo Rockets,Buffalo Bulls,mybookieag,MyBookie.ag,2026-10-10T06:13:29Z,spreads,2026-10-10T06:13:28Z,Toledo Rockets,-110,-19.0,20261010061359476901
NCAAF,americanfootball_ncaaf,e2a6fcdae461277e7cc041ff631d1b0c,2026-10-10T19:30:00Z,Toledo Rockets,Buffalo Bulls,mybookieag,MyBookie.ag,2026-10-10T06:13:29Z,totals,2026-10-10T06:13:28Z,Over,-110,55.5,20261010061359476901
NCAAF,americanfootball_ncaaf,e2a6fcdae461277e7cc041ff631d1b0c,2026-10-10T19:30:00Z,Toledo Rockets,Buffalo Bulls,mybookieag,MyBookie.ag,2026-10-10T06:13:29Z,totals,2026-10-10T06:13:28Z,Under,-110,55.5,20261010061359476901
NCAAF,americanfootball_ncaaf,e2a6fcdae461277e7cc041ff631d1b0c,2026-10-10T19:30:00Z,Toledo Rockets,Buffalo Bulls,bovada,Bovada,2026-10-10T06:12:36Z,h2h,2026-10-10T06:12:35Z,Buffalo Bulls,700,,20261010061359476901
NCAAF,americanfootball_ncaaf,e2a6fcdae461277e7cc041ff631d1b0c,2026-10-10T19:30:00Z,Toledo Rockets,Buffalo Bulls,bovada,Bovada,2026-10-10T06:12:36Z,h2h,2026-10-10T06:12:35Z,Toledo Rockets,-1200,,20261010061359476901
NCAAF,americanfootball_ncaaf,e2a6fcdae461277e7cc041ff631d1b0c,2026-10-10T19:30:00Z,Toledo Rockets,Buffalo Bulls,bovada,Bovada,2026-10-10T06:12:36Z,spreads,2026-10-10T06:12:35Z,Buffalo Bulls,-110,19.0,20261010061359476901
NCAAF,americanfootball_ncaaf,e2a6fcdae461277e7cc041ff631d1b0c,2026-10-10T19:30:00Z,Toledo Rockets,Buffalo Bulls,bovada,Bovada,2026-10-10T06:12:36Z,spreads,2026-10-10T06:12:35Z,Toledo Rockets,-110,-19.0,20261010061359476901
NCAAF,americanfootball_ncaaf,e2a6fcdae461277e7cc041ff631d1b0c,2026-10-10T19:30:00Z,Toledo Rockets,Buffalo Bulls,bovada,Bovada,2026-10-10T06:12:36Z,totals,2026-10-10T06:12:35Z,Over,-115,55.0,20261010061359476901
NCAAF,americanfootball_ncaaf,e2a6fcdae461277e7cc041ff631d1b0c,2026-10-10T19:30:00Z,Toledo Rockets,Buffalo Bulls,bovada,Bovada,2026-10-10T06:12:36Z,totals,2026-10-10T06:12:35Z,Under,-105,55.0,20261010061359476901
NCAAF,americanfootball_ncaaf,e2a6fcdae461277e7cc041ff631d1b0c,2026-10-10T19:30:00Z,Toledo Rockets,Buffalo Bulls,betus,BetUS,2026-10-10T06:13:55Z,h2h,2026-10-10T06:13:54Z,Buffalo Bulls,700,,20261010061359476901
NCAAF,americanfootball_ncaaf,e2a6fcdae461277e7cc041ff631d1b0c,2026-10-10T19:30:00Z,Toledo Rockets,Buffalo Bulls,betus,BetUS,2026-10-10T06:13:55Z,h2h,2026-10-10T06:13:54Z,Toledo Rockets,-1100,,20261010061359476901
NCAAF,americanfootball_ncaaf,e2a6fcdae461277e7cc041ff631d1b0c,2026-10-10T19:30:00Z,Toledo Rockets,Buffalo Bulls,betus,BetUS,2026-10-10T06:13:55Z,spreads,2026-10-10T06:13:54Z,Buffalo Bulls,-110,18.5,20261010061359476901
NCAAF,americanfootball_ncaaf,e2a6fcdae461277e7cc041ff631d1b0c,2026-10-10T19:30:00Z,Toledo Rockets,Buffalo Bulls,betus,BetUS,2026-10-10T06:13:55Z,spreads,2026-10-10T06:13:54Z,Toledo Rockets,-110,-18.5,20261010061359476901
NCAAF,americanfootball_ncaaf,e2a6fcdae461277e7cc041ff631d1b0c,2026-10-10T19:30:00Z,Toledo Rockets,Buffalo Bulls,betus,BetUS,2026-10-10T06:13:55Z,totals,2026-10-10T06:13:54Z,Over,-110,56.0,20261010061359476901
NCAAF,americanfootball_ncaaf,e2a6fcdae461277e7cc041ff631d1b0c,2026-10-10T19:30:00Z,Toledo Rockets,Buffalo Bulls,betus,BetUS,2026-10-10T06:13:55Z,totals,2026-10-10T06:13:54Z,Under,-110,56.0,20261010061359476901
NCAAF,americanfootball_ncaaf,9f633922d2cc5fa338aa22d1fcb83099,2026-10-10T19:30:00Z,California Golden Bears,Virginia Tech Hokies,fanduel,FanDuel,2026-10-10T06:13:39Z,h2h,2026-10-10T06:13:39Z,California Golden Bears,285,,20261010061359476901
NCAAF,americanfootball_ncaaf,9f633922d2cc5fa338aa22d1fcb83099,2026-10-10T19:30:00Z,California Golden Bears,Virginia Tech Hokies,fanduel,FanDuel,2026-10-10T06:13:39Z,h2h,2026-10-10T06:13:39Z,Virginia Tech Hokies,-365,,20261010061359476901
NCAAF,americanfootball_ncaaf,9f633922d2cc5fa338aa22d1fcb83099,2026-10-10T19:30:00Z,California Golden Bears,Virginia Tech Hokies,fanduel,FanDuel,2026-10-10T06:13:39Z,spreads,2026-10-10T06:13:39Z,California Golden Bears,-105,9.5,20261010061359476901
NCAAF,americanfootball_ncaaf,9f633922d2cc5fa338aa22d1fcb83099,2026-10-10T19:30:00Z,California Golden Bears,Virginia Tech Hokies,fanduel,FanDuel,2026-10-10T06:13:39Z,spreads,2026-10-10T06:13:39Z,Virginia Tech Hokies,-115,-9.5,20261010061359476901
NCAAF,americanfootball_ncaaf,9f633922d2cc5fa338aa22d1fcb83099,2026-10-10T19:30:00Z,California Golden Bears,Virginia Tech Hokies,fanduel,FanDuel,2026-10-10T06:13:39Z,totals,2026-10-10T06:13:39Z,Over,-110,53.5,20261010061359476901
NCAAF,americanfootball_ncaaf,9f633922d2cc5fa338aa22d1fcb83099,2026-10-10T19:30:00Z,California Golden Bears,Virginia Tech Hokies,fanduel,FanDuel,2026-10-10T06:13:39Z,totals,2026-10-10T06:13:39Z,Under,-110,53.5,20261010061359476901
NCAAF,americanfootball_ncaaf,9f633922d2cc5fa338aa22d1fcb83099,2026-10-10T19:30:00Z,California Golden Bears,Virginia Tech Hokies,betrivers,BetRivers,2026-10-10T06:13:23Z,h2h,2026-10-10T06:13:23Z,California Golden Bears,295,,20261010061359476901
NCAAF,americanfootball_ncaaf,9f633922d2cc5fa338aa22d1fcb83099,2026-10-10T19:30:00Z,California Golden Bears,Virginia Tech Hokies,betrivers,BetRivers,2026-10-10T06:13:23Z,h2h,2026-10-10T06:13:23Z,Virginia Tech Hokies,-400,,20261010061359476901
NCAAF,americanfootball_ncaaf,9f633922d2cc5fa338aa22d1fcb83099,2026-10-10T19:30:00Z,California Golden Bears,Virginia Tech Hokies,betrivers,BetRivers,2026-10-10T06:13:23Z,spreads,2026-10-10T06:13:23Z,California Golden Bears,-112,10.0,20261010061359476901
NCAAF,americanfootball_ncaaf,9f633922d2cc5fa338aa22d1fcb83099,2026-10-10T19:30:00Z,California Golden Bears,Virginia Tech Hokies,betrivers,BetRivers,2026-10-10T06:13:23Z,spreads,2026-10-10T06:13:23Z,Virginia Tech Hokies,-112,-10.0,20261010061359476901
NCAAF,americanfootball_ncaaf,9f633922d2cc5fa338aa22d1fcb83099,2026-10-10T19:30:00Z,California Golden Bears,Virginia Tech Hokies,betrivers,BetRivers,2026-10-10T06:13:23Z,totals,2026-10-10T06:13:23Z,Over,-112,53.5,20261010061359476901
NCAAF,americanfootball_ncaaf,9f633922d2cc5fa338aa22d1fcb83099,2026-10-10T19:30:00Z,California Golden Bears,Virginia Tech Hokies,betrivers,BetRivers,2026-10-10T06:13:23Z,totals,2026-10-10T06:13:23Z,Under,-110,53.5,20261010061359476901
NCAAF,americanfootball_ncaaf,9f633922d2cc5fa338aa22d1fcb83099,2026-10-10T19:30:00Z,California Golden Bears,Virginia Tech Hokies,betmgm,BetMGM,2026-10-10T06:13:39Z,h2h,2026-10-10T06:13:39Z,California Golden Bears,300,,20261010061359476901
NCAAF,americanfootball_ncaaf,9f633922d2cc5fa338aa22d1fcb83099,2026-10-10T19:30:00Z,California Golden Bears,Virginia Tech Hokies,betmgm,BetMGM,2026-10-10T06:13:39Z,h2h,2026-10-10T06:13:39Z,Virginia Tech Hokies,-375,,20261010061359476901
NCAAF,americanfootball_ncaaf,9f633922d2cc5fa338aa22d1fcb83099,2026-10-10T19:30:00Z,California Golden Bears,Virginia Tech Hokies,betmgm,BetMGM,2026-10-10T06:13:39Z,spreads,2026-10-10T06:13:39Z,California Golden Bears,-110,10.0,20261010061359476901
NCAAF,americanfootball_ncaaf,9f633922d2cc5fa338aa22d1fcb83099,2026-10-10T19:30:00Z,California Golden Bears,Virginia Tech Hokies,betmgm,BetMGM,2026-10-10T06:13:39Z,spreads,2026-10-10T06:13:39Z,Virginia Tech Hokies,-110,-10.0,20261010061359476901
NCAAF,americanfootball_ncaaf,9f633922d2cc5fa338aa22d1fcb83099,2026-10-10T19:30:00Z,California Golden Bears,Virginia Tech Hokies,betmgm,BetMGM,2026-10-10T06:13:39Z,totals,2026-10-10T06:13:39Z,Over,-105,53.5,20261010061359476901
NCAAF,americanfootball_ncaaf,9f633922d2cc5fa338aa22d1fcb83099,2026-10-10T19:30:00Z,California Golden Bears,Virginia Tech Hokies,betmgm,BetMGM,2026-10-10T06:13:39Z,totals,2026-10-10T06:13:39Z,Under,-115,53.5,20261010061359476901
NCAAF,americanfootball_ncaaf,9f633922d2cc5fa338aa22d1fcb83099,2026-10-10T19:30:00Z,California Golden Bears,Virginia Tech Hokies,draftkings,DraftKings,2026-10-10T06:13:23Z,h2h,2026-10-10T06:13:22Z,California Golden Bears,295,,20261010061359476901
NCAAF,americanfootball_ncaaf,9f633922d2cc5fa338aa22d1fcb83099,2026-10-10T19:30:00Z,California Golden Bears,Virginia Tech Hokies,draftkings,DraftKings,2026-10-10T06:13:23Z,h2h,2026-10-10T06:13:22Z,Virginia Tech Hokies,-375,,20261010061359476901
NCAAF,americanfootball_ncaaf,9f633922d2cc5fa338aa22d1fcb83099,2026-10-10T19:30:00Z,California Golden Bears,Virginia Tech Hokies,draftkings,DraftKings,2026-10-10T06:13:23Z,spreads,2026-10-10T06:13:22Z,California Golden Bears,-110,10.0,20261010061359476901
NCAAF,americanfootball_ncaaf,9f633922d2cc5fa338aa22d1fcb83099,2026-10-10T19:30:00Z,California Golden Bears,Virginia Tech Hokies,draftkings,DraftKings,2026-10-10T06:13:23Z,spreads,2026-10-10T06:13:22Z,Virginia Tech Hokies,-110,-10.0,20261010061359476901
NCAAF,americanfootball_ncaaf,9f633922d2cc5fa338aa22d1fcb83099,2026-10-10T19:30:00Z,California Golden Bears,Virginia Tech Hokies,draftkings,DraftKings,2026-10-10T06:13:23Z,totals,2026-10-10T06:13:22Z,Over,-108,53.5,20261010061359476901
NCAAF,americanfootball_ncaaf,9f633922d2cc5fa338aa22d1fcb83099,2026-10-10T19:30:00Z,California Golden Bears,Virginia Tech Hokies,draftkings,DraftKings,2026-10-10T06:13:23Z,totals,2026-10-10T06:13:22Z,Under,-112,53.5,20261010061359476901
NCAAF,americanfootball_ncaaf,9f633922d2cc5fa338aa22d1fcb83099,2026-10-10T19:30:00Z,California Golden Bears,Virginia Tech Hokies,lowvig,LowVig.ag,2026-10-10T06:13:39Z,h2h,2026-10-10T06:13:39Z,California Golden Bears,296,,20261010061359476901
NCAAF,americanfootball_ncaaf,9f633922d2cc5fa338aa22d1fcb83099,2026-10-10T19:30:00Z,California Golden Bears,Virginia Tech Hokies,lowvig,LowVig.ag,2026-10-10T06:13:39Z,h2h,2026-10-10T06:13:39Z,Virginia Tech Hokies,-370,,20261010061359476901
NCAAF,americanfootball_ncaaf,9f633922d2cc5fa338aa22d1fcb83099,2026-10-10T19:30:00Z,California Golden Bears,Virginia Tech Hokies,lowvig,LowVig.ag,2026-10-10T06:13:39Z,spreads,2026-10-10T06:13:39Z,California Golden Bears,106,9.5,20261010061359476901
NCAAF,americanfootball_ncaaf,9f633922d2cc5fa338aa22d1fcb83099,2026-10-10T19:30:00Z,California Golden Bears,Virginia Tech Hokies,lowvig,LowVig.ag,2026-10-10T06:13:39Z,spreads,2026-10-10T06:13:39Z,Virginia Tech Hokies,-118,-9.5,20261010061359476901
NCAAF,americanfootball_ncaaf,9f633922d2cc5fa338aa22d1fcb83099,2026-10-10T19:30:00Z,California Golden Bears,Virginia Tech Hokies,lowvig,LowVig.ag,2026-10-10T06:13:39Z,totals,2026-10-10T06:13:39Z,Over,-108,53.0,20261010061359476901
NCAAF,americanfootball_ncaaf,9f633922d2cc5fa338aa22d1fcb83099,2026-10-10T19:30:00Z,California Golden Bears,Virginia Tech Hokies,lowvig,LowVig.ag,2026-10-10T06:13:39Z,totals,2026-10-10T06:13:39Z,Under,-108,53.0,20261010061359476901
NCAAF,americanfootball_ncaaf,9f633922d2cc5fa338aa22d1fcb83099,2026-10-10T19:30:00Z,California Golden Bears,Virginia Tech Hokies,betonlineag,BetOnline.ag,2026-10-10T06:13:21Z,h2h,2026-10-10T06:13:21Z,California Golden Bears,296,,20261010061359476901
NCAAF,americanfootball_ncaaf,9f633922d2cc5fa338aa22d1fcb83099,2026-10-10T19:30:00Z,California Golden Bears,Virginia Tech Hokies,betonlineag,BetOnline.ag,2026-10-10T06:13:21Z,h2h,2026-10-10T06:13:21Z,Virginia Tech Hokies,-370,,20261010061359476901
NCAAF,americanfootball_ncaaf,9f633922d2cc5fa338aa22d1fcb83099,2026-10-10T19:30:00Z,California Golden Bears,Virginia Tech Hokies,betonlineag,BetOnline.ag,2026-10-10T06:13:21Z,spreads,2026-10-10T06:13:21Z,California Golden Bears,102,9.5,20261010061359476901
NCAAF,americanfootball_ncaaf,9f633922d2cc5fa338aa22d1fcb83099,2026-10-10T19:30:00Z,California Golden Bears,Virginia Tech Hokies,betonlineag,BetOnline.ag,2026-10-10T06:13:21Z,spreads,2026-10-10T06:13:21Z,Virginia Tech Hokies,-122,-9.5,20261010061359476901
NCAAF,americanfootball_ncaaf,9f633922d2cc5fa338aa22d1fcb83099,2026-10-10T19:30:00Z,California Golden Bears,Virginia Tech Hokies,betonlineag,BetOnline.ag,2026-10-10T06:13:21Z,totals,2026-10-10T06:13:21Z,Over,-110,53.0,20261010061359476901
NCAAF,americanfootball_ncaaf,9f633922d2cc5fa338aa22d1fcb83099,2026-10-10T19:30:00Z,California Golden Bears,Virginia Tech Hokies,betonlineag,BetOnline.ag,2026-10-10T06:13:21Z,totals,2026-10-10T06:13:21Z,Under,-110,53.0,20261010061359476901
NCAAF,americanfootball_ncaaf,9f633922d2cc5fa338aa22d1fcb83099,2026-10-10T19:30:00Z,California Golden Bears,Virginia Tech Hokies,mybookieag,MyBookie.ag,2026-10-10T06:13:29Z,h2h,2026-10-10T06:13:28Z,California Golden Bears,301,,20261010061359476901
NCAAF,americanfootball_ncaaf,9f633922d2cc5fa338aa22d1fcb83099,2026-10-10T19:30:00Z,California Golden Bears,Virginia Tech Hokies,mybookieag,MyBookie.ag,2026-10-10T06:13:29Z,h2h,2026-10-10T06:13:28Z,Virginia Tech Hokies,-403,,20261010061359476901
NCAAF,americanfootball_ncaaf,9f633922d2cc5fa338aa22d1fcb83099,2026-10-10T19:30:00Z,California Golden Bears,Virginia Tech Hokies,mybookieag,MyBookie.ag,2026-10-10T06:13:29Z,spreads,2026-10-10T06:13:28Z,California Golden Bears,-110,10.0,20261010061359476901
NCAAF,americanfootball_ncaaf,9f633922d2cc5fa338aa22d1fcb83099,2026-10-10T19:30:00Z,California Golden Bears,Virginia Tech Hokies,mybookieag,MyBookie.ag,2026-10-10T06:13:29Z,spreads,2026-10-10T06:13:28Z,Virginia Tech Hokies,-110,-10.0,20261010061359476901
NCAAF,americanfootball_ncaaf,9f633922d2cc5fa338aa22d1fcb83099,2026-10-10T19:30:00Z,California Golden Bears,Virginia Tech Hokies,mybookieag,MyBookie.ag,2026-10-10T06:13:29Z,totals,2026-10-10T06:13:28Z,Over,-110,53.0,20261010061359476901
NCAAF,americanfootball_ncaaf,9f633922d2cc5fa338aa22d1fcb83099,2026-10-10T19:30:00Z,California Golden Bears,Virginia Tech Hokies,mybookieag,MyBookie.ag,2026-10-10T06:13:29Z,totals,2026-10-10T06:13:28Z,Under,-110,53.0,20261010061359476901
NCAAF,americanfootball_ncaaf,9f633922d2cc5fa338aa22d1fcb83099,2026-10-10T19:30:00Z,California Golden Bears,Virginia Tech Hokies,betus,BetUS,2026-10-10T06:13:55Z,h2h,2026-10-10T06:13:55Z,California Golden Bears,295,,20261010061359476901
NCAAF,americanfootball_ncaaf,9f633922d2cc5fa338aa22d1fcb83099,2026-10-10T19:30:00Z,California Golden Bears,Virginia Tech Hokies,betus,BetUS,2026-10-10T06:13:55Z,h2h,2026-10-10T06:13:55Z,Virginia Tech Hokies,-370,,20261010061359476901
NCAAF,americanfootball_ncaaf,9f633922d2cc5fa338aa22d1fcb83099,2026-10-10T19:30:00Z,California Golden Bears,Virginia Tech Hokies,betus,BetUS,2026-10-10T06:13:55Z,spreads,2026-10-10T06:13:55Z,California Golden Bears,-110,10.0,20261010061359476901
NCAAF,americanfootball_ncaaf,9f633922d2cc5fa338aa22d1fcb83099,2026-10-10T19:30:00Z,California Golden Bears,Virginia Tech Hokies,betus,BetUS,2026-10-10T06:13:55Z,spreads,2026-10-10T06:13:55Z,Virginia Tech Hokies,-110,-10.0,20261010061359476901
NCAAF,americanfootball_ncaaf,9f633922d2cc5fa338aa22d1fcb83099,2026-10-10T19:30:00Z,California Golden Bears,Virginia Tech Hokies,betus,BetUS,2026-10-10T06:13:55Z,totals,2026-10-10T06:13:55Z,Over,-110,53.0,20261010061359476901
NCAAF,americanfootball_ncaaf,9f633922d2cc5fa338aa22d1fcb83099,2026-10-10T19:30:00Z,California Golden Bears,Virginia Tech Hokies,betus,BetUS,2026-10-10T06:13:55Z,totals,2026-10-10T06:13:55Z,Under,-110,53.0,20261010061359476901
NCAAF,americanfootball_ncaaf,9f633922d2cc5fa338aa22d1fcb83099,2026-10-10T19:30:00Z,California Golden Bears,Virginia Tech Hokies,bovada,Bovada,2026-10-10T06:12:36Z,h2h,2026-10-10T06:12:35Z,California Golden Bears,295,,20261010061359476901
NCAAF,americanfootball_ncaaf,9f633922d2cc5fa338aa22d1fcb83099,2026-10-10T19:30:00Z,California Golden Bears,Virginia Tech Hokies,bovada,Bovada,2026-10-10T06:12:36Z,h2h,2026-10-10T06:12:35Z,Virginia Tech Hokies,-390,,20261010061359476901
NCAAF,americanfootball_ncaaf,9f633922d2cc5fa338aa22d1fcb83099,2026-10-10T19:30:00Z,California Golden Bears,Virginia Tech Hokies,bovada,Bovada,2026-10-10T06:12:36Z,spreads,2026-10-10T06:12:35Z,California Golden Bears,-110,10.0,20261010061359476901
NCAAF,americanfootball_ncaaf,9f633922d2cc5fa338aa22d1fcb83099,2026-10-10T19:30:00Z,California Golden Bears,Virginia Tech Hokies,bovada,Bovada,2026-10-10T06:12:36Z,spreads,2026-10-10T06:12:35Z,Virginia Tech Hokies,-110,-10.0,20261010061359476901
NCAAF,americanfootball_ncaaf,9f633922d2cc5fa338aa22d1fcb83099,2026-10-10T19:30:00Z,California Golden Bears,Virginia Tech Hokies,bovada,Bovada,2026-10-10T06:12:36Z,totals,2026-10-10T06:12:35Z,Over,-110,53.0,20261010061359476901
NCAAF,americanfootball_ncaaf,9f633922d2cc5fa338aa22d1fcb83099,2026-10-10T19:30:00Z,California Golden Bears,Virginia Tech Hokies,bovada,Bovada,2026-10-10T06:12:36Z,totals,2026-10-10T06:12:35Z,Under,-110,53.0,20261010061359476901
NCAAF,americanfootball_ncaaf,6c0ea3fe653989dd0d695482738232c3,2026-10-10T19:30:00Z,Ohio Bobcats,Central Michigan Chippewas,draftkings,DraftKings,2026-10-10T06:13:23Z,h2h,2026-10-10T06:13:22Z,Central Michigan Chippewas,110,,20261010061359476901
NCAAF,americanfootball_ncaaf,6c0ea3fe653989dd0d695482738232c3,2026-10-10T19:30:00Z,Ohio Bobcats,Central Michigan Chippewas,draftkings,DraftKings,2026-10-10T06:13:23Z,h2h,2026-10-10T06:13:22Z,Ohio Bobcats,-130,,20261010061359476901
NCAAF,americanfootball_ncaaf,6c0ea3fe653989dd0d695482738232c3,2026-10-10T19:30:00Z,Ohio Bobcats,Central Michigan Chippewas,draftkings,DraftKings,2026-10-10T06:13:23Z,spreads,2026-10-10T06:13:22Z,Central Michigan Chippewas,-105,1.5,20261010061359476901
NCAAF,americanfootball_ncaaf,6c0ea3fe653989dd0d695482738232c3,2026-10-10T19:30:00Z,Ohio Bobcats,Central Michigan Chippewas,draftkings,DraftKings,2026-10-10T06:13:23Z,spreads,2026-10-10T06:13:22Z,Ohio Bobcats,-115,-1.5,20261010061359476901
NCAAF,americanfootball_ncaaf,6c0ea3fe653989dd0d695482738232c3,2026-10-10T19:30:00Z,Ohio Bobcats,Central Michigan Chippewas,draftkings,DraftKings,2026-10-10T06:13:23Z,totals,2026-10-10T06:13:22Z,Over,-108,46.5,20261010061359476901
NCAAF,americanfootball_ncaaf,6c0ea3fe653989dd0d695482738232c3,2026-10-10T19:30:00Z,Ohio Bobcats,Central Michigan Chippewas,draftkings,DraftKings,2026-10-10T06:13:23Z,totals,2026-10-10T06:13:22Z,Under,-112,46.5,20261010061359476901
NCAAF,americanfootball_ncaaf,6c0ea3fe653989dd0d695482738232c3,2026-10-10T19:30:00Z,Ohio Bobcats,Central Michigan Chippewas,fanduel,FanDuel,2026-10-10T06:13:39Z,h2h,2026-10-10T06:13:39Z,Central Michigan Chippewas,108,,20261010061359476901
NCAAF,americanfootball_ncaaf,6c0ea3fe653989dd0d695482738232c3,2026-10-10T19:30:00Z,Ohio Bobcats,Central Michigan Chippewas,fanduel,FanDuel,2026-10-10T06:13:39Z,h2h,2026-10-10T06:13:39Z,Ohio Bobcats,-130,,20261010061359476901
NCAAF,americanfootball_ncaaf,6c0ea3fe653989dd0d695482738232c3,2026-10-10T19:30:00Z,Ohio Bobcats,Central Michigan Chippewas,fanduel,FanDuel,2026-10-10T06:13:39Z,spreads,2026-10-10T06:13:39Z,Central Michigan Chippewas,-110,2.5,20261010061359476901
NCAAF,americanfootball_ncaaf,6c0ea3fe653989dd0d695482738232c3,2026-10-10T19:30:00Z,Ohio Bobcats,Central Michigan Chippewas,fanduel,FanDuel,2026-10-10T06:13:39Z,spreads,2026-10-10T06:13:39Z,Ohio Bobcats,-110,-2.5,20261010061359476901
NCAAF,americanfootball_ncaaf,6c0ea3fe653989dd0d695482738232c3,2026-10-10T19:30:00Z,Ohio Bobcats,Central Michigan Chippewas,fanduel,FanDuel,2026-10-10T06:13:39Z,totals,2026-10-10T06:13:39Z,Over,-114,45.5,20261010061359476901
NCAAF,americanfootball_ncaaf,6c0ea3fe653989dd0d695482738232c3,2026-10-10T19:30:00Z,Ohio Bobcats,Central Michigan Chippewas,fanduel,FanDuel,2026-10-10T06:13:39Z,totals,2026-10-10T06:13:39Z,Under,-106,45.5,20261010061359476901
NCAAF,americanfootball_ncaaf,6c0ea3fe653989dd0d695482738232c3,2026-10-10T19:30:00Z,Ohio Bobcats,Central Michigan Chippewas,lowvig,LowVig.ag,2026-10-10T06:13:39Z,h2h,2026-10-10T06:13:38Z,Central Michigan Chippewas,115,,20261010061359476901
NCAAF,americanfootball_ncaaf,6c0ea3fe653989dd0d695482738232c3,2026-10-10T19:30:00Z,Ohio Bobcats,Central Michigan Chippewas,lowvig,LowVig.ag,2026-10-10T06:13:39Z,h2h,2026-10-10T06:13:38Z,Ohio Bobcats,-135,,20261010061359476901
NCAAF,americanfootball_ncaaf,6c0ea3fe653989dd0d695482738232c3,2026-10-10T19:30:00Z,Ohio Bobcats,Central Michigan Chippewas,lowvig,LowVig.ag,2026-10-10T06:13:39Z,spreads,2026-10-10T06:13:38Z,Central Michigan Chippewas,-106,2.0,20261010061359476901
NCAAF,americanfootball_ncaaf,6c0ea3fe653989dd0d695482738232c3,2026-10-10T19:30:00Z,Ohio Bobcats,Central Michigan Chippewas,lowvig,LowVig.ag,2026-10-10T06:13:39Z,spreads,2026-10-10T06:13:38Z,Ohio Bobcats,-106,-2.0,20261010061359476901
NCAAF,americanfootball_ncaaf,6c0ea3fe653989dd0d695482738232c3,2026-10-10T19:30:00Z,Ohio Bobcats,Central Michigan Chippewas,lowvig,LowVig.ag,2026-10-10T06:13:39Z,totals,2026-10-10T06:13:38Z,Over,-108,46.0,20261010061359476901
NCAAF,americanfootball_ncaaf,6c0ea3fe653989dd0d695482738232c3,2026-10-10T19:30:00Z,Ohio Bobcats,Central Michigan Chippewas,lowvig,LowVig.ag,2026-10-10T06:13:39Z,totals,2026-10-10T06:13:38Z,Under,-108,46.0,20261010061359476901
NCAAF,americanfootball_ncaaf,6c0ea3fe653989dd0d695482738232c3,2026-10-10T19:30:00Z,Ohio Bobcats,Central Michigan Chippewas,betonlineag,BetOnline.ag,2026-10-10T06:13:21Z,h2h,2026-10-10T06:13:21Z,Central Michigan Chippewas,115,,20261010061359476901
NCAAF,americanfootball_ncaaf,6c0ea3fe653989dd0d695482738232c3,2026-10-10T19:30:00Z,Ohio Bobcats,Central Michigan Chippewas,betonlineag,BetOnline.ag,2026-10-10T06:13:21Z,h2h,2026-10-10T06:13:21Z,Ohio Bobcats,-135,,20261010061359476901
NCAAF,americanfootball_ncaaf,6c0ea3fe653989dd0d695482738232c3,2026-10-10T19:30:00Z,Ohio Bobcats,Central Michigan Chippewas,betonlineag,BetOnline.ag,2026-10-10T06:13:21Z,spreads,2026-10-10T06:13:21Z,Central Michigan Chippewas,-110,2.0,20261010061359476901
NCAAF,americanfootball_ncaaf,6c0ea3fe653989dd0d695482738232c3,2026-10-10T19:30:00Z,Ohio Bobcats,Central Michigan Chippewas,betonlineag,BetOnline.ag,2026-10-10T06:13:21Z,spreads,2026-10-10T06:13:21Z,Ohio Bobcats,-110,-2.0,20261010061359476901
NCAAF,americanfootball_ncaaf,6c0ea3fe653989dd0d695482738232c3,2026-10-10T19:30:00Z,Ohio Bobcats,Central Michigan Chippewas,betonlineag,BetOnline.ag,2026-10-10T06:13:21Z,totals,2026-10-10T06:13:21Z,Over,-110,46.0,20261010061359476901
NCAAF,americanfootball_ncaaf,6c0ea3fe653989dd0d695482738232c3,2026-10-10T19:30:00Z,Ohio Bobcats,Central Michigan Chippewas,betonlineag,BetOnline.ag,2026-10-10T06:13:21Z,totals,2026-10-10T06:13:21Z,Under,-110,46.0,20261010061359476901
NCAAF,americanfootball_ncaaf,6c0ea3fe653989dd0d695482738232c3,2026-10-10T19:30:00Z,Ohio Bobcats,Central Michigan Chippewas,betrivers,BetRivers,2026-10-10T06:13:23Z,h2h,2026-10-10T06:13:23Z,Central Michigan Chippewas,107,,20261010061359476901
NCAAF,americanfootball_ncaaf,6c0ea3fe653989dd0d695482738232c3,2026-10-10T19:30:00Z,Ohio Bobcats,Central Michigan Chippewas,betrivers,BetRivers,2026-10-10T06:13:23Z,h2h,2026-10-10T06:13:23Z,Ohio Bobcats,-132,,20261010061359476901
NCAAF,americanfootball_ncaaf,6c0ea3fe653989dd0d695482738232c3,2026-10-10T19:30:00Z,Ohio Bobcats,Central Michigan Chippewas,betrivers,BetRivers,2026-10-10T06:13:23Z,spreads,2026-10-10T06:13:23Z,Central Michigan Chippewas,-109,2.0,20261010061359476901
NCAAF,americanfootball_ncaaf,6c0ea3fe653989dd0d695482738232c3,2026-10-10T19:30:00Z,Ohio Bobcats,Central Michigan Chippewas,betrivers,BetRivers,2026-10-10T06:13:23Z,spreads,2026-10-10T06:13:23Z,Ohio Bobcats,-114,-2.0,20261010061359476901
NCAAF,americanfootball_ncaaf,6c0ea3fe653989dd0d695482738232c3,2026-10-10T19:30:00Z,Ohio Bobcats,Central Michigan Chippewas,betrivers,BetRivers,2026-10-10T06:13:23Z,totals,2026-10-10T06:13:23Z,Over,-112,46.5,20261010061359476901
NCAAF,americanfootball_ncaaf,6c0ea3fe653989dd0d695482738232c3,2026-10-10T19:30:00Z,Ohio Bobcats,Central Michigan Chippewas,betrivers,BetRivers,2026-10-10T06:13:23Z,totals,2026-10-10T06:13:23Z,Under,-112,46.5,20261010061359476901
NCAAF,americanfootball_ncaaf,6c0ea3fe653989dd0d695482738232c3,2026-10-10T19:30:00Z,Ohio Bobcats,Central Michigan Chippewas,betmgm,BetMGM,2026-10-10T06:13:39Z,h2h,2026-10-10T06:13:39Z,Central Michigan Chippewas,110,,20261010061359476901
NCAAF,americanfootball_ncaaf,6c0ea3fe653989dd0d695482738232c3,2026-10-10T19:30:00Z,Ohio Bobcats,Central Michigan Chippewas,betmgm,BetMGM,2026-10-10T06:13:39Z,h2h,2026-10-10T06:13:39Z,Ohio Bobcats,-135,,20261010061359476901
NCAAF,americanfootball_ncaaf,6c0ea3fe653989dd0d695482738232c3,2026-10-10T19:30:00Z,Ohio Bobcats,Central Michigan Chippewas,betmgm,BetMGM,2026-10-10T06:13:39Z,spreads,2026-10-10T06:13:39Z,Central Michigan Chippewas,-105,2.5,20261010061359476901
NCAAF,americanfootball_ncaaf,6c0ea3fe653989dd0d695482738232c3,2026-10-10T19:30:00Z,Ohio Bobcats,Central Michigan Chippewas,betmgm,BetMGM,2026-10-10T06:13:39Z,spreads,2026-10-10T06:13:39Z,Ohio Bobcats,-115,-2.5,20261010061359476901
NCAAF,americanfootball_ncaaf,6c0ea3fe653989dd0d695482738232c3,2026-10-10T19:30:00Z,Ohio Bobcats,Central Michigan Chippewas,betmgm,BetMGM,2026-10-10T06:13:39Z,totals,2026-10-10T06:13:39Z,Over,-110,46.5,20261010061359476901
NCAAF,americanfootball_ncaaf,6c0ea3fe653989dd0d695482738232c3,2026-10-10T19:30:00Z,Ohio Bobcats,Central Michigan Chippewas,betmgm,BetMGM,2026-10-10T06:13:39Z,totals,2026-10-10T06:13:39Z,Under,-110,46.5,20261010061359476901
NCAAF,americanfootball_ncaaf,6c0ea3fe653989dd0d695482738232c3,2026-10-10T19:30:00Z,Ohio Bobcats,Central Michigan Chippewas,mybookieag,MyBookie.ag,2026-10-10T06:13:29Z,h2h,2026-10-10T06:13:28Z,Central Michigan Chippewas,108,,20261010061359476901
NCAAF,americanfootball_ncaaf,6c0ea3fe653989dd0d695482738232c3,2026-10-10T19:30:00Z,Ohio Bobcats,Central Michigan Chippewas,mybookieag,MyBookie.ag,2026-10-10T06:13:29Z,h2h,2026-10-10T06:13:28Z,Ohio Bobcats,-132,,20261010061359476901
NCAAF,americanfootball_ncaaf,6c0ea3fe653989dd0d695482738232c3,2026-10-10T19:30:00Z,Ohio Bobcats,Central Michigan Chippewas,mybookieag,MyBookie.ag,2026-10-10T06:13:29Z,spreads,2026-10-10T06:13:28Z,Central Michigan Chippewas,-110,2.0,20261010061359476901
NCAAF,americanfootball_ncaaf,6c0ea3fe653989dd0d695482738232c3,2026-10-10T19:30:00Z,Ohio Bobcats,Central Michigan Chippewas,mybookieag,MyBookie.ag,2026-10-10T06:13:29Z,spreads,2026-10-10T06:13:28Z,Ohio Bobcats,-110,-2.0,20261010061359476901
NCAAF,americanfootball_ncaaf,6c0ea3fe653989dd0d695482738232c3,2026-10-10T19:30:00Z,Ohio Bobcats,Central Michigan Chippewas,mybookieag,MyBookie.ag,2026-10-10T06:13:29Z,totals,2026-10-10T06:13:28Z,Over,-110,46.5,20261010061359476901
NCAAF,americanfootball_ncaaf,6c0ea3fe653989dd0d695482738232c3,2026-10-10T19:30:00Z,Ohio Bobcats,Central Michigan Chippewas,mybookieag,MyBookie.ag,2026-10-10T06:13:29Z,totals,2026-10-10T06:13:28Z,Under,-110,46.5,20261010061359476901
NCAAF,americanfootball_ncaaf,6c0ea3fe653989dd0d695482738232c3,2026-10-10T19:30:00Z,Ohio Bobcats,Central Michigan Chippewas,bovada,Bovada,2026-10-10T06:12:36Z,h2h,2026-10-10T06:12:35Z,Central Michigan Chippewas,105,,20261010061359476901
NCAAF,americanfootball_ncaaf,6c0ea3fe653989dd0d695482738232c3,2026-10-10T19:30:00Z,Ohio Bobcats,Central Michigan Chippewas,bovada,Bovada,2026-10-10T06:12:36Z,h2h,2026-10-10T06:12:35Z,Ohio Bobcats,-125,,20261010061359476901
NCAAF,americanfootball_ncaaf,6c0ea3fe653989dd0d695482738232c3,2026-10-10T19:30:00Z,Ohio Bobcats,Central Michigan Chippewas,bovada,Bovada,2026-10-10T06:12:36Z,spreads,2026-10-10T06:12:35Z,Central Michigan Chippewas,-110,2.0,20261010061359476901
NCAAF,americanfootball_ncaaf,6c0ea3fe653989dd0d695482738232c3,2026-10-10T19:30:00Z,Ohio Bobcats,Central Michigan Chippewas,bovada,Bovada,2026-10-10T06:12:36Z,spreads,2026-10-10T06:12:35Z,Ohio Bobcats,-110,-2.0,20261010061359476901
NCAAF,americanfootball_ncaaf,6c0ea3fe653989dd0d695482738232c3,2026-10-10T19:30:00Z,Ohio Bobcats,Central Michigan Chippewas,bovada,Bovada,2026-10-10T06:12:36Z,totals,2026-10-10T06:12:35Z,Over,-115,46.0,20261010061359476901
NCAAF,americanfootball_ncaaf,6c0ea3fe653989dd0d695482738232c3,2026-10-10T19:30:00Z,Ohio Bobcats,Central Michigan Chippewas,bovada,Bovada,2026-10-10T06:12:36Z,totals,2026-10-10T06:12:35Z,Under,-105,46.0,20261010061359476901
NCAAF,americanfootball_ncaaf,6c0ea3fe653989dd0d695482738232c3,2026-10-10T19:30:00Z,Ohio Bobcats,Central Michigan Chippewas,betus,BetUS,2026-10-10T06:13:55Z,h2h,2026-10-10T06:13:54Z,Central Michigan Chippewas,110,,20261010061359476901
NCAAF,americanfootball_ncaaf,6c0ea3fe653989dd0d695482738232c3,2026-10-10T19:30:00Z,Ohio Bobcats,Central Michigan Chippewas,betus,BetUS,2026-10-10T06:13:55Z,h2h,2026-10-10T06:13:54Z,Ohio Bobcats,-130,,20261010061359476901
NCAAF,americanfootball_ncaaf,6c0ea3fe653989dd0d695482738232c3,2026-10-10T19:30:00Z,Ohio Bobcats,Central Michigan Chippewas,betus,BetUS,2026-10-10T06:13:55Z,spreads,2026-10-10T06:13:54Z,Central Michigan Chippewas,-110,2.0,20261010061359476901
NCAAF,americanfootball_ncaaf,6c0ea3fe653989dd0d695482738232c3,2026-10-10T19:30:00Z,Ohio Bobcats,Central Michigan Chippewas,betus,BetUS,2026-10-10T06:13:55Z,spreads,2026-10-10T06:13:54Z,Ohio Bobcats,-110,-2.0,20261010061359476901
NCAAF,americanfootball_ncaaf,6c0ea3fe653989dd0d695482738232c3,2026-10-10T19:30:00Z,Ohio Bobcats,Central Michigan Chippewas,betus,BetUS,2026-10-10T06:13:55Z,totals,2026-10-10T06:13:54Z,Over,-110,46.0,20261010061359476901
NCAAF,americanfootball_ncaaf,6c0ea3fe653989dd0d695482738232c3,2026-10-10T19:30:00Z,Ohio Bobcats,Central Michigan Chippewas,betus,BetUS,2026-10-10T06:13:55Z,totals,2026-10-10T06:13:54Z,Under,-110,46.0,20261010061359476901
NCAAF,americanfootball_ncaaf,2168132b20b82bf78e08f1787b6f83cc,2026-10-10T19:30:00Z,North Texas Mean Green,Charlotte 49ers,draftkings,DraftKings,2026-10-10T06:13:23Z,h2h,2026-10-10T06:13:22Z,Charlotte 49ers,1700,,20261010061359476901
NCAAF,americanfootball_ncaaf,2168132b20b82bf78e08f1787b6f83cc,2026-10-10T19:30:00Z,North Texas Mean Green,Charlotte 49ers,draftkings,DraftKings,2026-10-10T06:13:23Z,h2h,2026-10-10T06:13:22Z,North Texas Mean Green,-4500,,20261010061359476901
NCAAF,americanfootball_ncaaf,2168132b20b82bf78e08f1787b6f83cc,2026-10-10T19:30:00Z,North Texas Mean Green,Charlotte 49ers,draftkings,DraftKings,2026-10-10T06:13:23Z,spreads,2026-10-10T06:13:22Z,Charlotte 49ers,-108,28.5,20261010061359476901
NCAAF,americanfootball_ncaaf,2168132b20b82bf78e08f1787b6f83cc,2026-10-10T19:30:00Z,North Texas Mean Green,Charlotte 49ers,draftkings,DraftKings,2026-10-10T06:13:23Z,spreads,2026-10-10T06:13:22Z,North Texas Mean Green,-112,-28.5,20261010061359476901
NCAAF,americanfootball_ncaaf,2168132b20b82bf78e08f1787b6f83cc,2026-10-10T19:30:00Z,North Texas Mean Green,Charlotte 49ers,draftkings,DraftKings,2026-10-10T06:13:23Z,totals,2026-10-10T06:13:22Z,Over,-105,58.5,20261010061359476901
NCAAF,americanfootball_ncaaf,2168132b20b82bf78e08f1787b6f83cc,2026-10-10T19:30:00Z,North Texas Mean Green,Charlotte 49ers,draftkings,DraftKings,2026-10-10T06:13:23Z,totals,2026-10-10T06:13:22Z,Under,-115,58.5,20261010061359476901
NCAAF,americanfootball_ncaaf,2168132b20b82bf78e08f1787b6f83cc,2026-10-10T19:30:00Z,North Texas Mean Green,Charlotte 49ers,fanduel,FanDuel,2026-10-10T06:13:39Z,h2h,2026-10-10T06:13:39Z,Charlotte 49ers,2000,,20261010061359476901
NCAAF,americanfootball_ncaaf,2168132b20b82bf78e08f1787b6f83cc,2026-10-10T19:30:00Z,North Texas Mean Green,Charlotte 49ers,fanduel,FanDuel,2026-10-10T06:13:39Z,h2h,2026-10-10T06:13:39Z,North Texas Mean Green,-7000,,20261010061359476901
NCAAF,americanfootball_ncaaf,2168132b20b82bf78e08f1787b6f83cc,2026-10-10T19:30:00Z,North Texas Mean Green,Charlotte 49ers,fanduel,FanDuel,2026-10-10T06:13:39Z,spreads,2026-10-10T06:13:39Z,Charlotte 49ers,-114,28.5,20261010061359476901
NCAAF,americanfootball_ncaaf,2168132b20b82bf78e08f1787b6f83cc,2026-10-10T19:30:00Z,North Texas Mean Green,Charlotte 49ers,fanduel,FanDuel,2026-10-10T06:13:39Z,spreads,2026-10-10T06:13:39Z,North Texas Mean Green,-106,-28.5,20261010061359476901
NCAAF,americanfootball_ncaaf,2168132b20b82bf78e08f1787b6f83cc,2026-10-10T19:30:00Z,North Texas Mean Green,Charlotte 49ers,fanduel,FanDuel,2026-10-10T06:13:39Z,totals,2026-10-10T06:13:39Z,Over,-106,58.5,20261010061359476901
NCAAF,americanfootball_ncaaf,2168132b20b82bf78e08f1787b6f83cc,2026-10-10T19:30:00Z,North Texas Mean Green,Charlotte 49ers,fanduel,FanDuel,2026-10-10T06:13:39Z,totals,2026-10-10T06:13:39Z,Under,-114,58.5,20261010061359476901
NCAAF,americanfootball_ncaaf,2168132b20b82bf78e08f1787b6f83cc,2026-10-10T19:30:00Z,North Texas Mean Green,Charlotte 49ers,betonlineag,BetOnline.ag,2026-10-10T06:13:21Z,spreads,2026-10-10T06:13:21Z,Charlotte 49ers,-105,28.5,20261010061359476901
NCAAF,americanfootball_ncaaf,2168132b20b82bf78e08f1787b6f83cc,2026-10-10T19:30:00Z,North Texas Mean Green,Charlotte 49ers,betonlineag,BetOnline.ag,2026-10-10T06:13:21Z,spreads,2026-10-10T06:13:21Z,North Texas Mean Green,-115,-28.5,20261010061359476901
NCAAF,americanfootball_ncaaf,2168132b20b82bf78e08f1787b6f83cc,2026-10-10T19:30:00Z,North Texas Mean Green,Charlotte 49ers,betonlineag,BetOnline.ag,2026-10-10T06:13:21Z,totals,2026-10-10T06:13:21Z,Over,-115,58.0,20261010061359476901
NCAAF,americanfootball_ncaaf,2168132b20b82bf78e08f1787b6f83cc,2026-10-10T19:30:00Z,North Texas Mean Green,Charlotte 49ers,betonlineag,BetOnline.ag,2026-10-10T06:13:21Z,totals,2026-10-10T06:13:21Z,Under,-105,58.0,20261010061359476901
NCAAF,americanfootball_ncaaf,2168132b20b82bf78e08f1787b6f83cc,2026-10-10T19:30:00Z,North Texas Mean Green,Charlotte 49ers,lowvig,LowVig.ag,2026-10-10T06:13:39Z,spreads,2026-10-10T06:13:39Z,Charlotte 49ers,-101,28.5,20261010061359476901
NCAAF,americanfootball_ncaaf,2168132b20b82bf78e08f1787b6f83cc,2026-10-10T19:30:00Z,North Texas Mean Green,Charlotte 49ers,lowvig,LowVig.ag,2026-10-10T06:13:39Z,spreads,2026-10-10T06:13:39Z,North Texas Mean Green,-111,-28.5,20261010061359476901
NCAAF,americanfootball_ncaaf,2168132b20b82bf78e08f1787b6f83cc,2026-10-10T19:30:00Z,North Texas Mean Green,Charlotte 49ers,lowvig,LowVig.ag,2026-10-10T06:13:39Z,totals,2026-10-10T06:13:39Z,Over,-114,58.0,20261010061359476901
NCAAF,americanfootball_ncaaf,2168132b20b82bf78e08f1787b6f83cc,2026-10-10T19:30:00Z,North Texas Mean Green,Charlotte 49ers,lowvig,LowVig.ag,2026-10-10T06:13:39Z,totals,2026-10-10T06:13:39Z,Under,-103,58.0,20261010061359476901
NCAAF,americanfootball_ncaaf,2168132b20b82bf78e08f1787b6f83cc,2026-10-10T19:30:00Z,North Texas Mean Green,Charlotte 49ers,betrivers,BetRivers,2026-10-10T06:13:23Z,spreads,2026-10-10T06:13:23Z,Charlotte 49ers,-112,29.0,20261010061359476901
NCAAF,americanfootball_ncaaf,2168132b20b82bf78e08f1787b6f83cc,2026-10-10T19:30:00Z,North Texas Mean Green,Charlotte 49ers,betrivers,BetRivers,2026-10-10T06:13:23Z,spreads,2026-10-10T06:13:23Z,North Texas Mean Green,-112,-29.0,20261010061359476901
NCAAF,americanfootball_ncaaf,2168132b20b82bf78e08f1787b6f83cc,2026-10-10T19:30:00Z,North Texas Mean Green,Charlotte 49ers,betrivers,BetRivers,2026-10-10T06:13:23Z,totals,2026-10-10T06:13:23Z,Over,-113,58.5,20261010061359476901
NCAAF,americanfootball_ncaaf,2168132b20b82bf78e08f1787b6f83cc,2026-10-10T19:30:00Z,North Texas Mean Green,Charlotte 49ers,betrivers,BetRivers,2026-10-10T06:13:23Z,totals,2026-10-10T06:13:23Z,Under,-110,58.5,20261010061359476901
NCAAF,americanfootball_ncaaf,2168132b20b82bf78e08f1787b6f83cc,2026-10-10T19:30:00Z,North Texas Mean Green,Charlotte 49ers,betmgm,BetMGM,2026-10-10T06:13:39Z,h2h,2026-10-10T06:13:39Z,Charlotte 49ers,2200,,20261010061359476901
NCAAF,americanfootball_ncaaf,2168132b20b82bf78e08f1787b6f83cc,2026-10-10T19:30:00Z,North Texas Mean Green,Charlotte 49ers,betmgm,BetMGM,2026-10-10T06:13:39Z,h2h,2026-10-10T06:13:39Z,North Texas Mean Green,-10000,,20261010061359476901
NCAAF,americanfootball_ncaaf,2168132b20b82bf78e08f1787b6f83cc,2026-10-10T19:30:00Z,North Texas Mean Green,Charlotte 49ers,betmgm,BetMGM,2026-10-10T06:13:39Z,spreads,2026-10-10T06:13:39Z,Charlotte 49ers,-105,28.5,20261010061359476901
NCAAF,americanfootball_ncaaf,2168132b20b82bf78e08f1787b6f83cc,2026-10-10T19:30:00Z,North Texas Mean Green,Charlotte 49ers,betmgm,BetMGM,2026-10-10T06:13:39Z,spreads,2026-10-10T06:13:39Z,North Texas Mean Green,-115,-28.5,20261010061359476901
NCAAF,americanfootball_ncaaf,2168132b20b82bf78e08f1787b6f83cc,2026-10-10T19:30:00Z,North Texas Mean Green,Charlotte 49ers,betmgm,BetMGM,2026-10-10T06:13:39Z,totals,2026-10-10T06:13:39Z,Over,-115,57.5,20261010061359476901
NCAAF,americanfootball_ncaaf,2168132b20b82bf78e08f1787b6f83cc,2026-10-10T19:30:00Z,North Texas Mean Green,Charlotte 49ers,betmgm,BetMGM,2026-10-10T06:13:39Z,totals,2026-10-10T06:13:39Z,Under,-105,57.5,20261010061359476901
NCAAF,americanfootball_ncaaf,2168132b20b82bf78e08f1787b6f83cc,2026-10-10T19:30:00Z,North Texas Mean Green,Charlotte 49ers,mybookieag,MyBookie.ag,2026-10-10T06:13:29Z,h2h,2026-10-10T06:13:28Z,Charlotte 49ers,1455,,20261010061359476901
NCAAF,americanfootball_ncaaf,2168132b20b82bf78e08f1787b6f83cc,2026-10-10T19:30:00Z,North Texas Mean Green,Charlotte 49ers,mybookieag,MyBookie.ag,2026-10-10T06:13:29Z,h2h,2026-10-10T06:13:28Z,North Texas Mean Green,-10099,,20261010061359476901
NCAAF,americanfootball_ncaaf,2168132b20b82bf78e08f1787b6f83cc,2026-10-10T19:30:00Z,North Texas Mean Green,Charlotte 49ers,mybookieag,MyBookie.ag,2026-10-10T06:13:29Z,spreads,2026-10-10T06:13:28Z,Charlotte 49ers,-110,28.5,20261010061359476901
NCAAF,americanfootball_ncaaf,2168132b20b82bf78e08f1787b6f83cc,2026-10-10T19:30:00Z,North Texas Mean Green,Charlotte 49ers,mybookieag,MyBookie.ag,2026-10-10T06:13:29Z,spreads,2026-10-10T06:13:28Z,North Texas Mean Green,-110,-28.5,20261010061359476901
NCAAF,americanfootball_ncaaf,2168132b20b82bf78e08f1787b6f83cc,2026-10-10T19:30:00Z,North Texas Mean Green,Charlotte 49ers,mybookieag,MyBookie.ag,2026-10-10T06:13:29Z,totals,2026-10-10T06:13:28Z,Over,-110,58.0,20261010061359476901
NCAAF,americanfootball_ncaaf,2168132b20b82bf78e08f1787b6f83cc,2026-10-10T19:30:00Z,North Texas Mean Green,Charlotte 49ers,mybookieag,MyBookie.ag,2026-10-10T06:13:29Z,totals,2026-10-10T06:13:28Z,Under,-110,58.0,20261010061359476901
NCAAF,americanfootball_ncaaf,2168132b20b82bf78e08f1787b6f83cc,2026-10-10T19:30:00Z,North Texas Mean Green,Charlotte 49ers,betus,BetUS,2026-10-10T06:13:55Z,spreads,2026-10-10T06:13:55Z,Charlotte 49ers,-110,28.5,20261010061359476901
NCAAF,americanfootball_ncaaf,2168132b20b82bf78e08f1787b6f83cc,2026-10-10T19:30:00Z,North Texas Mean Green,Charlotte 49ers,betus,BetUS,2026-10-10T06:13:55Z,spreads,2026-10-10T06:13:55Z,North Texas Mean Green,-110,-28.5,20261010061359476901
NCAAF,americanfootball_ncaaf,2168132b20b82bf78e08f1787b6f83cc,2026-10-10T19:30:00Z,North Texas Mean Green,Charlotte 49ers,betus,BetUS,2026-10-10T06:13:55Z,totals,2026-10-10T06:13:55Z,Over,-110,58.0,20261010061359476901
NCAAF,americanfootball_ncaaf,2168132b20b82bf78e08f1787b6f83cc,2026-10-10T19:30:00Z,North Texas Mean Green,Charlotte 49ers,betus,BetUS,2026-10-10T06:13:55Z,totals,2026-10-10T06:13:55Z,Under,-110,58.0,20261010061359476901
NCAAF,americanfootball_ncaaf,2168132b20b82bf78e08f1787b6f83cc,2026-10-10T19:30:00Z,North Texas Mean Green,Charlotte 49ers,bovada,Bovada,2026-10-10T06:12:36Z,spreads,2026-10-10T06:12:35Z,Charlotte 49ers,-105,28.5,20261010061359476901
NCAAF,americanfootball_ncaaf,2168132b20b82bf78e08f1787b6f83cc,2026-10-10T19:30:00Z,North Texas Mean Green,Charlotte 49ers,bovada,Bovada,2026-10-10T06:12:36Z,spreads,2026-10-10T06:12:35Z,North Texas Mean Green,-115,-28.5,20261010061359476901
NCAAF,americanfootball_ncaaf,2168132b20b82bf78e08f1787b6f83cc,2026-10-10T19:30:00Z,North Texas Mean Green,Charlotte 49ers,bovada,Bovada,2026-10-10T06:12:36Z,totals,2026-10-10T06:12:35Z,Over,-110,58.0,20261010061359476901
NCAAF,americanfootball_ncaaf,2168132b20b82bf78e08f1787b6f83cc,2026-10-10T19:30:00Z,North Texas Mean Green,Charlotte 49ers,bovada,Bovada,2026-10-10T06:12:36Z,totals,2026-10-10T06:12:35Z,Under,-110,58.0,20261010061359476901
NCAAF,americanfootball_ncaaf,43457c08aa50a7e0038aa06eb3437680,2026-10-10T19:30:00Z,Georgia Tech Yellow Jackets,Duke Blue Devils,fanduel,FanDuel,2026-10-10T06:13:39Z,h2h,2026-10-10T06:13:39Z,Duke Blue Devils,-225,,20261010061359476901
NCAAF,americanfootball_ncaaf,43457c08aa50a7e0038aa06eb3437680,2026-10-10T19:30:00Z,Georgia Tech Yellow Jackets,Duke Blue Devils,fanduel,FanDuel,2026-10-10T06:13:39Z,h2h,2026-10-10T06:13:39Z,Georgia Tech Yellow Jackets,184,,20261010061359476901
NCAAF,americanfootball_ncaaf,43457c08aa50a7e0038aa06eb3437680,2026-10-10T19:30:00Z,Georgia Tech Yellow Jackets,Duke Blue Devils,fanduel,FanDuel,2026-10-10T06:13:39Z,spreads,2026-10-10T06:13:39Z,Duke Blue Devils,-106,-6.5,20261010061359476901
NCAAF,americanfootball_ncaaf,43457c08aa50a7e0038aa06eb3437680,2026-10-10T19:30:00Z,Georgia Tech Yellow Jackets,Duke Blue Devils,fanduel,FanDuel,2026-10-10T06:13:39Z,spreads,2026-10-10T06:13:39Z,Georgia Tech Yellow Jackets,-114,6.5,20261010061359476901
NCAAF,americanfootball_ncaaf,43457c08aa50a7e0038aa06eb3437680,2026-10-10T19:30:00Z,Georgia Tech Yellow Jackets,Duke Blue Devils,fanduel,FanDuel,2026-10-10T06:13:39Z,totals,2026-10-10T06:13:39Z,Over,-108,44.5,20261010061359476901
NCAAF,americanfootball_ncaaf,43457c08aa50a7e0038aa06eb3437680,2026-10-10T19:30:00Z,Georgia Tech Yellow Jackets,Duke Blue Devils,fanduel,FanDuel,2026-10-10T06:13:39Z,totals,2026-10-10T06:13:39Z,Under,-112,44.5,20261010061359476901
NCAAF,americanfootball_ncaaf,43457c08aa50a7e0038aa06eb3437680,2026-10-10T19:30:00Z,Georgia Tech Yellow Jackets,Duke Blue Devils,betrivers,BetRivers,2026-10-10T06:13:23Z,h2h,2026-10-10T06:13:23Z,Duke Blue Devils,-265,,20261010061359476901
NCAAF,americanfootball_ncaaf,43457c08aa50a7e0038aa06eb3437680,2026-10-10T19:30:00Z,Georgia Tech Yellow Jackets,Duke Blue Devils,betrivers,BetRivers,2026-10-10T06:13:23Z,h2h,2026-10-10T06:13:23Z,Georgia Tech Yellow Jackets,205,,20261010061359476901
NCAAF,americanfootball_ncaaf,43457c08aa50a7e0038aa06eb3437680,2026-10-10T19:30:00Z,Georgia Tech Yellow Jackets,Duke Blue Devils,betrivers,BetRivers,2026-10-10T06:13:23Z,spreads,2026-10-10T06:13:23Z,Duke Blue Devils,-107,-7.0,20261010061359476901
NCAAF,americanfootball_ncaaf,43457c08aa50a7e0038aa06eb3437680,2026-10-10T19:30:00Z,Georgia Tech Yellow Jackets,Duke Blue Devils,betrivers,BetRivers,2026-10-10T06:13:23Z,spreads,2026-10-10T06:13:23Z,Georgia Tech Yellow Jackets,-120,7.0,20261010061359476901
NCAAF,americanfootball_ncaaf,43457c08aa50a7e0038aa06eb3437680,2026-10-10T19:30:00Z,Georgia Tech Yellow Jackets,Duke Blue Devils,betrivers,BetRivers,2026-10-10T06:13:23Z,totals,2026-10-10T06:13:23Z,Over,-114,43.5,20261010061359476901
NCAAF,americanfootball_ncaaf,43457c08aa50a7e0038aa06eb3437680,2026-10-10T19:30:00Z,Georgia Tech Yellow Jackets,Duke Blue Devils,betrivers,BetRivers,2026-10-10T06:13:23Z,totals,2026-10-10T06:13:23Z,Under,-109,43.5,20261010061359476901
NCAAF,americanfootball_ncaaf,43457c08aa50a7e0038aa06eb3437680,2026-10-10T19:30:00Z,Georgia Tech Yellow Jackets,Duke Blue Devils,betmgm,BetMGM,2026-10-10T06:13:39Z,h2h,2026-10-10T06:13:39Z,Duke Blue Devils,-250,,20261010061359476901
NCAAF,americanfootball_ncaaf,43457c08aa50a7e0038aa06eb3437680,2026-10-10T19:30:00Z,Georgia Tech Yellow Jackets,Duke Blue Devils,betmgm,BetMGM,2026-10-10T06:13:39Z,h2h,2026-10-10T06:13:39Z,Georgia Tech Yellow Jackets,200,,20261010061359476901
NCAAF,americanfootball_ncaaf,43457c08aa50a7e0038aa06eb3437680,2026-10-10T19:30:00Z,Georgia Tech Yellow Jackets,Duke Blue Devils,betmgm,BetMGM,2026-10-10T06:13:39Z,spreads,2026-10-10T06:13:39Z,Duke Blue Devils,-115,-6.5,20261010061359476901
NCAAF,americanfootball_ncaaf,43457c08aa50a7e0038aa06eb3437680,2026-10-10T19:30:00Z,Georgia Tech Yellow Jackets,Duke Blue Devils,betmgm,BetMGM,2026-10-10T06:13:39Z,spreads,2026-10-10T06:13:39Z,Georgia Tech Yellow Jackets,-105,6.5,20261010061359476901
NCAAF,americanfootball_ncaaf,43457c08aa50a7e0038aa06eb3437680,2026-10-10T19:30:00Z,Georgia Tech Yellow Jackets,Duke Blue Devils,betmgm,BetMGM,2026-10-10T06:13:39Z,totals,2026-10-10T06:13:39Z,Over,-115,43.5,20261010061359476901
NCAAF,americanfootball_ncaaf,43457c08aa50a7e0038aa06eb3437680,2026-10-10T19:30:00Z,Georgia Tech Yellow Jackets,Duke Blue Devils,betmgm,BetMGM,2026-10-10T06:13:39Z,totals,2026-10-10T06:13:39Z,Under,-105,43.5,20261010061359476901
NCAAF,americanfootball_ncaaf,43457c08aa50a7e0038aa06eb3437680,2026-10-10T19:30:00Z,Georgia Tech Yellow Jackets,Duke Blue Devils,draftkings,DraftKings,2026-10-10T06:13:23Z,h2h,2026-10-10T06:13:22Z,Duke Blue Devils,-245,,20261010061359476901
NCAAF,americanfootball_ncaaf,43457c08aa50a7e0038aa06eb3437680,2026-10-10T19:30:00Z,Georgia Tech Yellow Jackets,Duke Blue Devils,draftkings,DraftKings,2026-10-10T06:13:23Z,h2h,2026-10-10T06:13:22Z,Georgia Tech Yellow Jackets,200,,20261010061359476901
NCAAF,americanfootball_ncaaf,43457c08aa50a7e0038aa06eb3437680,2026-10-10T19:30:00Z,Georgia Tech Yellow Jackets,Duke Blue Devils,draftkings,DraftKings,2026-10-10T06:13:23Z,spreads,2026-10-10T06:13:22Z,Duke Blue Devils,-115,-6.5,20261010061359476901
NCAAF,americanfootball_ncaaf,43457c08aa50a7e0038aa06eb3437680,2026-10-10T19:30:00Z,Georgia Tech Yellow Jackets,Duke Blue Devils,draftkings,DraftKings,2026-10-10T06:13:23Z,spreads,2026-10-10T06:13:22Z,Georgia Tech Yellow Jackets,-105,6.5,20261010061359476901
NCAAF,americanfootball_ncaaf,43457c08aa50a7e0038aa06eb3437680,2026-10-10T19:30:00Z,Georgia Tech Yellow Jackets,Duke Blue Devils,draftkings,DraftKings,2026-10-10T06:13:23Z,totals,2026-10-10T06:13:22Z,Over,-105,44.5,20261010061359476901
NCAAF,americanfootball_ncaaf,43457c08aa50a7e0038aa06eb3437680,2026-10-10T19:30:00Z,Georgia Tech Yellow Jackets,Duke Blue Devils,draftkings,DraftKings,2026-10-10T06:13:23Z,totals,2026-10-10T06:13:22Z,Under,-115,44.5,20261010061359476901
NCAAF,americanfootball_ncaaf,43457c08aa50a7e0038aa06eb3437680,2026-10-10T19:30:00Z,Georgia Tech Yellow Jackets,Duke Blue Devils,betonlineag,BetOnline.ag,2026-10-10T06:13:21Z,h2h,2026-10-10T06:13:21Z,Duke Blue Devils,-250,,20261010061359476901
NCAAF,americanfootball_ncaaf,43457c08aa50a7e0038aa06eb3437680,2026-10-10T19:30:00Z,Georgia Tech Yellow Jackets,Duke Blue Devils,betonlineag,BetOnline.ag,2026-10-10T06:13:21Z,h2h,2026-10-10T06:13:21Z,Georgia Tech Yellow Jackets,207,,20261010061359476901
NCAAF,americanfootball_ncaaf,43457c08aa50a7e0038aa06eb3437680,2026-10-10T19:30:00Z,Georgia Tech Yellow Jackets,Duke Blue Devils,betonlineag,BetOnline.ag,2026-10-10T06:13:21Z,spreads,2026-10-10T06:13:21Z,Duke Blue Devils,-113,-6.5,20261010061359476901
NCAAF,americanfootball_ncaaf,43457c08aa50a7e0038aa06eb3437680,2026-10-10T19:30:00Z,Georgia Tech Yellow Jackets,Duke Blue Devils,betonlineag,BetOnline.ag,2026-10-10T06:13:21Z,spreads,2026-10-10T06:13:21Z,Georgia Tech Yellow Jackets,-107,6.5,20261010061359476901
NCAAF,americanfootball_ncaaf,43457c08aa50a7e0038aa06eb3437680,2026-10-10T19:30:00Z,Georgia Tech Yellow Jackets,Duke Blue Devils,betonlineag,BetOnline.ag,2026-10-10T06:13:21Z,totals,2026-10-10T06:13:21Z,Over,-125,44.0,20261010061359476901
NCAAF,americanfootball_ncaaf,43457c08aa50a7e0038aa06eb3437680,2026-10-10T19:30:00Z,Georgia Tech Yellow Jackets,Duke Blue Devils,betonlineag,BetOnline.ag,2026-10-10T06:13:21Z,totals,2026-10-10T06:13:21Z,Under,105,44.0,20261010061359476901
NCAAF,americanfootball_ncaaf,43457c08aa50a7e0038aa06eb3437680,2026-10-10T19:30:00Z,Georgia Tech Yellow Jackets,Duke Blue Devils,lowvig,LowVig.ag,2026-10-10T06:13:39Z,h2h,2026-10-10T06:13:38Z,Duke Blue Devils,-250,,20261010061359476901
NCAAF,americanfootball_ncaaf,43457c08aa50a7e0038aa06eb3437680,2026-10-10T19:30:00Z,Georgia Tech Yellow Jackets,Duke Blue Devils,lowvig,LowVig.ag,2026-10-10T06:13:39Z,h2h,2026-10-10T06:13:38Z,Georgia Tech Yellow Jackets,207,,20261010061359476901
NCAAF,americanfootball_ncaaf,43457c08aa50a7e0038aa06eb3437680,2026-10-10T19:30:00Z,Georgia Tech Yellow Jackets,Duke Blue Devils,lowvig,LowVig.ag,2026-10-10T06:13:39Z,spreads,2026-10-10T06:13:38Z,Duke Blue Devils,-109,-6.5,20261010061359476901
NCAAF,americanfootball_ncaaf,43457c08aa50a7e0038aa06eb3437680,2026-10-10T19:30:00Z,Georgia Tech Yellow Jackets,Duke Blue Devils,lowvig,LowVig.ag,2026-10-10T06:13:39Z,spreads,2026-10-10T06:13:38Z,Georgia Tech Yellow Jackets,-103,6.5,20261010061359476901
NCAAF,americanfootball_ncaaf,43457c08aa50a7e0038aa06eb3437680,2026-10-10T19:30:00Z,Georgia Tech Yellow Jackets,Duke Blue Devils,lowvig,LowVig.ag,2026-10-10T06:13:39Z,totals,2026-10-10T06:13:38Z,Over,-124,44.0,20261010061359476901
NCAAF,americanfootball_ncaaf,43457c08aa50a7e0038aa06eb3437680,2026-10-10T19:30:00Z,Georgia Tech Yellow Jackets,Duke Blue Devils,lowvig,LowVig.ag,2026-10-10T06:13:39Z,totals,2026-10-10T06:13:38Z,Under,106,44.0,20261010061359476901
NCAAF,americanfootball_ncaaf,43457c08aa50a7e0038aa06eb3437680,2026-10-10T19:30:00Z,Georgia Tech Yellow Jackets,Duke Blue Devils,mybookieag,MyBookie.ag,2026-10-10T06:13:29Z,h2h,2026-10-10T06:13:28Z,Duke Blue Devils,-270,,20261010061359476901
NCAAF,americanfootball_ncaaf,43457c08aa50a7e0038aa06eb3437680,2026-10-10T19:30:00Z,Georgia Tech Yellow Jackets,Duke Blue Devils,mybookieag,MyBookie.ag,2026-10-10T06:13:29Z,h2h,2026-10-10T06:13:28Z,Georgia Tech Yellow Jackets,212,,20261010061359476901
NCAAF,americanfootball_ncaaf,43457c08aa50a7e0038aa06eb3437680,2026-10-10T19:30:00Z,Georgia Tech Yellow Jackets,Duke Blue Devils,mybookieag,MyBookie.ag,2026-10-10T06:13:29Z,spreads,2026-10-10T06:13:28Z,Duke Blue Devils,-110,-6.5,20261010061359476901
NCAAF,americanfootball_ncaaf,43457c08aa50a7e0038aa06eb3437680,2026-10-10T19:30:00Z,Georgia Tech Yellow Jackets,Duke Blue Devils,mybookieag,MyBookie.ag,2026-10-10T06:13:29Z,spreads,2026-10-10T06:13:28Z,Georgia Tech Yellow Jackets,-110,6.5,20261010061359476901
NCAAF,americanfootball_ncaaf,43457c08aa50a7e0038aa06eb3437680,2026-10-10T19:30:00Z,Georgia Tech Yellow Jackets,Duke Blue Devils,mybookieag,MyBookie.ag,2026-10-10T06:13:29Z,totals,2026-10-10T06:13:28Z,Over,-110,44.0,20261010061359476901
NCAAF,americanfootball_ncaaf,43457c08aa50a7e0038aa06eb3437680,2026-10-10T19:30:00Z,Georgia Tech Yellow Jackets,Duke Blue Devils,mybookieag,MyBookie.ag,2026-10-10T06:13:29Z,totals,2026-10-10T06:13:28Z,Under,-110,44.0,20261010061359476901
NCAAF,americanfootball_ncaaf,43457c08aa50a7e0038aa06eb3437680,2026-10-10T19:30:00Z,Georgia Tech Yellow Jackets,Duke Blue Devils,bovada,Bovada,2026-10-10T06:12:36Z,h2h,2026-10-10T06:12:35Z,Duke Blue Devils,-240,,20261010061359476901
NCAAF,americanfootball_ncaaf,43457c08aa50a7e0038aa06eb3437680,2026-10-10T19:30:00Z,Georgia Tech Yellow Jackets,Duke Blue Devils,bovada,Bovada,2026-10-10T06:12:36Z,h2h,2026-10-10T06:12:35Z,Georgia Tech Yellow Jackets,200,,20261010061359476901
NCAAF,americanfootball_ncaaf,43457c08aa50a7e0038aa06eb3437680,2026-10-10T19:30:00Z,Georgia Tech Yellow Jackets,Duke Blue Devils,bovada,Bovada,2026-10-10T06:12:36Z,spreads,2026-10-10T06:12:35Z,Duke Blue Devils,-110,-6.5,20261010061359476901
NCAAF,americanfootball_ncaaf,43457c08aa50a7e0038aa06eb3437680,2026-10-10T19:30:00Z,Georgia Tech Yellow Jackets,Duke Blue Devils,bovada,Bovada,2026-10-10T06:12:36Z,spreads,2026-10-10T06:12:35Z,Georgia Tech Yellow Jackets,-110,6.5,20261010061359476901
NCAAF,americanfootball_ncaaf,43457c08aa50a7e0038aa06eb3437680,2026-10-10T19:30:00Z,Georgia Tech Yellow Jackets,Duke Blue Devils,bovada,Bovada,2026-10-10T06:12:36Z,totals,2026-10-10T06:12:35Z,Over,-115,44.0,20261010061359476901
NCAAF,americanfootball_ncaaf,43457c08aa50a7e0038aa06eb3437680,2026-10-10T19:30:00Z,Georgia Tech Yellow Jackets,Duke Blue Devils,bovada,Bovada,2026-10-10T06:12:36Z,totals,2026-10-10T06:12:35Z,Under,-105,44.0,20261010061359476901
NCAAF,americanfootball_ncaaf,43457c08aa50a7e0038aa06eb3437680,2026-10-10T19:30:00Z,Georgia Tech Yellow Jackets,Duke Blue Devils,betus,BetUS,2026-10-10T06:13:55Z,h2h,2026-10-10T06:13:55Z,Duke Blue Devils,-240,,20261010061359476901
NCAAF,americanfootball_ncaaf,43457c08aa50a7e0038aa06eb3437680,2026-10-10T19:30:00Z,Georgia Tech Yellow Jackets,Duke Blue Devils,betus,BetUS,2026-10-10T06:13:55Z,h2h,2026-10-10T06:13:55Z,Georgia Tech Yellow Jackets,203,,20261010061359476901
NCAAF,americanfootball_ncaaf,43457c08aa50a7e0038aa06eb3437680,2026-10-10T19:30:00Z,Georgia Tech Yellow Jackets,Duke Blue Devils,betus,BetUS,2026-10-10T06:13:55Z,spreads,2026-10-10T06:13:55Z,Duke Blue Devils,-110,-6.5,20261010061359476901
NCAAF,americanfootball_ncaaf,43457c08aa50a7e0038aa06eb3437680,2026-10-10T19:30:00Z,Georgia Tech Yellow Jackets,Duke Blue Devils,betus,BetUS,2026-10-10T06:13:55Z,spreads,2026-10-10T06:13:55Z,Georgia Tech Yellow Jackets,-110,6.5,20261010061359476901
NCAAF,americanfootball_ncaaf,43457c08aa50a7e0038aa06eb3437680,2026-10-10T19:30:00Z,Georgia Tech Yellow Jackets,Duke Blue Devils,betus,BetUS,2026-10-10T06:13:55Z,totals,2026-10-10T06:13:55Z,Over,-110,44.5,20261010061359476901
NCAAF,americanfootball_ncaaf,43457c08aa50a7e0038aa06eb3437680,2026-10-10T19:30:00Z,Georgia Tech Yellow Jackets,Duke Blue Devils,betus,BetUS,2026-10-10T06:13:55Z,totals,2026-10-10T06:13:55Z,Under,-110,44.5,20261010061359476901
NCAAF,americanfootball_ncaaf,373204ebaf557738961c85f37a72fe10,2026-10-10T19:30:00Z,Kansas State Wildcats,Houston Cougars,fanduel,FanDuel,2026-10-10T06:13:39Z,h2h,2026-10-10T06:13:39Z,Houston Cougars,114,,20261010061359476901
NCAAF,americanfootball_ncaaf,373204ebaf557738961c85f37a72fe10,2026-10-10T19:30:00Z,Kansas State Wildcats,Houston Cougars,fanduel,FanDuel,2026-10-10T06:13:39Z,h2h,2026-10-10T06:13:39Z,Kansas State Wildcats,-137,,20261010061359476901
NCAAF,americanfootball_ncaaf,373204ebaf557738961c85f37a72fe10,2026-10-10T19:30:00Z,Kansas State Wildcats,Houston Cougars,fanduel,FanDuel,2026-10-10T06:13:39Z,spreads,2026-10-10T06:13:39Z,Houston Cougars,-110,2.5,20261010061359476901
NCAAF,americanfootball_ncaaf,373204ebaf557738961c85f37a72fe10,2026-10-10T19:30:00Z,Kansas State Wildcats,Houston Cougars,fanduel,FanDuel,2026-10-10T06:13:39Z,spreads,2026-10-10T06:13:39Z,Kansas State Wildcats,-110,-2.5,20261010061359476901
NCAAF,americanfootball_ncaaf,373204ebaf557738961c85f37a72fe10,2026-10-10T19:30:00Z,Kansas State Wildcats,Houston Cougars,fanduel,FanDuel,2026-10-10T06:13:39Z,totals,2026-10-10T06:13:39Z,Over,-106,55.5,20261010061359476901
NCAAF,americanfootball_ncaaf,373204ebaf557738961c85f37a72fe10,2026-10-10T19:30:00Z,Kansas State Wildcats,Houston Cougars,fanduel,FanDuel,2026-10-10T06:13:39Z,totals,2026-10-10T06:13:39Z,Under,-114,55.5,20261010061359476901
NCAAF,americanfootball_ncaaf,373204ebaf557738961c85f37a72fe10,2026-10-10T19:30:00Z,Kansas State Wildcats,Houston Cougars,betrivers,BetRivers,2026-10-10T06:13:23Z,h2h,2026-10-10T06:13:23Z,Houston Cougars,112,,20261010061359476901
NCAAF,americanfootball_ncaaf,373204ebaf557738961c85f37a72fe10,2026-10-10T19:30:00Z,Kansas State Wildcats,Houston Cougars,betrivers,BetRivers,2026-10-10T06:13:23Z,h2h,2026-10-10T06:13:23Z,Kansas State Wildcats,-139,,20261010061359476901
NCAAF,americanfootball_ncaaf,373204ebaf557738961c85f37a72fe10,2026-10-10T19:30:00Z,Kansas State Wildcats,Houston Cougars,betrivers,BetRivers,2026-10-10T06:13:23Z,spreads,2026-10-10T06:13:23Z,Houston Cougars,-110,2.5,20261010061359476901
NCAAF,americanfootball_ncaaf,373204ebaf557738961c85f37a72fe10,2026-10-10T19:30:00Z,Kansas State Wildcats,Houston Cougars,betrivers,BetRivers,2026-10-10T06:13:23Z,spreads,2026-10-10T06:13:23Z,Kansas State Wildcats,-112,-2.5,20261010061359476901
NCAAF,americanfootball_ncaaf,373204ebaf557738961c85f37a72fe10,2026-10-10T19:30:00Z,Kansas State Wildcats,Houston Cougars,betrivers,BetRivers,2026-10-10T06:13:23Z,totals,2026-10-10T06:13:23Z,Over,-114,55.0,20261010061359476901
NCAAF,americanfootball_ncaaf,373204ebaf557738961c85f37a72fe10,2026-10-10T19:30:00Z,Kansas State Wildcats,Houston Cougars,betrivers,BetRivers,2026-10-10T06:13:23Z,totals,2026-10-10T06:13:23Z,Under,-108,55.0,20261010061359476901
NCAAF,americanfootball_ncaaf,373204ebaf557738961c85f37a72fe10,2026-10-10T19:30:00Z,Kansas State Wildcats,Houston Cougars,betmgm,BetMGM,2026-10-10T06:13:39Z,h2h,2026-10-10T06:13:39Z,Houston Cougars,120,,20261010061359476901
NCAAF,americanfootball_ncaaf,373204ebaf557738961c85f37a72fe10,2026-10-10T19:30:00Z,Kansas State Wildcats,Houston Cougars,betmgm,BetMGM,2026-10-10T06:13:39Z,h2h,2026-10-10T06:13:39Z,Kansas State Wildcats,-145,,20261010061359476901
NCAAF,americanfootball_ncaaf,373204ebaf557738961c85f37a72fe10,2026-10-10T19:30:00Z,Kansas State Wildcats,Houston Cougars,betmgm,BetMGM,2026-10-10T06:13:39Z,spreads,2026-10-10T06:13:39Z,Houston Cougars,-105,2.5,20261010061359476901
NCAAF,americanfootball_ncaaf,373204ebaf557738961c85f37a72fe10,2026-10-10T19:30:00Z,Kansas State Wildcats,Houston Cougars,betmgm,BetMGM,2026-10-10T06:13:39Z,spreads,2026-10-10T06:13:39Z,Kansas State Wildcats,-115,-2.5,20261010061359476901
NCAAF,americanfootball_ncaaf,373204ebaf557738961c85f37a72fe10,2026-10-10T19:30:00Z,Kansas State Wildcats,Houston Cougars,betmgm,BetMGM,2026-10-10T06:13:39Z,totals,2026-10-10T06:13:39Z,Over,-105,55.5,20261010061359476901
NCAAF,americanfootball_ncaaf,373204ebaf557738961c85f37a72fe10,2026-10-10T19:30:00Z,Kansas State Wildcats,Houston Cougars,betmgm,BetMGM,2026-10-10T06:13:39Z,totals,2026-10-10T06:13:39Z,Under,-115,55.5,20261010061359476901
NCAAF,americanfootball_ncaaf,373204ebaf557738961c85f37a72fe10,2026-10-10T19:30:00Z,Kansas State Wildcats,Houston Cougars,draftkings,DraftKings,2026-10-10T06:13:23Z,h2h,2026-10-10T06:13:22Z,Houston Cougars,114,,20261010061359476901
NCAAF,americanfootball_ncaaf,373204ebaf557738961c85f37a72fe10,2026-10-10T19:30:00Z,Kansas State Wildcats,Houston Cougars,draftkings,DraftKings,2026-10-10T06:13:23Z,h2h,2026-10-10T06:13:22Z,Kansas State Wildcats,-135,,20261010061359476901
NCAAF,americanfootball_ncaaf,373204ebaf557738961c85f37a72fe10,2026-10-10T19:30:00Z,Kansas State Wildcats,Houston Cougars,draftkings,DraftKings,2026-10-10T06:13:23Z,spreads,2026-10-10T06:13:22Z,Houston Cougars,-110,2.5,20261010061359476901
NCAAF,americanfootball_ncaaf,373204ebaf557738961c85f37a72fe10,2026-10-10T19:30:00Z,Kansas State Wildcats,Houston Cougars,draftkings,DraftKings,2026-10-10T06:13:23Z,spreads,2026-10-10T06:13:22Z,Kansas State Wildcats,-110,-2.5,20261010061359476901
NCAAF,americanfootball_ncaaf,373204ebaf557738961c85f37a72fe10,2026-10-10T19:30:00Z,Kansas State Wildcats,Houston Cougars,draftkings,DraftKings,2026-10-10T06:13:23Z,totals,2026-10-10T06:13:22Z,Over,-102,55.5,20261010061359476901
NCAAF,americanfootball_ncaaf,373204ebaf557738961c85f37a72fe10,2026-10-10T19:30:00Z,Kansas State Wildcats,Houston Cougars,draftkings,DraftKings,2026-10-10T06:13:23Z,totals,2026-10-10T06:13:22Z,Under,-118,55.5,20261010061359476901
NCAAF,americanfootball_ncaaf,373204ebaf557738961c85f37a72fe10,2026-10-10T19:30:00Z,Kansas State Wildcats,Houston Cougars,lowvig,LowVig.ag,2026-10-10T06:13:39Z,h2h,2026-10-10T06:13:39Z,Houston Cougars,117,,20261010061359476901
NCAAF,americanfootball_ncaaf,373204ebaf557738961c85f37a72fe10,2026-10-10T19:30:00Z,Kansas State Wildcats,Houston Cougars,lowvig,LowVig.ag,2026-10-10T06:13:39Z,h2h,2026-10-10T06:13:39Z,Kansas State Wildcats,-137,,20261010061359476901
NCAAF,americanfootball_ncaaf,373204ebaf557738961c85f37a72fe10,2026-10-10T19:30:00Z,Kansas State Wildcats,Houston Cougars,lowvig,LowVig.ag,2026-10-10T06:13:39Z,spreads,2026-10-10T06:13:39Z,Houston Cougars,-101,2.5,20261010061359476901
NCAAF,americanfootball_ncaaf,373204ebaf557738961c85f37a72fe10,2026-10-10T19:30:00Z,Kansas State Wildcats,Houston Cougars,lowvig,LowVig.ag,2026-10-10T06:13:39Z,spreads,2026-10-10T06:13:39Z,Kansas State Wildcats,-111,-2.5,20261010061359476901
NCAAF,americanfootball_ncaaf,373204ebaf557738961c85f37a72fe10,2026-10-10T19:30:00Z,Kansas State Wildcats,Houston Cougars,lowvig,LowVig.ag,2026-10-10T06:13:39Z,totals,2026-10-10T06:13:39Z,Over,-108,55.0,20261010061359476901
NCAAF,americanfootball_ncaaf,373204ebaf557738961c85f37a72fe10,2026-10-10T19:30:00Z,Kansas State Wildcats,Houston Cougars,lowvig,LowVig.ag,2026-10-10T06:13:39Z,totals,2026-10-10T06:13:39Z,Under,-108,55.0,20261010061359476901
NCAAF,americanfootball_ncaaf,373204ebaf557738961c85f37a72fe10,2026-10-10T19:30:00Z,Kansas State Wildcats,Houston Cougars,betonlineag,BetOnline.ag,2026-10-10T06:13:21Z,h2h,2026-10-10T06:13:21Z,Houston Cougars,117,,20261010061359476901
NCAAF,americanfootball_ncaaf,373204ebaf557738961c85f37a72fe10,2026-10-10T19:30:00Z,Kansas State Wildcats,Houston Cougars,betonlineag,BetOnline.ag,2026-10-10T06:13:21Z,h2h,2026-10-10T06:13:21Z,Kansas State Wildcats,-137,,20261010061359476901
NCAAF,americanfootball_ncaaf,373204ebaf557738961c85f37a72fe10,2026-10-10T19:30:00Z,Kansas State Wildcats,Houston Cougars,betonlineag,BetOnline.ag,2026-10-10T06:13:21Z,spreads,2026-10-10T06:13:21Z,Houston Cougars,-105,2.5,20261010061359476901
NCAAF,americanfootball_ncaaf,373204ebaf557738961c85f37a72fe10,2026-10-10T19:30:00Z,Kansas State Wildcats,Houston Cougars,betonlineag,BetOnline.ag,2026-10-10T06:13:21Z,spreads,2026-10-10T06:13:21Z,Kansas State Wildcats,-115,-2.5,20261010061359476901
NCAAF,americanfootball_ncaaf,373204ebaf557738961c85f37a72fe10,2026-10-10T19:30:00Z,Kansas State Wildcats,Houston Cougars,betonlineag,BetOnline.ag,2026-10-10T06:13:21Z,totals,2026-10-10T06:13:21Z,Over,-110,55.0,20261010061359476901
NCAAF,americanfootball_ncaaf,373204ebaf557738961c85f37a72fe10,2026-10-10T19:30:00Z,Kansas State Wildcats,Houston Cougars,betonlineag,BetOnline.ag,2026-10-10T06:13:21Z,totals,2026-10-10T06:13:21Z,Under,-110,55.0,20261010061359476901
NCAAF,americanfootball_ncaaf,373204ebaf557738961c85f37a72fe10,2026-10-10T19:30:00Z,Kansas State Wildcats,Houston Cougars,mybookieag,MyBookie.ag,2026-10-10T06:13:29Z,h2h,2026-10-10T06:13:28Z,Houston Cougars,113,,20261010061359476901
NCAAF,americanfootball_ncaaf,373204ebaf557738961c85f37a72fe10,2026-10-10T19:30:00Z,Kansas State Wildcats,Houston Cougars,mybookieag,MyBookie.ag,2026-10-10T06:13:29Z,h2h,2026-10-10T06:13:28Z,Kansas State Wildcats,-138,,20261010061359476901
NCAAF,americanfootball_ncaaf,373204ebaf557738961c85f37a72fe10,2026-10-10T19:30:00Z,Kansas State Wildcats,Houston Cougars,mybookieag,MyBookie.ag,2026-10-10T06:13:29Z,spreads,2026-10-10T06:13:28Z,Houston Cougars,-105,2.5,20261010061359476901
NCAAF,americanfootball_ncaaf,373204ebaf557738961c85f37a72fe10,2026-10-10T19:30:00Z,Kansas State Wildcats,Houston Cougars,mybookieag,MyBookie.ag,2026-10-10T06:13:29Z,spreads,2026-10-10T06:13:28Z,Kansas State Wildcats,-115,-2.5,20261010061359476901
NCAAF,americanfootball_ncaaf,373204ebaf557738961c85f37a72fe10,2026-10-10T19:30:00Z,Kansas State Wildcats,Houston Cougars,mybookieag,MyBookie.ag,2026-10-10T06:13:29Z,totals,2026-10-10T06:13:28Z,Over,-110,55.0,20261010061359476901
NCAAF,americanfootball_ncaaf,373204ebaf557738961c85f37a72fe10,2026-10-10T19:30:00Z,Kansas State Wildcats,Houston Cougars,mybookieag,MyBookie.ag,2026-10-10T06:13:29Z,totals,2026-10-10T06:13:28Z,Under,-110,55.0,20261010061359476901
NCAAF,americanfootball_ncaaf,373204ebaf557738961c85f37a72fe10,2026-10-10T19:30:00Z,Kansas State Wildcats,Houston Cougars,betus,BetUS,2026-10-10T06:13:55Z,h2h,2026-10-10T06:13:55Z,Houston Cougars,115,,20261010061359476901
NCAAF,americanfootball_ncaaf,373204ebaf557738961c85f37a72fe10,2026-10-10T19:30:00Z,Kansas State Wildcats,Houston Cougars,betus,BetUS,2026-10-10T06:13:55Z,h2h,2026-10-10T06:13:55Z,Kansas State Wildcats,-135,,20261010061359476901
NCAAF,americanfootball_ncaaf,373204ebaf557738961c85f37a72fe10,2026-10-10T19:30:00Z,Kansas State Wildcats,Houston Cougars,betus,BetUS,2026-10-10T06:13:55Z,spreads,2026-10-10T06:13:55Z,Houston Cougars,-110,2.5,20261010061359476901
NCAAF,americanfootball_ncaaf,373204ebaf557738961c85f37a72fe10,2026-10-10T19:30:00Z,Kansas State Wildcats,Houston Cougars,betus,BetUS,2026-10-10T06:13:55Z,spreads,2026-10-10T06:13:55Z,Kansas State Wildcats,-110,-2.5,20261010061359476901
NCAAF,americanfootball_ncaaf,373204ebaf557738961c85f37a72fe10,2026-10-10T19:30:00Z,Kansas State Wildcats,Houston Cougars,betus,BetUS,2026-10-10T06:13:55Z,totals,2026-10-10T06:13:55Z,Over,-110,55.0,20261010061359476901
NCAAF,americanfootball_ncaaf,373204ebaf557738961c85f37a72fe10,2026-10-10T19:30:00Z,Kansas State Wildcats,Houston Cougars,betus,BetUS,2026-10-10T06:13:55Z,totals,2026-10-10T06:13:55Z,Under,-110,55.0,20261010061359476901
NCAAF,americanfootball_ncaaf,373204ebaf557738961c85f37a72fe10,2026-10-10T19:30:00Z,Kansas State Wildcats,Houston Cougars,bovada,Bovada,2026-10-10T06:12:36Z,h2h,2026-10-10T06:12:35Z,Houston Cougars,115,,20261010061359476901
NCAAF,americanfootball_ncaaf,373204ebaf557738961c85f37a72fe10,2026-10-10T19:30:00Z,Kansas State Wildcats,Houston Cougars,bovada,Bovada,2026-10-10T06:12:36Z,h2h,2026-10-10T06:12:35Z,Kansas State Wildcats,-135,,20261010061359476901
NCAAF,americanfootball_ncaaf,373204ebaf557738961c85f37a72fe10,2026-10-10T19:30:00Z,Kansas State Wildcats,Houston Cougars,bovada,Bovada,2026-10-10T06:12:36Z,spreads,2026-10-10T06:12:35Z,Houston Cougars,-105,2.5,20261010061359476901
NCAAF,americanfootball_ncaaf,373204ebaf557738961c85f37a72fe10,2026-10-10T19:30:00Z,Kansas State Wildcats,Houston Cougars,bovada,Bovada,2026-10-10T06:12:36Z,spreads,2026-10-10T06:12:35Z,Kansas State Wildcats,-115,-2.5,20261010061359476901
NCAAF,americanfootball_ncaaf,373204ebaf557738961c85f37a72fe10,2026-10-10T19:30:00Z,Kansas State Wildcats,Houston Cougars,bovada,Bovada,2026-10-10T06:12:36Z,totals,2026-10-10T06:12:35Z,Over,-110,55.0,20261010061359476901
NCAAF,americanfootball_ncaaf,373204ebaf557738961c85f37a72fe10,2026-10-10T19:30:00Z,Kansas State Wildcats,Houston Cougars,bovada,Bovada,2026-10-10T06:12:36Z,totals,2026-10-10T06:12:35Z,Under,-110,55.0,20261010061359476901
NCAAF,americanfootball_ncaaf,92f26a40bba178c47bbade8c9af0ada3,2026-10-10T19:30:00Z,Michigan State Spartans,Illinois Fighting Illini,fanduel,FanDuel,2026-10-10T06:13:39Z,h2h,2026-10-10T06:13:39Z,Illinois Fighting Illini,-137,,20261010061359476901
NCAAF,americanfootball_ncaaf,92f26a40bba178c47bbade8c9af0ada3,2026-10-10T19:30:00Z,Michigan State Spartans,Illinois Fighting Illini,fanduel,FanDuel,2026-10-10T06:13:39Z,h2h,2026-10-10T06:13:39Z,Michigan State Spartans,114,,20261010061359476901
NCAAF,americanfootball_ncaaf,92f26a40bba178c47bbade8c9af0ada3,2026-10-10T19:30:00Z,Michigan State Spartans,Illinois Fighting Illini,fanduel,FanDuel,2026-10-10T06:13:39Z,spreads,2026-10-10T06:13:39Z,Illinois Fighting Illini,-115,-2.5,20261010061359476901
NCAAF,americanfootball_ncaaf,92f26a40bba178c47bbade8c9af0ada3,2026-10-10T19:30:00Z,Michigan State Spartans,Illinois Fighting Illini,fanduel,FanDuel,2026-10-10T06:13:39Z,spreads,2026-10-10T06:13:39Z,Michigan State Spartans,-105,2.5,20261010061359476901
NCAAF,americanfootball_ncaaf,92f26a40bba178c47bbade8c9af0ada3,2026-10-10T19:30:00Z,Michigan State Spartans,Illinois Fighting Illini,fanduel,FanDuel,2026-10-10T06:13:39Z,totals,2026-10-10T06:13:39Z,Over,-112,48.5,20261010061359476901
NCAAF,americanfootball_ncaaf,92f26a40bba178c47bbade8c9af0ada3,2026-10-10T19:30:00Z,Michigan State Spartans,Illinois Fighting Illini,fanduel,FanDuel,2026-10-10T06:13:39Z,totals,2026-10-10T06:13:39Z,Under,-108,48.5,20261010061359476901
NCAAF,americanfootball_ncaaf,92f26a40bba178c47bbade8c9af0ada3,2026-10-10T19:30:00Z,Michigan State Spartans,Illinois Fighting Illini,betrivers,BetRivers,2026-10-10T06:13:23Z,h2h,2026-10-10T06:13:23Z,Illinois Fighting Illini,-150,,20261010061359476901
NCAAF,americanfootball_ncaaf,92f26a40bba178c47bbade8c9af0ada3,2026-10-10T19:30:00Z,Michigan State Spartans,Illinois Fighting Illini,betrivers,BetRivers,2026-10-10T06:13:23Z,h2h,2026-10-10T06:13:23Z,Michigan State Spartans,120,,20261010061359476901
NCAAF,americanfootball_ncaaf,92f26a40bba178c47bbade8c9af0ada3,2026-10-10T19:30:00Z,Michigan State Spartans,Illinois Fighting Illini,betrivers,BetRivers,2026-10-10T06:13:23Z,spreads,2026-10-10T06:13:23Z,Illinois Fighting Illini,-118,-2.5,20261010061359476901
NCAAF,americanfootball_ncaaf,92f26a40bba178c47bbade8c9af0ada3,2026-10-10T19:30:00Z,Michigan State Spartans,Illinois Fighting Illini,betrivers,BetRivers,2026-10-10T06:13:23Z,spreads,2026-10-10T06:13:23Z,Michigan State Spartans,-105,2.5,20261010061359476901
NCAAF,americanfootball_ncaaf,92f26a40bba178c47bbade8c9af0ada3,2026-10-10T19:30:00Z,Michigan State Spartans,Illinois Fighting Illini,betrivers,BetRivers,2026-10-10T06:13:23Z,totals,2026-10-10T06:13:23Z,Over,-113,48.0,20261010061359476901
NCAAF,americanfootball_ncaaf,92f26a40bba178c47bbade8c9af0ada3,2026-10-10T19:30:00Z,Michigan State Spartans,Illinois Fighting Illini,betrivers,BetRivers,2026-10-10T06:13:23Z,totals,2026-10-10T06:13:23Z,Under,-110,48.0,20261010061359476901
NCAAF,americanfootball_ncaaf,92f26a40bba178c47bbade8c9af0ada3,2026-10-10T19:30:00Z,Michigan State Spartans,Illinois Fighting Illini,betmgm,BetMGM,2026-10-10T06:13:39Z,h2h,2026-10-10T06:13:39Z,Illinois Fighting Illini,-140,,20261010061359476901
NCAAF,americanfootball_ncaaf,92f26a40bba178c47bbade8c9af0ada3,2026-10-10T19:30:00Z,Michigan State Spartans,Illinois Fighting Illini,betmgm,BetMGM,2026-10-10T06:13:39Z,h2h,2026-10-10T06:13:39Z,Michigan State Spartans,115,,20261010061359476901
NCAAF,americanfootball_ncaaf,92f26a40bba178c47bbade8c9af0ada3,2026-10-10T19:30:00Z,Michigan State Spartans,Illinois Fighting Illini,betmgm,BetMGM,2026-10-10T06:13:39Z,spreads,2026-10-10T06:13:39Z,Illinois Fighting Illini,-115,-2.5,20261010061359476901
NCAAF,americanfootball_ncaaf,92f26a40bba178c47bbade8c9af0ada3,2026-10-10T19:30:00Z,Michigan State Spartans,Illinois Fighting Illini,betmgm,BetMGM,2026-10-10T06:13:39Z,spreads,2026-10-10T06:13:39Z,Michigan State Spartans,-105,2.5,20261010061359476901
NCAAF,americanfootball_ncaaf,92f26a40bba178c47bbade8c9af0ada3,2026-10-10T19:30:00Z,Michigan State Spartans,Illinois Fighting Illini,betmgm,BetMGM,2026-10-10T06:13:39Z,totals,2026-10-10T06:13:39Z,Over,-115,47.5,20261010061359476901
NCAAF,americanfootball_ncaaf,92f26a40bba178c47bbade8c9af0ada3,2026-10-10T19:30:00Z,Michigan State Spartans,Illinois Fighting Illini,betmgm,BetMGM,2026-10-10T06:13:39Z,totals,2026-10-10T06:13:39Z,Under,-105,47.5,20261010061359476901
NCAAF,americanfootball_ncaaf,92f26a40bba178c47bbade8c9af0ada3,2026-10-10T19:30:00Z,Michigan State Spartans,Illinois Fighting Illini,draftkings,DraftKings,2026-10-10T06:13:23Z,h2h,2026-10-10T06:13:22Z,Illinois Fighting Illini,-135,,20261010061359476901
NCAAF,americanfootball_ncaaf,92f26a40bba178c47bbade8c9af0ada3,2026-10-10T19:30:00Z,Michigan State Spartans,Illinois Fighting Illini,draftkings,DraftKings,2026-10-10T06:13:23Z,h2h,2026-10-10T06:13:22Z,Michigan State Spartans,114,,20261010061359476901
NCAAF,americanfootball_ncaaf,92f26a40bba178c47bbade8c9af0ada3,2026-10-10T19:30:00Z,Michigan State Spartans,Illinois Fighting Illini,draftkings,DraftKings,2026-10-10T06:13:23Z,spreads,2026-10-10T06:13:22Z,Illinois Fighting Illini,-120,-2.5,20261010061359476901
NCAAF,americanfootball_ncaaf,92f26a40bba178c47bbade8c9af0ada3,2026-10-10T19:30:00Z,Michigan State Spartans,Illinois Fighting Illini,draftkings,DraftKings,2026-10-10T06:13:23Z,spreads,2026-10-10T06:13:22Z,Michigan State Spartans,100,2.5,20261010061359476901
NCAAF,americanfootball_ncaaf,92f26a40bba178c47bbade8c9af0ada3,2026-10-10T19:30:00Z,Michigan State Spartans,Illinois Fighting Illini,draftkings,DraftKings,2026-10-10T06:13:23Z,totals,2026-10-10T06:13:22Z,Over,-105,48.5,20261010061359476901
NCAAF,americanfootball_ncaaf,92f26a40bba178c47bbade8c9af0ada3,2026-10-10T19:30:00Z,Michigan State Spartans,Illinois Fighting Illini,draftkings,DraftKings,2026-10-10T06:13:23Z,totals,2026-10-10T06:13:22Z,Under,-115,48.5,20261010061359476901
NCAAF,americanfootball_ncaaf,92f26a40bba178c47bbade8c9af0ada3,2026-10-10T19:30:00Z,Michigan State Spartans,Illinois Fighting Illini,betonlineag,BetOnline.ag,2026-10-10T06:13:21Z,h2h,2026-10-10T06:13:21Z,Illinois Fighting Illini,-135,,20261010061359476901
NCAAF,americanfootball_ncaaf,92f26a40bba178c47bbade8c9af0ada3,2026-10-10T19:30:00Z,Michigan State Spartans,Illinois Fighting Illini,betonlineag,BetOnline.ag,2026-10-10T06:13:21Z,h2h,2026-10-10T06:13:21Z,Michigan State Spartans,115,,20261010061359476901
NCAAF,americanfootball_ncaaf,92f26a40bba178c47bbade8c9af0ada3,2026-10-10T19:30:00Z,Michigan State Spartans,Illinois Fighting Illini,betonlineag,BetOnline.ag,2026-10-10T06:13:21Z,spreads,2026-10-10T06:13:21Z,Illinois Fighting Illini,-120,-2.5,20261010061359476901
NCAAF,americanfootball_ncaaf,92f26a40bba178c47bbade8c9af0ada3,2026-10-10T19:30:00Z,Michigan State Spartans,Illinois Fighting Illini,betonlineag,BetOnline.ag,2026-10-10T06:13:21Z,spreads,2026-10-10T06:13:21Z,Michigan State Spartans,100,2.5,20261010061359476901
NCAAF,americanfootball_ncaaf,92f26a40bba178c47bbade8c9af0ada3,2026-10-10T19:30:00Z,Michigan State Spartans,Illinois Fighting Illini,betonlineag,BetOnline.ag,2026-10-10T06:13:21Z,totals,2026-10-10T06:13:21Z,Over,-103,48.5,20261010061359476901
NCAAF,americanfootball_ncaaf,92f26a40bba178c47bbade8c9af0ada3,2026-10-10T19:30:00Z,Michigan State Spartans,Illinois Fighting Illini,betonlineag,BetOnline.ag,2026-10-10T06:13:21Z,totals,2026-10-10T06:13:21Z,Under,-117,48.5,20261010061359476901
NCAAF,americanfootball_ncaaf,92f26a40bba178c47bbade8c9af0ada3,2026-10-10T19:30:00Z,Michigan State Spartans,Illinois Fighting Illini,lowvig,LowVig.ag,2026-10-10T06:13:39Z,h2h,2026-10-10T06:13:38Z,Illinois Fighting Illini,-135,,20261010061359476901
NCAAF,americanfootball_ncaaf,92f26a40bba178c47bbade8c9af0ada3,2026-10-10T19:30:00Z,Michigan State Spartans,Illinois Fighting Illini,lowvig,LowVig.ag,2026-10-10T06:13:39Z,h2h,2026-10-10T06:13:38Z,Michigan State Spartans,115,,20261010061359476901
NCAAF,americanfootball_ncaaf,92f26a40bba178c47bbade8c9af0ada3,2026-10-10T19:30:00Z,Michigan State Spartans,Illinois Fighting Illini,lowvig,LowVig.ag,2026-10-10T06:13:39Z,spreads,2026-10-10T06:13:38Z,Illinois Fighting Illini,-116,-2.5,20261010061359476901
NCAAF,americanfootball_ncaaf,92f26a40bba178c47bbade8c9af0ada3,2026-10-10T19:30:00Z,Michigan State Spartans,Illinois Fighting Illini,lowvig,LowVig.ag,2026-10-10T06:13:39Z,spreads,2026-10-10T06:13:38Z,Michigan State Spartans,104,2.5,20261010061359476901
NCAAF,americanfootball_ncaaf,92f26a40bba178c47bbade8c9af0ada3,2026-10-10T19:30:00Z,Michigan State Spartans,Illinois Fighting Illini,lowvig,LowVig.ag,2026-10-10T06:13:39Z,totals,2026-10-10T06:13:38Z,Over,-101,48.5,20261010061359476901
NCAAF,americanfootball_ncaaf,92f26a40bba178c47bbade8c9af0ada3,2026-10-10T19:30:00Z,Michigan State Spartans,Illinois Fighting Illini,lowvig,LowVig.ag,2026-10-10T06:13:39Z,totals,2026-10-10T06:13:38Z,Under,-116,48.5,20261010061359476901
NCAAF,americanfootball_ncaaf,92f26a40bba178c47bbade8c9af0ada3,2026-10-10T19:30:00Z,Michigan State Spartans,Illinois Fighting Illini,mybookieag,MyBookie.ag,2026-10-10T06:13:29Z,h2h,2026-10-10T06:13:28Z,Illinois Fighting Illini,-139,,20261010061359476901
NCAAF,americanfootball_ncaaf,92f26a40bba178c47bbade8c9af0ada3,2026-10-10T19:30:00Z,Michigan State Spartans,Illinois Fighting Illini,mybookieag,MyBookie.ag,2026-10-10T06:13:29Z,h2h,2026-10-10T06:13:28Z,Michigan State Spartans,113,,20261010061359476901
NCAAF,americanfootball_ncaaf,92f26a40bba178c47bbade8c9af0ada3,2026-10-10T19:30:00Z,Michigan State Spartans,Illinois Fighting Illini,mybookieag,MyBookie.ag,2026-10-10T06:13:29Z,spreads,2026-10-10T06:13:28Z,Illinois Fighting Illini,-110,-2.5,20261010061359476901
NCAAF,americanfootball_ncaaf,92f26a40bba178c47bbade8c9af0ada3,2026-10-10T19:30:00Z,Michigan State Spartans,Illinois Fighting Illini,mybookieag,MyBookie.ag,2026-10-10T06:13:29Z,spreads,2026-10-10T06:13:28Z,Michigan State Spartans,-110,2.5,20261010061359476901
NCAAF,americanfootball_ncaaf,92f26a40bba178c47bbade8c9af0ada3,2026-10-10T19:30:00Z,Michigan State Spartans,Illinois Fighting Illini,mybookieag,MyBookie.ag,2026-10-10T06:13:29Z,totals,2026-10-10T06:13:28Z,Over,-110,48.0,20261010061359476901
NCAAF,americanfootball_ncaaf,92f26a40bba178c47bbade8c9af0ada3,2026-10-10T19:30:00Z,Michigan State Spartans,Illinois Fighting Illini,mybookieag,MyBookie.ag,2026-10-10T06:13:29Z,totals,2026-10-10T06:13:28Z,Under,-110,48.0,20261010061359476901
NCAAF,americanfootball_ncaaf,92f26a40bba178c47bbade8c9af0ada3,2026-10-10T19:30:00Z,Michigan State Spartans,Illinois Fighting Illini,bovada,Bovada,2026-10-10T06:12:36Z,h2h,2026-10-10T06:12:35Z,Illinois Fighting Illini,-140,,20261010061359476901
NCAAF,americanfootball_ncaaf,92f26a40bba178c47bbade8c9af0ada3,2026-10-10T19:30:00Z,Michigan State Spartans,Illinois Fighting Illini,bovada,Bovada,2026-10-10T06:12:36Z,h2h,2026-10-10T06:12:35Z,Michigan State Spartans,120,,20261010061359476901
NCAAF,americanfootball_ncaaf,92f26a40bba178c47bbade8c9af0ada3,2026-10-10T19:30:00Z,Michigan State Spartans,Illinois Fighting Illini,bovada,Bovada,2026-10-10T06:12:36Z,spreads,2026-10-10T06:12:35Z,Illinois Fighting Illini,-120,-2.5,20261010061359476901
NCAAF,americanfootball_ncaaf,92f26a40bba178c47bbade8c9af0ada3,2026-10-10T19:30:00Z,Michigan State Spartans,Illinois Fighting Illini,bovada,Bovada,2026-10-10T06:12:36Z,spreads,2026-10-10T06:12:35Z,Michigan State Spartans,100,2.5,20261010061359476901
NCAAF,americanfootball_ncaaf,92f26a40bba178c47bbade8c9af0ada3,2026-10-10T19:30:00Z,Michigan State Spartans,Illinois Fighting Illini,bovada,Bovada,2026-10-10T06:12:36Z,totals,2026-10-10T06:12:35Z,Over,-110,48.0,20261010061359476901
NCAAF,americanfootball_ncaaf,92f26a40bba178c47bbade8c9af0ada3,2026-10-10T19:30:00Z,Michigan State Spartans,Illinois Fighting Illini,bovada,Bovada,2026-10-10T06:12:36Z,totals,2026-10-10T06:12:35Z,Under,-110,48.0,20261010061359476901
NCAAF,americanfootball_ncaaf,92f26a40bba178c47bbade8c9af0ada3,2026-10-10T19:30:00Z,Michigan State Spartans,Illinois Fighting Illini,betus,BetUS,2026-10-10T06:13:55Z,h2h,2026-10-10T06:13:54Z,Illinois Fighting Illini,-135,,20261010061359476901
NCAAF,americanfootball_ncaaf,92f26a40bba178c47bbade8c9af0ada3,2026-10-10T19:30:00Z,Michigan State Spartans,Illinois Fighting Illini,betus,BetUS,2026-10-10T06:13:55Z,h2h,2026-10-10T06:13:54Z,Michigan State Spartans,115,,20261010061359476901
NCAAF,americanfootball_ncaaf,92f26a40bba178c47bbade8c9af0ada3,2026-10-10T19:30:00Z,Michigan State Spartans,Illinois Fighting Illini,betus,BetUS,2026-10-10T06:13:55Z,spreads,2026-10-10T06:13:54Z,Illinois Fighting Illini,-120,-2.5,20261010061359476901
NCAAF,americanfootball_ncaaf,92f26a40bba178c47bbade8c9af0ada3,2026-10-10T19:30:00Z,Michigan State Spartans,Illinois Fighting Illini,betus,BetUS,2026-10-10T06:13:55Z,spreads,2026-10-10T06:13:54Z,Michigan State Spartans,100,2.5,20261010061359476901
NCAAF,americanfootball_ncaaf,92f26a40bba178c47bbade8c9af0ada3,2026-10-10T19:30:00Z,Michigan State Spartans,Illinois Fighting Illini,betus,BetUS,2026-10-10T06:13:55Z,totals,2026-10-10T06:13:54Z,Over,-110,48.0,20261010061359476901
NCAAF,americanfootball_ncaaf,92f26a40bba178c47bbade8c9af0ada3,2026-10-10T19:30:00Z,Michigan State Spartans,Illinois Fighting Illini,betus,BetUS,2026-10-10T06:13:55Z,totals,2026-10-10T06:13:54Z,Under,-110,48.0,20261010061359476901
NCAAF,americanfootball_ncaaf,6050a18b694eb1d661ee7fa571b7ddbb,2026-10-10T19:30:00Z,Western Michigan Broncos,Kent State Golden Flashes,draftkings,DraftKings,2026-10-10T06:13:23Z,h2h,2026-10-10T06:13:22Z,Kent State Golden Flashes,440,,20261010061359476901
NCAAF,americanfootball_ncaaf,6050a18b694eb1d661ee7fa571b7ddbb,2026-10-10T19:30:00Z,Western Michigan Broncos,Kent State Golden Flashes,draftkings,DraftKings,2026-10-10T06:13:23Z,h2h,2026-10-10T06:13:22Z,Western Michigan Broncos,-600,,20261010061359476901
NCAAF,americanfootball_ncaaf,6050a18b694eb1d661ee7fa571b7ddbb,2026-10-10T19:30:00Z,Western Michigan Broncos,Kent State Golden Flashes,draftkings,DraftKings,2026-10-10T06:13:23Z,spreads,2026-10-10T06:13:22Z,Kent State Golden Flashes,-112,14.0,20261010061359476901
NCAAF,americanfootball_ncaaf,6050a18b694eb1d661ee7fa571b7ddbb,2026-10-10T19:30:00Z,Western Michigan Broncos,Kent State Golden Flashes,draftkings,DraftKings,2026-10-10T06:13:23Z,spreads,2026-10-10T06:13:22Z,Western Michigan Broncos,-108,-14.0,20261010061359476901
NCAAF,americanfootball_ncaaf,6050a18b694eb1d661ee7fa571b7ddbb,2026-10-10T19:30:00Z,Western Michigan Broncos,Kent State Golden Flashes,draftkings,DraftKings,2026-10-10T06:13:23Z,totals,2026-10-10T06:13:22Z,Over,-110,43.5,20261010061359476901
NCAAF,americanfootball_ncaaf,6050a18b694eb1d661ee7fa571b7ddbb,2026-10-10T19:30:00Z,Western Michigan Broncos,Kent State Golden Flashes,draftkings,DraftKings,2026-10-10T06:13:23Z,totals,2026-10-10T06:13:22Z,Under,-110,43.5,20261010061359476901
NCAAF,americanfootball_ncaaf,6050a18b694eb1d661ee7fa571b7ddbb,2026-10-10T19:30:00Z,Western Michigan Broncos,Kent State Golden Flashes,lowvig,LowVig.ag,2026-10-10T06:13:39Z,h2h,2026-10-10T06:13:38Z,Kent State Golden Flashes,421,,20261010061359476901
NCAAF,americanfootball_ncaaf,6050a18b694eb1d661ee7fa571b7ddbb,2026-10-10T19:30:00Z,Western Michigan Broncos,Kent State Golden Flashes,lowvig,LowVig.ag,2026-10-10T06:13:39Z,h2h,2026-10-10T06:13:38Z,Western Michigan Broncos,-560,,20261010061359476901
NCAAF,americanfootball_ncaaf,6050a18b694eb1d661ee7fa571b7ddbb,2026-10-10T19:30:00Z,Western Michigan Broncos,Kent State Golden Flashes,lowvig,LowVig.ag,2026-10-10T06:13:39Z,spreads,2026-10-10T06:13:38Z,Kent State Golden Flashes,102,13.5,20261010061359476901
NCAAF,americanfootball_ncaaf,6050a18b694eb1d661ee7fa571b7ddbb,2026-10-10T19:30:00Z,Western Michigan Broncos,Kent State Golden Flashes,lowvig,LowVig.ag,2026-10-10T06:13:39Z,spreads,2026-10-10T06:13:38Z,Western Michigan Broncos,-114,-13.5,20261010061359476901
NCAAF,americanfootball_ncaaf,6050a18b694eb1d661ee7fa571b7ddbb,2026-10-10T19:30:00Z,Western Michigan Broncos,Kent State Golden Flashes,lowvig,LowVig.ag,2026-10-10T06:13:39Z,totals,2026-10-10T06:13:38Z,Over,-108,43.5,20261010061359476901
NCAAF,americanfootball_ncaaf,6050a18b694eb1d661ee7fa571b7ddbb,2026-10-10T19:30:00Z,Western Michigan Broncos,Kent State Golden Flashes,lowvig,LowVig.ag,2026-10-10T06:13:39Z,totals,2026-10-10T06:13:38Z,Under,-108,43.5,20261010061359476901
NCAAF,americanfootball_ncaaf,6050a18b694eb1d661ee7fa571b7ddbb,2026-10-10T19:30:00Z,Western Michigan Broncos,Kent State Golden Flashes,betonlineag,BetOnline.ag,2026-10-10T06:13:21Z,h2h,2026-10-10T06:13:21Z,Kent State Golden Flashes,421,,20261010061359476901
NCAAF,americanfootball_ncaaf,6050a18b694eb1d661ee7fa571b7ddbb,2026-10-10T19:30:00Z,Western Michigan Broncos,Kent State Golden Flashes,betonlineag,BetOnline.ag,2026-10-10T06:13:21Z,h2h,2026-10-10T06:13:21Z,Western Michigan Broncos,-560,,20261010061359476901
NCAAF,americanfootball_ncaaf,6050a18b694eb1d661ee7fa571b7ddbb,2026-10-10T19:30:00Z,Western Michigan Broncos,Kent State Golden Flashes,betonlineag,BetOnline.ag,2026-10-10T06:13:21Z,spreads,2026-10-10T06:13:21Z,Kent State Golden Flashes,-102,13.5,20261010061359476901
NCAAF,americanfootball_ncaaf,6050a18b694eb1d661ee7fa571b7ddbb,2026-10-10T19:30:00Z,Western Michigan Broncos,Kent State Golden Flashes,betonlineag,BetOnline.ag,2026-10-10T06:13:21Z,spreads,2026-10-10T06:13:21Z,Western Michigan Broncos,-118,-13.5,20261010061359476901
NCAAF,americanfootball_ncaaf,6050a18b694eb1d661ee7fa571b7ddbb,2026-10-10T19:30:00Z,Western Michigan Broncos,Kent State Golden Flashes,betonlineag,BetOnline.ag,2026-10-10T06:13:21Z,totals,2026-10-10T06:13:21Z,Over,-110,43.5,20261010061359476901
NCAAF,americanfootball_ncaaf,6050a18b694eb1d661ee7fa571b7ddbb,2026-10-10T19:30:00Z,Western Michigan Broncos,Kent State Golden Flashes,betonlineag,BetOnline.ag,2026-10-10T06:13:21Z,totals,2026-10-10T06:13:21Z,Under,-110,43.5,20261010061359476901
NCAAF,americanfootball_ncaaf,6050a18b694eb1d661ee7fa571b7ddbb,2026-10-10T19:30:00Z,Western Michigan Broncos,Kent State Golden Flashes,fanduel,FanDuel,2026-10-10T06:13:39Z,h2h,2026-10-10T06:13:39Z,Kent State Golden Flashes,450,,20261010061359476901
NCAAF,americanfootball_ncaaf,6050a18b694eb1d661ee7fa571b7ddbb,2026-10-10T19:30:00Z,Western Michigan Broncos,Kent State Golden Flashes,fanduel,FanDuel,2026-10-10T06:13:39Z,h2h,2026-10-10T06:13:39Z,Western Michigan Broncos,-630,,20261010061359476901
NCAAF,americanfootball_ncaaf,6050a18b694eb1d661ee7fa571b7ddbb,2026-10-10T19:30:00Z,Western Michigan Broncos,Kent State Golden Flashes,fanduel,FanDuel,2026-10-10T06:13:39Z,spreads,2026-10-10T06:13:39Z,Kent State Golden Flashes,-106,13.5,20261010061359476901
NCAAF,americanfootball_ncaaf,6050a18b694eb1d661ee7fa571b7ddbb,2026-10-10T19:30:00Z,Western Michigan Broncos,Kent State Golden Flashes,fanduel,FanDuel,2026-10-10T06:13:39Z,spreads,2026-10-10T06:13:39Z,Western Michigan Broncos,-114,-13.5,20261010061359476901
NCAAF,americanfootball_ncaaf,6050a18b694eb1d661ee7fa571b7ddbb,2026-10-10T19:30:00Z,Western Michigan Broncos,Kent State Golden Flashes,fanduel,FanDuel,2026-10-10T06:13:39Z,totals,2026-10-10T06:13:39Z,Over,-110,43.5,20261010061359476901
NCAAF,americanfootball_ncaaf,6050a18b694eb1d661ee7fa571b7ddbb,2026-10-10T19:30:00Z,Western Michigan Broncos,Kent State Golden Flashes,fanduel,FanDuel,2026-10-10T06:13:39Z,totals,2026-10-10T06:13:39Z,Under,-110,43.5,20261010061359476901
NCAAF,americanfootball_ncaaf,6050a18b694eb1d661ee7fa571b7ddbb,2026-10-10T19:30:00Z,Western Michigan Broncos,Kent State Golden Flashes,betmgm,BetMGM,2026-10-10T06:13:39Z,h2h,2026-10-10T06:13:39Z,Kent State Golden Flashes,425,,20261010061359476901
NCAAF,americanfootball_ncaaf,6050a18b694eb1d661ee7fa571b7ddbb,2026-10-10T19:30:00Z,Western Michigan Broncos,Kent State Golden Flashes,betmgm,BetMGM,2026-10-10T06:13:39Z,h2h,2026-10-10T06:13:39Z,Western Michigan Broncos,-600,,20261010061359476901
NCAAF,americanfootball_ncaaf,6050a18b694eb1d661ee7fa571b7ddbb,2026-10-10T19:30:00Z,Western Michigan Broncos,Kent State Golden Flashes,betmgm,BetMGM,2026-10-10T06:13:39Z,spreads,2026-10-10T06:13:39Z,Kent State Golden Flashes,-105,13.5,20261010061359476901
NCAAF,americanfootball_ncaaf,6050a18b694eb1d661ee7fa571b7ddbb,2026-10-10T19:30:00Z,Western Michigan Broncos,Kent State Golden Flashes,betmgm,BetMGM,2026-10-10T06:13:39Z,spreads,2026-10-10T06:13:39Z,Western Michigan Broncos,-115,-13.5,20261010061359476901
NCAAF,americanfootball_ncaaf,6050a18b694eb1d661ee7fa571b7ddbb,2026-10-10T19:30:00Z,Western Michigan Broncos,Kent State Golden Flashes,betmgm,BetMGM,2026-10-10T06:13:39Z,totals,2026-10-10T06:13:39Z,Over,-110,43.5,20261010061359476901
NCAAF,americanfootball_ncaaf,6050a18b694eb1d661ee7fa571b7ddbb,2026-10-10T19:30:00Z,Western Michigan Broncos,Kent State Golden Flashes,betmgm,BetMGM,2026-10-10T06:13:39Z,totals,2026-10-10T06:13:39Z,Under,-110,43.5,20261010061359476901
NCAAF,americanfootball_ncaaf,6050a18b694eb1d661ee7fa571b7ddbb,2026-10-10T19:30:00Z,Western Michigan Broncos,Kent State Golden Flashes,mybookieag,MyBookie.ag,2026-10-10T06:13:29Z,h2h,2026-10-10T06:13:28Z,Kent State Golden Flashes,436,,20261010061359476901
NCAAF,americanfootball_ncaaf,6050a18b694eb1d661ee7fa571b7ddbb,2026-10-10T19:30:00Z,Western Michigan Broncos,Kent State Golden Flashes,mybookieag,MyBookie.ag,2026-10-10T06:13:29Z,h2h,2026-10-10T06:13:28Z,Western Michigan Broncos,-657,,20261010061359476901
NCAAF,americanfootball_ncaaf,6050a18b694eb1d661ee7fa571b7ddbb,2026-10-10T19:30:00Z,Western Michigan Broncos,Kent State Golden Flashes,mybookieag,MyBookie.ag,2026-10-10T06:13:29Z,spreads,2026-10-10T06:13:28Z,Kent State Golden Flashes,-110,14.0,20261010061359476901
NCAAF,americanfootball_ncaaf,6050a18b694eb1d661ee7fa571b7ddbb,2026-10-10T19:30:00Z,Western Michigan Broncos,Kent State Golden Flashes,mybookieag,MyBookie.ag,2026-10-10T06:13:29Z,spreads,2026-10-10T06:13:28Z,Western Michigan Broncos,-110,-14.0,20261010061359476901
NCAAF,americanfootball_ncaaf,6050a18b694eb1d661ee7fa571b7ddbb,2026-10-10T19:30:00Z,Western Michigan Broncos,Kent State Golden Flashes,mybookieag,MyBookie.ag,2026-10-10T06:13:29Z,totals,2026-10-10T06:13:28Z,Over,-110,43.5,20261010061359476901
NCAAF,americanfootball_ncaaf,6050a18b694eb1d661ee7fa571b7ddbb,2026-10-10T19:30:00Z,Western Michigan Broncos,Kent State Golden Flashes,mybookieag,MyBookie.ag,2026-10-10T06:13:29Z,totals,2026-10-10T06:13:28Z,Under,-110,43.5,20261010061359476901
NCAAF,americanfootball_ncaaf,6050a18b694eb1d661ee7fa571b7ddbb,2026-10-10T19:30:00Z,Western Michigan Broncos,Kent State Golden Flashes,bovada,Bovada,2026-10-10T06:12:36Z,h2h,2026-10-10T06:12:35Z,Kent State Golden Flashes,430,,20261010061359476901
NCAAF,americanfootball_ncaaf,6050a18b694eb1d661ee7fa571b7ddbb,2026-10-10T19:30:00Z,Western Michigan Broncos,Kent State Golden Flashes,bovada,Bovada,2026-10-10T06:12:36Z,h2h,2026-10-10T06:12:35Z,Western Michigan Broncos,-625,,20261010061359476901
NCAAF,americanfootball_ncaaf,6050a18b694eb1d661ee7fa571b7ddbb,2026-10-10T19:30:00Z,Western Michigan Broncos,Kent State Golden Flashes,bovada,Bovada,2026-10-10T06:12:36Z,spreads,2026-10-10T06:12:35Z,Kent State Golden Flashes,-110,14.0,20261010061359476901
NCAAF,americanfootball_ncaaf,6050a18b694eb1d661ee7fa571b7ddbb,2026-10-10T19:30:00Z,Western Michigan Broncos,Kent State Golden Flashes,bovada,Bovada,2026-10-10T06:12:36Z,spreads,2026-10-10T06:12:35Z,Western Michigan Broncos,-110,-14.0,20261010061359476901
NCAAF,americanfootball_ncaaf,6050a18b694eb1d661ee7fa571b7ddbb,2026-10-10T19:30:00Z,Western Michigan Broncos,Kent State Golden Flashes,bovada,Bovada,2026-10-10T06:12:36Z,totals,2026-10-10T06:12:35Z,Over,-105,43.5,20261010061359476901
NCAAF,americanfootball_ncaaf,6050a18b694eb1d661ee7fa571b7ddbb,2026-10-10T19:30:00Z,Western Michigan Broncos,Kent State Golden Flashes,bovada,Bovada,2026-10-10T06:12:36Z,totals,2026-10-10T06:12:35Z,Under,-115,43.5,20261010061359476901
NCAAF,americanfootball_ncaaf,6050a18b694eb1d661ee7fa571b7ddbb,2026-10-10T19:30:00Z,Western Michigan Broncos,Kent State Golden Flashes,betus,BetUS,2026-10-10T06:13:55Z,h2h,2026-10-10T06:13:55Z,Kent State Golden Flashes,425,,20261010061359476901
NCAAF,americanfootball_ncaaf,6050a18b694eb1d661ee7fa571b7ddbb,2026-10-10T19:30:00Z,Western Michigan Broncos,Kent State Golden Flashes,betus,BetUS,2026-10-10T06:13:55Z,h2h,2026-10-10T06:13:55Z,Western Michigan Broncos,-550,,20261010061359476901
NCAAF,americanfootball_ncaaf,6050a18b694eb1d661ee7fa571b7ddbb,2026-10-10T19:30:00Z,Western Michigan Broncos,Kent State Golden Flashes,betus,BetUS,2026-10-10T06:13:55Z,spreads,2026-10-10T06:13:55Z,Kent State Golden Flashes,100,13.5,20261010061359476901
NCAAF,americanfootball_ncaaf,6050a18b694eb1d661ee7fa571b7ddbb,2026-10-10T19:30:00Z,Western Michigan Broncos,Kent State Golden Flashes,betus,BetUS,2026-10-10T06:13:55Z,spreads,2026-10-10T06:13:55Z,Western Michigan Broncos,-120,-13.5,20261010061359476901
NCAAF,americanfootball_ncaaf,6050a18b694eb1d661ee7fa571b7ddbb,2026-10-10T19:30:00Z,Western Michigan Broncos,Kent State Golden Flashes,betus,BetUS,2026-10-10T06:13:55Z,totals,2026-10-10T06:13:55Z,Over,-110,43.0,20261010061359476901
NCAAF,americanfootball_ncaaf,6050a18b694eb1d661ee7fa571b7ddbb,2026-10-10T19:30:00Z,Western Michigan Broncos,Kent State Golden Flashes,betus,BetUS,2026-10-10T06:13:55Z,totals,2026-10-10T06:13:55Z,Under,-110,43.0,20261010061359476901
NCAAF,americanfootball_ncaaf,6050a18b694eb1d661ee7fa571b7ddbb,2026-10-10T19:30:00Z,Western Michigan Broncos,Kent State Golden Flashes,betrivers,BetRivers,2026-10-10T06:13:23Z,h2h,2026-10-10T06:13:23Z,Kent State Golden Flashes,460,,20261010061359476901
NCAAF,americanfootball_ncaaf,6050a18b694eb1d661ee7fa571b7ddbb,2026-10-10T19:30:00Z,Western Michigan Broncos,Kent State Golden Flashes,betrivers,BetRivers,2026-10-10T06:13:23Z,h2h,2026-10-10T06:13:23Z,Western Michigan Broncos,-715,,20261010061359476901
NCAAF,americanfootball_ncaaf,6050a18b694eb1d661ee7fa571b7ddbb,2026-10-10T19:30:00Z,Western Michigan Broncos,Kent State Golden Flashes,betrivers,BetRivers,2026-10-10T06:13:23Z,spreads,2026-10-10T06:13:23Z,Kent State Golden Flashes,-117,14.0,20261010061359476901
NCAAF,americanfootball_ncaaf,6050a18b694eb1d661ee7fa571b7ddbb,2026-10-10T19:30:00Z,Western Michigan Broncos,Kent State Golden Flashes,betrivers,BetRivers,2026-10-10T06:13:23Z,spreads,2026-10-10T06:13:23Z,Western Michigan Broncos,-107,-14.0,20261010061359476901
NCAAF,americanfootball_ncaaf,6050a18b694eb1d661ee7fa571b7ddbb,2026-10-10T19:30:00Z,Western Michigan Broncos,Kent State Golden Flashes,betrivers,BetRivers,2026-10-10T06:13:23Z,totals,2026-10-10T06:13:23Z,Over,-113,43.5,20261010061359476901
NCAAF,americanfootball_ncaaf,6050a18b694eb1d661ee7fa571b7ddbb,2026-10-10T19:30:00Z,Western Michigan Broncos,Kent State Golden Flashes,betrivers,BetRivers,2026-10-10T06:13:23Z,totals,2026-10-10T06:13:23Z,Under,-110,43.5,20261010061359476901
NCAAF,americanfootball_ncaaf,979fefd620ed804180ef3fed873d61c2,2026-10-10T19:30:00Z,Navy Midshipmen,Tulsa Golden Hurricane,fanduel,FanDuel,2026-10-10T06:13:39Z,h2h,2026-10-10T06:13:39Z,Navy Midshipmen,-130,,20261010061359476901
NCAAF,americanfootball_ncaaf,979fefd620ed804180ef3fed873d61c2,2026-10-10T19:30:00Z,Navy Midshipmen,Tulsa Golden Hurricane,fanduel,FanDuel,2026-10-10T06:13:39Z,h2h,2026-10-10T06:13:39Z,Tulsa Golden Hurricane,108,,20261010061359476901
NCAAF,americanfootball_ncaaf,979fefd620ed804180ef3fed873d61c2,2026-10-10T19:30:00Z,Navy Midshipmen,Tulsa Golden Hurricane,fanduel,FanDuel,2026-10-10T06:13:39Z,spreads,2026-10-10T06:13:39Z,Navy Midshipmen,-108,-2.5,20261010061359476901
NCAAF,americanfootball_ncaaf,979fefd620ed804180ef3fed873d61c2,2026-10-10T19:30:00Z,Navy Midshipmen,Tulsa Golden Hurricane,fanduel,FanDuel,2026-10-10T06:13:39Z,spreads,2026-10-10T06:13:39Z,Tulsa Golden Hurricane,-112,2.5,20261010061359476901
NCAAF,americanfootball_ncaaf,979fefd620ed804180ef3fed873d61c2,2026-10-10T19:30:00Z,Navy Midshipmen,Tulsa Golden Hurricane,fanduel,FanDuel,2026-10-10T06:13:39Z,totals,2026-10-10T06:13:39Z,Over,-110,48.5,20261010061359476901
NCAAF,americanfootball_ncaaf,979fefd620ed804180ef3fed873d61c2,2026-10-10T19:30:00Z,Navy Midshipmen,Tulsa Golden Hurricane,fanduel,FanDuel,2026-10-10T06:13:39Z,totals,2026-10-10T06:13:39Z,Under,-110,48.5,20261010061359476901
NCAAF,americanfootball_ncaaf,979fefd620ed804180ef3fed873d61c2,2026-10-10T19:30:00Z,Navy Midshipmen,Tulsa Golden Hurricane,betrivers,BetRivers,2026-10-10T06:13:23Z,h2h,2026-10-10T06:13:23Z,Navy Midshipmen,-130,,20261010061359476901
NCAAF,americanfootball_ncaaf,979fefd620ed804180ef3fed873d61c2,2026-10-10T19:30:00Z,Navy Midshipmen,Tulsa Golden Hurricane,betrivers,BetRivers,2026-10-10T06:13:23Z,h2h,2026-10-10T06:13:23Z,Tulsa Golden Hurricane,105,,20261010061359476901
NCAAF,americanfootball_ncaaf,979fefd620ed804180ef3fed873d61c2,2026-10-10T19:30:00Z,Navy Midshipmen,Tulsa Golden Hurricane,betrivers,BetRivers,2026-10-10T06:13:23Z,spreads,2026-10-10T06:13:23Z,Navy Midshipmen,-110,-2.0,20261010061359476901
NCAAF,americanfootball_ncaaf,979fefd620ed804180ef3fed873d61c2,2026-10-10T19:30:00Z,Navy Midshipmen,Tulsa Golden Hurricane,betrivers,BetRivers,2026-10-10T06:13:23Z,spreads,2026-10-10T06:13:23Z,Tulsa Golden Hurricane,-112,2.0,20261010061359476901
NCAAF,americanfootball_ncaaf,979fefd620ed804180ef3fed873d61c2,2026-10-10T19:30:00Z,Navy Midshipmen,Tulsa Golden Hurricane,betrivers,BetRivers,2026-10-10T06:13:23Z,totals,2026-10-10T06:13:23Z,Over,-118,47.5,20261010061359476901
NCAAF,americanfootball_ncaaf,979fefd620ed804180ef3fed873d61c2,2026-10-10T19:30:00Z,Navy Midshipmen,Tulsa Golden Hurricane,betrivers,BetRivers,2026-10-10T06:13:23Z,totals,2026-10-10T06:13:23Z,Under,-106,47.5,20261010061359476901
NCAAF,americanfootball_ncaaf,979fefd620ed804180ef3fed873d61c2,2026-10-10T19:30:00Z,Navy Midshipmen,Tulsa Golden Hurricane,betmgm,BetMGM,2026-10-10T06:13:39Z,h2h,2026-10-10T06:13:39Z,Navy Midshipmen,-125,,20261010061359476901
NCAAF,americanfootball_ncaaf,979fefd620ed804180ef3fed873d61c2,2026-10-10T19:30:00Z,Navy Midshipmen,Tulsa Golden Hurricane,betmgm,BetMGM,2026-10-10T06:13:39Z,h2h,2026-10-10T06:13:39Z,Tulsa Golden Hurricane,105,,20261010061359476901
NCAAF,americanfootball_ncaaf,979fefd620ed804180ef3fed873d61c2,2026-10-10T19:30:00Z,Navy Midshipmen,Tulsa Golden Hurricane,betmgm,BetMGM,2026-10-10T06:13:39Z,spreads,2026-10-10T06:13:39Z,Navy Midshipmen,-115,-1.5,20261010061359476901
NCAAF,americanfootball_ncaaf,979fefd620ed804180ef3fed873d61c2,2026-10-10T19:30:00Z,Navy Midshipmen,Tulsa Golden Hurricane,betmgm,BetMGM,2026-10-10T06:13:39Z,spreads,2026-10-10T06:13:39Z,Tulsa Golden Hurricane,-105,1.5,20261010061359476901
NCAAF,americanfootball_ncaaf,979fefd620ed804180ef3fed873d61c2,2026-10-10T19:30:00Z,Navy Midshipmen,Tulsa Golden Hurricane,betmgm,BetMGM,2026-10-10T06:13:39Z,totals,2026-10-10T06:13:39Z,Over,-110,48.5,20261010061359476901
NCAAF,americanfootball_ncaaf,979fefd620ed804180ef3fed873d61c2,2026-10-10T19:30:00Z,Navy Midshipmen,Tulsa Golden Hurricane,betmgm,BetMGM,2026-10-10T06:13:39Z,totals,2026-10-10T06:13:39Z,Under,-110,48.5,20261010061359476901
NCAAF,americanfootball_ncaaf,979fefd620ed804180ef3fed873d61c2,2026-10-10T19:30:00Z,Navy Midshipmen,Tulsa Golden Hurricane,draftkings,DraftKings,2026-10-10T06:13:23Z,h2h,2026-10-10T06:13:22Z,Navy Midshipmen,-122,,20261010061359476901
NCAAF,americanfootball_ncaaf,979fefd620ed804180ef3fed873d61c2,2026-10-10T19:30:00Z,Navy Midshipmen,Tulsa Golden Hurricane,draftkings,DraftKings,2026-10-10T06:13:23Z,h2h,2026-10-10T06:13:22Z,Tulsa Golden Hurricane,102,,20261010061359476901
NCAAF,americanfootball_ncaaf,979fefd620ed804180ef3fed873d61c2,2026-10-10T19:30:00Z,Navy Midshipmen,Tulsa Golden Hurricane,draftkings,DraftKings,2026-10-10T06:13:23Z,spreads,2026-10-10T06:13:22Z,Navy Midshipmen,-115,-1.5,20261010061359476901
NCAAF,americanfootball_ncaaf,979fefd620ed804180ef3fed873d61c2,2026-10-10T19:30:00Z,Navy Midshipmen,Tulsa Golden Hurricane,draftkings,DraftKings,2026-10-10T06:13:23Z,spreads,2026-10-10T06:13:22Z,Tulsa Golden Hurricane,-105,1.5,20261010061359476901
NCAAF,americanfootball_ncaaf,979fefd620ed804180ef3fed873d61c2,2026-10-10T19:30:00Z,Navy Midshipmen,Tulsa Golden Hurricane,draftkings,DraftKings,2026-10-10T06:13:23Z,totals,2026-10-10T06:13:22Z,Over,-108,48.5,20261010061359476901
NCAAF,americanfootball_ncaaf,979fefd620ed804180ef3fed873d61c2,2026-10-10T19:30:00Z,Navy Midshipmen,Tulsa Golden Hurricane,draftkings,DraftKings,2026-10-10T06:13:23Z,totals,2026-10-10T06:13:22Z,Under,-112,48.5,20261010061359476901
NCAAF,americanfootball_ncaaf,979fefd620ed804180ef3fed873d61c2,2026-10-10T19:30:00Z,Navy Midshipmen,Tulsa Golden Hurricane,lowvig,LowVig.ag,2026-10-10T06:13:39Z,h2h,2026-10-10T06:13:39Z,Navy Midshipmen,-120,,20261010061359476901
NCAAF,americanfootball_ncaaf,979fefd620ed804180ef3fed873d61c2,2026-10-10T19:30:00Z,Navy Midshipmen,Tulsa Golden Hurricane,lowvig,LowVig.ag,2026-10-10T06:13:39Z,h2h,2026-10-10T06:13:39Z,Tulsa Golden Hurricane,100,,20261010061359476901
NCAAF,americanfootball_ncaaf,979fefd620ed804180ef3fed873d61c2,2026-10-10T19:30:00Z,Navy Midshipmen,Tulsa Golden Hurricane,lowvig,LowVig.ag,2026-10-10T06:13:39Z,spreads,2026-10-10T06:13:39Z,Navy Midshipmen,-113,-1.0,20261010061359476901
NCAAF,americanfootball_ncaaf,979fefd620ed804180ef3fed873d61c2,2026-10-10T19:30:00Z,Navy Midshipmen,Tulsa Golden Hurricane,lowvig,LowVig.ag,2026-10-10T06:13:39Z,spreads,2026-10-10T06:13:39Z,Tulsa Golden Hurricane,101,1.0,20261010061359476901
NCAAF,americanfootball_ncaaf,979fefd620ed804180ef3fed873d61c2,2026-10-10T19:30:00Z,Navy Midshipmen,Tulsa Golden Hurricane,lowvig,LowVig.ag,2026-10-10T06:13:39Z,totals,2026-10-10T06:13:39Z,Over,-108,48.5,20261010061359476901
NCAAF,americanfootball_ncaaf,979fefd620ed804180ef3fed873d61c2,2026-10-10T19:30:00Z,Navy Midshipmen,Tulsa Golden Hurricane,lowvig,LowVig.ag,2026-10-10T06:13:39Z,totals,2026-10-10T06:13:39Z,Under,-108,48.5,20261010061359476901
NCAAF,americanfootball_ncaaf,979fefd620ed804180ef3fed873d61c2,2026-10-10T19:30:00Z,Navy Midshipmen,Tulsa Golden Hurricane,betonlineag,BetOnline.ag,2026-10-10T06:13:21Z,h2h,2026-10-10T06:13:21Z,Navy Midshipmen,-120,,20261010061359476901
NCAAF,americanfootball_ncaaf,979fefd620ed804180ef3fed873d61c2,2026-10-10T19:30:00Z,Navy Midshipmen,Tulsa Golden Hurricane,betonlineag,BetOnline.ag,2026-10-10T06:13:21Z,h2h,2026-10-10T06:13:21Z,Tulsa Golden Hurricane,100,,20261010061359476901
NCAAF,americanfootball_ncaaf,979fefd620ed804180ef3fed873d61c2,2026-10-10T19:30:00Z,Navy Midshipmen,Tulsa Golden Hurricane,betonlineag,BetOnline.ag,2026-10-10T06:13:21Z,spreads,2026-10-10T06:13:21Z,Navy Midshipmen,-117,-1.0,20261010061359476901
NCAAF,americanfootball_ncaaf,979fefd620ed804180ef3fed873d61c2,2026-10-10T19:30:00Z,Navy Midshipmen,Tulsa Golden Hurricane,betonlineag,BetOnline.ag,2026-10-10T06:13:21Z,spreads,2026-10-10T06:13:21Z,Tulsa Golden Hurricane,-103,1.0,20261010061359476901
NCAAF,americanfootball_ncaaf,979fefd620ed804180ef3fed873d61c2,2026-10-10T19:30:00Z,Navy Midshipmen,Tulsa Golden Hurricane,betonlineag,BetOnline.ag,2026-10-10T06:13:21Z,totals,2026-10-10T06:13:21Z,Over,-110,48.5,20261010061359476901
NCAAF,americanfootball_ncaaf,979fefd620ed804180ef3fed873d61c2,2026-10-10T19:30:00Z,Navy Midshipmen,Tulsa Golden Hurricane,betonlineag,BetOnline.ag,2026-10-10T06:13:21Z,totals,2026-10-10T06:13:21Z,Under,-110,48.5,20261010061359476901
NCAAF,americanfootball_ncaaf,979fefd620ed804180ef3fed873d61c2,2026-10-10T19:30:00Z,Navy Midshipmen,Tulsa Golden Hurricane,mybookieag,MyBookie.ag,2026-10-10T06:13:29Z,h2h,2026-10-10T06:13:28Z,Navy Midshipmen,-127,,20261010061359476901
NCAAF,americanfootball_ncaaf,979fefd620ed804180ef3fed873d61c2,2026-10-10T19:30:00Z,Navy Midshipmen,Tulsa Golden Hurricane,mybookieag,MyBookie.ag,2026-10-10T06:13:29Z,h2h,2026-10-10T06:13:28Z,Tulsa Golden Hurricane,104,,20261010061359476901
NCAAF,americanfootball_ncaaf,979fefd620ed804180ef3fed873d61c2,2026-10-10T19:30:00Z,Navy Midshipmen,Tulsa Golden Hurricane,mybookieag,MyBookie.ag,2026-10-10T06:13:29Z,spreads,2026-10-10T06:13:28Z,Navy Midshipmen,-110,-1.5,20261010061359476901
NCAAF,americanfootball_ncaaf,979fefd620ed804180ef3fed873d61c2,2026-10-10T19:30:00Z,Navy Midshipmen,Tulsa Golden Hurricane,mybookieag,MyBookie.ag,2026-10-10T06:13:29Z,spreads,2026-10-10T06:13:28Z,Tulsa Golden Hurricane,-110,1.5,20261010061359476901
NCAAF,americanfootball_ncaaf,979fefd620ed804180ef3fed873d61c2,2026-10-10T19:30:00Z,Navy Midshipmen,Tulsa Golden Hurricane,mybookieag,MyBookie.ag,2026-10-10T06:13:29Z,totals,2026-10-10T06:13:28Z,Over,-110,48.5,20261010061359476901
NCAAF,americanfootball_ncaaf,979fefd620ed804180ef3fed873d61c2,2026-10-10T19:30:00Z,Navy Midshipmen,Tulsa Golden Hurricane,mybookieag,MyBookie.ag,2026-10-10T06:13:29Z,totals,2026-10-10T06:13:28Z,Under,-110,48.5,20261010061359476901
NCAAF,americanfootball_ncaaf,979fefd620ed804180ef3fed873d61c2,2026-10-10T19:30:00Z,Navy Midshipmen,Tulsa Golden Hurricane,betus,BetUS,2026-10-10T06:13:55Z,h2h,2026-10-10T06:13:55Z,Navy Midshipmen,-120,,20261010061359476901
NCAAF,americanfootball_ncaaf,979fefd620ed804180ef3fed873d61c2,2026-10-10T19:30:00Z,Navy Midshipmen,Tulsa Golden Hurricane,betus,BetUS,2026-10-10T06:13:55Z,h2h,2026-10-10T06:13:55Z,Tulsa Golden Hurricane,100,,20261010061359476901
NCAAF,americanfootball_ncaaf,979fefd620ed804180ef3fed873d61c2,2026-10-10T19:30:00Z,Navy Midshipmen,Tulsa Golden Hurricane,betus,BetUS,2026-10-10T06:13:55Z,spreads,2026-10-10T06:13:55Z,Navy Midshipmen,-110,-1.5,20261010061359476901
NCAAF,americanfootball_ncaaf,979fefd620ed804180ef3fed873d61c2,2026-10-10T19:30:00Z,Navy Midshipmen,Tulsa Golden Hurricane,betus,BetUS,2026-10-10T06:13:55Z,spreads,2026-10-10T06:13:55Z,Tulsa Golden Hurricane,-110,1.5,20261010061359476901
NCAAF,americanfootball_ncaaf,979fefd620ed804180ef3fed873d61c2,2026-10-10T19:30:00Z,Navy Midshipmen,Tulsa Golden Hurricane,betus,BetUS,2026-10-10T06:13:55Z,totals,2026-10-10T06:13:55Z,Over,-110,48.5,20261010061359476901
NCAAF,americanfootball_ncaaf,979fefd620ed804180ef3fed873d61c2,2026-10-10T19:30:00Z,Navy Midshipmen,Tulsa Golden Hurricane,betus,BetUS,2026-10-10T06:13:55Z,totals,2026-10-10T06:13:55Z,Under,-110,48.5,20261010061359476901
NCAAF,americanfootball_ncaaf,979fefd620ed804180ef3fed873d61c2,2026-10-10T19:30:00Z,Navy Midshipmen,Tulsa Golden Hurricane,bovada,Bovada,2026-10-10T06:12:36Z,h2h,2026-10-10T06:12:35Z,Navy Midshipmen,-125,,20261010061359476901
NCAAF,americanfootball_ncaaf,979fefd620ed804180ef3fed873d61c2,2026-10-10T19:30:00Z,Navy Midshipmen,Tulsa Golden Hurricane,bovada,Bovada,2026-10-10T06:12:36Z,h2h,2026-10-10T06:12:35Z,Tulsa Golden Hurricane,105,,20261010061359476901
NCAAF,americanfootball_ncaaf,979fefd620ed804180ef3fed873d61c2,2026-10-10T19:30:00Z,Navy Midshipmen,Tulsa Golden Hurricane,bovada,Bovada,2026-10-10T06:12:36Z,spreads,2026-10-10T06:12:35Z,Navy Midshipmen,-110,-2.0,20261010061359476901
NCAAF,americanfootball_ncaaf,979fefd620ed804180ef3fed873d61c2,2026-10-10T19:30:00Z,Navy Midshipmen,Tulsa Golden Hurricane,bovada,Bovada,2026-10-10T06:12:36Z,spreads,2026-10-10T06:12:35Z,Tulsa Golden Hurricane,-110,2.0,20261010061359476901
NCAAF,americanfootball_ncaaf,979fefd620ed804180ef3fed873d61c2,2026-10-10T19:30:00Z,Navy Midshipmen,Tulsa Golden Hurricane,bovada,Bovada,2026-10-10T06:12:36Z,totals,2026-10-10T06:12:35Z,Over,-110,48.0,20261010061359476901
NCAAF,americanfootball_ncaaf,979fefd620ed804180ef3fed873d61c2,2026-10-10T19:30:00Z,Navy Midshipmen,Tulsa Golden Hurricane,bovada,Bovada,2026-10-10T06:12:36Z,totals,2026-10-10T06:12:35Z,Under,-110,48.0,20261010061359476901
NCAAF,americanfootball_ncaaf,496f20b5a45e727fdc2d07915ab0f865,2026-10-10T19:30:00Z,Notre Dame Fighting Irish,Stanford Cardinal,draftkings,DraftKings,2026-10-10T06:13:23Z,spreads,2026-10-10T06:13:22Z,Notre Dame Fighting Irish,-112,-39.5,20261010061359476901
NCAAF,americanfootball_ncaaf,496f20b5a45e727fdc2d07915ab0f865,2026-10-10T19:30:00Z,Notre Dame Fighting Irish,Stanford Cardinal,draftkings,DraftKings,2026-10-10T06:13:23Z,spreads,2026-10-10T06:13:22Z,Stanford Cardinal,-108,39.5,20261010061359476901
NCAAF,americanfootball_ncaaf,496f20b5a45e727fdc2d07915ab0f865,2026-10-10T19:30:00Z,Notre Dame Fighting Irish,Stanford Cardinal,draftkings,DraftKings,2026-10-10T06:13:23Z,totals,2026-10-10T06:13:22Z,Over,-110,54.5,20261010061359476901
NCAAF,americanfootball_ncaaf,496f20b5a45e727fdc2d07915ab0f865,2026-10-10T19:30:00Z,Notre Dame Fighting Irish,Stanford Cardinal,draftkings,DraftKings,2026-10-10T06:13:23Z,totals,2026-10-10T06:13:22Z,Under,-110,54.5,20261010061359476901
NCAAF,americanfootball_ncaaf,496f20b5a45e727fdc2d07915ab0f865,2026-10-10T19:30:00Z,Notre Dame Fighting Irish,Stanford Cardinal,fanduel,FanDuel,2026-10-10T06:13:39Z,spreads,2026-10-10T06:13:39Z,Notre Dame Fighting Irish,-105,-39.5,20261010061359476901
NCAAF,americanfootball_ncaaf,496f20b5a45e727fdc2d07915ab0f865,2026-10-10T19:30:00Z,Notre Dame Fighting Irish,Stanford Cardinal,fanduel,FanDuel,2026-10-10T06:13:39Z,spreads,2026-10-10T06:13:39Z,Stanford Cardinal,-115,39.5,20261010061359476901
NCAAF,americanfootball_ncaaf,496f20b5a45e727fdc2d07915ab0f865,2026-10-10T19:30:00Z,Notre Dame Fighting Irish,Stanford Cardinal,fanduel,FanDuel,2026-10-10T06:13:39Z,totals,2026-10-10T06:13:39Z,Over,-108,54.5,20261010061359476901
NCAAF,americanfootball_ncaaf,496f20b5a45e727fdc2d07915ab0f865,2026-10-10T19:30:00Z,Notre Dame Fighting Irish,Stanford Cardinal,fanduel,FanDuel,2026-10-10T06:13:39Z,totals,2026-10-10T06:13:39Z,Under,-112,54.5,20261010061359476901
NCAAF,americanfootball_ncaaf,496f20b5a45e727fdc2d07915ab0f865,2026-10-10T19:30:00Z,Notre Dame Fighting Irish,Stanford Cardinal,betrivers,BetRivers,2026-10-10T06:13:23Z,spreads,2026-10-10T06:13:23Z,Notre Dame Fighting Irish,-113,-39.5,20261010061359476901
NCAAF,americanfootball_ncaaf,496f20b5a45e727fdc2d07915ab0f865,2026-10-10T19:30:00Z,Notre Dame Fighting Irish,Stanford Cardinal,betrivers,BetRivers,2026-10-10T06:13:23Z,spreads,2026-10-10T06:13:23Z,Stanford Cardinal,-113,39.5,20261010061359476901
NCAAF,americanfootball_ncaaf,496f20b5a45e727fdc2d07915ab0f865,2026-10-10T19:30:00Z,Notre Dame Fighting Irish,Stanford Cardinal,betrivers,BetRivers,2026-10-10T06:13:23Z,totals,2026-10-10T06:13:23Z,Over,-108,55.0,20261010061359476901
NCAAF,americanfootball_ncaaf,496f20b5a45e727fdc2d07915ab0f865,2026-10-10T19:30:00Z,Notre Dame Fighting Irish,Stanford Cardinal,betrivers,BetRivers,2026-10-10T06:13:23Z,totals,2026-10-10T06:13:23Z,Under,-114,55.0,20261010061359476901
NCAAF,americanfootball_ncaaf,496f20b5a45e727fdc2d07915ab0f865,2026-10-10T19:30:00Z,Notre Dame Fighting Irish,Stanford Cardinal,betmgm,BetMGM,2026-10-10T06:13:39Z,spreads,2026-10-10T06:13:39Z,Notre Dame Fighting Irish,-115,-38.5,20261010061359476901
NCAAF,americanfootball_ncaaf,496f20b5a45e727fdc2d07915ab0f865,2026-10-10T19:30:00Z,Notre Dame Fighting Irish,Stanford Cardinal,betmgm,BetMGM,2026-10-10T06:13:39Z,spreads,2026-10-10T06:13:39Z,Stanford Cardinal,-105,38.5,20261010061359476901
NCAAF,americanfootball_ncaaf,496f20b5a45e727fdc2d07915ab0f865,2026-10-10T19:30:00Z,Notre Dame Fighting Irish,Stanford Cardinal,betmgm,BetMGM,2026-10-10T06:13:39Z,totals,2026-10-10T06:13:39Z,Over,-105,54.5,20261010061359476901
NCAAF,americanfootball_ncaaf,496f20b5a45e727fdc2d07915ab0f865,2026-10-10T19:30:00Z,Notre Dame Fighting Irish,Stanford Cardinal,betmgm,BetMGM,2026-10-10T06:13:39Z,totals,2026-10-10T06:13:39Z,Under,-115,54.5,20261010061359476901
NCAAF,americanfootball_ncaaf,496f20b5a45e727fdc2d07915ab0f865,2026-10-10T19:30:00Z,Notre Dame Fighting Irish,Stanford Cardinal,betonlineag,BetOnline.ag,2026-10-10T06:13:21Z,spreads,2026-10-10T06:13:21Z,Notre Dame Fighting Irish,-110,-40.5,20261010061359476901
NCAAF,americanfootball_ncaaf,496f20b5a45e727fdc2d07915ab0f865,2026-10-10T19:30:00Z,Notre Dame Fighting Irish,Stanford Cardinal,betonlineag,BetOnline.ag,2026-10-10T06:13:21Z,spreads,2026-10-10T06:13:21Z,Stanford Cardinal,-110,40.5,20261010061359476901
NCAAF,americanfootball_ncaaf,496f20b5a45e727fdc2d07915ab0f865,2026-10-10T19:30:00Z,Notre Dame Fighting Irish,Stanford Cardinal,betonlineag,BetOnline.ag,2026-10-10T06:13:21Z,totals,2026-10-10T06:13:21Z,Over,-115,53.5,20261010061359476901
NCAAF,americanfootball_ncaaf,496f20b5a45e727fdc2d07915ab0f865,2026-10-10T19:30:00Z,Notre Dame Fighting Irish,Stanford Cardinal,betonlineag,BetOnline.ag,2026-10-10T06:13:21Z,totals,2026-10-10T06:13:21Z,Under,-105,53.5,20261010061359476901
NCAAF,americanfootball_ncaaf,496f20b5a45e727fdc2d07915ab0f865,2026-10-10T19:30:00Z,Notre Dame Fighting Irish,Stanford Cardinal,lowvig,LowVig.ag,2026-10-10T06:13:39Z,spreads,2026-10-10T06:13:39Z,Notre Dame Fighting Irish,-106,-40.5,20261010061359476901
NCAAF,americanfootball_ncaaf,496f20b5a45e727fdc2d07915ab0f865,2026-10-10T19:30:00Z,Notre Dame Fighting Irish,Stanford Cardinal,lowvig,LowVig.ag,2026-10-10T06:13:39Z,spreads,2026-10-10T06:13:39Z,Stanford Cardinal,-106,40.5,20261010061359476901
NCAAF,americanfootball_ncaaf,496f20b5a45e727fdc2d07915ab0f865,2026-10-10T19:30:00Z,Notre Dame Fighting Irish,Stanford Cardinal,lowvig,LowVig.ag,2026-10-10T06:13:39Z,totals,2026-10-10T06:13:39Z,Over,-114,53.5,20261010061359476901
NCAAF,americanfootball_ncaaf,496f20b5a45e727fdc2d07915ab0f865,2026-10-10T19:30:00Z,Notre Dame Fighting Irish,Stanford Cardinal,lowvig,LowVig.ag,2026-10-10T06:13:39Z,totals,2026-10-10T06:13:39Z,Under,-103,53.5,20261010061359476901
NCAAF,americanfootball_ncaaf,496f20b5a45e727fdc2d07915ab0f865,2026-10-10T19:30:00Z,Notre Dame Fighting Irish,Stanford Cardinal,betus,BetUS,2026-10-10T06:13:55Z,spreads,2026-10-10T06:13:55Z,Notre Dame Fighting Irish,-110,-40.0,20261010061359476901
NCAAF,americanfootball_ncaaf,496f20b5a45e727fdc2d07915ab0f865,2026-10-10T19:30:00Z,Notre Dame Fighting Irish,Stanford Cardinal,betus,BetUS,2026-10-10T06:13:55Z,spreads,2026-10-10T06:13:55Z,Stanford Cardinal,-110,40.0,20261010061359476901
NCAAF,americanfootball_ncaaf,496f20b5a45e727fdc2d07915ab0f865,2026-10-10T19:30:00Z,Notre Dame Fighting Irish,Stanford Cardinal,betus,BetUS,2026-10-10T06:13:55Z,totals,2026-10-10T06:13:55Z,Over,-110,54.5,20261010061359476901
NCAAF,americanfootball_ncaaf,496f20b5a45e727fdc2d07915ab0f865,2026-10-10T19:30:00Z,Notre Dame Fighting Irish,Stanford Cardinal,betus,BetUS,2026-10-10T06:13:55Z,totals,2026-10-10T06:13:55Z,Under,-110,54.5,20261010061359476901
NCAAF,americanfootball_ncaaf,496f20b5a45e727fdc2d07915ab0f865,2026-10-10T19:30:00Z,Notre Dame Fighting Irish,Stanford Cardinal,bovada,Bovada,2026-10-10T06:12:36Z,spreads,2026-10-10T06:12:35Z,Notre Dame Fighting Irish,-105,-39.5,20261010061359476901
NCAAF,americanfootball_ncaaf,496f20b5a45e727fdc2d07915ab0f865,2026-10-10T19:30:00Z,Notre Dame Fighting Irish,Stanford Cardinal,bovada,Bovada,2026-10-10T06:12:36Z,spreads,2026-10-10T06:12:35Z,Stanford Cardinal,-115,39.5,20261010061359476901
NCAAF,americanfootball_ncaaf,496f20b5a45e727fdc2d07915ab0f865,2026-10-10T19:30:00Z,Notre Dame Fighting Irish,Stanford Cardinal,bovada,Bovada,2026-10-10T06:12:36Z,totals,2026-10-10T06:12:35Z,Over,-110,54.5,20261010061359476901
NCAAF,americanfootball_ncaaf,496f20b5a45e727fdc2d07915ab0f865,2026-10-10T19:30:00Z,Notre Dame Fighting Irish,Stanford Cardinal,bovada,Bovada,2026-10-10T06:12:36Z,totals,2026-10-10T06:12:35Z,Under,-110,54.5,20261010061359476901
NCAAF,americanfootball_ncaaf,82b83ec87fc2be5faa2e9f26ac50edef,2026-10-10T19:30:00Z,Oklahoma Sooners,Texas Longhorns,fanduel,FanDuel,2026-10-10T06:13:39Z,h2h,2026-10-10T06:13:39Z,Oklahoma Sooners,260,,20261010061359476901
NCAAF,americanfootball_ncaaf,82b83ec87fc2be5faa2e9f26ac50edef,2026-10-10T19:30:00Z,Oklahoma Sooners,Texas Longhorns,fanduel,FanDuel,2026-10-10T06:13:39Z,h2h,2026-10-10T06:13:39Z,Texas Longhorns,-330,,20261010061359476901
NCAAF,americanfootball_ncaaf,82b83ec87fc2be5faa2e9f26ac50edef,2026-10-10T19:30:00Z,Oklahoma Sooners,Texas Longhorns,fanduel,FanDuel,2026-10-10T06:13:39Z,spreads,2026-10-10T06:13:39Z,Oklahoma Sooners,-115,7.5,20261010061359476901
NCAAF,americanfootball_ncaaf,82b83ec87fc2be5faa2e9f26ac50edef,2026-10-10T19:30:00Z,Oklahoma Sooners,Texas Longhorns,fanduel,FanDuel,2026-10-10T06:13:39Z,spreads,2026-10-10T06:13:39Z,Texas Longhorns,-105,-7.5,20261010061359476901
NCAAF,americanfootball_ncaaf,82b83ec87fc2be5faa2e9f26ac50edef,2026-10-10T19:30:00Z,Oklahoma Sooners,Texas Longhorns,fanduel,FanDuel,2026-10-10T06:13:39Z,totals,2026-10-10T06:13:39Z,Over,-110,39.5,20261010061359476901
NCAAF,americanfootball_ncaaf,82b83ec87fc2be5faa2e9f26ac50edef,2026-10-10T19:30:00Z,Oklahoma Sooners,Texas Longhorns,fanduel,FanDuel,2026-10-10T06:13:39Z,totals,2026-10-10T06:13:39Z,Under,-110,39.5,20261010061359476901
NCAAF,americanfootball_ncaaf,82b83ec87fc2be5faa2e9f26ac50edef,2026-10-10T19:30:00Z,Oklahoma Sooners,Texas Longhorns,betmgm,BetMGM,2026-10-10T06:13:39Z,h2h,2026-10-10T06:13:39Z,Oklahoma Sooners,260,,20261010061359476901
NCAAF,americanfootball_ncaaf,82b83ec87fc2be5faa2e9f26ac50edef,2026-10-10T19:30:00Z,Oklahoma Sooners,Texas Longhorns,betmgm,BetMGM,2026-10-10T06:13:39Z,h2h,2026-10-10T06:13:39Z,Texas Longhorns,-325,,20261010061359476901
NCAAF,americanfootball_ncaaf,82b83ec87fc2be5faa2e9f26ac50edef,2026-10-10T19:30:00Z,Oklahoma Sooners,Texas Longhorns,betmgm,BetMGM,2026-10-10T06:13:39Z,spreads,2026-10-10T06:13:39Z,Oklahoma Sooners,-115,7.5,20261010061359476901
NCAAF,americanfootball_ncaaf,82b83ec87fc2be5faa2e9f26ac50edef,2026-10-10T19:30:00Z,Oklahoma Sooners,Texas Longhorns,betmgm,BetMGM,2026-10-10T06:13:39Z,spreads,2026-10-10T06:13:39Z,Texas Longhorns,-105,-7.5,20261010061359476901
NCAAF,americanfootball_ncaaf,82b83ec87fc2be5faa2e9f26ac50edef,2026-10-10T19:30:00Z,Oklahoma Sooners,Texas Longhorns,betmgm,BetMGM,2026-10-10T06:13:39Z,totals,2026-10-10T06:13:39Z,Over,-105,39.5,20261010061359476901
NCAAF,americanfootball_ncaaf,82b83ec87fc2be5faa2e9f26ac50edef,2026-10-10T19:30:00Z,Oklahoma Sooners,Texas Longhorns,betmgm,BetMGM,2026-10-10T06:13:39Z,totals,2026-10-10T06:13:39Z,Under,-115,39.5,20261010061359476901
NCAAF,americanfootball_ncaaf,82b83ec87fc2be5faa2e9f26ac50edef,2026-10-10T19:30:00Z,Oklahoma Sooners,Texas Longhorns,draftkings,DraftKings,2026-10-10T06:13:23Z,h2h,2026-10-10T06:13:22Z,Oklahoma Sooners,250,,20261010061359476901
NCAAF,americanfootball_ncaaf,82b83ec87fc2be5faa2e9f26ac50edef,2026-10-10T19:30:00Z,Oklahoma Sooners,Texas Longhorns,draftkings,DraftKings,2026-10-10T06:13:23Z,h2h,2026-10-10T06:13:22Z,Texas Longhorns,-310,,20261010061359476901
NCAAF,americanfootball_ncaaf,82b83ec87fc2be5faa2e9f26ac50edef,2026-10-10T19:30:00Z,Oklahoma Sooners,Texas Longhorns,draftkings,DraftKings,2026-10-10T06:13:23Z,spreads,2026-10-10T06:13:22Z,Oklahoma Sooners,-115,7.5,20261010061359476901
NCAAF,americanfootball_ncaaf,82b83ec87fc2be5faa2e9f26ac50edef,2026-10-10T19:30:00Z,Oklahoma Sooners,Texas Longhorns,draftkings,DraftKings,2026-10-10T06:13:23Z,spreads,2026-10-10T06:13:22Z,Texas Longhorns,-105,-7.5,20261010061359476901
NCAAF,americanfootball_ncaaf,82b83ec87fc2be5faa2e9f26ac50edef,2026-10-10T19:30:00Z,Oklahoma Sooners,Texas Longhorns,draftkings,DraftKings,2026-10-10T06:13:23Z,totals,2026-10-10T06:13:22Z,Over,-105,39.5,20261010061359476901
NCAAF,americanfootball_ncaaf,82b83ec87fc2be5faa2e9f26ac50edef,2026-10-10T19:30:00Z,Oklahoma Sooners,Texas Longhorns,draftkings,DraftKings,2026-10-10T06:13:23Z,totals,2026-10-10T06:13:22Z,Under,-115,39.5,20261010061359476901
NCAAF,americanfootball_ncaaf,82b83ec87fc2be5faa2e9f26ac50edef,2026-10-10T19:30:00Z,Oklahoma Sooners,Texas Longhorns,betrivers,BetRivers,2026-10-10T06:13:23Z,h2h,2026-10-10T06:13:23Z,Oklahoma Sooners,240,,20261010061359476901
NCAAF,americanfootball_ncaaf,82b83ec87fc2be5faa2e9f26ac50edef,2026-10-10T19:30:00Z,Oklahoma Sooners,Texas Longhorns,betrivers,BetRivers,2026-10-10T06:13:23Z,h2h,2026-10-10T06:13:23Z,Texas Longhorns,-335,,20261010061359476901
NCAAF,americanfootball_ncaaf,82b83ec87fc2be5faa2e9f26ac50edef,2026-10-10T19:30:00Z,Oklahoma Sooners,Texas Longhorns,betrivers,BetRivers,2026-10-10T06:13:23Z,spreads,2026-10-10T06:13:23Z,Oklahoma Sooners,-112,7.5,20261010061359476901
NCAAF,americanfootball_ncaaf,82b83ec87fc2be5faa2e9f26ac50edef,2026-10-10T19:30:00Z,Oklahoma Sooners,Texas Longhorns,betrivers,BetRivers,2026-10-10T06:13:23Z,spreads,2026-10-10T06:13:23Z,Texas Longhorns,-112,-7.5,20261010061359476901
NCAAF,americanfootball_ncaaf,82b83ec87fc2be5faa2e9f26ac50edef,2026-10-10T19:30:00Z,Oklahoma Sooners,Texas Longhorns,betrivers,BetRivers,2026-10-10T06:13:23Z,totals,2026-10-10T06:13:23Z,Over,-112,39.0,20261010061359476901
NCAAF,americanfootball_ncaaf,82b83ec87fc2be5faa2e9f26ac50edef,2026-10-10T19:30:00Z,Oklahoma Sooners,Texas Longhorns,betrivers,BetRivers,2026-10-10T06:13:23Z,totals,2026-10-10T06:13:23Z,Under,-112,39.0,20261010061359476901
NCAAF,americanfootball_ncaaf,82b83ec87fc2be5faa2e9f26ac50edef,2026-10-10T19:30:00Z,Oklahoma Sooners,Texas Longhorns,mybookieag,MyBookie.ag,2026-10-10T06:13:29Z,h2h,2026-10-10T06:13:28Z,Oklahoma Sooners,261,,20261010061359476901
NCAAF,americanfootball_ncaaf,82b83ec87fc2be5faa2e9f26ac50edef,2026-10-10T19:30:00Z,Oklahoma Sooners,Texas Longhorns,mybookieag,MyBookie.ag,2026-10-10T06:13:29Z,h2h,2026-10-10T06:13:28Z,Texas Longhorns,-342,,20261010061359476901
NCAAF,americanfootball_ncaaf,82b83ec87fc2be5faa2e9f26ac50edef,2026-10-10T19:30:00Z,Oklahoma Sooners,Texas Longhorns,mybookieag,MyBookie.ag,2026-10-10T06:13:29Z,spreads,2026-10-10T06:13:28Z,Oklahoma Sooners,-110,7.5,20261010061359476901
NCAAF,americanfootball_ncaaf,82b83ec87fc2be5faa2e9f26ac50edef,2026-10-10T19:30:00Z,Oklahoma Sooners,Texas Longhorns,mybookieag,MyBookie.ag,2026-10-10T06:13:29Z,spreads,2026-10-10T06:13:28Z,Texas Longhorns,-110,-7.5,20261010061359476901
NCAAF,americanfootball_ncaaf,82b83ec87fc2be5faa2e9f26ac50edef,2026-10-10T19:30:00Z,Oklahoma Sooners,Texas Longhorns,mybookieag,MyBookie.ag,2026-10-10T06:13:29Z,totals,2026-10-10T06:13:28Z,Over,-110,39.5,20261010061359476901
NCAAF,americanfootball_ncaaf,82b83ec87fc2be5faa2e9f26ac50edef,2026-10-10T19:30:00Z,Oklahoma Sooners,Texas Longhorns,mybookieag,MyBookie.ag,2026-10-10T06:13:29Z,totals,2026-10-10T06:13:28Z,Under,-110,39.5,20261010061359476901
NCAAF,americanfootball_ncaaf,82b83ec87fc2be5faa2e9f26ac50edef,2026-10-10T19:30:00Z,Oklahoma Sooners,Texas Longhorns,betonlineag,BetOnline.ag,2026-10-10T06:13:21Z,h2h,2026-10-10T06:13:21Z,Oklahoma Sooners,245,,20261010061359476901
NCAAF,americanfootball_ncaaf,82b83ec87fc2be5faa2e9f26ac50edef,2026-10-10T19:30:00Z,Oklahoma Sooners,Texas Longhorns,betonlineag,BetOnline.ag,2026-10-10T06:13:21Z,h2h,2026-10-10T06:13:21Z,Texas Longhorns,-300,,20261010061359476901
NCAAF,americanfootball_ncaaf,82b83ec87fc2be5faa2e9f26ac50edef,2026-10-10T19:30:00Z,Oklahoma Sooners,Texas Longhorns,betonlineag,BetOnline.ag,2026-10-10T06:13:21Z,spreads,2026-10-10T06:13:21Z,Oklahoma Sooners,105,7.0,20261010061359476901
NCAAF,americanfootball_ncaaf,82b83ec87fc2be5faa2e9f26ac50edef,2026-10-10T19:30:00Z,Oklahoma Sooners,Texas Longhorns,betonlineag,BetOnline.ag,2026-10-10T06:13:21Z,spreads,2026-10-10T06:13:21Z,Texas Longhorns,-125,-7.0,20261010061359476901
NCAAF,americanfootball_ncaaf,82b83ec87fc2be5faa2e9f26ac50edef,2026-10-10T19:30:00Z,Oklahoma Sooners,Texas Longhorns,betonlineag,BetOnline.ag,2026-10-10T06:13:21Z,totals,2026-10-10T06:13:21Z,Over,-110,39.5,20261010061359476901
NCAAF,americanfootball_ncaaf,82b83ec87fc2be5faa2e9f26ac50edef,2026-10-10T19:30:00Z,Oklahoma Sooners,Texas Longhorns,betonlineag,BetOnline.ag,2026-10-10T06:13:21Z,totals,2026-10-10T06:13:21Z,Under,-110,39.5,20261010061359476901
NCAAF,americanfootball_ncaaf,82b83ec87fc2be5faa2e9f26ac50edef,2026-10-10T19:30:00Z,Oklahoma Sooners,Texas Longhorns,lowvig,LowVig.ag,2026-10-10T06:13:39Z,h2h,2026-10-10T06:13:39Z,Oklahoma Sooners,245,,20261010061359476901
NCAAF,americanfootball_ncaaf,82b83ec87fc2be5faa2e9f26ac50edef,2026-10-10T19:30:00Z,Oklahoma Sooners,Texas Longhorns,lowvig,LowVig.ag,2026-10-10T06:13:39Z,h2h,2026-10-10T06:13:39Z,Texas Longhorns,-300,,20261010061359476901
NCAAF,americanfootball_ncaaf,82b83ec87fc2be5faa2e9f26ac50edef,2026-10-10T19:30:00Z,Oklahoma Sooners,Texas Longhorns,lowvig,LowVig.ag,2026-10-10T06:13:39Z,spreads,2026-10-10T06:13:39Z,Oklahoma Sooners,109,7.0,20261010061359476901
NCAAF,americanfootball_ncaaf,82b83ec87fc2be5faa2e9f26ac50edef,2026-10-10T19:30:00Z,Oklahoma Sooners,Texas Longhorns,lowvig,LowVig.ag,2026-10-10T06:13:39Z,spreads,2026-10-10T06:13:39Z,Texas Longhorns,-122,-7.0,20261010061359476901
NCAAF,americanfootball_ncaaf,82b83ec87fc2be5faa2e9f26ac50edef,2026-10-10T19:30:00Z,Oklahoma Sooners,Texas Longhorns,lowvig,LowVig.ag,2026-10-10T06:13:39Z,totals,2026-10-10T06:13:39Z,Over,-108,39.5,20261010061359476901
NCAAF,americanfootball_ncaaf,82b83ec87fc2be5faa2e9f26ac50edef,2026-10-10T19:30:00Z,Oklahoma Sooners,Texas Longhorns,lowvig,LowVig.ag,2026-10-10T06:13:39Z,totals,2026-10-10T06:13:39Z,Under,-108,39.5,20261010061359476901
NCAAF,americanfootball_ncaaf,82b83ec87fc2be5faa2e9f26ac50edef,2026-10-10T19:30:00Z,Oklahoma Sooners,Texas Longhorns,betus,BetUS,2026-10-10T06:13:55Z,h2h,2026-10-10T06:13:55Z,Oklahoma Sooners,250,,20261010061359476901
NCAAF,americanfootball_ncaaf,82b83ec87fc2be5faa2e9f26ac50edef,2026-10-10T19:30:00Z,Oklahoma Sooners,Texas Longhorns,betus,BetUS,2026-10-10T06:13:55Z,h2h,2026-10-10T06:13:55Z,Texas Longhorns,-300,,20261010061359476901
NCAAF,americanfootball_ncaaf,82b83ec87fc2be5faa2e9f26ac50edef,2026-10-10T19:30:00Z,Oklahoma Sooners,Texas Longhorns,betus,BetUS,2026-10-10T06:13:55Z,spreads,2026-10-10T06:13:55Z,Oklahoma Sooners,105,7.0,20261010061359476901
NCAAF,americanfootball_ncaaf,82b83ec87fc2be5faa2e9f26ac50edef,2026-10-10T19:30:00Z,Oklahoma Sooners,Texas Longhorns,betus,BetUS,2026-10-10T06:13:55Z,spreads,2026-10-10T06:13:55Z,Texas Longhorns,-125,-7.0,20261010061359476901
NCAAF,americanfootball_ncaaf,82b83ec87fc2be5faa2e9f26ac50edef,2026-10-10T19:30:00Z,Oklahoma Sooners,Texas Longhorns,betus,BetUS,2026-10-10T06:13:55Z,totals,2026-10-10T06:13:55Z,Over,-110,39.5,20261010061359476901
NCAAF,americanfootball_ncaaf,82b83ec87fc2be5faa2e9f26ac50edef,2026-10-10T19:30:00Z,Oklahoma Sooners,Texas Longhorns,betus,BetUS,2026-10-10T06:13:55Z,totals,2026-10-10T06:13:55Z,Under,-110,39.5,20261010061359476901
NCAAF,americanfootball_ncaaf,82b83ec87fc2be5faa2e9f26ac50edef,2026-10-10T19:30:00Z,Oklahoma Sooners,Texas Longhorns,bovada,Bovada,2026-10-10T06:12:36Z,h2h,2026-10-10T06:12:35Z,Oklahoma Sooners,260,,20261010061359476901
NCAAF,americanfootball_ncaaf,82b83ec87fc2be5faa2e9f26ac50edef,2026-10-10T19:30:00Z,Oklahoma Sooners,Texas Longhorns,bovada,Bovada,2026-10-10T06:12:36Z,h2h,2026-10-10T06:12:35Z,Texas Longhorns,-320,,20261010061359476901
NCAAF,americanfootball_ncaaf,82b83ec87fc2be5faa2e9f26ac50edef,2026-10-10T19:30:00Z,Oklahoma Sooners,Texas Longhorns,bovada,Bovada,2026-10-10T06:12:36Z,spreads,2026-10-10T06:12:35Z,Oklahoma Sooners,-115,7.5,20261010061359476901
NCAAF,americanfootball_ncaaf,82b83ec87fc2be5faa2e9f26ac50edef,2026-10-10T19:30:00Z,Oklahoma Sooners,Texas Longhorns,bovada,Bovada,2026-10-10T06:12:36Z,spreads,2026-10-10T06:12:35Z,Texas Longhorns,-105,-7.5,20261010061359476901
NCAAF,americanfootball_ncaaf,82b83ec87fc2be5faa2e9f26ac50edef,2026-10-10T19:30:00Z,Oklahoma Sooners,Texas Longhorns,bovada,Bovada,2026-10-10T06:12:36Z,totals,2026-10-10T06:12:35Z,Over,-110,39.5,20261010061359476901
NCAAF,americanfootball_ncaaf,82b83ec87fc2be5faa2e9f26ac50edef,2026-10-10T19:30:00Z,Oklahoma Sooners,Texas Longhorns,bovada,Bovada,2026-10-10T06:12:36Z,totals,2026-10-10T06:12:35Z,Under,-110,39.5,20261010061359476901
NCAAF,americanfootball_ncaaf,d9b77825d169fdd683f8efa7c1948a8e,2026-10-10T19:30:00Z,Vanderbilt Commodores,Ole Miss Rebels,fanduel,FanDuel,2026-10-10T06:13:39Z,h2h,2026-10-10T06:13:39Z,Ole Miss Rebels,-365,,20261010061359476901
NCAAF,americanfootball_ncaaf,d9b77825d169fdd683f8efa7c1948a8e,2026-10-10T19:30:00Z,Vanderbilt Commodores,Ole Miss Rebels,fanduel,FanDuel,2026-10-10T06:13:39Z,h2h,2026-10-10T06:13:39Z,Vanderbilt Commodores,285,,20261010061359476901
NCAAF,americanfootball_ncaaf,d9b77825d169fdd683f8efa7c1948a8e,2026-10-10T19:30:00Z,Vanderbilt Commodores,Ole Miss Rebels,fanduel,FanDuel,2026-10-10T06:13:39Z,spreads,2026-10-10T06:13:39Z,Ole Miss Rebels,-115,-9.5,20261010061359476901
NCAAF,americanfootball_ncaaf,d9b77825d169fdd683f8efa7c1948a8e,2026-10-10T19:30:00Z,Vanderbilt Commodores,Ole Miss Rebels,fanduel,FanDuel,2026-10-10T06:13:39Z,spreads,2026-10-10T06:13:39Z,Vanderbilt Commodores,-105,9.5,20261010061359476901
NCAAF,americanfootball_ncaaf,d9b77825d169fdd683f8efa7c1948a8e,2026-10-10T19:30:00Z,Vanderbilt Commodores,Ole Miss Rebels,fanduel,FanDuel,2026-10-10T06:13:39Z,totals,2026-10-10T06:13:39Z,Over,-114,54.5,20261010061359476901
NCAAF,americanfootball_ncaaf,d9b77825d169fdd683f8efa7c1948a8e,2026-10-10T19:30:00Z,Vanderbilt Commodores,Ole Miss Rebels,fanduel,FanDuel,2026-10-10T06:13:39Z,totals,2026-10-10T06:13:39Z,Under,-106,54.5,20261010061359476901
NCAAF,americanfootball_ncaaf,d9b77825d169fdd683f8efa7c1948a8e,2026-10-10T19:30:00Z,Vanderbilt Commodores,Ole Miss Rebels,draftkings,DraftKings,2026-10-10T06:13:23Z,h2h,2026-10-10T06:13:22Z,Ole Miss Rebels,-355,,20261010061359476901
NCAAF,americanfootball_ncaaf,d9b77825d169fdd683f8efa7c1948a8e,2026-10-10T19:30:00Z,Vanderbilt Commodores,Ole Miss Rebels,draftkings,DraftKings,2026-10-10T06:13:23Z,h2h,2026-10-10T06:13:22Z,Vanderbilt Commodores,280,,20261010061359476901
NCAAF,americanfootball_ncaaf,d9b77825d169fdd683f8efa7c1948a8e,2026-10-10T19:30:00Z,Vanderbilt Commodores,Ole Miss Rebels,draftkings,DraftKings,2026-10-10T06:13:23Z,spreads,2026-10-10T06:13:22Z,Ole Miss Rebels,-112,-9.5,20261010061359476901
NCAAF,americanfootball_ncaaf,d9b77825d169fdd683f8efa7c1948a8e,2026-10-10T19:30:00Z,Vanderbilt Commodores,Ole Miss Rebels,draftkings,DraftKings,2026-10-10T06:13:23Z,spreads,2026-10-10T06:13:22Z,Vanderbilt Commodores,-108,9.5,20261010061359476901
NCAAF,americanfootball_ncaaf,d9b77825d169fdd683f8efa7c1948a8e,2026-10-10T19:30:00Z,Vanderbilt Commodores,Ole Miss Rebels,draftkings,DraftKings,2026-10-10T06:13:23Z,totals,2026-10-10T06:13:22Z,Over,-108,54.5,20261010061359476901
NCAAF,americanfootball_ncaaf,d9b77825d169fdd683f8efa7c1948a8e,2026-10-10T19:30:00Z,Vanderbilt Commodores,Ole Miss Rebels,draftkings,DraftKings,2026-10-10T06:13:23Z,totals,2026-10-10T06:13:22Z,Under,-112,54.5,20261010061359476901
NCAAF,americanfootball_ncaaf,d9b77825d169fdd683f8efa7c1948a8e,2026-10-10T19:30:00Z,Vanderbilt Commodores,Ole Miss Rebels,betrivers,BetRivers,2026-10-10T06:13:23Z,h2h,2026-10-10T06:13:23Z,Ole Miss Rebels,-420,,20261010061359476901
NCAAF,americanfootball_ncaaf,d9b77825d169fdd683f8efa7c1948a8e,2026-10-10T19:30:00Z,Vanderbilt Commodores,Ole Miss Rebels,betrivers,BetRivers,2026-10-10T06:13:23Z,h2h,2026-10-10T06:13:23Z,Vanderbilt Commodores,300,,20261010061359476901
NCAAF,americanfootball_ncaaf,d9b77825d169fdd683f8efa7c1948a8e,2026-10-10T19:30:00Z,Vanderbilt Commodores,Ole Miss Rebels,betrivers,BetRivers,2026-10-10T06:13:23Z,spreads,2026-10-10T06:13:23Z,Ole Miss Rebels,-114,-9.5,20261010061359476901
NCAAF,americanfootball_ncaaf,d9b77825d169fdd683f8efa7c1948a8e,2026-10-10T19:30:00Z,Vanderbilt Commodores,Ole Miss Rebels,betrivers,BetRivers,2026-10-10T06:13:23Z,spreads,2026-10-10T06:13:23Z,Vanderbilt Commodores,-109,9.5,20261010061359476901
NCAAF,americanfootball_ncaaf,d9b77825d169fdd683f8efa7c1948a8e,2026-10-10T19:30:00Z,Vanderbilt Commodores,Ole Miss Rebels,betrivers,BetRivers,2026-10-10T06:13:23Z,totals,2026-10-10T06:13:23Z,Over,-109,55.0,20261010061359476901
NCAAF,americanfootball_ncaaf,d9b77825d169fdd683f8efa7c1948a8e,2026-10-10T19:30:00Z,Vanderbilt Commodores,Ole Miss Rebels,betrivers,BetRivers,2026-10-10T06:13:23Z,totals,2026-10-10T06:13:23Z,Under,-114,55.0,20261010061359476901
NCAAF,americanfootball_ncaaf,d9b77825d169fdd683f8efa7c1948a8e,2026-10-10T19:30:00Z,Vanderbilt Commodores,Ole Miss Rebels,betonlineag,BetOnline.ag,2026-10-10T06:13:21Z,h2h,2026-10-10T06:13:21Z,Ole Miss Rebels,-350,,20261010061359476901
NCAAF,americanfootball_ncaaf,d9b77825d169fdd683f8efa7c1948a8e,2026-10-10T19:30:00Z,Vanderbilt Commodores,Ole Miss Rebels,betonlineag,BetOnline.ag,2026-10-10T06:13:21Z,h2h,2026-10-10T06:13:21Z,Vanderbilt Commodores,280,,20261010061359476901
NCAAF,americanfootball_ncaaf,d9b77825d169fdd683f8efa7c1948a8e,2026-10-10T19:30:00Z,Vanderbilt Commodores,Ole Miss Rebels,betonlineag,BetOnline.ag,2026-10-10T06:13:21Z,spreads,2026-10-10T06:13:21Z,Ole Miss Rebels,-108,-9.5,20261010061359476901
NCAAF,americanfootball_ncaaf,d9b77825d169fdd683f8efa7c1948a8e,2026-10-10T19:30:00Z,Vanderbilt Commodores,Ole Miss Rebels,betonlineag,BetOnline.ag,2026-10-10T06:13:21Z,spreads,2026-10-10T06:13:21Z,Vanderbilt Commodores,-112,9.5,20261010061359476901
NCAAF,americanfootball_ncaaf,d9b77825d169fdd683f8efa7c1948a8e,2026-10-10T19:30:00Z,Vanderbilt Commodores,Ole Miss Rebels,betonlineag,BetOnline.ag,2026-10-10T06:13:21Z,totals,2026-10-10T06:13:21Z,Over,-105,54.0,20261010061359476901
NCAAF,americanfootball_ncaaf,d9b77825d169fdd683f8efa7c1948a8e,2026-10-10T19:30:00Z,Vanderbilt Commodores,Ole Miss Rebels,betonlineag,BetOnline.ag,2026-10-10T06:13:21Z,totals,2026-10-10T06:13:21Z,Under,-115,54.0,20261010061359476901
NCAAF,americanfootball_ncaaf,d9b77825d169fdd683f8efa7c1948a8e,2026-10-10T19:30:00Z,Vanderbilt Commodores,Ole Miss Rebels,betmgm,BetMGM,2026-10-10T06:13:39Z,h2h,2026-10-10T06:13:39Z,Ole Miss Rebels,-325,,20261010061359476901
NCAAF,americanfootball_ncaaf,d9b77825d169fdd683f8efa7c1948a8e,2026-10-10T19:30:00Z,Vanderbilt Commodores,Ole Miss Rebels,betmgm,BetMGM,2026-10-10T06:13:39Z,h2h,2026-10-10T06:13:39Z,Vanderbilt Commodores,260,,20261010061359476901
NCAAF,americanfootball_ncaaf,d9b77825d169fdd683f8efa7c1948a8e,2026-10-10T19:30:00Z,Vanderbilt Commodores,Ole Miss Rebels,betmgm,BetMGM,2026-10-10T06:13:39Z,spreads,2026-10-10T06:13:39Z,Ole Miss Rebels,-110,-9.5,20261010061359476901
NCAAF,americanfootball_ncaaf,d9b77825d169fdd683f8efa7c1948a8e,2026-10-10T19:30:00Z,Vanderbilt Commodores,Ole Miss Rebels,betmgm,BetMGM,2026-10-10T06:13:39Z,spreads,2026-10-10T06:13:39Z,Vanderbilt Commodores,-110,9.5,20261010061359476901
NCAAF,americanfootball_ncaaf,d9b77825d169fdd683f8efa7c1948a8e,2026-10-10T19:30:00Z,Vanderbilt Commodores,Ole Miss Rebels,betmgm,BetMGM,2026-10-10T06:13:39Z,totals,2026-10-10T06:13:39Z,Over,-110,54.5,20261010061359476901
NCAAF,americanfootball_ncaaf,d9b77825d169fdd683f8efa7c1948a8e,2026-10-10T19:30:00Z,Vanderbilt Commodores,Ole Miss Rebels,betmgm,BetMGM,2026-10-10T06:13:39Z,totals,2026-10-10T06:13:39Z,Under,-110,54.5,20261010061359476901
NCAAF,americanfootball_ncaaf,d9b77825d169fdd683f8efa7c1948a8e,2026-10-10T19:30:00Z,Vanderbilt Commodores,Ole Miss Rebels,mybookieag,MyBookie.ag,2026-10-10T06:13:29Z,h2h,2026-10-10T06:13:28Z,Ole Miss Rebels,-360,,20261010061359476901
NCAAF,americanfootball_ncaaf,d9b77825d169fdd683f8efa7c1948a8e,2026-10-10T19:30:00Z,Vanderbilt Commodores,Ole Miss Rebels,mybookieag,MyBookie.ag,2026-10-10T06:13:29Z,h2h,2026-10-10T06:13:28Z,Vanderbilt Commodores,275,,20261010061359476901
NCAAF,americanfootball_ncaaf,d9b77825d169fdd683f8efa7c1948a8e,2026-10-10T19:30:00Z,Vanderbilt Commodores,Ole Miss Rebels,mybookieag,MyBookie.ag,2026-10-10T06:13:29Z,spreads,2026-10-10T06:13:28Z,Ole Miss Rebels,-110,-9.5,20261010061359476901
NCAAF,americanfootball_ncaaf,d9b77825d169fdd683f8efa7c1948a8e,2026-10-10T19:30:00Z,Vanderbilt Commodores,Ole Miss Rebels,mybookieag,MyBookie.ag,2026-10-10T06:13:29Z,spreads,2026-10-10T06:13:28Z,Vanderbilt Commodores,-110,9.5,20261010061359476901
NCAAF,americanfootball_ncaaf,d9b77825d169fdd683f8efa7c1948a8e,2026-10-10T19:30:00Z,Vanderbilt Commodores,Ole Miss Rebels,mybookieag,MyBookie.ag,2026-10-10T06:13:29Z,totals,2026-10-10T06:13:28Z,Over,-110,54.5,20261010061359476901
NCAAF,americanfootball_ncaaf,d9b77825d169fdd683f8efa7c1948a8e,2026-10-10T19:30:00Z,Vanderbilt Commodores,Ole Miss Rebels,mybookieag,MyBookie.ag,2026-10-10T06:13:29Z,totals,2026-10-10T06:13:28Z,Under,-110,54.5,20261010061359476901
NCAAF,americanfootball_ncaaf,d9b77825d169fdd683f8efa7c1948a8e,2026-10-10T19:30:00Z,Vanderbilt Commodores,Ole Miss Rebels,betus,BetUS,2026-10-10T06:13:55Z,h2h,2026-10-10T06:13:55Z,Ole Miss Rebels,-350,,20261010061359476901
NCAAF,americanfootball_ncaaf,d9b77825d169fdd683f8efa7c1948a8e,2026-10-10T19:30:00Z,Vanderbilt Commodores,Ole Miss Rebels,betus,BetUS,2026-10-10T06:13:55Z,h2h,2026-10-10T06:13:55Z,Vanderbilt Commodores,280,,20261010061359476901
NCAAF,americanfootball_ncaaf,d9b77825d169fdd683f8efa7c1948a8e,2026-10-10T19:30:00Z,Vanderbilt Commodores,Ole Miss Rebels,betus,BetUS,2026-10-10T06:13:55Z,spreads,2026-10-10T06:13:55Z,Ole Miss Rebels,-110,-9.5,20261010061359476901
NCAAF,americanfootball_ncaaf,d9b77825d169fdd683f8efa7c1948a8e,2026-10-10T19:30:00Z,Vanderbilt Commodores,Ole Miss Rebels,betus,BetUS,2026-10-10T06:13:55Z,spreads,2026-10-10T06:13:55Z,Vanderbilt Commodores,-110,9.5,20261010061359476901
NCAAF,americanfootball_ncaaf,d9b77825d169fdd683f8efa7c1948a8e,2026-10-10T19:30:00Z,Vanderbilt Commodores,Ole Miss Rebels,betus,BetUS,2026-10-10T06:13:55Z,totals,2026-10-10T06:13:55Z,Over,-105,54.0,20261010061359476901
NCAAF,americanfootball_ncaaf,d9b77825d169fdd683f8efa7c1948a8e,2026-10-10T19:30:00Z,Vanderbilt Commodores,Ole Miss Rebels,betus,BetUS,2026-10-10T06:13:55Z,totals,2026-10-10T06:13:55Z,Under,-115,54.0,20261010061359476901
NCAAF,americanfootball_ncaaf,d9b77825d169fdd683f8efa7c1948a8e,2026-10-10T19:30:00Z,Vanderbilt Commodores,Ole Miss Rebels,bovada,Bovada,2026-10-10T06:12:36Z,h2h,2026-10-10T06:12:35Z,Ole Miss Rebels,-370,,20261010061359476901
NCAAF,americanfootball_ncaaf,d9b77825d169fdd683f8efa7c1948a8e,2026-10-10T19:30:00Z,Vanderbilt Commodores,Ole Miss Rebels,bovada,Bovada,2026-10-10T06:12:36Z,h2h,2026-10-10T06:12:35Z,Vanderbilt Commodores,285,,20261010061359476901
NCAAF,americanfootball_ncaaf,d9b77825d169fdd683f8efa7c1948a8e,2026-10-10T19:30:00Z,Vanderbilt Commodores,Ole Miss Rebels,bovada,Bovada,2026-10-10T06:12:36Z,spreads,2026-10-10T06:12:35Z,Ole Miss Rebels,-110,-9.0,20261010061359476901
NCAAF,americanfootball_ncaaf,d9b77825d169fdd683f8efa7c1948a8e,2026-10-10T19:30:00Z,Vanderbilt Commodores,Ole Miss Rebels,bovada,Bovada,2026-10-10T06:12:36Z,spreads,2026-10-10T06:12:35Z,Vanderbilt Commodores,-110,9.0,20261010061359476901
NCAAF,americanfootball_ncaaf,d9b77825d169fdd683f8efa7c1948a8e,2026-10-10T19:30:00Z,Vanderbilt Commodores,Ole Miss Rebels,bovada,Bovada,2026-10-10T06:12:36Z,totals,2026-10-10T06:12:35Z,Over,-110,54.5,20261010061359476901
NCAAF,americanfootball_ncaaf,d9b77825d169fdd683f8efa7c1948a8e,2026-10-10T19:30:00Z,Vanderbilt Commodores,Ole Miss Rebels,bovada,Bovada,2026-10-10T06:12:36Z,totals,2026-10-10T06:12:35Z,Under,-110,54.5,20261010061359476901
NCAAF,americanfootball_ncaaf,3ad908e99942c191b72d855b6f1b508f,2026-10-10T19:30:00Z,Oregon Ducks,UCLA Bruins,fanduel,FanDuel,2026-10-10T06:13:39Z,h2h,2026-10-10T06:13:39Z,Oregon Ducks,-410,,20261010061359476901
NCAAF,americanfootball_ncaaf,3ad908e99942c191b72d855b6f1b508f,2026-10-10T19:30:00Z,Oregon Ducks,UCLA Bruins,fanduel,FanDuel,2026-10-10T06:13:39Z,h2h,2026-10-10T06:13:39Z,UCLA Bruins,315,,20261010061359476901
NCAAF,americanfootball_ncaaf,3ad908e99942c191b72d855b6f1b508f,2026-10-10T19:30:00Z,Oregon Ducks,UCLA Bruins,fanduel,FanDuel,2026-10-10T06:13:39Z,spreads,2026-10-10T06:13:39Z,Oregon Ducks,-108,-10.5,20261010061359476901
NCAAF,americanfootball_ncaaf,3ad908e99942c191b72d855b6f1b508f,2026-10-10T19:30:00Z,Oregon Ducks,UCLA Bruins,fanduel,FanDuel,2026-10-10T06:13:39Z,spreads,2026-10-10T06:13:39Z,UCLA Bruins,-112,10.5,20261010061359476901
NCAAF,americanfootball_ncaaf,3ad908e99942c191b72d855b6f1b508f,2026-10-10T19:30:00Z,Oregon Ducks,UCLA Bruins,fanduel,FanDuel,2026-10-10T06:13:39Z,totals,2026-10-10T06:13:39Z,Over,-115,57.5,20261010061359476901
NCAAF,americanfootball_ncaaf,3ad908e99942c191b72d855b6f1b508f,2026-10-10T19:30:00Z,Oregon Ducks,UCLA Bruins,fanduel,FanDuel,2026-10-10T06:13:39Z,totals,2026-10-10T06:13:39Z,Under,-105,57.5,20261010061359476901
NCAAF,americanfootball_ncaaf,3ad908e99942c191b72d855b6f1b508f,2026-10-10T19:30:00Z,Oregon Ducks,UCLA Bruins,draftkings,DraftKings,2026-10-10T06:13:23Z,h2h,2026-10-10T06:13:22Z,Oregon Ducks,-410,,20261010061359476901
NCAAF,americanfootball_ncaaf,3ad908e99942c191b72d855b6f1b508f,2026-10-10T19:30:00Z,Oregon Ducks,UCLA Bruins,draftkings,DraftKings,2026-10-10T06:13:23Z,h2h,2026-10-10T06:13:22Z,UCLA Bruins,320,,20261010061359476901
NCAAF,americanfootball_ncaaf,3ad908e99942c191b72d855b6f1b508f,2026-10-10T19:30:00Z,Oregon Ducks,UCLA Bruins,draftkings,DraftKings,2026-10-10T06:13:23Z,spreads,2026-10-10T06:13:22Z,Oregon Ducks,-108,-10.5,20261010061359476901
NCAAF,americanfootball_ncaaf,3ad908e99942c191b72d855b6f1b508f,2026-10-10T19:30:00Z,Oregon Ducks,UCLA Bruins,draftkings,DraftKings,2026-10-10T06:13:23Z,spreads,2026-10-10T06:13:22Z,UCLA Bruins,-112,10.5,20261010061359476901
NCAAF,americanfootball_ncaaf,3ad908e99942c191b72d855b6f1b508f,2026-10-10T19:30:00Z,Oregon Ducks,UCLA Bruins,draftkings,DraftKings,2026-10-10T06:13:23Z,totals,2026-10-10T06:13:22Z,Over,-105,58.5,20261010061359476901
NCAAF,americanfootball_ncaaf,3ad908e99942c191b72d855b6f1b508f,2026-10-10T19:30:00Z,Oregon Ducks,UCLA Bruins,draftkings,DraftKings,2026-10-10T06:13:23Z,totals,2026-10-10T06:13:22Z,Under,-115,58.5,20261010061359476901
NCAAF,americanfootball_ncaaf,3ad908e99942c191b72d855b6f1b508f,2026-10-10T19:30:00Z,Oregon Ducks,UCLA Bruins,betrivers,BetRivers,2026-10-10T06:13:23Z,h2h,2026-10-10T06:13:23Z,Oregon Ducks,-435,,20261010061359476901
NCAAF,americanfootball_ncaaf,3ad908e99942c191b72d855b6f1b508f,2026-10-10T19:30:00Z,Oregon Ducks,UCLA Bruins,betrivers,BetRivers,2026-10-10T06:13:23Z,h2h,2026-10-10T06:13:23Z,UCLA Bruins,320,,20261010061359476901
NCAAF,americanfootball_ncaaf,3ad908e99942c191b72d855b6f1b508f,2026-10-10T19:30:00Z,Oregon Ducks,UCLA Bruins,betrivers,BetRivers,2026-10-10T06:13:23Z,spreads,2026-10-10T06:13:23Z,Oregon Ducks,-109,-11.0,20261010061359476901
NCAAF,americanfootball_ncaaf,3ad908e99942c191b72d855b6f1b508f,2026-10-10T19:30:00Z,Oregon Ducks,UCLA Bruins,betrivers,BetRivers,2026-10-10T06:13:23Z,spreads,2026-10-10T06:13:23Z,UCLA Bruins,-114,11.0,20261010061359476901
NCAAF,americanfootball_ncaaf,3ad908e99942c191b72d855b6f1b508f,2026-10-10T19:30:00Z,Oregon Ducks,UCLA Bruins,betrivers,BetRivers,2026-10-10T06:13:23Z,totals,2026-10-10T06:13:23Z,Over,-114,58.0,20261010061359476901
NCAAF,americanfootball_ncaaf,3ad908e99942c191b72d855b6f1b508f,2026-10-10T19:30:00Z,Oregon Ducks,UCLA Bruins,betrivers,BetRivers,2026-10-10T06:13:23Z,totals,2026-10-10T06:13:23Z,Under,-108,58.0,20261010061359476901
NCAAF,americanfootball_ncaaf,3ad908e99942c191b72d855b6f1b508f,2026-10-10T19:30:00Z,Oregon Ducks,UCLA Bruins,mybookieag,MyBookie.ag,2026-10-10T06:13:29Z,h2h,2026-10-10T06:13:28Z,Oregon Ducks,-420,,20261010061359476901
NCAAF,americanfootball_ncaaf,3ad908e99942c191b72d855b6f1b508f,2026-10-10T19:30:00Z,Oregon Ducks,UCLA Bruins,mybookieag,MyBookie.ag,2026-10-10T06:13:29Z,h2h,2026-10-10T06:13:28Z,UCLA Bruins,310,,20261010061359476901
NCAAF,americanfootball_ncaaf,3ad908e99942c191b72d855b6f1b508f,2026-10-10T19:30:00Z,Oregon Ducks,UCLA Bruins,mybookieag,MyBookie.ag,2026-10-10T06:13:29Z,spreads,2026-10-10T06:13:28Z,Oregon Ducks,-110,-10.5,20261010061359476901
NCAAF,americanfootball_ncaaf,3ad908e99942c191b72d855b6f1b508f,2026-10-10T19:30:00Z,Oregon Ducks,UCLA Bruins,mybookieag,MyBookie.ag,2026-10-10T06:13:29Z,spreads,2026-10-10T06:13:28Z,UCLA Bruins,-110,10.5,20261010061359476901
NCAAF,americanfootball_ncaaf,3ad908e99942c191b72d855b6f1b508f,2026-10-10T19:30:00Z,Oregon Ducks,UCLA Bruins,mybookieag,MyBookie.ag,2026-10-10T06:13:29Z,totals,2026-10-10T06:13:28Z,Over,-110,58.0,20261010061359476901
NCAAF,americanfootball_ncaaf,3ad908e99942c191b72d855b6f1b508f,2026-10-10T19:30:00Z,Oregon Ducks,UCLA Bruins,mybookieag,MyBookie.ag,2026-10-10T06:13:29Z,totals,2026-10-10T06:13:28Z,Under,-110,58.0,20261010061359476901
NCAAF,americanfootball_ncaaf,3ad908e99942c191b72d855b6f1b508f,2026-10-10T19:30:00Z,Oregon Ducks,UCLA Bruins,betmgm,BetMGM,2026-10-10T06:13:39Z,h2h,2026-10-10T06:13:39Z,Oregon Ducks,-425,,20261010061359476901
NCAAF,americanfootball_ncaaf,3ad908e99942c191b72d855b6f1b508f,2026-10-10T19:30:00Z,Oregon Ducks,UCLA Bruins,betmgm,BetMGM,2026-10-10T06:13:39Z,h2h,2026-10-10T06:13:39Z,UCLA Bruins,320,,20261010061359476901
NCAAF,americanfootball_ncaaf,3ad908e99942c191b72d855b6f1b508f,2026-10-10T19:30:00Z,Oregon Ducks,UCLA Bruins,betmgm,BetMGM,2026-10-10T06:13:39Z,spreads,2026-10-10T06:13:39Z,Oregon Ducks,-105,-10.5,20261010061359476901
NCAAF,americanfootball_ncaaf,3ad908e99942c191b72d855b6f1b508f,2026-10-10T19:30:00Z,Oregon Ducks,UCLA Bruins,betmgm,BetMGM,2026-10-10T06:13:39Z,spreads,2026-10-10T06:13:39Z,UCLA Bruins,-115,10.5,20261010061359476901
NCAAF,americanfootball_ncaaf,3ad908e99942c191b72d855b6f1b508f,2026-10-10T19:30:00Z,Oregon Ducks,UCLA Bruins,betmgm,BetMGM,2026-10-10T06:13:39Z,totals,2026-10-10T06:13:39Z,Over,-105,58.5,20261010061359476901
NCAAF,americanfootball_ncaaf,3ad908e99942c191b72d855b6f1b508f,2026-10-10T19:30:00Z,Oregon Ducks,UCLA Bruins,betmgm,BetMGM,2026-10-10T06:13:39Z,totals,2026-10-10T06:13:39Z,Under,-115,58.5,20261010061359476901
NCAAF,americanfootball_ncaaf,3ad908e99942c191b72d855b6f1b508f,2026-10-10T19:30:00Z,Oregon Ducks,UCLA Bruins,betonlineag,BetOnline.ag,2026-10-10T06:13:21Z,h2h,2026-10-10T06:13:21Z,Oregon Ducks,-410,,20261010061359476901
NCAAF,americanfootball_ncaaf,3ad908e99942c191b72d855b6f1b508f,2026-10-10T19:30:00Z,Oregon Ducks,UCLA Bruins,betonlineag,BetOnline.ag,2026-10-10T06:13:21Z,h2h,2026-10-10T06:13:21Z,UCLA Bruins,324,,20261010061359476901
NCAAF,americanfootball_ncaaf,3ad908e99942c191b72d855b6f1b508f,2026-10-10T19:30:00Z,Oregon Ducks,UCLA Bruins,betonlineag,BetOnline.ag,2026-10-10T06:13:21Z,spreads,2026-10-10T06:13:21Z,Oregon Ducks,-120,-10.0,20261010061359476901
NCAAF,americanfootball_ncaaf,3ad908e99942c191b72d855b6f1b508f,2026-10-10T19:30:00Z,Oregon Ducks,UCLA Bruins,betonlineag,BetOnline.ag,2026-10-10T06:13:21Z,spreads,2026-10-10T06:13:21Z,UCLA Bruins,100,10.0,20261010061359476901
NCAAF,americanfootball_ncaaf,3ad908e99942c191b72d855b6f1b508f,2026-10-10T19:30:00Z,Oregon Ducks,UCLA Bruins,betonlineag,BetOnline.ag,2026-10-10T06:13:21Z,totals,2026-10-10T06:13:21Z,Over,-115,57.5,20261010061359476901
NCAAF,americanfootball_ncaaf,3ad908e99942c191b72d855b6f1b508f,2026-10-10T19:30:00Z,Oregon Ducks,UCLA Bruins,betonlineag,BetOnline.ag,2026-10-10T06:13:21Z,totals,2026-10-10T06:13:21Z,Under,-105,57.5,20261010061359476901
NCAAF,americanfootball_ncaaf,3ad908e99942c191b72d855b6f1b508f,2026-10-10T19:30:00Z,Oregon Ducks,UCLA Bruins,lowvig,LowVig.ag,2026-10-10T06:13:39Z,h2h,2026-10-10T06:13:39Z,Oregon Ducks,-410,,20261010061359476901
NCAAF,americanfootball_ncaaf,3ad908e99942c191b72d855b6f1b508f,2026-10-10T19:30:00Z,Oregon Ducks,UCLA Bruins,lowvig,LowVig.ag,2026-10-10T06:13:39Z,h2h,2026-10-10T06:13:39Z,UCLA Bruins,324,,20261010061359476901
NCAAF,americanfootball_ncaaf,3ad908e99942c191b72d855b6f1b508f,2026-10-10T19:30:00Z,Oregon Ducks,UCLA Bruins,lowvig,LowVig.ag,2026-10-10T06:13:39Z,spreads,2026-10-10T06:13:39Z,Oregon Ducks,-116,-10.0,20261010061359476901
NCAAF,americanfootball_ncaaf,3ad908e99942c191b72d855b6f1b508f,2026-10-10T19:30:00Z,Oregon Ducks,UCLA Bruins,lowvig,LowVig.ag,2026-10-10T06:13:39Z,spreads,2026-10-10T06:13:39Z,UCLA Bruins,104,10.0,20261010061359476901
NCAAF,americanfootball_ncaaf,3ad908e99942c191b72d855b6f1b508f,2026-10-10T19:30:00Z,Oregon Ducks,UCLA Bruins,lowvig,LowVig.ag,2026-10-10T06:13:39Z,totals,2026-10-10T06:13:39Z,Over,-114,57.5,20261010061359476901
NCAAF,americanfootball_ncaaf,3ad908e99942c191b72d855b6f1b508f,2026-10-10T19:30:00Z,Oregon Ducks,UCLA Bruins,lowvig,LowVig.ag,2026-10-10T06:13:39Z,totals,2026-10-10T06:13:39Z,Under,-103,57.5,20261010061359476901
NCAAF,americanfootball_ncaaf,3ad908e99942c191b72d855b6f1b508f,2026-10-10T19:30:00Z,Oregon Ducks,UCLA Bruins,betus,BetUS,2026-10-10T06:13:55Z,h2h,2026-10-10T06:13:55Z,Oregon Ducks,-410,,20261010061359476901
NCAAF,americanfootball_ncaaf,3ad908e99942c191b72d855b6f1b508f,2026-10-10T19:30:00Z,Oregon Ducks,UCLA Bruins,betus,BetUS,2026-10-10T06:13:55Z,h2h,2026-10-10T06:13:55Z,UCLA Bruins,325,,20261010061359476901
NCAAF,americanfootball_ncaaf,3ad908e99942c191b72d855b6f1b508f,2026-10-10T19:30:00Z,Oregon Ducks,UCLA Bruins,betus,BetUS,2026-10-10T06:13:55Z,spreads,2026-10-10T06:13:55Z,Oregon Ducks,-110,-10.0,20261010061359476901
NCAAF,americanfootball_ncaaf,3ad908e99942c191b72d855b6f1b508f,2026-10-10T19:30:00Z,Oregon Ducks,UCLA Bruins,betus,BetUS,2026-10-10T06:13:55Z,spreads,2026-10-10T06:13:55Z,UCLA Bruins,-110,10.0,20261010061359476901
NCAAF,americanfootball_ncaaf,3ad908e99942c191b72d855b6f1b508f,2026-10-10T19:30:00Z,Oregon Ducks,UCLA Bruins,betus,BetUS,2026-10-10T06:13:55Z,totals,2026-10-10T06:13:55Z,Over,-110,58.0,20261010061359476901
NCAAF,americanfootball_ncaaf,3ad908e99942c191b72d855b6f1b508f,2026-10-10T19:30:00Z,Oregon Ducks,UCLA Bruins,betus,BetUS,2026-10-10T06:13:55Z,totals,2026-10-10T06:13:55Z,Under,-110,58.0,20261010061359476901
NCAAF,americanfootball_ncaaf,3ad908e99942c191b72d855b6f1b508f,2026-10-10T19:30:00Z,Oregon Ducks,UCLA Bruins,bovada,Bovada,2026-10-10T06:12:36Z,h2h,2026-10-10T06:12:35Z,Oregon Ducks,-440,,20261010061359476901
NCAAF,americanfootball_ncaaf,3ad908e99942c191b72d855b6f1b508f,2026-10-10T19:30:00Z,Oregon Ducks,UCLA Bruins,bovada,Bovada,2026-10-10T06:12:36Z,h2h,2026-10-10T06:12:35Z,UCLA Bruins,330,,20261010061359476901
NCAAF,americanfootball_ncaaf,3ad908e99942c191b72d855b6f1b508f,2026-10-10T19:30:00Z,Oregon Ducks,UCLA Bruins,bovada,Bovada,2026-10-10T06:12:36Z,spreads,2026-10-10T06:12:35Z,Oregon Ducks,-105,-10.5,20261010061359476901
NCAAF,americanfootball_ncaaf,3ad908e99942c191b72d855b6f1b508f,2026-10-10T19:30:00Z,Oregon Ducks,UCLA Bruins,bovada,Bovada,2026-10-10T06:12:36Z,spreads,2026-10-10T06:12:35Z,UCLA Bruins,-115,10.5,20261010061359476901
NCAAF,americanfootball_ncaaf,3ad908e99942c191b72d855b6f1b508f,2026-10-10T19:30:00Z,Oregon Ducks,UCLA Bruins,bovada,Bovada,2026-10-10T06:12:36Z,totals,2026-10-10T06:12:35Z,Over,-110,58.0,20261010061359476901
NCAAF,americanfootball_ncaaf,3ad908e99942c191b72d855b6f1b508f,2026-10-10T19:30:00Z,Oregon Ducks,UCLA Bruins,bovada,Bovada,2026-10-10T06:12:36Z,totals,2026-10-10T06:12:35Z,Under,-110,58.0,20261010061359476901
NCAAF,americanfootball_ncaaf,80fbdc19285ed9bab284269273562eb9,2026-10-10T19:45:00Z,Temple Owls,UConn Huskies,fanduel,FanDuel,2026-10-10T06:13:39Z,h2h,2026-10-10T06:13:39Z,Temple Owls,-176,,20261010061359476901
NCAAF,americanfootball_ncaaf,80fbdc19285ed9bab284269273562eb9,2026-10-10T19:45:00Z,Temple Owls,UConn Huskies,fanduel,FanDuel,2026-10-10T06:13:39Z,h2h,2026-10-10T06:13:39Z,UConn Huskies,146,,20261010061359476901
NCAAF,americanfootball_ncaaf,80fbdc19285ed9bab284269273562eb9,2026-10-10T19:45:00Z,Temple Owls,UConn Huskies,fanduel,FanDuel,2026-10-10T06:13:39Z,spreads,2026-10-10T06:13:39Z,Temple Owls,-110,-3.5,20261010061359476901
NCAAF,americanfootball_ncaaf,80fbdc19285ed9bab284269273562eb9,2026-10-10T19:45:00Z,Temple Owls,UConn Huskies,fanduel,FanDuel,2026-10-10T06:13:39Z,spreads,2026-10-10T06:13:39Z,UConn Huskies,-110,3.5,20261010061359476901
NCAAF,americanfootball_ncaaf,80fbdc19285ed9bab284269273562eb9,2026-10-10T19:45:00Z,Temple Owls,UConn Huskies,fanduel,FanDuel,2026-10-10T06:13:39Z,totals,2026-10-10T06:13:39Z,Over,-110,54.5,20261010061359476901
NCAAF,americanfootball_ncaaf,80fbdc19285ed9bab284269273562eb9,2026-10-10T19:45:00Z,Temple Owls,UConn Huskies,fanduel,FanDuel,2026-10-10T06:13:39Z,totals,2026-10-10T06:13:39Z,Under,-110,54.5,20261010061359476901
NCAAF,americanfootball_ncaaf,80fbdc19285ed9bab284269273562eb9,2026-10-10T19:45:00Z,Temple Owls,UConn Huskies,lowvig,LowVig.ag,2026-10-10T06:13:39Z,h2h,2026-10-10T06:13:39Z,Temple Owls,-180,,20261010061359476901
NCAAF,americanfootball_ncaaf,80fbdc19285ed9bab284269273562eb9,2026-10-10T19:45:00Z,Temple Owls,UConn Huskies,lowvig,LowVig.ag,2026-10-10T06:13:39Z,h2h,2026-10-10T06:13:39Z,UConn Huskies,157,,20261010061359476901
NCAAF,americanfootball_ncaaf,80fbdc19285ed9bab284269273562eb9,2026-10-10T19:45:00Z,Temple Owls,UConn Huskies,lowvig,LowVig.ag,2026-10-10T06:13:39Z,spreads,2026-10-10T06:13:39Z,Temple Owls,-101,-4.0,20261010061359476901
NCAAF,americanfootball_ncaaf,80fbdc19285ed9bab284269273562eb9,2026-10-10T19:45:00Z,Temple Owls,UConn Huskies,lowvig,LowVig.ag,2026-10-10T06:13:39Z,spreads,2026-10-10T06:13:39Z,UConn Huskies,-111,4.0,20261010061359476901
NCAAF,americanfootball_ncaaf,80fbdc19285ed9bab284269273562eb9,2026-10-10T19:45:00Z,Temple Owls,UConn Huskies,lowvig,LowVig.ag,2026-10-10T06:13:39Z,totals,2026-10-10T06:13:39Z,Over,-103,55.0,20261010061359476901
NCAAF,americanfootball_ncaaf,80fbdc19285ed9bab284269273562eb9,2026-10-10T19:45:00Z,Temple Owls,UConn Huskies,lowvig,LowVig.ag,2026-10-10T06:13:39Z,totals,2026-10-10T06:13:39Z,Under,-114,55.0,20261010061359476901
NCAAF,americanfootball_ncaaf,80fbdc19285ed9bab284269273562eb9,2026-10-10T19:45:00Z,Temple Owls,UConn Huskies,betonlineag,BetOnline.ag,2026-10-10T06:13:21Z,h2h,2026-10-10T06:13:21Z,Temple Owls,-180,,20261010061359476901
NCAAF,americanfootball_ncaaf,80fbdc19285ed9bab284269273562eb9,2026-10-10T19:45:00Z,Temple Owls,UConn Huskies,betonlineag,BetOnline.ag,2026-10-10T06:13:21Z,h2h,2026-10-10T06:13:21Z,UConn Huskies,157,,20261010061359476901
NCAAF,americanfootball_ncaaf,80fbdc19285ed9bab284269273562eb9,2026-10-10T19:45:00Z,Temple Owls,UConn Huskies,betonlineag,BetOnline.ag,2026-10-10T06:13:21Z,spreads,2026-10-10T06:13:21Z,Temple Owls,-108,-3.5,20261010061359476901
NCAAF,americanfootball_ncaaf,80fbdc19285ed9bab284269273562eb9,2026-10-10T19:45:00Z,Temple Owls,UConn Huskies,betonlineag,BetOnline.ag,2026-10-10T06:13:21Z,spreads,2026-10-10T06:13:21Z,UConn Huskies,-112,3.5,20261010061359476901
NCAAF,americanfootball_ncaaf,80fbdc19285ed9bab284269273562eb9,2026-10-10T19:45:00Z,Temple Owls,UConn Huskies,betonlineag,BetOnline.ag,2026-10-10T06:13:21Z,totals,2026-10-10T06:13:21Z,Over,-105,55.0,20261010061359476901
NCAAF,americanfootball_ncaaf,80fbdc19285ed9bab284269273562eb9,2026-10-10T19:45:00Z,Temple Owls,UConn Huskies,betonlineag,BetOnline.ag,2026-10-10T06:13:21Z,totals,2026-10-10T06:13:21Z,Under,-115,55.0,20261010061359476901
NCAAF,americanfootball_ncaaf,80fbdc19285ed9bab284269273562eb9,2026-10-10T19:45:00Z,Temple Owls,UConn Huskies,draftkings,DraftKings,2026-10-10T06:13:23Z,h2h,2026-10-10T06:13:22Z,Temple Owls,-180,,20261010061359476901
NCAAF,americanfootball_ncaaf,80fbdc19285ed9bab284269273562eb9,2026-10-10T19:45:00Z,Temple Owls,UConn Huskies,draftkings,DraftKings,2026-10-10T06:13:23Z,h2h,2026-10-10T06:13:22Z,UConn Huskies,150,,20261010061359476901
NCAAF,americanfootball_ncaaf,80fbdc19285ed9bab284269273562eb9,2026-10-10T19:45:00Z,Temple Owls,UConn Huskies,draftkings,DraftKings,2026-10-10T06:13:23Z,spreads,2026-10-10T06:13:22Z,Temple Owls,-112,-3.5,20261010061359476901
NCAAF,americanfootball_ncaaf,80fbdc19285ed9bab284269273562eb9,2026-10-10T19:45:00Z,Temple Owls,UConn Huskies,draftkings,DraftKings,2026-10-10T06:13:23Z,spreads,2026-10-10T06:13:22Z,UConn Huskies,-108,3.5,20261010061359476901
NCAAF,americanfootball_ncaaf,80fbdc19285ed9bab284269273562eb9,2026-10-10T19:45:00Z,Temple Owls,UConn Huskies,draftkings,DraftKings,2026-10-10T06:13:23Z,totals,2026-10-10T06:13:22Z,Over,-115,54.5,20261010061359476901
NCAAF,americanfootball_ncaaf,80fbdc19285ed9bab284269273562eb9,2026-10-10T19:45:00Z,Temple Owls,UConn Huskies,draftkings,DraftKings,2026-10-10T06:13:23Z,totals,2026-10-10T06:13:22Z,Under,-105,54.5,20261010061359476901
NCAAF,americanfootball_ncaaf,80fbdc19285ed9bab284269273562eb9,2026-10-10T19:45:00Z,Temple Owls,UConn Huskies,betmgm,BetMGM,2026-10-10T06:13:39Z,h2h,2026-10-10T06:13:39Z,Temple Owls,-185,,20261010061359476901
NCAAF,americanfootball_ncaaf,80fbdc19285ed9bab284269273562eb9,2026-10-10T19:45:00Z,Temple Owls,UConn Huskies,betmgm,BetMGM,2026-10-10T06:13:39Z,h2h,2026-10-10T06:13:39Z,UConn Huskies,150,,20261010061359476901
NCAAF,americanfootball_ncaaf,80fbdc19285ed9bab284269273562eb9,2026-10-10T19:45:00Z,Temple Owls,UConn Huskies,betmgm,BetMGM,2026-10-10T06:13:39Z,spreads,2026-10-10T06:13:39Z,Temple Owls,-110,-3.5,20261010061359476901
NCAAF,americanfootball_ncaaf,80fbdc19285ed9bab284269273562eb9,2026-10-10T19:45:00Z,Temple Owls,UConn Huskies,betmgm,BetMGM,2026-10-10T06:13:39Z,spreads,2026-10-10T06:13:39Z,UConn Huskies,-110,3.5,20261010061359476901
NCAAF,americanfootball_ncaaf,80fbdc19285ed9bab284269273562eb9,2026-10-10T19:45:00Z,Temple Owls,UConn Huskies,betmgm,BetMGM,2026-10-10T06:13:39Z,totals,2026-10-10T06:13:39Z,Over,-110,54.5,20261010061359476901
NCAAF,americanfootball_ncaaf,80fbdc19285ed9bab284269273562eb9,2026-10-10T19:45:00Z,Temple Owls,UConn Huskies,betmgm,BetMGM,2026-10-10T06:13:39Z,totals,2026-10-10T06:13:39Z,Under,-110,54.5,20261010061359476901
NCAAF,americanfootball_ncaaf,80fbdc19285ed9bab284269273562eb9,2026-10-10T19:45:00Z,Temple Owls,UConn Huskies,mybookieag,MyBookie.ag,2026-10-10T06:13:29Z,h2h,2026-10-10T06:13:28Z,Temple Owls,-180,,20261010061359476901
NCAAF,americanfootball_ncaaf,80fbdc19285ed9bab284269273562eb9,2026-10-10T19:45:00Z,Temple Owls,UConn Huskies,mybookieag,MyBookie.ag,2026-10-10T06:13:29Z,h2h,2026-10-10T06:13:28Z,UConn Huskies,146,,20261010061359476901
NCAAF,americanfootball_ncaaf,80fbdc19285ed9bab284269273562eb9,2026-10-10T19:45:00Z,Temple Owls,UConn Huskies,mybookieag,MyBookie.ag,2026-10-10T06:13:29Z,spreads,2026-10-10T06:13:28Z,Temple Owls,-110,-3.5,20261010061359476901
NCAAF,americanfootball_ncaaf,80fbdc19285ed9bab284269273562eb9,2026-10-10T19:45:00Z,Temple Owls,UConn Huskies,mybookieag,MyBookie.ag,2026-10-10T06:13:29Z,spreads,2026-10-10T06:13:28Z,UConn Huskies,-110,3.5,20261010061359476901
NCAAF,americanfootball_ncaaf,80fbdc19285ed9bab284269273562eb9,2026-10-10T19:45:00Z,Temple Owls,UConn Huskies,mybookieag,MyBookie.ag,2026-10-10T06:13:29Z,totals,2026-10-10T06:13:28Z,Over,-110,55.0,20261010061359476901
NCAAF,americanfootball_ncaaf,80fbdc19285ed9bab284269273562eb9,2026-10-10T19:45:00Z,Temple Owls,UConn Huskies,mybookieag,MyBookie.ag,2026-10-10T06:13:29Z,totals,2026-10-10T06:13:28Z,Under,-110,55.0,20261010061359476901
NCAAF,americanfootball_ncaaf,80fbdc19285ed9bab284269273562eb9,2026-10-10T19:45:00Z,Temple Owls,UConn Huskies,bovada,Bovada,2026-10-10T06:12:36Z,h2h,2026-10-10T06:12:35Z,Temple Owls,-175,,20261010061359476901
NCAAF,americanfootball_ncaaf,80fbdc19285ed9bab284269273562eb9,2026-10-10T19:45:00Z,Temple Owls,UConn Huskies,bovada,Bovada,2026-10-10T06:12:36Z,h2h,2026-10-10T06:12:35Z,UConn Huskies,150,,20261010061359476901
NCAAF,americanfootball_ncaaf,80fbdc19285ed9bab284269273562eb9,2026-10-10T19:45:00Z,Temple Owls,UConn Huskies,bovada,Bovada,2026-10-10T06:12:36Z,spreads,2026-10-10T06:12:35Z,Temple Owls,-110,-3.5,20261010061359476901
NCAAF,americanfootball_ncaaf,80fbdc19285ed9bab284269273562eb9,2026-10-10T19:45:00Z,Temple Owls,UConn Huskies,bovada,Bovada,2026-10-10T06:12:36Z,spreads,2026-10-10T06:12:35Z,UConn Huskies,-110,3.5,20261010061359476901
NCAAF,americanfootball_ncaaf,80fbdc19285ed9bab284269273562eb9,2026-10-10T19:45:00Z,Temple Owls,UConn Huskies,bovada,Bovada,2026-10-10T06:12:36Z,totals,2026-10-10T06:12:35Z,Over,-110,54.5,20261010061359476901
NCAAF,americanfootball_ncaaf,80fbdc19285ed9bab284269273562eb9,2026-10-10T19:45:00Z,Temple Owls,UConn Huskies,bovada,Bovada,2026-10-10T06:12:36Z,totals,2026-10-10T06:12:35Z,Under,-110,54.5,20261010061359476901
NCAAF,americanfootball_ncaaf,80fbdc19285ed9bab284269273562eb9,2026-10-10T19:45:00Z,Temple Owls,UConn Huskies,betus,BetUS,2026-10-10T06:13:55Z,h2h,2026-10-10T06:13:54Z,Temple Owls,-180,,20261010061359476901
NCAAF,americanfootball_ncaaf,80fbdc19285ed9bab284269273562eb9,2026-10-10T19:45:00Z,Temple Owls,UConn Huskies,betus,BetUS,2026-10-10T06:13:55Z,h2h,2026-10-10T06:13:54Z,UConn Huskies,155,,20261010061359476901
NCAAF,americanfootball_ncaaf,80fbdc19285ed9bab284269273562eb9,2026-10-10T19:45:00Z,Temple Owls,UConn Huskies,betus,BetUS,2026-10-10T06:13:55Z,spreads,2026-10-10T06:13:54Z,Temple Owls,-110,-3.5,20261010061359476901
NCAAF,americanfootball_ncaaf,80fbdc19285ed9bab284269273562eb9,2026-10-10T19:45:00Z,Temple Owls,UConn Huskies,betus,BetUS,2026-10-10T06:13:55Z,spreads,2026-10-10T06:13:54Z,UConn Huskies,-110,3.5,20261010061359476901
NCAAF,americanfootball_ncaaf,80fbdc19285ed9bab284269273562eb9,2026-10-10T19:45:00Z,Temple Owls,UConn Huskies,betus,BetUS,2026-10-10T06:13:55Z,totals,2026-10-10T06:13:54Z,Over,-110,54.5,20261010061359476901
NCAAF,americanfootball_ncaaf,80fbdc19285ed9bab284269273562eb9,2026-10-10T19:45:00Z,Temple Owls,UConn Huskies,betus,BetUS,2026-10-10T06:13:55Z,totals,2026-10-10T06:13:54Z,Under,-110,54.5,20261010061359476901
NCAAF,americanfootball_ncaaf,80fbdc19285ed9bab284269273562eb9,2026-10-10T19:45:00Z,Temple Owls,UConn Huskies,betrivers,BetRivers,2026-10-10T06:13:23Z,h2h,2026-10-10T06:13:23Z,Temple Owls,-215,,20261010061359476901
NCAAF,americanfootball_ncaaf,80fbdc19285ed9bab284269273562eb9,2026-10-10T19:45:00Z,Temple Owls,UConn Huskies,betrivers,BetRivers,2026-10-10T06:13:23Z,h2h,2026-10-10T06:13:23Z,UConn Huskies,170,,20261010061359476901
NCAAF,americanfootball_ncaaf,80fbdc19285ed9bab284269273562eb9,2026-10-10T19:45:00Z,Temple Owls,UConn Huskies,betrivers,BetRivers,2026-10-10T06:13:23Z,spreads,2026-10-10T06:13:23Z,Temple Owls,-110,-5.5,20261010061359476901
NCAAF,americanfootball_ncaaf,80fbdc19285ed9bab284269273562eb9,2026-10-10T19:45:00Z,Temple Owls,UConn Huskies,betrivers,BetRivers,2026-10-10T06:13:23Z,spreads,2026-10-10T06:13:23Z,UConn Huskies,-113,5.5,20261010061359476901
NCAAF,americanfootball_ncaaf,80fbdc19285ed9bab284269273562eb9,2026-10-10T19:45:00Z,Temple Owls,UConn Huskies,betrivers,BetRivers,2026-10-10T06:13:23Z,totals,2026-10-10T06:13:23Z,Over,-113,54.5,20261010061359476901
NCAAF,americanfootball_ncaaf,80fbdc19285ed9bab284269273562eb9,2026-10-10T19:45:00Z,Temple Owls,UConn Huskies,betrivers,BetRivers,2026-10-10T06:13:23Z,totals,2026-10-10T06:13:23Z,Under,-110,54.5,20261010061359476901
NCAAF,americanfootball_ncaaf,0dd06b09349f56ce8dfc2d61d5fcd042,2026-10-10T20:15:00Z,Arkansas Razorbacks,Tennessee Volunteers,fanduel,FanDuel,2026-10-10T06:13:40Z,h2h,2026-10-10T06:13:39Z,Arkansas Razorbacks,400,,20261010061359476901
NCAAF,americanfootball_ncaaf,0dd06b09349f56ce8dfc2d61d5fcd042,2026-10-10T20:15:00Z,Arkansas Razorbacks,Tennessee Volunteers,fanduel,FanDuel,2026-10-10T06:13:40Z,h2h,2026-10-10T06:13:39Z,Tennessee Volunteers,-550,,20261010061359476901
NCAAF,americanfootball_ncaaf,0dd06b09349f56ce8dfc2d61d5fcd042,2026-10-10T20:15:00Z,Arkansas Razorbacks,Tennessee Volunteers,fanduel,FanDuel,2026-10-10T06:13:40Z,spreads,2026-10-10T06:13:39Z,Arkansas Razorbacks,-110,13.5,20261010061359476901
NCAAF,americanfootball_ncaaf,0dd06b09349f56ce8dfc2d61d5fcd042,2026-10-10T20:15:00Z,Arkansas Razorbacks,Tennessee Volunteers,fanduel,FanDuel,2026-10-10T06:13:40Z,spreads,2026-10-10T06:13:39Z,Tennessee Volunteers,-110,-13.5,20261010061359476901
NCAAF,americanfootball_ncaaf,0dd06b09349f56ce8dfc2d61d5fcd042,2026-10-10T20:15:00Z,Arkansas Razorbacks,Tennessee Volunteers,fanduel,FanDuel,2026-10-10T06:13:40Z,totals,2026-10-10T06:13:39Z,Over,-105,51.5,20261010061359476901
NCAAF,americanfootball_ncaaf,0dd06b09349f56ce8dfc2d61d5fcd042,2026-10-10T20:15:00Z,Arkansas Razorbacks,Tennessee Volunteers,fanduel,FanDuel,2026-10-10T06:13:40Z,totals,2026-10-10T06:13:39Z,Under,-115,51.5,20261010061359476901
NCAAF,americanfootball_ncaaf,0dd06b09349f56ce8dfc2d61d5fcd042,2026-10-10T20:15:00Z,Arkansas Razorbacks,Tennessee Volunteers,betrivers,BetRivers,2026-10-10T06:13:23Z,h2h,2026-10-10T06:13:23Z,Arkansas Razorbacks,410,,20261010061359476901
NCAAF,americanfootball_ncaaf,0dd06b09349f56ce8dfc2d61d5fcd042,2026-10-10T20:15:00Z,Arkansas Razorbacks,Tennessee Volunteers,betrivers,BetRivers,2026-10-10T06:13:23Z,h2h,2026-10-10T06:13:23Z,Tennessee Volunteers,-625,,20261010061359476901
NCAAF,americanfootball_ncaaf,0dd06b09349f56ce8dfc2d61d5fcd042,2026-10-10T20:15:00Z,Arkansas Razorbacks,Tennessee Volunteers,betrivers,BetRivers,2026-10-10T06:13:23Z,spreads,2026-10-10T06:13:23Z,Arkansas Razorbacks,-107,13.5,20261010061359476901
NCAAF,americanfootball_ncaaf,0dd06b09349f56ce8dfc2d61d5fcd042,2026-10-10T20:15:00Z,Arkansas Razorbacks,Tennessee Volunteers,betrivers,BetRivers,2026-10-10T06:13:23Z,spreads,2026-10-10T06:13:23Z,Tennessee Volunteers,-115,-13.5,20261010061359476901
NCAAF,americanfootball_ncaaf,0dd06b09349f56ce8dfc2d61d5fcd042,2026-10-10T20:15:00Z,Arkansas Razorbacks,Tennessee Volunteers,betrivers,BetRivers,2026-10-10T06:13:23Z,totals,2026-10-10T06:13:23Z,Over,-112,51.5,20261010061359476901
NCAAF,americanfootball_ncaaf,0dd06b09349f56ce8dfc2d61d5fcd042,2026-10-10T20:15:00Z,Arkansas Razorbacks,Tennessee Volunteers,betrivers,BetRivers,2026-10-10T06:13:23Z,totals,2026-10-10T06:13:23Z,Under,-112,51.5,20261010061359476901
NCAAF,americanfootball_ncaaf,0dd06b09349f56ce8dfc2d61d5fcd042,2026-10-10T20:15:00Z,Arkansas Razorbacks,Tennessee Volunteers,betmgm,BetMGM,2026-10-10T06:13:39Z,h2h,2026-10-10T06:13:39Z,Arkansas Razorbacks,400,,20261010061359476901
NCAAF,americanfootball_ncaaf,0dd06b09349f56ce8dfc2d61d5fcd042,2026-10-10T20:15:00Z,Arkansas Razorbacks,Tennessee Volunteers,betmgm,BetMGM,2026-10-10T06:13:39Z,h2h,2026-10-10T06:13:39Z,Tennessee Volunteers,-550,,20261010061359476901
NCAAF,americanfootball_ncaaf,0dd06b09349f56ce8dfc2d61d5fcd042,2026-10-10T20:15:00Z,Arkansas Razorbacks,Tennessee Volunteers,betmgm,BetMGM,2026-10-10T06:13:39Z,spreads,2026-10-10T06:13:39Z,Arkansas Razorbacks,-105,13.5,20261010061359476901
NCAAF,americanfootball_ncaaf,0dd06b09349f56ce8dfc2d61d5fcd042,2026-10-10T20:15:00Z,Arkansas Razorbacks,Tennessee Volunteers,betmgm,BetMGM,2026-10-10T06:13:39Z,spreads,2026-10-10T06:13:39Z,Tennessee Volunteers,-115,-13.5,20261010061359476901
NCAAF,americanfootball_ncaaf,0dd06b09349f56ce8dfc2d61d5fcd042,2026-10-10T20:15:00Z,Arkansas Razorbacks,Tennessee Volunteers,betmgm,BetMGM,2026-10-10T06:13:39Z,totals,2026-10-10T06:13:39Z,Over,-110,51.5,20261010061359476901
NCAAF,americanfootball_ncaaf,0dd06b09349f56ce8dfc2d61d5fcd042,2026-10-10T20:15:00Z,Arkansas Razorbacks,Tennessee Volunteers,betmgm,BetMGM,2026-10-10T06:13:39Z,totals,2026-10-10T06:13:39Z,Under,-110,51.5,20261010061359476901
NCAAF,americanfootball_ncaaf,0dd06b09349f56ce8dfc2d61d5fcd042,2026-10-10T20:15:00Z,Arkansas Razorbacks,Tennessee Volunteers,draftkings,DraftKings,2026-10-10T06:13:23Z,h2h,2026-10-10T06:13:22Z,Arkansas Razorbacks,410,,20261010061359476901
NCAAF,americanfootball_ncaaf,0dd06b09349f56ce8dfc2d61d5fcd042,2026-10-10T20:15:00Z,Arkansas Razorbacks,Tennessee Volunteers,draftkings,DraftKings,2026-10-10T06:13:23Z,h2h,2026-10-10T06:13:22Z,Tennessee Volunteers,-550,,20261010061359476901
NCAAF,americanfootball_ncaaf,0dd06b09349f56ce8dfc2d61d5fcd042,2026-10-10T20:15:00Z,Arkansas Razorbacks,Tennessee Volunteers,draftkings,DraftKings,2026-10-10T06:13:23Z,spreads,2026-10-10T06:13:22Z,Arkansas Razorbacks,-105,13.5,20261010061359476901
NCAAF,americanfootball_ncaaf,0dd06b09349f56ce8dfc2d61d5fcd042,2026-10-10T20:15:00Z,Arkansas Razorbacks,Tennessee Volunteers,draftkings,DraftKings,2026-10-10T06:13:23Z,spreads,2026-10-10T06:13:22Z,Tennessee Volunteers,-115,-13.5,20261010061359476901
NCAAF,americanfootball_ncaaf,0dd06b09349f56ce8dfc2d61d5fcd042,2026-10-10T20:15:00Z,Arkansas Razorbacks,Tennessee Volunteers,draftkings,DraftKings,2026-10-10T06:13:23Z,totals,2026-10-10T06:13:22Z,Over,-105,51.5,20261010061359476901
NCAAF,americanfootball_ncaaf,0dd06b09349f56ce8dfc2d61d5fcd042,2026-10-10T20:15:00Z,Arkansas Razorbacks,Tennessee Volunteers,draftkings,DraftKings,2026-10-10T06:13:23Z,totals,2026-10-10T06:13:22Z,Under,-115,51.5,20261010061359476901
NCAAF,americanfootball_ncaaf,0dd06b09349f56ce8dfc2d61d5fcd042,2026-10-10T20:15:00Z,Arkansas Razorbacks,Tennessee Volunteers,lowvig,LowVig.ag,2026-10-10T06:13:39Z,h2h,2026-10-10T06:13:39Z,Arkansas Razorbacks,415,,20261010061359476901
NCAAF,americanfootball_ncaaf,0dd06b09349f56ce8dfc2d61d5fcd042,2026-10-10T20:15:00Z,Arkansas Razorbacks,Tennessee Volunteers,lowvig,LowVig.ag,2026-10-10T06:13:39Z,h2h,2026-10-10T06:13:39Z,Tennessee Volunteers,-550,,20261010061359476901
NCAAF,americanfootball_ncaaf,0dd06b09349f56ce8dfc2d61d5fcd042,2026-10-10T20:15:00Z,Arkansas Razorbacks,Tennessee Volunteers,lowvig,LowVig.ag,2026-10-10T06:13:39Z,spreads,2026-10-10T06:13:39Z,Arkansas Razorbacks,-103,13.5,20261010061359476901
NCAAF,americanfootball_ncaaf,0dd06b09349f56ce8dfc2d61d5fcd042,2026-10-10T20:15:00Z,Arkansas Razorbacks,Tennessee Volunteers,lowvig,LowVig.ag,2026-10-10T06:13:39Z,spreads,2026-10-10T06:13:39Z,Tennessee Volunteers,-109,-13.5,20261010061359476901
NCAAF,americanfootball_ncaaf,0dd06b09349f56ce8dfc2d61d5fcd042,2026-10-10T20:15:00Z,Arkansas Razorbacks,Tennessee Volunteers,lowvig,LowVig.ag,2026-10-10T06:13:39Z,totals,2026-10-10T06:13:39Z,Over,-114,51.0,20261010061359476901
NCAAF,americanfootball_ncaaf,0dd06b09349f56ce8dfc2d61d5fcd042,2026-10-10T20:15:00Z,Arkansas Razorbacks,Tennessee Volunteers,lowvig,LowVig.ag,2026-10-10T06:13:39Z,totals,2026-10-10T06:13:39Z,Under,-103,51.0,20261010061359476901
NCAAF,americanfootball_ncaaf,0dd06b09349f56ce8dfc2d61d5fcd042,2026-10-10T20:15:00Z,Arkansas Razorbacks,Tennessee Volunteers,betonlineag,BetOnline.ag,2026-10-10T06:13:21Z,h2h,2026-10-10T06:13:21Z,Arkansas Razorbacks,415,,20261010061359476901
NCAAF,americanfootball_ncaaf,0dd06b09349f56ce8dfc2d61d5fcd042,2026-10-10T20:15:00Z,Arkansas Razorbacks,Tennessee Volunteers,betonlineag,BetOnline.ag,2026-10-10T06:13:21Z,h2h,2026-10-10T06:13:21Z,Tennessee Volunteers,-550,,20261010061359476901
NCAAF,americanfootball_ncaaf,0dd06b09349f56ce8dfc2d61d5fcd042,2026-10-10T20:15:00Z,Arkansas Razorbacks,Tennessee Volunteers,betonlineag,BetOnline.ag,2026-10-10T06:13:21Z,spreads,2026-10-10T06:13:21Z,Arkansas Razorbacks,-107,13.5,20261010061359476901
NCAAF,americanfootball_ncaaf,0dd06b09349f56ce8dfc2d61d5fcd042,2026-10-10T20:15:00Z,Arkansas Razorbacks,Tennessee Volunteers,betonlineag,BetOnline.ag,2026-10-10T06:13:21Z,spreads,2026-10-10T06:13:21Z,Tennessee Volunteers,-113,-13.5,20261010061359476901
NCAAF,americanfootball_ncaaf,0dd06b09349f56ce8dfc2d61d5fcd042,2026-10-10T20:15:00Z,Arkansas Razorbacks,Tennessee Volunteers,betonlineag,BetOnline.ag,2026-10-10T06:13:21Z,totals,2026-10-10T06:13:21Z,Over,-115,51.0,20261010061359476901
NCAAF,americanfootball_ncaaf,0dd06b09349f56ce8dfc2d61d5fcd042,2026-10-10T20:15:00Z,Arkansas Razorbacks,Tennessee Volunteers,betonlineag,BetOnline.ag,2026-10-10T06:13:21Z,totals,2026-10-10T06:13:21Z,Under,-105,51.0,20261010061359476901
NCAAF,americanfootball_ncaaf,0dd06b09349f56ce8dfc2d61d5fcd042,2026-10-10T20:15:00Z,Arkansas Razorbacks,Tennessee Volunteers,mybookieag,MyBookie.ag,2026-10-10T06:13:29Z,h2h,2026-10-10T06:13:28Z,Arkansas Razorbacks,390,,20261010061359476901
NCAAF,americanfootball_ncaaf,0dd06b09349f56ce8dfc2d61d5fcd042,2026-10-10T20:15:00Z,Arkansas Razorbacks,Tennessee Volunteers,mybookieag,MyBookie.ag,2026-10-10T06:13:29Z,h2h,2026-10-10T06:13:28Z,Tennessee Volunteers,-549,,20261010061359476901
NCAAF,americanfootball_ncaaf,0dd06b09349f56ce8dfc2d61d5fcd042,2026-10-10T20:15:00Z,Arkansas Razorbacks,Tennessee Volunteers,mybookieag,MyBookie.ag,2026-10-10T06:13:29Z,spreads,2026-10-10T06:13:28Z,Arkansas Razorbacks,-110,13.5,20261010061359476901
NCAAF,americanfootball_ncaaf,0dd06b09349f56ce8dfc2d61d5fcd042,2026-10-10T20:15:00Z,Arkansas Razorbacks,Tennessee Volunteers,mybookieag,MyBookie.ag,2026-10-10T06:13:29Z,spreads,2026-10-10T06:13:28Z,Tennessee Volunteers,-110,-13.5,20261010061359476901
NCAAF,americanfootball_ncaaf,0dd06b09349f56ce8dfc2d61d5fcd042,2026-10-10T20:15:00Z,Arkansas Razorbacks,Tennessee Volunteers,mybookieag,MyBookie.ag,2026-10-10T06:13:29Z,totals,2026-10-10T06:13:28Z,Over,-110,51.0,20261010061359476901
NCAAF,americanfootball_ncaaf,0dd06b09349f56ce8dfc2d61d5fcd042,2026-10-10T20:15:00Z,Arkansas Razorbacks,Tennessee Volunteers,mybookieag,MyBookie.ag,2026-10-10T06:13:29Z,totals,2026-10-10T06:13:28Z,Under,-110,51.0,20261010061359476901
NCAAF,americanfootball_ncaaf,0dd06b09349f56ce8dfc2d61d5fcd042,2026-10-10T20:15:00Z,Arkansas Razorbacks,Tennessee Volunteers,betus,BetUS,2026-10-10T06:13:55Z,h2h,2026-10-10T06:13:55Z,Arkansas Razorbacks,400,,20261010061359476901
NCAAF,americanfootball_ncaaf,0dd06b09349f56ce8dfc2d61d5fcd042,2026-10-10T20:15:00Z,Arkansas Razorbacks,Tennessee Volunteers,betus,BetUS,2026-10-10T06:13:55Z,h2h,2026-10-10T06:13:55Z,Tennessee Volunteers,-520,,20261010061359476901
NCAAF,americanfootball_ncaaf,0dd06b09349f56ce8dfc2d61d5fcd042,2026-10-10T20:15:00Z,Arkansas Razorbacks,Tennessee Volunteers,betus,BetUS,2026-10-10T06:13:55Z,spreads,2026-10-10T06:13:55Z,Arkansas Razorbacks,-110,13.5,20261010061359476901
NCAAF,americanfootball_ncaaf,0dd06b09349f56ce8dfc2d61d5fcd042,2026-10-10T20:15:00Z,Arkansas Razorbacks,Tennessee Volunteers,betus,BetUS,2026-10-10T06:13:55Z,spreads,2026-10-10T06:13:55Z,Tennessee Volunteers,-110,-13.5,20261010061359476901
NCAAF,americanfootball_ncaaf,0dd06b09349f56ce8dfc2d61d5fcd042,2026-10-10T20:15:00Z,Arkansas Razorbacks,Tennessee Volunteers,betus,BetUS,2026-10-10T06:13:55Z,totals,2026-10-10T06:13:55Z,Over,-110,51.0,20261010061359476901
NCAAF,americanfootball_ncaaf,0dd06b09349f56ce8dfc2d61d5fcd042,2026-10-10T20:15:00Z,Arkansas Razorbacks,Tennessee Volunteers,betus,BetUS,2026-10-10T06:13:55Z,totals,2026-10-10T06:13:55Z,Under,-110,51.0,20261010061359476901
NCAAF,americanfootball_ncaaf,0dd06b09349f56ce8dfc2d61d5fcd042,2026-10-10T20:15:00Z,Arkansas Razorbacks,Tennessee Volunteers,bovada,Bovada,2026-10-10T06:12:36Z,h2h,2026-10-10T06:12:36Z,Arkansas Razorbacks,410,,20261010061359476901
NCAAF,americanfootball_ncaaf,0dd06b09349f56ce8dfc2d61d5fcd042,2026-10-10T20:15:00Z,Arkansas Razorbacks,Tennessee Volunteers,bovada,Bovada,2026-10-10T06:12:36Z,h2h,2026-10-10T06:12:36Z,Tennessee Volunteers,-585,,20261010061359476901
NCAAF,americanfootball_ncaaf,0dd06b09349f56ce8dfc2d61d5fcd042,2026-10-10T20:15:00Z,Arkansas Razorbacks,Tennessee Volunteers,bovada,Bovada,2026-10-10T06:12:36Z,spreads,2026-10-10T06:12:36Z,Arkansas Razorbacks,-105,13.5,20261010061359476901
NCAAF,americanfootball_ncaaf,0dd06b09349f56ce8dfc2d61d5fcd042,2026-10-10T20:15:00Z,Arkansas Razorbacks,Tennessee Volunteers,bovada,Bovada,2026-10-10T06:12:36Z,spreads,2026-10-10T06:12:36Z,Tennessee Volunteers,-115,-13.5,20261010061359476901
NCAAF,americanfootball_ncaaf,0dd06b09349f56ce8dfc2d61d5fcd042,2026-10-10T20:15:00Z,Arkansas Razorbacks,Tennessee Volunteers,bovada,Bovada,2026-10-10T06:12:36Z,totals,2026-10-10T06:12:36Z,Over,-110,51.5,20261010061359476901
NCAAF,americanfootball_ncaaf,0dd06b09349f56ce8dfc2d61d5fcd042,2026-10-10T20:15:00Z,Arkansas Razorbacks,Tennessee Volunteers,bovada,Bovada,2026-10-10T06:12:36Z,totals,2026-10-10T06:12:36Z,Under,-110,51.5,20261010061359476901
NCAAF,americanfootball_ncaaf,031164b8d704599d8023a3e104f9a6c0,2026-10-10T20:15:00Z,Ohio State Buckeyes,Maryland Terrapins,draftkings,DraftKings,2026-10-10T06:13:23Z,spreads,2026-10-10T06:13:22Z,Maryland Terrapins,-112,33.5,20261010061359476901
NCAAF,americanfootball_ncaaf,031164b8d704599d8023a3e104f9a6c0,2026-10-10T20:15:00Z,Ohio State Buckeyes,Maryland Terrapins,draftkings,DraftKings,2026-10-10T06:13:23Z,spreads,2026-10-10T06:13:22Z,Ohio State Buckeyes,-108,-33.5,20261010061359476901
NCAAF,americanfootball_ncaaf,031164b8d704599d8023a3e104f9a6c0,2026-10-10T20:15:00Z,Ohio State Buckeyes,Maryland Terrapins,draftkings,DraftKings,2026-10-10T06:13:23Z,totals,2026-10-10T06:13:22Z,Over,-110,56.5,20261010061359476901
NCAAF,americanfootball_ncaaf,031164b8d704599d8023a3e104f9a6c0,2026-10-10T20:15:00Z,Ohio State Buckeyes,Maryland Terrapins,draftkings,DraftKings,2026-10-10T06:13:23Z,totals,2026-10-10T06:13:22Z,Under,-110,56.5,20261010061359476901
NCAAF,americanfootball_ncaaf,031164b8d704599d8023a3e104f9a6c0,2026-10-10T20:15:00Z,Ohio State Buckeyes,Maryland Terrapins,fanduel,FanDuel,2026-10-10T06:13:40Z,h2h,2026-10-10T06:13:39Z,Maryland Terrapins,3500,,20261010061359476901
NCAAF,americanfootball_ncaaf,031164b8d704599d8023a3e104f9a6c0,2026-10-10T20:15:00Z,Ohio State Buckeyes,Maryland Terrapins,fanduel,FanDuel,2026-10-10T06:13:40Z,h2h,2026-10-10T06:13:39Z,Ohio State Buckeyes,-20000,,20261010061359476901
NCAAF,americanfootball_ncaaf,031164b8d704599d8023a3e104f9a6c0,2026-10-10T20:15:00Z,Ohio State Buckeyes,Maryland Terrapins,fanduel,FanDuel,2026-10-10T06:13:40Z,spreads,2026-10-10T06:13:39Z,Maryland Terrapins,-110,33.5,20261010061359476901
NCAAF,americanfootball_ncaaf,031164b8d704599d8023a3e104f9a6c0,2026-10-10T20:15:00Z,Ohio State Buckeyes,Maryland Terrapins,fanduel,FanDuel,2026-10-10T06:13:40Z,spreads,2026-10-10T06:13:39Z,Ohio State Buckeyes,-110,-33.5,20261010061359476901
NCAAF,americanfootball_ncaaf,031164b8d704599d8023a3e104f9a6c0,2026-10-10T20:15:00Z,Ohio State Buckeyes,Maryland Terrapins,fanduel,FanDuel,2026-10-10T06:13:40Z,totals,2026-10-10T06:13:39Z,Over,-114,56.5,20261010061359476901
NCAAF,americanfootball_ncaaf,031164b8d704599d8023a3e104f9a6c0,2026-10-10T20:15:00Z,Ohio State Buckeyes,Maryland Terrapins,fanduel,FanDuel,2026-10-10T06:13:40Z,totals,2026-10-10T06:13:39Z,Under,-106,56.5,20261010061359476901
NCAAF,americanfootball_ncaaf,031164b8d704599d8023a3e104f9a6c0,2026-10-10T20:15:00Z,Ohio State Buckeyes,Maryland Terrapins,betrivers,BetRivers,2026-10-10T06:13:23Z,spreads,2026-10-10T06:13:23Z,Maryland Terrapins,-113,33.0,20261010061359476901
NCAAF,americanfootball_ncaaf,031164b8d704599d8023a3e104f9a6c0,2026-10-10T20:15:00Z,Ohio State Buckeyes,Maryland Terrapins,betrivers,BetRivers,2026-10-10T06:13:23Z,spreads,2026-10-10T06:13:23Z,Ohio State Buckeyes,-110,-33.0,20261010061359476901
NCAAF,americanfootball_ncaaf,031164b8d704599d8023a3e104f9a6c0,2026-10-10T20:15:00Z,Ohio State Buckeyes,Maryland Terrapins,betrivers,BetRivers,2026-10-10T06:13:23Z,totals,2026-10-10T06:13:23Z,Over,-112,56.0,20261010061359476901
NCAAF,americanfootball_ncaaf,031164b8d704599d8023a3e104f9a6c0,2026-10-10T20:15:00Z,Ohio State Buckeyes,Maryland Terrapins,betrivers,BetRivers,2026-10-10T06:13:23Z,totals,2026-10-10T06:13:23Z,Under,-112,56.0,20261010061359476901
NCAAF,americanfootball_ncaaf,031164b8d704599d8023a3e104f9a6c0,2026-10-10T20:15:00Z,Ohio State Buckeyes,Maryland Terrapins,betmgm,BetMGM,2026-10-10T06:13:39Z,h2h,2026-10-10T06:13:39Z,Maryland Terrapins,3300,,20261010061359476901
NCAAF,americanfootball_ncaaf,031164b8d704599d8023a3e104f9a6c0,2026-10-10T20:15:00Z,Ohio State Buckeyes,Maryland Terrapins,betmgm,BetMGM,2026-10-10T06:13:39Z,h2h,2026-10-10T06:13:39Z,Ohio State Buckeyes,-10000,,20261010061359476901
NCAAF,americanfootball_ncaaf,031164b8d704599d8023a3e104f9a6c0,2026-10-10T20:15:00Z,Ohio State Buckeyes,Maryland Terrapins,betmgm,BetMGM,2026-10-10T06:13:39Z,spreads,2026-10-10T06:13:39Z,Maryland Terrapins,-110,33.5,20261010061359476901
NCAAF,americanfootball_ncaaf,031164b8d704599d8023a3e104f9a6c0,2026-10-10T20:15:00Z,Ohio State Buckeyes,Maryland Terrapins,betmgm,BetMGM,2026-10-10T06:13:39Z,spreads,2026-10-10T06:13:39Z,Ohio State Buckeyes,-110,-33.5,20261010061359476901
NCAAF,americanfootball_ncaaf,031164b8d704599d8023a3e104f9a6c0,2026-10-10T20:15:00Z,Ohio State Buckeyes,Maryland Terrapins,betmgm,BetMGM,2026-10-10T06:13:39Z,totals,2026-10-10T06:13:39Z,Over,-110,56.5,20261010061359476901
NCAAF,americanfootball_ncaaf,031164b8d704599d8023a3e104f9a6c0,2026-10-10T20:15:00Z,Ohio State Buckeyes,Maryland Terrapins,betmgm,BetMGM,2026-10-10T06:13:39Z,totals,2026-10-10T06:13:39Z,Under,-110,56.5,20261010061359476901
NCAAF,americanfootball_ncaaf,031164b8d704599d8023a3e104f9a6c0,2026-10-10T20:15:00Z,Ohio State Buckeyes,Maryland Terrapins,lowvig,LowVig.ag,2026-10-10T06:13:39Z,spreads,2026-10-10T06:13:39Z,Maryland Terrapins,-106,32.5,20261010061359476901
NCAAF,americanfootball_ncaaf,031164b8d704599d8023a3e104f9a6c0,2026-10-10T20:15:00Z,Ohio State Buckeyes,Maryland Terrapins,lowvig,LowVig.ag,2026-10-10T06:13:39Z,spreads,2026-10-10T06:13:39Z,Ohio State Buckeyes,-106,-32.5,20261010061359476901
NCAAF,americanfootball_ncaaf,031164b8d704599d8023a3e104f9a6c0,2026-10-10T20:15:00Z,Ohio State Buckeyes,Maryland Terrapins,lowvig,LowVig.ag,2026-10-10T06:13:39Z,totals,2026-10-10T06:13:39Z,Over,-106,56.5,20261010061359476901
NCAAF,americanfootball_ncaaf,031164b8d704599d8023a3e104f9a6c0,2026-10-10T20:15:00Z,Ohio State Buckeyes,Maryland Terrapins,lowvig,LowVig.ag,2026-10-10T06:13:39Z,totals,2026-10-10T06:13:39Z,Under,-110,56.5,20261010061359476901
NCAAF,americanfootball_ncaaf,031164b8d704599d8023a3e104f9a6c0,2026-10-10T20:15:00Z,Ohio State Buckeyes,Maryland Terrapins,betonlineag,BetOnline.ag,2026-10-10T06:13:21Z,spreads,2026-10-10T06:13:21Z,Maryland Terrapins,-110,32.5,20261010061359476901
NCAAF,americanfootball_ncaaf,031164b8d704599d8023a3e104f9a6c0,2026-10-10T20:15:00Z,Ohio State Buckeyes,Maryland Terrapins,betonlineag,BetOnline.ag,2026-10-10T06:13:21Z,spreads,2026-10-10T06:13:21Z,Ohio State Buckeyes,-110,-32.5,20261010061359476901
NCAAF,americanfootball_ncaaf,031164b8d704599d8023a3e104f9a6c0,2026-10-10T20:15:00Z,Ohio State Buckeyes,Maryland Terrapins,betonlineag,BetOnline.ag,2026-10-10T06:13:21Z,totals,2026-10-10T06:13:21Z,Over,-108,56.5,20261010061359476901
NCAAF,americanfootball_ncaaf,031164b8d704599d8023a3e104f9a6c0,2026-10-10T20:15:00Z,Ohio State Buckeyes,Maryland Terrapins,betonlineag,BetOnline.ag,2026-10-10T06:13:21Z,totals,2026-10-10T06:13:21Z,Under,-112,56.5,20261010061359476901
NCAAF,americanfootball_ncaaf,031164b8d704599d8023a3e104f9a6c0,2026-10-10T20:15:00Z,Ohio State Buckeyes,Maryland Terrapins,bovada,Bovada,2026-10-10T06:12:36Z,spreads,2026-10-10T06:12:36Z,Maryland Terrapins,-105,32.5,20261010061359476901
NCAAF,americanfootball_ncaaf,031164b8d704599d8023a3e104f9a6c0,2026-10-10T20:15:00Z,Ohio State Buckeyes,Maryland Terrapins,bovada,Bovada,2026-10-10T06:12:36Z,spreads,2026-10-10T06:12:36Z,Ohio State Buckeyes,-115,-32.5,20261010061359476901
NCAAF,americanfootball_ncaaf,031164b8d704599d8023a3e104f9a6c0,2026-10-10T20:15:00Z,Ohio State Buckeyes,Maryland Terrapins,bovada,Bovada,2026-10-10T06:12:36Z,totals,2026-10-10T06:12:36Z,Over,-115,56.5,20261010061359476901
NCAAF,americanfootball_ncaaf,031164b8d704599d8023a3e104f9a6c0,2026-10-10T20:15:00Z,Ohio State Buckeyes,Maryland Terrapins,bovada,Bovada,2026-10-10T06:12:36Z,totals,2026-10-10T06:12:36Z,Under,-105,56.5,20261010061359476901
NCAAF,americanfootball_ncaaf,031164b8d704599d8023a3e104f9a6c0,2026-10-10T20:15:00Z,Ohio State Buckeyes,Maryland Terrapins,betus,BetUS,2026-10-10T06:13:55Z,spreads,2026-10-10T06:13:54Z,Maryland Terrapins,-110,33.0,20261010061359476901
NCAAF,americanfootball_ncaaf,031164b8d704599d8023a3e104f9a6c0,2026-10-10T20:15:00Z,Ohio State Buckeyes,Maryland Terrapins,betus,BetUS,2026-10-10T06:13:55Z,spreads,2026-10-10T06:13:54Z,Ohio State Buckeyes,-110,-33.0,20261010061359476901
NCAAF,americanfootball_ncaaf,031164b8d704599d8023a3e104f9a6c0,2026-10-10T20:15:00Z,Ohio State Buckeyes,Maryland Terrapins,betus,BetUS,2026-10-10T06:13:55Z,totals,2026-10-10T06:13:54Z,Over,-110,56.5,20261010061359476901
NCAAF,americanfootball_ncaaf,031164b8d704599d8023a3e104f9a6c0,2026-10-10T20:15:00Z,Ohio State Buckeyes,Maryland Terrapins,betus,BetUS,2026-10-10T06:13:55Z,totals,2026-10-10T06:13:54Z,Under,-110,56.5,20261010061359476901
NCAAF,americanfootball_ncaaf,031164b8d704599d8023a3e104f9a6c0,2026-10-10T20:15:00Z,Ohio State Buckeyes,Maryland Terrapins,mybookieag,MyBookie.ag,2026-10-10T06:13:29Z,h2h,2026-10-10T06:13:28Z,Maryland Terrapins,1700,,20261010061359476901
NCAAF,americanfootball_ncaaf,031164b8d704599d8023a3e104f9a6c0,2026-10-10T20:15:00Z,Ohio State Buckeyes,Maryland Terrapins,mybookieag,MyBookie.ag,2026-10-10T06:13:29Z,h2h,2026-10-10T06:13:28Z,Ohio State Buckeyes,-20000,,20261010061359476901
NCAAF,americanfootball_ncaaf,031164b8d704599d8023a3e104f9a6c0,2026-10-10T20:15:00Z,Ohio State Buckeyes,Maryland Terrapins,mybookieag,MyBookie.ag,2026-10-10T06:13:29Z,spreads,2026-10-10T06:13:28Z,Maryland Terrapins,-110,33.0,20261010061359476901
NCAAF,americanfootball_ncaaf,031164b8d704599d8023a3e104f9a6c0,2026-10-10T20:15:00Z,Ohio State Buckeyes,Maryland Terrapins,mybookieag,MyBookie.ag,2026-10-10T06:13:29Z,spreads,2026-10-10T06:13:28Z,Ohio State Buckeyes,-110,-33.0,20261010061359476901
NCAAF,americanfootball_ncaaf,031164b8d704599d8023a3e104f9a6c0,2026-10-10T20:15:00Z,Ohio State Buckeyes,Maryland Terrapins,mybookieag,MyBookie.ag,2026-10-10T06:13:29Z,totals,2026-10-10T06:13:28Z,Over,-110,57.0,20261010061359476901
NCAAF,americanfootball_ncaaf,031164b8d704599d8023a3e104f9a6c0,2026-10-10T20:15:00Z,Ohio State Buckeyes,Maryland Terrapins,mybookieag,MyBookie.ag,2026-10-10T06:13:29Z,totals,2026-10-10T06:13:28Z,Under,-110,57.0,20261010061359476901
NCAAF,americanfootball_ncaaf,6e4d435e9afc8a6db1162d2057d74acb,2026-10-10T22:00:00Z,Oregon State Beavers,San Diego State Aztecs,fanduel,FanDuel,2026-10-10T06:13:40Z,h2h,2026-10-10T06:13:39Z,Oregon State Beavers,-880,,20261010061359476901
NCAAF,americanfootball_ncaaf,6e4d435e9afc8a6db1162d2057d74acb,2026-10-10T22:00:00Z,Oregon State Beavers,San Diego State Aztecs,fanduel,FanDuel,2026-10-10T06:13:40Z,h2h,2026-10-10T06:13:39Z,San Diego State Aztecs,580,,20261010061359476901
NCAAF,americanfootball_ncaaf,6e4d435e9afc8a6db1162d2057d74acb,2026-10-10T22:00:00Z,Oregon State Beavers,San Diego State Aztecs,fanduel,FanDuel,2026-10-10T06:13:40Z,spreads,2026-10-10T06:13:39Z,Oregon State Beavers,-118,-15.5,20261010061359476901
NCAAF,americanfootball_ncaaf,6e4d435e9afc8a6db1162d2057d74acb,2026-10-10T22:00:00Z,Oregon State Beavers,San Diego State Aztecs,fanduel,FanDuel,2026-10-10T06:13:40Z,spreads,2026-10-10T06:13:39Z,San Diego State Aztecs,-104,15.5,20261010061359476901
NCAAF,americanfootball_ncaaf,6e4d435e9afc8a6db1162d2057d74acb,2026-10-10T22:00:00Z,Oregon State Beavers,San Diego State Aztecs,fanduel,FanDuel,2026-10-10T06:13:40Z,totals,2026-10-10T06:13:39Z,Over,-108,52.5,20261010061359476901
NCAAF,americanfootball_ncaaf,6e4d435e9afc8a6db1162d2057d74acb,2026-10-10T22:00:00Z,Oregon State Beavers,San Diego State Aztecs,fanduel,FanDuel,2026-10-10T06:13:40Z,totals,2026-10-10T06:13:39Z,Under,-112,52.5,20261010061359476901
NCAAF,americanfootball_ncaaf,6e4d435e9afc8a6db1162d2057d74acb,2026-10-10T22:00:00Z,Oregon State Beavers,San Diego State Aztecs,betrivers,BetRivers,2026-10-10T06:13:23Z,h2h,2026-10-10T06:13:23Z,Oregon State Beavers,-910,,20261010061359476901
NCAAF,americanfootball_ncaaf,6e4d435e9afc8a6db1162d2057d74acb,2026-10-10T22:00:00Z,Oregon State Beavers,San Diego State Aztecs,betrivers,BetRivers,2026-10-10T06:13:23Z,h2h,2026-10-10T06:13:23Z,San Diego State Aztecs,540,,20261010061359476901
NCAAF,americanfootball_ncaaf,6e4d435e9afc8a6db1162d2057d74acb,2026-10-10T22:00:00Z,Oregon State Beavers,San Diego State Aztecs,betrivers,BetRivers,2026-10-10T06:13:23Z,spreads,2026-10-10T06:13:23Z,Oregon State Beavers,-110,-16.0,20261010061359476901
NCAAF,americanfootball_ncaaf,6e4d435e9afc8a6db1162d2057d74acb,2026-10-10T22:00:00Z,Oregon State Beavers,San Diego State Aztecs,betrivers,BetRivers,2026-10-10T06:13:23Z,spreads,2026-10-10T06:13:23Z,San Diego State Aztecs,-113,16.0,20261010061359476901
NCAAF,americanfootball_ncaaf,6e4d435e9afc8a6db1162d2057d74acb,2026-10-10T22:00:00Z,Oregon State Beavers,San Diego State Aztecs,betrivers,BetRivers,2026-10-10T06:13:23Z,totals,2026-10-10T06:13:23Z,Over,-114,52.5,20261010061359476901
NCAAF,americanfootball_ncaaf,6e4d435e9afc8a6db1162d2057d74acb,2026-10-10T22:00:00Z,Oregon State Beavers,San Diego State Aztecs,betrivers,BetRivers,2026-10-10T06:13:23Z,totals,2026-10-10T06:13:23Z,Under,-108,52.5,20261010061359476901
NCAAF,americanfootball_ncaaf,6e4d435e9afc8a6db1162d2057d74acb,2026-10-10T22:00:00Z,Oregon State Beavers,San Diego State Aztecs,betmgm,BetMGM,2026-10-10T06:13:39Z,h2h,2026-10-10T06:13:39Z,Oregon State Beavers,-750,,20261010061359476901
NCAAF,americanfootball_ncaaf,6e4d435e9afc8a6db1162d2057d74acb,2026-10-10T22:00:00Z,Oregon State Beavers,San Diego State Aztecs,betmgm,BetMGM,2026-10-10T06:13:39Z,h2h,2026-10-10T06:13:39Z,San Diego State Aztecs,525,,20261010061359476901
NCAAF,americanfootball_ncaaf,6e4d435e9afc8a6db1162d2057d74acb,2026-10-10T22:00:00Z,Oregon State Beavers,San Diego State Aztecs,betmgm,BetMGM,2026-10-10T06:13:39Z,spreads,2026-10-10T06:13:39Z,Oregon State Beavers,-105,-16.5,20261010061359476901
NCAAF,americanfootball_ncaaf,6e4d435e9afc8a6db1162d2057d74acb,2026-10-10T22:00:00Z,Oregon State Beavers,San Diego State Aztecs,betmgm,BetMGM,2026-10-10T06:13:39Z,spreads,2026-10-10T06:13:39Z,San Diego State Aztecs,-115,16.5,20261010061359476901
NCAAF,americanfootball_ncaaf,6e4d435e9afc8a6db1162d2057d74acb,2026-10-10T22:00:00Z,Oregon State Beavers,San Diego State Aztecs,betmgm,BetMGM,2026-10-10T06:13:39Z,totals,2026-10-10T06:13:39Z,Over,-110,53.5,20261010061359476901
NCAAF,americanfootball_ncaaf,6e4d435e9afc8a6db1162d2057d74acb,2026-10-10T22:00:00Z,Oregon State Beavers,San Diego State Aztecs,betmgm,BetMGM,2026-10-10T06:13:39Z,totals,2026-10-10T06:13:39Z,Under,-110,53.5,20261010061359476901
NCAAF,americanfootball_ncaaf,6e4d435e9afc8a6db1162d2057d74acb,2026-10-10T22:00:00Z,Oregon State Beavers,San Diego State Aztecs,lowvig,LowVig.ag,2026-10-10T06:13:39Z,h2h,2026-10-10T06:13:39Z,Oregon State Beavers,-750,,20261010061359476901
NCAAF,americanfootball_ncaaf,6e4d435e9afc8a6db1162d2057d74acb,2026-10-10T22:00:00Z,Oregon State Beavers,San Diego State Aztecs,lowvig,LowVig.ag,2026-10-10T06:13:39Z,h2h,2026-10-10T06:13:39Z,San Diego State Aztecs,534,,20261010061359476901
NCAAF,americanfootball_ncaaf,6e4d435e9afc8a6db1162d2057d74acb,2026-10-10T22:00:00Z,Oregon State Beavers,San Diego State Aztecs,lowvig,LowVig.ag,2026-10-10T06:13:39Z,spreads,2026-10-10T06:13:39Z,Oregon State Beavers,-106,-16.0,20261010061359476901
NCAAF,americanfootball_ncaaf,6e4d435e9afc8a6db1162d2057d74acb,2026-10-10T22:00:00Z,Oregon State Beavers,San Diego State Aztecs,lowvig,LowVig.ag,2026-10-10T06:13:39Z,spreads,2026-10-10T06:13:39Z,San Diego State Aztecs,-106,16.0,20261010061359476901
NCAAF,americanfootball_ncaaf,6e4d435e9afc8a6db1162d2057d74acb,2026-10-10T22:00:00Z,Oregon State Beavers,San Diego State Aztecs,lowvig,LowVig.ag,2026-10-10T06:13:39Z,totals,2026-10-10T06:13:39Z,Over,-103,53.5,20261010061359476901
NCAAF,americanfootball_ncaaf,6e4d435e9afc8a6db1162d2057d74acb,2026-10-10T22:00:00Z,Oregon State Beavers,San Diego State Aztecs,lowvig,LowVig.ag,2026-10-10T06:13:39Z,totals,2026-10-10T06:13:39Z,Under,-114,53.5,20261010061359476901
NCAAF,americanfootball_ncaaf,6e4d435e9afc8a6db1162d2057d74acb,2026-10-10T22:00:00Z,Oregon State Beavers,San Diego State Aztecs,betonlineag,BetOnline.ag,2026-10-10T06:13:21Z,h2h,2026-10-10T06:13:21Z,Oregon State Beavers,-750,,20261010061359476901
NCAAF,americanfootball_ncaaf,6e4d435e9afc8a6db1162d2057d74acb,2026-10-10T22:00:00Z,Oregon State Beavers,San Diego State Aztecs,betonlineag,BetOnline.ag,2026-10-10T06:13:21Z,h2h,2026-10-10T06:13:21Z,San Diego State Aztecs,534,,20261010061359476901
NCAAF,americanfootball_ncaaf,6e4d435e9afc8a6db1162d2057d74acb,2026-10-10T22:00:00Z,Oregon State Beavers,San Diego State Aztecs,betonlineag,BetOnline.ag,2026-10-10T06:13:21Z,spreads,2026-10-10T06:13:21Z,Oregon State Beavers,-110,-16.0,20261010061359476901
NCAAF,americanfootball_ncaaf,6e4d435e9afc8a6db1162d2057d74acb,2026-10-10T22:00:00Z,Oregon State Beavers,San Diego State Aztecs,betonlineag,BetOnline.ag,2026-10-10T06:13:21Z,spreads,2026-10-10T06:13:21Z,San Diego State Aztecs,-110,16.0,20261010061359476901
NCAAF,americanfootball_ncaaf,6e4d435e9afc8a6db1162d2057d74acb,2026-10-10T22:00:00Z,Oregon State Beavers,San Diego State Aztecs,betonlineag,BetOnline.ag,2026-10-10T06:13:21Z,totals,2026-10-10T06:13:21Z,Over,-105,53.5,20261010061359476901
NCAAF,americanfootball_ncaaf,6e4d435e9afc8a6db1162d2057d74acb,2026-10-10T22:00:00Z,Oregon State Beavers,San Diego State Aztecs,betonlineag,BetOnline.ag,2026-10-10T06:13:21Z,totals,2026-10-10T06:13:21Z,Under,-115,53.5,20261010061359476901
NCAAF,americanfootball_ncaaf,6e4d435e9afc8a6db1162d2057d74acb,2026-10-10T22:00:00Z,Oregon State Beavers,San Diego State Aztecs,draftkings,DraftKings,2026-10-10T06:13:23Z,h2h,2026-10-10T06:13:22Z,Oregon State Beavers,-750,,20261010061359476901
NCAAF,americanfootball_ncaaf,6e4d435e9afc8a6db1162d2057d74acb,2026-10-10T22:00:00Z,Oregon State Beavers,San Diego State Aztecs,draftkings,DraftKings,2026-10-10T06:13:23Z,h2h,2026-10-10T06:13:22Z,San Diego State Aztecs,525,,20261010061359476901
NCAAF,americanfootball_ncaaf,6e4d435e9afc8a6db1162d2057d74acb,2026-10-10T22:00:00Z,Oregon State Beavers,San Diego State Aztecs,draftkings,DraftKings,2026-10-10T06:13:23Z,spreads,2026-10-10T06:13:22Z,Oregon State Beavers,-108,-16.5,20261010061359476901
NCAAF,americanfootball_ncaaf,6e4d435e9afc8a6db1162d2057d74acb,2026-10-10T22:00:00Z,Oregon State Beavers,San Diego State Aztecs,draftkings,DraftKings,2026-10-10T06:13:23Z,spreads,2026-10-10T06:13:22Z,San Diego State Aztecs,-112,16.5,20261010061359476901
NCAAF,americanfootball_ncaaf,6e4d435e9afc8a6db1162d2057d74acb,2026-10-10T22:00:00Z,Oregon State Beavers,San Diego State Aztecs,draftkings,DraftKings,2026-10-10T06:13:23Z,totals,2026-10-10T06:13:22Z,Over,-110,52.5,20261010061359476901
NCAAF,americanfootball_ncaaf,6e4d435e9afc8a6db1162d2057d74acb,2026-10-10T22:00:00Z,Oregon State Beavers,San Diego State Aztecs,draftkings,DraftKings,2026-10-10T06:13:23Z,totals,2026-10-10T06:13:22Z,Under,-110,52.5,20261010061359476901
NCAAF,americanfootball_ncaaf,6e4d435e9afc8a6db1162d2057d74acb,2026-10-10T22:00:00Z,Oregon State Beavers,San Diego State Aztecs,mybookieag,MyBookie.ag,2026-10-10T06:13:29Z,h2h,2026-10-10T06:13:28Z,Oregon State Beavers,-800,,20261010061359476901
NCAAF,americanfootball_ncaaf,6e4d435e9afc8a6db1162d2057d74acb,2026-10-10T22:00:00Z,Oregon State Beavers,San Diego State Aztecs,mybookieag,MyBookie.ag,2026-10-10T06:13:29Z,h2h,2026-10-10T06:13:28Z,San Diego State Aztecs,530,,20261010061359476901
NCAAF,americanfootball_ncaaf,6e4d435e9afc8a6db1162d2057d74acb,2026-10-10T22:00:00Z,Oregon State Beavers,San Diego State Aztecs,mybookieag,MyBookie.ag,2026-10-10T06:13:29Z,spreads,2026-10-10T06:13:28Z,Oregon State Beavers,-110,-16.0,20261010061359476901
NCAAF,americanfootball_ncaaf,6e4d435e9afc8a6db1162d2057d74acb,2026-10-10T22:00:00Z,Oregon State Beavers,San Diego State Aztecs,mybookieag,MyBookie.ag,2026-10-10T06:13:29Z,spreads,2026-10-10T06:13:28Z,San Diego State Aztecs,-110,16.0,20261010061359476901
NCAAF,americanfootball_ncaaf,6e4d435e9afc8a6db1162d2057d74acb,2026-10-10T22:00:00Z,Oregon State Beavers,San Diego State Aztecs,mybookieag,MyBookie.ag,2026-10-10T06:13:29Z,totals,2026-10-10T06:13:28Z,Over,-110,52.5,20261010061359476901
NCAAF,americanfootball_ncaaf,6e4d435e9afc8a6db1162d2057d74acb,2026-10-10T22:00:00Z,Oregon State Beavers,San Diego State Aztecs,mybookieag,MyBookie.ag,2026-10-10T06:13:29Z,totals,2026-10-10T06:13:28Z,Under,-110,52.5,20261010061359476901
NCAAF,americanfootball_ncaaf,6e4d435e9afc8a6db1162d2057d74acb,2026-10-10T22:00:00Z,Oregon State Beavers,San Diego State Aztecs,betus,BetUS,2026-10-10T06:13:55Z,h2h,2026-10-10T06:13:55Z,Oregon State Beavers,-750,,20261010061359476901
NCAAF,americanfootball_ncaaf,6e4d435e9afc8a6db1162d2057d74acb,2026-10-10T22:00:00Z,Oregon State Beavers,San Diego State Aztecs,betus,BetUS,2026-10-10T06:13:55Z,h2h,2026-10-10T06:13:55Z,San Diego State Aztecs,530,,20261010061359476901
NCAAF,americanfootball_ncaaf,6e4d435e9afc8a6db1162d2057d74acb,2026-10-10T22:00:00Z,Oregon State Beavers,San Diego State Aztecs,betus,BetUS,2026-10-10T06:13:55Z,spreads,2026-10-10T06:13:55Z,Oregon State Beavers,-110,-16.0,20261010061359476901
NCAAF,americanfootball_ncaaf,6e4d435e9afc8a6db1162d2057d74acb,2026-10-10T22:00:00Z,Oregon State Beavers,San Diego State Aztecs,betus,BetUS,2026-10-10T06:13:55Z,spreads,2026-10-10T06:13:55Z,San Diego State Aztecs,-110,16.0,20261010061359476901
NCAAF,americanfootball_ncaaf,6e4d435e9afc8a6db1162d2057d74acb,2026-10-10T22:00:00Z,Oregon State Beavers,San Diego State Aztecs,betus,BetUS,2026-10-10T06:13:55Z,totals,2026-10-10T06:13:55Z,Over,-110,52.0,20261010061359476901
NCAAF,americanfootball_ncaaf,6e4d435e9afc8a6db1162d2057d74acb,2026-10-10T22:00:00Z,Oregon State Beavers,San Diego State Aztecs,betus,BetUS,2026-10-10T06:13:55Z,totals,2026-10-10T06:13:55Z,Under,-110,52.0,20261010061359476901
NCAAF,americanfootball_ncaaf,6e4d435e9afc8a6db1162d2057d74acb,2026-10-10T22:00:00Z,Oregon State Beavers,San Diego State Aztecs,bovada,Bovada,2026-10-10T06:12:36Z,h2h,2026-10-10T06:12:36Z,Oregon State Beavers,-750,,20261010061359476901
NCAAF,americanfootball_ncaaf,6e4d435e9afc8a6db1162d2057d74acb,2026-10-10T22:00:00Z,Oregon State Beavers,San Diego State Aztecs,bovada,Bovada,2026-10-10T06:12:36Z,h2h,2026-10-10T06:12:36Z,San Diego State Aztecs,500,,20261010061359476901
NCAAF,americanfootball_ncaaf,6e4d435e9afc8a6db1162d2057d74acb,2026-10-10T22:00:00Z,Oregon State Beavers,San Diego State Aztecs,bovada,Bovada,2026-10-10T06:12:36Z,spreads,2026-10-10T06:12:36Z,Oregon State Beavers,-110,-16.0,20261010061359476901
NCAAF,americanfootball_ncaaf,6e4d435e9afc8a6db1162d2057d74acb,2026-10-10T22:00:00Z,Oregon State Beavers,San Diego State Aztecs,bovada,Bovada,2026-10-10T06:12:36Z,spreads,2026-10-10T06:12:36Z,San Diego State Aztecs,-110,16.0,20261010061359476901
NCAAF,americanfootball_ncaaf,6e4d435e9afc8a6db1162d2057d74acb,2026-10-10T22:00:00Z,Oregon State Beavers,San Diego State Aztecs,bovada,Bovada,2026-10-10T06:12:36Z,totals,2026-10-10T06:12:36Z,Over,-105,53.0,20261010061359476901
NCAAF,americanfootball_ncaaf,6e4d435e9afc8a6db1162d2057d74acb,2026-10-10T22:00:00Z,Oregon State Beavers,San Diego State Aztecs,bovada,Bovada,2026-10-10T06:12:36Z,totals,2026-10-10T06:12:36Z,Under,-115,53.0,20261010061359476901
NCAAF,americanfootball_ncaaf,21a7dc0df1a77eb87cc985e844095cf0,2026-10-10T23:00:00Z,Marshall Thundering Herd,Coastal Carolina Chanticleers,draftkings,DraftKings,2026-10-10T06:13:23Z,h2h,2026-10-10T06:13:22Z,Coastal Carolina Chanticleers,154,,20261010061359476901
NCAAF,americanfootball_ncaaf,21a7dc0df1a77eb87cc985e844095cf0,2026-10-10T23:00:00Z,Marshall Thundering Herd,Coastal Carolina Chanticleers,draftkings,DraftKings,2026-10-10T06:13:23Z,h2h,2026-10-10T06:13:22Z,Marshall Thundering Herd,-185,,20261010061359476901
NCAAF,americanfootball_ncaaf,21a7dc0df1a77eb87cc985e844095cf0,2026-10-10T23:00:00Z,Marshall Thundering Herd,Coastal Carolina Chanticleers,draftkings,DraftKings,2026-10-10T06:13:23Z,spreads,2026-10-10T06:13:22Z,Coastal Carolina Chanticleers,-108,4.0,20261010061359476901
NCAAF,americanfootball_ncaaf,21a7dc0df1a77eb87cc985e844095cf0,2026-10-10T23:00:00Z,Marshall Thundering Herd,Coastal Carolina Chanticleers,draftkings,DraftKings,2026-10-10T06:13:23Z,spreads,2026-10-10T06:13:22Z,Marshall Thundering Herd,-112,-4.0,20261010061359476901
NCAAF,americanfootball_ncaaf,21a7dc0df1a77eb87cc985e844095cf0,2026-10-10T23:00:00Z,Marshall Thundering Herd,Coastal Carolina Chanticleers,draftkings,DraftKings,2026-10-10T06:13:23Z,totals,2026-10-10T06:13:22Z,Over,-108,58.5,20261010061359476901
NCAAF,americanfootball_ncaaf,21a7dc0df1a77eb87cc985e844095cf0,2026-10-10T23:00:00Z,Marshall Thundering Herd,Coastal Carolina Chanticleers,draftkings,DraftKings,2026-10-10T06:13:23Z,totals,2026-10-10T06:13:22Z,Under,-112,58.5,20261010061359476901
NCAAF,americanfootball_ncaaf,21a7dc0df1a77eb87cc985e844095cf0,2026-10-10T23:00:00Z,Marshall Thundering Herd,Coastal Carolina Chanticleers,fanduel,FanDuel,2026-10-10T06:13:40Z,h2h,2026-10-10T06:13:39Z,Coastal Carolina Chanticleers,155,,20261010061359476901
NCAAF,americanfootball_ncaaf,21a7dc0df1a77eb87cc985e844095cf0,2026-10-10T23:00:00Z,Marshall Thundering Herd,Coastal Carolina Chanticleers,fanduel,FanDuel,2026-10-10T06:13:40Z,h2h,2026-10-10T06:13:39Z,Marshall Thundering Herd,-188,,20261010061359476901
NCAAF,americanfootball_ncaaf,21a7dc0df1a77eb87cc985e844095cf0,2026-10-10T23:00:00Z,Marshall Thundering Herd,Coastal Carolina Chanticleers,fanduel,FanDuel,2026-10-10T06:13:40Z,spreads,2026-10-10T06:13:39Z,Coastal Carolina Chanticleers,-115,4.5,20261010061359476901
NCAAF,americanfootball_ncaaf,21a7dc0df1a77eb87cc985e844095cf0,2026-10-10T23:00:00Z,Marshall Thundering Herd,Coastal Carolina Chanticleers,fanduel,FanDuel,2026-10-10T06:13:40Z,spreads,2026-10-10T06:13:39Z,Marshall Thundering Herd,-105,-4.5,20261010061359476901
NCAAF,americanfootball_ncaaf,21a7dc0df1a77eb87cc985e844095cf0,2026-10-10T23:00:00Z,Marshall Thundering Herd,Coastal Carolina Chanticleers,fanduel,FanDuel,2026-10-10T06:13:40Z,totals,2026-10-10T06:13:39Z,Over,-108,58.5,20261010061359476901
NCAAF,americanfootball_ncaaf,21a7dc0df1a77eb87cc985e844095cf0,2026-10-10T23:00:00Z,Marshall Thundering Herd,Coastal Carolina Chanticleers,fanduel,FanDuel,2026-10-10T06:13:40Z,totals,2026-10-10T06:13:39Z,Under,-112,58.5,20261010061359476901
NCAAF,americanfootball_ncaaf,21a7dc0df1a77eb87cc985e844095cf0,2026-10-10T23:00:00Z,Marshall Thundering Herd,Coastal Carolina Chanticleers,lowvig,LowVig.ag,2026-10-10T06:13:39Z,h2h,2026-10-10T06:13:39Z,Coastal Carolina Chanticleers,155,,20261010061359476901
NCAAF,americanfootball_ncaaf,21a7dc0df1a77eb87cc985e844095cf0,2026-10-10T23:00:00Z,Marshall Thundering Herd,Coastal Carolina Chanticleers,lowvig,LowVig.ag,2026-10-10T06:13:39Z,h2h,2026-10-10T06:13:39Z,Marshall Thundering Herd,-177,,20261010061359476901
NCAAF,americanfootball_ncaaf,21a7dc0df1a77eb87cc985e844095cf0,2026-10-10T23:00:00Z,Marshall Thundering Herd,Coastal Carolina Chanticleers,lowvig,LowVig.ag,2026-10-10T06:13:39Z,spreads,2026-10-10T06:13:39Z,Coastal Carolina Chanticleers,-104,4.0,20261010061359476901
NCAAF,americanfootball_ncaaf,21a7dc0df1a77eb87cc985e844095cf0,2026-10-10T23:00:00Z,Marshall Thundering Herd,Coastal Carolina Chanticleers,lowvig,LowVig.ag,2026-10-10T06:13:39Z,spreads,2026-10-10T06:13:39Z,Marshall Thundering Herd,-108,-4.0,20261010061359476901
NCAAF,americanfootball_ncaaf,21a7dc0df1a77eb87cc985e844095cf0,2026-10-10T23:00:00Z,Marshall Thundering Herd,Coastal Carolina Chanticleers,lowvig,LowVig.ag,2026-10-10T06:13:39Z,totals,2026-10-10T06:13:39Z,Over,-114,57.0,20261010061359476901
NCAAF,americanfootball_ncaaf,21a7dc0df1a77eb87cc985e844095cf0,2026-10-10T23:00:00Z,Marshall Thundering Herd,Coastal Carolina Chanticleers,lowvig,LowVig.ag,2026-10-10T06:13:39Z,totals,2026-10-10T06:13:39Z,Under,-103,57.0,20261010061359476901
NCAAF,americanfootball_ncaaf,21a7dc0df1a77eb87cc985e844095cf0,2026-10-10T23:00:00Z,Marshall Thundering Herd,Coastal Carolina Chanticleers,betonlineag,BetOnline.ag,2026-10-10T06:13:21Z,h2h,2026-10-10T06:13:21Z,Coastal Carolina Chanticleers,155,,20261010061359476901
NCAAF,americanfootball_ncaaf,21a7dc0df1a77eb87cc985e844095cf0,2026-10-10T23:00:00Z,Marshall Thundering Herd,Coastal Carolina Chanticleers,betonlineag,BetOnline.ag,2026-10-10T06:13:21Z,h2h,2026-10-10T06:13:21Z,Marshall Thundering Herd,-177,,20261010061359476901
NCAAF,americanfootball_ncaaf,21a7dc0df1a77eb87cc985e844095cf0,2026-10-10T23:00:00Z,Marshall Thundering Herd,Coastal Carolina Chanticleers,betonlineag,BetOnline.ag,2026-10-10T06:13:21Z,spreads,2026-10-10T06:13:21Z,Coastal Carolina Chanticleers,-108,4.0,20261010061359476901
NCAAF,americanfootball_ncaaf,21a7dc0df1a77eb87cc985e844095cf0,2026-10-10T23:00:00Z,Marshall Thundering Herd,Coastal Carolina Chanticleers,betonlineag,BetOnline.ag,2026-10-10T06:13:21Z,spreads,2026-10-10T06:13:21Z,Marshall Thundering Herd,-112,-4.0,20261010061359476901
NCAAF,americanfootball_ncaaf,21a7dc0df1a77eb87cc985e844095cf0,2026-10-10T23:00:00Z,Marshall Thundering Herd,Coastal Carolina Chanticleers,betonlineag,BetOnline.ag,2026-10-10T06:13:21Z,totals,2026-10-10T06:13:21Z,Over,-115,57.0,20261010061359476901
NCAAF,americanfootball_ncaaf,21a7dc0df1a77eb87cc985e844095cf0,2026-10-10T23:00:00Z,Marshall Thundering Herd,Coastal Carolina Chanticleers,betonlineag,BetOnline.ag,2026-10-10T06:13:21Z,totals,2026-10-10T06:13:21Z,Under,-105,57.0,20261010061359476901
NCAAF,americanfootball_ncaaf,21a7dc0df1a77eb87cc985e844095cf0,2026-10-10T23:00:00Z,Marshall Thundering Herd,Coastal Carolina Chanticleers,betrivers,BetRivers,2026-10-10T06:13:23Z,h2h,2026-10-10T06:13:23Z,Coastal Carolina Chanticleers,170,,20261010061359476901
NCAAF,americanfootball_ncaaf,21a7dc0df1a77eb87cc985e844095cf0,2026-10-10T23:00:00Z,Marshall Thundering Herd,Coastal Carolina Chanticleers,betrivers,BetRivers,2026-10-10T06:13:23Z,h2h,2026-10-10T06:13:23Z,Marshall Thundering Herd,-215,,20261010061359476901
NCAAF,americanfootball_ncaaf,21a7dc0df1a77eb87cc985e844095cf0,2026-10-10T23:00:00Z,Marshall Thundering Herd,Coastal Carolina Chanticleers,betrivers,BetRivers,2026-10-10T06:13:23Z,spreads,2026-10-10T06:13:23Z,Coastal Carolina Chanticleers,-112,5.0,20261010061359476901
NCAAF,americanfootball_ncaaf,21a7dc0df1a77eb87cc985e844095cf0,2026-10-10T23:00:00Z,Marshall Thundering Herd,Coastal Carolina Chanticleers,betrivers,BetRivers,2026-10-10T06:13:23Z,spreads,2026-10-10T06:13:23Z,Marshall Thundering Herd,-112,-5.0,20261010061359476901
NCAAF,americanfootball_ncaaf,21a7dc0df1a77eb87cc985e844095cf0,2026-10-10T23:00:00Z,Marshall Thundering Herd,Coastal Carolina Chanticleers,betrivers,BetRivers,2026-10-10T06:13:23Z,totals,2026-10-10T06:13:23Z,Over,-113,58.5,20261010061359476901
NCAAF,americanfootball_ncaaf,21a7dc0df1a77eb87cc985e844095cf0,2026-10-10T23:00:00Z,Marshall Thundering Herd,Coastal Carolina Chanticleers,betrivers,BetRivers,2026-10-10T06:13:23Z,totals,2026-10-10T06:13:23Z,Under,-109,58.5,20261010061359476901
NCAAF,americanfootball_ncaaf,21a7dc0df1a77eb87cc985e844095cf0,2026-10-10T23:00:00Z,Marshall Thundering Herd,Coastal Carolina Chanticleers,betmgm,BetMGM,2026-10-10T06:13:39Z,h2h,2026-10-10T06:13:39Z,Coastal Carolina Chanticleers,155,,20261010061359476901
NCAAF,americanfootball_ncaaf,21a7dc0df1a77eb87cc985e844095cf0,2026-10-10T23:00:00Z,Marshall Thundering Herd,Coastal Carolina Chanticleers,betmgm,BetMGM,2026-10-10T06:13:39Z,h2h,2026-10-10T06:13:39Z,Marshall Thundering Herd,-185,,20261010061359476901
NCAAF,americanfootball_ncaaf,21a7dc0df1a77eb87cc985e844095cf0,2026-10-10T23:00:00Z,Marshall Thundering Herd,Coastal Carolina Chanticleers,betmgm,BetMGM,2026-10-10T06:13:39Z,spreads,2026-10-10T06:13:39Z,Coastal Carolina Chanticleers,-110,4.0,20261010061359476901
NCAAF,americanfootball_ncaaf,21a7dc0df1a77eb87cc985e844095cf0,2026-10-10T23:00:00Z,Marshall Thundering Herd,Coastal Carolina Chanticleers,betmgm,BetMGM,2026-10-10T06:13:39Z,spreads,2026-10-10T06:13:39Z,Marshall Thundering Herd,-110,-4.0,20261010061359476901
NCAAF,americanfootball_ncaaf,21a7dc0df1a77eb87cc985e844095cf0,2026-10-10T23:00:00Z,Marshall Thundering Herd,Coastal Carolina Chanticleers,betmgm,BetMGM,2026-10-10T06:13:39Z,totals,2026-10-10T06:13:39Z,Over,-115,58.5,20261010061359476901
NCAAF,americanfootball_ncaaf,21a7dc0df1a77eb87cc985e844095cf0,2026-10-10T23:00:00Z,Marshall Thundering Herd,Coastal Carolina Chanticleers,betmgm,BetMGM,2026-10-10T06:13:39Z,totals,2026-10-10T06:13:39Z,Under,-105,58.5,20261010061359476901
NCAAF,americanfootball_ncaaf,21a7dc0df1a77eb87cc985e844095cf0,2026-10-10T23:00:00Z,Marshall Thundering Herd,Coastal Carolina Chanticleers,mybookieag,MyBookie.ag,2026-10-10T06:13:29Z,h2h,2026-10-10T06:13:28Z,Coastal Carolina Chanticleers,158,,20261010061359476901
NCAAF,americanfootball_ncaaf,21a7dc0df1a77eb87cc985e844095cf0,2026-10-10T23:00:00Z,Marshall Thundering Herd,Coastal Carolina Chanticleers,mybookieag,MyBookie.ag,2026-10-10T06:13:29Z,h2h,2026-10-10T06:13:28Z,Marshall Thundering Herd,-196,,20261010061359476901
NCAAF,americanfootball_ncaaf,21a7dc0df1a77eb87cc985e844095cf0,2026-10-10T23:00:00Z,Marshall Thundering Herd,Coastal Carolina Chanticleers,mybookieag,MyBookie.ag,2026-10-10T06:13:29Z,spreads,2026-10-10T06:13:28Z,Coastal Carolina Chanticleers,-110,4.0,20261010061359476901
NCAAF,americanfootball_ncaaf,21a7dc0df1a77eb87cc985e844095cf0,2026-10-10T23:00:00Z,Marshall Thundering Herd,Coastal Carolina Chanticleers,mybookieag,MyBookie.ag,2026-10-10T06:13:29Z,spreads,2026-10-10T06:13:28Z,Marshall Thundering Herd,-110,-4.0,20261010061359476901
NCAAF,americanfootball_ncaaf,21a7dc0df1a77eb87cc985e844095cf0,2026-10-10T23:00:00Z,Marshall Thundering Herd,Coastal Carolina Chanticleers,mybookieag,MyBookie.ag,2026-10-10T06:13:29Z,totals,2026-10-10T06:13:28Z,Over,-110,58.0,20261010061359476901
NCAAF,americanfootball_ncaaf,21a7dc0df1a77eb87cc985e844095cf0,2026-10-10T23:00:00Z,Marshall Thundering Herd,Coastal Carolina Chanticleers,mybookieag,MyBookie.ag,2026-10-10T06:13:29Z,totals,2026-10-10T06:13:28Z,Under,-110,58.0,20261010061359476901
NCAAF,americanfootball_ncaaf,21a7dc0df1a77eb87cc985e844095cf0,2026-10-10T23:00:00Z,Marshall Thundering Herd,Coastal Carolina Chanticleers,betus,BetUS,2026-10-10T06:13:55Z,h2h,2026-10-10T06:13:54Z,Coastal Carolina Chanticleers,150,,20261010061359476901
NCAAF,americanfootball_ncaaf,21a7dc0df1a77eb87cc985e844095cf0,2026-10-10T23:00:00Z,Marshall Thundering Herd,Coastal Carolina Chanticleers,betus,BetUS,2026-10-10T06:13:55Z,h2h,2026-10-10T06:13:54Z,Marshall Thundering Herd,-175,,20261010061359476901
NCAAF,americanfootball_ncaaf,21a7dc0df1a77eb87cc985e844095cf0,2026-10-10T23:00:00Z,Marshall Thundering Herd,Coastal Carolina Chanticleers,betus,BetUS,2026-10-10T06:13:55Z,spreads,2026-10-10T06:13:54Z,Coastal Carolina Chanticleers,-110,4.0,20261010061359476901
NCAAF,americanfootball_ncaaf,21a7dc0df1a77eb87cc985e844095cf0,2026-10-10T23:00:00Z,Marshall Thundering Herd,Coastal Carolina Chanticleers,betus,BetUS,2026-10-10T06:13:55Z,spreads,2026-10-10T06:13:54Z,Marshall Thundering Herd,-110,-4.0,20261010061359476901
NCAAF,americanfootball_ncaaf,21a7dc0df1a77eb87cc985e844095cf0,2026-10-10T23:00:00Z,Marshall Thundering Herd,Coastal Carolina Chanticleers,betus,BetUS,2026-10-10T06:13:55Z,totals,2026-10-10T06:13:54Z,Over,-110,58.0,20261010061359476901
NCAAF,americanfootball_ncaaf,21a7dc0df1a77eb87cc985e844095cf0,2026-10-10T23:00:00Z,Marshall Thundering Herd,Coastal Carolina Chanticleers,betus,BetUS,2026-10-10T06:13:55Z,totals,2026-10-10T06:13:54Z,Under,-110,58.0,20261010061359476901
NCAAF,americanfootball_ncaaf,21a7dc0df1a77eb87cc985e844095cf0,2026-10-10T23:00:00Z,Marshall Thundering Herd,Coastal Carolina Chanticleers,bovada,Bovada,2026-10-10T06:12:36Z,h2h,2026-10-10T06:12:36Z,Coastal Carolina Chanticleers,165,,20261010061359476901
NCAAF,americanfootball_ncaaf,21a7dc0df1a77eb87cc985e844095cf0,2026-10-10T23:00:00Z,Marshall Thundering Herd,Coastal Carolina Chanticleers,bovada,Bovada,2026-10-10T06:12:36Z,h2h,2026-10-10T06:12:36Z,Marshall Thundering Herd,-195,,20261010061359476901
NCAAF,americanfootball_ncaaf,21a7dc0df1a77eb87cc985e844095cf0,2026-10-10T23:00:00Z,Marshall Thundering Herd,Coastal Carolina Chanticleers,bovada,Bovada,2026-10-10T06:12:36Z,spreads,2026-10-10T06:12:36Z,Coastal Carolina Chanticleers,-110,4.5,20261010061359476901
NCAAF,americanfootball_ncaaf,21a7dc0df1a77eb87cc985e844095cf0,2026-10-10T23:00:00Z,Marshall Thundering Herd,Coastal Carolina Chanticleers,bovada,Bovada,2026-10-10T06:12:36Z,spreads,2026-10-10T06:12:36Z,Marshall Thundering Herd,-110,-4.5,20261010061359476901
NCAAF,americanfootball_ncaaf,21a7dc0df1a77eb87cc985e844095cf0,2026-10-10T23:00:00Z,Marshall Thundering Herd,Coastal Carolina Chanticleers,bovada,Bovada,2026-10-10T06:12:36Z,totals,2026-10-10T06:12:36Z,Over,-110,58.5,20261010061359476901
NCAAF,americanfootball_ncaaf,21a7dc0df1a77eb87cc985e844095cf0,2026-10-10T23:00:00Z,Marshall Thundering Herd,Coastal Carolina Chanticleers,bovada,Bovada,2026-10-10T06:12:36Z,totals,2026-10-10T06:12:36Z,Under,-110,58.5,20261010061359476901
NCAAF,americanfootball_ncaaf,bdfaffbf5873812f3e04de2cbd273aa6,2026-10-10T23:00:00Z,Kentucky Wildcats,LSU Tigers,draftkings,DraftKings,2026-10-10T06:13:23Z,h2h,2026-10-10T06:13:22Z,Kentucky Wildcats,275,,20261010061359476901
NCAAF,americanfootball_ncaaf,bdfaffbf5873812f3e04de2cbd273aa6,2026-10-10T23:00:00Z,Kentucky Wildcats,LSU Tigers,draftkings,DraftKings,2026-10-10T06:13:23Z,h2h,2026-10-10T06:13:22Z,LSU Tigers,-345,,20261010061359476901
NCAAF,americanfootball_ncaaf,bdfaffbf5873812f3e04de2cbd273aa6,2026-10-10T23:00:00Z,Kentucky Wildcats,LSU Tigers,draftkings,DraftKings,2026-10-10T06:13:23Z,spreads,2026-10-10T06:13:22Z,Kentucky Wildcats,-108,8.5,20261010061359476901
NCAAF,americanfootball_ncaaf,bdfaffbf5873812f3e04de2cbd273aa6,2026-10-10T23:00:00Z,Kentucky Wildcats,LSU Tigers,draftkings,DraftKings,2026-10-10T06:13:23Z,spreads,2026-10-10T06:13:22Z,LSU Tigers,-112,-8.5,20261010061359476901
NCAAF,americanfootball_ncaaf,bdfaffbf5873812f3e04de2cbd273aa6,2026-10-10T23:00:00Z,Kentucky Wildcats,LSU Tigers,draftkings,DraftKings,2026-10-10T06:13:23Z,totals,2026-10-10T06:13:22Z,Over,-115,50.5,20261010061359476901
NCAAF,americanfootball_ncaaf,bdfaffbf5873812f3e04de2cbd273aa6,2026-10-10T23:00:00Z,Kentucky Wildcats,LSU Tigers,draftkings,DraftKings,2026-10-10T06:13:23Z,totals,2026-10-10T06:13:22Z,Under,-105,50.5,20261010061359476901
NCAAF,americanfootball_ncaaf,bdfaffbf5873812f3e04de2cbd273aa6,2026-10-10T23:00:00Z,Kentucky Wildcats,LSU Tigers,betrivers,BetRivers,2026-10-10T06:13:23Z,h2h,2026-10-10T06:13:23Z,Kentucky Wildcats,295,,20261010061359476901
NCAAF,americanfootball_ncaaf,bdfaffbf5873812f3e04de2cbd273aa6,2026-10-10T23:00:00Z,Kentucky Wildcats,LSU Tigers,betrivers,BetRivers,2026-10-10T06:13:23Z,h2h,2026-10-10T06:13:23Z,LSU Tigers,-420,,20261010061359476901
NCAAF,americanfootball_ncaaf,bdfaffbf5873812f3e04de2cbd273aa6,2026-10-10T23:00:00Z,Kentucky Wildcats,LSU Tigers,betrivers,BetRivers,2026-10-10T06:13:23Z,spreads,2026-10-10T06:13:23Z,Kentucky Wildcats,-110,9.5,20261010061359476901
NCAAF,americanfootball_ncaaf,bdfaffbf5873812f3e04de2cbd273aa6,2026-10-10T23:00:00Z,Kentucky Wildcats,LSU Tigers,betrivers,BetRivers,2026-10-10T06:13:23Z,spreads,2026-10-10T06:13:23Z,LSU Tigers,-113,-9.5,20261010061359476901
NCAAF,americanfootball_ncaaf,bdfaffbf5873812f3e04de2cbd273aa6,2026-10-10T23:00:00Z,Kentucky Wildcats,LSU Tigers,betrivers,BetRivers,2026-10-10T06:13:23Z,totals,2026-10-10T06:13:23Z,Over,-109,51.0,20261010061359476901
NCAAF,americanfootball_ncaaf,bdfaffbf5873812f3e04de2cbd273aa6,2026-10-10T23:00:00Z,Kentucky Wildcats,LSU Tigers,betrivers,BetRivers,2026-10-10T06:13:23Z,totals,2026-10-10T06:13:23Z,Under,-113,51.0,20261010061359476901
NCAAF,americanfootball_ncaaf,bdfaffbf5873812f3e04de2cbd273aa6,2026-10-10T23:00:00Z,Kentucky Wildcats,LSU Tigers,mybookieag,MyBookie.ag,2026-10-10T06:13:29Z,h2h,2026-10-10T06:13:28Z,Kentucky Wildcats,270,,20261010061359476901
NCAAF,americanfootball_ncaaf,bdfaffbf5873812f3e04de2cbd273aa6,2026-10-10T23:00:00Z,Kentucky Wildcats,LSU Tigers,mybookieag,MyBookie.ag,2026-10-10T06:13:29Z,h2h,2026-10-10T06:13:28Z,LSU Tigers,-360,,20261010061359476901
NCAAF,americanfootball_ncaaf,bdfaffbf5873812f3e04de2cbd273aa6,2026-10-10T23:00:00Z,Kentucky Wildcats,LSU Tigers,mybookieag,MyBookie.ag,2026-10-10T06:13:29Z,spreads,2026-10-10T06:13:28Z,Kentucky Wildcats,-110,9.5,20261010061359476901
NCAAF,americanfootball_ncaaf,bdfaffbf5873812f3e04de2cbd273aa6,2026-10-10T23:00:00Z,Kentucky Wildcats,LSU Tigers,mybookieag,MyBookie.ag,2026-10-10T06:13:29Z,spreads,2026-10-10T06:13:28Z,LSU Tigers,-110,-9.5,20261010061359476901
NCAAF,americanfootball_ncaaf,bdfaffbf5873812f3e04de2cbd273aa6,2026-10-10T23:00:00Z,Kentucky Wildcats,LSU Tigers,mybookieag,MyBookie.ag,2026-10-10T06:13:29Z,totals,2026-10-10T06:13:28Z,Over,-110,50.0,20261010061359476901
NCAAF,americanfootball_ncaaf,bdfaffbf5873812f3e04de2cbd273aa6,2026-10-10T23:00:00Z,Kentucky Wildcats,LSU Tigers,mybookieag,MyBookie.ag,2026-10-10T06:13:29Z,totals,2026-10-10T06:13:28Z,Under,-110,50.0,20261010061359476901
NCAAF,americanfootball_ncaaf,bdfaffbf5873812f3e04de2cbd273aa6,2026-10-10T23:00:00Z,Kentucky Wildcats,LSU Tigers,fanduel,FanDuel,2026-10-10T06:13:40Z,h2h,2026-10-10T06:13:39Z,Kentucky Wildcats,255,,20261010061359476901
NCAAF,americanfootball_ncaaf,bdfaffbf5873812f3e04de2cbd273aa6,2026-10-10T23:00:00Z,Kentucky Wildcats,LSU Tigers,fanduel,FanDuel,2026-10-10T06:13:40Z,h2h,2026-10-10T06:13:39Z,LSU Tigers,-320,,20261010061359476901
NCAAF,americanfootball_ncaaf,bdfaffbf5873812f3e04de2cbd273aa6,2026-10-10T23:00:00Z,Kentucky Wildcats,LSU Tigers,fanduel,FanDuel,2026-10-10T06:13:40Z,spreads,2026-10-10T06:13:39Z,Kentucky Wildcats,-110,8.5,20261010061359476901
NCAAF,americanfootball_ncaaf,bdfaffbf5873812f3e04de2cbd273aa6,2026-10-10T23:00:00Z,Kentucky Wildcats,LSU Tigers,fanduel,FanDuel,2026-10-10T06:13:40Z,spreads,2026-10-10T06:13:39Z,LSU Tigers,-110,-8.5,20261010061359476901
NCAAF,americanfootball_ncaaf,bdfaffbf5873812f3e04de2cbd273aa6,2026-10-10T23:00:00Z,Kentucky Wildcats,LSU Tigers,fanduel,FanDuel,2026-10-10T06:13:40Z,totals,2026-10-10T06:13:39Z,Over,-112,50.5,20261010061359476901
NCAAF,americanfootball_ncaaf,bdfaffbf5873812f3e04de2cbd273aa6,2026-10-10T23:00:00Z,Kentucky Wildcats,LSU Tigers,fanduel,FanDuel,2026-10-10T06:13:40Z,totals,2026-10-10T06:13:39Z,Under,-108,50.5,20261010061359476901
NCAAF,americanfootball_ncaaf,bdfaffbf5873812f3e04de2cbd273aa6,2026-10-10T23:00:00Z,Kentucky Wildcats,LSU Tigers,betonlineag,BetOnline.ag,2026-10-10T06:13:21Z,h2h,2026-10-10T06:13:21Z,Kentucky Wildcats,260,,20261010061359476901
NCAAF,americanfootball_ncaaf,bdfaffbf5873812f3e04de2cbd273aa6,2026-10-10T23:00:00Z,Kentucky Wildcats,LSU Tigers,betonlineag,BetOnline.ag,2026-10-10T06:13:21Z,h2h,2026-10-10T06:13:21Z,LSU Tigers,-320,,20261010061359476901
NCAAF,americanfootball_ncaaf,bdfaffbf5873812f3e04de2cbd273aa6,2026-10-10T23:00:00Z,Kentucky Wildcats,LSU Tigers,betonlineag,BetOnline.ag,2026-10-10T06:13:21Z,spreads,2026-10-10T06:13:21Z,Kentucky Wildcats,-105,8.0,20261010061359476901
NCAAF,americanfootball_ncaaf,bdfaffbf5873812f3e04de2cbd273aa6,2026-10-10T23:00:00Z,Kentucky Wildcats,LSU Tigers,betonlineag,BetOnline.ag,2026-10-10T06:13:21Z,spreads,2026-10-10T06:13:21Z,LSU Tigers,-115,-8.0,20261010061359476901
NCAAF,americanfootball_ncaaf,bdfaffbf5873812f3e04de2cbd273aa6,2026-10-10T23:00:00Z,Kentucky Wildcats,LSU Tigers,betonlineag,BetOnline.ag,2026-10-10T06:13:21Z,totals,2026-10-10T06:13:21Z,Over,-110,51.0,20261010061359476901
NCAAF,americanfootball_ncaaf,bdfaffbf5873812f3e04de2cbd273aa6,2026-10-10T23:00:00Z,Kentucky Wildcats,LSU Tigers,betonlineag,BetOnline.ag,2026-10-10T06:13:21Z,totals,2026-10-10T06:13:21Z,Under,-110,51.0,20261010061359476901
NCAAF,americanfootball_ncaaf,bdfaffbf5873812f3e04de2cbd273aa6,2026-10-10T23:00:00Z,Kentucky Wildcats,LSU Tigers,lowvig,LowVig.ag,2026-10-10T06:13:39Z,h2h,2026-10-10T06:13:39Z,Kentucky Wildcats,260,,20261010061359476901
NCAAF,americanfootball_ncaaf,bdfaffbf5873812f3e04de2cbd273aa6,2026-10-10T23:00:00Z,Kentucky Wildcats,LSU Tigers,lowvig,LowVig.ag,2026-10-10T06:13:39Z,h2h,2026-10-10T06:13:39Z,LSU Tigers,-320,,20261010061359476901
NCAAF,americanfootball_ncaaf,bdfaffbf5873812f3e04de2cbd273aa6,2026-10-10T23:00:00Z,Kentucky Wildcats,LSU Tigers,lowvig,LowVig.ag,2026-10-10T06:13:39Z,spreads,2026-10-10T06:13:39Z,Kentucky Wildcats,-101,8.0,20261010061359476901
NCAAF,americanfootball_ncaaf,bdfaffbf5873812f3e04de2cbd273aa6,2026-10-10T23:00:00Z,Kentucky Wildcats,LSU Tigers,lowvig,LowVig.ag,2026-10-10T06:13:39Z,spreads,2026-10-10T06:13:39Z,LSU Tigers,-111,-8.0,20261010061359476901
NCAAF,americanfootball_ncaaf,bdfaffbf5873812f3e04de2cbd273aa6,2026-10-10T23:00:00Z,Kentucky Wildcats,LSU Tigers,lowvig,LowVig.ag,2026-10-10T06:13:39Z,totals,2026-10-10T06:13:39Z,Over,-108,51.0,20261010061359476901
NCAAF,americanfootball_ncaaf,bdfaffbf5873812f3e04de2cbd273aa6,2026-10-10T23:00:00Z,Kentucky Wildcats,LSU Tigers,lowvig,LowVig.ag,2026-10-10T06:13:39Z,totals,2026-10-10T06:13:39Z,Under,-108,51.0,20261010061359476901
NCAAF,americanfootball_ncaaf,bdfaffbf5873812f3e04de2cbd273aa6,2026-10-10T23:00:00Z,Kentucky Wildcats,LSU Tigers,betmgm,BetMGM,2026-10-10T06:13:39Z,h2h,2026-10-10T06:13:39Z,Kentucky Wildcats,280,,20261010061359476901
NCAAF,americanfootball_ncaaf,bdfaffbf5873812f3e04de2cbd273aa6,2026-10-10T23:00:00Z,Kentucky Wildcats,LSU Tigers,betmgm,BetMGM,2026-10-10T06:13:39Z,h2h,2026-10-10T06:13:39Z,LSU Tigers,-350,,20261010061359476901
NCAAF,americanfootball_ncaaf,bdfaffbf5873812f3e04de2cbd273aa6,2026-10-10T23:00:00Z,Kentucky Wildcats,LSU Tigers,betmgm,BetMGM,2026-10-10T06:13:39Z,spreads,2026-10-10T06:13:39Z,Kentucky Wildcats,-105,8.5,20261010061359476901
NCAAF,americanfootball_ncaaf,bdfaffbf5873812f3e04de2cbd273aa6,2026-10-10T23:00:00Z,Kentucky Wildcats,LSU Tigers,betmgm,BetMGM,2026-10-10T06:13:39Z,spreads,2026-10-10T06:13:39Z,LSU Tigers,-115,-8.5,20261010061359476901
NCAAF,americanfootball_ncaaf,bdfaffbf5873812f3e04de2cbd273aa6,2026-10-10T23:00:00Z,Kentucky Wildcats,LSU Tigers,betmgm,BetMGM,2026-10-10T06:13:39Z,totals,2026-10-10T06:13:39Z,Over,-115,50.5,20261010061359476901
NCAAF,americanfootball_ncaaf,bdfaffbf5873812f3e04de2cbd273aa6,2026-10-10T23:00:00Z,Kentucky Wildcats,LSU Tigers,betmgm,BetMGM,2026-10-10T06:13:39Z,totals,2026-10-10T06:13:39Z,Under,-105,50.5,20261010061359476901
NCAAF,americanfootball_ncaaf,bdfaffbf5873812f3e04de2cbd273aa6,2026-10-10T23:00:00Z,Kentucky Wildcats,LSU Tigers,bovada,Bovada,2026-10-10T06:12:36Z,h2h,2026-10-10T06:12:36Z,Kentucky Wildcats,275,,20261010061359476901
NCAAF,americanfootball_ncaaf,bdfaffbf5873812f3e04de2cbd273aa6,2026-10-10T23:00:00Z,Kentucky Wildcats,LSU Tigers,bovada,Bovada,2026-10-10T06:12:36Z,h2h,2026-10-10T06:12:36Z,LSU Tigers,-350,,20261010061359476901
NCAAF,americanfootball_ncaaf,bdfaffbf5873812f3e04de2cbd273aa6,2026-10-10T23:00:00Z,Kentucky Wildcats,LSU Tigers,bovada,Bovada,2026-10-10T06:12:36Z,spreads,2026-10-10T06:12:36Z,Kentucky Wildcats,-110,8.5,20261010061359476901
NCAAF,americanfootball_ncaaf,bdfaffbf5873812f3e04de2cbd273aa6,2026-10-10T23:00:00Z,Kentucky Wildcats,LSU Tigers,bovada,Bovada,2026-10-10T06:12:36Z,spreads,2026-10-10T06:12:36Z,LSU Tigers,-110,-8.5,20261010061359476901
NCAAF,americanfootball_ncaaf,bdfaffbf5873812f3e04de2cbd273aa6,2026-10-10T23:00:00Z,Kentucky Wildcats,LSU Tigers,bovada,Bovada,2026-10-10T06:12:36Z,totals,2026-10-10T06:12:36Z,Over,-115,50.5,20261010061359476901
NCAAF,americanfootball_ncaaf,bdfaffbf5873812f3e04de2cbd273aa6,2026-10-10T23:00:00Z,Kentucky Wildcats,LSU Tigers,bovada,Bovada,2026-10-10T06:12:36Z,totals,2026-10-10T06:12:36Z,Under,-105,50.5,20261010061359476901
NCAAF,americanfootball_ncaaf,bdfaffbf5873812f3e04de2cbd273aa6,2026-10-10T23:00:00Z,Kentucky Wildcats,LSU Tigers,betus,BetUS,2026-10-10T06:13:55Z,h2h,2026-10-10T06:13:54Z,Kentucky Wildcats,260,,20261010061359476901
NCAAF,americanfootball_ncaaf,bdfaffbf5873812f3e04de2cbd273aa6,2026-10-10T23:00:00Z,Kentucky Wildcats,LSU Tigers,betus,BetUS,2026-10-10T06:13:55Z,h2h,2026-10-10T06:13:54Z,LSU Tigers,-320,,20261010061359476901
NCAAF,americanfootball_ncaaf,bdfaffbf5873812f3e04de2cbd273aa6,2026-10-10T23:00:00Z,Kentucky Wildcats,LSU Tigers,betus,BetUS,2026-10-10T06:13:55Z,spreads,2026-10-10T06:13:54Z,Kentucky Wildcats,-110,9.0,20261010061359476901
NCAAF,americanfootball_ncaaf,bdfaffbf5873812f3e04de2cbd273aa6,2026-10-10T23:00:00Z,Kentucky Wildcats,LSU Tigers,betus,BetUS,2026-10-10T06:13:55Z,spreads,2026-10-10T06:13:54Z,LSU Tigers,-110,-9.0,20261010061359476901
NCAAF,americanfootball_ncaaf,bdfaffbf5873812f3e04de2cbd273aa6,2026-10-10T23:00:00Z,Kentucky Wildcats,LSU Tigers,betus,BetUS,2026-10-10T06:13:55Z,totals,2026-10-10T06:13:54Z,Over,-110,50.5,20261010061359476901
NCAAF,americanfootball_ncaaf,bdfaffbf5873812f3e04de2cbd273aa6,2026-10-10T23:00:00Z,Kentucky Wildcats,LSU Tigers,betus,BetUS,2026-10-10T06:13:55Z,totals,2026-10-10T06:13:54Z,Under,-110,50.5,20261010061359476901
NCAAF,americanfootball_ncaaf,7cc5cec6dac13487c15b70d0f4411ca6,2026-10-10T23:00:00Z,Memphis Tigers,UAB Blazers,draftkings,DraftKings,2026-10-10T06:13:23Z,h2h,2026-10-10T06:13:22Z,Memphis Tigers,-625,,20261010061359476901
NCAAF,americanfootball_ncaaf,7cc5cec6dac13487c15b70d0f4411ca6,2026-10-10T23:00:00Z,Memphis Tigers,UAB Blazers,draftkings,DraftKings,2026-10-10T06:13:23Z,h2h,2026-10-10T06:13:22Z,UAB Blazers,455,,20261010061359476901
NCAAF,americanfootball_ncaaf,7cc5cec6dac13487c15b70d0f4411ca6,2026-10-10T23:00:00Z,Memphis Tigers,UAB Blazers,draftkings,DraftKings,2026-10-10T06:13:23Z,spreads,2026-10-10T06:13:22Z,Memphis Tigers,-108,-14.5,20261010061359476901
NCAAF,americanfootball_ncaaf,7cc5cec6dac13487c15b70d0f4411ca6,2026-10-10T23:00:00Z,Memphis Tigers,UAB Blazers,draftkings,DraftKings,2026-10-10T06:13:23Z,spreads,2026-10-10T06:13:22Z,UAB Blazers,-112,14.5,20261010061359476901
NCAAF,americanfootball_ncaaf,7cc5cec6dac13487c15b70d0f4411ca6,2026-10-10T23:00:00Z,Memphis Tigers,UAB Blazers,draftkings,DraftKings,2026-10-10T06:13:23Z,totals,2026-10-10T06:13:22Z,Over,-115,53.5,20261010061359476901
NCAAF,americanfootball_ncaaf,7cc5cec6dac13487c15b70d0f4411ca6,2026-10-10T23:00:00Z,Memphis Tigers,UAB Blazers,draftkings,DraftKings,2026-10-10T06:13:23Z,totals,2026-10-10T06:13:22Z,Under,-105,53.5,20261010061359476901
NCAAF,americanfootball_ncaaf,7cc5cec6dac13487c15b70d0f4411ca6,2026-10-10T23:00:00Z,Memphis Tigers,UAB Blazers,fanduel,FanDuel,2026-10-10T06:13:39Z,h2h,2026-10-10T06:13:39Z,Memphis Tigers,-670,,20261010061359476901
NCAAF,americanfootball_ncaaf,7cc5cec6dac13487c15b70d0f4411ca6,2026-10-10T23:00:00Z,Memphis Tigers,UAB Blazers,fanduel,FanDuel,2026-10-10T06:13:39Z,h2h,2026-10-10T06:13:39Z,UAB Blazers,470,,20261010061359476901
NCAAF,americanfootball_ncaaf,7cc5cec6dac13487c15b70d0f4411ca6,2026-10-10T23:00:00Z,Memphis Tigers,UAB Blazers,fanduel,FanDuel,2026-10-10T06:13:39Z,spreads,2026-10-10T06:13:39Z,Memphis Tigers,-110,-14.5,20261010061359476901
NCAAF,americanfootball_ncaaf,7cc5cec6dac13487c15b70d0f4411ca6,2026-10-10T23:00:00Z,Memphis Tigers,UAB Blazers,fanduel,FanDuel,2026-10-10T06:13:39Z,spreads,2026-10-10T06:13:39Z,UAB Blazers,-110,14.5,20261010061359476901
NCAAF,americanfootball_ncaaf,7cc5cec6dac13487c15b70d0f4411ca6,2026-10-10T23:00:00Z,Memphis Tigers,UAB Blazers,fanduel,FanDuel,2026-10-10T06:13:39Z,totals,2026-10-10T06:13:39Z,Over,-110,54.5,20261010061359476901
NCAAF,americanfootball_ncaaf,7cc5cec6dac13487c15b70d0f4411ca6,2026-10-10T23:00:00Z,Memphis Tigers,UAB Blazers,fanduel,FanDuel,2026-10-10T06:13:39Z,totals,2026-10-10T06:13:39Z,Under,-110,54.5,20261010061359476901
NCAAF,americanfootball_ncaaf,7cc5cec6dac13487c15b70d0f4411ca6,2026-10-10T23:00:00Z,Memphis Tigers,UAB Blazers,betrivers,BetRivers,2026-10-10T06:13:23Z,h2h,2026-10-10T06:13:23Z,Memphis Tigers,-770,,20261010061359476901
NCAAF,americanfootball_ncaaf,7cc5cec6dac13487c15b70d0f4411ca6,2026-10-10T23:00:00Z,Memphis Tigers,UAB Blazers,betrivers,BetRivers,2026-10-10T06:13:23Z,h2h,2026-10-10T06:13:23Z,UAB Blazers,500,,20261010061359476901
NCAAF,americanfootball_ncaaf,7cc5cec6dac13487c15b70d0f4411ca6,2026-10-10T23:00:00Z,Memphis Tigers,UAB Blazers,betrivers,BetRivers,2026-10-10T06:13:23Z,spreads,2026-10-10T06:13:23Z,Memphis Tigers,-108,-14.5,20261010061359476901
NCAAF,americanfootball_ncaaf,7cc5cec6dac13487c15b70d0f4411ca6,2026-10-10T23:00:00Z,Memphis Tigers,UAB Blazers,betrivers,BetRivers,2026-10-10T06:13:23Z,spreads,2026-10-10T06:13:23Z,UAB Blazers,-115,14.5,20261010061359476901
NCAAF,americanfootball_ncaaf,7cc5cec6dac13487c15b70d0f4411ca6,2026-10-10T23:00:00Z,Memphis Tigers,UAB Blazers,betrivers,BetRivers,2026-10-10T06:13:23Z,totals,2026-10-10T06:13:23Z,Over,-112,53.5,20261010061359476901
NCAAF,americanfootball_ncaaf,7cc5cec6dac13487c15b70d0f4411ca6,2026-10-10T23:00:00Z,Memphis Tigers,UAB Blazers,betrivers,BetRivers,2026-10-10T06:13:23Z,totals,2026-10-10T06:13:23Z,Under,-112,53.5,20261010061359476901
NCAAF,americanfootball_ncaaf,7cc5cec6dac13487c15b70d0f4411ca6,2026-10-10T23:00:00Z,Memphis Tigers,UAB Blazers,lowvig,LowVig.ag,2026-10-10T06:13:39Z,h2h,2026-10-10T06:13:39Z,Memphis Tigers,-625,,20261010061359476901
NCAAF,americanfootball_ncaaf,7cc5cec6dac13487c15b70d0f4411ca6,2026-10-10T23:00:00Z,Memphis Tigers,UAB Blazers,lowvig,LowVig.ag,2026-10-10T06:13:39Z,h2h,2026-10-10T06:13:39Z,UAB Blazers,461,,20261010061359476901
NCAAF,americanfootball_ncaaf,7cc5cec6dac13487c15b70d0f4411ca6,2026-10-10T23:00:00Z,Memphis Tigers,UAB Blazers,lowvig,LowVig.ag,2026-10-10T06:13:39Z,spreads,2026-10-10T06:13:39Z,Memphis Tigers,-109,-14.5,20261010061359476901
NCAAF,americanfootball_ncaaf,7cc5cec6dac13487c15b70d0f4411ca6,2026-10-10T23:00:00Z,Memphis Tigers,UAB Blazers,lowvig,LowVig.ag,2026-10-10T06:13:39Z,spreads,2026-10-10T06:13:39Z,UAB Blazers,-103,14.5,20261010061359476901
NCAAF,americanfootball_ncaaf,7cc5cec6dac13487c15b70d0f4411ca6,2026-10-10T23:00:00Z,Memphis Tigers,UAB Blazers,lowvig,LowVig.ag,2026-10-10T06:13:39Z,totals,2026-10-10T06:13:39Z,Over,-124,52.5,20261010061359476901
NCAAF,americanfootball_ncaaf,7cc5cec6dac13487c15b70d0f4411ca6,2026-10-10T23:00:00Z,Memphis Tigers,UAB Blazers,lowvig,LowVig.ag,2026-10-10T06:13:39Z,totals,2026-10-10T06:13:39Z,Under,106,52.5,20261010061359476901
NCAAF,americanfootball_ncaaf,7cc5cec6dac13487c15b70d0f4411ca6,2026-10-10T23:00:00Z,Memphis Tigers,UAB Blazers,betonlineag,BetOnline.ag,2026-10-10T06:13:21Z,h2h,2026-10-10T06:13:21Z,Memphis Tigers,-625,,20261010061359476901
NCAAF,americanfootball_ncaaf,7cc5cec6dac13487c15b70d0f4411ca6,2026-10-10T23:00:00Z,Memphis Tigers,UAB Blazers,betonlineag,BetOnline.ag,2026-10-10T06:13:21Z,h2h,2026-10-10T06:13:21Z,UAB Blazers,461,,20261010061359476901
NCAAF,americanfootball_ncaaf,7cc5cec6dac13487c15b70d0f4411ca6,2026-10-10T23:00:00Z,Memphis Tigers,UAB Blazers,betonlineag,BetOnline.ag,2026-10-10T06:13:21Z,spreads,2026-10-10T06:13:21Z,Memphis Tigers,-113,-14.5,20261010061359476901
NCAAF,americanfootball_ncaaf,7cc5cec6dac13487c15b70d0f4411ca6,2026-10-10T23:00:00Z,Memphis Tigers,UAB Blazers,betonlineag,BetOnline.ag,2026-10-10T06:13:21Z,spreads,2026-10-10T06:13:21Z,UAB Blazers,-107,14.5,20261010061359476901
NCAAF,americanfootball_ncaaf,7cc5cec6dac13487c15b70d0f4411ca6,2026-10-10T23:00:00Z,Memphis Tigers,UAB Blazers,betonlineag,BetOnline.ag,2026-10-10T06:13:21Z,totals,2026-10-10T06:13:21Z,Over,-125,52.5,20261010061359476901
NCAAF,americanfootball_ncaaf,7cc5cec6dac13487c15b70d0f4411ca6,2026-10-10T23:00:00Z,Memphis Tigers,UAB Blazers,betonlineag,BetOnline.ag,2026-10-10T06:13:21Z,totals,2026-10-10T06:13:21Z,Under,105,52.5,20261010061359476901
NCAAF,americanfootball_ncaaf,7cc5cec6dac13487c15b70d0f4411ca6,2026-10-10T23:00:00Z,Memphis Tigers,UAB Blazers,betmgm,BetMGM,2026-10-10T06:13:39Z,h2h,2026-10-10T06:13:39Z,Memphis Tigers,-650,,20261010061359476901
NCAAF,americanfootball_ncaaf,7cc5cec6dac13487c15b70d0f4411ca6,2026-10-10T23:00:00Z,Memphis Tigers,UAB Blazers,betmgm,BetMGM,2026-10-10T06:13:39Z,h2h,2026-10-10T06:13:39Z,UAB Blazers,475,,20261010061359476901
NCAAF,americanfootball_ncaaf,7cc5cec6dac13487c15b70d0f4411ca6,2026-10-10T23:00:00Z,Memphis Tigers,UAB Blazers,betmgm,BetMGM,2026-10-10T06:13:39Z,spreads,2026-10-10T06:13:39Z,Memphis Tigers,-110,-14.5,20261010061359476901
NCAAF,americanfootball_ncaaf,7cc5cec6dac13487c15b70d0f4411ca6,2026-10-10T23:00:00Z,Memphis Tigers,UAB Blazers,betmgm,BetMGM,2026-10-10T06:13:39Z,spreads,2026-10-10T06:13:39Z,UAB Blazers,-110,14.5,20261010061359476901
NCAAF,americanfootball_ncaaf,7cc5cec6dac13487c15b70d0f4411ca6,2026-10-10T23:00:00Z,Memphis Tigers,UAB Blazers,betmgm,BetMGM,2026-10-10T06:13:39Z,totals,2026-10-10T06:13:39Z,Over,-110,53.5,20261010061359476901
NCAAF,americanfootball_ncaaf,7cc5cec6dac13487c15b70d0f4411ca6,2026-10-10T23:00:00Z,Memphis Tigers,UAB Blazers,betmgm,BetMGM,2026-10-10T06:13:39Z,totals,2026-10-10T06:13:39Z,Under,-110,53.5,20261010061359476901
NCAAF,americanfootball_ncaaf,7cc5cec6dac13487c15b70d0f4411ca6,2026-10-10T23:00:00Z,Memphis Tigers,UAB Blazers,mybookieag,MyBookie.ag,2026-10-10T06:13:29Z,h2h,2026-10-10T06:13:28Z,Memphis Tigers,-699,,20261010061359476901
NCAAF,americanfootball_ncaaf,7cc5cec6dac13487c15b70d0f4411ca6,2026-10-10T23:00:00Z,Memphis Tigers,UAB Blazers,mybookieag,MyBookie.ag,2026-10-10T06:13:29Z,h2h,2026-10-10T06:13:28Z,UAB Blazers,470,,20261010061359476901
NCAAF,americanfootball_ncaaf,7cc5cec6dac13487c15b70d0f4411ca6,2026-10-10T23:00:00Z,Memphis Tigers,UAB Blazers,mybookieag,MyBookie.ag,2026-10-10T06:13:29Z,spreads,2026-10-10T06:13:28Z,Memphis Tigers,-110,-14.5,20261010061359476901
NCAAF,americanfootball_ncaaf,7cc5cec6dac13487c15b70d0f4411ca6,2026-10-10T23:00:00Z,Memphis Tigers,UAB Blazers,mybookieag,MyBookie.ag,2026-10-10T06:13:29Z,spreads,2026-10-10T06:13:28Z,UAB Blazers,-110,14.5,20261010061359476901
NCAAF,americanfootball_ncaaf,7cc5cec6dac13487c15b70d0f4411ca6,2026-10-10T23:00:00Z,Memphis Tigers,UAB Blazers,mybookieag,MyBookie.ag,2026-10-10T06:13:29Z,totals,2026-10-10T06:13:28Z,Over,-110,54.0,20261010061359476901
NCAAF,americanfootball_ncaaf,7cc5cec6dac13487c15b70d0f4411ca6,2026-10-10T23:00:00Z,Memphis Tigers,UAB Blazers,mybookieag,MyBookie.ag,2026-10-10T06:13:29Z,totals,2026-10-10T06:13:28Z,Under,-110,54.0,20261010061359476901
NCAAF,americanfootball_ncaaf,7cc5cec6dac13487c15b70d0f4411ca6,2026-10-10T23:00:00Z,Memphis Tigers,UAB Blazers,betus,BetUS,2026-10-10T06:13:55Z,h2h,2026-10-10T06:13:55Z,Memphis Tigers,-625,,20261010061359476901
NCAAF,americanfootball_ncaaf,7cc5cec6dac13487c15b70d0f4411ca6,2026-10-10T23:00:00Z,Memphis Tigers,UAB Blazers,betus,BetUS,2026-10-10T06:13:55Z,h2h,2026-10-10T06:13:55Z,UAB Blazers,465,,20261010061359476901
NCAAF,americanfootball_ncaaf,7cc5cec6dac13487c15b70d0f4411ca6,2026-10-10T23:00:00Z,Memphis Tigers,UAB Blazers,betus,BetUS,2026-10-10T06:13:55Z,spreads,2026-10-10T06:13:55Z,Memphis Tigers,-110,-14.5,20261010061359476901
NCAAF,americanfootball_ncaaf,7cc5cec6dac13487c15b70d0f4411ca6,2026-10-10T23:00:00Z,Memphis Tigers,UAB Blazers,betus,BetUS,2026-10-10T06:13:55Z,spreads,2026-10-10T06:13:55Z,UAB Blazers,-110,14.5,20261010061359476901
NCAAF,americanfootball_ncaaf,7cc5cec6dac13487c15b70d0f4411ca6,2026-10-10T23:00:00Z,Memphis Tigers,UAB Blazers,betus,BetUS,2026-10-10T06:13:55Z,totals,2026-10-10T06:13:55Z,Over,-110,53.5,20261010061359476901
NCAAF,americanfootball_ncaaf,7cc5cec6dac13487c15b70d0f4411ca6,2026-10-10T23:00:00Z,Memphis Tigers,UAB Blazers,betus,BetUS,2026-10-10T06:13:55Z,totals,2026-10-10T06:13:55Z,Under,-110,53.5,20261010061359476901
NCAAF,americanfootball_ncaaf,7cc5cec6dac13487c15b70d0f4411ca6,2026-10-10T23:00:00Z,Memphis Tigers,UAB Blazers,bovada,Bovada,2026-10-10T06:12:36Z,h2h,2026-10-10T06:12:36Z,Memphis Tigers,-675,,20261010061359476901
NCAAF,americanfootball_ncaaf,7cc5cec6dac13487c15b70d0f4411ca6,2026-10-10T23:00:00Z,Memphis Tigers,UAB Blazers,bovada,Bovada,2026-10-10T06:12:36Z,h2h,2026-10-10T06:12:36Z,UAB Blazers,460,,20261010061359476901
NCAAF,americanfootball_ncaaf,7cc5cec6dac13487c15b70d0f4411ca6,2026-10-10T23:00:00Z,Memphis Tigers,UAB Blazers,bovada,Bovada,2026-10-10T06:12:36Z,spreads,2026-10-10T06:12:36Z,Memphis Tigers,-110,-15.0,20261010061359476901
NCAAF,americanfootball_ncaaf,7cc5cec6dac13487c15b70d0f4411ca6,2026-10-10T23:00:00Z,Memphis Tigers,UAB Blazers,bovada,Bovada,2026-10-10T06:12:36Z,spreads,2026-10-10T06:12:36Z,UAB Blazers,-110,15.0,20261010061359476901
NCAAF,americanfootball_ncaaf,7cc5cec6dac13487c15b70d0f4411ca6,2026-10-10T23:00:00Z,Memphis Tigers,UAB Blazers,bovada,Bovada,2026-10-10T06:12:36Z,totals,2026-10-10T06:12:36Z,Over,-110,54.0,20261010061359476901
NCAAF,americanfootball_ncaaf,7cc5cec6dac13487c15b70d0f4411ca6,2026-10-10T23:00:00Z,Memphis Tigers,UAB Blazers,bovada,Bovada,2026-10-10T06:12:36Z,totals,2026-10-10T06:12:36Z,Under,-110,54.0,20261010061359476901
NCAAF,americanfootball_ncaaf,a3ce49a66d513b6bd1772b8696863ee1,2026-10-10T23:00:00Z,UTEP Miners,Nevada Wolf Pack,draftkings,DraftKings,2026-10-10T06:13:23Z,h2h,2026-10-10T06:13:22Z,Nevada Wolf Pack,-375,,20261010061359476901
NCAAF,americanfootball_ncaaf,a3ce49a66d513b6bd1772b8696863ee1,2026-10-10T23:00:00Z,UTEP Miners,Nevada Wolf Pack,draftkings,DraftKings,2026-10-10T06:13:23Z,h2h,2026-10-10T06:13:22Z,UTEP Miners,295,,20261010061359476901
NCAAF,americanfootball_ncaaf,a3ce49a66d513b6bd1772b8696863ee1,2026-10-10T23:00:00Z,UTEP Miners,Nevada Wolf Pack,draftkings,DraftKings,2026-10-10T06:13:23Z,spreads,2026-10-10T06:13:22Z,Nevada Wolf Pack,-115,-9.5,20261010061359476901
NCAAF,americanfootball_ncaaf,a3ce49a66d513b6bd1772b8696863ee1,2026-10-10T23:00:00Z,UTEP Miners,Nevada Wolf Pack,draftkings,DraftKings,2026-10-10T06:13:23Z,spreads,2026-10-10T06:13:22Z,UTEP Miners,-105,9.5,20261010061359476901
NCAAF,americanfootball_ncaaf,a3ce49a66d513b6bd1772b8696863ee1,2026-10-10T23:00:00Z,UTEP Miners,Nevada Wolf Pack,draftkings,DraftKings,2026-10-10T06:13:23Z,totals,2026-10-10T06:13:22Z,Over,-105,49.5,20261010061359476901
NCAAF,americanfootball_ncaaf,a3ce49a66d513b6bd1772b8696863ee1,2026-10-10T23:00:00Z,UTEP Miners,Nevada Wolf Pack,draftkings,DraftKings,2026-10-10T06:13:23Z,totals,2026-10-10T06:13:22Z,Under,-115,49.5,20261010061359476901
NCAAF,americanfootball_ncaaf,a3ce49a66d513b6bd1772b8696863ee1,2026-10-10T23:00:00Z,UTEP Miners,Nevada Wolf Pack,lowvig,LowVig.ag,2026-10-10T06:13:39Z,h2h,2026-10-10T06:13:39Z,Nevada Wolf Pack,-350,,20261010061359476901
NCAAF,americanfootball_ncaaf,a3ce49a66d513b6bd1772b8696863ee1,2026-10-10T23:00:00Z,UTEP Miners,Nevada Wolf Pack,lowvig,LowVig.ag,2026-10-10T06:13:39Z,h2h,2026-10-10T06:13:39Z,UTEP Miners,280,,20261010061359476901
NCAAF,americanfootball_ncaaf,a3ce49a66d513b6bd1772b8696863ee1,2026-10-10T23:00:00Z,UTEP Miners,Nevada Wolf Pack,lowvig,LowVig.ag,2026-10-10T06:13:39Z,spreads,2026-10-10T06:13:39Z,Nevada Wolf Pack,-106,-9.0,20261010061359476901
NCAAF,americanfootball_ncaaf,a3ce49a66d513b6bd1772b8696863ee1,2026-10-10T23:00:00Z,UTEP Miners,Nevada Wolf Pack,lowvig,LowVig.ag,2026-10-10T06:13:39Z,spreads,2026-10-10T06:13:39Z,UTEP Miners,-106,9.0,20261010061359476901
NCAAF,americanfootball_ncaaf,a3ce49a66d513b6bd1772b8696863ee1,2026-10-10T23:00:00Z,UTEP Miners,Nevada Wolf Pack,lowvig,LowVig.ag,2026-10-10T06:13:39Z,totals,2026-10-10T06:13:39Z,Over,-103,49.5,20261010061359476901
NCAAF,americanfootball_ncaaf,a3ce49a66d513b6bd1772b8696863ee1,2026-10-10T23:00:00Z,UTEP Miners,Nevada Wolf Pack,lowvig,LowVig.ag,2026-10-10T06:13:39Z,totals,2026-10-10T06:13:39Z,Under,-114,49.5,20261010061359476901
NCAAF,americanfootball_ncaaf,a3ce49a66d513b6bd1772b8696863ee1,2026-10-10T23:00:00Z,UTEP Miners,Nevada Wolf Pack,betonlineag,BetOnline.ag,2026-10-10T06:13:21Z,h2h,2026-10-10T06:13:21Z,Nevada Wolf Pack,-350,,20261010061359476901
NCAAF,americanfootball_ncaaf,a3ce49a66d513b6bd1772b8696863ee1,2026-10-10T23:00:00Z,UTEP Miners,Nevada Wolf Pack,betonlineag,BetOnline.ag,2026-10-10T06:13:21Z,h2h,2026-10-10T06:13:21Z,UTEP Miners,280,,20261010061359476901
NCAAF,americanfootball_ncaaf,a3ce49a66d513b6bd1772b8696863ee1,2026-10-10T23:00:00Z,UTEP Miners,Nevada Wolf Pack,betonlineag,BetOnline.ag,2026-10-10T06:13:21Z,spreads,2026-10-10T06:13:21Z,Nevada Wolf Pack,-110,-9.0,20261010061359476901
NCAAF,americanfootball_ncaaf,a3ce49a66d513b6bd1772b8696863ee1,2026-10-10T23:00:00Z,UTEP Miners,Nevada Wolf Pack,betonlineag,BetOnline.ag,2026-10-10T06:13:21Z,spreads,2026-10-10T06:13:21Z,UTEP Miners,-110,9.0,20261010061359476901
NCAAF,americanfootball_ncaaf,a3ce49a66d513b6bd1772b8696863ee1,2026-10-10T23:00:00Z,UTEP Miners,Nevada Wolf Pack,betonlineag,BetOnline.ag,2026-10-10T06:13:21Z,totals,2026-10-10T06:13:21Z,Over,-105,49.5,20261010061359476901
NCAAF,americanfootball_ncaaf,a3ce49a66d513b6bd1772b8696863ee1,2026-10-10T23:00:00Z,UTEP Miners,Nevada Wolf Pack,betonlineag,BetOnline.ag,2026-10-10T06:13:21Z,totals,2026-10-10T06:13:21Z,Under,-115,49.5,20261010061359476901
NCAAF,americanfootball_ncaaf,a3ce49a66d513b6bd1772b8696863ee1,2026-10-10T23:00:00Z,UTEP Miners,Nevada Wolf Pack,fanduel,FanDuel,2026-10-10T06:13:40Z,h2h,2026-10-10T06:13:39Z,Nevada Wolf Pack,-365,,20261010061359476901
NCAAF,americanfootball_ncaaf,a3ce49a66d513b6bd1772b8696863ee1,2026-10-10T23:00:00Z,UTEP Miners,Nevada Wolf Pack,fanduel,FanDuel,2026-10-10T06:13:40Z,h2h,2026-10-10T06:13:39Z,UTEP Miners,285,,20261010061359476901
NCAAF,americanfootball_ncaaf,a3ce49a66d513b6bd1772b8696863ee1,2026-10-10T23:00:00Z,UTEP Miners,Nevada Wolf Pack,fanduel,FanDuel,2026-10-10T06:13:40Z,spreads,2026-10-10T06:13:39Z,Nevada Wolf Pack,-110,-9.5,20261010061359476901
NCAAF,americanfootball_ncaaf,a3ce49a66d513b6bd1772b8696863ee1,2026-10-10T23:00:00Z,UTEP Miners,Nevada Wolf Pack,fanduel,FanDuel,2026-10-10T06:13:40Z,spreads,2026-10-10T06:13:39Z,UTEP Miners,-110,9.5,20261010061359476901
NCAAF,americanfootball_ncaaf,a3ce49a66d513b6bd1772b8696863ee1,2026-10-10T23:00:00Z,UTEP Miners,Nevada Wolf Pack,fanduel,FanDuel,2026-10-10T06:13:40Z,totals,2026-10-10T06:13:39Z,Over,-110,49.5,20261010061359476901
NCAAF,americanfootball_ncaaf,a3ce49a66d513b6bd1772b8696863ee1,2026-10-10T23:00:00Z,UTEP Miners,Nevada Wolf Pack,fanduel,FanDuel,2026-10-10T06:13:40Z,totals,2026-10-10T06:13:39Z,Under,-110,49.5,20261010061359476901
NCAAF,americanfootball_ncaaf,a3ce49a66d513b6bd1772b8696863ee1,2026-10-10T23:00:00Z,UTEP Miners,Nevada Wolf Pack,betmgm,BetMGM,2026-10-10T06:13:39Z,h2h,2026-10-10T06:13:39Z,Nevada Wolf Pack,-400,,20261010061359476901
NCAAF,americanfootball_ncaaf,a3ce49a66d513b6bd1772b8696863ee1,2026-10-10T23:00:00Z,UTEP Miners,Nevada Wolf Pack,betmgm,BetMGM,2026-10-10T06:13:39Z,h2h,2026-10-10T06:13:39Z,UTEP Miners,300,,20261010061359476901
NCAAF,americanfootball_ncaaf,a3ce49a66d513b6bd1772b8696863ee1,2026-10-10T23:00:00Z,UTEP Miners,Nevada Wolf Pack,betmgm,BetMGM,2026-10-10T06:13:39Z,spreads,2026-10-10T06:13:39Z,Nevada Wolf Pack,-110,-10.0,20261010061359476901
NCAAF,americanfootball_ncaaf,a3ce49a66d513b6bd1772b8696863ee1,2026-10-10T23:00:00Z,UTEP Miners,Nevada Wolf Pack,betmgm,BetMGM,2026-10-10T06:13:39Z,spreads,2026-10-10T06:13:39Z,UTEP Miners,-110,10.0,20261010061359476901
NCAAF,americanfootball_ncaaf,a3ce49a66d513b6bd1772b8696863ee1,2026-10-10T23:00:00Z,UTEP Miners,Nevada Wolf Pack,betmgm,BetMGM,2026-10-10T06:13:39Z,totals,2026-10-10T06:13:39Z,Over,-110,49.5,20261010061359476901
NCAAF,americanfootball_ncaaf,a3ce49a66d513b6bd1772b8696863ee1,2026-10-10T23:00:00Z,UTEP Miners,Nevada Wolf Pack,betmgm,BetMGM,2026-10-10T06:13:39Z,totals,2026-10-10T06:13:39Z,Under,-110,49.5,20261010061359476901
NCAAF,americanfootball_ncaaf,a3ce49a66d513b6bd1772b8696863ee1,2026-10-10T23:00:00Z,UTEP Miners,Nevada Wolf Pack,mybookieag,MyBookie.ag,2026-10-10T06:13:29Z,h2h,2026-10-10T06:13:28Z,Nevada Wolf Pack,-403,,20261010061359476901
NCAAF,americanfootball_ncaaf,a3ce49a66d513b6bd1772b8696863ee1,2026-10-10T23:00:00Z,UTEP Miners,Nevada Wolf Pack,mybookieag,MyBookie.ag,2026-10-10T06:13:29Z,h2h,2026-10-10T06:13:28Z,UTEP Miners,301,,20261010061359476901
NCAAF,americanfootball_ncaaf,a3ce49a66d513b6bd1772b8696863ee1,2026-10-10T23:00:00Z,UTEP Miners,Nevada Wolf Pack,mybookieag,MyBookie.ag,2026-10-10T06:13:29Z,spreads,2026-10-10T06:13:28Z,Nevada Wolf Pack,-110,-9.5,20261010061359476901
NCAAF,americanfootball_ncaaf,a3ce49a66d513b6bd1772b8696863ee1,2026-10-10T23:00:00Z,UTEP Miners,Nevada Wolf Pack,mybookieag,MyBookie.ag,2026-10-10T06:13:29Z,spreads,2026-10-10T06:13:28Z,UTEP Miners,-110,9.5,20261010061359476901
NCAAF,americanfootball_ncaaf,a3ce49a66d513b6bd1772b8696863ee1,2026-10-10T23:00:00Z,UTEP Miners,Nevada Wolf Pack,mybookieag,MyBookie.ag,2026-10-10T06:13:29Z,totals,2026-10-10T06:13:28Z,Over,-110,49.0,20261010061359476901
NCAAF,americanfootball_ncaaf,a3ce49a66d513b6bd1772b8696863ee1,2026-10-10T23:00:00Z,UTEP Miners,Nevada Wolf Pack,mybookieag,MyBookie.ag,2026-10-10T06:13:29Z,totals,2026-10-10T06:13:28Z,Under,-110,49.0,20261010061359476901
NCAAF,americanfootball_ncaaf,a3ce49a66d513b6bd1772b8696863ee1,2026-10-10T23:00:00Z,UTEP Miners,Nevada Wolf Pack,betus,BetUS,2026-10-10T06:13:55Z,h2h,2026-10-10T06:13:55Z,Nevada Wolf Pack,-350,,20261010061359476901
NCAAF,americanfootball_ncaaf,a3ce49a66d513b6bd1772b8696863ee1,2026-10-10T23:00:00Z,UTEP Miners,Nevada Wolf Pack,betus,BetUS,2026-10-10T06:13:55Z,h2h,2026-10-10T06:13:55Z,UTEP Miners,280,,20261010061359476901
NCAAF,americanfootball_ncaaf,a3ce49a66d513b6bd1772b8696863ee1,2026-10-10T23:00:00Z,UTEP Miners,Nevada Wolf Pack,betus,BetUS,2026-10-10T06:13:55Z,spreads,2026-10-10T06:13:55Z,Nevada Wolf Pack,-110,-9.5,20261010061359476901
NCAAF,americanfootball_ncaaf,a3ce49a66d513b6bd1772b8696863ee1,2026-10-10T23:00:00Z,UTEP Miners,Nevada Wolf Pack,betus,BetUS,2026-10-10T06:13:55Z,spreads,2026-10-10T06:13:55Z,UTEP Miners,-110,9.5,20261010061359476901
NCAAF,americanfootball_ncaaf,a3ce49a66d513b6bd1772b8696863ee1,2026-10-10T23:00:00Z,UTEP Miners,Nevada Wolf Pack,betus,BetUS,2026-10-10T06:13:55Z,totals,2026-10-10T06:13:55Z,Over,-110,49.0,20261010061359476901
NCAAF,americanfootball_ncaaf,a3ce49a66d513b6bd1772b8696863ee1,2026-10-10T23:00:00Z,UTEP Miners,Nevada Wolf Pack,betus,BetUS,2026-10-10T06:13:55Z,totals,2026-10-10T06:13:55Z,Under,-110,49.0,20261010061359476901
NCAAF,americanfootball_ncaaf,a3ce49a66d513b6bd1772b8696863ee1,2026-10-10T23:00:00Z,UTEP Miners,Nevada Wolf Pack,bovada,Bovada,2026-10-10T06:12:36Z,h2h,2026-10-10T06:12:36Z,Nevada Wolf Pack,-380,,20261010061359476901
NCAAF,americanfootball_ncaaf,a3ce49a66d513b6bd1772b8696863ee1,2026-10-10T23:00:00Z,UTEP Miners,Nevada Wolf Pack,bovada,Bovada,2026-10-10T06:12:36Z,h2h,2026-10-10T06:12:36Z,UTEP Miners,290,,20261010061359476901
NCAAF,americanfootball_ncaaf,a3ce49a66d513b6bd1772b8696863ee1,2026-10-10T23:00:00Z,UTEP Miners,Nevada Wolf Pack,bovada,Bovada,2026-10-10T06:12:36Z,spreads,2026-10-10T06:12:36Z,Nevada Wolf Pack,-115,-9.5,20261010061359476901
NCAAF,americanfootball_ncaaf,a3ce49a66d513b6bd1772b8696863ee1,2026-10-10T23:00:00Z,UTEP Miners,Nevada Wolf Pack,bovada,Bovada,2026-10-10T06:12:36Z,spreads,2026-10-10T06:12:36Z,UTEP Miners,-105,9.5,20261010061359476901
NCAAF,americanfootball_ncaaf,a3ce49a66d513b6bd1772b8696863ee1,2026-10-10T23:00:00Z,UTEP Miners,Nevada Wolf Pack,bovada,Bovada,2026-10-10T06:12:36Z,totals,2026-10-10T06:12:36Z,Over,-110,49.5,20261010061359476901
NCAAF,americanfootball_ncaaf,a3ce49a66d513b6bd1772b8696863ee1,2026-10-10T23:00:00Z,UTEP Miners,Nevada Wolf Pack,bovada,Bovada,2026-10-10T06:12:36Z,totals,2026-10-10T06:12:36Z,Under,-110,49.5,20261010061359476901
NCAAF,americanfootball_ncaaf,a3ce49a66d513b6bd1772b8696863ee1,2026-10-10T23:00:00Z,UTEP Miners,Nevada Wolf Pack,betrivers,BetRivers,2026-10-10T06:13:23Z,h2h,2026-10-10T06:13:23Z,Nevada Wolf Pack,-400,,20261010061359476901
NCAAF,americanfootball_ncaaf,a3ce49a66d513b6bd1772b8696863ee1,2026-10-10T23:00:00Z,UTEP Miners,Nevada Wolf Pack,betrivers,BetRivers,2026-10-10T06:13:23Z,h2h,2026-10-10T06:13:23Z,UTEP Miners,295,,20261010061359476901
NCAAF,americanfootball_ncaaf,a3ce49a66d513b6bd1772b8696863ee1,2026-10-10T23:00:00Z,UTEP Miners,Nevada Wolf Pack,betrivers,BetRivers,2026-10-10T06:13:23Z,spreads,2026-10-10T06:13:23Z,Nevada Wolf Pack,-114,-9.5,20261010061359476901
NCAAF,americanfootball_ncaaf,a3ce49a66d513b6bd1772b8696863ee1,2026-10-10T23:00:00Z,UTEP Miners,Nevada Wolf Pack,betrivers,BetRivers,2026-10-10T06:13:23Z,spreads,2026-10-10T06:13:23Z,UTEP Miners,-109,9.5,20261010061359476901
NCAAF,americanfootball_ncaaf,a3ce49a66d513b6bd1772b8696863ee1,2026-10-10T23:00:00Z,UTEP Miners,Nevada Wolf Pack,betrivers,BetRivers,2026-10-10T06:13:23Z,totals,2026-10-10T06:13:23Z,Over,-114,49.5,20261010061359476901
NCAAF,americanfootball_ncaaf,a3ce49a66d513b6bd1772b8696863ee1,2026-10-10T23:00:00Z,UTEP Miners,Nevada Wolf Pack,betrivers,BetRivers,2026-10-10T06:13:23Z,totals,2026-10-10T06:13:23Z,Under,-109,49.5,20261010061359476901
NCAAF,americanfootball_ncaaf,4f3a6620c44a51f7b649892be381e0eb,2026-10-10T23:00:00Z,UNLV Rebels,North Dakota State Bison,fanduel,FanDuel,2026-10-10T06:13:40Z,h2h,2026-10-10T06:13:39Z,North Dakota State Bison,-144,,20261010061359476901
NCAAF,americanfootball_ncaaf,4f3a6620c44a51f7b649892be381e0eb,2026-10-10T23:00:00Z,UNLV Rebels,North Dakota State Bison,fanduel,FanDuel,2026-10-10T06:13:40Z,h2h,2026-10-10T06:13:39Z,UNLV Rebels,118,,20261010061359476901
NCAAF,americanfootball_ncaaf,4f3a6620c44a51f7b649892be381e0eb,2026-10-10T23:00:00Z,UNLV Rebels,North Dakota State Bison,fanduel,FanDuel,2026-10-10T06:13:40Z,spreads,2026-10-10T06:13:39Z,North Dakota State Bison,-120,-2.5,20261010061359476901
NCAAF,americanfootball_ncaaf,4f3a6620c44a51f7b649892be381e0eb,2026-10-10T23:00:00Z,UNLV Rebels,North Dakota State Bison,fanduel,FanDuel,2026-10-10T06:13:40Z,spreads,2026-10-10T06:13:39Z,UNLV Rebels,-102,2.5,20261010061359476901
NCAAF,americanfootball_ncaaf,4f3a6620c44a51f7b649892be381e0eb,2026-10-10T23:00:00Z,UNLV Rebels,North Dakota State Bison,fanduel,FanDuel,2026-10-10T06:13:40Z,totals,2026-10-10T06:13:39Z,Over,-118,47.5,20261010061359476901
NCAAF,americanfootball_ncaaf,4f3a6620c44a51f7b649892be381e0eb,2026-10-10T23:00:00Z,UNLV Rebels,North Dakota State Bison,fanduel,FanDuel,2026-10-10T06:13:40Z,totals,2026-10-10T06:13:39Z,Under,-104,47.5,20261010061359476901
NCAAF,americanfootball_ncaaf,4f3a6620c44a51f7b649892be381e0eb,2026-10-10T23:00:00Z,UNLV Rebels,North Dakota State Bison,lowvig,LowVig.ag,2026-10-10T06:13:39Z,h2h,2026-10-10T06:13:39Z,North Dakota State Bison,-134,,20261010061359476901
NCAAF,americanfootball_ncaaf,4f3a6620c44a51f7b649892be381e0eb,2026-10-10T23:00:00Z,UNLV Rebels,North Dakota State Bison,lowvig,LowVig.ag,2026-10-10T06:13:39Z,h2h,2026-10-10T06:13:39Z,UNLV Rebels,114,,20261010061359476901
NCAAF,americanfootball_ncaaf,4f3a6620c44a51f7b649892be381e0eb,2026-10-10T23:00:00Z,UNLV Rebels,North Dakota State Bison,lowvig,LowVig.ag,2026-10-10T06:13:39Z,spreads,2026-10-10T06:13:39Z,North Dakota State Bison,-102,-2.5,20261010061359476901
NCAAF,americanfootball_ncaaf,4f3a6620c44a51f7b649892be381e0eb,2026-10-10T23:00:00Z,UNLV Rebels,North Dakota State Bison,lowvig,LowVig.ag,2026-10-10T06:13:39Z,spreads,2026-10-10T06:13:39Z,UNLV Rebels,-110,2.5,20261010061359476901
NCAAF,americanfootball_ncaaf,4f3a6620c44a51f7b649892be381e0eb,2026-10-10T23:00:00Z,UNLV Rebels,North Dakota State Bison,lowvig,LowVig.ag,2026-10-10T06:13:39Z,totals,2026-10-10T06:13:39Z,Over,-105,48.0,20261010061359476901
NCAAF,americanfootball_ncaaf,4f3a6620c44a51f7b649892be381e0eb,2026-10-10T23:00:00Z,UNLV Rebels,North Dakota State Bison,lowvig,LowVig.ag,2026-10-10T06:13:39Z,totals,2026-10-10T06:13:39Z,Under,-112,48.0,20261010061359476901
NCAAF,americanfootball_ncaaf,4f3a6620c44a51f7b649892be381e0eb,2026-10-10T23:00:00Z,UNLV Rebels,North Dakota State Bison,betonlineag,BetOnline.ag,2026-10-10T06:13:21Z,h2h,2026-10-10T06:13:21Z,North Dakota State Bison,-134,,20261010061359476901
NCAAF,americanfootball_ncaaf,4f3a6620c44a51f7b649892be381e0eb,2026-10-10T23:00:00Z,UNLV Rebels,North Dakota State Bison,betonlineag,BetOnline.ag,2026-10-10T06:13:21Z,h2h,2026-10-10T06:13:21Z,UNLV Rebels,114,,20261010061359476901
NCAAF,americanfootball_ncaaf,4f3a6620c44a51f7b649892be381e0eb,2026-10-10T23:00:00Z,UNLV Rebels,North Dakota State Bison,betonlineag,BetOnline.ag,2026-10-10T06:13:21Z,spreads,2026-10-10T06:13:21Z,North Dakota State Bison,-106,-2.5,20261010061359476901
NCAAF,americanfootball_ncaaf,4f3a6620c44a51f7b649892be381e0eb,2026-10-10T23:00:00Z,UNLV Rebels,North Dakota State Bison,betonlineag,BetOnline.ag,2026-10-10T06:13:21Z,spreads,2026-10-10T06:13:21Z,UNLV Rebels,-114,2.5,20261010061359476901
NCAAF,americanfootball_ncaaf,4f3a6620c44a51f7b649892be381e0eb,2026-10-10T23:00:00Z,UNLV Rebels,North Dakota State Bison,betonlineag,BetOnline.ag,2026-10-10T06:13:21Z,totals,2026-10-10T06:13:21Z,Over,-107,48.0,20261010061359476901
NCAAF,americanfootball_ncaaf,4f3a6620c44a51f7b649892be381e0eb,2026-10-10T23:00:00Z,UNLV Rebels,North Dakota State Bison,betonlineag,BetOnline.ag,2026-10-10T06:13:21Z,totals,2026-10-10T06:13:21Z,Under,-113,48.0,20261010061359476901
NCAAF,americanfootball_ncaaf,4f3a6620c44a51f7b649892be381e0eb,2026-10-10T23:00:00Z,UNLV Rebels,North Dakota State Bison,draftkings,DraftKings,2026-10-10T06:13:23Z,h2h,2026-10-10T06:13:22Z,North Dakota State Bison,-135,,20261010061359476901
NCAAF,americanfootball_ncaaf,4f3a6620c44a51f7b649892be381e0eb,2026-10-10T23:00:00Z,UNLV Rebels,North Dakota State Bison,draftkings,DraftKings,2026-10-10T06:13:23Z,h2h,2026-10-10T06:13:22Z,UNLV Rebels,114,,20261010061359476901
NCAAF,americanfootball_ncaaf,4f3a6620c44a51f7b649892be381e0eb,2026-10-10T23:00:00Z,UNLV Rebels,North Dakota State Bison,draftkings,DraftKings,2026-10-10T06:13:23Z,spreads,2026-10-10T06:13:22Z,North Dakota State Bison,-112,-2.5,20261010061359476901
NCAAF,americanfootball_ncaaf,4f3a6620c44a51f7b649892be381e0eb,2026-10-10T23:00:00Z,UNLV Rebels,North Dakota State Bison,draftkings,DraftKings,2026-10-10T06:13:23Z,spreads,2026-10-10T06:13:22Z,UNLV Rebels,-108,2.5,20261010061359476901
NCAAF,americanfootball_ncaaf,4f3a6620c44a51f7b649892be381e0eb,2026-10-10T23:00:00Z,UNLV Rebels,North Dakota State Bison,draftkings,DraftKings,2026-10-10T06:13:23Z,totals,2026-10-10T06:13:22Z,Over,-115,47.5,20261010061359476901
NCAAF,americanfootball_ncaaf,4f3a6620c44a51f7b649892be381e0eb,2026-10-10T23:00:00Z,UNLV Rebels,North Dakota State Bison,draftkings,DraftKings,2026-10-10T06:13:23Z,totals,2026-10-10T06:13:22Z,Under,-105,47.5,20261010061359476901
NCAAF,americanfootball_ncaaf,4f3a6620c44a51f7b649892be381e0eb,2026-10-10T23:00:00Z,UNLV Rebels,North Dakota State Bison,betmgm,BetMGM,2026-10-10T06:13:39Z,h2h,2026-10-10T06:13:39Z,North Dakota State Bison,-130,,20261010061359476901
NCAAF,americanfootball_ncaaf,4f3a6620c44a51f7b649892be381e0eb,2026-10-10T23:00:00Z,UNLV Rebels,North Dakota State Bison,betmgm,BetMGM,2026-10-10T06:13:39Z,h2h,2026-10-10T06:13:39Z,UNLV Rebels,110,,20261010061359476901
NCAAF,americanfootball_ncaaf,4f3a6620c44a51f7b649892be381e0eb,2026-10-10T23:00:00Z,UNLV Rebels,North Dakota State Bison,betmgm,BetMGM,2026-10-10T06:13:39Z,spreads,2026-10-10T06:13:39Z,North Dakota State Bison,-110,-2.5,20261010061359476901
NCAAF,americanfootball_ncaaf,4f3a6620c44a51f7b649892be381e0eb,2026-10-10T23:00:00Z,UNLV Rebels,North Dakota State Bison,betmgm,BetMGM,2026-10-10T06:13:39Z,spreads,2026-10-10T06:13:39Z,UNLV Rebels,-110,2.5,20261010061359476901
NCAAF,americanfootball_ncaaf,4f3a6620c44a51f7b649892be381e0eb,2026-10-10T23:00:00Z,UNLV Rebels,North Dakota State Bison,betmgm,BetMGM,2026-10-10T06:13:39Z,totals,2026-10-10T06:13:39Z,Over,-118,47.5,20261010061359476901
NCAAF,americanfootball_ncaaf,4f3a6620c44a51f7b649892be381e0eb,2026-10-10T23:00:00Z,UNLV Rebels,North Dakota State Bison,betmgm,BetMGM,2026-10-10T06:13:39Z,totals,2026-10-10T06:13:39Z,Under,-102,47.5,20261010061359476901
NCAAF,americanfootball_ncaaf,4f3a6620c44a51f7b649892be381e0eb,2026-10-10T23:00:00Z,UNLV Rebels,North Dakota State Bison,mybookieag,MyBookie.ag,2026-10-10T06:13:29Z,h2h,2026-10-10T06:13:28Z,North Dakota State Bison,-138,,20261010061359476901
NCAAF,americanfootball_ncaaf,4f3a6620c44a51f7b649892be381e0eb,2026-10-10T23:00:00Z,UNLV Rebels,North Dakota State Bison,mybookieag,MyBookie.ag,2026-10-10T06:13:29Z,h2h,2026-10-10T06:13:28Z,UNLV Rebels,113,,20261010061359476901
NCAAF,americanfootball_ncaaf,4f3a6620c44a51f7b649892be381e0eb,2026-10-10T23:00:00Z,UNLV Rebels,North Dakota State Bison,mybookieag,MyBookie.ag,2026-10-10T06:13:29Z,spreads,2026-10-10T06:13:28Z,North Dakota State Bison,-110,-2.5,20261010061359476901
NCAAF,americanfootball_ncaaf,4f3a6620c44a51f7b649892be381e0eb,2026-10-10T23:00:00Z,UNLV Rebels,North Dakota State Bison,mybookieag,MyBookie.ag,2026-10-10T06:13:29Z,spreads,2026-10-10T06:13:28Z,UNLV Rebels,-110,2.5,20261010061359476901
NCAAF,americanfootball_ncaaf,4f3a6620c44a51f7b649892be381e0eb,2026-10-10T23:00:00Z,UNLV Rebels,North Dakota State Bison,mybookieag,MyBookie.ag,2026-10-10T06:13:29Z,totals,2026-10-10T06:13:28Z,Over,-110,48.0,20261010061359476901
NCAAF,americanfootball_ncaaf,4f3a6620c44a51f7b649892be381e0eb,2026-10-10T23:00:00Z,UNLV Rebels,North Dakota State Bison,mybookieag,MyBookie.ag,2026-10-10T06:13:29Z,totals,2026-10-10T06:13:28Z,Under,-110,48.0,20261010061359476901
NCAAF,americanfootball_ncaaf,4f3a6620c44a51f7b649892be381e0eb,2026-10-10T23:00:00Z,UNLV Rebels,North Dakota State Bison,betus,BetUS,2026-10-10T06:13:55Z,h2h,2026-10-10T06:13:55Z,North Dakota State Bison,-135,,20261010061359476901
NCAAF,americanfootball_ncaaf,4f3a6620c44a51f7b649892be381e0eb,2026-10-10T23:00:00Z,UNLV Rebels,North Dakota State Bison,betus,BetUS,2026-10-10T06:13:55Z,h2h,2026-10-10T06:13:55Z,UNLV Rebels,115,,20261010061359476901
NCAAF,americanfootball_ncaaf,4f3a6620c44a51f7b649892be381e0eb,2026-10-10T23:00:00Z,UNLV Rebels,North Dakota State Bison,betus,BetUS,2026-10-10T06:13:55Z,spreads,2026-10-10T06:13:55Z,North Dakota State Bison,-110,-2.5,20261010061359476901
NCAAF,americanfootball_ncaaf,4f3a6620c44a51f7b649892be381e0eb,2026-10-10T23:00:00Z,UNLV Rebels,North Dakota State Bison,betus,BetUS,2026-10-10T06:13:55Z,spreads,2026-10-10T06:13:55Z,UNLV Rebels,-110,2.5,20261010061359476901
NCAAF,americanfootball_ncaaf,4f3a6620c44a51f7b649892be381e0eb,2026-10-10T23:00:00Z,UNLV Rebels,North Dakota State Bison,betus,BetUS,2026-10-10T06:13:55Z,totals,2026-10-10T06:13:55Z,Over,-110,48.0,20261010061359476901
NCAAF,americanfootball_ncaaf,4f3a6620c44a51f7b649892be381e0eb,2026-10-10T23:00:00Z,UNLV Rebels,North Dakota State Bison,betus,BetUS,2026-10-10T06:13:55Z,totals,2026-10-10T06:13:55Z,Under,-110,48.0,20261010061359476901
NCAAF,americanfootball_ncaaf,4f3a6620c44a51f7b649892be381e0eb,2026-10-10T23:00:00Z,UNLV Rebels,North Dakota State Bison,bovada,Bovada,2026-10-10T06:12:36Z,h2h,2026-10-10T06:12:36Z,North Dakota State Bison,-135,,20261010061359476901
NCAAF,americanfootball_ncaaf,4f3a6620c44a51f7b649892be381e0eb,2026-10-10T23:00:00Z,UNLV Rebels,North Dakota State Bison,bovada,Bovada,2026-10-10T06:12:36Z,h2h,2026-10-10T06:12:36Z,UNLV Rebels,115,,20261010061359476901
NCAAF,americanfootball_ncaaf,4f3a6620c44a51f7b649892be381e0eb,2026-10-10T23:00:00Z,UNLV Rebels,North Dakota State Bison,bovada,Bovada,2026-10-10T06:12:36Z,spreads,2026-10-10T06:12:36Z,North Dakota State Bison,-110,-2.5,20261010061359476901
NCAAF,americanfootball_ncaaf,4f3a6620c44a51f7b649892be381e0eb,2026-10-10T23:00:00Z,UNLV Rebels,North Dakota State Bison,bovada,Bovada,2026-10-10T06:12:36Z,spreads,2026-10-10T06:12:36Z,UNLV Rebels,-110,2.5,20261010061359476901
NCAAF,americanfootball_ncaaf,4f3a6620c44a51f7b649892be381e0eb,2026-10-10T23:00:00Z,UNLV Rebels,North Dakota State Bison,bovada,Bovada,2026-10-10T06:12:36Z,totals,2026-10-10T06:12:36Z,Over,-115,47.5,20261010061359476901
NCAAF,americanfootball_ncaaf,4f3a6620c44a51f7b649892be381e0eb,2026-10-10T23:00:00Z,UNLV Rebels,North Dakota State Bison,bovada,Bovada,2026-10-10T06:12:36Z,totals,2026-10-10T06:12:36Z,Under,-105,47.5,20261010061359476901
NCAAF,americanfootball_ncaaf,4f3a6620c44a51f7b649892be381e0eb,2026-10-10T23:00:00Z,UNLV Rebels,North Dakota State Bison,betrivers,BetRivers,2026-10-10T06:13:23Z,h2h,2026-10-10T06:13:23Z,North Dakota State Bison,-137,,20261010061359476901
NCAAF,americanfootball_ncaaf,4f3a6620c44a51f7b649892be381e0eb,2026-10-10T23:00:00Z,UNLV Rebels,North Dakota State Bison,betrivers,BetRivers,2026-10-10T06:13:23Z,h2h,2026-10-10T06:13:23Z,UNLV Rebels,112,,20261010061359476901
NCAAF,americanfootball_ncaaf,4f3a6620c44a51f7b649892be381e0eb,2026-10-10T23:00:00Z,UNLV Rebels,North Dakota State Bison,betrivers,BetRivers,2026-10-10T06:13:23Z,spreads,2026-10-10T06:13:23Z,North Dakota State Bison,-112,-2.5,20261010061359476901
NCAAF,americanfootball_ncaaf,4f3a6620c44a51f7b649892be381e0eb,2026-10-10T23:00:00Z,UNLV Rebels,North Dakota State Bison,betrivers,BetRivers,2026-10-10T06:13:23Z,spreads,2026-10-10T06:13:23Z,UNLV Rebels,-112,2.5,20261010061359476901
NCAAF,americanfootball_ncaaf,4f3a6620c44a51f7b649892be381e0eb,2026-10-10T23:00:00Z,UNLV Rebels,North Dakota State Bison,betrivers,BetRivers,2026-10-10T06:13:23Z,totals,2026-10-10T06:13:23Z,Over,-113,47.5,20261010061359476901
NCAAF,americanfootball_ncaaf,4f3a6620c44a51f7b649892be381e0eb,2026-10-10T23:00:00Z,UNLV Rebels,North Dakota State Bison,betrivers,BetRivers,2026-10-10T06:13:23Z,totals,2026-10-10T06:13:23Z,Under,-110,47.5,20261010061359476901
NCAAF,americanfootball_ncaaf,b009edde78bdd184c039f774c1795f95,2026-10-10T23:30:00Z,Northern Illinois Huskies,Air Force Falcons,fanduel,FanDuel,2026-10-10T06:13:40Z,h2h,2026-10-10T06:13:39Z,Air Force Falcons,-320,,20261010061359476901
NCAAF,americanfootball_ncaaf,b009edde78bdd184c039f774c1795f95,2026-10-10T23:30:00Z,Northern Illinois Huskies,Air Force Falcons,fanduel,FanDuel,2026-10-10T06:13:40Z,h2h,2026-10-10T06:13:39Z,Northern Illinois Huskies,255,,20261010061359476901
NCAAF,americanfootball_ncaaf,b009edde78bdd184c039f774c1795f95,2026-10-10T23:30:00Z,Northern Illinois Huskies,Air Force Falcons,fanduel,FanDuel,2026-10-10T06:13:40Z,spreads,2026-10-10T06:13:39Z,Air Force Falcons,-106,-7.5,20261010061359476901
NCAAF,americanfootball_ncaaf,b009edde78bdd184c039f774c1795f95,2026-10-10T23:30:00Z,Northern Illinois Huskies,Air Force Falcons,fanduel,FanDuel,2026-10-10T06:13:40Z,spreads,2026-10-10T06:13:39Z,Northern Illinois Huskies,-114,7.5,20261010061359476901
NCAAF,americanfootball_ncaaf,b009edde78bdd184c039f774c1795f95,2026-10-10T23:30:00Z,Northern Illinois Huskies,Air Force Falcons,fanduel,FanDuel,2026-10-10T06:13:40Z,totals,2026-10-10T06:13:39Z,Over,-114,46.5,20261010061359476901
NCAAF,americanfootball_ncaaf,b009edde78bdd184c039f774c1795f95,2026-10-10T23:30:00Z,Northern Illinois Huskies,Air Force Falcons,fanduel,FanDuel,2026-10-10T06:13:40Z,totals,2026-10-10T06:13:39Z,Under,-106,46.5,20261010061359476901
NCAAF,americanfootball_ncaaf,b009edde78bdd184c039f774c1795f95,2026-10-10T23:30:00Z,Northern Illinois Huskies,Air Force Falcons,lowvig,LowVig.ag,2026-10-10T06:13:39Z,h2h,2026-10-10T06:13:39Z,Air Force Falcons,-320,,20261010061359476901
NCAAF,americanfootball_ncaaf,b009edde78bdd184c039f774c1795f95,2026-10-10T23:30:00Z,Northern Illinois Huskies,Air Force Falcons,lowvig,LowVig.ag,2026-10-10T06:13:39Z,h2h,2026-10-10T06:13:39Z,Northern Illinois Huskies,260,,20261010061359476901
NCAAF,americanfootball_ncaaf,b009edde78bdd184c039f774c1795f95,2026-10-10T23:30:00Z,Northern Illinois Huskies,Air Force Falcons,lowvig,LowVig.ag,2026-10-10T06:13:39Z,spreads,2026-10-10T06:13:39Z,Air Force Falcons,100,-7.5,20261010061359476901
NCAAF,americanfootball_ncaaf,b009edde78bdd184c039f774c1795f95,2026-10-10T23:30:00Z,Northern Illinois Huskies,Air Force Falcons,lowvig,LowVig.ag,2026-10-10T06:13:39Z,spreads,2026-10-10T06:13:39Z,Northern Illinois Huskies,-112,7.5,20261010061359476901
NCAAF,americanfootball_ncaaf,b009edde78bdd184c039f774c1795f95,2026-10-10T23:30:00Z,Northern Illinois Huskies,Air Force Falcons,lowvig,LowVig.ag,2026-10-10T06:13:39Z,totals,2026-10-10T06:13:39Z,Over,-114,46.5,20261010061359476901
NCAAF,americanfootball_ncaaf,b009edde78bdd184c039f774c1795f95,2026-10-10T23:30:00Z,Northern Illinois Huskies,Air Force Falcons,lowvig,LowVig.ag,2026-10-10T06:13:39Z,totals,2026-10-10T06:13:39Z,Under,-103,46.5,20261010061359476901
NCAAF,americanfootball_ncaaf,b009edde78bdd184c039f774c1795f95,2026-10-10T23:30:00Z,Northern Illinois Huskies,Air Force Falcons,draftkings,DraftKings,2026-10-10T06:13:23Z,h2h,2026-10-10T06:13:23Z,Air Force Falcons,-310,,20261010061359476901
NCAAF,americanfootball_ncaaf,b009edde78bdd184c039f774c1795f95,2026-10-10T23:30:00Z,Northern Illinois Huskies,Air Force Falcons,draftkings,DraftKings,2026-10-10T06:13:23Z,h2h,2026-10-10T06:13:23Z,Northern Illinois Huskies,250,,20261010061359476901
NCAAF,americanfootball_ncaaf,b009edde78bdd184c039f774c1795f95,2026-10-10T23:30:00Z,Northern Illinois Huskies,Air Force Falcons,draftkings,DraftKings,2026-10-10T06:13:23Z,spreads,2026-10-10T06:13:23Z,Air Force Falcons,-115,-7.0,20261010061359476901
NCAAF,americanfootball_ncaaf,b009edde78bdd184c039f774c1795f95,2026-10-10T23:30:00Z,Northern Illinois Huskies,Air Force Falcons,draftkings,DraftKings,2026-10-10T06:13:23Z,spreads,2026-10-10T06:13:23Z,Northern Illinois Huskies,-105,7.0,20261010061359476901
NCAAF,americanfootball_ncaaf,b009edde78bdd184c039f774c1795f95,2026-10-10T23:30:00Z,Northern Illinois Huskies,Air Force Falcons,draftkings,DraftKings,2026-10-10T06:13:23Z,totals,2026-10-10T06:13:23Z,Over,-115,46.5,20261010061359476901
NCAAF,americanfootball_ncaaf,b009edde78bdd184c039f774c1795f95,2026-10-10T23:30:00Z,Northern Illinois Huskies,Air Force Falcons,draftkings,DraftKings,2026-10-10T06:13:23Z,totals,2026-10-10T06:13:23Z,Under,-105,46.5,20261010061359476901
NCAAF,americanfootball_ncaaf,b009edde78bdd184c039f774c1795f95,2026-10-10T23:30:00Z,Northern Illinois Huskies,Air Force Falcons,betonlineag,BetOnline.ag,2026-10-10T06:13:21Z,h2h,2026-10-10T06:13:21Z,Air Force Falcons,-320,,20261010061359476901
NCAAF,americanfootball_ncaaf,b009edde78bdd184c039f774c1795f95,2026-10-10T23:30:00Z,Northern Illinois Huskies,Air Force Falcons,betonlineag,BetOnline.ag,2026-10-10T06:13:21Z,h2h,2026-10-10T06:13:21Z,Northern Illinois Huskies,260,,20261010061359476901
NCAAF,americanfootball_ncaaf,b009edde78bdd184c039f774c1795f95,2026-10-10T23:30:00Z,Northern Illinois Huskies,Air Force Falcons,betonlineag,BetOnline.ag,2026-10-10T06:13:21Z,spreads,2026-10-10T06:13:21Z,Air Force Falcons,-104,-7.5,20261010061359476901
NCAAF,americanfootball_ncaaf,b009edde78bdd184c039f774c1795f95,2026-10-10T23:30:00Z,Northern Illinois Huskies,Air Force Falcons,betonlineag,BetOnline.ag,2026-10-10T06:13:21Z,spreads,2026-10-10T06:13:21Z,Northern Illinois Huskies,-116,7.5,20261010061359476901
NCAAF,americanfootball_ncaaf,b009edde78bdd184c039f774c1795f95,2026-10-10T23:30:00Z,Northern Illinois Huskies,Air Force Falcons,betonlineag,BetOnline.ag,2026-10-10T06:13:21Z,totals,2026-10-10T06:13:21Z,Over,-115,46.5,20261010061359476901
NCAAF,americanfootball_ncaaf,b009edde78bdd184c039f774c1795f95,2026-10-10T23:30:00Z,Northern Illinois Huskies,Air Force Falcons,betonlineag,BetOnline.ag,2026-10-10T06:13:21Z,totals,2026-10-10T06:13:21Z,Under,-105,46.5,20261010061359476901
NCAAF,americanfootball_ncaaf,b009edde78bdd184c039f774c1795f95,2026-10-10T23:30:00Z,Northern Illinois Huskies,Air Force Falcons,betmgm,BetMGM,2026-10-10T06:13:39Z,h2h,2026-10-10T06:13:39Z,Air Force Falcons,-300,,20261010061359476901
NCAAF,americanfootball_ncaaf,b009edde78bdd184c039f774c1795f95,2026-10-10T23:30:00Z,Northern Illinois Huskies,Air Force Falcons,betmgm,BetMGM,2026-10-10T06:13:39Z,h2h,2026-10-10T06:13:39Z,Northern Illinois Huskies,240,,20261010061359476901
NCAAF,americanfootball_ncaaf,b009edde78bdd184c039f774c1795f95,2026-10-10T23:30:00Z,Northern Illinois Huskies,Air Force Falcons,betmgm,BetMGM,2026-10-10T06:13:39Z,spreads,2026-10-10T06:13:39Z,Air Force Falcons,-105,-7.5,20261010061359476901
NCAAF,americanfootball_ncaaf,b009edde78bdd184c039f774c1795f95,2026-10-10T23:30:00Z,Northern Illinois Huskies,Air Force Falcons,betmgm,BetMGM,2026-10-10T06:13:39Z,spreads,2026-10-10T06:13:39Z,Northern Illinois Huskies,-115,7.5,20261010061359476901
NCAAF,americanfootball_ncaaf,b009edde78bdd184c039f774c1795f95,2026-10-10T23:30:00Z,Northern Illinois Huskies,Air Force Falcons,betmgm,BetMGM,2026-10-10T06:13:39Z,totals,2026-10-10T06:13:39Z,Over,-115,46.5,20261010061359476901
NCAAF,americanfootball_ncaaf,b009edde78bdd184c039f774c1795f95,2026-10-10T23:30:00Z,Northern Illinois Huskies,Air Force Falcons,betmgm,BetMGM,2026-10-10T06:13:39Z,totals,2026-10-10T06:13:39Z,Under,-105,46.5,20261010061359476901
NCAAF,americanfootball_ncaaf,b009edde78bdd184c039f774c1795f95,2026-10-10T23:30:00Z,Northern Illinois Huskies,Air Force Falcons,mybookieag,MyBookie.ag,2026-10-10T06:13:29Z,h2h,2026-10-10T06:13:28Z,Air Force Falcons,-310,,20261010061359476901
NCAAF,americanfootball_ncaaf,b009edde78bdd184c039f774c1795f95,2026-10-10T23:30:00Z,Northern Illinois Huskies,Air Force Falcons,mybookieag,MyBookie.ag,2026-10-10T06:13:29Z,h2h,2026-10-10T06:13:28Z,Northern Illinois Huskies,240,,20261010061359476901
NCAAF,americanfootball_ncaaf,b009edde78bdd184c039f774c1795f95,2026-10-10T23:30:00Z,Northern Illinois Huskies,Air Force Falcons,mybookieag,MyBookie.ag,2026-10-10T06:13:29Z,spreads,2026-10-10T06:13:28Z,Air Force Falcons,-110,-7.0,20261010061359476901
NCAAF,americanfootball_ncaaf,b009edde78bdd184c039f774c1795f95,2026-10-10T23:30:00Z,Northern Illinois Huskies,Air Force Falcons,mybookieag,MyBookie.ag,2026-10-10T06:13:29Z,spreads,2026-10-10T06:13:28Z,Northern Illinois Huskies,-110,7.0,20261010061359476901
NCAAF,americanfootball_ncaaf,b009edde78bdd184c039f774c1795f95,2026-10-10T23:30:00Z,Northern Illinois Huskies,Air Force Falcons,mybookieag,MyBookie.ag,2026-10-10T06:13:29Z,totals,2026-10-10T06:13:28Z,Over,-110,47.0,20261010061359476901
NCAAF,americanfootball_ncaaf,b009edde78bdd184c039f774c1795f95,2026-10-10T23:30:00Z,Northern Illinois Huskies,Air Force Falcons,mybookieag,MyBookie.ag,2026-10-10T06:13:29Z,totals,2026-10-10T06:13:28Z,Under,-110,47.0,20261010061359476901
NCAAF,americanfootball_ncaaf,b009edde78bdd184c039f774c1795f95,2026-10-10T23:30:00Z,Northern Illinois Huskies,Air Force Falcons,betus,BetUS,2026-10-10T06:13:55Z,h2h,2026-10-10T06:13:55Z,Air Force Falcons,-320,,20261010061359476901
NCAAF,americanfootball_ncaaf,b009edde78bdd184c039f774c1795f95,2026-10-10T23:30:00Z,Northern Illinois Huskies,Air Force Falcons,betus,BetUS,2026-10-10T06:13:55Z,h2h,2026-10-10T06:13:55Z,Northern Illinois Huskies,260,,20261010061359476901
NCAAF,americanfootball_ncaaf,b009edde78bdd184c039f774c1795f95,2026-10-10T23:30:00Z,Northern Illinois Huskies,Air Force Falcons,betus,BetUS,2026-10-10T06:13:55Z,spreads,2026-10-10T06:13:55Z,Air Force Falcons,-105,-7.5,20261010061359476901
NCAAF,americanfootball_ncaaf,b009edde78bdd184c039f774c1795f95,2026-10-10T23:30:00Z,Northern Illinois Huskies,Air Force Falcons,betus,BetUS,2026-10-10T06:13:55Z,spreads,2026-10-10T06:13:55Z,Northern Illinois Huskies,-115,7.5,20261010061359476901
NCAAF,americanfootball_ncaaf,b009edde78bdd184c039f774c1795f95,2026-10-10T23:30:00Z,Northern Illinois Huskies,Air Force Falcons,betus,BetUS,2026-10-10T06:13:55Z,totals,2026-10-10T06:13:55Z,Over,-110,47.0,20261010061359476901
NCAAF,americanfootball_ncaaf,b009edde78bdd184c039f774c1795f95,2026-10-10T23:30:00Z,Northern Illinois Huskies,Air Force Falcons,betus,BetUS,2026-10-10T06:13:55Z,totals,2026-10-10T06:13:55Z,Under,-110,47.0,20261010061359476901
NCAAF,americanfootball_ncaaf,b009edde78bdd184c039f774c1795f95,2026-10-10T23:30:00Z,Northern Illinois Huskies,Air Force Falcons,bovada,Bovada,2026-10-10T06:12:36Z,h2h,2026-10-10T06:12:36Z,Air Force Falcons,-300,,20261010061359476901
NCAAF,americanfootball_ncaaf,b009edde78bdd184c039f774c1795f95,2026-10-10T23:30:00Z,Northern Illinois Huskies,Air Force Falcons,bovada,Bovada,2026-10-10T06:12:36Z,h2h,2026-10-10T06:12:36Z,Northern Illinois Huskies,250,,20261010061359476901
NCAAF,americanfootball_ncaaf,b009edde78bdd184c039f774c1795f95,2026-10-10T23:30:00Z,Northern Illinois Huskies,Air Force Falcons,bovada,Bovada,2026-10-10T06:12:36Z,spreads,2026-10-10T06:12:36Z,Air Force Falcons,-115,-7.0,20261010061359476901
NCAAF,americanfootball_ncaaf,b009edde78bdd184c039f774c1795f95,2026-10-10T23:30:00Z,Northern Illinois Huskies,Air Force Falcons,bovada,Bovada,2026-10-10T06:12:36Z,spreads,2026-10-10T06:12:36Z,Northern Illinois Huskies,-105,7.0,20261010061359476901
NCAAF,americanfootball_ncaaf,b009edde78bdd184c039f774c1795f95,2026-10-10T23:30:00Z,Northern Illinois Huskies,Air Force Falcons,bovada,Bovada,2026-10-10T06:12:36Z,totals,2026-10-10T06:12:36Z,Over,-110,47.0,20261010061359476901
NCAAF,americanfootball_ncaaf,b009edde78bdd184c039f774c1795f95,2026-10-10T23:30:00Z,Northern Illinois Huskies,Air Force Falcons,bovada,Bovada,2026-10-10T06:12:36Z,totals,2026-10-10T06:12:36Z,Under,-110,47.0,20261010061359476901
NCAAF,americanfootball_ncaaf,b009edde78bdd184c039f774c1795f95,2026-10-10T23:30:00Z,Northern Illinois Huskies,Air Force Falcons,betrivers,BetRivers,2026-10-10T06:13:23Z,h2h,2026-10-10T06:13:23Z,Air Force Falcons,-305,,20261010061359476901
NCAAF,americanfootball_ncaaf,b009edde78bdd184c039f774c1795f95,2026-10-10T23:30:00Z,Northern Illinois Huskies,Air Force Falcons,betrivers,BetRivers,2026-10-10T06:13:23Z,h2h,2026-10-10T06:13:23Z,Northern Illinois Huskies,235,,20261010061359476901
NCAAF,americanfootball_ncaaf,b009edde78bdd184c039f774c1795f95,2026-10-10T23:30:00Z,Northern Illinois Huskies,Air Force Falcons,betrivers,BetRivers,2026-10-10T06:13:23Z,spreads,2026-10-10T06:13:23Z,Air Force Falcons,-106,-7.5,20261010061359476901
NCAAF,americanfootball_ncaaf,b009edde78bdd184c039f774c1795f95,2026-10-10T23:30:00Z,Northern Illinois Huskies,Air Force Falcons,betrivers,BetRivers,2026-10-10T06:13:23Z,spreads,2026-10-10T06:13:23Z,Northern Illinois Huskies,-118,7.5,20261010061359476901
NCAAF,americanfootball_ncaaf,b009edde78bdd184c039f774c1795f95,2026-10-10T23:30:00Z,Northern Illinois Huskies,Air Force Falcons,betrivers,BetRivers,2026-10-10T06:13:23Z,totals,2026-10-10T06:13:23Z,Over,-105,47.5,20261010061359476901
NCAAF,americanfootball_ncaaf,b009edde78bdd184c039f774c1795f95,2026-10-10T23:30:00Z,Northern Illinois Huskies,Air Force Falcons,betrivers,BetRivers,2026-10-10T06:13:23Z,totals,2026-10-10T06:13:23Z,Under,-120,47.5,20261010061359476901
NCAAF,americanfootball_ncaaf,59f8c98dee8ce77cc17c5b4958e4f325,2026-10-10T23:30:00Z,Alabama Crimson Tide,Georgia Bulldogs,fanduel,FanDuel,2026-10-10T06:13:39Z,h2h,2026-10-10T06:13:39Z,Alabama Crimson Tide,-125,,20261010061359476901
NCAAF,americanfootball_ncaaf,59f8c98dee8ce77cc17c5b4958e4f325,2026-10-10T23:30:00Z,Alabama Crimson Tide,Georgia Bulldogs,fanduel,FanDuel,2026-10-10T06:13:39Z,h2h,2026-10-10T06:13:39Z,Georgia Bulldogs,104,,20261010061359476901
NCAAF,americanfootball_ncaaf,59f8c98dee8ce77cc17c5b4958e4f325,2026-10-10T23:30:00Z,Alabama Crimson Tide,Georgia Bulldogs,fanduel,FanDuel,2026-10-10T06:13:39Z,spreads,2026-10-10T06:13:39Z,Alabama Crimson Tide,-114,-1.5,20261010061359476901
NCAAF,americanfootball_ncaaf,59f8c98dee8ce77cc17c5b4958e4f325,2026-10-10T23:30:00Z,Alabama Crimson Tide,Georgia Bulldogs,fanduel,FanDuel,2026-10-10T06:13:39Z,spreads,2026-10-10T06:13:39Z,Georgia Bulldogs,-106,1.5,20261010061359476901
NCAAF,americanfootball_ncaaf,59f8c98dee8ce77cc17c5b4958e4f325,2026-10-10T23:30:00Z,Alabama Crimson Tide,Georgia Bulldogs,fanduel,FanDuel,2026-10-10T06:13:39Z,totals,2026-10-10T06:13:39Z,Over,-110,51.5,20261010061359476901
NCAAF,americanfootball_ncaaf,59f8c98dee8ce77cc17c5b4958e4f325,2026-10-10T23:30:00Z,Alabama Crimson Tide,Georgia Bulldogs,fanduel,FanDuel,2026-10-10T06:13:39Z,totals,2026-10-10T06:13:39Z,Under,-110,51.5,20261010061359476901
NCAAF,americanfootball_ncaaf,59f8c98dee8ce77cc17c5b4958e4f325,2026-10-10T23:30:00Z,Alabama Crimson Tide,Georgia Bulldogs,betmgm,BetMGM,2026-10-10T06:13:39Z,h2h,2026-10-10T06:13:39Z,Alabama Crimson Tide,-118,,20261010061359476901
NCAAF,americanfootball_ncaaf,59f8c98dee8ce77cc17c5b4958e4f325,2026-10-10T23:30:00Z,Alabama Crimson Tide,Georgia Bulldogs,betmgm,BetMGM,2026-10-10T06:13:39Z,h2h,2026-10-10T06:13:39Z,Georgia Bulldogs,-102,,20261010061359476901
NCAAF,americanfootball_ncaaf,59f8c98dee8ce77cc17c5b4958e4f325,2026-10-10T23:30:00Z,Alabama Crimson Tide,Georgia Bulldogs,betmgm,BetMGM,2026-10-10T06:13:39Z,spreads,2026-10-10T06:13:39Z,Alabama Crimson Tide,-110,-1.5,20261010061359476901
NCAAF,americanfootball_ncaaf,59f8c98dee8ce77cc17c5b4958e4f325,2026-10-10T23:30:00Z,Alabama Crimson Tide,Georgia Bulldogs,betmgm,BetMGM,2026-10-10T06:13:39Z,spreads,2026-10-10T06:13:39Z,Georgia Bulldogs,-110,1.5,20261010061359476901
NCAAF,americanfootball_ncaaf,59f8c98dee8ce77cc17c5b4958e4f325,2026-10-10T23:30:00Z,Alabama Crimson Tide,Georgia Bulldogs,betmgm,BetMGM,2026-10-10T06:13:39Z,totals,2026-10-10T06:13:39Z,Over,-105,51.5,20261010061359476901
NCAAF,americanfootball_ncaaf,59f8c98dee8ce77cc17c5b4958e4f325,2026-10-10T23:30:00Z,Alabama Crimson Tide,Georgia Bulldogs,betmgm,BetMGM,2026-10-10T06:13:39Z,totals,2026-10-10T06:13:39Z,Under,-115,51.5,20261010061359476901
NCAAF,americanfootball_ncaaf,59f8c98dee8ce77cc17c5b4958e4f325,2026-10-10T23:30:00Z,Alabama Crimson Tide,Georgia Bulldogs,draftkings,DraftKings,2026-10-10T06:13:23Z,h2h,2026-10-10T06:13:23Z,Alabama Crimson Tide,-122,,20261010061359476901
NCAAF,americanfootball_ncaaf,59f8c98dee8ce77cc17c5b4958e4f325,2026-10-10T23:30:00Z,Alabama Crimson Tide,Georgia Bulldogs,draftkings,DraftKings,2026-10-10T06:13:23Z,h2h,2026-10-10T06:13:23Z,Georgia Bulldogs,102,,20261010061359476901
NCAAF,americanfootball_ncaaf,59f8c98dee8ce77cc17c5b4958e4f325,2026-10-10T23:30:00Z,Alabama Crimson Tide,Georgia Bulldogs,draftkings,DraftKings,2026-10-10T06:13:23Z,spreads,2026-10-10T06:13:23Z,Alabama Crimson Tide,-112,-1.5,20261010061359476901
NCAAF,americanfootball_ncaaf,59f8c98dee8ce77cc17c5b4958e4f325,2026-10-10T23:30:00Z,Alabama Crimson Tide,Georgia Bulldogs,draftkings,DraftKings,2026-10-10T06:13:23Z,spreads,2026-10-10T06:13:23Z,Georgia Bulldogs,-108,1.5,20261010061359476901
NCAAF,americanfootball_ncaaf,59f8c98dee8ce77cc17c5b4958e4f325,2026-10-10T23:30:00Z,Alabama Crimson Tide,Georgia Bulldogs,draftkings,DraftKings,2026-10-10T06:13:23Z,totals,2026-10-10T06:13:23Z,Over,-108,51.5,20261010061359476901
NCAAF,americanfootball_ncaaf,59f8c98dee8ce77cc17c5b4958e4f325,2026-10-10T23:30:00Z,Alabama Crimson Tide,Georgia Bulldogs,draftkings,DraftKings,2026-10-10T06:13:23Z,totals,2026-10-10T06:13:23Z,Under,-112,51.5,20261010061359476901
NCAAF,americanfootball_ncaaf,59f8c98dee8ce77cc17c5b4958e4f325,2026-10-10T23:30:00Z,Alabama Crimson Tide,Georgia Bulldogs,betrivers,BetRivers,2026-10-10T06:13:23Z,h2h,2026-10-10T06:13:23Z,Alabama Crimson Tide,-129,,20261010061359476901
NCAAF,americanfootball_ncaaf,59f8c98dee8ce77cc17c5b4958e4f325,2026-10-10T23:30:00Z,Alabama Crimson Tide,Georgia Bulldogs,betrivers,BetRivers,2026-10-10T06:13:23Z,h2h,2026-10-10T06:13:23Z,Georgia Bulldogs,102,,20261010061359476901
NCAAF,americanfootball_ncaaf,59f8c98dee8ce77cc17c5b4958e4f325,2026-10-10T23:30:00Z,Alabama Crimson Tide,Georgia Bulldogs,betrivers,BetRivers,2026-10-10T06:13:23Z,spreads,2026-10-10T06:13:23Z,Alabama Crimson Tide,-113,-1.5,20261010061359476901
NCAAF,americanfootball_ncaaf,59f8c98dee8ce77cc17c5b4958e4f325,2026-10-10T23:30:00Z,Alabama Crimson Tide,Georgia Bulldogs,betrivers,BetRivers,2026-10-10T06:13:23Z,spreads,2026-10-10T06:13:23Z,Georgia Bulldogs,-110,1.5,20261010061359476901
NCAAF,americanfootball_ncaaf,59f8c98dee8ce77cc17c5b4958e4f325,2026-10-10T23:30:00Z,Alabama Crimson Tide,Georgia Bulldogs,betrivers,BetRivers,2026-10-10T06:13:23Z,totals,2026-10-10T06:13:23Z,Over,-109,51.5,20261010061359476901
NCAAF,americanfootball_ncaaf,59f8c98dee8ce77cc17c5b4958e4f325,2026-10-10T23:30:00Z,Alabama Crimson Tide,Georgia Bulldogs,betrivers,BetRivers,2026-10-10T06:13:23Z,totals,2026-10-10T06:13:23Z,Under,-114,51.5,20261010061359476901
NCAAF,americanfootball_ncaaf,59f8c98dee8ce77cc17c5b4958e4f325,2026-10-10T23:30:00Z,Alabama Crimson Tide,Georgia Bulldogs,mybookieag,MyBookie.ag,2026-10-10T06:13:29Z,h2h,2026-10-10T06:13:28Z,Alabama Crimson Tide,-126,,20261010061359476901
NCAAF,americanfootball_ncaaf,59f8c98dee8ce77cc17c5b4958e4f325,2026-10-10T23:30:00Z,Alabama Crimson Tide,Georgia Bulldogs,mybookieag,MyBookie.ag,2026-10-10T06:13:29Z,h2h,2026-10-10T06:13:28Z,Georgia Bulldogs,103,,20261010061359476901
NCAAF,americanfootball_ncaaf,59f8c98dee8ce77cc17c5b4958e4f325,2026-10-10T23:30:00Z,Alabama Crimson Tide,Georgia Bulldogs,mybookieag,MyBookie.ag,2026-10-10T06:13:29Z,spreads,2026-10-10T06:13:28Z,Alabama Crimson Tide,-110,-1.5,20261010061359476901
NCAAF,americanfootball_ncaaf,59f8c98dee8ce77cc17c5b4958e4f325,2026-10-10T23:30:00Z,Alabama Crimson Tide,Georgia Bulldogs,mybookieag,MyBookie.ag,2026-10-10T06:13:29Z,spreads,2026-10-10T06:13:28Z,Georgia Bulldogs,-110,1.5,20261010061359476901
NCAAF,americanfootball_ncaaf,59f8c98dee8ce77cc17c5b4958e4f325,2026-10-10T23:30:00Z,Alabama Crimson Tide,Georgia Bulldogs,mybookieag,MyBookie.ag,2026-10-10T06:13:29Z,totals,2026-10-10T06:13:28Z,Over,-110,51.5,20261010061359476901
NCAAF,americanfootball_ncaaf,59f8c98dee8ce77cc17c5b4958e4f325,2026-10-10T23:30:00Z,Alabama Crimson Tide,Georgia Bulldogs,mybookieag,MyBookie.ag,2026-10-10T06:13:29Z,totals,2026-10-10T06:13:28Z,Under,-110,51.5,20261010061359476901
NCAAF,americanfootball_ncaaf,59f8c98dee8ce77cc17c5b4958e4f325,2026-10-10T23:30:00Z,Alabama Crimson Tide,Georgia Bulldogs,betonlineag,BetOnline.ag,2026-10-10T06:13:21Z,h2h,2026-10-10T06:13:21Z,Alabama Crimson Tide,-125,,20261010061359476901
NCAAF,americanfootball_ncaaf,59f8c98dee8ce77cc17c5b4958e4f325,2026-10-10T23:30:00Z,Alabama Crimson Tide,Georgia Bulldogs,betonlineag,BetOnline.ag,2026-10-10T06:13:21Z,h2h,2026-10-10T06:13:21Z,Georgia Bulldogs,105,,20261010061359476901
NCAAF,americanfootball_ncaaf,59f8c98dee8ce77cc17c5b4958e4f325,2026-10-10T23:30:00Z,Alabama Crimson Tide,Georgia Bulldogs,betonlineag,BetOnline.ag,2026-10-10T06:13:21Z,spreads,2026-10-10T06:13:21Z,Alabama Crimson Tide,-108,-2.0,20261010061359476901
NCAAF,americanfootball_ncaaf,59f8c98dee8ce77cc17c5b4958e4f325,2026-10-10T23:30:00Z,Alabama Crimson Tide,Georgia Bulldogs,betonlineag,BetOnline.ag,2026-10-10T06:13:21Z,spreads,2026-10-10T06:13:21Z,Georgia Bulldogs,-112,2.0,20261010061359476901
NCAAF,americanfootball_ncaaf,59f8c98dee8ce77cc17c5b4958e4f325,2026-10-10T23:30:00Z,Alabama Crimson Tide,Georgia Bulldogs,betonlineag,BetOnline.ag,2026-10-10T06:13:21Z,totals,2026-10-10T06:13:21Z,Over,-105,51.5,20261010061359476901
NCAAF,americanfootball_ncaaf,59f8c98dee8ce77cc17c5b4958e4f325,2026-10-10T23:30:00Z,Alabama Crimson Tide,Georgia Bulldogs,betonlineag,BetOnline.ag,2026-10-10T06:13:21Z,totals,2026-10-10T06:13:21Z,Under,-115,51.5,20261010061359476901
NCAAF,americanfootball_ncaaf,59f8c98dee8ce77cc17c5b4958e4f325,2026-10-10T23:30:00Z,Alabama Crimson Tide,Georgia Bulldogs,lowvig,LowVig.ag,2026-10-10T06:13:39Z,h2h,2026-10-10T06:13:39Z,Alabama Crimson Tide,-125,,20261010061359476901
NCAAF,americanfootball_ncaaf,59f8c98dee8ce77cc17c5b4958e4f325,2026-10-10T23:30:00Z,Alabama Crimson Tide,Georgia Bulldogs,lowvig,LowVig.ag,2026-10-10T06:13:39Z,h2h,2026-10-10T06:13:39Z,Georgia Bulldogs,105,,20261010061359476901
NCAAF,americanfootball_ncaaf,59f8c98dee8ce77cc17c5b4958e4f325,2026-10-10T23:30:00Z,Alabama Crimson Tide,Georgia Bulldogs,lowvig,LowVig.ag,2026-10-10T06:13:39Z,spreads,2026-10-10T06:13:39Z,Alabama Crimson Tide,-104,-2.0,20261010061359476901
NCAAF,americanfootball_ncaaf,59f8c98dee8ce77cc17c5b4958e4f325,2026-10-10T23:30:00Z,Alabama Crimson Tide,Georgia Bulldogs,lowvig,LowVig.ag,2026-10-10T06:13:39Z,spreads,2026-10-10T06:13:39Z,Georgia Bulldogs,-108,2.0,20261010061359476901
NCAAF,americanfootball_ncaaf,59f8c98dee8ce77cc17c5b4958e4f325,2026-10-10T23:30:00Z,Alabama Crimson Tide,Georgia Bulldogs,lowvig,LowVig.ag,2026-10-10T06:13:39Z,totals,2026-10-10T06:13:39Z,Over,-103,51.5,20261010061359476901
NCAAF,americanfootball_ncaaf,59f8c98dee8ce77cc17c5b4958e4f325,2026-10-10T23:30:00Z,Alabama Crimson Tide,Georgia Bulldogs,lowvig,LowVig.ag,2026-10-10T06:13:39Z,totals,2026-10-10T06:13:39Z,Under,-114,51.5,20261010061359476901
NCAAF,americanfootball_ncaaf,59f8c98dee8ce77cc17c5b4958e4f325,2026-10-10T23:30:00Z,Alabama Crimson Tide,Georgia Bulldogs,betus,BetUS,2026-10-10T06:13:55Z,h2h,2026-10-10T06:13:55Z,Alabama Crimson Tide,-125,,20261010061359476901
NCAAF,americanfootball_ncaaf,59f8c98dee8ce77cc17c5b4958e4f325,2026-10-10T23:30:00Z,Alabama Crimson Tide,Georgia Bulldogs,betus,BetUS,2026-10-10T06:13:55Z,h2h,2026-10-10T06:13:55Z,Georgia Bulldogs,105,,20261010061359476901
NCAAF,americanfootball_ncaaf,59f8c98dee8ce77cc17c5b4958e4f325,2026-10-10T23:30:00Z,Alabama Crimson Tide,Georgia Bulldogs,betus,BetUS,2026-10-10T06:13:55Z,spreads,2026-10-10T06:13:55Z,Alabama Crimson Tide,-110,-2.0,20261010061359476901
NCAAF,americanfootball_ncaaf,59f8c98dee8ce77cc17c5b4958e4f325,2026-10-10T23:30:00Z,Alabama Crimson Tide,Georgia Bulldogs,betus,BetUS,2026-10-10T06:13:55Z,spreads,2026-10-10T06:13:55Z,Georgia Bulldogs,-110,2.0,20261010061359476901
NCAAF,americanfootball_ncaaf,59f8c98dee8ce77cc17c5b4958e4f325,2026-10-10T23:30:00Z,Alabama Crimson Tide,Georgia Bulldogs,betus,BetUS,2026-10-10T06:13:55Z,totals,2026-10-10T06:13:55Z,Over,-110,51.0,20261010061359476901
NCAAF,americanfootball_ncaaf,59f8c98dee8ce77cc17c5b4958e4f325,2026-10-10T23:30:00Z,Alabama Crimson Tide,Georgia Bulldogs,betus,BetUS,2026-10-10T06:13:55Z,totals,2026-10-10T06:13:55Z,Under,-110,51.0,20261010061359476901
NCAAF,americanfootball_ncaaf,59f8c98dee8ce77cc17c5b4958e4f325,2026-10-10T23:30:00Z,Alabama Crimson Tide,Georgia Bulldogs,bovada,Bovada,2026-10-10T06:12:36Z,h2h,2026-10-10T06:12:36Z,Alabama Crimson Tide,-125,,20261010061359476901
NCAAF,americanfootball_ncaaf,59f8c98dee8ce77cc17c5b4958e4f325,2026-10-10T23:30:00Z,Alabama Crimson Tide,Georgia Bulldogs,bovada,Bovada,2026-10-10T06:12:36Z,h2h,2026-10-10T06:12:36Z,Georgia Bulldogs,105,,20261010061359476901
NCAAF,americanfootball_ncaaf,59f8c98dee8ce77cc17c5b4958e4f325,2026-10-10T23:30:00Z,Alabama Crimson Tide,Georgia Bulldogs,bovada,Bovada,2026-10-10T06:12:36Z,spreads,2026-10-10T06:12:36Z,Alabama Crimson Tide,-110,-2.5,20261010061359476901
NCAAF,americanfootball_ncaaf,59f8c98dee8ce77cc17c5b4958e4f325,2026-10-10T23:30:00Z,Alabama Crimson Tide,Georgia Bulldogs,bovada,Bovada,2026-10-10T06:12:36Z,spreads,2026-10-10T06:12:36Z,Georgia Bulldogs,-110,2.5,20261010061359476901
NCAAF,americanfootball_ncaaf,59f8c98dee8ce77cc17c5b4958e4f325,2026-10-10T23:30:00Z,Alabama Crimson Tide,Georgia Bulldogs,bovada,Bovada,2026-10-10T06:12:36Z,totals,2026-10-10T06:12:36Z,Over,-115,51.5,20261010061359476901
NCAAF,americanfootball_ncaaf,59f8c98dee8ce77cc17c5b4958e4f325,2026-10-10T23:30:00Z,Alabama Crimson Tide,Georgia Bulldogs,bovada,Bovada,2026-10-10T06:12:36Z,totals,2026-10-10T06:12:36Z,Under,-105,51.5,20261010061359476901
NCAAF,americanfootball_ncaaf,2876b41c9c5327639fda141d7027eadb,2026-10-10T23:30:00Z,Georgia Southern Eagles,James Madison Dukes,draftkings,DraftKings,2026-10-10T06:13:23Z,h2h,2026-10-10T06:13:23Z,Georgia Southern Eagles,250,,20261010061359476901
NCAAF,americanfootball_ncaaf,2876b41c9c5327639fda141d7027eadb,2026-10-10T23:30:00Z,Georgia Southern Eagles,James Madison Dukes,draftkings,DraftKings,2026-10-10T06:13:23Z,h2h,2026-10-10T06:13:23Z,James Madison Dukes,-310,,20261010061359476901
NCAAF,americanfootball_ncaaf,2876b41c9c5327639fda141d7027eadb,2026-10-10T23:30:00Z,Georgia Southern Eagles,James Madison Dukes,draftkings,DraftKings,2026-10-10T06:13:23Z,spreads,2026-10-10T06:13:23Z,Georgia Southern Eagles,-115,7.5,20261010061359476901
NCAAF,americanfootball_ncaaf,2876b41c9c5327639fda141d7027eadb,2026-10-10T23:30:00Z,Georgia Southern Eagles,James Madison Dukes,draftkings,DraftKings,2026-10-10T06:13:23Z,spreads,2026-10-10T06:13:23Z,James Madison Dukes,-105,-7.5,20261010061359476901
NCAAF,americanfootball_ncaaf,2876b41c9c5327639fda141d7027eadb,2026-10-10T23:30:00Z,Georgia Southern Eagles,James Madison Dukes,draftkings,DraftKings,2026-10-10T06:13:23Z,totals,2026-10-10T06:13:23Z,Over,-110,51.5,20261010061359476901
NCAAF,americanfootball_ncaaf,2876b41c9c5327639fda141d7027eadb,2026-10-10T23:30:00Z,Georgia Southern Eagles,James Madison Dukes,draftkings,DraftKings,2026-10-10T06:13:23Z,totals,2026-10-10T06:13:23Z,Under,-110,51.5,20261010061359476901
NCAAF,americanfootball_ncaaf,2876b41c9c5327639fda141d7027eadb,2026-10-10T23:30:00Z,Georgia Southern Eagles,James Madison Dukes,fanduel,FanDuel,2026-10-10T06:13:39Z,h2h,2026-10-10T06:13:39Z,Georgia Southern Eagles,230,,20261010061359476901
NCAAF,americanfootball_ncaaf,2876b41c9c5327639fda141d7027eadb,2026-10-10T23:30:00Z,Georgia Southern Eagles,James Madison Dukes,fanduel,FanDuel,2026-10-10T06:13:39Z,h2h,2026-10-10T06:13:39Z,James Madison Dukes,-285,,20261010061359476901
NCAAF,americanfootball_ncaaf,2876b41c9c5327639fda141d7027eadb,2026-10-10T23:30:00Z,Georgia Southern Eagles,James Madison Dukes,fanduel,FanDuel,2026-10-10T06:13:39Z,spreads,2026-10-10T06:13:39Z,Georgia Southern Eagles,-115,7.5,20261010061359476901
NCAAF,americanfootball_ncaaf,2876b41c9c5327639fda141d7027eadb,2026-10-10T23:30:00Z,Georgia Southern Eagles,James Madison Dukes,fanduel,FanDuel,2026-10-10T06:13:39Z,spreads,2026-10-10T06:13:39Z,James Madison Dukes,-105,-7.5,20261010061359476901
NCAAF,americanfootball_ncaaf,2876b41c9c5327639fda141d7027eadb,2026-10-10T23:30:00Z,Georgia Southern Eagles,James Madison Dukes,fanduel,FanDuel,2026-10-10T06:13:39Z,totals,2026-10-10T06:13:39Z,Over,-114,51.5,20261010061359476901
NCAAF,americanfootball_ncaaf,2876b41c9c5327639fda141d7027eadb,2026-10-10T23:30:00Z,Georgia Southern Eagles,James Madison Dukes,fanduel,FanDuel,2026-10-10T06:13:39Z,totals,2026-10-10T06:13:39Z,Under,-106,51.5,20261010061359476901
NCAAF,americanfootball_ncaaf,2876b41c9c5327639fda141d7027eadb,2026-10-10T23:30:00Z,Georgia Southern Eagles,James Madison Dukes,lowvig,LowVig.ag,2026-10-10T06:13:39Z,h2h,2026-10-10T06:13:39Z,Georgia Southern Eagles,252,,20261010061359476901
NCAAF,americanfootball_ncaaf,2876b41c9c5327639fda141d7027eadb,2026-10-10T23:30:00Z,Georgia Southern Eagles,James Madison Dukes,lowvig,LowVig.ag,2026-10-10T06:13:39Z,h2h,2026-10-10T06:13:39Z,James Madison Dukes,-310,,20261010061359476901
NCAAF,americanfootball_ncaaf,2876b41c9c5327639fda141d7027eadb,2026-10-10T23:30:00Z,Georgia Southern Eagles,James Madison Dukes,lowvig,LowVig.ag,2026-10-10T06:13:39Z,spreads,2026-10-10T06:13:39Z,Georgia Southern Eagles,-112,7.5,20261010061359476901
NCAAF,americanfootball_ncaaf,2876b41c9c5327639fda141d7027eadb,2026-10-10T23:30:00Z,Georgia Southern Eagles,James Madison Dukes,lowvig,LowVig.ag,2026-10-10T06:13:39Z,spreads,2026-10-10T06:13:39Z,James Madison Dukes,100,-7.5,20261010061359476901
NCAAF,americanfootball_ncaaf,2876b41c9c5327639fda141d7027eadb,2026-10-10T23:30:00Z,Georgia Southern Eagles,James Madison Dukes,lowvig,LowVig.ag,2026-10-10T06:13:39Z,totals,2026-10-10T06:13:39Z,Over,-103,52.0,20261010061359476901
NCAAF,americanfootball_ncaaf,2876b41c9c5327639fda141d7027eadb,2026-10-10T23:30:00Z,Georgia Southern Eagles,James Madison Dukes,lowvig,LowVig.ag,2026-10-10T06:13:39Z,totals,2026-10-10T06:13:39Z,Under,-114,52.0,20261010061359476901
NCAAF,americanfootball_ncaaf,2876b41c9c5327639fda141d7027eadb,2026-10-10T23:30:00Z,Georgia Southern Eagles,James Madison Dukes,betonlineag,BetOnline.ag,2026-10-10T06:13:21Z,h2h,2026-10-10T06:13:21Z,Georgia Southern Eagles,252,,20261010061359476901
NCAAF,americanfootball_ncaaf,2876b41c9c5327639fda141d7027eadb,2026-10-10T23:30:00Z,Georgia Southern Eagles,James Madison Dukes,betonlineag,BetOnline.ag,2026-10-10T06:13:21Z,h2h,2026-10-10T06:13:21Z,James Madison Dukes,-310,,20261010061359476901
NCAAF,americanfootball_ncaaf,2876b41c9c5327639fda141d7027eadb,2026-10-10T23:30:00Z,Georgia Southern Eagles,James Madison Dukes,betonlineag,BetOnline.ag,2026-10-10T06:13:21Z,spreads,2026-10-10T06:13:21Z,Georgia Southern Eagles,-116,7.5,20261010061359476901
NCAAF,americanfootball_ncaaf,2876b41c9c5327639fda141d7027eadb,2026-10-10T23:30:00Z,Georgia Southern Eagles,James Madison Dukes,betonlineag,BetOnline.ag,2026-10-10T06:13:21Z,spreads,2026-10-10T06:13:21Z,James Madison Dukes,-104,-7.5,20261010061359476901
NCAAF,americanfootball_ncaaf,2876b41c9c5327639fda141d7027eadb,2026-10-10T23:30:00Z,Georgia Southern Eagles,James Madison Dukes,betonlineag,BetOnline.ag,2026-10-10T06:13:21Z,totals,2026-10-10T06:13:21Z,Over,-105,52.0,20261010061359476901
NCAAF,americanfootball_ncaaf,2876b41c9c5327639fda141d7027eadb,2026-10-10T23:30:00Z,Georgia Southern Eagles,James Madison Dukes,betonlineag,BetOnline.ag,2026-10-10T06:13:21Z,totals,2026-10-10T06:13:21Z,Under,-115,52.0,20261010061359476901
NCAAF,americanfootball_ncaaf,2876b41c9c5327639fda141d7027eadb,2026-10-10T23:30:00Z,Georgia Southern Eagles,James Madison Dukes,betmgm,BetMGM,2026-10-10T06:13:39Z,h2h,2026-10-10T06:13:39Z,Georgia Southern Eagles,250,,20261010061359476901
NCAAF,americanfootball_ncaaf,2876b41c9c5327639fda141d7027eadb,2026-10-10T23:30:00Z,Georgia Southern Eagles,James Madison Dukes,betmgm,BetMGM,2026-10-10T06:13:39Z,h2h,2026-10-10T06:13:39Z,James Madison Dukes,-300,,20261010061359476901
NCAAF,americanfootball_ncaaf,2876b41c9c5327639fda141d7027eadb,2026-10-10T23:30:00Z,Georgia Southern Eagles,James Madison Dukes,betmgm,BetMGM,2026-10-10T06:13:39Z,spreads,2026-10-10T06:13:39Z,Georgia Southern Eagles,-110,7.5,20261010061359476901
NCAAF,americanfootball_ncaaf,2876b41c9c5327639fda141d7027eadb,2026-10-10T23:30:00Z,Georgia Southern Eagles,James Madison Dukes,betmgm,BetMGM,2026-10-10T06:13:39Z,spreads,2026-10-10T06:13:39Z,James Madison Dukes,-110,-7.5,20261010061359476901
NCAAF,americanfootball_ncaaf,2876b41c9c5327639fda141d7027eadb,2026-10-10T23:30:00Z,Georgia Southern Eagles,James Madison Dukes,betmgm,BetMGM,2026-10-10T06:13:39Z,totals,2026-10-10T06:13:39Z,Over,-115,51.5,20261010061359476901
NCAAF,americanfootball_ncaaf,2876b41c9c5327639fda141d7027eadb,2026-10-10T23:30:00Z,Georgia Southern Eagles,James Madison Dukes,betmgm,BetMGM,2026-10-10T06:13:39Z,totals,2026-10-10T06:13:39Z,Under,-105,51.5,20261010061359476901
NCAAF,americanfootball_ncaaf,2876b41c9c5327639fda141d7027eadb,2026-10-10T23:30:00Z,Georgia Southern Eagles,James Madison Dukes,mybookieag,MyBookie.ag,2026-10-10T06:13:29Z,h2h,2026-10-10T06:13:28Z,Georgia Southern Eagles,244,,20261010061359476901
NCAAF,americanfootball_ncaaf,2876b41c9c5327639fda141d7027eadb,2026-10-10T23:30:00Z,Georgia Southern Eagles,James Madison Dukes,mybookieag,MyBookie.ag,2026-10-10T06:13:29Z,h2h,2026-10-10T06:13:28Z,James Madison Dukes,-319,,20261010061359476901
NCAAF,americanfootball_ncaaf,2876b41c9c5327639fda141d7027eadb,2026-10-10T23:30:00Z,Georgia Southern Eagles,James Madison Dukes,mybookieag,MyBookie.ag,2026-10-10T06:13:29Z,spreads,2026-10-10T06:13:28Z,Georgia Southern Eagles,-110,7.5,20261010061359476901
NCAAF,americanfootball_ncaaf,2876b41c9c5327639fda141d7027eadb,2026-10-10T23:30:00Z,Georgia Southern Eagles,James Madison Dukes,mybookieag,MyBookie.ag,2026-10-10T06:13:29Z,spreads,2026-10-10T06:13:28Z,James Madison Dukes,-110,-7.5,20261010061359476901
NCAAF,americanfootball_ncaaf,2876b41c9c5327639fda141d7027eadb,2026-10-10T23:30:00Z,Georgia Southern Eagles,James Madison Dukes,mybookieag,MyBookie.ag,2026-10-10T06:13:29Z,totals,2026-10-10T06:13:28Z,Over,-110,51.5,20261010061359476901
NCAAF,americanfootball_ncaaf,2876b41c9c5327639fda141d7027eadb,2026-10-10T23:30:00Z,Georgia Southern Eagles,James Madison Dukes,mybookieag,MyBookie.ag,2026-10-10T06:13:29Z,totals,2026-10-10T06:13:28Z,Under,-110,51.5,20261010061359476901
NCAAF,americanfootball_ncaaf,2876b41c9c5327639fda141d7027eadb,2026-10-10T23:30:00Z,Georgia Southern Eagles,James Madison Dukes,betus,BetUS,2026-10-10T06:13:55Z,h2h,2026-10-10T06:13:55Z,Georgia Southern Eagles,255,,20261010061359476901
NCAAF,americanfootball_ncaaf,2876b41c9c5327639fda141d7027eadb,2026-10-10T23:30:00Z,Georgia Southern Eagles,James Madison Dukes,betus,BetUS,2026-10-10T06:13:55Z,h2h,2026-10-10T06:13:55Z,James Madison Dukes,-310,,20261010061359476901
NCAAF,americanfootball_ncaaf,2876b41c9c5327639fda141d7027eadb,2026-10-10T23:30:00Z,Georgia Southern Eagles,James Madison Dukes,betus,BetUS,2026-10-10T06:13:55Z,spreads,2026-10-10T06:13:55Z,Georgia Southern Eagles,-115,7.5,20261010061359476901
NCAAF,americanfootball_ncaaf,2876b41c9c5327639fda141d7027eadb,2026-10-10T23:30:00Z,Georgia Southern Eagles,James Madison Dukes,betus,BetUS,2026-10-10T06:13:55Z,spreads,2026-10-10T06:13:55Z,James Madison Dukes,-105,-7.5,20261010061359476901
NCAAF,americanfootball_ncaaf,2876b41c9c5327639fda141d7027eadb,2026-10-10T23:30:00Z,Georgia Southern Eagles,James Madison Dukes,betus,BetUS,2026-10-10T06:13:55Z,totals,2026-10-10T06:13:55Z,Over,-110,52.0,20261010061359476901
NCAAF,americanfootball_ncaaf,2876b41c9c5327639fda141d7027eadb,2026-10-10T23:30:00Z,Georgia Southern Eagles,James Madison Dukes,betus,BetUS,2026-10-10T06:13:55Z,totals,2026-10-10T06:13:55Z,Under,-110,52.0,20261010061359476901
NCAAF,americanfootball_ncaaf,2876b41c9c5327639fda141d7027eadb,2026-10-10T23:30:00Z,Georgia Southern Eagles,James Madison Dukes,bovada,Bovada,2026-10-10T06:12:36Z,h2h,2026-10-10T06:12:36Z,Georgia Southern Eagles,255,,20261010061359476901
NCAAF,americanfootball_ncaaf,2876b41c9c5327639fda141d7027eadb,2026-10-10T23:30:00Z,Georgia Southern Eagles,James Madison Dukes,bovada,Bovada,2026-10-10T06:12:36Z,h2h,2026-10-10T06:12:36Z,James Madison Dukes,-310,,20261010061359476901
NCAAF,americanfootball_ncaaf,2876b41c9c5327639fda141d7027eadb,2026-10-10T23:30:00Z,Georgia Southern Eagles,James Madison Dukes,bovada,Bovada,2026-10-10T06:12:36Z,spreads,2026-10-10T06:12:36Z,Georgia Southern Eagles,-120,7.5,20261010061359476901
NCAAF,americanfootball_ncaaf,2876b41c9c5327639fda141d7027eadb,2026-10-10T23:30:00Z,Georgia Southern Eagles,James Madison Dukes,bovada,Bovada,2026-10-10T06:12:36Z,spreads,2026-10-10T06:12:36Z,James Madison Dukes,100,-7.5,20261010061359476901
NCAAF,americanfootball_ncaaf,2876b41c9c5327639fda141d7027eadb,2026-10-10T23:30:00Z,Georgia Southern Eagles,James Madison Dukes,bovada,Bovada,2026-10-10T06:12:36Z,totals,2026-10-10T06:12:36Z,Over,-110,51.5,20261010061359476901
NCAAF,americanfootball_ncaaf,2876b41c9c5327639fda141d7027eadb,2026-10-10T23:30:00Z,Georgia Southern Eagles,James Madison Dukes,bovada,Bovada,2026-10-10T06:12:36Z,totals,2026-10-10T06:12:36Z,Under,-110,51.5,20261010061359476901
NCAAF,americanfootball_ncaaf,2876b41c9c5327639fda141d7027eadb,2026-10-10T23:30:00Z,Georgia Southern Eagles,James Madison Dukes,betrivers,BetRivers,2026-10-10T06:13:23Z,h2h,2026-10-10T06:13:23Z,Georgia Southern Eagles,230,,20261010061359476901
NCAAF,americanfootball_ncaaf,2876b41c9c5327639fda141d7027eadb,2026-10-10T23:30:00Z,Georgia Southern Eagles,James Madison Dukes,betrivers,BetRivers,2026-10-10T06:13:23Z,h2h,2026-10-10T06:13:23Z,James Madison Dukes,-295,,20261010061359476901
NCAAF,americanfootball_ncaaf,2876b41c9c5327639fda141d7027eadb,2026-10-10T23:30:00Z,Georgia Southern Eagles,James Madison Dukes,betrivers,BetRivers,2026-10-10T06:13:23Z,spreads,2026-10-10T06:13:23Z,Georgia Southern Eagles,-117,7.5,20261010061359476901
NCAAF,americanfootball_ncaaf,2876b41c9c5327639fda141d7027eadb,2026-10-10T23:30:00Z,Georgia Southern Eagles,James Madison Dukes,betrivers,BetRivers,2026-10-10T06:13:23Z,spreads,2026-10-10T06:13:23Z,James Madison Dukes,-107,-7.5,20261010061359476901
NCAAF,americanfootball_ncaaf,2876b41c9c5327639fda141d7027eadb,2026-10-10T23:30:00Z,Georgia Southern Eagles,James Madison Dukes,betrivers,BetRivers,2026-10-10T06:13:23Z,totals,2026-10-10T06:13:23Z,Over,-112,51.5,20261010061359476901
NCAAF,americanfootball_ncaaf,2876b41c9c5327639fda141d7027eadb,2026-10-10T23:30:00Z,Georgia Southern Eagles,James Madison Dukes,betrivers,BetRivers,2026-10-10T06:13:23Z,totals,2026-10-10T06:13:23Z,Under,-110,51.5,20261010061359476901
NCAAF,americanfootball_ncaaf,837b4ddbdcd5e8e3a68a7c954208ff40,2026-10-10T23:30:00Z,Louisiana Tech Bulldogs,Louisiana Ragin Cajuns,draftkings,DraftKings,2026-10-10T06:13:23Z,h2h,2026-10-10T06:13:23Z,Louisiana Ragin Cajuns,130,,20261010061359476901
NCAAF,americanfootball_ncaaf,837b4ddbdcd5e8e3a68a7c954208ff40,2026-10-10T23:30:00Z,Louisiana Tech Bulldogs,Louisiana Ragin Cajuns,draftkings,DraftKings,2026-10-10T06:13:23Z,h2h,2026-10-10T06:13:23Z,Louisiana Tech Bulldogs,-155,,20261010061359476901
NCAAF,americanfootball_ncaaf,837b4ddbdcd5e8e3a68a7c954208ff40,2026-10-10T23:30:00Z,Louisiana Tech Bulldogs,Louisiana Ragin Cajuns,draftkings,DraftKings,2026-10-10T06:13:23Z,spreads,2026-10-10T06:13:23Z,Louisiana Ragin Cajuns,-105,3.0,20261010061359476901
NCAAF,americanfootball_ncaaf,837b4ddbdcd5e8e3a68a7c954208ff40,2026-10-10T23:30:00Z,Louisiana Tech Bulldogs,Louisiana Ragin Cajuns,draftkings,DraftKings,2026-10-10T06:13:23Z,spreads,2026-10-10T06:13:23Z,Louisiana Tech Bulldogs,-115,-3.0,20261010061359476901
NCAAF,americanfootball_ncaaf,837b4ddbdcd5e8e3a68a7c954208ff40,2026-10-10T23:30:00Z,Louisiana Tech Bulldogs,Louisiana Ragin Cajuns,draftkings,DraftKings,2026-10-10T06:13:23Z,totals,2026-10-10T06:13:23Z,Over,-102,48.5,20261010061359476901
NCAAF,americanfootball_ncaaf,837b4ddbdcd5e8e3a68a7c954208ff40,2026-10-10T23:30:00Z,Louisiana Tech Bulldogs,Louisiana Ragin Cajuns,draftkings,DraftKings,2026-10-10T06:13:23Z,totals,2026-10-10T06:13:23Z,Under,-118,48.5,20261010061359476901
NCAAF,americanfootball_ncaaf,837b4ddbdcd5e8e3a68a7c954208ff40,2026-10-10T23:30:00Z,Louisiana Tech Bulldogs,Louisiana Ragin Cajuns,betonlineag,BetOnline.ag,2026-10-10T06:13:21Z,h2h,2026-10-10T06:13:21Z,Louisiana Ragin Cajuns,132,,20261010061359476901
NCAAF,americanfootball_ncaaf,837b4ddbdcd5e8e3a68a7c954208ff40,2026-10-10T23:30:00Z,Louisiana Tech Bulldogs,Louisiana Ragin Cajuns,betonlineag,BetOnline.ag,2026-10-10T06:13:21Z,h2h,2026-10-10T06:13:21Z,Louisiana Tech Bulldogs,-152,,20261010061359476901
NCAAF,americanfootball_ncaaf,837b4ddbdcd5e8e3a68a7c954208ff40,2026-10-10T23:30:00Z,Louisiana Tech Bulldogs,Louisiana Ragin Cajuns,betonlineag,BetOnline.ag,2026-10-10T06:13:21Z,spreads,2026-10-10T06:13:21Z,Louisiana Ragin Cajuns,-105,3.0,20261010061359476901
NCAAF,americanfootball_ncaaf,837b4ddbdcd5e8e3a68a7c954208ff40,2026-10-10T23:30:00Z,Louisiana Tech Bulldogs,Louisiana Ragin Cajuns,betonlineag,BetOnline.ag,2026-10-10T06:13:21Z,spreads,2026-10-10T06:13:21Z,Louisiana Tech Bulldogs,-115,-3.0,20261010061359476901
NCAAF,americanfootball_ncaaf,837b4ddbdcd5e8e3a68a7c954208ff40,2026-10-10T23:30:00Z,Louisiana Tech Bulldogs,Louisiana Ragin Cajuns,betonlineag,BetOnline.ag,2026-10-10T06:13:21Z,totals,2026-10-10T06:13:21Z,Over,-110,48.0,20261010061359476901
NCAAF,americanfootball_ncaaf,837b4ddbdcd5e8e3a68a7c954208ff40,2026-10-10T23:30:00Z,Louisiana Tech Bulldogs,Louisiana Ragin Cajuns,betonlineag,BetOnline.ag,2026-10-10T06:13:21Z,totals,2026-10-10T06:13:21Z,Under,-110,48.0,20261010061359476901
NCAAF,americanfootball_ncaaf,837b4ddbdcd5e8e3a68a7c954208ff40,2026-10-10T23:30:00Z,Louisiana Tech Bulldogs,Louisiana Ragin Cajuns,lowvig,LowVig.ag,2026-10-10T06:13:39Z,h2h,2026-10-10T06:13:39Z,Louisiana Ragin Cajuns,132,,20261010061359476901
NCAAF,americanfootball_ncaaf,837b4ddbdcd5e8e3a68a7c954208ff40,2026-10-10T23:30:00Z,Louisiana Tech Bulldogs,Louisiana Ragin Cajuns,lowvig,LowVig.ag,2026-10-10T06:13:39Z,h2h,2026-10-10T06:13:39Z,Louisiana Tech Bulldogs,-152,,20261010061359476901
NCAAF,americanfootball_ncaaf,837b4ddbdcd5e8e3a68a7c954208ff40,2026-10-10T23:30:00Z,Louisiana Tech Bulldogs,Louisiana Ragin Cajuns,lowvig,LowVig.ag,2026-10-10T06:13:39Z,spreads,2026-10-10T06:13:39Z,Louisiana Ragin Cajuns,-101,3.0,20261010061359476901
NCAAF,americanfootball_ncaaf,837b4ddbdcd5e8e3a68a7c954208ff40,2026-10-10T23:30:00Z,Louisiana Tech Bulldogs,Louisiana Ragin Cajuns,lowvig,LowVig.ag,2026-10-10T06:13:39Z,spreads,2026-10-10T06:13:39Z,Louisiana Tech Bulldogs,-111,-3.0,20261010061359476901
NCAAF,americanfootball_ncaaf,837b4ddbdcd5e8e3a68a7c954208ff40,2026-10-10T23:30:00Z,Louisiana Tech Bulldogs,Louisiana Ragin Cajuns,lowvig,LowVig.ag,2026-10-10T06:13:39Z,totals,2026-10-10T06:13:39Z,Over,-108,48.0,20261010061359476901
NCAAF,americanfootball_ncaaf,837b4ddbdcd5e8e3a68a7c954208ff40,2026-10-10T23:30:00Z,Louisiana Tech Bulldogs,Louisiana Ragin Cajuns,lowvig,LowVig.ag,2026-10-10T06:13:39Z,totals,2026-10-10T06:13:39Z,Under,-108,48.0,20261010061359476901
NCAAF,americanfootball_ncaaf,837b4ddbdcd5e8e3a68a7c954208ff40,2026-10-10T23:30:00Z,Louisiana Tech Bulldogs,Louisiana Ragin Cajuns,fanduel,FanDuel,2026-10-10T06:13:40Z,h2h,2026-10-10T06:13:39Z,Louisiana Ragin Cajuns,126,,20261010061359476901
NCAAF,americanfootball_ncaaf,837b4ddbdcd5e8e3a68a7c954208ff40,2026-10-10T23:30:00Z,Louisiana Tech Bulldogs,Louisiana Ragin Cajuns,fanduel,FanDuel,2026-10-10T06:13:40Z,h2h,2026-10-10T06:13:39Z,Louisiana Tech Bulldogs,-152,,20261010061359476901
NCAAF,americanfootball_ncaaf,837b4ddbdcd5e8e3a68a7c954208ff40,2026-10-10T23:30:00Z,Louisiana Tech Bulldogs,Louisiana Ragin Cajuns,fanduel,FanDuel,2026-10-10T06:13:40Z,spreads,2026-10-10T06:13:39Z,Louisiana Ragin Cajuns,100,2.5,20261010061359476901
NCAAF,americanfootball_ncaaf,837b4ddbdcd5e8e3a68a7c954208ff40,2026-10-10T23:30:00Z,Louisiana Tech Bulldogs,Louisiana Ragin Cajuns,fanduel,FanDuel,2026-10-10T06:13:40Z,spreads,2026-10-10T06:13:39Z,Louisiana Tech Bulldogs,-122,-2.5,20261010061359476901
NCAAF,americanfootball_ncaaf,837b4ddbdcd5e8e3a68a7c954208ff40,2026-10-10T23:30:00Z,Louisiana Tech Bulldogs,Louisiana Ragin Cajuns,fanduel,FanDuel,2026-10-10T06:13:40Z,totals,2026-10-10T06:13:39Z,Over,-104,48.5,20261010061359476901
NCAAF,americanfootball_ncaaf,837b4ddbdcd5e8e3a68a7c954208ff40,2026-10-10T23:30:00Z,Louisiana Tech Bulldogs,Louisiana Ragin Cajuns,fanduel,FanDuel,2026-10-10T06:13:40Z,totals,2026-10-10T06:13:39Z,Under,-118,48.5,20261010061359476901
NCAAF,americanfootball_ncaaf,837b4ddbdcd5e8e3a68a7c954208ff40,2026-10-10T23:30:00Z,Louisiana Tech Bulldogs,Louisiana Ragin Cajuns,betmgm,BetMGM,2026-10-10T06:13:39Z,h2h,2026-10-10T06:13:39Z,Louisiana Ragin Cajuns,130,,20261010061359476901
NCAAF,americanfootball_ncaaf,837b4ddbdcd5e8e3a68a7c954208ff40,2026-10-10T23:30:00Z,Louisiana Tech Bulldogs,Louisiana Ragin Cajuns,betmgm,BetMGM,2026-10-10T06:13:39Z,h2h,2026-10-10T06:13:39Z,Louisiana Tech Bulldogs,-155,,20261010061359476901
NCAAF,americanfootball_ncaaf,837b4ddbdcd5e8e3a68a7c954208ff40,2026-10-10T23:30:00Z,Louisiana Tech Bulldogs,Louisiana Ragin Cajuns,betmgm,BetMGM,2026-10-10T06:13:39Z,spreads,2026-10-10T06:13:39Z,Louisiana Ragin Cajuns,-105,3.0,20261010061359476901
NCAAF,americanfootball_ncaaf,837b4ddbdcd5e8e3a68a7c954208ff40,2026-10-10T23:30:00Z,Louisiana Tech Bulldogs,Louisiana Ragin Cajuns,betmgm,BetMGM,2026-10-10T06:13:39Z,spreads,2026-10-10T06:13:39Z,Louisiana Tech Bulldogs,-115,-3.0,20261010061359476901
NCAAF,americanfootball_ncaaf,837b4ddbdcd5e8e3a68a7c954208ff40,2026-10-10T23:30:00Z,Louisiana Tech Bulldogs,Louisiana Ragin Cajuns,betmgm,BetMGM,2026-10-10T06:13:39Z,totals,2026-10-10T06:13:39Z,Over,-110,47.5,20261010061359476901
NCAAF,americanfootball_ncaaf,837b4ddbdcd5e8e3a68a7c954208ff40,2026-10-10T23:30:00Z,Louisiana Tech Bulldogs,Louisiana Ragin Cajuns,betmgm,BetMGM,2026-10-10T06:13:39Z,totals,2026-10-10T06:13:39Z,Under,-110,47.5,20261010061359476901
NCAAF,americanfootball_ncaaf,837b4ddbdcd5e8e3a68a7c954208ff40,2026-10-10T23:30:00Z,Louisiana Tech Bulldogs,Louisiana Ragin Cajuns,mybookieag,MyBookie.ag,2026-10-10T06:13:29Z,h2h,2026-10-10T06:13:28Z,Louisiana Ragin Cajuns,125,,20261010061359476901
NCAAF,americanfootball_ncaaf,837b4ddbdcd5e8e3a68a7c954208ff40,2026-10-10T23:30:00Z,Louisiana Tech Bulldogs,Louisiana Ragin Cajuns,mybookieag,MyBookie.ag,2026-10-10T06:13:29Z,h2h,2026-10-10T06:13:28Z,Louisiana Tech Bulldogs,-153,,20261010061359476901
NCAAF,americanfootball_ncaaf,837b4ddbdcd5e8e3a68a7c954208ff40,2026-10-10T23:30:00Z,Louisiana Tech Bulldogs,Louisiana Ragin Cajuns,mybookieag,MyBookie.ag,2026-10-10T06:13:29Z,spreads,2026-10-10T06:13:28Z,Louisiana Ragin Cajuns,-110,3.0,20261010061359476901
NCAAF,americanfootball_ncaaf,837b4ddbdcd5e8e3a68a7c954208ff40,2026-10-10T23:30:00Z,Louisiana Tech Bulldogs,Louisiana Ragin Cajuns,mybookieag,MyBookie.ag,2026-10-10T06:13:29Z,spreads,2026-10-10T06:13:28Z,Louisiana Tech Bulldogs,-110,-3.0,20261010061359476901
NCAAF,americanfootball_ncaaf,837b4ddbdcd5e8e3a68a7c954208ff40,2026-10-10T23:30:00Z,Louisiana Tech Bulldogs,Louisiana Ragin Cajuns,mybookieag,MyBookie.ag,2026-10-10T06:13:29Z,totals,2026-10-10T06:13:28Z,Over,-110,48.0,20261010061359476901
NCAAF,americanfootball_ncaaf,837b4ddbdcd5e8e3a68a7c954208ff40,2026-10-10T23:30:00Z,Louisiana Tech Bulldogs,Louisiana Ragin Cajuns,mybookieag,MyBookie.ag,2026-10-10T06:13:29Z,totals,2026-10-10T06:13:28Z,Under,-110,48.0,20261010061359476901
NCAAF,americanfootball_ncaaf,837b4ddbdcd5e8e3a68a7c954208ff40,2026-10-10T23:30:00Z,Louisiana Tech Bulldogs,Louisiana Ragin Cajuns,bovada,Bovada,2026-10-10T06:12:36Z,h2h,2026-10-10T06:12:36Z,Louisiana Ragin Cajuns,135,,20261010061359476901
NCAAF,americanfootball_ncaaf,837b4ddbdcd5e8e3a68a7c954208ff40,2026-10-10T23:30:00Z,Louisiana Tech Bulldogs,Louisiana Ragin Cajuns,bovada,Bovada,2026-10-10T06:12:36Z,h2h,2026-10-10T06:12:36Z,Louisiana Tech Bulldogs,-160,,20261010061359476901
NCAAF,americanfootball_ncaaf,837b4ddbdcd5e8e3a68a7c954208ff40,2026-10-10T23:30:00Z,Louisiana Tech Bulldogs,Louisiana Ragin Cajuns,bovada,Bovada,2026-10-10T06:12:36Z,spreads,2026-10-10T06:12:36Z,Louisiana Ragin Cajuns,100,3.0,20261010061359476901
NCAAF,americanfootball_ncaaf,837b4ddbdcd5e8e3a68a7c954208ff40,2026-10-10T23:30:00Z,Louisiana Tech Bulldogs,Louisiana Ragin Cajuns,bovada,Bovada,2026-10-10T06:12:36Z,spreads,2026-10-10T06:12:36Z,Louisiana Tech Bulldogs,-120,-3.0,20261010061359476901
NCAAF,americanfootball_ncaaf,837b4ddbdcd5e8e3a68a7c954208ff40,2026-10-10T23:30:00Z,Louisiana Tech Bulldogs,Louisiana Ragin Cajuns,bovada,Bovada,2026-10-10T06:12:36Z,totals,2026-10-10T06:12:36Z,Over,-110,48.0,20261010061359476901
NCAAF,americanfootball_ncaaf,837b4ddbdcd5e8e3a68a7c954208ff40,2026-10-10T23:30:00Z,Louisiana Tech Bulldogs,Louisiana Ragin Cajuns,bovada,Bovada,2026-10-10T06:12:36Z,totals,2026-10-10T06:12:36Z,Under,-110,48.0,20261010061359476901
NCAAF,americanfootball_ncaaf,837b4ddbdcd5e8e3a68a7c954208ff40,2026-10-10T23:30:00Z,Louisiana Tech Bulldogs,Louisiana Ragin Cajuns,betus,BetUS,2026-10-10T06:13:55Z,h2h,2026-10-10T06:13:55Z,Louisiana Ragin Cajuns,129,,20261010061359476901
NCAAF,americanfootball_ncaaf,837b4ddbdcd5e8e3a68a7c954208ff40,2026-10-10T23:30:00Z,Louisiana Tech Bulldogs,Louisiana Ragin Cajuns,betus,BetUS,2026-10-10T06:13:55Z,h2h,2026-10-10T06:13:55Z,Louisiana Tech Bulldogs,-150,,20261010061359476901
NCAAF,americanfootball_ncaaf,837b4ddbdcd5e8e3a68a7c954208ff40,2026-10-10T23:30:00Z,Louisiana Tech Bulldogs,Louisiana Ragin Cajuns,betus,BetUS,2026-10-10T06:13:55Z,spreads,2026-10-10T06:13:55Z,Louisiana Ragin Cajuns,-105,3.0,20261010061359476901
NCAAF,americanfootball_ncaaf,837b4ddbdcd5e8e3a68a7c954208ff40,2026-10-10T23:30:00Z,Louisiana Tech Bulldogs,Louisiana Ragin Cajuns,betus,BetUS,2026-10-10T06:13:55Z,spreads,2026-10-10T06:13:55Z,Louisiana Tech Bulldogs,-115,-3.0,20261010061359476901
NCAAF,americanfootball_ncaaf,837b4ddbdcd5e8e3a68a7c954208ff40,2026-10-10T23:30:00Z,Louisiana Tech Bulldogs,Louisiana Ragin Cajuns,betus,BetUS,2026-10-10T06:13:55Z,totals,2026-10-10T06:13:55Z,Over,-110,48.0,20261010061359476901
NCAAF,americanfootball_ncaaf,837b4ddbdcd5e8e3a68a7c954208ff40,2026-10-10T23:30:00Z,Louisiana Tech Bulldogs,Louisiana Ragin Cajuns,betus,BetUS,2026-10-10T06:13:55Z,totals,2026-10-10T06:13:55Z,Under,-110,48.0,20261010061359476901
NCAAF,americanfootball_ncaaf,837b4ddbdcd5e8e3a68a7c954208ff40,2026-10-10T23:30:00Z,Louisiana Tech Bulldogs,Louisiana Ragin Cajuns,betrivers,BetRivers,2026-10-10T06:13:23Z,h2h,2026-10-10T06:13:23Z,Louisiana Ragin Cajuns,123,,20261010061359476901
NCAAF,americanfootball_ncaaf,837b4ddbdcd5e8e3a68a7c954208ff40,2026-10-10T23:30:00Z,Louisiana Tech Bulldogs,Louisiana Ragin Cajuns,betrivers,BetRivers,2026-10-10T06:13:23Z,h2h,2026-10-10T06:13:23Z,Louisiana Tech Bulldogs,-152,,20261010061359476901
NCAAF,americanfootball_ncaaf,837b4ddbdcd5e8e3a68a7c954208ff40,2026-10-10T23:30:00Z,Louisiana Tech Bulldogs,Louisiana Ragin Cajuns,betrivers,BetRivers,2026-10-10T06:13:23Z,spreads,2026-10-10T06:13:23Z,Louisiana Ragin Cajuns,-112,3.0,20261010061359476901
NCAAF,americanfootball_ncaaf,837b4ddbdcd5e8e3a68a7c954208ff40,2026-10-10T23:30:00Z,Louisiana Tech Bulldogs,Louisiana Ragin Cajuns,betrivers,BetRivers,2026-10-10T06:13:23Z,spreads,2026-10-10T06:13:23Z,Louisiana Tech Bulldogs,-110,-3.0,20261010061359476901
NCAAF,americanfootball_ncaaf,837b4ddbdcd5e8e3a68a7c954208ff40,2026-10-10T23:30:00Z,Louisiana Tech Bulldogs,Louisiana Ragin Cajuns,betrivers,BetRivers,2026-10-10T06:13:23Z,totals,2026-10-10T06:13:23Z,Over,-106,47.5,20261010061359476901
NCAAF,americanfootball_ncaaf,837b4ddbdcd5e8e3a68a7c954208ff40,2026-10-10T23:30:00Z,Louisiana Tech Bulldogs,Louisiana Ragin Cajuns,betrivers,BetRivers,2026-10-10T06:13:23Z,totals,2026-10-10T06:13:23Z,Under,-118,47.5,20261010061359476901
NCAAF,americanfootball_ncaaf,4462f1fa168ab2a5a25fe2807ebec8ac,2026-10-10T23:30:00Z,Penn State Nittany Lions,USC Trojans,draftkings,DraftKings,2026-10-10T06:13:23Z,h2h,2026-10-10T06:13:23Z,Penn State Nittany Lions,-122,,20261010061359476901
NCAAF,americanfootball_ncaaf,4462f1fa168ab2a5a25fe2807ebec8ac,2026-10-10T23:30:00Z,Penn State Nittany Lions,USC Trojans,draftkings,DraftKings,2026-10-10T06:13:23Z,h2h,2026-10-10T06:13:23Z,USC Trojans,102,,20261010061359476901
NCAAF,americanfootball_ncaaf,4462f1fa168ab2a5a25fe2807ebec8ac,2026-10-10T23:30:00Z,Penn State Nittany Lions,USC Trojans,draftkings,DraftKings,2026-10-10T06:13:23Z,spreads,2026-10-10T06:13:23Z,Penn State Nittany Lions,-112,-1.5,20261010061359476901
NCAAF,americanfootball_ncaaf,4462f1fa168ab2a5a25fe2807ebec8ac,2026-10-10T23:30:00Z,Penn State Nittany Lions,USC Trojans,draftkings,DraftKings,2026-10-10T06:13:23Z,spreads,2026-10-10T06:13:23Z,USC Trojans,-108,1.5,20261010061359476901
NCAAF,americanfootball_ncaaf,4462f1fa168ab2a5a25fe2807ebec8ac,2026-10-10T23:30:00Z,Penn State Nittany Lions,USC Trojans,draftkings,DraftKings,2026-10-10T06:13:23Z,totals,2026-10-10T06:13:23Z,Over,-112,54.5,20261010061359476901
NCAAF,americanfootball_ncaaf,4462f1fa168ab2a5a25fe2807ebec8ac,2026-10-10T23:30:00Z,Penn State Nittany Lions,USC Trojans,draftkings,DraftKings,2026-10-10T06:13:23Z,totals,2026-10-10T06:13:23Z,Under,-108,54.5,20261010061359476901
NCAAF,americanfootball_ncaaf,4462f1fa168ab2a5a25fe2807ebec8ac,2026-10-10T23:30:00Z,Penn State Nittany Lions,USC Trojans,mybookieag,MyBookie.ag,2026-10-10T06:13:29Z,h2h,2026-10-10T06:13:28Z,Penn State Nittany Lions,-123,,20261010061359476901
NCAAF,americanfootball_ncaaf,4462f1fa168ab2a5a25fe2807ebec8ac,2026-10-10T23:30:00Z,Penn State Nittany Lions,USC Trojans,mybookieag,MyBookie.ag,2026-10-10T06:13:29Z,h2h,2026-10-10T06:13:28Z,USC Trojans,101,,20261010061359476901
NCAAF,americanfootball_ncaaf,4462f1fa168ab2a5a25fe2807ebec8ac,2026-10-10T23:30:00Z,Penn State Nittany Lions,USC Trojans,mybookieag,MyBookie.ag,2026-10-10T06:13:29Z,spreads,2026-10-10T06:13:28Z,Penn State Nittany Lions,-110,-1.5,20261010061359476901
NCAAF,americanfootball_ncaaf,4462f1fa168ab2a5a25fe2807ebec8ac,2026-10-10T23:30:00Z,Penn State Nittany Lions,USC Trojans,mybookieag,MyBookie.ag,2026-10-10T06:13:29Z,spreads,2026-10-10T06:13:28Z,USC Trojans,-110,1.5,20261010061359476901
NCAAF,americanfootball_ncaaf,4462f1fa168ab2a5a25fe2807ebec8ac,2026-10-10T23:30:00Z,Penn State Nittany Lions,USC Trojans,mybookieag,MyBookie.ag,2026-10-10T06:13:29Z,totals,2026-10-10T06:13:28Z,Over,-110,54.5,20261010061359476901
NCAAF,americanfootball_ncaaf,4462f1fa168ab2a5a25fe2807ebec8ac,2026-10-10T23:30:00Z,Penn State Nittany Lions,USC Trojans,mybookieag,MyBookie.ag,2026-10-10T06:13:29Z,totals,2026-10-10T06:13:28Z,Under,-110,54.5,20261010061359476901
NCAAF,americanfootball_ncaaf,4462f1fa168ab2a5a25fe2807ebec8ac,2026-10-10T23:30:00Z,Penn State Nittany Lions,USC Trojans,betrivers,BetRivers,2026-10-10T06:13:23Z,h2h,2026-10-10T06:13:23Z,Penn State Nittany Lions,-129,,20261010061359476901
NCAAF,americanfootball_ncaaf,4462f1fa168ab2a5a25fe2807ebec8ac,2026-10-10T23:30:00Z,Penn State Nittany Lions,USC Trojans,betrivers,BetRivers,2026-10-10T06:13:23Z,h2h,2026-10-10T06:13:23Z,USC Trojans,104,,20261010061359476901
NCAAF,americanfootball_ncaaf,4462f1fa168ab2a5a25fe2807ebec8ac,2026-10-10T23:30:00Z,Penn State Nittany Lions,USC Trojans,betrivers,BetRivers,2026-10-10T06:13:23Z,spreads,2026-10-10T06:13:23Z,Penn State Nittany Lions,-113,-1.5,20261010061359476901
NCAAF,americanfootball_ncaaf,4462f1fa168ab2a5a25fe2807ebec8ac,2026-10-10T23:30:00Z,Penn State Nittany Lions,USC Trojans,betrivers,BetRivers,2026-10-10T06:13:23Z,spreads,2026-10-10T06:13:23Z,USC Trojans,-110,1.5,20261010061359476901
NCAAF,americanfootball_ncaaf,4462f1fa168ab2a5a25fe2807ebec8ac,2026-10-10T23:30:00Z,Penn State Nittany Lions,USC Trojans,betrivers,BetRivers,2026-10-10T06:13:23Z,totals,2026-10-10T06:13:23Z,Over,-112,54.5,20261010061359476901
NCAAF,americanfootball_ncaaf,4462f1fa168ab2a5a25fe2807ebec8ac,2026-10-10T23:30:00Z,Penn State Nittany Lions,USC Trojans,betrivers,BetRivers,2026-10-10T06:13:23Z,totals,2026-10-10T06:13:23Z,Under,-110,54.5,20261010061359476901
NCAAF,americanfootball_ncaaf,4462f1fa168ab2a5a25fe2807ebec8ac,2026-10-10T23:30:00Z,Penn State Nittany Lions,USC Trojans,fanduel,FanDuel,2026-10-10T06:13:40Z,h2h,2026-10-10T06:13:39Z,Penn State Nittany Lions,-122,,20261010061359476901
NCAAF,americanfootball_ncaaf,4462f1fa168ab2a5a25fe2807ebec8ac,2026-10-10T23:30:00Z,Penn State Nittany Lions,USC Trojans,fanduel,FanDuel,2026-10-10T06:13:40Z,h2h,2026-10-10T06:13:39Z,USC Trojans,102,,20261010061359476901
NCAAF,americanfootball_ncaaf,4462f1fa168ab2a5a25fe2807ebec8ac,2026-10-10T23:30:00Z,Penn State Nittany Lions,USC Trojans,fanduel,FanDuel,2026-10-10T06:13:40Z,spreads,2026-10-10T06:13:39Z,Penn State Nittany Lions,-110,-1.5,20261010061359476901
NCAAF,americanfootball_ncaaf,4462f1fa168ab2a5a25fe2807ebec8ac,2026-10-10T23:30:00Z,Penn State Nittany Lions,USC Trojans,fanduel,FanDuel,2026-10-10T06:13:40Z,spreads,2026-10-10T06:13:39Z,USC Trojans,-110,1.5,20261010061359476901
NCAAF,americanfootball_ncaaf,4462f1fa168ab2a5a25fe2807ebec8ac,2026-10-10T23:30:00Z,Penn State Nittany Lions,USC Trojans,fanduel,FanDuel,2026-10-10T06:13:40Z,totals,2026-10-10T06:13:39Z,Over,-110,54.5,20261010061359476901
NCAAF,americanfootball_ncaaf,4462f1fa168ab2a5a25fe2807ebec8ac,2026-10-10T23:30:00Z,Penn State Nittany Lions,USC Trojans,fanduel,FanDuel,2026-10-10T06:13:40Z,totals,2026-10-10T06:13:39Z,Under,-110,54.5,20261010061359476901
NCAAF,americanfootball_ncaaf,4462f1fa168ab2a5a25fe2807ebec8ac,2026-10-10T23:30:00Z,Penn State Nittany Lions,USC Trojans,lowvig,LowVig.ag,2026-10-10T06:13:39Z,h2h,2026-10-10T06:13:39Z,Penn State Nittany Lions,-123,,20261010061359476901
NCAAF,americanfootball_ncaaf,4462f1fa168ab2a5a25fe2807ebec8ac,2026-10-10T23:30:00Z,Penn State Nittany Lions,USC Trojans,lowvig,LowVig.ag,2026-10-10T06:13:39Z,h2h,2026-10-10T06:13:39Z,USC Trojans,103,,20261010061359476901
NCAAF,americanfootball_ncaaf,4462f1fa168ab2a5a25fe2807ebec8ac,2026-10-10T23:30:00Z,Penn State Nittany Lions,USC Trojans,lowvig,LowVig.ag,2026-10-10T06:13:39Z,spreads,2026-10-10T06:13:39Z,Penn State Nittany Lions,-106,-1.5,20261010061359476901
NCAAF,americanfootball_ncaaf,4462f1fa168ab2a5a25fe2807ebec8ac,2026-10-10T23:30:00Z,Penn State Nittany Lions,USC Trojans,lowvig,LowVig.ag,2026-10-10T06:13:39Z,spreads,2026-10-10T06:13:39Z,USC Trojans,-106,1.5,20261010061359476901
NCAAF,americanfootball_ncaaf,4462f1fa168ab2a5a25fe2807ebec8ac,2026-10-10T23:30:00Z,Penn State Nittany Lions,USC Trojans,lowvig,LowVig.ag,2026-10-10T06:13:39Z,totals,2026-10-10T06:13:39Z,Over,-103,55.5,20261010061359476901
NCAAF,americanfootball_ncaaf,4462f1fa168ab2a5a25fe2807ebec8ac,2026-10-10T23:30:00Z,Penn State Nittany Lions,USC Trojans,lowvig,LowVig.ag,2026-10-10T06:13:39Z,totals,2026-10-10T06:13:39Z,Under,-114,55.5,20261010061359476901
NCAAF,americanfootball_ncaaf,4462f1fa168ab2a5a25fe2807ebec8ac,2026-10-10T23:30:00Z,Penn State Nittany Lions,USC Trojans,betonlineag,BetOnline.ag,2026-10-10T06:13:21Z,h2h,2026-10-10T06:13:21Z,Penn State Nittany Lions,-123,,20261010061359476901
NCAAF,americanfootball_ncaaf,4462f1fa168ab2a5a25fe2807ebec8ac,2026-10-10T23:30:00Z,Penn State Nittany Lions,USC Trojans,betonlineag,BetOnline.ag,2026-10-10T06:13:21Z,h2h,2026-10-10T06:13:21Z,USC Trojans,103,,20261010061359476901
NCAAF,americanfootball_ncaaf,4462f1fa168ab2a5a25fe2807ebec8ac,2026-10-10T23:30:00Z,Penn State Nittany Lions,USC Trojans,betonlineag,BetOnline.ag,2026-10-10T06:13:21Z,spreads,2026-10-10T06:13:21Z,Penn State Nittany Lions,-110,-1.5,20261010061359476901
NCAAF,americanfootball_ncaaf,4462f1fa168ab2a5a25fe2807ebec8ac,2026-10-10T23:30:00Z,Penn State Nittany Lions,USC Trojans,betonlineag,BetOnline.ag,2026-10-10T06:13:21Z,spreads,2026-10-10T06:13:21Z,USC Trojans,-110,1.5,20261010061359476901
NCAAF,americanfootball_ncaaf,4462f1fa168ab2a5a25fe2807ebec8ac,2026-10-10T23:30:00Z,Penn State Nittany Lions,USC Trojans,betonlineag,BetOnline.ag,2026-10-10T06:13:21Z,totals,2026-10-10T06:13:21Z,Over,-105,55.5,20261010061359476901
NCAAF,americanfootball_ncaaf,4462f1fa168ab2a5a25fe2807ebec8ac,2026-10-10T23:30:00Z,Penn State Nittany Lions,USC Trojans,betonlineag,BetOnline.ag,2026-10-10T06:13:21Z,totals,2026-10-10T06:13:21Z,Under,-115,55.5,20261010061359476901
NCAAF,americanfootball_ncaaf,4462f1fa168ab2a5a25fe2807ebec8ac,2026-10-10T23:30:00Z,Penn State Nittany Lions,USC Trojans,betmgm,BetMGM,2026-10-10T06:13:39Z,h2h,2026-10-10T06:13:39Z,Penn State Nittany Lions,-120,,20261010061359476901
NCAAF,americanfootball_ncaaf,4462f1fa168ab2a5a25fe2807ebec8ac,2026-10-10T23:30:00Z,Penn State Nittany Lions,USC Trojans,betmgm,BetMGM,2026-10-10T06:13:39Z,h2h,2026-10-10T06:13:39Z,USC Trojans,100,,20261010061359476901
NCAAF,americanfootball_ncaaf,4462f1fa168ab2a5a25fe2807ebec8ac,2026-10-10T23:30:00Z,Penn State Nittany Lions,USC Trojans,betmgm,BetMGM,2026-10-10T06:13:39Z,spreads,2026-10-10T06:13:39Z,Penn State Nittany Lions,-110,-1.5,20261010061359476901
NCAAF,americanfootball_ncaaf,4462f1fa168ab2a5a25fe2807ebec8ac,2026-10-10T23:30:00Z,Penn State Nittany Lions,USC Trojans,betmgm,BetMGM,2026-10-10T06:13:39Z,spreads,2026-10-10T06:13:39Z,USC Trojans,-110,1.5,20261010061359476901
NCAAF,americanfootball_ncaaf,4462f1fa168ab2a5a25fe2807ebec8ac,2026-10-10T23:30:00Z,Penn State Nittany Lions,USC Trojans,betmgm,BetMGM,2026-10-10T06:13:39Z,totals,2026-10-10T06:13:39Z,Over,-110,54.5,20261010061359476901
NCAAF,americanfootball_ncaaf,4462f1fa168ab2a5a25fe2807ebec8ac,2026-10-10T23:30:00Z,Penn State Nittany Lions,USC Trojans,betmgm,BetMGM,2026-10-10T06:13:39Z,totals,2026-10-10T06:13:39Z,Under,-110,54.5,20261010061359476901
NCAAF,americanfootball_ncaaf,4462f1fa168ab2a5a25fe2807ebec8ac,2026-10-10T23:30:00Z,Penn State Nittany Lions,USC Trojans,bovada,Bovada,2026-10-10T06:12:36Z,h2h,2026-10-10T06:12:36Z,Penn State Nittany Lions,-120,,20261010061359476901
NCAAF,americanfootball_ncaaf,4462f1fa168ab2a5a25fe2807ebec8ac,2026-10-10T23:30:00Z,Penn State Nittany Lions,USC Trojans,bovada,Bovada,2026-10-10T06:12:36Z,h2h,2026-10-10T06:12:36Z,USC Trojans,100,,20261010061359476901
NCAAF,americanfootball_ncaaf,4462f1fa168ab2a5a25fe2807ebec8ac,2026-10-10T23:30:00Z,Penn State Nittany Lions,USC Trojans,bovada,Bovada,2026-10-10T06:12:36Z,spreads,2026-10-10T06:12:36Z,Penn State Nittany Lions,-110,-2.0,20261010061359476901
NCAAF,americanfootball_ncaaf,4462f1fa168ab2a5a25fe2807ebec8ac,2026-10-10T23:30:00Z,Penn State Nittany Lions,USC Trojans,bovada,Bovada,2026-10-10T06:12:36Z,spreads,2026-10-10T06:12:36Z,USC Trojans,-110,2.0,20261010061359476901
NCAAF,americanfootball_ncaaf,4462f1fa168ab2a5a25fe2807ebec8ac,2026-10-10T23:30:00Z,Penn State Nittany Lions,USC Trojans,bovada,Bovada,2026-10-10T06:12:36Z,totals,2026-10-10T06:12:36Z,Over,-110,54.5,20261010061359476901
NCAAF,americanfootball_ncaaf,4462f1fa168ab2a5a25fe2807ebec8ac,2026-10-10T23:30:00Z,Penn State Nittany Lions,USC Trojans,bovada,Bovada,2026-10-10T06:12:36Z,totals,2026-10-10T06:12:36Z,Under,-110,54.5,20261010061359476901
NCAAF,americanfootball_ncaaf,4462f1fa168ab2a5a25fe2807ebec8ac,2026-10-10T23:30:00Z,Penn State Nittany Lions,USC Trojans,betus,BetUS,2026-10-10T06:13:55Z,h2h,2026-10-10T06:13:54Z,Penn State Nittany Lions,-120,,20261010061359476901
NCAAF,americanfootball_ncaaf,4462f1fa168ab2a5a25fe2807ebec8ac,2026-10-10T23:30:00Z,Penn State Nittany Lions,USC Trojans,betus,BetUS,2026-10-10T06:13:55Z,h2h,2026-10-10T06:13:54Z,USC Trojans,100,,20261010061359476901
NCAAF,americanfootball_ncaaf,4462f1fa168ab2a5a25fe2807ebec8ac,2026-10-10T23:30:00Z,Penn State Nittany Lions,USC Trojans,betus,BetUS,2026-10-10T06:13:55Z,spreads,2026-10-10T06:13:54Z,Penn State Nittany Lions,-110,-1.5,20261010061359476901
NCAAF,americanfootball_ncaaf,4462f1fa168ab2a5a25fe2807ebec8ac,2026-10-10T23:30:00Z,Penn State Nittany Lions,USC Trojans,betus,BetUS,2026-10-10T06:13:55Z,spreads,2026-10-10T06:13:54Z,USC Trojans,-110,1.5,20261010061359476901
NCAAF,americanfootball_ncaaf,4462f1fa168ab2a5a25fe2807ebec8ac,2026-10-10T23:30:00Z,Penn State Nittany Lions,USC Trojans,betus,BetUS,2026-10-10T06:13:55Z,totals,2026-10-10T06:13:54Z,Over,-110,54.5,20261010061359476901
NCAAF,americanfootball_ncaaf,4462f1fa168ab2a5a25fe2807ebec8ac,2026-10-10T23:30:00Z,Penn State Nittany Lions,USC Trojans,betus,BetUS,2026-10-10T06:13:55Z,totals,2026-10-10T06:13:54Z,Under,-110,54.5,20261010061359476901
NCAAF,americanfootball_ncaaf,f7b49f43b10f581d991954dae86b9aa5,2026-10-10T23:30:00Z,Virginia Cavaliers,Syracuse Orange,fanduel,FanDuel,2026-10-10T06:13:40Z,h2h,2026-10-10T06:13:39Z,Syracuse Orange,350,,20261010061359476901
NCAAF,americanfootball_ncaaf,f7b49f43b10f581d991954dae86b9aa5,2026-10-10T23:30:00Z,Virginia Cavaliers,Syracuse Orange,fanduel,FanDuel,2026-10-10T06:13:40Z,h2h,2026-10-10T06:13:39Z,Virginia Cavaliers,-465,,20261010061359476901
NCAAF,americanfootball_ncaaf,f7b49f43b10f581d991954dae86b9aa5,2026-10-10T23:30:00Z,Virginia Cavaliers,Syracuse Orange,fanduel,FanDuel,2026-10-10T06:13:40Z,spreads,2026-10-10T06:13:39Z,Syracuse Orange,-105,10.5,20261010061359476901
NCAAF,americanfootball_ncaaf,f7b49f43b10f581d991954dae86b9aa5,2026-10-10T23:30:00Z,Virginia Cavaliers,Syracuse Orange,fanduel,FanDuel,2026-10-10T06:13:40Z,spreads,2026-10-10T06:13:39Z,Virginia Cavaliers,-115,-10.5,20261010061359476901
NCAAF,americanfootball_ncaaf,f7b49f43b10f581d991954dae86b9aa5,2026-10-10T23:30:00Z,Virginia Cavaliers,Syracuse Orange,fanduel,FanDuel,2026-10-10T06:13:40Z,totals,2026-10-10T06:13:39Z,Over,-112,49.5,20261010061359476901
NCAAF,americanfootball_ncaaf,f7b49f43b10f581d991954dae86b9aa5,2026-10-10T23:30:00Z,Virginia Cavaliers,Syracuse Orange,fanduel,FanDuel,2026-10-10T06:13:40Z,totals,2026-10-10T06:13:39Z,Under,-108,49.5,20261010061359476901
NCAAF,americanfootball_ncaaf,f7b49f43b10f581d991954dae86b9aa5,2026-10-10T23:30:00Z,Virginia Cavaliers,Syracuse Orange,betrivers,BetRivers,2026-10-10T06:13:23Z,h2h,2026-10-10T06:13:23Z,Syracuse Orange,380,,20261010061359476901
NCAAF,americanfootball_ncaaf,f7b49f43b10f581d991954dae86b9aa5,2026-10-10T23:30:00Z,Virginia Cavaliers,Syracuse Orange,betrivers,BetRivers,2026-10-10T06:13:23Z,h2h,2026-10-10T06:13:23Z,Virginia Cavaliers,-560,,20261010061359476901
NCAAF,americanfootball_ncaaf,f7b49f43b10f581d991954dae86b9aa5,2026-10-10T23:30:00Z,Virginia Cavaliers,Syracuse Orange,betrivers,BetRivers,2026-10-10T06:13:23Z,spreads,2026-10-10T06:13:23Z,Syracuse Orange,-110,11.0,20261010061359476901
NCAAF,americanfootball_ncaaf,f7b49f43b10f581d991954dae86b9aa5,2026-10-10T23:30:00Z,Virginia Cavaliers,Syracuse Orange,betrivers,BetRivers,2026-10-10T06:13:23Z,spreads,2026-10-10T06:13:23Z,Virginia Cavaliers,-113,-11.0,20261010061359476901
NCAAF,americanfootball_ncaaf,f7b49f43b10f581d991954dae86b9aa5,2026-10-10T23:30:00Z,Virginia Cavaliers,Syracuse Orange,betrivers,BetRivers,2026-10-10T06:13:23Z,totals,2026-10-10T06:13:23Z,Over,-112,49.5,20261010061359476901
NCAAF,americanfootball_ncaaf,f7b49f43b10f581d991954dae86b9aa5,2026-10-10T23:30:00Z,Virginia Cavaliers,Syracuse Orange,betrivers,BetRivers,2026-10-10T06:13:23Z,totals,2026-10-10T06:13:23Z,Under,-112,49.5,20261010061359476901
NCAAF,americanfootball_ncaaf,f7b49f43b10f581d991954dae86b9aa5,2026-10-10T23:30:00Z,Virginia Cavaliers,Syracuse Orange,betmgm,BetMGM,2026-10-10T06:13:39Z,h2h,2026-10-10T06:13:39Z,Syracuse Orange,340,,20261010061359476901
NCAAF,americanfootball_ncaaf,f7b49f43b10f581d991954dae86b9aa5,2026-10-10T23:30:00Z,Virginia Cavaliers,Syracuse Orange,betmgm,BetMGM,2026-10-10T06:13:39Z,h2h,2026-10-10T06:13:39Z,Virginia Cavaliers,-450,,20261010061359476901
NCAAF,americanfootball_ncaaf,f7b49f43b10f581d991954dae86b9aa5,2026-10-10T23:30:00Z,Virginia Cavaliers,Syracuse Orange,betmgm,BetMGM,2026-10-10T06:13:39Z,spreads,2026-10-10T06:13:39Z,Syracuse Orange,-110,11.5,20261010061359476901
NCAAF,americanfootball_ncaaf,f7b49f43b10f581d991954dae86b9aa5,2026-10-10T23:30:00Z,Virginia Cavaliers,Syracuse Orange,betmgm,BetMGM,2026-10-10T06:13:39Z,spreads,2026-10-10T06:13:39Z,Virginia Cavaliers,-110,-11.5,20261010061359476901
NCAAF,americanfootball_ncaaf,f7b49f43b10f581d991954dae86b9aa5,2026-10-10T23:30:00Z,Virginia Cavaliers,Syracuse Orange,betmgm,BetMGM,2026-10-10T06:13:39Z,totals,2026-10-10T06:13:39Z,Over,-110,50.5,20261010061359476901
NCAAF,americanfootball_ncaaf,f7b49f43b10f581d991954dae86b9aa5,2026-10-10T23:30:00Z,Virginia Cavaliers,Syracuse Orange,betmgm,BetMGM,2026-10-10T06:13:39Z,totals,2026-10-10T06:13:39Z,Under,-110,50.5,20261010061359476901
NCAAF,americanfootball_ncaaf,f7b49f43b10f581d991954dae86b9aa5,2026-10-10T23:30:00Z,Virginia Cavaliers,Syracuse Orange,draftkings,DraftKings,2026-10-10T06:13:23Z,h2h,2026-10-10T06:13:23Z,Syracuse Orange,340,,20261010061359476901
NCAAF,americanfootball_ncaaf,f7b49f43b10f581d991954dae86b9aa5,2026-10-10T23:30:00Z,Virginia Cavaliers,Syracuse Orange,draftkings,DraftKings,2026-10-10T06:13:23Z,h2h,2026-10-10T06:13:23Z,Virginia Cavaliers,-440,,20261010061359476901
NCAAF,americanfootball_ncaaf,f7b49f43b10f581d991954dae86b9aa5,2026-10-10T23:30:00Z,Virginia Cavaliers,Syracuse Orange,draftkings,DraftKings,2026-10-10T06:13:23Z,spreads,2026-10-10T06:13:23Z,Syracuse Orange,-110,11.5,20261010061359476901
NCAAF,americanfootball_ncaaf,f7b49f43b10f581d991954dae86b9aa5,2026-10-10T23:30:00Z,Virginia Cavaliers,Syracuse Orange,draftkings,DraftKings,2026-10-10T06:13:23Z,spreads,2026-10-10T06:13:23Z,Virginia Cavaliers,-110,-11.5,20261010061359476901
NCAAF,americanfootball_ncaaf,f7b49f43b10f581d991954dae86b9aa5,2026-10-10T23:30:00Z,Virginia Cavaliers,Syracuse Orange,draftkings,DraftKings,2026-10-10T06:13:23Z,totals,2026-10-10T06:13:23Z,Over,-110,49.5,20261010061359476901
NCAAF,americanfootball_ncaaf,f7b49f43b10f581d991954dae86b9aa5,2026-10-10T23:30:00Z,Virginia Cavaliers,Syracuse Orange,draftkings,DraftKings,2026-10-10T06:13:23Z,totals,2026-10-10T06:13:23Z,Under,-110,49.5,20261010061359476901
NCAAF,americanfootball_ncaaf,f7b49f43b10f581d991954dae86b9aa5,2026-10-10T23:30:00Z,Virginia Cavaliers,Syracuse Orange,lowvig,LowVig.ag,2026-10-10T06:13:39Z,h2h,2026-10-10T06:13:39Z,Syracuse Orange,334,,20261010061359476901
NCAAF,americanfootball_ncaaf,f7b49f43b10f581d991954dae86b9aa5,2026-10-10T23:30:00Z,Virginia Cavaliers,Syracuse Orange,lowvig,LowVig.ag,2026-10-10T06:13:39Z,h2h,2026-10-10T06:13:39Z,Virginia Cavaliers,-425,,20261010061359476901
NCAAF,americanfootball_ncaaf,f7b49f43b10f581d991954dae86b9aa5,2026-10-10T23:30:00Z,Virginia Cavaliers,Syracuse Orange,lowvig,LowVig.ag,2026-10-10T06:13:39Z,spreads,2026-10-10T06:13:39Z,Syracuse Orange,-110,11.5,20261010061359476901
NCAAF,americanfootball_ncaaf,f7b49f43b10f581d991954dae86b9aa5,2026-10-10T23:30:00Z,Virginia Cavaliers,Syracuse Orange,lowvig,LowVig.ag,2026-10-10T06:13:39Z,spreads,2026-10-10T06:13:39Z,Virginia Cavaliers,-102,-11.5,20261010061359476901
NCAAF,americanfootball_ncaaf,f7b49f43b10f581d991954dae86b9aa5,2026-10-10T23:30:00Z,Virginia Cavaliers,Syracuse Orange,lowvig,LowVig.ag,2026-10-10T06:13:39Z,totals,2026-10-10T06:13:39Z,Over,-119,49.5,20261010061359476901
NCAAF,americanfootball_ncaaf,f7b49f43b10f581d991954dae86b9aa5,2026-10-10T23:30:00Z,Virginia Cavaliers,Syracuse Orange,lowvig,LowVig.ag,2026-10-10T06:13:39Z,totals,2026-10-10T06:13:39Z,Under,102,49.5,20261010061359476901
NCAAF,americanfootball_ncaaf,f7b49f43b10f581d991954dae86b9aa5,2026-10-10T23:30:00Z,Virginia Cavaliers,Syracuse Orange,betonlineag,BetOnline.ag,2026-10-10T06:13:21Z,h2h,2026-10-10T06:13:21Z,Syracuse Orange,334,,20261010061359476901
NCAAF,americanfootball_ncaaf,f7b49f43b10f581d991954dae86b9aa5,2026-10-10T23:30:00Z,Virginia Cavaliers,Syracuse Orange,betonlineag,BetOnline.ag,2026-10-10T06:13:21Z,h2h,2026-10-10T06:13:21Z,Virginia Cavaliers,-425,,20261010061359476901
NCAAF,americanfootball_ncaaf,f7b49f43b10f581d991954dae86b9aa5,2026-10-10T23:30:00Z,Virginia Cavaliers,Syracuse Orange,betonlineag,BetOnline.ag,2026-10-10T06:13:21Z,spreads,2026-10-10T06:13:21Z,Syracuse Orange,-105,11.5,20261010061359476901
NCAAF,americanfootball_ncaaf,f7b49f43b10f581d991954dae86b9aa5,2026-10-10T23:30:00Z,Virginia Cavaliers,Syracuse Orange,betonlineag,BetOnline.ag,2026-10-10T06:13:21Z,spreads,2026-10-10T06:13:21Z,Virginia Cavaliers,-115,-11.5,20261010061359476901
NCAAF,americanfootball_ncaaf,f7b49f43b10f581d991954dae86b9aa5,2026-10-10T23:30:00Z,Virginia Cavaliers,Syracuse Orange,betonlineag,BetOnline.ag,2026-10-10T06:13:21Z,totals,2026-10-10T06:13:21Z,Over,-120,49.5,20261010061359476901
NCAAF,americanfootball_ncaaf,f7b49f43b10f581d991954dae86b9aa5,2026-10-10T23:30:00Z,Virginia Cavaliers,Syracuse Orange,betonlineag,BetOnline.ag,2026-10-10T06:13:21Z,totals,2026-10-10T06:13:21Z,Under,100,49.5,20261010061359476901
NCAAF,americanfootball_ncaaf,f7b49f43b10f581d991954dae86b9aa5,2026-10-10T23:30:00Z,Virginia Cavaliers,Syracuse Orange,mybookieag,MyBookie.ag,2026-10-10T06:13:29Z,h2h,2026-10-10T06:13:28Z,Syracuse Orange,360,,20261010061359476901
NCAAF,americanfootball_ncaaf,f7b49f43b10f581d991954dae86b9aa5,2026-10-10T23:30:00Z,Virginia Cavaliers,Syracuse Orange,mybookieag,MyBookie.ag,2026-10-10T06:13:29Z,h2h,2026-10-10T06:13:28Z,Virginia Cavaliers,-500,,20261010061359476901
NCAAF,americanfootball_ncaaf,f7b49f43b10f581d991954dae86b9aa5,2026-10-10T23:30:00Z,Virginia Cavaliers,Syracuse Orange,mybookieag,MyBookie.ag,2026-10-10T06:13:29Z,spreads,2026-10-10T06:13:28Z,Syracuse Orange,-110,11.5,20261010061359476901
NCAAF,americanfootball_ncaaf,f7b49f43b10f581d991954dae86b9aa5,2026-10-10T23:30:00Z,Virginia Cavaliers,Syracuse Orange,mybookieag,MyBookie.ag,2026-10-10T06:13:29Z,spreads,2026-10-10T06:13:28Z,Virginia Cavaliers,-110,-11.5,20261010061359476901
NCAAF,americanfootball_ncaaf,f7b49f43b10f581d991954dae86b9aa5,2026-10-10T23:30:00Z,Virginia Cavaliers,Syracuse Orange,mybookieag,MyBookie.ag,2026-10-10T06:13:29Z,totals,2026-10-10T06:13:28Z,Over,-110,49.5,20261010061359476901
NCAAF,americanfootball_ncaaf,f7b49f43b10f581d991954dae86b9aa5,2026-10-10T23:30:00Z,Virginia Cavaliers,Syracuse Orange,mybookieag,MyBookie.ag,2026-10-10T06:13:29Z,totals,2026-10-10T06:13:28Z,Under,-110,49.5,20261010061359476901
NCAAF,americanfootball_ncaaf,f7b49f43b10f581d991954dae86b9aa5,2026-10-10T23:30:00Z,Virginia Cavaliers,Syracuse Orange,bovada,Bovada,2026-10-10T06:12:36Z,h2h,2026-10-10T06:12:36Z,Syracuse Orange,345,,20261010061359476901
NCAAF,americanfootball_ncaaf,f7b49f43b10f581d991954dae86b9aa5,2026-10-10T23:30:00Z,Virginia Cavaliers,Syracuse Orange,bovada,Bovada,2026-10-10T06:12:36Z,h2h,2026-10-10T06:12:36Z,Virginia Cavaliers,-470,,20261010061359476901
NCAAF,americanfootball_ncaaf,f7b49f43b10f581d991954dae86b9aa5,2026-10-10T23:30:00Z,Virginia Cavaliers,Syracuse Orange,bovada,Bovada,2026-10-10T06:12:36Z,spreads,2026-10-10T06:12:36Z,Syracuse Orange,-110,11.5,20261010061359476901
NCAAF,americanfootball_ncaaf,f7b49f43b10f581d991954dae86b9aa5,2026-10-10T23:30:00Z,Virginia Cavaliers,Syracuse Orange,bovada,Bovada,2026-10-10T06:12:36Z,spreads,2026-10-10T06:12:36Z,Virginia Cavaliers,-110,-11.5,20261010061359476901
NCAAF,americanfootball_ncaaf,f7b49f43b10f581d991954dae86b9aa5,2026-10-10T23:30:00Z,Virginia Cavaliers,Syracuse Orange,bovada,Bovada,2026-10-10T06:12:36Z,totals,2026-10-10T06:12:36Z,Over,-115,49.5,20261010061359476901
NCAAF,americanfootball_ncaaf,f7b49f43b10f581d991954dae86b9aa5,2026-10-10T23:30:00Z,Virginia Cavaliers,Syracuse Orange,bovada,Bovada,2026-10-10T06:12:36Z,totals,2026-10-10T06:12:36Z,Under,-105,49.5,20261010061359476901
NCAAF,americanfootball_ncaaf,f7b49f43b10f581d991954dae86b9aa5,2026-10-10T23:30:00Z,Virginia Cavaliers,Syracuse Orange,betus,BetUS,2026-10-10T06:13:55Z,h2h,2026-10-10T06:13:54Z,Syracuse Orange,338,,20261010061359476901
NCAAF,americanfootball_ncaaf,f7b49f43b10f581d991954dae86b9aa5,2026-10-10T23:30:00Z,Virginia Cavaliers,Syracuse Orange,betus,BetUS,2026-10-10T06:13:55Z,h2h,2026-10-10T06:13:54Z,Virginia Cavaliers,-430,,20261010061359476901
NCAAF,americanfootball_ncaaf,f7b49f43b10f581d991954dae86b9aa5,2026-10-10T23:30:00Z,Virginia Cavaliers,Syracuse Orange,betus,BetUS,2026-10-10T06:13:55Z,spreads,2026-10-10T06:13:54Z,Syracuse Orange,-110,12.0,20261010061359476901
NCAAF,americanfootball_ncaaf,f7b49f43b10f581d991954dae86b9aa5,2026-10-10T23:30:00Z,Virginia Cavaliers,Syracuse Orange,betus,BetUS,2026-10-10T06:13:55Z,spreads,2026-10-10T06:13:54Z,Virginia Cavaliers,-110,-12.0,20261010061359476901
NCAAF,americanfootball_ncaaf,f7b49f43b10f581d991954dae86b9aa5,2026-10-10T23:30:00Z,Virginia Cavaliers,Syracuse Orange,betus,BetUS,2026-10-10T06:13:55Z,totals,2026-10-10T06:13:54Z,Over,-110,49.5,20261010061359476901
NCAAF,americanfootball_ncaaf,f7b49f43b10f581d991954dae86b9aa5,2026-10-10T23:30:00Z,Virginia Cavaliers,Syracuse Orange,betus,BetUS,2026-10-10T06:13:55Z,totals,2026-10-10T06:13:54Z,Under,-110,49.5,20261010061359476901
NCAAF,americanfootball_ncaaf,616eba68e65fe65023aa2335e81096c8,2026-10-11T00:00:00Z,Utah Utes,Kansas Jayhawks,fanduel,FanDuel,2026-10-10T06:13:40Z,h2h,2026-10-10T06:13:39Z,Kansas Jayhawks,540,,20261010061359476901
NCAAF,americanfootball_ncaaf,616eba68e65fe65023aa2335e81096c8,2026-10-11T00:00:00Z,Utah Utes,Kansas Jayhawks,fanduel,FanDuel,2026-10-10T06:13:40Z,h2h,2026-10-10T06:13:39Z,Utah Utes,-800,,20261010061359476901
NCAAF,americanfootball_ncaaf,616eba68e65fe65023aa2335e81096c8,2026-10-11T00:00:00Z,Utah Utes,Kansas Jayhawks,fanduel,FanDuel,2026-10-10T06:13:40Z,spreads,2026-10-10T06:13:39Z,Kansas Jayhawks,-110,15.5,20261010061359476901
NCAAF,americanfootball_ncaaf,616eba68e65fe65023aa2335e81096c8,2026-10-11T00:00:00Z,Utah Utes,Kansas Jayhawks,fanduel,FanDuel,2026-10-10T06:13:40Z,spreads,2026-10-10T06:13:39Z,Utah Utes,-110,-15.5,20261010061359476901
NCAAF,americanfootball_ncaaf,616eba68e65fe65023aa2335e81096c8,2026-10-11T00:00:00Z,Utah Utes,Kansas Jayhawks,fanduel,FanDuel,2026-10-10T06:13:40Z,totals,2026-10-10T06:13:39Z,Over,-108,51.5,20261010061359476901
NCAAF,americanfootball_ncaaf,616eba68e65fe65023aa2335e81096c8,2026-10-11T00:00:00Z,Utah Utes,Kansas Jayhawks,fanduel,FanDuel,2026-10-10T06:13:40Z,totals,2026-10-10T06:13:39Z,Under,-112,51.5,20261010061359476901
NCAAF,americanfootball_ncaaf,616eba68e65fe65023aa2335e81096c8,2026-10-11T00:00:00Z,Utah Utes,Kansas Jayhawks,betrivers,BetRivers,2026-10-10T06:13:23Z,h2h,2026-10-10T06:13:23Z,Kansas Jayhawks,500,,20261010061359476901
NCAAF,americanfootball_ncaaf,616eba68e65fe65023aa2335e81096c8,2026-10-11T00:00:00Z,Utah Utes,Kansas Jayhawks,betrivers,BetRivers,2026-10-10T06:13:23Z,h2h,2026-10-10T06:13:23Z,Utah Utes,-770,,20261010061359476901
NCAAF,americanfootball_ncaaf,616eba68e65fe65023aa2335e81096c8,2026-10-11T00:00:00Z,Utah Utes,Kansas Jayhawks,betrivers,BetRivers,2026-10-10T06:13:23Z,spreads,2026-10-10T06:13:23Z,Kansas Jayhawks,-109,15.5,20261010061359476901
NCAAF,americanfootball_ncaaf,616eba68e65fe65023aa2335e81096c8,2026-10-11T00:00:00Z,Utah Utes,Kansas Jayhawks,betrivers,BetRivers,2026-10-10T06:13:23Z,spreads,2026-10-10T06:13:23Z,Utah Utes,-113,-15.5,20261010061359476901
NCAAF,americanfootball_ncaaf,616eba68e65fe65023aa2335e81096c8,2026-10-11T00:00:00Z,Utah Utes,Kansas Jayhawks,betrivers,BetRivers,2026-10-10T06:13:23Z,totals,2026-10-10T06:13:23Z,Over,-112,51.0,20261010061359476901
NCAAF,americanfootball_ncaaf,616eba68e65fe65023aa2335e81096c8,2026-10-11T00:00:00Z,Utah Utes,Kansas Jayhawks,betrivers,BetRivers,2026-10-10T06:13:23Z,totals,2026-10-10T06:13:23Z,Under,-112,51.0,20261010061359476901
NCAAF,americanfootball_ncaaf,616eba68e65fe65023aa2335e81096c8,2026-10-11T00:00:00Z,Utah Utes,Kansas Jayhawks,betmgm,BetMGM,2026-10-10T06:13:39Z,h2h,2026-10-10T06:13:39Z,Kansas Jayhawks,500,,20261010061359476901
NCAAF,americanfootball_ncaaf,616eba68e65fe65023aa2335e81096c8,2026-10-11T00:00:00Z,Utah Utes,Kansas Jayhawks,betmgm,BetMGM,2026-10-10T06:13:39Z,h2h,2026-10-10T06:13:39Z,Utah Utes,-700,,20261010061359476901
NCAAF,americanfootball_ncaaf,616eba68e65fe65023aa2335e81096c8,2026-10-11T00:00:00Z,Utah Utes,Kansas Jayhawks,betmgm,BetMGM,2026-10-10T06:13:39Z,spreads,2026-10-10T06:13:39Z,Kansas Jayhawks,-110,15.5,20261010061359476901
NCAAF,americanfootball_ncaaf,616eba68e65fe65023aa2335e81096c8,2026-10-11T00:00:00Z,Utah Utes,Kansas Jayhawks,betmgm,BetMGM,2026-10-10T06:13:39Z,spreads,2026-10-10T06:13:39Z,Utah Utes,-110,-15.5,20261010061359476901
NCAAF,americanfootball_ncaaf,616eba68e65fe65023aa2335e81096c8,2026-10-11T00:00:00Z,Utah Utes,Kansas Jayhawks,betmgm,BetMGM,2026-10-10T06:13:39Z,totals,2026-10-10T06:13:39Z,Over,-105,51.5,20261010061359476901
NCAAF,americanfootball_ncaaf,616eba68e65fe65023aa2335e81096c8,2026-10-11T00:00:00Z,Utah Utes,Kansas Jayhawks,betmgm,BetMGM,2026-10-10T06:13:39Z,totals,2026-10-10T06:13:39Z,Under,-115,51.5,20261010061359476901
NCAAF,americanfootball_ncaaf,616eba68e65fe65023aa2335e81096c8,2026-10-11T00:00:00Z,Utah Utes,Kansas Jayhawks,draftkings,DraftKings,2026-10-10T06:13:23Z,h2h,2026-10-10T06:13:23Z,Kansas Jayhawks,500,,20261010061359476901
NCAAF,americanfootball_ncaaf,616eba68e65fe65023aa2335e81096c8,2026-10-11T00:00:00Z,Utah Utes,Kansas Jayhawks,draftkings,DraftKings,2026-10-10T06:13:23Z,h2h,2026-10-10T06:13:23Z,Utah Utes,-700,,20261010061359476901
NCAAF,americanfootball_ncaaf,616eba68e65fe65023aa2335e81096c8,2026-10-11T00:00:00Z,Utah Utes,Kansas Jayhawks,draftkings,DraftKings,2026-10-10T06:13:23Z,spreads,2026-10-10T06:13:23Z,Kansas Jayhawks,-110,15.5,20261010061359476901
NCAAF,americanfootball_ncaaf,616eba68e65fe65023aa2335e81096c8,2026-10-11T00:00:00Z,Utah Utes,Kansas Jayhawks,draftkings,DraftKings,2026-10-10T06:13:23Z,spreads,2026-10-10T06:13:23Z,Utah Utes,-110,-15.5,20261010061359476901
NCAAF,americanfootball_ncaaf,616eba68e65fe65023aa2335e81096c8,2026-10-11T00:00:00Z,Utah Utes,Kansas Jayhawks,draftkings,DraftKings,2026-10-10T06:13:23Z,totals,2026-10-10T06:13:23Z,Over,-105,51.5,20261010061359476901
NCAAF,americanfootball_ncaaf,616eba68e65fe65023aa2335e81096c8,2026-10-11T00:00:00Z,Utah Utes,Kansas Jayhawks,draftkings,DraftKings,2026-10-10T06:13:23Z,totals,2026-10-10T06:13:23Z,Under,-115,51.5,20261010061359476901
NCAAF,americanfootball_ncaaf,616eba68e65fe65023aa2335e81096c8,2026-10-11T00:00:00Z,Utah Utes,Kansas Jayhawks,betonlineag,BetOnline.ag,2026-10-10T06:13:21Z,h2h,2026-10-10T06:13:21Z,Kansas Jayhawks,476,,20261010061359476901
NCAAF,americanfootball_ncaaf,616eba68e65fe65023aa2335e81096c8,2026-10-11T00:00:00Z,Utah Utes,Kansas Jayhawks,betonlineag,BetOnline.ag,2026-10-10T06:13:21Z,h2h,2026-10-10T06:13:21Z,Utah Utes,-650,,20261010061359476901
NCAAF,americanfootball_ncaaf,616eba68e65fe65023aa2335e81096c8,2026-10-11T00:00:00Z,Utah Utes,Kansas Jayhawks,betonlineag,BetOnline.ag,2026-10-10T06:13:21Z,spreads,2026-10-10T06:13:21Z,Kansas Jayhawks,-105,14.5,20261010061359476901
NCAAF,americanfootball_ncaaf,616eba68e65fe65023aa2335e81096c8,2026-10-11T00:00:00Z,Utah Utes,Kansas Jayhawks,betonlineag,BetOnline.ag,2026-10-10T06:13:21Z,spreads,2026-10-10T06:13:21Z,Utah Utes,-115,-14.5,20261010061359476901
NCAAF,americanfootball_ncaaf,616eba68e65fe65023aa2335e81096c8,2026-10-11T00:00:00Z,Utah Utes,Kansas Jayhawks,betonlineag,BetOnline.ag,2026-10-10T06:13:21Z,totals,2026-10-10T06:13:21Z,Over,-120,50.0,20261010061359476901
NCAAF,americanfootball_ncaaf,616eba68e65fe65023aa2335e81096c8,2026-10-11T00:00:00Z,Utah Utes,Kansas Jayhawks,betonlineag,BetOnline.ag,2026-10-10T06:13:21Z,totals,2026-10-10T06:13:21Z,Under,100,50.0,20261010061359476901
NCAAF,americanfootball_ncaaf,616eba68e65fe65023aa2335e81096c8,2026-10-11T00:00:00Z,Utah Utes,Kansas Jayhawks,mybookieag,MyBookie.ag,2026-10-10T06:13:29Z,h2h,2026-10-10T06:13:28Z,Kansas Jayhawks,500,,20261010061359476901
NCAAF,americanfootball_ncaaf,616eba68e65fe65023aa2335e81096c8,2026-10-11T00:00:00Z,Utah Utes,Kansas Jayhawks,mybookieag,MyBookie.ag,2026-10-10T06:13:29Z,h2h,2026-10-10T06:13:28Z,Utah Utes,-752,,20261010061359476901
NCAAF,americanfootball_ncaaf,616eba68e65fe65023aa2335e81096c8,2026-10-11T00:00:00Z,Utah Utes,Kansas Jayhawks,mybookieag,MyBookie.ag,2026-10-10T06:13:29Z,spreads,2026-10-10T06:13:28Z,Kansas Jayhawks,-110,15.5,20261010061359476901
NCAAF,americanfootball_ncaaf,616eba68e65fe65023aa2335e81096c8,2026-10-11T00:00:00Z,Utah Utes,Kansas Jayhawks,mybookieag,MyBookie.ag,2026-10-10T06:13:29Z,spreads,2026-10-10T06:13:28Z,Utah Utes,-110,-15.5,20261010061359476901
NCAAF,americanfootball_ncaaf,616eba68e65fe65023aa2335e81096c8,2026-10-11T00:00:00Z,Utah Utes,Kansas Jayhawks,mybookieag,MyBookie.ag,2026-10-10T06:13:29Z,totals,2026-10-10T06:13:28Z,Over,-110,51.0,20261010061359476901
NCAAF,americanfootball_ncaaf,616eba68e65fe65023aa2335e81096c8,2026-10-11T00:00:00Z,Utah Utes,Kansas Jayhawks,mybookieag,MyBookie.ag,2026-10-10T06:13:29Z,totals,2026-10-10T06:13:28Z,Under,-110,51.0,20261010061359476901
NCAAF,americanfootball_ncaaf,616eba68e65fe65023aa2335e81096c8,2026-10-11T00:00:00Z,Utah Utes,Kansas Jayhawks,betus,BetUS,2026-10-10T06:13:55Z,h2h,2026-10-10T06:13:55Z,Kansas Jayhawks,500,,20261010061359476901
NCAAF,americanfootball_ncaaf,616eba68e65fe65023aa2335e81096c8,2026-10-11T00:00:00Z,Utah Utes,Kansas Jayhawks,betus,BetUS,2026-10-10T06:13:55Z,h2h,2026-10-10T06:13:55Z,Utah Utes,-700,,20261010061359476901
NCAAF,americanfootball_ncaaf,616eba68e65fe65023aa2335e81096c8,2026-10-11T00:00:00Z,Utah Utes,Kansas Jayhawks,betus,BetUS,2026-10-10T06:13:55Z,spreads,2026-10-10T06:13:55Z,Kansas Jayhawks,-110,15.5,20261010061359476901
NCAAF,americanfootball_ncaaf,616eba68e65fe65023aa2335e81096c8,2026-10-11T00:00:00Z,Utah Utes,Kansas Jayhawks,betus,BetUS,2026-10-10T06:13:55Z,spreads,2026-10-10T06:13:55Z,Utah Utes,-110,-15.5,20261010061359476901
NCAAF,americanfootball_ncaaf,616eba68e65fe65023aa2335e81096c8,2026-10-11T00:00:00Z,Utah Utes,Kansas Jayhawks,betus,BetUS,2026-10-10T06:13:55Z,totals,2026-10-10T06:13:55Z,Over,-110,50.5,20261010061359476901
NCAAF,americanfootball_ncaaf,616eba68e65fe65023aa2335e81096c8,2026-10-11T00:00:00Z,Utah Utes,Kansas Jayhawks,betus,BetUS,2026-10-10T06:13:55Z,totals,2026-10-10T06:13:55Z,Under,-110,50.5,20261010061359476901
NCAAF,americanfootball_ncaaf,616eba68e65fe65023aa2335e81096c8,2026-10-11T00:00:00Z,Utah Utes,Kansas Jayhawks,bovada,Bovada,2026-10-10T06:12:36Z,h2h,2026-10-10T06:12:36Z,Kansas Jayhawks,500,,20261010061359476901
NCAAF,americanfootball_ncaaf,616eba68e65fe65023aa2335e81096c8,2026-10-11T00:00:00Z,Utah Utes,Kansas Jayhawks,bovada,Bovada,2026-10-10T06:12:36Z,h2h,2026-10-10T06:12:36Z,Utah Utes,-750,,20261010061359476901
NCAAF,americanfootball_ncaaf,616eba68e65fe65023aa2335e81096c8,2026-10-11T00:00:00Z,Utah Utes,Kansas Jayhawks,bovada,Bovada,2026-10-10T06:12:36Z,spreads,2026-10-10T06:12:36Z,Kansas Jayhawks,-110,16.0,20261010061359476901
NCAAF,americanfootball_ncaaf,616eba68e65fe65023aa2335e81096c8,2026-10-11T00:00:00Z,Utah Utes,Kansas Jayhawks,bovada,Bovada,2026-10-10T06:12:36Z,spreads,2026-10-10T06:12:36Z,Utah Utes,-110,-16.0,20261010061359476901
NCAAF,americanfootball_ncaaf,616eba68e65fe65023aa2335e81096c8,2026-10-11T00:00:00Z,Utah Utes,Kansas Jayhawks,bovada,Bovada,2026-10-10T06:12:36Z,totals,2026-10-10T06:12:36Z,Over,-110,51.0,20261010061359476901
NCAAF,americanfootball_ncaaf,616eba68e65fe65023aa2335e81096c8,2026-10-11T00:00:00Z,Utah Utes,Kansas Jayhawks,bovada,Bovada,2026-10-10T06:12:36Z,totals,2026-10-10T06:12:36Z,Under,-110,51.0,20261010061359476901
NCAAF,americanfootball_ncaaf,234d9123fdc010716a5a844efaf7ab43,2026-10-11T00:00:00Z,Purdue Boilermakers,Minnesota Golden Gophers,fanduel,FanDuel,2026-10-10T06:13:40Z,h2h,2026-10-10T06:13:39Z,Minnesota Golden Gophers,-137,,20261010061359476901
NCAAF,americanfootball_ncaaf,234d9123fdc010716a5a844efaf7ab43,2026-10-11T00:00:00Z,Purdue Boilermakers,Minnesota Golden Gophers,fanduel,FanDuel,2026-10-10T06:13:40Z,h2h,2026-10-10T06:13:39Z,Purdue Boilermakers,114,,20261010061359476901
NCAAF,americanfootball_ncaaf,234d9123fdc010716a5a844efaf7ab43,2026-10-11T00:00:00Z,Purdue Boilermakers,Minnesota Golden Gophers,fanduel,FanDuel,2026-10-10T06:13:40Z,spreads,2026-10-10T06:13:39Z,Minnesota Golden Gophers,-114,-2.5,20261010061359476901
NCAAF,americanfootball_ncaaf,234d9123fdc010716a5a844efaf7ab43,2026-10-11T00:00:00Z,Purdue Boilermakers,Minnesota Golden Gophers,fanduel,FanDuel,2026-10-10T06:13:40Z,spreads,2026-10-10T06:13:39Z,Purdue Boilermakers,-106,2.5,20261010061359476901
NCAAF,americanfootball_ncaaf,234d9123fdc010716a5a844efaf7ab43,2026-10-11T00:00:00Z,Purdue Boilermakers,Minnesota Golden Gophers,fanduel,FanDuel,2026-10-10T06:13:40Z,totals,2026-10-10T06:13:39Z,Over,-110,50.5,20261010061359476901
NCAAF,americanfootball_ncaaf,234d9123fdc010716a5a844efaf7ab43,2026-10-11T00:00:00Z,Purdue Boilermakers,Minnesota Golden Gophers,fanduel,FanDuel,2026-10-10T06:13:40Z,totals,2026-10-10T06:13:39Z,Under,-110,50.5,20261010061359476901
NCAAF,americanfootball_ncaaf,234d9123fdc010716a5a844efaf7ab43,2026-10-11T00:00:00Z,Purdue Boilermakers,Minnesota Golden Gophers,betrivers,BetRivers,2026-10-10T06:13:23Z,h2h,2026-10-10T06:13:23Z,Minnesota Golden Gophers,-139,,20261010061359476901
NCAAF,americanfootball_ncaaf,234d9123fdc010716a5a844efaf7ab43,2026-10-11T00:00:00Z,Purdue Boilermakers,Minnesota Golden Gophers,betrivers,BetRivers,2026-10-10T06:13:23Z,h2h,2026-10-10T06:13:23Z,Purdue Boilermakers,112,,20261010061359476901
NCAAF,americanfootball_ncaaf,234d9123fdc010716a5a844efaf7ab43,2026-10-11T00:00:00Z,Purdue Boilermakers,Minnesota Golden Gophers,betrivers,BetRivers,2026-10-10T06:13:23Z,spreads,2026-10-10T06:13:23Z,Minnesota Golden Gophers,-110,-2.5,20261010061359476901
NCAAF,americanfootball_ncaaf,234d9123fdc010716a5a844efaf7ab43,2026-10-11T00:00:00Z,Purdue Boilermakers,Minnesota Golden Gophers,betrivers,BetRivers,2026-10-10T06:13:23Z,spreads,2026-10-10T06:13:23Z,Purdue Boilermakers,-113,2.5,20261010061359476901
NCAAF,americanfootball_ncaaf,234d9123fdc010716a5a844efaf7ab43,2026-10-11T00:00:00Z,Purdue Boilermakers,Minnesota Golden Gophers,betrivers,BetRivers,2026-10-10T06:13:23Z,totals,2026-10-10T06:13:23Z,Over,-113,49.5,20261010061359476901
NCAAF,americanfootball_ncaaf,234d9123fdc010716a5a844efaf7ab43,2026-10-11T00:00:00Z,Purdue Boilermakers,Minnesota Golden Gophers,betrivers,BetRivers,2026-10-10T06:13:23Z,totals,2026-10-10T06:13:23Z,Under,-110,49.5,20261010061359476901
NCAAF,americanfootball_ncaaf,234d9123fdc010716a5a844efaf7ab43,2026-10-11T00:00:00Z,Purdue Boilermakers,Minnesota Golden Gophers,betmgm,BetMGM,2026-10-10T06:13:39Z,h2h,2026-10-10T06:13:39Z,Minnesota Golden Gophers,-140,,20261010061359476901
NCAAF,americanfootball_ncaaf,234d9123fdc010716a5a844efaf7ab43,2026-10-11T00:00:00Z,Purdue Boilermakers,Minnesota Golden Gophers,betmgm,BetMGM,2026-10-10T06:13:39Z,h2h,2026-10-10T06:13:39Z,Purdue Boilermakers,115,,20261010061359476901
NCAAF,americanfootball_ncaaf,234d9123fdc010716a5a844efaf7ab43,2026-10-11T00:00:00Z,Purdue Boilermakers,Minnesota Golden Gophers,betmgm,BetMGM,2026-10-10T06:13:39Z,spreads,2026-10-10T06:13:39Z,Minnesota Golden Gophers,-115,-2.5,20261010061359476901
NCAAF,americanfootball_ncaaf,234d9123fdc010716a5a844efaf7ab43,2026-10-11T00:00:00Z,Purdue Boilermakers,Minnesota Golden Gophers,betmgm,BetMGM,2026-10-10T06:13:39Z,spreads,2026-10-10T06:13:39Z,Purdue Boilermakers,-105,2.5,20261010061359476901
NCAAF,americanfootball_ncaaf,234d9123fdc010716a5a844efaf7ab43,2026-10-11T00:00:00Z,Purdue Boilermakers,Minnesota Golden Gophers,betmgm,BetMGM,2026-10-10T06:13:39Z,totals,2026-10-10T06:13:39Z,Over,-110,50.5,20261010061359476901
NCAAF,americanfootball_ncaaf,234d9123fdc010716a5a844efaf7ab43,2026-10-11T00:00:00Z,Purdue Boilermakers,Minnesota Golden Gophers,betmgm,BetMGM,2026-10-10T06:13:39Z,totals,2026-10-10T06:13:39Z,Under,-110,50.5,20261010061359476901
NCAAF,americanfootball_ncaaf,234d9123fdc010716a5a844efaf7ab43,2026-10-11T00:00:00Z,Purdue Boilermakers,Minnesota Golden Gophers,draftkings,DraftKings,2026-10-10T06:13:23Z,h2h,2026-10-10T06:13:23Z,Minnesota Golden Gophers,-142,,20261010061359476901
NCAAF,americanfootball_ncaaf,234d9123fdc010716a5a844efaf7ab43,2026-10-11T00:00:00Z,Purdue Boilermakers,Minnesota Golden Gophers,draftkings,DraftKings,2026-10-10T06:13:23Z,h2h,2026-10-10T06:13:23Z,Purdue Boilermakers,120,,20261010061359476901
NCAAF,americanfootball_ncaaf,234d9123fdc010716a5a844efaf7ab43,2026-10-11T00:00:00Z,Purdue Boilermakers,Minnesota Golden Gophers,draftkings,DraftKings,2026-10-10T06:13:23Z,spreads,2026-10-10T06:13:23Z,Minnesota Golden Gophers,-115,-2.5,20261010061359476901
NCAAF,americanfootball_ncaaf,234d9123fdc010716a5a844efaf7ab43,2026-10-11T00:00:00Z,Purdue Boilermakers,Minnesota Golden Gophers,draftkings,DraftKings,2026-10-10T06:13:23Z,spreads,2026-10-10T06:13:23Z,Purdue Boilermakers,-105,2.5,20261010061359476901
NCAAF,americanfootball_ncaaf,234d9123fdc010716a5a844efaf7ab43,2026-10-11T00:00:00Z,Purdue Boilermakers,Minnesota Golden Gophers,draftkings,DraftKings,2026-10-10T06:13:23Z,totals,2026-10-10T06:13:23Z,Over,-108,50.5,20261010061359476901
NCAAF,americanfootball_ncaaf,234d9123fdc010716a5a844efaf7ab43,2026-10-11T00:00:00Z,Purdue Boilermakers,Minnesota Golden Gophers,draftkings,DraftKings,2026-10-10T06:13:23Z,totals,2026-10-10T06:13:23Z,Under,-112,50.5,20261010061359476901
NCAAF,americanfootball_ncaaf,234d9123fdc010716a5a844efaf7ab43,2026-10-11T00:00:00Z,Purdue Boilermakers,Minnesota Golden Gophers,betonlineag,BetOnline.ag,2026-10-10T06:13:21Z,h2h,2026-10-10T06:13:21Z,Minnesota Golden Gophers,-138,,20261010061359476901
NCAAF,americanfootball_ncaaf,234d9123fdc010716a5a844efaf7ab43,2026-10-11T00:00:00Z,Purdue Boilermakers,Minnesota Golden Gophers,betonlineag,BetOnline.ag,2026-10-10T06:13:21Z,h2h,2026-10-10T06:13:21Z,Purdue Boilermakers,118,,20261010061359476901
NCAAF,americanfootball_ncaaf,234d9123fdc010716a5a844efaf7ab43,2026-10-11T00:00:00Z,Purdue Boilermakers,Minnesota Golden Gophers,betonlineag,BetOnline.ag,2026-10-10T06:13:21Z,spreads,2026-10-10T06:13:21Z,Minnesota Golden Gophers,-117,-2.5,20261010061359476901
NCAAF,americanfootball_ncaaf,234d9123fdc010716a5a844efaf7ab43,2026-10-11T00:00:00Z,Purdue Boilermakers,Minnesota Golden Gophers,betonlineag,BetOnline.ag,2026-10-10T06:13:21Z,spreads,2026-10-10T06:13:21Z,Purdue Boilermakers,-103,2.5,20261010061359476901
NCAAF,americanfootball_ncaaf,234d9123fdc010716a5a844efaf7ab43,2026-10-11T00:00:00Z,Purdue Boilermakers,Minnesota Golden Gophers,betonlineag,BetOnline.ag,2026-10-10T06:13:21Z,totals,2026-10-10T06:13:21Z,Over,-110,50.5,20261010061359476901
NCAAF,americanfootball_ncaaf,234d9123fdc010716a5a844efaf7ab43,2026-10-11T00:00:00Z,Purdue Boilermakers,Minnesota Golden Gophers,betonlineag,BetOnline.ag,2026-10-10T06:13:21Z,totals,2026-10-10T06:13:21Z,Under,-110,50.5,20261010061359476901
NCAAF,americanfootball_ncaaf,234d9123fdc010716a5a844efaf7ab43,2026-10-11T00:00:00Z,Purdue Boilermakers,Minnesota Golden Gophers,lowvig,LowVig.ag,2026-10-10T06:13:39Z,h2h,2026-10-10T06:13:39Z,Minnesota Golden Gophers,-138,,20261010061359476901
NCAAF,americanfootball_ncaaf,234d9123fdc010716a5a844efaf7ab43,2026-10-11T00:00:00Z,Purdue Boilermakers,Minnesota Golden Gophers,lowvig,LowVig.ag,2026-10-10T06:13:39Z,h2h,2026-10-10T06:13:39Z,Purdue Boilermakers,118,,20261010061359476901
NCAAF,americanfootball_ncaaf,234d9123fdc010716a5a844efaf7ab43,2026-10-11T00:00:00Z,Purdue Boilermakers,Minnesota Golden Gophers,lowvig,LowVig.ag,2026-10-10T06:13:39Z,spreads,2026-10-10T06:13:39Z,Minnesota Golden Gophers,-113,-2.5,20261010061359476901
NCAAF,americanfootball_ncaaf,234d9123fdc010716a5a844efaf7ab43,2026-10-11T00:00:00Z,Purdue Boilermakers,Minnesota Golden Gophers,lowvig,LowVig.ag,2026-10-10T06:13:39Z,spreads,2026-10-10T06:13:39Z,Purdue Boilermakers,101,2.5,20261010061359476901
NCAAF,americanfootball_ncaaf,234d9123fdc010716a5a844efaf7ab43,2026-10-11T00:00:00Z,Purdue Boilermakers,Minnesota Golden Gophers,lowvig,LowVig.ag,2026-10-10T06:13:39Z,totals,2026-10-10T06:13:39Z,Over,-108,50.5,20261010061359476901
NCAAF,americanfootball_ncaaf,234d9123fdc010716a5a844efaf7ab43,2026-10-11T00:00:00Z,Purdue Boilermakers,Minnesota Golden Gophers,lowvig,LowVig.ag,2026-10-10T06:13:39Z,totals,2026-10-10T06:13:39Z,Under,-108,50.5,20261010061359476901
NCAAF,americanfootball_ncaaf,234d9123fdc010716a5a844efaf7ab43,2026-10-11T00:00:00Z,Purdue Boilermakers,Minnesota Golden Gophers,mybookieag,MyBookie.ag,2026-10-10T06:13:29Z,h2h,2026-10-10T06:13:28Z,Minnesota Golden Gophers,-140,,20261010061359476901
NCAAF,americanfootball_ncaaf,234d9123fdc010716a5a844efaf7ab43,2026-10-11T00:00:00Z,Purdue Boilermakers,Minnesota Golden Gophers,mybookieag,MyBookie.ag,2026-10-10T06:13:29Z,h2h,2026-10-10T06:13:28Z,Purdue Boilermakers,115,,20261010061359476901
NCAAF,americanfootball_ncaaf,234d9123fdc010716a5a844efaf7ab43,2026-10-11T00:00:00Z,Purdue Boilermakers,Minnesota Golden Gophers,mybookieag,MyBookie.ag,2026-10-10T06:13:29Z,spreads,2026-10-10T06:13:28Z,Minnesota Golden Gophers,-110,-2.5,20261010061359476901
NCAAF,americanfootball_ncaaf,234d9123fdc010716a5a844efaf7ab43,2026-10-11T00:00:00Z,Purdue Boilermakers,Minnesota Golden Gophers,mybookieag,MyBookie.ag,2026-10-10T06:13:29Z,spreads,2026-10-10T06:13:28Z,Purdue Boilermakers,-110,2.5,20261010061359476901
NCAAF,americanfootball_ncaaf,234d9123fdc010716a5a844efaf7ab43,2026-10-11T00:00:00Z,Purdue Boilermakers,Minnesota Golden Gophers,mybookieag,MyBookie.ag,2026-10-10T06:13:29Z,totals,2026-10-10T06:13:28Z,Over,-110,50.0,20261010061359476901
NCAAF,americanfootball_ncaaf,234d9123fdc010716a5a844efaf7ab43,2026-10-11T00:00:00Z,Purdue Boilermakers,Minnesota Golden Gophers,mybookieag,MyBookie.ag,2026-10-10T06:13:29Z,totals,2026-10-10T06:13:28Z,Under,-110,50.0,20261010061359476901
NCAAF,americanfootball_ncaaf,234d9123fdc010716a5a844efaf7ab43,2026-10-11T00:00:00Z,Purdue Boilermakers,Minnesota Golden Gophers,bovada,Bovada,2026-10-10T06:12:36Z,h2h,2026-10-10T06:12:36Z,Minnesota Golden Gophers,-140,,20261010061359476901
NCAAF,americanfootball_ncaaf,234d9123fdc010716a5a844efaf7ab43,2026-10-11T00:00:00Z,Purdue Boilermakers,Minnesota Golden Gophers,bovada,Bovada,2026-10-10T06:12:36Z,h2h,2026-10-10T06:12:36Z,Purdue Boilermakers,120,,20261010061359476901
NCAAF,americanfootball_ncaaf,234d9123fdc010716a5a844efaf7ab43,2026-10-11T00:00:00Z,Purdue Boilermakers,Minnesota Golden Gophers,bovada,Bovada,2026-10-10T06:12:36Z,spreads,2026-10-10T06:12:36Z,Minnesota Golden Gophers,-105,-3.0,20261010061359476901
NCAAF,americanfootball_ncaaf,234d9123fdc010716a5a844efaf7ab43,2026-10-11T00:00:00Z,Purdue Boilermakers,Minnesota Golden Gophers,bovada,Bovada,2026-10-10T06:12:36Z,spreads,2026-10-10T06:12:36Z,Purdue Boilermakers,-115,3.0,20261010061359476901
NCAAF,americanfootball_ncaaf,234d9123fdc010716a5a844efaf7ab43,2026-10-11T00:00:00Z,Purdue Boilermakers,Minnesota Golden Gophers,bovada,Bovada,2026-10-10T06:12:36Z,totals,2026-10-10T06:12:36Z,Over,-110,50.0,20261010061359476901
NCAAF,americanfootball_ncaaf,234d9123fdc010716a5a844efaf7ab43,2026-10-11T00:00:00Z,Purdue Boilermakers,Minnesota Golden Gophers,bovada,Bovada,2026-10-10T06:12:36Z,totals,2026-10-10T06:12:36Z,Under,-110,50.0,20261010061359476901
NCAAF,americanfootball_ncaaf,234d9123fdc010716a5a844efaf7ab43,2026-10-11T00:00:00Z,Purdue Boilermakers,Minnesota Golden Gophers,betus,BetUS,2026-10-10T06:13:55Z,h2h,2026-10-10T06:13:55Z,Minnesota Golden Gophers,-140,,20261010061359476901
NCAAF,americanfootball_ncaaf,234d9123fdc010716a5a844efaf7ab43,2026-10-11T00:00:00Z,Purdue Boilermakers,Minnesota Golden Gophers,betus,BetUS,2026-10-10T06:13:55Z,h2h,2026-10-10T06:13:55Z,Purdue Boilermakers,120,,20261010061359476901
NCAAF,americanfootball_ncaaf,234d9123fdc010716a5a844efaf7ab43,2026-10-11T00:00:00Z,Purdue Boilermakers,Minnesota Golden Gophers,betus,BetUS,2026-10-10T06:13:55Z,spreads,2026-10-10T06:13:55Z,Minnesota Golden Gophers,-115,-2.5,20261010061359476901
NCAAF,americanfootball_ncaaf,234d9123fdc010716a5a844efaf7ab43,2026-10-11T00:00:00Z,Purdue Boilermakers,Minnesota Golden Gophers,betus,BetUS,2026-10-10T06:13:55Z,spreads,2026-10-10T06:13:55Z,Purdue Boilermakers,-105,2.5,20261010061359476901
NCAAF,americanfootball_ncaaf,234d9123fdc010716a5a844efaf7ab43,2026-10-11T00:00:00Z,Purdue Boilermakers,Minnesota Golden Gophers,betus,BetUS,2026-10-10T06:13:55Z,totals,2026-10-10T06:13:55Z,Over,-110,50.0,20261010061359476901
NCAAF,americanfootball_ncaaf,234d9123fdc010716a5a844efaf7ab43,2026-10-11T00:00:00Z,Purdue Boilermakers,Minnesota Golden Gophers,betus,BetUS,2026-10-10T06:13:55Z,totals,2026-10-10T06:13:55Z,Under,-110,50.0,20261010061359476901
NCAAF,americanfootball_ncaaf,7dd6e0d9f2657c834974c28b286ff58d,2026-10-11T02:30:00Z,Arizona State Sun Devils,Hawaii Rainbow Warriors,fanduel,FanDuel,2026-10-10T06:13:40Z,h2h,2026-10-10T06:13:39Z,Arizona State Sun Devils,-1800,,20261010061359476901
NCAAF,americanfootball_ncaaf,7dd6e0d9f2657c834974c28b286ff58d,2026-10-11T02:30:00Z,Arizona State Sun Devils,Hawaii Rainbow Warriors,fanduel,FanDuel,2026-10-10T06:13:40Z,h2h,2026-10-10T06:13:39Z,Hawaii Rainbow Warriors,920,,20261010061359476901
NCAAF,americanfootball_ncaaf,7dd6e0d9f2657c834974c28b286ff58d,2026-10-11T02:30:00Z,Arizona State Sun Devils,Hawaii Rainbow Warriors,fanduel,FanDuel,2026-10-10T06:13:40Z,spreads,2026-10-10T06:13:39Z,Arizona State Sun Devils,-118,-20.5,20261010061359476901
NCAAF,americanfootball_ncaaf,7dd6e0d9f2657c834974c28b286ff58d,2026-10-11T02:30:00Z,Arizona State Sun Devils,Hawaii Rainbow Warriors,fanduel,FanDuel,2026-10-10T06:13:40Z,spreads,2026-10-10T06:13:39Z,Hawaii Rainbow Warriors,-104,20.5,20261010061359476901
NCAAF,americanfootball_ncaaf,7dd6e0d9f2657c834974c28b286ff58d,2026-10-11T02:30:00Z,Arizona State Sun Devils,Hawaii Rainbow Warriors,fanduel,FanDuel,2026-10-10T06:13:40Z,totals,2026-10-10T06:13:39Z,Over,-115,50.5,20261010061359476901
NCAAF,americanfootball_ncaaf,7dd6e0d9f2657c834974c28b286ff58d,2026-10-11T02:30:00Z,Arizona State Sun Devils,Hawaii Rainbow Warriors,fanduel,FanDuel,2026-10-10T06:13:40Z,totals,2026-10-10T06:13:39Z,Under,-105,50.5,20261010061359476901
NCAAF,americanfootball_ncaaf,7dd6e0d9f2657c834974c28b286ff58d,2026-10-11T02:30:00Z,Arizona State Sun Devils,Hawaii Rainbow Warriors,betrivers,BetRivers,2026-10-10T06:13:23Z,h2h,2026-10-10T06:13:23Z,Arizona State Sun Devils,-1667,,20261010061359476901
NCAAF,americanfootball_ncaaf,7dd6e0d9f2657c834974c28b286ff58d,2026-10-11T02:30:00Z,Arizona State Sun Devils,Hawaii Rainbow Warriors,betrivers,BetRivers,2026-10-10T06:13:23Z,h2h,2026-10-10T06:13:23Z,Hawaii Rainbow Warriors,800,,20261010061359476901
NCAAF,americanfootball_ncaaf,7dd6e0d9f2657c834974c28b286ff58d,2026-10-11T02:30:00Z,Arizona State Sun Devils,Hawaii Rainbow Warriors,betrivers,BetRivers,2026-10-10T06:13:23Z,spreads,2026-10-10T06:13:23Z,Arizona State Sun Devils,-112,-21.0,20261010061359476901
NCAAF,americanfootball_ncaaf,7dd6e0d9f2657c834974c28b286ff58d,2026-10-11T02:30:00Z,Arizona State Sun Devils,Hawaii Rainbow Warriors,betrivers,BetRivers,2026-10-10T06:13:23Z,spreads,2026-10-10T06:13:23Z,Hawaii Rainbow Warriors,-113,21.0,20261010061359476901
NCAAF,americanfootball_ncaaf,7dd6e0d9f2657c834974c28b286ff58d,2026-10-11T02:30:00Z,Arizona State Sun Devils,Hawaii Rainbow Warriors,betrivers,BetRivers,2026-10-10T06:13:23Z,totals,2026-10-10T06:13:23Z,Over,-117,50.5,20261010061359476901
NCAAF,americanfootball_ncaaf,7dd6e0d9f2657c834974c28b286ff58d,2026-10-11T02:30:00Z,Arizona State Sun Devils,Hawaii Rainbow Warriors,betrivers,BetRivers,2026-10-10T06:13:23Z,totals,2026-10-10T06:13:23Z,Under,-107,50.5,20261010061359476901
NCAAF,americanfootball_ncaaf,7dd6e0d9f2657c834974c28b286ff58d,2026-10-11T02:30:00Z,Arizona State Sun Devils,Hawaii Rainbow Warriors,betmgm,BetMGM,2026-10-10T06:13:39Z,h2h,2026-10-10T06:13:39Z,Arizona State Sun Devils,-1600,,20261010061359476901
NCAAF,americanfootball_ncaaf,7dd6e0d9f2657c834974c28b286ff58d,2026-10-11T02:30:00Z,Arizona State Sun Devils,Hawaii Rainbow Warriors,betmgm,BetMGM,2026-10-10T06:13:39Z,h2h,2026-10-10T06:13:39Z,Hawaii Rainbow Warriors,900,,20261010061359476901
NCAAF,americanfootball_ncaaf,7dd6e0d9f2657c834974c28b286ff58d,2026-10-11T02:30:00Z,Arizona State Sun Devils,Hawaii Rainbow Warriors,betmgm,BetMGM,2026-10-10T06:13:39Z,spreads,2026-10-10T06:13:39Z,Arizona State Sun Devils,-115,-20.5,20261010061359476901
NCAAF,americanfootball_ncaaf,7dd6e0d9f2657c834974c28b286ff58d,2026-10-11T02:30:00Z,Arizona State Sun Devils,Hawaii Rainbow Warriors,betmgm,BetMGM,2026-10-10T06:13:39Z,spreads,2026-10-10T06:13:39Z,Hawaii Rainbow Warriors,-105,20.5,20261010061359476901
NCAAF,americanfootball_ncaaf,7dd6e0d9f2657c834974c28b286ff58d,2026-10-11T02:30:00Z,Arizona State Sun Devils,Hawaii Rainbow Warriors,betmgm,BetMGM,2026-10-10T06:13:39Z,totals,2026-10-10T06:13:39Z,Over,-110,50.5,20261010061359476901
NCAAF,americanfootball_ncaaf,7dd6e0d9f2657c834974c28b286ff58d,2026-10-11T02:30:00Z,Arizona State Sun Devils,Hawaii Rainbow Warriors,betmgm,BetMGM,2026-10-10T06:13:39Z,totals,2026-10-10T06:13:39Z,Under,-118,50.5,20261010061359476901
NCAAF,americanfootball_ncaaf,7dd6e0d9f2657c834974c28b286ff58d,2026-10-11T02:30:00Z,Arizona State Sun Devils,Hawaii Rainbow Warriors,lowvig,LowVig.ag,2026-10-10T06:13:39Z,h2h,2026-10-10T06:13:39Z,Arizona State Sun Devils,-1750,,20261010061359476901
NCAAF,americanfootball_ncaaf,7dd6e0d9f2657c834974c28b286ff58d,2026-10-11T02:30:00Z,Arizona State Sun Devils,Hawaii Rainbow Warriors,lowvig,LowVig.ag,2026-10-10T06:13:39Z,h2h,2026-10-10T06:13:39Z,Hawaii Rainbow Warriors,961,,20261010061359476901
NCAAF,americanfootball_ncaaf,7dd6e0d9f2657c834974c28b286ff58d,2026-10-11T02:30:00Z,Arizona State Sun Devils,Hawaii Rainbow Warriors,lowvig,LowVig.ag,2026-10-10T06:13:39Z,spreads,2026-10-10T06:13:39Z,Arizona State Sun Devils,-106,-21.0,20261010061359476901
NCAAF,americanfootball_ncaaf,7dd6e0d9f2657c834974c28b286ff58d,2026-10-11T02:30:00Z,Arizona State Sun Devils,Hawaii Rainbow Warriors,lowvig,LowVig.ag,2026-10-10T06:13:39Z,spreads,2026-10-10T06:13:39Z,Hawaii Rainbow Warriors,-106,21.0,20261010061359476901
NCAAF,americanfootball_ncaaf,7dd6e0d9f2657c834974c28b286ff58d,2026-10-11T02:30:00Z,Arizona State Sun Devils,Hawaii Rainbow Warriors,lowvig,LowVig.ag,2026-10-10T06:13:39Z,totals,2026-10-10T06:13:39Z,Over,-108,51.5,20261010061359476901
NCAAF,americanfootball_ncaaf,7dd6e0d9f2657c834974c28b286ff58d,2026-10-11T02:30:00Z,Arizona State Sun Devils,Hawaii Rainbow Warriors,lowvig,LowVig.ag,2026-10-10T06:13:39Z,totals,2026-10-10T06:13:39Z,Under,-108,51.5,20261010061359476901
NCAAF,americanfootball_ncaaf,7dd6e0d9f2657c834974c28b286ff58d,2026-10-11T02:30:00Z,Arizona State Sun Devils,Hawaii Rainbow Warriors,betonlineag,BetOnline.ag,2026-10-10T06:13:21Z,h2h,2026-10-10T06:13:21Z,Arizona State Sun Devils,-1750,,20261010061359476901
NCAAF,americanfootball_ncaaf,7dd6e0d9f2657c834974c28b286ff58d,2026-10-11T02:30:00Z,Arizona State Sun Devils,Hawaii Rainbow Warriors,betonlineag,BetOnline.ag,2026-10-10T06:13:21Z,h2h,2026-10-10T06:13:21Z,Hawaii Rainbow Warriors,961,,20261010061359476901
NCAAF,americanfootball_ncaaf,7dd6e0d9f2657c834974c28b286ff58d,2026-10-11T02:30:00Z,Arizona State Sun Devils,Hawaii Rainbow Warriors,betonlineag,BetOnline.ag,2026-10-10T06:13:21Z,spreads,2026-10-10T06:13:21Z,Arizona State Sun Devils,-113,-20.5,20261010061359476901
NCAAF,americanfootball_ncaaf,7dd6e0d9f2657c834974c28b286ff58d,2026-10-11T02:30:00Z,Arizona State Sun Devils,Hawaii Rainbow Warriors,betonlineag,BetOnline.ag,2026-10-10T06:13:21Z,spreads,2026-10-10T06:13:21Z,Hawaii Rainbow Warriors,-107,20.5,20261010061359476901
NCAAF,americanfootball_ncaaf,7dd6e0d9f2657c834974c28b286ff58d,2026-10-11T02:30:00Z,Arizona State Sun Devils,Hawaii Rainbow Warriors,betonlineag,BetOnline.ag,2026-10-10T06:13:21Z,totals,2026-10-10T06:13:21Z,Over,-110,51.5,20261010061359476901
NCAAF,americanfootball_ncaaf,7dd6e0d9f2657c834974c28b286ff58d,2026-10-11T02:30:00Z,Arizona State Sun Devils,Hawaii Rainbow Warriors,betonlineag,BetOnline.ag,2026-10-10T06:13:21Z,totals,2026-10-10T06:13:21Z,Under,-110,51.5,20261010061359476901
NCAAF,americanfootball_ncaaf,7dd6e0d9f2657c834974c28b286ff58d,2026-10-11T02:30:00Z,Arizona State Sun Devils,Hawaii Rainbow Warriors,draftkings,DraftKings,2026-10-10T06:13:23Z,h2h,2026-10-10T06:13:23Z,Arizona State Sun Devils,-1600,,20261010061359476901
NCAAF,americanfootball_ncaaf,7dd6e0d9f2657c834974c28b286ff58d,2026-10-11T02:30:00Z,Arizona State Sun Devils,Hawaii Rainbow Warriors,draftkings,DraftKings,2026-10-10T06:13:23Z,h2h,2026-10-10T06:13:23Z,Hawaii Rainbow Warriors,900,,20261010061359476901
NCAAF,americanfootball_ncaaf,7dd6e0d9f2657c834974c28b286ff58d,2026-10-11T02:30:00Z,Arizona State Sun Devils,Hawaii Rainbow Warriors,draftkings,DraftKings,2026-10-10T06:13:23Z,spreads,2026-10-10T06:13:23Z,Arizona State Sun Devils,-108,-21.0,20261010061359476901
NCAAF,americanfootball_ncaaf,7dd6e0d9f2657c834974c28b286ff58d,2026-10-11T02:30:00Z,Arizona State Sun Devils,Hawaii Rainbow Warriors,draftkings,DraftKings,2026-10-10T06:13:23Z,spreads,2026-10-10T06:13:23Z,Hawaii Rainbow Warriors,-112,21.0,20261010061359476901
NCAAF,americanfootball_ncaaf,7dd6e0d9f2657c834974c28b286ff58d,2026-10-11T02:30:00Z,Arizona State Sun Devils,Hawaii Rainbow Warriors,draftkings,DraftKings,2026-10-10T06:13:23Z,totals,2026-10-10T06:13:23Z,Over,-115,50.5,20261010061359476901
NCAAF,americanfootball_ncaaf,7dd6e0d9f2657c834974c28b286ff58d,2026-10-11T02:30:00Z,Arizona State Sun Devils,Hawaii Rainbow Warriors,draftkings,DraftKings,2026-10-10T06:13:23Z,totals,2026-10-10T06:13:23Z,Under,-105,50.5,20261010061359476901
NCAAF,americanfootball_ncaaf,7dd6e0d9f2657c834974c28b286ff58d,2026-10-11T02:30:00Z,Arizona State Sun Devils,Hawaii Rainbow Warriors,mybookieag,MyBookie.ag,2026-10-10T06:13:29Z,h2h,2026-10-10T06:13:28Z,Arizona State Sun Devils,-1695,,20261010061359476901
NCAAF,americanfootball_ncaaf,7dd6e0d9f2657c834974c28b286ff58d,2026-10-11T02:30:00Z,Arizona State Sun Devils,Hawaii Rainbow Warriors,mybookieag,MyBookie.ag,2026-10-10T06:13:29Z,h2h,2026-10-10T06:13:28Z,Hawaii Rainbow Warriors,840,,20261010061359476901
NCAAF,americanfootball_ncaaf,7dd6e0d9f2657c834974c28b286ff58d,2026-10-11T02:30:00Z,Arizona State Sun Devils,Hawaii Rainbow Warriors,mybookieag,MyBookie.ag,2026-10-10T06:13:29Z,spreads,2026-10-10T06:13:28Z,Arizona State Sun Devils,-110,-21.0,20261010061359476901
NCAAF,americanfootball_ncaaf,7dd6e0d9f2657c834974c28b286ff58d,2026-10-11T02:30:00Z,Arizona State Sun Devils,Hawaii Rainbow Warriors,mybookieag,MyBookie.ag,2026-10-10T06:13:29Z,spreads,2026-10-10T06:13:28Z,Hawaii Rainbow Warriors,-110,21.0,20261010061359476901
NCAAF,americanfootball_ncaaf,7dd6e0d9f2657c834974c28b286ff58d,2026-10-11T02:30:00Z,Arizona State Sun Devils,Hawaii Rainbow Warriors,mybookieag,MyBookie.ag,2026-10-10T06:13:29Z,totals,2026-10-10T06:13:28Z,Over,-110,50.5,20261010061359476901
NCAAF,americanfootball_ncaaf,7dd6e0d9f2657c834974c28b286ff58d,2026-10-11T02:30:00Z,Arizona State Sun Devils,Hawaii Rainbow Warriors,mybookieag,MyBookie.ag,2026-10-10T06:13:29Z,totals,2026-10-10T06:13:28Z,Under,-110,50.5,20261010061359476901
NCAAF,americanfootball_ncaaf,7dd6e0d9f2657c834974c28b286ff58d,2026-10-11T02:30:00Z,Arizona State Sun Devils,Hawaii Rainbow Warriors,betus,BetUS,2026-10-10T06:13:55Z,h2h,2026-10-10T06:13:55Z,Arizona State Sun Devils,-1800,,20261010061359476901
NCAAF,americanfootball_ncaaf,7dd6e0d9f2657c834974c28b286ff58d,2026-10-11T02:30:00Z,Arizona State Sun Devils,Hawaii Rainbow Warriors,betus,BetUS,2026-10-10T06:13:55Z,h2h,2026-10-10T06:13:55Z,Hawaii Rainbow Warriors,1000,,20261010061359476901
NCAAF,americanfootball_ncaaf,7dd6e0d9f2657c834974c28b286ff58d,2026-10-11T02:30:00Z,Arizona State Sun Devils,Hawaii Rainbow Warriors,betus,BetUS,2026-10-10T06:13:55Z,spreads,2026-10-10T06:13:55Z,Arizona State Sun Devils,-110,-21.0,20261010061359476901
NCAAF,americanfootball_ncaaf,7dd6e0d9f2657c834974c28b286ff58d,2026-10-11T02:30:00Z,Arizona State Sun Devils,Hawaii Rainbow Warriors,betus,BetUS,2026-10-10T06:13:55Z,spreads,2026-10-10T06:13:55Z,Hawaii Rainbow Warriors,-110,21.0,20261010061359476901
NCAAF,americanfootball_ncaaf,7dd6e0d9f2657c834974c28b286ff58d,2026-10-11T02:30:00Z,Arizona State Sun Devils,Hawaii Rainbow Warriors,betus,BetUS,2026-10-10T06:13:55Z,totals,2026-10-10T06:13:55Z,Over,-110,50.5,20261010061359476901
NCAAF,americanfootball_ncaaf,7dd6e0d9f2657c834974c28b286ff58d,2026-10-11T02:30:00Z,Arizona State Sun Devils,Hawaii Rainbow Warriors,betus,BetUS,2026-10-10T06:13:55Z,totals,2026-10-10T06:13:55Z,Under,-110,50.5,20261010061359476901
NCAAF,americanfootball_ncaaf,7dd6e0d9f2657c834974c28b286ff58d,2026-10-11T02:30:00Z,Arizona State Sun Devils,Hawaii Rainbow Warriors,bovada,Bovada,2026-10-10T06:12:36Z,h2h,2026-10-10T06:12:36Z,Arizona State Sun Devils,-1800,,20261010061359476901
NCAAF,americanfootball_ncaaf,7dd6e0d9f2657c834974c28b286ff58d,2026-10-11T02:30:00Z,Arizona State Sun Devils,Hawaii Rainbow Warriors,bovada,Bovada,2026-10-10T06:12:36Z,h2h,2026-10-10T06:12:36Z,Hawaii Rainbow Warriors,850,,20261010061359476901
NCAAF,americanfootball_ncaaf,7dd6e0d9f2657c834974c28b286ff58d,2026-10-11T02:30:00Z,Arizona State Sun Devils,Hawaii Rainbow Warriors,bovada,Bovada,2026-10-10T06:12:36Z,spreads,2026-10-10T06:12:36Z,Arizona State Sun Devils,-110,-21.0,20261010061359476901
NCAAF,americanfootball_ncaaf,7dd6e0d9f2657c834974c28b286ff58d,2026-10-11T02:30:00Z,Arizona State Sun Devils,Hawaii Rainbow Warriors,bovada,Bovada,2026-10-10T06:12:36Z,spreads,2026-10-10T06:12:36Z,Hawaii Rainbow Warriors,-110,21.0,20261010061359476901
NCAAF,americanfootball_ncaaf,7dd6e0d9f2657c834974c28b286ff58d,2026-10-11T02:30:00Z,Arizona State Sun Devils,Hawaii Rainbow Warriors,bovada,Bovada,2026-10-10T06:12:36Z,totals,2026-10-10T06:12:36Z,Over,-110,50.5,20261010061359476901
NCAAF,americanfootball_ncaaf,7dd6e0d9f2657c834974c28b286ff58d,2026-10-11T02:30:00Z,Arizona State Sun Devils,Hawaii Rainbow Warriors,bovada,Bovada,2026-10-10T06:12:36Z,totals,2026-10-10T06:12:36Z,Under,-110,50.5,20261010061359476901
NCAAF,americanfootball_ncaaf,c4db3412210ed8e1045807c73f69b377,2026-10-11T02:30:00Z,Fresno State Bulldogs,Boise State Broncos,fanduel,FanDuel,2026-10-10T06:13:40Z,h2h,2026-10-10T06:13:39Z,Boise State Broncos,-275,,20261010061359476901
NCAAF,americanfootball_ncaaf,c4db3412210ed8e1045807c73f69b377,2026-10-11T02:30:00Z,Fresno State Bulldogs,Boise State Broncos,fanduel,FanDuel,2026-10-10T06:13:40Z,h2h,2026-10-10T06:13:39Z,Fresno State Bulldogs,220,,20261010061359476901
NCAAF,americanfootball_ncaaf,c4db3412210ed8e1045807c73f69b377,2026-10-11T02:30:00Z,Fresno State Bulldogs,Boise State Broncos,fanduel,FanDuel,2026-10-10T06:13:40Z,spreads,2026-10-10T06:13:39Z,Boise State Broncos,-122,-6.5,20261010061359476901
NCAAF,americanfootball_ncaaf,c4db3412210ed8e1045807c73f69b377,2026-10-11T02:30:00Z,Fresno State Bulldogs,Boise State Broncos,fanduel,FanDuel,2026-10-10T06:13:40Z,spreads,2026-10-10T06:13:39Z,Fresno State Bulldogs,100,6.5,20261010061359476901
NCAAF,americanfootball_ncaaf,c4db3412210ed8e1045807c73f69b377,2026-10-11T02:30:00Z,Fresno State Bulldogs,Boise State Broncos,fanduel,FanDuel,2026-10-10T06:13:40Z,totals,2026-10-10T06:13:39Z,Over,-108,48.5,20261010061359476901
NCAAF,americanfootball_ncaaf,c4db3412210ed8e1045807c73f69b377,2026-10-11T02:30:00Z,Fresno State Bulldogs,Boise State Broncos,fanduel,FanDuel,2026-10-10T06:13:40Z,totals,2026-10-10T06:13:39Z,Under,-112,48.5,20261010061359476901
NCAAF,americanfootball_ncaaf,c4db3412210ed8e1045807c73f69b377,2026-10-11T02:30:00Z,Fresno State Bulldogs,Boise State Broncos,betrivers,BetRivers,2026-10-10T06:13:23Z,h2h,2026-10-10T06:13:23Z,Boise State Broncos,-278,,20261010061359476901
NCAAF,americanfootball_ncaaf,c4db3412210ed8e1045807c73f69b377,2026-10-11T02:30:00Z,Fresno State Bulldogs,Boise State Broncos,betrivers,BetRivers,2026-10-10T06:13:23Z,h2h,2026-10-10T06:13:23Z,Fresno State Bulldogs,215,,20261010061359476901
NCAAF,americanfootball_ncaaf,c4db3412210ed8e1045807c73f69b377,2026-10-11T02:30:00Z,Fresno State Bulldogs,Boise State Broncos,betrivers,BetRivers,2026-10-10T06:13:23Z,spreads,2026-10-10T06:13:23Z,Boise State Broncos,-113,-7.0,20261010061359476901
NCAAF,americanfootball_ncaaf,c4db3412210ed8e1045807c73f69b377,2026-10-11T02:30:00Z,Fresno State Bulldogs,Boise State Broncos,betrivers,BetRivers,2026-10-10T06:13:23Z,spreads,2026-10-10T06:13:23Z,Fresno State Bulldogs,-110,7.0,20261010061359476901
NCAAF,americanfootball_ncaaf,c4db3412210ed8e1045807c73f69b377,2026-10-11T02:30:00Z,Fresno State Bulldogs,Boise State Broncos,betrivers,BetRivers,2026-10-10T06:13:23Z,totals,2026-10-10T06:13:23Z,Over,-113,48.5,20261010061359476901
NCAAF,americanfootball_ncaaf,c4db3412210ed8e1045807c73f69b377,2026-10-11T02:30:00Z,Fresno State Bulldogs,Boise State Broncos,betrivers,BetRivers,2026-10-10T06:13:23Z,totals,2026-10-10T06:13:23Z,Under,-110,48.5,20261010061359476901
NCAAF,americanfootball_ncaaf,c4db3412210ed8e1045807c73f69b377,2026-10-11T02:30:00Z,Fresno State Bulldogs,Boise State Broncos,betmgm,BetMGM,2026-10-10T06:13:39Z,h2h,2026-10-10T06:13:39Z,Boise State Broncos,-275,,20261010061359476901
NCAAF,americanfootball_ncaaf,c4db3412210ed8e1045807c73f69b377,2026-10-11T02:30:00Z,Fresno State Bulldogs,Boise State Broncos,betmgm,BetMGM,2026-10-10T06:13:39Z,h2h,2026-10-10T06:13:39Z,Fresno State Bulldogs,220,,20261010061359476901
NCAAF,americanfootball_ncaaf,c4db3412210ed8e1045807c73f69b377,2026-10-11T02:30:00Z,Fresno State Bulldogs,Boise State Broncos,betmgm,BetMGM,2026-10-10T06:13:39Z,spreads,2026-10-10T06:13:39Z,Boise State Broncos,-115,-6.5,20261010061359476901
NCAAF,americanfootball_ncaaf,c4db3412210ed8e1045807c73f69b377,2026-10-11T02:30:00Z,Fresno State Bulldogs,Boise State Broncos,betmgm,BetMGM,2026-10-10T06:13:39Z,spreads,2026-10-10T06:13:39Z,Fresno State Bulldogs,-105,6.5,20261010061359476901
NCAAF,americanfootball_ncaaf,c4db3412210ed8e1045807c73f69b377,2026-10-11T02:30:00Z,Fresno State Bulldogs,Boise State Broncos,betmgm,BetMGM,2026-10-10T06:13:39Z,totals,2026-10-10T06:13:39Z,Over,-110,48.5,20261010061359476901
NCAAF,americanfootball_ncaaf,c4db3412210ed8e1045807c73f69b377,2026-10-11T02:30:00Z,Fresno State Bulldogs,Boise State Broncos,betmgm,BetMGM,2026-10-10T06:13:39Z,totals,2026-10-10T06:13:39Z,Under,-110,48.5,20261010061359476901
NCAAF,americanfootball_ncaaf,c4db3412210ed8e1045807c73f69b377,2026-10-11T02:30:00Z,Fresno State Bulldogs,Boise State Broncos,lowvig,LowVig.ag,2026-10-10T06:13:39Z,h2h,2026-10-10T06:13:39Z,Boise State Broncos,-270,,20261010061359476901
NCAAF,americanfootball_ncaaf,c4db3412210ed8e1045807c73f69b377,2026-10-11T02:30:00Z,Fresno State Bulldogs,Boise State Broncos,lowvig,LowVig.ag,2026-10-10T06:13:39Z,h2h,2026-10-10T06:13:39Z,Fresno State Bulldogs,222,,20261010061359476901
NCAAF,americanfootball_ncaaf,c4db3412210ed8e1045807c73f69b377,2026-10-11T02:30:00Z,Fresno State Bulldogs,Boise State Broncos,lowvig,LowVig.ag,2026-10-10T06:13:39Z,spreads,2026-10-10T06:13:39Z,Boise State Broncos,-106,-7.0,20261010061359476901
NCAAF,americanfootball_ncaaf,c4db3412210ed8e1045807c73f69b377,2026-10-11T02:30:00Z,Fresno State Bulldogs,Boise State Broncos,lowvig,LowVig.ag,2026-10-10T06:13:39Z,spreads,2026-10-10T06:13:39Z,Fresno State Bulldogs,-106,7.0,20261010061359476901
NCAAF,americanfootball_ncaaf,c4db3412210ed8e1045807c73f69b377,2026-10-11T02:30:00Z,Fresno State Bulldogs,Boise State Broncos,lowvig,LowVig.ag,2026-10-10T06:13:39Z,totals,2026-10-10T06:13:39Z,Over,-108,48.5,20261010061359476901
NCAAF,americanfootball_ncaaf,c4db3412210ed8e1045807c73f69b377,2026-10-11T02:30:00Z,Fresno State Bulldogs,Boise State Broncos,lowvig,LowVig.ag,2026-10-10T06:13:39Z,totals,2026-10-10T06:13:39Z,Under,-108,48.5,20261010061359476901
NCAAF,americanfootball_ncaaf,c4db3412210ed8e1045807c73f69b377,2026-10-11T02:30:00Z,Fresno State Bulldogs,Boise State Broncos,betonlineag,BetOnline.ag,2026-10-10T06:13:21Z,h2h,2026-10-10T06:13:21Z,Boise State Broncos,-270,,20261010061359476901
NCAAF,americanfootball_ncaaf,c4db3412210ed8e1045807c73f69b377,2026-10-11T02:30:00Z,Fresno State Bulldogs,Boise State Broncos,betonlineag,BetOnline.ag,2026-10-10T06:13:21Z,h2h,2026-10-10T06:13:21Z,Fresno State Bulldogs,222,,20261010061359476901
NCAAF,americanfootball_ncaaf,c4db3412210ed8e1045807c73f69b377,2026-10-11T02:30:00Z,Fresno State Bulldogs,Boise State Broncos,betonlineag,BetOnline.ag,2026-10-10T06:13:21Z,spreads,2026-10-10T06:13:21Z,Boise State Broncos,-112,-7.0,20261010061359476901
NCAAF,americanfootball_ncaaf,c4db3412210ed8e1045807c73f69b377,2026-10-11T02:30:00Z,Fresno State Bulldogs,Boise State Broncos,betonlineag,BetOnline.ag,2026-10-10T06:13:21Z,spreads,2026-10-10T06:13:21Z,Fresno State Bulldogs,-108,7.0,20261010061359476901
NCAAF,americanfootball_ncaaf,c4db3412210ed8e1045807c73f69b377,2026-10-11T02:30:00Z,Fresno State Bulldogs,Boise State Broncos,betonlineag,BetOnline.ag,2026-10-10T06:13:21Z,totals,2026-10-10T06:13:21Z,Over,-110,48.5,20261010061359476901
NCAAF,americanfootball_ncaaf,c4db3412210ed8e1045807c73f69b377,2026-10-11T02:30:00Z,Fresno State Bulldogs,Boise State Broncos,betonlineag,BetOnline.ag,2026-10-10T06:13:21Z,totals,2026-10-10T06:13:21Z,Under,-110,48.5,20261010061359476901
NCAAF,americanfootball_ncaaf,c4db3412210ed8e1045807c73f69b377,2026-10-11T02:30:00Z,Fresno State Bulldogs,Boise State Broncos,draftkings,DraftKings,2026-10-10T06:13:23Z,h2h,2026-10-10T06:13:23Z,Boise State Broncos,-258,,20261010061359476901
NCAAF,americanfootball_ncaaf,c4db3412210ed8e1045807c73f69b377,2026-10-11T02:30:00Z,Fresno State Bulldogs,Boise State Broncos,draftkings,DraftKings,2026-10-10T06:13:23Z,h2h,2026-10-10T06:13:23Z,Fresno State Bulldogs,210,,20261010061359476901
NCAAF,americanfootball_ncaaf,c4db3412210ed8e1045807c73f69b377,2026-10-11T02:30:00Z,Fresno State Bulldogs,Boise State Broncos,draftkings,DraftKings,2026-10-10T06:13:23Z,spreads,2026-10-10T06:13:23Z,Boise State Broncos,-110,-7.0,20261010061359476901
NCAAF,americanfootball_ncaaf,c4db3412210ed8e1045807c73f69b377,2026-10-11T02:30:00Z,Fresno State Bulldogs,Boise State Broncos,draftkings,DraftKings,2026-10-10T06:13:23Z,spreads,2026-10-10T06:13:23Z,Fresno State Bulldogs,-110,7.0,20261010061359476901
NCAAF,americanfootball_ncaaf,c4db3412210ed8e1045807c73f69b377,2026-10-11T02:30:00Z,Fresno State Bulldogs,Boise State Broncos,draftkings,DraftKings,2026-10-10T06:13:23Z,totals,2026-10-10T06:13:23Z,Over,-110,48.5,20261010061359476901
NCAAF,americanfootball_ncaaf,c4db3412210ed8e1045807c73f69b377,2026-10-11T02:30:00Z,Fresno State Bulldogs,Boise State Broncos,draftkings,DraftKings,2026-10-10T06:13:23Z,totals,2026-10-10T06:13:23Z,Under,-110,48.5,20261010061359476901
NCAAF,americanfootball_ncaaf,c4db3412210ed8e1045807c73f69b377,2026-10-11T02:30:00Z,Fresno State Bulldogs,Boise State Broncos,mybookieag,MyBookie.ag,2026-10-10T06:13:29Z,h2h,2026-10-10T06:13:28Z,Boise State Broncos,-285,,20261010061359476901
NCAAF,americanfootball_ncaaf,c4db3412210ed8e1045807c73f69b377,2026-10-11T02:30:00Z,Fresno State Bulldogs,Boise State Broncos,mybookieag,MyBookie.ag,2026-10-10T06:13:29Z,h2h,2026-10-10T06:13:28Z,Fresno State Bulldogs,224,,20261010061359476901
NCAAF,americanfootball_ncaaf,c4db3412210ed8e1045807c73f69b377,2026-10-11T02:30:00Z,Fresno State Bulldogs,Boise State Broncos,mybookieag,MyBookie.ag,2026-10-10T06:13:29Z,spreads,2026-10-10T06:13:28Z,Boise State Broncos,-110,-7.0,20261010061359476901
NCAAF,americanfootball_ncaaf,c4db3412210ed8e1045807c73f69b377,2026-10-11T02:30:00Z,Fresno State Bulldogs,Boise State Broncos,mybookieag,MyBookie.ag,2026-10-10T06:13:29Z,spreads,2026-10-10T06:13:28Z,Fresno State Bulldogs,-110,7.0,20261010061359476901
NCAAF,americanfootball_ncaaf,c4db3412210ed8e1045807c73f69b377,2026-10-11T02:30:00Z,Fresno State Bulldogs,Boise State Broncos,mybookieag,MyBookie.ag,2026-10-10T06:13:29Z,totals,2026-10-10T06:13:28Z,Over,-110,48.5,20261010061359476901
NCAAF,americanfootball_ncaaf,c4db3412210ed8e1045807c73f69b377,2026-10-11T02:30:00Z,Fresno State Bulldogs,Boise State Broncos,mybookieag,MyBookie.ag,2026-10-10T06:13:29Z,totals,2026-10-10T06:13:28Z,Under,-110,48.5,20261010061359476901
NCAAF,americanfootball_ncaaf,c4db3412210ed8e1045807c73f69b377,2026-10-11T02:30:00Z,Fresno State Bulldogs,Boise State Broncos,betus,BetUS,2026-10-10T06:13:55Z,h2h,2026-10-10T06:13:55Z,Boise State Broncos,-270,,20261010061359476901
NCAAF,americanfootball_ncaaf,c4db3412210ed8e1045807c73f69b377,2026-10-11T02:30:00Z,Fresno State Bulldogs,Boise State Broncos,betus,BetUS,2026-10-10T06:13:55Z,h2h,2026-10-10T06:13:55Z,Fresno State Bulldogs,225,,20261010061359476901
NCAAF,americanfootball_ncaaf,c4db3412210ed8e1045807c73f69b377,2026-10-11T02:30:00Z,Fresno State Bulldogs,Boise State Broncos,betus,BetUS,2026-10-10T06:13:55Z,spreads,2026-10-10T06:13:55Z,Boise State Broncos,-110,-7.0,20261010061359476901
NCAAF,americanfootball_ncaaf,c4db3412210ed8e1045807c73f69b377,2026-10-11T02:30:00Z,Fresno State Bulldogs,Boise State Broncos,betus,BetUS,2026-10-10T06:13:55Z,spreads,2026-10-10T06:13:55Z,Fresno State Bulldogs,-110,7.0,20261010061359476901
NCAAF,americanfootball_ncaaf,c4db3412210ed8e1045807c73f69b377,2026-10-11T02:30:00Z,Fresno State Bulldogs,Boise State Broncos,betus,BetUS,2026-10-10T06:13:55Z,totals,2026-10-10T06:13:55Z,Over,-110,48.5,20261010061359476901
NCAAF,americanfootball_ncaaf,c4db3412210ed8e1045807c73f69b377,2026-10-11T02:30:00Z,Fresno State Bulldogs,Boise State Broncos,betus,BetUS,2026-10-10T06:13:55Z,totals,2026-10-10T06:13:55Z,Under,-110,48.5,20261010061359476901
NCAAF,americanfootball_ncaaf,c4db3412210ed8e1045807c73f69b377,2026-10-11T02:30:00Z,Fresno State Bulldogs,Boise State Broncos,bovada,Bovada,2026-10-10T06:12:36Z,h2h,2026-10-10T06:12:36Z,Boise State Broncos,-270,,20261010061359476901
NCAAF,americanfootball_ncaaf,c4db3412210ed8e1045807c73f69b377,2026-10-11T02:30:00Z,Fresno State Bulldogs,Boise State Broncos,bovada,Bovada,2026-10-10T06:12:36Z,h2h,2026-10-10T06:12:36Z,Fresno State Bulldogs,220,,20261010061359476901
NCAAF,americanfootball_ncaaf,c4db3412210ed8e1045807c73f69b377,2026-10-11T02:30:00Z,Fresno State Bulldogs,Boise State Broncos,bovada,Bovada,2026-10-10T06:12:36Z,spreads,2026-10-10T06:12:36Z,Boise State Broncos,100,-7.0,20261010061359476901
NCAAF,americanfootball_ncaaf,c4db3412210ed8e1045807c73f69b377,2026-10-11T02:30:00Z,Fresno State Bulldogs,Boise State Broncos,bovada,Bovada,2026-10-10T06:12:36Z,spreads,2026-10-10T06:12:36Z,Fresno State Bulldogs,-120,7.0,20261010061359476901
NCAAF,americanfootball_ncaaf,c4db3412210ed8e1045807c73f69b377,2026-10-11T02:30:00Z,Fresno State Bulldogs,Boise State Broncos,bovada,Bovada,2026-10-10T06:12:36Z,totals,2026-10-10T06:12:36Z,Over,-115,48.0,20261010061359476901
NCAAF,americanfootball_ncaaf,c4db3412210ed8e1045807c73f69b377,2026-10-11T02:30:00Z,Fresno State Bulldogs,Boise State Broncos,bovada,Bovada,2026-10-10T06:12:36Z,totals,2026-10-10T06:12:36Z,Under,-105,48.0,20261010061359476901
NCAAF,americanfootball_ncaaf,62dd374d95f55eaaad10717b58220ce7,2026-10-13T23:00:00Z,Middle Tennessee Blue Raiders,Delaware Blue Hens,fanduel,FanDuel,2026-10-10T06:13:40Z,h2h,2026-10-10T06:13:39Z,Delaware Blue Hens,-102,,20261010061359476901
NCAAF,americanfootball_ncaaf,62dd374d95f55eaaad10717b58220ce7,2026-10-13T23:00:00Z,Middle Tennessee Blue Raiders,Delaware Blue Hens,fanduel,FanDuel,2026-10-10T06:13:40Z,h2h,2026-10-10T06:13:39Z,Middle Tennessee Blue Raiders,-118,,20261010061359476901
NCAAF,americanfootball_ncaaf,62dd374d95f55eaaad10717b58220ce7,2026-10-13T23:00:00Z,Middle Tennessee Blue Raiders,Delaware Blue Hens,fanduel,FanDuel,2026-10-10T06:13:40Z,spreads,2026-10-10T06:13:39Z,Delaware Blue Hens,-110,1.5,20261010061359476901
NCAAF,americanfootball_ncaaf,62dd374d95f55eaaad10717b58220ce7,2026-10-13T23:00:00Z,Middle Tennessee Blue Raiders,Delaware Blue Hens,fanduel,FanDuel,2026-10-10T06:13:40Z,spreads,2026-10-10T06:13:39Z,Middle Tennessee Blue Raiders,-110,-1.5,20261010061359476901
NCAAF,americanfootball_ncaaf,62dd374d95f55eaaad10717b58220ce7,2026-10-13T23:00:00Z,Middle Tennessee Blue Raiders,Delaware Blue Hens,fanduel,FanDuel,2026-10-10T06:13:40Z,totals,2026-10-10T06:13:39Z,Over,-106,47.5,20261010061359476901
NCAAF,americanfootball_ncaaf,62dd374d95f55eaaad10717b58220ce7,2026-10-13T23:00:00Z,Middle Tennessee Blue Raiders,Delaware Blue Hens,fanduel,FanDuel,2026-10-10T06:13:40Z,totals,2026-10-10T06:13:39Z,Under,-114,47.5,20261010061359476901
NCAAF,americanfootball_ncaaf,62dd374d95f55eaaad10717b58220ce7,2026-10-13T23:00:00Z,Middle Tennessee Blue Raiders,Delaware Blue Hens,draftkings,DraftKings,2026-10-10T06:13:23Z,h2h,2026-10-10T06:13:23Z,Delaware Blue Hens,-118,,20261010061359476901
NCAAF,americanfootball_ncaaf,62dd374d95f55eaaad10717b58220ce7,2026-10-13T23:00:00Z,Middle Tennessee Blue Raiders,Delaware Blue Hens,draftkings,DraftKings,2026-10-10T06:13:23Z,h2h,2026-10-10T06:13:23Z,Middle Tennessee Blue Raiders,-102,,20261010061359476901
NCAAF,americanfootball_ncaaf,62dd374d95f55eaaad10717b58220ce7,2026-10-13T23:00:00Z,Middle Tennessee Blue Raiders,Delaware Blue Hens,draftkings,DraftKings,2026-10-10T06:13:23Z,spreads,2026-10-10T06:13:23Z,Delaware Blue Hens,-110,-1.5,20261010061359476901
NCAAF,americanfootball_ncaaf,62dd374d95f55eaaad10717b58220ce7,2026-10-13T23:00:00Z,Middle Tennessee Blue Raiders,Delaware Blue Hens,draftkings,DraftKings,2026-10-10T06:13:23Z,spreads,2026-10-10T06:13:23Z,Middle Tennessee Blue Raiders,-110,1.5,20261010061359476901
NCAAF,americanfootball_ncaaf,62dd374d95f55eaaad10717b58220ce7,2026-10-13T23:00:00Z,Middle Tennessee Blue Raiders,Delaware Blue Hens,draftkings,DraftKings,2026-10-10T06:13:23Z,totals,2026-10-10T06:13:23Z,Over,-110,48.5,20261010061359476901
NCAAF,americanfootball_ncaaf,62dd374d95f55eaaad10717b58220ce7,2026-10-13T23:00:00Z,Middle Tennessee Blue Raiders,Delaware Blue Hens,draftkings,DraftKings,2026-10-10T06:13:23Z,totals,2026-10-10T06:13:23Z,Under,-110,48.5,20261010061359476901
NCAAF,americanfootball_ncaaf,66f521c79ea8a970ed062bfed392abfb,2026-10-14T00:00:00Z,Jacksonville State Gamecocks,Florida International Panthers,fanduel,FanDuel,2026-10-10T06:13:40Z,h2h,2026-10-10T06:13:39Z,Florida International Panthers,130,,20261010061359476901
NCAAF,americanfootball_ncaaf,66f521c79ea8a970ed062bfed392abfb,2026-10-14T00:00:00Z,Jacksonville State Gamecocks,Florida International Panthers,fanduel,FanDuel,2026-10-10T06:13:40Z,h2h,2026-10-10T06:13:39Z,Jacksonville State Gamecocks,-156,,20261010061359476901
NCAAF,americanfootball_ncaaf,66f521c79ea8a970ed062bfed392abfb,2026-10-14T00:00:00Z,Jacksonville State Gamecocks,Florida International Panthers,fanduel,FanDuel,2026-10-10T06:13:40Z,spreads,2026-10-10T06:13:39Z,Florida International Panthers,-115,3.5,20261010061359476901
NCAAF,americanfootball_ncaaf,66f521c79ea8a970ed062bfed392abfb,2026-10-14T00:00:00Z,Jacksonville State Gamecocks,Florida International Panthers,fanduel,FanDuel,2026-10-10T06:13:40Z,spreads,2026-10-10T06:13:39Z,Jacksonville State Gamecocks,-105,-3.5,20261010061359476901
NCAAF,americanfootball_ncaaf,66f521c79ea8a970ed062bfed392abfb,2026-10-14T00:00:00Z,Jacksonville State Gamecocks,Florida International Panthers,fanduel,FanDuel,2026-10-10T06:13:40Z,totals,2026-10-10T06:13:39Z,Over,-112,45.5,20261010061359476901
NCAAF,americanfootball_ncaaf,66f521c79ea8a970ed062bfed392abfb,2026-10-14T00:00:00Z,Jacksonville State Gamecocks,Florida International Panthers,fanduel,FanDuel,2026-10-10T06:13:40Z,totals,2026-10-10T06:13:39Z,Under,-108,45.5,20261010061359476901
NCAAF,americanfootball_ncaaf,66f521c79ea8a970ed062bfed392abfb,2026-10-14T00:00:00Z,Jacksonville State Gamecocks,Florida International Panthers,draftkings,DraftKings,2026-10-10T06:13:23Z,h2h,2026-10-10T06:13:23Z,Florida International Panthers,124,,20261010061359476901
NCAAF,americanfootball_ncaaf,66f521c79ea8a970ed062bfed392abfb,2026-10-14T00:00:00Z,Jacksonville State Gamecocks,Florida International Panthers,draftkings,DraftKings,2026-10-10T06:13:23Z,h2h,2026-10-10T06:13:23Z,Jacksonville State Gamecocks,-148,,20261010061359476901
NCAAF,americanfootball_ncaaf,66f521c79ea8a970ed062bfed392abfb,2026-10-14T00:00:00Z,Jacksonville State Gamecocks,Florida International Panthers,draftkings,DraftKings,2026-10-10T06:13:23Z,spreads,2026-10-10T06:13:23Z,Florida International Panthers,-105,3.0,20261010061359476901
NCAAF,americanfootball_ncaaf,66f521c79ea8a970ed062bfed392abfb,2026-10-14T00:00:00Z,Jacksonville State Gamecocks,Florida International Panthers,draftkings,DraftKings,2026-10-10T06:13:23Z,spreads,2026-10-10T06:13:23Z,Jacksonville State Gamecocks,-115,-3.0,20261010061359476901
NCAAF,americanfootball_ncaaf,66f521c79ea8a970ed062bfed392abfb,2026-10-14T00:00:00Z,Jacksonville State Gamecocks,Florida International Panthers,draftkings,DraftKings,2026-10-10T06:13:23Z,totals,2026-10-10T06:13:23Z,Over,-110,45.5,20261010061359476901
NCAAF,americanfootball_ncaaf,66f521c79ea8a970ed062bfed392abfb,2026-10-14T00:00:00Z,Jacksonville State Gamecocks,Florida International Panthers,draftkings,DraftKings,2026-10-10T06:13:23Z,totals,2026-10-10T06:13:23Z,Under,-110,45.5,20261010061359476901
NCAAF,americanfootball_ncaaf,f00195614a0c305207222ba2044a9c24,2026-10-16T00:00:00Z,Texas State Bobcats,Colorado State Rams,fanduel,FanDuel,2026-10-10T06:13:40Z,h2h,2026-10-10T06:13:39Z,Colorado State Rams,340,,20261010061359476901
NCAAF,americanfootball_ncaaf,f00195614a0c305207222ba2044a9c24,2026-10-16T00:00:00Z,Texas State Bobcats,Colorado State Rams,fanduel,FanDuel,2026-10-10T06:13:40Z,h2h,2026-10-10T06:13:39Z,Texas State Bobcats,-450,,20261010061359476901
NCAAF,americanfootball_ncaaf,f00195614a0c305207222ba2044a9c24,2026-10-16T00:00:00Z,Texas State Bobcats,Colorado State Rams,fanduel,FanDuel,2026-10-10T06:13:40Z,spreads,2026-10-10T06:13:39Z,Colorado State Rams,-114,11.5,20261010061359476901
NCAAF,americanfootball_ncaaf,f00195614a0c305207222ba2044a9c24,2026-10-16T00:00:00Z,Texas State Bobcats,Colorado State Rams,fanduel,FanDuel,2026-10-10T06:13:40Z,spreads,2026-10-10T06:13:39Z,Texas State Bobcats,-106,-11.5,20261010061359476901
NCAAF,americanfootball_ncaaf,f00195614a0c305207222ba2044a9c24,2026-10-16T00:00:00Z,Texas State Bobcats,Colorado State Rams,fanduel,FanDuel,2026-10-10T06:13:40Z,totals,2026-10-10T06:13:39Z,Over,-112,65.5,20261010061359476901
NCAAF,americanfootball_ncaaf,f00195614a0c305207222ba2044a9c24,2026-10-16T00:00:00Z,Texas State Bobcats,Colorado State Rams,fanduel,FanDuel,2026-10-10T06:13:40Z,totals,2026-10-10T06:13:39Z,Under,-108,65.5,20261010061359476901
NCAAF,americanfootball_ncaaf,f00195614a0c305207222ba2044a9c24,2026-10-16T00:00:00Z,Texas State Bobcats,Colorado State Rams,draftkings,DraftKings,2026-10-10T06:13:23Z,h2h,2026-10-10T06:13:23Z,Colorado State Rams,330,,20261010061359476901
NCAAF,americanfootball_ncaaf,f00195614a0c305207222ba2044a9c24,2026-10-16T00:00:00Z,Texas State Bobcats,Colorado State Rams,draftkings,DraftKings,2026-10-10T06:13:23Z,h2h,2026-10-10T06:13:23Z,Texas State Bobcats,-425,,20261010061359476901
NCAAF,americanfootball_ncaaf,f00195614a0c305207222ba2044a9c24,2026-10-16T00:00:00Z,Texas State Bobcats,Colorado State Rams,draftkings,DraftKings,2026-10-10T06:13:23Z,spreads,2026-10-10T06:13:23Z,Colorado State Rams,-115,12.5,20261010061359476901
NCAAF,americanfootball_ncaaf,f00195614a0c305207222ba2044a9c24,2026-10-16T00:00:00Z,Texas State Bobcats,Colorado State Rams,draftkings,DraftKings,2026-10-10T06:13:23Z,spreads,2026-10-10T06:13:23Z,Texas State Bobcats,-105,-12.5,20261010061359476901
NCAAF,americanfootball_ncaaf,f00195614a0c305207222ba2044a9c24,2026-10-16T00:00:00Z,Texas State Bobcats,Colorado State Rams,draftkings,DraftKings,2026-10-10T06:13:23Z,totals,2026-10-10T06:13:23Z,Over,-110,67.5,20261010061359476901
NCAAF,americanfootball_ncaaf,f00195614a0c305207222ba2044a9c24,2026-10-16T00:00:00Z,Texas State Bobcats,Colorado State Rams,draftkings,DraftKings,2026-10-10T06:13:23Z,totals,2026-10-10T06:13:23Z,Under,-110,67.5,20261010061359476901
NCAAF,americanfootball_ncaaf,490b66058b6c826a08589c471698ce50,2026-10-17T16:00:00Z,Texas Longhorns,Florida Gators,fanduel,FanDuel,2026-10-10T06:13:40Z,h2h,2026-10-10T06:13:39Z,Florida Gators,255,,20261010061359476901
NCAAF,americanfootball_ncaaf,490b66058b6c826a08589c471698ce50,2026-10-17T16:00:00Z,Texas Longhorns,Florida Gators,fanduel,FanDuel,2026-10-10T06:13:40Z,h2h,2026-10-10T06:13:39Z,Texas Longhorns,-320,,20261010061359476901
NCAAF,americanfootball_ncaaf,490b66058b6c826a08589c471698ce50,2026-10-17T16:00:00Z,Texas Longhorns,Florida Gators,fanduel,FanDuel,2026-10-10T06:13:40Z,spreads,2026-10-10T06:13:39Z,Florida Gators,-114,8.5,20261010061359476901
NCAAF,americanfootball_ncaaf,490b66058b6c826a08589c471698ce50,2026-10-17T16:00:00Z,Texas Longhorns,Florida Gators,fanduel,FanDuel,2026-10-10T06:13:40Z,spreads,2026-10-10T06:13:39Z,Texas Longhorns,-106,-8.5,20261010061359476901
NCAAF,americanfootball_ncaaf,490b66058b6c826a08589c471698ce50,2026-10-17T16:00:00Z,Texas Longhorns,Florida Gators,fanduel,FanDuel,2026-10-10T06:13:40Z,totals,2026-10-10T06:13:39Z,Over,-114,52.5,20261010061359476901
NCAAF,americanfootball_ncaaf,490b66058b6c826a08589c471698ce50,2026-10-17T16:00:00Z,Texas Longhorns,Florida Gators,fanduel,FanDuel,2026-10-10T06:13:40Z,totals,2026-10-10T06:13:39Z,Under,-106,52.5,20261010061359476901
NCAAF,americanfootball_ncaaf,490b66058b6c826a08589c471698ce50,2026-10-17T16:00:00Z,Texas Longhorns,Florida Gators,draftkings,DraftKings,2026-10-10T06:13:23Z,h2h,2026-10-10T06:13:23Z,Florida Gators,275,,20261010061359476901
NCAAF,americanfootball_ncaaf,490b66058b6c826a08589c471698ce50,2026-10-17T16:00:00Z,Texas Longhorns,Florida Gators,draftkings,DraftKings,2026-10-10T06:13:23Z,h2h,2026-10-10T06:13:23Z,Texas Longhorns,-345,,20261010061359476901
NCAAF,americanfootball_ncaaf,490b66058b6c826a08589c471698ce50,2026-10-17T16:00:00Z,Texas Longhorns,Florida Gators,draftkings,DraftKings,2026-10-10T06:13:23Z,spreads,2026-10-10T06:13:23Z,Florida Gators,-105,8.5,20261010061359476901
NCAAF,americanfootball_ncaaf,490b66058b6c826a08589c471698ce50,2026-10-17T16:00:00Z,Texas Longhorns,Florida Gators,draftkings,DraftKings,2026-10-10T06:13:23Z,spreads,2026-10-10T06:13:23Z,Texas Longhorns,-115,-8.5,20261010061359476901
NCAAF,americanfootball_ncaaf,490b66058b6c826a08589c471698ce50,2026-10-17T16:00:00Z,Texas Longhorns,Florida Gators,draftkings,DraftKings,2026-10-10T06:13:23Z,totals,2026-10-10T06:13:23Z,Over,-110,53.5,20261010061359476901
NCAAF,americanfootball_ncaaf,490b66058b6c826a08589c471698ce50,2026-10-17T16:00:00Z,Texas Longhorns,Florida Gators,draftkings,DraftKings,2026-10-10T06:13:23Z,totals,2026-10-10T06:13:23Z,Under,-110,53.5,20261010061359476901
NCAAF,americanfootball_ncaaf,490b66058b6c826a08589c471698ce50,2026-10-17T16:00:00Z,Texas Longhorns,Florida Gators,betrivers,BetRivers,2026-10-10T06:13:23Z,h2h,2026-10-10T06:13:23Z,Florida Gators,275,,20261010061359476901
NCAAF,americanfootball_ncaaf,490b66058b6c826a08589c471698ce50,2026-10-17T16:00:00Z,Texas Longhorns,Florida Gators,betrivers,BetRivers,2026-10-10T06:13:23Z,h2h,2026-10-10T06:13:23Z,Texas Longhorns,-375,,20261010061359476901
NCAAF,americanfootball_ncaaf,490b66058b6c826a08589c471698ce50,2026-10-17T16:00:00Z,Texas Longhorns,Florida Gators,betrivers,BetRivers,2026-10-10T06:13:23Z,spreads,2026-10-10T06:13:23Z,Florida Gators,-110,9.5,20261010061359476901
NCAAF,americanfootball_ncaaf,490b66058b6c826a08589c471698ce50,2026-10-17T16:00:00Z,Texas Longhorns,Florida Gators,betrivers,BetRivers,2026-10-10T06:13:23Z,spreads,2026-10-10T06:13:23Z,Texas Longhorns,-113,-9.5,20261010061359476901
NCAAF,americanfootball_ncaaf,490b66058b6c826a08589c471698ce50,2026-10-17T16:00:00Z,Texas Longhorns,Florida Gators,betrivers,BetRivers,2026-10-10T06:13:23Z,totals,2026-10-10T06:13:23Z,Over,-114,54.5,20261010061359476901
NCAAF,americanfootball_ncaaf,490b66058b6c826a08589c471698ce50,2026-10-17T16:00:00Z,Texas Longhorns,Florida Gators,betrivers,BetRivers,2026-10-10T06:13:23Z,totals,2026-10-10T06:13:23Z,Under,-109,54.5,20261010061359476901
NCAAF,americanfootball_ncaaf,685a8722f297502fa85e4cd8c7e54b1c,2026-10-17T16:00:00Z,Indiana Hoosiers,Ohio State Buckeyes,fanduel,FanDuel,2026-10-10T06:13:39Z,h2h,2026-10-10T06:13:39Z,Indiana Hoosiers,116,,20261010061359476901
NCAAF,americanfootball_ncaaf,685a8722f297502fa85e4cd8c7e54b1c,2026-10-17T16:00:00Z,Indiana Hoosiers,Ohio State Buckeyes,fanduel,FanDuel,2026-10-10T06:13:39Z,h2h,2026-10-10T06:13:39Z,Ohio State Buckeyes,-140,,20261010061359476901
NCAAF,americanfootball_ncaaf,685a8722f297502fa85e4cd8c7e54b1c,2026-10-17T16:00:00Z,Indiana Hoosiers,Ohio State Buckeyes,fanduel,FanDuel,2026-10-10T06:13:39Z,spreads,2026-10-10T06:13:39Z,Indiana Hoosiers,-134,3.5,20261010061359476901
NCAAF,americanfootball_ncaaf,685a8722f297502fa85e4cd8c7e54b1c,2026-10-17T16:00:00Z,Indiana Hoosiers,Ohio State Buckeyes,fanduel,FanDuel,2026-10-10T06:13:39Z,spreads,2026-10-10T06:13:39Z,Ohio State Buckeyes,112,-3.5,20261010061359476901
NCAAF,americanfootball_ncaaf,685a8722f297502fa85e4cd8c7e54b1c,2026-10-17T16:00:00Z,Indiana Hoosiers,Ohio State Buckeyes,fanduel,FanDuel,2026-10-10T06:13:39Z,totals,2026-10-10T06:13:39Z,Over,-110,49.5,20261010061359476901
NCAAF,americanfootball_ncaaf,685a8722f297502fa85e4cd8c7e54b1c,2026-10-17T16:00:00Z,Indiana Hoosiers,Ohio State Buckeyes,fanduel,FanDuel,2026-10-10T06:13:39Z,totals,2026-10-10T06:13:39Z,Under,-110,49.5,20261010061359476901
NCAAF,americanfootball_ncaaf,685a8722f297502fa85e4cd8c7e54b1c,2026-10-17T16:00:00Z,Indiana Hoosiers,Ohio State Buckeyes,draftkings,DraftKings,2026-10-10T06:13:23Z,h2h,2026-10-10T06:13:23Z,Indiana Hoosiers,120,,20261010061359476901
NCAAF,americanfootball_ncaaf,685a8722f297502fa85e4cd8c7e54b1c,2026-10-17T16:00:00Z,Indiana Hoosiers,Ohio State Buckeyes,draftkings,DraftKings,2026-10-10T06:13:23Z,h2h,2026-10-10T06:13:23Z,Ohio State Buckeyes,-142,,20261010061359476901
NCAAF,americanfootball_ncaaf,685a8722f297502fa85e4cd8c7e54b1c,2026-10-17T16:00:00Z,Indiana Hoosiers,Ohio State Buckeyes,draftkings,DraftKings,2026-10-10T06:13:23Z,spreads,2026-10-10T06:13:23Z,Indiana Hoosiers,-105,2.5,20261010061359476901
NCAAF,americanfootball_ncaaf,685a8722f297502fa85e4cd8c7e54b1c,2026-10-17T16:00:00Z,Indiana Hoosiers,Ohio State Buckeyes,draftkings,DraftKings,2026-10-10T06:13:23Z,spreads,2026-10-10T06:13:23Z,Ohio State Buckeyes,-115,-2.5,20261010061359476901
NCAAF,americanfootball_ncaaf,685a8722f297502fa85e4cd8c7e54b1c,2026-10-17T16:00:00Z,Indiana Hoosiers,Ohio State Buckeyes,draftkings,DraftKings,2026-10-10T06:13:23Z,totals,2026-10-10T06:13:23Z,Over,-110,48.5,20261010061359476901
NCAAF,americanfootball_ncaaf,685a8722f297502fa85e4cd8c7e54b1c,2026-10-17T16:00:00Z,Indiana Hoosiers,Ohio State Buckeyes,draftkings,DraftKings,2026-10-10T06:13:23Z,totals,2026-10-10T06:13:23Z,Under,-110,48.5,20261010061359476901
NCAAF,americanfootball_ncaaf,685a8722f297502fa85e4cd8c7e54b1c,2026-10-17T16:00:00Z,Indiana Hoosiers,Ohio State Buckeyes,betrivers,BetRivers,2026-10-10T06:13:23Z,h2h,2026-10-10T06:13:23Z,Indiana Hoosiers,120,,20261010061359476901
NCAAF,americanfootball_ncaaf,685a8722f297502fa85e4cd8c7e54b1c,2026-10-17T16:00:00Z,Indiana Hoosiers,Ohio State Buckeyes,betrivers,BetRivers,2026-10-10T06:13:23Z,h2h,2026-10-10T06:13:23Z,Ohio State Buckeyes,-150,,20261010061359476901
NCAAF,americanfootball_ncaaf,685a8722f297502fa85e4cd8c7e54b1c,2026-10-17T16:00:00Z,Indiana Hoosiers,Ohio State Buckeyes,betrivers,BetRivers,2026-10-10T06:13:23Z,spreads,2026-10-10T06:13:23Z,Indiana Hoosiers,-117,3.0,20261010061359476901
NCAAF,americanfootball_ncaaf,685a8722f297502fa85e4cd8c7e54b1c,2026-10-17T16:00:00Z,Indiana Hoosiers,Ohio State Buckeyes,betrivers,BetRivers,2026-10-10T06:13:23Z,spreads,2026-10-10T06:13:23Z,Ohio State Buckeyes,-107,-3.0,20261010061359476901
NCAAF,americanfootball_ncaaf,685a8722f297502fa85e4cd8c7e54b1c,2026-10-17T16:00:00Z,Indiana Hoosiers,Ohio State Buckeyes,betrivers,BetRivers,2026-10-10T06:13:23Z,totals,2026-10-10T06:13:23Z,Over,-115,48.5,20261010061359476901
NCAAF,americanfootball_ncaaf,685a8722f297502fa85e4cd8c7e54b1c,2026-10-17T16:00:00Z,Indiana Hoosiers,Ohio State Buckeyes,betrivers,BetRivers,2026-10-10T06:13:23Z,totals,2026-10-10T06:13:23Z,Under,-108,48.5,20261010061359476901
NCAAF,americanfootball_ncaaf,9e8578b415e664eea71185131401e537,2026-10-17T16:00:00Z,Kansas State Wildcats,Kansas Jayhawks,draftkings,DraftKings,2026-10-10T06:13:23Z,h2h,2026-10-10T06:13:23Z,Kansas Jayhawks,275,,20261010061359476901
NCAAF,americanfootball_ncaaf,9e8578b415e664eea71185131401e537,2026-10-17T16:00:00Z,Kansas State Wildcats,Kansas Jayhawks,draftkings,DraftKings,2026-10-10T06:13:23Z,h2h,2026-10-10T06:13:23Z,Kansas State Wildcats,-345,,20261010061359476901
NCAAF,americanfootball_ncaaf,9e8578b415e664eea71185131401e537,2026-10-17T16:00:00Z,Kansas State Wildcats,Kansas Jayhawks,draftkings,DraftKings,2026-10-10T06:13:23Z,spreads,2026-10-10T06:13:23Z,Kansas Jayhawks,-110,9.5,20261010061359476901
NCAAF,americanfootball_ncaaf,9e8578b415e664eea71185131401e537,2026-10-17T16:00:00Z,Kansas State Wildcats,Kansas Jayhawks,draftkings,DraftKings,2026-10-10T06:13:23Z,spreads,2026-10-10T06:13:23Z,Kansas State Wildcats,-110,-9.5,20261010061359476901
NCAAF,americanfootball_ncaaf,9e8578b415e664eea71185131401e537,2026-10-17T16:00:00Z,Kansas State Wildcats,Kansas Jayhawks,draftkings,DraftKings,2026-10-10T06:13:23Z,totals,2026-10-10T06:13:23Z,Over,-110,55.5,20261010061359476901
NCAAF,americanfootball_ncaaf,9e8578b415e664eea71185131401e537,2026-10-17T16:00:00Z,Kansas State Wildcats,Kansas Jayhawks,draftkings,DraftKings,2026-10-10T06:13:23Z,totals,2026-10-10T06:13:23Z,Under,-110,55.5,20261010061359476901
NCAAF,americanfootball_ncaaf,9e8578b415e664eea71185131401e537,2026-10-17T16:00:00Z,Kansas State Wildcats,Kansas Jayhawks,betrivers,BetRivers,2026-10-10T06:13:23Z,h2h,2026-10-10T06:13:23Z,Kansas Jayhawks,250,,20261010061359476901
NCAAF,americanfootball_ncaaf,9e8578b415e664eea71185131401e537,2026-10-17T16:00:00Z,Kansas State Wildcats,Kansas Jayhawks,betrivers,BetRivers,2026-10-10T06:13:23Z,h2h,2026-10-10T06:13:23Z,Kansas State Wildcats,-335,,20261010061359476901
NCAAF,americanfootball_ncaaf,9e8578b415e664eea71185131401e537,2026-10-17T16:00:00Z,Kansas State Wildcats,Kansas Jayhawks,betrivers,BetRivers,2026-10-10T06:13:23Z,spreads,2026-10-10T06:13:23Z,Kansas Jayhawks,-112,8.0,20261010061359476901
NCAAF,americanfootball_ncaaf,9e8578b415e664eea71185131401e537,2026-10-17T16:00:00Z,Kansas State Wildcats,Kansas Jayhawks,betrivers,BetRivers,2026-10-10T06:13:23Z,spreads,2026-10-10T06:13:23Z,Kansas State Wildcats,-112,-8.0,20261010061359476901
NCAAF,americanfootball_ncaaf,9e8578b415e664eea71185131401e537,2026-10-17T16:00:00Z,Kansas State Wildcats,Kansas Jayhawks,betrivers,BetRivers,2026-10-10T06:13:23Z,totals,2026-10-10T06:13:23Z,Over,-115,55.5,20261010061359476901
NCAAF,americanfootball_ncaaf,9e8578b415e664eea71185131401e537,2026-10-17T16:00:00Z,Kansas State Wildcats,Kansas Jayhawks,betrivers,BetRivers,2026-10-10T06:13:23Z,totals,2026-10-10T06:13:23Z,Under,-108,55.5,20261010061359476901
NCAAF,americanfootball_ncaaf,04c740fce71d3f3b8a4bdc4ea69f1281,2026-10-17T16:00:00Z,LSU Tigers,Mississippi State Bulldogs,fanduel,FanDuel,2026-10-10T06:13:40Z,h2h,2026-10-10T06:13:39Z,LSU Tigers,-480,,20261010061359476901
NCAAF,americanfootball_ncaaf,04c740fce71d3f3b8a4bdc4ea69f1281,2026-10-17T16:00:00Z,LSU Tigers,Mississippi State Bulldogs,fanduel,FanDuel,2026-10-10T06:13:40Z,h2h,2026-10-10T06:13:39Z,Mississippi State Bulldogs,365,,20261010061359476901
NCAAF,americanfootball_ncaaf,04c740fce71d3f3b8a4bdc4ea69f1281,2026-10-17T16:00:00Z,LSU Tigers,Mississippi State Bulldogs,fanduel,FanDuel,2026-10-10T06:13:40Z,spreads,2026-10-10T06:13:39Z,LSU Tigers,-115,-11.5,20261010061359476901
NCAAF,americanfootball_ncaaf,04c740fce71d3f3b8a4bdc4ea69f1281,2026-10-17T16:00:00Z,LSU Tigers,Mississippi State Bulldogs,fanduel,FanDuel,2026-10-10T06:13:40Z,spreads,2026-10-10T06:13:39Z,Mississippi State Bulldogs,-105,11.5,20261010061359476901
NCAAF,americanfootball_ncaaf,04c740fce71d3f3b8a4bdc4ea69f1281,2026-10-17T16:00:00Z,LSU Tigers,Mississippi State Bulldogs,fanduel,FanDuel,2026-10-10T06:13:40Z,totals,2026-10-10T06:13:39Z,Over,-115,59.5,20261010061359476901
NCAAF,americanfootball_ncaaf,04c740fce71d3f3b8a4bdc4ea69f1281,2026-10-17T16:00:00Z,LSU Tigers,Mississippi State Bulldogs,fanduel,FanDuel,2026-10-10T06:13:40Z,totals,2026-10-10T06:13:39Z,Under,-105,59.5,20261010061359476901
NCAAF,americanfootball_ncaaf,04c740fce71d3f3b8a4bdc4ea69f1281,2026-10-17T16:00:00Z,LSU Tigers,Mississippi State Bulldogs,draftkings,DraftKings,2026-10-10T06:13:23Z,h2h,2026-10-10T06:13:23Z,LSU Tigers,-455,,20261010061359476901
NCAAF,americanfootball_ncaaf,04c740fce71d3f3b8a4bdc4ea69f1281,2026-10-17T16:00:00Z,LSU Tigers,Mississippi State Bulldogs,draftkings,DraftKings,2026-10-10T06:13:23Z,h2h,2026-10-10T06:13:23Z,Mississippi State Bulldogs,350,,20261010061359476901
NCAAF,americanfootball_ncaaf,04c740fce71d3f3b8a4bdc4ea69f1281,2026-10-17T16:00:00Z,LSU Tigers,Mississippi State Bulldogs,draftkings,DraftKings,2026-10-10T06:13:23Z,spreads,2026-10-10T06:13:23Z,LSU Tigers,-105,-12.5,20261010061359476901
NCAAF,americanfootball_ncaaf,04c740fce71d3f3b8a4bdc4ea69f1281,2026-10-17T16:00:00Z,LSU Tigers,Mississippi State Bulldogs,draftkings,DraftKings,2026-10-10T06:13:23Z,spreads,2026-10-10T06:13:23Z,Mississippi State Bulldogs,-115,12.5,20261010061359476901
NCAAF,americanfootball_ncaaf,04c740fce71d3f3b8a4bdc4ea69f1281,2026-10-17T16:00:00Z,LSU Tigers,Mississippi State Bulldogs,draftkings,DraftKings,2026-10-10T06:13:23Z,totals,2026-10-10T06:13:23Z,Over,-110,59.5,20261010061359476901
NCAAF,americanfootball_ncaaf,04c740fce71d3f3b8a4bdc4ea69f1281,2026-10-17T16:00:00Z,LSU Tigers,Mississippi State Bulldogs,draftkings,DraftKings,2026-10-10T06:13:23Z,totals,2026-10-10T06:13:23Z,Under,-110,59.5,20261010061359476901
NCAAF,americanfootball_ncaaf,04c740fce71d3f3b8a4bdc4ea69f1281,2026-10-17T16:00:00Z,LSU Tigers,Mississippi State Bulldogs,betrivers,BetRivers,2026-10-10T06:13:23Z,h2h,2026-10-10T06:13:23Z,LSU Tigers,-530,,20261010061359476901
NCAAF,americanfootball_ncaaf,04c740fce71d3f3b8a4bdc4ea69f1281,2026-10-17T16:00:00Z,LSU Tigers,Mississippi State Bulldogs,betrivers,BetRivers,2026-10-10T06:13:23Z,h2h,2026-10-10T06:13:23Z,Mississippi State Bulldogs,360,,20261010061359476901
NCAAF,americanfootball_ncaaf,04c740fce71d3f3b8a4bdc4ea69f1281,2026-10-17T16:00:00Z,LSU Tigers,Mississippi State Bulldogs,betrivers,BetRivers,2026-10-10T06:13:23Z,spreads,2026-10-10T06:13:23Z,LSU Tigers,-110,-12.0,20261010061359476901
NCAAF,americanfootball_ncaaf,04c740fce71d3f3b8a4bdc4ea69f1281,2026-10-17T16:00:00Z,LSU Tigers,Mississippi State Bulldogs,betrivers,BetRivers,2026-10-10T06:13:23Z,spreads,2026-10-10T06:13:23Z,Mississippi State Bulldogs,-113,12.0,20261010061359476901
NCAAF,americanfootball_ncaaf,04c740fce71d3f3b8a4bdc4ea69f1281,2026-10-17T16:00:00Z,LSU Tigers,Mississippi State Bulldogs,betrivers,BetRivers,2026-10-10T06:13:23Z,totals,2026-10-10T06:13:23Z,Over,-113,59.5,20261010061359476901
NCAAF,americanfootball_ncaaf,04c740fce71d3f3b8a4bdc4ea69f1281,2026-10-17T16:00:00Z,LSU Tigers,Mississippi State Bulldogs,betrivers,BetRivers,2026-10-10T06:13:23Z,totals,2026-10-10T06:13:23Z,Under,-110,59.5,20261010061359476901
NCAAF,americanfootball_ncaaf,f8b421c996286807b6e7b8e4d5631f80,2026-10-17T16:00:00Z,Michigan Wolverines,Penn State Nittany Lions,draftkings,DraftKings,2026-10-10T06:13:23Z,h2h,2026-10-10T06:13:23Z,Michigan Wolverines,-218,,20261010061359476901
NCAAF,americanfootball_ncaaf,f8b421c996286807b6e7b8e4d5631f80,2026-10-17T16:00:00Z,Michigan Wolverines,Penn State Nittany Lions,draftkings,DraftKings,2026-10-10T06:13:23Z,h2h,2026-10-10T06:13:23Z,Penn State Nittany Lions,180,,20261010061359476901
NCAAF,americanfootball_ncaaf,f8b421c996286807b6e7b8e4d5631f80,2026-10-17T16:00:00Z,Michigan Wolverines,Penn State Nittany Lions,draftkings,DraftKings,2026-10-10T06:13:23Z,spreads,2026-10-10T06:13:23Z,Michigan Wolverines,-110,-5.5,20261010061359476901
NCAAF,americanfootball_ncaaf,f8b421c996286807b6e7b8e4d5631f80,2026-10-17T16:00:00Z,Michigan Wolverines,Penn State Nittany Lions,draftkings,DraftKings,2026-10-10T06:13:23Z,spreads,2026-10-10T06:13:23Z,Penn State Nittany Lions,-110,5.5,20261010061359476901
NCAAF,americanfootball_ncaaf,f8b421c996286807b6e7b8e4d5631f80,2026-10-17T16:00:00Z,Michigan Wolverines,Penn State Nittany Lions,draftkings,DraftKings,2026-10-10T06:13:23Z,totals,2026-10-10T06:13:23Z,Over,-110,43.5,20261010061359476901
NCAAF,americanfootball_ncaaf,f8b421c996286807b6e7b8e4d5631f80,2026-10-17T16:00:00Z,Michigan Wolverines,Penn State Nittany Lions,draftkings,DraftKings,2026-10-10T06:13:23Z,totals,2026-10-10T06:13:23Z,Under,-110,43.5,20261010061359476901
NCAAF,americanfootball_ncaaf,f8b421c996286807b6e7b8e4d5631f80,2026-10-17T16:00:00Z,Michigan Wolverines,Penn State Nittany Lions,betrivers,BetRivers,2026-10-10T06:13:23Z,h2h,2026-10-10T06:13:23Z,Michigan Wolverines,-220,,20261010061359476901
NCAAF,americanfootball_ncaaf,f8b421c996286807b6e7b8e4d5631f80,2026-10-17T16:00:00Z,Michigan Wolverines,Penn State Nittany Lions,betrivers,BetRivers,2026-10-10T06:13:23Z,h2h,2026-10-10T06:13:23Z,Penn State Nittany Lions,170,,20261010061359476901
NCAAF,americanfootball_ncaaf,f8b421c996286807b6e7b8e4d5631f80,2026-10-17T16:00:00Z,Michigan Wolverines,Penn State Nittany Lions,betrivers,BetRivers,2026-10-10T06:13:23Z,spreads,2026-10-10T06:13:23Z,Michigan Wolverines,-112,-5.5,20261010061359476901
NCAAF,americanfootball_ncaaf,f8b421c996286807b6e7b8e4d5631f80,2026-10-17T16:00:00Z,Michigan Wolverines,Penn State Nittany Lions,betrivers,BetRivers,2026-10-10T06:13:23Z,spreads,2026-10-10T06:13:23Z,Penn State Nittany Lions,-112,5.5,20261010061359476901
NCAAF,americanfootball_ncaaf,f8b421c996286807b6e7b8e4d5631f80,2026-10-17T16:00:00Z,Michigan Wolverines,Penn State Nittany Lions,betrivers,BetRivers,2026-10-10T06:13:23Z,totals,2026-10-10T06:13:23Z,Over,-110,43.5,20261010061359476901
NCAAF,americanfootball_ncaaf,f8b421c996286807b6e7b8e4d5631f80,2026-10-17T16:00:00Z,Michigan Wolverines,Penn State Nittany Lions,betrivers,BetRivers,2026-10-10T06:13:23Z,totals,2026-10-10T06:13:23Z,Under,-112,43.5,20261010061359476901
NCAAF,americanfootball_ncaaf,5d147fefd2182aa2f5573ac03700a775,2026-10-17T16:00:00Z,Oregon Ducks,Nebraska Cornhuskers,draftkings,DraftKings,2026-10-10T06:13:23Z,h2h,2026-10-10T06:13:23Z,Nebraska Cornhuskers,390,,20261010061359476901
NCAAF,americanfootball_ncaaf,5d147fefd2182aa2f5573ac03700a775,2026-10-17T16:00:00Z,Oregon Ducks,Nebraska Cornhuskers,draftkings,DraftKings,2026-10-10T06:13:23Z,h2h,2026-10-10T06:13:23Z,Oregon Ducks,-520,,20261010061359476901
NCAAF,americanfootball_ncaaf,5d147fefd2182aa2f5573ac03700a775,2026-10-17T16:00:00Z,Oregon Ducks,Nebraska Cornhuskers,draftkings,DraftKings,2026-10-10T06:13:23Z,spreads,2026-10-10T06:13:23Z,Nebraska Cornhuskers,-110,12.5,20261010061359476901
NCAAF,americanfootball_ncaaf,5d147fefd2182aa2f5573ac03700a775,2026-10-17T16:00:00Z,Oregon Ducks,Nebraska Cornhuskers,draftkings,DraftKings,2026-10-10T06:13:23Z,spreads,2026-10-10T06:13:23Z,Oregon Ducks,-110,-12.5,20261010061359476901
NCAAF,americanfootball_ncaaf,5d147fefd2182aa2f5573ac03700a775,2026-10-17T16:00:00Z,Oregon Ducks,Nebraska Cornhuskers,draftkings,DraftKings,2026-10-10T06:13:23Z,totals,2026-10-10T06:13:23Z,Over,-110,58.5,20261010061359476901
NCAAF,americanfootball_ncaaf,5d147fefd2182aa2f5573ac03700a775,2026-10-17T16:00:00Z,Oregon Ducks,Nebraska Cornhuskers,draftkings,DraftKings,2026-10-10T06:13:23Z,totals,2026-10-10T06:13:23Z,Under,-110,58.5,20261010061359476901
NCAAF,americanfootball_ncaaf,5d147fefd2182aa2f5573ac03700a775,2026-10-17T16:00:00Z,Oregon Ducks,Nebraska Cornhuskers,betrivers,BetRivers,2026-10-10T06:13:23Z,h2h,2026-10-10T06:13:23Z,Nebraska Cornhuskers,400,,20261010061359476901
NCAAF,americanfootball_ncaaf,5d147fefd2182aa2f5573ac03700a775,2026-10-17T16:00:00Z,Oregon Ducks,Nebraska Cornhuskers,betrivers,BetRivers,2026-10-10T06:13:23Z,h2h,2026-10-10T06:13:23Z,Oregon Ducks,-590,,20261010061359476901
NCAAF,americanfootball_ncaaf,5d147fefd2182aa2f5573ac03700a775,2026-10-17T16:00:00Z,Oregon Ducks,Nebraska Cornhuskers,betrivers,BetRivers,2026-10-10T06:13:23Z,spreads,2026-10-10T06:13:23Z,Nebraska Cornhuskers,-110,12.5,20261010061359476901
NCAAF,americanfootball_ncaaf,5d147fefd2182aa2f5573ac03700a775,2026-10-17T16:00:00Z,Oregon Ducks,Nebraska Cornhuskers,betrivers,BetRivers,2026-10-10T06:13:23Z,spreads,2026-10-10T06:13:23Z,Oregon Ducks,-113,-12.5,20261010061359476901
NCAAF,americanfootball_ncaaf,5d147fefd2182aa2f5573ac03700a775,2026-10-17T16:00:00Z,Oregon Ducks,Nebraska Cornhuskers,betrivers,BetRivers,2026-10-10T06:13:23Z,totals,2026-10-10T06:13:23Z,Over,-108,58.5,20261010061359476901
NCAAF,americanfootball_ncaaf,5d147fefd2182aa2f5573ac03700a775,2026-10-17T16:00:00Z,Oregon Ducks,Nebraska Cornhuskers,betrivers,BetRivers,2026-10-10T06:13:23Z,totals,2026-10-10T06:13:23Z,Under,-115,58.5,20261010061359476901
NCAAF,americanfootball_ncaaf,05280844ab84b8ce5e50305f7cd195d9,2026-10-17T16:00:00Z,UCLA Bruins,Wisconsin Badgers,draftkings,DraftKings,2026-10-10T06:13:23Z,h2h,2026-10-10T06:13:23Z,UCLA Bruins,-162,,20261010061359476901
NCAAF,americanfootball_ncaaf,05280844ab84b8ce5e50305f7cd195d9,2026-10-17T16:00:00Z,UCLA Bruins,Wisconsin Badgers,draftkings,DraftKings,2026-10-10T06:13:23Z,h2h,2026-10-10T06:13:23Z,Wisconsin Badgers,136,,20261010061359476901
NCAAF,americanfootball_ncaaf,05280844ab84b8ce5e50305f7cd195d9,2026-10-17T16:00:00Z,UCLA Bruins,Wisconsin Badgers,draftkings,DraftKings,2026-10-10T06:13:23Z,spreads,2026-10-10T06:13:23Z,UCLA Bruins,-110,-3.5,20261010061359476901
NCAAF,americanfootball_ncaaf,05280844ab84b8ce5e50305f7cd195d9,2026-10-17T16:00:00Z,UCLA Bruins,Wisconsin Badgers,draftkings,DraftKings,2026-10-10T06:13:23Z,spreads,2026-10-10T06:13:23Z,Wisconsin Badgers,-110,3.5,20261010061359476901
NCAAF,americanfootball_ncaaf,05280844ab84b8ce5e50305f7cd195d9,2026-10-17T16:00:00Z,UCLA Bruins,Wisconsin Badgers,draftkings,DraftKings,2026-10-10T06:13:23Z,totals,2026-10-10T06:13:23Z,Over,-110,49.5,20261010061359476901
NCAAF,americanfootball_ncaaf,05280844ab84b8ce5e50305f7cd195d9,2026-10-17T16:00:00Z,UCLA Bruins,Wisconsin Badgers,draftkings,DraftKings,2026-10-10T06:13:23Z,totals,2026-10-10T06:13:23Z,Under,-110,49.5,20261010061359476901
NCAAF,americanfootball_ncaaf,05280844ab84b8ce5e50305f7cd195d9,2026-10-17T16:00:00Z,UCLA Bruins,Wisconsin Badgers,betrivers,BetRivers,2026-10-10T06:13:23Z,h2h,2026-10-10T06:13:23Z,UCLA Bruins,-167,,20261010061359476901
NCAAF,americanfootball_ncaaf,05280844ab84b8ce5e50305f7cd195d9,2026-10-17T16:00:00Z,UCLA Bruins,Wisconsin Badgers,betrivers,BetRivers,2026-10-10T06:13:23Z,h2h,2026-10-10T06:13:23Z,Wisconsin Badgers,133,,20261010061359476901
NCAAF,americanfootball_ncaaf,05280844ab84b8ce5e50305f7cd195d9,2026-10-17T16:00:00Z,UCLA Bruins,Wisconsin Badgers,betrivers,BetRivers,2026-10-10T06:13:23Z,spreads,2026-10-10T06:13:23Z,UCLA Bruins,-107,-3.5,20261010061359476901
NCAAF,americanfootball_ncaaf,05280844ab84b8ce5e50305f7cd195d9,2026-10-17T16:00:00Z,UCLA Bruins,Wisconsin Badgers,betrivers,BetRivers,2026-10-10T06:13:23Z,spreads,2026-10-10T06:13:23Z,Wisconsin Badgers,-117,3.5,20261010061359476901
NCAAF,americanfootball_ncaaf,05280844ab84b8ce5e50305f7cd195d9,2026-10-17T16:00:00Z,UCLA Bruins,Wisconsin Badgers,betrivers,BetRivers,2026-10-10T06:13:23Z,totals,2026-10-10T06:13:23Z,Over,-114,49.5,20261010061359476901
NCAAF,americanfootball_ncaaf,05280844ab84b8ce5e50305f7cd195d9,2026-10-17T16:00:00Z,UCLA Bruins,Wisconsin Badgers,betrivers,BetRivers,2026-10-10T06:13:23Z,totals,2026-10-10T06:13:23Z,Under,-109,49.5,20261010061359476901
NCAAF,americanfootball_ncaaf,9ed02ffe3e126a8ec8846278bf18d393,2026-10-17T19:30:00Z,Tennessee Volunteers,Alabama Crimson Tide,draftkings,DraftKings,2026-10-10T06:13:23Z,h2h,2026-10-10T06:13:23Z,Alabama Crimson Tide,-192,,20261010061359476901
NCAAF,americanfootball_ncaaf,9ed02ffe3e126a8ec8846278bf18d393,2026-10-17T19:30:00Z,Tennessee Volunteers,Alabama Crimson Tide,draftkings,DraftKings,2026-10-10T06:13:23Z,h2h,2026-10-10T06:13:23Z,Tennessee Volunteers,160,,20261010061359476901
NCAAF,americanfootball_ncaaf,9ed02ffe3e126a8ec8846278bf18d393,2026-10-17T19:30:00Z,Tennessee Volunteers,Alabama Crimson Tide,draftkings,DraftKings,2026-10-10T06:13:23Z,spreads,2026-10-10T06:13:23Z,Alabama Crimson Tide,-115,-4.5,20261010061359476901
NCAAF,americanfootball_ncaaf,9ed02ffe3e126a8ec8846278bf18d393,2026-10-17T19:30:00Z,Tennessee Volunteers,Alabama Crimson Tide,draftkings,DraftKings,2026-10-10T06:13:23Z,spreads,2026-10-10T06:13:23Z,Tennessee Volunteers,-105,4.5,20261010061359476901
NCAAF,americanfootball_ncaaf,9ed02ffe3e126a8ec8846278bf18d393,2026-10-17T19:30:00Z,Tennessee Volunteers,Alabama Crimson Tide,draftkings,DraftKings,2026-10-10T06:13:23Z,totals,2026-10-10T06:13:23Z,Over,-110,56.5,20261010061359476901
NCAAF,americanfootball_ncaaf,9ed02ffe3e126a8ec8846278bf18d393,2026-10-17T19:30:00Z,Tennessee Volunteers,Alabama Crimson Tide,draftkings,DraftKings,2026-10-10T06:13:23Z,totals,2026-10-10T06:13:23Z,Under,-110,56.5,20261010061359476901
NCAAF,americanfootball_ncaaf,9ed02ffe3e126a8ec8846278bf18d393,2026-10-17T19:30:00Z,Tennessee Volunteers,Alabama Crimson Tide,fanduel,FanDuel,2026-10-10T06:13:40Z,h2h,2026-10-10T06:13:39Z,Alabama Crimson Tide,-225,,20261010061359476901
NCAAF,americanfootball_ncaaf,9ed02ffe3e126a8ec8846278bf18d393,2026-10-17T19:30:00Z,Tennessee Volunteers,Alabama Crimson Tide,fanduel,FanDuel,2026-10-10T06:13:40Z,h2h,2026-10-10T06:13:39Z,Tennessee Volunteers,184,,20261010061359476901
NCAAF,americanfootball_ncaaf,9ed02ffe3e126a8ec8846278bf18d393,2026-10-17T19:30:00Z,Tennessee Volunteers,Alabama Crimson Tide,fanduel,FanDuel,2026-10-10T06:13:40Z,spreads,2026-10-10T06:13:39Z,Alabama Crimson Tide,-115,-5.5,20261010061359476901
NCAAF,americanfootball_ncaaf,9ed02ffe3e126a8ec8846278bf18d393,2026-10-17T19:30:00Z,Tennessee Volunteers,Alabama Crimson Tide,fanduel,FanDuel,2026-10-10T06:13:40Z,spreads,2026-10-10T06:13:39Z,Tennessee Volunteers,-105,5.5,20261010061359476901
NCAAF,americanfootball_ncaaf,9ed02ffe3e126a8ec8846278bf18d393,2026-10-17T19:30:00Z,Tennessee Volunteers,Alabama Crimson Tide,fanduel,FanDuel,2026-10-10T06:13:40Z,totals,2026-10-10T06:13:39Z,Over,-110,56.5,20261010061359476901
NCAAF,americanfootball_ncaaf,9ed02ffe3e126a8ec8846278bf18d393,2026-10-17T19:30:00Z,Tennessee Volunteers,Alabama Crimson Tide,fanduel,FanDuel,2026-10-10T06:13:40Z,totals,2026-10-10T06:13:39Z,Under,-110,56.5,20261010061359476901
NCAAF,americanfootball_ncaaf,9ed02ffe3e126a8ec8846278bf18d393,2026-10-17T19:30:00Z,Tennessee Volunteers,Alabama Crimson Tide,betrivers,BetRivers,2026-10-10T06:13:23Z,h2h,2026-10-10T06:13:23Z,Alabama Crimson Tide,-215,,20261010061359476901
NCAAF,americanfootball_ncaaf,9ed02ffe3e126a8ec8846278bf18d393,2026-10-17T19:30:00Z,Tennessee Volunteers,Alabama Crimson Tide,betrivers,BetRivers,2026-10-10T06:13:23Z,h2h,2026-10-10T06:13:23Z,Tennessee Volunteers,165,,20261010061359476901
NCAAF,americanfootball_ncaaf,9ed02ffe3e126a8ec8846278bf18d393,2026-10-17T19:30:00Z,Tennessee Volunteers,Alabama Crimson Tide,betrivers,BetRivers,2026-10-10T06:13:23Z,spreads,2026-10-10T06:13:23Z,Alabama Crimson Tide,-109,-5.5,20261010061359476901
NCAAF,americanfootball_ncaaf,9ed02ffe3e126a8ec8846278bf18d393,2026-10-17T19:30:00Z,Tennessee Volunteers,Alabama Crimson Tide,betrivers,BetRivers,2026-10-10T06:13:23Z,spreads,2026-10-10T06:13:23Z,Tennessee Volunteers,-113,5.5,20261010061359476901
NCAAF,americanfootball_ncaaf,9ed02ffe3e126a8ec8846278bf18d393,2026-10-17T19:30:00Z,Tennessee Volunteers,Alabama Crimson Tide,betrivers,BetRivers,2026-10-10T06:13:23Z,totals,2026-10-10T06:13:23Z,Over,-114,56.5,20261010061359476901
NCAAF,americanfootball_ncaaf,9ed02ffe3e126a8ec8846278bf18d393,2026-10-17T19:30:00Z,Tennessee Volunteers,Alabama Crimson Tide,betrivers,BetRivers,2026-10-10T06:13:23Z,totals,2026-10-10T06:13:23Z,Under,-109,56.5,20261010061359476901
NCAAF,americanfootball_ncaaf,2851c11a3831feac527b6df0b34b2a2a,2026-10-17T19:30:00Z,Georgia Bulldogs,Auburn Tigers,draftkings,DraftKings,2026-10-10T06:13:23Z,h2h,2026-10-10T06:13:23Z,Auburn Tigers,850,,20261010061359476901
NCAAF,americanfootball_ncaaf,2851c11a3831feac527b6df0b34b2a2a,2026-10-17T19:30:00Z,Georgia Bulldogs,Auburn Tigers,draftkings,DraftKings,2026-10-10T06:13:23Z,h2h,2026-10-10T06:13:23Z,Georgia Bulldogs,-1450,,20261010061359476901
NCAAF,americanfootball_ncaaf,2851c11a3831feac527b6df0b34b2a2a,2026-10-17T19:30:00Z,Georgia Bulldogs,Auburn Tigers,draftkings,DraftKings,2026-10-10T06:13:23Z,spreads,2026-10-10T06:13:23Z,Auburn Tigers,-110,18.5,20261010061359476901
NCAAF,americanfootball_ncaaf,2851c11a3831feac527b6df0b34b2a2a,2026-10-17T19:30:00Z,Georgia Bulldogs,Auburn Tigers,draftkings,DraftKings,2026-10-10T06:13:23Z,spreads,2026-10-10T06:13:23Z,Georgia Bulldogs,-110,-18.5,20261010061359476901
NCAAF,americanfootball_ncaaf,2851c11a3831feac527b6df0b34b2a2a,2026-10-17T19:30:00Z,Georgia Bulldogs,Auburn Tigers,draftkings,DraftKings,2026-10-10T06:13:23Z,totals,2026-10-10T06:13:23Z,Over,-110,49.5,20261010061359476901
NCAAF,americanfootball_ncaaf,2851c11a3831feac527b6df0b34b2a2a,2026-10-17T19:30:00Z,Georgia Bulldogs,Auburn Tigers,draftkings,DraftKings,2026-10-10T06:13:23Z,totals,2026-10-10T06:13:23Z,Under,-110,49.5,20261010061359476901
NCAAF,americanfootball_ncaaf,2851c11a3831feac527b6df0b34b2a2a,2026-10-17T19:30:00Z,Georgia Bulldogs,Auburn Tigers,fanduel,FanDuel,2026-10-10T06:13:40Z,h2h,2026-10-10T06:13:39Z,Auburn Tigers,760,,20261010061359476901
NCAAF,americanfootball_ncaaf,2851c11a3831feac527b6df0b34b2a2a,2026-10-17T19:30:00Z,Georgia Bulldogs,Auburn Tigers,fanduel,FanDuel,2026-10-10T06:13:40Z,h2h,2026-10-10T06:13:39Z,Georgia Bulldogs,-1300,,20261010061359476901
NCAAF,americanfootball_ncaaf,2851c11a3831feac527b6df0b34b2a2a,2026-10-17T19:30:00Z,Georgia Bulldogs,Auburn Tigers,fanduel,FanDuel,2026-10-10T06:13:40Z,spreads,2026-10-10T06:13:39Z,Auburn Tigers,-110,18.5,20261010061359476901
NCAAF,americanfootball_ncaaf,2851c11a3831feac527b6df0b34b2a2a,2026-10-17T19:30:00Z,Georgia Bulldogs,Auburn Tigers,fanduel,FanDuel,2026-10-10T06:13:40Z,spreads,2026-10-10T06:13:39Z,Georgia Bulldogs,-110,-18.5,20261010061359476901
NCAAF,americanfootball_ncaaf,2851c11a3831feac527b6df0b34b2a2a,2026-10-17T19:30:00Z,Georgia Bulldogs,Auburn Tigers,fanduel,FanDuel,2026-10-10T06:13:40Z,totals,2026-10-10T06:13:39Z,Over,-110,50.5,20261010061359476901
NCAAF,americanfootball_ncaaf,2851c11a3831feac527b6df0b34b2a2a,2026-10-17T19:30:00Z,Georgia Bulldogs,Auburn Tigers,fanduel,FanDuel,2026-10-10T06:13:40Z,totals,2026-10-10T06:13:39Z,Under,-110,50.5,20261010061359476901
NCAAF,americanfootball_ncaaf,2851c11a3831feac527b6df0b34b2a2a,2026-10-17T19:30:00Z,Georgia Bulldogs,Auburn Tigers,betrivers,BetRivers,2026-10-10T06:13:23Z,h2h,2026-10-10T06:13:23Z,Auburn Tigers,700,,20261010061359476901
NCAAF,americanfootball_ncaaf,2851c11a3831feac527b6df0b34b2a2a,2026-10-17T19:30:00Z,Georgia Bulldogs,Auburn Tigers,betrivers,BetRivers,2026-10-10T06:13:23Z,h2h,2026-10-10T06:13:23Z,Georgia Bulldogs,-1430,,20261010061359476901
NCAAF,americanfootball_ncaaf,2851c11a3831feac527b6df0b34b2a2a,2026-10-17T19:30:00Z,Georgia Bulldogs,Auburn Tigers,betrivers,BetRivers,2026-10-10T06:13:23Z,spreads,2026-10-10T06:13:23Z,Auburn Tigers,-112,18.5,20261010061359476901
NCAAF,americanfootball_ncaaf,2851c11a3831feac527b6df0b34b2a2a,2026-10-17T19:30:00Z,Georgia Bulldogs,Auburn Tigers,betrivers,BetRivers,2026-10-10T06:13:23Z,spreads,2026-10-10T06:13:23Z,Georgia Bulldogs,-112,-18.5,20261010061359476901
NCAAF,americanfootball_ncaaf,2851c11a3831feac527b6df0b34b2a2a,2026-10-17T19:30:00Z,Georgia Bulldogs,Auburn Tigers,betrivers,BetRivers,2026-10-10T06:13:23Z,totals,2026-10-10T06:13:23Z,Over,-114,50.5,20261010061359476901
NCAAF,americanfootball_ncaaf,2851c11a3831feac527b6df0b34b2a2a,2026-10-17T19:30:00Z,Georgia Bulldogs,Auburn Tigers,betrivers,BetRivers,2026-10-10T06:13:23Z,totals,2026-10-10T06:13:23Z,Under,-109,50.5,20261010061359476901
NCAAF,americanfootball_ncaaf,9e7a1e65bd6ffb3ff108db2a5e125170,2026-10-17T19:30:00Z,Duke Blue Devils,North Carolina Tar Heels,draftkings,DraftKings,2026-10-10T06:13:23Z,h2h,2026-10-10T06:13:23Z,Duke Blue Devils,-185,,20261010061359476901
NCAAF,americanfootball_ncaaf,9e7a1e65bd6ffb3ff108db2a5e125170,2026-10-17T19:30:00Z,Duke Blue Devils,North Carolina Tar Heels,draftkings,DraftKings,2026-10-10T06:13:23Z,h2h,2026-10-10T06:13:23Z,North Carolina Tar Heels,154,,20261010061359476901
NCAAF,americanfootball_ncaaf,9e7a1e65bd6ffb3ff108db2a5e125170,2026-10-17T19:30:00Z,Duke Blue Devils,North Carolina Tar Heels,draftkings,DraftKings,2026-10-10T06:13:23Z,spreads,2026-10-10T06:13:23Z,Duke Blue Devils,-110,-4.5,20261010061359476901
NCAAF,americanfootball_ncaaf,9e7a1e65bd6ffb3ff108db2a5e125170,2026-10-17T19:30:00Z,Duke Blue Devils,North Carolina Tar Heels,draftkings,DraftKings,2026-10-10T06:13:23Z,spreads,2026-10-10T06:13:23Z,North Carolina Tar Heels,-110,4.5,20261010061359476901
NCAAF,americanfootball_ncaaf,9e7a1e65bd6ffb3ff108db2a5e125170,2026-10-17T19:30:00Z,Duke Blue Devils,North Carolina Tar Heels,draftkings,DraftKings,2026-10-10T06:13:23Z,totals,2026-10-10T06:13:23Z,Over,-110,46.5,20261010061359476901
NCAAF,americanfootball_ncaaf,9e7a1e65bd6ffb3ff108db2a5e125170,2026-10-17T19:30:00Z,Duke Blue Devils,North Carolina Tar Heels,draftkings,DraftKings,2026-10-10T06:13:23Z,totals,2026-10-10T06:13:23Z,Under,-110,46.5,20261010061359476901
NCAAF,americanfootball_ncaaf,9e7a1e65bd6ffb3ff108db2a5e125170,2026-10-17T19:30:00Z,Duke Blue Devils,North Carolina Tar Heels,betrivers,BetRivers,2026-10-10T06:13:23Z,h2h,2026-10-10T06:13:23Z,Duke Blue Devils,-200,,20261010061359476901
NCAAF,americanfootball_ncaaf,9e7a1e65bd6ffb3ff108db2a5e125170,2026-10-17T19:30:00Z,Duke Blue Devils,North Carolina Tar Heels,betrivers,BetRivers,2026-10-10T06:13:23Z,h2h,2026-10-10T06:13:23Z,North Carolina Tar Heels,160,,20261010061359476901
NCAAF,americanfootball_ncaaf,9e7a1e65bd6ffb3ff108db2a5e125170,2026-10-17T19:30:00Z,Duke Blue Devils,North Carolina Tar Heels,betrivers,BetRivers,2026-10-10T06:13:23Z,spreads,2026-10-10T06:13:23Z,Duke Blue Devils,-114,-4.5,20261010061359476901
NCAAF,americanfootball_ncaaf,9e7a1e65bd6ffb3ff108db2a5e125170,2026-10-17T19:30:00Z,Duke Blue Devils,North Carolina Tar Heels,betrivers,BetRivers,2026-10-10T06:13:23Z,spreads,2026-10-10T06:13:23Z,North Carolina Tar Heels,-109,4.5,20261010061359476901
NCAAF,americanfootball_ncaaf,9e7a1e65bd6ffb3ff108db2a5e125170,2026-10-17T19:30:00Z,Duke Blue Devils,North Carolina Tar Heels,betrivers,BetRivers,2026-10-10T06:13:23Z,totals,2026-10-10T06:13:23Z,Over,-114,46.5,20261010061359476901
NCAAF,americanfootball_ncaaf,9e7a1e65bd6ffb3ff108db2a5e125170,2026-10-17T19:30:00Z,Duke Blue Devils,North Carolina Tar Heels,betrivers,BetRivers,2026-10-10T06:13:23Z,totals,2026-10-10T06:13:23Z,Under,-109,46.5,20261010061359476901
NCAAF,americanfootball_ncaaf,5d09c85c1d67e8f9db8db560cb038027,2026-10-17T19:30:00Z,Ole Miss Rebels,Missouri Tigers,fanduel,FanDuel,2026-10-10T06:13:40Z,h2h,2026-10-10T06:13:39Z,Missouri Tigers,220,,20261010061359476901
NCAAF,americanfootball_ncaaf,5d09c85c1d67e8f9db8db560cb038027,2026-10-17T19:30:00Z,Ole Miss Rebels,Missouri Tigers,fanduel,FanDuel,2026-10-10T06:13:40Z,h2h,2026-10-10T06:13:39Z,Ole Miss Rebels,-275,,20261010061359476901
NCAAF,americanfootball_ncaaf,5d09c85c1d67e8f9db8db560cb038027,2026-10-17T19:30:00Z,Ole Miss Rebels,Missouri Tigers,fanduel,FanDuel,2026-10-10T06:13:40Z,spreads,2026-10-10T06:13:39Z,Missouri Tigers,110,6.5,20261010061359476901
NCAAF,americanfootball_ncaaf,5d09c85c1d67e8f9db8db560cb038027,2026-10-17T19:30:00Z,Ole Miss Rebels,Missouri Tigers,fanduel,FanDuel,2026-10-10T06:13:40Z,spreads,2026-10-10T06:13:39Z,Ole Miss Rebels,-134,-6.5,20261010061359476901
NCAAF,americanfootball_ncaaf,5d09c85c1d67e8f9db8db560cb038027,2026-10-17T19:30:00Z,Ole Miss Rebels,Missouri Tigers,fanduel,FanDuel,2026-10-10T06:13:40Z,totals,2026-10-10T06:13:39Z,Over,-115,58.5,20261010061359476901
NCAAF,americanfootball_ncaaf,5d09c85c1d67e8f9db8db560cb038027,2026-10-17T19:30:00Z,Ole Miss Rebels,Missouri Tigers,fanduel,FanDuel,2026-10-10T06:13:40Z,totals,2026-10-10T06:13:39Z,Under,-105,58.5,20261010061359476901
NCAAF,americanfootball_ncaaf,5d09c85c1d67e8f9db8db560cb038027,2026-10-17T19:30:00Z,Ole Miss Rebels,Missouri Tigers,draftkings,DraftKings,2026-10-10T06:13:23Z,h2h,2026-10-10T06:13:23Z,Missouri Tigers,190,,20261010061359476901
NCAAF,americanfootball_ncaaf,5d09c85c1d67e8f9db8db560cb038027,2026-10-17T19:30:00Z,Ole Miss Rebels,Missouri Tigers,draftkings,DraftKings,2026-10-10T06:13:23Z,h2h,2026-10-10T06:13:23Z,Ole Miss Rebels,-230,,20261010061359476901
NCAAF,americanfootball_ncaaf,5d09c85c1d67e8f9db8db560cb038027,2026-10-17T19:30:00Z,Ole Miss Rebels,Missouri Tigers,draftkings,DraftKings,2026-10-10T06:13:23Z,spreads,2026-10-10T06:13:23Z,Missouri Tigers,-110,6.5,20261010061359476901
NCAAF,americanfootball_ncaaf,5d09c85c1d67e8f9db8db560cb038027,2026-10-17T19:30:00Z,Ole Miss Rebels,Missouri Tigers,draftkings,DraftKings,2026-10-10T06:13:23Z,spreads,2026-10-10T06:13:23Z,Ole Miss Rebels,-110,-6.5,20261010061359476901
NCAAF,americanfootball_ncaaf,5d09c85c1d67e8f9db8db560cb038027,2026-10-17T19:30:00Z,Ole Miss Rebels,Missouri Tigers,draftkings,DraftKings,2026-10-10T06:13:23Z,totals,2026-10-10T06:13:23Z,Over,-110,57.5,20261010061359476901
NCAAF,americanfootball_ncaaf,5d09c85c1d67e8f9db8db560cb038027,2026-10-17T19:30:00Z,Ole Miss Rebels,Missouri Tigers,draftkings,DraftKings,2026-10-10T06:13:23Z,totals,2026-10-10T06:13:23Z,Under,-110,57.5,20261010061359476901
NCAAF,americanfootball_ncaaf,5d09c85c1d67e8f9db8db560cb038027,2026-10-17T19:30:00Z,Ole Miss Rebels,Missouri Tigers,betrivers,BetRivers,2026-10-10T06:13:23Z,h2h,2026-10-10T06:13:23Z,Missouri Tigers,195,,20261010061359476901
NCAAF,americanfootball_ncaaf,5d09c85c1d67e8f9db8db560cb038027,2026-10-17T19:30:00Z,Ole Miss Rebels,Missouri Tigers,betrivers,BetRivers,2026-10-10T06:13:23Z,h2h,2026-10-10T06:13:23Z,Ole Miss Rebels,-250,,20261010061359476901
NCAAF,americanfootball_ncaaf,5d09c85c1d67e8f9db8db560cb038027,2026-10-17T19:30:00Z,Ole Miss Rebels,Missouri Tigers,betrivers,BetRivers,2026-10-10T06:13:23Z,spreads,2026-10-10T06:13:23Z,Missouri Tigers,-108,6.5,20261010061359476901
NCAAF,americanfootball_ncaaf,5d09c85c1d67e8f9db8db560cb038027,2026-10-17T19:30:00Z,Ole Miss Rebels,Missouri Tigers,betrivers,BetRivers,2026-10-10T06:13:23Z,spreads,2026-10-10T06:13:23Z,Ole Miss Rebels,-115,-6.5,20261010061359476901
NCAAF,americanfootball_ncaaf,5d09c85c1d67e8f9db8db560cb038027,2026-10-17T19:30:00Z,Ole Miss Rebels,Missouri Tigers,betrivers,BetRivers,2026-10-10T06:13:23Z,totals,2026-10-10T06:13:23Z,Over,-115,57.5,20261010061359476901
NCAAF,americanfootball_ncaaf,5d09c85c1d67e8f9db8db560cb038027,2026-10-17T19:30:00Z,Ole Miss Rebels,Missouri Tigers,betrivers,BetRivers,2026-10-10T06:13:23Z,totals,2026-10-10T06:13:23Z,Under,-108,57.5,20261010061359476901
NCAAF,americanfootball_ncaaf,7830c18dc7e87ebf087ddded14c50de4,2026-10-17T23:30:00Z,Houston Cougars,Oklahoma State Cowboys,fanduel,FanDuel,2026-10-10T06:13:40Z,h2h,2026-10-10T06:13:39Z,Houston Cougars,-140,,20261010061359476901
NCAAF,americanfootball_ncaaf,7830c18dc7e87ebf087ddded14c50de4,2026-10-17T23:30:00Z,Houston Cougars,Oklahoma State Cowboys,fanduel,FanDuel,2026-10-10T06:13:40Z,h2h,2026-10-10T06:13:39Z,Oklahoma State Cowboys,116,,20261010061359476901
NCAAF,americanfootball_ncaaf,7830c18dc7e87ebf087ddded14c50de4,2026-10-17T23:30:00Z,Houston Cougars,Oklahoma State Cowboys,fanduel,FanDuel,2026-10-10T06:13:40Z,spreads,2026-10-10T06:13:39Z,Houston Cougars,-115,-2.5,20261010061359476901
NCAAF,americanfootball_ncaaf,7830c18dc7e87ebf087ddded14c50de4,2026-10-17T23:30:00Z,Houston Cougars,Oklahoma State Cowboys,fanduel,FanDuel,2026-10-10T06:13:40Z,spreads,2026-10-10T06:13:39Z,Oklahoma State Cowboys,-105,2.5,20261010061359476901
NCAAF,americanfootball_ncaaf,7830c18dc7e87ebf087ddded14c50de4,2026-10-17T23:30:00Z,Houston Cougars,Oklahoma State Cowboys,fanduel,FanDuel,2026-10-10T06:13:40Z,totals,2026-10-10T06:13:39Z,Over,-106,57.5,20261010061359476901
NCAAF,americanfootball_ncaaf,7830c18dc7e87ebf087ddded14c50de4,2026-10-17T23:30:00Z,Houston Cougars,Oklahoma State Cowboys,fanduel,FanDuel,2026-10-10T06:13:40Z,totals,2026-10-10T06:13:39Z,Under,-114,57.5,20261010061359476901
NCAAF,americanfootball_ncaaf,7830c18dc7e87ebf087ddded14c50de4,2026-10-17T23:30:00Z,Houston Cougars,Oklahoma State Cowboys,draftkings,DraftKings,2026-10-10T06:13:23Z,h2h,2026-10-10T06:13:23Z,Houston Cougars,-162,,20261010061359476901
NCAAF,americanfootball_ncaaf,7830c18dc7e87ebf087ddded14c50de4,2026-10-17T23:30:00Z,Houston Cougars,Oklahoma State Cowboys,draftkings,DraftKings,2026-10-10T06:13:23Z,h2h,2026-10-10T06:13:23Z,Oklahoma State Cowboys,136,,20261010061359476901
NCAAF,americanfootball_ncaaf,7830c18dc7e87ebf087ddded14c50de4,2026-10-17T23:30:00Z,Houston Cougars,Oklahoma State Cowboys,draftkings,DraftKings,2026-10-10T06:13:23Z,spreads,2026-10-10T06:13:23Z,Houston Cougars,-110,-3.5,20261010061359476901
NCAAF,americanfootball_ncaaf,7830c18dc7e87ebf087ddded14c50de4,2026-10-17T23:30:00Z,Houston Cougars,Oklahoma State Cowboys,draftkings,DraftKings,2026-10-10T06:13:23Z,spreads,2026-10-10T06:13:23Z,Oklahoma State Cowboys,-110,3.5,20261010061359476901
NCAAF,americanfootball_ncaaf,7830c18dc7e87ebf087ddded14c50de4,2026-10-17T23:30:00Z,Houston Cougars,Oklahoma State Cowboys,draftkings,DraftKings,2026-10-10T06:13:23Z,totals,2026-10-10T06:13:23Z,Over,-110,57.5,20261010061359476901
NCAAF,americanfootball_ncaaf,7830c18dc7e87ebf087ddded14c50de4,2026-10-17T23:30:00Z,Houston Cougars,Oklahoma State Cowboys,draftkings,DraftKings,2026-10-10T06:13:23Z,totals,2026-10-10T06:13:23Z,Under,-110,57.5,20261010061359476901
NCAAF,americanfootball_ncaaf,7830c18dc7e87ebf087ddded14c50de4,2026-10-17T23:30:00Z,Houston Cougars,Oklahoma State Cowboys,betrivers,BetRivers,2026-10-10T06:13:23Z,h2h,2026-10-10T06:13:23Z,Houston Cougars,-175,,20261010061359476901
NCAAF,americanfootball_ncaaf,7830c18dc7e87ebf087ddded14c50de4,2026-10-17T23:30:00Z,Houston Cougars,Oklahoma State Cowboys,betrivers,BetRivers,2026-10-10T06:13:23Z,h2h,2026-10-10T06:13:23Z,Oklahoma State Cowboys,138,,20261010061359476901
NCAAF,americanfootball_ncaaf,7830c18dc7e87ebf087ddded14c50de4,2026-10-17T23:30:00Z,Houston Cougars,Oklahoma State Cowboys,betrivers,BetRivers,2026-10-10T06:13:23Z,spreads,2026-10-10T06:13:23Z,Houston Cougars,-110,-3.5,20261010061359476901
NCAAF,americanfootball_ncaaf,7830c18dc7e87ebf087ddded14c50de4,2026-10-17T23:30:00Z,Houston Cougars,Oklahoma State Cowboys,betrivers,BetRivers,2026-10-10T06:13:23Z,spreads,2026-10-10T06:13:23Z,Oklahoma State Cowboys,-113,3.5,20261010061359476901
NCAAF,americanfootball_ncaaf,7830c18dc7e87ebf087ddded14c50de4,2026-10-17T23:30:00Z,Houston Cougars,Oklahoma State Cowboys,betrivers,BetRivers,2026-10-10T06:13:23Z,totals,2026-10-10T06:13:23Z,Over,-110,57.5,20261010061359476901
NCAAF,americanfootball_ncaaf,7830c18dc7e87ebf087ddded14c50de4,2026-10-17T23:30:00Z,Houston Cougars,Oklahoma State Cowboys,betrivers,BetRivers,2026-10-10T06:13:23Z,totals,2026-10-10T06:13:23Z,Under,-113,57.5,20261010061359476901
NCAAF,americanfootball_ncaaf,0728226f9c1e3aace0f64536109f4d05,2026-10-17T23:30:00Z,Oklahoma Sooners,Kentucky Wildcats,draftkings,DraftKings,2026-10-10T06:13:23Z,h2h,2026-10-10T06:13:23Z,Kentucky Wildcats,185,,20261010061359476901
NCAAF,americanfootball_ncaaf,0728226f9c1e3aace0f64536109f4d05,2026-10-17T23:30:00Z,Oklahoma Sooners,Kentucky Wildcats,draftkings,DraftKings,2026-10-10T06:13:23Z,h2h,2026-10-10T06:13:23Z,Oklahoma Sooners,-225,,20261010061359476901
NCAAF,americanfootball_ncaaf,0728226f9c1e3aace0f64536109f4d05,2026-10-17T23:30:00Z,Oklahoma Sooners,Kentucky Wildcats,draftkings,DraftKings,2026-10-10T06:13:23Z,spreads,2026-10-10T06:13:23Z,Kentucky Wildcats,-110,6.0,20261010061359476901
NCAAF,americanfootball_ncaaf,0728226f9c1e3aace0f64536109f4d05,2026-10-17T23:30:00Z,Oklahoma Sooners,Kentucky Wildcats,draftkings,DraftKings,2026-10-10T06:13:23Z,spreads,2026-10-10T06:13:23Z,Oklahoma Sooners,-110,-6.0,20261010061359476901
NCAAF,americanfootball_ncaaf,0728226f9c1e3aace0f64536109f4d05,2026-10-17T23:30:00Z,Oklahoma Sooners,Kentucky Wildcats,draftkings,DraftKings,2026-10-10T06:13:23Z,totals,2026-10-10T06:13:23Z,Over,-110,41.5,20261010061359476901
NCAAF,americanfootball_ncaaf,0728226f9c1e3aace0f64536109f4d05,2026-10-17T23:30:00Z,Oklahoma Sooners,Kentucky Wildcats,draftkings,DraftKings,2026-10-10T06:13:23Z,totals,2026-10-10T06:13:23Z,Under,-110,41.5,20261010061359476901
NCAAF,americanfootball_ncaaf,0728226f9c1e3aace0f64536109f4d05,2026-10-17T23:30:00Z,Oklahoma Sooners,Kentucky Wildcats,betrivers,BetRivers,2026-10-10T06:13:23Z,h2h,2026-10-10T06:13:23Z,Kentucky Wildcats,205,,20261010061359476901
NCAAF,americanfootball_ncaaf,0728226f9c1e3aace0f64536109f4d05,2026-10-17T23:30:00Z,Oklahoma Sooners,Kentucky Wildcats,betrivers,BetRivers,2026-10-10T06:13:23Z,h2h,2026-10-10T06:13:23Z,Oklahoma Sooners,-265,,20261010061359476901
NCAAF,americanfootball_ncaaf,0728226f9c1e3aace0f64536109f4d05,2026-10-17T23:30:00Z,Oklahoma Sooners,Kentucky Wildcats,betrivers,BetRivers,2026-10-10T06:13:23Z,spreads,2026-10-10T06:13:23Z,Kentucky Wildcats,-112,6.5,20261010061359476901
NCAAF,americanfootball_ncaaf,0728226f9c1e3aace0f64536109f4d05,2026-10-17T23:30:00Z,Oklahoma Sooners,Kentucky Wildcats,betrivers,BetRivers,2026-10-10T06:13:23Z,spreads,2026-10-10T06:13:23Z,Oklahoma Sooners,-112,-6.5,20261010061359476901
NCAAF,americanfootball_ncaaf,0728226f9c1e3aace0f64536109f4d05,2026-10-17T23:30:00Z,Oklahoma Sooners,Kentucky Wildcats,betrivers,BetRivers,2026-10-10T06:13:23Z,totals,2026-10-10T06:13:23Z,Over,-112,41.5,20261010061359476901
NCAAF,americanfootball_ncaaf,0728226f9c1e3aace0f64536109f4d05,2026-10-17T23:30:00Z,Oklahoma Sooners,Kentucky Wildcats,betrivers,BetRivers,2026-10-10T06:13:23Z,totals,2026-10-10T06:13:23Z,Under,-110,41.5,20261010061359476901
