sport,sport_key,game_id,game_time,home_team,away_team,bookmaker_key,bookmaker_title,bookmaker_last_update,market,market_last_update,team,price,point,query_time
NCAAF,americanfootball_ncaaf,b0998b3474fea9dee080784b8da01048,2026-10-02T00:00:00Z,New Mexico State Aggies,Western Kentucky Hilltoppers,fanduel,FanDuel,2026-09-28T16:55:50Z,h2h,2026-09-28T16:55:49Z,New Mexico State Aggies,-128,,20260928165602403570
NCAAF,americanfootball_ncaaf,b0998b3474fea9dee080784b8da01048,2026-10-02T00:00:00Z,New Mexico State Aggies,Western Kentucky Hilltoppers,fanduel,FanDuel,2026-09-28T16:55:50Z,h2h,2026-09-28T16:55:49Z,Western Kentucky Hilltoppers,106,,20260928165602403570
NCAAF,americanfootball_ncaaf,b0998b3474fea9dee080784b8da01048,2026-10-02T00:00:00Z,New Mexico State Aggies,Western Kentucky Hilltoppers,fanduel,FanDuel,2026-09-28T16:55:50Z,spreads,2026-09-28T16:55:49Z,New Mexico State Aggies,-106,-2.5,20260928165602403570
NCAAF,americanfootball_ncaaf,b0998b3474fea9dee080784b8da01048,2026-10-02T00:00:00Z,New Mexico State Aggies,Western Kentucky Hilltoppers,fanduel,FanDuel,2026-09-28T16:55:50Z,spreads,2026-09-28T16:55:49Z,Western Kentucky Hilltoppers,-114,2.5,20260928165602403570
NCAAF,americanfootball_ncaaf,b0998b3474fea9dee080784b8da01048,2026-10-02T00:00:00Z,New Mexico State Aggies,Western Kentucky Hilltoppers,fanduel,FanDuel,2026-09-28T16:55:50Z,totals,2026-09-28T16:55:49Z,Over,-114,55.5,20260928165602403570
NCAAF,americanfootball_ncaaf,b0998b3474fea9dee080784b8da01048,2026-10-02T00:00:00Z,New Mexico State Aggies,Western Kentucky Hilltoppers,fanduel,FanDuel,2026-09-28T16:55:50Z,totals,2026-09-28T16:55:49Z,Under,-106,55.5,20260928165602403570
NCAAF,americanfootball_ncaaf,b0998b3474fea9dee080784b8da01048,2026-10-02T00:00:00Z,New Mexico State Aggies,Western Kentucky Hilltoppers,betrivers,BetRivers,2026-09-28T16:55:49Z,h2h,2026-09-28T16:55:49Z,New Mexico State Aggies,-134,,20260928165602403570
NCAAF,americanfootball_ncaaf,b0998b3474fea9dee080784b8da01048,2026-10-02T00:00:00Z,New Mexico State Aggies,Western Kentucky Hilltoppers,betrivers,BetRivers,2026-09-28T16:55:49Z,h2h,2026-09-28T16:55:49Z,Western Kentucky Hilltoppers,108,,20260928165602403570
NCAAF,americanfootball_ncaaf,b0998b3474fea9dee080784b8da01048,2026-10-02T00:00:00Z,New Mexico State Aggies,Western Kentucky Hilltoppers,betrivers,BetRivers,2026-09-28T16:55:49Z,spreads,2026-09-28T16:55:49Z,New Mexico State Aggies,-112,-2.0,20260928165602403570
NCAAF,americanfootball_ncaaf,b0998b3474fea9dee080784b8da01048,2026-10-02T00:00:00Z,New Mexico State Aggies,Western Kentucky Hilltoppers,betrivers,BetRivers,2026-09-28T16:55:49Z,spreads,2026-09-28T16:55:49Z,Western Kentucky Hilltoppers,-110,2.0,20260928165602403570
NCAAF,americanfootball_ncaaf,b0998b3474fea9dee080784b8da01048,2026-10-02T00:00:00Z,New Mexico State Aggies,Western Kentucky Hilltoppers,betrivers,BetRivers,2026-09-28T16:55:49Z,totals,2026-09-28T16:55:49Z,Over,-114,55.0,20260928165602403570
NCAAF,americanfootball_ncaaf,b0998b3474fea9dee080784b8da01048,2026-10-02T00:00:00Z,New Mexico State Aggies,Western Kentucky Hilltoppers,betrivers,BetRivers,2026-09-28T16:55:49Z,totals,2026-09-28T16:55:49Z,Under,-109,55.0,20260928165602403570
NCAAF,americanfootball_ncaaf,b0998b3474fea9dee080784b8da01048,2026-10-02T00:00:00Z,New Mexico State Aggies,Western Kentucky Hilltoppers,draftkings,DraftKings,2026-09-28T16:55:34Z,h2h,2026-09-28T16:55:34Z,New Mexico State Aggies,-130,,20260928165602403570
NCAAF,americanfootball_ncaaf,b0998b3474fea9dee080784b8da01048,2026-10-02T00:00:00Z,New Mexico State Aggies,Western Kentucky Hilltoppers,draftkings,DraftKings,2026-09-28T16:55:34Z,h2h,2026-09-28T16:55:34Z,Western Kentucky Hilltoppers,110,,20260928165602403570
NCAAF,americanfootball_ncaaf,b0998b3474fea9dee080784b8da01048,2026-10-02T00:00:00Z,New Mexico State Aggies,Western Kentucky Hilltoppers,draftkings,DraftKings,2026-09-28T16:55:34Z,spreads,2026-09-28T16:55:34Z,New Mexico State Aggies,-105,-2.5,20260928165602403570
NCAAF,americanfootball_ncaaf,b0998b3474fea9dee080784b8da01048,2026-10-02T00:00:00Z,New Mexico State Aggies,Western Kentucky Hilltoppers,draftkings,DraftKings,2026-09-28T16:55:34Z,spreads,2026-09-28T16:55:34Z,Western Kentucky Hilltoppers,-115,2.5,20260928165602403570
NCAAF,americanfootball_ncaaf,b0998b3474fea9dee080784b8da01048,2026-10-02T00:00:00Z,New Mexico State Aggies,Western Kentucky Hilltoppers,draftkings,DraftKings,2026-09-28T16:55:34Z,totals,2026-09-28T16:55:34Z,Over,-105,55.5,20260928165602403570
NCAAF,americanfootball_ncaaf,b0998b3474fea9dee080784b8da01048,2026-10-02T00:00:00Z,New Mexico State Aggies,Western Kentucky Hilltoppers,draftkings,DraftKings,2026-09-28T16:55:34Z,totals,2026-09-28T16:55:34Z,Under,-115,55.5,20260928165602403570
NCAAF,americanfootball_ncaaf,b0998b3474fea9dee080784b8da01048,2026-10-02T00:00:00Z,New Mexico State Aggies,Western Kentucky Hilltoppers,betonlineag,BetOnline.ag,2026-09-28T16:55:07Z,h2h,2026-09-28T16:55:07Z,New Mexico State Aggies,-130,,20260928165602403570
NCAAF,americanfootball_ncaaf,b0998b3474fea9dee080784b8da01048,2026-10-02T00:00:00Z,New Mexico State Aggies,Western Kentucky Hilltoppers,betonlineag,BetOnline.ag,2026-09-28T16:55:07Z,h2h,2026-09-28T16:55:07Z,Western Kentucky Hilltoppers,110,,20260928165602403570
NCAAF,americanfootball_ncaaf,b0998b3474fea9dee080784b8da01048,2026-10-02T00:00:00Z,New Mexico State Aggies,Western Kentucky Hilltoppers,betonlineag,BetOnline.ag,2026-09-28T16:55:07Z,spreads,2026-09-28T16:55:07Z,New Mexico State Aggies,-110,-2.0,20260928165602403570
NCAAF,americanfootball_ncaaf,b0998b3474fea9dee080784b8da01048,2026-10-02T00:00:00Z,New Mexico State Aggies,Western Kentucky Hilltoppers,betonlineag,BetOnline.ag,2026-09-28T16:55:07Z,spreads,2026-09-28T16:55:07Z,Western Kentucky Hilltoppers,-110,2.0,20260928165602403570
NCAAF,americanfootball_ncaaf,b0998b3474fea9dee080784b8da01048,2026-10-02T00:00:00Z,New Mexico State Aggies,Western Kentucky Hilltoppers,betonlineag,BetOnline.ag,2026-09-28T16:55:07Z,totals,2026-09-28T16:55:07Z,Over,-110,55.0,20260928165602403570
NCAAF,americanfootball_ncaaf,b0998b3474fea9dee080784b8da01048,2026-10-02T00:00:00Z,New Mexico State Aggies,Western Kentucky Hilltoppers,betonlineag,BetOnline.ag,2026-09-28T16:55:07Z,totals,2026-09-28T16:55:07Z,Under,-110,55.0,20260928165602403570
NCAAF,americanfootball_ncaaf,b0998b3474fea9dee080784b8da01048,2026-10-02T00:00:00Z,New Mexico State Aggies,Western Kentucky Hilltoppers,lowvig,LowVig.ag,2026-09-28T16:55:49Z,h2h,2026-09-28T16:55:49Z,New Mexico State Aggies,-130,,20260928165602403570
NCAAF,americanfootball_ncaaf,b0998b3474fea9dee080784b8da01048,2026-10-02T00:00:00Z,New Mexico State Aggies,Western Kentucky Hilltoppers,lowvig,LowVig.ag,2026-09-28T16:55:49Z,h2h,2026-09-28T16:55:49Z,Western Kentucky Hilltoppers,110,,20260928165602403570
NCAAF,americanfootball_ncaaf,b0998b3474fea9dee080784b8da01048,2026-10-02T00:00:00Z,New Mexico State Aggies,Western Kentucky Hilltoppers,lowvig,LowVig.ag,2026-09-28T16:55:49Z,spreads,2026-09-28T16:55:49Z,New Mexico State Aggies,-106,-2.0,20260928165602403570
NCAAF,americanfootball_ncaaf,b0998b3474fea9dee080784b8da01048,2026-10-02T00:00:00Z,New Mexico State Aggies,Western Kentucky Hilltoppers,lowvig,LowVig.ag,2026-09-28T16:55:49Z,spreads,2026-09-28T16:55:49Z,Western Kentucky Hilltoppers,-106,2.0,20260928165602403570
NCAAF,americanfootball_ncaaf,b0998b3474fea9dee080784b8da01048,2026-10-02T00:00:00Z,New Mexico State Aggies,Western Kentucky Hilltoppers,lowvig,LowVig.ag,2026-09-28T16:55:49Z,totals,2026-09-28T16:55:49Z,Over,-108,55.0,20260928165602403570
NCAAF,americanfootball_ncaaf,b0998b3474fea9dee080784b8da01048,2026-10-02T00:00:00Z,New Mexico State Aggies,Western Kentucky Hilltoppers,lowvig,LowVig.ag,2026-09-28T16:55:49Z,totals,2026-09-28T16:55:49Z,Under,-108,55.0,20260928165602403570
NCAAF,americanfootball_ncaaf,b0998b3474fea9dee080784b8da01048,2026-10-02T00:00:00Z,New Mexico State Aggies,Western Kentucky Hilltoppers,betmgm,BetMGM,2026-09-28T16:54:38Z,h2h,2026-09-28T16:54:38Z,New Mexico State Aggies,-135,,20260928165602403570
NCAAF,americanfootball_ncaaf,b0998b3474fea9dee080784b8da01048,2026-10-02T00:00:00Z,New Mexico State Aggies,Western Kentucky Hilltoppers,betmgm,BetMGM,2026-09-28T16:54:38Z,h2h,2026-09-28T16:54:38Z,Western Kentucky Hilltoppers,110,,20260928165602403570
NCAAF,americanfootball_ncaaf,b0998b3474fea9dee080784b8da01048,2026-10-02T00:00:00Z,New Mexico State Aggies,Western Kentucky Hilltoppers,betmgm,BetMGM,2026-09-28T16:54:38Z,spreads,2026-09-28T16:54:38Z,New Mexico State Aggies,-110,-2.0,20260928165602403570
NCAAF,americanfootball_ncaaf,b0998b3474fea9dee080784b8da01048,2026-10-02T00:00:00Z,New Mexico State Aggies,Western Kentucky Hilltoppers,betmgm,BetMGM,2026-09-28T16:54:38Z,spreads,2026-09-28T16:54:38Z,Western Kentucky Hilltoppers,-108,2.0,20260928165602403570
NCAAF,americanfootball_ncaaf,b0998b3474fea9dee080784b8da01048,2026-10-02T00:00:00Z,New Mexico State Aggies,Western Kentucky Hilltoppers,betmgm,BetMGM,2026-09-28T16:54:38Z,totals,2026-09-28T16:54:38Z,Over,-105,55.5,20260928165602403570
NCAAF,americanfootball_ncaaf,b0998b3474fea9dee080784b8da01048,2026-10-02T00:00:00Z,New Mexico State Aggies,Western Kentucky Hilltoppers,betmgm,BetMGM,2026-09-28T16:54:38Z,totals,2026-09-28T16:54:38Z,Under,-115,55.5,20260928165602403570
NCAAF,americanfootball_ncaaf,b0998b3474fea9dee080784b8da01048,2026-10-02T00:00:00Z,New Mexico State Aggies,Western Kentucky Hilltoppers,mybookieag,MyBookie.ag,2026-09-28T16:55:48Z,h2h,2026-09-28T16:55:48Z,New Mexico State Aggies,-133,,20260928165602403570
NCAAF,americanfootball_ncaaf,b0998b3474fea9dee080784b8da01048,2026-10-02T00:00:00Z,New Mexico State Aggies,Western Kentucky Hilltoppers,mybookieag,MyBookie.ag,2026-09-28T16:55:48Z,h2h,2026-09-28T16:55:48Z,Western Kentucky Hilltoppers,109,,20260928165602403570
NCAAF,americanfootball_ncaaf,b0998b3474fea9dee080784b8da01048,2026-10-02T00:00:00Z,New Mexico State Aggies,Western Kentucky Hilltoppers,mybookieag,MyBookie.ag,2026-09-28T16:55:48Z,spreads,2026-09-28T16:55:48Z,New Mexico State Aggies,-110,-2.0,20260928165602403570
NCAAF,americanfootball_ncaaf,b0998b3474fea9dee080784b8da01048,2026-10-02T00:00:00Z,New Mexico State Aggies,Western Kentucky Hilltoppers,mybookieag,MyBookie.ag,2026-09-28T16:55:48Z,spreads,2026-09-28T16:55:48Z,Western Kentucky Hilltoppers,-110,2.0,20260928165602403570
NCAAF,americanfootball_ncaaf,b0998b3474fea9dee080784b8da01048,2026-10-02T00:00:00Z,New Mexico State Aggies,Western Kentucky Hilltoppers,mybookieag,MyBookie.ag,2026-09-28T16:55:48Z,totals,2026-09-28T16:55:48Z,Over,-110,55.0,20260928165602403570
NCAAF,americanfootball_ncaaf,b0998b3474fea9dee080784b8da01048,2026-10-02T00:00:00Z,New Mexico State Aggies,Western Kentucky Hilltoppers,mybookieag,MyBookie.ag,2026-09-28T16:55:48Z,totals,2026-09-28T16:55:48Z,Under,-110,55.0,20260928165602403570
NCAAF,americanfootball_ncaaf,b0998b3474fea9dee080784b8da01048,2026-10-02T00:00:00Z,New Mexico State Aggies,Western Kentucky Hilltoppers,betus,BetUS,2026-09-28T16:55:53Z,h2h,2026-09-28T16:55:51Z,New Mexico State Aggies,-130,,20260928165602403570
NCAAF,americanfootball_ncaaf,b0998b3474fea9dee080784b8da01048,2026-10-02T00:00:00Z,New Mexico State Aggies,Western Kentucky Hilltoppers,betus,BetUS,2026-09-28T16:55:53Z,h2h,2026-09-28T16:55:51Z,Western Kentucky Hilltoppers,110,,20260928165602403570
NCAAF,americanfootball_ncaaf,b0998b3474fea9dee080784b8da01048,2026-10-02T00:00:00Z,New Mexico State Aggies,Western Kentucky Hilltoppers,betus,BetUS,2026-09-28T16:55:53Z,spreads,2026-09-28T16:55:51Z,New Mexico State Aggies,-110,-2.0,20260928165602403570
NCAAF,americanfootball_ncaaf,b0998b3474fea9dee080784b8da01048,2026-10-02T00:00:00Z,New Mexico State Aggies,Western Kentucky Hilltoppers,betus,BetUS,2026-09-28T16:55:53Z,spreads,2026-09-28T16:55:51Z,Western Kentucky Hilltoppers,-110,2.0,20260928165602403570
NCAAF,americanfootball_ncaaf,b0998b3474fea9dee080784b8da01048,2026-10-02T00:00:00Z,New Mexico State Aggies,Western Kentucky Hilltoppers,betus,BetUS,2026-09-28T16:55:53Z,totals,2026-09-28T16:55:51Z,Over,-110,55.0,20260928165602403570
NCAAF,americanfootball_ncaaf,b0998b3474fea9dee080784b8da01048,2026-10-02T00:00:00Z,New Mexico State Aggies,Western Kentucky Hilltoppers,betus,BetUS,2026-09-28T16:55:53Z,totals,2026-09-28T16:55:51Z,Under,-110,55.0,20260928165602403570
NCAAF,americanfootball_ncaaf,b0998b3474fea9dee080784b8da01048,2026-10-02T00:00:00Z,New Mexico State Aggies,Western Kentucky Hilltoppers,bovada,Bovada,2026-09-28T16:54:58Z,h2h,2026-09-28T16:54:57Z,New Mexico State Aggies,-135,,20260928165602403570
NCAAF,americanfootball_ncaaf,b0998b3474fea9dee080784b8da01048,2026-10-02T00:00:00Z,New Mexico State Aggies,Western Kentucky Hilltoppers,bovada,Bovada,2026-09-28T16:54:58Z,h2h,2026-09-28T16:54:57Z,Western Kentucky Hilltoppers,115,,20260928165602403570
NCAAF,americanfootball_ncaaf,b0998b3474fea9dee080784b8da01048,2026-10-02T00:00:00Z,New Mexico State Aggies,Western Kentucky Hilltoppers,bovada,Bovada,2026-09-28T16:54:58Z,spreads,2026-09-28T16:54:57Z,New Mexico State Aggies,-115,-2.5,20260928165602403570
NCAAF,americanfootball_ncaaf,b0998b3474fea9dee080784b8da01048,2026-10-02T00:00:00Z,New Mexico State Aggies,Western Kentucky Hilltoppers,bovada,Bovada,2026-09-28T16:54:58Z,spreads,2026-09-28T16:54:57Z,Western Kentucky Hilltoppers,-105,2.5,20260928165602403570
NCAAF,americanfootball_ncaaf,b0998b3474fea9dee080784b8da01048,2026-10-02T00:00:00Z,New Mexico State Aggies,Western Kentucky Hilltoppers,bovada,Bovada,2026-09-28T16:54:58Z,totals,2026-09-28T16:54:57Z,Over,-110,55.5,20260928165602403570
NCAAF,americanfootball_ncaaf,b0998b3474fea9dee080784b8da01048,2026-10-02T00:00:00Z,New Mexico State Aggies,Western Kentucky Hilltoppers,bovada,Bovada,2026-09-28T16:54:58Z,totals,2026-09-28T16:54:57Z,Under,-110,55.5,20260928165602403570
NCAAF,americanfootball_ncaaf,3c64f3dd8efd756a90f09303e5517006,2026-10-02T01:00:00Z,Tulsa Golden Hurricane,North Texas Mean Green,fanduel,FanDuel,2026-09-28T16:55:50Z,h2h,2026-09-28T16:55:49Z,North Texas Mean Green,-104,,20260928165602403570
NCAAF,americanfootball_ncaaf,3c64f3dd8efd756a90f09303e5517006,2026-10-02T01:00:00Z,Tulsa Golden Hurricane,North Texas Mean Green,fanduel,FanDuel,2026-09-28T16:55:50Z,h2h,2026-09-28T16:55:49Z,Tulsa Golden Hurricane,-115,,20260928165602403570
NCAAF,americanfootball_ncaaf,3c64f3dd8efd756a90f09303e5517006,2026-10-02T01:00:00Z,Tulsa Golden Hurricane,North Texas Mean Green,fanduel,FanDuel,2026-09-28T16:55:50Z,spreads,2026-09-28T16:55:49Z,North Texas Mean Green,-110,1.5,20260928165602403570
NCAAF,americanfootball_ncaaf,3c64f3dd8efd756a90f09303e5517006,2026-10-02T01:00:00Z,Tulsa Golden Hurricane,North Texas Mean Green,fanduel,FanDuel,2026-09-28T16:55:50Z,spreads,2026-09-28T16:55:49Z,Tulsa Golden Hurricane,-110,-1.5,20260928165602403570
NCAAF,americanfootball_ncaaf,3c64f3dd8efd756a90f09303e5517006,2026-10-02T01:00:00Z,Tulsa Golden Hurricane,North Texas Mean Green,fanduel,FanDuel,2026-09-28T16:55:50Z,totals,2026-09-28T16:55:49Z,Over,-114,57.5,20260928165602403570
NCAAF,americanfootball_ncaaf,3c64f3dd8efd756a90f09303e5517006,2026-10-02T01:00:00Z,Tulsa Golden Hurricane,North Texas Mean Green,fanduel,FanDuel,2026-09-28T16:55:50Z,totals,2026-09-28T16:55:49Z,Under,-106,57.5,20260928165602403570
NCAAF,americanfootball_ncaaf,3c64f3dd8efd756a90f09303e5517006,2026-10-02T01:00:00Z,Tulsa Golden Hurricane,North Texas Mean Green,betrivers,BetRivers,2026-09-28T16:55:49Z,h2h,2026-09-28T16:55:49Z,North Texas Mean Green,100,,20260928165602403570
NCAAF,americanfootball_ncaaf,3c64f3dd8efd756a90f09303e5517006,2026-10-02T01:00:00Z,Tulsa Golden Hurricane,North Texas Mean Green,betrivers,BetRivers,2026-09-28T16:55:49Z,h2h,2026-09-28T16:55:49Z,Tulsa Golden Hurricane,-124,,20260928165602403570
NCAAF,americanfootball_ncaaf,3c64f3dd8efd756a90f09303e5517006,2026-10-02T01:00:00Z,Tulsa Golden Hurricane,North Texas Mean Green,betrivers,BetRivers,2026-09-28T16:55:49Z,spreads,2026-09-28T16:55:49Z,North Texas Mean Green,-113,1.5,20260928165602403570
NCAAF,americanfootball_ncaaf,3c64f3dd8efd756a90f09303e5517006,2026-10-02T01:00:00Z,Tulsa Golden Hurricane,North Texas Mean Green,betrivers,BetRivers,2026-09-28T16:55:49Z,spreads,2026-09-28T16:55:49Z,Tulsa Golden Hurricane,-109,-1.5,20260928165602403570
NCAAF,americanfootball_ncaaf,3c64f3dd8efd756a90f09303e5517006,2026-10-02T01:00:00Z,Tulsa Golden Hurricane,North Texas Mean Green,betrivers,BetRivers,2026-09-28T16:55:49Z,totals,2026-09-28T16:55:49Z,Over,-109,57.5,20260928165602403570
NCAAF,americanfootball_ncaaf,3c64f3dd8efd756a90f09303e5517006,2026-10-02T01:00:00Z,Tulsa Golden Hurricane,North Texas Mean Green,betrivers,BetRivers,2026-09-28T16:55:49Z,totals,2026-09-28T16:55:49Z,Under,-114,57.5,20260928165602403570
NCAAF,americanfootball_ncaaf,3c64f3dd8efd756a90f09303e5517006,2026-10-02T01:00:00Z,Tulsa Golden Hurricane,North Texas Mean Green,draftkings,DraftKings,2026-09-28T16:55:34Z,h2h,2026-09-28T16:55:34Z,North Texas Mean Green,100,,20260928165602403570
NCAAF,americanfootball_ncaaf,3c64f3dd8efd756a90f09303e5517006,2026-10-02T01:00:00Z,Tulsa Golden Hurricane,North Texas Mean Green,draftkings,DraftKings,2026-09-28T16:55:34Z,h2h,2026-09-28T16:55:34Z,Tulsa Golden Hurricane,-120,,20260928165602403570
NCAAF,americanfootball_ncaaf,3c64f3dd8efd756a90f09303e5517006,2026-10-02T01:00:00Z,Tulsa Golden Hurricane,North Texas Mean Green,draftkings,DraftKings,2026-09-28T16:55:34Z,spreads,2026-09-28T16:55:34Z,North Texas Mean Green,-115,1.5,20260928165602403570
NCAAF,americanfootball_ncaaf,3c64f3dd8efd756a90f09303e5517006,2026-10-02T01:00:00Z,Tulsa Golden Hurricane,North Texas Mean Green,draftkings,DraftKings,2026-09-28T16:55:34Z,spreads,2026-09-28T16:55:34Z,Tulsa Golden Hurricane,-105,-1.5,20260928165602403570
NCAAF,americanfootball_ncaaf,3c64f3dd8efd756a90f09303e5517006,2026-10-02T01:00:00Z,Tulsa Golden Hurricane,North Texas Mean Green,draftkings,DraftKings,2026-09-28T16:55:34Z,totals,2026-09-28T16:55:34Z,Over,-112,57.5,20260928165602403570
NCAAF,americanfootball_ncaaf,3c64f3dd8efd756a90f09303e5517006,2026-10-02T01:00:00Z,Tulsa Golden Hurricane,North Texas Mean Green,draftkings,DraftKings,2026-09-28T16:55:34Z,totals,2026-09-28T16:55:34Z,Under,-108,57.5,20260928165602403570
NCAAF,americanfootball_ncaaf,3c64f3dd8efd756a90f09303e5517006,2026-10-02T01:00:00Z,Tulsa Golden Hurricane,North Texas Mean Green,betonlineag,BetOnline.ag,2026-09-28T16:55:07Z,h2h,2026-09-28T16:55:07Z,North Texas Mean Green,100,,20260928165602403570
NCAAF,americanfootball_ncaaf,3c64f3dd8efd756a90f09303e5517006,2026-10-02T01:00:00Z,Tulsa Golden Hurricane,North Texas Mean Green,betonlineag,BetOnline.ag,2026-09-28T16:55:07Z,h2h,2026-09-28T16:55:07Z,Tulsa Golden Hurricane,-120,,20260928165602403570
NCAAF,americanfootball_ncaaf,3c64f3dd8efd756a90f09303e5517006,2026-10-02T01:00:00Z,Tulsa Golden Hurricane,North Texas Mean Green,betonlineag,BetOnline.ag,2026-09-28T16:55:07Z,spreads,2026-09-28T16:55:07Z,North Texas Mean Green,-110,1.0,20260928165602403570
NCAAF,americanfootball_ncaaf,3c64f3dd8efd756a90f09303e5517006,2026-10-02T01:00:00Z,Tulsa Golden Hurricane,North Texas Mean Green,betonlineag,BetOnline.ag,2026-09-28T16:55:07Z,spreads,2026-09-28T16:55:07Z,Tulsa Golden Hurricane,-110,-1.0,20260928165602403570
NCAAF,americanfootball_ncaaf,3c64f3dd8efd756a90f09303e5517006,2026-10-02T01:00:00Z,Tulsa Golden Hurricane,North Texas Mean Green,betonlineag,BetOnline.ag,2026-09-28T16:55:07Z,totals,2026-09-28T16:55:07Z,Over,-110,57.5,20260928165602403570
NCAAF,americanfootball_ncaaf,3c64f3dd8efd756a90f09303e5517006,2026-10-02T01:00:00Z,Tulsa Golden Hurricane,North Texas Mean Green,betonlineag,BetOnline.ag,2026-09-28T16:55:07Z,totals,2026-09-28T16:55:07Z,Under,-110,57.5,20260928165602403570
NCAAF,americanfootball_ncaaf,3c64f3dd8efd756a90f09303e5517006,2026-10-02T01:00:00Z,Tulsa Golden Hurricane,North Texas Mean Green,lowvig,LowVig.ag,2026-09-28T16:55:49Z,h2h,2026-09-28T16:55:49Z,North Texas Mean Green,100,,20260928165602403570
NCAAF,americanfootball_ncaaf,3c64f3dd8efd756a90f09303e5517006,2026-10-02T01:00:00Z,Tulsa Golden Hurricane,North Texas Mean Green,lowvig,LowVig.ag,2026-09-28T16:55:49Z,h2h,2026-09-28T16:55:49Z,Tulsa Golden Hurricane,-120,,20260928165602403570
NCAAF,americanfootball_ncaaf,3c64f3dd8efd756a90f09303e5517006,2026-10-02T01:00:00Z,Tulsa Golden Hurricane,North Texas Mean Green,lowvig,LowVig.ag,2026-09-28T16:55:49Z,spreads,2026-09-28T16:55:49Z,North Texas Mean Green,-106,1.0,20260928165602403570
NCAAF,americanfootball_ncaaf,3c64f3dd8efd756a90f09303e5517006,2026-10-02T01:00:00Z,Tulsa Golden Hurricane,North Texas Mean Green,lowvig,LowVig.ag,2026-09-28T16:55:49Z,spreads,2026-09-28T16:55:49Z,Tulsa Golden Hurricane,-106,-1.0,20260928165602403570
NCAAF,americanfootball_ncaaf,3c64f3dd8efd756a90f09303e5517006,2026-10-02T01:00:00Z,Tulsa Golden Hurricane,North Texas Mean Green,lowvig,LowVig.ag,2026-09-28T16:55:49Z,totals,2026-09-28T16:55:49Z,Over,-108,57.5,20260928165602403570
NCAAF,americanfootball_ncaaf,3c64f3dd8efd756a90f09303e5517006,2026-10-02T01:00:00Z,Tulsa Golden Hurricane,North Texas Mean Green,lowvig,LowVig.ag,2026-09-28T16:55:49Z,totals,2026-09-28T16:55:49Z,Under,-108,57.5,20260928165602403570
NCAAF,americanfootball_ncaaf,3c64f3dd8efd756a90f09303e5517006,2026-10-02T01:00:00Z,Tulsa Golden Hurricane,North Texas Mean Green,betmgm,BetMGM,2026-09-28T16:54:38Z,h2h,2026-09-28T16:54:38Z,North Texas Mean Green,-102,,20260928165602403570
NCAAF,americanfootball_ncaaf,3c64f3dd8efd756a90f09303e5517006,2026-10-02T01:00:00Z,Tulsa Golden Hurricane,North Texas Mean Green,betmgm,BetMGM,2026-09-28T16:54:38Z,h2h,2026-09-28T16:54:38Z,Tulsa Golden Hurricane,-118,,20260928165602403570
NCAAF,americanfootball_ncaaf,3c64f3dd8efd756a90f09303e5517006,2026-10-02T01:00:00Z,Tulsa Golden Hurricane,North Texas Mean Green,betmgm,BetMGM,2026-09-28T16:54:38Z,spreads,2026-09-28T16:54:38Z,North Texas Mean Green,-108,1.0,20260928165602403570
NCAAF,americanfootball_ncaaf,3c64f3dd8efd756a90f09303e5517006,2026-10-02T01:00:00Z,Tulsa Golden Hurricane,North Texas Mean Green,betmgm,BetMGM,2026-09-28T16:54:38Z,spreads,2026-09-28T16:54:38Z,Tulsa Golden Hurricane,-110,-1.0,20260928165602403570
NCAAF,americanfootball_ncaaf,3c64f3dd8efd756a90f09303e5517006,2026-10-02T01:00:00Z,Tulsa Golden Hurricane,North Texas Mean Green,betmgm,BetMGM,2026-09-28T16:54:38Z,totals,2026-09-28T16:54:38Z,Over,-110,57.5,20260928165602403570
NCAAF,americanfootball_ncaaf,3c64f3dd8efd756a90f09303e5517006,2026-10-02T01:00:00Z,Tulsa Golden Hurricane,North Texas Mean Green,betmgm,BetMGM,2026-09-28T16:54:38Z,totals,2026-09-28T16:54:38Z,Under,-108,57.5,20260928165602403570
NCAAF,americanfootball_ncaaf,3c64f3dd8efd756a90f09303e5517006,2026-10-02T01:00:00Z,Tulsa Golden Hurricane,North Texas Mean Green,mybookieag,MyBookie.ag,2026-09-28T16:55:48Z,h2h,2026-09-28T16:55:48Z,North Texas Mean Green,-103,,20260928165602403570
NCAAF,americanfootball_ncaaf,3c64f3dd8efd756a90f09303e5517006,2026-10-02T01:00:00Z,Tulsa Golden Hurricane,North Texas Mean Green,mybookieag,MyBookie.ag,2026-09-28T16:55:48Z,h2h,2026-09-28T16:55:48Z,Tulsa Golden Hurricane,-119,,20260928165602403570
NCAAF,americanfootball_ncaaf,3c64f3dd8efd756a90f09303e5517006,2026-10-02T01:00:00Z,Tulsa Golden Hurricane,North Texas Mean Green,mybookieag,MyBookie.ag,2026-09-28T16:55:48Z,spreads,2026-09-28T16:55:48Z,North Texas Mean Green,-110,1.0,20260928165602403570
NCAAF,americanfootball_ncaaf,3c64f3dd8efd756a90f09303e5517006,2026-10-02T01:00:00Z,Tulsa Golden Hurricane,North Texas Mean Green,mybookieag,MyBookie.ag,2026-09-28T16:55:48Z,spreads,2026-09-28T16:55:48Z,Tulsa Golden Hurricane,-110,-1.0,20260928165602403570
NCAAF,americanfootball_ncaaf,3c64f3dd8efd756a90f09303e5517006,2026-10-02T01:00:00Z,Tulsa Golden Hurricane,North Texas Mean Green,mybookieag,MyBookie.ag,2026-09-28T16:55:48Z,totals,2026-09-28T16:55:48Z,Over,-110,57.5,20260928165602403570
NCAAF,americanfootball_ncaaf,3c64f3dd8efd756a90f09303e5517006,2026-10-02T01:00:00Z,Tulsa Golden Hurricane,North Texas Mean Green,mybookieag,MyBookie.ag,2026-09-28T16:55:48Z,totals,2026-09-28T16:55:48Z,Under,-110,57.5,20260928165602403570
NCAAF,americanfootball_ncaaf,3c64f3dd8efd756a90f09303e5517006,2026-10-02T01:00:00Z,Tulsa Golden Hurricane,North Texas Mean Green,betus,BetUS,2026-09-28T16:55:53Z,h2h,2026-09-28T16:55:51Z,North Texas Mean Green,100,,20260928165602403570
NCAAF,americanfootball_ncaaf,3c64f3dd8efd756a90f09303e5517006,2026-10-02T01:00:00Z,Tulsa Golden Hurricane,North Texas Mean Green,betus,BetUS,2026-09-28T16:55:53Z,h2h,2026-09-28T16:55:51Z,Tulsa Golden Hurricane,-120,,20260928165602403570
NCAAF,americanfootball_ncaaf,3c64f3dd8efd756a90f09303e5517006,2026-10-02T01:00:00Z,Tulsa Golden Hurricane,North Texas Mean Green,betus,BetUS,2026-09-28T16:55:53Z,spreads,2026-09-28T16:55:51Z,North Texas Mean Green,-110,1.0,20260928165602403570
NCAAF,americanfootball_ncaaf,3c64f3dd8efd756a90f09303e5517006,2026-10-02T01:00:00Z,Tulsa Golden Hurricane,North Texas Mean Green,betus,BetUS,2026-09-28T16:55:53Z,spreads,2026-09-28T16:55:51Z,Tulsa Golden Hurricane,-110,-1.0,20260928165602403570
NCAAF,americanfootball_ncaaf,3c64f3dd8efd756a90f09303e5517006,2026-10-02T01:00:00Z,Tulsa Golden Hurricane,North Texas Mean Green,betus,BetUS,2026-09-28T16:55:53Z,totals,2026-09-28T16:55:51Z,Over,-110,57.5,20260928165602403570
NCAAF,americanfootball_ncaaf,3c64f3dd8efd756a90f09303e5517006,2026-10-02T01:00:00Z,Tulsa Golden Hurricane,North Texas Mean Green,betus,BetUS,2026-09-28T16:55:53Z,totals,2026-09-28T16:55:51Z,Under,-110,57.5,20260928165602403570
NCAAF,americanfootball_ncaaf,3c64f3dd8efd756a90f09303e5517006,2026-10-02T01:00:00Z,Tulsa Golden Hurricane,North Texas Mean Green,bovada,Bovada,2026-09-28T16:54:58Z,h2h,2026-09-28T16:54:57Z,North Texas Mean Green,-105,,20260928165602403570
NCAAF,americanfootball_ncaaf,3c64f3dd8efd756a90f09303e5517006,2026-10-02T01:00:00Z,Tulsa Golden Hurricane,North Texas Mean Green,bovada,Bovada,2026-09-28T16:54:58Z,h2h,2026-09-28T16:54:57Z,Tulsa Golden Hurricane,-115,,20260928165602403570
NCAAF,americanfootball_ncaaf,3c64f3dd8efd756a90f09303e5517006,2026-10-02T01:00:00Z,Tulsa Golden Hurricane,North Texas Mean Green,bovada,Bovada,2026-09-28T16:54:58Z,spreads,2026-09-28T16:54:57Z,North Texas Mean Green,-115,1.0,20260928165602403570
NCAAF,americanfootball_ncaaf,3c64f3dd8efd756a90f09303e5517006,2026-10-02T01:00:00Z,Tulsa Golden Hurricane,North Texas Mean Green,bovada,Bovada,2026-09-28T16:54:58Z,spreads,2026-09-28T16:54:57Z,Tulsa Golden Hurricane,-105,-1.0,20260928165602403570
NCAAF,americanfootball_ncaaf,3c64f3dd8efd756a90f09303e5517006,2026-10-02T01:00:00Z,Tulsa Golden Hurricane,North Texas Mean Green,bovada,Bovada,2026-09-28T16:54:58Z,totals,2026-09-28T16:54:57Z,Over,-110,57.5,20260928165602403570
NCAAF,americanfootball_ncaaf,3c64f3dd8efd756a90f09303e5517006,2026-10-02T01:00:00Z,Tulsa Golden Hurricane,North Texas Mean Green,bovada,Bovada,2026-09-28T16:54:58Z,totals,2026-09-28T16:54:57Z,Under,-110,57.5,20260928165602403570
NCAAF,americanfootball_ncaaf,a39f3695781e9b2f76011e921d63b124,2026-10-02T23:00:00Z,Delaware Blue Hens,Liberty Flames,fanduel,FanDuel,2026-09-28T16:55:50Z,h2h,2026-09-28T16:55:49Z,Delaware Blue Hens,225,,20260928165602403570
NCAAF,americanfootball_ncaaf,a39f3695781e9b2f76011e921d63b124,2026-10-02T23:00:00Z,Delaware Blue Hens,Liberty Flames,fanduel,FanDuel,2026-09-28T16:55:50Z,h2h,2026-09-28T16:55:49Z,Liberty Flames,-280,,20260928165602403570
NCAAF,americanfootball_ncaaf,a39f3695781e9b2f76011e921d63b124,2026-10-02T23:00:00Z,Delaware Blue Hens,Liberty Flames,fanduel,FanDuel,2026-09-28T16:55:50Z,spreads,2026-09-28T16:55:49Z,Delaware Blue Hens,-122,7.5,20260928165602403570
NCAAF,americanfootball_ncaaf,a39f3695781e9b2f76011e921d63b124,2026-10-02T23:00:00Z,Delaware Blue Hens,Liberty Flames,fanduel,FanDuel,2026-09-28T16:55:50Z,spreads,2026-09-28T16:55:49Z,Liberty Flames,100,-7.5,20260928165602403570
NCAAF,americanfootball_ncaaf,a39f3695781e9b2f76011e921d63b124,2026-10-02T23:00:00Z,Delaware Blue Hens,Liberty Flames,fanduel,FanDuel,2026-09-28T16:55:50Z,totals,2026-09-28T16:55:49Z,Over,-105,50.5,20260928165602403570
NCAAF,americanfootball_ncaaf,a39f3695781e9b2f76011e921d63b124,2026-10-02T23:00:00Z,Delaware Blue Hens,Liberty Flames,fanduel,FanDuel,2026-09-28T16:55:50Z,totals,2026-09-28T16:55:49Z,Under,-115,50.5,20260928165602403570
NCAAF,americanfootball_ncaaf,a39f3695781e9b2f76011e921d63b124,2026-10-02T23:00:00Z,Delaware Blue Hens,Liberty Flames,betonlineag,BetOnline.ag,2026-09-28T16:55:07Z,h2h,2026-09-28T16:55:07Z,Delaware Blue Hens,226,,20260928165602403570
NCAAF,americanfootball_ncaaf,a39f3695781e9b2f76011e921d63b124,2026-10-02T23:00:00Z,Delaware Blue Hens,Liberty Flames,betonlineag,BetOnline.ag,2026-09-28T16:55:07Z,h2h,2026-09-28T16:55:07Z,Liberty Flames,-275,,20260928165602403570
NCAAF,americanfootball_ncaaf,a39f3695781e9b2f76011e921d63b124,2026-10-02T23:00:00Z,Delaware Blue Hens,Liberty Flames,betonlineag,BetOnline.ag,2026-09-28T16:55:07Z,spreads,2026-09-28T16:55:07Z,Delaware Blue Hens,-110,7.0,20260928165602403570
NCAAF,americanfootball_ncaaf,a39f3695781e9b2f76011e921d63b124,2026-10-02T23:00:00Z,Delaware Blue Hens,Liberty Flames,betonlineag,BetOnline.ag,2026-09-28T16:55:07Z,spreads,2026-09-28T16:55:07Z,Liberty Flames,-110,-7.0,20260928165602403570
NCAAF,americanfootball_ncaaf,a39f3695781e9b2f76011e921d63b124,2026-10-02T23:00:00Z,Delaware Blue Hens,Liberty Flames,betonlineag,BetOnline.ag,2026-09-28T16:55:07Z,totals,2026-09-28T16:55:07Z,Over,-110,49.5,20260928165602403570
NCAAF,americanfootball_ncaaf,a39f3695781e9b2f76011e921d63b124,2026-10-02T23:00:00Z,Delaware Blue Hens,Liberty Flames,betonlineag,BetOnline.ag,2026-09-28T16:55:07Z,totals,2026-09-28T16:55:07Z,Under,-110,49.5,20260928165602403570
NCAAF,americanfootball_ncaaf,a39f3695781e9b2f76011e921d63b124,2026-10-02T23:00:00Z,Delaware Blue Hens,Liberty Flames,lowvig,LowVig.ag,2026-09-28T16:55:49Z,h2h,2026-09-28T16:55:49Z,Delaware Blue Hens,226,,20260928165602403570
NCAAF,americanfootball_ncaaf,a39f3695781e9b2f76011e921d63b124,2026-10-02T23:00:00Z,Delaware Blue Hens,Liberty Flames,lowvig,LowVig.ag,2026-09-28T16:55:49Z,h2h,2026-09-28T16:55:49Z,Liberty Flames,-275,,20260928165602403570
NCAAF,americanfootball_ncaaf,a39f3695781e9b2f76011e921d63b124,2026-10-02T23:00:00Z,Delaware Blue Hens,Liberty Flames,lowvig,LowVig.ag,2026-09-28T16:55:49Z,spreads,2026-09-28T16:55:49Z,Delaware Blue Hens,-106,7.0,20260928165602403570
NCAAF,americanfootball_ncaaf,a39f3695781e9b2f76011e921d63b124,2026-10-02T23:00:00Z,Delaware Blue Hens,Liberty Flames,lowvig,LowVig.ag,2026-09-28T16:55:49Z,spreads,2026-09-28T16:55:49Z,Liberty Flames,-106,-7.0,20260928165602403570
NCAAF,americanfootball_ncaaf,a39f3695781e9b2f76011e921d63b124,2026-10-02T23:00:00Z,Delaware Blue Hens,Liberty Flames,lowvig,LowVig.ag,2026-09-28T16:55:49Z,totals,2026-09-28T16:55:49Z,Over,-108,49.5,20260928165602403570
NCAAF,americanfootball_ncaaf,a39f3695781e9b2f76011e921d63b124,2026-10-02T23:00:00Z,Delaware Blue Hens,Liberty Flames,lowvig,LowVig.ag,2026-09-28T16:55:49Z,totals,2026-09-28T16:55:49Z,Under,-108,49.5,20260928165602403570
NCAAF,americanfootball_ncaaf,a39f3695781e9b2f76011e921d63b124,2026-10-02T23:00:00Z,Delaware Blue Hens,Liberty Flames,betrivers,BetRivers,2026-09-28T16:55:49Z,h2h,2026-09-28T16:55:49Z,Delaware Blue Hens,220,,20260928165602403570
NCAAF,americanfootball_ncaaf,a39f3695781e9b2f76011e921d63b124,2026-10-02T23:00:00Z,Delaware Blue Hens,Liberty Flames,betrivers,BetRivers,2026-09-28T16:55:49Z,h2h,2026-09-28T16:55:49Z,Liberty Flames,-286,,20260928165602403570
NCAAF,americanfootball_ncaaf,a39f3695781e9b2f76011e921d63b124,2026-10-02T23:00:00Z,Delaware Blue Hens,Liberty Flames,betrivers,BetRivers,2026-09-28T16:55:49Z,spreads,2026-09-28T16:55:49Z,Delaware Blue Hens,-109,7.0,20260928165602403570
NCAAF,americanfootball_ncaaf,a39f3695781e9b2f76011e921d63b124,2026-10-02T23:00:00Z,Delaware Blue Hens,Liberty Flames,betrivers,BetRivers,2026-09-28T16:55:49Z,spreads,2026-09-28T16:55:49Z,Liberty Flames,-114,-7.0,20260928165602403570
NCAAF,americanfootball_ncaaf,a39f3695781e9b2f76011e921d63b124,2026-10-02T23:00:00Z,Delaware Blue Hens,Liberty Flames,betrivers,BetRivers,2026-09-28T16:55:49Z,totals,2026-09-28T16:55:49Z,Over,-114,49.5,20260928165602403570
NCAAF,americanfootball_ncaaf,a39f3695781e9b2f76011e921d63b124,2026-10-02T23:00:00Z,Delaware Blue Hens,Liberty Flames,betrivers,BetRivers,2026-09-28T16:55:49Z,totals,2026-09-28T16:55:49Z,Under,-109,49.5,20260928165602403570
NCAAF,americanfootball_ncaaf,a39f3695781e9b2f76011e921d63b124,2026-10-02T23:00:00Z,Delaware Blue Hens,Liberty Flames,draftkings,DraftKings,2026-09-28T16:55:34Z,h2h,2026-09-28T16:55:34Z,Delaware Blue Hens,220,,20260928165602403570
NCAAF,americanfootball_ncaaf,a39f3695781e9b2f76011e921d63b124,2026-10-02T23:00:00Z,Delaware Blue Hens,Liberty Flames,draftkings,DraftKings,2026-09-28T16:55:34Z,h2h,2026-09-28T16:55:34Z,Liberty Flames,-270,,20260928165602403570
NCAAF,americanfootball_ncaaf,a39f3695781e9b2f76011e921d63b124,2026-10-02T23:00:00Z,Delaware Blue Hens,Liberty Flames,draftkings,DraftKings,2026-09-28T16:55:34Z,spreads,2026-09-28T16:55:34Z,Delaware Blue Hens,-110,7.0,20260928165602403570
NCAAF,americanfootball_ncaaf,a39f3695781e9b2f76011e921d63b124,2026-10-02T23:00:00Z,Delaware Blue Hens,Liberty Flames,draftkings,DraftKings,2026-09-28T16:55:34Z,spreads,2026-09-28T16:55:34Z,Liberty Flames,-110,-7.0,20260928165602403570
NCAAF,americanfootball_ncaaf,a39f3695781e9b2f76011e921d63b124,2026-10-02T23:00:00Z,Delaware Blue Hens,Liberty Flames,draftkings,DraftKings,2026-09-28T16:55:34Z,totals,2026-09-28T16:55:34Z,Over,-115,49.5,20260928165602403570
NCAAF,americanfootball_ncaaf,a39f3695781e9b2f76011e921d63b124,2026-10-02T23:00:00Z,Delaware Blue Hens,Liberty Flames,draftkings,DraftKings,2026-09-28T16:55:34Z,totals,2026-09-28T16:55:34Z,Under,-105,49.5,20260928165602403570
NCAAF,americanfootball_ncaaf,a39f3695781e9b2f76011e921d63b124,2026-10-02T23:00:00Z,Delaware Blue Hens,Liberty Flames,betmgm,BetMGM,2026-09-28T16:54:38Z,h2h,2026-09-28T16:54:38Z,Delaware Blue Hens,225,,20260928165602403570
NCAAF,americanfootball_ncaaf,a39f3695781e9b2f76011e921d63b124,2026-10-02T23:00:00Z,Delaware Blue Hens,Liberty Flames,betmgm,BetMGM,2026-09-28T16:54:38Z,h2h,2026-09-28T16:54:38Z,Liberty Flames,-275,,20260928165602403570
NCAAF,americanfootball_ncaaf,a39f3695781e9b2f76011e921d63b124,2026-10-02T23:00:00Z,Delaware Blue Hens,Liberty Flames,betmgm,BetMGM,2026-09-28T16:54:38Z,spreads,2026-09-28T16:54:38Z,Delaware Blue Hens,-105,7.0,20260928165602403570
NCAAF,americanfootball_ncaaf,a39f3695781e9b2f76011e921d63b124,2026-10-02T23:00:00Z,Delaware Blue Hens,Liberty Flames,betmgm,BetMGM,2026-09-28T16:54:38Z,spreads,2026-09-28T16:54:38Z,Liberty Flames,-112,-7.0,20260928165602403570
NCAAF,americanfootball_ncaaf,a39f3695781e9b2f76011e921d63b124,2026-10-02T23:00:00Z,Delaware Blue Hens,Liberty Flames,betmgm,BetMGM,2026-09-28T16:54:38Z,totals,2026-09-28T16:54:38Z,Over,-112,49.5,20260928165602403570
NCAAF,americanfootball_ncaaf,a39f3695781e9b2f76011e921d63b124,2026-10-02T23:00:00Z,Delaware Blue Hens,Liberty Flames,betmgm,BetMGM,2026-09-28T16:54:38Z,totals,2026-09-28T16:54:38Z,Under,-105,49.5,20260928165602403570
NCAAF,americanfootball_ncaaf,a39f3695781e9b2f76011e921d63b124,2026-10-02T23:00:00Z,Delaware Blue Hens,Liberty Flames,mybookieag,MyBookie.ag,2026-09-28T16:55:48Z,h2h,2026-09-28T16:55:48Z,Delaware Blue Hens,232,,20260928165602403570
NCAAF,americanfootball_ncaaf,a39f3695781e9b2f76011e921d63b124,2026-10-02T23:00:00Z,Delaware Blue Hens,Liberty Flames,mybookieag,MyBookie.ag,2026-09-28T16:55:48Z,h2h,2026-09-28T16:55:48Z,Liberty Flames,-295,,20260928165602403570
NCAAF,americanfootball_ncaaf,a39f3695781e9b2f76011e921d63b124,2026-10-02T23:00:00Z,Delaware Blue Hens,Liberty Flames,mybookieag,MyBookie.ag,2026-09-28T16:55:48Z,spreads,2026-09-28T16:55:48Z,Delaware Blue Hens,-110,7.0,20260928165602403570
NCAAF,americanfootball_ncaaf,a39f3695781e9b2f76011e921d63b124,2026-10-02T23:00:00Z,Delaware Blue Hens,Liberty Flames,mybookieag,MyBookie.ag,2026-09-28T16:55:48Z,spreads,2026-09-28T16:55:48Z,Liberty Flames,-110,-7.0,20260928165602403570
NCAAF,americanfootball_ncaaf,a39f3695781e9b2f76011e921d63b124,2026-10-02T23:00:00Z,Delaware Blue Hens,Liberty Flames,mybookieag,MyBookie.ag,2026-09-28T16:55:48Z,totals,2026-09-28T16:55:48Z,Over,-110,50.0,20260928165602403570
NCAAF,americanfootball_ncaaf,a39f3695781e9b2f76011e921d63b124,2026-10-02T23:00:00Z,Delaware Blue Hens,Liberty Flames,mybookieag,MyBookie.ag,2026-09-28T16:55:48Z,totals,2026-09-28T16:55:48Z,Under,-110,50.0,20260928165602403570
NCAAF,americanfootball_ncaaf,a39f3695781e9b2f76011e921d63b124,2026-10-02T23:00:00Z,Delaware Blue Hens,Liberty Flames,betus,BetUS,2026-09-28T16:55:53Z,h2h,2026-09-28T16:55:51Z,Delaware Blue Hens,230,,20260928165602403570
NCAAF,americanfootball_ncaaf,a39f3695781e9b2f76011e921d63b124,2026-10-02T23:00:00Z,Delaware Blue Hens,Liberty Flames,betus,BetUS,2026-09-28T16:55:53Z,h2h,2026-09-28T16:55:51Z,Liberty Flames,-275,,20260928165602403570
NCAAF,americanfootball_ncaaf,a39f3695781e9b2f76011e921d63b124,2026-10-02T23:00:00Z,Delaware Blue Hens,Liberty Flames,betus,BetUS,2026-09-28T16:55:53Z,spreads,2026-09-28T16:55:51Z,Delaware Blue Hens,-110,7.0,20260928165602403570
NCAAF,americanfootball_ncaaf,a39f3695781e9b2f76011e921d63b124,2026-10-02T23:00:00Z,Delaware Blue Hens,Liberty Flames,betus,BetUS,2026-09-28T16:55:53Z,spreads,2026-09-28T16:55:51Z,Liberty Flames,-110,-7.0,20260928165602403570
NCAAF,americanfootball_ncaaf,a39f3695781e9b2f76011e921d63b124,2026-10-02T23:00:00Z,Delaware Blue Hens,Liberty Flames,betus,BetUS,2026-09-28T16:55:53Z,totals,2026-09-28T16:55:51Z,Over,-110,50.0,20260928165602403570
NCAAF,americanfootball_ncaaf,a39f3695781e9b2f76011e921d63b124,2026-10-02T23:00:00Z,Delaware Blue Hens,Liberty Flames,betus,BetUS,2026-09-28T16:55:53Z,totals,2026-09-28T16:55:51Z,Under,-110,50.0,20260928165602403570
NCAAF,americanfootball_ncaaf,a39f3695781e9b2f76011e921d63b124,2026-10-02T23:00:00Z,Delaware Blue Hens,Liberty Flames,bovada,Bovada,2026-09-28T16:54:58Z,h2h,2026-09-28T16:54:57Z,Delaware Blue Hens,230,,20260928165602403570
NCAAF,americanfootball_ncaaf,a39f3695781e9b2f76011e921d63b124,2026-10-02T23:00:00Z,Delaware Blue Hens,Liberty Flames,bovada,Bovada,2026-09-28T16:54:58Z,h2h,2026-09-28T16:54:57Z,Liberty Flames,-280,,20260928165602403570
NCAAF,americanfootball_ncaaf,a39f3695781e9b2f76011e921d63b124,2026-10-02T23:00:00Z,Delaware Blue Hens,Liberty Flames,bovada,Bovada,2026-09-28T16:54:58Z,spreads,2026-09-28T16:54:57Z,Delaware Blue Hens,-110,7.0,20260928165602403570
NCAAF,americanfootball_ncaaf,a39f3695781e9b2f76011e921d63b124,2026-10-02T23:00:00Z,Delaware Blue Hens,Liberty Flames,bovada,Bovada,2026-09-28T16:54:58Z,spreads,2026-09-28T16:54:57Z,Liberty Flames,-110,-7.0,20260928165602403570
NCAAF,americanfootball_ncaaf,a39f3695781e9b2f76011e921d63b124,2026-10-02T23:00:00Z,Delaware Blue Hens,Liberty Flames,bovada,Bovada,2026-09-28T16:54:58Z,totals,2026-09-28T16:54:57Z,Over,-110,50.0,20260928165602403570
NCAAF,americanfootball_ncaaf,a39f3695781e9b2f76011e921d63b124,2026-10-02T23:00:00Z,Delaware Blue Hens,Liberty Flames,bovada,Bovada,2026-09-28T16:54:58Z,totals,2026-09-28T16:54:57Z,Under,-110,50.0,20260928165602403570
NCAAF,americanfootball_ncaaf,e61c74f0e28b46ad83270a6234b425f4,2026-10-02T23:00:00Z,Virginia Tech Hokies,Pittsburgh Panthers,draftkings,DraftKings,2026-09-28T16:55:34Z,h2h,2026-09-28T16:55:34Z,Pittsburgh Panthers,136,,20260928165602403570
NCAAF,americanfootball_ncaaf,e61c74f0e28b46ad83270a6234b425f4,2026-10-02T23:00:00Z,Virginia Tech Hokies,Pittsburgh Panthers,draftkings,DraftKings,2026-09-28T16:55:34Z,h2h,2026-09-28T16:55:34Z,Virginia Tech Hokies,-162,,20260928165602403570
NCAAF,americanfootball_ncaaf,e61c74f0e28b46ad83270a6234b425f4,2026-10-02T23:00:00Z,Virginia Tech Hokies,Pittsburgh Panthers,draftkings,DraftKings,2026-09-28T16:55:34Z,spreads,2026-09-28T16:55:34Z,Pittsburgh Panthers,-115,3.5,20260928165602403570
NCAAF,americanfootball_ncaaf,e61c74f0e28b46ad83270a6234b425f4,2026-10-02T23:00:00Z,Virginia Tech Hokies,Pittsburgh Panthers,draftkings,DraftKings,2026-09-28T16:55:34Z,spreads,2026-09-28T16:55:34Z,Virginia Tech Hokies,-105,-3.5,20260928165602403570
NCAAF,americanfootball_ncaaf,e61c74f0e28b46ad83270a6234b425f4,2026-10-02T23:00:00Z,Virginia Tech Hokies,Pittsburgh Panthers,draftkings,DraftKings,2026-09-28T16:55:34Z,totals,2026-09-28T16:55:34Z,Over,-108,53.5,20260928165602403570
NCAAF,americanfootball_ncaaf,e61c74f0e28b46ad83270a6234b425f4,2026-10-02T23:00:00Z,Virginia Tech Hokies,Pittsburgh Panthers,draftkings,DraftKings,2026-09-28T16:55:34Z,totals,2026-09-28T16:55:34Z,Under,-112,53.5,20260928165602403570
NCAAF,americanfootball_ncaaf,e61c74f0e28b46ad83270a6234b425f4,2026-10-02T23:00:00Z,Virginia Tech Hokies,Pittsburgh Panthers,fanduel,FanDuel,2026-09-28T16:55:50Z,h2h,2026-09-28T16:55:49Z,Pittsburgh Panthers,132,,20260928165602403570
NCAAF,americanfootball_ncaaf,e61c74f0e28b46ad83270a6234b425f4,2026-10-02T23:00:00Z,Virginia Tech Hokies,Pittsburgh Panthers,fanduel,FanDuel,2026-09-28T16:55:50Z,h2h,2026-09-28T16:55:49Z,Virginia Tech Hokies,-160,,20260928165602403570
NCAAF,americanfootball_ncaaf,e61c74f0e28b46ad83270a6234b425f4,2026-10-02T23:00:00Z,Virginia Tech Hokies,Pittsburgh Panthers,fanduel,FanDuel,2026-09-28T16:55:50Z,spreads,2026-09-28T16:55:49Z,Pittsburgh Panthers,-114,3.5,20260928165602403570
NCAAF,americanfootball_ncaaf,e61c74f0e28b46ad83270a6234b425f4,2026-10-02T23:00:00Z,Virginia Tech Hokies,Pittsburgh Panthers,fanduel,FanDuel,2026-09-28T16:55:50Z,spreads,2026-09-28T16:55:49Z,Virginia Tech Hokies,-106,-3.5,20260928165602403570
NCAAF,americanfootball_ncaaf,e61c74f0e28b46ad83270a6234b425f4,2026-10-02T23:00:00Z,Virginia Tech Hokies,Pittsburgh Panthers,fanduel,FanDuel,2026-09-28T16:55:50Z,totals,2026-09-28T16:55:49Z,Over,-114,53.5,20260928165602403570
NCAAF,americanfootball_ncaaf,e61c74f0e28b46ad83270a6234b425f4,2026-10-02T23:00:00Z,Virginia Tech Hokies,Pittsburgh Panthers,fanduel,FanDuel,2026-09-28T16:55:50Z,totals,2026-09-28T16:55:49Z,Under,-106,53.5,20260928165602403570
NCAAF,americanfootball_ncaaf,e61c74f0e28b46ad83270a6234b425f4,2026-10-02T23:00:00Z,Virginia Tech Hokies,Pittsburgh Panthers,mybookieag,MyBookie.ag,2026-09-28T16:55:48Z,h2h,2026-09-28T16:55:48Z,Pittsburgh Panthers,144,,20260928165602403570
NCAAF,americanfootball_ncaaf,e61c74f0e28b46ad83270a6234b425f4,2026-10-02T23:00:00Z,Virginia Tech Hokies,Pittsburgh Panthers,mybookieag,MyBookie.ag,2026-09-28T16:55:48Z,h2h,2026-09-28T16:55:48Z,Virginia Tech Hokies,-179,,20260928165602403570
NCAAF,americanfootball_ncaaf,e61c74f0e28b46ad83270a6234b425f4,2026-10-02T23:00:00Z,Virginia Tech Hokies,Pittsburgh Panthers,mybookieag,MyBookie.ag,2026-09-28T16:55:48Z,spreads,2026-09-28T16:55:48Z,Pittsburgh Panthers,-110,3.5,20260928165602403570
NCAAF,americanfootball_ncaaf,e61c74f0e28b46ad83270a6234b425f4,2026-10-02T23:00:00Z,Virginia Tech Hokies,Pittsburgh Panthers,mybookieag,MyBookie.ag,2026-09-28T16:55:48Z,spreads,2026-09-28T16:55:48Z,Virginia Tech Hokies,-110,-3.5,20260928165602403570
NCAAF,americanfootball_ncaaf,e61c74f0e28b46ad83270a6234b425f4,2026-10-02T23:00:00Z,Virginia Tech Hokies,Pittsburgh Panthers,mybookieag,MyBookie.ag,2026-09-28T16:55:48Z,totals,2026-09-28T16:55:48Z,Over,-110,53.5,20260928165602403570
NCAAF,americanfootball_ncaaf,e61c74f0e28b46ad83270a6234b425f4,2026-10-02T23:00:00Z,Virginia Tech Hokies,Pittsburgh Panthers,mybookieag,MyBookie.ag,2026-09-28T16:55:48Z,totals,2026-09-28T16:55:48Z,Under,-110,53.5,20260928165602403570
NCAAF,americanfootball_ncaaf,e61c74f0e28b46ad83270a6234b425f4,2026-10-02T23:00:00Z,Virginia Tech Hokies,Pittsburgh Panthers,betrivers,BetRivers,2026-09-28T16:55:49Z,h2h,2026-09-28T16:55:49Z,Pittsburgh Panthers,135,,20260928165602403570
NCAAF,americanfootball_ncaaf,e61c74f0e28b46ad83270a6234b425f4,2026-10-02T23:00:00Z,Virginia Tech Hokies,Pittsburgh Panthers,betrivers,BetRivers,2026-09-28T16:55:49Z,h2h,2026-09-28T16:55:49Z,Virginia Tech Hokies,-167,,20260928165602403570
NCAAF,americanfootball_ncaaf,e61c74f0e28b46ad83270a6234b425f4,2026-10-02T23:00:00Z,Virginia Tech Hokies,Pittsburgh Panthers,betrivers,BetRivers,2026-09-28T16:55:49Z,spreads,2026-09-28T16:55:49Z,Pittsburgh Panthers,-117,3.5,20260928165602403570
NCAAF,americanfootball_ncaaf,e61c74f0e28b46ad83270a6234b425f4,2026-10-02T23:00:00Z,Virginia Tech Hokies,Pittsburgh Panthers,betrivers,BetRivers,2026-09-28T16:55:49Z,spreads,2026-09-28T16:55:49Z,Virginia Tech Hokies,-107,-3.5,20260928165602403570
NCAAF,americanfootball_ncaaf,e61c74f0e28b46ad83270a6234b425f4,2026-10-02T23:00:00Z,Virginia Tech Hokies,Pittsburgh Panthers,betrivers,BetRivers,2026-09-28T16:55:49Z,totals,2026-09-28T16:55:49Z,Over,-113,53.5,20260928165602403570
NCAAF,americanfootball_ncaaf,e61c74f0e28b46ad83270a6234b425f4,2026-10-02T23:00:00Z,Virginia Tech Hokies,Pittsburgh Panthers,betrivers,BetRivers,2026-09-28T16:55:49Z,totals,2026-09-28T16:55:49Z,Under,-110,53.5,20260928165602403570
NCAAF,americanfootball_ncaaf,e61c74f0e28b46ad83270a6234b425f4,2026-10-02T23:00:00Z,Virginia Tech Hokies,Pittsburgh Panthers,betonlineag,BetOnline.ag,2026-09-28T16:55:07Z,h2h,2026-09-28T16:55:07Z,Pittsburgh Panthers,135,,20260928165602403570
NCAAF,americanfootball_ncaaf,e61c74f0e28b46ad83270a6234b425f4,2026-10-02T23:00:00Z,Virginia Tech Hokies,Pittsburgh Panthers,betonlineag,BetOnline.ag,2026-09-28T16:55:07Z,h2h,2026-09-28T16:55:07Z,Virginia Tech Hokies,-155,,20260928165602403570
NCAAF,americanfootball_ncaaf,e61c74f0e28b46ad83270a6234b425f4,2026-10-02T23:00:00Z,Virginia Tech Hokies,Pittsburgh Panthers,betonlineag,BetOnline.ag,2026-09-28T16:55:07Z,spreads,2026-09-28T16:55:07Z,Pittsburgh Panthers,-105,3.0,20260928165602403570
NCAAF,americanfootball_ncaaf,e61c74f0e28b46ad83270a6234b425f4,2026-10-02T23:00:00Z,Virginia Tech Hokies,Pittsburgh Panthers,betonlineag,BetOnline.ag,2026-09-28T16:55:07Z,spreads,2026-09-28T16:55:07Z,Virginia Tech Hokies,-115,-3.0,20260928165602403570
NCAAF,americanfootball_ncaaf,e61c74f0e28b46ad83270a6234b425f4,2026-10-02T23:00:00Z,Virginia Tech Hokies,Pittsburgh Panthers,betonlineag,BetOnline.ag,2026-09-28T16:55:07Z,totals,2026-09-28T16:55:07Z,Over,-110,53.5,20260928165602403570
NCAAF,americanfootball_ncaaf,e61c74f0e28b46ad83270a6234b425f4,2026-10-02T23:00:00Z,Virginia Tech Hokies,Pittsburgh Panthers,betonlineag,BetOnline.ag,2026-09-28T16:55:07Z,totals,2026-09-28T16:55:07Z,Under,-110,53.5,20260928165602403570
NCAAF,americanfootball_ncaaf,e61c74f0e28b46ad83270a6234b425f4,2026-10-02T23:00:00Z,Virginia Tech Hokies,Pittsburgh Panthers,lowvig,LowVig.ag,2026-09-28T16:55:49Z,h2h,2026-09-28T16:55:49Z,Pittsburgh Panthers,135,,20260928165602403570
NCAAF,americanfootball_ncaaf,e61c74f0e28b46ad83270a6234b425f4,2026-10-02T23:00:00Z,Virginia Tech Hokies,Pittsburgh Panthers,lowvig,LowVig.ag,2026-09-28T16:55:49Z,h2h,2026-09-28T16:55:49Z,Virginia Tech Hokies,-155,,20260928165602403570
NCAAF,americanfootball_ncaaf,e61c74f0e28b46ad83270a6234b425f4,2026-10-02T23:00:00Z,Virginia Tech Hokies,Pittsburgh Panthers,lowvig,LowVig.ag,2026-09-28T16:55:49Z,spreads,2026-09-28T16:55:49Z,Pittsburgh Panthers,-101,3.0,20260928165602403570
NCAAF,americanfootball_ncaaf,e61c74f0e28b46ad83270a6234b425f4,2026-10-02T23:00:00Z,Virginia Tech Hokies,Pittsburgh Panthers,lowvig,LowVig.ag,2026-09-28T16:55:49Z,spreads,2026-09-28T16:55:49Z,Virginia Tech Hokies,-111,-3.0,20260928165602403570
NCAAF,americanfootball_ncaaf,e61c74f0e28b46ad83270a6234b425f4,2026-10-02T23:00:00Z,Virginia Tech Hokies,Pittsburgh Panthers,lowvig,LowVig.ag,2026-09-28T16:55:49Z,totals,2026-09-28T16:55:49Z,Over,-108,53.5,20260928165602403570
NCAAF,americanfootball_ncaaf,e61c74f0e28b46ad83270a6234b425f4,2026-10-02T23:00:00Z,Virginia Tech Hokies,Pittsburgh Panthers,lowvig,LowVig.ag,2026-09-28T16:55:49Z,totals,2026-09-28T16:55:49Z,Under,-108,53.5,20260928165602403570
NCAAF,americanfootball_ncaaf,e61c74f0e28b46ad83270a6234b425f4,2026-10-02T23:00:00Z,Virginia Tech Hokies,Pittsburgh Panthers,betmgm,BetMGM,2026-09-28T16:54:38Z,h2h,2026-09-28T16:54:38Z,Pittsburgh Panthers,135,,20260928165602403570
NCAAF,americanfootball_ncaaf,e61c74f0e28b46ad83270a6234b425f4,2026-10-02T23:00:00Z,Virginia Tech Hokies,Pittsburgh Panthers,betmgm,BetMGM,2026-09-28T16:54:38Z,h2h,2026-09-28T16:54:38Z,Virginia Tech Hokies,-165,,20260928165602403570
NCAAF,americanfootball_ncaaf,e61c74f0e28b46ad83270a6234b425f4,2026-10-02T23:00:00Z,Virginia Tech Hokies,Pittsburgh Panthers,betmgm,BetMGM,2026-09-28T16:54:38Z,spreads,2026-09-28T16:54:38Z,Pittsburgh Panthers,-115,3.5,20260928165602403570
NCAAF,americanfootball_ncaaf,e61c74f0e28b46ad83270a6234b425f4,2026-10-02T23:00:00Z,Virginia Tech Hokies,Pittsburgh Panthers,betmgm,BetMGM,2026-09-28T16:54:38Z,spreads,2026-09-28T16:54:38Z,Virginia Tech Hokies,-102,-3.5,20260928165602403570
NCAAF,americanfootball_ncaaf,e61c74f0e28b46ad83270a6234b425f4,2026-10-02T23:00:00Z,Virginia Tech Hokies,Pittsburgh Panthers,betmgm,BetMGM,2026-09-28T16:54:38Z,totals,2026-09-28T16:54:38Z,Over,-110,53.5,20260928165602403570
NCAAF,americanfootball_ncaaf,e61c74f0e28b46ad83270a6234b425f4,2026-10-02T23:00:00Z,Virginia Tech Hokies,Pittsburgh Panthers,betmgm,BetMGM,2026-09-28T16:54:38Z,totals,2026-09-28T16:54:38Z,Under,-108,53.5,20260928165602403570
NCAAF,americanfootball_ncaaf,e61c74f0e28b46ad83270a6234b425f4,2026-10-02T23:00:00Z,Virginia Tech Hokies,Pittsburgh Panthers,betus,BetUS,2026-09-28T16:55:53Z,h2h,2026-09-28T16:55:51Z,Pittsburgh Panthers,134,,20260928165602403570
NCAAF,americanfootball_ncaaf,e61c74f0e28b46ad83270a6234b425f4,2026-10-02T23:00:00Z,Virginia Tech Hokies,Pittsburgh Panthers,betus,BetUS,2026-09-28T16:55:53Z,h2h,2026-09-28T16:55:51Z,Virginia Tech Hokies,-155,,20260928165602403570
NCAAF,americanfootball_ncaaf,e61c74f0e28b46ad83270a6234b425f4,2026-10-02T23:00:00Z,Virginia Tech Hokies,Pittsburgh Panthers,betus,BetUS,2026-09-28T16:55:53Z,spreads,2026-09-28T16:55:51Z,Pittsburgh Panthers,-105,3.0,20260928165602403570
NCAAF,americanfootball_ncaaf,e61c74f0e28b46ad83270a6234b425f4,2026-10-02T23:00:00Z,Virginia Tech Hokies,Pittsburgh Panthers,betus,BetUS,2026-09-28T16:55:53Z,spreads,2026-09-28T16:55:51Z,Virginia Tech Hokies,-115,-3.0,20260928165602403570
NCAAF,americanfootball_ncaaf,e61c74f0e28b46ad83270a6234b425f4,2026-10-02T23:00:00Z,Virginia Tech Hokies,Pittsburgh Panthers,betus,BetUS,2026-09-28T16:55:53Z,totals,2026-09-28T16:55:51Z,Over,-110,53.5,20260928165602403570
NCAAF,americanfootball_ncaaf,e61c74f0e28b46ad83270a6234b425f4,2026-10-02T23:00:00Z,Virginia Tech Hokies,Pittsburgh Panthers,betus,BetUS,2026-09-28T16:55:53Z,totals,2026-09-28T16:55:51Z,Under,-110,53.5,20260928165602403570
NCAAF,americanfootball_ncaaf,e61c74f0e28b46ad83270a6234b425f4,2026-10-02T23:00:00Z,Virginia Tech Hokies,Pittsburgh Panthers,bovada,Bovada,2026-09-28T16:54:58Z,h2h,2026-09-28T16:54:57Z,Pittsburgh Panthers,145,,20260928165602403570
NCAAF,americanfootball_ncaaf,e61c74f0e28b46ad83270a6234b425f4,2026-10-02T23:00:00Z,Virginia Tech Hokies,Pittsburgh Panthers,bovada,Bovada,2026-09-28T16:54:58Z,h2h,2026-09-28T16:54:57Z,Virginia Tech Hokies,-170,,20260928165602403570
NCAAF,americanfootball_ncaaf,e61c74f0e28b46ad83270a6234b425f4,2026-10-02T23:00:00Z,Virginia Tech Hokies,Pittsburgh Panthers,bovada,Bovada,2026-09-28T16:54:58Z,spreads,2026-09-28T16:54:57Z,Pittsburgh Panthers,100,3.0,20260928165602403570
NCAAF,americanfootball_ncaaf,e61c74f0e28b46ad83270a6234b425f4,2026-10-02T23:00:00Z,Virginia Tech Hokies,Pittsburgh Panthers,bovada,Bovada,2026-09-28T16:54:58Z,spreads,2026-09-28T16:54:57Z,Virginia Tech Hokies,-120,-3.0,20260928165602403570
NCAAF,americanfootball_ncaaf,e61c74f0e28b46ad83270a6234b425f4,2026-10-02T23:00:00Z,Virginia Tech Hokies,Pittsburgh Panthers,bovada,Bovada,2026-09-28T16:54:58Z,totals,2026-09-28T16:54:57Z,Over,-110,53.5,20260928165602403570
NCAAF,americanfootball_ncaaf,e61c74f0e28b46ad83270a6234b425f4,2026-10-02T23:00:00Z,Virginia Tech Hokies,Pittsburgh Panthers,bovada,Bovada,2026-09-28T16:54:58Z,totals,2026-09-28T16:54:57Z,Under,-110,53.5,20260928165602403570
NCAAF,americanfootball_ncaaf,0469a451e58ca81723a7760d4bede173,2026-10-03T00:00:00Z,Northwestern Wildcats,Penn State Nittany Lions,draftkings,DraftKings,2026-09-28T16:55:34Z,h2h,2026-09-28T16:55:34Z,Northwestern Wildcats,120,,20260928165602403570
NCAAF,americanfootball_ncaaf,0469a451e58ca81723a7760d4bede173,2026-10-03T00:00:00Z,Northwestern Wildcats,Penn State Nittany Lions,draftkings,DraftKings,2026-09-28T16:55:34Z,h2h,2026-09-28T16:55:34Z,Penn State Nittany Lions,-142,,20260928165602403570
NCAAF,americanfootball_ncaaf,0469a451e58ca81723a7760d4bede173,2026-10-03T00:00:00Z,Northwestern Wildcats,Penn State Nittany Lions,draftkings,DraftKings,2026-09-28T16:55:34Z,spreads,2026-09-28T16:55:34Z,Northwestern Wildcats,-105,2.5,20260928165602403570
NCAAF,americanfootball_ncaaf,0469a451e58ca81723a7760d4bede173,2026-10-03T00:00:00Z,Northwestern Wildcats,Penn State Nittany Lions,draftkings,DraftKings,2026-09-28T16:55:34Z,spreads,2026-09-28T16:55:34Z,Penn State Nittany Lions,-115,-2.5,20260928165602403570
NCAAF,americanfootball_ncaaf,0469a451e58ca81723a7760d4bede173,2026-10-03T00:00:00Z,Northwestern Wildcats,Penn State Nittany Lions,draftkings,DraftKings,2026-09-28T16:55:34Z,totals,2026-09-28T16:55:34Z,Over,-108,45.5,20260928165602403570
NCAAF,americanfootball_ncaaf,0469a451e58ca81723a7760d4bede173,2026-10-03T00:00:00Z,Northwestern Wildcats,Penn State Nittany Lions,draftkings,DraftKings,2026-09-28T16:55:34Z,totals,2026-09-28T16:55:34Z,Under,-112,45.5,20260928165602403570
NCAAF,americanfootball_ncaaf,0469a451e58ca81723a7760d4bede173,2026-10-03T00:00:00Z,Northwestern Wildcats,Penn State Nittany Lions,fanduel,FanDuel,2026-09-28T16:55:50Z,h2h,2026-09-28T16:55:49Z,Northwestern Wildcats,114,,20260928165602403570
NCAAF,americanfootball_ncaaf,0469a451e58ca81723a7760d4bede173,2026-10-03T00:00:00Z,Northwestern Wildcats,Penn State Nittany Lions,fanduel,FanDuel,2026-09-28T16:55:50Z,h2h,2026-09-28T16:55:49Z,Penn State Nittany Lions,-137,,20260928165602403570
NCAAF,americanfootball_ncaaf,0469a451e58ca81723a7760d4bede173,2026-10-03T00:00:00Z,Northwestern Wildcats,Penn State Nittany Lions,fanduel,FanDuel,2026-09-28T16:55:50Z,spreads,2026-09-28T16:55:49Z,Northwestern Wildcats,-110,2.5,20260928165602403570
NCAAF,americanfootball_ncaaf,0469a451e58ca81723a7760d4bede173,2026-10-03T00:00:00Z,Northwestern Wildcats,Penn State Nittany Lions,fanduel,FanDuel,2026-09-28T16:55:50Z,spreads,2026-09-28T16:55:49Z,Penn State Nittany Lions,-110,-2.5,20260928165602403570
NCAAF,americanfootball_ncaaf,0469a451e58ca81723a7760d4bede173,2026-10-03T00:00:00Z,Northwestern Wildcats,Penn State Nittany Lions,fanduel,FanDuel,2026-09-28T16:55:50Z,totals,2026-09-28T16:55:49Z,Over,-110,45.5,20260928165602403570
NCAAF,americanfootball_ncaaf,0469a451e58ca81723a7760d4bede173,2026-10-03T00:00:00Z,Northwestern Wildcats,Penn State Nittany Lions,fanduel,FanDuel,2026-09-28T16:55:50Z,totals,2026-09-28T16:55:49Z,Under,-110,45.5,20260928165602403570
NCAAF,americanfootball_ncaaf,0469a451e58ca81723a7760d4bede173,2026-10-03T00:00:00Z,Northwestern Wildcats,Penn State Nittany Lions,mybookieag,MyBookie.ag,2026-09-28T16:55:48Z,h2h,2026-09-28T16:55:48Z,Northwestern Wildcats,115,,20260928165602403570
NCAAF,americanfootball_ncaaf,0469a451e58ca81723a7760d4bede173,2026-10-03T00:00:00Z,Northwestern Wildcats,Penn State Nittany Lions,mybookieag,MyBookie.ag,2026-09-28T16:55:48Z,h2h,2026-09-28T16:55:48Z,Penn State Nittany Lions,-140,,20260928165602403570
NCAAF,americanfootball_ncaaf,0469a451e58ca81723a7760d4bede173,2026-10-03T00:00:00Z,Northwestern Wildcats,Penn State Nittany Lions,mybookieag,MyBookie.ag,2026-09-28T16:55:48Z,spreads,2026-09-28T16:55:48Z,Northwestern Wildcats,-110,2.5,20260928165602403570
NCAAF,americanfootball_ncaaf,0469a451e58ca81723a7760d4bede173,2026-10-03T00:00:00Z,Northwestern Wildcats,Penn State Nittany Lions,mybookieag,MyBookie.ag,2026-09-28T16:55:48Z,spreads,2026-09-28T16:55:48Z,Penn State Nittany Lions,-110,-2.5,20260928165602403570
NCAAF,americanfootball_ncaaf,0469a451e58ca81723a7760d4bede173,2026-10-03T00:00:00Z,Northwestern Wildcats,Penn State Nittany Lions,mybookieag,MyBookie.ag,2026-09-28T16:55:48Z,totals,2026-09-28T16:55:48Z,Over,-110,45.5,20260928165602403570
NCAAF,americanfootball_ncaaf,0469a451e58ca81723a7760d4bede173,2026-10-03T00:00:00Z,Northwestern Wildcats,Penn State Nittany Lions,mybookieag,MyBookie.ag,2026-09-28T16:55:48Z,totals,2026-09-28T16:55:48Z,Under,-110,45.5,20260928165602403570
NCAAF,americanfootball_ncaaf,0469a451e58ca81723a7760d4bede173,2026-10-03T00:00:00Z,Northwestern Wildcats,Penn State Nittany Lions,betrivers,BetRivers,2026-09-28T16:55:49Z,h2h,2026-09-28T16:55:49Z,Northwestern Wildcats,118,,20260928165602403570
NCAAF,americanfootball_ncaaf,0469a451e58ca81723a7760d4bede173,2026-10-03T00:00:00Z,Northwestern Wildcats,Penn State Nittany Lions,betrivers,BetRivers,2026-09-28T16:55:49Z,h2h,2026-09-28T16:55:49Z,Penn State Nittany Lions,-148,,20260928165602403570
NCAAF,americanfootball_ncaaf,0469a451e58ca81723a7760d4bede173,2026-10-03T00:00:00Z,Northwestern Wildcats,Penn State Nittany Lions,betrivers,BetRivers,2026-09-28T16:55:49Z,spreads,2026-09-28T16:55:49Z,Northwestern Wildcats,-120,3.0,20260928165602403570
NCAAF,americanfootball_ncaaf,0469a451e58ca81723a7760d4bede173,2026-10-03T00:00:00Z,Northwestern Wildcats,Penn State Nittany Lions,betrivers,BetRivers,2026-09-28T16:55:49Z,spreads,2026-09-28T16:55:49Z,Penn State Nittany Lions,-106,-3.0,20260928165602403570
NCAAF,americanfootball_ncaaf,0469a451e58ca81723a7760d4bede173,2026-10-03T00:00:00Z,Northwestern Wildcats,Penn State Nittany Lions,betrivers,BetRivers,2026-09-28T16:55:49Z,totals,2026-09-28T16:55:49Z,Over,-109,45.5,20260928165602403570
NCAAF,americanfootball_ncaaf,0469a451e58ca81723a7760d4bede173,2026-10-03T00:00:00Z,Northwestern Wildcats,Penn State Nittany Lions,betrivers,BetRivers,2026-09-28T16:55:49Z,totals,2026-09-28T16:55:49Z,Under,-114,45.5,20260928165602403570
NCAAF,americanfootball_ncaaf,0469a451e58ca81723a7760d4bede173,2026-10-03T00:00:00Z,Northwestern Wildcats,Penn State Nittany Lions,lowvig,LowVig.ag,2026-09-28T16:55:49Z,h2h,2026-09-28T16:55:49Z,Northwestern Wildcats,120,,20260928165602403570
NCAAF,americanfootball_ncaaf,0469a451e58ca81723a7760d4bede173,2026-10-03T00:00:00Z,Northwestern Wildcats,Penn State Nittany Lions,lowvig,LowVig.ag,2026-09-28T16:55:49Z,h2h,2026-09-28T16:55:49Z,Penn State Nittany Lions,-140,,20260928165602403570
NCAAF,americanfootball_ncaaf,0469a451e58ca81723a7760d4bede173,2026-10-03T00:00:00Z,Northwestern Wildcats,Penn State Nittany Lions,lowvig,LowVig.ag,2026-09-28T16:55:49Z,spreads,2026-09-28T16:55:49Z,Northwestern Wildcats,100,2.5,20260928165602403570
NCAAF,americanfootball_ncaaf,0469a451e58ca81723a7760d4bede173,2026-10-03T00:00:00Z,Northwestern Wildcats,Penn State Nittany Lions,lowvig,LowVig.ag,2026-09-28T16:55:49Z,spreads,2026-09-28T16:55:49Z,Penn State Nittany Lions,-112,-2.5,20260928165602403570
NCAAF,americanfootball_ncaaf,0469a451e58ca81723a7760d4bede173,2026-10-03T00:00:00Z,Northwestern Wildcats,Penn State Nittany Lions,lowvig,LowVig.ag,2026-09-28T16:55:49Z,totals,2026-09-28T16:55:49Z,Over,-108,46.0,20260928165602403570
NCAAF,americanfootball_ncaaf,0469a451e58ca81723a7760d4bede173,2026-10-03T00:00:00Z,Northwestern Wildcats,Penn State Nittany Lions,lowvig,LowVig.ag,2026-09-28T16:55:49Z,totals,2026-09-28T16:55:49Z,Under,-108,46.0,20260928165602403570
NCAAF,americanfootball_ncaaf,0469a451e58ca81723a7760d4bede173,2026-10-03T00:00:00Z,Northwestern Wildcats,Penn State Nittany Lions,betonlineag,BetOnline.ag,2026-09-28T16:55:07Z,h2h,2026-09-28T16:55:07Z,Northwestern Wildcats,120,,20260928165602403570
NCAAF,americanfootball_ncaaf,0469a451e58ca81723a7760d4bede173,2026-10-03T00:00:00Z,Northwestern Wildcats,Penn State Nittany Lions,betonlineag,BetOnline.ag,2026-09-28T16:55:07Z,h2h,2026-09-28T16:55:07Z,Penn State Nittany Lions,-140,,20260928165602403570
NCAAF,americanfootball_ncaaf,0469a451e58ca81723a7760d4bede173,2026-10-03T00:00:00Z,Northwestern Wildcats,Penn State Nittany Lions,betonlineag,BetOnline.ag,2026-09-28T16:55:07Z,spreads,2026-09-28T16:55:07Z,Northwestern Wildcats,-104,2.5,20260928165602403570
NCAAF,americanfootball_ncaaf,0469a451e58ca81723a7760d4bede173,2026-10-03T00:00:00Z,Northwestern Wildcats,Penn State Nittany Lions,betonlineag,BetOnline.ag,2026-09-28T16:55:07Z,spreads,2026-09-28T16:55:07Z,Penn State Nittany Lions,-116,-2.5,20260928165602403570
NCAAF,americanfootball_ncaaf,0469a451e58ca81723a7760d4bede173,2026-10-03T00:00:00Z,Northwestern Wildcats,Penn State Nittany Lions,betonlineag,BetOnline.ag,2026-09-28T16:55:07Z,totals,2026-09-28T16:55:07Z,Over,-110,46.0,20260928165602403570
NCAAF,americanfootball_ncaaf,0469a451e58ca81723a7760d4bede173,2026-10-03T00:00:00Z,Northwestern Wildcats,Penn State Nittany Lions,betonlineag,BetOnline.ag,2026-09-28T16:55:07Z,totals,2026-09-28T16:55:07Z,Under,-110,46.0,20260928165602403570
NCAAF,americanfootball_ncaaf,0469a451e58ca81723a7760d4bede173,2026-10-03T00:00:00Z,Northwestern Wildcats,Penn State Nittany Lions,betmgm,BetMGM,2026-09-28T16:54:38Z,h2h,2026-09-28T16:54:38Z,Northwestern Wildcats,120,,20260928165602403570
NCAAF,americanfootball_ncaaf,0469a451e58ca81723a7760d4bede173,2026-10-03T00:00:00Z,Northwestern Wildcats,Penn State Nittany Lions,betmgm,BetMGM,2026-09-28T16:54:38Z,h2h,2026-09-28T16:54:38Z,Penn State Nittany Lions,-145,,20260928165602403570
NCAAF,americanfootball_ncaaf,0469a451e58ca81723a7760d4bede173,2026-10-03T00:00:00Z,Northwestern Wildcats,Penn State Nittany Lions,betmgm,BetMGM,2026-09-28T16:54:38Z,spreads,2026-09-28T16:54:38Z,Northwestern Wildcats,-102,2.5,20260928165602403570
NCAAF,americanfootball_ncaaf,0469a451e58ca81723a7760d4bede173,2026-10-03T00:00:00Z,Northwestern Wildcats,Penn State Nittany Lions,betmgm,BetMGM,2026-09-28T16:54:38Z,spreads,2026-09-28T16:54:38Z,Penn State Nittany Lions,-115,-2.5,20260928165602403570
NCAAF,americanfootball_ncaaf,0469a451e58ca81723a7760d4bede173,2026-10-03T00:00:00Z,Northwestern Wildcats,Penn State Nittany Lions,betmgm,BetMGM,2026-09-28T16:54:38Z,totals,2026-09-28T16:54:38Z,Over,-108,45.5,20260928165602403570
NCAAF,americanfootball_ncaaf,0469a451e58ca81723a7760d4bede173,2026-10-03T00:00:00Z,Northwestern Wildcats,Penn State Nittany Lions,betmgm,BetMGM,2026-09-28T16:54:38Z,totals,2026-09-28T16:54:38Z,Under,-110,45.5,20260928165602403570
NCAAF,americanfootball_ncaaf,0469a451e58ca81723a7760d4bede173,2026-10-03T00:00:00Z,Northwestern Wildcats,Penn State Nittany Lions,betus,BetUS,2026-09-28T16:55:53Z,h2h,2026-09-28T16:55:51Z,Northwestern Wildcats,120,,20260928165602403570
NCAAF,americanfootball_ncaaf,0469a451e58ca81723a7760d4bede173,2026-10-03T00:00:00Z,Northwestern Wildcats,Penn State Nittany Lions,betus,BetUS,2026-09-28T16:55:53Z,h2h,2026-09-28T16:55:51Z,Penn State Nittany Lions,-140,,20260928165602403570
NCAAF,americanfootball_ncaaf,0469a451e58ca81723a7760d4bede173,2026-10-03T00:00:00Z,Northwestern Wildcats,Penn State Nittany Lions,betus,BetUS,2026-09-28T16:55:53Z,spreads,2026-09-28T16:55:51Z,Northwestern Wildcats,-120,3.0,20260928165602403570
NCAAF,americanfootball_ncaaf,0469a451e58ca81723a7760d4bede173,2026-10-03T00:00:00Z,Northwestern Wildcats,Penn State Nittany Lions,betus,BetUS,2026-09-28T16:55:53Z,spreads,2026-09-28T16:55:51Z,Penn State Nittany Lions,100,-3.0,20260928165602403570
NCAAF,americanfootball_ncaaf,0469a451e58ca81723a7760d4bede173,2026-10-03T00:00:00Z,Northwestern Wildcats,Penn State Nittany Lions,betus,BetUS,2026-09-28T16:55:53Z,totals,2026-09-28T16:55:51Z,Over,-110,46.0,20260928165602403570
NCAAF,americanfootball_ncaaf,0469a451e58ca81723a7760d4bede173,2026-10-03T00:00:00Z,Northwestern Wildcats,Penn State Nittany Lions,betus,BetUS,2026-09-28T16:55:53Z,totals,2026-09-28T16:55:51Z,Under,-110,46.0,20260928165602403570
NCAAF,americanfootball_ncaaf,0469a451e58ca81723a7760d4bede173,2026-10-03T00:00:00Z,Northwestern Wildcats,Penn State Nittany Lions,bovada,Bovada,2026-09-28T16:54:58Z,h2h,2026-09-28T16:54:57Z,Northwestern Wildcats,120,,20260928165602403570
NCAAF,americanfootball_ncaaf,0469a451e58ca81723a7760d4bede173,2026-10-03T00:00:00Z,Northwestern Wildcats,Penn State Nittany Lions,bovada,Bovada,2026-09-28T16:54:58Z,h2h,2026-09-28T16:54:57Z,Penn State Nittany Lions,-140,,20260928165602403570
NCAAF,americanfootball_ncaaf,0469a451e58ca81723a7760d4bede173,2026-10-03T00:00:00Z,Northwestern Wildcats,Penn State Nittany Lions,bovada,Bovada,2026-09-28T16:54:58Z,spreads,2026-09-28T16:54:57Z,Northwestern Wildcats,-105,2.5,20260928165602403570
NCAAF,americanfootball_ncaaf,0469a451e58ca81723a7760d4bede173,2026-10-03T00:00:00Z,Northwestern Wildcats,Penn State Nittany Lions,bovada,Bovada,2026-09-28T16:54:58Z,spreads,2026-09-28T16:54:57Z,Penn State Nittany Lions,-115,-2.5,20260928165602403570
NCAAF,americanfootball_ncaaf,0469a451e58ca81723a7760d4bede173,2026-10-03T00:00:00Z,Northwestern Wildcats,Penn State Nittany Lions,bovada,Bovada,2026-09-28T16:54:58Z,totals,2026-09-28T16:54:57Z,Over,-110,45.5,20260928165602403570
NCAAF,americanfootball_ncaaf,0469a451e58ca81723a7760d4bede173,2026-10-03T00:00:00Z,Northwestern Wildcats,Penn State Nittany Lions,bovada,Bovada,2026-09-28T16:54:58Z,totals,2026-09-28T16:54:57Z,Under,-110,45.5,20260928165602403570
NCAAF,americanfootball_ncaaf,4fcb5b7ec04cad7acc5d048bdd24be4c,2026-10-03T16:00:00Z,Air Force Falcons,Navy Midshipmen,fanduel,FanDuel,2026-09-28T16:55:50Z,h2h,2026-09-28T16:55:49Z,Air Force Falcons,-162,,20260928165602403570
NCAAF,americanfootball_ncaaf,4fcb5b7ec04cad7acc5d048bdd24be4c,2026-10-03T16:00:00Z,Air Force Falcons,Navy Midshipmen,fanduel,FanDuel,2026-09-28T16:55:50Z,h2h,2026-09-28T16:55:49Z,Navy Midshipmen,134,,20260928165602403570
NCAAF,americanfootball_ncaaf,4fcb5b7ec04cad7acc5d048bdd24be4c,2026-10-03T16:00:00Z,Air Force Falcons,Navy Midshipmen,fanduel,FanDuel,2026-09-28T16:55:50Z,spreads,2026-09-28T16:55:49Z,Air Force Falcons,-105,-3.5,20260928165602403570
NCAAF,americanfootball_ncaaf,4fcb5b7ec04cad7acc5d048bdd24be4c,2026-10-03T16:00:00Z,Air Force Falcons,Navy Midshipmen,fanduel,FanDuel,2026-09-28T16:55:50Z,spreads,2026-09-28T16:55:49Z,Navy Midshipmen,-115,3.5,20260928165602403570
NCAAF,americanfootball_ncaaf,4fcb5b7ec04cad7acc5d048bdd24be4c,2026-10-03T16:00:00Z,Air Force Falcons,Navy Midshipmen,fanduel,FanDuel,2026-09-28T16:55:50Z,totals,2026-09-28T16:55:49Z,Over,-112,45.5,20260928165602403570
NCAAF,americanfootball_ncaaf,4fcb5b7ec04cad7acc5d048bdd24be4c,2026-10-03T16:00:00Z,Air Force Falcons,Navy Midshipmen,fanduel,FanDuel,2026-09-28T16:55:50Z,totals,2026-09-28T16:55:49Z,Under,-108,45.5,20260928165602403570
NCAAF,americanfootball_ncaaf,4fcb5b7ec04cad7acc5d048bdd24be4c,2026-10-03T16:00:00Z,Air Force Falcons,Navy Midshipmen,betrivers,BetRivers,2026-09-28T16:55:49Z,h2h,2026-09-28T16:55:49Z,Air Force Falcons,-167,,20260928165602403570
NCAAF,americanfootball_ncaaf,4fcb5b7ec04cad7acc5d048bdd24be4c,2026-10-03T16:00:00Z,Air Force Falcons,Navy Midshipmen,betrivers,BetRivers,2026-09-28T16:55:49Z,h2h,2026-09-28T16:55:49Z,Navy Midshipmen,135,,20260928165602403570
NCAAF,americanfootball_ncaaf,4fcb5b7ec04cad7acc5d048bdd24be4c,2026-10-03T16:00:00Z,Air Force Falcons,Navy Midshipmen,betrivers,BetRivers,2026-09-28T16:55:49Z,spreads,2026-09-28T16:55:49Z,Air Force Falcons,-108,-3.5,20260928165602403570
NCAAF,americanfootball_ncaaf,4fcb5b7ec04cad7acc5d048bdd24be4c,2026-10-03T16:00:00Z,Air Force Falcons,Navy Midshipmen,betrivers,BetRivers,2026-09-28T16:55:49Z,spreads,2026-09-28T16:55:49Z,Navy Midshipmen,-114,3.5,20260928165602403570
NCAAF,americanfootball_ncaaf,4fcb5b7ec04cad7acc5d048bdd24be4c,2026-10-03T16:00:00Z,Air Force Falcons,Navy Midshipmen,betrivers,BetRivers,2026-09-28T16:55:49Z,totals,2026-09-28T16:55:49Z,Over,-117,45.5,20260928165602403570
NCAAF,americanfootball_ncaaf,4fcb5b7ec04cad7acc5d048bdd24be4c,2026-10-03T16:00:00Z,Air Force Falcons,Navy Midshipmen,betrivers,BetRivers,2026-09-28T16:55:49Z,totals,2026-09-28T16:55:49Z,Under,-112,45.5,20260928165602403570
NCAAF,americanfootball_ncaaf,4fcb5b7ec04cad7acc5d048bdd24be4c,2026-10-03T16:00:00Z,Air Force Falcons,Navy Midshipmen,draftkings,DraftKings,2026-09-28T16:55:34Z,h2h,2026-09-28T16:55:34Z,Air Force Falcons,-170,,20260928165602403570
NCAAF,americanfootball_ncaaf,4fcb5b7ec04cad7acc5d048bdd24be4c,2026-10-03T16:00:00Z,Air Force Falcons,Navy Midshipmen,draftkings,DraftKings,2026-09-28T16:55:34Z,h2h,2026-09-28T16:55:34Z,Navy Midshipmen,142,,20260928165602403570
NCAAF,americanfootball_ncaaf,4fcb5b7ec04cad7acc5d048bdd24be4c,2026-10-03T16:00:00Z,Air Force Falcons,Navy Midshipmen,draftkings,DraftKings,2026-09-28T16:55:34Z,spreads,2026-09-28T16:55:34Z,Air Force Falcons,-105,-3.5,20260928165602403570
NCAAF,americanfootball_ncaaf,4fcb5b7ec04cad7acc5d048bdd24be4c,2026-10-03T16:00:00Z,Air Force Falcons,Navy Midshipmen,draftkings,DraftKings,2026-09-28T16:55:34Z,spreads,2026-09-28T16:55:34Z,Navy Midshipmen,-115,3.5,20260928165602403570
NCAAF,americanfootball_ncaaf,4fcb5b7ec04cad7acc5d048bdd24be4c,2026-10-03T16:00:00Z,Air Force Falcons,Navy Midshipmen,draftkings,DraftKings,2026-09-28T16:55:34Z,totals,2026-09-28T16:55:34Z,Over,-108,45.5,20260928165602403570
NCAAF,americanfootball_ncaaf,4fcb5b7ec04cad7acc5d048bdd24be4c,2026-10-03T16:00:00Z,Air Force Falcons,Navy Midshipmen,draftkings,DraftKings,2026-09-28T16:55:34Z,totals,2026-09-28T16:55:34Z,Under,-112,45.5,20260928165602403570
NCAAF,americanfootball_ncaaf,4fcb5b7ec04cad7acc5d048bdd24be4c,2026-10-03T16:00:00Z,Air Force Falcons,Navy Midshipmen,lowvig,LowVig.ag,2026-09-28T16:55:49Z,h2h,2026-09-28T16:55:49Z,Air Force Falcons,-165,,20260928165602403570
NCAAF,americanfootball_ncaaf,4fcb5b7ec04cad7acc5d048bdd24be4c,2026-10-03T16:00:00Z,Air Force Falcons,Navy Midshipmen,lowvig,LowVig.ag,2026-09-28T16:55:49Z,h2h,2026-09-28T16:55:49Z,Navy Midshipmen,145,,20260928165602403570
NCAAF,americanfootball_ncaaf,4fcb5b7ec04cad7acc5d048bdd24be4c,2026-10-03T16:00:00Z,Air Force Falcons,Navy Midshipmen,lowvig,LowVig.ag,2026-09-28T16:55:49Z,spreads,2026-09-28T16:55:49Z,Air Force Falcons,-104,-3.5,20260928165602403570
NCAAF,americanfootball_ncaaf,4fcb5b7ec04cad7acc5d048bdd24be4c,2026-10-03T16:00:00Z,Air Force Falcons,Navy Midshipmen,lowvig,LowVig.ag,2026-09-28T16:55:49Z,spreads,2026-09-28T16:55:49Z,Navy Midshipmen,-108,3.5,20260928165602403570
NCAAF,americanfootball_ncaaf,4fcb5b7ec04cad7acc5d048bdd24be4c,2026-10-03T16:00:00Z,Air Force Falcons,Navy Midshipmen,lowvig,LowVig.ag,2026-09-28T16:55:49Z,totals,2026-09-28T16:55:49Z,Over,-108,45.5,20260928165602403570
NCAAF,americanfootball_ncaaf,4fcb5b7ec04cad7acc5d048bdd24be4c,2026-10-03T16:00:00Z,Air Force Falcons,Navy Midshipmen,lowvig,LowVig.ag,2026-09-28T16:55:49Z,totals,2026-09-28T16:55:49Z,Under,-108,45.5,20260928165602403570
NCAAF,americanfootball_ncaaf,4fcb5b7ec04cad7acc5d048bdd24be4c,2026-10-03T16:00:00Z,Air Force Falcons,Navy Midshipmen,betonlineag,BetOnline.ag,2026-09-28T16:55:07Z,h2h,2026-09-28T16:55:07Z,Air Force Falcons,-165,,20260928165602403570
NCAAF,americanfootball_ncaaf,4fcb5b7ec04cad7acc5d048bdd24be4c,2026-10-03T16:00:00Z,Air Force Falcons,Navy Midshipmen,betonlineag,BetOnline.ag,2026-09-28T16:55:07Z,h2h,2026-09-28T16:55:07Z,Navy Midshipmen,145,,20260928165602403570
NCAAF,americanfootball_ncaaf,4fcb5b7ec04cad7acc5d048bdd24be4c,2026-10-03T16:00:00Z,Air Force Falcons,Navy Midshipmen,betonlineag,BetOnline.ag,2026-09-28T16:55:07Z,spreads,2026-09-28T16:55:07Z,Air Force Falcons,-108,-3.5,20260928165602403570
NCAAF,americanfootball_ncaaf,4fcb5b7ec04cad7acc5d048bdd24be4c,2026-10-03T16:00:00Z,Air Force Falcons,Navy Midshipmen,betonlineag,BetOnline.ag,2026-09-28T16:55:07Z,spreads,2026-09-28T16:55:07Z,Navy Midshipmen,-112,3.5,20260928165602403570
NCAAF,americanfootball_ncaaf,4fcb5b7ec04cad7acc5d048bdd24be4c,2026-10-03T16:00:00Z,Air Force Falcons,Navy Midshipmen,betonlineag,BetOnline.ag,2026-09-28T16:55:07Z,totals,2026-09-28T16:55:07Z,Over,-110,45.5,20260928165602403570
NCAAF,americanfootball_ncaaf,4fcb5b7ec04cad7acc5d048bdd24be4c,2026-10-03T16:00:00Z,Air Force Falcons,Navy Midshipmen,betonlineag,BetOnline.ag,2026-09-28T16:55:07Z,totals,2026-09-28T16:55:07Z,Under,-110,45.5,20260928165602403570
NCAAF,americanfootball_ncaaf,4fcb5b7ec04cad7acc5d048bdd24be4c,2026-10-03T16:00:00Z,Air Force Falcons,Navy Midshipmen,betmgm,BetMGM,2026-09-28T16:54:38Z,h2h,2026-09-28T16:54:38Z,Air Force Falcons,-165,,20260928165602403570
NCAAF,americanfootball_ncaaf,4fcb5b7ec04cad7acc5d048bdd24be4c,2026-10-03T16:00:00Z,Air Force Falcons,Navy Midshipmen,betmgm,BetMGM,2026-09-28T16:54:38Z,h2h,2026-09-28T16:54:38Z,Navy Midshipmen,138,,20260928165602403570
NCAAF,americanfootball_ncaaf,4fcb5b7ec04cad7acc5d048bdd24be4c,2026-10-03T16:00:00Z,Air Force Falcons,Navy Midshipmen,betmgm,BetMGM,2026-09-28T16:54:38Z,spreads,2026-09-28T16:54:38Z,Air Force Falcons,-105,-3.5,20260928165602403570
NCAAF,americanfootball_ncaaf,4fcb5b7ec04cad7acc5d048bdd24be4c,2026-10-03T16:00:00Z,Air Force Falcons,Navy Midshipmen,betmgm,BetMGM,2026-09-28T16:54:38Z,spreads,2026-09-28T16:54:38Z,Navy Midshipmen,-112,3.5,20260928165602403570
NCAAF,americanfootball_ncaaf,4fcb5b7ec04cad7acc5d048bdd24be4c,2026-10-03T16:00:00Z,Air Force Falcons,Navy Midshipmen,betmgm,BetMGM,2026-09-28T16:54:38Z,totals,2026-09-28T16:54:38Z,Over,-110,45.5,20260928165602403570
NCAAF,americanfootball_ncaaf,4fcb5b7ec04cad7acc5d048bdd24be4c,2026-10-03T16:00:00Z,Air Force Falcons,Navy Midshipmen,betmgm,BetMGM,2026-09-28T16:54:38Z,totals,2026-09-28T16:54:38Z,Under,-108,45.5,20260928165602403570
NCAAF,americanfootball_ncaaf,4fcb5b7ec04cad7acc5d048bdd24be4c,2026-10-03T16:00:00Z,Air Force Falcons,Navy Midshipmen,mybookieag,MyBookie.ag,2026-09-28T16:55:48Z,h2h,2026-09-28T16:55:48Z,Air Force Falcons,-166,,20260928165602403570
NCAAF,americanfootball_ncaaf,4fcb5b7ec04cad7acc5d048bdd24be4c,2026-10-03T16:00:00Z,Air Force Falcons,Navy Midshipmen,mybookieag,MyBookie.ag,2026-09-28T16:55:48Z,h2h,2026-09-28T16:55:48Z,Navy Midshipmen,135,,20260928165602403570
NCAAF,americanfootball_ncaaf,4fcb5b7ec04cad7acc5d048bdd24be4c,2026-10-03T16:00:00Z,Air Force Falcons,Navy Midshipmen,mybookieag,MyBookie.ag,2026-09-28T16:55:48Z,spreads,2026-09-28T16:55:48Z,Air Force Falcons,-110,-3.0,20260928165602403570
NCAAF,americanfootball_ncaaf,4fcb5b7ec04cad7acc5d048bdd24be4c,2026-10-03T16:00:00Z,Air Force Falcons,Navy Midshipmen,mybookieag,MyBookie.ag,2026-09-28T16:55:48Z,spreads,2026-09-28T16:55:48Z,Navy Midshipmen,-110,3.0,20260928165602403570
NCAAF,americanfootball_ncaaf,4fcb5b7ec04cad7acc5d048bdd24be4c,2026-10-03T16:00:00Z,Air Force Falcons,Navy Midshipmen,mybookieag,MyBookie.ag,2026-09-28T16:55:48Z,totals,2026-09-28T16:55:48Z,Over,-110,45.5,20260928165602403570
NCAAF,americanfootball_ncaaf,4fcb5b7ec04cad7acc5d048bdd24be4c,2026-10-03T16:00:00Z,Air Force Falcons,Navy Midshipmen,mybookieag,MyBookie.ag,2026-09-28T16:55:48Z,totals,2026-09-28T16:55:48Z,Under,-110,45.5,20260928165602403570
NCAAF,americanfootball_ncaaf,4fcb5b7ec04cad7acc5d048bdd24be4c,2026-10-03T16:00:00Z,Air Force Falcons,Navy Midshipmen,betus,BetUS,2026-09-28T16:55:53Z,spreads,2026-09-28T16:55:52Z,Air Force Falcons,-110,-3.5,20260928165602403570
NCAAF,americanfootball_ncaaf,4fcb5b7ec04cad7acc5d048bdd24be4c,2026-10-03T16:00:00Z,Air Force Falcons,Navy Midshipmen,betus,BetUS,2026-09-28T16:55:53Z,spreads,2026-09-28T16:55:52Z,Navy Midshipmen,-110,3.5,20260928165602403570
NCAAF,americanfootball_ncaaf,4fcb5b7ec04cad7acc5d048bdd24be4c,2026-10-03T16:00:00Z,Air Force Falcons,Navy Midshipmen,betus,BetUS,2026-09-28T16:55:53Z,totals,2026-09-28T16:55:52Z,Over,-110,45.5,20260928165602403570
NCAAF,americanfootball_ncaaf,4fcb5b7ec04cad7acc5d048bdd24be4c,2026-10-03T16:00:00Z,Air Force Falcons,Navy Midshipmen,betus,BetUS,2026-09-28T16:55:53Z,totals,2026-09-28T16:55:52Z,Under,-110,45.5,20260928165602403570
NCAAF,americanfootball_ncaaf,4fcb5b7ec04cad7acc5d048bdd24be4c,2026-10-03T16:00:00Z,Air Force Falcons,Navy Midshipmen,bovada,Bovada,2026-09-28T16:54:58Z,h2h,2026-09-28T16:54:58Z,Air Force Falcons,-165,,20260928165602403570
NCAAF,americanfootball_ncaaf,4fcb5b7ec04cad7acc5d048bdd24be4c,2026-10-03T16:00:00Z,Air Force Falcons,Navy Midshipmen,bovada,Bovada,2026-09-28T16:54:58Z,h2h,2026-09-28T16:54:58Z,Navy Midshipmen,140,,20260928165602403570
NCAAF,americanfootball_ncaaf,4fcb5b7ec04cad7acc5d048bdd24be4c,2026-10-03T16:00:00Z,Air Force Falcons,Navy Midshipmen,bovada,Bovada,2026-09-28T16:54:58Z,spreads,2026-09-28T16:54:58Z,Air Force Falcons,-105,-3.5,20260928165602403570
NCAAF,americanfootball_ncaaf,4fcb5b7ec04cad7acc5d048bdd24be4c,2026-10-03T16:00:00Z,Air Force Falcons,Navy Midshipmen,bovada,Bovada,2026-09-28T16:54:58Z,spreads,2026-09-28T16:54:58Z,Navy Midshipmen,-115,3.5,20260928165602403570
NCAAF,americanfootball_ncaaf,4fcb5b7ec04cad7acc5d048bdd24be4c,2026-10-03T16:00:00Z,Air Force Falcons,Navy Midshipmen,bovada,Bovada,2026-09-28T16:54:58Z,totals,2026-09-28T16:54:58Z,Over,-105,45.5,20260928165602403570
NCAAF,americanfootball_ncaaf,4fcb5b7ec04cad7acc5d048bdd24be4c,2026-10-03T16:00:00Z,Air Force Falcons,Navy Midshipmen,bovada,Bovada,2026-09-28T16:54:58Z,totals,2026-09-28T16:54:58Z,Under,-115,45.5,20260928165602403570
NCAAF,americanfootball_ncaaf,6b22daf46195be6b3748584efe89dac1,2026-10-03T16:00:00Z,Mississippi State Bulldogs,Alabama Crimson Tide,draftkings,DraftKings,2026-09-28T16:55:34Z,h2h,2026-09-28T16:55:34Z,Alabama Crimson Tide,-225,,20260928165602403570
NCAAF,americanfootball_ncaaf,6b22daf46195be6b3748584efe89dac1,2026-10-03T16:00:00Z,Mississippi State Bulldogs,Alabama Crimson Tide,draftkings,DraftKings,2026-09-28T16:55:34Z,h2h,2026-09-28T16:55:34Z,Mississippi State Bulldogs,185,,20260928165602403570
NCAAF,americanfootball_ncaaf,6b22daf46195be6b3748584efe89dac1,2026-10-03T16:00:00Z,Mississippi State Bulldogs,Alabama Crimson Tide,draftkings,DraftKings,2026-09-28T16:55:34Z,spreads,2026-09-28T16:55:34Z,Alabama Crimson Tide,-110,-5.5,20260928165602403570
NCAAF,americanfootball_ncaaf,6b22daf46195be6b3748584efe89dac1,2026-10-03T16:00:00Z,Mississippi State Bulldogs,Alabama Crimson Tide,draftkings,DraftKings,2026-09-28T16:55:34Z,spreads,2026-09-28T16:55:34Z,Mississippi State Bulldogs,-110,5.5,20260928165602403570
NCAAF,americanfootball_ncaaf,6b22daf46195be6b3748584efe89dac1,2026-10-03T16:00:00Z,Mississippi State Bulldogs,Alabama Crimson Tide,draftkings,DraftKings,2026-09-28T16:55:34Z,totals,2026-09-28T16:55:34Z,Over,-112,59.5,20260928165602403570
NCAAF,americanfootball_ncaaf,6b22daf46195be6b3748584efe89dac1,2026-10-03T16:00:00Z,Mississippi State Bulldogs,Alabama Crimson Tide,draftkings,DraftKings,2026-09-28T16:55:34Z,totals,2026-09-28T16:55:34Z,Under,-108,59.5,20260928165602403570
NCAAF,americanfootball_ncaaf,6b22daf46195be6b3748584efe89dac1,2026-10-03T16:00:00Z,Mississippi State Bulldogs,Alabama Crimson Tide,fanduel,FanDuel,2026-09-28T16:55:50Z,h2h,2026-09-28T16:55:49Z,Alabama Crimson Tide,-210,,20260928165602403570
NCAAF,americanfootball_ncaaf,6b22daf46195be6b3748584efe89dac1,2026-10-03T16:00:00Z,Mississippi State Bulldogs,Alabama Crimson Tide,fanduel,FanDuel,2026-09-28T16:55:50Z,h2h,2026-09-28T16:55:49Z,Mississippi State Bulldogs,172,,20260928165602403570
NCAAF,americanfootball_ncaaf,6b22daf46195be6b3748584efe89dac1,2026-10-03T16:00:00Z,Mississippi State Bulldogs,Alabama Crimson Tide,fanduel,FanDuel,2026-09-28T16:55:50Z,spreads,2026-09-28T16:55:49Z,Alabama Crimson Tide,-115,-5.5,20260928165602403570
NCAAF,americanfootball_ncaaf,6b22daf46195be6b3748584efe89dac1,2026-10-03T16:00:00Z,Mississippi State Bulldogs,Alabama Crimson Tide,fanduel,FanDuel,2026-09-28T16:55:50Z,spreads,2026-09-28T16:55:49Z,Mississippi State Bulldogs,-105,5.5,20260928165602403570
NCAAF,americanfootball_ncaaf,6b22daf46195be6b3748584efe89dac1,2026-10-03T16:00:00Z,Mississippi State Bulldogs,Alabama Crimson Tide,fanduel,FanDuel,2026-09-28T16:55:50Z,totals,2026-09-28T16:55:49Z,Over,-110,59.5,20260928165602403570
NCAAF,americanfootball_ncaaf,6b22daf46195be6b3748584efe89dac1,2026-10-03T16:00:00Z,Mississippi State Bulldogs,Alabama Crimson Tide,fanduel,FanDuel,2026-09-28T16:55:50Z,totals,2026-09-28T16:55:49Z,Under,-110,59.5,20260928165602403570
NCAAF,americanfootball_ncaaf,6b22daf46195be6b3748584efe89dac1,2026-10-03T16:00:00Z,Mississippi State Bulldogs,Alabama Crimson Tide,betmgm,BetMGM,2026-09-28T16:54:38Z,h2h,2026-09-28T16:54:38Z,Alabama Crimson Tide,-225,,20260928165602403570
NCAAF,americanfootball_ncaaf,6b22daf46195be6b3748584efe89dac1,2026-10-03T16:00:00Z,Mississippi State Bulldogs,Alabama Crimson Tide,betmgm,BetMGM,2026-09-28T16:54:38Z,h2h,2026-09-28T16:54:38Z,Mississippi State Bulldogs,185,,20260928165602403570
NCAAF,americanfootball_ncaaf,6b22daf46195be6b3748584efe89dac1,2026-10-03T16:00:00Z,Mississippi State Bulldogs,Alabama Crimson Tide,betmgm,BetMGM,2026-09-28T16:54:38Z,spreads,2026-09-28T16:54:38Z,Alabama Crimson Tide,-108,-5.5,20260928165602403570
NCAAF,americanfootball_ncaaf,6b22daf46195be6b3748584efe89dac1,2026-10-03T16:00:00Z,Mississippi State Bulldogs,Alabama Crimson Tide,betmgm,BetMGM,2026-09-28T16:54:38Z,spreads,2026-09-28T16:54:38Z,Mississippi State Bulldogs,-110,5.5,20260928165602403570
NCAAF,americanfootball_ncaaf,6b22daf46195be6b3748584efe89dac1,2026-10-03T16:00:00Z,Mississippi State Bulldogs,Alabama Crimson Tide,betmgm,BetMGM,2026-09-28T16:54:38Z,totals,2026-09-28T16:54:38Z,Over,-108,59.5,20260928165602403570
NCAAF,americanfootball_ncaaf,6b22daf46195be6b3748584efe89dac1,2026-10-03T16:00:00Z,Mississippi State Bulldogs,Alabama Crimson Tide,betmgm,BetMGM,2026-09-28T16:54:38Z,totals,2026-09-28T16:54:38Z,Under,-110,59.5,20260928165602403570
NCAAF,americanfootball_ncaaf,6b22daf46195be6b3748584efe89dac1,2026-10-03T16:00:00Z,Mississippi State Bulldogs,Alabama Crimson Tide,betrivers,BetRivers,2026-09-28T16:55:49Z,h2h,2026-09-28T16:55:49Z,Alabama Crimson Tide,-225,,20260928165602403570
NCAAF,americanfootball_ncaaf,6b22daf46195be6b3748584efe89dac1,2026-10-03T16:00:00Z,Mississippi State Bulldogs,Alabama Crimson Tide,betrivers,BetRivers,2026-09-28T16:55:49Z,h2h,2026-09-28T16:55:49Z,Mississippi State Bulldogs,175,,20260928165602403570
NCAAF,americanfootball_ncaaf,6b22daf46195be6b3748584efe89dac1,2026-10-03T16:00:00Z,Mississippi State Bulldogs,Alabama Crimson Tide,betrivers,BetRivers,2026-09-28T16:55:49Z,spreads,2026-09-28T16:55:49Z,Alabama Crimson Tide,-110,-6.0,20260928165602403570
NCAAF,americanfootball_ncaaf,6b22daf46195be6b3748584efe89dac1,2026-10-03T16:00:00Z,Mississippi State Bulldogs,Alabama Crimson Tide,betrivers,BetRivers,2026-09-28T16:55:49Z,spreads,2026-09-28T16:55:49Z,Mississippi State Bulldogs,-113,6.0,20260928165602403570
NCAAF,americanfootball_ncaaf,6b22daf46195be6b3748584efe89dac1,2026-10-03T16:00:00Z,Mississippi State Bulldogs,Alabama Crimson Tide,betrivers,BetRivers,2026-09-28T16:55:49Z,totals,2026-09-28T16:55:49Z,Over,-113,59.5,20260928165602403570
NCAAF,americanfootball_ncaaf,6b22daf46195be6b3748584efe89dac1,2026-10-03T16:00:00Z,Mississippi State Bulldogs,Alabama Crimson Tide,betrivers,BetRivers,2026-09-28T16:55:49Z,totals,2026-09-28T16:55:49Z,Under,-110,59.5,20260928165602403570
NCAAF,americanfootball_ncaaf,6b22daf46195be6b3748584efe89dac1,2026-10-03T16:00:00Z,Mississippi State Bulldogs,Alabama Crimson Tide,betonlineag,BetOnline.ag,2026-09-28T16:55:07Z,h2h,2026-09-28T16:55:07Z,Alabama Crimson Tide,-225,,20260928165602403570
NCAAF,americanfootball_ncaaf,6b22daf46195be6b3748584efe89dac1,2026-10-03T16:00:00Z,Mississippi State Bulldogs,Alabama Crimson Tide,betonlineag,BetOnline.ag,2026-09-28T16:55:07Z,h2h,2026-09-28T16:55:07Z,Mississippi State Bulldogs,189,,20260928165602403570
NCAAF,americanfootball_ncaaf,6b22daf46195be6b3748584efe89dac1,2026-10-03T16:00:00Z,Mississippi State Bulldogs,Alabama Crimson Tide,betonlineag,BetOnline.ag,2026-09-28T16:55:07Z,spreads,2026-09-28T16:55:07Z,Alabama Crimson Tide,-107,-6.0,20260928165602403570
NCAAF,americanfootball_ncaaf,6b22daf46195be6b3748584efe89dac1,2026-10-03T16:00:00Z,Mississippi State Bulldogs,Alabama Crimson Tide,betonlineag,BetOnline.ag,2026-09-28T16:55:07Z,spreads,2026-09-28T16:55:07Z,Mississippi State Bulldogs,-113,6.0,20260928165602403570
NCAAF,americanfootball_ncaaf,6b22daf46195be6b3748584efe89dac1,2026-10-03T16:00:00Z,Mississippi State Bulldogs,Alabama Crimson Tide,betonlineag,BetOnline.ag,2026-09-28T16:55:07Z,totals,2026-09-28T16:55:07Z,Over,-105,60.0,20260928165602403570
NCAAF,americanfootball_ncaaf,6b22daf46195be6b3748584efe89dac1,2026-10-03T16:00:00Z,Mississippi State Bulldogs,Alabama Crimson Tide,betonlineag,BetOnline.ag,2026-09-28T16:55:07Z,totals,2026-09-28T16:55:07Z,Under,-115,60.0,20260928165602403570
NCAAF,americanfootball_ncaaf,6b22daf46195be6b3748584efe89dac1,2026-10-03T16:00:00Z,Mississippi State Bulldogs,Alabama Crimson Tide,lowvig,LowVig.ag,2026-09-28T16:55:49Z,h2h,2026-09-28T16:55:49Z,Alabama Crimson Tide,-225,,20260928165602403570
NCAAF,americanfootball_ncaaf,6b22daf46195be6b3748584efe89dac1,2026-10-03T16:00:00Z,Mississippi State Bulldogs,Alabama Crimson Tide,lowvig,LowVig.ag,2026-09-28T16:55:49Z,h2h,2026-09-28T16:55:49Z,Mississippi State Bulldogs,189,,20260928165602403570
NCAAF,americanfootball_ncaaf,6b22daf46195be6b3748584efe89dac1,2026-10-03T16:00:00Z,Mississippi State Bulldogs,Alabama Crimson Tide,lowvig,LowVig.ag,2026-09-28T16:55:49Z,spreads,2026-09-28T16:55:49Z,Alabama Crimson Tide,-103,-6.0,20260928165602403570
NCAAF,americanfootball_ncaaf,6b22daf46195be6b3748584efe89dac1,2026-10-03T16:00:00Z,Mississippi State Bulldogs,Alabama Crimson Tide,lowvig,LowVig.ag,2026-09-28T16:55:49Z,spreads,2026-09-28T16:55:49Z,Mississippi State Bulldogs,-109,6.0,20260928165602403570
NCAAF,americanfootball_ncaaf,6b22daf46195be6b3748584efe89dac1,2026-10-03T16:00:00Z,Mississippi State Bulldogs,Alabama Crimson Tide,lowvig,LowVig.ag,2026-09-28T16:55:49Z,totals,2026-09-28T16:55:49Z,Over,-103,60.0,20260928165602403570
NCAAF,americanfootball_ncaaf,6b22daf46195be6b3748584efe89dac1,2026-10-03T16:00:00Z,Mississippi State Bulldogs,Alabama Crimson Tide,lowvig,LowVig.ag,2026-09-28T16:55:49Z,totals,2026-09-28T16:55:49Z,Under,-114,60.0,20260928165602403570
NCAAF,americanfootball_ncaaf,6b22daf46195be6b3748584efe89dac1,2026-10-03T16:00:00Z,Mississippi State Bulldogs,Alabama Crimson Tide,mybookieag,MyBookie.ag,2026-09-28T16:55:48Z,h2h,2026-09-28T16:55:48Z,Alabama Crimson Tide,-230,,20260928165602403570
NCAAF,americanfootball_ncaaf,6b22daf46195be6b3748584efe89dac1,2026-10-03T16:00:00Z,Mississippi State Bulldogs,Alabama Crimson Tide,mybookieag,MyBookie.ag,2026-09-28T16:55:48Z,h2h,2026-09-28T16:55:48Z,Mississippi State Bulldogs,183,,20260928165602403570
NCAAF,americanfootball_ncaaf,6b22daf46195be6b3748584efe89dac1,2026-10-03T16:00:00Z,Mississippi State Bulldogs,Alabama Crimson Tide,mybookieag,MyBookie.ag,2026-09-28T16:55:48Z,spreads,2026-09-28T16:55:48Z,Alabama Crimson Tide,-110,-6.0,20260928165602403570
NCAAF,americanfootball_ncaaf,6b22daf46195be6b3748584efe89dac1,2026-10-03T16:00:00Z,Mississippi State Bulldogs,Alabama Crimson Tide,mybookieag,MyBookie.ag,2026-09-28T16:55:48Z,spreads,2026-09-28T16:55:48Z,Mississippi State Bulldogs,-110,6.0,20260928165602403570
NCAAF,americanfootball_ncaaf,6b22daf46195be6b3748584efe89dac1,2026-10-03T16:00:00Z,Mississippi State Bulldogs,Alabama Crimson Tide,mybookieag,MyBookie.ag,2026-09-28T16:55:48Z,totals,2026-09-28T16:55:48Z,Over,-110,60.0,20260928165602403570
NCAAF,americanfootball_ncaaf,6b22daf46195be6b3748584efe89dac1,2026-10-03T16:00:00Z,Mississippi State Bulldogs,Alabama Crimson Tide,mybookieag,MyBookie.ag,2026-09-28T16:55:48Z,totals,2026-09-28T16:55:48Z,Under,-110,60.0,20260928165602403570
NCAAF,americanfootball_ncaaf,6b22daf46195be6b3748584efe89dac1,2026-10-03T16:00:00Z,Mississippi State Bulldogs,Alabama Crimson Tide,betus,BetUS,2026-09-28T16:55:53Z,spreads,2026-09-28T16:55:52Z,Alabama Crimson Tide,-105,-6.0,20260928165602403570
NCAAF,americanfootball_ncaaf,6b22daf46195be6b3748584efe89dac1,2026-10-03T16:00:00Z,Mississippi State Bulldogs,Alabama Crimson Tide,betus,BetUS,2026-09-28T16:55:53Z,spreads,2026-09-28T16:55:52Z,Mississippi State Bulldogs,-115,6.0,20260928165602403570
NCAAF,americanfootball_ncaaf,6b22daf46195be6b3748584efe89dac1,2026-10-03T16:00:00Z,Mississippi State Bulldogs,Alabama Crimson Tide,betus,BetUS,2026-09-28T16:55:53Z,totals,2026-09-28T16:55:52Z,Over,-105,60.0,20260928165602403570
NCAAF,americanfootball_ncaaf,6b22daf46195be6b3748584efe89dac1,2026-10-03T16:00:00Z,Mississippi State Bulldogs,Alabama Crimson Tide,betus,BetUS,2026-09-28T16:55:53Z,totals,2026-09-28T16:55:52Z,Under,-115,60.0,20260928165602403570
NCAAF,americanfootball_ncaaf,6b22daf46195be6b3748584efe89dac1,2026-10-03T16:00:00Z,Mississippi State Bulldogs,Alabama Crimson Tide,bovada,Bovada,2026-09-28T16:54:58Z,h2h,2026-09-28T16:54:57Z,Alabama Crimson Tide,-225,,20260928165602403570
NCAAF,americanfootball_ncaaf,6b22daf46195be6b3748584efe89dac1,2026-10-03T16:00:00Z,Mississippi State Bulldogs,Alabama Crimson Tide,bovada,Bovada,2026-09-28T16:54:58Z,h2h,2026-09-28T16:54:57Z,Mississippi State Bulldogs,185,,20260928165602403570
NCAAF,americanfootball_ncaaf,6b22daf46195be6b3748584efe89dac1,2026-10-03T16:00:00Z,Mississippi State Bulldogs,Alabama Crimson Tide,bovada,Bovada,2026-09-28T16:54:58Z,spreads,2026-09-28T16:54:57Z,Alabama Crimson Tide,-105,-6.0,20260928165602403570
NCAAF,americanfootball_ncaaf,6b22daf46195be6b3748584efe89dac1,2026-10-03T16:00:00Z,Mississippi State Bulldogs,Alabama Crimson Tide,bovada,Bovada,2026-09-28T16:54:58Z,spreads,2026-09-28T16:54:57Z,Mississippi State Bulldogs,-115,6.0,20260928165602403570
NCAAF,americanfootball_ncaaf,6b22daf46195be6b3748584efe89dac1,2026-10-03T16:00:00Z,Mississippi State Bulldogs,Alabama Crimson Tide,bovada,Bovada,2026-09-28T16:54:58Z,totals,2026-09-28T16:54:57Z,Over,-110,59.5,20260928165602403570
NCAAF,americanfootball_ncaaf,6b22daf46195be6b3748584efe89dac1,2026-10-03T16:00:00Z,Mississippi State Bulldogs,Alabama Crimson Tide,bovada,Bovada,2026-09-28T16:54:58Z,totals,2026-09-28T16:54:57Z,Under,-110,59.5,20260928165602403570
NCAAF,americanfootball_ncaaf,36357c80707ce0c3a645afe495b28bbd,2026-10-03T16:00:00Z,SMU Mustangs,Boston College Eagles,fanduel,FanDuel,2026-09-28T16:55:50Z,h2h,2026-09-28T16:55:49Z,Boston College Eagles,890,,20260928165602403570
NCAAF,americanfootball_ncaaf,36357c80707ce0c3a645afe495b28bbd,2026-10-03T16:00:00Z,SMU Mustangs,Boston College Eagles,fanduel,FanDuel,2026-09-28T16:55:50Z,h2h,2026-09-28T16:55:49Z,SMU Mustangs,-1700,,20260928165602403570
NCAAF,americanfootball_ncaaf,36357c80707ce0c3a645afe495b28bbd,2026-10-03T16:00:00Z,SMU Mustangs,Boston College Eagles,fanduel,FanDuel,2026-09-28T16:55:50Z,spreads,2026-09-28T16:55:49Z,Boston College Eagles,-110,20.5,20260928165602403570
NCAAF,americanfootball_ncaaf,36357c80707ce0c3a645afe495b28bbd,2026-10-03T16:00:00Z,SMU Mustangs,Boston College Eagles,fanduel,FanDuel,2026-09-28T16:55:50Z,spreads,2026-09-28T16:55:49Z,SMU Mustangs,-110,-20.5,20260928165602403570
NCAAF,americanfootball_ncaaf,36357c80707ce0c3a645afe495b28bbd,2026-10-03T16:00:00Z,SMU Mustangs,Boston College Eagles,fanduel,FanDuel,2026-09-28T16:55:50Z,totals,2026-09-28T16:55:49Z,Over,-110,56.5,20260928165602403570
NCAAF,americanfootball_ncaaf,36357c80707ce0c3a645afe495b28bbd,2026-10-03T16:00:00Z,SMU Mustangs,Boston College Eagles,fanduel,FanDuel,2026-09-28T16:55:50Z,totals,2026-09-28T16:55:49Z,Under,-110,56.5,20260928165602403570
NCAAF,americanfootball_ncaaf,36357c80707ce0c3a645afe495b28bbd,2026-10-03T16:00:00Z,SMU Mustangs,Boston College Eagles,betrivers,BetRivers,2026-09-28T16:55:49Z,h2h,2026-09-28T16:55:49Z,Boston College Eagles,850,,20260928165602403570
NCAAF,americanfootball_ncaaf,36357c80707ce0c3a645afe495b28bbd,2026-10-03T16:00:00Z,SMU Mustangs,Boston College Eagles,betrivers,BetRivers,2026-09-28T16:55:49Z,h2h,2026-09-28T16:55:49Z,SMU Mustangs,-2000,,20260928165602403570
NCAAF,americanfootball_ncaaf,36357c80707ce0c3a645afe495b28bbd,2026-10-03T16:00:00Z,SMU Mustangs,Boston College Eagles,betrivers,BetRivers,2026-09-28T16:55:49Z,spreads,2026-09-28T16:55:49Z,Boston College Eagles,-115,21.0,20260928165602403570
NCAAF,americanfootball_ncaaf,36357c80707ce0c3a645afe495b28bbd,2026-10-03T16:00:00Z,SMU Mustangs,Boston College Eagles,betrivers,BetRivers,2026-09-28T16:55:49Z,spreads,2026-09-28T16:55:49Z,SMU Mustangs,-108,-21.0,20260928165602403570
NCAAF,americanfootball_ncaaf,36357c80707ce0c3a645afe495b28bbd,2026-10-03T16:00:00Z,SMU Mustangs,Boston College Eagles,betrivers,BetRivers,2026-09-28T16:55:49Z,totals,2026-09-28T16:55:49Z,Over,-113,56.5,20260928165602403570
NCAAF,americanfootball_ncaaf,36357c80707ce0c3a645afe495b28bbd,2026-10-03T16:00:00Z,SMU Mustangs,Boston College Eagles,betrivers,BetRivers,2026-09-28T16:55:49Z,totals,2026-09-28T16:55:49Z,Under,-110,56.5,20260928165602403570
NCAAF,americanfootball_ncaaf,36357c80707ce0c3a645afe495b28bbd,2026-10-03T16:00:00Z,SMU Mustangs,Boston College Eagles,draftkings,DraftKings,2026-09-28T16:55:34Z,h2h,2026-09-28T16:55:34Z,Boston College Eagles,900,,20260928165602403570
NCAAF,americanfootball_ncaaf,36357c80707ce0c3a645afe495b28bbd,2026-10-03T16:00:00Z,SMU Mustangs,Boston College Eagles,draftkings,DraftKings,2026-09-28T16:55:34Z,h2h,2026-09-28T16:55:34Z,SMU Mustangs,-1600,,20260928165602403570
NCAAF,americanfootball_ncaaf,36357c80707ce0c3a645afe495b28bbd,2026-10-03T16:00:00Z,SMU Mustangs,Boston College Eagles,draftkings,DraftKings,2026-09-28T16:55:34Z,spreads,2026-09-28T16:55:34Z,Boston College Eagles,-105,20.5,20260928165602403570
NCAAF,americanfootball_ncaaf,36357c80707ce0c3a645afe495b28bbd,2026-10-03T16:00:00Z,SMU Mustangs,Boston College Eagles,draftkings,DraftKings,2026-09-28T16:55:34Z,spreads,2026-09-28T16:55:34Z,SMU Mustangs,-115,-20.5,20260928165602403570
NCAAF,americanfootball_ncaaf,36357c80707ce0c3a645afe495b28bbd,2026-10-03T16:00:00Z,SMU Mustangs,Boston College Eagles,draftkings,DraftKings,2026-09-28T16:55:34Z,totals,2026-09-28T16:55:34Z,Over,-110,56.5,20260928165602403570
NCAAF,americanfootball_ncaaf,36357c80707ce0c3a645afe495b28bbd,2026-10-03T16:00:00Z,SMU Mustangs,Boston College Eagles,draftkings,DraftKings,2026-09-28T16:55:34Z,totals,2026-09-28T16:55:34Z,Under,-110,56.5,20260928165602403570
NCAAF,americanfootball_ncaaf,36357c80707ce0c3a645afe495b28bbd,2026-10-03T16:00:00Z,SMU Mustangs,Boston College Eagles,lowvig,LowVig.ag,2026-09-28T16:55:49Z,h2h,2026-09-28T16:55:49Z,Boston College Eagles,874,,20260928165602403570
NCAAF,americanfootball_ncaaf,36357c80707ce0c3a645afe495b28bbd,2026-10-03T16:00:00Z,SMU Mustangs,Boston College Eagles,lowvig,LowVig.ag,2026-09-28T16:55:49Z,h2h,2026-09-28T16:55:49Z,SMU Mustangs,-1500,,20260928165602403570
NCAAF,americanfootball_ncaaf,36357c80707ce0c3a645afe495b28bbd,2026-10-03T16:00:00Z,SMU Mustangs,Boston College Eagles,lowvig,LowVig.ag,2026-09-28T16:55:49Z,spreads,2026-09-28T16:55:49Z,Boston College Eagles,-101,20.5,20260928165602403570
NCAAF,americanfootball_ncaaf,36357c80707ce0c3a645afe495b28bbd,2026-10-03T16:00:00Z,SMU Mustangs,Boston College Eagles,lowvig,LowVig.ag,2026-09-28T16:55:49Z,spreads,2026-09-28T16:55:49Z,SMU Mustangs,-111,-20.5,20260928165602403570
NCAAF,americanfootball_ncaaf,36357c80707ce0c3a645afe495b28bbd,2026-10-03T16:00:00Z,SMU Mustangs,Boston College Eagles,lowvig,LowVig.ag,2026-09-28T16:55:49Z,totals,2026-09-28T16:55:49Z,Over,-108,56.5,20260928165602403570
NCAAF,americanfootball_ncaaf,36357c80707ce0c3a645afe495b28bbd,2026-10-03T16:00:00Z,SMU Mustangs,Boston College Eagles,lowvig,LowVig.ag,2026-09-28T16:55:49Z,totals,2026-09-28T16:55:49Z,Under,-108,56.5,20260928165602403570
NCAAF,americanfootball_ncaaf,36357c80707ce0c3a645afe495b28bbd,2026-10-03T16:00:00Z,SMU Mustangs,Boston College Eagles,betonlineag,BetOnline.ag,2026-09-28T16:55:07Z,h2h,2026-09-28T16:55:07Z,Boston College Eagles,874,,20260928165602403570
NCAAF,americanfootball_ncaaf,36357c80707ce0c3a645afe495b28bbd,2026-10-03T16:00:00Z,SMU Mustangs,Boston College Eagles,betonlineag,BetOnline.ag,2026-09-28T16:55:07Z,h2h,2026-09-28T16:55:07Z,SMU Mustangs,-1500,,20260928165602403570
NCAAF,americanfootball_ncaaf,36357c80707ce0c3a645afe495b28bbd,2026-10-03T16:00:00Z,SMU Mustangs,Boston College Eagles,betonlineag,BetOnline.ag,2026-09-28T16:55:07Z,spreads,2026-09-28T16:55:07Z,Boston College Eagles,-105,20.5,20260928165602403570
NCAAF,americanfootball_ncaaf,36357c80707ce0c3a645afe495b28bbd,2026-10-03T16:00:00Z,SMU Mustangs,Boston College Eagles,betonlineag,BetOnline.ag,2026-09-28T16:55:07Z,spreads,2026-09-28T16:55:07Z,SMU Mustangs,-115,-20.5,20260928165602403570
NCAAF,americanfootball_ncaaf,36357c80707ce0c3a645afe495b28bbd,2026-10-03T16:00:00Z,SMU Mustangs,Boston College Eagles,betonlineag,BetOnline.ag,2026-09-28T16:55:07Z,totals,2026-09-28T16:55:07Z,Over,-110,56.5,20260928165602403570
NCAAF,americanfootball_ncaaf,36357c80707ce0c3a645afe495b28bbd,2026-10-03T16:00:00Z,SMU Mustangs,Boston College Eagles,betonlineag,BetOnline.ag,2026-09-28T16:55:07Z,totals,2026-09-28T16:55:07Z,Under,-110,56.5,20260928165602403570
NCAAF,americanfootball_ncaaf,36357c80707ce0c3a645afe495b28bbd,2026-10-03T16:00:00Z,SMU Mustangs,Boston College Eagles,betmgm,BetMGM,2026-09-28T16:54:38Z,h2h,2026-09-28T16:54:38Z,Boston College Eagles,950,,20260928165602403570
NCAAF,americanfootball_ncaaf,36357c80707ce0c3a645afe495b28bbd,2026-10-03T16:00:00Z,SMU Mustangs,Boston College Eagles,betmgm,BetMGM,2026-09-28T16:54:38Z,h2h,2026-09-28T16:54:38Z,SMU Mustangs,-1400,,20260928165602403570
NCAAF,americanfootball_ncaaf,36357c80707ce0c3a645afe495b28bbd,2026-10-03T16:00:00Z,SMU Mustangs,Boston College Eagles,betmgm,BetMGM,2026-09-28T16:54:38Z,spreads,2026-09-28T16:54:38Z,Boston College Eagles,-105,20.5,20260928165602403570
NCAAF,americanfootball_ncaaf,36357c80707ce0c3a645afe495b28bbd,2026-10-03T16:00:00Z,SMU Mustangs,Boston College Eagles,betmgm,BetMGM,2026-09-28T16:54:38Z,spreads,2026-09-28T16:54:38Z,SMU Mustangs,-112,-20.5,20260928165602403570
NCAAF,americanfootball_ncaaf,36357c80707ce0c3a645afe495b28bbd,2026-10-03T16:00:00Z,SMU Mustangs,Boston College Eagles,betmgm,BetMGM,2026-09-28T16:54:38Z,totals,2026-09-28T16:54:38Z,Over,-110,56.5,20260928165602403570
NCAAF,americanfootball_ncaaf,36357c80707ce0c3a645afe495b28bbd,2026-10-03T16:00:00Z,SMU Mustangs,Boston College Eagles,betmgm,BetMGM,2026-09-28T16:54:38Z,totals,2026-09-28T16:54:38Z,Under,-108,56.5,20260928165602403570
NCAAF,americanfootball_ncaaf,36357c80707ce0c3a645afe495b28bbd,2026-10-03T16:00:00Z,SMU Mustangs,Boston College Eagles,mybookieag,MyBookie.ag,2026-09-28T16:55:48Z,h2h,2026-09-28T16:55:48Z,Boston College Eagles,730,,20260928165602403570
NCAAF,americanfootball_ncaaf,36357c80707ce0c3a645afe495b28bbd,2026-10-03T16:00:00Z,SMU Mustangs,Boston College Eagles,mybookieag,MyBookie.ag,2026-09-28T16:55:48Z,h2h,2026-09-28T16:55:48Z,SMU Mustangs,-1299,,20260928165602403570
NCAAF,americanfootball_ncaaf,36357c80707ce0c3a645afe495b28bbd,2026-10-03T16:00:00Z,SMU Mustangs,Boston College Eagles,mybookieag,MyBookie.ag,2026-09-28T16:55:48Z,spreads,2026-09-28T16:55:48Z,Boston College Eagles,-110,20.5,20260928165602403570
NCAAF,americanfootball_ncaaf,36357c80707ce0c3a645afe495b28bbd,2026-10-03T16:00:00Z,SMU Mustangs,Boston College Eagles,mybookieag,MyBookie.ag,2026-09-28T16:55:48Z,spreads,2026-09-28T16:55:48Z,SMU Mustangs,-110,-20.5,20260928165602403570
NCAAF,americanfootball_ncaaf,36357c80707ce0c3a645afe495b28bbd,2026-10-03T16:00:00Z,SMU Mustangs,Boston College Eagles,mybookieag,MyBookie.ag,2026-09-28T16:55:48Z,totals,2026-09-28T16:55:48Z,Over,-110,57.0,20260928165602403570
NCAAF,americanfootball_ncaaf,36357c80707ce0c3a645afe495b28bbd,2026-10-03T16:00:00Z,SMU Mustangs,Boston College Eagles,mybookieag,MyBookie.ag,2026-09-28T16:55:48Z,totals,2026-09-28T16:55:48Z,Under,-110,57.0,20260928165602403570
NCAAF,americanfootball_ncaaf,36357c80707ce0c3a645afe495b28bbd,2026-10-03T16:00:00Z,SMU Mustangs,Boston College Eagles,betus,BetUS,2026-09-28T16:55:53Z,spreads,2026-09-28T16:55:52Z,Boston College Eagles,-105,20.5,20260928165602403570
NCAAF,americanfootball_ncaaf,36357c80707ce0c3a645afe495b28bbd,2026-10-03T16:00:00Z,SMU Mustangs,Boston College Eagles,betus,BetUS,2026-09-28T16:55:53Z,spreads,2026-09-28T16:55:52Z,SMU Mustangs,-115,-20.5,20260928165602403570
NCAAF,americanfootball_ncaaf,36357c80707ce0c3a645afe495b28bbd,2026-10-03T16:00:00Z,SMU Mustangs,Boston College Eagles,betus,BetUS,2026-09-28T16:55:53Z,totals,2026-09-28T16:55:52Z,Over,-110,56.5,20260928165602403570
NCAAF,americanfootball_ncaaf,36357c80707ce0c3a645afe495b28bbd,2026-10-03T16:00:00Z,SMU Mustangs,Boston College Eagles,betus,BetUS,2026-09-28T16:55:53Z,totals,2026-09-28T16:55:52Z,Under,-110,56.5,20260928165602403570
NCAAF,americanfootball_ncaaf,36357c80707ce0c3a645afe495b28bbd,2026-10-03T16:00:00Z,SMU Mustangs,Boston College Eagles,bovada,Bovada,2026-09-28T16:54:58Z,h2h,2026-09-28T16:54:58Z,Boston College Eagles,800,,20260928165602403570
NCAAF,americanfootball_ncaaf,36357c80707ce0c3a645afe495b28bbd,2026-10-03T16:00:00Z,SMU Mustangs,Boston College Eagles,bovada,Bovada,2026-09-28T16:54:58Z,h2h,2026-09-28T16:54:58Z,SMU Mustangs,-1600,,20260928165602403570
NCAAF,americanfootball_ncaaf,36357c80707ce0c3a645afe495b28bbd,2026-10-03T16:00:00Z,SMU Mustangs,Boston College Eagles,bovada,Bovada,2026-09-28T16:54:58Z,spreads,2026-09-28T16:54:58Z,Boston College Eagles,-110,21.0,20260928165602403570
NCAAF,americanfootball_ncaaf,36357c80707ce0c3a645afe495b28bbd,2026-10-03T16:00:00Z,SMU Mustangs,Boston College Eagles,bovada,Bovada,2026-09-28T16:54:58Z,spreads,2026-09-28T16:54:58Z,SMU Mustangs,-110,-21.0,20260928165602403570
NCAAF,americanfootball_ncaaf,36357c80707ce0c3a645afe495b28bbd,2026-10-03T16:00:00Z,SMU Mustangs,Boston College Eagles,bovada,Bovada,2026-09-28T16:54:58Z,totals,2026-09-28T16:54:58Z,Over,-105,57.0,20260928165602403570
NCAAF,americanfootball_ncaaf,36357c80707ce0c3a645afe495b28bbd,2026-10-03T16:00:00Z,SMU Mustangs,Boston College Eagles,bovada,Bovada,2026-09-28T16:54:58Z,totals,2026-09-28T16:54:58Z,Under,-115,57.0,20260928165602403570
NCAAF,americanfootball_ncaaf,11c2108f1d7c8fb56c8a6c7fcd9b62bf,2026-10-03T16:00:00Z,Houston Cougars,UCF Knights,fanduel,FanDuel,2026-09-28T16:55:50Z,h2h,2026-09-28T16:55:49Z,Houston Cougars,-480,,20260928165602403570
NCAAF,americanfootball_ncaaf,11c2108f1d7c8fb56c8a6c7fcd9b62bf,2026-10-03T16:00:00Z,Houston Cougars,UCF Knights,fanduel,FanDuel,2026-09-28T16:55:50Z,h2h,2026-09-28T16:55:49Z,UCF Knights,360,,20260928165602403570
NCAAF,americanfootball_ncaaf,11c2108f1d7c8fb56c8a6c7fcd9b62bf,2026-10-03T16:00:00Z,Houston Cougars,UCF Knights,fanduel,FanDuel,2026-09-28T16:55:50Z,spreads,2026-09-28T16:55:49Z,Houston Cougars,-105,-12.5,20260928165602403570
NCAAF,americanfootball_ncaaf,11c2108f1d7c8fb56c8a6c7fcd9b62bf,2026-10-03T16:00:00Z,Houston Cougars,UCF Knights,fanduel,FanDuel,2026-09-28T16:55:50Z,spreads,2026-09-28T16:55:49Z,UCF Knights,-115,12.5,20260928165602403570
NCAAF,americanfootball_ncaaf,11c2108f1d7c8fb56c8a6c7fcd9b62bf,2026-10-03T16:00:00Z,Houston Cougars,UCF Knights,fanduel,FanDuel,2026-09-28T16:55:50Z,totals,2026-09-28T16:55:49Z,Over,-114,50.5,20260928165602403570
NCAAF,americanfootball_ncaaf,11c2108f1d7c8fb56c8a6c7fcd9b62bf,2026-10-03T16:00:00Z,Houston Cougars,UCF Knights,fanduel,FanDuel,2026-09-28T16:55:50Z,totals,2026-09-28T16:55:49Z,Under,-106,50.5,20260928165602403570
NCAAF,americanfootball_ncaaf,11c2108f1d7c8fb56c8a6c7fcd9b62bf,2026-10-03T16:00:00Z,Houston Cougars,UCF Knights,betrivers,BetRivers,2026-09-28T16:55:49Z,h2h,2026-09-28T16:55:49Z,Houston Cougars,-625,,20260928165602403570
NCAAF,americanfootball_ncaaf,11c2108f1d7c8fb56c8a6c7fcd9b62bf,2026-10-03T16:00:00Z,Houston Cougars,UCF Knights,betrivers,BetRivers,2026-09-28T16:55:49Z,h2h,2026-09-28T16:55:49Z,UCF Knights,420,,20260928165602403570
NCAAF,americanfootball_ncaaf,11c2108f1d7c8fb56c8a6c7fcd9b62bf,2026-10-03T16:00:00Z,Houston Cougars,UCF Knights,betrivers,BetRivers,2026-09-28T16:55:49Z,spreads,2026-09-28T16:55:49Z,Houston Cougars,-113,-12.0,20260928165602403570
NCAAF,americanfootball_ncaaf,11c2108f1d7c8fb56c8a6c7fcd9b62bf,2026-10-03T16:00:00Z,Houston Cougars,UCF Knights,betrivers,BetRivers,2026-09-28T16:55:49Z,spreads,2026-09-28T16:55:49Z,UCF Knights,-110,12.0,20260928165602403570
NCAAF,americanfootball_ncaaf,11c2108f1d7c8fb56c8a6c7fcd9b62bf,2026-10-03T16:00:00Z,Houston Cougars,UCF Knights,betrivers,BetRivers,2026-09-28T16:55:49Z,totals,2026-09-28T16:55:49Z,Over,-113,51.0,20260928165602403570
NCAAF,americanfootball_ncaaf,11c2108f1d7c8fb56c8a6c7fcd9b62bf,2026-10-03T16:00:00Z,Houston Cougars,UCF Knights,betrivers,BetRivers,2026-09-28T16:55:49Z,totals,2026-09-28T16:55:49Z,Under,-110,51.0,20260928165602403570
NCAAF,americanfootball_ncaaf,11c2108f1d7c8fb56c8a6c7fcd9b62bf,2026-10-03T16:00:00Z,Houston Cougars,UCF Knights,draftkings,DraftKings,2026-09-28T16:55:34Z,h2h,2026-09-28T16:55:34Z,Houston Cougars,-455,,20260928165602403570
NCAAF,americanfootball_ncaaf,11c2108f1d7c8fb56c8a6c7fcd9b62bf,2026-10-03T16:00:00Z,Houston Cougars,UCF Knights,draftkings,DraftKings,2026-09-28T16:55:34Z,h2h,2026-09-28T16:55:34Z,UCF Knights,350,,20260928165602403570
NCAAF,americanfootball_ncaaf,11c2108f1d7c8fb56c8a6c7fcd9b62bf,2026-10-03T16:00:00Z,Houston Cougars,UCF Knights,draftkings,DraftKings,2026-09-28T16:55:34Z,spreads,2026-09-28T16:55:34Z,Houston Cougars,-108,-12.5,20260928165602403570
NCAAF,americanfootball_ncaaf,11c2108f1d7c8fb56c8a6c7fcd9b62bf,2026-10-03T16:00:00Z,Houston Cougars,UCF Knights,draftkings,DraftKings,2026-09-28T16:55:34Z,spreads,2026-09-28T16:55:34Z,UCF Knights,-112,12.5,20260928165602403570
NCAAF,americanfootball_ncaaf,11c2108f1d7c8fb56c8a6c7fcd9b62bf,2026-10-03T16:00:00Z,Houston Cougars,UCF Knights,draftkings,DraftKings,2026-09-28T16:55:34Z,totals,2026-09-28T16:55:34Z,Over,-102,51.5,20260928165602403570
NCAAF,americanfootball_ncaaf,11c2108f1d7c8fb56c8a6c7fcd9b62bf,2026-10-03T16:00:00Z,Houston Cougars,UCF Knights,draftkings,DraftKings,2026-09-28T16:55:34Z,totals,2026-09-28T16:55:34Z,Under,-118,51.5,20260928165602403570
NCAAF,americanfootball_ncaaf,11c2108f1d7c8fb56c8a6c7fcd9b62bf,2026-10-03T16:00:00Z,Houston Cougars,UCF Knights,betonlineag,BetOnline.ag,2026-09-28T16:55:07Z,h2h,2026-09-28T16:55:07Z,Houston Cougars,-460,,20260928165602403570
NCAAF,americanfootball_ncaaf,11c2108f1d7c8fb56c8a6c7fcd9b62bf,2026-10-03T16:00:00Z,Houston Cougars,UCF Knights,betonlineag,BetOnline.ag,2026-09-28T16:55:07Z,h2h,2026-09-28T16:55:07Z,UCF Knights,358,,20260928165602403570
NCAAF,americanfootball_ncaaf,11c2108f1d7c8fb56c8a6c7fcd9b62bf,2026-10-03T16:00:00Z,Houston Cougars,UCF Knights,betonlineag,BetOnline.ag,2026-09-28T16:55:07Z,spreads,2026-09-28T16:55:07Z,Houston Cougars,-110,-12.5,20260928165602403570
NCAAF,americanfootball_ncaaf,11c2108f1d7c8fb56c8a6c7fcd9b62bf,2026-10-03T16:00:00Z,Houston Cougars,UCF Knights,betonlineag,BetOnline.ag,2026-09-28T16:55:07Z,spreads,2026-09-28T16:55:07Z,UCF Knights,-110,12.5,20260928165602403570
NCAAF,americanfootball_ncaaf,11c2108f1d7c8fb56c8a6c7fcd9b62bf,2026-10-03T16:00:00Z,Houston Cougars,UCF Knights,betonlineag,BetOnline.ag,2026-09-28T16:55:07Z,totals,2026-09-28T16:55:07Z,Over,-105,51.5,20260928165602403570
NCAAF,americanfootball_ncaaf,11c2108f1d7c8fb56c8a6c7fcd9b62bf,2026-10-03T16:00:00Z,Houston Cougars,UCF Knights,betonlineag,BetOnline.ag,2026-09-28T16:55:07Z,totals,2026-09-28T16:55:07Z,Under,-115,51.5,20260928165602403570
NCAAF,americanfootball_ncaaf,11c2108f1d7c8fb56c8a6c7fcd9b62bf,2026-10-03T16:00:00Z,Houston Cougars,UCF Knights,lowvig,LowVig.ag,2026-09-28T16:55:49Z,h2h,2026-09-28T16:55:49Z,Houston Cougars,-460,,20260928165602403570
NCAAF,americanfootball_ncaaf,11c2108f1d7c8fb56c8a6c7fcd9b62bf,2026-10-03T16:00:00Z,Houston Cougars,UCF Knights,lowvig,LowVig.ag,2026-09-28T16:55:49Z,h2h,2026-09-28T16:55:49Z,UCF Knights,358,,20260928165602403570
NCAAF,americanfootball_ncaaf,11c2108f1d7c8fb56c8a6c7fcd9b62bf,2026-10-03T16:00:00Z,Houston Cougars,UCF Knights,lowvig,LowVig.ag,2026-09-28T16:55:49Z,spreads,2026-09-28T16:55:49Z,Houston Cougars,-106,-12.5,20260928165602403570
NCAAF,americanfootball_ncaaf,11c2108f1d7c8fb56c8a6c7fcd9b62bf,2026-10-03T16:00:00Z,Houston Cougars,UCF Knights,lowvig,LowVig.ag,2026-09-28T16:55:49Z,spreads,2026-09-28T16:55:49Z,UCF Knights,-106,12.5,20260928165602403570
NCAAF,americanfootball_ncaaf,11c2108f1d7c8fb56c8a6c7fcd9b62bf,2026-10-03T16:00:00Z,Houston Cougars,UCF Knights,lowvig,LowVig.ag,2026-09-28T16:55:49Z,totals,2026-09-28T16:55:49Z,Over,-103,51.5,20260928165602403570
NCAAF,americanfootball_ncaaf,11c2108f1d7c8fb56c8a6c7fcd9b62bf,2026-10-03T16:00:00Z,Houston Cougars,UCF Knights,lowvig,LowVig.ag,2026-09-28T16:55:49Z,totals,2026-09-28T16:55:49Z,Under,-114,51.5,20260928165602403570
NCAAF,americanfootball_ncaaf,11c2108f1d7c8fb56c8a6c7fcd9b62bf,2026-10-03T16:00:00Z,Houston Cougars,UCF Knights,betmgm,BetMGM,2026-09-28T16:54:38Z,h2h,2026-09-28T16:54:38Z,Houston Cougars,-450,,20260928165602403570
NCAAF,americanfootball_ncaaf,11c2108f1d7c8fb56c8a6c7fcd9b62bf,2026-10-03T16:00:00Z,Houston Cougars,UCF Knights,betmgm,BetMGM,2026-09-28T16:54:38Z,h2h,2026-09-28T16:54:38Z,UCF Knights,360,,20260928165602403570
NCAAF,americanfootball_ncaaf,11c2108f1d7c8fb56c8a6c7fcd9b62bf,2026-10-03T16:00:00Z,Houston Cougars,UCF Knights,betmgm,BetMGM,2026-09-28T16:54:38Z,spreads,2026-09-28T16:54:38Z,Houston Cougars,-110,-12.0,20260928165602403570
NCAAF,americanfootball_ncaaf,11c2108f1d7c8fb56c8a6c7fcd9b62bf,2026-10-03T16:00:00Z,Houston Cougars,UCF Knights,betmgm,BetMGM,2026-09-28T16:54:38Z,spreads,2026-09-28T16:54:38Z,UCF Knights,-108,12.0,20260928165602403570
NCAAF,americanfootball_ncaaf,11c2108f1d7c8fb56c8a6c7fcd9b62bf,2026-10-03T16:00:00Z,Houston Cougars,UCF Knights,betmgm,BetMGM,2026-09-28T16:54:38Z,totals,2026-09-28T16:54:38Z,Over,-102,51.5,20260928165602403570
NCAAF,americanfootball_ncaaf,11c2108f1d7c8fb56c8a6c7fcd9b62bf,2026-10-03T16:00:00Z,Houston Cougars,UCF Knights,betmgm,BetMGM,2026-09-28T16:54:38Z,totals,2026-09-28T16:54:38Z,Under,-118,51.5,20260928165602403570
NCAAF,americanfootball_ncaaf,11c2108f1d7c8fb56c8a6c7fcd9b62bf,2026-10-03T16:00:00Z,Houston Cougars,UCF Knights,mybookieag,MyBookie.ag,2026-09-28T16:55:48Z,h2h,2026-09-28T16:55:48Z,Houston Cougars,-526,,20260928165602403570
NCAAF,americanfootball_ncaaf,11c2108f1d7c8fb56c8a6c7fcd9b62bf,2026-10-03T16:00:00Z,Houston Cougars,UCF Knights,mybookieag,MyBookie.ag,2026-09-28T16:55:48Z,h2h,2026-09-28T16:55:48Z,UCF Knights,380,,20260928165602403570
NCAAF,americanfootball_ncaaf,11c2108f1d7c8fb56c8a6c7fcd9b62bf,2026-10-03T16:00:00Z,Houston Cougars,UCF Knights,mybookieag,MyBookie.ag,2026-09-28T16:55:48Z,spreads,2026-09-28T16:55:48Z,Houston Cougars,-110,-12.0,20260928165602403570
NCAAF,americanfootball_ncaaf,11c2108f1d7c8fb56c8a6c7fcd9b62bf,2026-10-03T16:00:00Z,Houston Cougars,UCF Knights,mybookieag,MyBookie.ag,2026-09-28T16:55:48Z,spreads,2026-09-28T16:55:48Z,UCF Knights,-110,12.0,20260928165602403570
NCAAF,americanfootball_ncaaf,11c2108f1d7c8fb56c8a6c7fcd9b62bf,2026-10-03T16:00:00Z,Houston Cougars,UCF Knights,mybookieag,MyBookie.ag,2026-09-28T16:55:48Z,totals,2026-09-28T16:55:48Z,Over,-110,51.0,20260928165602403570
NCAAF,americanfootball_ncaaf,11c2108f1d7c8fb56c8a6c7fcd9b62bf,2026-10-03T16:00:00Z,Houston Cougars,UCF Knights,mybookieag,MyBookie.ag,2026-09-28T16:55:48Z,totals,2026-09-28T16:55:48Z,Under,-110,51.0,20260928165602403570
NCAAF,americanfootball_ncaaf,11c2108f1d7c8fb56c8a6c7fcd9b62bf,2026-10-03T16:00:00Z,Houston Cougars,UCF Knights,betus,BetUS,2026-09-28T16:55:53Z,spreads,2026-09-28T16:55:52Z,Houston Cougars,-110,-12.5,20260928165602403570
NCAAF,americanfootball_ncaaf,11c2108f1d7c8fb56c8a6c7fcd9b62bf,2026-10-03T16:00:00Z,Houston Cougars,UCF Knights,betus,BetUS,2026-09-28T16:55:53Z,spreads,2026-09-28T16:55:52Z,UCF Knights,-110,12.5,20260928165602403570
NCAAF,americanfootball_ncaaf,11c2108f1d7c8fb56c8a6c7fcd9b62bf,2026-10-03T16:00:00Z,Houston Cougars,UCF Knights,betus,BetUS,2026-09-28T16:55:53Z,totals,2026-09-28T16:55:52Z,Over,-105,51.5,20260928165602403570
NCAAF,americanfootball_ncaaf,11c2108f1d7c8fb56c8a6c7fcd9b62bf,2026-10-03T16:00:00Z,Houston Cougars,UCF Knights,betus,BetUS,2026-09-28T16:55:53Z,totals,2026-09-28T16:55:52Z,Under,-115,51.5,20260928165602403570
NCAAF,americanfootball_ncaaf,11c2108f1d7c8fb56c8a6c7fcd9b62bf,2026-10-03T16:00:00Z,Houston Cougars,UCF Knights,bovada,Bovada,2026-09-28T16:54:58Z,h2h,2026-09-28T16:54:58Z,Houston Cougars,-490,,20260928165602403570
NCAAF,americanfootball_ncaaf,11c2108f1d7c8fb56c8a6c7fcd9b62bf,2026-10-03T16:00:00Z,Houston Cougars,UCF Knights,bovada,Bovada,2026-09-28T16:54:58Z,h2h,2026-09-28T16:54:58Z,UCF Knights,355,,20260928165602403570
NCAAF,americanfootball_ncaaf,11c2108f1d7c8fb56c8a6c7fcd9b62bf,2026-10-03T16:00:00Z,Houston Cougars,UCF Knights,bovada,Bovada,2026-09-28T16:54:58Z,spreads,2026-09-28T16:54:58Z,Houston Cougars,-110,-12.5,20260928165602403570
NCAAF,americanfootball_ncaaf,11c2108f1d7c8fb56c8a6c7fcd9b62bf,2026-10-03T16:00:00Z,Houston Cougars,UCF Knights,bovada,Bovada,2026-09-28T16:54:58Z,spreads,2026-09-28T16:54:58Z,UCF Knights,-110,12.5,20260928165602403570
NCAAF,americanfootball_ncaaf,11c2108f1d7c8fb56c8a6c7fcd9b62bf,2026-10-03T16:00:00Z,Houston Cougars,UCF Knights,bovada,Bovada,2026-09-28T16:54:58Z,totals,2026-09-28T16:54:58Z,Over,-115,51.0,20260928165602403570
NCAAF,americanfootball_ncaaf,11c2108f1d7c8fb56c8a6c7fcd9b62bf,2026-10-03T16:00:00Z,Houston Cougars,UCF Knights,bovada,Bovada,2026-09-28T16:54:58Z,totals,2026-09-28T16:54:58Z,Under,-105,51.0,20260928165602403570
NCAAF,americanfootball_ncaaf,7bdd5ae18979fa3af61625a21d757987,2026-10-03T16:00:00Z,Iowa State Cyclones,West Virginia Mountaineers,fanduel,FanDuel,2026-09-28T16:55:50Z,h2h,2026-09-28T16:55:49Z,Iowa State Cyclones,-156,,20260928165602403570
NCAAF,americanfootball_ncaaf,7bdd5ae18979fa3af61625a21d757987,2026-10-03T16:00:00Z,Iowa State Cyclones,West Virginia Mountaineers,fanduel,FanDuel,2026-09-28T16:55:50Z,h2h,2026-09-28T16:55:49Z,West Virginia Mountaineers,130,,20260928165602403570
NCAAF,americanfootball_ncaaf,7bdd5ae18979fa3af61625a21d757987,2026-10-03T16:00:00Z,Iowa State Cyclones,West Virginia Mountaineers,fanduel,FanDuel,2026-09-28T16:55:50Z,spreads,2026-09-28T16:55:49Z,Iowa State Cyclones,100,-3.5,20260928165602403570
NCAAF,americanfootball_ncaaf,7bdd5ae18979fa3af61625a21d757987,2026-10-03T16:00:00Z,Iowa State Cyclones,West Virginia Mountaineers,fanduel,FanDuel,2026-09-28T16:55:50Z,spreads,2026-09-28T16:55:49Z,West Virginia Mountaineers,-122,3.5,20260928165602403570
NCAAF,americanfootball_ncaaf,7bdd5ae18979fa3af61625a21d757987,2026-10-03T16:00:00Z,Iowa State Cyclones,West Virginia Mountaineers,fanduel,FanDuel,2026-09-28T16:55:50Z,totals,2026-09-28T16:55:49Z,Over,-118,52.5,20260928165602403570
NCAAF,americanfootball_ncaaf,7bdd5ae18979fa3af61625a21d757987,2026-10-03T16:00:00Z,Iowa State Cyclones,West Virginia Mountaineers,fanduel,FanDuel,2026-09-28T16:55:50Z,totals,2026-09-28T16:55:49Z,Under,-104,52.5,20260928165602403570
NCAAF,americanfootball_ncaaf,7bdd5ae18979fa3af61625a21d757987,2026-10-03T16:00:00Z,Iowa State Cyclones,West Virginia Mountaineers,betrivers,BetRivers,2026-09-28T16:55:49Z,h2h,2026-09-28T16:55:49Z,Iowa State Cyclones,-165,,20260928165602403570
NCAAF,americanfootball_ncaaf,7bdd5ae18979fa3af61625a21d757987,2026-10-03T16:00:00Z,Iowa State Cyclones,West Virginia Mountaineers,betrivers,BetRivers,2026-09-28T16:55:49Z,h2h,2026-09-28T16:55:49Z,West Virginia Mountaineers,133,,20260928165602403570
NCAAF,americanfootball_ncaaf,7bdd5ae18979fa3af61625a21d757987,2026-10-03T16:00:00Z,Iowa State Cyclones,West Virginia Mountaineers,betrivers,BetRivers,2026-09-28T16:55:49Z,spreads,2026-09-28T16:55:49Z,Iowa State Cyclones,-117,-3.0,20260928165602403570
NCAAF,americanfootball_ncaaf,7bdd5ae18979fa3af61625a21d757987,2026-10-03T16:00:00Z,Iowa State Cyclones,West Virginia Mountaineers,betrivers,BetRivers,2026-09-28T16:55:49Z,spreads,2026-09-28T16:55:49Z,West Virginia Mountaineers,-106,3.0,20260928165602403570
NCAAF,americanfootball_ncaaf,7bdd5ae18979fa3af61625a21d757987,2026-10-03T16:00:00Z,Iowa State Cyclones,West Virginia Mountaineers,betrivers,BetRivers,2026-09-28T16:55:49Z,totals,2026-09-28T16:55:49Z,Over,-112,52.5,20260928165602403570
NCAAF,americanfootball_ncaaf,7bdd5ae18979fa3af61625a21d757987,2026-10-03T16:00:00Z,Iowa State Cyclones,West Virginia Mountaineers,betrivers,BetRivers,2026-09-28T16:55:49Z,totals,2026-09-28T16:55:49Z,Under,-117,52.5,20260928165602403570
NCAAF,americanfootball_ncaaf,7bdd5ae18979fa3af61625a21d757987,2026-10-03T16:00:00Z,Iowa State Cyclones,West Virginia Mountaineers,lowvig,LowVig.ag,2026-09-28T16:55:49Z,h2h,2026-09-28T16:55:49Z,Iowa State Cyclones,-155,,20260928165602403570
NCAAF,americanfootball_ncaaf,7bdd5ae18979fa3af61625a21d757987,2026-10-03T16:00:00Z,Iowa State Cyclones,West Virginia Mountaineers,lowvig,LowVig.ag,2026-09-28T16:55:49Z,h2h,2026-09-28T16:55:49Z,West Virginia Mountaineers,135,,20260928165602403570
NCAAF,americanfootball_ncaaf,7bdd5ae18979fa3af61625a21d757987,2026-10-03T16:00:00Z,Iowa State Cyclones,West Virginia Mountaineers,lowvig,LowVig.ag,2026-09-28T16:55:49Z,spreads,2026-09-28T16:55:49Z,Iowa State Cyclones,-106,-3.5,20260928165602403570
NCAAF,americanfootball_ncaaf,7bdd5ae18979fa3af61625a21d757987,2026-10-03T16:00:00Z,Iowa State Cyclones,West Virginia Mountaineers,lowvig,LowVig.ag,2026-09-28T16:55:49Z,spreads,2026-09-28T16:55:49Z,West Virginia Mountaineers,-106,3.5,20260928165602403570
NCAAF,americanfootball_ncaaf,7bdd5ae18979fa3af61625a21d757987,2026-10-03T16:00:00Z,Iowa State Cyclones,West Virginia Mountaineers,lowvig,LowVig.ag,2026-09-28T16:55:49Z,totals,2026-09-28T16:55:49Z,Over,-103,53.0,20260928165602403570
NCAAF,americanfootball_ncaaf,7bdd5ae18979fa3af61625a21d757987,2026-10-03T16:00:00Z,Iowa State Cyclones,West Virginia Mountaineers,lowvig,LowVig.ag,2026-09-28T16:55:49Z,totals,2026-09-28T16:55:49Z,Under,-114,53.0,20260928165602403570
NCAAF,americanfootball_ncaaf,7bdd5ae18979fa3af61625a21d757987,2026-10-03T16:00:00Z,Iowa State Cyclones,West Virginia Mountaineers,betonlineag,BetOnline.ag,2026-09-28T16:55:07Z,h2h,2026-09-28T16:55:07Z,Iowa State Cyclones,-155,,20260928165602403570
NCAAF,americanfootball_ncaaf,7bdd5ae18979fa3af61625a21d757987,2026-10-03T16:00:00Z,Iowa State Cyclones,West Virginia Mountaineers,betonlineag,BetOnline.ag,2026-09-28T16:55:07Z,h2h,2026-09-28T16:55:07Z,West Virginia Mountaineers,135,,20260928165602403570
NCAAF,americanfootball_ncaaf,7bdd5ae18979fa3af61625a21d757987,2026-10-03T16:00:00Z,Iowa State Cyclones,West Virginia Mountaineers,betonlineag,BetOnline.ag,2026-09-28T16:55:07Z,spreads,2026-09-28T16:55:07Z,Iowa State Cyclones,-110,-3.5,20260928165602403570
NCAAF,americanfootball_ncaaf,7bdd5ae18979fa3af61625a21d757987,2026-10-03T16:00:00Z,Iowa State Cyclones,West Virginia Mountaineers,betonlineag,BetOnline.ag,2026-09-28T16:55:07Z,spreads,2026-09-28T16:55:07Z,West Virginia Mountaineers,-110,3.5,20260928165602403570
NCAAF,americanfootball_ncaaf,7bdd5ae18979fa3af61625a21d757987,2026-10-03T16:00:00Z,Iowa State Cyclones,West Virginia Mountaineers,betonlineag,BetOnline.ag,2026-09-28T16:55:07Z,totals,2026-09-28T16:55:07Z,Over,-105,53.0,20260928165602403570
NCAAF,americanfootball_ncaaf,7bdd5ae18979fa3af61625a21d757987,2026-10-03T16:00:00Z,Iowa State Cyclones,West Virginia Mountaineers,betonlineag,BetOnline.ag,2026-09-28T16:55:07Z,totals,2026-09-28T16:55:07Z,Under,-115,53.0,20260928165602403570
NCAAF,americanfootball_ncaaf,7bdd5ae18979fa3af61625a21d757987,2026-10-03T16:00:00Z,Iowa State Cyclones,West Virginia Mountaineers,draftkings,DraftKings,2026-09-28T16:55:34Z,h2h,2026-09-28T16:55:34Z,Iowa State Cyclones,-162,,20260928165602403570
NCAAF,americanfootball_ncaaf,7bdd5ae18979fa3af61625a21d757987,2026-10-03T16:00:00Z,Iowa State Cyclones,West Virginia Mountaineers,draftkings,DraftKings,2026-09-28T16:55:34Z,h2h,2026-09-28T16:55:34Z,West Virginia Mountaineers,136,,20260928165602403570
NCAAF,americanfootball_ncaaf,7bdd5ae18979fa3af61625a21d757987,2026-10-03T16:00:00Z,Iowa State Cyclones,West Virginia Mountaineers,draftkings,DraftKings,2026-09-28T16:55:34Z,spreads,2026-09-28T16:55:34Z,Iowa State Cyclones,-102,-3.5,20260928165602403570
NCAAF,americanfootball_ncaaf,7bdd5ae18979fa3af61625a21d757987,2026-10-03T16:00:00Z,Iowa State Cyclones,West Virginia Mountaineers,draftkings,DraftKings,2026-09-28T16:55:34Z,spreads,2026-09-28T16:55:34Z,West Virginia Mountaineers,-118,3.5,20260928165602403570
NCAAF,americanfootball_ncaaf,7bdd5ae18979fa3af61625a21d757987,2026-10-03T16:00:00Z,Iowa State Cyclones,West Virginia Mountaineers,draftkings,DraftKings,2026-09-28T16:55:34Z,totals,2026-09-28T16:55:34Z,Over,-108,52.5,20260928165602403570
NCAAF,americanfootball_ncaaf,7bdd5ae18979fa3af61625a21d757987,2026-10-03T16:00:00Z,Iowa State Cyclones,West Virginia Mountaineers,draftkings,DraftKings,2026-09-28T16:55:34Z,totals,2026-09-28T16:55:34Z,Under,-112,52.5,20260928165602403570
NCAAF,americanfootball_ncaaf,7bdd5ae18979fa3af61625a21d757987,2026-10-03T16:00:00Z,Iowa State Cyclones,West Virginia Mountaineers,betmgm,BetMGM,2026-09-28T16:54:38Z,h2h,2026-09-28T16:54:38Z,Iowa State Cyclones,-160,,20260928165602403570
NCAAF,americanfootball_ncaaf,7bdd5ae18979fa3af61625a21d757987,2026-10-03T16:00:00Z,Iowa State Cyclones,West Virginia Mountaineers,betmgm,BetMGM,2026-09-28T16:54:38Z,h2h,2026-09-28T16:54:38Z,West Virginia Mountaineers,130,,20260928165602403570
NCAAF,americanfootball_ncaaf,7bdd5ae18979fa3af61625a21d757987,2026-10-03T16:00:00Z,Iowa State Cyclones,West Virginia Mountaineers,betmgm,BetMGM,2026-09-28T16:54:38Z,spreads,2026-09-28T16:54:38Z,Iowa State Cyclones,-108,-3.5,20260928165602403570
NCAAF,americanfootball_ncaaf,7bdd5ae18979fa3af61625a21d757987,2026-10-03T16:00:00Z,Iowa State Cyclones,West Virginia Mountaineers,betmgm,BetMGM,2026-09-28T16:54:38Z,spreads,2026-09-28T16:54:38Z,West Virginia Mountaineers,-110,3.5,20260928165602403570
NCAAF,americanfootball_ncaaf,7bdd5ae18979fa3af61625a21d757987,2026-10-03T16:00:00Z,Iowa State Cyclones,West Virginia Mountaineers,betmgm,BetMGM,2026-09-28T16:54:38Z,totals,2026-09-28T16:54:38Z,Over,-110,52.5,20260928165602403570
NCAAF,americanfootball_ncaaf,7bdd5ae18979fa3af61625a21d757987,2026-10-03T16:00:00Z,Iowa State Cyclones,West Virginia Mountaineers,betmgm,BetMGM,2026-09-28T16:54:38Z,totals,2026-09-28T16:54:38Z,Under,-108,52.5,20260928165602403570
NCAAF,americanfootball_ncaaf,7bdd5ae18979fa3af61625a21d757987,2026-10-03T16:00:00Z,Iowa State Cyclones,West Virginia Mountaineers,mybookieag,MyBookie.ag,2026-09-28T16:55:48Z,h2h,2026-09-28T16:55:48Z,Iowa State Cyclones,-164,,20260928165602403570
NCAAF,americanfootball_ncaaf,7bdd5ae18979fa3af61625a21d757987,2026-10-03T16:00:00Z,Iowa State Cyclones,West Virginia Mountaineers,mybookieag,MyBookie.ag,2026-09-28T16:55:48Z,h2h,2026-09-28T16:55:48Z,West Virginia Mountaineers,133,,20260928165602403570
NCAAF,americanfootball_ncaaf,7bdd5ae18979fa3af61625a21d757987,2026-10-03T16:00:00Z,Iowa State Cyclones,West Virginia Mountaineers,mybookieag,MyBookie.ag,2026-09-28T16:55:48Z,spreads,2026-09-28T16:55:48Z,Iowa State Cyclones,-110,-3.0,20260928165602403570
NCAAF,americanfootball_ncaaf,7bdd5ae18979fa3af61625a21d757987,2026-10-03T16:00:00Z,Iowa State Cyclones,West Virginia Mountaineers,mybookieag,MyBookie.ag,2026-09-28T16:55:48Z,spreads,2026-09-28T16:55:48Z,West Virginia Mountaineers,-110,3.0,20260928165602403570
NCAAF,americanfootball_ncaaf,7bdd5ae18979fa3af61625a21d757987,2026-10-03T16:00:00Z,Iowa State Cyclones,West Virginia Mountaineers,mybookieag,MyBookie.ag,2026-09-28T16:55:48Z,totals,2026-09-28T16:55:48Z,Over,-110,53.0,20260928165602403570
NCAAF,americanfootball_ncaaf,7bdd5ae18979fa3af61625a21d757987,2026-10-03T16:00:00Z,Iowa State Cyclones,West Virginia Mountaineers,mybookieag,MyBookie.ag,2026-09-28T16:55:48Z,totals,2026-09-28T16:55:48Z,Under,-110,53.0,20260928165602403570
NCAAF,americanfootball_ncaaf,7bdd5ae18979fa3af61625a21d757987,2026-10-03T16:00:00Z,Iowa State Cyclones,West Virginia Mountaineers,betus,BetUS,2026-09-28T16:55:53Z,spreads,2026-09-28T16:55:53Z,Iowa State Cyclones,-110,-3.0,20260928165602403570
NCAAF,americanfootball_ncaaf,7bdd5ae18979fa3af61625a21d757987,2026-10-03T16:00:00Z,Iowa State Cyclones,West Virginia Mountaineers,betus,BetUS,2026-09-28T16:55:53Z,spreads,2026-09-28T16:55:53Z,West Virginia Mountaineers,-110,3.0,20260928165602403570
NCAAF,americanfootball_ncaaf,7bdd5ae18979fa3af61625a21d757987,2026-10-03T16:00:00Z,Iowa State Cyclones,West Virginia Mountaineers,betus,BetUS,2026-09-28T16:55:53Z,totals,2026-09-28T16:55:53Z,Over,-105,53.0,20260928165602403570
NCAAF,americanfootball_ncaaf,7bdd5ae18979fa3af61625a21d757987,2026-10-03T16:00:00Z,Iowa State Cyclones,West Virginia Mountaineers,betus,BetUS,2026-09-28T16:55:53Z,totals,2026-09-28T16:55:53Z,Under,-115,53.0,20260928165602403570
NCAAF,americanfootball_ncaaf,7bdd5ae18979fa3af61625a21d757987,2026-10-03T16:00:00Z,Iowa State Cyclones,West Virginia Mountaineers,bovada,Bovada,2026-09-28T16:54:58Z,h2h,2026-09-28T16:54:58Z,Iowa State Cyclones,-170,,20260928165602403570
NCAAF,americanfootball_ncaaf,7bdd5ae18979fa3af61625a21d757987,2026-10-03T16:00:00Z,Iowa State Cyclones,West Virginia Mountaineers,bovada,Bovada,2026-09-28T16:54:58Z,h2h,2026-09-28T16:54:58Z,West Virginia Mountaineers,145,,20260928165602403570
NCAAF,americanfootball_ncaaf,7bdd5ae18979fa3af61625a21d757987,2026-10-03T16:00:00Z,Iowa State Cyclones,West Virginia Mountaineers,bovada,Bovada,2026-09-28T16:54:58Z,spreads,2026-09-28T16:54:58Z,Iowa State Cyclones,-110,-3.5,20260928165602403570
NCAAF,americanfootball_ncaaf,7bdd5ae18979fa3af61625a21d757987,2026-10-03T16:00:00Z,Iowa State Cyclones,West Virginia Mountaineers,bovada,Bovada,2026-09-28T16:54:58Z,spreads,2026-09-28T16:54:58Z,West Virginia Mountaineers,-110,3.5,20260928165602403570
NCAAF,americanfootball_ncaaf,7bdd5ae18979fa3af61625a21d757987,2026-10-03T16:00:00Z,Iowa State Cyclones,West Virginia Mountaineers,bovada,Bovada,2026-09-28T16:54:58Z,totals,2026-09-28T16:54:58Z,Over,-110,53.0,20260928165602403570
NCAAF,americanfootball_ncaaf,7bdd5ae18979fa3af61625a21d757987,2026-10-03T16:00:00Z,Iowa State Cyclones,West Virginia Mountaineers,bovada,Bovada,2026-09-28T16:54:58Z,totals,2026-09-28T16:54:58Z,Under,-110,53.0,20260928165602403570
NCAAF,americanfootball_ncaaf,38e6b42c07f8da2e57e0b4dd09d6174c,2026-10-03T16:00:00Z,Kansas Jayhawks,Middle Tennessee Blue Raiders,fanduel,FanDuel,2026-09-28T16:55:50Z,h2h,2026-09-28T16:55:49Z,Kansas Jayhawks,-1600,,20260928165602403570
NCAAF,americanfootball_ncaaf,38e6b42c07f8da2e57e0b4dd09d6174c,2026-10-03T16:00:00Z,Kansas Jayhawks,Middle Tennessee Blue Raiders,fanduel,FanDuel,2026-09-28T16:55:50Z,h2h,2026-09-28T16:55:49Z,Middle Tennessee Blue Raiders,860,,20260928165602403570
NCAAF,americanfootball_ncaaf,38e6b42c07f8da2e57e0b4dd09d6174c,2026-10-03T16:00:00Z,Kansas Jayhawks,Middle Tennessee Blue Raiders,fanduel,FanDuel,2026-09-28T16:55:50Z,spreads,2026-09-28T16:55:49Z,Kansas Jayhawks,-110,-19.5,20260928165602403570
NCAAF,americanfootball_ncaaf,38e6b42c07f8da2e57e0b4dd09d6174c,2026-10-03T16:00:00Z,Kansas Jayhawks,Middle Tennessee Blue Raiders,fanduel,FanDuel,2026-09-28T16:55:50Z,spreads,2026-09-28T16:55:49Z,Middle Tennessee Blue Raiders,-110,19.5,20260928165602403570
NCAAF,americanfootball_ncaaf,38e6b42c07f8da2e57e0b4dd09d6174c,2026-10-03T16:00:00Z,Kansas Jayhawks,Middle Tennessee Blue Raiders,fanduel,FanDuel,2026-09-28T16:55:50Z,totals,2026-09-28T16:55:49Z,Over,-110,50.5,20260928165602403570
NCAAF,americanfootball_ncaaf,38e6b42c07f8da2e57e0b4dd09d6174c,2026-10-03T16:00:00Z,Kansas Jayhawks,Middle Tennessee Blue Raiders,fanduel,FanDuel,2026-09-28T16:55:50Z,totals,2026-09-28T16:55:49Z,Under,-110,50.5,20260928165602403570
NCAAF,americanfootball_ncaaf,38e6b42c07f8da2e57e0b4dd09d6174c,2026-10-03T16:00:00Z,Kansas Jayhawks,Middle Tennessee Blue Raiders,draftkings,DraftKings,2026-09-28T16:55:34Z,h2h,2026-09-28T16:55:34Z,Kansas Jayhawks,-1350,,20260928165602403570
NCAAF,americanfootball_ncaaf,38e6b42c07f8da2e57e0b4dd09d6174c,2026-10-03T16:00:00Z,Kansas Jayhawks,Middle Tennessee Blue Raiders,draftkings,DraftKings,2026-09-28T16:55:34Z,h2h,2026-09-28T16:55:34Z,Middle Tennessee Blue Raiders,800,,20260928165602403570
NCAAF,americanfootball_ncaaf,38e6b42c07f8da2e57e0b4dd09d6174c,2026-10-03T16:00:00Z,Kansas Jayhawks,Middle Tennessee Blue Raiders,draftkings,DraftKings,2026-09-28T16:55:34Z,spreads,2026-09-28T16:55:34Z,Kansas Jayhawks,-112,-18.5,20260928165602403570
NCAAF,americanfootball_ncaaf,38e6b42c07f8da2e57e0b4dd09d6174c,2026-10-03T16:00:00Z,Kansas Jayhawks,Middle Tennessee Blue Raiders,draftkings,DraftKings,2026-09-28T16:55:34Z,spreads,2026-09-28T16:55:34Z,Middle Tennessee Blue Raiders,-108,18.5,20260928165602403570
NCAAF,americanfootball_ncaaf,38e6b42c07f8da2e57e0b4dd09d6174c,2026-10-03T16:00:00Z,Kansas Jayhawks,Middle Tennessee Blue Raiders,draftkings,DraftKings,2026-09-28T16:55:34Z,totals,2026-09-28T16:55:34Z,Over,-112,50.5,20260928165602403570
NCAAF,americanfootball_ncaaf,38e6b42c07f8da2e57e0b4dd09d6174c,2026-10-03T16:00:00Z,Kansas Jayhawks,Middle Tennessee Blue Raiders,draftkings,DraftKings,2026-09-28T16:55:34Z,totals,2026-09-28T16:55:34Z,Under,-108,50.5,20260928165602403570
NCAAF,americanfootball_ncaaf,38e6b42c07f8da2e57e0b4dd09d6174c,2026-10-03T16:00:00Z,Kansas Jayhawks,Middle Tennessee Blue Raiders,betonlineag,BetOnline.ag,2026-09-28T16:55:07Z,h2h,2026-09-28T16:55:07Z,Kansas Jayhawks,-1400,,20260928165602403570
NCAAF,americanfootball_ncaaf,38e6b42c07f8da2e57e0b4dd09d6174c,2026-10-03T16:00:00Z,Kansas Jayhawks,Middle Tennessee Blue Raiders,betonlineag,BetOnline.ag,2026-09-28T16:55:07Z,h2h,2026-09-28T16:55:07Z,Middle Tennessee Blue Raiders,836,,20260928165602403570
NCAAF,americanfootball_ncaaf,38e6b42c07f8da2e57e0b4dd09d6174c,2026-10-03T16:00:00Z,Kansas Jayhawks,Middle Tennessee Blue Raiders,betonlineag,BetOnline.ag,2026-09-28T16:55:07Z,spreads,2026-09-28T16:55:07Z,Kansas Jayhawks,-110,-18.5,20260928165602403570
NCAAF,americanfootball_ncaaf,38e6b42c07f8da2e57e0b4dd09d6174c,2026-10-03T16:00:00Z,Kansas Jayhawks,Middle Tennessee Blue Raiders,betonlineag,BetOnline.ag,2026-09-28T16:55:07Z,spreads,2026-09-28T16:55:07Z,Middle Tennessee Blue Raiders,-110,18.5,20260928165602403570
NCAAF,americanfootball_ncaaf,38e6b42c07f8da2e57e0b4dd09d6174c,2026-10-03T16:00:00Z,Kansas Jayhawks,Middle Tennessee Blue Raiders,betonlineag,BetOnline.ag,2026-09-28T16:55:07Z,totals,2026-09-28T16:55:07Z,Over,-110,50.5,20260928165602403570
NCAAF,americanfootball_ncaaf,38e6b42c07f8da2e57e0b4dd09d6174c,2026-10-03T16:00:00Z,Kansas Jayhawks,Middle Tennessee Blue Raiders,betonlineag,BetOnline.ag,2026-09-28T16:55:07Z,totals,2026-09-28T16:55:07Z,Under,-110,50.5,20260928165602403570
NCAAF,americanfootball_ncaaf,38e6b42c07f8da2e57e0b4dd09d6174c,2026-10-03T16:00:00Z,Kansas Jayhawks,Middle Tennessee Blue Raiders,lowvig,LowVig.ag,2026-09-28T16:55:49Z,h2h,2026-09-28T16:55:49Z,Kansas Jayhawks,-1400,,20260928165602403570
NCAAF,americanfootball_ncaaf,38e6b42c07f8da2e57e0b4dd09d6174c,2026-10-03T16:00:00Z,Kansas Jayhawks,Middle Tennessee Blue Raiders,lowvig,LowVig.ag,2026-09-28T16:55:49Z,h2h,2026-09-28T16:55:49Z,Middle Tennessee Blue Raiders,836,,20260928165602403570
NCAAF,americanfootball_ncaaf,38e6b42c07f8da2e57e0b4dd09d6174c,2026-10-03T16:00:00Z,Kansas Jayhawks,Middle Tennessee Blue Raiders,lowvig,LowVig.ag,2026-09-28T16:55:49Z,spreads,2026-09-28T16:55:49Z,Kansas Jayhawks,-106,-18.5,20260928165602403570
NCAAF,americanfootball_ncaaf,38e6b42c07f8da2e57e0b4dd09d6174c,2026-10-03T16:00:00Z,Kansas Jayhawks,Middle Tennessee Blue Raiders,lowvig,LowVig.ag,2026-09-28T16:55:49Z,spreads,2026-09-28T16:55:49Z,Middle Tennessee Blue Raiders,-106,18.5,20260928165602403570
NCAAF,americanfootball_ncaaf,38e6b42c07f8da2e57e0b4dd09d6174c,2026-10-03T16:00:00Z,Kansas Jayhawks,Middle Tennessee Blue Raiders,lowvig,LowVig.ag,2026-09-28T16:55:49Z,totals,2026-09-28T16:55:49Z,Over,-108,50.5,20260928165602403570
NCAAF,americanfootball_ncaaf,38e6b42c07f8da2e57e0b4dd09d6174c,2026-10-03T16:00:00Z,Kansas Jayhawks,Middle Tennessee Blue Raiders,lowvig,LowVig.ag,2026-09-28T16:55:49Z,totals,2026-09-28T16:55:49Z,Under,-108,50.5,20260928165602403570
NCAAF,americanfootball_ncaaf,38e6b42c07f8da2e57e0b4dd09d6174c,2026-10-03T16:00:00Z,Kansas Jayhawks,Middle Tennessee Blue Raiders,betmgm,BetMGM,2026-09-28T16:54:38Z,h2h,2026-09-28T16:54:38Z,Kansas Jayhawks,-1200,,20260928165602403570
NCAAF,americanfootball_ncaaf,38e6b42c07f8da2e57e0b4dd09d6174c,2026-10-03T16:00:00Z,Kansas Jayhawks,Middle Tennessee Blue Raiders,betmgm,BetMGM,2026-09-28T16:54:38Z,h2h,2026-09-28T16:54:38Z,Middle Tennessee Blue Raiders,825,,20260928165602403570
NCAAF,americanfootball_ncaaf,38e6b42c07f8da2e57e0b4dd09d6174c,2026-10-03T16:00:00Z,Kansas Jayhawks,Middle Tennessee Blue Raiders,betmgm,BetMGM,2026-09-28T16:54:38Z,spreads,2026-09-28T16:54:38Z,Kansas Jayhawks,-105,-19.0,20260928165602403570
NCAAF,americanfootball_ncaaf,38e6b42c07f8da2e57e0b4dd09d6174c,2026-10-03T16:00:00Z,Kansas Jayhawks,Middle Tennessee Blue Raiders,betmgm,BetMGM,2026-09-28T16:54:38Z,spreads,2026-09-28T16:54:38Z,Middle Tennessee Blue Raiders,-112,19.0,20260928165602403570
NCAAF,americanfootball_ncaaf,38e6b42c07f8da2e57e0b4dd09d6174c,2026-10-03T16:00:00Z,Kansas Jayhawks,Middle Tennessee Blue Raiders,betmgm,BetMGM,2026-09-28T16:54:38Z,totals,2026-09-28T16:54:38Z,Over,-110,50.5,20260928165602403570
NCAAF,americanfootball_ncaaf,38e6b42c07f8da2e57e0b4dd09d6174c,2026-10-03T16:00:00Z,Kansas Jayhawks,Middle Tennessee Blue Raiders,betmgm,BetMGM,2026-09-28T16:54:38Z,totals,2026-09-28T16:54:38Z,Under,-108,50.5,20260928165602403570
NCAAF,americanfootball_ncaaf,38e6b42c07f8da2e57e0b4dd09d6174c,2026-10-03T16:00:00Z,Kansas Jayhawks,Middle Tennessee Blue Raiders,mybookieag,MyBookie.ag,2026-09-28T16:55:48Z,h2h,2026-09-28T16:55:48Z,Kansas Jayhawks,-1205,,20260928165602403570
NCAAF,americanfootball_ncaaf,38e6b42c07f8da2e57e0b4dd09d6174c,2026-10-03T16:00:00Z,Kansas Jayhawks,Middle Tennessee Blue Raiders,mybookieag,MyBookie.ag,2026-09-28T16:55:48Z,h2h,2026-09-28T16:55:48Z,Middle Tennessee Blue Raiders,700,,20260928165602403570
NCAAF,americanfootball_ncaaf,38e6b42c07f8da2e57e0b4dd09d6174c,2026-10-03T16:00:00Z,Kansas Jayhawks,Middle Tennessee Blue Raiders,mybookieag,MyBookie.ag,2026-09-28T16:55:48Z,spreads,2026-09-28T16:55:48Z,Kansas Jayhawks,-110,-19.0,20260928165602403570
NCAAF,americanfootball_ncaaf,38e6b42c07f8da2e57e0b4dd09d6174c,2026-10-03T16:00:00Z,Kansas Jayhawks,Middle Tennessee Blue Raiders,mybookieag,MyBookie.ag,2026-09-28T16:55:48Z,spreads,2026-09-28T16:55:48Z,Middle Tennessee Blue Raiders,-110,19.0,20260928165602403570
NCAAF,americanfootball_ncaaf,38e6b42c07f8da2e57e0b4dd09d6174c,2026-10-03T16:00:00Z,Kansas Jayhawks,Middle Tennessee Blue Raiders,mybookieag,MyBookie.ag,2026-09-28T16:55:48Z,totals,2026-09-28T16:55:48Z,Over,-110,50.5,20260928165602403570
NCAAF,americanfootball_ncaaf,38e6b42c07f8da2e57e0b4dd09d6174c,2026-10-03T16:00:00Z,Kansas Jayhawks,Middle Tennessee Blue Raiders,mybookieag,MyBookie.ag,2026-09-28T16:55:48Z,totals,2026-09-28T16:55:48Z,Under,-110,50.5,20260928165602403570
NCAAF,americanfootball_ncaaf,38e6b42c07f8da2e57e0b4dd09d6174c,2026-10-03T16:00:00Z,Kansas Jayhawks,Middle Tennessee Blue Raiders,betus,BetUS,2026-09-28T16:55:53Z,spreads,2026-09-28T16:55:52Z,Kansas Jayhawks,-110,-19.0,20260928165602403570
NCAAF,americanfootball_ncaaf,38e6b42c07f8da2e57e0b4dd09d6174c,2026-10-03T16:00:00Z,Kansas Jayhawks,Middle Tennessee Blue Raiders,betus,BetUS,2026-09-28T16:55:53Z,spreads,2026-09-28T16:55:52Z,Middle Tennessee Blue Raiders,-110,19.0,20260928165602403570
NCAAF,americanfootball_ncaaf,38e6b42c07f8da2e57e0b4dd09d6174c,2026-10-03T16:00:00Z,Kansas Jayhawks,Middle Tennessee Blue Raiders,betus,BetUS,2026-09-28T16:55:53Z,totals,2026-09-28T16:55:52Z,Over,-110,50.5,20260928165602403570
NCAAF,americanfootball_ncaaf,38e6b42c07f8da2e57e0b4dd09d6174c,2026-10-03T16:00:00Z,Kansas Jayhawks,Middle Tennessee Blue Raiders,betus,BetUS,2026-09-28T16:55:53Z,totals,2026-09-28T16:55:52Z,Under,-110,50.5,20260928165602403570
NCAAF,americanfootball_ncaaf,38e6b42c07f8da2e57e0b4dd09d6174c,2026-10-03T16:00:00Z,Kansas Jayhawks,Middle Tennessee Blue Raiders,bovada,Bovada,2026-09-28T16:54:58Z,h2h,2026-09-28T16:54:58Z,Kansas Jayhawks,-1300,,20260928165602403570
NCAAF,americanfootball_ncaaf,38e6b42c07f8da2e57e0b4dd09d6174c,2026-10-03T16:00:00Z,Kansas Jayhawks,Middle Tennessee Blue Raiders,bovada,Bovada,2026-09-28T16:54:58Z,h2h,2026-09-28T16:54:58Z,Middle Tennessee Blue Raiders,725,,20260928165602403570
NCAAF,americanfootball_ncaaf,38e6b42c07f8da2e57e0b4dd09d6174c,2026-10-03T16:00:00Z,Kansas Jayhawks,Middle Tennessee Blue Raiders,bovada,Bovada,2026-09-28T16:54:58Z,spreads,2026-09-28T16:54:58Z,Kansas Jayhawks,-110,-19.0,20260928165602403570
NCAAF,americanfootball_ncaaf,38e6b42c07f8da2e57e0b4dd09d6174c,2026-10-03T16:00:00Z,Kansas Jayhawks,Middle Tennessee Blue Raiders,bovada,Bovada,2026-09-28T16:54:58Z,spreads,2026-09-28T16:54:58Z,Middle Tennessee Blue Raiders,-110,19.0,20260928165602403570
NCAAF,americanfootball_ncaaf,38e6b42c07f8da2e57e0b4dd09d6174c,2026-10-03T16:00:00Z,Kansas Jayhawks,Middle Tennessee Blue Raiders,bovada,Bovada,2026-09-28T16:54:58Z,totals,2026-09-28T16:54:58Z,Over,-110,50.5,20260928165602403570
NCAAF,americanfootball_ncaaf,38e6b42c07f8da2e57e0b4dd09d6174c,2026-10-03T16:00:00Z,Kansas Jayhawks,Middle Tennessee Blue Raiders,bovada,Bovada,2026-09-28T16:54:58Z,totals,2026-09-28T16:54:58Z,Under,-110,50.5,20260928165602403570
NCAAF,americanfootball_ncaaf,38e6b42c07f8da2e57e0b4dd09d6174c,2026-10-03T16:00:00Z,Kansas Jayhawks,Middle Tennessee Blue Raiders,betrivers,BetRivers,2026-09-28T16:55:49Z,h2h,2026-09-28T16:55:49Z,Kansas Jayhawks,-1667,,20260928165602403570
NCAAF,americanfootball_ncaaf,38e6b42c07f8da2e57e0b4dd09d6174c,2026-10-03T16:00:00Z,Kansas Jayhawks,Middle Tennessee Blue Raiders,betrivers,BetRivers,2026-09-28T16:55:49Z,h2h,2026-09-28T16:55:49Z,Middle Tennessee Blue Raiders,800,,20260928165602403570
NCAAF,americanfootball_ncaaf,38e6b42c07f8da2e57e0b4dd09d6174c,2026-10-03T16:00:00Z,Kansas Jayhawks,Middle Tennessee Blue Raiders,betrivers,BetRivers,2026-09-28T16:55:49Z,spreads,2026-09-28T16:55:49Z,Kansas Jayhawks,-110,-18.0,20260928165602403570
NCAAF,americanfootball_ncaaf,38e6b42c07f8da2e57e0b4dd09d6174c,2026-10-03T16:00:00Z,Kansas Jayhawks,Middle Tennessee Blue Raiders,betrivers,BetRivers,2026-09-28T16:55:49Z,spreads,2026-09-28T16:55:49Z,Middle Tennessee Blue Raiders,-112,18.0,20260928165602403570
NCAAF,americanfootball_ncaaf,38e6b42c07f8da2e57e0b4dd09d6174c,2026-10-03T16:00:00Z,Kansas Jayhawks,Middle Tennessee Blue Raiders,betrivers,BetRivers,2026-09-28T16:55:49Z,totals,2026-09-28T16:55:49Z,Over,-118,50.5,20260928165602403570
NCAAF,americanfootball_ncaaf,38e6b42c07f8da2e57e0b4dd09d6174c,2026-10-03T16:00:00Z,Kansas Jayhawks,Middle Tennessee Blue Raiders,betrivers,BetRivers,2026-09-28T16:55:49Z,totals,2026-09-28T16:55:49Z,Under,-109,50.5,20260928165602403570
NCAAF,americanfootball_ncaaf,a2f01448219e39fd44e3d98ea5c7f482,2026-10-03T16:00:00Z,Minnesota Golden Gophers,Michigan Wolverines,draftkings,DraftKings,2026-09-28T16:55:34Z,h2h,2026-09-28T16:55:34Z,Michigan Wolverines,-225,,20260928165602403570
NCAAF,americanfootball_ncaaf,a2f01448219e39fd44e3d98ea5c7f482,2026-10-03T16:00:00Z,Minnesota Golden Gophers,Michigan Wolverines,draftkings,DraftKings,2026-09-28T16:55:34Z,h2h,2026-09-28T16:55:34Z,Minnesota Golden Gophers,185,,20260928165602403570
NCAAF,americanfootball_ncaaf,a2f01448219e39fd44e3d98ea5c7f482,2026-10-03T16:00:00Z,Minnesota Golden Gophers,Michigan Wolverines,draftkings,DraftKings,2026-09-28T16:55:34Z,spreads,2026-09-28T16:55:34Z,Michigan Wolverines,-110,-5.5,20260928165602403570
NCAAF,americanfootball_ncaaf,a2f01448219e39fd44e3d98ea5c7f482,2026-10-03T16:00:00Z,Minnesota Golden Gophers,Michigan Wolverines,draftkings,DraftKings,2026-09-28T16:55:34Z,spreads,2026-09-28T16:55:34Z,Minnesota Golden Gophers,-110,5.5,20260928165602403570
NCAAF,americanfootball_ncaaf,a2f01448219e39fd44e3d98ea5c7f482,2026-10-03T16:00:00Z,Minnesota Golden Gophers,Michigan Wolverines,draftkings,DraftKings,2026-09-28T16:55:34Z,totals,2026-09-28T16:55:34Z,Over,-108,43.5,20260928165602403570
NCAAF,americanfootball_ncaaf,a2f01448219e39fd44e3d98ea5c7f482,2026-10-03T16:00:00Z,Minnesota Golden Gophers,Michigan Wolverines,draftkings,DraftKings,2026-09-28T16:55:34Z,totals,2026-09-28T16:55:34Z,Under,-112,43.5,20260928165602403570
NCAAF,americanfootball_ncaaf,a2f01448219e39fd44e3d98ea5c7f482,2026-10-03T16:00:00Z,Minnesota Golden Gophers,Michigan Wolverines,fanduel,FanDuel,2026-09-28T16:55:50Z,h2h,2026-09-28T16:55:49Z,Michigan Wolverines,-215,,20260928165602403570
NCAAF,americanfootball_ncaaf,a2f01448219e39fd44e3d98ea5c7f482,2026-10-03T16:00:00Z,Minnesota Golden Gophers,Michigan Wolverines,fanduel,FanDuel,2026-09-28T16:55:50Z,h2h,2026-09-28T16:55:49Z,Minnesota Golden Gophers,176,,20260928165602403570
NCAAF,americanfootball_ncaaf,a2f01448219e39fd44e3d98ea5c7f482,2026-10-03T16:00:00Z,Minnesota Golden Gophers,Michigan Wolverines,fanduel,FanDuel,2026-09-28T16:55:50Z,spreads,2026-09-28T16:55:49Z,Michigan Wolverines,-110,-5.5,20260928165602403570
NCAAF,americanfootball_ncaaf,a2f01448219e39fd44e3d98ea5c7f482,2026-10-03T16:00:00Z,Minnesota Golden Gophers,Michigan Wolverines,fanduel,FanDuel,2026-09-28T16:55:50Z,spreads,2026-09-28T16:55:49Z,Minnesota Golden Gophers,-110,5.5,20260928165602403570
NCAAF,americanfootball_ncaaf,a2f01448219e39fd44e3d98ea5c7f482,2026-10-03T16:00:00Z,Minnesota Golden Gophers,Michigan Wolverines,fanduel,FanDuel,2026-09-28T16:55:50Z,totals,2026-09-28T16:55:49Z,Over,-110,43.5,20260928165602403570
NCAAF,americanfootball_ncaaf,a2f01448219e39fd44e3d98ea5c7f482,2026-10-03T16:00:00Z,Minnesota Golden Gophers,Michigan Wolverines,fanduel,FanDuel,2026-09-28T16:55:50Z,totals,2026-09-28T16:55:49Z,Under,-110,43.5,20260928165602403570
NCAAF,americanfootball_ncaaf,a2f01448219e39fd44e3d98ea5c7f482,2026-10-03T16:00:00Z,Minnesota Golden Gophers,Michigan Wolverines,betrivers,BetRivers,2026-09-28T16:55:49Z,h2h,2026-09-28T16:55:49Z,Michigan Wolverines,-220,,20260928165602403570
NCAAF,americanfootball_ncaaf,a2f01448219e39fd44e3d98ea5c7f482,2026-10-03T16:00:00Z,Minnesota Golden Gophers,Michigan Wolverines,betrivers,BetRivers,2026-09-28T16:55:49Z,h2h,2026-09-28T16:55:49Z,Minnesota Golden Gophers,175,,20260928165602403570
NCAAF,americanfootball_ncaaf,a2f01448219e39fd44e3d98ea5c7f482,2026-10-03T16:00:00Z,Minnesota Golden Gophers,Michigan Wolverines,betrivers,BetRivers,2026-09-28T16:55:49Z,spreads,2026-09-28T16:55:49Z,Michigan Wolverines,-110,-5.5,20260928165602403570
NCAAF,americanfootball_ncaaf,a2f01448219e39fd44e3d98ea5c7f482,2026-10-03T16:00:00Z,Minnesota Golden Gophers,Michigan Wolverines,betrivers,BetRivers,2026-09-28T16:55:49Z,spreads,2026-09-28T16:55:49Z,Minnesota Golden Gophers,-113,5.5,20260928165602403570
NCAAF,americanfootball_ncaaf,a2f01448219e39fd44e3d98ea5c7f482,2026-10-03T16:00:00Z,Minnesota Golden Gophers,Michigan Wolverines,betrivers,BetRivers,2026-09-28T16:55:49Z,totals,2026-09-28T16:55:49Z,Over,-113,43.5,20260928165602403570
NCAAF,americanfootball_ncaaf,a2f01448219e39fd44e3d98ea5c7f482,2026-10-03T16:00:00Z,Minnesota Golden Gophers,Michigan Wolverines,betrivers,BetRivers,2026-09-28T16:55:49Z,totals,2026-09-28T16:55:49Z,Under,-110,43.5,20260928165602403570
NCAAF,americanfootball_ncaaf,a2f01448219e39fd44e3d98ea5c7f482,2026-10-03T16:00:00Z,Minnesota Golden Gophers,Michigan Wolverines,lowvig,LowVig.ag,2026-09-28T16:55:49Z,h2h,2026-09-28T16:55:49Z,Michigan Wolverines,-220,,20260928165602403570
NCAAF,americanfootball_ncaaf,a2f01448219e39fd44e3d98ea5c7f482,2026-10-03T16:00:00Z,Minnesota Golden Gophers,Michigan Wolverines,lowvig,LowVig.ag,2026-09-28T16:55:49Z,h2h,2026-09-28T16:55:49Z,Minnesota Golden Gophers,186,,20260928165602403570
NCAAF,americanfootball_ncaaf,a2f01448219e39fd44e3d98ea5c7f482,2026-10-03T16:00:00Z,Minnesota Golden Gophers,Michigan Wolverines,lowvig,LowVig.ag,2026-09-28T16:55:49Z,spreads,2026-09-28T16:55:49Z,Michigan Wolverines,-111,-5.5,20260928165602403570
NCAAF,americanfootball_ncaaf,a2f01448219e39fd44e3d98ea5c7f482,2026-10-03T16:00:00Z,Minnesota Golden Gophers,Michigan Wolverines,lowvig,LowVig.ag,2026-09-28T16:55:49Z,spreads,2026-09-28T16:55:49Z,Minnesota Golden Gophers,-101,5.5,20260928165602403570
NCAAF,americanfootball_ncaaf,a2f01448219e39fd44e3d98ea5c7f482,2026-10-03T16:00:00Z,Minnesota Golden Gophers,Michigan Wolverines,lowvig,LowVig.ag,2026-09-28T16:55:49Z,totals,2026-09-28T16:55:49Z,Over,-114,43.0,20260928165602403570
NCAAF,americanfootball_ncaaf,a2f01448219e39fd44e3d98ea5c7f482,2026-10-03T16:00:00Z,Minnesota Golden Gophers,Michigan Wolverines,lowvig,LowVig.ag,2026-09-28T16:55:49Z,totals,2026-09-28T16:55:49Z,Under,-103,43.0,20260928165602403570
NCAAF,americanfootball_ncaaf,a2f01448219e39fd44e3d98ea5c7f482,2026-10-03T16:00:00Z,Minnesota Golden Gophers,Michigan Wolverines,betonlineag,BetOnline.ag,2026-09-28T16:55:07Z,h2h,2026-09-28T16:55:07Z,Michigan Wolverines,-220,,20260928165602403570
NCAAF,americanfootball_ncaaf,a2f01448219e39fd44e3d98ea5c7f482,2026-10-03T16:00:00Z,Minnesota Golden Gophers,Michigan Wolverines,betonlineag,BetOnline.ag,2026-09-28T16:55:07Z,h2h,2026-09-28T16:55:07Z,Minnesota Golden Gophers,186,,20260928165602403570
NCAAF,americanfootball_ncaaf,a2f01448219e39fd44e3d98ea5c7f482,2026-10-03T16:00:00Z,Minnesota Golden Gophers,Michigan Wolverines,betonlineag,BetOnline.ag,2026-09-28T16:55:07Z,spreads,2026-09-28T16:55:07Z,Michigan Wolverines,-115,-5.5,20260928165602403570
NCAAF,americanfootball_ncaaf,a2f01448219e39fd44e3d98ea5c7f482,2026-10-03T16:00:00Z,Minnesota Golden Gophers,Michigan Wolverines,betonlineag,BetOnline.ag,2026-09-28T16:55:07Z,spreads,2026-09-28T16:55:07Z,Minnesota Golden Gophers,-105,5.5,20260928165602403570
NCAAF,americanfootball_ncaaf,a2f01448219e39fd44e3d98ea5c7f482,2026-10-03T16:00:00Z,Minnesota Golden Gophers,Michigan Wolverines,betonlineag,BetOnline.ag,2026-09-28T16:55:07Z,totals,2026-09-28T16:55:07Z,Over,-115,43.0,20260928165602403570
NCAAF,americanfootball_ncaaf,a2f01448219e39fd44e3d98ea5c7f482,2026-10-03T16:00:00Z,Minnesota Golden Gophers,Michigan Wolverines,betonlineag,BetOnline.ag,2026-09-28T16:55:07Z,totals,2026-09-28T16:55:07Z,Under,-105,43.0,20260928165602403570
NCAAF,americanfootball_ncaaf,a2f01448219e39fd44e3d98ea5c7f482,2026-10-03T16:00:00Z,Minnesota Golden Gophers,Michigan Wolverines,betmgm,BetMGM,2026-09-28T16:54:38Z,h2h,2026-09-28T16:54:38Z,Michigan Wolverines,-220,,20260928165602403570
NCAAF,americanfootball_ncaaf,a2f01448219e39fd44e3d98ea5c7f482,2026-10-03T16:00:00Z,Minnesota Golden Gophers,Michigan Wolverines,betmgm,BetMGM,2026-09-28T16:54:38Z,h2h,2026-09-28T16:54:38Z,Minnesota Golden Gophers,180,,20260928165602403570
NCAAF,americanfootball_ncaaf,a2f01448219e39fd44e3d98ea5c7f482,2026-10-03T16:00:00Z,Minnesota Golden Gophers,Michigan Wolverines,betmgm,BetMGM,2026-09-28T16:54:38Z,spreads,2026-09-28T16:54:38Z,Michigan Wolverines,-110,-5.5,20260928165602403570
NCAAF,americanfootball_ncaaf,a2f01448219e39fd44e3d98ea5c7f482,2026-10-03T16:00:00Z,Minnesota Golden Gophers,Michigan Wolverines,betmgm,BetMGM,2026-09-28T16:54:38Z,spreads,2026-09-28T16:54:38Z,Minnesota Golden Gophers,-108,5.5,20260928165602403570
NCAAF,americanfootball_ncaaf,a2f01448219e39fd44e3d98ea5c7f482,2026-10-03T16:00:00Z,Minnesota Golden Gophers,Michigan Wolverines,betmgm,BetMGM,2026-09-28T16:54:38Z,totals,2026-09-28T16:54:38Z,Over,-108,43.5,20260928165602403570
NCAAF,americanfootball_ncaaf,a2f01448219e39fd44e3d98ea5c7f482,2026-10-03T16:00:00Z,Minnesota Golden Gophers,Michigan Wolverines,betmgm,BetMGM,2026-09-28T16:54:38Z,totals,2026-09-28T16:54:38Z,Under,-110,43.5,20260928165602403570
NCAAF,americanfootball_ncaaf,a2f01448219e39fd44e3d98ea5c7f482,2026-10-03T16:00:00Z,Minnesota Golden Gophers,Michigan Wolverines,betus,BetUS,2026-09-28T16:55:53Z,spreads,2026-09-28T16:55:52Z,Michigan Wolverines,-115,-5.5,20260928165602403570
NCAAF,americanfootball_ncaaf,a2f01448219e39fd44e3d98ea5c7f482,2026-10-03T16:00:00Z,Minnesota Golden Gophers,Michigan Wolverines,betus,BetUS,2026-09-28T16:55:53Z,spreads,2026-09-28T16:55:52Z,Minnesota Golden Gophers,-105,5.5,20260928165602403570
NCAAF,americanfootball_ncaaf,a2f01448219e39fd44e3d98ea5c7f482,2026-10-03T16:00:00Z,Minnesota Golden Gophers,Michigan Wolverines,betus,BetUS,2026-09-28T16:55:53Z,totals,2026-09-28T16:55:52Z,Over,-115,43.0,20260928165602403570
NCAAF,americanfootball_ncaaf,a2f01448219e39fd44e3d98ea5c7f482,2026-10-03T16:00:00Z,Minnesota Golden Gophers,Michigan Wolverines,betus,BetUS,2026-09-28T16:55:53Z,totals,2026-09-28T16:55:52Z,Under,-105,43.0,20260928165602403570
NCAAF,americanfootball_ncaaf,a2f01448219e39fd44e3d98ea5c7f482,2026-10-03T16:00:00Z,Minnesota Golden Gophers,Michigan Wolverines,mybookieag,MyBookie.ag,2026-09-28T16:55:48Z,h2h,2026-09-28T16:55:48Z,Michigan Wolverines,-250,,20260928165602403570
NCAAF,americanfootball_ncaaf,a2f01448219e39fd44e3d98ea5c7f482,2026-10-03T16:00:00Z,Minnesota Golden Gophers,Michigan Wolverines,mybookieag,MyBookie.ag,2026-09-28T16:55:48Z,h2h,2026-09-28T16:55:48Z,Minnesota Golden Gophers,198,,20260928165602403570
NCAAF,americanfootball_ncaaf,a2f01448219e39fd44e3d98ea5c7f482,2026-10-03T16:00:00Z,Minnesota Golden Gophers,Michigan Wolverines,mybookieag,MyBookie.ag,2026-09-28T16:55:48Z,spreads,2026-09-28T16:55:48Z,Michigan Wolverines,-110,-6.0,20260928165602403570
NCAAF,americanfootball_ncaaf,a2f01448219e39fd44e3d98ea5c7f482,2026-10-03T16:00:00Z,Minnesota Golden Gophers,Michigan Wolverines,mybookieag,MyBookie.ag,2026-09-28T16:55:48Z,spreads,2026-09-28T16:55:48Z,Minnesota Golden Gophers,-110,6.0,20260928165602403570
NCAAF,americanfootball_ncaaf,a2f01448219e39fd44e3d98ea5c7f482,2026-10-03T16:00:00Z,Minnesota Golden Gophers,Michigan Wolverines,mybookieag,MyBookie.ag,2026-09-28T16:55:48Z,totals,2026-09-28T16:55:48Z,Over,-110,43.5,20260928165602403570
NCAAF,americanfootball_ncaaf,a2f01448219e39fd44e3d98ea5c7f482,2026-10-03T16:00:00Z,Minnesota Golden Gophers,Michigan Wolverines,mybookieag,MyBookie.ag,2026-09-28T16:55:48Z,totals,2026-09-28T16:55:48Z,Under,-110,43.5,20260928165602403570
NCAAF,americanfootball_ncaaf,a2f01448219e39fd44e3d98ea5c7f482,2026-10-03T16:00:00Z,Minnesota Golden Gophers,Michigan Wolverines,bovada,Bovada,2026-09-28T16:54:58Z,h2h,2026-09-28T16:54:58Z,Michigan Wolverines,-220,,20260928165602403570
NCAAF,americanfootball_ncaaf,a2f01448219e39fd44e3d98ea5c7f482,2026-10-03T16:00:00Z,Minnesota Golden Gophers,Michigan Wolverines,bovada,Bovada,2026-09-28T16:54:58Z,h2h,2026-09-28T16:54:58Z,Minnesota Golden Gophers,180,,20260928165602403570
NCAAF,americanfootball_ncaaf,a2f01448219e39fd44e3d98ea5c7f482,2026-10-03T16:00:00Z,Minnesota Golden Gophers,Michigan Wolverines,bovada,Bovada,2026-09-28T16:54:58Z,spreads,2026-09-28T16:54:58Z,Michigan Wolverines,-115,-5.5,20260928165602403570
NCAAF,americanfootball_ncaaf,a2f01448219e39fd44e3d98ea5c7f482,2026-10-03T16:00:00Z,Minnesota Golden Gophers,Michigan Wolverines,bovada,Bovada,2026-09-28T16:54:58Z,spreads,2026-09-28T16:54:58Z,Minnesota Golden Gophers,-105,5.5,20260928165602403570
NCAAF,americanfootball_ncaaf,a2f01448219e39fd44e3d98ea5c7f482,2026-10-03T16:00:00Z,Minnesota Golden Gophers,Michigan Wolverines,bovada,Bovada,2026-09-28T16:54:58Z,totals,2026-09-28T16:54:58Z,Over,-110,43.0,20260928165602403570
NCAAF,americanfootball_ncaaf,a2f01448219e39fd44e3d98ea5c7f482,2026-10-03T16:00:00Z,Minnesota Golden Gophers,Michigan Wolverines,bovada,Bovada,2026-09-28T16:54:58Z,totals,2026-09-28T16:54:58Z,Under,-110,43.0,20260928165602403570
NCAAF,americanfootball_ncaaf,2b8db5053d533b488c0d76f49382d219,2026-10-03T16:00:00Z,North Carolina Tar Heels,Notre Dame Fighting Irish,draftkings,DraftKings,2026-09-28T16:55:34Z,h2h,2026-09-28T16:55:34Z,North Carolina Tar Heels,1000,,20260928165602403570
NCAAF,americanfootball_ncaaf,2b8db5053d533b488c0d76f49382d219,2026-10-03T16:00:00Z,North Carolina Tar Heels,Notre Dame Fighting Irish,draftkings,DraftKings,2026-09-28T16:55:34Z,h2h,2026-09-28T16:55:34Z,Notre Dame Fighting Irish,-1800,,20260928165602403570
NCAAF,americanfootball_ncaaf,2b8db5053d533b488c0d76f49382d219,2026-10-03T16:00:00Z,North Carolina Tar Heels,Notre Dame Fighting Irish,draftkings,DraftKings,2026-09-28T16:55:34Z,spreads,2026-09-28T16:55:34Z,North Carolina Tar Heels,-108,21.0,20260928165602403570
NCAAF,americanfootball_ncaaf,2b8db5053d533b488c0d76f49382d219,2026-10-03T16:00:00Z,North Carolina Tar Heels,Notre Dame Fighting Irish,draftkings,DraftKings,2026-09-28T16:55:34Z,spreads,2026-09-28T16:55:34Z,Notre Dame Fighting Irish,-112,-21.0,20260928165602403570
NCAAF,americanfootball_ncaaf,2b8db5053d533b488c0d76f49382d219,2026-10-03T16:00:00Z,North Carolina Tar Heels,Notre Dame Fighting Irish,draftkings,DraftKings,2026-09-28T16:55:34Z,totals,2026-09-28T16:55:34Z,Over,-108,47.5,20260928165602403570
NCAAF,americanfootball_ncaaf,2b8db5053d533b488c0d76f49382d219,2026-10-03T16:00:00Z,North Carolina Tar Heels,Notre Dame Fighting Irish,draftkings,DraftKings,2026-09-28T16:55:34Z,totals,2026-09-28T16:55:34Z,Under,-112,47.5,20260928165602403570
NCAAF,americanfootball_ncaaf,2b8db5053d533b488c0d76f49382d219,2026-10-03T16:00:00Z,North Carolina Tar Heels,Notre Dame Fighting Irish,mybookieag,MyBookie.ag,2026-09-28T16:55:48Z,h2h,2026-09-28T16:55:48Z,North Carolina Tar Heels,900,,20260928165602403570
NCAAF,americanfootball_ncaaf,2b8db5053d533b488c0d76f49382d219,2026-10-03T16:00:00Z,North Carolina Tar Heels,Notre Dame Fighting Irish,mybookieag,MyBookie.ag,2026-09-28T16:55:48Z,h2h,2026-09-28T16:55:48Z,Notre Dame Fighting Irish,-1887,,20260928165602403570
NCAAF,americanfootball_ncaaf,2b8db5053d533b488c0d76f49382d219,2026-10-03T16:00:00Z,North Carolina Tar Heels,Notre Dame Fighting Irish,mybookieag,MyBookie.ag,2026-09-28T16:55:48Z,spreads,2026-09-28T16:55:48Z,North Carolina Tar Heels,-110,21.5,20260928165602403570
NCAAF,americanfootball_ncaaf,2b8db5053d533b488c0d76f49382d219,2026-10-03T16:00:00Z,North Carolina Tar Heels,Notre Dame Fighting Irish,mybookieag,MyBookie.ag,2026-09-28T16:55:48Z,spreads,2026-09-28T16:55:48Z,Notre Dame Fighting Irish,-110,-21.5,20260928165602403570
NCAAF,americanfootball_ncaaf,2b8db5053d533b488c0d76f49382d219,2026-10-03T16:00:00Z,North Carolina Tar Heels,Notre Dame Fighting Irish,mybookieag,MyBookie.ag,2026-09-28T16:55:48Z,totals,2026-09-28T16:55:48Z,Over,-110,47.5,20260928165602403570
NCAAF,americanfootball_ncaaf,2b8db5053d533b488c0d76f49382d219,2026-10-03T16:00:00Z,North Carolina Tar Heels,Notre Dame Fighting Irish,mybookieag,MyBookie.ag,2026-09-28T16:55:48Z,totals,2026-09-28T16:55:48Z,Under,-110,47.5,20260928165602403570
NCAAF,americanfootball_ncaaf,2b8db5053d533b488c0d76f49382d219,2026-10-03T16:00:00Z,North Carolina Tar Heels,Notre Dame Fighting Irish,fanduel,FanDuel,2026-09-28T16:55:50Z,h2h,2026-09-28T16:55:49Z,North Carolina Tar Heels,1160,,20260928165602403570
NCAAF,americanfootball_ncaaf,2b8db5053d533b488c0d76f49382d219,2026-10-03T16:00:00Z,North Carolina Tar Heels,Notre Dame Fighting Irish,fanduel,FanDuel,2026-09-28T16:55:50Z,h2h,2026-09-28T16:55:49Z,Notre Dame Fighting Irish,-2800,,20260928165602403570
NCAAF,americanfootball_ncaaf,2b8db5053d533b488c0d76f49382d219,2026-10-03T16:00:00Z,North Carolina Tar Heels,Notre Dame Fighting Irish,fanduel,FanDuel,2026-09-28T16:55:50Z,spreads,2026-09-28T16:55:49Z,North Carolina Tar Heels,-118,21.5,20260928165602403570
NCAAF,americanfootball_ncaaf,2b8db5053d533b488c0d76f49382d219,2026-10-03T16:00:00Z,North Carolina Tar Heels,Notre Dame Fighting Irish,fanduel,FanDuel,2026-09-28T16:55:50Z,spreads,2026-09-28T16:55:49Z,Notre Dame Fighting Irish,-104,-21.5,20260928165602403570
NCAAF,americanfootball_ncaaf,2b8db5053d533b488c0d76f49382d219,2026-10-03T16:00:00Z,North Carolina Tar Heels,Notre Dame Fighting Irish,fanduel,FanDuel,2026-09-28T16:55:50Z,totals,2026-09-28T16:55:49Z,Over,-106,47.5,20260928165602403570
NCAAF,americanfootball_ncaaf,2b8db5053d533b488c0d76f49382d219,2026-10-03T16:00:00Z,North Carolina Tar Heels,Notre Dame Fighting Irish,fanduel,FanDuel,2026-09-28T16:55:50Z,totals,2026-09-28T16:55:49Z,Under,-114,47.5,20260928165602403570
NCAAF,americanfootball_ncaaf,2b8db5053d533b488c0d76f49382d219,2026-10-03T16:00:00Z,North Carolina Tar Heels,Notre Dame Fighting Irish,betrivers,BetRivers,2026-09-28T16:55:49Z,h2h,2026-09-28T16:55:49Z,North Carolina Tar Heels,1200,,20260928165602403570
NCAAF,americanfootball_ncaaf,2b8db5053d533b488c0d76f49382d219,2026-10-03T16:00:00Z,North Carolina Tar Heels,Notre Dame Fighting Irish,betrivers,BetRivers,2026-09-28T16:55:49Z,h2h,2026-09-28T16:55:49Z,Notre Dame Fighting Irish,-5000,,20260928165602403570
NCAAF,americanfootball_ncaaf,2b8db5053d533b488c0d76f49382d219,2026-10-03T16:00:00Z,North Carolina Tar Heels,Notre Dame Fighting Irish,betrivers,BetRivers,2026-09-28T16:55:49Z,spreads,2026-09-28T16:55:49Z,North Carolina Tar Heels,-110,21.5,20260928165602403570
NCAAF,americanfootball_ncaaf,2b8db5053d533b488c0d76f49382d219,2026-10-03T16:00:00Z,North Carolina Tar Heels,Notre Dame Fighting Irish,betrivers,BetRivers,2026-09-28T16:55:49Z,spreads,2026-09-28T16:55:49Z,Notre Dame Fighting Irish,-113,-21.5,20260928165602403570
NCAAF,americanfootball_ncaaf,2b8db5053d533b488c0d76f49382d219,2026-10-03T16:00:00Z,North Carolina Tar Heels,Notre Dame Fighting Irish,betrivers,BetRivers,2026-09-28T16:55:49Z,totals,2026-09-28T16:55:49Z,Over,-112,48.0,20260928165602403570
NCAAF,americanfootball_ncaaf,2b8db5053d533b488c0d76f49382d219,2026-10-03T16:00:00Z,North Carolina Tar Heels,Notre Dame Fighting Irish,betrivers,BetRivers,2026-09-28T16:55:49Z,totals,2026-09-28T16:55:49Z,Under,-112,48.0,20260928165602403570
NCAAF,americanfootball_ncaaf,2b8db5053d533b488c0d76f49382d219,2026-10-03T16:00:00Z,North Carolina Tar Heels,Notre Dame Fighting Irish,betonlineag,BetOnline.ag,2026-09-28T16:55:07Z,spreads,2026-09-28T16:55:07Z,North Carolina Tar Heels,-105,21.0,20260928165602403570
NCAAF,americanfootball_ncaaf,2b8db5053d533b488c0d76f49382d219,2026-10-03T16:00:00Z,North Carolina Tar Heels,Notre Dame Fighting Irish,betonlineag,BetOnline.ag,2026-09-28T16:55:07Z,spreads,2026-09-28T16:55:07Z,Notre Dame Fighting Irish,-115,-21.0,20260928165602403570
NCAAF,americanfootball_ncaaf,2b8db5053d533b488c0d76f49382d219,2026-10-03T16:00:00Z,North Carolina Tar Heels,Notre Dame Fighting Irish,betonlineag,BetOnline.ag,2026-09-28T16:55:07Z,totals,2026-09-28T16:55:07Z,Over,-105,47.5,20260928165602403570
NCAAF,americanfootball_ncaaf,2b8db5053d533b488c0d76f49382d219,2026-10-03T16:00:00Z,North Carolina Tar Heels,Notre Dame Fighting Irish,betonlineag,BetOnline.ag,2026-09-28T16:55:07Z,totals,2026-09-28T16:55:07Z,Under,-115,47.5,20260928165602403570
NCAAF,americanfootball_ncaaf,2b8db5053d533b488c0d76f49382d219,2026-10-03T16:00:00Z,North Carolina Tar Heels,Notre Dame Fighting Irish,lowvig,LowVig.ag,2026-09-28T16:55:49Z,spreads,2026-09-28T16:55:49Z,North Carolina Tar Heels,-101,21.0,20260928165602403570
NCAAF,americanfootball_ncaaf,2b8db5053d533b488c0d76f49382d219,2026-10-03T16:00:00Z,North Carolina Tar Heels,Notre Dame Fighting Irish,lowvig,LowVig.ag,2026-09-28T16:55:49Z,spreads,2026-09-28T16:55:49Z,Notre Dame Fighting Irish,-111,-21.0,20260928165602403570
NCAAF,americanfootball_ncaaf,2b8db5053d533b488c0d76f49382d219,2026-10-03T16:00:00Z,North Carolina Tar Heels,Notre Dame Fighting Irish,lowvig,LowVig.ag,2026-09-28T16:55:49Z,totals,2026-09-28T16:55:49Z,Over,-103,47.5,20260928165602403570
NCAAF,americanfootball_ncaaf,2b8db5053d533b488c0d76f49382d219,2026-10-03T16:00:00Z,North Carolina Tar Heels,Notre Dame Fighting Irish,lowvig,LowVig.ag,2026-09-28T16:55:49Z,totals,2026-09-28T16:55:49Z,Under,-114,47.5,20260928165602403570
NCAAF,americanfootball_ncaaf,2b8db5053d533b488c0d76f49382d219,2026-10-03T16:00:00Z,North Carolina Tar Heels,Notre Dame Fighting Irish,betmgm,BetMGM,2026-09-28T16:54:38Z,h2h,2026-09-28T16:54:38Z,North Carolina Tar Heels,1100,,20260928165602403570
NCAAF,americanfootball_ncaaf,2b8db5053d533b488c0d76f49382d219,2026-10-03T16:00:00Z,North Carolina Tar Heels,Notre Dame Fighting Irish,betmgm,BetMGM,2026-09-28T16:54:38Z,h2h,2026-09-28T16:54:38Z,Notre Dame Fighting Irish,-2000,,20260928165602403570
NCAAF,americanfootball_ncaaf,2b8db5053d533b488c0d76f49382d219,2026-10-03T16:00:00Z,North Carolina Tar Heels,Notre Dame Fighting Irish,betmgm,BetMGM,2026-09-28T16:54:38Z,spreads,2026-09-28T16:54:38Z,North Carolina Tar Heels,-118,21.5,20260928165602403570
NCAAF,americanfootball_ncaaf,2b8db5053d533b488c0d76f49382d219,2026-10-03T16:00:00Z,North Carolina Tar Heels,Notre Dame Fighting Irish,betmgm,BetMGM,2026-09-28T16:54:38Z,spreads,2026-09-28T16:54:38Z,Notre Dame Fighting Irish,-102,-21.5,20260928165602403570
NCAAF,americanfootball_ncaaf,2b8db5053d533b488c0d76f49382d219,2026-10-03T16:00:00Z,North Carolina Tar Heels,Notre Dame Fighting Irish,betmgm,BetMGM,2026-09-28T16:54:38Z,totals,2026-09-28T16:54:38Z,Over,-108,47.5,20260928165602403570
NCAAF,americanfootball_ncaaf,2b8db5053d533b488c0d76f49382d219,2026-10-03T16:00:00Z,North Carolina Tar Heels,Notre Dame Fighting Irish,betmgm,BetMGM,2026-09-28T16:54:38Z,totals,2026-09-28T16:54:38Z,Under,-110,47.5,20260928165602403570
NCAAF,americanfootball_ncaaf,2b8db5053d533b488c0d76f49382d219,2026-10-03T16:00:00Z,North Carolina Tar Heels,Notre Dame Fighting Irish,betus,BetUS,2026-09-28T16:55:53Z,spreads,2026-09-28T16:55:52Z,North Carolina Tar Heels,-110,21.0,20260928165602403570
NCAAF,americanfootball_ncaaf,2b8db5053d533b488c0d76f49382d219,2026-10-03T16:00:00Z,North Carolina Tar Heels,Notre Dame Fighting Irish,betus,BetUS,2026-09-28T16:55:53Z,spreads,2026-09-28T16:55:52Z,Notre Dame Fighting Irish,-110,-21.0,20260928165602403570
NCAAF,americanfootball_ncaaf,2b8db5053d533b488c0d76f49382d219,2026-10-03T16:00:00Z,North Carolina Tar Heels,Notre Dame Fighting Irish,betus,BetUS,2026-09-28T16:55:53Z,totals,2026-09-28T16:55:52Z,Over,-110,47.5,20260928165602403570
NCAAF,americanfootball_ncaaf,2b8db5053d533b488c0d76f49382d219,2026-10-03T16:00:00Z,North Carolina Tar Heels,Notre Dame Fighting Irish,betus,BetUS,2026-09-28T16:55:53Z,totals,2026-09-28T16:55:52Z,Under,-110,47.5,20260928165602403570
NCAAF,americanfootball_ncaaf,2b8db5053d533b488c0d76f49382d219,2026-10-03T16:00:00Z,North Carolina Tar Heels,Notre Dame Fighting Irish,bovada,Bovada,2026-09-28T16:54:58Z,h2h,2026-09-28T16:54:58Z,North Carolina Tar Heels,850,,20260928165602403570
NCAAF,americanfootball_ncaaf,2b8db5053d533b488c0d76f49382d219,2026-10-03T16:00:00Z,North Carolina Tar Heels,Notre Dame Fighting Irish,bovada,Bovada,2026-09-28T16:54:58Z,h2h,2026-09-28T16:54:58Z,Notre Dame Fighting Irish,-1800,,20260928165602403570
NCAAF,americanfootball_ncaaf,2b8db5053d533b488c0d76f49382d219,2026-10-03T16:00:00Z,North Carolina Tar Heels,Notre Dame Fighting Irish,bovada,Bovada,2026-09-28T16:54:58Z,spreads,2026-09-28T16:54:58Z,North Carolina Tar Heels,-105,21.0,20260928165602403570
NCAAF,americanfootball_ncaaf,2b8db5053d533b488c0d76f49382d219,2026-10-03T16:00:00Z,North Carolina Tar Heels,Notre Dame Fighting Irish,bovada,Bovada,2026-09-28T16:54:58Z,spreads,2026-09-28T16:54:58Z,Notre Dame Fighting Irish,-115,-21.0,20260928165602403570
NCAAF,americanfootball_ncaaf,2b8db5053d533b488c0d76f49382d219,2026-10-03T16:00:00Z,North Carolina Tar Heels,Notre Dame Fighting Irish,bovada,Bovada,2026-09-28T16:54:58Z,totals,2026-09-28T16:54:58Z,Over,-110,47.5,20260928165602403570
NCAAF,americanfootball_ncaaf,2b8db5053d533b488c0d76f49382d219,2026-10-03T16:00:00Z,North Carolina Tar Heels,Notre Dame Fighting Irish,bovada,Bovada,2026-09-28T16:54:58Z,totals,2026-09-28T16:54:58Z,Under,-110,47.5,20260928165602403570
NCAAF,americanfootball_ncaaf,8ef32c906348e926ca0fabcc25635c11,2026-10-03T16:00:00Z,Wake Forest Demon Deacons,Stanford Cardinal,fanduel,FanDuel,2026-09-28T16:55:50Z,h2h,2026-09-28T16:55:49Z,Stanford Cardinal,440,,20260928165602403570
NCAAF,americanfootball_ncaaf,8ef32c906348e926ca0fabcc25635c11,2026-10-03T16:00:00Z,Wake Forest Demon Deacons,Stanford Cardinal,fanduel,FanDuel,2026-09-28T16:55:50Z,h2h,2026-09-28T16:55:49Z,Wake Forest Demon Deacons,-610,,20260928165602403570
NCAAF,americanfootball_ncaaf,8ef32c906348e926ca0fabcc25635c11,2026-10-03T16:00:00Z,Wake Forest Demon Deacons,Stanford Cardinal,fanduel,FanDuel,2026-09-28T16:55:50Z,spreads,2026-09-28T16:55:49Z,Stanford Cardinal,-102,12.5,20260928165602403570
NCAAF,americanfootball_ncaaf,8ef32c906348e926ca0fabcc25635c11,2026-10-03T16:00:00Z,Wake Forest Demon Deacons,Stanford Cardinal,fanduel,FanDuel,2026-09-28T16:55:50Z,spreads,2026-09-28T16:55:49Z,Wake Forest Demon Deacons,-120,-12.5,20260928165602403570
NCAAF,americanfootball_ncaaf,8ef32c906348e926ca0fabcc25635c11,2026-10-03T16:00:00Z,Wake Forest Demon Deacons,Stanford Cardinal,fanduel,FanDuel,2026-09-28T16:55:50Z,totals,2026-09-28T16:55:49Z,Over,-110,53.5,20260928165602403570
NCAAF,americanfootball_ncaaf,8ef32c906348e926ca0fabcc25635c11,2026-10-03T16:00:00Z,Wake Forest Demon Deacons,Stanford Cardinal,fanduel,FanDuel,2026-09-28T16:55:50Z,totals,2026-09-28T16:55:49Z,Under,-110,53.5,20260928165602403570
NCAAF,americanfootball_ncaaf,8ef32c906348e926ca0fabcc25635c11,2026-10-03T16:00:00Z,Wake Forest Demon Deacons,Stanford Cardinal,betrivers,BetRivers,2026-09-28T16:55:49Z,h2h,2026-09-28T16:55:49Z,Stanford Cardinal,410,,20260928165602403570
NCAAF,americanfootball_ncaaf,8ef32c906348e926ca0fabcc25635c11,2026-10-03T16:00:00Z,Wake Forest Demon Deacons,Stanford Cardinal,betrivers,BetRivers,2026-09-28T16:55:49Z,h2h,2026-09-28T16:55:49Z,Wake Forest Demon Deacons,-590,,20260928165602403570
NCAAF,americanfootball_ncaaf,8ef32c906348e926ca0fabcc25635c11,2026-10-03T16:00:00Z,Wake Forest Demon Deacons,Stanford Cardinal,betrivers,BetRivers,2026-09-28T16:55:49Z,spreads,2026-09-28T16:55:49Z,Stanford Cardinal,-110,12.5,20260928165602403570
NCAAF,americanfootball_ncaaf,8ef32c906348e926ca0fabcc25635c11,2026-10-03T16:00:00Z,Wake Forest Demon Deacons,Stanford Cardinal,betrivers,BetRivers,2026-09-28T16:55:49Z,spreads,2026-09-28T16:55:49Z,Wake Forest Demon Deacons,-113,-12.5,20260928165602403570
NCAAF,americanfootball_ncaaf,8ef32c906348e926ca0fabcc25635c11,2026-10-03T16:00:00Z,Wake Forest Demon Deacons,Stanford Cardinal,betrivers,BetRivers,2026-09-28T16:55:49Z,totals,2026-09-28T16:55:49Z,Over,-113,53.5,20260928165602403570
NCAAF,americanfootball_ncaaf,8ef32c906348e926ca0fabcc25635c11,2026-10-03T16:00:00Z,Wake Forest Demon Deacons,Stanford Cardinal,betrivers,BetRivers,2026-09-28T16:55:49Z,totals,2026-09-28T16:55:49Z,Under,-110,53.5,20260928165602403570
NCAAF,americanfootball_ncaaf,8ef32c906348e926ca0fabcc25635c11,2026-10-03T16:00:00Z,Wake Forest Demon Deacons,Stanford Cardinal,draftkings,DraftKings,2026-09-28T16:55:34Z,h2h,2026-09-28T16:55:34Z,Stanford Cardinal,380,,20260928165602403570
NCAAF,americanfootball_ncaaf,8ef32c906348e926ca0fabcc25635c11,2026-10-03T16:00:00Z,Wake Forest Demon Deacons,Stanford Cardinal,draftkings,DraftKings,2026-09-28T16:55:34Z,h2h,2026-09-28T16:55:34Z,Wake Forest Demon Deacons,-500,,20260928165602403570
NCAAF,americanfootball_ncaaf,8ef32c906348e926ca0fabcc25635c11,2026-10-03T16:00:00Z,Wake Forest Demon Deacons,Stanford Cardinal,draftkings,DraftKings,2026-09-28T16:55:34Z,spreads,2026-09-28T16:55:34Z,Stanford Cardinal,-108,12.5,20260928165602403570
NCAAF,americanfootball_ncaaf,8ef32c906348e926ca0fabcc25635c11,2026-10-03T16:00:00Z,Wake Forest Demon Deacons,Stanford Cardinal,draftkings,DraftKings,2026-09-28T16:55:34Z,spreads,2026-09-28T16:55:34Z,Wake Forest Demon Deacons,-112,-12.5,20260928165602403570
NCAAF,americanfootball_ncaaf,8ef32c906348e926ca0fabcc25635c11,2026-10-03T16:00:00Z,Wake Forest Demon Deacons,Stanford Cardinal,draftkings,DraftKings,2026-09-28T16:55:34Z,totals,2026-09-28T16:55:34Z,Over,-110,53.5,20260928165602403570
NCAAF,americanfootball_ncaaf,8ef32c906348e926ca0fabcc25635c11,2026-10-03T16:00:00Z,Wake Forest Demon Deacons,Stanford Cardinal,draftkings,DraftKings,2026-09-28T16:55:34Z,totals,2026-09-28T16:55:34Z,Under,-110,53.5,20260928165602403570
NCAAF,americanfootball_ncaaf,8ef32c906348e926ca0fabcc25635c11,2026-10-03T16:00:00Z,Wake Forest Demon Deacons,Stanford Cardinal,betonlineag,BetOnline.ag,2026-09-28T16:55:07Z,h2h,2026-09-28T16:55:07Z,Stanford Cardinal,383,,20260928165602403570
NCAAF,americanfootball_ncaaf,8ef32c906348e926ca0fabcc25635c11,2026-10-03T16:00:00Z,Wake Forest Demon Deacons,Stanford Cardinal,betonlineag,BetOnline.ag,2026-09-28T16:55:07Z,h2h,2026-09-28T16:55:07Z,Wake Forest Demon Deacons,-500,,20260928165602403570
NCAAF,americanfootball_ncaaf,8ef32c906348e926ca0fabcc25635c11,2026-10-03T16:00:00Z,Wake Forest Demon Deacons,Stanford Cardinal,betonlineag,BetOnline.ag,2026-09-28T16:55:07Z,spreads,2026-09-28T16:55:07Z,Stanford Cardinal,-110,13.0,20260928165602403570
NCAAF,americanfootball_ncaaf,8ef32c906348e926ca0fabcc25635c11,2026-10-03T16:00:00Z,Wake Forest Demon Deacons,Stanford Cardinal,betonlineag,BetOnline.ag,2026-09-28T16:55:07Z,spreads,2026-09-28T16:55:07Z,Wake Forest Demon Deacons,-110,-13.0,20260928165602403570
NCAAF,americanfootball_ncaaf,8ef32c906348e926ca0fabcc25635c11,2026-10-03T16:00:00Z,Wake Forest Demon Deacons,Stanford Cardinal,betonlineag,BetOnline.ag,2026-09-28T16:55:07Z,totals,2026-09-28T16:55:07Z,Over,-110,53.5,20260928165602403570
NCAAF,americanfootball_ncaaf,8ef32c906348e926ca0fabcc25635c11,2026-10-03T16:00:00Z,Wake Forest Demon Deacons,Stanford Cardinal,betonlineag,BetOnline.ag,2026-09-28T16:55:07Z,totals,2026-09-28T16:55:07Z,Under,-110,53.5,20260928165602403570
NCAAF,americanfootball_ncaaf,8ef32c906348e926ca0fabcc25635c11,2026-10-03T16:00:00Z,Wake Forest Demon Deacons,Stanford Cardinal,lowvig,LowVig.ag,2026-09-28T16:55:49Z,h2h,2026-09-28T16:55:49Z,Stanford Cardinal,383,,20260928165602403570
NCAAF,americanfootball_ncaaf,8ef32c906348e926ca0fabcc25635c11,2026-10-03T16:00:00Z,Wake Forest Demon Deacons,Stanford Cardinal,lowvig,LowVig.ag,2026-09-28T16:55:49Z,h2h,2026-09-28T16:55:49Z,Wake Forest Demon Deacons,-500,,20260928165602403570
NCAAF,americanfootball_ncaaf,8ef32c906348e926ca0fabcc25635c11,2026-10-03T16:00:00Z,Wake Forest Demon Deacons,Stanford Cardinal,lowvig,LowVig.ag,2026-09-28T16:55:49Z,spreads,2026-09-28T16:55:49Z,Stanford Cardinal,-106,13.0,20260928165602403570
NCAAF,americanfootball_ncaaf,8ef32c906348e926ca0fabcc25635c11,2026-10-03T16:00:00Z,Wake Forest Demon Deacons,Stanford Cardinal,lowvig,LowVig.ag,2026-09-28T16:55:49Z,spreads,2026-09-28T16:55:49Z,Wake Forest Demon Deacons,-106,-13.0,20260928165602403570
NCAAF,americanfootball_ncaaf,8ef32c906348e926ca0fabcc25635c11,2026-10-03T16:00:00Z,Wake Forest Demon Deacons,Stanford Cardinal,lowvig,LowVig.ag,2026-09-28T16:55:49Z,totals,2026-09-28T16:55:49Z,Over,-108,53.5,20260928165602403570
NCAAF,americanfootball_ncaaf,8ef32c906348e926ca0fabcc25635c11,2026-10-03T16:00:00Z,Wake Forest Demon Deacons,Stanford Cardinal,lowvig,LowVig.ag,2026-09-28T16:55:49Z,totals,2026-09-28T16:55:49Z,Under,-108,53.5,20260928165602403570
NCAAF,americanfootball_ncaaf,8ef32c906348e926ca0fabcc25635c11,2026-10-03T16:00:00Z,Wake Forest Demon Deacons,Stanford Cardinal,betmgm,BetMGM,2026-09-28T16:54:38Z,h2h,2026-09-28T16:54:38Z,Stanford Cardinal,400,,20260928165602403570
NCAAF,americanfootball_ncaaf,8ef32c906348e926ca0fabcc25635c11,2026-10-03T16:00:00Z,Wake Forest Demon Deacons,Stanford Cardinal,betmgm,BetMGM,2026-09-28T16:54:38Z,h2h,2026-09-28T16:54:38Z,Wake Forest Demon Deacons,-525,,20260928165602403570
NCAAF,americanfootball_ncaaf,8ef32c906348e926ca0fabcc25635c11,2026-10-03T16:00:00Z,Wake Forest Demon Deacons,Stanford Cardinal,betmgm,BetMGM,2026-09-28T16:54:38Z,spreads,2026-09-28T16:54:38Z,Stanford Cardinal,-110,13.0,20260928165602403570
NCAAF,americanfootball_ncaaf,8ef32c906348e926ca0fabcc25635c11,2026-10-03T16:00:00Z,Wake Forest Demon Deacons,Stanford Cardinal,betmgm,BetMGM,2026-09-28T16:54:38Z,spreads,2026-09-28T16:54:38Z,Wake Forest Demon Deacons,-108,-13.0,20260928165602403570
NCAAF,americanfootball_ncaaf,8ef32c906348e926ca0fabcc25635c11,2026-10-03T16:00:00Z,Wake Forest Demon Deacons,Stanford Cardinal,betmgm,BetMGM,2026-09-28T16:54:38Z,totals,2026-09-28T16:54:38Z,Over,-110,53.5,20260928165602403570
NCAAF,americanfootball_ncaaf,8ef32c906348e926ca0fabcc25635c11,2026-10-03T16:00:00Z,Wake Forest Demon Deacons,Stanford Cardinal,betmgm,BetMGM,2026-09-28T16:54:38Z,totals,2026-09-28T16:54:38Z,Under,-108,53.5,20260928165602403570
NCAAF,americanfootball_ncaaf,8ef32c906348e926ca0fabcc25635c11,2026-10-03T16:00:00Z,Wake Forest Demon Deacons,Stanford Cardinal,mybookieag,MyBookie.ag,2026-09-28T16:55:48Z,h2h,2026-09-28T16:55:48Z,Stanford Cardinal,390,,20260928165602403570
NCAAF,americanfootball_ncaaf,8ef32c906348e926ca0fabcc25635c11,2026-10-03T16:00:00Z,Wake Forest Demon Deacons,Stanford Cardinal,mybookieag,MyBookie.ag,2026-09-28T16:55:48Z,h2h,2026-09-28T16:55:48Z,Wake Forest Demon Deacons,-549,,20260928165602403570
NCAAF,americanfootball_ncaaf,8ef32c906348e926ca0fabcc25635c11,2026-10-03T16:00:00Z,Wake Forest Demon Deacons,Stanford Cardinal,mybookieag,MyBookie.ag,2026-09-28T16:55:48Z,spreads,2026-09-28T16:55:48Z,Stanford Cardinal,-110,13.0,20260928165602403570
NCAAF,americanfootball_ncaaf,8ef32c906348e926ca0fabcc25635c11,2026-10-03T16:00:00Z,Wake Forest Demon Deacons,Stanford Cardinal,mybookieag,MyBookie.ag,2026-09-28T16:55:48Z,spreads,2026-09-28T16:55:48Z,Wake Forest Demon Deacons,-110,-13.0,20260928165602403570
NCAAF,americanfootball_ncaaf,8ef32c906348e926ca0fabcc25635c11,2026-10-03T16:00:00Z,Wake Forest Demon Deacons,Stanford Cardinal,mybookieag,MyBookie.ag,2026-09-28T16:55:48Z,totals,2026-09-28T16:55:48Z,Over,-110,53.5,20260928165602403570
NCAAF,americanfootball_ncaaf,8ef32c906348e926ca0fabcc25635c11,2026-10-03T16:00:00Z,Wake Forest Demon Deacons,Stanford Cardinal,mybookieag,MyBookie.ag,2026-09-28T16:55:48Z,totals,2026-09-28T16:55:48Z,Under,-110,53.5,20260928165602403570
NCAAF,americanfootball_ncaaf,8ef32c906348e926ca0fabcc25635c11,2026-10-03T16:00:00Z,Wake Forest Demon Deacons,Stanford Cardinal,betus,BetUS,2026-09-28T16:55:53Z,spreads,2026-09-28T16:55:52Z,Stanford Cardinal,-110,13.0,20260928165602403570
NCAAF,americanfootball_ncaaf,8ef32c906348e926ca0fabcc25635c11,2026-10-03T16:00:00Z,Wake Forest Demon Deacons,Stanford Cardinal,betus,BetUS,2026-09-28T16:55:53Z,spreads,2026-09-28T16:55:52Z,Wake Forest Demon Deacons,-110,-13.0,20260928165602403570
NCAAF,americanfootball_ncaaf,8ef32c906348e926ca0fabcc25635c11,2026-10-03T16:00:00Z,Wake Forest Demon Deacons,Stanford Cardinal,betus,BetUS,2026-09-28T16:55:53Z,totals,2026-09-28T16:55:52Z,Over,-110,53.5,20260928165602403570
NCAAF,americanfootball_ncaaf,8ef32c906348e926ca0fabcc25635c11,2026-10-03T16:00:00Z,Wake Forest Demon Deacons,Stanford Cardinal,betus,BetUS,2026-09-28T16:55:53Z,totals,2026-09-28T16:55:52Z,Under,-110,53.5,20260928165602403570
NCAAF,americanfootball_ncaaf,8ef32c906348e926ca0fabcc25635c11,2026-10-03T16:00:00Z,Wake Forest Demon Deacons,Stanford Cardinal,bovada,Bovada,2026-09-28T16:54:58Z,h2h,2026-09-28T16:54:58Z,Stanford Cardinal,390,,20260928165602403570
NCAAF,americanfootball_ncaaf,8ef32c906348e926ca0fabcc25635c11,2026-10-03T16:00:00Z,Wake Forest Demon Deacons,Stanford Cardinal,bovada,Bovada,2026-09-28T16:54:58Z,h2h,2026-09-28T16:54:58Z,Wake Forest Demon Deacons,-550,,20260928165602403570
NCAAF,americanfootball_ncaaf,8ef32c906348e926ca0fabcc25635c11,2026-10-03T16:00:00Z,Wake Forest Demon Deacons,Stanford Cardinal,bovada,Bovada,2026-09-28T16:54:58Z,spreads,2026-09-28T16:54:58Z,Stanford Cardinal,-115,13.0,20260928165602403570
NCAAF,americanfootball_ncaaf,8ef32c906348e926ca0fabcc25635c11,2026-10-03T16:00:00Z,Wake Forest Demon Deacons,Stanford Cardinal,bovada,Bovada,2026-09-28T16:54:58Z,spreads,2026-09-28T16:54:58Z,Wake Forest Demon Deacons,-105,-13.0,20260928165602403570
NCAAF,americanfootball_ncaaf,8ef32c906348e926ca0fabcc25635c11,2026-10-03T16:00:00Z,Wake Forest Demon Deacons,Stanford Cardinal,bovada,Bovada,2026-09-28T16:54:58Z,totals,2026-09-28T16:54:58Z,Over,-110,53.5,20260928165602403570
NCAAF,americanfootball_ncaaf,8ef32c906348e926ca0fabcc25635c11,2026-10-03T16:00:00Z,Wake Forest Demon Deacons,Stanford Cardinal,bovada,Bovada,2026-09-28T16:54:58Z,totals,2026-09-28T16:54:58Z,Under,-110,53.5,20260928165602403570
NCAAF,americanfootball_ncaaf,94769faaa7a5aba0474291fc9c2d3d6d,2026-10-03T16:00:00Z,UConn Huskies,Syracuse Orange,fanduel,FanDuel,2026-09-28T16:55:50Z,h2h,2026-09-28T16:55:49Z,Syracuse Orange,-245,,20260928165602403570
NCAAF,americanfootball_ncaaf,94769faaa7a5aba0474291fc9c2d3d6d,2026-10-03T16:00:00Z,UConn Huskies,Syracuse Orange,fanduel,FanDuel,2026-09-28T16:55:50Z,h2h,2026-09-28T16:55:49Z,UConn Huskies,198,,20260928165602403570
NCAAF,americanfootball_ncaaf,94769faaa7a5aba0474291fc9c2d3d6d,2026-10-03T16:00:00Z,UConn Huskies,Syracuse Orange,fanduel,FanDuel,2026-09-28T16:55:50Z,spreads,2026-09-28T16:55:49Z,Syracuse Orange,-110,-6.5,20260928165602403570
NCAAF,americanfootball_ncaaf,94769faaa7a5aba0474291fc9c2d3d6d,2026-10-03T16:00:00Z,UConn Huskies,Syracuse Orange,fanduel,FanDuel,2026-09-28T16:55:50Z,spreads,2026-09-28T16:55:49Z,UConn Huskies,-110,6.5,20260928165602403570
NCAAF,americanfootball_ncaaf,94769faaa7a5aba0474291fc9c2d3d6d,2026-10-03T16:00:00Z,UConn Huskies,Syracuse Orange,fanduel,FanDuel,2026-09-28T16:55:50Z,totals,2026-09-28T16:55:49Z,Over,-110,52.5,20260928165602403570
NCAAF,americanfootball_ncaaf,94769faaa7a5aba0474291fc9c2d3d6d,2026-10-03T16:00:00Z,UConn Huskies,Syracuse Orange,fanduel,FanDuel,2026-09-28T16:55:50Z,totals,2026-09-28T16:55:49Z,Under,-110,52.5,20260928165602403570
NCAAF,americanfootball_ncaaf,94769faaa7a5aba0474291fc9c2d3d6d,2026-10-03T16:00:00Z,UConn Huskies,Syracuse Orange,betrivers,BetRivers,2026-09-28T16:55:49Z,h2h,2026-09-28T16:55:49Z,Syracuse Orange,-235,,20260928165602403570
NCAAF,americanfootball_ncaaf,94769faaa7a5aba0474291fc9c2d3d6d,2026-10-03T16:00:00Z,UConn Huskies,Syracuse Orange,betrivers,BetRivers,2026-09-28T16:55:49Z,h2h,2026-09-28T16:55:49Z,UConn Huskies,185,,20260928165602403570
NCAAF,americanfootball_ncaaf,94769faaa7a5aba0474291fc9c2d3d6d,2026-10-03T16:00:00Z,UConn Huskies,Syracuse Orange,betrivers,BetRivers,2026-09-28T16:55:49Z,spreads,2026-09-28T16:55:49Z,Syracuse Orange,-114,-6.0,20260928165602403570
NCAAF,americanfootball_ncaaf,94769faaa7a5aba0474291fc9c2d3d6d,2026-10-03T16:00:00Z,UConn Huskies,Syracuse Orange,betrivers,BetRivers,2026-09-28T16:55:49Z,spreads,2026-09-28T16:55:49Z,UConn Huskies,-108,6.0,20260928165602403570
NCAAF,americanfootball_ncaaf,94769faaa7a5aba0474291fc9c2d3d6d,2026-10-03T16:00:00Z,UConn Huskies,Syracuse Orange,betrivers,BetRivers,2026-09-28T16:55:49Z,totals,2026-09-28T16:55:49Z,Over,-113,52.5,20260928165602403570
NCAAF,americanfootball_ncaaf,94769faaa7a5aba0474291fc9c2d3d6d,2026-10-03T16:00:00Z,UConn Huskies,Syracuse Orange,betrivers,BetRivers,2026-09-28T16:55:49Z,totals,2026-09-28T16:55:49Z,Under,-114,52.5,20260928165602403570
NCAAF,americanfootball_ncaaf,94769faaa7a5aba0474291fc9c2d3d6d,2026-10-03T16:00:00Z,UConn Huskies,Syracuse Orange,lowvig,LowVig.ag,2026-09-28T16:55:49Z,h2h,2026-09-28T16:55:49Z,Syracuse Orange,-250,,20260928165602403570
NCAAF,americanfootball_ncaaf,94769faaa7a5aba0474291fc9c2d3d6d,2026-10-03T16:00:00Z,UConn Huskies,Syracuse Orange,lowvig,LowVig.ag,2026-09-28T16:55:49Z,h2h,2026-09-28T16:55:49Z,UConn Huskies,207,,20260928165602403570
NCAAF,americanfootball_ncaaf,94769faaa7a5aba0474291fc9c2d3d6d,2026-10-03T16:00:00Z,UConn Huskies,Syracuse Orange,lowvig,LowVig.ag,2026-09-28T16:55:49Z,spreads,2026-09-28T16:55:49Z,Syracuse Orange,-111,-6.0,20260928165602403570
NCAAF,americanfootball_ncaaf,94769faaa7a5aba0474291fc9c2d3d6d,2026-10-03T16:00:00Z,UConn Huskies,Syracuse Orange,lowvig,LowVig.ag,2026-09-28T16:55:49Z,spreads,2026-09-28T16:55:49Z,UConn Huskies,-101,6.0,20260928165602403570
NCAAF,americanfootball_ncaaf,94769faaa7a5aba0474291fc9c2d3d6d,2026-10-03T16:00:00Z,UConn Huskies,Syracuse Orange,lowvig,LowVig.ag,2026-09-28T16:55:49Z,totals,2026-09-28T16:55:49Z,Over,-108,52.0,20260928165602403570
NCAAF,americanfootball_ncaaf,94769faaa7a5aba0474291fc9c2d3d6d,2026-10-03T16:00:00Z,UConn Huskies,Syracuse Orange,lowvig,LowVig.ag,2026-09-28T16:55:49Z,totals,2026-09-28T16:55:49Z,Under,-108,52.0,20260928165602403570
NCAAF,americanfootball_ncaaf,94769faaa7a5aba0474291fc9c2d3d6d,2026-10-03T16:00:00Z,UConn Huskies,Syracuse Orange,betonlineag,BetOnline.ag,2026-09-28T16:55:07Z,h2h,2026-09-28T16:55:07Z,Syracuse Orange,-250,,20260928165602403570
NCAAF,americanfootball_ncaaf,94769faaa7a5aba0474291fc9c2d3d6d,2026-10-03T16:00:00Z,UConn Huskies,Syracuse Orange,betonlineag,BetOnline.ag,2026-09-28T16:55:07Z,h2h,2026-09-28T16:55:07Z,UConn Huskies,207,,20260928165602403570
NCAAF,americanfootball_ncaaf,94769faaa7a5aba0474291fc9c2d3d6d,2026-10-03T16:00:00Z,UConn Huskies,Syracuse Orange,betonlineag,BetOnline.ag,2026-09-28T16:55:07Z,spreads,2026-09-28T16:55:07Z,Syracuse Orange,-115,-6.0,20260928165602403570
NCAAF,americanfootball_ncaaf,94769faaa7a5aba0474291fc9c2d3d6d,2026-10-03T16:00:00Z,UConn Huskies,Syracuse Orange,betonlineag,BetOnline.ag,2026-09-28T16:55:07Z,spreads,2026-09-28T16:55:07Z,UConn Huskies,-105,6.0,20260928165602403570
NCAAF,americanfootball_ncaaf,94769faaa7a5aba0474291fc9c2d3d6d,2026-10-03T16:00:00Z,UConn Huskies,Syracuse Orange,betonlineag,BetOnline.ag,2026-09-28T16:55:07Z,totals,2026-09-28T16:55:07Z,Over,-110,52.0,20260928165602403570
NCAAF,americanfootball_ncaaf,94769faaa7a5aba0474291fc9c2d3d6d,2026-10-03T16:00:00Z,UConn Huskies,Syracuse Orange,betonlineag,BetOnline.ag,2026-09-28T16:55:07Z,totals,2026-09-28T16:55:07Z,Under,-110,52.0,20260928165602403570
NCAAF,americanfootball_ncaaf,94769faaa7a5aba0474291fc9c2d3d6d,2026-10-03T16:00:00Z,UConn Huskies,Syracuse Orange,draftkings,DraftKings,2026-09-28T16:55:34Z,h2h,2026-09-28T16:55:34Z,Syracuse Orange,-245,,20260928165602403570
NCAAF,americanfootball_ncaaf,94769faaa7a5aba0474291fc9c2d3d6d,2026-10-03T16:00:00Z,UConn Huskies,Syracuse Orange,draftkings,DraftKings,2026-09-28T16:55:34Z,h2h,2026-09-28T16:55:34Z,UConn Huskies,200,,20260928165602403570
NCAAF,americanfootball_ncaaf,94769faaa7a5aba0474291fc9c2d3d6d,2026-10-03T16:00:00Z,UConn Huskies,Syracuse Orange,draftkings,DraftKings,2026-09-28T16:55:34Z,spreads,2026-09-28T16:55:34Z,Syracuse Orange,-112,-6.0,20260928165602403570
NCAAF,americanfootball_ncaaf,94769faaa7a5aba0474291fc9c2d3d6d,2026-10-03T16:00:00Z,UConn Huskies,Syracuse Orange,draftkings,DraftKings,2026-09-28T16:55:34Z,spreads,2026-09-28T16:55:34Z,UConn Huskies,-108,6.0,20260928165602403570
NCAAF,americanfootball_ncaaf,94769faaa7a5aba0474291fc9c2d3d6d,2026-10-03T16:00:00Z,UConn Huskies,Syracuse Orange,draftkings,DraftKings,2026-09-28T16:55:34Z,totals,2026-09-28T16:55:34Z,Over,-115,51.5,20260928165602403570
NCAAF,americanfootball_ncaaf,94769faaa7a5aba0474291fc9c2d3d6d,2026-10-03T16:00:00Z,UConn Huskies,Syracuse Orange,draftkings,DraftKings,2026-09-28T16:55:34Z,totals,2026-09-28T16:55:34Z,Under,-105,51.5,20260928165602403570
NCAAF,americanfootball_ncaaf,94769faaa7a5aba0474291fc9c2d3d6d,2026-10-03T16:00:00Z,UConn Huskies,Syracuse Orange,mybookieag,MyBookie.ag,2026-09-28T16:55:48Z,h2h,2026-09-28T16:55:48Z,Syracuse Orange,-240,,20260928165602403570
NCAAF,americanfootball_ncaaf,94769faaa7a5aba0474291fc9c2d3d6d,2026-10-03T16:00:00Z,UConn Huskies,Syracuse Orange,mybookieag,MyBookie.ag,2026-09-28T16:55:48Z,h2h,2026-09-28T16:55:48Z,UConn Huskies,191,,20260928165602403570
NCAAF,americanfootball_ncaaf,94769faaa7a5aba0474291fc9c2d3d6d,2026-10-03T16:00:00Z,UConn Huskies,Syracuse Orange,mybookieag,MyBookie.ag,2026-09-28T16:55:48Z,spreads,2026-09-28T16:55:48Z,Syracuse Orange,-110,-6.0,20260928165602403570
NCAAF,americanfootball_ncaaf,94769faaa7a5aba0474291fc9c2d3d6d,2026-10-03T16:00:00Z,UConn Huskies,Syracuse Orange,mybookieag,MyBookie.ag,2026-09-28T16:55:48Z,spreads,2026-09-28T16:55:48Z,UConn Huskies,-110,6.0,20260928165602403570
NCAAF,americanfootball_ncaaf,94769faaa7a5aba0474291fc9c2d3d6d,2026-10-03T16:00:00Z,UConn Huskies,Syracuse Orange,mybookieag,MyBookie.ag,2026-09-28T16:55:48Z,totals,2026-09-28T16:55:48Z,Over,-110,52.0,20260928165602403570
NCAAF,americanfootball_ncaaf,94769faaa7a5aba0474291fc9c2d3d6d,2026-10-03T16:00:00Z,UConn Huskies,Syracuse Orange,mybookieag,MyBookie.ag,2026-09-28T16:55:48Z,totals,2026-09-28T16:55:48Z,Under,-110,52.0,20260928165602403570
NCAAF,americanfootball_ncaaf,94769faaa7a5aba0474291fc9c2d3d6d,2026-10-03T16:00:00Z,UConn Huskies,Syracuse Orange,betus,BetUS,2026-09-28T16:55:53Z,spreads,2026-09-28T16:55:52Z,Syracuse Orange,-115,-6.0,20260928165602403570
NCAAF,americanfootball_ncaaf,94769faaa7a5aba0474291fc9c2d3d6d,2026-10-03T16:00:00Z,UConn Huskies,Syracuse Orange,betus,BetUS,2026-09-28T16:55:53Z,spreads,2026-09-28T16:55:52Z,UConn Huskies,-105,6.0,20260928165602403570
NCAAF,americanfootball_ncaaf,94769faaa7a5aba0474291fc9c2d3d6d,2026-10-03T16:00:00Z,UConn Huskies,Syracuse Orange,betus,BetUS,2026-09-28T16:55:53Z,totals,2026-09-28T16:55:52Z,Over,-110,52.0,20260928165602403570
NCAAF,americanfootball_ncaaf,94769faaa7a5aba0474291fc9c2d3d6d,2026-10-03T16:00:00Z,UConn Huskies,Syracuse Orange,betus,BetUS,2026-09-28T16:55:53Z,totals,2026-09-28T16:55:52Z,Under,-110,52.0,20260928165602403570
NCAAF,americanfootball_ncaaf,94769faaa7a5aba0474291fc9c2d3d6d,2026-10-03T16:00:00Z,UConn Huskies,Syracuse Orange,betmgm,BetMGM,2026-09-28T16:54:38Z,h2h,2026-09-28T16:54:38Z,Syracuse Orange,-235,,20260928165602403570
NCAAF,americanfootball_ncaaf,94769faaa7a5aba0474291fc9c2d3d6d,2026-10-03T16:00:00Z,UConn Huskies,Syracuse Orange,betmgm,BetMGM,2026-09-28T16:54:38Z,h2h,2026-09-28T16:54:38Z,UConn Huskies,200,,20260928165602403570
NCAAF,americanfootball_ncaaf,94769faaa7a5aba0474291fc9c2d3d6d,2026-10-03T16:00:00Z,UConn Huskies,Syracuse Orange,betmgm,BetMGM,2026-09-28T16:54:38Z,spreads,2026-09-28T16:54:38Z,Syracuse Orange,-110,-6.0,20260928165602403570
NCAAF,americanfootball_ncaaf,94769faaa7a5aba0474291fc9c2d3d6d,2026-10-03T16:00:00Z,UConn Huskies,Syracuse Orange,betmgm,BetMGM,2026-09-28T16:54:38Z,spreads,2026-09-28T16:54:38Z,UConn Huskies,-108,6.0,20260928165602403570
NCAAF,americanfootball_ncaaf,94769faaa7a5aba0474291fc9c2d3d6d,2026-10-03T16:00:00Z,UConn Huskies,Syracuse Orange,betmgm,BetMGM,2026-09-28T16:54:38Z,totals,2026-09-28T16:54:38Z,Over,-115,51.5,20260928165602403570
NCAAF,americanfootball_ncaaf,94769faaa7a5aba0474291fc9c2d3d6d,2026-10-03T16:00:00Z,UConn Huskies,Syracuse Orange,betmgm,BetMGM,2026-09-28T16:54:38Z,totals,2026-09-28T16:54:38Z,Under,-105,51.5,20260928165602403570
NCAAF,americanfootball_ncaaf,94769faaa7a5aba0474291fc9c2d3d6d,2026-10-03T16:00:00Z,UConn Huskies,Syracuse Orange,bovada,Bovada,2026-09-28T16:54:58Z,h2h,2026-09-28T16:54:58Z,Syracuse Orange,-230,,20260928165602403570
NCAAF,americanfootball_ncaaf,94769faaa7a5aba0474291fc9c2d3d6d,2026-10-03T16:00:00Z,UConn Huskies,Syracuse Orange,bovada,Bovada,2026-09-28T16:54:58Z,h2h,2026-09-28T16:54:58Z,UConn Huskies,190,,20260928165602403570
NCAAF,americanfootball_ncaaf,94769faaa7a5aba0474291fc9c2d3d6d,2026-10-03T16:00:00Z,UConn Huskies,Syracuse Orange,bovada,Bovada,2026-09-28T16:54:58Z,spreads,2026-09-28T16:54:58Z,Syracuse Orange,-115,-5.5,20260928165602403570
NCAAF,americanfootball_ncaaf,94769faaa7a5aba0474291fc9c2d3d6d,2026-10-03T16:00:00Z,UConn Huskies,Syracuse Orange,bovada,Bovada,2026-09-28T16:54:58Z,spreads,2026-09-28T16:54:58Z,UConn Huskies,-105,5.5,20260928165602403570
NCAAF,americanfootball_ncaaf,94769faaa7a5aba0474291fc9c2d3d6d,2026-10-03T16:00:00Z,UConn Huskies,Syracuse Orange,bovada,Bovada,2026-09-28T16:54:58Z,totals,2026-09-28T16:54:58Z,Over,-110,52.0,20260928165602403570
NCAAF,americanfootball_ncaaf,94769faaa7a5aba0474291fc9c2d3d6d,2026-10-03T16:00:00Z,UConn Huskies,Syracuse Orange,bovada,Bovada,2026-09-28T16:54:58Z,totals,2026-09-28T16:54:58Z,Under,-110,52.0,20260928165602403570
NCAAF,americanfootball_ncaaf,575f5abb1af3a81091ac5a1cf1f5f927,2026-10-03T16:30:00Z,Wisconsin Badgers,Michigan State Spartans,fanduel,FanDuel,2026-09-28T16:55:50Z,h2h,2026-09-28T16:55:49Z,Michigan State Spartans,330,,20260928165602403570
NCAAF,americanfootball_ncaaf,575f5abb1af3a81091ac5a1cf1f5f927,2026-10-03T16:30:00Z,Wisconsin Badgers,Michigan State Spartans,fanduel,FanDuel,2026-09-28T16:55:50Z,h2h,2026-09-28T16:55:49Z,Wisconsin Badgers,-430,,20260928165602403570
NCAAF,americanfootball_ncaaf,575f5abb1af3a81091ac5a1cf1f5f927,2026-10-03T16:30:00Z,Wisconsin Badgers,Michigan State Spartans,fanduel,FanDuel,2026-09-28T16:55:50Z,spreads,2026-09-28T16:55:49Z,Michigan State Spartans,-110,10.5,20260928165602403570
NCAAF,americanfootball_ncaaf,575f5abb1af3a81091ac5a1cf1f5f927,2026-10-03T16:30:00Z,Wisconsin Badgers,Michigan State Spartans,fanduel,FanDuel,2026-09-28T16:55:50Z,spreads,2026-09-28T16:55:49Z,Wisconsin Badgers,-110,-10.5,20260928165602403570
NCAAF,americanfootball_ncaaf,575f5abb1af3a81091ac5a1cf1f5f927,2026-10-03T16:30:00Z,Wisconsin Badgers,Michigan State Spartans,fanduel,FanDuel,2026-09-28T16:55:50Z,totals,2026-09-28T16:55:49Z,Over,-112,43.5,20260928165602403570
NCAAF,americanfootball_ncaaf,575f5abb1af3a81091ac5a1cf1f5f927,2026-10-03T16:30:00Z,Wisconsin Badgers,Michigan State Spartans,fanduel,FanDuel,2026-09-28T16:55:50Z,totals,2026-09-28T16:55:49Z,Under,-108,43.5,20260928165602403570
NCAAF,americanfootball_ncaaf,575f5abb1af3a81091ac5a1cf1f5f927,2026-10-03T16:30:00Z,Wisconsin Badgers,Michigan State Spartans,draftkings,DraftKings,2026-09-28T16:55:34Z,h2h,2026-09-28T16:55:34Z,Michigan State Spartans,320,,20260928165602403570
NCAAF,americanfootball_ncaaf,575f5abb1af3a81091ac5a1cf1f5f927,2026-10-03T16:30:00Z,Wisconsin Badgers,Michigan State Spartans,draftkings,DraftKings,2026-09-28T16:55:34Z,h2h,2026-09-28T16:55:34Z,Wisconsin Badgers,-410,,20260928165602403570
NCAAF,americanfootball_ncaaf,575f5abb1af3a81091ac5a1cf1f5f927,2026-10-03T16:30:00Z,Wisconsin Badgers,Michigan State Spartans,draftkings,DraftKings,2026-09-28T16:55:34Z,spreads,2026-09-28T16:55:34Z,Michigan State Spartans,-115,10.5,20260928165602403570
NCAAF,americanfootball_ncaaf,575f5abb1af3a81091ac5a1cf1f5f927,2026-10-03T16:30:00Z,Wisconsin Badgers,Michigan State Spartans,draftkings,DraftKings,2026-09-28T16:55:34Z,spreads,2026-09-28T16:55:34Z,Wisconsin Badgers,-105,-10.5,20260928165602403570
NCAAF,americanfootball_ncaaf,575f5abb1af3a81091ac5a1cf1f5f927,2026-10-03T16:30:00Z,Wisconsin Badgers,Michigan State Spartans,draftkings,DraftKings,2026-09-28T16:55:34Z,totals,2026-09-28T16:55:34Z,Over,-110,43.5,20260928165602403570
NCAAF,americanfootball_ncaaf,575f5abb1af3a81091ac5a1cf1f5f927,2026-10-03T16:30:00Z,Wisconsin Badgers,Michigan State Spartans,draftkings,DraftKings,2026-09-28T16:55:34Z,totals,2026-09-28T16:55:34Z,Under,-110,43.5,20260928165602403570
NCAAF,americanfootball_ncaaf,575f5abb1af3a81091ac5a1cf1f5f927,2026-10-03T16:30:00Z,Wisconsin Badgers,Michigan State Spartans,betrivers,BetRivers,2026-09-28T16:55:49Z,h2h,2026-09-28T16:55:49Z,Michigan State Spartans,310,,20260928165602403570
NCAAF,americanfootball_ncaaf,575f5abb1af3a81091ac5a1cf1f5f927,2026-10-03T16:30:00Z,Wisconsin Badgers,Michigan State Spartans,betrivers,BetRivers,2026-09-28T16:55:49Z,h2h,2026-09-28T16:55:49Z,Wisconsin Badgers,-435,,20260928165602403570
NCAAF,americanfootball_ncaaf,575f5abb1af3a81091ac5a1cf1f5f927,2026-10-03T16:30:00Z,Wisconsin Badgers,Michigan State Spartans,betrivers,BetRivers,2026-09-28T16:55:49Z,spreads,2026-09-28T16:55:49Z,Michigan State Spartans,-112,10.0,20260928165602403570
NCAAF,americanfootball_ncaaf,575f5abb1af3a81091ac5a1cf1f5f927,2026-10-03T16:30:00Z,Wisconsin Badgers,Michigan State Spartans,betrivers,BetRivers,2026-09-28T16:55:49Z,spreads,2026-09-28T16:55:49Z,Wisconsin Badgers,-112,-10.0,20260928165602403570
NCAAF,americanfootball_ncaaf,575f5abb1af3a81091ac5a1cf1f5f927,2026-10-03T16:30:00Z,Wisconsin Badgers,Michigan State Spartans,betrivers,BetRivers,2026-09-28T16:55:49Z,totals,2026-09-28T16:55:49Z,Over,-108,44.5,20260928165602403570
NCAAF,americanfootball_ncaaf,575f5abb1af3a81091ac5a1cf1f5f927,2026-10-03T16:30:00Z,Wisconsin Badgers,Michigan State Spartans,betrivers,BetRivers,2026-09-28T16:55:49Z,totals,2026-09-28T16:55:49Z,Under,-115,44.5,20260928165602403570
NCAAF,americanfootball_ncaaf,575f5abb1af3a81091ac5a1cf1f5f927,2026-10-03T16:30:00Z,Wisconsin Badgers,Michigan State Spartans,betonlineag,BetOnline.ag,2026-09-28T16:55:07Z,h2h,2026-09-28T16:55:07Z,Michigan State Spartans,324,,20260928165602403570
NCAAF,americanfootball_ncaaf,575f5abb1af3a81091ac5a1cf1f5f927,2026-10-03T16:30:00Z,Wisconsin Badgers,Michigan State Spartans,betonlineag,BetOnline.ag,2026-09-28T16:55:07Z,h2h,2026-09-28T16:55:07Z,Wisconsin Badgers,-410,,20260928165602403570
NCAAF,americanfootball_ncaaf,575f5abb1af3a81091ac5a1cf1f5f927,2026-10-03T16:30:00Z,Wisconsin Badgers,Michigan State Spartans,betonlineag,BetOnline.ag,2026-09-28T16:55:07Z,spreads,2026-09-28T16:55:07Z,Michigan State Spartans,-110,10.5,20260928165602403570
NCAAF,americanfootball_ncaaf,575f5abb1af3a81091ac5a1cf1f5f927,2026-10-03T16:30:00Z,Wisconsin Badgers,Michigan State Spartans,betonlineag,BetOnline.ag,2026-09-28T16:55:07Z,spreads,2026-09-28T16:55:07Z,Wisconsin Badgers,-110,-10.5,20260928165602403570
NCAAF,americanfootball_ncaaf,575f5abb1af3a81091ac5a1cf1f5f927,2026-10-03T16:30:00Z,Wisconsin Badgers,Michigan State Spartans,betonlineag,BetOnline.ag,2026-09-28T16:55:07Z,totals,2026-09-28T16:55:07Z,Over,-110,43.0,20260928165602403570
NCAAF,americanfootball_ncaaf,575f5abb1af3a81091ac5a1cf1f5f927,2026-10-03T16:30:00Z,Wisconsin Badgers,Michigan State Spartans,betonlineag,BetOnline.ag,2026-09-28T16:55:07Z,totals,2026-09-28T16:55:07Z,Under,-110,43.0,20260928165602403570
NCAAF,americanfootball_ncaaf,575f5abb1af3a81091ac5a1cf1f5f927,2026-10-03T16:30:00Z,Wisconsin Badgers,Michigan State Spartans,lowvig,LowVig.ag,2026-09-28T16:55:49Z,h2h,2026-09-28T16:55:49Z,Michigan State Spartans,324,,20260928165602403570
NCAAF,americanfootball_ncaaf,575f5abb1af3a81091ac5a1cf1f5f927,2026-10-03T16:30:00Z,Wisconsin Badgers,Michigan State Spartans,lowvig,LowVig.ag,2026-09-28T16:55:49Z,h2h,2026-09-28T16:55:49Z,Wisconsin Badgers,-410,,20260928165602403570
NCAAF,americanfootball_ncaaf,575f5abb1af3a81091ac5a1cf1f5f927,2026-10-03T16:30:00Z,Wisconsin Badgers,Michigan State Spartans,lowvig,LowVig.ag,2026-09-28T16:55:49Z,spreads,2026-09-28T16:55:49Z,Michigan State Spartans,-106,10.5,20260928165602403570
NCAAF,americanfootball_ncaaf,575f5abb1af3a81091ac5a1cf1f5f927,2026-10-03T16:30:00Z,Wisconsin Badgers,Michigan State Spartans,lowvig,LowVig.ag,2026-09-28T16:55:49Z,spreads,2026-09-28T16:55:49Z,Wisconsin Badgers,-106,-10.5,20260928165602403570
NCAAF,americanfootball_ncaaf,575f5abb1af3a81091ac5a1cf1f5f927,2026-10-03T16:30:00Z,Wisconsin Badgers,Michigan State Spartans,lowvig,LowVig.ag,2026-09-28T16:55:49Z,totals,2026-09-28T16:55:49Z,Over,-108,43.0,20260928165602403570
NCAAF,americanfootball_ncaaf,575f5abb1af3a81091ac5a1cf1f5f927,2026-10-03T16:30:00Z,Wisconsin Badgers,Michigan State Spartans,lowvig,LowVig.ag,2026-09-28T16:55:49Z,totals,2026-09-28T16:55:49Z,Under,-108,43.0,20260928165602403570
NCAAF,americanfootball_ncaaf,575f5abb1af3a81091ac5a1cf1f5f927,2026-10-03T16:30:00Z,Wisconsin Badgers,Michigan State Spartans,mybookieag,MyBookie.ag,2026-09-28T16:55:48Z,h2h,2026-09-28T16:55:48Z,Michigan State Spartans,370,,20260928165602403570
NCAAF,americanfootball_ncaaf,575f5abb1af3a81091ac5a1cf1f5f927,2026-10-03T16:30:00Z,Wisconsin Badgers,Michigan State Spartans,mybookieag,MyBookie.ag,2026-09-28T16:55:48Z,h2h,2026-09-28T16:55:48Z,Wisconsin Badgers,-500,,20260928165602403570
NCAAF,americanfootball_ncaaf,575f5abb1af3a81091ac5a1cf1f5f927,2026-10-03T16:30:00Z,Wisconsin Badgers,Michigan State Spartans,mybookieag,MyBookie.ag,2026-09-28T16:55:48Z,spreads,2026-09-28T16:55:48Z,Michigan State Spartans,-110,10.5,20260928165602403570
NCAAF,americanfootball_ncaaf,575f5abb1af3a81091ac5a1cf1f5f927,2026-10-03T16:30:00Z,Wisconsin Badgers,Michigan State Spartans,mybookieag,MyBookie.ag,2026-09-28T16:55:48Z,spreads,2026-09-28T16:55:48Z,Wisconsin Badgers,-110,-10.5,20260928165602403570
NCAAF,americanfootball_ncaaf,575f5abb1af3a81091ac5a1cf1f5f927,2026-10-03T16:30:00Z,Wisconsin Badgers,Michigan State Spartans,mybookieag,MyBookie.ag,2026-09-28T16:55:48Z,totals,2026-09-28T16:55:48Z,Over,-110,44.0,20260928165602403570
NCAAF,americanfootball_ncaaf,575f5abb1af3a81091ac5a1cf1f5f927,2026-10-03T16:30:00Z,Wisconsin Badgers,Michigan State Spartans,mybookieag,MyBookie.ag,2026-09-28T16:55:48Z,totals,2026-09-28T16:55:48Z,Under,-110,44.0,20260928165602403570
NCAAF,americanfootball_ncaaf,575f5abb1af3a81091ac5a1cf1f5f927,2026-10-03T16:30:00Z,Wisconsin Badgers,Michigan State Spartans,betus,BetUS,2026-09-28T16:55:53Z,spreads,2026-09-28T16:55:52Z,Michigan State Spartans,-110,10.5,20260928165602403570
NCAAF,americanfootball_ncaaf,575f5abb1af3a81091ac5a1cf1f5f927,2026-10-03T16:30:00Z,Wisconsin Badgers,Michigan State Spartans,betus,BetUS,2026-09-28T16:55:53Z,spreads,2026-09-28T16:55:52Z,Wisconsin Badgers,-110,-10.5,20260928165602403570
NCAAF,americanfootball_ncaaf,575f5abb1af3a81091ac5a1cf1f5f927,2026-10-03T16:30:00Z,Wisconsin Badgers,Michigan State Spartans,betus,BetUS,2026-09-28T16:55:53Z,totals,2026-09-28T16:55:52Z,Over,-110,43.0,20260928165602403570
NCAAF,americanfootball_ncaaf,575f5abb1af3a81091ac5a1cf1f5f927,2026-10-03T16:30:00Z,Wisconsin Badgers,Michigan State Spartans,betus,BetUS,2026-09-28T16:55:53Z,totals,2026-09-28T16:55:52Z,Under,-110,43.0,20260928165602403570
NCAAF,americanfootball_ncaaf,575f5abb1af3a81091ac5a1cf1f5f927,2026-10-03T16:30:00Z,Wisconsin Badgers,Michigan State Spartans,betmgm,BetMGM,2026-09-28T16:54:38Z,h2h,2026-09-28T16:54:38Z,Michigan State Spartans,320,,20260928165602403570
NCAAF,americanfootball_ncaaf,575f5abb1af3a81091ac5a1cf1f5f927,2026-10-03T16:30:00Z,Wisconsin Badgers,Michigan State Spartans,betmgm,BetMGM,2026-09-28T16:54:38Z,h2h,2026-09-28T16:54:38Z,Wisconsin Badgers,-425,,20260928165602403570
NCAAF,americanfootball_ncaaf,575f5abb1af3a81091ac5a1cf1f5f927,2026-10-03T16:30:00Z,Wisconsin Badgers,Michigan State Spartans,betmgm,BetMGM,2026-09-28T16:54:38Z,spreads,2026-09-28T16:54:38Z,Michigan State Spartans,-110,10.5,20260928165602403570
NCAAF,americanfootball_ncaaf,575f5abb1af3a81091ac5a1cf1f5f927,2026-10-03T16:30:00Z,Wisconsin Badgers,Michigan State Spartans,betmgm,BetMGM,2026-09-28T16:54:38Z,spreads,2026-09-28T16:54:38Z,Wisconsin Badgers,-108,-10.5,20260928165602403570
NCAAF,americanfootball_ncaaf,575f5abb1af3a81091ac5a1cf1f5f927,2026-10-03T16:30:00Z,Wisconsin Badgers,Michigan State Spartans,betmgm,BetMGM,2026-09-28T16:54:38Z,totals,2026-09-28T16:54:38Z,Over,-108,43.5,20260928165602403570
NCAAF,americanfootball_ncaaf,575f5abb1af3a81091ac5a1cf1f5f927,2026-10-03T16:30:00Z,Wisconsin Badgers,Michigan State Spartans,betmgm,BetMGM,2026-09-28T16:54:38Z,totals,2026-09-28T16:54:38Z,Under,-110,43.5,20260928165602403570
NCAAF,americanfootball_ncaaf,575f5abb1af3a81091ac5a1cf1f5f927,2026-10-03T16:30:00Z,Wisconsin Badgers,Michigan State Spartans,bovada,Bovada,2026-09-28T16:54:58Z,h2h,2026-09-28T16:54:58Z,Michigan State Spartans,315,,20260928165602403570
NCAAF,americanfootball_ncaaf,575f5abb1af3a81091ac5a1cf1f5f927,2026-10-03T16:30:00Z,Wisconsin Badgers,Michigan State Spartans,bovada,Bovada,2026-09-28T16:54:58Z,h2h,2026-09-28T16:54:58Z,Wisconsin Badgers,-420,,20260928165602403570
NCAAF,americanfootball_ncaaf,575f5abb1af3a81091ac5a1cf1f5f927,2026-10-03T16:30:00Z,Wisconsin Badgers,Michigan State Spartans,bovada,Bovada,2026-09-28T16:54:58Z,spreads,2026-09-28T16:54:58Z,Michigan State Spartans,-115,10.5,20260928165602403570
NCAAF,americanfootball_ncaaf,575f5abb1af3a81091ac5a1cf1f5f927,2026-10-03T16:30:00Z,Wisconsin Badgers,Michigan State Spartans,bovada,Bovada,2026-09-28T16:54:58Z,spreads,2026-09-28T16:54:58Z,Wisconsin Badgers,-105,-10.5,20260928165602403570
NCAAF,americanfootball_ncaaf,575f5abb1af3a81091ac5a1cf1f5f927,2026-10-03T16:30:00Z,Wisconsin Badgers,Michigan State Spartans,bovada,Bovada,2026-09-28T16:54:58Z,totals,2026-09-28T16:54:58Z,Over,-110,43.5,20260928165602403570
NCAAF,americanfootball_ncaaf,575f5abb1af3a81091ac5a1cf1f5f927,2026-10-03T16:30:00Z,Wisconsin Badgers,Michigan State Spartans,bovada,Bovada,2026-09-28T16:54:58Z,totals,2026-09-28T16:54:58Z,Under,-110,43.5,20260928165602403570
NCAAF,americanfootball_ncaaf,46e1be6476ed577d1b5194b46b27c643,2026-10-03T16:45:00Z,Georgia Bulldogs,Vanderbilt Commodores,draftkings,DraftKings,2026-09-28T16:55:34Z,h2h,2026-09-28T16:55:34Z,Georgia Bulldogs,-2800,,20260928165602403570
NCAAF,americanfootball_ncaaf,46e1be6476ed577d1b5194b46b27c643,2026-10-03T16:45:00Z,Georgia Bulldogs,Vanderbilt Commodores,draftkings,DraftKings,2026-09-28T16:55:34Z,h2h,2026-09-28T16:55:34Z,Vanderbilt Commodores,1300,,20260928165602403570
NCAAF,americanfootball_ncaaf,46e1be6476ed577d1b5194b46b27c643,2026-10-03T16:45:00Z,Georgia Bulldogs,Vanderbilt Commodores,draftkings,DraftKings,2026-09-28T16:55:34Z,spreads,2026-09-28T16:55:34Z,Georgia Bulldogs,-108,-24.5,20260928165602403570
NCAAF,americanfootball_ncaaf,46e1be6476ed577d1b5194b46b27c643,2026-10-03T16:45:00Z,Georgia Bulldogs,Vanderbilt Commodores,draftkings,DraftKings,2026-09-28T16:55:34Z,spreads,2026-09-28T16:55:34Z,Vanderbilt Commodores,-112,24.5,20260928165602403570
NCAAF,americanfootball_ncaaf,46e1be6476ed577d1b5194b46b27c643,2026-10-03T16:45:00Z,Georgia Bulldogs,Vanderbilt Commodores,draftkings,DraftKings,2026-09-28T16:55:34Z,totals,2026-09-28T16:55:34Z,Over,-118,51.5,20260928165602403570
NCAAF,americanfootball_ncaaf,46e1be6476ed577d1b5194b46b27c643,2026-10-03T16:45:00Z,Georgia Bulldogs,Vanderbilt Commodores,draftkings,DraftKings,2026-09-28T16:55:34Z,totals,2026-09-28T16:55:34Z,Under,-102,51.5,20260928165602403570
NCAAF,americanfootball_ncaaf,46e1be6476ed577d1b5194b46b27c643,2026-10-03T16:45:00Z,Georgia Bulldogs,Vanderbilt Commodores,fanduel,FanDuel,2026-09-28T16:55:50Z,h2h,2026-09-28T16:55:49Z,Georgia Bulldogs,-4000,,20260928165602403570
NCAAF,americanfootball_ncaaf,46e1be6476ed577d1b5194b46b27c643,2026-10-03T16:45:00Z,Georgia Bulldogs,Vanderbilt Commodores,fanduel,FanDuel,2026-09-28T16:55:50Z,h2h,2026-09-28T16:55:49Z,Vanderbilt Commodores,1400,,20260928165602403570
NCAAF,americanfootball_ncaaf,46e1be6476ed577d1b5194b46b27c643,2026-10-03T16:45:00Z,Georgia Bulldogs,Vanderbilt Commodores,fanduel,FanDuel,2026-09-28T16:55:50Z,spreads,2026-09-28T16:55:49Z,Georgia Bulldogs,-110,-24.5,20260928165602403570
NCAAF,americanfootball_ncaaf,46e1be6476ed577d1b5194b46b27c643,2026-10-03T16:45:00Z,Georgia Bulldogs,Vanderbilt Commodores,fanduel,FanDuel,2026-09-28T16:55:50Z,spreads,2026-09-28T16:55:49Z,Vanderbilt Commodores,-112,24.5,20260928165602403570
NCAAF,americanfootball_ncaaf,46e1be6476ed577d1b5194b46b27c643,2026-10-03T16:45:00Z,Georgia Bulldogs,Vanderbilt Commodores,fanduel,FanDuel,2026-09-28T16:55:50Z,totals,2026-09-28T16:55:49Z,Over,-110,52.5,20260928165602403570
NCAAF,americanfootball_ncaaf,46e1be6476ed577d1b5194b46b27c643,2026-10-03T16:45:00Z,Georgia Bulldogs,Vanderbilt Commodores,fanduel,FanDuel,2026-09-28T16:55:50Z,totals,2026-09-28T16:55:49Z,Under,-110,52.5,20260928165602403570
NCAAF,americanfootball_ncaaf,46e1be6476ed577d1b5194b46b27c643,2026-10-03T16:45:00Z,Georgia Bulldogs,Vanderbilt Commodores,betrivers,BetRivers,2026-09-28T16:55:49Z,h2h,2026-09-28T16:55:49Z,Georgia Bulldogs,-10000,,20260928165602403570
NCAAF,americanfootball_ncaaf,46e1be6476ed577d1b5194b46b27c643,2026-10-03T16:45:00Z,Georgia Bulldogs,Vanderbilt Commodores,betrivers,BetRivers,2026-09-28T16:55:49Z,h2h,2026-09-28T16:55:49Z,Vanderbilt Commodores,1500,,20260928165602403570
NCAAF,americanfootball_ncaaf,46e1be6476ed577d1b5194b46b27c643,2026-10-03T16:45:00Z,Georgia Bulldogs,Vanderbilt Commodores,betrivers,BetRivers,2026-09-28T16:55:49Z,spreads,2026-09-28T16:55:49Z,Georgia Bulldogs,-112,-24.5,20260928165602403570
NCAAF,americanfootball_ncaaf,46e1be6476ed577d1b5194b46b27c643,2026-10-03T16:45:00Z,Georgia Bulldogs,Vanderbilt Commodores,betrivers,BetRivers,2026-09-28T16:55:49Z,spreads,2026-09-28T16:55:49Z,Vanderbilt Commodores,-112,24.5,20260928165602403570
NCAAF,americanfootball_ncaaf,46e1be6476ed577d1b5194b46b27c643,2026-10-03T16:45:00Z,Georgia Bulldogs,Vanderbilt Commodores,betrivers,BetRivers,2026-09-28T16:55:49Z,totals,2026-09-28T16:55:49Z,Over,-113,52.5,20260928165602403570
NCAAF,americanfootball_ncaaf,46e1be6476ed577d1b5194b46b27c643,2026-10-03T16:45:00Z,Georgia Bulldogs,Vanderbilt Commodores,betrivers,BetRivers,2026-09-28T16:55:49Z,totals,2026-09-28T16:55:49Z,Under,-110,52.5,20260928165602403570
NCAAF,americanfootball_ncaaf,46e1be6476ed577d1b5194b46b27c643,2026-10-03T16:45:00Z,Georgia Bulldogs,Vanderbilt Commodores,betonlineag,BetOnline.ag,2026-09-28T16:55:07Z,spreads,2026-09-28T16:55:07Z,Georgia Bulldogs,-105,-24.5,20260928165602403570
NCAAF,americanfootball_ncaaf,46e1be6476ed577d1b5194b46b27c643,2026-10-03T16:45:00Z,Georgia Bulldogs,Vanderbilt Commodores,betonlineag,BetOnline.ag,2026-09-28T16:55:07Z,spreads,2026-09-28T16:55:07Z,Vanderbilt Commodores,-115,24.5,20260928165602403570
NCAAF,americanfootball_ncaaf,46e1be6476ed577d1b5194b46b27c643,2026-10-03T16:45:00Z,Georgia Bulldogs,Vanderbilt Commodores,betonlineag,BetOnline.ag,2026-09-28T16:55:07Z,totals,2026-09-28T16:55:07Z,Over,-117,51.0,20260928165602403570
NCAAF,americanfootball_ncaaf,46e1be6476ed577d1b5194b46b27c643,2026-10-03T16:45:00Z,Georgia Bulldogs,Vanderbilt Commodores,betonlineag,BetOnline.ag,2026-09-28T16:55:07Z,totals,2026-09-28T16:55:07Z,Under,-103,51.0,20260928165602403570
NCAAF,americanfootball_ncaaf,46e1be6476ed577d1b5194b46b27c643,2026-10-03T16:45:00Z,Georgia Bulldogs,Vanderbilt Commodores,lowvig,LowVig.ag,2026-09-28T16:55:49Z,spreads,2026-09-28T16:55:49Z,Georgia Bulldogs,-101,-24.5,20260928165602403570
NCAAF,americanfootball_ncaaf,46e1be6476ed577d1b5194b46b27c643,2026-10-03T16:45:00Z,Georgia Bulldogs,Vanderbilt Commodores,lowvig,LowVig.ag,2026-09-28T16:55:49Z,spreads,2026-09-28T16:55:49Z,Vanderbilt Commodores,-111,24.5,20260928165602403570
NCAAF,americanfootball_ncaaf,46e1be6476ed577d1b5194b46b27c643,2026-10-03T16:45:00Z,Georgia Bulldogs,Vanderbilt Commodores,lowvig,LowVig.ag,2026-09-28T16:55:49Z,totals,2026-09-28T16:55:49Z,Over,-116,51.0,20260928165602403570
NCAAF,americanfootball_ncaaf,46e1be6476ed577d1b5194b46b27c643,2026-10-03T16:45:00Z,Georgia Bulldogs,Vanderbilt Commodores,lowvig,LowVig.ag,2026-09-28T16:55:49Z,totals,2026-09-28T16:55:49Z,Under,-101,51.0,20260928165602403570
NCAAF,americanfootball_ncaaf,46e1be6476ed577d1b5194b46b27c643,2026-10-03T16:45:00Z,Georgia Bulldogs,Vanderbilt Commodores,betmgm,BetMGM,2026-09-28T16:54:38Z,h2h,2026-09-28T16:54:38Z,Georgia Bulldogs,-2500,,20260928165602403570
NCAAF,americanfootball_ncaaf,46e1be6476ed577d1b5194b46b27c643,2026-10-03T16:45:00Z,Georgia Bulldogs,Vanderbilt Commodores,betmgm,BetMGM,2026-09-28T16:54:38Z,h2h,2026-09-28T16:54:38Z,Vanderbilt Commodores,1450,,20260928165602403570
NCAAF,americanfootball_ncaaf,46e1be6476ed577d1b5194b46b27c643,2026-10-03T16:45:00Z,Georgia Bulldogs,Vanderbilt Commodores,betmgm,BetMGM,2026-09-28T16:54:38Z,spreads,2026-09-28T16:54:38Z,Georgia Bulldogs,-105,-24.5,20260928165602403570
NCAAF,americanfootball_ncaaf,46e1be6476ed577d1b5194b46b27c643,2026-10-03T16:45:00Z,Georgia Bulldogs,Vanderbilt Commodores,betmgm,BetMGM,2026-09-28T16:54:38Z,spreads,2026-09-28T16:54:38Z,Vanderbilt Commodores,-112,24.5,20260928165602403570
NCAAF,americanfootball_ncaaf,46e1be6476ed577d1b5194b46b27c643,2026-10-03T16:45:00Z,Georgia Bulldogs,Vanderbilt Commodores,betmgm,BetMGM,2026-09-28T16:54:38Z,totals,2026-09-28T16:54:38Z,Over,-102,52.5,20260928165602403570
NCAAF,americanfootball_ncaaf,46e1be6476ed577d1b5194b46b27c643,2026-10-03T16:45:00Z,Georgia Bulldogs,Vanderbilt Commodores,betmgm,BetMGM,2026-09-28T16:54:38Z,totals,2026-09-28T16:54:38Z,Under,-118,52.5,20260928165602403570
NCAAF,americanfootball_ncaaf,46e1be6476ed577d1b5194b46b27c643,2026-10-03T16:45:00Z,Georgia Bulldogs,Vanderbilt Commodores,mybookieag,MyBookie.ag,2026-09-28T16:55:48Z,h2h,2026-09-28T16:55:48Z,Georgia Bulldogs,-3367,,20260928165602403570
NCAAF,americanfootball_ncaaf,46e1be6476ed577d1b5194b46b27c643,2026-10-03T16:45:00Z,Georgia Bulldogs,Vanderbilt Commodores,mybookieag,MyBookie.ag,2026-09-28T16:55:48Z,h2h,2026-09-28T16:55:48Z,Vanderbilt Commodores,1161,,20260928165602403570
NCAAF,americanfootball_ncaaf,46e1be6476ed577d1b5194b46b27c643,2026-10-03T16:45:00Z,Georgia Bulldogs,Vanderbilt Commodores,mybookieag,MyBookie.ag,2026-09-28T16:55:48Z,spreads,2026-09-28T16:55:48Z,Georgia Bulldogs,-110,-24.5,20260928165602403570
NCAAF,americanfootball_ncaaf,46e1be6476ed577d1b5194b46b27c643,2026-10-03T16:45:00Z,Georgia Bulldogs,Vanderbilt Commodores,mybookieag,MyBookie.ag,2026-09-28T16:55:48Z,spreads,2026-09-28T16:55:48Z,Vanderbilt Commodores,-110,24.5,20260928165602403570
NCAAF,americanfootball_ncaaf,46e1be6476ed577d1b5194b46b27c643,2026-10-03T16:45:00Z,Georgia Bulldogs,Vanderbilt Commodores,betus,BetUS,2026-09-28T16:55:53Z,spreads,2026-09-28T16:55:52Z,Georgia Bulldogs,-105,-24.5,20260928165602403570
NCAAF,americanfootball_ncaaf,46e1be6476ed577d1b5194b46b27c643,2026-10-03T16:45:00Z,Georgia Bulldogs,Vanderbilt Commodores,betus,BetUS,2026-09-28T16:55:53Z,spreads,2026-09-28T16:55:52Z,Vanderbilt Commodores,-115,24.5,20260928165602403570
NCAAF,americanfootball_ncaaf,46e1be6476ed577d1b5194b46b27c643,2026-10-03T16:45:00Z,Georgia Bulldogs,Vanderbilt Commodores,betus,BetUS,2026-09-28T16:55:53Z,totals,2026-09-28T16:55:52Z,Over,-110,52.5,20260928165602403570
NCAAF,americanfootball_ncaaf,46e1be6476ed577d1b5194b46b27c643,2026-10-03T16:45:00Z,Georgia Bulldogs,Vanderbilt Commodores,betus,BetUS,2026-09-28T16:55:53Z,totals,2026-09-28T16:55:52Z,Under,-110,52.5,20260928165602403570
NCAAF,americanfootball_ncaaf,46e1be6476ed577d1b5194b46b27c643,2026-10-03T16:45:00Z,Georgia Bulldogs,Vanderbilt Commodores,bovada,Bovada,2026-09-28T16:54:58Z,h2h,2026-09-28T16:54:58Z,Georgia Bulldogs,-2800,,20260928165602403570
NCAAF,americanfootball_ncaaf,46e1be6476ed577d1b5194b46b27c643,2026-10-03T16:45:00Z,Georgia Bulldogs,Vanderbilt Commodores,bovada,Bovada,2026-09-28T16:54:58Z,h2h,2026-09-28T16:54:58Z,Vanderbilt Commodores,1100,,20260928165602403570
NCAAF,americanfootball_ncaaf,46e1be6476ed577d1b5194b46b27c643,2026-10-03T16:45:00Z,Georgia Bulldogs,Vanderbilt Commodores,bovada,Bovada,2026-09-28T16:54:58Z,spreads,2026-09-28T16:54:58Z,Georgia Bulldogs,-105,-24.0,20260928165602403570
NCAAF,americanfootball_ncaaf,46e1be6476ed577d1b5194b46b27c643,2026-10-03T16:45:00Z,Georgia Bulldogs,Vanderbilt Commodores,bovada,Bovada,2026-09-28T16:54:58Z,spreads,2026-09-28T16:54:58Z,Vanderbilt Commodores,-115,24.0,20260928165602403570
NCAAF,americanfootball_ncaaf,46e1be6476ed577d1b5194b46b27c643,2026-10-03T16:45:00Z,Georgia Bulldogs,Vanderbilt Commodores,bovada,Bovada,2026-09-28T16:54:58Z,totals,2026-09-28T16:54:58Z,Over,-110,52.0,20260928165602403570
NCAAF,americanfootball_ncaaf,46e1be6476ed577d1b5194b46b27c643,2026-10-03T16:45:00Z,Georgia Bulldogs,Vanderbilt Commodores,bovada,Bovada,2026-09-28T16:54:58Z,totals,2026-09-28T16:54:58Z,Under,-110,52.0,20260928165602403570
NCAAF,americanfootball_ncaaf,031ad65ec032d459cda2cee30378e4a4,2026-10-03T17:00:00Z,Buffalo Bulls,Western Michigan Broncos,draftkings,DraftKings,2026-09-28T16:55:34Z,h2h,2026-09-28T16:55:34Z,Buffalo Bulls,440,,20260928165602403570
NCAAF,americanfootball_ncaaf,031ad65ec032d459cda2cee30378e4a4,2026-10-03T17:00:00Z,Buffalo Bulls,Western Michigan Broncos,draftkings,DraftKings,2026-09-28T16:55:34Z,h2h,2026-09-28T16:55:34Z,Western Michigan Broncos,-600,,20260928165602403570
NCAAF,americanfootball_ncaaf,031ad65ec032d459cda2cee30378e4a4,2026-10-03T17:00:00Z,Buffalo Bulls,Western Michigan Broncos,draftkings,DraftKings,2026-09-28T16:55:34Z,spreads,2026-09-28T16:55:34Z,Buffalo Bulls,-105,13.5,20260928165602403570
NCAAF,americanfootball_ncaaf,031ad65ec032d459cda2cee30378e4a4,2026-10-03T17:00:00Z,Buffalo Bulls,Western Michigan Broncos,draftkings,DraftKings,2026-09-28T16:55:34Z,spreads,2026-09-28T16:55:34Z,Western Michigan Broncos,-115,-13.5,20260928165602403570
NCAAF,americanfootball_ncaaf,031ad65ec032d459cda2cee30378e4a4,2026-10-03T17:00:00Z,Buffalo Bulls,Western Michigan Broncos,draftkings,DraftKings,2026-09-28T16:55:34Z,totals,2026-09-28T16:55:34Z,Over,-102,47.5,20260928165602403570
NCAAF,americanfootball_ncaaf,031ad65ec032d459cda2cee30378e4a4,2026-10-03T17:00:00Z,Buffalo Bulls,Western Michigan Broncos,draftkings,DraftKings,2026-09-28T16:55:34Z,totals,2026-09-28T16:55:34Z,Under,-118,47.5,20260928165602403570
NCAAF,americanfootball_ncaaf,031ad65ec032d459cda2cee30378e4a4,2026-10-03T17:00:00Z,Buffalo Bulls,Western Michigan Broncos,lowvig,LowVig.ag,2026-09-28T16:55:49Z,h2h,2026-09-28T16:55:49Z,Buffalo Bulls,446,,20260928165602403570
NCAAF,americanfootball_ncaaf,031ad65ec032d459cda2cee30378e4a4,2026-10-03T17:00:00Z,Buffalo Bulls,Western Michigan Broncos,lowvig,LowVig.ag,2026-09-28T16:55:49Z,h2h,2026-09-28T16:55:49Z,Western Michigan Broncos,-600,,20260928165602403570
NCAAF,americanfootball_ncaaf,031ad65ec032d459cda2cee30378e4a4,2026-10-03T17:00:00Z,Buffalo Bulls,Western Michigan Broncos,lowvig,LowVig.ag,2026-09-28T16:55:49Z,spreads,2026-09-28T16:55:49Z,Buffalo Bulls,-105,13.5,20260928165602403570
NCAAF,americanfootball_ncaaf,031ad65ec032d459cda2cee30378e4a4,2026-10-03T17:00:00Z,Buffalo Bulls,Western Michigan Broncos,lowvig,LowVig.ag,2026-09-28T16:55:49Z,spreads,2026-09-28T16:55:49Z,Western Michigan Broncos,-107,-13.5,20260928165602403570
NCAAF,americanfootball_ncaaf,031ad65ec032d459cda2cee30378e4a4,2026-10-03T17:00:00Z,Buffalo Bulls,Western Michigan Broncos,lowvig,LowVig.ag,2026-09-28T16:55:49Z,totals,2026-09-28T16:55:49Z,Over,-108,47.0,20260928165602403570
NCAAF,americanfootball_ncaaf,031ad65ec032d459cda2cee30378e4a4,2026-10-03T17:00:00Z,Buffalo Bulls,Western Michigan Broncos,lowvig,LowVig.ag,2026-09-28T16:55:49Z,totals,2026-09-28T16:55:49Z,Under,-108,47.0,20260928165602403570
NCAAF,americanfootball_ncaaf,031ad65ec032d459cda2cee30378e4a4,2026-10-03T17:00:00Z,Buffalo Bulls,Western Michigan Broncos,betonlineag,BetOnline.ag,2026-09-28T16:55:07Z,h2h,2026-09-28T16:55:07Z,Buffalo Bulls,446,,20260928165602403570
NCAAF,americanfootball_ncaaf,031ad65ec032d459cda2cee30378e4a4,2026-10-03T17:00:00Z,Buffalo Bulls,Western Michigan Broncos,betonlineag,BetOnline.ag,2026-09-28T16:55:07Z,h2h,2026-09-28T16:55:07Z,Western Michigan Broncos,-600,,20260928165602403570
NCAAF,americanfootball_ncaaf,031ad65ec032d459cda2cee30378e4a4,2026-10-03T17:00:00Z,Buffalo Bulls,Western Michigan Broncos,betonlineag,BetOnline.ag,2026-09-28T16:55:07Z,spreads,2026-09-28T16:55:07Z,Buffalo Bulls,-109,13.5,20260928165602403570
NCAAF,americanfootball_ncaaf,031ad65ec032d459cda2cee30378e4a4,2026-10-03T17:00:00Z,Buffalo Bulls,Western Michigan Broncos,betonlineag,BetOnline.ag,2026-09-28T16:55:07Z,spreads,2026-09-28T16:55:07Z,Western Michigan Broncos,-111,-13.5,20260928165602403570
NCAAF,americanfootball_ncaaf,031ad65ec032d459cda2cee30378e4a4,2026-10-03T17:00:00Z,Buffalo Bulls,Western Michigan Broncos,betonlineag,BetOnline.ag,2026-09-28T16:55:07Z,totals,2026-09-28T16:55:07Z,Over,-110,47.0,20260928165602403570
NCAAF,americanfootball_ncaaf,031ad65ec032d459cda2cee30378e4a4,2026-10-03T17:00:00Z,Buffalo Bulls,Western Michigan Broncos,betonlineag,BetOnline.ag,2026-09-28T16:55:07Z,totals,2026-09-28T16:55:07Z,Under,-110,47.0,20260928165602403570
NCAAF,americanfootball_ncaaf,031ad65ec032d459cda2cee30378e4a4,2026-10-03T17:00:00Z,Buffalo Bulls,Western Michigan Broncos,fanduel,FanDuel,2026-09-28T16:55:50Z,h2h,2026-09-28T16:55:49Z,Buffalo Bulls,480,,20260928165602403570
NCAAF,americanfootball_ncaaf,031ad65ec032d459cda2cee30378e4a4,2026-10-03T17:00:00Z,Buffalo Bulls,Western Michigan Broncos,fanduel,FanDuel,2026-09-28T16:55:50Z,h2h,2026-09-28T16:55:49Z,Western Michigan Broncos,-690,,20260928165602403570
NCAAF,americanfootball_ncaaf,031ad65ec032d459cda2cee30378e4a4,2026-10-03T17:00:00Z,Buffalo Bulls,Western Michigan Broncos,fanduel,FanDuel,2026-09-28T16:55:50Z,spreads,2026-09-28T16:55:49Z,Buffalo Bulls,-102,13.5,20260928165602403570
NCAAF,americanfootball_ncaaf,031ad65ec032d459cda2cee30378e4a4,2026-10-03T17:00:00Z,Buffalo Bulls,Western Michigan Broncos,fanduel,FanDuel,2026-09-28T16:55:50Z,spreads,2026-09-28T16:55:49Z,Western Michigan Broncos,-120,-13.5,20260928165602403570
NCAAF,americanfootball_ncaaf,031ad65ec032d459cda2cee30378e4a4,2026-10-03T17:00:00Z,Buffalo Bulls,Western Michigan Broncos,fanduel,FanDuel,2026-09-28T16:55:50Z,totals,2026-09-28T16:55:49Z,Over,-108,47.5,20260928165602403570
NCAAF,americanfootball_ncaaf,031ad65ec032d459cda2cee30378e4a4,2026-10-03T17:00:00Z,Buffalo Bulls,Western Michigan Broncos,fanduel,FanDuel,2026-09-28T16:55:50Z,totals,2026-09-28T16:55:49Z,Under,-112,47.5,20260928165602403570
NCAAF,americanfootball_ncaaf,031ad65ec032d459cda2cee30378e4a4,2026-10-03T17:00:00Z,Buffalo Bulls,Western Michigan Broncos,mybookieag,MyBookie.ag,2026-09-28T16:55:48Z,h2h,2026-09-28T16:55:48Z,Buffalo Bulls,460,,20260928165602403570
NCAAF,americanfootball_ncaaf,031ad65ec032d459cda2cee30378e4a4,2026-10-03T17:00:00Z,Buffalo Bulls,Western Michigan Broncos,mybookieag,MyBookie.ag,2026-09-28T16:55:48Z,h2h,2026-09-28T16:55:48Z,Western Michigan Broncos,-676,,20260928165602403570
NCAAF,americanfootball_ncaaf,031ad65ec032d459cda2cee30378e4a4,2026-10-03T17:00:00Z,Buffalo Bulls,Western Michigan Broncos,mybookieag,MyBookie.ag,2026-09-28T16:55:48Z,spreads,2026-09-28T16:55:48Z,Buffalo Bulls,-110,14.0,20260928165602403570
NCAAF,americanfootball_ncaaf,031ad65ec032d459cda2cee30378e4a4,2026-10-03T17:00:00Z,Buffalo Bulls,Western Michigan Broncos,mybookieag,MyBookie.ag,2026-09-28T16:55:48Z,spreads,2026-09-28T16:55:48Z,Western Michigan Broncos,-110,-14.0,20260928165602403570
NCAAF,americanfootball_ncaaf,031ad65ec032d459cda2cee30378e4a4,2026-10-03T17:00:00Z,Buffalo Bulls,Western Michigan Broncos,mybookieag,MyBookie.ag,2026-09-28T16:55:48Z,totals,2026-09-28T16:55:48Z,Over,-110,47.0,20260928165602403570
NCAAF,americanfootball_ncaaf,031ad65ec032d459cda2cee30378e4a4,2026-10-03T17:00:00Z,Buffalo Bulls,Western Michigan Broncos,mybookieag,MyBookie.ag,2026-09-28T16:55:48Z,totals,2026-09-28T16:55:48Z,Under,-110,47.0,20260928165602403570
NCAAF,americanfootball_ncaaf,031ad65ec032d459cda2cee30378e4a4,2026-10-03T17:00:00Z,Buffalo Bulls,Western Michigan Broncos,betus,BetUS,2026-09-28T16:55:53Z,spreads,2026-09-28T16:55:52Z,Buffalo Bulls,-110,13.5,20260928165602403570
NCAAF,americanfootball_ncaaf,031ad65ec032d459cda2cee30378e4a4,2026-10-03T17:00:00Z,Buffalo Bulls,Western Michigan Broncos,betus,BetUS,2026-09-28T16:55:53Z,spreads,2026-09-28T16:55:52Z,Western Michigan Broncos,-110,-13.5,20260928165602403570
NCAAF,americanfootball_ncaaf,031ad65ec032d459cda2cee30378e4a4,2026-10-03T17:00:00Z,Buffalo Bulls,Western Michigan Broncos,betus,BetUS,2026-09-28T16:55:53Z,totals,2026-09-28T16:55:52Z,Over,-110,47.0,20260928165602403570
NCAAF,americanfootball_ncaaf,031ad65ec032d459cda2cee30378e4a4,2026-10-03T17:00:00Z,Buffalo Bulls,Western Michigan Broncos,betus,BetUS,2026-09-28T16:55:53Z,totals,2026-09-28T16:55:52Z,Under,-110,47.0,20260928165602403570
NCAAF,americanfootball_ncaaf,031ad65ec032d459cda2cee30378e4a4,2026-10-03T17:00:00Z,Buffalo Bulls,Western Michigan Broncos,betmgm,BetMGM,2026-09-28T16:54:38Z,h2h,2026-09-28T16:54:38Z,Buffalo Bulls,475,,20260928165602403570
NCAAF,americanfootball_ncaaf,031ad65ec032d459cda2cee30378e4a4,2026-10-03T17:00:00Z,Buffalo Bulls,Western Michigan Broncos,betmgm,BetMGM,2026-09-28T16:54:38Z,h2h,2026-09-28T16:54:38Z,Western Michigan Broncos,-625,,20260928165602403570
NCAAF,americanfootball_ncaaf,031ad65ec032d459cda2cee30378e4a4,2026-10-03T17:00:00Z,Buffalo Bulls,Western Michigan Broncos,betmgm,BetMGM,2026-09-28T16:54:38Z,spreads,2026-09-28T16:54:38Z,Buffalo Bulls,-115,14.0,20260928165602403570
NCAAF,americanfootball_ncaaf,031ad65ec032d459cda2cee30378e4a4,2026-10-03T17:00:00Z,Buffalo Bulls,Western Michigan Broncos,betmgm,BetMGM,2026-09-28T16:54:38Z,spreads,2026-09-28T16:54:38Z,Western Michigan Broncos,-105,-14.0,20260928165602403570
NCAAF,americanfootball_ncaaf,031ad65ec032d459cda2cee30378e4a4,2026-10-03T17:00:00Z,Buffalo Bulls,Western Michigan Broncos,betmgm,BetMGM,2026-09-28T16:54:38Z,totals,2026-09-28T16:54:38Z,Over,-105,47.5,20260928165602403570
NCAAF,americanfootball_ncaaf,031ad65ec032d459cda2cee30378e4a4,2026-10-03T17:00:00Z,Buffalo Bulls,Western Michigan Broncos,betmgm,BetMGM,2026-09-28T16:54:38Z,totals,2026-09-28T16:54:38Z,Under,-112,47.5,20260928165602403570
NCAAF,americanfootball_ncaaf,031ad65ec032d459cda2cee30378e4a4,2026-10-03T17:00:00Z,Buffalo Bulls,Western Michigan Broncos,betrivers,BetRivers,2026-09-28T16:55:49Z,h2h,2026-09-28T16:55:49Z,Buffalo Bulls,510,,20260928165602403570
NCAAF,americanfootball_ncaaf,031ad65ec032d459cda2cee30378e4a4,2026-10-03T17:00:00Z,Buffalo Bulls,Western Michigan Broncos,betrivers,BetRivers,2026-09-28T16:55:49Z,h2h,2026-09-28T16:55:49Z,Western Michigan Broncos,-835,,20260928165602403570
NCAAF,americanfootball_ncaaf,031ad65ec032d459cda2cee30378e4a4,2026-10-03T17:00:00Z,Buffalo Bulls,Western Michigan Broncos,betrivers,BetRivers,2026-09-28T16:55:49Z,spreads,2026-09-28T16:55:49Z,Buffalo Bulls,-115,14.0,20260928165602403570
NCAAF,americanfootball_ncaaf,031ad65ec032d459cda2cee30378e4a4,2026-10-03T17:00:00Z,Buffalo Bulls,Western Michigan Broncos,betrivers,BetRivers,2026-09-28T16:55:49Z,spreads,2026-09-28T16:55:49Z,Western Michigan Broncos,-107,-14.0,20260928165602403570
NCAAF,americanfootball_ncaaf,031ad65ec032d459cda2cee30378e4a4,2026-10-03T17:00:00Z,Buffalo Bulls,Western Michigan Broncos,betrivers,BetRivers,2026-09-28T16:55:49Z,totals,2026-09-28T16:55:49Z,Over,-117,47.5,20260928165602403570
NCAAF,americanfootball_ncaaf,031ad65ec032d459cda2cee30378e4a4,2026-10-03T17:00:00Z,Buffalo Bulls,Western Michigan Broncos,betrivers,BetRivers,2026-09-28T16:55:49Z,totals,2026-09-28T16:55:49Z,Under,-110,47.5,20260928165602403570
NCAAF,americanfootball_ncaaf,031ad65ec032d459cda2cee30378e4a4,2026-10-03T17:00:00Z,Buffalo Bulls,Western Michigan Broncos,bovada,Bovada,2026-09-28T16:54:58Z,h2h,2026-09-28T16:54:58Z,Buffalo Bulls,425,,20260928165602403570
NCAAF,americanfootball_ncaaf,031ad65ec032d459cda2cee30378e4a4,2026-10-03T17:00:00Z,Buffalo Bulls,Western Michigan Broncos,bovada,Bovada,2026-09-28T16:54:58Z,h2h,2026-09-28T16:54:58Z,Western Michigan Broncos,-600,,20260928165602403570
NCAAF,americanfootball_ncaaf,031ad65ec032d459cda2cee30378e4a4,2026-10-03T17:00:00Z,Buffalo Bulls,Western Michigan Broncos,bovada,Bovada,2026-09-28T16:54:58Z,spreads,2026-09-28T16:54:58Z,Buffalo Bulls,-110,13.5,20260928165602403570
NCAAF,americanfootball_ncaaf,031ad65ec032d459cda2cee30378e4a4,2026-10-03T17:00:00Z,Buffalo Bulls,Western Michigan Broncos,bovada,Bovada,2026-09-28T16:54:58Z,spreads,2026-09-28T16:54:58Z,Western Michigan Broncos,-110,-13.5,20260928165602403570
NCAAF,americanfootball_ncaaf,031ad65ec032d459cda2cee30378e4a4,2026-10-03T17:00:00Z,Buffalo Bulls,Western Michigan Broncos,bovada,Bovada,2026-09-28T16:54:58Z,totals,2026-09-28T16:54:58Z,Over,-115,47.0,20260928165602403570
NCAAF,americanfootball_ncaaf,031ad65ec032d459cda2cee30378e4a4,2026-10-03T17:00:00Z,Buffalo Bulls,Western Michigan Broncos,bovada,Bovada,2026-09-28T16:54:58Z,totals,2026-09-28T16:54:58Z,Under,-105,47.0,20260928165602403570
NCAAF,americanfootball_ncaaf,c3437a49d4efdbca5669e7edfb5af569,2026-10-03T18:00:00Z,Ball State Cardinals,Toledo Rockets,fanduel,FanDuel,2026-09-28T16:55:50Z,h2h,2026-09-28T16:55:49Z,Ball State Cardinals,800,,20260928165602403570
NCAAF,americanfootball_ncaaf,c3437a49d4efdbca5669e7edfb5af569,2026-10-03T18:00:00Z,Ball State Cardinals,Toledo Rockets,fanduel,FanDuel,2026-09-28T16:55:50Z,h2h,2026-09-28T16:55:49Z,Toledo Rockets,-1400,,20260928165602403570
NCAAF,americanfootball_ncaaf,c3437a49d4efdbca5669e7edfb5af569,2026-10-03T18:00:00Z,Ball State Cardinals,Toledo Rockets,fanduel,FanDuel,2026-09-28T16:55:50Z,spreads,2026-09-28T16:55:49Z,Ball State Cardinals,-110,19.5,20260928165602403570
NCAAF,americanfootball_ncaaf,c3437a49d4efdbca5669e7edfb5af569,2026-10-03T18:00:00Z,Ball State Cardinals,Toledo Rockets,fanduel,FanDuel,2026-09-28T16:55:50Z,spreads,2026-09-28T16:55:49Z,Toledo Rockets,-110,-19.5,20260928165602403570
NCAAF,americanfootball_ncaaf,c3437a49d4efdbca5669e7edfb5af569,2026-10-03T18:00:00Z,Ball State Cardinals,Toledo Rockets,fanduel,FanDuel,2026-09-28T16:55:50Z,totals,2026-09-28T16:55:49Z,Over,-105,52.5,20260928165602403570
NCAAF,americanfootball_ncaaf,c3437a49d4efdbca5669e7edfb5af569,2026-10-03T18:00:00Z,Ball State Cardinals,Toledo Rockets,fanduel,FanDuel,2026-09-28T16:55:50Z,totals,2026-09-28T16:55:49Z,Under,-115,52.5,20260928165602403570
NCAAF,americanfootball_ncaaf,c3437a49d4efdbca5669e7edfb5af569,2026-10-03T18:00:00Z,Ball State Cardinals,Toledo Rockets,betrivers,BetRivers,2026-09-28T16:55:49Z,h2h,2026-09-28T16:55:49Z,Ball State Cardinals,900,,20260928165602403570
NCAAF,americanfootball_ncaaf,c3437a49d4efdbca5669e7edfb5af569,2026-10-03T18:00:00Z,Ball State Cardinals,Toledo Rockets,betrivers,BetRivers,2026-09-28T16:55:49Z,h2h,2026-09-28T16:55:49Z,Toledo Rockets,-2000,,20260928165602403570
NCAAF,americanfootball_ncaaf,c3437a49d4efdbca5669e7edfb5af569,2026-10-03T18:00:00Z,Ball State Cardinals,Toledo Rockets,betrivers,BetRivers,2026-09-28T16:55:49Z,spreads,2026-09-28T16:55:49Z,Ball State Cardinals,-108,19.5,20260928165602403570
NCAAF,americanfootball_ncaaf,c3437a49d4efdbca5669e7edfb5af569,2026-10-03T18:00:00Z,Ball State Cardinals,Toledo Rockets,betrivers,BetRivers,2026-09-28T16:55:49Z,spreads,2026-09-28T16:55:49Z,Toledo Rockets,-114,-19.5,20260928165602403570
NCAAF,americanfootball_ncaaf,c3437a49d4efdbca5669e7edfb5af569,2026-10-03T18:00:00Z,Ball State Cardinals,Toledo Rockets,betrivers,BetRivers,2026-09-28T16:55:49Z,totals,2026-09-28T16:55:49Z,Over,-115,51.5,20260928165602403570
NCAAF,americanfootball_ncaaf,c3437a49d4efdbca5669e7edfb5af569,2026-10-03T18:00:00Z,Ball State Cardinals,Toledo Rockets,betrivers,BetRivers,2026-09-28T16:55:49Z,totals,2026-09-28T16:55:49Z,Under,-112,51.5,20260928165602403570
NCAAF,americanfootball_ncaaf,c3437a49d4efdbca5669e7edfb5af569,2026-10-03T18:00:00Z,Ball State Cardinals,Toledo Rockets,draftkings,DraftKings,2026-09-28T16:55:34Z,h2h,2026-09-28T16:55:34Z,Ball State Cardinals,800,,20260928165602403570
NCAAF,americanfootball_ncaaf,c3437a49d4efdbca5669e7edfb5af569,2026-10-03T18:00:00Z,Ball State Cardinals,Toledo Rockets,draftkings,DraftKings,2026-09-28T16:55:34Z,h2h,2026-09-28T16:55:34Z,Toledo Rockets,-1350,,20260928165602403570
NCAAF,americanfootball_ncaaf,c3437a49d4efdbca5669e7edfb5af569,2026-10-03T18:00:00Z,Ball State Cardinals,Toledo Rockets,draftkings,DraftKings,2026-09-28T16:55:34Z,spreads,2026-09-28T16:55:34Z,Ball State Cardinals,-108,19.5,20260928165602403570
NCAAF,americanfootball_ncaaf,c3437a49d4efdbca5669e7edfb5af569,2026-10-03T18:00:00Z,Ball State Cardinals,Toledo Rockets,draftkings,DraftKings,2026-09-28T16:55:34Z,spreads,2026-09-28T16:55:34Z,Toledo Rockets,-112,-19.5,20260928165602403570
NCAAF,americanfootball_ncaaf,c3437a49d4efdbca5669e7edfb5af569,2026-10-03T18:00:00Z,Ball State Cardinals,Toledo Rockets,draftkings,DraftKings,2026-09-28T16:55:34Z,totals,2026-09-28T16:55:34Z,Over,-110,51.5,20260928165602403570
NCAAF,americanfootball_ncaaf,c3437a49d4efdbca5669e7edfb5af569,2026-10-03T18:00:00Z,Ball State Cardinals,Toledo Rockets,draftkings,DraftKings,2026-09-28T16:55:34Z,totals,2026-09-28T16:55:34Z,Under,-110,51.5,20260928165602403570
NCAAF,americanfootball_ncaaf,c3437a49d4efdbca5669e7edfb5af569,2026-10-03T18:00:00Z,Ball State Cardinals,Toledo Rockets,betonlineag,BetOnline.ag,2026-09-28T16:55:07Z,h2h,2026-09-28T16:55:07Z,Ball State Cardinals,795,,20260928165602403570
NCAAF,americanfootball_ncaaf,c3437a49d4efdbca5669e7edfb5af569,2026-10-03T18:00:00Z,Ball State Cardinals,Toledo Rockets,betonlineag,BetOnline.ag,2026-09-28T16:55:07Z,h2h,2026-09-28T16:55:07Z,Toledo Rockets,-1300,,20260928165602403570
NCAAF,americanfootball_ncaaf,c3437a49d4efdbca5669e7edfb5af569,2026-10-03T18:00:00Z,Ball State Cardinals,Toledo Rockets,betonlineag,BetOnline.ag,2026-09-28T16:55:07Z,spreads,2026-09-28T16:55:07Z,Ball State Cardinals,-105,19.0,20260928165602403570
NCAAF,americanfootball_ncaaf,c3437a49d4efdbca5669e7edfb5af569,2026-10-03T18:00:00Z,Ball State Cardinals,Toledo Rockets,betonlineag,BetOnline.ag,2026-09-28T16:55:07Z,spreads,2026-09-28T16:55:07Z,Toledo Rockets,-115,-19.0,20260928165602403570
NCAAF,americanfootball_ncaaf,c3437a49d4efdbca5669e7edfb5af569,2026-10-03T18:00:00Z,Ball State Cardinals,Toledo Rockets,betonlineag,BetOnline.ag,2026-09-28T16:55:07Z,totals,2026-09-28T16:55:07Z,Over,-115,51.5,20260928165602403570
NCAAF,americanfootball_ncaaf,c3437a49d4efdbca5669e7edfb5af569,2026-10-03T18:00:00Z,Ball State Cardinals,Toledo Rockets,betonlineag,BetOnline.ag,2026-09-28T16:55:07Z,totals,2026-09-28T16:55:07Z,Under,-105,51.5,20260928165602403570
NCAAF,americanfootball_ncaaf,c3437a49d4efdbca5669e7edfb5af569,2026-10-03T18:00:00Z,Ball State Cardinals,Toledo Rockets,lowvig,LowVig.ag,2026-09-28T16:55:49Z,h2h,2026-09-28T16:55:49Z,Ball State Cardinals,795,,20260928165602403570
NCAAF,americanfootball_ncaaf,c3437a49d4efdbca5669e7edfb5af569,2026-10-03T18:00:00Z,Ball State Cardinals,Toledo Rockets,lowvig,LowVig.ag,2026-09-28T16:55:49Z,h2h,2026-09-28T16:55:49Z,Toledo Rockets,-1300,,20260928165602403570
NCAAF,americanfootball_ncaaf,c3437a49d4efdbca5669e7edfb5af569,2026-10-03T18:00:00Z,Ball State Cardinals,Toledo Rockets,lowvig,LowVig.ag,2026-09-28T16:55:49Z,spreads,2026-09-28T16:55:49Z,Ball State Cardinals,-101,19.0,20260928165602403570
NCAAF,americanfootball_ncaaf,c3437a49d4efdbca5669e7edfb5af569,2026-10-03T18:00:00Z,Ball State Cardinals,Toledo Rockets,lowvig,LowVig.ag,2026-09-28T16:55:49Z,spreads,2026-09-28T16:55:49Z,Toledo Rockets,-111,-19.0,20260928165602403570
NCAAF,americanfootball_ncaaf,c3437a49d4efdbca5669e7edfb5af569,2026-10-03T18:00:00Z,Ball State Cardinals,Toledo Rockets,lowvig,LowVig.ag,2026-09-28T16:55:49Z,totals,2026-09-28T16:55:49Z,Over,-114,51.5,20260928165602403570
NCAAF,americanfootball_ncaaf,c3437a49d4efdbca5669e7edfb5af569,2026-10-03T18:00:00Z,Ball State Cardinals,Toledo Rockets,lowvig,LowVig.ag,2026-09-28T16:55:49Z,totals,2026-09-28T16:55:49Z,Under,-103,51.5,20260928165602403570
NCAAF,americanfootball_ncaaf,c3437a49d4efdbca5669e7edfb5af569,2026-10-03T18:00:00Z,Ball State Cardinals,Toledo Rockets,betmgm,BetMGM,2026-09-28T16:54:38Z,h2h,2026-09-28T16:54:38Z,Ball State Cardinals,825,,20260928165602403570
NCAAF,americanfootball_ncaaf,c3437a49d4efdbca5669e7edfb5af569,2026-10-03T18:00:00Z,Ball State Cardinals,Toledo Rockets,betmgm,BetMGM,2026-09-28T16:54:38Z,h2h,2026-09-28T16:54:38Z,Toledo Rockets,-1200,,20260928165602403570
NCAAF,americanfootball_ncaaf,c3437a49d4efdbca5669e7edfb5af569,2026-10-03T18:00:00Z,Ball State Cardinals,Toledo Rockets,betmgm,BetMGM,2026-09-28T16:54:38Z,spreads,2026-09-28T16:54:38Z,Ball State Cardinals,-110,19.5,20260928165602403570
NCAAF,americanfootball_ncaaf,c3437a49d4efdbca5669e7edfb5af569,2026-10-03T18:00:00Z,Ball State Cardinals,Toledo Rockets,betmgm,BetMGM,2026-09-28T16:54:38Z,spreads,2026-09-28T16:54:38Z,Toledo Rockets,-108,-19.5,20260928165602403570
NCAAF,americanfootball_ncaaf,c3437a49d4efdbca5669e7edfb5af569,2026-10-03T18:00:00Z,Ball State Cardinals,Toledo Rockets,betmgm,BetMGM,2026-09-28T16:54:38Z,totals,2026-09-28T16:54:38Z,Over,-115,51.5,20260928165602403570
NCAAF,americanfootball_ncaaf,c3437a49d4efdbca5669e7edfb5af569,2026-10-03T18:00:00Z,Ball State Cardinals,Toledo Rockets,betmgm,BetMGM,2026-09-28T16:54:38Z,totals,2026-09-28T16:54:38Z,Under,-105,51.5,20260928165602403570
NCAAF,americanfootball_ncaaf,c3437a49d4efdbca5669e7edfb5af569,2026-10-03T18:00:00Z,Ball State Cardinals,Toledo Rockets,mybookieag,MyBookie.ag,2026-09-28T16:55:48Z,h2h,2026-09-28T16:55:48Z,Ball State Cardinals,756,,20260928165602403570
NCAAF,americanfootball_ncaaf,c3437a49d4efdbca5669e7edfb5af569,2026-10-03T18:00:00Z,Ball State Cardinals,Toledo Rockets,mybookieag,MyBookie.ag,2026-09-28T16:55:48Z,h2h,2026-09-28T16:55:48Z,Toledo Rockets,-1384,,20260928165602403570
NCAAF,americanfootball_ncaaf,c3437a49d4efdbca5669e7edfb5af569,2026-10-03T18:00:00Z,Ball State Cardinals,Toledo Rockets,mybookieag,MyBookie.ag,2026-09-28T16:55:48Z,spreads,2026-09-28T16:55:48Z,Ball State Cardinals,-110,19.5,20260928165602403570
NCAAF,americanfootball_ncaaf,c3437a49d4efdbca5669e7edfb5af569,2026-10-03T18:00:00Z,Ball State Cardinals,Toledo Rockets,mybookieag,MyBookie.ag,2026-09-28T16:55:48Z,spreads,2026-09-28T16:55:48Z,Toledo Rockets,-110,-19.5,20260928165602403570
NCAAF,americanfootball_ncaaf,c3437a49d4efdbca5669e7edfb5af569,2026-10-03T18:00:00Z,Ball State Cardinals,Toledo Rockets,mybookieag,MyBookie.ag,2026-09-28T16:55:48Z,totals,2026-09-28T16:55:48Z,Over,-110,51.5,20260928165602403570
NCAAF,americanfootball_ncaaf,c3437a49d4efdbca5669e7edfb5af569,2026-10-03T18:00:00Z,Ball State Cardinals,Toledo Rockets,mybookieag,MyBookie.ag,2026-09-28T16:55:48Z,totals,2026-09-28T16:55:48Z,Under,-110,51.5,20260928165602403570
NCAAF,americanfootball_ncaaf,c3437a49d4efdbca5669e7edfb5af569,2026-10-03T18:00:00Z,Ball State Cardinals,Toledo Rockets,betus,BetUS,2026-09-28T16:55:53Z,spreads,2026-09-28T16:55:52Z,Ball State Cardinals,-110,19.5,20260928165602403570
NCAAF,americanfootball_ncaaf,c3437a49d4efdbca5669e7edfb5af569,2026-10-03T18:00:00Z,Ball State Cardinals,Toledo Rockets,betus,BetUS,2026-09-28T16:55:53Z,spreads,2026-09-28T16:55:52Z,Toledo Rockets,-110,-19.5,20260928165602403570
NCAAF,americanfootball_ncaaf,c3437a49d4efdbca5669e7edfb5af569,2026-10-03T18:00:00Z,Ball State Cardinals,Toledo Rockets,betus,BetUS,2026-09-28T16:55:53Z,totals,2026-09-28T16:55:52Z,Over,-110,52.0,20260928165602403570
NCAAF,americanfootball_ncaaf,c3437a49d4efdbca5669e7edfb5af569,2026-10-03T18:00:00Z,Ball State Cardinals,Toledo Rockets,betus,BetUS,2026-09-28T16:55:53Z,totals,2026-09-28T16:55:52Z,Under,-110,52.0,20260928165602403570
NCAAF,americanfootball_ncaaf,c3437a49d4efdbca5669e7edfb5af569,2026-10-03T18:00:00Z,Ball State Cardinals,Toledo Rockets,bovada,Bovada,2026-09-28T16:54:58Z,h2h,2026-09-28T16:54:58Z,Ball State Cardinals,725,,20260928165602403570
NCAAF,americanfootball_ncaaf,c3437a49d4efdbca5669e7edfb5af569,2026-10-03T18:00:00Z,Ball State Cardinals,Toledo Rockets,bovada,Bovada,2026-09-28T16:54:58Z,h2h,2026-09-28T16:54:58Z,Toledo Rockets,-1300,,20260928165602403570
NCAAF,americanfootball_ncaaf,c3437a49d4efdbca5669e7edfb5af569,2026-10-03T18:00:00Z,Ball State Cardinals,Toledo Rockets,bovada,Bovada,2026-09-28T16:54:58Z,spreads,2026-09-28T16:54:58Z,Ball State Cardinals,-110,19.0,20260928165602403570
NCAAF,americanfootball_ncaaf,c3437a49d4efdbca5669e7edfb5af569,2026-10-03T18:00:00Z,Ball State Cardinals,Toledo Rockets,bovada,Bovada,2026-09-28T16:54:58Z,spreads,2026-09-28T16:54:58Z,Toledo Rockets,-110,-19.0,20260928165602403570
NCAAF,americanfootball_ncaaf,c3437a49d4efdbca5669e7edfb5af569,2026-10-03T18:00:00Z,Ball State Cardinals,Toledo Rockets,bovada,Bovada,2026-09-28T16:54:58Z,totals,2026-09-28T16:54:58Z,Over,-110,51.5,20260928165602403570
NCAAF,americanfootball_ncaaf,c3437a49d4efdbca5669e7edfb5af569,2026-10-03T18:00:00Z,Ball State Cardinals,Toledo Rockets,bovada,Bovada,2026-09-28T16:54:58Z,totals,2026-09-28T16:54:58Z,Under,-110,51.5,20260928165602403570
NCAAF,americanfootball_ncaaf,afbc95d529430ef9797b428b2a9db1ab,2026-10-03T19:30:00Z,Central Michigan Chippewas,Akron Zips,fanduel,FanDuel,2026-09-28T16:55:50Z,h2h,2026-09-28T16:55:49Z,Akron Zips,190,,20260928165602403570
NCAAF,americanfootball_ncaaf,afbc95d529430ef9797b428b2a9db1ab,2026-10-03T19:30:00Z,Central Michigan Chippewas,Akron Zips,fanduel,FanDuel,2026-09-28T16:55:50Z,h2h,2026-09-28T16:55:49Z,Central Michigan Chippewas,-235,,20260928165602403570
NCAAF,americanfootball_ncaaf,afbc95d529430ef9797b428b2a9db1ab,2026-10-03T19:30:00Z,Central Michigan Chippewas,Akron Zips,fanduel,FanDuel,2026-09-28T16:55:50Z,spreads,2026-09-28T16:55:49Z,Akron Zips,-102,5.5,20260928165602403570
NCAAF,americanfootball_ncaaf,afbc95d529430ef9797b428b2a9db1ab,2026-10-03T19:30:00Z,Central Michigan Chippewas,Akron Zips,fanduel,FanDuel,2026-09-28T16:55:50Z,spreads,2026-09-28T16:55:49Z,Central Michigan Chippewas,-120,-5.5,20260928165602403570
NCAAF,americanfootball_ncaaf,afbc95d529430ef9797b428b2a9db1ab,2026-10-03T19:30:00Z,Central Michigan Chippewas,Akron Zips,fanduel,FanDuel,2026-09-28T16:55:50Z,totals,2026-09-28T16:55:49Z,Over,-114,46.5,20260928165602403570
NCAAF,americanfootball_ncaaf,afbc95d529430ef9797b428b2a9db1ab,2026-10-03T19:30:00Z,Central Michigan Chippewas,Akron Zips,fanduel,FanDuel,2026-09-28T16:55:50Z,totals,2026-09-28T16:55:49Z,Under,-106,46.5,20260928165602403570
NCAAF,americanfootball_ncaaf,afbc95d529430ef9797b428b2a9db1ab,2026-10-03T19:30:00Z,Central Michigan Chippewas,Akron Zips,betrivers,BetRivers,2026-09-28T16:55:49Z,h2h,2026-09-28T16:55:49Z,Akron Zips,175,,20260928165602403570
NCAAF,americanfootball_ncaaf,afbc95d529430ef9797b428b2a9db1ab,2026-10-03T19:30:00Z,Central Michigan Chippewas,Akron Zips,betrivers,BetRivers,2026-09-28T16:55:49Z,h2h,2026-09-28T16:55:49Z,Central Michigan Chippewas,-225,,20260928165602403570
NCAAF,americanfootball_ncaaf,afbc95d529430ef9797b428b2a9db1ab,2026-10-03T19:30:00Z,Central Michigan Chippewas,Akron Zips,betrivers,BetRivers,2026-09-28T16:55:49Z,spreads,2026-09-28T16:55:49Z,Akron Zips,-108,5.5,20260928165602403570
NCAAF,americanfootball_ncaaf,afbc95d529430ef9797b428b2a9db1ab,2026-10-03T19:30:00Z,Central Michigan Chippewas,Akron Zips,betrivers,BetRivers,2026-09-28T16:55:49Z,spreads,2026-09-28T16:55:49Z,Central Michigan Chippewas,-115,-5.5,20260928165602403570
NCAAF,americanfootball_ncaaf,afbc95d529430ef9797b428b2a9db1ab,2026-10-03T19:30:00Z,Central Michigan Chippewas,Akron Zips,betrivers,BetRivers,2026-09-28T16:55:49Z,totals,2026-09-28T16:55:49Z,Over,-113,47.5,20260928165602403570
NCAAF,americanfootball_ncaaf,afbc95d529430ef9797b428b2a9db1ab,2026-10-03T19:30:00Z,Central Michigan Chippewas,Akron Zips,betrivers,BetRivers,2026-09-28T16:55:49Z,totals,2026-09-28T16:55:49Z,Under,-114,47.5,20260928165602403570
NCAAF,americanfootball_ncaaf,afbc95d529430ef9797b428b2a9db1ab,2026-10-03T19:30:00Z,Central Michigan Chippewas,Akron Zips,draftkings,DraftKings,2026-09-28T16:55:34Z,h2h,2026-09-28T16:55:34Z,Akron Zips,185,,20260928165602403570
NCAAF,americanfootball_ncaaf,afbc95d529430ef9797b428b2a9db1ab,2026-10-03T19:30:00Z,Central Michigan Chippewas,Akron Zips,draftkings,DraftKings,2026-09-28T16:55:34Z,h2h,2026-09-28T16:55:34Z,Central Michigan Chippewas,-225,,20260928165602403570
NCAAF,americanfootball_ncaaf,afbc95d529430ef9797b428b2a9db1ab,2026-10-03T19:30:00Z,Central Michigan Chippewas,Akron Zips,draftkings,DraftKings,2026-09-28T16:55:34Z,spreads,2026-09-28T16:55:34Z,Akron Zips,-110,6.0,20260928165602403570
NCAAF,americanfootball_ncaaf,afbc95d529430ef9797b428b2a9db1ab,2026-10-03T19:30:00Z,Central Michigan Chippewas,Akron Zips,draftkings,DraftKings,2026-09-28T16:55:34Z,spreads,2026-09-28T16:55:34Z,Central Michigan Chippewas,-110,-6.0,20260928165602403570
NCAAF,americanfootball_ncaaf,afbc95d529430ef9797b428b2a9db1ab,2026-10-03T19:30:00Z,Central Michigan Chippewas,Akron Zips,draftkings,DraftKings,2026-09-28T16:55:34Z,totals,2026-09-28T16:55:34Z,Over,-102,47.5,20260928165602403570
NCAAF,americanfootball_ncaaf,afbc95d529430ef9797b428b2a9db1ab,2026-10-03T19:30:00Z,Central Michigan Chippewas,Akron Zips,draftkings,DraftKings,2026-09-28T16:55:34Z,totals,2026-09-28T16:55:34Z,Under,-118,47.5,20260928165602403570
NCAAF,americanfootball_ncaaf,afbc95d529430ef9797b428b2a9db1ab,2026-10-03T19:30:00Z,Central Michigan Chippewas,Akron Zips,lowvig,LowVig.ag,2026-09-28T16:55:49Z,h2h,2026-09-28T16:55:49Z,Akron Zips,195,,20260928165602403570
NCAAF,americanfootball_ncaaf,afbc95d529430ef9797b428b2a9db1ab,2026-10-03T19:30:00Z,Central Michigan Chippewas,Akron Zips,lowvig,LowVig.ag,2026-09-28T16:55:49Z,h2h,2026-09-28T16:55:49Z,Central Michigan Chippewas,-235,,20260928165602403570
NCAAF,americanfootball_ncaaf,afbc95d529430ef9797b428b2a9db1ab,2026-10-03T19:30:00Z,Central Michigan Chippewas,Akron Zips,lowvig,LowVig.ag,2026-09-28T16:55:49Z,spreads,2026-09-28T16:55:49Z,Akron Zips,-104,6.0,20260928165602403570
NCAAF,americanfootball_ncaaf,afbc95d529430ef9797b428b2a9db1ab,2026-10-03T19:30:00Z,Central Michigan Chippewas,Akron Zips,lowvig,LowVig.ag,2026-09-28T16:55:49Z,spreads,2026-09-28T16:55:49Z,Central Michigan Chippewas,-108,-6.0,20260928165602403570
NCAAF,americanfootball_ncaaf,afbc95d529430ef9797b428b2a9db1ab,2026-10-03T19:30:00Z,Central Michigan Chippewas,Akron Zips,lowvig,LowVig.ag,2026-09-28T16:55:49Z,totals,2026-09-28T16:55:49Z,Over,-103,47.0,20260928165602403570
NCAAF,americanfootball_ncaaf,afbc95d529430ef9797b428b2a9db1ab,2026-10-03T19:30:00Z,Central Michigan Chippewas,Akron Zips,lowvig,LowVig.ag,2026-09-28T16:55:49Z,totals,2026-09-28T16:55:49Z,Under,-114,47.0,20260928165602403570
NCAAF,americanfootball_ncaaf,afbc95d529430ef9797b428b2a9db1ab,2026-10-03T19:30:00Z,Central Michigan Chippewas,Akron Zips,betonlineag,BetOnline.ag,2026-09-28T16:55:07Z,h2h,2026-09-28T16:55:07Z,Akron Zips,195,,20260928165602403570
NCAAF,americanfootball_ncaaf,afbc95d529430ef9797b428b2a9db1ab,2026-10-03T19:30:00Z,Central Michigan Chippewas,Akron Zips,betonlineag,BetOnline.ag,2026-09-28T16:55:07Z,h2h,2026-09-28T16:55:07Z,Central Michigan Chippewas,-235,,20260928165602403570
NCAAF,americanfootball_ncaaf,afbc95d529430ef9797b428b2a9db1ab,2026-10-03T19:30:00Z,Central Michigan Chippewas,Akron Zips,betonlineag,BetOnline.ag,2026-09-28T16:55:07Z,spreads,2026-09-28T16:55:07Z,Akron Zips,-108,6.0,20260928165602403570
NCAAF,americanfootball_ncaaf,afbc95d529430ef9797b428b2a9db1ab,2026-10-03T19:30:00Z,Central Michigan Chippewas,Akron Zips,betonlineag,BetOnline.ag,2026-09-28T16:55:07Z,spreads,2026-09-28T16:55:07Z,Central Michigan Chippewas,-112,-6.0,20260928165602403570
NCAAF,americanfootball_ncaaf,afbc95d529430ef9797b428b2a9db1ab,2026-10-03T19:30:00Z,Central Michigan Chippewas,Akron Zips,betonlineag,BetOnline.ag,2026-09-28T16:55:07Z,totals,2026-09-28T16:55:07Z,Over,-105,47.0,20260928165602403570
NCAAF,americanfootball_ncaaf,afbc95d529430ef9797b428b2a9db1ab,2026-10-03T19:30:00Z,Central Michigan Chippewas,Akron Zips,betonlineag,BetOnline.ag,2026-09-28T16:55:07Z,totals,2026-09-28T16:55:07Z,Under,-115,47.0,20260928165602403570
NCAAF,americanfootball_ncaaf,afbc95d529430ef9797b428b2a9db1ab,2026-10-03T19:30:00Z,Central Michigan Chippewas,Akron Zips,mybookieag,MyBookie.ag,2026-09-28T16:55:48Z,h2h,2026-09-28T16:55:48Z,Akron Zips,197,,20260928165602403570
NCAAF,americanfootball_ncaaf,afbc95d529430ef9797b428b2a9db1ab,2026-10-03T19:30:00Z,Central Michigan Chippewas,Akron Zips,mybookieag,MyBookie.ag,2026-09-28T16:55:48Z,h2h,2026-09-28T16:55:48Z,Central Michigan Chippewas,-250,,20260928165602403570
NCAAF,americanfootball_ncaaf,afbc95d529430ef9797b428b2a9db1ab,2026-10-03T19:30:00Z,Central Michigan Chippewas,Akron Zips,mybookieag,MyBookie.ag,2026-09-28T16:55:48Z,spreads,2026-09-28T16:55:48Z,Akron Zips,-110,6.0,20260928165602403570
NCAAF,americanfootball_ncaaf,afbc95d529430ef9797b428b2a9db1ab,2026-10-03T19:30:00Z,Central Michigan Chippewas,Akron Zips,mybookieag,MyBookie.ag,2026-09-28T16:55:48Z,spreads,2026-09-28T16:55:48Z,Central Michigan Chippewas,-110,-6.0,20260928165602403570
NCAAF,americanfootball_ncaaf,afbc95d529430ef9797b428b2a9db1ab,2026-10-03T19:30:00Z,Central Michigan Chippewas,Akron Zips,mybookieag,MyBookie.ag,2026-09-28T16:55:48Z,totals,2026-09-28T16:55:48Z,Over,-110,47.0,20260928165602403570
NCAAF,americanfootball_ncaaf,afbc95d529430ef9797b428b2a9db1ab,2026-10-03T19:30:00Z,Central Michigan Chippewas,Akron Zips,mybookieag,MyBookie.ag,2026-09-28T16:55:48Z,totals,2026-09-28T16:55:48Z,Under,-110,47.0,20260928165602403570
NCAAF,americanfootball_ncaaf,afbc95d529430ef9797b428b2a9db1ab,2026-10-03T19:30:00Z,Central Michigan Chippewas,Akron Zips,betmgm,BetMGM,2026-09-28T16:54:38Z,h2h,2026-09-28T16:54:38Z,Akron Zips,190,,20260928165602403570
NCAAF,americanfootball_ncaaf,afbc95d529430ef9797b428b2a9db1ab,2026-10-03T19:30:00Z,Central Michigan Chippewas,Akron Zips,betmgm,BetMGM,2026-09-28T16:54:38Z,h2h,2026-09-28T16:54:38Z,Central Michigan Chippewas,-235,,20260928165602403570
NCAAF,americanfootball_ncaaf,afbc95d529430ef9797b428b2a9db1ab,2026-10-03T19:30:00Z,Central Michigan Chippewas,Akron Zips,betmgm,BetMGM,2026-09-28T16:54:38Z,spreads,2026-09-28T16:54:38Z,Akron Zips,-110,6.5,20260928165602403570
NCAAF,americanfootball_ncaaf,afbc95d529430ef9797b428b2a9db1ab,2026-10-03T19:30:00Z,Central Michigan Chippewas,Akron Zips,betmgm,BetMGM,2026-09-28T16:54:38Z,spreads,2026-09-28T16:54:38Z,Central Michigan Chippewas,-108,-6.5,20260928165602403570
NCAAF,americanfootball_ncaaf,afbc95d529430ef9797b428b2a9db1ab,2026-10-03T19:30:00Z,Central Michigan Chippewas,Akron Zips,betmgm,BetMGM,2026-09-28T16:54:38Z,totals,2026-09-28T16:54:38Z,Over,-115,46.5,20260928165602403570
NCAAF,americanfootball_ncaaf,afbc95d529430ef9797b428b2a9db1ab,2026-10-03T19:30:00Z,Central Michigan Chippewas,Akron Zips,betmgm,BetMGM,2026-09-28T16:54:38Z,totals,2026-09-28T16:54:38Z,Under,-105,46.5,20260928165602403570
NCAAF,americanfootball_ncaaf,afbc95d529430ef9797b428b2a9db1ab,2026-10-03T19:30:00Z,Central Michigan Chippewas,Akron Zips,betus,BetUS,2026-09-28T16:55:53Z,spreads,2026-09-28T16:55:52Z,Akron Zips,-110,6.0,20260928165602403570
NCAAF,americanfootball_ncaaf,afbc95d529430ef9797b428b2a9db1ab,2026-10-03T19:30:00Z,Central Michigan Chippewas,Akron Zips,betus,BetUS,2026-09-28T16:55:53Z,spreads,2026-09-28T16:55:52Z,Central Michigan Chippewas,-110,-6.0,20260928165602403570
NCAAF,americanfootball_ncaaf,afbc95d529430ef9797b428b2a9db1ab,2026-10-03T19:30:00Z,Central Michigan Chippewas,Akron Zips,betus,BetUS,2026-09-28T16:55:53Z,totals,2026-09-28T16:55:52Z,Over,-105,47.0,20260928165602403570
NCAAF,americanfootball_ncaaf,afbc95d529430ef9797b428b2a9db1ab,2026-10-03T19:30:00Z,Central Michigan Chippewas,Akron Zips,betus,BetUS,2026-09-28T16:55:53Z,totals,2026-09-28T16:55:52Z,Under,-115,47.0,20260928165602403570
NCAAF,americanfootball_ncaaf,afbc95d529430ef9797b428b2a9db1ab,2026-10-03T19:30:00Z,Central Michigan Chippewas,Akron Zips,bovada,Bovada,2026-09-28T16:54:58Z,h2h,2026-09-28T16:54:58Z,Akron Zips,190,,20260928165602403570
NCAAF,americanfootball_ncaaf,afbc95d529430ef9797b428b2a9db1ab,2026-10-03T19:30:00Z,Central Michigan Chippewas,Akron Zips,bovada,Bovada,2026-09-28T16:54:58Z,h2h,2026-09-28T16:54:58Z,Central Michigan Chippewas,-230,,20260928165602403570
NCAAF,americanfootball_ncaaf,afbc95d529430ef9797b428b2a9db1ab,2026-10-03T19:30:00Z,Central Michigan Chippewas,Akron Zips,bovada,Bovada,2026-09-28T16:54:58Z,spreads,2026-09-28T16:54:58Z,Akron Zips,-110,6.0,20260928165602403570
NCAAF,americanfootball_ncaaf,afbc95d529430ef9797b428b2a9db1ab,2026-10-03T19:30:00Z,Central Michigan Chippewas,Akron Zips,bovada,Bovada,2026-09-28T16:54:58Z,spreads,2026-09-28T16:54:58Z,Central Michigan Chippewas,-110,-6.0,20260928165602403570
NCAAF,americanfootball_ncaaf,afbc95d529430ef9797b428b2a9db1ab,2026-10-03T19:30:00Z,Central Michigan Chippewas,Akron Zips,bovada,Bovada,2026-09-28T16:54:58Z,totals,2026-09-28T16:54:58Z,Over,-110,47.0,20260928165602403570
NCAAF,americanfootball_ncaaf,afbc95d529430ef9797b428b2a9db1ab,2026-10-03T19:30:00Z,Central Michigan Chippewas,Akron Zips,bovada,Bovada,2026-09-28T16:54:58Z,totals,2026-09-28T16:54:58Z,Under,-110,47.0,20260928165602403570
NCAAF,americanfootball_ncaaf,f2defdeeb6cb3aa4a86b01a7a5b1ece4,2026-10-03T19:30:00Z,Tennessee Volunteers,Auburn Tigers,draftkings,DraftKings,2026-09-28T16:55:34Z,h2h,2026-09-28T16:55:34Z,Auburn Tigers,230,,20260928165602403570
NCAAF,americanfootball_ncaaf,f2defdeeb6cb3aa4a86b01a7a5b1ece4,2026-10-03T19:30:00Z,Tennessee Volunteers,Auburn Tigers,draftkings,DraftKings,2026-09-28T16:55:34Z,h2h,2026-09-28T16:55:34Z,Tennessee Volunteers,-285,,20260928165602403570
NCAAF,americanfootball_ncaaf,f2defdeeb6cb3aa4a86b01a7a5b1ece4,2026-10-03T19:30:00Z,Tennessee Volunteers,Auburn Tigers,draftkings,DraftKings,2026-09-28T16:55:34Z,spreads,2026-09-28T16:55:34Z,Auburn Tigers,-108,7.0,20260928165602403570
NCAAF,americanfootball_ncaaf,f2defdeeb6cb3aa4a86b01a7a5b1ece4,2026-10-03T19:30:00Z,Tennessee Volunteers,Auburn Tigers,draftkings,DraftKings,2026-09-28T16:55:34Z,spreads,2026-09-28T16:55:34Z,Tennessee Volunteers,-112,-7.0,20260928165602403570
NCAAF,americanfootball_ncaaf,f2defdeeb6cb3aa4a86b01a7a5b1ece4,2026-10-03T19:30:00Z,Tennessee Volunteers,Auburn Tigers,draftkings,DraftKings,2026-09-28T16:55:34Z,totals,2026-09-28T16:55:34Z,Over,-105,54.5,20260928165602403570
NCAAF,americanfootball_ncaaf,f2defdeeb6cb3aa4a86b01a7a5b1ece4,2026-10-03T19:30:00Z,Tennessee Volunteers,Auburn Tigers,draftkings,DraftKings,2026-09-28T16:55:34Z,totals,2026-09-28T16:55:34Z,Under,-115,54.5,20260928165602403570
NCAAF,americanfootball_ncaaf,f2defdeeb6cb3aa4a86b01a7a5b1ece4,2026-10-03T19:30:00Z,Tennessee Volunteers,Auburn Tigers,fanduel,FanDuel,2026-09-28T16:55:50Z,h2h,2026-09-28T16:55:49Z,Auburn Tigers,220,,20260928165602403570
NCAAF,americanfootball_ncaaf,f2defdeeb6cb3aa4a86b01a7a5b1ece4,2026-10-03T19:30:00Z,Tennessee Volunteers,Auburn Tigers,fanduel,FanDuel,2026-09-28T16:55:50Z,h2h,2026-09-28T16:55:49Z,Tennessee Volunteers,-275,,20260928165602403570
NCAAF,americanfootball_ncaaf,f2defdeeb6cb3aa4a86b01a7a5b1ece4,2026-10-03T19:30:00Z,Tennessee Volunteers,Auburn Tigers,fanduel,FanDuel,2026-09-28T16:55:50Z,spreads,2026-09-28T16:55:49Z,Auburn Tigers,102,6.5,20260928165602403570
NCAAF,americanfootball_ncaaf,f2defdeeb6cb3aa4a86b01a7a5b1ece4,2026-10-03T19:30:00Z,Tennessee Volunteers,Auburn Tigers,fanduel,FanDuel,2026-09-28T16:55:50Z,spreads,2026-09-28T16:55:49Z,Tennessee Volunteers,-124,-6.5,20260928165602403570
NCAAF,americanfootball_ncaaf,f2defdeeb6cb3aa4a86b01a7a5b1ece4,2026-10-03T19:30:00Z,Tennessee Volunteers,Auburn Tigers,fanduel,FanDuel,2026-09-28T16:55:50Z,totals,2026-09-28T16:55:49Z,Over,-114,54.5,20260928165602403570
NCAAF,americanfootball_ncaaf,f2defdeeb6cb3aa4a86b01a7a5b1ece4,2026-10-03T19:30:00Z,Tennessee Volunteers,Auburn Tigers,fanduel,FanDuel,2026-09-28T16:55:50Z,totals,2026-09-28T16:55:49Z,Under,-106,54.5,20260928165602403570
NCAAF,americanfootball_ncaaf,f2defdeeb6cb3aa4a86b01a7a5b1ece4,2026-10-03T19:30:00Z,Tennessee Volunteers,Auburn Tigers,betrivers,BetRivers,2026-09-28T16:55:49Z,h2h,2026-09-28T16:55:49Z,Auburn Tigers,220,,20260928165602403570
NCAAF,americanfootball_ncaaf,f2defdeeb6cb3aa4a86b01a7a5b1ece4,2026-10-03T19:30:00Z,Tennessee Volunteers,Auburn Tigers,betrivers,BetRivers,2026-09-28T16:55:49Z,h2h,2026-09-28T16:55:49Z,Tennessee Volunteers,-286,,20260928165602403570
NCAAF,americanfootball_ncaaf,f2defdeeb6cb3aa4a86b01a7a5b1ece4,2026-10-03T19:30:00Z,Tennessee Volunteers,Auburn Tigers,betrivers,BetRivers,2026-09-28T16:55:49Z,spreads,2026-09-28T16:55:49Z,Auburn Tigers,-108,7.0,20260928165602403570
NCAAF,americanfootball_ncaaf,f2defdeeb6cb3aa4a86b01a7a5b1ece4,2026-10-03T19:30:00Z,Tennessee Volunteers,Auburn Tigers,betrivers,BetRivers,2026-09-28T16:55:49Z,spreads,2026-09-28T16:55:49Z,Tennessee Volunteers,-115,-7.0,20260928165602403570
NCAAF,americanfootball_ncaaf,f2defdeeb6cb3aa4a86b01a7a5b1ece4,2026-10-03T19:30:00Z,Tennessee Volunteers,Auburn Tigers,betrivers,BetRivers,2026-09-28T16:55:49Z,totals,2026-09-28T16:55:49Z,Over,-114,54.5,20260928165602403570
NCAAF,americanfootball_ncaaf,f2defdeeb6cb3aa4a86b01a7a5b1ece4,2026-10-03T19:30:00Z,Tennessee Volunteers,Auburn Tigers,betrivers,BetRivers,2026-09-28T16:55:49Z,totals,2026-09-28T16:55:49Z,Under,-109,54.5,20260928165602403570
NCAAF,americanfootball_ncaaf,f2defdeeb6cb3aa4a86b01a7a5b1ece4,2026-10-03T19:30:00Z,Tennessee Volunteers,Auburn Tigers,lowvig,LowVig.ag,2026-09-28T16:55:49Z,h2h,2026-09-28T16:55:49Z,Auburn Tigers,234,,20260928165602403570
NCAAF,americanfootball_ncaaf,f2defdeeb6cb3aa4a86b01a7a5b1ece4,2026-10-03T19:30:00Z,Tennessee Volunteers,Auburn Tigers,lowvig,LowVig.ag,2026-09-28T16:55:49Z,h2h,2026-09-28T16:55:49Z,Tennessee Volunteers,-285,,20260928165602403570
NCAAF,americanfootball_ncaaf,f2defdeeb6cb3aa4a86b01a7a5b1ece4,2026-10-03T19:30:00Z,Tennessee Volunteers,Auburn Tigers,lowvig,LowVig.ag,2026-09-28T16:55:49Z,spreads,2026-09-28T16:55:49Z,Auburn Tigers,-101,7.0,20260928165602403570
NCAAF,americanfootball_ncaaf,f2defdeeb6cb3aa4a86b01a7a5b1ece4,2026-10-03T19:30:00Z,Tennessee Volunteers,Auburn Tigers,lowvig,LowVig.ag,2026-09-28T16:55:49Z,spreads,2026-09-28T16:55:49Z,Tennessee Volunteers,-111,-7.0,20260928165602403570
NCAAF,americanfootball_ncaaf,f2defdeeb6cb3aa4a86b01a7a5b1ece4,2026-10-03T19:30:00Z,Tennessee Volunteers,Auburn Tigers,lowvig,LowVig.ag,2026-09-28T16:55:49Z,totals,2026-09-28T16:55:49Z,Over,-108,54.0,20260928165602403570
NCAAF,americanfootball_ncaaf,f2defdeeb6cb3aa4a86b01a7a5b1ece4,2026-10-03T19:30:00Z,Tennessee Volunteers,Auburn Tigers,lowvig,LowVig.ag,2026-09-28T16:55:49Z,totals,2026-09-28T16:55:49Z,Under,-108,54.0,20260928165602403570
NCAAF,americanfootball_ncaaf,f2defdeeb6cb3aa4a86b01a7a5b1ece4,2026-10-03T19:30:00Z,Tennessee Volunteers,Auburn Tigers,betonlineag,BetOnline.ag,2026-09-28T16:55:07Z,h2h,2026-09-28T16:55:07Z,Auburn Tigers,234,,20260928165602403570
NCAAF,americanfootball_ncaaf,f2defdeeb6cb3aa4a86b01a7a5b1ece4,2026-10-03T19:30:00Z,Tennessee Volunteers,Auburn Tigers,betonlineag,BetOnline.ag,2026-09-28T16:55:07Z,h2h,2026-09-28T16:55:07Z,Tennessee Volunteers,-285,,20260928165602403570
NCAAF,americanfootball_ncaaf,f2defdeeb6cb3aa4a86b01a7a5b1ece4,2026-10-03T19:30:00Z,Tennessee Volunteers,Auburn Tigers,betonlineag,BetOnline.ag,2026-09-28T16:55:07Z,spreads,2026-09-28T16:55:07Z,Auburn Tigers,-105,7.0,20260928165602403570
NCAAF,americanfootball_ncaaf,f2defdeeb6cb3aa4a86b01a7a5b1ece4,2026-10-03T19:30:00Z,Tennessee Volunteers,Auburn Tigers,betonlineag,BetOnline.ag,2026-09-28T16:55:07Z,spreads,2026-09-28T16:55:07Z,Tennessee Volunteers,-115,-7.0,20260928165602403570
NCAAF,americanfootball_ncaaf,f2defdeeb6cb3aa4a86b01a7a5b1ece4,2026-10-03T19:30:00Z,Tennessee Volunteers,Auburn Tigers,betonlineag,BetOnline.ag,2026-09-28T16:55:07Z,totals,2026-09-28T16:55:07Z,Over,-110,54.0,20260928165602403570
NCAAF,americanfootball_ncaaf,f2defdeeb6cb3aa4a86b01a7a5b1ece4,2026-10-03T19:30:00Z,Tennessee Volunteers,Auburn Tigers,betonlineag,BetOnline.ag,2026-09-28T16:55:07Z,totals,2026-09-28T16:55:07Z,Under,-110,54.0,20260928165602403570
NCAAF,americanfootball_ncaaf,f2defdeeb6cb3aa4a86b01a7a5b1ece4,2026-10-03T19:30:00Z,Tennessee Volunteers,Auburn Tigers,mybookieag,MyBookie.ag,2026-09-28T16:55:48Z,h2h,2026-09-28T16:55:48Z,Auburn Tigers,228,,20260928165602403570
NCAAF,americanfootball_ncaaf,f2defdeeb6cb3aa4a86b01a7a5b1ece4,2026-10-03T19:30:00Z,Tennessee Volunteers,Auburn Tigers,mybookieag,MyBookie.ag,2026-09-28T16:55:48Z,h2h,2026-09-28T16:55:48Z,Tennessee Volunteers,-290,,20260928165602403570
NCAAF,americanfootball_ncaaf,f2defdeeb6cb3aa4a86b01a7a5b1ece4,2026-10-03T19:30:00Z,Tennessee Volunteers,Auburn Tigers,mybookieag,MyBookie.ag,2026-09-28T16:55:48Z,spreads,2026-09-28T16:55:48Z,Auburn Tigers,-110,7.0,20260928165602403570
NCAAF,americanfootball_ncaaf,f2defdeeb6cb3aa4a86b01a7a5b1ece4,2026-10-03T19:30:00Z,Tennessee Volunteers,Auburn Tigers,mybookieag,MyBookie.ag,2026-09-28T16:55:48Z,spreads,2026-09-28T16:55:48Z,Tennessee Volunteers,-110,-7.0,20260928165602403570
NCAAF,americanfootball_ncaaf,f2defdeeb6cb3aa4a86b01a7a5b1ece4,2026-10-03T19:30:00Z,Tennessee Volunteers,Auburn Tigers,mybookieag,MyBookie.ag,2026-09-28T16:55:48Z,totals,2026-09-28T16:55:48Z,Over,-110,54.5,20260928165602403570
NCAAF,americanfootball_ncaaf,f2defdeeb6cb3aa4a86b01a7a5b1ece4,2026-10-03T19:30:00Z,Tennessee Volunteers,Auburn Tigers,mybookieag,MyBookie.ag,2026-09-28T16:55:48Z,totals,2026-09-28T16:55:48Z,Under,-110,54.5,20260928165602403570
NCAAF,americanfootball_ncaaf,f2defdeeb6cb3aa4a86b01a7a5b1ece4,2026-10-03T19:30:00Z,Tennessee Volunteers,Auburn Tigers,betmgm,BetMGM,2026-09-28T16:54:38Z,h2h,2026-09-28T16:54:38Z,Auburn Tigers,230,,20260928165602403570
NCAAF,americanfootball_ncaaf,f2defdeeb6cb3aa4a86b01a7a5b1ece4,2026-10-03T19:30:00Z,Tennessee Volunteers,Auburn Tigers,betmgm,BetMGM,2026-09-28T16:54:38Z,h2h,2026-09-28T16:54:38Z,Tennessee Volunteers,-285,,20260928165602403570
NCAAF,americanfootball_ncaaf,f2defdeeb6cb3aa4a86b01a7a5b1ece4,2026-10-03T19:30:00Z,Tennessee Volunteers,Auburn Tigers,betmgm,BetMGM,2026-09-28T16:54:38Z,spreads,2026-09-28T16:54:38Z,Auburn Tigers,-108,7.0,20260928165602403570
NCAAF,americanfootball_ncaaf,f2defdeeb6cb3aa4a86b01a7a5b1ece4,2026-10-03T19:30:00Z,Tennessee Volunteers,Auburn Tigers,betmgm,BetMGM,2026-09-28T16:54:38Z,spreads,2026-09-28T16:54:38Z,Tennessee Volunteers,-110,-7.0,20260928165602403570
NCAAF,americanfootball_ncaaf,f2defdeeb6cb3aa4a86b01a7a5b1ece4,2026-10-03T19:30:00Z,Tennessee Volunteers,Auburn Tigers,betmgm,BetMGM,2026-09-28T16:54:38Z,totals,2026-09-28T16:54:38Z,Over,-108,54.5,20260928165602403570
NCAAF,americanfootball_ncaaf,f2defdeeb6cb3aa4a86b01a7a5b1ece4,2026-10-03T19:30:00Z,Tennessee Volunteers,Auburn Tigers,betmgm,BetMGM,2026-09-28T16:54:38Z,totals,2026-09-28T16:54:38Z,Under,-110,54.5,20260928165602403570
NCAAF,americanfootball_ncaaf,f2defdeeb6cb3aa4a86b01a7a5b1ece4,2026-10-03T19:30:00Z,Tennessee Volunteers,Auburn Tigers,betus,BetUS,2026-09-28T16:55:53Z,spreads,2026-09-28T16:55:52Z,Auburn Tigers,-105,7.0,20260928165602403570
NCAAF,americanfootball_ncaaf,f2defdeeb6cb3aa4a86b01a7a5b1ece4,2026-10-03T19:30:00Z,Tennessee Volunteers,Auburn Tigers,betus,BetUS,2026-09-28T16:55:53Z,spreads,2026-09-28T16:55:52Z,Tennessee Volunteers,-115,-7.0,20260928165602403570
NCAAF,americanfootball_ncaaf,f2defdeeb6cb3aa4a86b01a7a5b1ece4,2026-10-03T19:30:00Z,Tennessee Volunteers,Auburn Tigers,betus,BetUS,2026-09-28T16:55:53Z,totals,2026-09-28T16:55:52Z,Over,-110,54.0,20260928165602403570
NCAAF,americanfootball_ncaaf,f2defdeeb6cb3aa4a86b01a7a5b1ece4,2026-10-03T19:30:00Z,Tennessee Volunteers,Auburn Tigers,betus,BetUS,2026-09-28T16:55:53Z,totals,2026-09-28T16:55:52Z,Under,-110,54.0,20260928165602403570
NCAAF,americanfootball_ncaaf,f2defdeeb6cb3aa4a86b01a7a5b1ece4,2026-10-03T19:30:00Z,Tennessee Volunteers,Auburn Tigers,bovada,Bovada,2026-09-28T16:54:58Z,h2h,2026-09-28T16:54:58Z,Auburn Tigers,235,,20260928165602403570
NCAAF,americanfootball_ncaaf,f2defdeeb6cb3aa4a86b01a7a5b1ece4,2026-10-03T19:30:00Z,Tennessee Volunteers,Auburn Tigers,bovada,Bovada,2026-09-28T16:54:58Z,h2h,2026-09-28T16:54:58Z,Tennessee Volunteers,-285,,20260928165602403570
NCAAF,americanfootball_ncaaf,f2defdeeb6cb3aa4a86b01a7a5b1ece4,2026-10-03T19:30:00Z,Tennessee Volunteers,Auburn Tigers,bovada,Bovada,2026-09-28T16:54:58Z,spreads,2026-09-28T16:54:58Z,Auburn Tigers,-105,7.0,20260928165602403570
NCAAF,americanfootball_ncaaf,f2defdeeb6cb3aa4a86b01a7a5b1ece4,2026-10-03T19:30:00Z,Tennessee Volunteers,Auburn Tigers,bovada,Bovada,2026-09-28T16:54:58Z,spreads,2026-09-28T16:54:58Z,Tennessee Volunteers,-115,-7.0,20260928165602403570
NCAAF,americanfootball_ncaaf,f2defdeeb6cb3aa4a86b01a7a5b1ece4,2026-10-03T19:30:00Z,Tennessee Volunteers,Auburn Tigers,bovada,Bovada,2026-09-28T16:54:58Z,totals,2026-09-28T16:54:58Z,Over,-110,54.0,20260928165602403570
NCAAF,americanfootball_ncaaf,f2defdeeb6cb3aa4a86b01a7a5b1ece4,2026-10-03T19:30:00Z,Tennessee Volunteers,Auburn Tigers,bovada,Bovada,2026-09-28T16:54:58Z,totals,2026-09-28T16:54:58Z,Under,-110,54.0,20260928165602403570
NCAAF,americanfootball_ncaaf,766a0470521ac4a0fad476df45c1438b,2026-10-03T19:30:00Z,Miami (OH) RedHawks,Bowling Green Falcons,draftkings,DraftKings,2026-09-28T16:55:34Z,h2h,2026-09-28T16:55:34Z,Bowling Green Falcons,410,,20260928165602403570
NCAAF,americanfootball_ncaaf,766a0470521ac4a0fad476df45c1438b,2026-10-03T19:30:00Z,Miami (OH) RedHawks,Bowling Green Falcons,draftkings,DraftKings,2026-09-28T16:55:34Z,h2h,2026-09-28T16:55:34Z,Miami (OH) RedHawks,-550,,20260928165602403570
NCAAF,americanfootball_ncaaf,766a0470521ac4a0fad476df45c1438b,2026-10-03T19:30:00Z,Miami (OH) RedHawks,Bowling Green Falcons,draftkings,DraftKings,2026-09-28T16:55:34Z,spreads,2026-09-28T16:55:34Z,Bowling Green Falcons,-110,13.5,20260928165602403570
NCAAF,americanfootball_ncaaf,766a0470521ac4a0fad476df45c1438b,2026-10-03T19:30:00Z,Miami (OH) RedHawks,Bowling Green Falcons,draftkings,DraftKings,2026-09-28T16:55:34Z,spreads,2026-09-28T16:55:34Z,Miami (OH) RedHawks,-110,-13.5,20260928165602403570
NCAAF,americanfootball_ncaaf,766a0470521ac4a0fad476df45c1438b,2026-10-03T19:30:00Z,Miami (OH) RedHawks,Bowling Green Falcons,draftkings,DraftKings,2026-09-28T16:55:34Z,totals,2026-09-28T16:55:34Z,Over,-112,42.5,20260928165602403570
NCAAF,americanfootball_ncaaf,766a0470521ac4a0fad476df45c1438b,2026-10-03T19:30:00Z,Miami (OH) RedHawks,Bowling Green Falcons,draftkings,DraftKings,2026-09-28T16:55:34Z,totals,2026-09-28T16:55:34Z,Under,-108,42.5,20260928165602403570
NCAAF,americanfootball_ncaaf,766a0470521ac4a0fad476df45c1438b,2026-10-03T19:30:00Z,Miami (OH) RedHawks,Bowling Green Falcons,betonlineag,BetOnline.ag,2026-09-28T16:55:07Z,h2h,2026-09-28T16:55:07Z,Bowling Green Falcons,431,,20260928165602403570
NCAAF,americanfootball_ncaaf,766a0470521ac4a0fad476df45c1438b,2026-10-03T19:30:00Z,Miami (OH) RedHawks,Bowling Green Falcons,betonlineag,BetOnline.ag,2026-09-28T16:55:07Z,h2h,2026-09-28T16:55:07Z,Miami (OH) RedHawks,-575,,20260928165602403570
NCAAF,americanfootball_ncaaf,766a0470521ac4a0fad476df45c1438b,2026-10-03T19:30:00Z,Miami (OH) RedHawks,Bowling Green Falcons,betonlineag,BetOnline.ag,2026-09-28T16:55:07Z,spreads,2026-09-28T16:55:07Z,Bowling Green Falcons,-110,13.0,20260928165602403570
NCAAF,americanfootball_ncaaf,766a0470521ac4a0fad476df45c1438b,2026-10-03T19:30:00Z,Miami (OH) RedHawks,Bowling Green Falcons,betonlineag,BetOnline.ag,2026-09-28T16:55:07Z,spreads,2026-09-28T16:55:07Z,Miami (OH) RedHawks,-110,-13.0,20260928165602403570
NCAAF,americanfootball_ncaaf,766a0470521ac4a0fad476df45c1438b,2026-10-03T19:30:00Z,Miami (OH) RedHawks,Bowling Green Falcons,betonlineag,BetOnline.ag,2026-09-28T16:55:07Z,totals,2026-09-28T16:55:07Z,Over,-110,42.5,20260928165602403570
NCAAF,americanfootball_ncaaf,766a0470521ac4a0fad476df45c1438b,2026-10-03T19:30:00Z,Miami (OH) RedHawks,Bowling Green Falcons,betonlineag,BetOnline.ag,2026-09-28T16:55:07Z,totals,2026-09-28T16:55:07Z,Under,-110,42.5,20260928165602403570
NCAAF,americanfootball_ncaaf,766a0470521ac4a0fad476df45c1438b,2026-10-03T19:30:00Z,Miami (OH) RedHawks,Bowling Green Falcons,lowvig,LowVig.ag,2026-09-28T16:55:49Z,h2h,2026-09-28T16:55:49Z,Bowling Green Falcons,431,,20260928165602403570
NCAAF,americanfootball_ncaaf,766a0470521ac4a0fad476df45c1438b,2026-10-03T19:30:00Z,Miami (OH) RedHawks,Bowling Green Falcons,lowvig,LowVig.ag,2026-09-28T16:55:49Z,h2h,2026-09-28T16:55:49Z,Miami (OH) RedHawks,-575,,20260928165602403570
NCAAF,americanfootball_ncaaf,766a0470521ac4a0fad476df45c1438b,2026-10-03T19:30:00Z,Miami (OH) RedHawks,Bowling Green Falcons,lowvig,LowVig.ag,2026-09-28T16:55:49Z,spreads,2026-09-28T16:55:49Z,Bowling Green Falcons,-106,13.0,20260928165602403570
NCAAF,americanfootball_ncaaf,766a0470521ac4a0fad476df45c1438b,2026-10-03T19:30:00Z,Miami (OH) RedHawks,Bowling Green Falcons,lowvig,LowVig.ag,2026-09-28T16:55:49Z,spreads,2026-09-28T16:55:49Z,Miami (OH) RedHawks,-106,-13.0,20260928165602403570
NCAAF,americanfootball_ncaaf,766a0470521ac4a0fad476df45c1438b,2026-10-03T19:30:00Z,Miami (OH) RedHawks,Bowling Green Falcons,lowvig,LowVig.ag,2026-09-28T16:55:49Z,totals,2026-09-28T16:55:49Z,Over,-108,42.5,20260928165602403570
NCAAF,americanfootball_ncaaf,766a0470521ac4a0fad476df45c1438b,2026-10-03T19:30:00Z,Miami (OH) RedHawks,Bowling Green Falcons,lowvig,LowVig.ag,2026-09-28T16:55:49Z,totals,2026-09-28T16:55:49Z,Under,-108,42.5,20260928165602403570
NCAAF,americanfootball_ncaaf,766a0470521ac4a0fad476df45c1438b,2026-10-03T19:30:00Z,Miami (OH) RedHawks,Bowling Green Falcons,fanduel,FanDuel,2026-09-28T16:55:50Z,h2h,2026-09-28T16:55:49Z,Bowling Green Falcons,390,,20260928165602403570
NCAAF,americanfootball_ncaaf,766a0470521ac4a0fad476df45c1438b,2026-10-03T19:30:00Z,Miami (OH) RedHawks,Bowling Green Falcons,fanduel,FanDuel,2026-09-28T16:55:50Z,h2h,2026-09-28T16:55:49Z,Miami (OH) RedHawks,-530,,20260928165602403570
NCAAF,americanfootball_ncaaf,766a0470521ac4a0fad476df45c1438b,2026-10-03T19:30:00Z,Miami (OH) RedHawks,Bowling Green Falcons,fanduel,FanDuel,2026-09-28T16:55:50Z,spreads,2026-09-28T16:55:49Z,Bowling Green Falcons,-115,13.5,20260928165602403570
NCAAF,americanfootball_ncaaf,766a0470521ac4a0fad476df45c1438b,2026-10-03T19:30:00Z,Miami (OH) RedHawks,Bowling Green Falcons,fanduel,FanDuel,2026-09-28T16:55:50Z,spreads,2026-09-28T16:55:49Z,Miami (OH) RedHawks,-105,-13.5,20260928165602403570
NCAAF,americanfootball_ncaaf,766a0470521ac4a0fad476df45c1438b,2026-10-03T19:30:00Z,Miami (OH) RedHawks,Bowling Green Falcons,fanduel,FanDuel,2026-09-28T16:55:50Z,totals,2026-09-28T16:55:49Z,Over,-114,43.5,20260928165602403570
NCAAF,americanfootball_ncaaf,766a0470521ac4a0fad476df45c1438b,2026-10-03T19:30:00Z,Miami (OH) RedHawks,Bowling Green Falcons,fanduel,FanDuel,2026-09-28T16:55:50Z,totals,2026-09-28T16:55:49Z,Under,-106,43.5,20260928165602403570
NCAAF,americanfootball_ncaaf,766a0470521ac4a0fad476df45c1438b,2026-10-03T19:30:00Z,Miami (OH) RedHawks,Bowling Green Falcons,mybookieag,MyBookie.ag,2026-09-28T16:55:48Z,h2h,2026-09-28T16:55:48Z,Bowling Green Falcons,440,,20260928165602403570
NCAAF,americanfootball_ncaaf,766a0470521ac4a0fad476df45c1438b,2026-10-03T19:30:00Z,Miami (OH) RedHawks,Bowling Green Falcons,mybookieag,MyBookie.ag,2026-09-28T16:55:48Z,h2h,2026-09-28T16:55:48Z,Miami (OH) RedHawks,-649,,20260928165602403570
NCAAF,americanfootball_ncaaf,766a0470521ac4a0fad476df45c1438b,2026-10-03T19:30:00Z,Miami (OH) RedHawks,Bowling Green Falcons,mybookieag,MyBookie.ag,2026-09-28T16:55:48Z,spreads,2026-09-28T16:55:48Z,Bowling Green Falcons,-110,13.5,20260928165602403570
NCAAF,americanfootball_ncaaf,766a0470521ac4a0fad476df45c1438b,2026-10-03T19:30:00Z,Miami (OH) RedHawks,Bowling Green Falcons,mybookieag,MyBookie.ag,2026-09-28T16:55:48Z,spreads,2026-09-28T16:55:48Z,Miami (OH) RedHawks,-110,-13.5,20260928165602403570
NCAAF,americanfootball_ncaaf,766a0470521ac4a0fad476df45c1438b,2026-10-03T19:30:00Z,Miami (OH) RedHawks,Bowling Green Falcons,mybookieag,MyBookie.ag,2026-09-28T16:55:48Z,totals,2026-09-28T16:55:48Z,Over,-110,43.0,20260928165602403570
NCAAF,americanfootball_ncaaf,766a0470521ac4a0fad476df45c1438b,2026-10-03T19:30:00Z,Miami (OH) RedHawks,Bowling Green Falcons,mybookieag,MyBookie.ag,2026-09-28T16:55:48Z,totals,2026-09-28T16:55:48Z,Under,-110,43.0,20260928165602403570
NCAAF,americanfootball_ncaaf,766a0470521ac4a0fad476df45c1438b,2026-10-03T19:30:00Z,Miami (OH) RedHawks,Bowling Green Falcons,betmgm,BetMGM,2026-09-28T16:54:38Z,h2h,2026-09-28T16:54:38Z,Bowling Green Falcons,425,,20260928165602403570
NCAAF,americanfootball_ncaaf,766a0470521ac4a0fad476df45c1438b,2026-10-03T19:30:00Z,Miami (OH) RedHawks,Bowling Green Falcons,betmgm,BetMGM,2026-09-28T16:54:38Z,h2h,2026-09-28T16:54:38Z,Miami (OH) RedHawks,-550,,20260928165602403570
NCAAF,americanfootball_ncaaf,766a0470521ac4a0fad476df45c1438b,2026-10-03T19:30:00Z,Miami (OH) RedHawks,Bowling Green Falcons,betmgm,BetMGM,2026-09-28T16:54:38Z,spreads,2026-09-28T16:54:38Z,Bowling Green Falcons,-108,13.0,20260928165602403570
NCAAF,americanfootball_ncaaf,766a0470521ac4a0fad476df45c1438b,2026-10-03T19:30:00Z,Miami (OH) RedHawks,Bowling Green Falcons,betmgm,BetMGM,2026-09-28T16:54:38Z,spreads,2026-09-28T16:54:38Z,Miami (OH) RedHawks,-110,-13.0,20260928165602403570
NCAAF,americanfootball_ncaaf,766a0470521ac4a0fad476df45c1438b,2026-10-03T19:30:00Z,Miami (OH) RedHawks,Bowling Green Falcons,betmgm,BetMGM,2026-09-28T16:54:38Z,totals,2026-09-28T16:54:38Z,Over,-115,42.5,20260928165602403570
NCAAF,americanfootball_ncaaf,766a0470521ac4a0fad476df45c1438b,2026-10-03T19:30:00Z,Miami (OH) RedHawks,Bowling Green Falcons,betmgm,BetMGM,2026-09-28T16:54:38Z,totals,2026-09-28T16:54:38Z,Under,-105,42.5,20260928165602403570
NCAAF,americanfootball_ncaaf,766a0470521ac4a0fad476df45c1438b,2026-10-03T19:30:00Z,Miami (OH) RedHawks,Bowling Green Falcons,betus,BetUS,2026-09-28T16:55:53Z,spreads,2026-09-28T16:55:52Z,Bowling Green Falcons,-110,13.0,20260928165602403570
NCAAF,americanfootball_ncaaf,766a0470521ac4a0fad476df45c1438b,2026-10-03T19:30:00Z,Miami (OH) RedHawks,Bowling Green Falcons,betus,BetUS,2026-09-28T16:55:53Z,spreads,2026-09-28T16:55:52Z,Miami (OH) RedHawks,-110,-13.0,20260928165602403570
NCAAF,americanfootball_ncaaf,766a0470521ac4a0fad476df45c1438b,2026-10-03T19:30:00Z,Miami (OH) RedHawks,Bowling Green Falcons,betus,BetUS,2026-09-28T16:55:53Z,totals,2026-09-28T16:55:52Z,Over,-110,42.5,20260928165602403570
NCAAF,americanfootball_ncaaf,766a0470521ac4a0fad476df45c1438b,2026-10-03T19:30:00Z,Miami (OH) RedHawks,Bowling Green Falcons,betus,BetUS,2026-09-28T16:55:53Z,totals,2026-09-28T16:55:52Z,Under,-110,42.5,20260928165602403570
NCAAF,americanfootball_ncaaf,766a0470521ac4a0fad476df45c1438b,2026-10-03T19:30:00Z,Miami (OH) RedHawks,Bowling Green Falcons,bovada,Bovada,2026-09-28T16:54:58Z,h2h,2026-09-28T16:54:58Z,Bowling Green Falcons,410,,20260928165602403570
NCAAF,americanfootball_ncaaf,766a0470521ac4a0fad476df45c1438b,2026-10-03T19:30:00Z,Miami (OH) RedHawks,Bowling Green Falcons,bovada,Bovada,2026-09-28T16:54:58Z,h2h,2026-09-28T16:54:58Z,Miami (OH) RedHawks,-585,,20260928165602403570
NCAAF,americanfootball_ncaaf,766a0470521ac4a0fad476df45c1438b,2026-10-03T19:30:00Z,Miami (OH) RedHawks,Bowling Green Falcons,bovada,Bovada,2026-09-28T16:54:58Z,spreads,2026-09-28T16:54:58Z,Bowling Green Falcons,-110,13.0,20260928165602403570
NCAAF,americanfootball_ncaaf,766a0470521ac4a0fad476df45c1438b,2026-10-03T19:30:00Z,Miami (OH) RedHawks,Bowling Green Falcons,bovada,Bovada,2026-09-28T16:54:58Z,spreads,2026-09-28T16:54:58Z,Miami (OH) RedHawks,-110,-13.0,20260928165602403570
NCAAF,americanfootball_ncaaf,766a0470521ac4a0fad476df45c1438b,2026-10-03T19:30:00Z,Miami (OH) RedHawks,Bowling Green Falcons,bovada,Bovada,2026-09-28T16:54:58Z,totals,2026-09-28T16:54:58Z,Over,-110,43.0,20260928165602403570
NCAAF,americanfootball_ncaaf,766a0470521ac4a0fad476df45c1438b,2026-10-03T19:30:00Z,Miami (OH) RedHawks,Bowling Green Falcons,bovada,Bovada,2026-09-28T16:54:58Z,totals,2026-09-28T16:54:58Z,Under,-110,43.0,20260928165602403570
NCAAF,americanfootball_ncaaf,766a0470521ac4a0fad476df45c1438b,2026-10-03T19:30:00Z,Miami (OH) RedHawks,Bowling Green Falcons,betrivers,BetRivers,2026-09-28T16:55:49Z,h2h,2026-09-28T16:55:49Z,Bowling Green Falcons,480,,20260928165602403570
NCAAF,americanfootball_ncaaf,766a0470521ac4a0fad476df45c1438b,2026-10-03T19:30:00Z,Miami (OH) RedHawks,Bowling Green Falcons,betrivers,BetRivers,2026-09-28T16:55:49Z,h2h,2026-09-28T16:55:49Z,Miami (OH) RedHawks,-715,,20260928165602403570
NCAAF,americanfootball_ncaaf,766a0470521ac4a0fad476df45c1438b,2026-10-03T19:30:00Z,Miami (OH) RedHawks,Bowling Green Falcons,betrivers,BetRivers,2026-09-28T16:55:49Z,spreads,2026-09-28T16:55:49Z,Bowling Green Falcons,-115,14.0,20260928165602403570
NCAAF,americanfootball_ncaaf,766a0470521ac4a0fad476df45c1438b,2026-10-03T19:30:00Z,Miami (OH) RedHawks,Bowling Green Falcons,betrivers,BetRivers,2026-09-28T16:55:49Z,spreads,2026-09-28T16:55:49Z,Miami (OH) RedHawks,-108,-14.0,20260928165602403570
NCAAF,americanfootball_ncaaf,766a0470521ac4a0fad476df45c1438b,2026-10-03T19:30:00Z,Miami (OH) RedHawks,Bowling Green Falcons,betrivers,BetRivers,2026-09-28T16:55:49Z,totals,2026-09-28T16:55:49Z,Over,-120,43.5,20260928165602403570
NCAAF,americanfootball_ncaaf,766a0470521ac4a0fad476df45c1438b,2026-10-03T19:30:00Z,Miami (OH) RedHawks,Bowling Green Falcons,betrivers,BetRivers,2026-09-28T16:55:49Z,totals,2026-09-28T16:55:49Z,Under,-108,43.5,20260928165602403570
NCAAF,americanfootball_ncaaf,f28938b05f7d4b4187e879917f6e583a,2026-10-03T19:30:00Z,UNLV Rebels,California Golden Bears,fanduel,FanDuel,2026-09-28T16:55:50Z,h2h,2026-09-28T16:55:49Z,California Golden Bears,112,,20260928165602403570
NCAAF,americanfootball_ncaaf,f28938b05f7d4b4187e879917f6e583a,2026-10-03T19:30:00Z,UNLV Rebels,California Golden Bears,fanduel,FanDuel,2026-09-28T16:55:50Z,h2h,2026-09-28T16:55:49Z,UNLV Rebels,-134,,20260928165602403570
NCAAF,americanfootball_ncaaf,f28938b05f7d4b4187e879917f6e583a,2026-10-03T19:30:00Z,UNLV Rebels,California Golden Bears,fanduel,FanDuel,2026-09-28T16:55:50Z,spreads,2026-09-28T16:55:49Z,California Golden Bears,-110,2.5,20260928165602403570
NCAAF,americanfootball_ncaaf,f28938b05f7d4b4187e879917f6e583a,2026-10-03T19:30:00Z,UNLV Rebels,California Golden Bears,fanduel,FanDuel,2026-09-28T16:55:50Z,spreads,2026-09-28T16:55:49Z,UNLV Rebels,-110,-2.5,20260928165602403570
NCAAF,americanfootball_ncaaf,f28938b05f7d4b4187e879917f6e583a,2026-10-03T19:30:00Z,UNLV Rebels,California Golden Bears,fanduel,FanDuel,2026-09-28T16:55:50Z,totals,2026-09-28T16:55:49Z,Over,-110,53.5,20260928165602403570
NCAAF,americanfootball_ncaaf,f28938b05f7d4b4187e879917f6e583a,2026-10-03T19:30:00Z,UNLV Rebels,California Golden Bears,fanduel,FanDuel,2026-09-28T16:55:50Z,totals,2026-09-28T16:55:49Z,Under,-110,53.5,20260928165602403570
NCAAF,americanfootball_ncaaf,f28938b05f7d4b4187e879917f6e583a,2026-10-03T19:30:00Z,UNLV Rebels,California Golden Bears,betrivers,BetRivers,2026-09-28T16:55:49Z,h2h,2026-09-28T16:55:49Z,California Golden Bears,105,,20260928165602403570
NCAAF,americanfootball_ncaaf,f28938b05f7d4b4187e879917f6e583a,2026-10-03T19:30:00Z,UNLV Rebels,California Golden Bears,betrivers,BetRivers,2026-09-28T16:55:49Z,h2h,2026-09-28T16:55:49Z,UNLV Rebels,-129,,20260928165602403570
NCAAF,americanfootball_ncaaf,f28938b05f7d4b4187e879917f6e583a,2026-10-03T19:30:00Z,UNLV Rebels,California Golden Bears,betrivers,BetRivers,2026-09-28T16:55:49Z,spreads,2026-09-28T16:55:49Z,California Golden Bears,-112,2.0,20260928165602403570
NCAAF,americanfootball_ncaaf,f28938b05f7d4b4187e879917f6e583a,2026-10-03T19:30:00Z,UNLV Rebels,California Golden Bears,betrivers,BetRivers,2026-09-28T16:55:49Z,spreads,2026-09-28T16:55:49Z,UNLV Rebels,-112,-2.0,20260928165602403570
NCAAF,americanfootball_ncaaf,f28938b05f7d4b4187e879917f6e583a,2026-10-03T19:30:00Z,UNLV Rebels,California Golden Bears,betrivers,BetRivers,2026-09-28T16:55:49Z,totals,2026-09-28T16:55:49Z,Over,-112,53.5,20260928165602403570
NCAAF,americanfootball_ncaaf,f28938b05f7d4b4187e879917f6e583a,2026-10-03T19:30:00Z,UNLV Rebels,California Golden Bears,betrivers,BetRivers,2026-09-28T16:55:49Z,totals,2026-09-28T16:55:49Z,Under,-115,53.5,20260928165602403570
NCAAF,americanfootball_ncaaf,f28938b05f7d4b4187e879917f6e583a,2026-10-03T19:30:00Z,UNLV Rebels,California Golden Bears,lowvig,LowVig.ag,2026-09-28T16:55:49Z,h2h,2026-09-28T16:55:49Z,California Golden Bears,115,,20260928165602403570
NCAAF,americanfootball_ncaaf,f28938b05f7d4b4187e879917f6e583a,2026-10-03T19:30:00Z,UNLV Rebels,California Golden Bears,lowvig,LowVig.ag,2026-09-28T16:55:49Z,h2h,2026-09-28T16:55:49Z,UNLV Rebels,-135,,20260928165602403570
NCAAF,americanfootball_ncaaf,f28938b05f7d4b4187e879917f6e583a,2026-10-03T19:30:00Z,UNLV Rebels,California Golden Bears,lowvig,LowVig.ag,2026-09-28T16:55:49Z,spreads,2026-09-28T16:55:49Z,California Golden Bears,-101,2.5,20260928165602403570
NCAAF,americanfootball_ncaaf,f28938b05f7d4b4187e879917f6e583a,2026-10-03T19:30:00Z,UNLV Rebels,California Golden Bears,lowvig,LowVig.ag,2026-09-28T16:55:49Z,spreads,2026-09-28T16:55:49Z,UNLV Rebels,-111,-2.5,20260928165602403570
NCAAF,americanfootball_ncaaf,f28938b05f7d4b4187e879917f6e583a,2026-10-03T19:30:00Z,UNLV Rebels,California Golden Bears,lowvig,LowVig.ag,2026-09-28T16:55:49Z,totals,2026-09-28T16:55:49Z,Over,-108,53.5,20260928165602403570
NCAAF,americanfootball_ncaaf,f28938b05f7d4b4187e879917f6e583a,2026-10-03T19:30:00Z,UNLV Rebels,California Golden Bears,lowvig,LowVig.ag,2026-09-28T16:55:49Z,totals,2026-09-28T16:55:49Z,Under,-108,53.5,20260928165602403570
NCAAF,americanfootball_ncaaf,f28938b05f7d4b4187e879917f6e583a,2026-10-03T19:30:00Z,UNLV Rebels,California Golden Bears,betonlineag,BetOnline.ag,2026-09-28T16:55:07Z,h2h,2026-09-28T16:55:07Z,California Golden Bears,115,,20260928165602403570
NCAAF,americanfootball_ncaaf,f28938b05f7d4b4187e879917f6e583a,2026-10-03T19:30:00Z,UNLV Rebels,California Golden Bears,betonlineag,BetOnline.ag,2026-09-28T16:55:07Z,h2h,2026-09-28T16:55:07Z,UNLV Rebels,-135,,20260928165602403570
NCAAF,americanfootball_ncaaf,f28938b05f7d4b4187e879917f6e583a,2026-10-03T19:30:00Z,UNLV Rebels,California Golden Bears,betonlineag,BetOnline.ag,2026-09-28T16:55:07Z,spreads,2026-09-28T16:55:07Z,California Golden Bears,-105,2.5,20260928165602403570
NCAAF,americanfootball_ncaaf,f28938b05f7d4b4187e879917f6e583a,2026-10-03T19:30:00Z,UNLV Rebels,California Golden Bears,betonlineag,BetOnline.ag,2026-09-28T16:55:07Z,spreads,2026-09-28T16:55:07Z,UNLV Rebels,-115,-2.5,20260928165602403570
NCAAF,americanfootball_ncaaf,f28938b05f7d4b4187e879917f6e583a,2026-10-03T19:30:00Z,UNLV Rebels,California Golden Bears,betonlineag,BetOnline.ag,2026-09-28T16:55:07Z,totals,2026-09-28T16:55:07Z,Over,-110,53.5,20260928165602403570
NCAAF,americanfootball_ncaaf,f28938b05f7d4b4187e879917f6e583a,2026-10-03T19:30:00Z,UNLV Rebels,California Golden Bears,betonlineag,BetOnline.ag,2026-09-28T16:55:07Z,totals,2026-09-28T16:55:07Z,Under,-110,53.5,20260928165602403570
NCAAF,americanfootball_ncaaf,f28938b05f7d4b4187e879917f6e583a,2026-10-03T19:30:00Z,UNLV Rebels,California Golden Bears,draftkings,DraftKings,2026-09-28T16:55:34Z,h2h,2026-09-28T16:55:34Z,California Golden Bears,114,,20260928165602403570
NCAAF,americanfootball_ncaaf,f28938b05f7d4b4187e879917f6e583a,2026-10-03T19:30:00Z,UNLV Rebels,California Golden Bears,draftkings,DraftKings,2026-09-28T16:55:34Z,h2h,2026-09-28T16:55:34Z,UNLV Rebels,-135,,20260928165602403570
NCAAF,americanfootball_ncaaf,f28938b05f7d4b4187e879917f6e583a,2026-10-03T19:30:00Z,UNLV Rebels,California Golden Bears,draftkings,DraftKings,2026-09-28T16:55:34Z,spreads,2026-09-28T16:55:34Z,California Golden Bears,-108,2.5,20260928165602403570
NCAAF,americanfootball_ncaaf,f28938b05f7d4b4187e879917f6e583a,2026-10-03T19:30:00Z,UNLV Rebels,California Golden Bears,draftkings,DraftKings,2026-09-28T16:55:34Z,spreads,2026-09-28T16:55:34Z,UNLV Rebels,-112,-2.5,20260928165602403570
NCAAF,americanfootball_ncaaf,f28938b05f7d4b4187e879917f6e583a,2026-10-03T19:30:00Z,UNLV Rebels,California Golden Bears,draftkings,DraftKings,2026-09-28T16:55:34Z,totals,2026-09-28T16:55:34Z,Over,-108,53.5,20260928165602403570
NCAAF,americanfootball_ncaaf,f28938b05f7d4b4187e879917f6e583a,2026-10-03T19:30:00Z,UNLV Rebels,California Golden Bears,draftkings,DraftKings,2026-09-28T16:55:34Z,totals,2026-09-28T16:55:34Z,Under,-112,53.5,20260928165602403570
NCAAF,americanfootball_ncaaf,f28938b05f7d4b4187e879917f6e583a,2026-10-03T19:30:00Z,UNLV Rebels,California Golden Bears,mybookieag,MyBookie.ag,2026-09-28T16:55:48Z,h2h,2026-09-28T16:55:48Z,California Golden Bears,114,,20260928165602403570
NCAAF,americanfootball_ncaaf,f28938b05f7d4b4187e879917f6e583a,2026-10-03T19:30:00Z,UNLV Rebels,California Golden Bears,mybookieag,MyBookie.ag,2026-09-28T16:55:48Z,h2h,2026-09-28T16:55:48Z,UNLV Rebels,-139,,20260928165602403570
NCAAF,americanfootball_ncaaf,f28938b05f7d4b4187e879917f6e583a,2026-10-03T19:30:00Z,UNLV Rebels,California Golden Bears,mybookieag,MyBookie.ag,2026-09-28T16:55:48Z,spreads,2026-09-28T16:55:48Z,California Golden Bears,-110,2.5,20260928165602403570
NCAAF,americanfootball_ncaaf,f28938b05f7d4b4187e879917f6e583a,2026-10-03T19:30:00Z,UNLV Rebels,California Golden Bears,mybookieag,MyBookie.ag,2026-09-28T16:55:48Z,spreads,2026-09-28T16:55:48Z,UNLV Rebels,-110,-2.5,20260928165602403570
NCAAF,americanfootball_ncaaf,f28938b05f7d4b4187e879917f6e583a,2026-10-03T19:30:00Z,UNLV Rebels,California Golden Bears,mybookieag,MyBookie.ag,2026-09-28T16:55:48Z,totals,2026-09-28T16:55:48Z,Over,-110,53.5,20260928165602403570
NCAAF,americanfootball_ncaaf,f28938b05f7d4b4187e879917f6e583a,2026-10-03T19:30:00Z,UNLV Rebels,California Golden Bears,mybookieag,MyBookie.ag,2026-09-28T16:55:48Z,totals,2026-09-28T16:55:48Z,Under,-110,53.5,20260928165602403570
NCAAF,americanfootball_ncaaf,f28938b05f7d4b4187e879917f6e583a,2026-10-03T19:30:00Z,UNLV Rebels,California Golden Bears,betmgm,BetMGM,2026-09-28T16:54:38Z,h2h,2026-09-28T16:54:38Z,California Golden Bears,115,,20260928165602403570
NCAAF,americanfootball_ncaaf,f28938b05f7d4b4187e879917f6e583a,2026-10-03T19:30:00Z,UNLV Rebels,California Golden Bears,betmgm,BetMGM,2026-09-28T16:54:38Z,h2h,2026-09-28T16:54:38Z,UNLV Rebels,-140,,20260928165602403570
NCAAF,americanfootball_ncaaf,f28938b05f7d4b4187e879917f6e583a,2026-10-03T19:30:00Z,UNLV Rebels,California Golden Bears,betmgm,BetMGM,2026-09-28T16:54:38Z,spreads,2026-09-28T16:54:38Z,California Golden Bears,-105,2.5,20260928165602403570
NCAAF,americanfootball_ncaaf,f28938b05f7d4b4187e879917f6e583a,2026-10-03T19:30:00Z,UNLV Rebels,California Golden Bears,betmgm,BetMGM,2026-09-28T16:54:38Z,spreads,2026-09-28T16:54:38Z,UNLV Rebels,-112,-2.5,20260928165602403570
NCAAF,americanfootball_ncaaf,f28938b05f7d4b4187e879917f6e583a,2026-10-03T19:30:00Z,UNLV Rebels,California Golden Bears,betmgm,BetMGM,2026-09-28T16:54:38Z,totals,2026-09-28T16:54:38Z,Over,-110,53.5,20260928165602403570
NCAAF,americanfootball_ncaaf,f28938b05f7d4b4187e879917f6e583a,2026-10-03T19:30:00Z,UNLV Rebels,California Golden Bears,betmgm,BetMGM,2026-09-28T16:54:38Z,totals,2026-09-28T16:54:38Z,Under,-108,53.5,20260928165602403570
NCAAF,americanfootball_ncaaf,f28938b05f7d4b4187e879917f6e583a,2026-10-03T19:30:00Z,UNLV Rebels,California Golden Bears,betus,BetUS,2026-09-28T16:55:53Z,spreads,2026-09-28T16:55:53Z,California Golden Bears,-105,2.5,20260928165602403570
NCAAF,americanfootball_ncaaf,f28938b05f7d4b4187e879917f6e583a,2026-10-03T19:30:00Z,UNLV Rebels,California Golden Bears,betus,BetUS,2026-09-28T16:55:53Z,spreads,2026-09-28T16:55:53Z,UNLV Rebels,-115,-2.5,20260928165602403570
NCAAF,americanfootball_ncaaf,f28938b05f7d4b4187e879917f6e583a,2026-10-03T19:30:00Z,UNLV Rebels,California Golden Bears,betus,BetUS,2026-09-28T16:55:53Z,totals,2026-09-28T16:55:53Z,Over,-110,53.5,20260928165602403570
NCAAF,americanfootball_ncaaf,f28938b05f7d4b4187e879917f6e583a,2026-10-03T19:30:00Z,UNLV Rebels,California Golden Bears,betus,BetUS,2026-09-28T16:55:53Z,totals,2026-09-28T16:55:53Z,Under,-110,53.5,20260928165602403570
NCAAF,americanfootball_ncaaf,f28938b05f7d4b4187e879917f6e583a,2026-10-03T19:30:00Z,UNLV Rebels,California Golden Bears,bovada,Bovada,2026-09-28T16:54:58Z,h2h,2026-09-28T16:54:58Z,California Golden Bears,120,,20260928165602403570
NCAAF,americanfootball_ncaaf,f28938b05f7d4b4187e879917f6e583a,2026-10-03T19:30:00Z,UNLV Rebels,California Golden Bears,bovada,Bovada,2026-09-28T16:54:58Z,h2h,2026-09-28T16:54:58Z,UNLV Rebels,-140,,20260928165602403570
NCAAF,americanfootball_ncaaf,f28938b05f7d4b4187e879917f6e583a,2026-10-03T19:30:00Z,UNLV Rebels,California Golden Bears,bovada,Bovada,2026-09-28T16:54:58Z,spreads,2026-09-28T16:54:58Z,California Golden Bears,-115,3.0,20260928165602403570
NCAAF,americanfootball_ncaaf,f28938b05f7d4b4187e879917f6e583a,2026-10-03T19:30:00Z,UNLV Rebels,California Golden Bears,bovada,Bovada,2026-09-28T16:54:58Z,spreads,2026-09-28T16:54:58Z,UNLV Rebels,-105,-3.0,20260928165602403570
NCAAF,americanfootball_ncaaf,f28938b05f7d4b4187e879917f6e583a,2026-10-03T19:30:00Z,UNLV Rebels,California Golden Bears,bovada,Bovada,2026-09-28T16:54:58Z,totals,2026-09-28T16:54:58Z,Over,-115,53.5,20260928165602403570
NCAAF,americanfootball_ncaaf,f28938b05f7d4b4187e879917f6e583a,2026-10-03T19:30:00Z,UNLV Rebels,California Golden Bears,bovada,Bovada,2026-09-28T16:54:58Z,totals,2026-09-28T16:54:58Z,Under,-105,53.5,20260928165602403570
NCAAF,americanfootball_ncaaf,9b2bcb758c7d7f4cb25d5102e4e9068e,2026-10-03T19:30:00Z,Charlotte 49ers,Memphis Tigers,draftkings,DraftKings,2026-09-28T16:55:34Z,h2h,2026-09-28T16:55:34Z,Charlotte 49ers,850,,20260928165602403570
NCAAF,americanfootball_ncaaf,9b2bcb758c7d7f4cb25d5102e4e9068e,2026-10-03T19:30:00Z,Charlotte 49ers,Memphis Tigers,draftkings,DraftKings,2026-09-28T16:55:34Z,h2h,2026-09-28T16:55:34Z,Memphis Tigers,-1450,,20260928165602403570
NCAAF,americanfootball_ncaaf,9b2bcb758c7d7f4cb25d5102e4e9068e,2026-10-03T19:30:00Z,Charlotte 49ers,Memphis Tigers,draftkings,DraftKings,2026-09-28T16:55:34Z,spreads,2026-09-28T16:55:34Z,Charlotte 49ers,-112,20.5,20260928165602403570
NCAAF,americanfootball_ncaaf,9b2bcb758c7d7f4cb25d5102e4e9068e,2026-10-03T19:30:00Z,Charlotte 49ers,Memphis Tigers,draftkings,DraftKings,2026-09-28T16:55:34Z,spreads,2026-09-28T16:55:34Z,Memphis Tigers,-108,-20.5,20260928165602403570
NCAAF,americanfootball_ncaaf,9b2bcb758c7d7f4cb25d5102e4e9068e,2026-10-03T19:30:00Z,Charlotte 49ers,Memphis Tigers,draftkings,DraftKings,2026-09-28T16:55:34Z,totals,2026-09-28T16:55:34Z,Over,-105,54.5,20260928165602403570
NCAAF,americanfootball_ncaaf,9b2bcb758c7d7f4cb25d5102e4e9068e,2026-10-03T19:30:00Z,Charlotte 49ers,Memphis Tigers,draftkings,DraftKings,2026-09-28T16:55:34Z,totals,2026-09-28T16:55:34Z,Under,-115,54.5,20260928165602403570
NCAAF,americanfootball_ncaaf,9b2bcb758c7d7f4cb25d5102e4e9068e,2026-10-03T19:30:00Z,Charlotte 49ers,Memphis Tigers,betonlineag,BetOnline.ag,2026-09-28T16:55:07Z,h2h,2026-09-28T16:55:07Z,Charlotte 49ers,874,,20260928165602403570
NCAAF,americanfootball_ncaaf,9b2bcb758c7d7f4cb25d5102e4e9068e,2026-10-03T19:30:00Z,Charlotte 49ers,Memphis Tigers,betonlineag,BetOnline.ag,2026-09-28T16:55:07Z,h2h,2026-09-28T16:55:07Z,Memphis Tigers,-1500,,20260928165602403570
NCAAF,americanfootball_ncaaf,9b2bcb758c7d7f4cb25d5102e4e9068e,2026-10-03T19:30:00Z,Charlotte 49ers,Memphis Tigers,betonlineag,BetOnline.ag,2026-09-28T16:55:07Z,spreads,2026-09-28T16:55:07Z,Charlotte 49ers,-110,20.0,20260928165602403570
NCAAF,americanfootball_ncaaf,9b2bcb758c7d7f4cb25d5102e4e9068e,2026-10-03T19:30:00Z,Charlotte 49ers,Memphis Tigers,betonlineag,BetOnline.ag,2026-09-28T16:55:07Z,spreads,2026-09-28T16:55:07Z,Memphis Tigers,-110,-20.0,20260928165602403570
NCAAF,americanfootball_ncaaf,9b2bcb758c7d7f4cb25d5102e4e9068e,2026-10-03T19:30:00Z,Charlotte 49ers,Memphis Tigers,betonlineag,BetOnline.ag,2026-09-28T16:55:07Z,totals,2026-09-28T16:55:07Z,Over,-110,54.0,20260928165602403570
NCAAF,americanfootball_ncaaf,9b2bcb758c7d7f4cb25d5102e4e9068e,2026-10-03T19:30:00Z,Charlotte 49ers,Memphis Tigers,betonlineag,BetOnline.ag,2026-09-28T16:55:07Z,totals,2026-09-28T16:55:07Z,Under,-110,54.0,20260928165602403570
NCAAF,americanfootball_ncaaf,9b2bcb758c7d7f4cb25d5102e4e9068e,2026-10-03T19:30:00Z,Charlotte 49ers,Memphis Tigers,lowvig,LowVig.ag,2026-09-28T16:55:49Z,h2h,2026-09-28T16:55:49Z,Charlotte 49ers,874,,20260928165602403570
NCAAF,americanfootball_ncaaf,9b2bcb758c7d7f4cb25d5102e4e9068e,2026-10-03T19:30:00Z,Charlotte 49ers,Memphis Tigers,lowvig,LowVig.ag,2026-09-28T16:55:49Z,h2h,2026-09-28T16:55:49Z,Memphis Tigers,-1500,,20260928165602403570
NCAAF,americanfootball_ncaaf,9b2bcb758c7d7f4cb25d5102e4e9068e,2026-10-03T19:30:00Z,Charlotte 49ers,Memphis Tigers,lowvig,LowVig.ag,2026-09-28T16:55:49Z,spreads,2026-09-28T16:55:49Z,Charlotte 49ers,-106,20.0,20260928165602403570
NCAAF,americanfootball_ncaaf,9b2bcb758c7d7f4cb25d5102e4e9068e,2026-10-03T19:30:00Z,Charlotte 49ers,Memphis Tigers,lowvig,LowVig.ag,2026-09-28T16:55:49Z,spreads,2026-09-28T16:55:49Z,Memphis Tigers,-106,-20.0,20260928165602403570
NCAAF,americanfootball_ncaaf,9b2bcb758c7d7f4cb25d5102e4e9068e,2026-10-03T19:30:00Z,Charlotte 49ers,Memphis Tigers,lowvig,LowVig.ag,2026-09-28T16:55:49Z,totals,2026-09-28T16:55:49Z,Over,-108,54.0,20260928165602403570
NCAAF,americanfootball_ncaaf,9b2bcb758c7d7f4cb25d5102e4e9068e,2026-10-03T19:30:00Z,Charlotte 49ers,Memphis Tigers,lowvig,LowVig.ag,2026-09-28T16:55:49Z,totals,2026-09-28T16:55:49Z,Under,-108,54.0,20260928165602403570
NCAAF,americanfootball_ncaaf,9b2bcb758c7d7f4cb25d5102e4e9068e,2026-10-03T19:30:00Z,Charlotte 49ers,Memphis Tigers,fanduel,FanDuel,2026-09-28T16:55:50Z,h2h,2026-09-28T16:55:49Z,Charlotte 49ers,1000,,20260928165602403570
NCAAF,americanfootball_ncaaf,9b2bcb758c7d7f4cb25d5102e4e9068e,2026-10-03T19:30:00Z,Charlotte 49ers,Memphis Tigers,fanduel,FanDuel,2026-09-28T16:55:50Z,h2h,2026-09-28T16:55:49Z,Memphis Tigers,-2100,,20260928165602403570
NCAAF,americanfootball_ncaaf,9b2bcb758c7d7f4cb25d5102e4e9068e,2026-10-03T19:30:00Z,Charlotte 49ers,Memphis Tigers,fanduel,FanDuel,2026-09-28T16:55:50Z,spreads,2026-09-28T16:55:49Z,Charlotte 49ers,-105,20.5,20260928165602403570
NCAAF,americanfootball_ncaaf,9b2bcb758c7d7f4cb25d5102e4e9068e,2026-10-03T19:30:00Z,Charlotte 49ers,Memphis Tigers,fanduel,FanDuel,2026-09-28T16:55:50Z,spreads,2026-09-28T16:55:49Z,Memphis Tigers,-115,-20.5,20260928165602403570
NCAAF,americanfootball_ncaaf,9b2bcb758c7d7f4cb25d5102e4e9068e,2026-10-03T19:30:00Z,Charlotte 49ers,Memphis Tigers,fanduel,FanDuel,2026-09-28T16:55:50Z,totals,2026-09-28T16:55:49Z,Over,-110,54.5,20260928165602403570
NCAAF,americanfootball_ncaaf,9b2bcb758c7d7f4cb25d5102e4e9068e,2026-10-03T19:30:00Z,Charlotte 49ers,Memphis Tigers,fanduel,FanDuel,2026-09-28T16:55:50Z,totals,2026-09-28T16:55:49Z,Under,-110,54.5,20260928165602403570
NCAAF,americanfootball_ncaaf,9b2bcb758c7d7f4cb25d5102e4e9068e,2026-10-03T19:30:00Z,Charlotte 49ers,Memphis Tigers,mybookieag,MyBookie.ag,2026-09-28T16:55:48Z,h2h,2026-09-28T16:55:48Z,Charlotte 49ers,740,,20260928165602403570
NCAAF,americanfootball_ncaaf,9b2bcb758c7d7f4cb25d5102e4e9068e,2026-10-03T19:30:00Z,Charlotte 49ers,Memphis Tigers,mybookieag,MyBookie.ag,2026-09-28T16:55:48Z,h2h,2026-09-28T16:55:48Z,Memphis Tigers,-1299,,20260928165602403570
NCAAF,americanfootball_ncaaf,9b2bcb758c7d7f4cb25d5102e4e9068e,2026-10-03T19:30:00Z,Charlotte 49ers,Memphis Tigers,mybookieag,MyBookie.ag,2026-09-28T16:55:48Z,spreads,2026-09-28T16:55:48Z,Charlotte 49ers,-110,20.5,20260928165602403570
NCAAF,americanfootball_ncaaf,9b2bcb758c7d7f4cb25d5102e4e9068e,2026-10-03T19:30:00Z,Charlotte 49ers,Memphis Tigers,mybookieag,MyBookie.ag,2026-09-28T16:55:48Z,spreads,2026-09-28T16:55:48Z,Memphis Tigers,-110,-20.5,20260928165602403570
NCAAF,americanfootball_ncaaf,9b2bcb758c7d7f4cb25d5102e4e9068e,2026-10-03T19:30:00Z,Charlotte 49ers,Memphis Tigers,mybookieag,MyBookie.ag,2026-09-28T16:55:48Z,totals,2026-09-28T16:55:48Z,Over,-110,54.5,20260928165602403570
NCAAF,americanfootball_ncaaf,9b2bcb758c7d7f4cb25d5102e4e9068e,2026-10-03T19:30:00Z,Charlotte 49ers,Memphis Tigers,mybookieag,MyBookie.ag,2026-09-28T16:55:48Z,totals,2026-09-28T16:55:48Z,Under,-110,54.5,20260928165602403570
NCAAF,americanfootball_ncaaf,9b2bcb758c7d7f4cb25d5102e4e9068e,2026-10-03T19:30:00Z,Charlotte 49ers,Memphis Tigers,betmgm,BetMGM,2026-09-28T16:54:38Z,h2h,2026-09-28T16:54:38Z,Charlotte 49ers,950,,20260928165602403570
NCAAF,americanfootball_ncaaf,9b2bcb758c7d7f4cb25d5102e4e9068e,2026-10-03T19:30:00Z,Charlotte 49ers,Memphis Tigers,betmgm,BetMGM,2026-09-28T16:54:38Z,h2h,2026-09-28T16:54:38Z,Memphis Tigers,-1400,,20260928165602403570
NCAAF,americanfootball_ncaaf,9b2bcb758c7d7f4cb25d5102e4e9068e,2026-10-03T19:30:00Z,Charlotte 49ers,Memphis Tigers,betmgm,BetMGM,2026-09-28T16:54:38Z,spreads,2026-09-28T16:54:38Z,Charlotte 49ers,-108,20.0,20260928165602403570
NCAAF,americanfootball_ncaaf,9b2bcb758c7d7f4cb25d5102e4e9068e,2026-10-03T19:30:00Z,Charlotte 49ers,Memphis Tigers,betmgm,BetMGM,2026-09-28T16:54:38Z,spreads,2026-09-28T16:54:38Z,Memphis Tigers,-110,-20.0,20260928165602403570
NCAAF,americanfootball_ncaaf,9b2bcb758c7d7f4cb25d5102e4e9068e,2026-10-03T19:30:00Z,Charlotte 49ers,Memphis Tigers,betmgm,BetMGM,2026-09-28T16:54:38Z,totals,2026-09-28T16:54:38Z,Over,-108,54.5,20260928165602403570
NCAAF,americanfootball_ncaaf,9b2bcb758c7d7f4cb25d5102e4e9068e,2026-10-03T19:30:00Z,Charlotte 49ers,Memphis Tigers,betmgm,BetMGM,2026-09-28T16:54:38Z,totals,2026-09-28T16:54:38Z,Under,-110,54.5,20260928165602403570
NCAAF,americanfootball_ncaaf,9b2bcb758c7d7f4cb25d5102e4e9068e,2026-10-03T19:30:00Z,Charlotte 49ers,Memphis Tigers,betus,BetUS,2026-09-28T16:55:53Z,spreads,2026-09-28T16:55:52Z,Charlotte 49ers,-110,20.0,20260928165602403570
NCAAF,americanfootball_ncaaf,9b2bcb758c7d7f4cb25d5102e4e9068e,2026-10-03T19:30:00Z,Charlotte 49ers,Memphis Tigers,betus,BetUS,2026-09-28T16:55:53Z,spreads,2026-09-28T16:55:52Z,Memphis Tigers,-110,-20.0,20260928165602403570
NCAAF,americanfootball_ncaaf,9b2bcb758c7d7f4cb25d5102e4e9068e,2026-10-03T19:30:00Z,Charlotte 49ers,Memphis Tigers,betus,BetUS,2026-09-28T16:55:53Z,totals,2026-09-28T16:55:52Z,Over,-110,54.0,20260928165602403570
NCAAF,americanfootball_ncaaf,9b2bcb758c7d7f4cb25d5102e4e9068e,2026-10-03T19:30:00Z,Charlotte 49ers,Memphis Tigers,betus,BetUS,2026-09-28T16:55:53Z,totals,2026-09-28T16:55:52Z,Under,-110,54.0,20260928165602403570
NCAAF,americanfootball_ncaaf,9b2bcb758c7d7f4cb25d5102e4e9068e,2026-10-03T19:30:00Z,Charlotte 49ers,Memphis Tigers,bovada,Bovada,2026-09-28T16:54:58Z,h2h,2026-09-28T16:54:58Z,Charlotte 49ers,750,,20260928165602403570
NCAAF,americanfootball_ncaaf,9b2bcb758c7d7f4cb25d5102e4e9068e,2026-10-03T19:30:00Z,Charlotte 49ers,Memphis Tigers,bovada,Bovada,2026-09-28T16:54:58Z,h2h,2026-09-28T16:54:58Z,Memphis Tigers,-1400,,20260928165602403570
NCAAF,americanfootball_ncaaf,9b2bcb758c7d7f4cb25d5102e4e9068e,2026-10-03T19:30:00Z,Charlotte 49ers,Memphis Tigers,bovada,Bovada,2026-09-28T16:54:58Z,spreads,2026-09-28T16:54:58Z,Charlotte 49ers,-105,20.0,20260928165602403570
NCAAF,americanfootball_ncaaf,9b2bcb758c7d7f4cb25d5102e4e9068e,2026-10-03T19:30:00Z,Charlotte 49ers,Memphis Tigers,bovada,Bovada,2026-09-28T16:54:58Z,spreads,2026-09-28T16:54:58Z,Memphis Tigers,-115,-20.0,20260928165602403570
NCAAF,americanfootball_ncaaf,9b2bcb758c7d7f4cb25d5102e4e9068e,2026-10-03T19:30:00Z,Charlotte 49ers,Memphis Tigers,bovada,Bovada,2026-09-28T16:54:58Z,totals,2026-09-28T16:54:58Z,Over,-110,54.0,20260928165602403570
NCAAF,americanfootball_ncaaf,9b2bcb758c7d7f4cb25d5102e4e9068e,2026-10-03T19:30:00Z,Charlotte 49ers,Memphis Tigers,bovada,Bovada,2026-09-28T16:54:58Z,totals,2026-09-28T16:54:58Z,Under,-110,54.0,20260928165602403570
NCAAF,americanfootball_ncaaf,9b2bcb758c7d7f4cb25d5102e4e9068e,2026-10-03T19:30:00Z,Charlotte 49ers,Memphis Tigers,betrivers,BetRivers,2026-09-28T16:55:49Z,h2h,2026-09-28T16:55:49Z,Charlotte 49ers,900,,20260928165602403570
NCAAF,americanfootball_ncaaf,9b2bcb758c7d7f4cb25d5102e4e9068e,2026-10-03T19:30:00Z,Charlotte 49ers,Memphis Tigers,betrivers,BetRivers,2026-09-28T16:55:49Z,h2h,2026-09-28T16:55:49Z,Memphis Tigers,-2000,,20260928165602403570
NCAAF,americanfootball_ncaaf,9b2bcb758c7d7f4cb25d5102e4e9068e,2026-10-03T19:30:00Z,Charlotte 49ers,Memphis Tigers,betrivers,BetRivers,2026-09-28T16:55:49Z,spreads,2026-09-28T16:55:49Z,Charlotte 49ers,-113,20.5,20260928165602403570
NCAAF,americanfootball_ncaaf,9b2bcb758c7d7f4cb25d5102e4e9068e,2026-10-03T19:30:00Z,Charlotte 49ers,Memphis Tigers,betrivers,BetRivers,2026-09-28T16:55:49Z,spreads,2026-09-28T16:55:49Z,Memphis Tigers,-110,-20.5,20260928165602403570
NCAAF,americanfootball_ncaaf,9b2bcb758c7d7f4cb25d5102e4e9068e,2026-10-03T19:30:00Z,Charlotte 49ers,Memphis Tigers,betrivers,BetRivers,2026-09-28T16:55:49Z,totals,2026-09-28T16:55:49Z,Over,-108,54.5,20260928165602403570
NCAAF,americanfootball_ncaaf,9b2bcb758c7d7f4cb25d5102e4e9068e,2026-10-03T19:30:00Z,Charlotte 49ers,Memphis Tigers,betrivers,BetRivers,2026-09-28T16:55:49Z,totals,2026-09-28T16:55:49Z,Under,-120,54.5,20260928165602403570
NCAAF,americanfootball_ncaaf,7e0abfe1077b7d41d61b918ef53d247b,2026-10-03T19:30:00Z,UMass Minutemen,Eastern Michigan Eagles,draftkings,DraftKings,2026-09-28T16:55:34Z,h2h,2026-09-28T16:55:34Z,Eastern Michigan Eagles,170,,20260928165602403570
NCAAF,americanfootball_ncaaf,7e0abfe1077b7d41d61b918ef53d247b,2026-10-03T19:30:00Z,UMass Minutemen,Eastern Michigan Eagles,draftkings,DraftKings,2026-09-28T16:55:34Z,h2h,2026-09-28T16:55:34Z,UMass Minutemen,-205,,20260928165602403570
NCAAF,americanfootball_ncaaf,7e0abfe1077b7d41d61b918ef53d247b,2026-10-03T19:30:00Z,UMass Minutemen,Eastern Michigan Eagles,draftkings,DraftKings,2026-09-28T16:55:34Z,spreads,2026-09-28T16:55:34Z,Eastern Michigan Eagles,-108,4.5,20260928165602403570
NCAAF,americanfootball_ncaaf,7e0abfe1077b7d41d61b918ef53d247b,2026-10-03T19:30:00Z,UMass Minutemen,Eastern Michigan Eagles,draftkings,DraftKings,2026-09-28T16:55:34Z,spreads,2026-09-28T16:55:34Z,UMass Minutemen,-112,-4.5,20260928165602403570
NCAAF,americanfootball_ncaaf,7e0abfe1077b7d41d61b918ef53d247b,2026-10-03T19:30:00Z,UMass Minutemen,Eastern Michigan Eagles,draftkings,DraftKings,2026-09-28T16:55:34Z,totals,2026-09-28T16:55:34Z,Over,-105,49.5,20260928165602403570
NCAAF,americanfootball_ncaaf,7e0abfe1077b7d41d61b918ef53d247b,2026-10-03T19:30:00Z,UMass Minutemen,Eastern Michigan Eagles,draftkings,DraftKings,2026-09-28T16:55:34Z,totals,2026-09-28T16:55:34Z,Under,-115,49.5,20260928165602403570
NCAAF,americanfootball_ncaaf,7e0abfe1077b7d41d61b918ef53d247b,2026-10-03T19:30:00Z,UMass Minutemen,Eastern Michigan Eagles,lowvig,LowVig.ag,2026-09-28T16:55:49Z,h2h,2026-09-28T16:55:49Z,Eastern Michigan Eagles,170,,20260928165602403570
NCAAF,americanfootball_ncaaf,7e0abfe1077b7d41d61b918ef53d247b,2026-10-03T19:30:00Z,UMass Minutemen,Eastern Michigan Eagles,lowvig,LowVig.ag,2026-09-28T16:55:49Z,h2h,2026-09-28T16:55:49Z,UMass Minutemen,-195,,20260928165602403570
NCAAF,americanfootball_ncaaf,7e0abfe1077b7d41d61b918ef53d247b,2026-10-03T19:30:00Z,UMass Minutemen,Eastern Michigan Eagles,lowvig,LowVig.ag,2026-09-28T16:55:49Z,spreads,2026-09-28T16:55:49Z,Eastern Michigan Eagles,-111,5.0,20260928165602403570
NCAAF,americanfootball_ncaaf,7e0abfe1077b7d41d61b918ef53d247b,2026-10-03T19:30:00Z,UMass Minutemen,Eastern Michigan Eagles,lowvig,LowVig.ag,2026-09-28T16:55:49Z,spreads,2026-09-28T16:55:49Z,UMass Minutemen,-101,-5.0,20260928165602403570
NCAAF,americanfootball_ncaaf,7e0abfe1077b7d41d61b918ef53d247b,2026-10-03T19:30:00Z,UMass Minutemen,Eastern Michigan Eagles,lowvig,LowVig.ag,2026-09-28T16:55:49Z,totals,2026-09-28T16:55:49Z,Over,-108,49.0,20260928165602403570
NCAAF,americanfootball_ncaaf,7e0abfe1077b7d41d61b918ef53d247b,2026-10-03T19:30:00Z,UMass Minutemen,Eastern Michigan Eagles,lowvig,LowVig.ag,2026-09-28T16:55:49Z,totals,2026-09-28T16:55:49Z,Under,-108,49.0,20260928165602403570
NCAAF,americanfootball_ncaaf,7e0abfe1077b7d41d61b918ef53d247b,2026-10-03T19:30:00Z,UMass Minutemen,Eastern Michigan Eagles,betonlineag,BetOnline.ag,2026-09-28T16:55:07Z,h2h,2026-09-28T16:55:07Z,Eastern Michigan Eagles,170,,20260928165602403570
NCAAF,americanfootball_ncaaf,7e0abfe1077b7d41d61b918ef53d247b,2026-10-03T19:30:00Z,UMass Minutemen,Eastern Michigan Eagles,betonlineag,BetOnline.ag,2026-09-28T16:55:07Z,h2h,2026-09-28T16:55:07Z,UMass Minutemen,-195,,20260928165602403570
NCAAF,americanfootball_ncaaf,7e0abfe1077b7d41d61b918ef53d247b,2026-10-03T19:30:00Z,UMass Minutemen,Eastern Michigan Eagles,betonlineag,BetOnline.ag,2026-09-28T16:55:07Z,spreads,2026-09-28T16:55:07Z,Eastern Michigan Eagles,-115,5.0,20260928165602403570
NCAAF,americanfootball_ncaaf,7e0abfe1077b7d41d61b918ef53d247b,2026-10-03T19:30:00Z,UMass Minutemen,Eastern Michigan Eagles,betonlineag,BetOnline.ag,2026-09-28T16:55:07Z,spreads,2026-09-28T16:55:07Z,UMass Minutemen,-105,-5.0,20260928165602403570
NCAAF,americanfootball_ncaaf,7e0abfe1077b7d41d61b918ef53d247b,2026-10-03T19:30:00Z,UMass Minutemen,Eastern Michigan Eagles,betonlineag,BetOnline.ag,2026-09-28T16:55:07Z,totals,2026-09-28T16:55:07Z,Over,-110,49.0,20260928165602403570
NCAAF,americanfootball_ncaaf,7e0abfe1077b7d41d61b918ef53d247b,2026-10-03T19:30:00Z,UMass Minutemen,Eastern Michigan Eagles,betonlineag,BetOnline.ag,2026-09-28T16:55:07Z,totals,2026-09-28T16:55:07Z,Under,-110,49.0,20260928165602403570
NCAAF,americanfootball_ncaaf,7e0abfe1077b7d41d61b918ef53d247b,2026-10-03T19:30:00Z,UMass Minutemen,Eastern Michigan Eagles,fanduel,FanDuel,2026-09-28T16:55:50Z,h2h,2026-09-28T16:55:49Z,Eastern Michigan Eagles,152,,20260928165602403570
NCAAF,americanfootball_ncaaf,7e0abfe1077b7d41d61b918ef53d247b,2026-10-03T19:30:00Z,UMass Minutemen,Eastern Michigan Eagles,fanduel,FanDuel,2026-09-28T16:55:50Z,h2h,2026-09-28T16:55:49Z,UMass Minutemen,-184,,20260928165602403570
NCAAF,americanfootball_ncaaf,7e0abfe1077b7d41d61b918ef53d247b,2026-10-03T19:30:00Z,UMass Minutemen,Eastern Michigan Eagles,fanduel,FanDuel,2026-09-28T16:55:50Z,spreads,2026-09-28T16:55:49Z,Eastern Michigan Eagles,-110,4.5,20260928165602403570
NCAAF,americanfootball_ncaaf,7e0abfe1077b7d41d61b918ef53d247b,2026-10-03T19:30:00Z,UMass Minutemen,Eastern Michigan Eagles,fanduel,FanDuel,2026-09-28T16:55:50Z,spreads,2026-09-28T16:55:49Z,UMass Minutemen,-110,-4.5,20260928165602403570
NCAAF,americanfootball_ncaaf,7e0abfe1077b7d41d61b918ef53d247b,2026-10-03T19:30:00Z,UMass Minutemen,Eastern Michigan Eagles,fanduel,FanDuel,2026-09-28T16:55:50Z,totals,2026-09-28T16:55:49Z,Over,-106,49.5,20260928165602403570
NCAAF,americanfootball_ncaaf,7e0abfe1077b7d41d61b918ef53d247b,2026-10-03T19:30:00Z,UMass Minutemen,Eastern Michigan Eagles,fanduel,FanDuel,2026-09-28T16:55:50Z,totals,2026-09-28T16:55:49Z,Under,-114,49.5,20260928165602403570
NCAAF,americanfootball_ncaaf,7e0abfe1077b7d41d61b918ef53d247b,2026-10-03T19:30:00Z,UMass Minutemen,Eastern Michigan Eagles,mybookieag,MyBookie.ag,2026-09-28T16:55:48Z,totals,2026-09-28T16:55:48Z,Over,-110,49.0,20260928165602403570
NCAAF,americanfootball_ncaaf,7e0abfe1077b7d41d61b918ef53d247b,2026-10-03T19:30:00Z,UMass Minutemen,Eastern Michigan Eagles,mybookieag,MyBookie.ag,2026-09-28T16:55:48Z,totals,2026-09-28T16:55:48Z,Under,-110,49.0,20260928165602403570
NCAAF,americanfootball_ncaaf,7e0abfe1077b7d41d61b918ef53d247b,2026-10-03T19:30:00Z,UMass Minutemen,Eastern Michigan Eagles,betmgm,BetMGM,2026-09-28T16:54:38Z,h2h,2026-09-28T16:54:38Z,Eastern Michigan Eagles,160,,20260928165602403570
NCAAF,americanfootball_ncaaf,7e0abfe1077b7d41d61b918ef53d247b,2026-10-03T19:30:00Z,UMass Minutemen,Eastern Michigan Eagles,betmgm,BetMGM,2026-09-28T16:54:38Z,h2h,2026-09-28T16:54:38Z,UMass Minutemen,-190,,20260928165602403570
NCAAF,americanfootball_ncaaf,7e0abfe1077b7d41d61b918ef53d247b,2026-10-03T19:30:00Z,UMass Minutemen,Eastern Michigan Eagles,betmgm,BetMGM,2026-09-28T16:54:38Z,spreads,2026-09-28T16:54:38Z,Eastern Michigan Eagles,-110,4.5,20260928165602403570
NCAAF,americanfootball_ncaaf,7e0abfe1077b7d41d61b918ef53d247b,2026-10-03T19:30:00Z,UMass Minutemen,Eastern Michigan Eagles,betmgm,BetMGM,2026-09-28T16:54:38Z,spreads,2026-09-28T16:54:38Z,UMass Minutemen,-110,-4.5,20260928165602403570
NCAAF,americanfootball_ncaaf,7e0abfe1077b7d41d61b918ef53d247b,2026-10-03T19:30:00Z,UMass Minutemen,Eastern Michigan Eagles,betmgm,BetMGM,2026-09-28T16:54:38Z,totals,2026-09-28T16:54:38Z,Over,-115,48.5,20260928165602403570
NCAAF,americanfootball_ncaaf,7e0abfe1077b7d41d61b918ef53d247b,2026-10-03T19:30:00Z,UMass Minutemen,Eastern Michigan Eagles,betmgm,BetMGM,2026-09-28T16:54:38Z,totals,2026-09-28T16:54:38Z,Under,-105,48.5,20260928165602403570
NCAAF,americanfootball_ncaaf,7e0abfe1077b7d41d61b918ef53d247b,2026-10-03T19:30:00Z,UMass Minutemen,Eastern Michigan Eagles,betus,BetUS,2026-09-28T16:55:53Z,spreads,2026-09-28T16:55:52Z,Eastern Michigan Eagles,-115,5.0,20260928165602403570
NCAAF,americanfootball_ncaaf,7e0abfe1077b7d41d61b918ef53d247b,2026-10-03T19:30:00Z,UMass Minutemen,Eastern Michigan Eagles,betus,BetUS,2026-09-28T16:55:53Z,spreads,2026-09-28T16:55:52Z,UMass Minutemen,-105,-5.0,20260928165602403570
NCAAF,americanfootball_ncaaf,7e0abfe1077b7d41d61b918ef53d247b,2026-10-03T19:30:00Z,UMass Minutemen,Eastern Michigan Eagles,betus,BetUS,2026-09-28T16:55:53Z,totals,2026-09-28T16:55:52Z,Over,-110,49.0,20260928165602403570
NCAAF,americanfootball_ncaaf,7e0abfe1077b7d41d61b918ef53d247b,2026-10-03T19:30:00Z,UMass Minutemen,Eastern Michigan Eagles,betus,BetUS,2026-09-28T16:55:53Z,totals,2026-09-28T16:55:52Z,Under,-110,49.0,20260928165602403570
NCAAF,americanfootball_ncaaf,7e0abfe1077b7d41d61b918ef53d247b,2026-10-03T19:30:00Z,UMass Minutemen,Eastern Michigan Eagles,betrivers,BetRivers,2026-09-28T16:55:49Z,h2h,2026-09-28T16:55:49Z,Eastern Michigan Eagles,163,,20260928165602403570
NCAAF,americanfootball_ncaaf,7e0abfe1077b7d41d61b918ef53d247b,2026-10-03T19:30:00Z,UMass Minutemen,Eastern Michigan Eagles,betrivers,BetRivers,2026-09-28T16:55:49Z,h2h,2026-09-28T16:55:49Z,UMass Minutemen,-205,,20260928165602403570
NCAAF,americanfootball_ncaaf,7e0abfe1077b7d41d61b918ef53d247b,2026-10-03T19:30:00Z,UMass Minutemen,Eastern Michigan Eagles,betrivers,BetRivers,2026-09-28T16:55:49Z,spreads,2026-09-28T16:55:49Z,Eastern Michigan Eagles,-110,5.0,20260928165602403570
NCAAF,americanfootball_ncaaf,7e0abfe1077b7d41d61b918ef53d247b,2026-10-03T19:30:00Z,UMass Minutemen,Eastern Michigan Eagles,betrivers,BetRivers,2026-09-28T16:55:49Z,spreads,2026-09-28T16:55:49Z,UMass Minutemen,-112,-5.0,20260928165602403570
NCAAF,americanfootball_ncaaf,7e0abfe1077b7d41d61b918ef53d247b,2026-10-03T19:30:00Z,UMass Minutemen,Eastern Michigan Eagles,betrivers,BetRivers,2026-09-28T16:55:49Z,totals,2026-09-28T16:55:49Z,Over,-114,48.5,20260928165602403570
NCAAF,americanfootball_ncaaf,7e0abfe1077b7d41d61b918ef53d247b,2026-10-03T19:30:00Z,UMass Minutemen,Eastern Michigan Eagles,betrivers,BetRivers,2026-09-28T16:55:49Z,totals,2026-09-28T16:55:49Z,Under,-113,48.5,20260928165602403570
NCAAF,americanfootball_ncaaf,7e0abfe1077b7d41d61b918ef53d247b,2026-10-03T19:30:00Z,UMass Minutemen,Eastern Michigan Eagles,bovada,Bovada,2026-09-28T16:54:58Z,h2h,2026-09-28T16:54:58Z,Eastern Michigan Eagles,160,,20260928165602403570
NCAAF,americanfootball_ncaaf,7e0abfe1077b7d41d61b918ef53d247b,2026-10-03T19:30:00Z,UMass Minutemen,Eastern Michigan Eagles,bovada,Bovada,2026-09-28T16:54:58Z,h2h,2026-09-28T16:54:58Z,UMass Minutemen,-185,,20260928165602403570
NCAAF,americanfootball_ncaaf,7e0abfe1077b7d41d61b918ef53d247b,2026-10-03T19:30:00Z,UMass Minutemen,Eastern Michigan Eagles,bovada,Bovada,2026-09-28T16:54:58Z,spreads,2026-09-28T16:54:58Z,Eastern Michigan Eagles,-110,4.0,20260928165602403570
NCAAF,americanfootball_ncaaf,7e0abfe1077b7d41d61b918ef53d247b,2026-10-03T19:30:00Z,UMass Minutemen,Eastern Michigan Eagles,bovada,Bovada,2026-09-28T16:54:58Z,spreads,2026-09-28T16:54:58Z,UMass Minutemen,-110,-4.0,20260928165602403570
NCAAF,americanfootball_ncaaf,7e0abfe1077b7d41d61b918ef53d247b,2026-10-03T19:30:00Z,UMass Minutemen,Eastern Michigan Eagles,bovada,Bovada,2026-09-28T16:54:58Z,totals,2026-09-28T16:54:58Z,Over,-105,49.5,20260928165602403570
NCAAF,americanfootball_ncaaf,7e0abfe1077b7d41d61b918ef53d247b,2026-10-03T19:30:00Z,UMass Minutemen,Eastern Michigan Eagles,bovada,Bovada,2026-09-28T16:54:58Z,totals,2026-09-28T16:54:58Z,Under,-115,49.5,20260928165602403570
NCAAF,americanfootball_ncaaf,6d39ea01c532535edf756b8086656518,2026-10-03T19:30:00Z,Missouri Tigers,Florida Gators,draftkings,DraftKings,2026-09-28T16:55:34Z,h2h,2026-09-28T16:55:34Z,Florida Gators,-205,,20260928165602403570
NCAAF,americanfootball_ncaaf,6d39ea01c532535edf756b8086656518,2026-10-03T19:30:00Z,Missouri Tigers,Florida Gators,draftkings,DraftKings,2026-09-28T16:55:34Z,h2h,2026-09-28T16:55:34Z,Missouri Tigers,170,,20260928165602403570
NCAAF,americanfootball_ncaaf,6d39ea01c532535edf756b8086656518,2026-10-03T19:30:00Z,Missouri Tigers,Florida Gators,draftkings,DraftKings,2026-09-28T16:55:34Z,spreads,2026-09-28T16:55:34Z,Florida Gators,-115,-4.5,20260928165602403570
NCAAF,americanfootball_ncaaf,6d39ea01c532535edf756b8086656518,2026-10-03T19:30:00Z,Missouri Tigers,Florida Gators,draftkings,DraftKings,2026-09-28T16:55:34Z,spreads,2026-09-28T16:55:34Z,Missouri Tigers,-105,4.5,20260928165602403570
NCAAF,americanfootball_ncaaf,6d39ea01c532535edf756b8086656518,2026-10-03T19:30:00Z,Missouri Tigers,Florida Gators,draftkings,DraftKings,2026-09-28T16:55:34Z,totals,2026-09-28T16:55:34Z,Over,-112,56.5,20260928165602403570
NCAAF,americanfootball_ncaaf,6d39ea01c532535edf756b8086656518,2026-10-03T19:30:00Z,Missouri Tigers,Florida Gators,draftkings,DraftKings,2026-09-28T16:55:34Z,totals,2026-09-28T16:55:34Z,Under,-108,56.5,20260928165602403570
NCAAF,americanfootball_ncaaf,6d39ea01c532535edf756b8086656518,2026-10-03T19:30:00Z,Missouri Tigers,Florida Gators,fanduel,FanDuel,2026-09-28T16:55:50Z,h2h,2026-09-28T16:55:49Z,Florida Gators,-210,,20260928165602403570
NCAAF,americanfootball_ncaaf,6d39ea01c532535edf756b8086656518,2026-10-03T19:30:00Z,Missouri Tigers,Florida Gators,fanduel,FanDuel,2026-09-28T16:55:50Z,h2h,2026-09-28T16:55:49Z,Missouri Tigers,172,,20260928165602403570
NCAAF,americanfootball_ncaaf,6d39ea01c532535edf756b8086656518,2026-10-03T19:30:00Z,Missouri Tigers,Florida Gators,fanduel,FanDuel,2026-09-28T16:55:50Z,spreads,2026-09-28T16:55:49Z,Florida Gators,-110,-5.5,20260928165602403570
NCAAF,americanfootball_ncaaf,6d39ea01c532535edf756b8086656518,2026-10-03T19:30:00Z,Missouri Tigers,Florida Gators,fanduel,FanDuel,2026-09-28T16:55:50Z,spreads,2026-09-28T16:55:49Z,Missouri Tigers,-110,5.5,20260928165602403570
NCAAF,americanfootball_ncaaf,6d39ea01c532535edf756b8086656518,2026-10-03T19:30:00Z,Missouri Tigers,Florida Gators,fanduel,FanDuel,2026-09-28T16:55:50Z,totals,2026-09-28T16:55:49Z,Over,-112,56.5,20260928165602403570
NCAAF,americanfootball_ncaaf,6d39ea01c532535edf756b8086656518,2026-10-03T19:30:00Z,Missouri Tigers,Florida Gators,fanduel,FanDuel,2026-09-28T16:55:50Z,totals,2026-09-28T16:55:49Z,Under,-108,56.5,20260928165602403570
NCAAF,americanfootball_ncaaf,6d39ea01c532535edf756b8086656518,2026-10-03T19:30:00Z,Missouri Tigers,Florida Gators,betrivers,BetRivers,2026-09-28T16:55:49Z,h2h,2026-09-28T16:55:49Z,Florida Gators,-210,,20260928165602403570
NCAAF,americanfootball_ncaaf,6d39ea01c532535edf756b8086656518,2026-10-03T19:30:00Z,Missouri Tigers,Florida Gators,betrivers,BetRivers,2026-09-28T16:55:49Z,h2h,2026-09-28T16:55:49Z,Missouri Tigers,165,,20260928165602403570
NCAAF,americanfootball_ncaaf,6d39ea01c532535edf756b8086656518,2026-10-03T19:30:00Z,Missouri Tigers,Florida Gators,betrivers,BetRivers,2026-09-28T16:55:49Z,spreads,2026-09-28T16:55:49Z,Florida Gators,-114,-5.0,20260928165602403570
NCAAF,americanfootball_ncaaf,6d39ea01c532535edf756b8086656518,2026-10-03T19:30:00Z,Missouri Tigers,Florida Gators,betrivers,BetRivers,2026-09-28T16:55:49Z,spreads,2026-09-28T16:55:49Z,Missouri Tigers,-109,5.0,20260928165602403570
NCAAF,americanfootball_ncaaf,6d39ea01c532535edf756b8086656518,2026-10-03T19:30:00Z,Missouri Tigers,Florida Gators,betrivers,BetRivers,2026-09-28T16:55:49Z,totals,2026-09-28T16:55:49Z,Over,-109,57.0,20260928165602403570
NCAAF,americanfootball_ncaaf,6d39ea01c532535edf756b8086656518,2026-10-03T19:30:00Z,Missouri Tigers,Florida Gators,betrivers,BetRivers,2026-09-28T16:55:49Z,totals,2026-09-28T16:55:49Z,Under,-114,57.0,20260928165602403570
NCAAF,americanfootball_ncaaf,6d39ea01c532535edf756b8086656518,2026-10-03T19:30:00Z,Missouri Tigers,Florida Gators,betonlineag,BetOnline.ag,2026-09-28T16:55:07Z,h2h,2026-09-28T16:55:07Z,Florida Gators,-210,,20260928165602403570
NCAAF,americanfootball_ncaaf,6d39ea01c532535edf756b8086656518,2026-10-03T19:30:00Z,Missouri Tigers,Florida Gators,betonlineag,BetOnline.ag,2026-09-28T16:55:07Z,h2h,2026-09-28T16:55:07Z,Missouri Tigers,180,,20260928165602403570
NCAAF,americanfootball_ncaaf,6d39ea01c532535edf756b8086656518,2026-10-03T19:30:00Z,Missouri Tigers,Florida Gators,betonlineag,BetOnline.ag,2026-09-28T16:55:07Z,spreads,2026-09-28T16:55:07Z,Florida Gators,-105,-5.5,20260928165602403570
NCAAF,americanfootball_ncaaf,6d39ea01c532535edf756b8086656518,2026-10-03T19:30:00Z,Missouri Tigers,Florida Gators,betonlineag,BetOnline.ag,2026-09-28T16:55:07Z,spreads,2026-09-28T16:55:07Z,Missouri Tigers,-115,5.5,20260928165602403570
NCAAF,americanfootball_ncaaf,6d39ea01c532535edf756b8086656518,2026-10-03T19:30:00Z,Missouri Tigers,Florida Gators,betonlineag,BetOnline.ag,2026-09-28T16:55:07Z,totals,2026-09-28T16:55:07Z,Over,-115,56.5,20260928165602403570
NCAAF,americanfootball_ncaaf,6d39ea01c532535edf756b8086656518,2026-10-03T19:30:00Z,Missouri Tigers,Florida Gators,betonlineag,BetOnline.ag,2026-09-28T16:55:07Z,totals,2026-09-28T16:55:07Z,Under,-105,56.5,20260928165602403570
NCAAF,americanfootball_ncaaf,6d39ea01c532535edf756b8086656518,2026-10-03T19:30:00Z,Missouri Tigers,Florida Gators,lowvig,LowVig.ag,2026-09-28T16:55:49Z,h2h,2026-09-28T16:55:49Z,Florida Gators,-210,,20260928165602403570
NCAAF,americanfootball_ncaaf,6d39ea01c532535edf756b8086656518,2026-10-03T19:30:00Z,Missouri Tigers,Florida Gators,lowvig,LowVig.ag,2026-09-28T16:55:49Z,h2h,2026-09-28T16:55:49Z,Missouri Tigers,180,,20260928165602403570
NCAAF,americanfootball_ncaaf,6d39ea01c532535edf756b8086656518,2026-10-03T19:30:00Z,Missouri Tigers,Florida Gators,lowvig,LowVig.ag,2026-09-28T16:55:49Z,spreads,2026-09-28T16:55:49Z,Florida Gators,-101,-5.5,20260928165602403570
NCAAF,americanfootball_ncaaf,6d39ea01c532535edf756b8086656518,2026-10-03T19:30:00Z,Missouri Tigers,Florida Gators,lowvig,LowVig.ag,2026-09-28T16:55:49Z,spreads,2026-09-28T16:55:49Z,Missouri Tigers,-111,5.5,20260928165602403570
NCAAF,americanfootball_ncaaf,6d39ea01c532535edf756b8086656518,2026-10-03T19:30:00Z,Missouri Tigers,Florida Gators,lowvig,LowVig.ag,2026-09-28T16:55:49Z,totals,2026-09-28T16:55:49Z,Over,-114,56.5,20260928165602403570
NCAAF,americanfootball_ncaaf,6d39ea01c532535edf756b8086656518,2026-10-03T19:30:00Z,Missouri Tigers,Florida Gators,lowvig,LowVig.ag,2026-09-28T16:55:49Z,totals,2026-09-28T16:55:49Z,Under,-103,56.5,20260928165602403570
NCAAF,americanfootball_ncaaf,6d39ea01c532535edf756b8086656518,2026-10-03T19:30:00Z,Missouri Tigers,Florida Gators,mybookieag,MyBookie.ag,2026-09-28T16:55:48Z,h2h,2026-09-28T16:55:48Z,Florida Gators,-222,,20260928165602403570
NCAAF,americanfootball_ncaaf,6d39ea01c532535edf756b8086656518,2026-10-03T19:30:00Z,Missouri Tigers,Florida Gators,mybookieag,MyBookie.ag,2026-09-28T16:55:48Z,h2h,2026-09-28T16:55:48Z,Missouri Tigers,178,,20260928165602403570
NCAAF,americanfootball_ncaaf,6d39ea01c532535edf756b8086656518,2026-10-03T19:30:00Z,Missouri Tigers,Florida Gators,mybookieag,MyBookie.ag,2026-09-28T16:55:48Z,spreads,2026-09-28T16:55:48Z,Florida Gators,-110,-5.0,20260928165602403570
NCAAF,americanfootball_ncaaf,6d39ea01c532535edf756b8086656518,2026-10-03T19:30:00Z,Missouri Tigers,Florida Gators,mybookieag,MyBookie.ag,2026-09-28T16:55:48Z,spreads,2026-09-28T16:55:48Z,Missouri Tigers,-110,5.0,20260928165602403570
NCAAF,americanfootball_ncaaf,6d39ea01c532535edf756b8086656518,2026-10-03T19:30:00Z,Missouri Tigers,Florida Gators,mybookieag,MyBookie.ag,2026-09-28T16:55:48Z,totals,2026-09-28T16:55:48Z,Over,-110,56.0,20260928165602403570
NCAAF,americanfootball_ncaaf,6d39ea01c532535edf756b8086656518,2026-10-03T19:30:00Z,Missouri Tigers,Florida Gators,mybookieag,MyBookie.ag,2026-09-28T16:55:48Z,totals,2026-09-28T16:55:48Z,Under,-110,56.0,20260928165602403570
NCAAF,americanfootball_ncaaf,6d39ea01c532535edf756b8086656518,2026-10-03T19:30:00Z,Missouri Tigers,Florida Gators,betmgm,BetMGM,2026-09-28T16:54:38Z,h2h,2026-09-28T16:54:38Z,Florida Gators,-210,,20260928165602403570
NCAAF,americanfootball_ncaaf,6d39ea01c532535edf756b8086656518,2026-10-03T19:30:00Z,Missouri Tigers,Florida Gators,betmgm,BetMGM,2026-09-28T16:54:38Z,h2h,2026-09-28T16:54:38Z,Missouri Tigers,170,,20260928165602403570
NCAAF,americanfootball_ncaaf,6d39ea01c532535edf756b8086656518,2026-10-03T19:30:00Z,Missouri Tigers,Florida Gators,betmgm,BetMGM,2026-09-28T16:54:38Z,spreads,2026-09-28T16:54:38Z,Florida Gators,-108,-5.0,20260928165602403570
NCAAF,americanfootball_ncaaf,6d39ea01c532535edf756b8086656518,2026-10-03T19:30:00Z,Missouri Tigers,Florida Gators,betmgm,BetMGM,2026-09-28T16:54:38Z,spreads,2026-09-28T16:54:38Z,Missouri Tigers,-110,5.0,20260928165602403570
NCAAF,americanfootball_ncaaf,6d39ea01c532535edf756b8086656518,2026-10-03T19:30:00Z,Missouri Tigers,Florida Gators,betmgm,BetMGM,2026-09-28T16:54:38Z,totals,2026-09-28T16:54:38Z,Over,-110,56.5,20260928165602403570
NCAAF,americanfootball_ncaaf,6d39ea01c532535edf756b8086656518,2026-10-03T19:30:00Z,Missouri Tigers,Florida Gators,betmgm,BetMGM,2026-09-28T16:54:38Z,totals,2026-09-28T16:54:38Z,Under,-108,56.5,20260928165602403570
NCAAF,americanfootball_ncaaf,6d39ea01c532535edf756b8086656518,2026-10-03T19:30:00Z,Missouri Tigers,Florida Gators,betus,BetUS,2026-09-28T16:55:53Z,spreads,2026-09-28T16:55:53Z,Florida Gators,-105,-5.5,20260928165602403570
NCAAF,americanfootball_ncaaf,6d39ea01c532535edf756b8086656518,2026-10-03T19:30:00Z,Missouri Tigers,Florida Gators,betus,BetUS,2026-09-28T16:55:53Z,spreads,2026-09-28T16:55:53Z,Missouri Tigers,-115,5.5,20260928165602403570
NCAAF,americanfootball_ncaaf,6d39ea01c532535edf756b8086656518,2026-10-03T19:30:00Z,Missouri Tigers,Florida Gators,betus,BetUS,2026-09-28T16:55:53Z,totals,2026-09-28T16:55:53Z,Over,-115,56.5,20260928165602403570
NCAAF,americanfootball_ncaaf,6d39ea01c532535edf756b8086656518,2026-10-03T19:30:00Z,Missouri Tigers,Florida Gators,betus,BetUS,2026-09-28T16:55:53Z,totals,2026-09-28T16:55:53Z,Under,-105,56.5,20260928165602403570
NCAAF,americanfootball_ncaaf,6d39ea01c532535edf756b8086656518,2026-10-03T19:30:00Z,Missouri Tigers,Florida Gators,bovada,Bovada,2026-09-28T16:54:58Z,h2h,2026-09-28T16:54:58Z,Florida Gators,-210,,20260928165602403570
NCAAF,americanfootball_ncaaf,6d39ea01c532535edf756b8086656518,2026-10-03T19:30:00Z,Missouri Tigers,Florida Gators,bovada,Bovada,2026-09-28T16:54:58Z,h2h,2026-09-28T16:54:58Z,Missouri Tigers,175,,20260928165602403570
NCAAF,americanfootball_ncaaf,6d39ea01c532535edf756b8086656518,2026-10-03T19:30:00Z,Missouri Tigers,Florida Gators,bovada,Bovada,2026-09-28T16:54:58Z,spreads,2026-09-28T16:54:58Z,Florida Gators,-110,-5.0,20260928165602403570
NCAAF,americanfootball_ncaaf,6d39ea01c532535edf756b8086656518,2026-10-03T19:30:00Z,Missouri Tigers,Florida Gators,bovada,Bovada,2026-09-28T16:54:58Z,spreads,2026-09-28T16:54:58Z,Missouri Tigers,-110,5.0,20260928165602403570
NCAAF,americanfootball_ncaaf,6d39ea01c532535edf756b8086656518,2026-10-03T19:30:00Z,Missouri Tigers,Florida Gators,bovada,Bovada,2026-09-28T16:54:58Z,totals,2026-09-28T16:54:58Z,Over,-110,56.5,20260928165602403570
NCAAF,americanfootball_ncaaf,6d39ea01c532535edf756b8086656518,2026-10-03T19:30:00Z,Missouri Tigers,Florida Gators,bovada,Bovada,2026-09-28T16:54:58Z,totals,2026-09-28T16:54:58Z,Under,-110,56.5,20260928165602403570
NCAAF,americanfootball_ncaaf,296c3e1c69d11f640690b6f9bd37d424,2026-10-03T19:30:00Z,Florida State Seminoles,Virginia Cavaliers,fanduel,FanDuel,2026-09-28T16:55:50Z,h2h,2026-09-28T16:55:49Z,Florida State Seminoles,115,,20260928165602403570
NCAAF,americanfootball_ncaaf,296c3e1c69d11f640690b6f9bd37d424,2026-10-03T19:30:00Z,Florida State Seminoles,Virginia Cavaliers,fanduel,FanDuel,2026-09-28T16:55:50Z,h2h,2026-09-28T16:55:49Z,Virginia Cavaliers,-138,,20260928165602403570
NCAAF,americanfootball_ncaaf,296c3e1c69d11f640690b6f9bd37d424,2026-10-03T19:30:00Z,Florida State Seminoles,Virginia Cavaliers,fanduel,FanDuel,2026-09-28T16:55:50Z,spreads,2026-09-28T16:55:49Z,Florida State Seminoles,-110,2.5,20260928165602403570
NCAAF,americanfootball_ncaaf,296c3e1c69d11f640690b6f9bd37d424,2026-10-03T19:30:00Z,Florida State Seminoles,Virginia Cavaliers,fanduel,FanDuel,2026-09-28T16:55:50Z,spreads,2026-09-28T16:55:49Z,Virginia Cavaliers,-110,-2.5,20260928165602403570
NCAAF,americanfootball_ncaaf,296c3e1c69d11f640690b6f9bd37d424,2026-10-03T19:30:00Z,Florida State Seminoles,Virginia Cavaliers,fanduel,FanDuel,2026-09-28T16:55:50Z,totals,2026-09-28T16:55:49Z,Over,-110,51.5,20260928165602403570
NCAAF,americanfootball_ncaaf,296c3e1c69d11f640690b6f9bd37d424,2026-10-03T19:30:00Z,Florida State Seminoles,Virginia Cavaliers,fanduel,FanDuel,2026-09-28T16:55:50Z,totals,2026-09-28T16:55:49Z,Under,-110,51.5,20260928165602403570
NCAAF,americanfootball_ncaaf,296c3e1c69d11f640690b6f9bd37d424,2026-10-03T19:30:00Z,Florida State Seminoles,Virginia Cavaliers,draftkings,DraftKings,2026-09-28T16:55:34Z,h2h,2026-09-28T16:55:34Z,Florida State Seminoles,120,,20260928165602403570
NCAAF,americanfootball_ncaaf,296c3e1c69d11f640690b6f9bd37d424,2026-10-03T19:30:00Z,Florida State Seminoles,Virginia Cavaliers,draftkings,DraftKings,2026-09-28T16:55:34Z,h2h,2026-09-28T16:55:34Z,Virginia Cavaliers,-142,,20260928165602403570
NCAAF,americanfootball_ncaaf,296c3e1c69d11f640690b6f9bd37d424,2026-10-03T19:30:00Z,Florida State Seminoles,Virginia Cavaliers,draftkings,DraftKings,2026-09-28T16:55:34Z,spreads,2026-09-28T16:55:34Z,Florida State Seminoles,-105,2.5,20260928165602403570
NCAAF,americanfootball_ncaaf,296c3e1c69d11f640690b6f9bd37d424,2026-10-03T19:30:00Z,Florida State Seminoles,Virginia Cavaliers,draftkings,DraftKings,2026-09-28T16:55:34Z,spreads,2026-09-28T16:55:34Z,Virginia Cavaliers,-115,-2.5,20260928165602403570
NCAAF,americanfootball_ncaaf,296c3e1c69d11f640690b6f9bd37d424,2026-10-03T19:30:00Z,Florida State Seminoles,Virginia Cavaliers,draftkings,DraftKings,2026-09-28T16:55:34Z,totals,2026-09-28T16:55:34Z,Over,-108,51.5,20260928165602403570
NCAAF,americanfootball_ncaaf,296c3e1c69d11f640690b6f9bd37d424,2026-10-03T19:30:00Z,Florida State Seminoles,Virginia Cavaliers,draftkings,DraftKings,2026-09-28T16:55:34Z,totals,2026-09-28T16:55:34Z,Under,-112,51.5,20260928165602403570
NCAAF,americanfootball_ncaaf,296c3e1c69d11f640690b6f9bd37d424,2026-10-03T19:30:00Z,Florida State Seminoles,Virginia Cavaliers,betrivers,BetRivers,2026-09-28T16:55:49Z,h2h,2026-09-28T16:55:49Z,Florida State Seminoles,114,,20260928165602403570
NCAAF,americanfootball_ncaaf,296c3e1c69d11f640690b6f9bd37d424,2026-10-03T19:30:00Z,Florida State Seminoles,Virginia Cavaliers,betrivers,BetRivers,2026-09-28T16:55:49Z,h2h,2026-09-28T16:55:49Z,Virginia Cavaliers,-143,,20260928165602403570
NCAAF,americanfootball_ncaaf,296c3e1c69d11f640690b6f9bd37d424,2026-10-03T19:30:00Z,Florida State Seminoles,Virginia Cavaliers,betrivers,BetRivers,2026-09-28T16:55:49Z,spreads,2026-09-28T16:55:49Z,Florida State Seminoles,-108,2.5,20260928165602403570
NCAAF,americanfootball_ncaaf,296c3e1c69d11f640690b6f9bd37d424,2026-10-03T19:30:00Z,Florida State Seminoles,Virginia Cavaliers,betrivers,BetRivers,2026-09-28T16:55:49Z,spreads,2026-09-28T16:55:49Z,Virginia Cavaliers,-115,-2.5,20260928165602403570
NCAAF,americanfootball_ncaaf,296c3e1c69d11f640690b6f9bd37d424,2026-10-03T19:30:00Z,Florida State Seminoles,Virginia Cavaliers,betrivers,BetRivers,2026-09-28T16:55:49Z,totals,2026-09-28T16:55:49Z,Over,-109,51.5,20260928165602403570
NCAAF,americanfootball_ncaaf,296c3e1c69d11f640690b6f9bd37d424,2026-10-03T19:30:00Z,Florida State Seminoles,Virginia Cavaliers,betrivers,BetRivers,2026-09-28T16:55:49Z,totals,2026-09-28T16:55:49Z,Under,-114,51.5,20260928165602403570
NCAAF,americanfootball_ncaaf,296c3e1c69d11f640690b6f9bd37d424,2026-10-03T19:30:00Z,Florida State Seminoles,Virginia Cavaliers,betonlineag,BetOnline.ag,2026-09-28T16:55:07Z,h2h,2026-09-28T16:55:07Z,Florida State Seminoles,120,,20260928165602403570
NCAAF,americanfootball_ncaaf,296c3e1c69d11f640690b6f9bd37d424,2026-10-03T19:30:00Z,Florida State Seminoles,Virginia Cavaliers,betonlineag,BetOnline.ag,2026-09-28T16:55:07Z,h2h,2026-09-28T16:55:07Z,Virginia Cavaliers,-140,,20260928165602403570
NCAAF,americanfootball_ncaaf,296c3e1c69d11f640690b6f9bd37d424,2026-10-03T19:30:00Z,Florida State Seminoles,Virginia Cavaliers,betonlineag,BetOnline.ag,2026-09-28T16:55:07Z,spreads,2026-09-28T16:55:07Z,Florida State Seminoles,-110,2.5,20260928165602403570
NCAAF,americanfootball_ncaaf,296c3e1c69d11f640690b6f9bd37d424,2026-10-03T19:30:00Z,Florida State Seminoles,Virginia Cavaliers,betonlineag,BetOnline.ag,2026-09-28T16:55:07Z,spreads,2026-09-28T16:55:07Z,Virginia Cavaliers,-110,-2.5,20260928165602403570
NCAAF,americanfootball_ncaaf,296c3e1c69d11f640690b6f9bd37d424,2026-10-03T19:30:00Z,Florida State Seminoles,Virginia Cavaliers,betonlineag,BetOnline.ag,2026-09-28T16:55:07Z,totals,2026-09-28T16:55:07Z,Over,-105,51.5,20260928165602403570
NCAAF,americanfootball_ncaaf,296c3e1c69d11f640690b6f9bd37d424,2026-10-03T19:30:00Z,Florida State Seminoles,Virginia Cavaliers,betonlineag,BetOnline.ag,2026-09-28T16:55:07Z,totals,2026-09-28T16:55:07Z,Under,-115,51.5,20260928165602403570
NCAAF,americanfootball_ncaaf,296c3e1c69d11f640690b6f9bd37d424,2026-10-03T19:30:00Z,Florida State Seminoles,Virginia Cavaliers,lowvig,LowVig.ag,2026-09-28T16:55:49Z,h2h,2026-09-28T16:55:49Z,Florida State Seminoles,120,,20260928165602403570
NCAAF,americanfootball_ncaaf,296c3e1c69d11f640690b6f9bd37d424,2026-10-03T19:30:00Z,Florida State Seminoles,Virginia Cavaliers,lowvig,LowVig.ag,2026-09-28T16:55:49Z,h2h,2026-09-28T16:55:49Z,Virginia Cavaliers,-140,,20260928165602403570
NCAAF,americanfootball_ncaaf,296c3e1c69d11f640690b6f9bd37d424,2026-10-03T19:30:00Z,Florida State Seminoles,Virginia Cavaliers,lowvig,LowVig.ag,2026-09-28T16:55:49Z,spreads,2026-09-28T16:55:49Z,Florida State Seminoles,-106,2.5,20260928165602403570
NCAAF,americanfootball_ncaaf,296c3e1c69d11f640690b6f9bd37d424,2026-10-03T19:30:00Z,Florida State Seminoles,Virginia Cavaliers,lowvig,LowVig.ag,2026-09-28T16:55:49Z,spreads,2026-09-28T16:55:49Z,Virginia Cavaliers,-106,-2.5,20260928165602403570
NCAAF,americanfootball_ncaaf,296c3e1c69d11f640690b6f9bd37d424,2026-10-03T19:30:00Z,Florida State Seminoles,Virginia Cavaliers,lowvig,LowVig.ag,2026-09-28T16:55:49Z,totals,2026-09-28T16:55:49Z,Over,-103,51.5,20260928165602403570
NCAAF,americanfootball_ncaaf,296c3e1c69d11f640690b6f9bd37d424,2026-10-03T19:30:00Z,Florida State Seminoles,Virginia Cavaliers,lowvig,LowVig.ag,2026-09-28T16:55:49Z,totals,2026-09-28T16:55:49Z,Under,-114,51.5,20260928165602403570
NCAAF,americanfootball_ncaaf,296c3e1c69d11f640690b6f9bd37d424,2026-10-03T19:30:00Z,Florida State Seminoles,Virginia Cavaliers,mybookieag,MyBookie.ag,2026-09-28T16:55:48Z,h2h,2026-09-28T16:55:48Z,Florida State Seminoles,119,,20260928165602403570
NCAAF,americanfootball_ncaaf,296c3e1c69d11f640690b6f9bd37d424,2026-10-03T19:30:00Z,Florida State Seminoles,Virginia Cavaliers,mybookieag,MyBookie.ag,2026-09-28T16:55:48Z,h2h,2026-09-28T16:55:48Z,Virginia Cavaliers,-146,,20260928165602403570
NCAAF,americanfootball_ncaaf,296c3e1c69d11f640690b6f9bd37d424,2026-10-03T19:30:00Z,Florida State Seminoles,Virginia Cavaliers,mybookieag,MyBookie.ag,2026-09-28T16:55:48Z,spreads,2026-09-28T16:55:48Z,Florida State Seminoles,-110,2.5,20260928165602403570
NCAAF,americanfootball_ncaaf,296c3e1c69d11f640690b6f9bd37d424,2026-10-03T19:30:00Z,Florida State Seminoles,Virginia Cavaliers,mybookieag,MyBookie.ag,2026-09-28T16:55:48Z,spreads,2026-09-28T16:55:48Z,Virginia Cavaliers,-110,-2.5,20260928165602403570
NCAAF,americanfootball_ncaaf,296c3e1c69d11f640690b6f9bd37d424,2026-10-03T19:30:00Z,Florida State Seminoles,Virginia Cavaliers,mybookieag,MyBookie.ag,2026-09-28T16:55:48Z,totals,2026-09-28T16:55:48Z,Over,-110,51.5,20260928165602403570
NCAAF,americanfootball_ncaaf,296c3e1c69d11f640690b6f9bd37d424,2026-10-03T19:30:00Z,Florida State Seminoles,Virginia Cavaliers,mybookieag,MyBookie.ag,2026-09-28T16:55:48Z,totals,2026-09-28T16:55:48Z,Under,-110,51.5,20260928165602403570
NCAAF,americanfootball_ncaaf,296c3e1c69d11f640690b6f9bd37d424,2026-10-03T19:30:00Z,Florida State Seminoles,Virginia Cavaliers,betmgm,BetMGM,2026-09-28T16:54:38Z,h2h,2026-09-28T16:54:38Z,Florida State Seminoles,120,,20260928165602403570
NCAAF,americanfootball_ncaaf,296c3e1c69d11f640690b6f9bd37d424,2026-10-03T19:30:00Z,Florida State Seminoles,Virginia Cavaliers,betmgm,BetMGM,2026-09-28T16:54:38Z,h2h,2026-09-28T16:54:38Z,Virginia Cavaliers,-145,,20260928165602403570
NCAAF,americanfootball_ncaaf,296c3e1c69d11f640690b6f9bd37d424,2026-10-03T19:30:00Z,Florida State Seminoles,Virginia Cavaliers,betmgm,BetMGM,2026-09-28T16:54:38Z,spreads,2026-09-28T16:54:38Z,Florida State Seminoles,-105,2.5,20260928165602403570
NCAAF,americanfootball_ncaaf,296c3e1c69d11f640690b6f9bd37d424,2026-10-03T19:30:00Z,Florida State Seminoles,Virginia Cavaliers,betmgm,BetMGM,2026-09-28T16:54:38Z,spreads,2026-09-28T16:54:38Z,Virginia Cavaliers,-112,-2.5,20260928165602403570
NCAAF,americanfootball_ncaaf,296c3e1c69d11f640690b6f9bd37d424,2026-10-03T19:30:00Z,Florida State Seminoles,Virginia Cavaliers,betmgm,BetMGM,2026-09-28T16:54:38Z,totals,2026-09-28T16:54:38Z,Over,-108,51.5,20260928165602403570
NCAAF,americanfootball_ncaaf,296c3e1c69d11f640690b6f9bd37d424,2026-10-03T19:30:00Z,Florida State Seminoles,Virginia Cavaliers,betmgm,BetMGM,2026-09-28T16:54:38Z,totals,2026-09-28T16:54:38Z,Under,-110,51.5,20260928165602403570
NCAAF,americanfootball_ncaaf,296c3e1c69d11f640690b6f9bd37d424,2026-10-03T19:30:00Z,Florida State Seminoles,Virginia Cavaliers,betus,BetUS,2026-09-28T16:55:53Z,spreads,2026-09-28T16:55:52Z,Florida State Seminoles,-110,2.5,20260928165602403570
NCAAF,americanfootball_ncaaf,296c3e1c69d11f640690b6f9bd37d424,2026-10-03T19:30:00Z,Florida State Seminoles,Virginia Cavaliers,betus,BetUS,2026-09-28T16:55:53Z,spreads,2026-09-28T16:55:52Z,Virginia Cavaliers,-110,-2.5,20260928165602403570
NCAAF,americanfootball_ncaaf,296c3e1c69d11f640690b6f9bd37d424,2026-10-03T19:30:00Z,Florida State Seminoles,Virginia Cavaliers,betus,BetUS,2026-09-28T16:55:53Z,totals,2026-09-28T16:55:52Z,Over,-105,51.5,20260928165602403570
NCAAF,americanfootball_ncaaf,296c3e1c69d11f640690b6f9bd37d424,2026-10-03T19:30:00Z,Florida State Seminoles,Virginia Cavaliers,betus,BetUS,2026-09-28T16:55:53Z,totals,2026-09-28T16:55:52Z,Under,-115,51.5,20260928165602403570
NCAAF,americanfootball_ncaaf,296c3e1c69d11f640690b6f9bd37d424,2026-10-03T19:30:00Z,Florida State Seminoles,Virginia Cavaliers,bovada,Bovada,2026-09-28T16:54:58Z,h2h,2026-09-28T16:54:58Z,Florida State Seminoles,120,,20260928165602403570
NCAAF,americanfootball_ncaaf,296c3e1c69d11f640690b6f9bd37d424,2026-10-03T19:30:00Z,Florida State Seminoles,Virginia Cavaliers,bovada,Bovada,2026-09-28T16:54:58Z,h2h,2026-09-28T16:54:58Z,Virginia Cavaliers,-140,,20260928165602403570
NCAAF,americanfootball_ncaaf,296c3e1c69d11f640690b6f9bd37d424,2026-10-03T19:30:00Z,Florida State Seminoles,Virginia Cavaliers,bovada,Bovada,2026-09-28T16:54:58Z,spreads,2026-09-28T16:54:58Z,Florida State Seminoles,-120,3.0,20260928165602403570
NCAAF,americanfootball_ncaaf,296c3e1c69d11f640690b6f9bd37d424,2026-10-03T19:30:00Z,Florida State Seminoles,Virginia Cavaliers,bovada,Bovada,2026-09-28T16:54:58Z,spreads,2026-09-28T16:54:58Z,Virginia Cavaliers,100,-3.0,20260928165602403570
NCAAF,americanfootball_ncaaf,296c3e1c69d11f640690b6f9bd37d424,2026-10-03T19:30:00Z,Florida State Seminoles,Virginia Cavaliers,bovada,Bovada,2026-09-28T16:54:58Z,totals,2026-09-28T16:54:58Z,Over,-115,51.5,20260928165602403570
NCAAF,americanfootball_ncaaf,296c3e1c69d11f640690b6f9bd37d424,2026-10-03T19:30:00Z,Florida State Seminoles,Virginia Cavaliers,bovada,Bovada,2026-09-28T16:54:58Z,totals,2026-09-28T16:54:58Z,Under,-105,51.5,20260928165602403570
NCAAF,americanfootball_ncaaf,e4f058459f5ee64f3cff3ac1aed79e64,2026-10-03T19:30:00Z,Georgia State Panthers,Old Dominion Monarchs,fanduel,FanDuel,2026-09-28T16:55:50Z,h2h,2026-09-28T16:55:49Z,Georgia State Panthers,-125,,20260928165602403570
NCAAF,americanfootball_ncaaf,e4f058459f5ee64f3cff3ac1aed79e64,2026-10-03T19:30:00Z,Georgia State Panthers,Old Dominion Monarchs,fanduel,FanDuel,2026-09-28T16:55:50Z,h2h,2026-09-28T16:55:49Z,Old Dominion Monarchs,104,,20260928165602403570
NCAAF,americanfootball_ncaaf,e4f058459f5ee64f3cff3ac1aed79e64,2026-10-03T19:30:00Z,Georgia State Panthers,Old Dominion Monarchs,fanduel,FanDuel,2026-09-28T16:55:50Z,spreads,2026-09-28T16:55:49Z,Georgia State Panthers,-114,-1.5,20260928165602403570
NCAAF,americanfootball_ncaaf,e4f058459f5ee64f3cff3ac1aed79e64,2026-10-03T19:30:00Z,Georgia State Panthers,Old Dominion Monarchs,fanduel,FanDuel,2026-09-28T16:55:50Z,spreads,2026-09-28T16:55:49Z,Old Dominion Monarchs,-106,1.5,20260928165602403570
NCAAF,americanfootball_ncaaf,e4f058459f5ee64f3cff3ac1aed79e64,2026-10-03T19:30:00Z,Georgia State Panthers,Old Dominion Monarchs,fanduel,FanDuel,2026-09-28T16:55:50Z,totals,2026-09-28T16:55:49Z,Over,-102,51.5,20260928165602403570
NCAAF,americanfootball_ncaaf,e4f058459f5ee64f3cff3ac1aed79e64,2026-10-03T19:30:00Z,Georgia State Panthers,Old Dominion Monarchs,fanduel,FanDuel,2026-09-28T16:55:50Z,totals,2026-09-28T16:55:49Z,Under,-120,51.5,20260928165602403570
NCAAF,americanfootball_ncaaf,e4f058459f5ee64f3cff3ac1aed79e64,2026-10-03T19:30:00Z,Georgia State Panthers,Old Dominion Monarchs,draftkings,DraftKings,2026-09-28T16:55:34Z,h2h,2026-09-28T16:55:34Z,Georgia State Panthers,-118,,20260928165602403570
NCAAF,americanfootball_ncaaf,e4f058459f5ee64f3cff3ac1aed79e64,2026-10-03T19:30:00Z,Georgia State Panthers,Old Dominion Monarchs,draftkings,DraftKings,2026-09-28T16:55:34Z,h2h,2026-09-28T16:55:34Z,Old Dominion Monarchs,-102,,20260928165602403570
NCAAF,americanfootball_ncaaf,e4f058459f5ee64f3cff3ac1aed79e64,2026-10-03T19:30:00Z,Georgia State Panthers,Old Dominion Monarchs,draftkings,DraftKings,2026-09-28T16:55:34Z,spreads,2026-09-28T16:55:34Z,Georgia State Panthers,-110,-1.5,20260928165602403570
NCAAF,americanfootball_ncaaf,e4f058459f5ee64f3cff3ac1aed79e64,2026-10-03T19:30:00Z,Georgia State Panthers,Old Dominion Monarchs,draftkings,DraftKings,2026-09-28T16:55:34Z,spreads,2026-09-28T16:55:34Z,Old Dominion Monarchs,-110,1.5,20260928165602403570
NCAAF,americanfootball_ncaaf,e4f058459f5ee64f3cff3ac1aed79e64,2026-10-03T19:30:00Z,Georgia State Panthers,Old Dominion Monarchs,draftkings,DraftKings,2026-09-28T16:55:34Z,totals,2026-09-28T16:55:34Z,Over,-118,50.5,20260928165602403570
NCAAF,americanfootball_ncaaf,e4f058459f5ee64f3cff3ac1aed79e64,2026-10-03T19:30:00Z,Georgia State Panthers,Old Dominion Monarchs,draftkings,DraftKings,2026-09-28T16:55:34Z,totals,2026-09-28T16:55:34Z,Under,-102,50.5,20260928165602403570
NCAAF,americanfootball_ncaaf,e4f058459f5ee64f3cff3ac1aed79e64,2026-10-03T19:30:00Z,Georgia State Panthers,Old Dominion Monarchs,betrivers,BetRivers,2026-09-28T16:55:49Z,h2h,2026-09-28T16:55:49Z,Georgia State Panthers,-113,,20260928165602403570
NCAAF,americanfootball_ncaaf,e4f058459f5ee64f3cff3ac1aed79e64,2026-10-03T19:30:00Z,Georgia State Panthers,Old Dominion Monarchs,betrivers,BetRivers,2026-09-28T16:55:49Z,h2h,2026-09-28T16:55:49Z,Old Dominion Monarchs,-109,,20260928165602403570
NCAAF,americanfootball_ncaaf,e4f058459f5ee64f3cff3ac1aed79e64,2026-10-03T19:30:00Z,Georgia State Panthers,Old Dominion Monarchs,betrivers,BetRivers,2026-09-28T16:55:49Z,spreads,2026-09-28T16:55:49Z,Georgia State Panthers,-113,-0.5,20260928165602403570
NCAAF,americanfootball_ncaaf,e4f058459f5ee64f3cff3ac1aed79e64,2026-10-03T19:30:00Z,Georgia State Panthers,Old Dominion Monarchs,betrivers,BetRivers,2026-09-28T16:55:49Z,spreads,2026-09-28T16:55:49Z,Old Dominion Monarchs,-109,0.5,20260928165602403570
NCAAF,americanfootball_ncaaf,e4f058459f5ee64f3cff3ac1aed79e64,2026-10-03T19:30:00Z,Georgia State Panthers,Old Dominion Monarchs,betrivers,BetRivers,2026-09-28T16:55:49Z,totals,2026-09-28T16:55:49Z,Over,-120,50.5,20260928165602403570
NCAAF,americanfootball_ncaaf,e4f058459f5ee64f3cff3ac1aed79e64,2026-10-03T19:30:00Z,Georgia State Panthers,Old Dominion Monarchs,betrivers,BetRivers,2026-09-28T16:55:49Z,totals,2026-09-28T16:55:49Z,Under,-108,50.5,20260928165602403570
NCAAF,americanfootball_ncaaf,e4f058459f5ee64f3cff3ac1aed79e64,2026-10-03T19:30:00Z,Georgia State Panthers,Old Dominion Monarchs,lowvig,LowVig.ag,2026-09-28T16:55:49Z,h2h,2026-09-28T16:55:49Z,Georgia State Panthers,-125,,20260928165602403570
NCAAF,americanfootball_ncaaf,e4f058459f5ee64f3cff3ac1aed79e64,2026-10-03T19:30:00Z,Georgia State Panthers,Old Dominion Monarchs,lowvig,LowVig.ag,2026-09-28T16:55:49Z,h2h,2026-09-28T16:55:49Z,Old Dominion Monarchs,105,,20260928165602403570
NCAAF,americanfootball_ncaaf,e4f058459f5ee64f3cff3ac1aed79e64,2026-10-03T19:30:00Z,Georgia State Panthers,Old Dominion Monarchs,lowvig,LowVig.ag,2026-09-28T16:55:49Z,spreads,2026-09-28T16:55:49Z,Georgia State Panthers,-106,-1.5,20260928165602403570
NCAAF,americanfootball_ncaaf,e4f058459f5ee64f3cff3ac1aed79e64,2026-10-03T19:30:00Z,Georgia State Panthers,Old Dominion Monarchs,lowvig,LowVig.ag,2026-09-28T16:55:49Z,spreads,2026-09-28T16:55:49Z,Old Dominion Monarchs,-106,1.5,20260928165602403570
NCAAF,americanfootball_ncaaf,e4f058459f5ee64f3cff3ac1aed79e64,2026-10-03T19:30:00Z,Georgia State Panthers,Old Dominion Monarchs,lowvig,LowVig.ag,2026-09-28T16:55:49Z,totals,2026-09-28T16:55:49Z,Over,-108,51.0,20260928165602403570
NCAAF,americanfootball_ncaaf,e4f058459f5ee64f3cff3ac1aed79e64,2026-10-03T19:30:00Z,Georgia State Panthers,Old Dominion Monarchs,lowvig,LowVig.ag,2026-09-28T16:55:49Z,totals,2026-09-28T16:55:49Z,Under,-108,51.0,20260928165602403570
NCAAF,americanfootball_ncaaf,e4f058459f5ee64f3cff3ac1aed79e64,2026-10-03T19:30:00Z,Georgia State Panthers,Old Dominion Monarchs,betonlineag,BetOnline.ag,2026-09-28T16:55:07Z,h2h,2026-09-28T16:55:07Z,Georgia State Panthers,-125,,20260928165602403570
NCAAF,americanfootball_ncaaf,e4f058459f5ee64f3cff3ac1aed79e64,2026-10-03T19:30:00Z,Georgia State Panthers,Old Dominion Monarchs,betonlineag,BetOnline.ag,2026-09-28T16:55:07Z,h2h,2026-09-28T16:55:07Z,Old Dominion Monarchs,105,,20260928165602403570
NCAAF,americanfootball_ncaaf,e4f058459f5ee64f3cff3ac1aed79e64,2026-10-03T19:30:00Z,Georgia State Panthers,Old Dominion Monarchs,betonlineag,BetOnline.ag,2026-09-28T16:55:07Z,spreads,2026-09-28T16:55:07Z,Georgia State Panthers,-110,-1.5,20260928165602403570
NCAAF,americanfootball_ncaaf,e4f058459f5ee64f3cff3ac1aed79e64,2026-10-03T19:30:00Z,Georgia State Panthers,Old Dominion Monarchs,betonlineag,BetOnline.ag,2026-09-28T16:55:07Z,spreads,2026-09-28T16:55:07Z,Old Dominion Monarchs,-110,1.5,20260928165602403570
NCAAF,americanfootball_ncaaf,e4f058459f5ee64f3cff3ac1aed79e64,2026-10-03T19:30:00Z,Georgia State Panthers,Old Dominion Monarchs,betonlineag,BetOnline.ag,2026-09-28T16:55:07Z,totals,2026-09-28T16:55:07Z,Over,-110,51.0,20260928165602403570
NCAAF,americanfootball_ncaaf,e4f058459f5ee64f3cff3ac1aed79e64,2026-10-03T19:30:00Z,Georgia State Panthers,Old Dominion Monarchs,betonlineag,BetOnline.ag,2026-09-28T16:55:07Z,totals,2026-09-28T16:55:07Z,Under,-110,51.0,20260928165602403570
NCAAF,americanfootball_ncaaf,e4f058459f5ee64f3cff3ac1aed79e64,2026-10-03T19:30:00Z,Georgia State Panthers,Old Dominion Monarchs,mybookieag,MyBookie.ag,2026-09-28T16:55:48Z,h2h,2026-09-28T16:55:48Z,Georgia State Panthers,-121,,20260928165602403570
NCAAF,americanfootball_ncaaf,e4f058459f5ee64f3cff3ac1aed79e64,2026-10-03T19:30:00Z,Georgia State Panthers,Old Dominion Monarchs,mybookieag,MyBookie.ag,2026-09-28T16:55:48Z,h2h,2026-09-28T16:55:48Z,Old Dominion Monarchs,-101,,20260928165602403570
NCAAF,americanfootball_ncaaf,e4f058459f5ee64f3cff3ac1aed79e64,2026-10-03T19:30:00Z,Georgia State Panthers,Old Dominion Monarchs,mybookieag,MyBookie.ag,2026-09-28T16:55:48Z,spreads,2026-09-28T16:55:48Z,Georgia State Panthers,-110,-1.5,20260928165602403570
NCAAF,americanfootball_ncaaf,e4f058459f5ee64f3cff3ac1aed79e64,2026-10-03T19:30:00Z,Georgia State Panthers,Old Dominion Monarchs,mybookieag,MyBookie.ag,2026-09-28T16:55:48Z,spreads,2026-09-28T16:55:48Z,Old Dominion Monarchs,-110,1.5,20260928165602403570
NCAAF,americanfootball_ncaaf,e4f058459f5ee64f3cff3ac1aed79e64,2026-10-03T19:30:00Z,Georgia State Panthers,Old Dominion Monarchs,mybookieag,MyBookie.ag,2026-09-28T16:55:48Z,totals,2026-09-28T16:55:48Z,Over,-110,51.0,20260928165602403570
NCAAF,americanfootball_ncaaf,e4f058459f5ee64f3cff3ac1aed79e64,2026-10-03T19:30:00Z,Georgia State Panthers,Old Dominion Monarchs,mybookieag,MyBookie.ag,2026-09-28T16:55:48Z,totals,2026-09-28T16:55:48Z,Under,-110,51.0,20260928165602403570
NCAAF,americanfootball_ncaaf,e4f058459f5ee64f3cff3ac1aed79e64,2026-10-03T19:30:00Z,Georgia State Panthers,Old Dominion Monarchs,betmgm,BetMGM,2026-09-28T16:54:38Z,h2h,2026-09-28T16:54:38Z,Georgia State Panthers,-120,,20260928165602403570
NCAAF,americanfootball_ncaaf,e4f058459f5ee64f3cff3ac1aed79e64,2026-10-03T19:30:00Z,Georgia State Panthers,Old Dominion Monarchs,betmgm,BetMGM,2026-09-28T16:54:38Z,h2h,2026-09-28T16:54:38Z,Old Dominion Monarchs,100,,20260928165602403570
NCAAF,americanfootball_ncaaf,e4f058459f5ee64f3cff3ac1aed79e64,2026-10-03T19:30:00Z,Georgia State Panthers,Old Dominion Monarchs,betmgm,BetMGM,2026-09-28T16:54:38Z,spreads,2026-09-28T16:54:38Z,Georgia State Panthers,-110,-1.5,20260928165602403570
NCAAF,americanfootball_ncaaf,e4f058459f5ee64f3cff3ac1aed79e64,2026-10-03T19:30:00Z,Georgia State Panthers,Old Dominion Monarchs,betmgm,BetMGM,2026-09-28T16:54:38Z,spreads,2026-09-28T16:54:38Z,Old Dominion Monarchs,-108,1.5,20260928165602403570
NCAAF,americanfootball_ncaaf,e4f058459f5ee64f3cff3ac1aed79e64,2026-10-03T19:30:00Z,Georgia State Panthers,Old Dominion Monarchs,betmgm,BetMGM,2026-09-28T16:54:38Z,totals,2026-09-28T16:54:38Z,Over,-102,51.5,20260928165602403570
NCAAF,americanfootball_ncaaf,e4f058459f5ee64f3cff3ac1aed79e64,2026-10-03T19:30:00Z,Georgia State Panthers,Old Dominion Monarchs,betmgm,BetMGM,2026-09-28T16:54:38Z,totals,2026-09-28T16:54:38Z,Under,-118,51.5,20260928165602403570
NCAAF,americanfootball_ncaaf,e4f058459f5ee64f3cff3ac1aed79e64,2026-10-03T19:30:00Z,Georgia State Panthers,Old Dominion Monarchs,betus,BetUS,2026-09-28T16:55:53Z,spreads,2026-09-28T16:55:52Z,Georgia State Panthers,-110,-1.5,20260928165602403570
NCAAF,americanfootball_ncaaf,e4f058459f5ee64f3cff3ac1aed79e64,2026-10-03T19:30:00Z,Georgia State Panthers,Old Dominion Monarchs,betus,BetUS,2026-09-28T16:55:53Z,spreads,2026-09-28T16:55:52Z,Old Dominion Monarchs,-110,1.5,20260928165602403570
NCAAF,americanfootball_ncaaf,e4f058459f5ee64f3cff3ac1aed79e64,2026-10-03T19:30:00Z,Georgia State Panthers,Old Dominion Monarchs,betus,BetUS,2026-09-28T16:55:53Z,totals,2026-09-28T16:55:52Z,Over,-110,51.0,20260928165602403570
NCAAF,americanfootball_ncaaf,e4f058459f5ee64f3cff3ac1aed79e64,2026-10-03T19:30:00Z,Georgia State Panthers,Old Dominion Monarchs,betus,BetUS,2026-09-28T16:55:53Z,totals,2026-09-28T16:55:52Z,Under,-110,51.0,20260928165602403570
NCAAF,americanfootball_ncaaf,e4f058459f5ee64f3cff3ac1aed79e64,2026-10-03T19:30:00Z,Georgia State Panthers,Old Dominion Monarchs,bovada,Bovada,2026-09-28T16:54:58Z,h2h,2026-09-28T16:54:58Z,Georgia State Panthers,-120,,20260928165602403570
NCAAF,americanfootball_ncaaf,e4f058459f5ee64f3cff3ac1aed79e64,2026-10-03T19:30:00Z,Georgia State Panthers,Old Dominion Monarchs,bovada,Bovada,2026-09-28T16:54:58Z,h2h,2026-09-28T16:54:58Z,Old Dominion Monarchs,100,,20260928165602403570
NCAAF,americanfootball_ncaaf,e4f058459f5ee64f3cff3ac1aed79e64,2026-10-03T19:30:00Z,Georgia State Panthers,Old Dominion Monarchs,bovada,Bovada,2026-09-28T16:54:58Z,spreads,2026-09-28T16:54:58Z,Georgia State Panthers,-110,-1.5,20260928165602403570
NCAAF,americanfootball_ncaaf,e4f058459f5ee64f3cff3ac1aed79e64,2026-10-03T19:30:00Z,Georgia State Panthers,Old Dominion Monarchs,bovada,Bovada,2026-09-28T16:54:58Z,spreads,2026-09-28T16:54:58Z,Old Dominion Monarchs,-110,1.5,20260928165602403570
NCAAF,americanfootball_ncaaf,e4f058459f5ee64f3cff3ac1aed79e64,2026-10-03T19:30:00Z,Georgia State Panthers,Old Dominion Monarchs,bovada,Bovada,2026-09-28T16:54:58Z,totals,2026-09-28T16:54:58Z,Over,-105,51.5,20260928165602403570
NCAAF,americanfootball_ncaaf,e4f058459f5ee64f3cff3ac1aed79e64,2026-10-03T19:30:00Z,Georgia State Panthers,Old Dominion Monarchs,bovada,Bovada,2026-09-28T16:54:58Z,totals,2026-09-28T16:54:58Z,Under,-115,51.5,20260928165602403570
NCAAF,americanfootball_ncaaf,b163da8a283ade5bd6428a3ca01da8b8,2026-10-03T19:30:00Z,Iowa Hawkeyes,Ohio State Buckeyes,draftkings,DraftKings,2026-09-28T16:55:34Z,h2h,2026-09-28T16:55:34Z,Iowa Hawkeyes,425,,20260928165602403570
NCAAF,americanfootball_ncaaf,b163da8a283ade5bd6428a3ca01da8b8,2026-10-03T19:30:00Z,Iowa Hawkeyes,Ohio State Buckeyes,draftkings,DraftKings,2026-09-28T16:55:34Z,h2h,2026-09-28T16:55:34Z,Ohio State Buckeyes,-575,,20260928165602403570
NCAAF,americanfootball_ncaaf,b163da8a283ade5bd6428a3ca01da8b8,2026-10-03T19:30:00Z,Iowa Hawkeyes,Ohio State Buckeyes,draftkings,DraftKings,2026-09-28T16:55:34Z,spreads,2026-09-28T16:55:34Z,Iowa Hawkeyes,-108,13.5,20260928165602403570
NCAAF,americanfootball_ncaaf,b163da8a283ade5bd6428a3ca01da8b8,2026-10-03T19:30:00Z,Iowa Hawkeyes,Ohio State Buckeyes,draftkings,DraftKings,2026-09-28T16:55:34Z,spreads,2026-09-28T16:55:34Z,Ohio State Buckeyes,-112,-13.5,20260928165602403570
NCAAF,americanfootball_ncaaf,b163da8a283ade5bd6428a3ca01da8b8,2026-10-03T19:30:00Z,Iowa Hawkeyes,Ohio State Buckeyes,draftkings,DraftKings,2026-09-28T16:55:34Z,totals,2026-09-28T16:55:34Z,Over,-110,45.5,20260928165602403570
NCAAF,americanfootball_ncaaf,b163da8a283ade5bd6428a3ca01da8b8,2026-10-03T19:30:00Z,Iowa Hawkeyes,Ohio State Buckeyes,draftkings,DraftKings,2026-09-28T16:55:34Z,totals,2026-09-28T16:55:34Z,Under,-110,45.5,20260928165602403570
NCAAF,americanfootball_ncaaf,b163da8a283ade5bd6428a3ca01da8b8,2026-10-03T19:30:00Z,Iowa Hawkeyes,Ohio State Buckeyes,fanduel,FanDuel,2026-09-28T16:55:50Z,h2h,2026-09-28T16:55:49Z,Iowa Hawkeyes,470,,20260928165602403570
NCAAF,americanfootball_ncaaf,b163da8a283ade5bd6428a3ca01da8b8,2026-10-03T19:30:00Z,Iowa Hawkeyes,Ohio State Buckeyes,fanduel,FanDuel,2026-09-28T16:55:50Z,h2h,2026-09-28T16:55:49Z,Ohio State Buckeyes,-670,,20260928165602403570
NCAAF,americanfootball_ncaaf,b163da8a283ade5bd6428a3ca01da8b8,2026-10-03T19:30:00Z,Iowa Hawkeyes,Ohio State Buckeyes,fanduel,FanDuel,2026-09-28T16:55:50Z,spreads,2026-09-28T16:55:49Z,Iowa Hawkeyes,-106,13.5,20260928165602403570
NCAAF,americanfootball_ncaaf,b163da8a283ade5bd6428a3ca01da8b8,2026-10-03T19:30:00Z,Iowa Hawkeyes,Ohio State Buckeyes,fanduel,FanDuel,2026-09-28T16:55:50Z,spreads,2026-09-28T16:55:49Z,Ohio State Buckeyes,-114,-13.5,20260928165602403570
NCAAF,americanfootball_ncaaf,b163da8a283ade5bd6428a3ca01da8b8,2026-10-03T19:30:00Z,Iowa Hawkeyes,Ohio State Buckeyes,fanduel,FanDuel,2026-09-28T16:55:50Z,totals,2026-09-28T16:55:49Z,Over,-110,45.5,20260928165602403570
NCAAF,americanfootball_ncaaf,b163da8a283ade5bd6428a3ca01da8b8,2026-10-03T19:30:00Z,Iowa Hawkeyes,Ohio State Buckeyes,fanduel,FanDuel,2026-09-28T16:55:50Z,totals,2026-09-28T16:55:49Z,Under,-110,45.5,20260928165602403570
NCAAF,americanfootball_ncaaf,b163da8a283ade5bd6428a3ca01da8b8,2026-10-03T19:30:00Z,Iowa Hawkeyes,Ohio State Buckeyes,betmgm,BetMGM,2026-09-28T16:54:38Z,h2h,2026-09-28T16:54:38Z,Iowa Hawkeyes,450,,20260928165602403570
NCAAF,americanfootball_ncaaf,b163da8a283ade5bd6428a3ca01da8b8,2026-10-03T19:30:00Z,Iowa Hawkeyes,Ohio State Buckeyes,betmgm,BetMGM,2026-09-28T16:54:38Z,h2h,2026-09-28T16:54:38Z,Ohio State Buckeyes,-600,,20260928165602403570
NCAAF,americanfootball_ncaaf,b163da8a283ade5bd6428a3ca01da8b8,2026-10-03T19:30:00Z,Iowa Hawkeyes,Ohio State Buckeyes,betmgm,BetMGM,2026-09-28T16:54:38Z,spreads,2026-09-28T16:54:38Z,Iowa Hawkeyes,-105,13.5,20260928165602403570
NCAAF,americanfootball_ncaaf,b163da8a283ade5bd6428a3ca01da8b8,2026-10-03T19:30:00Z,Iowa Hawkeyes,Ohio State Buckeyes,betmgm,BetMGM,2026-09-28T16:54:38Z,spreads,2026-09-28T16:54:38Z,Ohio State Buckeyes,-112,-13.5,20260928165602403570
NCAAF,americanfootball_ncaaf,b163da8a283ade5bd6428a3ca01da8b8,2026-10-03T19:30:00Z,Iowa Hawkeyes,Ohio State Buckeyes,betmgm,BetMGM,2026-09-28T16:54:38Z,totals,2026-09-28T16:54:38Z,Over,-108,45.5,20260928165602403570
NCAAF,americanfootball_ncaaf,b163da8a283ade5bd6428a3ca01da8b8,2026-10-03T19:30:00Z,Iowa Hawkeyes,Ohio State Buckeyes,betmgm,BetMGM,2026-09-28T16:54:38Z,totals,2026-09-28T16:54:38Z,Under,-110,45.5,20260928165602403570
NCAAF,americanfootball_ncaaf,b163da8a283ade5bd6428a3ca01da8b8,2026-10-03T19:30:00Z,Iowa Hawkeyes,Ohio State Buckeyes,betrivers,BetRivers,2026-09-28T16:55:49Z,h2h,2026-09-28T16:55:49Z,Iowa Hawkeyes,460,,20260928165602403570
NCAAF,americanfootball_ncaaf,b163da8a283ade5bd6428a3ca01da8b8,2026-10-03T19:30:00Z,Iowa Hawkeyes,Ohio State Buckeyes,betrivers,BetRivers,2026-09-28T16:55:49Z,h2h,2026-09-28T16:55:49Z,Ohio State Buckeyes,-715,,20260928165602403570
NCAAF,americanfootball_ncaaf,b163da8a283ade5bd6428a3ca01da8b8,2026-10-03T19:30:00Z,Iowa Hawkeyes,Ohio State Buckeyes,betrivers,BetRivers,2026-09-28T16:55:49Z,spreads,2026-09-28T16:55:49Z,Iowa Hawkeyes,-112,14.0,20260928165602403570
NCAAF,americanfootball_ncaaf,b163da8a283ade5bd6428a3ca01da8b8,2026-10-03T19:30:00Z,Iowa Hawkeyes,Ohio State Buckeyes,betrivers,BetRivers,2026-09-28T16:55:49Z,spreads,2026-09-28T16:55:49Z,Ohio State Buckeyes,-112,-14.0,20260928165602403570
NCAAF,americanfootball_ncaaf,b163da8a283ade5bd6428a3ca01da8b8,2026-10-03T19:30:00Z,Iowa Hawkeyes,Ohio State Buckeyes,betrivers,BetRivers,2026-09-28T16:55:49Z,totals,2026-09-28T16:55:49Z,Over,-114,45.0,20260928165602403570
NCAAF,americanfootball_ncaaf,b163da8a283ade5bd6428a3ca01da8b8,2026-10-03T19:30:00Z,Iowa Hawkeyes,Ohio State Buckeyes,betrivers,BetRivers,2026-09-28T16:55:49Z,totals,2026-09-28T16:55:49Z,Under,-109,45.0,20260928165602403570
NCAAF,americanfootball_ncaaf,b163da8a283ade5bd6428a3ca01da8b8,2026-10-03T19:30:00Z,Iowa Hawkeyes,Ohio State Buckeyes,betonlineag,BetOnline.ag,2026-09-28T16:55:07Z,h2h,2026-09-28T16:55:07Z,Iowa Hawkeyes,425,,20260928165602403570
NCAAF,americanfootball_ncaaf,b163da8a283ade5bd6428a3ca01da8b8,2026-10-03T19:30:00Z,Iowa Hawkeyes,Ohio State Buckeyes,betonlineag,BetOnline.ag,2026-09-28T16:55:07Z,h2h,2026-09-28T16:55:07Z,Ohio State Buckeyes,-565,,20260928165602403570
NCAAF,americanfootball_ncaaf,b163da8a283ade5bd6428a3ca01da8b8,2026-10-03T19:30:00Z,Iowa Hawkeyes,Ohio State Buckeyes,betonlineag,BetOnline.ag,2026-09-28T16:55:07Z,spreads,2026-09-28T16:55:07Z,Iowa Hawkeyes,-110,13.5,20260928165602403570
NCAAF,americanfootball_ncaaf,b163da8a283ade5bd6428a3ca01da8b8,2026-10-03T19:30:00Z,Iowa Hawkeyes,Ohio State Buckeyes,betonlineag,BetOnline.ag,2026-09-28T16:55:07Z,spreads,2026-09-28T16:55:07Z,Ohio State Buckeyes,-110,-13.5,20260928165602403570
NCAAF,americanfootball_ncaaf,b163da8a283ade5bd6428a3ca01da8b8,2026-10-03T19:30:00Z,Iowa Hawkeyes,Ohio State Buckeyes,betonlineag,BetOnline.ag,2026-09-28T16:55:07Z,totals,2026-09-28T16:55:07Z,Over,-110,45.5,20260928165602403570
NCAAF,americanfootball_ncaaf,b163da8a283ade5bd6428a3ca01da8b8,2026-10-03T19:30:00Z,Iowa Hawkeyes,Ohio State Buckeyes,betonlineag,BetOnline.ag,2026-09-28T16:55:07Z,totals,2026-09-28T16:55:07Z,Under,-110,45.5,20260928165602403570
NCAAF,americanfootball_ncaaf,b163da8a283ade5bd6428a3ca01da8b8,2026-10-03T19:30:00Z,Iowa Hawkeyes,Ohio State Buckeyes,lowvig,LowVig.ag,2026-09-28T16:55:49Z,h2h,2026-09-28T16:55:49Z,Iowa Hawkeyes,425,,20260928165602403570
NCAAF,americanfootball_ncaaf,b163da8a283ade5bd6428a3ca01da8b8,2026-10-03T19:30:00Z,Iowa Hawkeyes,Ohio State Buckeyes,lowvig,LowVig.ag,2026-09-28T16:55:49Z,h2h,2026-09-28T16:55:49Z,Ohio State Buckeyes,-565,,20260928165602403570
NCAAF,americanfootball_ncaaf,b163da8a283ade5bd6428a3ca01da8b8,2026-10-03T19:30:00Z,Iowa Hawkeyes,Ohio State Buckeyes,lowvig,LowVig.ag,2026-09-28T16:55:49Z,spreads,2026-09-28T16:55:49Z,Iowa Hawkeyes,-106,13.5,20260928165602403570
NCAAF,americanfootball_ncaaf,b163da8a283ade5bd6428a3ca01da8b8,2026-10-03T19:30:00Z,Iowa Hawkeyes,Ohio State Buckeyes,lowvig,LowVig.ag,2026-09-28T16:55:49Z,spreads,2026-09-28T16:55:49Z,Ohio State Buckeyes,-106,-13.5,20260928165602403570
NCAAF,americanfootball_ncaaf,b163da8a283ade5bd6428a3ca01da8b8,2026-10-03T19:30:00Z,Iowa Hawkeyes,Ohio State Buckeyes,lowvig,LowVig.ag,2026-09-28T16:55:49Z,totals,2026-09-28T16:55:49Z,Over,-108,45.5,20260928165602403570
NCAAF,americanfootball_ncaaf,b163da8a283ade5bd6428a3ca01da8b8,2026-10-03T19:30:00Z,Iowa Hawkeyes,Ohio State Buckeyes,lowvig,LowVig.ag,2026-09-28T16:55:49Z,totals,2026-09-28T16:55:49Z,Under,-108,45.5,20260928165602403570
NCAAF,americanfootball_ncaaf,b163da8a283ade5bd6428a3ca01da8b8,2026-10-03T19:30:00Z,Iowa Hawkeyes,Ohio State Buckeyes,mybookieag,MyBookie.ag,2026-09-28T16:55:48Z,h2h,2026-09-28T16:55:48Z,Iowa Hawkeyes,438,,20260928165602403570
NCAAF,americanfootball_ncaaf,b163da8a283ade5bd6428a3ca01da8b8,2026-10-03T19:30:00Z,Iowa Hawkeyes,Ohio State Buckeyes,mybookieag,MyBookie.ag,2026-09-28T16:55:48Z,h2h,2026-09-28T16:55:48Z,Ohio State Buckeyes,-627,,20260928165602403570
NCAAF,americanfootball_ncaaf,b163da8a283ade5bd6428a3ca01da8b8,2026-10-03T19:30:00Z,Iowa Hawkeyes,Ohio State Buckeyes,mybookieag,MyBookie.ag,2026-09-28T16:55:48Z,spreads,2026-09-28T16:55:48Z,Iowa Hawkeyes,-110,13.5,20260928165602403570
NCAAF,americanfootball_ncaaf,b163da8a283ade5bd6428a3ca01da8b8,2026-10-03T19:30:00Z,Iowa Hawkeyes,Ohio State Buckeyes,mybookieag,MyBookie.ag,2026-09-28T16:55:48Z,spreads,2026-09-28T16:55:48Z,Ohio State Buckeyes,-110,-13.5,20260928165602403570
NCAAF,americanfootball_ncaaf,b163da8a283ade5bd6428a3ca01da8b8,2026-10-03T19:30:00Z,Iowa Hawkeyes,Ohio State Buckeyes,mybookieag,MyBookie.ag,2026-09-28T16:55:48Z,totals,2026-09-28T16:55:48Z,Over,-110,45.5,20260928165602403570
NCAAF,americanfootball_ncaaf,b163da8a283ade5bd6428a3ca01da8b8,2026-10-03T19:30:00Z,Iowa Hawkeyes,Ohio State Buckeyes,mybookieag,MyBookie.ag,2026-09-28T16:55:48Z,totals,2026-09-28T16:55:48Z,Under,-110,45.5,20260928165602403570
NCAAF,americanfootball_ncaaf,b163da8a283ade5bd6428a3ca01da8b8,2026-10-03T19:30:00Z,Iowa Hawkeyes,Ohio State Buckeyes,betus,BetUS,2026-09-28T16:55:53Z,spreads,2026-09-28T16:55:52Z,Iowa Hawkeyes,-110,13.5,20260928165602403570
NCAAF,americanfootball_ncaaf,b163da8a283ade5bd6428a3ca01da8b8,2026-10-03T19:30:00Z,Iowa Hawkeyes,Ohio State Buckeyes,betus,BetUS,2026-09-28T16:55:53Z,spreads,2026-09-28T16:55:52Z,Ohio State Buckeyes,-110,-13.5,20260928165602403570
NCAAF,americanfootball_ncaaf,b163da8a283ade5bd6428a3ca01da8b8,2026-10-03T19:30:00Z,Iowa Hawkeyes,Ohio State Buckeyes,betus,BetUS,2026-09-28T16:55:53Z,totals,2026-09-28T16:55:52Z,Over,-110,45.5,20260928165602403570
NCAAF,americanfootball_ncaaf,b163da8a283ade5bd6428a3ca01da8b8,2026-10-03T19:30:00Z,Iowa Hawkeyes,Ohio State Buckeyes,betus,BetUS,2026-09-28T16:55:53Z,totals,2026-09-28T16:55:52Z,Under,-110,45.5,20260928165602403570
NCAAF,americanfootball_ncaaf,b163da8a283ade5bd6428a3ca01da8b8,2026-10-03T19:30:00Z,Iowa Hawkeyes,Ohio State Buckeyes,bovada,Bovada,2026-09-28T16:54:58Z,h2h,2026-09-28T16:54:58Z,Iowa Hawkeyes,400,,20260928165602403570
NCAAF,americanfootball_ncaaf,b163da8a283ade5bd6428a3ca01da8b8,2026-10-03T19:30:00Z,Iowa Hawkeyes,Ohio State Buckeyes,bovada,Bovada,2026-09-28T16:54:58Z,h2h,2026-09-28T16:54:58Z,Ohio State Buckeyes,-575,,20260928165602403570
NCAAF,americanfootball_ncaaf,b163da8a283ade5bd6428a3ca01da8b8,2026-10-03T19:30:00Z,Iowa Hawkeyes,Ohio State Buckeyes,bovada,Bovada,2026-09-28T16:54:58Z,spreads,2026-09-28T16:54:58Z,Iowa Hawkeyes,-110,13.5,20260928165602403570
NCAAF,americanfootball_ncaaf,b163da8a283ade5bd6428a3ca01da8b8,2026-10-03T19:30:00Z,Iowa Hawkeyes,Ohio State Buckeyes,bovada,Bovada,2026-09-28T16:54:58Z,spreads,2026-09-28T16:54:58Z,Ohio State Buckeyes,-110,-13.5,20260928165602403570
NCAAF,americanfootball_ncaaf,b163da8a283ade5bd6428a3ca01da8b8,2026-10-03T19:30:00Z,Iowa Hawkeyes,Ohio State Buckeyes,bovada,Bovada,2026-09-28T16:54:58Z,totals,2026-09-28T16:54:58Z,Over,-110,45.5,20260928165602403570
NCAAF,americanfootball_ncaaf,b163da8a283ade5bd6428a3ca01da8b8,2026-10-03T19:30:00Z,Iowa Hawkeyes,Ohio State Buckeyes,bovada,Bovada,2026-09-28T16:54:58Z,totals,2026-09-28T16:54:58Z,Under,-110,45.5,20260928165602403570
NCAAF,americanfootball_ncaaf,c1c548c80e674e3a37dcc2551beba599,2026-10-03T19:30:00Z,Kent State Golden Flashes,Ohio Bobcats,fanduel,FanDuel,2026-09-28T16:55:50Z,h2h,2026-09-28T16:55:49Z,Kent State Golden Flashes,136,,20260928165602403570
NCAAF,americanfootball_ncaaf,c1c548c80e674e3a37dcc2551beba599,2026-10-03T19:30:00Z,Kent State Golden Flashes,Ohio Bobcats,fanduel,FanDuel,2026-09-28T16:55:50Z,h2h,2026-09-28T16:55:49Z,Ohio Bobcats,-164,,20260928165602403570
NCAAF,americanfootball_ncaaf,c1c548c80e674e3a37dcc2551beba599,2026-10-03T19:30:00Z,Kent State Golden Flashes,Ohio Bobcats,fanduel,FanDuel,2026-09-28T16:55:50Z,spreads,2026-09-28T16:55:49Z,Kent State Golden Flashes,-115,3.5,20260928165602403570
NCAAF,americanfootball_ncaaf,c1c548c80e674e3a37dcc2551beba599,2026-10-03T19:30:00Z,Kent State Golden Flashes,Ohio Bobcats,fanduel,FanDuel,2026-09-28T16:55:50Z,spreads,2026-09-28T16:55:49Z,Ohio Bobcats,-105,-3.5,20260928165602403570
NCAAF,americanfootball_ncaaf,c1c548c80e674e3a37dcc2551beba599,2026-10-03T19:30:00Z,Kent State Golden Flashes,Ohio Bobcats,fanduel,FanDuel,2026-09-28T16:55:50Z,totals,2026-09-28T16:55:49Z,Over,-114,50.5,20260928165602403570
NCAAF,americanfootball_ncaaf,c1c548c80e674e3a37dcc2551beba599,2026-10-03T19:30:00Z,Kent State Golden Flashes,Ohio Bobcats,fanduel,FanDuel,2026-09-28T16:55:50Z,totals,2026-09-28T16:55:49Z,Under,-106,50.5,20260928165602403570
NCAAF,americanfootball_ncaaf,c1c548c80e674e3a37dcc2551beba599,2026-10-03T19:30:00Z,Kent State Golden Flashes,Ohio Bobcats,betrivers,BetRivers,2026-09-28T16:55:49Z,h2h,2026-09-28T16:55:49Z,Kent State Golden Flashes,138,,20260928165602403570
NCAAF,americanfootball_ncaaf,c1c548c80e674e3a37dcc2551beba599,2026-10-03T19:30:00Z,Kent State Golden Flashes,Ohio Bobcats,betrivers,BetRivers,2026-09-28T16:55:49Z,h2h,2026-09-28T16:55:49Z,Ohio Bobcats,-175,,20260928165602403570
NCAAF,americanfootball_ncaaf,c1c548c80e674e3a37dcc2551beba599,2026-10-03T19:30:00Z,Kent State Golden Flashes,Ohio Bobcats,betrivers,BetRivers,2026-09-28T16:55:49Z,spreads,2026-09-28T16:55:49Z,Kent State Golden Flashes,-113,3.5,20260928165602403570
NCAAF,americanfootball_ncaaf,c1c548c80e674e3a37dcc2551beba599,2026-10-03T19:30:00Z,Kent State Golden Flashes,Ohio Bobcats,betrivers,BetRivers,2026-09-28T16:55:49Z,spreads,2026-09-28T16:55:49Z,Ohio Bobcats,-109,-3.5,20260928165602403570
NCAAF,americanfootball_ncaaf,c1c548c80e674e3a37dcc2551beba599,2026-10-03T19:30:00Z,Kent State Golden Flashes,Ohio Bobcats,betrivers,BetRivers,2026-09-28T16:55:49Z,totals,2026-09-28T16:55:49Z,Over,-113,50.5,20260928165602403570
NCAAF,americanfootball_ncaaf,c1c548c80e674e3a37dcc2551beba599,2026-10-03T19:30:00Z,Kent State Golden Flashes,Ohio Bobcats,betrivers,BetRivers,2026-09-28T16:55:49Z,totals,2026-09-28T16:55:49Z,Under,-115,50.5,20260928165602403570
NCAAF,americanfootball_ncaaf,c1c548c80e674e3a37dcc2551beba599,2026-10-03T19:30:00Z,Kent State Golden Flashes,Ohio Bobcats,draftkings,DraftKings,2026-09-28T16:55:34Z,h2h,2026-09-28T16:55:34Z,Kent State Golden Flashes,130,,20260928165602403570
NCAAF,americanfootball_ncaaf,c1c548c80e674e3a37dcc2551beba599,2026-10-03T19:30:00Z,Kent State Golden Flashes,Ohio Bobcats,draftkings,DraftKings,2026-09-28T16:55:34Z,h2h,2026-09-28T16:55:34Z,Ohio Bobcats,-155,,20260928165602403570
NCAAF,americanfootball_ncaaf,c1c548c80e674e3a37dcc2551beba599,2026-10-03T19:30:00Z,Kent State Golden Flashes,Ohio Bobcats,draftkings,DraftKings,2026-09-28T16:55:34Z,spreads,2026-09-28T16:55:34Z,Kent State Golden Flashes,-108,3.0,20260928165602403570
NCAAF,americanfootball_ncaaf,c1c548c80e674e3a37dcc2551beba599,2026-10-03T19:30:00Z,Kent State Golden Flashes,Ohio Bobcats,draftkings,DraftKings,2026-09-28T16:55:34Z,spreads,2026-09-28T16:55:34Z,Ohio Bobcats,-112,-3.0,20260928165602403570
NCAAF,americanfootball_ncaaf,c1c548c80e674e3a37dcc2551beba599,2026-10-03T19:30:00Z,Kent State Golden Flashes,Ohio Bobcats,draftkings,DraftKings,2026-09-28T16:55:34Z,totals,2026-09-28T16:55:34Z,Over,-112,50.5,20260928165602403570
NCAAF,americanfootball_ncaaf,c1c548c80e674e3a37dcc2551beba599,2026-10-03T19:30:00Z,Kent State Golden Flashes,Ohio Bobcats,draftkings,DraftKings,2026-09-28T16:55:34Z,totals,2026-09-28T16:55:34Z,Under,-108,50.5,20260928165602403570
NCAAF,americanfootball_ncaaf,c1c548c80e674e3a37dcc2551beba599,2026-10-03T19:30:00Z,Kent State Golden Flashes,Ohio Bobcats,lowvig,LowVig.ag,2026-09-28T16:55:49Z,h2h,2026-09-28T16:55:49Z,Kent State Golden Flashes,135,,20260928165602403570
NCAAF,americanfootball_ncaaf,c1c548c80e674e3a37dcc2551beba599,2026-10-03T19:30:00Z,Kent State Golden Flashes,Ohio Bobcats,lowvig,LowVig.ag,2026-09-28T16:55:49Z,h2h,2026-09-28T16:55:49Z,Ohio Bobcats,-155,,20260928165602403570
NCAAF,americanfootball_ncaaf,c1c548c80e674e3a37dcc2551beba599,2026-10-03T19:30:00Z,Kent State Golden Flashes,Ohio Bobcats,lowvig,LowVig.ag,2026-09-28T16:55:49Z,spreads,2026-09-28T16:55:49Z,Kent State Golden Flashes,-106,3.0,20260928165602403570
NCAAF,americanfootball_ncaaf,c1c548c80e674e3a37dcc2551beba599,2026-10-03T19:30:00Z,Kent State Golden Flashes,Ohio Bobcats,lowvig,LowVig.ag,2026-09-28T16:55:49Z,spreads,2026-09-28T16:55:49Z,Ohio Bobcats,-106,-3.0,20260928165602403570
NCAAF,americanfootball_ncaaf,c1c548c80e674e3a37dcc2551beba599,2026-10-03T19:30:00Z,Kent State Golden Flashes,Ohio Bobcats,lowvig,LowVig.ag,2026-09-28T16:55:49Z,totals,2026-09-28T16:55:49Z,Over,-114,50.5,20260928165602403570
NCAAF,americanfootball_ncaaf,c1c548c80e674e3a37dcc2551beba599,2026-10-03T19:30:00Z,Kent State Golden Flashes,Ohio Bobcats,lowvig,LowVig.ag,2026-09-28T16:55:49Z,totals,2026-09-28T16:55:49Z,Under,-103,50.5,20260928165602403570
NCAAF,americanfootball_ncaaf,c1c548c80e674e3a37dcc2551beba599,2026-10-03T19:30:00Z,Kent State Golden Flashes,Ohio Bobcats,betonlineag,BetOnline.ag,2026-09-28T16:55:07Z,h2h,2026-09-28T16:55:07Z,Kent State Golden Flashes,135,,20260928165602403570
NCAAF,americanfootball_ncaaf,c1c548c80e674e3a37dcc2551beba599,2026-10-03T19:30:00Z,Kent State Golden Flashes,Ohio Bobcats,betonlineag,BetOnline.ag,2026-09-28T16:55:07Z,h2h,2026-09-28T16:55:07Z,Ohio Bobcats,-155,,20260928165602403570
NCAAF,americanfootball_ncaaf,c1c548c80e674e3a37dcc2551beba599,2026-10-03T19:30:00Z,Kent State Golden Flashes,Ohio Bobcats,betonlineag,BetOnline.ag,2026-09-28T16:55:07Z,spreads,2026-09-28T16:55:07Z,Kent State Golden Flashes,-110,3.0,20260928165602403570
NCAAF,americanfootball_ncaaf,c1c548c80e674e3a37dcc2551beba599,2026-10-03T19:30:00Z,Kent State Golden Flashes,Ohio Bobcats,betonlineag,BetOnline.ag,2026-09-28T16:55:07Z,spreads,2026-09-28T16:55:07Z,Ohio Bobcats,-110,-3.0,20260928165602403570
NCAAF,americanfootball_ncaaf,c1c548c80e674e3a37dcc2551beba599,2026-10-03T19:30:00Z,Kent State Golden Flashes,Ohio Bobcats,betonlineag,BetOnline.ag,2026-09-28T16:55:07Z,totals,2026-09-28T16:55:07Z,Over,-115,50.5,20260928165602403570
NCAAF,americanfootball_ncaaf,c1c548c80e674e3a37dcc2551beba599,2026-10-03T19:30:00Z,Kent State Golden Flashes,Ohio Bobcats,betonlineag,BetOnline.ag,2026-09-28T16:55:07Z,totals,2026-09-28T16:55:07Z,Under,-105,50.5,20260928165602403570
NCAAF,americanfootball_ncaaf,c1c548c80e674e3a37dcc2551beba599,2026-10-03T19:30:00Z,Kent State Golden Flashes,Ohio Bobcats,mybookieag,MyBookie.ag,2026-09-28T16:55:48Z,h2h,2026-09-28T16:55:48Z,Kent State Golden Flashes,132,,20260928165602403570
NCAAF,americanfootball_ncaaf,c1c548c80e674e3a37dcc2551beba599,2026-10-03T19:30:00Z,Kent State Golden Flashes,Ohio Bobcats,mybookieag,MyBookie.ag,2026-09-28T16:55:48Z,h2h,2026-09-28T16:55:48Z,Ohio Bobcats,-162,,20260928165602403570
NCAAF,americanfootball_ncaaf,c1c548c80e674e3a37dcc2551beba599,2026-10-03T19:30:00Z,Kent State Golden Flashes,Ohio Bobcats,mybookieag,MyBookie.ag,2026-09-28T16:55:48Z,spreads,2026-09-28T16:55:48Z,Kent State Golden Flashes,-110,3.0,20260928165602403570
NCAAF,americanfootball_ncaaf,c1c548c80e674e3a37dcc2551beba599,2026-10-03T19:30:00Z,Kent State Golden Flashes,Ohio Bobcats,mybookieag,MyBookie.ag,2026-09-28T16:55:48Z,spreads,2026-09-28T16:55:48Z,Ohio Bobcats,-110,-3.0,20260928165602403570
NCAAF,americanfootball_ncaaf,c1c548c80e674e3a37dcc2551beba599,2026-10-03T19:30:00Z,Kent State Golden Flashes,Ohio Bobcats,mybookieag,MyBookie.ag,2026-09-28T16:55:48Z,totals,2026-09-28T16:55:48Z,Over,-110,50.5,20260928165602403570
NCAAF,americanfootball_ncaaf,c1c548c80e674e3a37dcc2551beba599,2026-10-03T19:30:00Z,Kent State Golden Flashes,Ohio Bobcats,mybookieag,MyBookie.ag,2026-09-28T16:55:48Z,totals,2026-09-28T16:55:48Z,Under,-110,50.5,20260928165602403570
NCAAF,americanfootball_ncaaf,c1c548c80e674e3a37dcc2551beba599,2026-10-03T19:30:00Z,Kent State Golden Flashes,Ohio Bobcats,betmgm,BetMGM,2026-09-28T16:54:38Z,h2h,2026-09-28T16:54:38Z,Kent State Golden Flashes,135,,20260928165602403570
NCAAF,americanfootball_ncaaf,c1c548c80e674e3a37dcc2551beba599,2026-10-03T19:30:00Z,Kent State Golden Flashes,Ohio Bobcats,betmgm,BetMGM,2026-09-28T16:54:38Z,h2h,2026-09-28T16:54:38Z,Ohio Bobcats,-165,,20260928165602403570
NCAAF,americanfootball_ncaaf,c1c548c80e674e3a37dcc2551beba599,2026-10-03T19:30:00Z,Kent State Golden Flashes,Ohio Bobcats,betmgm,BetMGM,2026-09-28T16:54:38Z,spreads,2026-09-28T16:54:38Z,Kent State Golden Flashes,-102,3.0,20260928165602403570
NCAAF,americanfootball_ncaaf,c1c548c80e674e3a37dcc2551beba599,2026-10-03T19:30:00Z,Kent State Golden Flashes,Ohio Bobcats,betmgm,BetMGM,2026-09-28T16:54:38Z,spreads,2026-09-28T16:54:38Z,Ohio Bobcats,-115,-3.0,20260928165602403570
NCAAF,americanfootball_ncaaf,c1c548c80e674e3a37dcc2551beba599,2026-10-03T19:30:00Z,Kent State Golden Flashes,Ohio Bobcats,betmgm,BetMGM,2026-09-28T16:54:38Z,totals,2026-09-28T16:54:38Z,Over,-112,50.5,20260928165602403570
NCAAF,americanfootball_ncaaf,c1c548c80e674e3a37dcc2551beba599,2026-10-03T19:30:00Z,Kent State Golden Flashes,Ohio Bobcats,betmgm,BetMGM,2026-09-28T16:54:38Z,totals,2026-09-28T16:54:38Z,Under,-105,50.5,20260928165602403570
NCAAF,americanfootball_ncaaf,c1c548c80e674e3a37dcc2551beba599,2026-10-03T19:30:00Z,Kent State Golden Flashes,Ohio Bobcats,betus,BetUS,2026-09-28T16:55:53Z,spreads,2026-09-28T16:55:52Z,Kent State Golden Flashes,-110,3.0,20260928165602403570
NCAAF,americanfootball_ncaaf,c1c548c80e674e3a37dcc2551beba599,2026-10-03T19:30:00Z,Kent State Golden Flashes,Ohio Bobcats,betus,BetUS,2026-09-28T16:55:53Z,spreads,2026-09-28T16:55:52Z,Ohio Bobcats,-110,-3.0,20260928165602403570
NCAAF,americanfootball_ncaaf,c1c548c80e674e3a37dcc2551beba599,2026-10-03T19:30:00Z,Kent State Golden Flashes,Ohio Bobcats,betus,BetUS,2026-09-28T16:55:53Z,totals,2026-09-28T16:55:52Z,Over,-115,50.5,20260928165602403570
NCAAF,americanfootball_ncaaf,c1c548c80e674e3a37dcc2551beba599,2026-10-03T19:30:00Z,Kent State Golden Flashes,Ohio Bobcats,betus,BetUS,2026-09-28T16:55:53Z,totals,2026-09-28T16:55:52Z,Under,-105,50.5,20260928165602403570
NCAAF,americanfootball_ncaaf,c1c548c80e674e3a37dcc2551beba599,2026-10-03T19:30:00Z,Kent State Golden Flashes,Ohio Bobcats,bovada,Bovada,2026-09-28T16:54:58Z,h2h,2026-09-28T16:54:58Z,Kent State Golden Flashes,135,,20260928165602403570
NCAAF,americanfootball_ncaaf,c1c548c80e674e3a37dcc2551beba599,2026-10-03T19:30:00Z,Kent State Golden Flashes,Ohio Bobcats,bovada,Bovada,2026-09-28T16:54:58Z,h2h,2026-09-28T16:54:58Z,Ohio Bobcats,-160,,20260928165602403570
NCAAF,americanfootball_ncaaf,c1c548c80e674e3a37dcc2551beba599,2026-10-03T19:30:00Z,Kent State Golden Flashes,Ohio Bobcats,bovada,Bovada,2026-09-28T16:54:58Z,spreads,2026-09-28T16:54:58Z,Kent State Golden Flashes,-105,3.0,20260928165602403570
NCAAF,americanfootball_ncaaf,c1c548c80e674e3a37dcc2551beba599,2026-10-03T19:30:00Z,Kent State Golden Flashes,Ohio Bobcats,bovada,Bovada,2026-09-28T16:54:58Z,spreads,2026-09-28T16:54:58Z,Ohio Bobcats,-115,-3.0,20260928165602403570
NCAAF,americanfootball_ncaaf,c1c548c80e674e3a37dcc2551beba599,2026-10-03T19:30:00Z,Kent State Golden Flashes,Ohio Bobcats,bovada,Bovada,2026-09-28T16:54:58Z,totals,2026-09-28T16:54:58Z,Over,-105,51.0,20260928165602403570
NCAAF,americanfootball_ncaaf,c1c548c80e674e3a37dcc2551beba599,2026-10-03T19:30:00Z,Kent State Golden Flashes,Ohio Bobcats,bovada,Bovada,2026-09-28T16:54:58Z,totals,2026-09-28T16:54:58Z,Under,-115,51.0,20260928165602403570
NCAAF,americanfootball_ncaaf,a77fd3143159a9d16a75685528d9960b,2026-10-03T19:30:00Z,NC State Wolfpack,Louisville Cardinals,draftkings,DraftKings,2026-09-28T16:55:34Z,h2h,2026-09-28T16:55:34Z,Louisville Cardinals,-225,,20260928165602403570
NCAAF,americanfootball_ncaaf,a77fd3143159a9d16a75685528d9960b,2026-10-03T19:30:00Z,NC State Wolfpack,Louisville Cardinals,draftkings,DraftKings,2026-09-28T16:55:34Z,h2h,2026-09-28T16:55:34Z,NC State Wolfpack,185,,20260928165602403570
NCAAF,americanfootball_ncaaf,a77fd3143159a9d16a75685528d9960b,2026-10-03T19:30:00Z,NC State Wolfpack,Louisville Cardinals,draftkings,DraftKings,2026-09-28T16:55:34Z,spreads,2026-09-28T16:55:34Z,Louisville Cardinals,-110,-5.5,20260928165602403570
NCAAF,americanfootball_ncaaf,a77fd3143159a9d16a75685528d9960b,2026-10-03T19:30:00Z,NC State Wolfpack,Louisville Cardinals,draftkings,DraftKings,2026-09-28T16:55:34Z,spreads,2026-09-28T16:55:34Z,NC State Wolfpack,-110,5.5,20260928165602403570
NCAAF,americanfootball_ncaaf,a77fd3143159a9d16a75685528d9960b,2026-10-03T19:30:00Z,NC State Wolfpack,Louisville Cardinals,draftkings,DraftKings,2026-09-28T16:55:34Z,totals,2026-09-28T16:55:34Z,Over,-115,58.5,20260928165602403570
NCAAF,americanfootball_ncaaf,a77fd3143159a9d16a75685528d9960b,2026-10-03T19:30:00Z,NC State Wolfpack,Louisville Cardinals,draftkings,DraftKings,2026-09-28T16:55:34Z,totals,2026-09-28T16:55:34Z,Under,-105,58.5,20260928165602403570
NCAAF,americanfootball_ncaaf,a77fd3143159a9d16a75685528d9960b,2026-10-03T19:30:00Z,NC State Wolfpack,Louisville Cardinals,fanduel,FanDuel,2026-09-28T16:55:50Z,h2h,2026-09-28T16:55:49Z,Louisville Cardinals,-210,,20260928165602403570
NCAAF,americanfootball_ncaaf,a77fd3143159a9d16a75685528d9960b,2026-10-03T19:30:00Z,NC State Wolfpack,Louisville Cardinals,fanduel,FanDuel,2026-09-28T16:55:50Z,h2h,2026-09-28T16:55:49Z,NC State Wolfpack,172,,20260928165602403570
NCAAF,americanfootball_ncaaf,a77fd3143159a9d16a75685528d9960b,2026-10-03T19:30:00Z,NC State Wolfpack,Louisville Cardinals,fanduel,FanDuel,2026-09-28T16:55:50Z,spreads,2026-09-28T16:55:49Z,Louisville Cardinals,-110,-5.5,20260928165602403570
NCAAF,americanfootball_ncaaf,a77fd3143159a9d16a75685528d9960b,2026-10-03T19:30:00Z,NC State Wolfpack,Louisville Cardinals,fanduel,FanDuel,2026-09-28T16:55:50Z,spreads,2026-09-28T16:55:49Z,NC State Wolfpack,-110,5.5,20260928165602403570
NCAAF,americanfootball_ncaaf,a77fd3143159a9d16a75685528d9960b,2026-10-03T19:30:00Z,NC State Wolfpack,Louisville Cardinals,fanduel,FanDuel,2026-09-28T16:55:50Z,totals,2026-09-28T16:55:49Z,Over,-105,59.5,20260928165602403570
NCAAF,americanfootball_ncaaf,a77fd3143159a9d16a75685528d9960b,2026-10-03T19:30:00Z,NC State Wolfpack,Louisville Cardinals,fanduel,FanDuel,2026-09-28T16:55:50Z,totals,2026-09-28T16:55:49Z,Under,-115,59.5,20260928165602403570
NCAAF,americanfootball_ncaaf,a77fd3143159a9d16a75685528d9960b,2026-10-03T19:30:00Z,NC State Wolfpack,Louisville Cardinals,betrivers,BetRivers,2026-09-28T16:55:49Z,h2h,2026-09-28T16:55:49Z,Louisville Cardinals,-220,,20260928165602403570
NCAAF,americanfootball_ncaaf,a77fd3143159a9d16a75685528d9960b,2026-10-03T19:30:00Z,NC State Wolfpack,Louisville Cardinals,betrivers,BetRivers,2026-09-28T16:55:49Z,h2h,2026-09-28T16:55:49Z,NC State Wolfpack,170,,20260928165602403570
NCAAF,americanfootball_ncaaf,a77fd3143159a9d16a75685528d9960b,2026-10-03T19:30:00Z,NC State Wolfpack,Louisville Cardinals,betrivers,BetRivers,2026-09-28T16:55:49Z,spreads,2026-09-28T16:55:49Z,Louisville Cardinals,-109,-6.0,20260928165602403570
NCAAF,americanfootball_ncaaf,a77fd3143159a9d16a75685528d9960b,2026-10-03T19:30:00Z,NC State Wolfpack,Louisville Cardinals,betrivers,BetRivers,2026-09-28T16:55:49Z,spreads,2026-09-28T16:55:49Z,NC State Wolfpack,-114,6.0,20260928165602403570
NCAAF,americanfootball_ncaaf,a77fd3143159a9d16a75685528d9960b,2026-10-03T19:30:00Z,NC State Wolfpack,Louisville Cardinals,betrivers,BetRivers,2026-09-28T16:55:49Z,totals,2026-09-28T16:55:49Z,Over,-113,59.0,20260928165602403570
NCAAF,americanfootball_ncaaf,a77fd3143159a9d16a75685528d9960b,2026-10-03T19:30:00Z,NC State Wolfpack,Louisville Cardinals,betrivers,BetRivers,2026-09-28T16:55:49Z,totals,2026-09-28T16:55:49Z,Under,-110,59.0,20260928165602403570
NCAAF,americanfootball_ncaaf,a77fd3143159a9d16a75685528d9960b,2026-10-03T19:30:00Z,NC State Wolfpack,Louisville Cardinals,betonlineag,BetOnline.ag,2026-09-28T16:55:07Z,h2h,2026-09-28T16:55:07Z,Louisville Cardinals,-215,,20260928165602403570
NCAAF,americanfootball_ncaaf,a77fd3143159a9d16a75685528d9960b,2026-10-03T19:30:00Z,NC State Wolfpack,Louisville Cardinals,betonlineag,BetOnline.ag,2026-09-28T16:55:07Z,h2h,2026-09-28T16:55:07Z,NC State Wolfpack,183,,20260928165602403570
NCAAF,americanfootball_ncaaf,a77fd3143159a9d16a75685528d9960b,2026-10-03T19:30:00Z,NC State Wolfpack,Louisville Cardinals,betonlineag,BetOnline.ag,2026-09-28T16:55:07Z,spreads,2026-09-28T16:55:07Z,Louisville Cardinals,-108,-5.5,20260928165602403570
NCAAF,americanfootball_ncaaf,a77fd3143159a9d16a75685528d9960b,2026-10-03T19:30:00Z,NC State Wolfpack,Louisville Cardinals,betonlineag,BetOnline.ag,2026-09-28T16:55:07Z,spreads,2026-09-28T16:55:07Z,NC State Wolfpack,-112,5.5,20260928165602403570
NCAAF,americanfootball_ncaaf,a77fd3143159a9d16a75685528d9960b,2026-10-03T19:30:00Z,NC State Wolfpack,Louisville Cardinals,betonlineag,BetOnline.ag,2026-09-28T16:55:07Z,totals,2026-09-28T16:55:07Z,Over,-110,58.5,20260928165602403570
NCAAF,americanfootball_ncaaf,a77fd3143159a9d16a75685528d9960b,2026-10-03T19:30:00Z,NC State Wolfpack,Louisville Cardinals,betonlineag,BetOnline.ag,2026-09-28T16:55:07Z,totals,2026-09-28T16:55:07Z,Under,-110,58.5,20260928165602403570
NCAAF,americanfootball_ncaaf,a77fd3143159a9d16a75685528d9960b,2026-10-03T19:30:00Z,NC State Wolfpack,Louisville Cardinals,lowvig,LowVig.ag,2026-09-28T16:55:49Z,h2h,2026-09-28T16:55:49Z,Louisville Cardinals,-215,,20260928165602403570
NCAAF,americanfootball_ncaaf,a77fd3143159a9d16a75685528d9960b,2026-10-03T19:30:00Z,NC State Wolfpack,Louisville Cardinals,lowvig,LowVig.ag,2026-09-28T16:55:49Z,h2h,2026-09-28T16:55:49Z,NC State Wolfpack,183,,20260928165602403570
NCAAF,americanfootball_ncaaf,a77fd3143159a9d16a75685528d9960b,2026-10-03T19:30:00Z,NC State Wolfpack,Louisville Cardinals,lowvig,LowVig.ag,2026-09-28T16:55:49Z,spreads,2026-09-28T16:55:49Z,Louisville Cardinals,-104,-5.5,20260928165602403570
NCAAF,americanfootball_ncaaf,a77fd3143159a9d16a75685528d9960b,2026-10-03T19:30:00Z,NC State Wolfpack,Louisville Cardinals,lowvig,LowVig.ag,2026-09-28T16:55:49Z,spreads,2026-09-28T16:55:49Z,NC State Wolfpack,-108,5.5,20260928165602403570
NCAAF,americanfootball_ncaaf,a77fd3143159a9d16a75685528d9960b,2026-10-03T19:30:00Z,NC State Wolfpack,Louisville Cardinals,lowvig,LowVig.ag,2026-09-28T16:55:49Z,totals,2026-09-28T16:55:49Z,Over,-108,58.5,20260928165602403570
NCAAF,americanfootball_ncaaf,a77fd3143159a9d16a75685528d9960b,2026-10-03T19:30:00Z,NC State Wolfpack,Louisville Cardinals,lowvig,LowVig.ag,2026-09-28T16:55:49Z,totals,2026-09-28T16:55:49Z,Under,-108,58.5,20260928165602403570
NCAAF,americanfootball_ncaaf,a77fd3143159a9d16a75685528d9960b,2026-10-03T19:30:00Z,NC State Wolfpack,Louisville Cardinals,mybookieag,MyBookie.ag,2026-09-28T16:55:48Z,h2h,2026-09-28T16:55:48Z,Louisville Cardinals,-224,,20260928165602403570
NCAAF,americanfootball_ncaaf,a77fd3143159a9d16a75685528d9960b,2026-10-03T19:30:00Z,NC State Wolfpack,Louisville Cardinals,mybookieag,MyBookie.ag,2026-09-28T16:55:48Z,h2h,2026-09-28T16:55:48Z,NC State Wolfpack,179,,20260928165602403570
NCAAF,americanfootball_ncaaf,a77fd3143159a9d16a75685528d9960b,2026-10-03T19:30:00Z,NC State Wolfpack,Louisville Cardinals,mybookieag,MyBookie.ag,2026-09-28T16:55:48Z,spreads,2026-09-28T16:55:48Z,Louisville Cardinals,-110,-6.0,20260928165602403570
NCAAF,americanfootball_ncaaf,a77fd3143159a9d16a75685528d9960b,2026-10-03T19:30:00Z,NC State Wolfpack,Louisville Cardinals,mybookieag,MyBookie.ag,2026-09-28T16:55:48Z,spreads,2026-09-28T16:55:48Z,NC State Wolfpack,-110,6.0,20260928165602403570
NCAAF,americanfootball_ncaaf,a77fd3143159a9d16a75685528d9960b,2026-10-03T19:30:00Z,NC State Wolfpack,Louisville Cardinals,mybookieag,MyBookie.ag,2026-09-28T16:55:48Z,totals,2026-09-28T16:55:48Z,Over,-110,59.0,20260928165602403570
NCAAF,americanfootball_ncaaf,a77fd3143159a9d16a75685528d9960b,2026-10-03T19:30:00Z,NC State Wolfpack,Louisville Cardinals,mybookieag,MyBookie.ag,2026-09-28T16:55:48Z,totals,2026-09-28T16:55:48Z,Under,-110,59.0,20260928165602403570
NCAAF,americanfootball_ncaaf,a77fd3143159a9d16a75685528d9960b,2026-10-03T19:30:00Z,NC State Wolfpack,Louisville Cardinals,betmgm,BetMGM,2026-09-28T16:54:38Z,h2h,2026-09-28T16:54:38Z,Louisville Cardinals,-220,,20260928165602403570
NCAAF,americanfootball_ncaaf,a77fd3143159a9d16a75685528d9960b,2026-10-03T19:30:00Z,NC State Wolfpack,Louisville Cardinals,betmgm,BetMGM,2026-09-28T16:54:38Z,h2h,2026-09-28T16:54:38Z,NC State Wolfpack,180,,20260928165602403570
NCAAF,americanfootball_ncaaf,a77fd3143159a9d16a75685528d9960b,2026-10-03T19:30:00Z,NC State Wolfpack,Louisville Cardinals,betmgm,BetMGM,2026-09-28T16:54:38Z,spreads,2026-09-28T16:54:38Z,Louisville Cardinals,-108,-5.5,20260928165602403570
NCAAF,americanfootball_ncaaf,a77fd3143159a9d16a75685528d9960b,2026-10-03T19:30:00Z,NC State Wolfpack,Louisville Cardinals,betmgm,BetMGM,2026-09-28T16:54:38Z,spreads,2026-09-28T16:54:38Z,NC State Wolfpack,-110,5.5,20260928165602403570
NCAAF,americanfootball_ncaaf,a77fd3143159a9d16a75685528d9960b,2026-10-03T19:30:00Z,NC State Wolfpack,Louisville Cardinals,betmgm,BetMGM,2026-09-28T16:54:38Z,totals,2026-09-28T16:54:38Z,Over,-112,58.5,20260928165602403570
NCAAF,americanfootball_ncaaf,a77fd3143159a9d16a75685528d9960b,2026-10-03T19:30:00Z,NC State Wolfpack,Louisville Cardinals,betmgm,BetMGM,2026-09-28T16:54:38Z,totals,2026-09-28T16:54:38Z,Under,-105,58.5,20260928165602403570
NCAAF,americanfootball_ncaaf,a77fd3143159a9d16a75685528d9960b,2026-10-03T19:30:00Z,NC State Wolfpack,Louisville Cardinals,betus,BetUS,2026-09-28T16:55:53Z,spreads,2026-09-28T16:55:52Z,Louisville Cardinals,-110,-5.0,20260928165602403570
NCAAF,americanfootball_ncaaf,a77fd3143159a9d16a75685528d9960b,2026-10-03T19:30:00Z,NC State Wolfpack,Louisville Cardinals,betus,BetUS,2026-09-28T16:55:53Z,spreads,2026-09-28T16:55:52Z,NC State Wolfpack,-110,5.0,20260928165602403570
NCAAF,americanfootball_ncaaf,a77fd3143159a9d16a75685528d9960b,2026-10-03T19:30:00Z,NC State Wolfpack,Louisville Cardinals,betus,BetUS,2026-09-28T16:55:53Z,totals,2026-09-28T16:55:52Z,Over,-110,58.5,20260928165602403570
NCAAF,americanfootball_ncaaf,a77fd3143159a9d16a75685528d9960b,2026-10-03T19:30:00Z,NC State Wolfpack,Louisville Cardinals,betus,BetUS,2026-09-28T16:55:53Z,totals,2026-09-28T16:55:52Z,Under,-110,58.5,20260928165602403570
NCAAF,americanfootball_ncaaf,a77fd3143159a9d16a75685528d9960b,2026-10-03T19:30:00Z,NC State Wolfpack,Louisville Cardinals,bovada,Bovada,2026-09-28T16:54:58Z,h2h,2026-09-28T16:54:58Z,Louisville Cardinals,-220,,20260928165602403570
NCAAF,americanfootball_ncaaf,a77fd3143159a9d16a75685528d9960b,2026-10-03T19:30:00Z,NC State Wolfpack,Louisville Cardinals,bovada,Bovada,2026-09-28T16:54:58Z,h2h,2026-09-28T16:54:58Z,NC State Wolfpack,180,,20260928165602403570
NCAAF,americanfootball_ncaaf,a77fd3143159a9d16a75685528d9960b,2026-10-03T19:30:00Z,NC State Wolfpack,Louisville Cardinals,bovada,Bovada,2026-09-28T16:54:58Z,spreads,2026-09-28T16:54:58Z,Louisville Cardinals,-105,-6.0,20260928165602403570
NCAAF,americanfootball_ncaaf,a77fd3143159a9d16a75685528d9960b,2026-10-03T19:30:00Z,NC State Wolfpack,Louisville Cardinals,bovada,Bovada,2026-09-28T16:54:58Z,spreads,2026-09-28T16:54:58Z,NC State Wolfpack,-115,6.0,20260928165602403570
NCAAF,americanfootball_ncaaf,a77fd3143159a9d16a75685528d9960b,2026-10-03T19:30:00Z,NC State Wolfpack,Louisville Cardinals,bovada,Bovada,2026-09-28T16:54:58Z,totals,2026-09-28T16:54:58Z,Over,-110,58.5,20260928165602403570
NCAAF,americanfootball_ncaaf,a77fd3143159a9d16a75685528d9960b,2026-10-03T19:30:00Z,NC State Wolfpack,Louisville Cardinals,bovada,Bovada,2026-09-28T16:54:58Z,totals,2026-09-28T16:54:58Z,Under,-110,58.5,20260928165602403570
NCAAF,americanfootball_ncaaf,b36c1d83299d019b7833660a29e9da9c,2026-10-03T19:30:00Z,North Dakota State Bison,Wyoming Cowboys,fanduel,FanDuel,2026-09-28T16:55:50Z,h2h,2026-09-28T16:55:49Z,North Dakota State Bison,-1450,,20260928165602403570
NCAAF,americanfootball_ncaaf,b36c1d83299d019b7833660a29e9da9c,2026-10-03T19:30:00Z,North Dakota State Bison,Wyoming Cowboys,fanduel,FanDuel,2026-09-28T16:55:50Z,h2h,2026-09-28T16:55:49Z,Wyoming Cowboys,810,,20260928165602403570
NCAAF,americanfootball_ncaaf,b36c1d83299d019b7833660a29e9da9c,2026-10-03T19:30:00Z,North Dakota State Bison,Wyoming Cowboys,fanduel,FanDuel,2026-09-28T16:55:50Z,spreads,2026-09-28T16:55:49Z,North Dakota State Bison,-115,-18.5,20260928165602403570
NCAAF,americanfootball_ncaaf,b36c1d83299d019b7833660a29e9da9c,2026-10-03T19:30:00Z,North Dakota State Bison,Wyoming Cowboys,fanduel,FanDuel,2026-09-28T16:55:50Z,spreads,2026-09-28T16:55:49Z,Wyoming Cowboys,-105,18.5,20260928165602403570
NCAAF,americanfootball_ncaaf,b36c1d83299d019b7833660a29e9da9c,2026-10-03T19:30:00Z,North Dakota State Bison,Wyoming Cowboys,fanduel,FanDuel,2026-09-28T16:55:50Z,totals,2026-09-28T16:55:49Z,Over,-114,45.5,20260928165602403570
NCAAF,americanfootball_ncaaf,b36c1d83299d019b7833660a29e9da9c,2026-10-03T19:30:00Z,North Dakota State Bison,Wyoming Cowboys,fanduel,FanDuel,2026-09-28T16:55:50Z,totals,2026-09-28T16:55:49Z,Under,-106,45.5,20260928165602403570
NCAAF,americanfootball_ncaaf,b36c1d83299d019b7833660a29e9da9c,2026-10-03T19:30:00Z,North Dakota State Bison,Wyoming Cowboys,draftkings,DraftKings,2026-09-28T16:55:34Z,h2h,2026-09-28T16:55:34Z,North Dakota State Bison,-1350,,20260928165602403570
NCAAF,americanfootball_ncaaf,b36c1d83299d019b7833660a29e9da9c,2026-10-03T19:30:00Z,North Dakota State Bison,Wyoming Cowboys,draftkings,DraftKings,2026-09-28T16:55:34Z,h2h,2026-09-28T16:55:34Z,Wyoming Cowboys,800,,20260928165602403570
NCAAF,americanfootball_ncaaf,b36c1d83299d019b7833660a29e9da9c,2026-10-03T19:30:00Z,North Dakota State Bison,Wyoming Cowboys,draftkings,DraftKings,2026-09-28T16:55:34Z,spreads,2026-09-28T16:55:34Z,North Dakota State Bison,-110,-18.5,20260928165602403570
NCAAF,americanfootball_ncaaf,b36c1d83299d019b7833660a29e9da9c,2026-10-03T19:30:00Z,North Dakota State Bison,Wyoming Cowboys,draftkings,DraftKings,2026-09-28T16:55:34Z,spreads,2026-09-28T16:55:34Z,Wyoming Cowboys,-110,18.5,20260928165602403570
NCAAF,americanfootball_ncaaf,b36c1d83299d019b7833660a29e9da9c,2026-10-03T19:30:00Z,North Dakota State Bison,Wyoming Cowboys,draftkings,DraftKings,2026-09-28T16:55:34Z,totals,2026-09-28T16:55:34Z,Over,-112,45.5,20260928165602403570
NCAAF,americanfootball_ncaaf,b36c1d83299d019b7833660a29e9da9c,2026-10-03T19:30:00Z,North Dakota State Bison,Wyoming Cowboys,draftkings,DraftKings,2026-09-28T16:55:34Z,totals,2026-09-28T16:55:34Z,Under,-108,45.5,20260928165602403570
NCAAF,americanfootball_ncaaf,b36c1d83299d019b7833660a29e9da9c,2026-10-03T19:30:00Z,North Dakota State Bison,Wyoming Cowboys,lowvig,LowVig.ag,2026-09-28T16:55:49Z,spreads,2026-09-28T16:55:49Z,North Dakota State Bison,-101,-18.5,20260928165602403570
NCAAF,americanfootball_ncaaf,b36c1d83299d019b7833660a29e9da9c,2026-10-03T19:30:00Z,North Dakota State Bison,Wyoming Cowboys,lowvig,LowVig.ag,2026-09-28T16:55:49Z,spreads,2026-09-28T16:55:49Z,Wyoming Cowboys,-111,18.5,20260928165602403570
NCAAF,americanfootball_ncaaf,b36c1d83299d019b7833660a29e9da9c,2026-10-03T19:30:00Z,North Dakota State Bison,Wyoming Cowboys,lowvig,LowVig.ag,2026-09-28T16:55:49Z,totals,2026-09-28T16:55:49Z,Over,-108,45.5,20260928165602403570
NCAAF,americanfootball_ncaaf,b36c1d83299d019b7833660a29e9da9c,2026-10-03T19:30:00Z,North Dakota State Bison,Wyoming Cowboys,lowvig,LowVig.ag,2026-09-28T16:55:49Z,totals,2026-09-28T16:55:49Z,Under,-108,45.5,20260928165602403570
NCAAF,americanfootball_ncaaf,b36c1d83299d019b7833660a29e9da9c,2026-10-03T19:30:00Z,North Dakota State Bison,Wyoming Cowboys,betonlineag,BetOnline.ag,2026-09-28T16:55:07Z,spreads,2026-09-28T16:55:07Z,North Dakota State Bison,-105,-18.5,20260928165602403570
NCAAF,americanfootball_ncaaf,b36c1d83299d019b7833660a29e9da9c,2026-10-03T19:30:00Z,North Dakota State Bison,Wyoming Cowboys,betonlineag,BetOnline.ag,2026-09-28T16:55:07Z,spreads,2026-09-28T16:55:07Z,Wyoming Cowboys,-115,18.5,20260928165602403570
NCAAF,americanfootball_ncaaf,b36c1d83299d019b7833660a29e9da9c,2026-10-03T19:30:00Z,North Dakota State Bison,Wyoming Cowboys,betonlineag,BetOnline.ag,2026-09-28T16:55:07Z,totals,2026-09-28T16:55:07Z,Over,-110,45.5,20260928165602403570
NCAAF,americanfootball_ncaaf,b36c1d83299d019b7833660a29e9da9c,2026-10-03T19:30:00Z,North Dakota State Bison,Wyoming Cowboys,betonlineag,BetOnline.ag,2026-09-28T16:55:07Z,totals,2026-09-28T16:55:07Z,Under,-110,45.5,20260928165602403570
NCAAF,americanfootball_ncaaf,b36c1d83299d019b7833660a29e9da9c,2026-10-03T19:30:00Z,North Dakota State Bison,Wyoming Cowboys,mybookieag,MyBookie.ag,2026-09-28T16:55:48Z,h2h,2026-09-28T16:55:48Z,North Dakota State Bison,-1408,,20260928165602403570
NCAAF,americanfootball_ncaaf,b36c1d83299d019b7833660a29e9da9c,2026-10-03T19:30:00Z,North Dakota State Bison,Wyoming Cowboys,mybookieag,MyBookie.ag,2026-09-28T16:55:48Z,h2h,2026-09-28T16:55:48Z,Wyoming Cowboys,750,,20260928165602403570
NCAAF,americanfootball_ncaaf,b36c1d83299d019b7833660a29e9da9c,2026-10-03T19:30:00Z,North Dakota State Bison,Wyoming Cowboys,mybookieag,MyBookie.ag,2026-09-28T16:55:48Z,spreads,2026-09-28T16:55:48Z,North Dakota State Bison,-110,-18.5,20260928165602403570
NCAAF,americanfootball_ncaaf,b36c1d83299d019b7833660a29e9da9c,2026-10-03T19:30:00Z,North Dakota State Bison,Wyoming Cowboys,mybookieag,MyBookie.ag,2026-09-28T16:55:48Z,spreads,2026-09-28T16:55:48Z,Wyoming Cowboys,-110,18.5,20260928165602403570
NCAAF,americanfootball_ncaaf,b36c1d83299d019b7833660a29e9da9c,2026-10-03T19:30:00Z,North Dakota State Bison,Wyoming Cowboys,mybookieag,MyBookie.ag,2026-09-28T16:55:48Z,totals,2026-09-28T16:55:48Z,Over,-110,45.5,20260928165602403570
NCAAF,americanfootball_ncaaf,b36c1d83299d019b7833660a29e9da9c,2026-10-03T19:30:00Z,North Dakota State Bison,Wyoming Cowboys,mybookieag,MyBookie.ag,2026-09-28T16:55:48Z,totals,2026-09-28T16:55:48Z,Under,-110,45.5,20260928165602403570
NCAAF,americanfootball_ncaaf,b36c1d83299d019b7833660a29e9da9c,2026-10-03T19:30:00Z,North Dakota State Bison,Wyoming Cowboys,betmgm,BetMGM,2026-09-28T16:54:38Z,h2h,2026-09-28T16:54:38Z,North Dakota State Bison,-1200,,20260928165602403570
NCAAF,americanfootball_ncaaf,b36c1d83299d019b7833660a29e9da9c,2026-10-03T19:30:00Z,North Dakota State Bison,Wyoming Cowboys,betmgm,BetMGM,2026-09-28T16:54:38Z,h2h,2026-09-28T16:54:38Z,Wyoming Cowboys,825,,20260928165602403570
NCAAF,americanfootball_ncaaf,b36c1d83299d019b7833660a29e9da9c,2026-10-03T19:30:00Z,North Dakota State Bison,Wyoming Cowboys,betmgm,BetMGM,2026-09-28T16:54:38Z,spreads,2026-09-28T16:54:38Z,North Dakota State Bison,-108,-18.5,20260928165602403570
NCAAF,americanfootball_ncaaf,b36c1d83299d019b7833660a29e9da9c,2026-10-03T19:30:00Z,North Dakota State Bison,Wyoming Cowboys,betmgm,BetMGM,2026-09-28T16:54:38Z,spreads,2026-09-28T16:54:38Z,Wyoming Cowboys,-110,18.5,20260928165602403570
NCAAF,americanfootball_ncaaf,b36c1d83299d019b7833660a29e9da9c,2026-10-03T19:30:00Z,North Dakota State Bison,Wyoming Cowboys,betmgm,BetMGM,2026-09-28T16:54:38Z,totals,2026-09-28T16:54:38Z,Over,-110,45.5,20260928165602403570
NCAAF,americanfootball_ncaaf,b36c1d83299d019b7833660a29e9da9c,2026-10-03T19:30:00Z,North Dakota State Bison,Wyoming Cowboys,betmgm,BetMGM,2026-09-28T16:54:38Z,totals,2026-09-28T16:54:38Z,Under,-108,45.5,20260928165602403570
NCAAF,americanfootball_ncaaf,b36c1d83299d019b7833660a29e9da9c,2026-10-03T19:30:00Z,North Dakota State Bison,Wyoming Cowboys,betus,BetUS,2026-09-28T16:55:53Z,spreads,2026-09-28T16:55:53Z,North Dakota State Bison,-105,-18.5,20260928165602403570
NCAAF,americanfootball_ncaaf,b36c1d83299d019b7833660a29e9da9c,2026-10-03T19:30:00Z,North Dakota State Bison,Wyoming Cowboys,betus,BetUS,2026-09-28T16:55:53Z,spreads,2026-09-28T16:55:53Z,Wyoming Cowboys,-115,18.5,20260928165602403570
NCAAF,americanfootball_ncaaf,b36c1d83299d019b7833660a29e9da9c,2026-10-03T19:30:00Z,North Dakota State Bison,Wyoming Cowboys,betus,BetUS,2026-09-28T16:55:53Z,totals,2026-09-28T16:55:53Z,Over,-110,45.5,20260928165602403570
NCAAF,americanfootball_ncaaf,b36c1d83299d019b7833660a29e9da9c,2026-10-03T19:30:00Z,North Dakota State Bison,Wyoming Cowboys,betus,BetUS,2026-09-28T16:55:53Z,totals,2026-09-28T16:55:53Z,Under,-110,45.5,20260928165602403570
NCAAF,americanfootball_ncaaf,b36c1d83299d019b7833660a29e9da9c,2026-10-03T19:30:00Z,North Dakota State Bison,Wyoming Cowboys,betrivers,BetRivers,2026-09-28T16:55:49Z,h2h,2026-09-28T16:55:49Z,North Dakota State Bison,-1250,,20260928165602403570
NCAAF,americanfootball_ncaaf,b36c1d83299d019b7833660a29e9da9c,2026-10-03T19:30:00Z,North Dakota State Bison,Wyoming Cowboys,betrivers,BetRivers,2026-09-28T16:55:49Z,h2h,2026-09-28T16:55:49Z,Wyoming Cowboys,700,,20260928165602403570
NCAAF,americanfootball_ncaaf,b36c1d83299d019b7833660a29e9da9c,2026-10-03T19:30:00Z,North Dakota State Bison,Wyoming Cowboys,betrivers,BetRivers,2026-09-28T16:55:49Z,spreads,2026-09-28T16:55:49Z,North Dakota State Bison,-113,-17.5,20260928165602403570
NCAAF,americanfootball_ncaaf,b36c1d83299d019b7833660a29e9da9c,2026-10-03T19:30:00Z,North Dakota State Bison,Wyoming Cowboys,betrivers,BetRivers,2026-09-28T16:55:49Z,spreads,2026-09-28T16:55:49Z,Wyoming Cowboys,-109,17.5,20260928165602403570
NCAAF,americanfootball_ncaaf,b36c1d83299d019b7833660a29e9da9c,2026-10-03T19:30:00Z,North Dakota State Bison,Wyoming Cowboys,betrivers,BetRivers,2026-09-28T16:55:49Z,totals,2026-09-28T16:55:49Z,Over,-110,46.5,20260928165602403570
NCAAF,americanfootball_ncaaf,b36c1d83299d019b7833660a29e9da9c,2026-10-03T19:30:00Z,North Dakota State Bison,Wyoming Cowboys,betrivers,BetRivers,2026-09-28T16:55:49Z,totals,2026-09-28T16:55:49Z,Under,-117,46.5,20260928165602403570
NCAAF,americanfootball_ncaaf,b36c1d83299d019b7833660a29e9da9c,2026-10-03T19:30:00Z,North Dakota State Bison,Wyoming Cowboys,bovada,Bovada,2026-09-28T16:54:58Z,h2h,2026-09-28T16:54:58Z,North Dakota State Bison,-1200,,20260928165602403570
NCAAF,americanfootball_ncaaf,b36c1d83299d019b7833660a29e9da9c,2026-10-03T19:30:00Z,North Dakota State Bison,Wyoming Cowboys,bovada,Bovada,2026-09-28T16:54:58Z,h2h,2026-09-28T16:54:58Z,Wyoming Cowboys,700,,20260928165602403570
NCAAF,americanfootball_ncaaf,b36c1d83299d019b7833660a29e9da9c,2026-10-03T19:30:00Z,North Dakota State Bison,Wyoming Cowboys,bovada,Bovada,2026-09-28T16:54:58Z,spreads,2026-09-28T16:54:58Z,North Dakota State Bison,-110,-18.5,20260928165602403570
NCAAF,americanfootball_ncaaf,b36c1d83299d019b7833660a29e9da9c,2026-10-03T19:30:00Z,North Dakota State Bison,Wyoming Cowboys,bovada,Bovada,2026-09-28T16:54:58Z,spreads,2026-09-28T16:54:58Z,Wyoming Cowboys,-110,18.5,20260928165602403570
NCAAF,americanfootball_ncaaf,b36c1d83299d019b7833660a29e9da9c,2026-10-03T19:30:00Z,North Dakota State Bison,Wyoming Cowboys,bovada,Bovada,2026-09-28T16:54:58Z,totals,2026-09-28T16:54:58Z,Over,-115,45.5,20260928165602403570
NCAAF,americanfootball_ncaaf,b36c1d83299d019b7833660a29e9da9c,2026-10-03T19:30:00Z,North Dakota State Bison,Wyoming Cowboys,bovada,Bovada,2026-09-28T16:54:58Z,totals,2026-09-28T16:54:58Z,Under,-105,45.5,20260928165602403570
NCAAF,americanfootball_ncaaf,7e365956ef23823565a044a5af18736a,2026-10-03T19:45:00Z,James Madison Dukes,Marshall Thundering Herd,fanduel,FanDuel,2026-09-28T16:55:50Z,h2h,2026-09-28T16:55:50Z,James Madison Dukes,-1250,,20260928165602403570
NCAAF,americanfootball_ncaaf,7e365956ef23823565a044a5af18736a,2026-10-03T19:45:00Z,James Madison Dukes,Marshall Thundering Herd,fanduel,FanDuel,2026-09-28T16:55:50Z,h2h,2026-09-28T16:55:50Z,Marshall Thundering Herd,740,,20260928165602403570
NCAAF,americanfootball_ncaaf,7e365956ef23823565a044a5af18736a,2026-10-03T19:45:00Z,James Madison Dukes,Marshall Thundering Herd,fanduel,FanDuel,2026-09-28T16:55:50Z,spreads,2026-09-28T16:55:50Z,James Madison Dukes,-108,-18.5,20260928165602403570
NCAAF,americanfootball_ncaaf,7e365956ef23823565a044a5af18736a,2026-10-03T19:45:00Z,James Madison Dukes,Marshall Thundering Herd,fanduel,FanDuel,2026-09-28T16:55:50Z,spreads,2026-09-28T16:55:50Z,Marshall Thundering Herd,-112,18.5,20260928165602403570
NCAAF,americanfootball_ncaaf,7e365956ef23823565a044a5af18736a,2026-10-03T19:45:00Z,James Madison Dukes,Marshall Thundering Herd,fanduel,FanDuel,2026-09-28T16:55:50Z,totals,2026-09-28T16:55:50Z,Over,-112,54.5,20260928165602403570
NCAAF,americanfootball_ncaaf,7e365956ef23823565a044a5af18736a,2026-10-03T19:45:00Z,James Madison Dukes,Marshall Thundering Herd,fanduel,FanDuel,2026-09-28T16:55:50Z,totals,2026-09-28T16:55:50Z,Under,-108,54.5,20260928165602403570
NCAAF,americanfootball_ncaaf,7e365956ef23823565a044a5af18736a,2026-10-03T19:45:00Z,James Madison Dukes,Marshall Thundering Herd,betrivers,BetRivers,2026-09-28T16:55:49Z,h2h,2026-09-28T16:55:49Z,James Madison Dukes,-2000,,20260928165602403570
NCAAF,americanfootball_ncaaf,7e365956ef23823565a044a5af18736a,2026-10-03T19:45:00Z,James Madison Dukes,Marshall Thundering Herd,betrivers,BetRivers,2026-09-28T16:55:49Z,h2h,2026-09-28T16:55:49Z,Marshall Thundering Herd,850,,20260928165602403570
NCAAF,americanfootball_ncaaf,7e365956ef23823565a044a5af18736a,2026-10-03T19:45:00Z,James Madison Dukes,Marshall Thundering Herd,betrivers,BetRivers,2026-09-28T16:55:49Z,spreads,2026-09-28T16:55:49Z,James Madison Dukes,-109,-18.5,20260928165602403570
NCAAF,americanfootball_ncaaf,7e365956ef23823565a044a5af18736a,2026-10-03T19:45:00Z,James Madison Dukes,Marshall Thundering Herd,betrivers,BetRivers,2026-09-28T16:55:49Z,spreads,2026-09-28T16:55:49Z,Marshall Thundering Herd,-113,18.5,20260928165602403570
NCAAF,americanfootball_ncaaf,7e365956ef23823565a044a5af18736a,2026-10-03T19:45:00Z,James Madison Dukes,Marshall Thundering Herd,betrivers,BetRivers,2026-09-28T16:55:49Z,totals,2026-09-28T16:55:49Z,Over,-110,54.5,20260928165602403570
NCAAF,americanfootball_ncaaf,7e365956ef23823565a044a5af18736a,2026-10-03T19:45:00Z,James Madison Dukes,Marshall Thundering Herd,betrivers,BetRivers,2026-09-28T16:55:49Z,totals,2026-09-28T16:55:49Z,Under,-118,54.5,20260928165602403570
NCAAF,americanfootball_ncaaf,7e365956ef23823565a044a5af18736a,2026-10-03T19:45:00Z,James Madison Dukes,Marshall Thundering Herd,draftkings,DraftKings,2026-09-28T16:55:34Z,h2h,2026-09-28T16:55:34Z,James Madison Dukes,-1000,,20260928165602403570
NCAAF,americanfootball_ncaaf,7e365956ef23823565a044a5af18736a,2026-10-03T19:45:00Z,James Madison Dukes,Marshall Thundering Herd,draftkings,DraftKings,2026-09-28T16:55:34Z,h2h,2026-09-28T16:55:34Z,Marshall Thundering Herd,650,,20260928165602403570
NCAAF,americanfootball_ncaaf,7e365956ef23823565a044a5af18736a,2026-10-03T19:45:00Z,James Madison Dukes,Marshall Thundering Herd,draftkings,DraftKings,2026-09-28T16:55:34Z,spreads,2026-09-28T16:55:34Z,James Madison Dukes,-105,-18.5,20260928165602403570
NCAAF,americanfootball_ncaaf,7e365956ef23823565a044a5af18736a,2026-10-03T19:45:00Z,James Madison Dukes,Marshall Thundering Herd,draftkings,DraftKings,2026-09-28T16:55:34Z,spreads,2026-09-28T16:55:34Z,Marshall Thundering Herd,-115,18.5,20260928165602403570
NCAAF,americanfootball_ncaaf,7e365956ef23823565a044a5af18736a,2026-10-03T19:45:00Z,James Madison Dukes,Marshall Thundering Herd,draftkings,DraftKings,2026-09-28T16:55:34Z,totals,2026-09-28T16:55:34Z,Over,100,55.5,20260928165602403570
NCAAF,americanfootball_ncaaf,7e365956ef23823565a044a5af18736a,2026-10-03T19:45:00Z,James Madison Dukes,Marshall Thundering Herd,draftkings,DraftKings,2026-09-28T16:55:34Z,totals,2026-09-28T16:55:34Z,Under,-120,55.5,20260928165602403570
NCAAF,americanfootball_ncaaf,7e365956ef23823565a044a5af18736a,2026-10-03T19:45:00Z,James Madison Dukes,Marshall Thundering Herd,lowvig,LowVig.ag,2026-09-28T16:55:49Z,h2h,2026-09-28T16:55:49Z,James Madison Dukes,-950,,20260928165602403570
NCAAF,americanfootball_ncaaf,7e365956ef23823565a044a5af18736a,2026-10-03T19:45:00Z,James Madison Dukes,Marshall Thundering Herd,lowvig,LowVig.ag,2026-09-28T16:55:49Z,h2h,2026-09-28T16:55:49Z,Marshall Thundering Herd,637,,20260928165602403570
NCAAF,americanfootball_ncaaf,7e365956ef23823565a044a5af18736a,2026-10-03T19:45:00Z,James Madison Dukes,Marshall Thundering Herd,lowvig,LowVig.ag,2026-09-28T16:55:49Z,spreads,2026-09-28T16:55:49Z,James Madison Dukes,-111,-18.0,20260928165602403570
NCAAF,americanfootball_ncaaf,7e365956ef23823565a044a5af18736a,2026-10-03T19:45:00Z,James Madison Dukes,Marshall Thundering Herd,lowvig,LowVig.ag,2026-09-28T16:55:49Z,spreads,2026-09-28T16:55:49Z,Marshall Thundering Herd,-101,18.0,20260928165602403570
NCAAF,americanfootball_ncaaf,7e365956ef23823565a044a5af18736a,2026-10-03T19:45:00Z,James Madison Dukes,Marshall Thundering Herd,lowvig,LowVig.ag,2026-09-28T16:55:49Z,totals,2026-09-28T16:55:49Z,Over,-108,55.0,20260928165602403570
NCAAF,americanfootball_ncaaf,7e365956ef23823565a044a5af18736a,2026-10-03T19:45:00Z,James Madison Dukes,Marshall Thundering Herd,lowvig,LowVig.ag,2026-09-28T16:55:49Z,totals,2026-09-28T16:55:49Z,Under,-108,55.0,20260928165602403570
NCAAF,americanfootball_ncaaf,7e365956ef23823565a044a5af18736a,2026-10-03T19:45:00Z,James Madison Dukes,Marshall Thundering Herd,betonlineag,BetOnline.ag,2026-09-28T16:55:07Z,h2h,2026-09-28T16:55:07Z,James Madison Dukes,-950,,20260928165602403570
NCAAF,americanfootball_ncaaf,7e365956ef23823565a044a5af18736a,2026-10-03T19:45:00Z,James Madison Dukes,Marshall Thundering Herd,betonlineag,BetOnline.ag,2026-09-28T16:55:07Z,h2h,2026-09-28T16:55:07Z,Marshall Thundering Herd,637,,20260928165602403570
NCAAF,americanfootball_ncaaf,7e365956ef23823565a044a5af18736a,2026-10-03T19:45:00Z,James Madison Dukes,Marshall Thundering Herd,betonlineag,BetOnline.ag,2026-09-28T16:55:07Z,spreads,2026-09-28T16:55:07Z,James Madison Dukes,-115,-18.0,20260928165602403570
NCAAF,americanfootball_ncaaf,7e365956ef23823565a044a5af18736a,2026-10-03T19:45:00Z,James Madison Dukes,Marshall Thundering Herd,betonlineag,BetOnline.ag,2026-09-28T16:55:07Z,spreads,2026-09-28T16:55:07Z,Marshall Thundering Herd,-105,18.0,20260928165602403570
NCAAF,americanfootball_ncaaf,7e365956ef23823565a044a5af18736a,2026-10-03T19:45:00Z,James Madison Dukes,Marshall Thundering Herd,betonlineag,BetOnline.ag,2026-09-28T16:55:07Z,totals,2026-09-28T16:55:07Z,Over,-110,55.0,20260928165602403570
NCAAF,americanfootball_ncaaf,7e365956ef23823565a044a5af18736a,2026-10-03T19:45:00Z,James Madison Dukes,Marshall Thundering Herd,betonlineag,BetOnline.ag,2026-09-28T16:55:07Z,totals,2026-09-28T16:55:07Z,Under,-110,55.0,20260928165602403570
NCAAF,americanfootball_ncaaf,7e365956ef23823565a044a5af18736a,2026-10-03T19:45:00Z,James Madison Dukes,Marshall Thundering Herd,mybookieag,MyBookie.ag,2026-09-28T16:55:48Z,h2h,2026-09-28T16:55:48Z,James Madison Dukes,-1099,,20260928165602403570
NCAAF,americanfootball_ncaaf,7e365956ef23823565a044a5af18736a,2026-10-03T19:45:00Z,James Madison Dukes,Marshall Thundering Herd,mybookieag,MyBookie.ag,2026-09-28T16:55:48Z,h2h,2026-09-28T16:55:48Z,Marshall Thundering Herd,630,,20260928165602403570
NCAAF,americanfootball_ncaaf,7e365956ef23823565a044a5af18736a,2026-10-03T19:45:00Z,James Madison Dukes,Marshall Thundering Herd,mybookieag,MyBookie.ag,2026-09-28T16:55:48Z,spreads,2026-09-28T16:55:48Z,James Madison Dukes,-110,-18.5,20260928165602403570
NCAAF,americanfootball_ncaaf,7e365956ef23823565a044a5af18736a,2026-10-03T19:45:00Z,James Madison Dukes,Marshall Thundering Herd,mybookieag,MyBookie.ag,2026-09-28T16:55:48Z,spreads,2026-09-28T16:55:48Z,Marshall Thundering Herd,-110,18.5,20260928165602403570
NCAAF,americanfootball_ncaaf,7e365956ef23823565a044a5af18736a,2026-10-03T19:45:00Z,James Madison Dukes,Marshall Thundering Herd,mybookieag,MyBookie.ag,2026-09-28T16:55:48Z,totals,2026-09-28T16:55:48Z,Over,-110,55.0,20260928165602403570
NCAAF,americanfootball_ncaaf,7e365956ef23823565a044a5af18736a,2026-10-03T19:45:00Z,James Madison Dukes,Marshall Thundering Herd,mybookieag,MyBookie.ag,2026-09-28T16:55:48Z,totals,2026-09-28T16:55:48Z,Under,-110,55.0,20260928165602403570
NCAAF,americanfootball_ncaaf,7e365956ef23823565a044a5af18736a,2026-10-03T19:45:00Z,James Madison Dukes,Marshall Thundering Herd,betus,BetUS,2026-09-28T16:55:53Z,spreads,2026-09-28T16:55:52Z,James Madison Dukes,-110,-18.5,20260928165602403570
NCAAF,americanfootball_ncaaf,7e365956ef23823565a044a5af18736a,2026-10-03T19:45:00Z,James Madison Dukes,Marshall Thundering Herd,betus,BetUS,2026-09-28T16:55:53Z,spreads,2026-09-28T16:55:52Z,Marshall Thundering Herd,-110,18.5,20260928165602403570
NCAAF,americanfootball_ncaaf,7e365956ef23823565a044a5af18736a,2026-10-03T19:45:00Z,James Madison Dukes,Marshall Thundering Herd,betus,BetUS,2026-09-28T16:55:53Z,totals,2026-09-28T16:55:52Z,Over,-110,55.0,20260928165602403570
NCAAF,americanfootball_ncaaf,7e365956ef23823565a044a5af18736a,2026-10-03T19:45:00Z,James Madison Dukes,Marshall Thundering Herd,betus,BetUS,2026-09-28T16:55:53Z,totals,2026-09-28T16:55:52Z,Under,-110,55.0,20260928165602403570
NCAAF,americanfootball_ncaaf,7e365956ef23823565a044a5af18736a,2026-10-03T19:45:00Z,James Madison Dukes,Marshall Thundering Herd,betmgm,BetMGM,2026-09-28T16:54:38Z,h2h,2026-09-28T16:54:38Z,James Madison Dukes,-1000,,20260928165602403570
NCAAF,americanfootball_ncaaf,7e365956ef23823565a044a5af18736a,2026-10-03T19:45:00Z,James Madison Dukes,Marshall Thundering Herd,betmgm,BetMGM,2026-09-28T16:54:38Z,h2h,2026-09-28T16:54:38Z,Marshall Thundering Herd,675,,20260928165602403570
NCAAF,americanfootball_ncaaf,7e365956ef23823565a044a5af18736a,2026-10-03T19:45:00Z,James Madison Dukes,Marshall Thundering Herd,betmgm,BetMGM,2026-09-28T16:54:38Z,spreads,2026-09-28T16:54:38Z,James Madison Dukes,-112,-18.0,20260928165602403570
NCAAF,americanfootball_ncaaf,7e365956ef23823565a044a5af18736a,2026-10-03T19:45:00Z,James Madison Dukes,Marshall Thundering Herd,betmgm,BetMGM,2026-09-28T16:54:38Z,spreads,2026-09-28T16:54:38Z,Marshall Thundering Herd,-105,18.0,20260928165602403570
NCAAF,americanfootball_ncaaf,7e365956ef23823565a044a5af18736a,2026-10-03T19:45:00Z,James Madison Dukes,Marshall Thundering Herd,betmgm,BetMGM,2026-09-28T16:54:38Z,totals,2026-09-28T16:54:38Z,Over,-112,54.5,20260928165602403570
NCAAF,americanfootball_ncaaf,7e365956ef23823565a044a5af18736a,2026-10-03T19:45:00Z,James Madison Dukes,Marshall Thundering Herd,betmgm,BetMGM,2026-09-28T16:54:38Z,totals,2026-09-28T16:54:38Z,Under,-105,54.5,20260928165602403570
NCAAF,americanfootball_ncaaf,7e365956ef23823565a044a5af18736a,2026-10-03T19:45:00Z,James Madison Dukes,Marshall Thundering Herd,bovada,Bovada,2026-09-28T16:54:58Z,h2h,2026-09-28T16:54:58Z,James Madison Dukes,-1100,,20260928165602403570
NCAAF,americanfootball_ncaaf,7e365956ef23823565a044a5af18736a,2026-10-03T19:45:00Z,James Madison Dukes,Marshall Thundering Herd,bovada,Bovada,2026-09-28T16:54:58Z,h2h,2026-09-28T16:54:58Z,Marshall Thundering Herd,650,,20260928165602403570
NCAAF,americanfootball_ncaaf,7e365956ef23823565a044a5af18736a,2026-10-03T19:45:00Z,James Madison Dukes,Marshall Thundering Herd,bovada,Bovada,2026-09-28T16:54:58Z,spreads,2026-09-28T16:54:58Z,James Madison Dukes,-110,-18.5,20260928165602403570
NCAAF,americanfootball_ncaaf,7e365956ef23823565a044a5af18736a,2026-10-03T19:45:00Z,James Madison Dukes,Marshall Thundering Herd,bovada,Bovada,2026-09-28T16:54:58Z,spreads,2026-09-28T16:54:58Z,Marshall Thundering Herd,-110,18.5,20260928165602403570
NCAAF,americanfootball_ncaaf,7e365956ef23823565a044a5af18736a,2026-10-03T19:45:00Z,James Madison Dukes,Marshall Thundering Herd,bovada,Bovada,2026-09-28T16:54:58Z,totals,2026-09-28T16:54:58Z,Over,-110,55.0,20260928165602403570
NCAAF,americanfootball_ncaaf,7e365956ef23823565a044a5af18736a,2026-10-03T19:45:00Z,James Madison Dukes,Marshall Thundering Herd,bovada,Bovada,2026-09-28T16:54:58Z,totals,2026-09-28T16:54:58Z,Under,-110,55.0,20260928165602403570
NCAAF,americanfootball_ncaaf,0e62429ed73f84f87f603d376477749c,2026-10-03T20:00:00Z,Nebraska Cornhuskers,Maryland Terrapins,fanduel,FanDuel,2026-09-28T16:55:50Z,h2h,2026-09-28T16:55:49Z,Maryland Terrapins,480,,20260928165602403570
NCAAF,americanfootball_ncaaf,0e62429ed73f84f87f603d376477749c,2026-10-03T20:00:00Z,Nebraska Cornhuskers,Maryland Terrapins,fanduel,FanDuel,2026-09-28T16:55:50Z,h2h,2026-09-28T16:55:49Z,Nebraska Cornhuskers,-690,,20260928165602403570
NCAAF,americanfootball_ncaaf,0e62429ed73f84f87f603d376477749c,2026-10-03T20:00:00Z,Nebraska Cornhuskers,Maryland Terrapins,fanduel,FanDuel,2026-09-28T16:55:50Z,spreads,2026-09-28T16:55:49Z,Maryland Terrapins,-110,14.5,20260928165602403570
NCAAF,americanfootball_ncaaf,0e62429ed73f84f87f603d376477749c,2026-10-03T20:00:00Z,Nebraska Cornhuskers,Maryland Terrapins,fanduel,FanDuel,2026-09-28T16:55:50Z,spreads,2026-09-28T16:55:49Z,Nebraska Cornhuskers,-110,-14.5,20260928165602403570
NCAAF,americanfootball_ncaaf,0e62429ed73f84f87f603d376477749c,2026-10-03T20:00:00Z,Nebraska Cornhuskers,Maryland Terrapins,fanduel,FanDuel,2026-09-28T16:55:50Z,totals,2026-09-28T16:55:49Z,Over,-110,52.5,20260928165602403570
NCAAF,americanfootball_ncaaf,0e62429ed73f84f87f603d376477749c,2026-10-03T20:00:00Z,Nebraska Cornhuskers,Maryland Terrapins,fanduel,FanDuel,2026-09-28T16:55:50Z,totals,2026-09-28T16:55:49Z,Under,-110,52.5,20260928165602403570
NCAAF,americanfootball_ncaaf,0e62429ed73f84f87f603d376477749c,2026-10-03T20:00:00Z,Nebraska Cornhuskers,Maryland Terrapins,betrivers,BetRivers,2026-09-28T16:55:49Z,h2h,2026-09-28T16:55:49Z,Maryland Terrapins,440,,20260928165602403570
NCAAF,americanfootball_ncaaf,0e62429ed73f84f87f603d376477749c,2026-10-03T20:00:00Z,Nebraska Cornhuskers,Maryland Terrapins,betrivers,BetRivers,2026-09-28T16:55:49Z,h2h,2026-09-28T16:55:49Z,Nebraska Cornhuskers,-670,,20260928165602403570
NCAAF,americanfootball_ncaaf,0e62429ed73f84f87f603d376477749c,2026-10-03T20:00:00Z,Nebraska Cornhuskers,Maryland Terrapins,betrivers,BetRivers,2026-09-28T16:55:49Z,spreads,2026-09-28T16:55:49Z,Maryland Terrapins,-114,14.5,20260928165602403570
NCAAF,americanfootball_ncaaf,0e62429ed73f84f87f603d376477749c,2026-10-03T20:00:00Z,Nebraska Cornhuskers,Maryland Terrapins,betrivers,BetRivers,2026-09-28T16:55:49Z,spreads,2026-09-28T16:55:49Z,Nebraska Cornhuskers,-109,-14.5,20260928165602403570
NCAAF,americanfootball_ncaaf,0e62429ed73f84f87f603d376477749c,2026-10-03T20:00:00Z,Nebraska Cornhuskers,Maryland Terrapins,betrivers,BetRivers,2026-09-28T16:55:49Z,totals,2026-09-28T16:55:49Z,Over,-113,52.0,20260928165602403570
NCAAF,americanfootball_ncaaf,0e62429ed73f84f87f603d376477749c,2026-10-03T20:00:00Z,Nebraska Cornhuskers,Maryland Terrapins,betrivers,BetRivers,2026-09-28T16:55:49Z,totals,2026-09-28T16:55:49Z,Under,-110,52.0,20260928165602403570
NCAAF,americanfootball_ncaaf,0e62429ed73f84f87f603d376477749c,2026-10-03T20:00:00Z,Nebraska Cornhuskers,Maryland Terrapins,draftkings,DraftKings,2026-09-28T16:55:34Z,h2h,2026-09-28T16:55:34Z,Maryland Terrapins,490,,20260928165602403570
NCAAF,americanfootball_ncaaf,0e62429ed73f84f87f603d376477749c,2026-10-03T20:00:00Z,Nebraska Cornhuskers,Maryland Terrapins,draftkings,DraftKings,2026-09-28T16:55:34Z,h2h,2026-09-28T16:55:34Z,Nebraska Cornhuskers,-675,,20260928165602403570
NCAAF,americanfootball_ncaaf,0e62429ed73f84f87f603d376477749c,2026-10-03T20:00:00Z,Nebraska Cornhuskers,Maryland Terrapins,draftkings,DraftKings,2026-09-28T16:55:34Z,spreads,2026-09-28T16:55:34Z,Maryland Terrapins,-108,14.5,20260928165602403570
NCAAF,americanfootball_ncaaf,0e62429ed73f84f87f603d376477749c,2026-10-03T20:00:00Z,Nebraska Cornhuskers,Maryland Terrapins,draftkings,DraftKings,2026-09-28T16:55:34Z,spreads,2026-09-28T16:55:34Z,Nebraska Cornhuskers,-112,-14.5,20260928165602403570
NCAAF,americanfootball_ncaaf,0e62429ed73f84f87f603d376477749c,2026-10-03T20:00:00Z,Nebraska Cornhuskers,Maryland Terrapins,draftkings,DraftKings,2026-09-28T16:55:34Z,totals,2026-09-28T16:55:34Z,Over,-105,52.5,20260928165602403570
NCAAF,americanfootball_ncaaf,0e62429ed73f84f87f603d376477749c,2026-10-03T20:00:00Z,Nebraska Cornhuskers,Maryland Terrapins,draftkings,DraftKings,2026-09-28T16:55:34Z,totals,2026-09-28T16:55:34Z,Under,-115,52.5,20260928165602403570
NCAAF,americanfootball_ncaaf,0e62429ed73f84f87f603d376477749c,2026-10-03T20:00:00Z,Nebraska Cornhuskers,Maryland Terrapins,betonlineag,BetOnline.ag,2026-09-28T16:55:07Z,h2h,2026-09-28T16:55:07Z,Maryland Terrapins,505,,20260928165602403570
NCAAF,americanfootball_ncaaf,0e62429ed73f84f87f603d376477749c,2026-10-03T20:00:00Z,Nebraska Cornhuskers,Maryland Terrapins,betonlineag,BetOnline.ag,2026-09-28T16:55:07Z,h2h,2026-09-28T16:55:07Z,Nebraska Cornhuskers,-700,,20260928165602403570
NCAAF,americanfootball_ncaaf,0e62429ed73f84f87f603d376477749c,2026-10-03T20:00:00Z,Nebraska Cornhuskers,Maryland Terrapins,betonlineag,BetOnline.ag,2026-09-28T16:55:07Z,spreads,2026-09-28T16:55:07Z,Maryland Terrapins,-105,14.5,20260928165602403570
NCAAF,americanfootball_ncaaf,0e62429ed73f84f87f603d376477749c,2026-10-03T20:00:00Z,Nebraska Cornhuskers,Maryland Terrapins,betonlineag,BetOnline.ag,2026-09-28T16:55:07Z,spreads,2026-09-28T16:55:07Z,Nebraska Cornhuskers,-115,-14.5,20260928165602403570
NCAAF,americanfootball_ncaaf,0e62429ed73f84f87f603d376477749c,2026-10-03T20:00:00Z,Nebraska Cornhuskers,Maryland Terrapins,betonlineag,BetOnline.ag,2026-09-28T16:55:07Z,totals,2026-09-28T16:55:07Z,Over,-115,52.0,20260928165602403570
NCAAF,americanfootball_ncaaf,0e62429ed73f84f87f603d376477749c,2026-10-03T20:00:00Z,Nebraska Cornhuskers,Maryland Terrapins,betonlineag,BetOnline.ag,2026-09-28T16:55:07Z,totals,2026-09-28T16:55:07Z,Under,-105,52.0,20260928165602403570
NCAAF,americanfootball_ncaaf,0e62429ed73f84f87f603d376477749c,2026-10-03T20:00:00Z,Nebraska Cornhuskers,Maryland Terrapins,lowvig,LowVig.ag,2026-09-28T16:55:49Z,h2h,2026-09-28T16:55:49Z,Maryland Terrapins,505,,20260928165602403570
NCAAF,americanfootball_ncaaf,0e62429ed73f84f87f603d376477749c,2026-10-03T20:00:00Z,Nebraska Cornhuskers,Maryland Terrapins,lowvig,LowVig.ag,2026-09-28T16:55:49Z,h2h,2026-09-28T16:55:49Z,Nebraska Cornhuskers,-700,,20260928165602403570
NCAAF,americanfootball_ncaaf,0e62429ed73f84f87f603d376477749c,2026-10-03T20:00:00Z,Nebraska Cornhuskers,Maryland Terrapins,lowvig,LowVig.ag,2026-09-28T16:55:49Z,spreads,2026-09-28T16:55:49Z,Maryland Terrapins,-101,14.5,20260928165602403570
NCAAF,americanfootball_ncaaf,0e62429ed73f84f87f603d376477749c,2026-10-03T20:00:00Z,Nebraska Cornhuskers,Maryland Terrapins,lowvig,LowVig.ag,2026-09-28T16:55:49Z,spreads,2026-09-28T16:55:49Z,Nebraska Cornhuskers,-111,-14.5,20260928165602403570
NCAAF,americanfootball_ncaaf,0e62429ed73f84f87f603d376477749c,2026-10-03T20:00:00Z,Nebraska Cornhuskers,Maryland Terrapins,lowvig,LowVig.ag,2026-09-28T16:55:49Z,totals,2026-09-28T16:55:49Z,Over,-114,52.0,20260928165602403570
NCAAF,americanfootball_ncaaf,0e62429ed73f84f87f603d376477749c,2026-10-03T20:00:00Z,Nebraska Cornhuskers,Maryland Terrapins,lowvig,LowVig.ag,2026-09-28T16:55:49Z,totals,2026-09-28T16:55:49Z,Under,-103,52.0,20260928165602403570
NCAAF,americanfootball_ncaaf,0e62429ed73f84f87f603d376477749c,2026-10-03T20:00:00Z,Nebraska Cornhuskers,Maryland Terrapins,mybookieag,MyBookie.ag,2026-09-28T16:55:48Z,h2h,2026-09-28T16:55:48Z,Maryland Terrapins,500,,20260928165602403570
NCAAF,americanfootball_ncaaf,0e62429ed73f84f87f603d376477749c,2026-10-03T20:00:00Z,Nebraska Cornhuskers,Maryland Terrapins,mybookieag,MyBookie.ag,2026-09-28T16:55:48Z,h2h,2026-09-28T16:55:48Z,Nebraska Cornhuskers,-752,,20260928165602403570
NCAAF,americanfootball_ncaaf,0e62429ed73f84f87f603d376477749c,2026-10-03T20:00:00Z,Nebraska Cornhuskers,Maryland Terrapins,mybookieag,MyBookie.ag,2026-09-28T16:55:48Z,spreads,2026-09-28T16:55:48Z,Maryland Terrapins,-110,15.0,20260928165602403570
NCAAF,americanfootball_ncaaf,0e62429ed73f84f87f603d376477749c,2026-10-03T20:00:00Z,Nebraska Cornhuskers,Maryland Terrapins,mybookieag,MyBookie.ag,2026-09-28T16:55:48Z,spreads,2026-09-28T16:55:48Z,Nebraska Cornhuskers,-110,-15.0,20260928165602403570
NCAAF,americanfootball_ncaaf,0e62429ed73f84f87f603d376477749c,2026-10-03T20:00:00Z,Nebraska Cornhuskers,Maryland Terrapins,mybookieag,MyBookie.ag,2026-09-28T16:55:48Z,totals,2026-09-28T16:55:48Z,Over,-110,52.5,20260928165602403570
NCAAF,americanfootball_ncaaf,0e62429ed73f84f87f603d376477749c,2026-10-03T20:00:00Z,Nebraska Cornhuskers,Maryland Terrapins,mybookieag,MyBookie.ag,2026-09-28T16:55:48Z,totals,2026-09-28T16:55:48Z,Under,-110,52.5,20260928165602403570
NCAAF,americanfootball_ncaaf,0e62429ed73f84f87f603d376477749c,2026-10-03T20:00:00Z,Nebraska Cornhuskers,Maryland Terrapins,betmgm,BetMGM,2026-09-28T16:54:38Z,h2h,2026-09-28T16:54:38Z,Maryland Terrapins,500,,20260928165602403570
NCAAF,americanfootball_ncaaf,0e62429ed73f84f87f603d376477749c,2026-10-03T20:00:00Z,Nebraska Cornhuskers,Maryland Terrapins,betmgm,BetMGM,2026-09-28T16:54:38Z,h2h,2026-09-28T16:54:38Z,Nebraska Cornhuskers,-650,,20260928165602403570
NCAAF,americanfootball_ncaaf,0e62429ed73f84f87f603d376477749c,2026-10-03T20:00:00Z,Nebraska Cornhuskers,Maryland Terrapins,betmgm,BetMGM,2026-09-28T16:54:38Z,spreads,2026-09-28T16:54:38Z,Maryland Terrapins,-110,15.0,20260928165602403570
NCAAF,americanfootball_ncaaf,0e62429ed73f84f87f603d376477749c,2026-10-03T20:00:00Z,Nebraska Cornhuskers,Maryland Terrapins,betmgm,BetMGM,2026-09-28T16:54:38Z,spreads,2026-09-28T16:54:38Z,Nebraska Cornhuskers,-108,-15.0,20260928165602403570
NCAAF,americanfootball_ncaaf,0e62429ed73f84f87f603d376477749c,2026-10-03T20:00:00Z,Nebraska Cornhuskers,Maryland Terrapins,betmgm,BetMGM,2026-09-28T16:54:38Z,totals,2026-09-28T16:54:38Z,Over,-108,52.5,20260928165602403570
NCAAF,americanfootball_ncaaf,0e62429ed73f84f87f603d376477749c,2026-10-03T20:00:00Z,Nebraska Cornhuskers,Maryland Terrapins,betmgm,BetMGM,2026-09-28T16:54:38Z,totals,2026-09-28T16:54:38Z,Under,-110,52.5,20260928165602403570
NCAAF,americanfootball_ncaaf,0e62429ed73f84f87f603d376477749c,2026-10-03T20:00:00Z,Nebraska Cornhuskers,Maryland Terrapins,betus,BetUS,2026-09-28T16:55:53Z,spreads,2026-09-28T16:55:52Z,Maryland Terrapins,-110,16.0,20260928165602403570
NCAAF,americanfootball_ncaaf,0e62429ed73f84f87f603d376477749c,2026-10-03T20:00:00Z,Nebraska Cornhuskers,Maryland Terrapins,betus,BetUS,2026-09-28T16:55:53Z,spreads,2026-09-28T16:55:52Z,Nebraska Cornhuskers,-110,-16.0,20260928165602403570
NCAAF,americanfootball_ncaaf,0e62429ed73f84f87f603d376477749c,2026-10-03T20:00:00Z,Nebraska Cornhuskers,Maryland Terrapins,betus,BetUS,2026-09-28T16:55:53Z,totals,2026-09-28T16:55:52Z,Over,-115,52.0,20260928165602403570
NCAAF,americanfootball_ncaaf,0e62429ed73f84f87f603d376477749c,2026-10-03T20:00:00Z,Nebraska Cornhuskers,Maryland Terrapins,betus,BetUS,2026-09-28T16:55:53Z,totals,2026-09-28T16:55:52Z,Under,-105,52.0,20260928165602403570
NCAAF,americanfootball_ncaaf,0e62429ed73f84f87f603d376477749c,2026-10-03T20:00:00Z,Nebraska Cornhuskers,Maryland Terrapins,bovada,Bovada,2026-09-28T16:54:58Z,h2h,2026-09-28T16:54:58Z,Maryland Terrapins,475,,20260928165602403570
NCAAF,americanfootball_ncaaf,0e62429ed73f84f87f603d376477749c,2026-10-03T20:00:00Z,Nebraska Cornhuskers,Maryland Terrapins,bovada,Bovada,2026-09-28T16:54:58Z,h2h,2026-09-28T16:54:58Z,Nebraska Cornhuskers,-700,,20260928165602403570
NCAAF,americanfootball_ncaaf,0e62429ed73f84f87f603d376477749c,2026-10-03T20:00:00Z,Nebraska Cornhuskers,Maryland Terrapins,bovada,Bovada,2026-09-28T16:54:58Z,spreads,2026-09-28T16:54:58Z,Maryland Terrapins,-110,14.5,20260928165602403570
NCAAF,americanfootball_ncaaf,0e62429ed73f84f87f603d376477749c,2026-10-03T20:00:00Z,Nebraska Cornhuskers,Maryland Terrapins,bovada,Bovada,2026-09-28T16:54:58Z,spreads,2026-09-28T16:54:58Z,Nebraska Cornhuskers,-110,-14.5,20260928165602403570
NCAAF,americanfootball_ncaaf,0e62429ed73f84f87f603d376477749c,2026-10-03T20:00:00Z,Nebraska Cornhuskers,Maryland Terrapins,bovada,Bovada,2026-09-28T16:54:58Z,totals,2026-09-28T16:54:58Z,Over,-110,52.5,20260928165602403570
NCAAF,americanfootball_ncaaf,0e62429ed73f84f87f603d376477749c,2026-10-03T20:00:00Z,Nebraska Cornhuskers,Maryland Terrapins,bovada,Bovada,2026-09-28T16:54:58Z,totals,2026-09-28T16:54:58Z,Under,-110,52.5,20260928165602403570
NCAAF,americanfootball_ncaaf,e7e3e3bfc3fd7fca7550ecf48cb78666,2026-10-03T20:00:00Z,New Mexico Lobos,UTEP Miners,draftkings,DraftKings,2026-09-28T16:55:34Z,h2h,2026-09-28T16:55:34Z,New Mexico Lobos,-2100,,20260928165602403570
NCAAF,americanfootball_ncaaf,e7e3e3bfc3fd7fca7550ecf48cb78666,2026-10-03T20:00:00Z,New Mexico Lobos,UTEP Miners,draftkings,DraftKings,2026-09-28T16:55:34Z,h2h,2026-09-28T16:55:34Z,UTEP Miners,1100,,20260928165602403570
NCAAF,americanfootball_ncaaf,e7e3e3bfc3fd7fca7550ecf48cb78666,2026-10-03T20:00:00Z,New Mexico Lobos,UTEP Miners,draftkings,DraftKings,2026-09-28T16:55:34Z,spreads,2026-09-28T16:55:34Z,New Mexico Lobos,-112,-22.5,20260928165602403570
NCAAF,americanfootball_ncaaf,e7e3e3bfc3fd7fca7550ecf48cb78666,2026-10-03T20:00:00Z,New Mexico Lobos,UTEP Miners,draftkings,DraftKings,2026-09-28T16:55:34Z,spreads,2026-09-28T16:55:34Z,UTEP Miners,-108,22.5,20260928165602403570
NCAAF,americanfootball_ncaaf,e7e3e3bfc3fd7fca7550ecf48cb78666,2026-10-03T20:00:00Z,New Mexico Lobos,UTEP Miners,draftkings,DraftKings,2026-09-28T16:55:34Z,totals,2026-09-28T16:55:34Z,Over,-110,48.5,20260928165602403570
NCAAF,americanfootball_ncaaf,e7e3e3bfc3fd7fca7550ecf48cb78666,2026-10-03T20:00:00Z,New Mexico Lobos,UTEP Miners,draftkings,DraftKings,2026-09-28T16:55:34Z,totals,2026-09-28T16:55:34Z,Under,-110,48.5,20260928165602403570
NCAAF,americanfootball_ncaaf,e7e3e3bfc3fd7fca7550ecf48cb78666,2026-10-03T20:00:00Z,New Mexico Lobos,UTEP Miners,betonlineag,BetOnline.ag,2026-09-28T16:55:07Z,spreads,2026-09-28T16:55:07Z,New Mexico Lobos,-110,-22.5,20260928165602403570
NCAAF,americanfootball_ncaaf,e7e3e3bfc3fd7fca7550ecf48cb78666,2026-10-03T20:00:00Z,New Mexico Lobos,UTEP Miners,betonlineag,BetOnline.ag,2026-09-28T16:55:07Z,spreads,2026-09-28T16:55:07Z,UTEP Miners,-110,22.5,20260928165602403570
NCAAF,americanfootball_ncaaf,e7e3e3bfc3fd7fca7550ecf48cb78666,2026-10-03T20:00:00Z,New Mexico Lobos,UTEP Miners,betonlineag,BetOnline.ag,2026-09-28T16:55:07Z,totals,2026-09-28T16:55:07Z,Over,-115,48.0,20260928165602403570
NCAAF,americanfootball_ncaaf,e7e3e3bfc3fd7fca7550ecf48cb78666,2026-10-03T20:00:00Z,New Mexico Lobos,UTEP Miners,betonlineag,BetOnline.ag,2026-09-28T16:55:07Z,totals,2026-09-28T16:55:07Z,Under,-105,48.0,20260928165602403570
NCAAF,americanfootball_ncaaf,e7e3e3bfc3fd7fca7550ecf48cb78666,2026-10-03T20:00:00Z,New Mexico Lobos,UTEP Miners,lowvig,LowVig.ag,2026-09-28T16:55:49Z,spreads,2026-09-28T16:55:49Z,New Mexico Lobos,-106,-22.5,20260928165602403570
NCAAF,americanfootball_ncaaf,e7e3e3bfc3fd7fca7550ecf48cb78666,2026-10-03T20:00:00Z,New Mexico Lobos,UTEP Miners,lowvig,LowVig.ag,2026-09-28T16:55:49Z,spreads,2026-09-28T16:55:49Z,UTEP Miners,-106,22.5,20260928165602403570
NCAAF,americanfootball_ncaaf,e7e3e3bfc3fd7fca7550ecf48cb78666,2026-10-03T20:00:00Z,New Mexico Lobos,UTEP Miners,lowvig,LowVig.ag,2026-09-28T16:55:49Z,totals,2026-09-28T16:55:49Z,Over,-114,48.0,20260928165602403570
NCAAF,americanfootball_ncaaf,e7e3e3bfc3fd7fca7550ecf48cb78666,2026-10-03T20:00:00Z,New Mexico Lobos,UTEP Miners,lowvig,LowVig.ag,2026-09-28T16:55:49Z,totals,2026-09-28T16:55:49Z,Under,-103,48.0,20260928165602403570
NCAAF,americanfootball_ncaaf,e7e3e3bfc3fd7fca7550ecf48cb78666,2026-10-03T20:00:00Z,New Mexico Lobos,UTEP Miners,fanduel,FanDuel,2026-09-28T16:55:50Z,h2h,2026-09-28T16:55:50Z,New Mexico Lobos,-4000,,20260928165602403570
NCAAF,americanfootball_ncaaf,e7e3e3bfc3fd7fca7550ecf48cb78666,2026-10-03T20:00:00Z,New Mexico Lobos,UTEP Miners,fanduel,FanDuel,2026-09-28T16:55:50Z,h2h,2026-09-28T16:55:50Z,UTEP Miners,1400,,20260928165602403570
NCAAF,americanfootball_ncaaf,e7e3e3bfc3fd7fca7550ecf48cb78666,2026-10-03T20:00:00Z,New Mexico Lobos,UTEP Miners,fanduel,FanDuel,2026-09-28T16:55:50Z,spreads,2026-09-28T16:55:50Z,New Mexico Lobos,-110,-22.5,20260928165602403570
NCAAF,americanfootball_ncaaf,e7e3e3bfc3fd7fca7550ecf48cb78666,2026-10-03T20:00:00Z,New Mexico Lobos,UTEP Miners,fanduel,FanDuel,2026-09-28T16:55:50Z,spreads,2026-09-28T16:55:50Z,UTEP Miners,-110,22.5,20260928165602403570
NCAAF,americanfootball_ncaaf,e7e3e3bfc3fd7fca7550ecf48cb78666,2026-10-03T20:00:00Z,New Mexico Lobos,UTEP Miners,fanduel,FanDuel,2026-09-28T16:55:50Z,totals,2026-09-28T16:55:50Z,Over,-110,48.5,20260928165602403570
NCAAF,americanfootball_ncaaf,e7e3e3bfc3fd7fca7550ecf48cb78666,2026-10-03T20:00:00Z,New Mexico Lobos,UTEP Miners,fanduel,FanDuel,2026-09-28T16:55:50Z,totals,2026-09-28T16:55:50Z,Under,-110,48.5,20260928165602403570
NCAAF,americanfootball_ncaaf,e7e3e3bfc3fd7fca7550ecf48cb78666,2026-10-03T20:00:00Z,New Mexico Lobos,UTEP Miners,mybookieag,MyBookie.ag,2026-09-28T16:55:48Z,h2h,2026-09-28T16:55:48Z,New Mexico Lobos,-2000,,20260928165602403570
NCAAF,americanfootball_ncaaf,e7e3e3bfc3fd7fca7550ecf48cb78666,2026-10-03T20:00:00Z,New Mexico Lobos,UTEP Miners,mybookieag,MyBookie.ag,2026-09-28T16:55:48Z,h2h,2026-09-28T16:55:48Z,UTEP Miners,950,,20260928165602403570
NCAAF,americanfootball_ncaaf,e7e3e3bfc3fd7fca7550ecf48cb78666,2026-10-03T20:00:00Z,New Mexico Lobos,UTEP Miners,mybookieag,MyBookie.ag,2026-09-28T16:55:48Z,spreads,2026-09-28T16:55:48Z,New Mexico Lobos,-110,-22.5,20260928165602403570
NCAAF,americanfootball_ncaaf,e7e3e3bfc3fd7fca7550ecf48cb78666,2026-10-03T20:00:00Z,New Mexico Lobos,UTEP Miners,mybookieag,MyBookie.ag,2026-09-28T16:55:48Z,spreads,2026-09-28T16:55:48Z,UTEP Miners,-110,22.5,20260928165602403570
NCAAF,americanfootball_ncaaf,e7e3e3bfc3fd7fca7550ecf48cb78666,2026-10-03T20:00:00Z,New Mexico Lobos,UTEP Miners,mybookieag,MyBookie.ag,2026-09-28T16:55:48Z,totals,2026-09-28T16:55:48Z,Over,-110,48.5,20260928165602403570
NCAAF,americanfootball_ncaaf,e7e3e3bfc3fd7fca7550ecf48cb78666,2026-10-03T20:00:00Z,New Mexico Lobos,UTEP Miners,mybookieag,MyBookie.ag,2026-09-28T16:55:48Z,totals,2026-09-28T16:55:48Z,Under,-110,48.5,20260928165602403570
NCAAF,americanfootball_ncaaf,e7e3e3bfc3fd7fca7550ecf48cb78666,2026-10-03T20:00:00Z,New Mexico Lobos,UTEP Miners,betmgm,BetMGM,2026-09-28T16:54:38Z,h2h,2026-09-28T16:54:38Z,New Mexico Lobos,-2500,,20260928165602403570
NCAAF,americanfootball_ncaaf,e7e3e3bfc3fd7fca7550ecf48cb78666,2026-10-03T20:00:00Z,New Mexico Lobos,UTEP Miners,betmgm,BetMGM,2026-09-28T16:54:38Z,h2h,2026-09-28T16:54:38Z,UTEP Miners,1300,,20260928165602403570
NCAAF,americanfootball_ncaaf,e7e3e3bfc3fd7fca7550ecf48cb78666,2026-10-03T20:00:00Z,New Mexico Lobos,UTEP Miners,betmgm,BetMGM,2026-09-28T16:54:38Z,spreads,2026-09-28T16:54:38Z,New Mexico Lobos,-110,-22.5,20260928165602403570
NCAAF,americanfootball_ncaaf,e7e3e3bfc3fd7fca7550ecf48cb78666,2026-10-03T20:00:00Z,New Mexico Lobos,UTEP Miners,betmgm,BetMGM,2026-09-28T16:54:38Z,spreads,2026-09-28T16:54:38Z,UTEP Miners,-108,22.5,20260928165602403570
NCAAF,americanfootball_ncaaf,e7e3e3bfc3fd7fca7550ecf48cb78666,2026-10-03T20:00:00Z,New Mexico Lobos,UTEP Miners,betmgm,BetMGM,2026-09-28T16:54:38Z,totals,2026-09-28T16:54:38Z,Over,-108,48.5,20260928165602403570
NCAAF,americanfootball_ncaaf,e7e3e3bfc3fd7fca7550ecf48cb78666,2026-10-03T20:00:00Z,New Mexico Lobos,UTEP Miners,betmgm,BetMGM,2026-09-28T16:54:38Z,totals,2026-09-28T16:54:38Z,Under,-110,48.5,20260928165602403570
NCAAF,americanfootball_ncaaf,e7e3e3bfc3fd7fca7550ecf48cb78666,2026-10-03T20:00:00Z,New Mexico Lobos,UTEP Miners,betus,BetUS,2026-09-28T16:55:53Z,spreads,2026-09-28T16:55:52Z,New Mexico Lobos,-110,-22.5,20260928165602403570
NCAAF,americanfootball_ncaaf,e7e3e3bfc3fd7fca7550ecf48cb78666,2026-10-03T20:00:00Z,New Mexico Lobos,UTEP Miners,betus,BetUS,2026-09-28T16:55:53Z,spreads,2026-09-28T16:55:52Z,UTEP Miners,-110,22.5,20260928165602403570
NCAAF,americanfootball_ncaaf,e7e3e3bfc3fd7fca7550ecf48cb78666,2026-10-03T20:00:00Z,New Mexico Lobos,UTEP Miners,betus,BetUS,2026-09-28T16:55:53Z,totals,2026-09-28T16:55:52Z,Over,-115,48.0,20260928165602403570
NCAAF,americanfootball_ncaaf,e7e3e3bfc3fd7fca7550ecf48cb78666,2026-10-03T20:00:00Z,New Mexico Lobos,UTEP Miners,betus,BetUS,2026-09-28T16:55:53Z,totals,2026-09-28T16:55:52Z,Under,-105,48.0,20260928165602403570
NCAAF,americanfootball_ncaaf,e7e3e3bfc3fd7fca7550ecf48cb78666,2026-10-03T20:00:00Z,New Mexico Lobos,UTEP Miners,betrivers,BetRivers,2026-09-28T16:55:49Z,h2h,2026-09-28T16:55:49Z,New Mexico Lobos,-10000,,20260928165602403570
NCAAF,americanfootball_ncaaf,e7e3e3bfc3fd7fca7550ecf48cb78666,2026-10-03T20:00:00Z,New Mexico Lobos,UTEP Miners,betrivers,BetRivers,2026-09-28T16:55:49Z,h2h,2026-09-28T16:55:49Z,UTEP Miners,1200,,20260928165602403570
NCAAF,americanfootball_ncaaf,e7e3e3bfc3fd7fca7550ecf48cb78666,2026-10-03T20:00:00Z,New Mexico Lobos,UTEP Miners,betrivers,BetRivers,2026-09-28T16:55:49Z,spreads,2026-09-28T16:55:49Z,New Mexico Lobos,-109,-23.0,20260928165602403570
NCAAF,americanfootball_ncaaf,e7e3e3bfc3fd7fca7550ecf48cb78666,2026-10-03T20:00:00Z,New Mexico Lobos,UTEP Miners,betrivers,BetRivers,2026-09-28T16:55:49Z,spreads,2026-09-28T16:55:49Z,UTEP Miners,-113,23.0,20260928165602403570
NCAAF,americanfootball_ncaaf,e7e3e3bfc3fd7fca7550ecf48cb78666,2026-10-03T20:00:00Z,New Mexico Lobos,UTEP Miners,betrivers,BetRivers,2026-09-28T16:55:49Z,totals,2026-09-28T16:55:49Z,Over,-115,48.5,20260928165602403570
NCAAF,americanfootball_ncaaf,e7e3e3bfc3fd7fca7550ecf48cb78666,2026-10-03T20:00:00Z,New Mexico Lobos,UTEP Miners,betrivers,BetRivers,2026-09-28T16:55:49Z,totals,2026-09-28T16:55:49Z,Under,-112,48.5,20260928165602403570
NCAAF,americanfootball_ncaaf,e7e3e3bfc3fd7fca7550ecf48cb78666,2026-10-03T20:00:00Z,New Mexico Lobos,UTEP Miners,bovada,Bovada,2026-09-28T16:54:58Z,h2h,2026-09-28T16:54:58Z,New Mexico Lobos,-2000,,20260928165602403570
NCAAF,americanfootball_ncaaf,e7e3e3bfc3fd7fca7550ecf48cb78666,2026-10-03T20:00:00Z,New Mexico Lobos,UTEP Miners,bovada,Bovada,2026-09-28T16:54:58Z,h2h,2026-09-28T16:54:58Z,UTEP Miners,950,,20260928165602403570
NCAAF,americanfootball_ncaaf,e7e3e3bfc3fd7fca7550ecf48cb78666,2026-10-03T20:00:00Z,New Mexico Lobos,UTEP Miners,bovada,Bovada,2026-09-28T16:54:58Z,spreads,2026-09-28T16:54:58Z,New Mexico Lobos,-110,-22.5,20260928165602403570
NCAAF,americanfootball_ncaaf,e7e3e3bfc3fd7fca7550ecf48cb78666,2026-10-03T20:00:00Z,New Mexico Lobos,UTEP Miners,bovada,Bovada,2026-09-28T16:54:58Z,spreads,2026-09-28T16:54:58Z,UTEP Miners,-110,22.5,20260928165602403570
NCAAF,americanfootball_ncaaf,e7e3e3bfc3fd7fca7550ecf48cb78666,2026-10-03T20:00:00Z,New Mexico Lobos,UTEP Miners,bovada,Bovada,2026-09-28T16:54:58Z,totals,2026-09-28T16:54:58Z,Over,-105,48.5,20260928165602403570
NCAAF,americanfootball_ncaaf,e7e3e3bfc3fd7fca7550ecf48cb78666,2026-10-03T20:00:00Z,New Mexico Lobos,UTEP Miners,bovada,Bovada,2026-09-28T16:54:58Z,totals,2026-09-28T16:54:58Z,Under,-115,48.5,20260928165602403570
NCAAF,americanfootball_ncaaf,0cdf52fe0d6bfe0664b76a2102f8b605,2026-10-03T20:15:00Z,Illinois Fighting Illini,Purdue Boilermakers,fanduel,FanDuel,2026-09-28T16:55:50Z,h2h,2026-09-28T16:55:50Z,Illinois Fighting Illini,-375,,20260928165602403570
NCAAF,americanfootball_ncaaf,0cdf52fe0d6bfe0664b76a2102f8b605,2026-10-03T20:15:00Z,Illinois Fighting Illini,Purdue Boilermakers,fanduel,FanDuel,2026-09-28T16:55:50Z,h2h,2026-09-28T16:55:50Z,Purdue Boilermakers,290,,20260928165602403570
NCAAF,americanfootball_ncaaf,0cdf52fe0d6bfe0664b76a2102f8b605,2026-10-03T20:15:00Z,Illinois Fighting Illini,Purdue Boilermakers,fanduel,FanDuel,2026-09-28T16:55:50Z,spreads,2026-09-28T16:55:50Z,Illinois Fighting Illini,100,-10.5,20260928165602403570
NCAAF,americanfootball_ncaaf,0cdf52fe0d6bfe0664b76a2102f8b605,2026-10-03T20:15:00Z,Illinois Fighting Illini,Purdue Boilermakers,fanduel,FanDuel,2026-09-28T16:55:50Z,spreads,2026-09-28T16:55:50Z,Purdue Boilermakers,-122,10.5,20260928165602403570
NCAAF,americanfootball_ncaaf,0cdf52fe0d6bfe0664b76a2102f8b605,2026-10-03T20:15:00Z,Illinois Fighting Illini,Purdue Boilermakers,fanduel,FanDuel,2026-09-28T16:55:50Z,totals,2026-09-28T16:55:50Z,Over,-106,61.5,20260928165602403570
NCAAF,americanfootball_ncaaf,0cdf52fe0d6bfe0664b76a2102f8b605,2026-10-03T20:15:00Z,Illinois Fighting Illini,Purdue Boilermakers,fanduel,FanDuel,2026-09-28T16:55:50Z,totals,2026-09-28T16:55:50Z,Under,-114,61.5,20260928165602403570
NCAAF,americanfootball_ncaaf,0cdf52fe0d6bfe0664b76a2102f8b605,2026-10-03T20:15:00Z,Illinois Fighting Illini,Purdue Boilermakers,betrivers,BetRivers,2026-09-28T16:55:49Z,h2h,2026-09-28T16:55:49Z,Illinois Fighting Illini,-455,,20260928165602403570
NCAAF,americanfootball_ncaaf,0cdf52fe0d6bfe0664b76a2102f8b605,2026-10-03T20:15:00Z,Illinois Fighting Illini,Purdue Boilermakers,betrivers,BetRivers,2026-09-28T16:55:49Z,h2h,2026-09-28T16:55:49Z,Purdue Boilermakers,330,,20260928165602403570
NCAAF,americanfootball_ncaaf,0cdf52fe0d6bfe0664b76a2102f8b605,2026-10-03T20:15:00Z,Illinois Fighting Illini,Purdue Boilermakers,betrivers,BetRivers,2026-09-28T16:55:49Z,spreads,2026-09-28T16:55:49Z,Illinois Fighting Illini,-112,-9.5,20260928165602403570
NCAAF,americanfootball_ncaaf,0cdf52fe0d6bfe0664b76a2102f8b605,2026-10-03T20:15:00Z,Illinois Fighting Illini,Purdue Boilermakers,betrivers,BetRivers,2026-09-28T16:55:49Z,spreads,2026-09-28T16:55:49Z,Purdue Boilermakers,-110,9.5,20260928165602403570
NCAAF,americanfootball_ncaaf,0cdf52fe0d6bfe0664b76a2102f8b605,2026-10-03T20:15:00Z,Illinois Fighting Illini,Purdue Boilermakers,betrivers,BetRivers,2026-09-28T16:55:49Z,totals,2026-09-28T16:55:49Z,Over,-112,59.5,20260928165602403570
NCAAF,americanfootball_ncaaf,0cdf52fe0d6bfe0664b76a2102f8b605,2026-10-03T20:15:00Z,Illinois Fighting Illini,Purdue Boilermakers,betrivers,BetRivers,2026-09-28T16:55:49Z,totals,2026-09-28T16:55:49Z,Under,-117,59.5,20260928165602403570
NCAAF,americanfootball_ncaaf,0cdf52fe0d6bfe0664b76a2102f8b605,2026-10-03T20:15:00Z,Illinois Fighting Illini,Purdue Boilermakers,draftkings,DraftKings,2026-09-28T16:55:34Z,h2h,2026-09-28T16:55:34Z,Illinois Fighting Illini,-375,,20260928165602403570
NCAAF,americanfootball_ncaaf,0cdf52fe0d6bfe0664b76a2102f8b605,2026-10-03T20:15:00Z,Illinois Fighting Illini,Purdue Boilermakers,draftkings,DraftKings,2026-09-28T16:55:34Z,h2h,2026-09-28T16:55:34Z,Purdue Boilermakers,295,,20260928165602403570
NCAAF,americanfootball_ncaaf,0cdf52fe0d6bfe0664b76a2102f8b605,2026-10-03T20:15:00Z,Illinois Fighting Illini,Purdue Boilermakers,draftkings,DraftKings,2026-09-28T16:55:34Z,spreads,2026-09-28T16:55:34Z,Illinois Fighting Illini,-108,-10.0,20260928165602403570
NCAAF,americanfootball_ncaaf,0cdf52fe0d6bfe0664b76a2102f8b605,2026-10-03T20:15:00Z,Illinois Fighting Illini,Purdue Boilermakers,draftkings,DraftKings,2026-09-28T16:55:34Z,spreads,2026-09-28T16:55:34Z,Purdue Boilermakers,-112,10.0,20260928165602403570
NCAAF,americanfootball_ncaaf,0cdf52fe0d6bfe0664b76a2102f8b605,2026-10-03T20:15:00Z,Illinois Fighting Illini,Purdue Boilermakers,draftkings,DraftKings,2026-09-28T16:55:34Z,totals,2026-09-28T16:55:34Z,Over,-108,60.5,20260928165602403570
NCAAF,americanfootball_ncaaf,0cdf52fe0d6bfe0664b76a2102f8b605,2026-10-03T20:15:00Z,Illinois Fighting Illini,Purdue Boilermakers,draftkings,DraftKings,2026-09-28T16:55:34Z,totals,2026-09-28T16:55:34Z,Under,-112,60.5,20260928165602403570
NCAAF,americanfootball_ncaaf,0cdf52fe0d6bfe0664b76a2102f8b605,2026-10-03T20:15:00Z,Illinois Fighting Illini,Purdue Boilermakers,betonlineag,BetOnline.ag,2026-09-28T16:55:07Z,h2h,2026-09-28T16:55:07Z,Illinois Fighting Illini,-380,,20260928165602403570
NCAAF,americanfootball_ncaaf,0cdf52fe0d6bfe0664b76a2102f8b605,2026-10-03T20:15:00Z,Illinois Fighting Illini,Purdue Boilermakers,betonlineag,BetOnline.ag,2026-09-28T16:55:07Z,h2h,2026-09-28T16:55:07Z,Purdue Boilermakers,303,,20260928165602403570
NCAAF,americanfootball_ncaaf,0cdf52fe0d6bfe0664b76a2102f8b605,2026-10-03T20:15:00Z,Illinois Fighting Illini,Purdue Boilermakers,betonlineag,BetOnline.ag,2026-09-28T16:55:07Z,spreads,2026-09-28T16:55:07Z,Illinois Fighting Illini,-110,-10.0,20260928165602403570
NCAAF,americanfootball_ncaaf,0cdf52fe0d6bfe0664b76a2102f8b605,2026-10-03T20:15:00Z,Illinois Fighting Illini,Purdue Boilermakers,betonlineag,BetOnline.ag,2026-09-28T16:55:07Z,spreads,2026-09-28T16:55:07Z,Purdue Boilermakers,-110,10.0,20260928165602403570
NCAAF,americanfootball_ncaaf,0cdf52fe0d6bfe0664b76a2102f8b605,2026-10-03T20:15:00Z,Illinois Fighting Illini,Purdue Boilermakers,betonlineag,BetOnline.ag,2026-09-28T16:55:07Z,totals,2026-09-28T16:55:07Z,Over,-110,60.0,20260928165602403570
NCAAF,americanfootball_ncaaf,0cdf52fe0d6bfe0664b76a2102f8b605,2026-10-03T20:15:00Z,Illinois Fighting Illini,Purdue Boilermakers,betonlineag,BetOnline.ag,2026-09-28T16:55:07Z,totals,2026-09-28T16:55:07Z,Under,-110,60.0,20260928165602403570
NCAAF,americanfootball_ncaaf,0cdf52fe0d6bfe0664b76a2102f8b605,2026-10-03T20:15:00Z,Illinois Fighting Illini,Purdue Boilermakers,lowvig,LowVig.ag,2026-09-28T16:55:49Z,h2h,2026-09-28T16:55:49Z,Illinois Fighting Illini,-380,,20260928165602403570
NCAAF,americanfootball_ncaaf,0cdf52fe0d6bfe0664b76a2102f8b605,2026-10-03T20:15:00Z,Illinois Fighting Illini,Purdue Boilermakers,lowvig,LowVig.ag,2026-09-28T16:55:49Z,h2h,2026-09-28T16:55:49Z,Purdue Boilermakers,303,,20260928165602403570
NCAAF,americanfootball_ncaaf,0cdf52fe0d6bfe0664b76a2102f8b605,2026-10-03T20:15:00Z,Illinois Fighting Illini,Purdue Boilermakers,lowvig,LowVig.ag,2026-09-28T16:55:49Z,spreads,2026-09-28T16:55:49Z,Illinois Fighting Illini,-106,-10.0,20260928165602403570
NCAAF,americanfootball_ncaaf,0cdf52fe0d6bfe0664b76a2102f8b605,2026-10-03T20:15:00Z,Illinois Fighting Illini,Purdue Boilermakers,lowvig,LowVig.ag,2026-09-28T16:55:49Z,spreads,2026-09-28T16:55:49Z,Purdue Boilermakers,-106,10.0,20260928165602403570
NCAAF,americanfootball_ncaaf,0cdf52fe0d6bfe0664b76a2102f8b605,2026-10-03T20:15:00Z,Illinois Fighting Illini,Purdue Boilermakers,lowvig,LowVig.ag,2026-09-28T16:55:49Z,totals,2026-09-28T16:55:49Z,Over,-108,60.0,20260928165602403570
NCAAF,americanfootball_ncaaf,0cdf52fe0d6bfe0664b76a2102f8b605,2026-10-03T20:15:00Z,Illinois Fighting Illini,Purdue Boilermakers,lowvig,LowVig.ag,2026-09-28T16:55:49Z,totals,2026-09-28T16:55:49Z,Under,-108,60.0,20260928165602403570
NCAAF,americanfootball_ncaaf,0cdf52fe0d6bfe0664b76a2102f8b605,2026-10-03T20:15:00Z,Illinois Fighting Illini,Purdue Boilermakers,mybookieag,MyBookie.ag,2026-09-28T16:55:48Z,h2h,2026-09-28T16:55:48Z,Illinois Fighting Illini,-380,,20260928165602403570
NCAAF,americanfootball_ncaaf,0cdf52fe0d6bfe0664b76a2102f8b605,2026-10-03T20:15:00Z,Illinois Fighting Illini,Purdue Boilermakers,mybookieag,MyBookie.ag,2026-09-28T16:55:48Z,h2h,2026-09-28T16:55:48Z,Purdue Boilermakers,285,,20260928165602403570
NCAAF,americanfootball_ncaaf,0cdf52fe0d6bfe0664b76a2102f8b605,2026-10-03T20:15:00Z,Illinois Fighting Illini,Purdue Boilermakers,mybookieag,MyBookie.ag,2026-09-28T16:55:48Z,spreads,2026-09-28T16:55:48Z,Illinois Fighting Illini,-110,-10.0,20260928165602403570
NCAAF,americanfootball_ncaaf,0cdf52fe0d6bfe0664b76a2102f8b605,2026-10-03T20:15:00Z,Illinois Fighting Illini,Purdue Boilermakers,mybookieag,MyBookie.ag,2026-09-28T16:55:48Z,spreads,2026-09-28T16:55:48Z,Purdue Boilermakers,-110,10.0,20260928165602403570
NCAAF,americanfootball_ncaaf,0cdf52fe0d6bfe0664b76a2102f8b605,2026-10-03T20:15:00Z,Illinois Fighting Illini,Purdue Boilermakers,mybookieag,MyBookie.ag,2026-09-28T16:55:48Z,totals,2026-09-28T16:55:48Z,Over,-110,60.0,20260928165602403570
NCAAF,americanfootball_ncaaf,0cdf52fe0d6bfe0664b76a2102f8b605,2026-10-03T20:15:00Z,Illinois Fighting Illini,Purdue Boilermakers,mybookieag,MyBookie.ag,2026-09-28T16:55:48Z,totals,2026-09-28T16:55:48Z,Under,-110,60.0,20260928165602403570
NCAAF,americanfootball_ncaaf,0cdf52fe0d6bfe0664b76a2102f8b605,2026-10-03T20:15:00Z,Illinois Fighting Illini,Purdue Boilermakers,betmgm,BetMGM,2026-09-28T16:54:38Z,h2h,2026-09-28T16:54:38Z,Illinois Fighting Illini,-375,,20260928165602403570
NCAAF,americanfootball_ncaaf,0cdf52fe0d6bfe0664b76a2102f8b605,2026-10-03T20:15:00Z,Illinois Fighting Illini,Purdue Boilermakers,betmgm,BetMGM,2026-09-28T16:54:38Z,h2h,2026-09-28T16:54:38Z,Purdue Boilermakers,300,,20260928165602403570
NCAAF,americanfootball_ncaaf,0cdf52fe0d6bfe0664b76a2102f8b605,2026-10-03T20:15:00Z,Illinois Fighting Illini,Purdue Boilermakers,betmgm,BetMGM,2026-09-28T16:54:38Z,spreads,2026-09-28T16:54:38Z,Illinois Fighting Illini,-112,-9.5,20260928165602403570
NCAAF,americanfootball_ncaaf,0cdf52fe0d6bfe0664b76a2102f8b605,2026-10-03T20:15:00Z,Illinois Fighting Illini,Purdue Boilermakers,betmgm,BetMGM,2026-09-28T16:54:38Z,spreads,2026-09-28T16:54:38Z,Purdue Boilermakers,-105,9.5,20260928165602403570
NCAAF,americanfootball_ncaaf,0cdf52fe0d6bfe0664b76a2102f8b605,2026-10-03T20:15:00Z,Illinois Fighting Illini,Purdue Boilermakers,betmgm,BetMGM,2026-09-28T16:54:38Z,totals,2026-09-28T16:54:38Z,Over,-110,60.5,20260928165602403570
NCAAF,americanfootball_ncaaf,0cdf52fe0d6bfe0664b76a2102f8b605,2026-10-03T20:15:00Z,Illinois Fighting Illini,Purdue Boilermakers,betmgm,BetMGM,2026-09-28T16:54:38Z,totals,2026-09-28T16:54:38Z,Under,-108,60.5,20260928165602403570
NCAAF,americanfootball_ncaaf,0cdf52fe0d6bfe0664b76a2102f8b605,2026-10-03T20:15:00Z,Illinois Fighting Illini,Purdue Boilermakers,betus,BetUS,2026-09-28T16:55:53Z,spreads,2026-09-28T16:55:52Z,Illinois Fighting Illini,-110,-10.0,20260928165602403570
NCAAF,americanfootball_ncaaf,0cdf52fe0d6bfe0664b76a2102f8b605,2026-10-03T20:15:00Z,Illinois Fighting Illini,Purdue Boilermakers,betus,BetUS,2026-09-28T16:55:53Z,spreads,2026-09-28T16:55:52Z,Purdue Boilermakers,-110,10.0,20260928165602403570
NCAAF,americanfootball_ncaaf,0cdf52fe0d6bfe0664b76a2102f8b605,2026-10-03T20:15:00Z,Illinois Fighting Illini,Purdue Boilermakers,betus,BetUS,2026-09-28T16:55:53Z,totals,2026-09-28T16:55:52Z,Over,-110,60.0,20260928165602403570
NCAAF,americanfootball_ncaaf,0cdf52fe0d6bfe0664b76a2102f8b605,2026-10-03T20:15:00Z,Illinois Fighting Illini,Purdue Boilermakers,betus,BetUS,2026-09-28T16:55:53Z,totals,2026-09-28T16:55:52Z,Under,-110,60.0,20260928165602403570
NCAAF,americanfootball_ncaaf,0cdf52fe0d6bfe0664b76a2102f8b605,2026-10-03T20:15:00Z,Illinois Fighting Illini,Purdue Boilermakers,bovada,Bovada,2026-09-28T16:54:58Z,h2h,2026-09-28T16:54:58Z,Illinois Fighting Illini,-415,,20260928165602403570
NCAAF,americanfootball_ncaaf,0cdf52fe0d6bfe0664b76a2102f8b605,2026-10-03T20:15:00Z,Illinois Fighting Illini,Purdue Boilermakers,bovada,Bovada,2026-09-28T16:54:58Z,h2h,2026-09-28T16:54:58Z,Purdue Boilermakers,310,,20260928165602403570
NCAAF,americanfootball_ncaaf,0cdf52fe0d6bfe0664b76a2102f8b605,2026-10-03T20:15:00Z,Illinois Fighting Illini,Purdue Boilermakers,bovada,Bovada,2026-09-28T16:54:58Z,spreads,2026-09-28T16:54:58Z,Illinois Fighting Illini,-110,-10.0,20260928165602403570
NCAAF,americanfootball_ncaaf,0cdf52fe0d6bfe0664b76a2102f8b605,2026-10-03T20:15:00Z,Illinois Fighting Illini,Purdue Boilermakers,bovada,Bovada,2026-09-28T16:54:58Z,spreads,2026-09-28T16:54:58Z,Purdue Boilermakers,-110,10.0,20260928165602403570
NCAAF,americanfootball_ncaaf,0cdf52fe0d6bfe0664b76a2102f8b605,2026-10-03T20:15:00Z,Illinois Fighting Illini,Purdue Boilermakers,bovada,Bovada,2026-09-28T16:54:58Z,totals,2026-09-28T16:54:58Z,Over,-110,60.5,20260928165602403570
NCAAF,americanfootball_ncaaf,0cdf52fe0d6bfe0664b76a2102f8b605,2026-10-03T20:15:00Z,Illinois Fighting Illini,Purdue Boilermakers,bovada,Bovada,2026-09-28T16:54:58Z,totals,2026-09-28T16:54:58Z,Under,-110,60.5,20260928165602403570
NCAAF,americanfootball_ncaaf,59abc1d6262d2ea6a72c4daad4c83af2,2026-10-03T20:15:00Z,South Carolina Gamecocks,Kentucky Wildcats,draftkings,DraftKings,2026-09-28T16:55:34Z,h2h,2026-09-28T16:55:34Z,Kentucky Wildcats,120,,20260928165602403570
NCAAF,americanfootball_ncaaf,59abc1d6262d2ea6a72c4daad4c83af2,2026-10-03T20:15:00Z,South Carolina Gamecocks,Kentucky Wildcats,draftkings,DraftKings,2026-09-28T16:55:34Z,h2h,2026-09-28T16:55:34Z,South Carolina Gamecocks,-142,,20260928165602403570
NCAAF,americanfootball_ncaaf,59abc1d6262d2ea6a72c4daad4c83af2,2026-10-03T20:15:00Z,South Carolina Gamecocks,Kentucky Wildcats,draftkings,DraftKings,2026-09-28T16:55:34Z,spreads,2026-09-28T16:55:34Z,Kentucky Wildcats,-102,2.5,20260928165602403570
NCAAF,americanfootball_ncaaf,59abc1d6262d2ea6a72c4daad4c83af2,2026-10-03T20:15:00Z,South Carolina Gamecocks,Kentucky Wildcats,draftkings,DraftKings,2026-09-28T16:55:34Z,spreads,2026-09-28T16:55:34Z,South Carolina Gamecocks,-118,-2.5,20260928165602403570
NCAAF,americanfootball_ncaaf,59abc1d6262d2ea6a72c4daad4c83af2,2026-10-03T20:15:00Z,South Carolina Gamecocks,Kentucky Wildcats,draftkings,DraftKings,2026-09-28T16:55:34Z,totals,2026-09-28T16:55:34Z,Over,-112,53.5,20260928165602403570
NCAAF,americanfootball_ncaaf,59abc1d6262d2ea6a72c4daad4c83af2,2026-10-03T20:15:00Z,South Carolina Gamecocks,Kentucky Wildcats,draftkings,DraftKings,2026-09-28T16:55:34Z,totals,2026-09-28T16:55:34Z,Under,-108,53.5,20260928165602403570
NCAAF,americanfootball_ncaaf,59abc1d6262d2ea6a72c4daad4c83af2,2026-10-03T20:15:00Z,South Carolina Gamecocks,Kentucky Wildcats,fanduel,FanDuel,2026-09-28T16:55:50Z,h2h,2026-09-28T16:55:49Z,Kentucky Wildcats,112,,20260928165602403570
NCAAF,americanfootball_ncaaf,59abc1d6262d2ea6a72c4daad4c83af2,2026-10-03T20:15:00Z,South Carolina Gamecocks,Kentucky Wildcats,fanduel,FanDuel,2026-09-28T16:55:50Z,h2h,2026-09-28T16:55:49Z,South Carolina Gamecocks,-134,,20260928165602403570
NCAAF,americanfootball_ncaaf,59abc1d6262d2ea6a72c4daad4c83af2,2026-10-03T20:15:00Z,South Carolina Gamecocks,Kentucky Wildcats,fanduel,FanDuel,2026-09-28T16:55:50Z,spreads,2026-09-28T16:55:49Z,Kentucky Wildcats,-110,2.5,20260928165602403570
NCAAF,americanfootball_ncaaf,59abc1d6262d2ea6a72c4daad4c83af2,2026-10-03T20:15:00Z,South Carolina Gamecocks,Kentucky Wildcats,fanduel,FanDuel,2026-09-28T16:55:50Z,spreads,2026-09-28T16:55:49Z,South Carolina Gamecocks,-110,-2.5,20260928165602403570
NCAAF,americanfootball_ncaaf,59abc1d6262d2ea6a72c4daad4c83af2,2026-10-03T20:15:00Z,South Carolina Gamecocks,Kentucky Wildcats,fanduel,FanDuel,2026-09-28T16:55:50Z,totals,2026-09-28T16:55:49Z,Over,-108,53.5,20260928165602403570
NCAAF,americanfootball_ncaaf,59abc1d6262d2ea6a72c4daad4c83af2,2026-10-03T20:15:00Z,South Carolina Gamecocks,Kentucky Wildcats,fanduel,FanDuel,2026-09-28T16:55:50Z,totals,2026-09-28T16:55:49Z,Under,-112,53.5,20260928165602403570
NCAAF,americanfootball_ncaaf,59abc1d6262d2ea6a72c4daad4c83af2,2026-10-03T20:15:00Z,South Carolina Gamecocks,Kentucky Wildcats,betrivers,BetRivers,2026-09-28T16:55:49Z,h2h,2026-09-28T16:55:49Z,Kentucky Wildcats,123,,20260928165602403570
NCAAF,americanfootball_ncaaf,59abc1d6262d2ea6a72c4daad4c83af2,2026-10-03T20:15:00Z,South Carolina Gamecocks,Kentucky Wildcats,betrivers,BetRivers,2026-09-28T16:55:49Z,h2h,2026-09-28T16:55:49Z,South Carolina Gamecocks,-152,,20260928165602403570
NCAAF,americanfootball_ncaaf,59abc1d6262d2ea6a72c4daad4c83af2,2026-10-03T20:15:00Z,South Carolina Gamecocks,Kentucky Wildcats,betrivers,BetRivers,2026-09-28T16:55:49Z,spreads,2026-09-28T16:55:49Z,Kentucky Wildcats,-117,3.0,20260928165602403570
NCAAF,americanfootball_ncaaf,59abc1d6262d2ea6a72c4daad4c83af2,2026-10-03T20:15:00Z,South Carolina Gamecocks,Kentucky Wildcats,betrivers,BetRivers,2026-09-28T16:55:49Z,spreads,2026-09-28T16:55:49Z,South Carolina Gamecocks,-107,-3.0,20260928165602403570
NCAAF,americanfootball_ncaaf,59abc1d6262d2ea6a72c4daad4c83af2,2026-10-03T20:15:00Z,South Carolina Gamecocks,Kentucky Wildcats,betrivers,BetRivers,2026-09-28T16:55:49Z,totals,2026-09-28T16:55:49Z,Over,-110,53.5,20260928165602403570
NCAAF,americanfootball_ncaaf,59abc1d6262d2ea6a72c4daad4c83af2,2026-10-03T20:15:00Z,South Carolina Gamecocks,Kentucky Wildcats,betrivers,BetRivers,2026-09-28T16:55:49Z,totals,2026-09-28T16:55:49Z,Under,-113,53.5,20260928165602403570
NCAAF,americanfootball_ncaaf,59abc1d6262d2ea6a72c4daad4c83af2,2026-10-03T20:15:00Z,South Carolina Gamecocks,Kentucky Wildcats,betonlineag,BetOnline.ag,2026-09-28T16:55:07Z,h2h,2026-09-28T16:55:07Z,Kentucky Wildcats,120,,20260928165602403570
NCAAF,americanfootball_ncaaf,59abc1d6262d2ea6a72c4daad4c83af2,2026-10-03T20:15:00Z,South Carolina Gamecocks,Kentucky Wildcats,betonlineag,BetOnline.ag,2026-09-28T16:55:07Z,h2h,2026-09-28T16:55:07Z,South Carolina Gamecocks,-140,,20260928165602403570
NCAAF,americanfootball_ncaaf,59abc1d6262d2ea6a72c4daad4c83af2,2026-10-03T20:15:00Z,South Carolina Gamecocks,Kentucky Wildcats,betonlineag,BetOnline.ag,2026-09-28T16:55:07Z,spreads,2026-09-28T16:55:07Z,Kentucky Wildcats,-105,2.5,20260928165602403570
NCAAF,americanfootball_ncaaf,59abc1d6262d2ea6a72c4daad4c83af2,2026-10-03T20:15:00Z,South Carolina Gamecocks,Kentucky Wildcats,betonlineag,BetOnline.ag,2026-09-28T16:55:07Z,spreads,2026-09-28T16:55:07Z,South Carolina Gamecocks,-115,-2.5,20260928165602403570
NCAAF,americanfootball_ncaaf,59abc1d6262d2ea6a72c4daad4c83af2,2026-10-03T20:15:00Z,South Carolina Gamecocks,Kentucky Wildcats,betonlineag,BetOnline.ag,2026-09-28T16:55:07Z,totals,2026-09-28T16:55:07Z,Over,-110,53.5,20260928165602403570
NCAAF,americanfootball_ncaaf,59abc1d6262d2ea6a72c4daad4c83af2,2026-10-03T20:15:00Z,South Carolina Gamecocks,Kentucky Wildcats,betonlineag,BetOnline.ag,2026-09-28T16:55:07Z,totals,2026-09-28T16:55:07Z,Under,-110,53.5,20260928165602403570
NCAAF,americanfootball_ncaaf,59abc1d6262d2ea6a72c4daad4c83af2,2026-10-03T20:15:00Z,South Carolina Gamecocks,Kentucky Wildcats,lowvig,LowVig.ag,2026-09-28T16:55:49Z,h2h,2026-09-28T16:55:49Z,Kentucky Wildcats,120,,20260928165602403570
NCAAF,americanfootball_ncaaf,59abc1d6262d2ea6a72c4daad4c83af2,2026-10-03T20:15:00Z,South Carolina Gamecocks,Kentucky Wildcats,lowvig,LowVig.ag,2026-09-28T16:55:49Z,h2h,2026-09-28T16:55:49Z,South Carolina Gamecocks,-140,,20260928165602403570
NCAAF,americanfootball_ncaaf,59abc1d6262d2ea6a72c4daad4c83af2,2026-10-03T20:15:00Z,South Carolina Gamecocks,Kentucky Wildcats,lowvig,LowVig.ag,2026-09-28T16:55:49Z,spreads,2026-09-28T16:55:49Z,Kentucky Wildcats,-101,2.5,20260928165602403570
NCAAF,americanfootball_ncaaf,59abc1d6262d2ea6a72c4daad4c83af2,2026-10-03T20:15:00Z,South Carolina Gamecocks,Kentucky Wildcats,lowvig,LowVig.ag,2026-09-28T16:55:49Z,spreads,2026-09-28T16:55:49Z,South Carolina Gamecocks,-111,-2.5,20260928165602403570
NCAAF,americanfootball_ncaaf,59abc1d6262d2ea6a72c4daad4c83af2,2026-10-03T20:15:00Z,South Carolina Gamecocks,Kentucky Wildcats,lowvig,LowVig.ag,2026-09-28T16:55:49Z,totals,2026-09-28T16:55:49Z,Over,-108,53.5,20260928165602403570
NCAAF,americanfootball_ncaaf,59abc1d6262d2ea6a72c4daad4c83af2,2026-10-03T20:15:00Z,South Carolina Gamecocks,Kentucky Wildcats,lowvig,LowVig.ag,2026-09-28T16:55:49Z,totals,2026-09-28T16:55:49Z,Under,-108,53.5,20260928165602403570
NCAAF,americanfootball_ncaaf,59abc1d6262d2ea6a72c4daad4c83af2,2026-10-03T20:15:00Z,South Carolina Gamecocks,Kentucky Wildcats,mybookieag,MyBookie.ag,2026-09-28T16:55:48Z,h2h,2026-09-28T16:55:48Z,Kentucky Wildcats,119,,20260928165602403570
NCAAF,americanfootball_ncaaf,59abc1d6262d2ea6a72c4daad4c83af2,2026-10-03T20:15:00Z,South Carolina Gamecocks,Kentucky Wildcats,mybookieag,MyBookie.ag,2026-09-28T16:55:48Z,h2h,2026-09-28T16:55:48Z,South Carolina Gamecocks,-146,,20260928165602403570
NCAAF,americanfootball_ncaaf,59abc1d6262d2ea6a72c4daad4c83af2,2026-10-03T20:15:00Z,South Carolina Gamecocks,Kentucky Wildcats,mybookieag,MyBookie.ag,2026-09-28T16:55:48Z,spreads,2026-09-28T16:55:48Z,Kentucky Wildcats,-110,2.5,20260928165602403570
NCAAF,americanfootball_ncaaf,59abc1d6262d2ea6a72c4daad4c83af2,2026-10-03T20:15:00Z,South Carolina Gamecocks,Kentucky Wildcats,mybookieag,MyBookie.ag,2026-09-28T16:55:48Z,spreads,2026-09-28T16:55:48Z,South Carolina Gamecocks,-110,-2.5,20260928165602403570
NCAAF,americanfootball_ncaaf,59abc1d6262d2ea6a72c4daad4c83af2,2026-10-03T20:15:00Z,South Carolina Gamecocks,Kentucky Wildcats,mybookieag,MyBookie.ag,2026-09-28T16:55:48Z,totals,2026-09-28T16:55:48Z,Over,-110,53.5,20260928165602403570
NCAAF,americanfootball_ncaaf,59abc1d6262d2ea6a72c4daad4c83af2,2026-10-03T20:15:00Z,South Carolina Gamecocks,Kentucky Wildcats,mybookieag,MyBookie.ag,2026-09-28T16:55:48Z,totals,2026-09-28T16:55:48Z,Under,-110,53.5,20260928165602403570
NCAAF,americanfootball_ncaaf,59abc1d6262d2ea6a72c4daad4c83af2,2026-10-03T20:15:00Z,South Carolina Gamecocks,Kentucky Wildcats,betmgm,BetMGM,2026-09-28T16:54:38Z,h2h,2026-09-28T16:54:38Z,Kentucky Wildcats,115,,20260928165602403570
NCAAF,americanfootball_ncaaf,59abc1d6262d2ea6a72c4daad4c83af2,2026-10-03T20:15:00Z,South Carolina Gamecocks,Kentucky Wildcats,betmgm,BetMGM,2026-09-28T16:54:38Z,h2h,2026-09-28T16:54:38Z,South Carolina Gamecocks,-140,,20260928165602403570
NCAAF,americanfootball_ncaaf,59abc1d6262d2ea6a72c4daad4c83af2,2026-10-03T20:15:00Z,South Carolina Gamecocks,Kentucky Wildcats,betmgm,BetMGM,2026-09-28T16:54:38Z,spreads,2026-09-28T16:54:38Z,Kentucky Wildcats,-105,2.5,20260928165602403570
NCAAF,americanfootball_ncaaf,59abc1d6262d2ea6a72c4daad4c83af2,2026-10-03T20:15:00Z,South Carolina Gamecocks,Kentucky Wildcats,betmgm,BetMGM,2026-09-28T16:54:38Z,spreads,2026-09-28T16:54:38Z,South Carolina Gamecocks,-112,-2.5,20260928165602403570
NCAAF,americanfootball_ncaaf,59abc1d6262d2ea6a72c4daad4c83af2,2026-10-03T20:15:00Z,South Carolina Gamecocks,Kentucky Wildcats,betmgm,BetMGM,2026-09-28T16:54:38Z,totals,2026-09-28T16:54:38Z,Over,-108,53.5,20260928165602403570
NCAAF,americanfootball_ncaaf,59abc1d6262d2ea6a72c4daad4c83af2,2026-10-03T20:15:00Z,South Carolina Gamecocks,Kentucky Wildcats,betmgm,BetMGM,2026-09-28T16:54:38Z,totals,2026-09-28T16:54:38Z,Under,-110,53.5,20260928165602403570
NCAAF,americanfootball_ncaaf,59abc1d6262d2ea6a72c4daad4c83af2,2026-10-03T20:15:00Z,South Carolina Gamecocks,Kentucky Wildcats,betus,BetUS,2026-09-28T16:55:53Z,spreads,2026-09-28T16:55:52Z,Kentucky Wildcats,-105,2.5,20260928165602403570
NCAAF,americanfootball_ncaaf,59abc1d6262d2ea6a72c4daad4c83af2,2026-10-03T20:15:00Z,South Carolina Gamecocks,Kentucky Wildcats,betus,BetUS,2026-09-28T16:55:53Z,spreads,2026-09-28T16:55:52Z,South Carolina Gamecocks,-115,-2.5,20260928165602403570
NCAAF,americanfootball_ncaaf,59abc1d6262d2ea6a72c4daad4c83af2,2026-10-03T20:15:00Z,South Carolina Gamecocks,Kentucky Wildcats,betus,BetUS,2026-09-28T16:55:53Z,totals,2026-09-28T16:55:52Z,Over,-110,53.5,20260928165602403570
NCAAF,americanfootball_ncaaf,59abc1d6262d2ea6a72c4daad4c83af2,2026-10-03T20:15:00Z,South Carolina Gamecocks,Kentucky Wildcats,betus,BetUS,2026-09-28T16:55:53Z,totals,2026-09-28T16:55:52Z,Under,-110,53.5,20260928165602403570
NCAAF,americanfootball_ncaaf,59abc1d6262d2ea6a72c4daad4c83af2,2026-10-03T20:15:00Z,South Carolina Gamecocks,Kentucky Wildcats,bovada,Bovada,2026-09-28T16:54:58Z,h2h,2026-09-28T16:54:58Z,Kentucky Wildcats,120,,20260928165602403570
NCAAF,americanfootball_ncaaf,59abc1d6262d2ea6a72c4daad4c83af2,2026-10-03T20:15:00Z,South Carolina Gamecocks,Kentucky Wildcats,bovada,Bovada,2026-09-28T16:54:58Z,h2h,2026-09-28T16:54:58Z,South Carolina Gamecocks,-140,,20260928165602403570
NCAAF,americanfootball_ncaaf,59abc1d6262d2ea6a72c4daad4c83af2,2026-10-03T20:15:00Z,South Carolina Gamecocks,Kentucky Wildcats,bovada,Bovada,2026-09-28T16:54:58Z,spreads,2026-09-28T16:54:58Z,Kentucky Wildcats,100,2.5,20260928165602403570
NCAAF,americanfootball_ncaaf,59abc1d6262d2ea6a72c4daad4c83af2,2026-10-03T20:15:00Z,South Carolina Gamecocks,Kentucky Wildcats,bovada,Bovada,2026-09-28T16:54:58Z,spreads,2026-09-28T16:54:58Z,South Carolina Gamecocks,-120,-2.5,20260928165602403570
NCAAF,americanfootball_ncaaf,59abc1d6262d2ea6a72c4daad4c83af2,2026-10-03T20:15:00Z,South Carolina Gamecocks,Kentucky Wildcats,bovada,Bovada,2026-09-28T16:54:58Z,totals,2026-09-28T16:54:58Z,Over,-110,53.5,20260928165602403570
NCAAF,americanfootball_ncaaf,59abc1d6262d2ea6a72c4daad4c83af2,2026-10-03T20:15:00Z,South Carolina Gamecocks,Kentucky Wildcats,bovada,Bovada,2026-09-28T16:54:58Z,totals,2026-09-28T16:54:58Z,Under,-110,53.5,20260928165602403570
NCAAF,americanfootball_ncaaf,b30387175520051e2889230030365494,2026-10-03T22:00:00Z,Colorado State Rams,Oregon State Beavers,fanduel,FanDuel,2026-09-28T16:55:50Z,h2h,2026-09-28T16:55:50Z,Colorado State Rams,172,,20260928165602403570
NCAAF,americanfootball_ncaaf,b30387175520051e2889230030365494,2026-10-03T22:00:00Z,Colorado State Rams,Oregon State Beavers,fanduel,FanDuel,2026-09-28T16:55:50Z,h2h,2026-09-28T16:55:50Z,Oregon State Beavers,-210,,20260928165602403570
NCAAF,americanfootball_ncaaf,b30387175520051e2889230030365494,2026-10-03T22:00:00Z,Colorado State Rams,Oregon State Beavers,fanduel,FanDuel,2026-09-28T16:55:50Z,spreads,2026-09-28T16:55:50Z,Colorado State Rams,-110,5.5,20260928165602403570
NCAAF,americanfootball_ncaaf,b30387175520051e2889230030365494,2026-10-03T22:00:00Z,Colorado State Rams,Oregon State Beavers,fanduel,FanDuel,2026-09-28T16:55:50Z,spreads,2026-09-28T16:55:50Z,Oregon State Beavers,-110,-5.5,20260928165602403570
NCAAF,americanfootball_ncaaf,b30387175520051e2889230030365494,2026-10-03T22:00:00Z,Colorado State Rams,Oregon State Beavers,fanduel,FanDuel,2026-09-28T16:55:50Z,totals,2026-09-28T16:55:50Z,Over,-114,60.5,20260928165602403570
NCAAF,americanfootball_ncaaf,b30387175520051e2889230030365494,2026-10-03T22:00:00Z,Colorado State Rams,Oregon State Beavers,fanduel,FanDuel,2026-09-28T16:55:50Z,totals,2026-09-28T16:55:50Z,Under,-106,60.5,20260928165602403570
NCAAF,americanfootball_ncaaf,b30387175520051e2889230030365494,2026-10-03T22:00:00Z,Colorado State Rams,Oregon State Beavers,betrivers,BetRivers,2026-09-28T16:55:49Z,h2h,2026-09-28T16:55:49Z,Colorado State Rams,165,,20260928165602403570
NCAAF,americanfootball_ncaaf,b30387175520051e2889230030365494,2026-10-03T22:00:00Z,Colorado State Rams,Oregon State Beavers,betrivers,BetRivers,2026-09-28T16:55:49Z,h2h,2026-09-28T16:55:49Z,Oregon State Beavers,-210,,20260928165602403570
NCAAF,americanfootball_ncaaf,b30387175520051e2889230030365494,2026-10-03T22:00:00Z,Colorado State Rams,Oregon State Beavers,betrivers,BetRivers,2026-09-28T16:55:49Z,spreads,2026-09-28T16:55:49Z,Colorado State Rams,-109,5.0,20260928165602403570
NCAAF,americanfootball_ncaaf,b30387175520051e2889230030365494,2026-10-03T22:00:00Z,Colorado State Rams,Oregon State Beavers,betrivers,BetRivers,2026-09-28T16:55:49Z,spreads,2026-09-28T16:55:49Z,Oregon State Beavers,-113,-5.0,20260928165602403570
NCAAF,americanfootball_ncaaf,b30387175520051e2889230030365494,2026-10-03T22:00:00Z,Colorado State Rams,Oregon State Beavers,betrivers,BetRivers,2026-09-28T16:55:49Z,totals,2026-09-28T16:55:49Z,Over,-110,60.5,20260928165602403570
NCAAF,americanfootball_ncaaf,b30387175520051e2889230030365494,2026-10-03T22:00:00Z,Colorado State Rams,Oregon State Beavers,betrivers,BetRivers,2026-09-28T16:55:49Z,totals,2026-09-28T16:55:49Z,Under,-117,60.5,20260928165602403570
NCAAF,americanfootball_ncaaf,b30387175520051e2889230030365494,2026-10-03T22:00:00Z,Colorado State Rams,Oregon State Beavers,betonlineag,BetOnline.ag,2026-09-28T16:55:07Z,h2h,2026-09-28T16:55:07Z,Colorado State Rams,177,,20260928165602403570
NCAAF,americanfootball_ncaaf,b30387175520051e2889230030365494,2026-10-03T22:00:00Z,Colorado State Rams,Oregon State Beavers,betonlineag,BetOnline.ag,2026-09-28T16:55:07Z,h2h,2026-09-28T16:55:07Z,Oregon State Beavers,-205,,20260928165602403570
NCAAF,americanfootball_ncaaf,b30387175520051e2889230030365494,2026-10-03T22:00:00Z,Colorado State Rams,Oregon State Beavers,betonlineag,BetOnline.ag,2026-09-28T16:55:07Z,spreads,2026-09-28T16:55:07Z,Colorado State Rams,-110,5.5,20260928165602403570
NCAAF,americanfootball_ncaaf,b30387175520051e2889230030365494,2026-10-03T22:00:00Z,Colorado State Rams,Oregon State Beavers,betonlineag,BetOnline.ag,2026-09-28T16:55:07Z,spreads,2026-09-28T16:55:07Z,Oregon State Beavers,-110,-5.5,20260928165602403570
NCAAF,americanfootball_ncaaf,b30387175520051e2889230030365494,2026-10-03T22:00:00Z,Colorado State Rams,Oregon State Beavers,betonlineag,BetOnline.ag,2026-09-28T16:55:07Z,totals,2026-09-28T16:55:07Z,Over,-110,61.0,20260928165602403570
NCAAF,americanfootball_ncaaf,b30387175520051e2889230030365494,2026-10-03T22:00:00Z,Colorado State Rams,Oregon State Beavers,betonlineag,BetOnline.ag,2026-09-28T16:55:07Z,totals,2026-09-28T16:55:07Z,Under,-110,61.0,20260928165602403570
NCAAF,americanfootball_ncaaf,b30387175520051e2889230030365494,2026-10-03T22:00:00Z,Colorado State Rams,Oregon State Beavers,lowvig,LowVig.ag,2026-09-28T16:55:49Z,h2h,2026-09-28T16:55:49Z,Colorado State Rams,177,,20260928165602403570
NCAAF,americanfootball_ncaaf,b30387175520051e2889230030365494,2026-10-03T22:00:00Z,Colorado State Rams,Oregon State Beavers,lowvig,LowVig.ag,2026-09-28T16:55:49Z,h2h,2026-09-28T16:55:49Z,Oregon State Beavers,-205,,20260928165602403570
NCAAF,americanfootball_ncaaf,b30387175520051e2889230030365494,2026-10-03T22:00:00Z,Colorado State Rams,Oregon State Beavers,lowvig,LowVig.ag,2026-09-28T16:55:49Z,spreads,2026-09-28T16:55:49Z,Colorado State Rams,-106,5.5,20260928165602403570
NCAAF,americanfootball_ncaaf,b30387175520051e2889230030365494,2026-10-03T22:00:00Z,Colorado State Rams,Oregon State Beavers,lowvig,LowVig.ag,2026-09-28T16:55:49Z,spreads,2026-09-28T16:55:49Z,Oregon State Beavers,-106,-5.5,20260928165602403570
NCAAF,americanfootball_ncaaf,b30387175520051e2889230030365494,2026-10-03T22:00:00Z,Colorado State Rams,Oregon State Beavers,lowvig,LowVig.ag,2026-09-28T16:55:49Z,totals,2026-09-28T16:55:49Z,Over,-108,61.0,20260928165602403570
NCAAF,americanfootball_ncaaf,b30387175520051e2889230030365494,2026-10-03T22:00:00Z,Colorado State Rams,Oregon State Beavers,lowvig,LowVig.ag,2026-09-28T16:55:49Z,totals,2026-09-28T16:55:49Z,Under,-108,61.0,20260928165602403570
NCAAF,americanfootball_ncaaf,b30387175520051e2889230030365494,2026-10-03T22:00:00Z,Colorado State Rams,Oregon State Beavers,draftkings,DraftKings,2026-09-28T16:55:34Z,h2h,2026-09-28T16:55:34Z,Colorado State Rams,170,,20260928165602403570
NCAAF,americanfootball_ncaaf,b30387175520051e2889230030365494,2026-10-03T22:00:00Z,Colorado State Rams,Oregon State Beavers,draftkings,DraftKings,2026-09-28T16:55:34Z,h2h,2026-09-28T16:55:34Z,Oregon State Beavers,-205,,20260928165602403570
NCAAF,americanfootball_ncaaf,b30387175520051e2889230030365494,2026-10-03T22:00:00Z,Colorado State Rams,Oregon State Beavers,draftkings,DraftKings,2026-09-28T16:55:34Z,spreads,2026-09-28T16:55:34Z,Colorado State Rams,-110,5.5,20260928165602403570
NCAAF,americanfootball_ncaaf,b30387175520051e2889230030365494,2026-10-03T22:00:00Z,Colorado State Rams,Oregon State Beavers,draftkings,DraftKings,2026-09-28T16:55:34Z,spreads,2026-09-28T16:55:34Z,Oregon State Beavers,-110,-5.5,20260928165602403570
NCAAF,americanfootball_ncaaf,b30387175520051e2889230030365494,2026-10-03T22:00:00Z,Colorado State Rams,Oregon State Beavers,draftkings,DraftKings,2026-09-28T16:55:34Z,totals,2026-09-28T16:55:34Z,Over,-105,61.5,20260928165602403570
NCAAF,americanfootball_ncaaf,b30387175520051e2889230030365494,2026-10-03T22:00:00Z,Colorado State Rams,Oregon State Beavers,draftkings,DraftKings,2026-09-28T16:55:34Z,totals,2026-09-28T16:55:34Z,Under,-115,61.5,20260928165602403570
NCAAF,americanfootball_ncaaf,b30387175520051e2889230030365494,2026-10-03T22:00:00Z,Colorado State Rams,Oregon State Beavers,mybookieag,MyBookie.ag,2026-09-28T16:55:48Z,h2h,2026-09-28T16:55:48Z,Colorado State Rams,175,,20260928165602403570
NCAAF,americanfootball_ncaaf,b30387175520051e2889230030365494,2026-10-03T22:00:00Z,Colorado State Rams,Oregon State Beavers,mybookieag,MyBookie.ag,2026-09-28T16:55:48Z,h2h,2026-09-28T16:55:48Z,Oregon State Beavers,-220,,20260928165602403570
NCAAF,americanfootball_ncaaf,b30387175520051e2889230030365494,2026-10-03T22:00:00Z,Colorado State Rams,Oregon State Beavers,mybookieag,MyBookie.ag,2026-09-28T16:55:48Z,spreads,2026-09-28T16:55:48Z,Colorado State Rams,-110,5.5,20260928165602403570
NCAAF,americanfootball_ncaaf,b30387175520051e2889230030365494,2026-10-03T22:00:00Z,Colorado State Rams,Oregon State Beavers,mybookieag,MyBookie.ag,2026-09-28T16:55:48Z,spreads,2026-09-28T16:55:48Z,Oregon State Beavers,-110,-5.5,20260928165602403570
NCAAF,americanfootball_ncaaf,b30387175520051e2889230030365494,2026-10-03T22:00:00Z,Colorado State Rams,Oregon State Beavers,mybookieag,MyBookie.ag,2026-09-28T16:55:48Z,totals,2026-09-28T16:55:48Z,Over,-110,61.0,20260928165602403570
NCAAF,americanfootball_ncaaf,b30387175520051e2889230030365494,2026-10-03T22:00:00Z,Colorado State Rams,Oregon State Beavers,mybookieag,MyBookie.ag,2026-09-28T16:55:48Z,totals,2026-09-28T16:55:48Z,Under,-110,61.0,20260928165602403570
NCAAF,americanfootball_ncaaf,b30387175520051e2889230030365494,2026-10-03T22:00:00Z,Colorado State Rams,Oregon State Beavers,betmgm,BetMGM,2026-09-28T16:54:38Z,h2h,2026-09-28T16:54:38Z,Colorado State Rams,170,,20260928165602403570
NCAAF,americanfootball_ncaaf,b30387175520051e2889230030365494,2026-10-03T22:00:00Z,Colorado State Rams,Oregon State Beavers,betmgm,BetMGM,2026-09-28T16:54:38Z,h2h,2026-09-28T16:54:38Z,Oregon State Beavers,-210,,20260928165602403570
NCAAF,americanfootball_ncaaf,b30387175520051e2889230030365494,2026-10-03T22:00:00Z,Colorado State Rams,Oregon State Beavers,betmgm,BetMGM,2026-09-28T16:54:38Z,spreads,2026-09-28T16:54:38Z,Colorado State Rams,-110,5.5,20260928165602403570
NCAAF,americanfootball_ncaaf,b30387175520051e2889230030365494,2026-10-03T22:00:00Z,Colorado State Rams,Oregon State Beavers,betmgm,BetMGM,2026-09-28T16:54:38Z,spreads,2026-09-28T16:54:38Z,Oregon State Beavers,-108,-5.5,20260928165602403570
NCAAF,americanfootball_ncaaf,b30387175520051e2889230030365494,2026-10-03T22:00:00Z,Colorado State Rams,Oregon State Beavers,betmgm,BetMGM,2026-09-28T16:54:38Z,totals,2026-09-28T16:54:38Z,Over,-105,61.5,20260928165602403570
NCAAF,americanfootball_ncaaf,b30387175520051e2889230030365494,2026-10-03T22:00:00Z,Colorado State Rams,Oregon State Beavers,betmgm,BetMGM,2026-09-28T16:54:38Z,totals,2026-09-28T16:54:38Z,Under,-115,61.5,20260928165602403570
NCAAF,americanfootball_ncaaf,b30387175520051e2889230030365494,2026-10-03T22:00:00Z,Colorado State Rams,Oregon State Beavers,betus,BetUS,2026-09-28T16:55:53Z,spreads,2026-09-28T16:55:53Z,Colorado State Rams,-110,5.5,20260928165602403570
NCAAF,americanfootball_ncaaf,b30387175520051e2889230030365494,2026-10-03T22:00:00Z,Colorado State Rams,Oregon State Beavers,betus,BetUS,2026-09-28T16:55:53Z,spreads,2026-09-28T16:55:53Z,Oregon State Beavers,-110,-5.5,20260928165602403570
NCAAF,americanfootball_ncaaf,b30387175520051e2889230030365494,2026-10-03T22:00:00Z,Colorado State Rams,Oregon State Beavers,betus,BetUS,2026-09-28T16:55:53Z,totals,2026-09-28T16:55:53Z,Over,-110,61.0,20260928165602403570
NCAAF,americanfootball_ncaaf,b30387175520051e2889230030365494,2026-10-03T22:00:00Z,Colorado State Rams,Oregon State Beavers,betus,BetUS,2026-09-28T16:55:53Z,totals,2026-09-28T16:55:53Z,Under,-110,61.0,20260928165602403570
NCAAF,americanfootball_ncaaf,b30387175520051e2889230030365494,2026-10-03T22:00:00Z,Colorado State Rams,Oregon State Beavers,bovada,Bovada,2026-09-28T16:54:58Z,h2h,2026-09-28T16:54:58Z,Colorado State Rams,175,,20260928165602403570
NCAAF,americanfootball_ncaaf,b30387175520051e2889230030365494,2026-10-03T22:00:00Z,Colorado State Rams,Oregon State Beavers,bovada,Bovada,2026-09-28T16:54:58Z,h2h,2026-09-28T16:54:58Z,Oregon State Beavers,-210,,20260928165602403570
NCAAF,americanfootball_ncaaf,b30387175520051e2889230030365494,2026-10-03T22:00:00Z,Colorado State Rams,Oregon State Beavers,bovada,Bovada,2026-09-28T16:54:58Z,spreads,2026-09-28T16:54:58Z,Colorado State Rams,-110,5.0,20260928165602403570
NCAAF,americanfootball_ncaaf,b30387175520051e2889230030365494,2026-10-03T22:00:00Z,Colorado State Rams,Oregon State Beavers,bovada,Bovada,2026-09-28T16:54:58Z,spreads,2026-09-28T16:54:58Z,Oregon State Beavers,-110,-5.0,20260928165602403570
NCAAF,americanfootball_ncaaf,b30387175520051e2889230030365494,2026-10-03T22:00:00Z,Colorado State Rams,Oregon State Beavers,bovada,Bovada,2026-09-28T16:54:58Z,totals,2026-09-28T16:54:58Z,Over,-110,61.0,20260928165602403570
NCAAF,americanfootball_ncaaf,b30387175520051e2889230030365494,2026-10-03T22:00:00Z,Colorado State Rams,Oregon State Beavers,bovada,Bovada,2026-09-28T16:54:58Z,totals,2026-09-28T16:54:58Z,Under,-110,61.0,20260928165602403570
NCAAF,americanfootball_ncaaf,ff98b80b07e2f42c76c2c255e6611247,2026-10-03T23:00:00Z,Texas A&M Aggies,Arkansas Razorbacks,fanduel,FanDuel,2026-09-28T16:55:50Z,h2h,2026-09-28T16:55:49Z,Arkansas Razorbacks,470,,20260928165602403570
NCAAF,americanfootball_ncaaf,ff98b80b07e2f42c76c2c255e6611247,2026-10-03T23:00:00Z,Texas A&M Aggies,Arkansas Razorbacks,fanduel,FanDuel,2026-09-28T16:55:50Z,h2h,2026-09-28T16:55:49Z,Texas A&M Aggies,-670,,20260928165602403570
NCAAF,americanfootball_ncaaf,ff98b80b07e2f42c76c2c255e6611247,2026-10-03T23:00:00Z,Texas A&M Aggies,Arkansas Razorbacks,fanduel,FanDuel,2026-09-28T16:55:50Z,spreads,2026-09-28T16:55:49Z,Arkansas Razorbacks,-120,14.5,20260928165602403570
NCAAF,americanfootball_ncaaf,ff98b80b07e2f42c76c2c255e6611247,2026-10-03T23:00:00Z,Texas A&M Aggies,Arkansas Razorbacks,fanduel,FanDuel,2026-09-28T16:55:50Z,spreads,2026-09-28T16:55:49Z,Texas A&M Aggies,-102,-14.5,20260928165602403570
NCAAF,americanfootball_ncaaf,ff98b80b07e2f42c76c2c255e6611247,2026-10-03T23:00:00Z,Texas A&M Aggies,Arkansas Razorbacks,fanduel,FanDuel,2026-09-28T16:55:50Z,totals,2026-09-28T16:55:49Z,Over,-110,51.5,20260928165602403570
NCAAF,americanfootball_ncaaf,ff98b80b07e2f42c76c2c255e6611247,2026-10-03T23:00:00Z,Texas A&M Aggies,Arkansas Razorbacks,fanduel,FanDuel,2026-09-28T16:55:50Z,totals,2026-09-28T16:55:49Z,Under,-110,51.5,20260928165602403570
NCAAF,americanfootball_ncaaf,ff98b80b07e2f42c76c2c255e6611247,2026-10-03T23:00:00Z,Texas A&M Aggies,Arkansas Razorbacks,betrivers,BetRivers,2026-09-28T16:55:49Z,h2h,2026-09-28T16:55:49Z,Arkansas Razorbacks,440,,20260928165602403570
NCAAF,americanfootball_ncaaf,ff98b80b07e2f42c76c2c255e6611247,2026-10-03T23:00:00Z,Texas A&M Aggies,Arkansas Razorbacks,betrivers,BetRivers,2026-09-28T16:55:49Z,h2h,2026-09-28T16:55:49Z,Texas A&M Aggies,-670,,20260928165602403570
NCAAF,americanfootball_ncaaf,ff98b80b07e2f42c76c2c255e6611247,2026-10-03T23:00:00Z,Texas A&M Aggies,Arkansas Razorbacks,betrivers,BetRivers,2026-09-28T16:55:49Z,spreads,2026-09-28T16:55:49Z,Arkansas Razorbacks,-110,14.0,20260928165602403570
NCAAF,americanfootball_ncaaf,ff98b80b07e2f42c76c2c255e6611247,2026-10-03T23:00:00Z,Texas A&M Aggies,Arkansas Razorbacks,betrivers,BetRivers,2026-09-28T16:55:49Z,spreads,2026-09-28T16:55:49Z,Texas A&M Aggies,-113,-14.0,20260928165602403570
NCAAF,americanfootball_ncaaf,ff98b80b07e2f42c76c2c255e6611247,2026-10-03T23:00:00Z,Texas A&M Aggies,Arkansas Razorbacks,betrivers,BetRivers,2026-09-28T16:55:49Z,totals,2026-09-28T16:55:49Z,Over,-114,51.5,20260928165602403570
NCAAF,americanfootball_ncaaf,ff98b80b07e2f42c76c2c255e6611247,2026-10-03T23:00:00Z,Texas A&M Aggies,Arkansas Razorbacks,betrivers,BetRivers,2026-09-28T16:55:49Z,totals,2026-09-28T16:55:49Z,Under,-109,51.5,20260928165602403570
NCAAF,americanfootball_ncaaf,ff98b80b07e2f42c76c2c255e6611247,2026-10-03T23:00:00Z,Texas A&M Aggies,Arkansas Razorbacks,betonlineag,BetOnline.ag,2026-09-28T16:55:07Z,h2h,2026-09-28T16:55:07Z,Arkansas Razorbacks,461,,20260928165602403570
NCAAF,americanfootball_ncaaf,ff98b80b07e2f42c76c2c255e6611247,2026-10-03T23:00:00Z,Texas A&M Aggies,Arkansas Razorbacks,betonlineag,BetOnline.ag,2026-09-28T16:55:07Z,h2h,2026-09-28T16:55:07Z,Texas A&M Aggies,-625,,20260928165602403570
NCAAF,americanfootball_ncaaf,ff98b80b07e2f42c76c2c255e6611247,2026-10-03T23:00:00Z,Texas A&M Aggies,Arkansas Razorbacks,betonlineag,BetOnline.ag,2026-09-28T16:55:07Z,spreads,2026-09-28T16:55:07Z,Arkansas Razorbacks,-110,14.0,20260928165602403570
NCAAF,americanfootball_ncaaf,ff98b80b07e2f42c76c2c255e6611247,2026-10-03T23:00:00Z,Texas A&M Aggies,Arkansas Razorbacks,betonlineag,BetOnline.ag,2026-09-28T16:55:07Z,spreads,2026-09-28T16:55:07Z,Texas A&M Aggies,-110,-14.0,20260928165602403570
NCAAF,americanfootball_ncaaf,ff98b80b07e2f42c76c2c255e6611247,2026-10-03T23:00:00Z,Texas A&M Aggies,Arkansas Razorbacks,betonlineag,BetOnline.ag,2026-09-28T16:55:07Z,totals,2026-09-28T16:55:07Z,Over,-110,51.5,20260928165602403570
NCAAF,americanfootball_ncaaf,ff98b80b07e2f42c76c2c255e6611247,2026-10-03T23:00:00Z,Texas A&M Aggies,Arkansas Razorbacks,betonlineag,BetOnline.ag,2026-09-28T16:55:07Z,totals,2026-09-28T16:55:07Z,Under,-110,51.5,20260928165602403570
NCAAF,americanfootball_ncaaf,ff98b80b07e2f42c76c2c255e6611247,2026-10-03T23:00:00Z,Texas A&M Aggies,Arkansas Razorbacks,lowvig,LowVig.ag,2026-09-28T16:55:49Z,h2h,2026-09-28T16:55:49Z,Arkansas Razorbacks,461,,20260928165602403570
NCAAF,americanfootball_ncaaf,ff98b80b07e2f42c76c2c255e6611247,2026-10-03T23:00:00Z,Texas A&M Aggies,Arkansas Razorbacks,lowvig,LowVig.ag,2026-09-28T16:55:49Z,h2h,2026-09-28T16:55:49Z,Texas A&M Aggies,-625,,20260928165602403570
NCAAF,americanfootball_ncaaf,ff98b80b07e2f42c76c2c255e6611247,2026-10-03T23:00:00Z,Texas A&M Aggies,Arkansas Razorbacks,lowvig,LowVig.ag,2026-09-28T16:55:49Z,spreads,2026-09-28T16:55:49Z,Arkansas Razorbacks,-106,14.0,20260928165602403570
NCAAF,americanfootball_ncaaf,ff98b80b07e2f42c76c2c255e6611247,2026-10-03T23:00:00Z,Texas A&M Aggies,Arkansas Razorbacks,lowvig,LowVig.ag,2026-09-28T16:55:49Z,spreads,2026-09-28T16:55:49Z,Texas A&M Aggies,-106,-14.0,20260928165602403570
NCAAF,americanfootball_ncaaf,ff98b80b07e2f42c76c2c255e6611247,2026-10-03T23:00:00Z,Texas A&M Aggies,Arkansas Razorbacks,lowvig,LowVig.ag,2026-09-28T16:55:49Z,totals,2026-09-28T16:55:49Z,Over,-108,51.5,20260928165602403570
NCAAF,americanfootball_ncaaf,ff98b80b07e2f42c76c2c255e6611247,2026-10-03T23:00:00Z,Texas A&M Aggies,Arkansas Razorbacks,lowvig,LowVig.ag,2026-09-28T16:55:49Z,totals,2026-09-28T16:55:49Z,Under,-108,51.5,20260928165602403570
NCAAF,americanfootball_ncaaf,ff98b80b07e2f42c76c2c255e6611247,2026-10-03T23:00:00Z,Texas A&M Aggies,Arkansas Razorbacks,draftkings,DraftKings,2026-09-28T16:55:34Z,h2h,2026-09-28T16:55:34Z,Arkansas Razorbacks,455,,20260928165602403570
NCAAF,americanfootball_ncaaf,ff98b80b07e2f42c76c2c255e6611247,2026-10-03T23:00:00Z,Texas A&M Aggies,Arkansas Razorbacks,draftkings,DraftKings,2026-09-28T16:55:34Z,h2h,2026-09-28T16:55:34Z,Texas A&M Aggies,-625,,20260928165602403570
NCAAF,americanfootball_ncaaf,ff98b80b07e2f42c76c2c255e6611247,2026-10-03T23:00:00Z,Texas A&M Aggies,Arkansas Razorbacks,draftkings,DraftKings,2026-09-28T16:55:34Z,spreads,2026-09-28T16:55:34Z,Arkansas Razorbacks,-108,14.0,20260928165602403570
NCAAF,americanfootball_ncaaf,ff98b80b07e2f42c76c2c255e6611247,2026-10-03T23:00:00Z,Texas A&M Aggies,Arkansas Razorbacks,draftkings,DraftKings,2026-09-28T16:55:34Z,spreads,2026-09-28T16:55:34Z,Texas A&M Aggies,-112,-14.0,20260928165602403570
NCAAF,americanfootball_ncaaf,ff98b80b07e2f42c76c2c255e6611247,2026-10-03T23:00:00Z,Texas A&M Aggies,Arkansas Razorbacks,draftkings,DraftKings,2026-09-28T16:55:34Z,totals,2026-09-28T16:55:34Z,Over,-110,51.5,20260928165602403570
NCAAF,americanfootball_ncaaf,ff98b80b07e2f42c76c2c255e6611247,2026-10-03T23:00:00Z,Texas A&M Aggies,Arkansas Razorbacks,draftkings,DraftKings,2026-09-28T16:55:34Z,totals,2026-09-28T16:55:34Z,Under,-110,51.5,20260928165602403570
NCAAF,americanfootball_ncaaf,ff98b80b07e2f42c76c2c255e6611247,2026-10-03T23:00:00Z,Texas A&M Aggies,Arkansas Razorbacks,mybookieag,MyBookie.ag,2026-09-28T16:55:48Z,h2h,2026-09-28T16:55:48Z,Arkansas Razorbacks,460,,20260928165602403570
NCAAF,americanfootball_ncaaf,ff98b80b07e2f42c76c2c255e6611247,2026-10-03T23:00:00Z,Texas A&M Aggies,Arkansas Razorbacks,mybookieag,MyBookie.ag,2026-09-28T16:55:48Z,h2h,2026-09-28T16:55:48Z,Texas A&M Aggies,-676,,20260928165602403570
NCAAF,americanfootball_ncaaf,ff98b80b07e2f42c76c2c255e6611247,2026-10-03T23:00:00Z,Texas A&M Aggies,Arkansas Razorbacks,mybookieag,MyBookie.ag,2026-09-28T16:55:48Z,spreads,2026-09-28T16:55:48Z,Arkansas Razorbacks,-110,14.0,20260928165602403570
NCAAF,americanfootball_ncaaf,ff98b80b07e2f42c76c2c255e6611247,2026-10-03T23:00:00Z,Texas A&M Aggies,Arkansas Razorbacks,mybookieag,MyBookie.ag,2026-09-28T16:55:48Z,spreads,2026-09-28T16:55:48Z,Texas A&M Aggies,-110,-14.0,20260928165602403570
NCAAF,americanfootball_ncaaf,ff98b80b07e2f42c76c2c255e6611247,2026-10-03T23:00:00Z,Texas A&M Aggies,Arkansas Razorbacks,mybookieag,MyBookie.ag,2026-09-28T16:55:48Z,totals,2026-09-28T16:55:48Z,Over,-110,51.5,20260928165602403570
NCAAF,americanfootball_ncaaf,ff98b80b07e2f42c76c2c255e6611247,2026-10-03T23:00:00Z,Texas A&M Aggies,Arkansas Razorbacks,mybookieag,MyBookie.ag,2026-09-28T16:55:48Z,totals,2026-09-28T16:55:48Z,Under,-110,51.5,20260928165602403570
NCAAF,americanfootball_ncaaf,ff98b80b07e2f42c76c2c255e6611247,2026-10-03T23:00:00Z,Texas A&M Aggies,Arkansas Razorbacks,betus,BetUS,2026-09-28T16:55:53Z,spreads,2026-09-28T16:55:52Z,Arkansas Razorbacks,-110,14.0,20260928165602403570
NCAAF,americanfootball_ncaaf,ff98b80b07e2f42c76c2c255e6611247,2026-10-03T23:00:00Z,Texas A&M Aggies,Arkansas Razorbacks,betus,BetUS,2026-09-28T16:55:53Z,spreads,2026-09-28T16:55:52Z,Texas A&M Aggies,-110,-14.0,20260928165602403570
NCAAF,americanfootball_ncaaf,ff98b80b07e2f42c76c2c255e6611247,2026-10-03T23:00:00Z,Texas A&M Aggies,Arkansas Razorbacks,betus,BetUS,2026-09-28T16:55:53Z,totals,2026-09-28T16:55:52Z,Over,-110,51.5,20260928165602403570
NCAAF,americanfootball_ncaaf,ff98b80b07e2f42c76c2c255e6611247,2026-10-03T23:00:00Z,Texas A&M Aggies,Arkansas Razorbacks,betus,BetUS,2026-09-28T16:55:53Z,totals,2026-09-28T16:55:52Z,Under,-110,51.5,20260928165602403570
NCAAF,americanfootball_ncaaf,ff98b80b07e2f42c76c2c255e6611247,2026-10-03T23:00:00Z,Texas A&M Aggies,Arkansas Razorbacks,betmgm,BetMGM,2026-09-28T16:54:38Z,h2h,2026-09-28T16:54:38Z,Arkansas Razorbacks,475,,20260928165602403570
NCAAF,americanfootball_ncaaf,ff98b80b07e2f42c76c2c255e6611247,2026-10-03T23:00:00Z,Texas A&M Aggies,Arkansas Razorbacks,betmgm,BetMGM,2026-09-28T16:54:38Z,h2h,2026-09-28T16:54:38Z,Texas A&M Aggies,-625,,20260928165602403570
NCAAF,americanfootball_ncaaf,ff98b80b07e2f42c76c2c255e6611247,2026-10-03T23:00:00Z,Texas A&M Aggies,Arkansas Razorbacks,betmgm,BetMGM,2026-09-28T16:54:38Z,spreads,2026-09-28T16:54:38Z,Arkansas Razorbacks,-110,14.0,20260928165602403570
NCAAF,americanfootball_ncaaf,ff98b80b07e2f42c76c2c255e6611247,2026-10-03T23:00:00Z,Texas A&M Aggies,Arkansas Razorbacks,betmgm,BetMGM,2026-09-28T16:54:38Z,spreads,2026-09-28T16:54:38Z,Texas A&M Aggies,-110,-14.0,20260928165602403570
NCAAF,americanfootball_ncaaf,ff98b80b07e2f42c76c2c255e6611247,2026-10-03T23:00:00Z,Texas A&M Aggies,Arkansas Razorbacks,betmgm,BetMGM,2026-09-28T16:54:38Z,totals,2026-09-28T16:54:38Z,Over,-110,51.5,20260928165602403570
NCAAF,americanfootball_ncaaf,ff98b80b07e2f42c76c2c255e6611247,2026-10-03T23:00:00Z,Texas A&M Aggies,Arkansas Razorbacks,betmgm,BetMGM,2026-09-28T16:54:38Z,totals,2026-09-28T16:54:38Z,Under,-108,51.5,20260928165602403570
NCAAF,americanfootball_ncaaf,ff98b80b07e2f42c76c2c255e6611247,2026-10-03T23:00:00Z,Texas A&M Aggies,Arkansas Razorbacks,bovada,Bovada,2026-09-28T16:54:58Z,h2h,2026-09-28T16:54:58Z,Arkansas Razorbacks,450,,20260928165602403570
NCAAF,americanfootball_ncaaf,ff98b80b07e2f42c76c2c255e6611247,2026-10-03T23:00:00Z,Texas A&M Aggies,Arkansas Razorbacks,bovada,Bovada,2026-09-28T16:54:58Z,h2h,2026-09-28T16:54:58Z,Texas A&M Aggies,-650,,20260928165602403570
NCAAF,americanfootball_ncaaf,ff98b80b07e2f42c76c2c255e6611247,2026-10-03T23:00:00Z,Texas A&M Aggies,Arkansas Razorbacks,bovada,Bovada,2026-09-28T16:54:58Z,spreads,2026-09-28T16:54:58Z,Arkansas Razorbacks,-110,14.0,20260928165602403570
NCAAF,americanfootball_ncaaf,ff98b80b07e2f42c76c2c255e6611247,2026-10-03T23:00:00Z,Texas A&M Aggies,Arkansas Razorbacks,bovada,Bovada,2026-09-28T16:54:58Z,spreads,2026-09-28T16:54:58Z,Texas A&M Aggies,-110,-14.0,20260928165602403570
NCAAF,americanfootball_ncaaf,ff98b80b07e2f42c76c2c255e6611247,2026-10-03T23:00:00Z,Texas A&M Aggies,Arkansas Razorbacks,bovada,Bovada,2026-09-28T16:54:58Z,totals,2026-09-28T16:54:58Z,Over,-110,51.5,20260928165602403570
NCAAF,americanfootball_ncaaf,ff98b80b07e2f42c76c2c255e6611247,2026-10-03T23:00:00Z,Texas A&M Aggies,Arkansas Razorbacks,bovada,Bovada,2026-09-28T16:54:58Z,totals,2026-09-28T16:54:58Z,Under,-110,51.5,20260928165602403570
NCAAF,americanfootball_ncaaf,b58c0d24e66471e6095c0a5f9afb7ce3,2026-10-03T23:00:00Z,TCU Horned Frogs,BYU Cougars,draftkings,DraftKings,2026-09-28T16:55:34Z,h2h,2026-09-28T16:55:34Z,BYU Cougars,-250,,20260928165602403570
NCAAF,americanfootball_ncaaf,b58c0d24e66471e6095c0a5f9afb7ce3,2026-10-03T23:00:00Z,TCU Horned Frogs,BYU Cougars,draftkings,DraftKings,2026-09-28T16:55:34Z,h2h,2026-09-28T16:55:34Z,TCU Horned Frogs,205,,20260928165602403570
NCAAF,americanfootball_ncaaf,b58c0d24e66471e6095c0a5f9afb7ce3,2026-10-03T23:00:00Z,TCU Horned Frogs,BYU Cougars,draftkings,DraftKings,2026-09-28T16:55:34Z,spreads,2026-09-28T16:55:34Z,BYU Cougars,-112,-6.5,20260928165602403570
NCAAF,americanfootball_ncaaf,b58c0d24e66471e6095c0a5f9afb7ce3,2026-10-03T23:00:00Z,TCU Horned Frogs,BYU Cougars,draftkings,DraftKings,2026-09-28T16:55:34Z,spreads,2026-09-28T16:55:34Z,TCU Horned Frogs,-108,6.5,20260928165602403570
NCAAF,americanfootball_ncaaf,b58c0d24e66471e6095c0a5f9afb7ce3,2026-10-03T23:00:00Z,TCU Horned Frogs,BYU Cougars,draftkings,DraftKings,2026-09-28T16:55:34Z,totals,2026-09-28T16:55:34Z,Over,-112,48.5,20260928165602403570
NCAAF,americanfootball_ncaaf,b58c0d24e66471e6095c0a5f9afb7ce3,2026-10-03T23:00:00Z,TCU Horned Frogs,BYU Cougars,draftkings,DraftKings,2026-09-28T16:55:34Z,totals,2026-09-28T16:55:34Z,Under,-108,48.5,20260928165602403570
NCAAF,americanfootball_ncaaf,b58c0d24e66471e6095c0a5f9afb7ce3,2026-10-03T23:00:00Z,TCU Horned Frogs,BYU Cougars,fanduel,FanDuel,2026-09-28T16:55:50Z,h2h,2026-09-28T16:55:49Z,BYU Cougars,-240,,20260928165602403570
NCAAF,americanfootball_ncaaf,b58c0d24e66471e6095c0a5f9afb7ce3,2026-10-03T23:00:00Z,TCU Horned Frogs,BYU Cougars,fanduel,FanDuel,2026-09-28T16:55:50Z,h2h,2026-09-28T16:55:49Z,TCU Horned Frogs,195,,20260928165602403570
NCAAF,americanfootball_ncaaf,b58c0d24e66471e6095c0a5f9afb7ce3,2026-10-03T23:00:00Z,TCU Horned Frogs,BYU Cougars,fanduel,FanDuel,2026-09-28T16:55:50Z,spreads,2026-09-28T16:55:49Z,BYU Cougars,-110,-6.5,20260928165602403570
NCAAF,americanfootball_ncaaf,b58c0d24e66471e6095c0a5f9afb7ce3,2026-10-03T23:00:00Z,TCU Horned Frogs,BYU Cougars,fanduel,FanDuel,2026-09-28T16:55:50Z,spreads,2026-09-28T16:55:49Z,TCU Horned Frogs,-110,6.5,20260928165602403570
NCAAF,americanfootball_ncaaf,b58c0d24e66471e6095c0a5f9afb7ce3,2026-10-03T23:00:00Z,TCU Horned Frogs,BYU Cougars,fanduel,FanDuel,2026-09-28T16:55:50Z,totals,2026-09-28T16:55:49Z,Over,-110,48.5,20260928165602403570
NCAAF,americanfootball_ncaaf,b58c0d24e66471e6095c0a5f9afb7ce3,2026-10-03T23:00:00Z,TCU Horned Frogs,BYU Cougars,fanduel,FanDuel,2026-09-28T16:55:50Z,totals,2026-09-28T16:55:49Z,Under,-110,48.5,20260928165602403570
NCAAF,americanfootball_ncaaf,b58c0d24e66471e6095c0a5f9afb7ce3,2026-10-03T23:00:00Z,TCU Horned Frogs,BYU Cougars,betrivers,BetRivers,2026-09-28T16:55:49Z,h2h,2026-09-28T16:55:49Z,BYU Cougars,-245,,20260928165602403570
NCAAF,americanfootball_ncaaf,b58c0d24e66471e6095c0a5f9afb7ce3,2026-10-03T23:00:00Z,TCU Horned Frogs,BYU Cougars,betrivers,BetRivers,2026-09-28T16:55:49Z,h2h,2026-09-28T16:55:49Z,TCU Horned Frogs,190,,20260928165602403570
NCAAF,americanfootball_ncaaf,b58c0d24e66471e6095c0a5f9afb7ce3,2026-10-03T23:00:00Z,TCU Horned Frogs,BYU Cougars,betrivers,BetRivers,2026-09-28T16:55:49Z,spreads,2026-09-28T16:55:49Z,BYU Cougars,-110,-6.5,20260928165602403570
NCAAF,americanfootball_ncaaf,b58c0d24e66471e6095c0a5f9afb7ce3,2026-10-03T23:00:00Z,TCU Horned Frogs,BYU Cougars,betrivers,BetRivers,2026-09-28T16:55:49Z,spreads,2026-09-28T16:55:49Z,TCU Horned Frogs,-113,6.5,20260928165602403570
NCAAF,americanfootball_ncaaf,b58c0d24e66471e6095c0a5f9afb7ce3,2026-10-03T23:00:00Z,TCU Horned Frogs,BYU Cougars,betrivers,BetRivers,2026-09-28T16:55:49Z,totals,2026-09-28T16:55:49Z,Over,-110,49.5,20260928165602403570
NCAAF,americanfootball_ncaaf,b58c0d24e66471e6095c0a5f9afb7ce3,2026-10-03T23:00:00Z,TCU Horned Frogs,BYU Cougars,betrivers,BetRivers,2026-09-28T16:55:49Z,totals,2026-09-28T16:55:49Z,Under,-113,49.5,20260928165602403570
NCAAF,americanfootball_ncaaf,b58c0d24e66471e6095c0a5f9afb7ce3,2026-10-03T23:00:00Z,TCU Horned Frogs,BYU Cougars,betonlineag,BetOnline.ag,2026-09-28T16:55:07Z,h2h,2026-09-28T16:55:07Z,BYU Cougars,-255,,20260928165602403570
NCAAF,americanfootball_ncaaf,b58c0d24e66471e6095c0a5f9afb7ce3,2026-10-03T23:00:00Z,TCU Horned Frogs,BYU Cougars,betonlineag,BetOnline.ag,2026-09-28T16:55:07Z,h2h,2026-09-28T16:55:07Z,TCU Horned Frogs,211,,20260928165602403570
NCAAF,americanfootball_ncaaf,b58c0d24e66471e6095c0a5f9afb7ce3,2026-10-03T23:00:00Z,TCU Horned Frogs,BYU Cougars,betonlineag,BetOnline.ag,2026-09-28T16:55:07Z,spreads,2026-09-28T16:55:07Z,BYU Cougars,-115,-6.5,20260928165602403570
NCAAF,americanfootball_ncaaf,b58c0d24e66471e6095c0a5f9afb7ce3,2026-10-03T23:00:00Z,TCU Horned Frogs,BYU Cougars,betonlineag,BetOnline.ag,2026-09-28T16:55:07Z,spreads,2026-09-28T16:55:07Z,TCU Horned Frogs,-105,6.5,20260928165602403570
NCAAF,americanfootball_ncaaf,b58c0d24e66471e6095c0a5f9afb7ce3,2026-10-03T23:00:00Z,TCU Horned Frogs,BYU Cougars,betonlineag,BetOnline.ag,2026-09-28T16:55:07Z,totals,2026-09-28T16:55:07Z,Over,-105,48.5,20260928165602403570
NCAAF,americanfootball_ncaaf,b58c0d24e66471e6095c0a5f9afb7ce3,2026-10-03T23:00:00Z,TCU Horned Frogs,BYU Cougars,betonlineag,BetOnline.ag,2026-09-28T16:55:07Z,totals,2026-09-28T16:55:07Z,Under,-115,48.5,20260928165602403570
NCAAF,americanfootball_ncaaf,b58c0d24e66471e6095c0a5f9afb7ce3,2026-10-03T23:00:00Z,TCU Horned Frogs,BYU Cougars,lowvig,LowVig.ag,2026-09-28T16:55:49Z,h2h,2026-09-28T16:55:49Z,BYU Cougars,-255,,20260928165602403570
NCAAF,americanfootball_ncaaf,b58c0d24e66471e6095c0a5f9afb7ce3,2026-10-03T23:00:00Z,TCU Horned Frogs,BYU Cougars,lowvig,LowVig.ag,2026-09-28T16:55:49Z,h2h,2026-09-28T16:55:49Z,TCU Horned Frogs,211,,20260928165602403570
NCAAF,americanfootball_ncaaf,b58c0d24e66471e6095c0a5f9afb7ce3,2026-10-03T23:00:00Z,TCU Horned Frogs,BYU Cougars,lowvig,LowVig.ag,2026-09-28T16:55:49Z,spreads,2026-09-28T16:55:49Z,BYU Cougars,-111,-6.5,20260928165602403570
NCAAF,americanfootball_ncaaf,b58c0d24e66471e6095c0a5f9afb7ce3,2026-10-03T23:00:00Z,TCU Horned Frogs,BYU Cougars,lowvig,LowVig.ag,2026-09-28T16:55:49Z,spreads,2026-09-28T16:55:49Z,TCU Horned Frogs,-101,6.5,20260928165602403570
NCAAF,americanfootball_ncaaf,b58c0d24e66471e6095c0a5f9afb7ce3,2026-10-03T23:00:00Z,TCU Horned Frogs,BYU Cougars,lowvig,LowVig.ag,2026-09-28T16:55:49Z,totals,2026-09-28T16:55:49Z,Over,-103,48.5,20260928165602403570
NCAAF,americanfootball_ncaaf,b58c0d24e66471e6095c0a5f9afb7ce3,2026-10-03T23:00:00Z,TCU Horned Frogs,BYU Cougars,lowvig,LowVig.ag,2026-09-28T16:55:49Z,totals,2026-09-28T16:55:49Z,Under,-114,48.5,20260928165602403570
NCAAF,americanfootball_ncaaf,b58c0d24e66471e6095c0a5f9afb7ce3,2026-10-03T23:00:00Z,TCU Horned Frogs,BYU Cougars,mybookieag,MyBookie.ag,2026-09-28T16:55:48Z,h2h,2026-09-28T16:55:48Z,BYU Cougars,-275,,20260928165602403570
NCAAF,americanfootball_ncaaf,b58c0d24e66471e6095c0a5f9afb7ce3,2026-10-03T23:00:00Z,TCU Horned Frogs,BYU Cougars,mybookieag,MyBookie.ag,2026-09-28T16:55:48Z,h2h,2026-09-28T16:55:48Z,TCU Horned Frogs,216,,20260928165602403570
NCAAF,americanfootball_ncaaf,b58c0d24e66471e6095c0a5f9afb7ce3,2026-10-03T23:00:00Z,TCU Horned Frogs,BYU Cougars,mybookieag,MyBookie.ag,2026-09-28T16:55:48Z,spreads,2026-09-28T16:55:48Z,BYU Cougars,-110,-6.5,20260928165602403570
NCAAF,americanfootball_ncaaf,b58c0d24e66471e6095c0a5f9afb7ce3,2026-10-03T23:00:00Z,TCU Horned Frogs,BYU Cougars,mybookieag,MyBookie.ag,2026-09-28T16:55:48Z,spreads,2026-09-28T16:55:48Z,TCU Horned Frogs,-110,6.5,20260928165602403570
NCAAF,americanfootball_ncaaf,b58c0d24e66471e6095c0a5f9afb7ce3,2026-10-03T23:00:00Z,TCU Horned Frogs,BYU Cougars,mybookieag,MyBookie.ag,2026-09-28T16:55:48Z,totals,2026-09-28T16:55:48Z,Over,-110,48.5,20260928165602403570
NCAAF,americanfootball_ncaaf,b58c0d24e66471e6095c0a5f9afb7ce3,2026-10-03T23:00:00Z,TCU Horned Frogs,BYU Cougars,mybookieag,MyBookie.ag,2026-09-28T16:55:48Z,totals,2026-09-28T16:55:48Z,Under,-110,48.5,20260928165602403570
NCAAF,americanfootball_ncaaf,b58c0d24e66471e6095c0a5f9afb7ce3,2026-10-03T23:00:00Z,TCU Horned Frogs,BYU Cougars,betus,BetUS,2026-09-28T16:55:53Z,spreads,2026-09-28T16:55:52Z,BYU Cougars,-110,-7.0,20260928165602403570
NCAAF,americanfootball_ncaaf,b58c0d24e66471e6095c0a5f9afb7ce3,2026-10-03T23:00:00Z,TCU Horned Frogs,BYU Cougars,betus,BetUS,2026-09-28T16:55:53Z,spreads,2026-09-28T16:55:52Z,TCU Horned Frogs,-110,7.0,20260928165602403570
NCAAF,americanfootball_ncaaf,b58c0d24e66471e6095c0a5f9afb7ce3,2026-10-03T23:00:00Z,TCU Horned Frogs,BYU Cougars,betus,BetUS,2026-09-28T16:55:53Z,totals,2026-09-28T16:55:52Z,Over,-105,48.5,20260928165602403570
NCAAF,americanfootball_ncaaf,b58c0d24e66471e6095c0a5f9afb7ce3,2026-10-03T23:00:00Z,TCU Horned Frogs,BYU Cougars,betus,BetUS,2026-09-28T16:55:53Z,totals,2026-09-28T16:55:52Z,Under,-115,48.5,20260928165602403570
NCAAF,americanfootball_ncaaf,b58c0d24e66471e6095c0a5f9afb7ce3,2026-10-03T23:00:00Z,TCU Horned Frogs,BYU Cougars,betmgm,BetMGM,2026-09-28T16:54:38Z,h2h,2026-09-28T16:54:38Z,BYU Cougars,-235,,20260928165602403570
NCAAF,americanfootball_ncaaf,b58c0d24e66471e6095c0a5f9afb7ce3,2026-10-03T23:00:00Z,TCU Horned Frogs,BYU Cougars,betmgm,BetMGM,2026-09-28T16:54:38Z,h2h,2026-09-28T16:54:38Z,TCU Horned Frogs,200,,20260928165602403570
NCAAF,americanfootball_ncaaf,b58c0d24e66471e6095c0a5f9afb7ce3,2026-10-03T23:00:00Z,TCU Horned Frogs,BYU Cougars,betmgm,BetMGM,2026-09-28T16:54:38Z,spreads,2026-09-28T16:54:38Z,BYU Cougars,-112,-6.5,20260928165602403570
NCAAF,americanfootball_ncaaf,b58c0d24e66471e6095c0a5f9afb7ce3,2026-10-03T23:00:00Z,TCU Horned Frogs,BYU Cougars,betmgm,BetMGM,2026-09-28T16:54:38Z,spreads,2026-09-28T16:54:38Z,TCU Horned Frogs,-105,6.5,20260928165602403570
NCAAF,americanfootball_ncaaf,b58c0d24e66471e6095c0a5f9afb7ce3,2026-10-03T23:00:00Z,TCU Horned Frogs,BYU Cougars,betmgm,BetMGM,2026-09-28T16:54:38Z,totals,2026-09-28T16:54:38Z,Over,-112,48.5,20260928165602403570
NCAAF,americanfootball_ncaaf,b58c0d24e66471e6095c0a5f9afb7ce3,2026-10-03T23:00:00Z,TCU Horned Frogs,BYU Cougars,betmgm,BetMGM,2026-09-28T16:54:38Z,totals,2026-09-28T16:54:38Z,Under,-105,48.5,20260928165602403570
NCAAF,americanfootball_ncaaf,b58c0d24e66471e6095c0a5f9afb7ce3,2026-10-03T23:00:00Z,TCU Horned Frogs,BYU Cougars,bovada,Bovada,2026-09-28T16:54:58Z,h2h,2026-09-28T16:54:58Z,BYU Cougars,-245,,20260928165602403570
NCAAF,americanfootball_ncaaf,b58c0d24e66471e6095c0a5f9afb7ce3,2026-10-03T23:00:00Z,TCU Horned Frogs,BYU Cougars,bovada,Bovada,2026-09-28T16:54:58Z,h2h,2026-09-28T16:54:58Z,TCU Horned Frogs,205,,20260928165602403570
NCAAF,americanfootball_ncaaf,b58c0d24e66471e6095c0a5f9afb7ce3,2026-10-03T23:00:00Z,TCU Horned Frogs,BYU Cougars,bovada,Bovada,2026-09-28T16:54:58Z,spreads,2026-09-28T16:54:58Z,BYU Cougars,-115,-6.5,20260928165602403570
NCAAF,americanfootball_ncaaf,b58c0d24e66471e6095c0a5f9afb7ce3,2026-10-03T23:00:00Z,TCU Horned Frogs,BYU Cougars,bovada,Bovada,2026-09-28T16:54:58Z,spreads,2026-09-28T16:54:58Z,TCU Horned Frogs,-105,6.5,20260928165602403570
NCAAF,americanfootball_ncaaf,b58c0d24e66471e6095c0a5f9afb7ce3,2026-10-03T23:00:00Z,TCU Horned Frogs,BYU Cougars,bovada,Bovada,2026-09-28T16:54:58Z,totals,2026-09-28T16:54:58Z,Over,-110,49.0,20260928165602403570
NCAAF,americanfootball_ncaaf,b58c0d24e66471e6095c0a5f9afb7ce3,2026-10-03T23:00:00Z,TCU Horned Frogs,BYU Cougars,bovada,Bovada,2026-09-28T16:54:58Z,totals,2026-09-28T16:54:58Z,Under,-110,49.0,20260928165602403570
NCAAF,americanfootball_ncaaf,5efdb3515c882453d9abcd27db28f78b,2026-10-03T23:00:00Z,Coastal Carolina Chanticleers,Georgia Southern Eagles,draftkings,DraftKings,2026-09-28T16:55:34Z,h2h,2026-09-28T16:55:34Z,Coastal Carolina Chanticleers,114,,20260928165602403570
NCAAF,americanfootball_ncaaf,5efdb3515c882453d9abcd27db28f78b,2026-10-03T23:00:00Z,Coastal Carolina Chanticleers,Georgia Southern Eagles,draftkings,DraftKings,2026-09-28T16:55:34Z,h2h,2026-09-28T16:55:34Z,Georgia Southern Eagles,-135,,20260928165602403570
NCAAF,americanfootball_ncaaf,5efdb3515c882453d9abcd27db28f78b,2026-10-03T23:00:00Z,Coastal Carolina Chanticleers,Georgia Southern Eagles,draftkings,DraftKings,2026-09-28T16:55:34Z,spreads,2026-09-28T16:55:34Z,Coastal Carolina Chanticleers,-110,2.5,20260928165602403570
NCAAF,americanfootball_ncaaf,5efdb3515c882453d9abcd27db28f78b,2026-10-03T23:00:00Z,Coastal Carolina Chanticleers,Georgia Southern Eagles,draftkings,DraftKings,2026-09-28T16:55:34Z,spreads,2026-09-28T16:55:34Z,Georgia Southern Eagles,-110,-2.5,20260928165602403570
NCAAF,americanfootball_ncaaf,5efdb3515c882453d9abcd27db28f78b,2026-10-03T23:00:00Z,Coastal Carolina Chanticleers,Georgia Southern Eagles,draftkings,DraftKings,2026-09-28T16:55:34Z,totals,2026-09-28T16:55:34Z,Over,-105,54.5,20260928165602403570
NCAAF,americanfootball_ncaaf,5efdb3515c882453d9abcd27db28f78b,2026-10-03T23:00:00Z,Coastal Carolina Chanticleers,Georgia Southern Eagles,draftkings,DraftKings,2026-09-28T16:55:34Z,totals,2026-09-28T16:55:34Z,Under,-115,54.5,20260928165602403570
NCAAF,americanfootball_ncaaf,5efdb3515c882453d9abcd27db28f78b,2026-10-03T23:00:00Z,Coastal Carolina Chanticleers,Georgia Southern Eagles,lowvig,LowVig.ag,2026-09-28T16:55:49Z,h2h,2026-09-28T16:55:49Z,Coastal Carolina Chanticleers,115,,20260928165602403570
NCAAF,americanfootball_ncaaf,5efdb3515c882453d9abcd27db28f78b,2026-10-03T23:00:00Z,Coastal Carolina Chanticleers,Georgia Southern Eagles,lowvig,LowVig.ag,2026-09-28T16:55:49Z,h2h,2026-09-28T16:55:49Z,Georgia Southern Eagles,-135,,20260928165602403570
NCAAF,americanfootball_ncaaf,5efdb3515c882453d9abcd27db28f78b,2026-10-03T23:00:00Z,Coastal Carolina Chanticleers,Georgia Southern Eagles,lowvig,LowVig.ag,2026-09-28T16:55:49Z,spreads,2026-09-28T16:55:49Z,Coastal Carolina Chanticleers,-106,2.5,20260928165602403570
NCAAF,americanfootball_ncaaf,5efdb3515c882453d9abcd27db28f78b,2026-10-03T23:00:00Z,Coastal Carolina Chanticleers,Georgia Southern Eagles,lowvig,LowVig.ag,2026-09-28T16:55:49Z,spreads,2026-09-28T16:55:49Z,Georgia Southern Eagles,-106,-2.5,20260928165602403570
NCAAF,americanfootball_ncaaf,5efdb3515c882453d9abcd27db28f78b,2026-10-03T23:00:00Z,Coastal Carolina Chanticleers,Georgia Southern Eagles,lowvig,LowVig.ag,2026-09-28T16:55:49Z,totals,2026-09-28T16:55:49Z,Over,-108,54.0,20260928165602403570
NCAAF,americanfootball_ncaaf,5efdb3515c882453d9abcd27db28f78b,2026-10-03T23:00:00Z,Coastal Carolina Chanticleers,Georgia Southern Eagles,lowvig,LowVig.ag,2026-09-28T16:55:49Z,totals,2026-09-28T16:55:49Z,Under,-108,54.0,20260928165602403570
NCAAF,americanfootball_ncaaf,5efdb3515c882453d9abcd27db28f78b,2026-10-03T23:00:00Z,Coastal Carolina Chanticleers,Georgia Southern Eagles,betonlineag,BetOnline.ag,2026-09-28T16:55:07Z,h2h,2026-09-28T16:55:07Z,Coastal Carolina Chanticleers,115,,20260928165602403570
NCAAF,americanfootball_ncaaf,5efdb3515c882453d9abcd27db28f78b,2026-10-03T23:00:00Z,Coastal Carolina Chanticleers,Georgia Southern Eagles,betonlineag,BetOnline.ag,2026-09-28T16:55:07Z,h2h,2026-09-28T16:55:07Z,Georgia Southern Eagles,-135,,20260928165602403570
NCAAF,americanfootball_ncaaf,5efdb3515c882453d9abcd27db28f78b,2026-10-03T23:00:00Z,Coastal Carolina Chanticleers,Georgia Southern Eagles,betonlineag,BetOnline.ag,2026-09-28T16:55:07Z,spreads,2026-09-28T16:55:07Z,Coastal Carolina Chanticleers,-110,2.5,20260928165602403570
NCAAF,americanfootball_ncaaf,5efdb3515c882453d9abcd27db28f78b,2026-10-03T23:00:00Z,Coastal Carolina Chanticleers,Georgia Southern Eagles,betonlineag,BetOnline.ag,2026-09-28T16:55:07Z,spreads,2026-09-28T16:55:07Z,Georgia Southern Eagles,-110,-2.5,20260928165602403570
NCAAF,americanfootball_ncaaf,5efdb3515c882453d9abcd27db28f78b,2026-10-03T23:00:00Z,Coastal Carolina Chanticleers,Georgia Southern Eagles,betonlineag,BetOnline.ag,2026-09-28T16:55:07Z,totals,2026-09-28T16:55:07Z,Over,-110,54.0,20260928165602403570
NCAAF,americanfootball_ncaaf,5efdb3515c882453d9abcd27db28f78b,2026-10-03T23:00:00Z,Coastal Carolina Chanticleers,Georgia Southern Eagles,betonlineag,BetOnline.ag,2026-09-28T16:55:07Z,totals,2026-09-28T16:55:07Z,Under,-110,54.0,20260928165602403570
NCAAF,americanfootball_ncaaf,5efdb3515c882453d9abcd27db28f78b,2026-10-03T23:00:00Z,Coastal Carolina Chanticleers,Georgia Southern Eagles,fanduel,FanDuel,2026-09-28T16:55:50Z,h2h,2026-09-28T16:55:50Z,Coastal Carolina Chanticleers,106,,20260928165602403570
NCAAF,americanfootball_ncaaf,5efdb3515c882453d9abcd27db28f78b,2026-10-03T23:00:00Z,Coastal Carolina Chanticleers,Georgia Southern Eagles,fanduel,FanDuel,2026-09-28T16:55:50Z,h2h,2026-09-28T16:55:50Z,Georgia Southern Eagles,-128,,20260928165602403570
NCAAF,americanfootball_ncaaf,5efdb3515c882453d9abcd27db28f78b,2026-10-03T23:00:00Z,Coastal Carolina Chanticleers,Georgia Southern Eagles,fanduel,FanDuel,2026-09-28T16:55:50Z,spreads,2026-09-28T16:55:50Z,Coastal Carolina Chanticleers,-110,2.5,20260928165602403570
NCAAF,americanfootball_ncaaf,5efdb3515c882453d9abcd27db28f78b,2026-10-03T23:00:00Z,Coastal Carolina Chanticleers,Georgia Southern Eagles,fanduel,FanDuel,2026-09-28T16:55:50Z,spreads,2026-09-28T16:55:50Z,Georgia Southern Eagles,-110,-2.5,20260928165602403570
NCAAF,americanfootball_ncaaf,5efdb3515c882453d9abcd27db28f78b,2026-10-03T23:00:00Z,Coastal Carolina Chanticleers,Georgia Southern Eagles,fanduel,FanDuel,2026-09-28T16:55:50Z,totals,2026-09-28T16:55:50Z,Over,-105,54.5,20260928165602403570
NCAAF,americanfootball_ncaaf,5efdb3515c882453d9abcd27db28f78b,2026-10-03T23:00:00Z,Coastal Carolina Chanticleers,Georgia Southern Eagles,fanduel,FanDuel,2026-09-28T16:55:50Z,totals,2026-09-28T16:55:50Z,Under,-115,54.5,20260928165602403570
NCAAF,americanfootball_ncaaf,5efdb3515c882453d9abcd27db28f78b,2026-10-03T23:00:00Z,Coastal Carolina Chanticleers,Georgia Southern Eagles,mybookieag,MyBookie.ag,2026-09-28T16:55:48Z,h2h,2026-09-28T16:55:48Z,Coastal Carolina Chanticleers,108,,20260928165602403570
NCAAF,americanfootball_ncaaf,5efdb3515c882453d9abcd27db28f78b,2026-10-03T23:00:00Z,Coastal Carolina Chanticleers,Georgia Southern Eagles,mybookieag,MyBookie.ag,2026-09-28T16:55:48Z,h2h,2026-09-28T16:55:48Z,Georgia Southern Eagles,-132,,20260928165602403570
NCAAF,americanfootball_ncaaf,5efdb3515c882453d9abcd27db28f78b,2026-10-03T23:00:00Z,Coastal Carolina Chanticleers,Georgia Southern Eagles,mybookieag,MyBookie.ag,2026-09-28T16:55:48Z,spreads,2026-09-28T16:55:48Z,Coastal Carolina Chanticleers,-110,2.0,20260928165602403570
NCAAF,americanfootball_ncaaf,5efdb3515c882453d9abcd27db28f78b,2026-10-03T23:00:00Z,Coastal Carolina Chanticleers,Georgia Southern Eagles,mybookieag,MyBookie.ag,2026-09-28T16:55:48Z,spreads,2026-09-28T16:55:48Z,Georgia Southern Eagles,-110,-2.0,20260928165602403570
NCAAF,americanfootball_ncaaf,5efdb3515c882453d9abcd27db28f78b,2026-10-03T23:00:00Z,Coastal Carolina Chanticleers,Georgia Southern Eagles,mybookieag,MyBookie.ag,2026-09-28T16:55:48Z,totals,2026-09-28T16:55:48Z,Over,-110,54.0,20260928165602403570
NCAAF,americanfootball_ncaaf,5efdb3515c882453d9abcd27db28f78b,2026-10-03T23:00:00Z,Coastal Carolina Chanticleers,Georgia Southern Eagles,mybookieag,MyBookie.ag,2026-09-28T16:55:48Z,totals,2026-09-28T16:55:48Z,Under,-110,54.0,20260928165602403570
NCAAF,americanfootball_ncaaf,5efdb3515c882453d9abcd27db28f78b,2026-10-03T23:00:00Z,Coastal Carolina Chanticleers,Georgia Southern Eagles,betus,BetUS,2026-09-28T16:55:53Z,spreads,2026-09-28T16:55:52Z,Coastal Carolina Chanticleers,-110,2.5,20260928165602403570
NCAAF,americanfootball_ncaaf,5efdb3515c882453d9abcd27db28f78b,2026-10-03T23:00:00Z,Coastal Carolina Chanticleers,Georgia Southern Eagles,betus,BetUS,2026-09-28T16:55:53Z,spreads,2026-09-28T16:55:52Z,Georgia Southern Eagles,-110,-2.5,20260928165602403570
NCAAF,americanfootball_ncaaf,5efdb3515c882453d9abcd27db28f78b,2026-10-03T23:00:00Z,Coastal Carolina Chanticleers,Georgia Southern Eagles,betus,BetUS,2026-09-28T16:55:53Z,totals,2026-09-28T16:55:52Z,Over,-110,54.0,20260928165602403570
NCAAF,americanfootball_ncaaf,5efdb3515c882453d9abcd27db28f78b,2026-10-03T23:00:00Z,Coastal Carolina Chanticleers,Georgia Southern Eagles,betus,BetUS,2026-09-28T16:55:53Z,totals,2026-09-28T16:55:52Z,Under,-110,54.0,20260928165602403570
NCAAF,americanfootball_ncaaf,5efdb3515c882453d9abcd27db28f78b,2026-10-03T23:00:00Z,Coastal Carolina Chanticleers,Georgia Southern Eagles,betmgm,BetMGM,2026-09-28T16:54:38Z,h2h,2026-09-28T16:54:38Z,Coastal Carolina Chanticleers,110,,20260928165602403570
NCAAF,americanfootball_ncaaf,5efdb3515c882453d9abcd27db28f78b,2026-10-03T23:00:00Z,Coastal Carolina Chanticleers,Georgia Southern Eagles,betmgm,BetMGM,2026-09-28T16:54:38Z,h2h,2026-09-28T16:54:38Z,Georgia Southern Eagles,-135,,20260928165602403570
NCAAF,americanfootball_ncaaf,5efdb3515c882453d9abcd27db28f78b,2026-10-03T23:00:00Z,Coastal Carolina Chanticleers,Georgia Southern Eagles,betmgm,BetMGM,2026-09-28T16:54:38Z,spreads,2026-09-28T16:54:38Z,Coastal Carolina Chanticleers,-110,2.5,20260928165602403570
NCAAF,americanfootball_ncaaf,5efdb3515c882453d9abcd27db28f78b,2026-10-03T23:00:00Z,Coastal Carolina Chanticleers,Georgia Southern Eagles,betmgm,BetMGM,2026-09-28T16:54:38Z,spreads,2026-09-28T16:54:38Z,Georgia Southern Eagles,-108,-2.5,20260928165602403570
NCAAF,americanfootball_ncaaf,5efdb3515c882453d9abcd27db28f78b,2026-10-03T23:00:00Z,Coastal Carolina Chanticleers,Georgia Southern Eagles,betmgm,BetMGM,2026-09-28T16:54:38Z,totals,2026-09-28T16:54:38Z,Over,-105,54.5,20260928165602403570
NCAAF,americanfootball_ncaaf,5efdb3515c882453d9abcd27db28f78b,2026-10-03T23:00:00Z,Coastal Carolina Chanticleers,Georgia Southern Eagles,betmgm,BetMGM,2026-09-28T16:54:38Z,totals,2026-09-28T16:54:38Z,Under,-115,54.5,20260928165602403570
NCAAF,americanfootball_ncaaf,5efdb3515c882453d9abcd27db28f78b,2026-10-03T23:00:00Z,Coastal Carolina Chanticleers,Georgia Southern Eagles,betrivers,BetRivers,2026-09-28T16:55:49Z,h2h,2026-09-28T16:55:49Z,Coastal Carolina Chanticleers,102,,20260928165602403570
NCAAF,americanfootball_ncaaf,5efdb3515c882453d9abcd27db28f78b,2026-10-03T23:00:00Z,Coastal Carolina Chanticleers,Georgia Southern Eagles,betrivers,BetRivers,2026-09-28T16:55:49Z,h2h,2026-09-28T16:55:49Z,Georgia Southern Eagles,-125,,20260928165602403570
NCAAF,americanfootball_ncaaf,5efdb3515c882453d9abcd27db28f78b,2026-10-03T23:00:00Z,Coastal Carolina Chanticleers,Georgia Southern Eagles,betrivers,BetRivers,2026-09-28T16:55:49Z,spreads,2026-09-28T16:55:49Z,Coastal Carolina Chanticleers,-115,2.0,20260928165602403570
NCAAF,americanfootball_ncaaf,5efdb3515c882453d9abcd27db28f78b,2026-10-03T23:00:00Z,Coastal Carolina Chanticleers,Georgia Southern Eagles,betrivers,BetRivers,2026-09-28T16:55:49Z,spreads,2026-09-28T16:55:49Z,Georgia Southern Eagles,-109,-2.0,20260928165602403570
NCAAF,americanfootball_ncaaf,5efdb3515c882453d9abcd27db28f78b,2026-10-03T23:00:00Z,Coastal Carolina Chanticleers,Georgia Southern Eagles,betrivers,BetRivers,2026-09-28T16:55:49Z,totals,2026-09-28T16:55:49Z,Over,-114,53.5,20260928165602403570
NCAAF,americanfootball_ncaaf,5efdb3515c882453d9abcd27db28f78b,2026-10-03T23:00:00Z,Coastal Carolina Chanticleers,Georgia Southern Eagles,betrivers,BetRivers,2026-09-28T16:55:49Z,totals,2026-09-28T16:55:49Z,Under,-114,53.5,20260928165602403570
NCAAF,americanfootball_ncaaf,5efdb3515c882453d9abcd27db28f78b,2026-10-03T23:00:00Z,Coastal Carolina Chanticleers,Georgia Southern Eagles,bovada,Bovada,2026-09-28T16:54:58Z,h2h,2026-09-28T16:54:58Z,Coastal Carolina Chanticleers,115,,20260928165602403570
NCAAF,americanfootball_ncaaf,5efdb3515c882453d9abcd27db28f78b,2026-10-03T23:00:00Z,Coastal Carolina Chanticleers,Georgia Southern Eagles,bovada,Bovada,2026-09-28T16:54:58Z,h2h,2026-09-28T16:54:58Z,Georgia Southern Eagles,-135,,20260928165602403570
NCAAF,americanfootball_ncaaf,5efdb3515c882453d9abcd27db28f78b,2026-10-03T23:00:00Z,Coastal Carolina Chanticleers,Georgia Southern Eagles,bovada,Bovada,2026-09-28T16:54:58Z,spreads,2026-09-28T16:54:58Z,Coastal Carolina Chanticleers,-110,2.5,20260928165602403570
NCAAF,americanfootball_ncaaf,5efdb3515c882453d9abcd27db28f78b,2026-10-03T23:00:00Z,Coastal Carolina Chanticleers,Georgia Southern Eagles,bovada,Bovada,2026-09-28T16:54:58Z,spreads,2026-09-28T16:54:58Z,Georgia Southern Eagles,-110,-2.5,20260928165602403570
NCAAF,americanfootball_ncaaf,5efdb3515c882453d9abcd27db28f78b,2026-10-03T23:00:00Z,Coastal Carolina Chanticleers,Georgia Southern Eagles,bovada,Bovada,2026-09-28T16:54:58Z,totals,2026-09-28T16:54:58Z,Over,-110,54.0,20260928165602403570
NCAAF,americanfootball_ncaaf,5efdb3515c882453d9abcd27db28f78b,2026-10-03T23:00:00Z,Coastal Carolina Chanticleers,Georgia Southern Eagles,bovada,Bovada,2026-09-28T16:54:58Z,totals,2026-09-28T16:54:58Z,Under,-110,54.0,20260928165602403570
NCAAF,americanfootball_ncaaf,279230b2d38c4e97187c3f065501a4cf,2026-10-03T23:00:00Z,Rice Owls,UTSA Roadrunners,fanduel,FanDuel,2026-09-28T16:55:50Z,h2h,2026-09-28T16:55:50Z,Rice Owls,350,,20260928165602403570
NCAAF,americanfootball_ncaaf,279230b2d38c4e97187c3f065501a4cf,2026-10-03T23:00:00Z,Rice Owls,UTSA Roadrunners,fanduel,FanDuel,2026-09-28T16:55:50Z,h2h,2026-09-28T16:55:50Z,UTSA Roadrunners,-465,,20260928165602403570
NCAAF,americanfootball_ncaaf,279230b2d38c4e97187c3f065501a4cf,2026-10-03T23:00:00Z,Rice Owls,UTSA Roadrunners,fanduel,FanDuel,2026-09-28T16:55:50Z,spreads,2026-09-28T16:55:50Z,Rice Owls,-105,10.5,20260928165602403570
NCAAF,americanfootball_ncaaf,279230b2d38c4e97187c3f065501a4cf,2026-10-03T23:00:00Z,Rice Owls,UTSA Roadrunners,fanduel,FanDuel,2026-09-28T16:55:50Z,spreads,2026-09-28T16:55:50Z,UTSA Roadrunners,-115,-10.5,20260928165602403570
NCAAF,americanfootball_ncaaf,279230b2d38c4e97187c3f065501a4cf,2026-10-03T23:00:00Z,Rice Owls,UTSA Roadrunners,fanduel,FanDuel,2026-09-28T16:55:50Z,totals,2026-09-28T16:55:50Z,Over,-108,55.5,20260928165602403570
NCAAF,americanfootball_ncaaf,279230b2d38c4e97187c3f065501a4cf,2026-10-03T23:00:00Z,Rice Owls,UTSA Roadrunners,fanduel,FanDuel,2026-09-28T16:55:50Z,totals,2026-09-28T16:55:50Z,Under,-112,55.5,20260928165602403570
NCAAF,americanfootball_ncaaf,279230b2d38c4e97187c3f065501a4cf,2026-10-03T23:00:00Z,Rice Owls,UTSA Roadrunners,betrivers,BetRivers,2026-09-28T16:55:49Z,h2h,2026-09-28T16:55:49Z,Rice Owls,340,,20260928165602403570
NCAAF,americanfootball_ncaaf,279230b2d38c4e97187c3f065501a4cf,2026-10-03T23:00:00Z,Rice Owls,UTSA Roadrunners,betrivers,BetRivers,2026-09-28T16:55:49Z,h2h,2026-09-28T16:55:49Z,UTSA Roadrunners,-480,,20260928165602403570
NCAAF,americanfootball_ncaaf,279230b2d38c4e97187c3f065501a4cf,2026-10-03T23:00:00Z,Rice Owls,UTSA Roadrunners,betrivers,BetRivers,2026-09-28T16:55:49Z,spreads,2026-09-28T16:55:49Z,Rice Owls,-109,10.0,20260928165602403570
NCAAF,americanfootball_ncaaf,279230b2d38c4e97187c3f065501a4cf,2026-10-03T23:00:00Z,Rice Owls,UTSA Roadrunners,betrivers,BetRivers,2026-09-28T16:55:49Z,spreads,2026-09-28T16:55:49Z,UTSA Roadrunners,-113,-10.0,20260928165602403570
NCAAF,americanfootball_ncaaf,279230b2d38c4e97187c3f065501a4cf,2026-10-03T23:00:00Z,Rice Owls,UTSA Roadrunners,betrivers,BetRivers,2026-09-28T16:55:49Z,totals,2026-09-28T16:55:49Z,Over,-113,54.5,20260928165602403570
NCAAF,americanfootball_ncaaf,279230b2d38c4e97187c3f065501a4cf,2026-10-03T23:00:00Z,Rice Owls,UTSA Roadrunners,betrivers,BetRivers,2026-09-28T16:55:49Z,totals,2026-09-28T16:55:49Z,Under,-113,54.5,20260928165602403570
NCAAF,americanfootball_ncaaf,279230b2d38c4e97187c3f065501a4cf,2026-10-03T23:00:00Z,Rice Owls,UTSA Roadrunners,draftkings,DraftKings,2026-09-28T16:55:34Z,h2h,2026-09-28T16:55:34Z,Rice Owls,340,,20260928165602403570
NCAAF,americanfootball_ncaaf,279230b2d38c4e97187c3f065501a4cf,2026-10-03T23:00:00Z,Rice Owls,UTSA Roadrunners,draftkings,DraftKings,2026-09-28T16:55:34Z,h2h,2026-09-28T16:55:34Z,UTSA Roadrunners,-440,,20260928165602403570
NCAAF,americanfootball_ncaaf,279230b2d38c4e97187c3f065501a4cf,2026-10-03T23:00:00Z,Rice Owls,UTSA Roadrunners,draftkings,DraftKings,2026-09-28T16:55:34Z,spreads,2026-09-28T16:55:34Z,Rice Owls,-108,10.5,20260928165602403570
NCAAF,americanfootball_ncaaf,279230b2d38c4e97187c3f065501a4cf,2026-10-03T23:00:00Z,Rice Owls,UTSA Roadrunners,draftkings,DraftKings,2026-09-28T16:55:34Z,spreads,2026-09-28T16:55:34Z,UTSA Roadrunners,-112,-10.5,20260928165602403570
NCAAF,americanfootball_ncaaf,279230b2d38c4e97187c3f065501a4cf,2026-10-03T23:00:00Z,Rice Owls,UTSA Roadrunners,draftkings,DraftKings,2026-09-28T16:55:34Z,totals,2026-09-28T16:55:34Z,Over,-115,54.5,20260928165602403570
NCAAF,americanfootball_ncaaf,279230b2d38c4e97187c3f065501a4cf,2026-10-03T23:00:00Z,Rice Owls,UTSA Roadrunners,draftkings,DraftKings,2026-09-28T16:55:34Z,totals,2026-09-28T16:55:34Z,Under,-105,54.5,20260928165602403570
NCAAF,americanfootball_ncaaf,279230b2d38c4e97187c3f065501a4cf,2026-10-03T23:00:00Z,Rice Owls,UTSA Roadrunners,betonlineag,BetOnline.ag,2026-09-28T16:55:07Z,h2h,2026-09-28T16:55:07Z,Rice Owls,334,,20260928165602403570
NCAAF,americanfootball_ncaaf,279230b2d38c4e97187c3f065501a4cf,2026-10-03T23:00:00Z,Rice Owls,UTSA Roadrunners,betonlineag,BetOnline.ag,2026-09-28T16:55:07Z,h2h,2026-09-28T16:55:07Z,UTSA Roadrunners,-425,,20260928165602403570
NCAAF,americanfootball_ncaaf,279230b2d38c4e97187c3f065501a4cf,2026-10-03T23:00:00Z,Rice Owls,UTSA Roadrunners,betonlineag,BetOnline.ag,2026-09-28T16:55:07Z,spreads,2026-09-28T16:55:07Z,Rice Owls,-105,10.5,20260928165602403570
NCAAF,americanfootball_ncaaf,279230b2d38c4e97187c3f065501a4cf,2026-10-03T23:00:00Z,Rice Owls,UTSA Roadrunners,betonlineag,BetOnline.ag,2026-09-28T16:55:07Z,spreads,2026-09-28T16:55:07Z,UTSA Roadrunners,-115,-10.5,20260928165602403570
NCAAF,americanfootball_ncaaf,279230b2d38c4e97187c3f065501a4cf,2026-10-03T23:00:00Z,Rice Owls,UTSA Roadrunners,betonlineag,BetOnline.ag,2026-09-28T16:55:07Z,totals,2026-09-28T16:55:07Z,Over,-115,55.0,20260928165602403570
NCAAF,americanfootball_ncaaf,279230b2d38c4e97187c3f065501a4cf,2026-10-03T23:00:00Z,Rice Owls,UTSA Roadrunners,betonlineag,BetOnline.ag,2026-09-28T16:55:07Z,totals,2026-09-28T16:55:07Z,Under,-105,55.0,20260928165602403570
NCAAF,americanfootball_ncaaf,279230b2d38c4e97187c3f065501a4cf,2026-10-03T23:00:00Z,Rice Owls,UTSA Roadrunners,lowvig,LowVig.ag,2026-09-28T16:55:49Z,h2h,2026-09-28T16:55:49Z,Rice Owls,334,,20260928165602403570
NCAAF,americanfootball_ncaaf,279230b2d38c4e97187c3f065501a4cf,2026-10-03T23:00:00Z,Rice Owls,UTSA Roadrunners,lowvig,LowVig.ag,2026-09-28T16:55:49Z,h2h,2026-09-28T16:55:49Z,UTSA Roadrunners,-425,,20260928165602403570
NCAAF,americanfootball_ncaaf,279230b2d38c4e97187c3f065501a4cf,2026-10-03T23:00:00Z,Rice Owls,UTSA Roadrunners,lowvig,LowVig.ag,2026-09-28T16:55:49Z,spreads,2026-09-28T16:55:49Z,Rice Owls,-101,10.5,20260928165602403570
NCAAF,americanfootball_ncaaf,279230b2d38c4e97187c3f065501a4cf,2026-10-03T23:00:00Z,Rice Owls,UTSA Roadrunners,lowvig,LowVig.ag,2026-09-28T16:55:49Z,spreads,2026-09-28T16:55:49Z,UTSA Roadrunners,-111,-10.5,20260928165602403570
NCAAF,americanfootball_ncaaf,279230b2d38c4e97187c3f065501a4cf,2026-10-03T23:00:00Z,Rice Owls,UTSA Roadrunners,lowvig,LowVig.ag,2026-09-28T16:55:49Z,totals,2026-09-28T16:55:49Z,Over,-114,55.0,20260928165602403570
NCAAF,americanfootball_ncaaf,279230b2d38c4e97187c3f065501a4cf,2026-10-03T23:00:00Z,Rice Owls,UTSA Roadrunners,lowvig,LowVig.ag,2026-09-28T16:55:49Z,totals,2026-09-28T16:55:49Z,Under,-103,55.0,20260928165602403570
NCAAF,americanfootball_ncaaf,279230b2d38c4e97187c3f065501a4cf,2026-10-03T23:00:00Z,Rice Owls,UTSA Roadrunners,mybookieag,MyBookie.ag,2026-09-28T16:55:48Z,h2h,2026-09-28T16:55:48Z,Rice Owls,340,,20260928165602403570
NCAAF,americanfootball_ncaaf,279230b2d38c4e97187c3f065501a4cf,2026-10-03T23:00:00Z,Rice Owls,UTSA Roadrunners,mybookieag,MyBookie.ag,2026-09-28T16:55:48Z,h2h,2026-09-28T16:55:48Z,UTSA Roadrunners,-461,,20260928165602403570
NCAAF,americanfootball_ncaaf,279230b2d38c4e97187c3f065501a4cf,2026-10-03T23:00:00Z,Rice Owls,UTSA Roadrunners,mybookieag,MyBookie.ag,2026-09-28T16:55:48Z,spreads,2026-09-28T16:55:48Z,Rice Owls,-110,11.0,20260928165602403570
NCAAF,americanfootball_ncaaf,279230b2d38c4e97187c3f065501a4cf,2026-10-03T23:00:00Z,Rice Owls,UTSA Roadrunners,mybookieag,MyBookie.ag,2026-09-28T16:55:48Z,spreads,2026-09-28T16:55:48Z,UTSA Roadrunners,-110,-11.0,20260928165602403570
NCAAF,americanfootball_ncaaf,279230b2d38c4e97187c3f065501a4cf,2026-10-03T23:00:00Z,Rice Owls,UTSA Roadrunners,mybookieag,MyBookie.ag,2026-09-28T16:55:48Z,totals,2026-09-28T16:55:48Z,Over,-110,54.5,20260928165602403570
NCAAF,americanfootball_ncaaf,279230b2d38c4e97187c3f065501a4cf,2026-10-03T23:00:00Z,Rice Owls,UTSA Roadrunners,mybookieag,MyBookie.ag,2026-09-28T16:55:48Z,totals,2026-09-28T16:55:48Z,Under,-110,54.5,20260928165602403570
NCAAF,americanfootball_ncaaf,279230b2d38c4e97187c3f065501a4cf,2026-10-03T23:00:00Z,Rice Owls,UTSA Roadrunners,betus,BetUS,2026-09-28T16:55:53Z,spreads,2026-09-28T16:55:52Z,Rice Owls,-105,10.5,20260928165602403570
NCAAF,americanfootball_ncaaf,279230b2d38c4e97187c3f065501a4cf,2026-10-03T23:00:00Z,Rice Owls,UTSA Roadrunners,betus,BetUS,2026-09-28T16:55:53Z,spreads,2026-09-28T16:55:52Z,UTSA Roadrunners,-115,-10.5,20260928165602403570
NCAAF,americanfootball_ncaaf,279230b2d38c4e97187c3f065501a4cf,2026-10-03T23:00:00Z,Rice Owls,UTSA Roadrunners,betus,BetUS,2026-09-28T16:55:53Z,totals,2026-09-28T16:55:52Z,Over,-115,55.0,20260928165602403570
NCAAF,americanfootball_ncaaf,279230b2d38c4e97187c3f065501a4cf,2026-10-03T23:00:00Z,Rice Owls,UTSA Roadrunners,betus,BetUS,2026-09-28T16:55:53Z,totals,2026-09-28T16:55:52Z,Under,-105,55.0,20260928165602403570
NCAAF,americanfootball_ncaaf,279230b2d38c4e97187c3f065501a4cf,2026-10-03T23:00:00Z,Rice Owls,UTSA Roadrunners,betmgm,BetMGM,2026-09-28T16:54:38Z,h2h,2026-09-28T16:54:38Z,Rice Owls,340,,20260928165602403570
NCAAF,americanfootball_ncaaf,279230b2d38c4e97187c3f065501a4cf,2026-10-03T23:00:00Z,Rice Owls,UTSA Roadrunners,betmgm,BetMGM,2026-09-28T16:54:38Z,h2h,2026-09-28T16:54:38Z,UTSA Roadrunners,-450,,20260928165602403570
NCAAF,americanfootball_ncaaf,279230b2d38c4e97187c3f065501a4cf,2026-10-03T23:00:00Z,Rice Owls,UTSA Roadrunners,betmgm,BetMGM,2026-09-28T16:54:38Z,spreads,2026-09-28T16:54:38Z,Rice Owls,-110,11.0,20260928165602403570
NCAAF,americanfootball_ncaaf,279230b2d38c4e97187c3f065501a4cf,2026-10-03T23:00:00Z,Rice Owls,UTSA Roadrunners,betmgm,BetMGM,2026-09-28T16:54:38Z,spreads,2026-09-28T16:54:38Z,UTSA Roadrunners,-108,-11.0,20260928165602403570
NCAAF,americanfootball_ncaaf,279230b2d38c4e97187c3f065501a4cf,2026-10-03T23:00:00Z,Rice Owls,UTSA Roadrunners,betmgm,BetMGM,2026-09-28T16:54:38Z,totals,2026-09-28T16:54:38Z,Over,-102,55.5,20260928165602403570
NCAAF,americanfootball_ncaaf,279230b2d38c4e97187c3f065501a4cf,2026-10-03T23:00:00Z,Rice Owls,UTSA Roadrunners,betmgm,BetMGM,2026-09-28T16:54:38Z,totals,2026-09-28T16:54:38Z,Under,-115,55.5,20260928165602403570
NCAAF,americanfootball_ncaaf,279230b2d38c4e97187c3f065501a4cf,2026-10-03T23:00:00Z,Rice Owls,UTSA Roadrunners,bovada,Bovada,2026-09-28T16:54:58Z,h2h,2026-09-28T16:54:58Z,Rice Owls,335,,20260928165602403570
NCAAF,americanfootball_ncaaf,279230b2d38c4e97187c3f065501a4cf,2026-10-03T23:00:00Z,Rice Owls,UTSA Roadrunners,bovada,Bovada,2026-09-28T16:54:58Z,h2h,2026-09-28T16:54:58Z,UTSA Roadrunners,-450,,20260928165602403570
NCAAF,americanfootball_ncaaf,279230b2d38c4e97187c3f065501a4cf,2026-10-03T23:00:00Z,Rice Owls,UTSA Roadrunners,bovada,Bovada,2026-09-28T16:54:58Z,spreads,2026-09-28T16:54:58Z,Rice Owls,-115,11.0,20260928165602403570
NCAAF,americanfootball_ncaaf,279230b2d38c4e97187c3f065501a4cf,2026-10-03T23:00:00Z,Rice Owls,UTSA Roadrunners,bovada,Bovada,2026-09-28T16:54:58Z,spreads,2026-09-28T16:54:58Z,UTSA Roadrunners,-105,-11.0,20260928165602403570
NCAAF,americanfootball_ncaaf,279230b2d38c4e97187c3f065501a4cf,2026-10-03T23:00:00Z,Rice Owls,UTSA Roadrunners,bovada,Bovada,2026-09-28T16:54:58Z,totals,2026-09-28T16:54:58Z,Over,-110,55.0,20260928165602403570
NCAAF,americanfootball_ncaaf,279230b2d38c4e97187c3f065501a4cf,2026-10-03T23:00:00Z,Rice Owls,UTSA Roadrunners,bovada,Bovada,2026-09-28T16:54:58Z,totals,2026-09-28T16:54:58Z,Under,-110,55.0,20260928165602403570
NCAAF,americanfootball_ncaaf,4c84a699496b71ee1e626e3c7f5689c9,2026-10-03T23:00:00Z,South Alabama Jaguars,UL Monroe Warhawks,fanduel,FanDuel,2026-09-28T16:55:50Z,h2h,2026-09-28T16:55:50Z,South Alabama Jaguars,-650,,20260928165602403570
NCAAF,americanfootball_ncaaf,4c84a699496b71ee1e626e3c7f5689c9,2026-10-03T23:00:00Z,South Alabama Jaguars,UL Monroe Warhawks,fanduel,FanDuel,2026-09-28T16:55:50Z,h2h,2026-09-28T16:55:50Z,UL Monroe Warhawks,460,,20260928165602403570
NCAAF,americanfootball_ncaaf,4c84a699496b71ee1e626e3c7f5689c9,2026-10-03T23:00:00Z,South Alabama Jaguars,UL Monroe Warhawks,fanduel,FanDuel,2026-09-28T16:55:50Z,spreads,2026-09-28T16:55:50Z,South Alabama Jaguars,-115,-13.5,20260928165602403570
NCAAF,americanfootball_ncaaf,4c84a699496b71ee1e626e3c7f5689c9,2026-10-03T23:00:00Z,South Alabama Jaguars,UL Monroe Warhawks,fanduel,FanDuel,2026-09-28T16:55:50Z,spreads,2026-09-28T16:55:50Z,UL Monroe Warhawks,-105,13.5,20260928165602403570
NCAAF,americanfootball_ncaaf,4c84a699496b71ee1e626e3c7f5689c9,2026-10-03T23:00:00Z,South Alabama Jaguars,UL Monroe Warhawks,fanduel,FanDuel,2026-09-28T16:55:50Z,totals,2026-09-28T16:55:50Z,Over,-110,56.5,20260928165602403570
NCAAF,americanfootball_ncaaf,4c84a699496b71ee1e626e3c7f5689c9,2026-10-03T23:00:00Z,South Alabama Jaguars,UL Monroe Warhawks,fanduel,FanDuel,2026-09-28T16:55:50Z,totals,2026-09-28T16:55:50Z,Under,-110,56.5,20260928165602403570
NCAAF,americanfootball_ncaaf,4c84a699496b71ee1e626e3c7f5689c9,2026-10-03T23:00:00Z,South Alabama Jaguars,UL Monroe Warhawks,betrivers,BetRivers,2026-09-28T16:55:49Z,h2h,2026-09-28T16:55:49Z,South Alabama Jaguars,-715,,20260928165602403570
NCAAF,americanfootball_ncaaf,4c84a699496b71ee1e626e3c7f5689c9,2026-10-03T23:00:00Z,South Alabama Jaguars,UL Monroe Warhawks,betrivers,BetRivers,2026-09-28T16:55:49Z,h2h,2026-09-28T16:55:49Z,UL Monroe Warhawks,480,,20260928165602403570
NCAAF,americanfootball_ncaaf,4c84a699496b71ee1e626e3c7f5689c9,2026-10-03T23:00:00Z,South Alabama Jaguars,UL Monroe Warhawks,betrivers,BetRivers,2026-09-28T16:55:49Z,spreads,2026-09-28T16:55:49Z,South Alabama Jaguars,-110,-14.0,20260928165602403570
NCAAF,americanfootball_ncaaf,4c84a699496b71ee1e626e3c7f5689c9,2026-10-03T23:00:00Z,South Alabama Jaguars,UL Monroe Warhawks,betrivers,BetRivers,2026-09-28T16:55:49Z,spreads,2026-09-28T16:55:49Z,UL Monroe Warhawks,-113,14.0,20260928165602403570
NCAAF,americanfootball_ncaaf,4c84a699496b71ee1e626e3c7f5689c9,2026-10-03T23:00:00Z,South Alabama Jaguars,UL Monroe Warhawks,betrivers,BetRivers,2026-09-28T16:55:49Z,totals,2026-09-28T16:55:49Z,Over,-110,55.5,20260928165602403570
NCAAF,americanfootball_ncaaf,4c84a699496b71ee1e626e3c7f5689c9,2026-10-03T23:00:00Z,South Alabama Jaguars,UL Monroe Warhawks,betrivers,BetRivers,2026-09-28T16:55:49Z,totals,2026-09-28T16:55:49Z,Under,-117,55.5,20260928165602403570
NCAAF,americanfootball_ncaaf,4c84a699496b71ee1e626e3c7f5689c9,2026-10-03T23:00:00Z,South Alabama Jaguars,UL Monroe Warhawks,draftkings,DraftKings,2026-09-28T16:55:34Z,h2h,2026-09-28T16:55:34Z,South Alabama Jaguars,-600,,20260928165602403570
NCAAF,americanfootball_ncaaf,4c84a699496b71ee1e626e3c7f5689c9,2026-10-03T23:00:00Z,South Alabama Jaguars,UL Monroe Warhawks,draftkings,DraftKings,2026-09-28T16:55:34Z,h2h,2026-09-28T16:55:34Z,UL Monroe Warhawks,440,,20260928165602403570
NCAAF,americanfootball_ncaaf,4c84a699496b71ee1e626e3c7f5689c9,2026-10-03T23:00:00Z,South Alabama Jaguars,UL Monroe Warhawks,draftkings,DraftKings,2026-09-28T16:55:34Z,spreads,2026-09-28T16:55:34Z,South Alabama Jaguars,-108,-14.0,20260928165602403570
NCAAF,americanfootball_ncaaf,4c84a699496b71ee1e626e3c7f5689c9,2026-10-03T23:00:00Z,South Alabama Jaguars,UL Monroe Warhawks,draftkings,DraftKings,2026-09-28T16:55:34Z,spreads,2026-09-28T16:55:34Z,UL Monroe Warhawks,-112,14.0,20260928165602403570
NCAAF,americanfootball_ncaaf,4c84a699496b71ee1e626e3c7f5689c9,2026-10-03T23:00:00Z,South Alabama Jaguars,UL Monroe Warhawks,draftkings,DraftKings,2026-09-28T16:55:34Z,totals,2026-09-28T16:55:34Z,Over,-115,55.5,20260928165602403570
NCAAF,americanfootball_ncaaf,4c84a699496b71ee1e626e3c7f5689c9,2026-10-03T23:00:00Z,South Alabama Jaguars,UL Monroe Warhawks,draftkings,DraftKings,2026-09-28T16:55:34Z,totals,2026-09-28T16:55:34Z,Under,-105,55.5,20260928165602403570
NCAAF,americanfootball_ncaaf,4c84a699496b71ee1e626e3c7f5689c9,2026-10-03T23:00:00Z,South Alabama Jaguars,UL Monroe Warhawks,lowvig,LowVig.ag,2026-09-28T16:55:49Z,h2h,2026-09-28T16:55:49Z,South Alabama Jaguars,-615,,20260928165602403570
NCAAF,americanfootball_ncaaf,4c84a699496b71ee1e626e3c7f5689c9,2026-10-03T23:00:00Z,South Alabama Jaguars,UL Monroe Warhawks,lowvig,LowVig.ag,2026-09-28T16:55:49Z,h2h,2026-09-28T16:55:49Z,UL Monroe Warhawks,455,,20260928165602403570
NCAAF,americanfootball_ncaaf,4c84a699496b71ee1e626e3c7f5689c9,2026-10-03T23:00:00Z,South Alabama Jaguars,UL Monroe Warhawks,lowvig,LowVig.ag,2026-09-28T16:55:49Z,spreads,2026-09-28T16:55:49Z,South Alabama Jaguars,-101,-14.0,20260928165602403570
NCAAF,americanfootball_ncaaf,4c84a699496b71ee1e626e3c7f5689c9,2026-10-03T23:00:00Z,South Alabama Jaguars,UL Monroe Warhawks,lowvig,LowVig.ag,2026-09-28T16:55:49Z,spreads,2026-09-28T16:55:49Z,UL Monroe Warhawks,-111,14.0,20260928165602403570
NCAAF,americanfootball_ncaaf,4c84a699496b71ee1e626e3c7f5689c9,2026-10-03T23:00:00Z,South Alabama Jaguars,UL Monroe Warhawks,lowvig,LowVig.ag,2026-09-28T16:55:49Z,totals,2026-09-28T16:55:49Z,Over,-103,56.0,20260928165602403570
NCAAF,americanfootball_ncaaf,4c84a699496b71ee1e626e3c7f5689c9,2026-10-03T23:00:00Z,South Alabama Jaguars,UL Monroe Warhawks,lowvig,LowVig.ag,2026-09-28T16:55:49Z,totals,2026-09-28T16:55:49Z,Under,-114,56.0,20260928165602403570
NCAAF,americanfootball_ncaaf,4c84a699496b71ee1e626e3c7f5689c9,2026-10-03T23:00:00Z,South Alabama Jaguars,UL Monroe Warhawks,betonlineag,BetOnline.ag,2026-09-28T16:55:07Z,h2h,2026-09-28T16:55:07Z,South Alabama Jaguars,-615,,20260928165602403570
NCAAF,americanfootball_ncaaf,4c84a699496b71ee1e626e3c7f5689c9,2026-10-03T23:00:00Z,South Alabama Jaguars,UL Monroe Warhawks,betonlineag,BetOnline.ag,2026-09-28T16:55:07Z,h2h,2026-09-28T16:55:07Z,UL Monroe Warhawks,455,,20260928165602403570
NCAAF,americanfootball_ncaaf,4c84a699496b71ee1e626e3c7f5689c9,2026-10-03T23:00:00Z,South Alabama Jaguars,UL Monroe Warhawks,betonlineag,BetOnline.ag,2026-09-28T16:55:07Z,spreads,2026-09-28T16:55:07Z,South Alabama Jaguars,-105,-14.0,20260928165602403570
NCAAF,americanfootball_ncaaf,4c84a699496b71ee1e626e3c7f5689c9,2026-10-03T23:00:00Z,South Alabama Jaguars,UL Monroe Warhawks,betonlineag,BetOnline.ag,2026-09-28T16:55:07Z,spreads,2026-09-28T16:55:07Z,UL Monroe Warhawks,-115,14.0,20260928165602403570
NCAAF,americanfootball_ncaaf,4c84a699496b71ee1e626e3c7f5689c9,2026-10-03T23:00:00Z,South Alabama Jaguars,UL Monroe Warhawks,betonlineag,BetOnline.ag,2026-09-28T16:55:07Z,totals,2026-09-28T16:55:07Z,Over,-105,56.0,20260928165602403570
NCAAF,americanfootball_ncaaf,4c84a699496b71ee1e626e3c7f5689c9,2026-10-03T23:00:00Z,South Alabama Jaguars,UL Monroe Warhawks,betonlineag,BetOnline.ag,2026-09-28T16:55:07Z,totals,2026-09-28T16:55:07Z,Under,-115,56.0,20260928165602403570
NCAAF,americanfootball_ncaaf,4c84a699496b71ee1e626e3c7f5689c9,2026-10-03T23:00:00Z,South Alabama Jaguars,UL Monroe Warhawks,mybookieag,MyBookie.ag,2026-09-28T16:55:48Z,h2h,2026-09-28T16:55:48Z,South Alabama Jaguars,-625,,20260928165602403570
NCAAF,americanfootball_ncaaf,4c84a699496b71ee1e626e3c7f5689c9,2026-10-03T23:00:00Z,South Alabama Jaguars,UL Monroe Warhawks,mybookieag,MyBookie.ag,2026-09-28T16:55:48Z,h2h,2026-09-28T16:55:48Z,UL Monroe Warhawks,430,,20260928165602403570
NCAAF,americanfootball_ncaaf,4c84a699496b71ee1e626e3c7f5689c9,2026-10-03T23:00:00Z,South Alabama Jaguars,UL Monroe Warhawks,mybookieag,MyBookie.ag,2026-09-28T16:55:48Z,spreads,2026-09-28T16:55:48Z,South Alabama Jaguars,-110,-14.0,20260928165602403570
NCAAF,americanfootball_ncaaf,4c84a699496b71ee1e626e3c7f5689c9,2026-10-03T23:00:00Z,South Alabama Jaguars,UL Monroe Warhawks,mybookieag,MyBookie.ag,2026-09-28T16:55:48Z,spreads,2026-09-28T16:55:48Z,UL Monroe Warhawks,-110,14.0,20260928165602403570
NCAAF,americanfootball_ncaaf,4c84a699496b71ee1e626e3c7f5689c9,2026-10-03T23:00:00Z,South Alabama Jaguars,UL Monroe Warhawks,mybookieag,MyBookie.ag,2026-09-28T16:55:48Z,totals,2026-09-28T16:55:48Z,Over,-110,55.5,20260928165602403570
NCAAF,americanfootball_ncaaf,4c84a699496b71ee1e626e3c7f5689c9,2026-10-03T23:00:00Z,South Alabama Jaguars,UL Monroe Warhawks,mybookieag,MyBookie.ag,2026-09-28T16:55:48Z,totals,2026-09-28T16:55:48Z,Under,-110,55.5,20260928165602403570
NCAAF,americanfootball_ncaaf,4c84a699496b71ee1e626e3c7f5689c9,2026-10-03T23:00:00Z,South Alabama Jaguars,UL Monroe Warhawks,betus,BetUS,2026-09-28T16:55:53Z,spreads,2026-09-28T16:55:52Z,South Alabama Jaguars,-110,-14.0,20260928165602403570
NCAAF,americanfootball_ncaaf,4c84a699496b71ee1e626e3c7f5689c9,2026-10-03T23:00:00Z,South Alabama Jaguars,UL Monroe Warhawks,betus,BetUS,2026-09-28T16:55:53Z,spreads,2026-09-28T16:55:52Z,UL Monroe Warhawks,-110,14.0,20260928165602403570
NCAAF,americanfootball_ncaaf,4c84a699496b71ee1e626e3c7f5689c9,2026-10-03T23:00:00Z,South Alabama Jaguars,UL Monroe Warhawks,betus,BetUS,2026-09-28T16:55:53Z,totals,2026-09-28T16:55:52Z,Over,-105,56.0,20260928165602403570
NCAAF,americanfootball_ncaaf,4c84a699496b71ee1e626e3c7f5689c9,2026-10-03T23:00:00Z,South Alabama Jaguars,UL Monroe Warhawks,betus,BetUS,2026-09-28T16:55:53Z,totals,2026-09-28T16:55:52Z,Under,-115,56.0,20260928165602403570
NCAAF,americanfootball_ncaaf,4c84a699496b71ee1e626e3c7f5689c9,2026-10-03T23:00:00Z,South Alabama Jaguars,UL Monroe Warhawks,betmgm,BetMGM,2026-09-28T16:54:38Z,h2h,2026-09-28T16:54:38Z,South Alabama Jaguars,-625,,20260928165602403570
NCAAF,americanfootball_ncaaf,4c84a699496b71ee1e626e3c7f5689c9,2026-10-03T23:00:00Z,South Alabama Jaguars,UL Monroe Warhawks,betmgm,BetMGM,2026-09-28T16:54:38Z,h2h,2026-09-28T16:54:38Z,UL Monroe Warhawks,475,,20260928165602403570
NCAAF,americanfootball_ncaaf,4c84a699496b71ee1e626e3c7f5689c9,2026-10-03T23:00:00Z,South Alabama Jaguars,UL Monroe Warhawks,betmgm,BetMGM,2026-09-28T16:54:38Z,spreads,2026-09-28T16:54:38Z,South Alabama Jaguars,-108,-14.0,20260928165602403570
NCAAF,americanfootball_ncaaf,4c84a699496b71ee1e626e3c7f5689c9,2026-10-03T23:00:00Z,South Alabama Jaguars,UL Monroe Warhawks,betmgm,BetMGM,2026-09-28T16:54:38Z,spreads,2026-09-28T16:54:38Z,UL Monroe Warhawks,-110,14.0,20260928165602403570
NCAAF,americanfootball_ncaaf,4c84a699496b71ee1e626e3c7f5689c9,2026-10-03T23:00:00Z,South Alabama Jaguars,UL Monroe Warhawks,betmgm,BetMGM,2026-09-28T16:54:38Z,totals,2026-09-28T16:54:38Z,Over,-112,55.5,20260928165602403570
NCAAF,americanfootball_ncaaf,4c84a699496b71ee1e626e3c7f5689c9,2026-10-03T23:00:00Z,South Alabama Jaguars,UL Monroe Warhawks,betmgm,BetMGM,2026-09-28T16:54:38Z,totals,2026-09-28T16:54:38Z,Under,-105,55.5,20260928165602403570
NCAAF,americanfootball_ncaaf,4c84a699496b71ee1e626e3c7f5689c9,2026-10-03T23:00:00Z,South Alabama Jaguars,UL Monroe Warhawks,bovada,Bovada,2026-09-28T16:54:58Z,h2h,2026-09-28T16:54:58Z,South Alabama Jaguars,-625,,20260928165602403570
NCAAF,americanfootball_ncaaf,4c84a699496b71ee1e626e3c7f5689c9,2026-10-03T23:00:00Z,South Alabama Jaguars,UL Monroe Warhawks,bovada,Bovada,2026-09-28T16:54:58Z,h2h,2026-09-28T16:54:58Z,UL Monroe Warhawks,430,,20260928165602403570
NCAAF,americanfootball_ncaaf,4c84a699496b71ee1e626e3c7f5689c9,2026-10-03T23:00:00Z,South Alabama Jaguars,UL Monroe Warhawks,bovada,Bovada,2026-09-28T16:54:58Z,spreads,2026-09-28T16:54:58Z,South Alabama Jaguars,-110,-14.0,20260928165602403570
NCAAF,americanfootball_ncaaf,4c84a699496b71ee1e626e3c7f5689c9,2026-10-03T23:00:00Z,South Alabama Jaguars,UL Monroe Warhawks,bovada,Bovada,2026-09-28T16:54:58Z,spreads,2026-09-28T16:54:58Z,UL Monroe Warhawks,-110,14.0,20260928165602403570
NCAAF,americanfootball_ncaaf,4c84a699496b71ee1e626e3c7f5689c9,2026-10-03T23:00:00Z,South Alabama Jaguars,UL Monroe Warhawks,bovada,Bovada,2026-09-28T16:54:58Z,totals,2026-09-28T16:54:58Z,Over,-110,55.5,20260928165602403570
NCAAF,americanfootball_ncaaf,4c84a699496b71ee1e626e3c7f5689c9,2026-10-03T23:00:00Z,South Alabama Jaguars,UL Monroe Warhawks,bovada,Bovada,2026-09-28T16:54:58Z,totals,2026-09-28T16:54:58Z,Under,-110,55.5,20260928165602403570
NCAAF,americanfootball_ncaaf,6246661a676eeaa850a3e36e311fce63,2026-10-03T23:30:00Z,Louisiana Tech Bulldogs,Army Black Knights,draftkings,DraftKings,2026-09-28T16:55:34Z,h2h,2026-09-28T16:55:34Z,Army Black Knights,-130,,20260928165602403570
NCAAF,americanfootball_ncaaf,6246661a676eeaa850a3e36e311fce63,2026-10-03T23:30:00Z,Louisiana Tech Bulldogs,Army Black Knights,draftkings,DraftKings,2026-09-28T16:55:34Z,h2h,2026-09-28T16:55:34Z,Louisiana Tech Bulldogs,110,,20260928165602403570
NCAAF,americanfootball_ncaaf,6246661a676eeaa850a3e36e311fce63,2026-10-03T23:30:00Z,Louisiana Tech Bulldogs,Army Black Knights,draftkings,DraftKings,2026-09-28T16:55:34Z,spreads,2026-09-28T16:55:34Z,Army Black Knights,-105,-2.5,20260928165602403570
NCAAF,americanfootball_ncaaf,6246661a676eeaa850a3e36e311fce63,2026-10-03T23:30:00Z,Louisiana Tech Bulldogs,Army Black Knights,draftkings,DraftKings,2026-09-28T16:55:34Z,spreads,2026-09-28T16:55:34Z,Louisiana Tech Bulldogs,-115,2.5,20260928165602403570
NCAAF,americanfootball_ncaaf,6246661a676eeaa850a3e36e311fce63,2026-10-03T23:30:00Z,Louisiana Tech Bulldogs,Army Black Knights,draftkings,DraftKings,2026-09-28T16:55:34Z,totals,2026-09-28T16:55:34Z,Over,-110,46.5,20260928165602403570
NCAAF,americanfootball_ncaaf,6246661a676eeaa850a3e36e311fce63,2026-10-03T23:30:00Z,Louisiana Tech Bulldogs,Army Black Knights,draftkings,DraftKings,2026-09-28T16:55:34Z,totals,2026-09-28T16:55:34Z,Under,-110,46.5,20260928165602403570
NCAAF,americanfootball_ncaaf,6246661a676eeaa850a3e36e311fce63,2026-10-03T23:30:00Z,Louisiana Tech Bulldogs,Army Black Knights,betonlineag,BetOnline.ag,2026-09-28T16:55:07Z,h2h,2026-09-28T16:55:07Z,Army Black Knights,-125,,20260928165602403570
NCAAF,americanfootball_ncaaf,6246661a676eeaa850a3e36e311fce63,2026-10-03T23:30:00Z,Louisiana Tech Bulldogs,Army Black Knights,betonlineag,BetOnline.ag,2026-09-28T16:55:07Z,h2h,2026-09-28T16:55:07Z,Louisiana Tech Bulldogs,105,,20260928165602403570
NCAAF,americanfootball_ncaaf,6246661a676eeaa850a3e36e311fce63,2026-10-03T23:30:00Z,Louisiana Tech Bulldogs,Army Black Knights,betonlineag,BetOnline.ag,2026-09-28T16:55:07Z,spreads,2026-09-28T16:55:07Z,Army Black Knights,-105,-2.0,20260928165602403570
NCAAF,americanfootball_ncaaf,6246661a676eeaa850a3e36e311fce63,2026-10-03T23:30:00Z,Louisiana Tech Bulldogs,Army Black Knights,betonlineag,BetOnline.ag,2026-09-28T16:55:07Z,spreads,2026-09-28T16:55:07Z,Louisiana Tech Bulldogs,-115,2.0,20260928165602403570
NCAAF,americanfootball_ncaaf,6246661a676eeaa850a3e36e311fce63,2026-10-03T23:30:00Z,Louisiana Tech Bulldogs,Army Black Knights,betonlineag,BetOnline.ag,2026-09-28T16:55:07Z,totals,2026-09-28T16:55:07Z,Over,-110,46.5,20260928165602403570
NCAAF,americanfootball_ncaaf,6246661a676eeaa850a3e36e311fce63,2026-10-03T23:30:00Z,Louisiana Tech Bulldogs,Army Black Knights,betonlineag,BetOnline.ag,2026-09-28T16:55:07Z,totals,2026-09-28T16:55:07Z,Under,-110,46.5,20260928165602403570
NCAAF,americanfootball_ncaaf,6246661a676eeaa850a3e36e311fce63,2026-10-03T23:30:00Z,Louisiana Tech Bulldogs,Army Black Knights,lowvig,LowVig.ag,2026-09-28T16:55:49Z,h2h,2026-09-28T16:55:49Z,Army Black Knights,-125,,20260928165602403570
NCAAF,americanfootball_ncaaf,6246661a676eeaa850a3e36e311fce63,2026-10-03T23:30:00Z,Louisiana Tech Bulldogs,Army Black Knights,lowvig,LowVig.ag,2026-09-28T16:55:49Z,h2h,2026-09-28T16:55:49Z,Louisiana Tech Bulldogs,105,,20260928165602403570
NCAAF,americanfootball_ncaaf,6246661a676eeaa850a3e36e311fce63,2026-10-03T23:30:00Z,Louisiana Tech Bulldogs,Army Black Knights,lowvig,LowVig.ag,2026-09-28T16:55:49Z,spreads,2026-09-28T16:55:49Z,Army Black Knights,-101,-2.0,20260928165602403570
NCAAF,americanfootball_ncaaf,6246661a676eeaa850a3e36e311fce63,2026-10-03T23:30:00Z,Louisiana Tech Bulldogs,Army Black Knights,lowvig,LowVig.ag,2026-09-28T16:55:49Z,spreads,2026-09-28T16:55:49Z,Louisiana Tech Bulldogs,-111,2.0,20260928165602403570
NCAAF,americanfootball_ncaaf,6246661a676eeaa850a3e36e311fce63,2026-10-03T23:30:00Z,Louisiana Tech Bulldogs,Army Black Knights,lowvig,LowVig.ag,2026-09-28T16:55:49Z,totals,2026-09-28T16:55:49Z,Over,-108,46.5,20260928165602403570
NCAAF,americanfootball_ncaaf,6246661a676eeaa850a3e36e311fce63,2026-10-03T23:30:00Z,Louisiana Tech Bulldogs,Army Black Knights,lowvig,LowVig.ag,2026-09-28T16:55:49Z,totals,2026-09-28T16:55:49Z,Under,-108,46.5,20260928165602403570
NCAAF,americanfootball_ncaaf,6246661a676eeaa850a3e36e311fce63,2026-10-03T23:30:00Z,Louisiana Tech Bulldogs,Army Black Knights,fanduel,FanDuel,2026-09-28T16:55:50Z,h2h,2026-09-28T16:55:50Z,Army Black Knights,-134,,20260928165602403570
NCAAF,americanfootball_ncaaf,6246661a676eeaa850a3e36e311fce63,2026-10-03T23:30:00Z,Louisiana Tech Bulldogs,Army Black Knights,fanduel,FanDuel,2026-09-28T16:55:50Z,h2h,2026-09-28T16:55:50Z,Louisiana Tech Bulldogs,112,,20260928165602403570
NCAAF,americanfootball_ncaaf,6246661a676eeaa850a3e36e311fce63,2026-10-03T23:30:00Z,Louisiana Tech Bulldogs,Army Black Knights,fanduel,FanDuel,2026-09-28T16:55:50Z,spreads,2026-09-28T16:55:50Z,Army Black Knights,-110,-2.5,20260928165602403570
NCAAF,americanfootball_ncaaf,6246661a676eeaa850a3e36e311fce63,2026-10-03T23:30:00Z,Louisiana Tech Bulldogs,Army Black Knights,fanduel,FanDuel,2026-09-28T16:55:50Z,spreads,2026-09-28T16:55:50Z,Louisiana Tech Bulldogs,-110,2.5,20260928165602403570
NCAAF,americanfootball_ncaaf,6246661a676eeaa850a3e36e311fce63,2026-10-03T23:30:00Z,Louisiana Tech Bulldogs,Army Black Knights,fanduel,FanDuel,2026-09-28T16:55:50Z,totals,2026-09-28T16:55:50Z,Over,-108,46.5,20260928165602403570
NCAAF,americanfootball_ncaaf,6246661a676eeaa850a3e36e311fce63,2026-10-03T23:30:00Z,Louisiana Tech Bulldogs,Army Black Knights,fanduel,FanDuel,2026-09-28T16:55:50Z,totals,2026-09-28T16:55:50Z,Under,-112,46.5,20260928165602403570
NCAAF,americanfootball_ncaaf,6246661a676eeaa850a3e36e311fce63,2026-10-03T23:30:00Z,Louisiana Tech Bulldogs,Army Black Knights,mybookieag,MyBookie.ag,2026-09-28T16:55:48Z,h2h,2026-09-28T16:55:48Z,Army Black Knights,-135,,20260928165602403570
NCAAF,americanfootball_ncaaf,6246661a676eeaa850a3e36e311fce63,2026-10-03T23:30:00Z,Louisiana Tech Bulldogs,Army Black Knights,mybookieag,MyBookie.ag,2026-09-28T16:55:48Z,h2h,2026-09-28T16:55:48Z,Louisiana Tech Bulldogs,110,,20260928165602403570
NCAAF,americanfootball_ncaaf,6246661a676eeaa850a3e36e311fce63,2026-10-03T23:30:00Z,Louisiana Tech Bulldogs,Army Black Knights,mybookieag,MyBookie.ag,2026-09-28T16:55:48Z,spreads,2026-09-28T16:55:48Z,Army Black Knights,-110,-2.5,20260928165602403570
NCAAF,americanfootball_ncaaf,6246661a676eeaa850a3e36e311fce63,2026-10-03T23:30:00Z,Louisiana Tech Bulldogs,Army Black Knights,mybookieag,MyBookie.ag,2026-09-28T16:55:48Z,spreads,2026-09-28T16:55:48Z,Louisiana Tech Bulldogs,-110,2.5,20260928165602403570
NCAAF,americanfootball_ncaaf,6246661a676eeaa850a3e36e311fce63,2026-10-03T23:30:00Z,Louisiana Tech Bulldogs,Army Black Knights,mybookieag,MyBookie.ag,2026-09-28T16:55:48Z,totals,2026-09-28T16:55:48Z,Over,-110,46.5,20260928165602403570
NCAAF,americanfootball_ncaaf,6246661a676eeaa850a3e36e311fce63,2026-10-03T23:30:00Z,Louisiana Tech Bulldogs,Army Black Knights,mybookieag,MyBookie.ag,2026-09-28T16:55:48Z,totals,2026-09-28T16:55:48Z,Under,-110,46.5,20260928165602403570
NCAAF,americanfootball_ncaaf,6246661a676eeaa850a3e36e311fce63,2026-10-03T23:30:00Z,Louisiana Tech Bulldogs,Army Black Knights,betus,BetUS,2026-09-28T16:55:53Z,spreads,2026-09-28T16:55:53Z,Army Black Knights,-105,-2.0,20260928165602403570
NCAAF,americanfootball_ncaaf,6246661a676eeaa850a3e36e311fce63,2026-10-03T23:30:00Z,Louisiana Tech Bulldogs,Army Black Knights,betus,BetUS,2026-09-28T16:55:53Z,spreads,2026-09-28T16:55:53Z,Louisiana Tech Bulldogs,-115,2.0,20260928165602403570
NCAAF,americanfootball_ncaaf,6246661a676eeaa850a3e36e311fce63,2026-10-03T23:30:00Z,Louisiana Tech Bulldogs,Army Black Knights,betus,BetUS,2026-09-28T16:55:53Z,totals,2026-09-28T16:55:53Z,Over,-110,46.5,20260928165602403570
NCAAF,americanfootball_ncaaf,6246661a676eeaa850a3e36e311fce63,2026-10-03T23:30:00Z,Louisiana Tech Bulldogs,Army Black Knights,betus,BetUS,2026-09-28T16:55:53Z,totals,2026-09-28T16:55:53Z,Under,-110,46.5,20260928165602403570
NCAAF,americanfootball_ncaaf,6246661a676eeaa850a3e36e311fce63,2026-10-03T23:30:00Z,Louisiana Tech Bulldogs,Army Black Knights,betmgm,BetMGM,2026-09-28T16:54:38Z,h2h,2026-09-28T16:54:38Z,Army Black Knights,-130,,20260928165602403570
NCAAF,americanfootball_ncaaf,6246661a676eeaa850a3e36e311fce63,2026-10-03T23:30:00Z,Louisiana Tech Bulldogs,Army Black Knights,betmgm,BetMGM,2026-09-28T16:54:38Z,h2h,2026-09-28T16:54:38Z,Louisiana Tech Bulldogs,110,,20260928165602403570
NCAAF,americanfootball_ncaaf,6246661a676eeaa850a3e36e311fce63,2026-10-03T23:30:00Z,Louisiana Tech Bulldogs,Army Black Knights,betmgm,BetMGM,2026-09-28T16:54:38Z,spreads,2026-09-28T16:54:38Z,Army Black Knights,-108,-2.5,20260928165602403570
NCAAF,americanfootball_ncaaf,6246661a676eeaa850a3e36e311fce63,2026-10-03T23:30:00Z,Louisiana Tech Bulldogs,Army Black Knights,betmgm,BetMGM,2026-09-28T16:54:38Z,spreads,2026-09-28T16:54:38Z,Louisiana Tech Bulldogs,-110,2.5,20260928165602403570
NCAAF,americanfootball_ncaaf,6246661a676eeaa850a3e36e311fce63,2026-10-03T23:30:00Z,Louisiana Tech Bulldogs,Army Black Knights,betmgm,BetMGM,2026-09-28T16:54:38Z,totals,2026-09-28T16:54:38Z,Over,-110,46.5,20260928165602403570
NCAAF,americanfootball_ncaaf,6246661a676eeaa850a3e36e311fce63,2026-10-03T23:30:00Z,Louisiana Tech Bulldogs,Army Black Knights,betmgm,BetMGM,2026-09-28T16:54:38Z,totals,2026-09-28T16:54:38Z,Under,-108,46.5,20260928165602403570
NCAAF,americanfootball_ncaaf,6246661a676eeaa850a3e36e311fce63,2026-10-03T23:30:00Z,Louisiana Tech Bulldogs,Army Black Knights,bovada,Bovada,2026-09-28T16:54:58Z,h2h,2026-09-28T16:54:58Z,Army Black Knights,-135,,20260928165602403570
NCAAF,americanfootball_ncaaf,6246661a676eeaa850a3e36e311fce63,2026-10-03T23:30:00Z,Louisiana Tech Bulldogs,Army Black Knights,bovada,Bovada,2026-09-28T16:54:58Z,h2h,2026-09-28T16:54:58Z,Louisiana Tech Bulldogs,115,,20260928165602403570
NCAAF,americanfootball_ncaaf,6246661a676eeaa850a3e36e311fce63,2026-10-03T23:30:00Z,Louisiana Tech Bulldogs,Army Black Knights,bovada,Bovada,2026-09-28T16:54:58Z,spreads,2026-09-28T16:54:58Z,Army Black Knights,-115,-2.5,20260928165602403570
NCAAF,americanfootball_ncaaf,6246661a676eeaa850a3e36e311fce63,2026-10-03T23:30:00Z,Louisiana Tech Bulldogs,Army Black Knights,bovada,Bovada,2026-09-28T16:54:58Z,spreads,2026-09-28T16:54:58Z,Louisiana Tech Bulldogs,-105,2.5,20260928165602403570
NCAAF,americanfootball_ncaaf,6246661a676eeaa850a3e36e311fce63,2026-10-03T23:30:00Z,Louisiana Tech Bulldogs,Army Black Knights,bovada,Bovada,2026-09-28T16:54:58Z,totals,2026-09-28T16:54:58Z,Over,-115,46.0,20260928165602403570
NCAAF,americanfootball_ncaaf,6246661a676eeaa850a3e36e311fce63,2026-10-03T23:30:00Z,Louisiana Tech Bulldogs,Army Black Knights,bovada,Bovada,2026-09-28T16:54:58Z,totals,2026-09-28T16:54:58Z,Under,-105,46.0,20260928165602403570
NCAAF,americanfootball_ncaaf,6246661a676eeaa850a3e36e311fce63,2026-10-03T23:30:00Z,Louisiana Tech Bulldogs,Army Black Knights,betrivers,BetRivers,2026-09-28T16:55:49Z,h2h,2026-09-28T16:55:49Z,Army Black Knights,-137,,20260928165602403570
NCAAF,americanfootball_ncaaf,6246661a676eeaa850a3e36e311fce63,2026-10-03T23:30:00Z,Louisiana Tech Bulldogs,Army Black Knights,betrivers,BetRivers,2026-09-28T16:55:49Z,h2h,2026-09-28T16:55:49Z,Louisiana Tech Bulldogs,112,,20260928165602403570
NCAAF,americanfootball_ncaaf,6246661a676eeaa850a3e36e311fce63,2026-10-03T23:30:00Z,Louisiana Tech Bulldogs,Army Black Knights,betrivers,BetRivers,2026-09-28T16:55:49Z,spreads,2026-09-28T16:55:49Z,Army Black Knights,-113,-2.5,20260928165602403570
NCAAF,americanfootball_ncaaf,6246661a676eeaa850a3e36e311fce63,2026-10-03T23:30:00Z,Louisiana Tech Bulldogs,Army Black Knights,betrivers,BetRivers,2026-09-28T16:55:49Z,spreads,2026-09-28T16:55:49Z,Louisiana Tech Bulldogs,-109,2.5,20260928165602403570
NCAAF,americanfootball_ncaaf,6246661a676eeaa850a3e36e311fce63,2026-10-03T23:30:00Z,Louisiana Tech Bulldogs,Army Black Knights,betrivers,BetRivers,2026-09-28T16:55:49Z,totals,2026-09-28T16:55:49Z,Over,-109,46.5,20260928165602403570
NCAAF,americanfootball_ncaaf,6246661a676eeaa850a3e36e311fce63,2026-10-03T23:30:00Z,Louisiana Tech Bulldogs,Army Black Knights,betrivers,BetRivers,2026-09-28T16:55:49Z,totals,2026-09-28T16:55:49Z,Under,-118,46.5,20260928165602403570
NCAAF,americanfootball_ncaaf,a2f7df0b000c054abd3cbc6f4a4b2432,2026-10-03T23:30:00Z,Boise State Broncos,Utah State Aggies,fanduel,FanDuel,2026-09-28T16:55:50Z,h2h,2026-09-28T16:55:50Z,Boise State Broncos,-1700,,20260928165602403570
NCAAF,americanfootball_ncaaf,a2f7df0b000c054abd3cbc6f4a4b2432,2026-10-03T23:30:00Z,Boise State Broncos,Utah State Aggies,fanduel,FanDuel,2026-09-28T16:55:50Z,h2h,2026-09-28T16:55:50Z,Utah State Aggies,890,,20260928165602403570
NCAAF,americanfootball_ncaaf,a2f7df0b000c054abd3cbc6f4a4b2432,2026-10-03T23:30:00Z,Boise State Broncos,Utah State Aggies,fanduel,FanDuel,2026-09-28T16:55:50Z,spreads,2026-09-28T16:55:50Z,Boise State Broncos,-110,-19.5,20260928165602403570
NCAAF,americanfootball_ncaaf,a2f7df0b000c054abd3cbc6f4a4b2432,2026-10-03T23:30:00Z,Boise State Broncos,Utah State Aggies,fanduel,FanDuel,2026-09-28T16:55:50Z,spreads,2026-09-28T16:55:50Z,Utah State Aggies,-110,19.5,20260928165602403570
NCAAF,americanfootball_ncaaf,a2f7df0b000c054abd3cbc6f4a4b2432,2026-10-03T23:30:00Z,Boise State Broncos,Utah State Aggies,fanduel,FanDuel,2026-09-28T16:55:50Z,totals,2026-09-28T16:55:50Z,Over,-110,51.5,20260928165602403570
NCAAF,americanfootball_ncaaf,a2f7df0b000c054abd3cbc6f4a4b2432,2026-10-03T23:30:00Z,Boise State Broncos,Utah State Aggies,fanduel,FanDuel,2026-09-28T16:55:50Z,totals,2026-09-28T16:55:50Z,Under,-110,51.5,20260928165602403570
NCAAF,americanfootball_ncaaf,a2f7df0b000c054abd3cbc6f4a4b2432,2026-10-03T23:30:00Z,Boise State Broncos,Utah State Aggies,betrivers,BetRivers,2026-09-28T16:55:49Z,h2h,2026-09-28T16:55:49Z,Boise State Broncos,-2500,,20260928165602403570
NCAAF,americanfootball_ncaaf,a2f7df0b000c054abd3cbc6f4a4b2432,2026-10-03T23:30:00Z,Boise State Broncos,Utah State Aggies,betrivers,BetRivers,2026-09-28T16:55:49Z,h2h,2026-09-28T16:55:49Z,Utah State Aggies,950,,20260928165602403570
NCAAF,americanfootball_ncaaf,a2f7df0b000c054abd3cbc6f4a4b2432,2026-10-03T23:30:00Z,Boise State Broncos,Utah State Aggies,betrivers,BetRivers,2026-09-28T16:55:49Z,spreads,2026-09-28T16:55:49Z,Boise State Broncos,-113,-19.5,20260928165602403570
NCAAF,americanfootball_ncaaf,a2f7df0b000c054abd3cbc6f4a4b2432,2026-10-03T23:30:00Z,Boise State Broncos,Utah State Aggies,betrivers,BetRivers,2026-09-28T16:55:49Z,spreads,2026-09-28T16:55:49Z,Utah State Aggies,-109,19.5,20260928165602403570
NCAAF,americanfootball_ncaaf,a2f7df0b000c054abd3cbc6f4a4b2432,2026-10-03T23:30:00Z,Boise State Broncos,Utah State Aggies,betrivers,BetRivers,2026-09-28T16:55:49Z,totals,2026-09-28T16:55:49Z,Over,-115,51.5,20260928165602403570
NCAAF,americanfootball_ncaaf,a2f7df0b000c054abd3cbc6f4a4b2432,2026-10-03T23:30:00Z,Boise State Broncos,Utah State Aggies,betrivers,BetRivers,2026-09-28T16:55:49Z,totals,2026-09-28T16:55:49Z,Under,-112,51.5,20260928165602403570
NCAAF,americanfootball_ncaaf,a2f7df0b000c054abd3cbc6f4a4b2432,2026-10-03T23:30:00Z,Boise State Broncos,Utah State Aggies,betonlineag,BetOnline.ag,2026-09-28T16:55:07Z,h2h,2026-09-28T16:55:07Z,Boise State Broncos,-1450,,20260928165602403570
NCAAF,americanfootball_ncaaf,a2f7df0b000c054abd3cbc6f4a4b2432,2026-10-03T23:30:00Z,Boise State Broncos,Utah State Aggies,betonlineag,BetOnline.ag,2026-09-28T16:55:07Z,h2h,2026-09-28T16:55:07Z,Utah State Aggies,856,,20260928165602403570
NCAAF,americanfootball_ncaaf,a2f7df0b000c054abd3cbc6f4a4b2432,2026-10-03T23:30:00Z,Boise State Broncos,Utah State Aggies,betonlineag,BetOnline.ag,2026-09-28T16:55:07Z,spreads,2026-09-28T16:55:07Z,Boise State Broncos,-110,-19.5,20260928165602403570
NCAAF,americanfootball_ncaaf,a2f7df0b000c054abd3cbc6f4a4b2432,2026-10-03T23:30:00Z,Boise State Broncos,Utah State Aggies,betonlineag,BetOnline.ag,2026-09-28T16:55:07Z,spreads,2026-09-28T16:55:07Z,Utah State Aggies,-110,19.5,20260928165602403570
NCAAF,americanfootball_ncaaf,a2f7df0b000c054abd3cbc6f4a4b2432,2026-10-03T23:30:00Z,Boise State Broncos,Utah State Aggies,betonlineag,BetOnline.ag,2026-09-28T16:55:07Z,totals,2026-09-28T16:55:07Z,Over,-110,51.5,20260928165602403570
NCAAF,americanfootball_ncaaf,a2f7df0b000c054abd3cbc6f4a4b2432,2026-10-03T23:30:00Z,Boise State Broncos,Utah State Aggies,betonlineag,BetOnline.ag,2026-09-28T16:55:07Z,totals,2026-09-28T16:55:07Z,Under,-110,51.5,20260928165602403570
NCAAF,americanfootball_ncaaf,a2f7df0b000c054abd3cbc6f4a4b2432,2026-10-03T23:30:00Z,Boise State Broncos,Utah State Aggies,lowvig,LowVig.ag,2026-09-28T16:55:49Z,h2h,2026-09-28T16:55:49Z,Boise State Broncos,-1450,,20260928165602403570
NCAAF,americanfootball_ncaaf,a2f7df0b000c054abd3cbc6f4a4b2432,2026-10-03T23:30:00Z,Boise State Broncos,Utah State Aggies,lowvig,LowVig.ag,2026-09-28T16:55:49Z,h2h,2026-09-28T16:55:49Z,Utah State Aggies,856,,20260928165602403570
NCAAF,americanfootball_ncaaf,a2f7df0b000c054abd3cbc6f4a4b2432,2026-10-03T23:30:00Z,Boise State Broncos,Utah State Aggies,lowvig,LowVig.ag,2026-09-28T16:55:49Z,spreads,2026-09-28T16:55:49Z,Boise State Broncos,-106,-19.5,20260928165602403570
NCAAF,americanfootball_ncaaf,a2f7df0b000c054abd3cbc6f4a4b2432,2026-10-03T23:30:00Z,Boise State Broncos,Utah State Aggies,lowvig,LowVig.ag,2026-09-28T16:55:49Z,spreads,2026-09-28T16:55:49Z,Utah State Aggies,-106,19.5,20260928165602403570
NCAAF,americanfootball_ncaaf,a2f7df0b000c054abd3cbc6f4a4b2432,2026-10-03T23:30:00Z,Boise State Broncos,Utah State Aggies,lowvig,LowVig.ag,2026-09-28T16:55:49Z,totals,2026-09-28T16:55:49Z,Over,-108,51.5,20260928165602403570
NCAAF,americanfootball_ncaaf,a2f7df0b000c054abd3cbc6f4a4b2432,2026-10-03T23:30:00Z,Boise State Broncos,Utah State Aggies,lowvig,LowVig.ag,2026-09-28T16:55:49Z,totals,2026-09-28T16:55:49Z,Under,-108,51.5,20260928165602403570
NCAAF,americanfootball_ncaaf,a2f7df0b000c054abd3cbc6f4a4b2432,2026-10-03T23:30:00Z,Boise State Broncos,Utah State Aggies,draftkings,DraftKings,2026-09-28T16:55:34Z,h2h,2026-09-28T16:55:34Z,Boise State Broncos,-1600,,20260928165602403570
NCAAF,americanfootball_ncaaf,a2f7df0b000c054abd3cbc6f4a4b2432,2026-10-03T23:30:00Z,Boise State Broncos,Utah State Aggies,draftkings,DraftKings,2026-09-28T16:55:34Z,h2h,2026-09-28T16:55:34Z,Utah State Aggies,900,,20260928165602403570
NCAAF,americanfootball_ncaaf,a2f7df0b000c054abd3cbc6f4a4b2432,2026-10-03T23:30:00Z,Boise State Broncos,Utah State Aggies,draftkings,DraftKings,2026-09-28T16:55:34Z,spreads,2026-09-28T16:55:34Z,Boise State Broncos,-115,-19.5,20260928165602403570
NCAAF,americanfootball_ncaaf,a2f7df0b000c054abd3cbc6f4a4b2432,2026-10-03T23:30:00Z,Boise State Broncos,Utah State Aggies,draftkings,DraftKings,2026-09-28T16:55:34Z,spreads,2026-09-28T16:55:34Z,Utah State Aggies,-105,19.5,20260928165602403570
NCAAF,americanfootball_ncaaf,a2f7df0b000c054abd3cbc6f4a4b2432,2026-10-03T23:30:00Z,Boise State Broncos,Utah State Aggies,draftkings,DraftKings,2026-09-28T16:55:34Z,totals,2026-09-28T16:55:34Z,Over,-108,51.5,20260928165602403570
NCAAF,americanfootball_ncaaf,a2f7df0b000c054abd3cbc6f4a4b2432,2026-10-03T23:30:00Z,Boise State Broncos,Utah State Aggies,draftkings,DraftKings,2026-09-28T16:55:34Z,totals,2026-09-28T16:55:34Z,Under,-112,51.5,20260928165602403570
NCAAF,americanfootball_ncaaf,a2f7df0b000c054abd3cbc6f4a4b2432,2026-10-03T23:30:00Z,Boise State Broncos,Utah State Aggies,mybookieag,MyBookie.ag,2026-09-28T16:55:48Z,h2h,2026-09-28T16:55:48Z,Boise State Broncos,-1299,,20260928165602403570
NCAAF,americanfootball_ncaaf,a2f7df0b000c054abd3cbc6f4a4b2432,2026-10-03T23:30:00Z,Boise State Broncos,Utah State Aggies,mybookieag,MyBookie.ag,2026-09-28T16:55:48Z,h2h,2026-09-28T16:55:48Z,Utah State Aggies,730,,20260928165602403570
NCAAF,americanfootball_ncaaf,a2f7df0b000c054abd3cbc6f4a4b2432,2026-10-03T23:30:00Z,Boise State Broncos,Utah State Aggies,mybookieag,MyBookie.ag,2026-09-28T16:55:48Z,spreads,2026-09-28T16:55:48Z,Boise State Broncos,-110,-20.5,20260928165602403570
NCAAF,americanfootball_ncaaf,a2f7df0b000c054abd3cbc6f4a4b2432,2026-10-03T23:30:00Z,Boise State Broncos,Utah State Aggies,mybookieag,MyBookie.ag,2026-09-28T16:55:48Z,spreads,2026-09-28T16:55:48Z,Utah State Aggies,-110,20.5,20260928165602403570
NCAAF,americanfootball_ncaaf,a2f7df0b000c054abd3cbc6f4a4b2432,2026-10-03T23:30:00Z,Boise State Broncos,Utah State Aggies,mybookieag,MyBookie.ag,2026-09-28T16:55:48Z,totals,2026-09-28T16:55:48Z,Over,-110,51.5,20260928165602403570
NCAAF,americanfootball_ncaaf,a2f7df0b000c054abd3cbc6f4a4b2432,2026-10-03T23:30:00Z,Boise State Broncos,Utah State Aggies,mybookieag,MyBookie.ag,2026-09-28T16:55:48Z,totals,2026-09-28T16:55:48Z,Under,-110,51.5,20260928165602403570
NCAAF,americanfootball_ncaaf,a2f7df0b000c054abd3cbc6f4a4b2432,2026-10-03T23:30:00Z,Boise State Broncos,Utah State Aggies,betus,BetUS,2026-09-28T16:55:53Z,spreads,2026-09-28T16:55:53Z,Boise State Broncos,-110,-19.5,20260928165602403570
NCAAF,americanfootball_ncaaf,a2f7df0b000c054abd3cbc6f4a4b2432,2026-10-03T23:30:00Z,Boise State Broncos,Utah State Aggies,betus,BetUS,2026-09-28T16:55:53Z,spreads,2026-09-28T16:55:53Z,Utah State Aggies,-110,19.5,20260928165602403570
NCAAF,americanfootball_ncaaf,a2f7df0b000c054abd3cbc6f4a4b2432,2026-10-03T23:30:00Z,Boise State Broncos,Utah State Aggies,betus,BetUS,2026-09-28T16:55:53Z,totals,2026-09-28T16:55:53Z,Over,-110,51.5,20260928165602403570
NCAAF,americanfootball_ncaaf,a2f7df0b000c054abd3cbc6f4a4b2432,2026-10-03T23:30:00Z,Boise State Broncos,Utah State Aggies,betus,BetUS,2026-09-28T16:55:53Z,totals,2026-09-28T16:55:53Z,Under,-110,51.5,20260928165602403570
NCAAF,americanfootball_ncaaf,a2f7df0b000c054abd3cbc6f4a4b2432,2026-10-03T23:30:00Z,Boise State Broncos,Utah State Aggies,betmgm,BetMGM,2026-09-28T16:54:38Z,h2h,2026-09-28T16:54:38Z,Boise State Broncos,-1400,,20260928165602403570
NCAAF,americanfootball_ncaaf,a2f7df0b000c054abd3cbc6f4a4b2432,2026-10-03T23:30:00Z,Boise State Broncos,Utah State Aggies,betmgm,BetMGM,2026-09-28T16:54:38Z,h2h,2026-09-28T16:54:38Z,Utah State Aggies,900,,20260928165602403570
NCAAF,americanfootball_ncaaf,a2f7df0b000c054abd3cbc6f4a4b2432,2026-10-03T23:30:00Z,Boise State Broncos,Utah State Aggies,betmgm,BetMGM,2026-09-28T16:54:38Z,spreads,2026-09-28T16:54:38Z,Boise State Broncos,-110,-19.5,20260928165602403570
NCAAF,americanfootball_ncaaf,a2f7df0b000c054abd3cbc6f4a4b2432,2026-10-03T23:30:00Z,Boise State Broncos,Utah State Aggies,betmgm,BetMGM,2026-09-28T16:54:38Z,spreads,2026-09-28T16:54:38Z,Utah State Aggies,-110,19.5,20260928165602403570
NCAAF,americanfootball_ncaaf,a2f7df0b000c054abd3cbc6f4a4b2432,2026-10-03T23:30:00Z,Boise State Broncos,Utah State Aggies,betmgm,BetMGM,2026-09-28T16:54:38Z,totals,2026-09-28T16:54:38Z,Over,-108,51.5,20260928165602403570
NCAAF,americanfootball_ncaaf,a2f7df0b000c054abd3cbc6f4a4b2432,2026-10-03T23:30:00Z,Boise State Broncos,Utah State Aggies,betmgm,BetMGM,2026-09-28T16:54:38Z,totals,2026-09-28T16:54:38Z,Under,-110,51.5,20260928165602403570
NCAAF,americanfootball_ncaaf,a2f7df0b000c054abd3cbc6f4a4b2432,2026-10-03T23:30:00Z,Boise State Broncos,Utah State Aggies,bovada,Bovada,2026-09-28T16:54:58Z,h2h,2026-09-28T16:54:58Z,Boise State Broncos,-1400,,20260928165602403570
NCAAF,americanfootball_ncaaf,a2f7df0b000c054abd3cbc6f4a4b2432,2026-10-03T23:30:00Z,Boise State Broncos,Utah State Aggies,bovada,Bovada,2026-09-28T16:54:58Z,h2h,2026-09-28T16:54:58Z,Utah State Aggies,750,,20260928165602403570
NCAAF,americanfootball_ncaaf,a2f7df0b000c054abd3cbc6f4a4b2432,2026-10-03T23:30:00Z,Boise State Broncos,Utah State Aggies,bovada,Bovada,2026-09-28T16:54:58Z,spreads,2026-09-28T16:54:58Z,Boise State Broncos,-110,-20.0,20260928165602403570
NCAAF,americanfootball_ncaaf,a2f7df0b000c054abd3cbc6f4a4b2432,2026-10-03T23:30:00Z,Boise State Broncos,Utah State Aggies,bovada,Bovada,2026-09-28T16:54:58Z,spreads,2026-09-28T16:54:58Z,Utah State Aggies,-110,20.0,20260928165602403570
NCAAF,americanfootball_ncaaf,a2f7df0b000c054abd3cbc6f4a4b2432,2026-10-03T23:30:00Z,Boise State Broncos,Utah State Aggies,bovada,Bovada,2026-09-28T16:54:58Z,totals,2026-09-28T16:54:58Z,Over,-110,51.5,20260928165602403570
NCAAF,americanfootball_ncaaf,a2f7df0b000c054abd3cbc6f4a4b2432,2026-10-03T23:30:00Z,Boise State Broncos,Utah State Aggies,bovada,Bovada,2026-09-28T16:54:58Z,totals,2026-09-28T16:54:58Z,Under,-110,51.5,20260928165602403570
NCAAF,americanfootball_ncaaf,932c7f6dfe06be77192fe000e9f3ac9d,2026-10-03T23:30:00Z,Clemson Tigers,Miami Hurricanes,draftkings,DraftKings,2026-09-28T16:55:34Z,h2h,2026-09-28T16:55:34Z,Clemson Tigers,550,,20260928165602403570
NCAAF,americanfootball_ncaaf,932c7f6dfe06be77192fe000e9f3ac9d,2026-10-03T23:30:00Z,Clemson Tigers,Miami Hurricanes,draftkings,DraftKings,2026-09-28T16:55:34Z,h2h,2026-09-28T16:55:34Z,Miami Hurricanes,-800,,20260928165602403570
NCAAF,americanfootball_ncaaf,932c7f6dfe06be77192fe000e9f3ac9d,2026-10-03T23:30:00Z,Clemson Tigers,Miami Hurricanes,draftkings,DraftKings,2026-09-28T16:55:34Z,spreads,2026-09-28T16:55:34Z,Clemson Tigers,-112,17.5,20260928165602403570
NCAAF,americanfootball_ncaaf,932c7f6dfe06be77192fe000e9f3ac9d,2026-10-03T23:30:00Z,Clemson Tigers,Miami Hurricanes,draftkings,DraftKings,2026-09-28T16:55:34Z,spreads,2026-09-28T16:55:34Z,Miami Hurricanes,-108,-17.5,20260928165602403570
NCAAF,americanfootball_ncaaf,932c7f6dfe06be77192fe000e9f3ac9d,2026-10-03T23:30:00Z,Clemson Tigers,Miami Hurricanes,draftkings,DraftKings,2026-09-28T16:55:34Z,totals,2026-09-28T16:55:34Z,Over,-112,48.5,20260928165602403570
NCAAF,americanfootball_ncaaf,932c7f6dfe06be77192fe000e9f3ac9d,2026-10-03T23:30:00Z,Clemson Tigers,Miami Hurricanes,draftkings,DraftKings,2026-09-28T16:55:34Z,totals,2026-09-28T16:55:34Z,Under,-108,48.5,20260928165602403570
NCAAF,americanfootball_ncaaf,932c7f6dfe06be77192fe000e9f3ac9d,2026-10-03T23:30:00Z,Clemson Tigers,Miami Hurricanes,betmgm,BetMGM,2026-09-28T16:54:38Z,h2h,2026-09-28T16:54:38Z,Clemson Tigers,600,,20260928165602403570
NCAAF,americanfootball_ncaaf,932c7f6dfe06be77192fe000e9f3ac9d,2026-10-03T23:30:00Z,Clemson Tigers,Miami Hurricanes,betmgm,BetMGM,2026-09-28T16:54:38Z,h2h,2026-09-28T16:54:38Z,Miami Hurricanes,-800,,20260928165602403570
NCAAF,americanfootball_ncaaf,932c7f6dfe06be77192fe000e9f3ac9d,2026-10-03T23:30:00Z,Clemson Tigers,Miami Hurricanes,betmgm,BetMGM,2026-09-28T16:54:38Z,spreads,2026-09-28T16:54:38Z,Clemson Tigers,-110,17.0,20260928165602403570
NCAAF,americanfootball_ncaaf,932c7f6dfe06be77192fe000e9f3ac9d,2026-10-03T23:30:00Z,Clemson Tigers,Miami Hurricanes,betmgm,BetMGM,2026-09-28T16:54:38Z,spreads,2026-09-28T16:54:38Z,Miami Hurricanes,-108,-17.0,20260928165602403570
NCAAF,americanfootball_ncaaf,932c7f6dfe06be77192fe000e9f3ac9d,2026-10-03T23:30:00Z,Clemson Tigers,Miami Hurricanes,betmgm,BetMGM,2026-09-28T16:54:38Z,totals,2026-09-28T16:54:38Z,Over,-110,48.5,20260928165602403570
NCAAF,americanfootball_ncaaf,932c7f6dfe06be77192fe000e9f3ac9d,2026-10-03T23:30:00Z,Clemson Tigers,Miami Hurricanes,betmgm,BetMGM,2026-09-28T16:54:38Z,totals,2026-09-28T16:54:38Z,Under,-108,48.5,20260928165602403570
NCAAF,americanfootball_ncaaf,932c7f6dfe06be77192fe000e9f3ac9d,2026-10-03T23:30:00Z,Clemson Tigers,Miami Hurricanes,mybookieag,MyBookie.ag,2026-09-28T16:55:48Z,h2h,2026-09-28T16:55:48Z,Clemson Tigers,566,,20260928165602403570
NCAAF,americanfootball_ncaaf,932c7f6dfe06be77192fe000e9f3ac9d,2026-10-03T23:30:00Z,Clemson Tigers,Miami Hurricanes,mybookieag,MyBookie.ag,2026-09-28T16:55:48Z,h2h,2026-09-28T16:55:48Z,Miami Hurricanes,-841,,20260928165602403570
NCAAF,americanfootball_ncaaf,932c7f6dfe06be77192fe000e9f3ac9d,2026-10-03T23:30:00Z,Clemson Tigers,Miami Hurricanes,mybookieag,MyBookie.ag,2026-09-28T16:55:48Z,spreads,2026-09-28T16:55:48Z,Clemson Tigers,-110,17.0,20260928165602403570
NCAAF,americanfootball_ncaaf,932c7f6dfe06be77192fe000e9f3ac9d,2026-10-03T23:30:00Z,Clemson Tigers,Miami Hurricanes,mybookieag,MyBookie.ag,2026-09-28T16:55:48Z,spreads,2026-09-28T16:55:48Z,Miami Hurricanes,-110,-17.0,20260928165602403570
NCAAF,americanfootball_ncaaf,932c7f6dfe06be77192fe000e9f3ac9d,2026-10-03T23:30:00Z,Clemson Tigers,Miami Hurricanes,mybookieag,MyBookie.ag,2026-09-28T16:55:48Z,totals,2026-09-28T16:55:48Z,Over,-110,49.0,20260928165602403570
NCAAF,americanfootball_ncaaf,932c7f6dfe06be77192fe000e9f3ac9d,2026-10-03T23:30:00Z,Clemson Tigers,Miami Hurricanes,mybookieag,MyBookie.ag,2026-09-28T16:55:48Z,totals,2026-09-28T16:55:48Z,Under,-110,49.0,20260928165602403570
NCAAF,americanfootball_ncaaf,932c7f6dfe06be77192fe000e9f3ac9d,2026-10-03T23:30:00Z,Clemson Tigers,Miami Hurricanes,fanduel,FanDuel,2026-09-28T16:55:50Z,h2h,2026-09-28T16:55:49Z,Clemson Tigers,550,,20260928165602403570
NCAAF,americanfootball_ncaaf,932c7f6dfe06be77192fe000e9f3ac9d,2026-10-03T23:30:00Z,Clemson Tigers,Miami Hurricanes,fanduel,FanDuel,2026-09-28T16:55:50Z,h2h,2026-09-28T16:55:49Z,Miami Hurricanes,-820,,20260928165602403570
NCAAF,americanfootball_ncaaf,932c7f6dfe06be77192fe000e9f3ac9d,2026-10-03T23:30:00Z,Clemson Tigers,Miami Hurricanes,fanduel,FanDuel,2026-09-28T16:55:50Z,spreads,2026-09-28T16:55:49Z,Clemson Tigers,-104,16.5,20260928165602403570
NCAAF,americanfootball_ncaaf,932c7f6dfe06be77192fe000e9f3ac9d,2026-10-03T23:30:00Z,Clemson Tigers,Miami Hurricanes,fanduel,FanDuel,2026-09-28T16:55:50Z,spreads,2026-09-28T16:55:49Z,Miami Hurricanes,-118,-16.5,20260928165602403570
NCAAF,americanfootball_ncaaf,932c7f6dfe06be77192fe000e9f3ac9d,2026-10-03T23:30:00Z,Clemson Tigers,Miami Hurricanes,fanduel,FanDuel,2026-09-28T16:55:50Z,totals,2026-09-28T16:55:49Z,Over,-105,49.5,20260928165602403570
NCAAF,americanfootball_ncaaf,932c7f6dfe06be77192fe000e9f3ac9d,2026-10-03T23:30:00Z,Clemson Tigers,Miami Hurricanes,fanduel,FanDuel,2026-09-28T16:55:50Z,totals,2026-09-28T16:55:49Z,Under,-115,49.5,20260928165602403570
NCAAF,americanfootball_ncaaf,932c7f6dfe06be77192fe000e9f3ac9d,2026-10-03T23:30:00Z,Clemson Tigers,Miami Hurricanes,betrivers,BetRivers,2026-09-28T16:55:49Z,h2h,2026-09-28T16:55:49Z,Clemson Tigers,600,,20260928165602403570
NCAAF,americanfootball_ncaaf,932c7f6dfe06be77192fe000e9f3ac9d,2026-10-03T23:30:00Z,Clemson Tigers,Miami Hurricanes,betrivers,BetRivers,2026-09-28T16:55:49Z,h2h,2026-09-28T16:55:49Z,Miami Hurricanes,-1000,,20260928165602403570
NCAAF,americanfootball_ncaaf,932c7f6dfe06be77192fe000e9f3ac9d,2026-10-03T23:30:00Z,Clemson Tigers,Miami Hurricanes,betrivers,BetRivers,2026-09-28T16:55:49Z,spreads,2026-09-28T16:55:49Z,Clemson Tigers,-112,17.0,20260928165602403570
NCAAF,americanfootball_ncaaf,932c7f6dfe06be77192fe000e9f3ac9d,2026-10-03T23:30:00Z,Clemson Tigers,Miami Hurricanes,betrivers,BetRivers,2026-09-28T16:55:49Z,spreads,2026-09-28T16:55:49Z,Miami Hurricanes,-110,-17.0,20260928165602403570
NCAAF,americanfootball_ncaaf,932c7f6dfe06be77192fe000e9f3ac9d,2026-10-03T23:30:00Z,Clemson Tigers,Miami Hurricanes,betrivers,BetRivers,2026-09-28T16:55:49Z,totals,2026-09-28T16:55:49Z,Over,-114,49.0,20260928165602403570
NCAAF,americanfootball_ncaaf,932c7f6dfe06be77192fe000e9f3ac9d,2026-10-03T23:30:00Z,Clemson Tigers,Miami Hurricanes,betrivers,BetRivers,2026-09-28T16:55:49Z,totals,2026-09-28T16:55:49Z,Under,-109,49.0,20260928165602403570
NCAAF,americanfootball_ncaaf,932c7f6dfe06be77192fe000e9f3ac9d,2026-10-03T23:30:00Z,Clemson Tigers,Miami Hurricanes,lowvig,LowVig.ag,2026-09-28T16:55:49Z,h2h,2026-09-28T16:55:49Z,Clemson Tigers,561,,20260928165602403570
NCAAF,americanfootball_ncaaf,932c7f6dfe06be77192fe000e9f3ac9d,2026-10-03T23:30:00Z,Clemson Tigers,Miami Hurricanes,lowvig,LowVig.ag,2026-09-28T16:55:49Z,h2h,2026-09-28T16:55:49Z,Miami Hurricanes,-800,,20260928165602403570
NCAAF,americanfootball_ncaaf,932c7f6dfe06be77192fe000e9f3ac9d,2026-10-03T23:30:00Z,Clemson Tigers,Miami Hurricanes,lowvig,LowVig.ag,2026-09-28T16:55:49Z,spreads,2026-09-28T16:55:49Z,Clemson Tigers,-101,16.5,20260928165602403570
NCAAF,americanfootball_ncaaf,932c7f6dfe06be77192fe000e9f3ac9d,2026-10-03T23:30:00Z,Clemson Tigers,Miami Hurricanes,lowvig,LowVig.ag,2026-09-28T16:55:49Z,spreads,2026-09-28T16:55:49Z,Miami Hurricanes,-111,-16.5,20260928165602403570
NCAAF,americanfootball_ncaaf,932c7f6dfe06be77192fe000e9f3ac9d,2026-10-03T23:30:00Z,Clemson Tigers,Miami Hurricanes,lowvig,LowVig.ag,2026-09-28T16:55:49Z,totals,2026-09-28T16:55:49Z,Over,-103,49.0,20260928165602403570
NCAAF,americanfootball_ncaaf,932c7f6dfe06be77192fe000e9f3ac9d,2026-10-03T23:30:00Z,Clemson Tigers,Miami Hurricanes,lowvig,LowVig.ag,2026-09-28T16:55:49Z,totals,2026-09-28T16:55:49Z,Under,-114,49.0,20260928165602403570
NCAAF,americanfootball_ncaaf,932c7f6dfe06be77192fe000e9f3ac9d,2026-10-03T23:30:00Z,Clemson Tigers,Miami Hurricanes,betonlineag,BetOnline.ag,2026-09-28T16:55:07Z,h2h,2026-09-28T16:55:07Z,Clemson Tigers,561,,20260928165602403570
NCAAF,americanfootball_ncaaf,932c7f6dfe06be77192fe000e9f3ac9d,2026-10-03T23:30:00Z,Clemson Tigers,Miami Hurricanes,betonlineag,BetOnline.ag,2026-09-28T16:55:07Z,h2h,2026-09-28T16:55:07Z,Miami Hurricanes,-800,,20260928165602403570
NCAAF,americanfootball_ncaaf,932c7f6dfe06be77192fe000e9f3ac9d,2026-10-03T23:30:00Z,Clemson Tigers,Miami Hurricanes,betonlineag,BetOnline.ag,2026-09-28T16:55:07Z,spreads,2026-09-28T16:55:07Z,Clemson Tigers,-105,16.5,20260928165602403570
NCAAF,americanfootball_ncaaf,932c7f6dfe06be77192fe000e9f3ac9d,2026-10-03T23:30:00Z,Clemson Tigers,Miami Hurricanes,betonlineag,BetOnline.ag,2026-09-28T16:55:07Z,spreads,2026-09-28T16:55:07Z,Miami Hurricanes,-115,-16.5,20260928165602403570
NCAAF,americanfootball_ncaaf,932c7f6dfe06be77192fe000e9f3ac9d,2026-10-03T23:30:00Z,Clemson Tigers,Miami Hurricanes,betonlineag,BetOnline.ag,2026-09-28T16:55:07Z,totals,2026-09-28T16:55:07Z,Over,-105,49.0,20260928165602403570
NCAAF,americanfootball_ncaaf,932c7f6dfe06be77192fe000e9f3ac9d,2026-10-03T23:30:00Z,Clemson Tigers,Miami Hurricanes,betonlineag,BetOnline.ag,2026-09-28T16:55:07Z,totals,2026-09-28T16:55:07Z,Under,-115,49.0,20260928165602403570
NCAAF,americanfootball_ncaaf,932c7f6dfe06be77192fe000e9f3ac9d,2026-10-03T23:30:00Z,Clemson Tigers,Miami Hurricanes,betus,BetUS,2026-09-28T16:55:53Z,spreads,2026-09-28T16:55:52Z,Clemson Tigers,-110,16.5,20260928165602403570
NCAAF,americanfootball_ncaaf,932c7f6dfe06be77192fe000e9f3ac9d,2026-10-03T23:30:00Z,Clemson Tigers,Miami Hurricanes,betus,BetUS,2026-09-28T16:55:53Z,spreads,2026-09-28T16:55:52Z,Miami Hurricanes,-110,-16.5,20260928165602403570
NCAAF,americanfootball_ncaaf,932c7f6dfe06be77192fe000e9f3ac9d,2026-10-03T23:30:00Z,Clemson Tigers,Miami Hurricanes,betus,BetUS,2026-09-28T16:55:53Z,totals,2026-09-28T16:55:52Z,Over,-105,49.0,20260928165602403570
NCAAF,americanfootball_ncaaf,932c7f6dfe06be77192fe000e9f3ac9d,2026-10-03T23:30:00Z,Clemson Tigers,Miami Hurricanes,betus,BetUS,2026-09-28T16:55:53Z,totals,2026-09-28T16:55:52Z,Under,-115,49.0,20260928165602403570
NCAAF,americanfootball_ncaaf,932c7f6dfe06be77192fe000e9f3ac9d,2026-10-03T23:30:00Z,Clemson Tigers,Miami Hurricanes,bovada,Bovada,2026-09-28T16:54:58Z,h2h,2026-09-28T16:54:58Z,Clemson Tigers,600,,20260928165602403570
NCAAF,americanfootball_ncaaf,932c7f6dfe06be77192fe000e9f3ac9d,2026-10-03T23:30:00Z,Clemson Tigers,Miami Hurricanes,bovada,Bovada,2026-09-28T16:54:58Z,h2h,2026-09-28T16:54:58Z,Miami Hurricanes,-950,,20260928165602403570
NCAAF,americanfootball_ncaaf,932c7f6dfe06be77192fe000e9f3ac9d,2026-10-03T23:30:00Z,Clemson Tigers,Miami Hurricanes,bovada,Bovada,2026-09-28T16:54:58Z,spreads,2026-09-28T16:54:58Z,Clemson Tigers,-110,17.0,20260928165602403570
NCAAF,americanfootball_ncaaf,932c7f6dfe06be77192fe000e9f3ac9d,2026-10-03T23:30:00Z,Clemson Tigers,Miami Hurricanes,bovada,Bovada,2026-09-28T16:54:58Z,spreads,2026-09-28T16:54:58Z,Miami Hurricanes,-110,-17.0,20260928165602403570
NCAAF,americanfootball_ncaaf,932c7f6dfe06be77192fe000e9f3ac9d,2026-10-03T23:30:00Z,Clemson Tigers,Miami Hurricanes,bovada,Bovada,2026-09-28T16:54:58Z,totals,2026-09-28T16:54:58Z,Over,-110,49.0,20260928165602403570
NCAAF,americanfootball_ncaaf,932c7f6dfe06be77192fe000e9f3ac9d,2026-10-03T23:30:00Z,Clemson Tigers,Miami Hurricanes,bovada,Bovada,2026-09-28T16:54:58Z,totals,2026-09-28T16:54:58Z,Under,-110,49.0,20260928165602403570
NCAAF,americanfootball_ncaaf,253e389201e449a2984a194e3eebf7f8,2026-10-03T23:30:00Z,Colorado Buffaloes,Texas Tech Red Raiders,fanduel,FanDuel,2026-09-28T16:55:50Z,h2h,2026-09-28T16:55:49Z,Colorado Buffaloes,385,,20260928165602403570
NCAAF,americanfootball_ncaaf,253e389201e449a2984a194e3eebf7f8,2026-10-03T23:30:00Z,Colorado Buffaloes,Texas Tech Red Raiders,fanduel,FanDuel,2026-09-28T16:55:50Z,h2h,2026-09-28T16:55:49Z,Texas Tech Red Raiders,-520,,20260928165602403570
NCAAF,americanfootball_ncaaf,253e389201e449a2984a194e3eebf7f8,2026-10-03T23:30:00Z,Colorado Buffaloes,Texas Tech Red Raiders,fanduel,FanDuel,2026-09-28T16:55:50Z,spreads,2026-09-28T16:55:49Z,Colorado Buffaloes,-110,13.5,20260928165602403570
NCAAF,americanfootball_ncaaf,253e389201e449a2984a194e3eebf7f8,2026-10-03T23:30:00Z,Colorado Buffaloes,Texas Tech Red Raiders,fanduel,FanDuel,2026-09-28T16:55:50Z,spreads,2026-09-28T16:55:49Z,Texas Tech Red Raiders,-110,-13.5,20260928165602403570
NCAAF,americanfootball_ncaaf,253e389201e449a2984a194e3eebf7f8,2026-10-03T23:30:00Z,Colorado Buffaloes,Texas Tech Red Raiders,fanduel,FanDuel,2026-09-28T16:55:50Z,totals,2026-09-28T16:55:49Z,Over,-106,50.5,20260928165602403570
NCAAF,americanfootball_ncaaf,253e389201e449a2984a194e3eebf7f8,2026-10-03T23:30:00Z,Colorado Buffaloes,Texas Tech Red Raiders,fanduel,FanDuel,2026-09-28T16:55:50Z,totals,2026-09-28T16:55:49Z,Under,-114,50.5,20260928165602403570
NCAAF,americanfootball_ncaaf,253e389201e449a2984a194e3eebf7f8,2026-10-03T23:30:00Z,Colorado Buffaloes,Texas Tech Red Raiders,betrivers,BetRivers,2026-09-28T16:55:49Z,h2h,2026-09-28T16:55:49Z,Colorado Buffaloes,390,,20260928165602403570
NCAAF,americanfootball_ncaaf,253e389201e449a2984a194e3eebf7f8,2026-10-03T23:30:00Z,Colorado Buffaloes,Texas Tech Red Raiders,betrivers,BetRivers,2026-09-28T16:55:49Z,h2h,2026-09-28T16:55:49Z,Texas Tech Red Raiders,-560,,20260928165602403570
NCAAF,americanfootball_ncaaf,253e389201e449a2984a194e3eebf7f8,2026-10-03T23:30:00Z,Colorado Buffaloes,Texas Tech Red Raiders,betrivers,BetRivers,2026-09-28T16:55:49Z,spreads,2026-09-28T16:55:49Z,Colorado Buffaloes,-114,13.5,20260928165602403570
NCAAF,americanfootball_ncaaf,253e389201e449a2984a194e3eebf7f8,2026-10-03T23:30:00Z,Colorado Buffaloes,Texas Tech Red Raiders,betrivers,BetRivers,2026-09-28T16:55:49Z,spreads,2026-09-28T16:55:49Z,Texas Tech Red Raiders,-109,-13.5,20260928165602403570
NCAAF,americanfootball_ncaaf,253e389201e449a2984a194e3eebf7f8,2026-10-03T23:30:00Z,Colorado Buffaloes,Texas Tech Red Raiders,betrivers,BetRivers,2026-09-28T16:55:49Z,totals,2026-09-28T16:55:49Z,Over,-112,50.5,20260928165602403570
NCAAF,americanfootball_ncaaf,253e389201e449a2984a194e3eebf7f8,2026-10-03T23:30:00Z,Colorado Buffaloes,Texas Tech Red Raiders,betrivers,BetRivers,2026-09-28T16:55:49Z,totals,2026-09-28T16:55:49Z,Under,-112,50.5,20260928165602403570
NCAAF,americanfootball_ncaaf,253e389201e449a2984a194e3eebf7f8,2026-10-03T23:30:00Z,Colorado Buffaloes,Texas Tech Red Raiders,draftkings,DraftKings,2026-09-28T16:55:34Z,h2h,2026-09-28T16:55:34Z,Colorado Buffaloes,400,,20260928165602403570
NCAAF,americanfootball_ncaaf,253e389201e449a2984a194e3eebf7f8,2026-10-03T23:30:00Z,Colorado Buffaloes,Texas Tech Red Raiders,draftkings,DraftKings,2026-09-28T16:55:34Z,h2h,2026-09-28T16:55:34Z,Texas Tech Red Raiders,-535,,20260928165602403570
NCAAF,americanfootball_ncaaf,253e389201e449a2984a194e3eebf7f8,2026-10-03T23:30:00Z,Colorado Buffaloes,Texas Tech Red Raiders,draftkings,DraftKings,2026-09-28T16:55:34Z,spreads,2026-09-28T16:55:34Z,Colorado Buffaloes,-108,13.5,20260928165602403570
NCAAF,americanfootball_ncaaf,253e389201e449a2984a194e3eebf7f8,2026-10-03T23:30:00Z,Colorado Buffaloes,Texas Tech Red Raiders,draftkings,DraftKings,2026-09-28T16:55:34Z,spreads,2026-09-28T16:55:34Z,Texas Tech Red Raiders,-112,-13.5,20260928165602403570
NCAAF,americanfootball_ncaaf,253e389201e449a2984a194e3eebf7f8,2026-10-03T23:30:00Z,Colorado Buffaloes,Texas Tech Red Raiders,draftkings,DraftKings,2026-09-28T16:55:34Z,totals,2026-09-28T16:55:34Z,Over,-110,50.5,20260928165602403570
NCAAF,americanfootball_ncaaf,253e389201e449a2984a194e3eebf7f8,2026-10-03T23:30:00Z,Colorado Buffaloes,Texas Tech Red Raiders,draftkings,DraftKings,2026-09-28T16:55:34Z,totals,2026-09-28T16:55:34Z,Under,-110,50.5,20260928165602403570
NCAAF,americanfootball_ncaaf,253e389201e449a2984a194e3eebf7f8,2026-10-03T23:30:00Z,Colorado Buffaloes,Texas Tech Red Raiders,lowvig,LowVig.ag,2026-09-28T16:55:49Z,h2h,2026-09-28T16:55:49Z,Colorado Buffaloes,400,,20260928165602403570
NCAAF,americanfootball_ncaaf,253e389201e449a2984a194e3eebf7f8,2026-10-03T23:30:00Z,Colorado Buffaloes,Texas Tech Red Raiders,lowvig,LowVig.ag,2026-09-28T16:55:49Z,h2h,2026-09-28T16:55:49Z,Texas Tech Red Raiders,-525,,20260928165602403570
NCAAF,americanfootball_ncaaf,253e389201e449a2984a194e3eebf7f8,2026-10-03T23:30:00Z,Colorado Buffaloes,Texas Tech Red Raiders,lowvig,LowVig.ag,2026-09-28T16:55:49Z,spreads,2026-09-28T16:55:49Z,Colorado Buffaloes,-105,13.5,20260928165602403570
NCAAF,americanfootball_ncaaf,253e389201e449a2984a194e3eebf7f8,2026-10-03T23:30:00Z,Colorado Buffaloes,Texas Tech Red Raiders,lowvig,LowVig.ag,2026-09-28T16:55:49Z,spreads,2026-09-28T16:55:49Z,Texas Tech Red Raiders,-107,-13.5,20260928165602403570
NCAAF,americanfootball_ncaaf,253e389201e449a2984a194e3eebf7f8,2026-10-03T23:30:00Z,Colorado Buffaloes,Texas Tech Red Raiders,lowvig,LowVig.ag,2026-09-28T16:55:49Z,totals,2026-09-28T16:55:49Z,Over,-103,50.5,20260928165602403570
NCAAF,americanfootball_ncaaf,253e389201e449a2984a194e3eebf7f8,2026-10-03T23:30:00Z,Colorado Buffaloes,Texas Tech Red Raiders,lowvig,LowVig.ag,2026-09-28T16:55:49Z,totals,2026-09-28T16:55:49Z,Under,-114,50.5,20260928165602403570
NCAAF,americanfootball_ncaaf,253e389201e449a2984a194e3eebf7f8,2026-10-03T23:30:00Z,Colorado Buffaloes,Texas Tech Red Raiders,betonlineag,BetOnline.ag,2026-09-28T16:55:07Z,h2h,2026-09-28T16:55:07Z,Colorado Buffaloes,400,,20260928165602403570
NCAAF,americanfootball_ncaaf,253e389201e449a2984a194e3eebf7f8,2026-10-03T23:30:00Z,Colorado Buffaloes,Texas Tech Red Raiders,betonlineag,BetOnline.ag,2026-09-28T16:55:07Z,h2h,2026-09-28T16:55:07Z,Texas Tech Red Raiders,-525,,20260928165602403570
NCAAF,americanfootball_ncaaf,253e389201e449a2984a194e3eebf7f8,2026-10-03T23:30:00Z,Colorado Buffaloes,Texas Tech Red Raiders,betonlineag,BetOnline.ag,2026-09-28T16:55:07Z,spreads,2026-09-28T16:55:07Z,Colorado Buffaloes,-109,13.5,20260928165602403570
NCAAF,americanfootball_ncaaf,253e389201e449a2984a194e3eebf7f8,2026-10-03T23:30:00Z,Colorado Buffaloes,Texas Tech Red Raiders,betonlineag,BetOnline.ag,2026-09-28T16:55:07Z,spreads,2026-09-28T16:55:07Z,Texas Tech Red Raiders,-111,-13.5,20260928165602403570
NCAAF,americanfootball_ncaaf,253e389201e449a2984a194e3eebf7f8,2026-10-03T23:30:00Z,Colorado Buffaloes,Texas Tech Red Raiders,betonlineag,BetOnline.ag,2026-09-28T16:55:07Z,totals,2026-09-28T16:55:07Z,Over,-105,50.5,20260928165602403570
NCAAF,americanfootball_ncaaf,253e389201e449a2984a194e3eebf7f8,2026-10-03T23:30:00Z,Colorado Buffaloes,Texas Tech Red Raiders,betonlineag,BetOnline.ag,2026-09-28T16:55:07Z,totals,2026-09-28T16:55:07Z,Under,-115,50.5,20260928165602403570
NCAAF,americanfootball_ncaaf,253e389201e449a2984a194e3eebf7f8,2026-10-03T23:30:00Z,Colorado Buffaloes,Texas Tech Red Raiders,mybookieag,MyBookie.ag,2026-09-28T16:55:48Z,h2h,2026-09-28T16:55:48Z,Colorado Buffaloes,430,,20260928165602403570
NCAAF,americanfootball_ncaaf,253e389201e449a2984a194e3eebf7f8,2026-10-03T23:30:00Z,Colorado Buffaloes,Texas Tech Red Raiders,mybookieag,MyBookie.ag,2026-09-28T16:55:48Z,h2h,2026-09-28T16:55:48Z,Texas Tech Red Raiders,-625,,20260928165602403570
NCAAF,americanfootball_ncaaf,253e389201e449a2984a194e3eebf7f8,2026-10-03T23:30:00Z,Colorado Buffaloes,Texas Tech Red Raiders,mybookieag,MyBookie.ag,2026-09-28T16:55:48Z,spreads,2026-09-28T16:55:48Z,Colorado Buffaloes,-110,13.5,20260928165602403570
NCAAF,americanfootball_ncaaf,253e389201e449a2984a194e3eebf7f8,2026-10-03T23:30:00Z,Colorado Buffaloes,Texas Tech Red Raiders,mybookieag,MyBookie.ag,2026-09-28T16:55:48Z,spreads,2026-09-28T16:55:48Z,Texas Tech Red Raiders,-110,-13.5,20260928165602403570
NCAAF,americanfootball_ncaaf,253e389201e449a2984a194e3eebf7f8,2026-10-03T23:30:00Z,Colorado Buffaloes,Texas Tech Red Raiders,mybookieag,MyBookie.ag,2026-09-28T16:55:48Z,totals,2026-09-28T16:55:48Z,Over,-110,50.5,20260928165602403570
NCAAF,americanfootball_ncaaf,253e389201e449a2984a194e3eebf7f8,2026-10-03T23:30:00Z,Colorado Buffaloes,Texas Tech Red Raiders,mybookieag,MyBookie.ag,2026-09-28T16:55:48Z,totals,2026-09-28T16:55:48Z,Under,-110,50.5,20260928165602403570
NCAAF,americanfootball_ncaaf,253e389201e449a2984a194e3eebf7f8,2026-10-03T23:30:00Z,Colorado Buffaloes,Texas Tech Red Raiders,betus,BetUS,2026-09-28T16:55:53Z,spreads,2026-09-28T16:55:52Z,Colorado Buffaloes,-110,13.5,20260928165602403570
NCAAF,americanfootball_ncaaf,253e389201e449a2984a194e3eebf7f8,2026-10-03T23:30:00Z,Colorado Buffaloes,Texas Tech Red Raiders,betus,BetUS,2026-09-28T16:55:53Z,spreads,2026-09-28T16:55:52Z,Texas Tech Red Raiders,-110,-13.5,20260928165602403570
NCAAF,americanfootball_ncaaf,253e389201e449a2984a194e3eebf7f8,2026-10-03T23:30:00Z,Colorado Buffaloes,Texas Tech Red Raiders,betus,BetUS,2026-09-28T16:55:53Z,totals,2026-09-28T16:55:52Z,Over,-105,50.5,20260928165602403570
NCAAF,americanfootball_ncaaf,253e389201e449a2984a194e3eebf7f8,2026-10-03T23:30:00Z,Colorado Buffaloes,Texas Tech Red Raiders,betus,BetUS,2026-09-28T16:55:53Z,totals,2026-09-28T16:55:52Z,Under,-115,50.5,20260928165602403570
NCAAF,americanfootball_ncaaf,253e389201e449a2984a194e3eebf7f8,2026-10-03T23:30:00Z,Colorado Buffaloes,Texas Tech Red Raiders,betmgm,BetMGM,2026-09-28T16:54:38Z,h2h,2026-09-28T16:54:38Z,Colorado Buffaloes,400,,20260928165602403570
NCAAF,americanfootball_ncaaf,253e389201e449a2984a194e3eebf7f8,2026-10-03T23:30:00Z,Colorado Buffaloes,Texas Tech Red Raiders,betmgm,BetMGM,2026-09-28T16:54:38Z,h2h,2026-09-28T16:54:38Z,Texas Tech Red Raiders,-525,,20260928165602403570
NCAAF,americanfootball_ncaaf,253e389201e449a2984a194e3eebf7f8,2026-10-03T23:30:00Z,Colorado Buffaloes,Texas Tech Red Raiders,betmgm,BetMGM,2026-09-28T16:54:38Z,spreads,2026-09-28T16:54:38Z,Colorado Buffaloes,-108,13.5,20260928165602403570
NCAAF,americanfootball_ncaaf,253e389201e449a2984a194e3eebf7f8,2026-10-03T23:30:00Z,Colorado Buffaloes,Texas Tech Red Raiders,betmgm,BetMGM,2026-09-28T16:54:38Z,spreads,2026-09-28T16:54:38Z,Texas Tech Red Raiders,-110,-13.5,20260928165602403570
NCAAF,americanfootball_ncaaf,253e389201e449a2984a194e3eebf7f8,2026-10-03T23:30:00Z,Colorado Buffaloes,Texas Tech Red Raiders,betmgm,BetMGM,2026-09-28T16:54:38Z,totals,2026-09-28T16:54:38Z,Over,-108,50.5,20260928165602403570
NCAAF,americanfootball_ncaaf,253e389201e449a2984a194e3eebf7f8,2026-10-03T23:30:00Z,Colorado Buffaloes,Texas Tech Red Raiders,betmgm,BetMGM,2026-09-28T16:54:38Z,totals,2026-09-28T16:54:38Z,Under,-112,50.5,20260928165602403570
NCAAF,americanfootball_ncaaf,253e389201e449a2984a194e3eebf7f8,2026-10-03T23:30:00Z,Colorado Buffaloes,Texas Tech Red Raiders,bovada,Bovada,2026-09-28T16:54:58Z,h2h,2026-09-28T16:54:58Z,Colorado Buffaloes,400,,20260928165602403570
NCAAF,americanfootball_ncaaf,253e389201e449a2984a194e3eebf7f8,2026-10-03T23:30:00Z,Colorado Buffaloes,Texas Tech Red Raiders,bovada,Bovada,2026-09-28T16:54:58Z,h2h,2026-09-28T16:54:58Z,Texas Tech Red Raiders,-575,,20260928165602403570
NCAAF,americanfootball_ncaaf,253e389201e449a2984a194e3eebf7f8,2026-10-03T23:30:00Z,Colorado Buffaloes,Texas Tech Red Raiders,bovada,Bovada,2026-09-28T16:54:58Z,spreads,2026-09-28T16:54:58Z,Colorado Buffaloes,-110,13.5,20260928165602403570
NCAAF,americanfootball_ncaaf,253e389201e449a2984a194e3eebf7f8,2026-10-03T23:30:00Z,Colorado Buffaloes,Texas Tech Red Raiders,bovada,Bovada,2026-09-28T16:54:58Z,spreads,2026-09-28T16:54:58Z,Texas Tech Red Raiders,-110,-13.5,20260928165602403570
NCAAF,americanfootball_ncaaf,253e389201e449a2984a194e3eebf7f8,2026-10-03T23:30:00Z,Colorado Buffaloes,Texas Tech Red Raiders,bovada,Bovada,2026-09-28T16:54:58Z,totals,2026-09-28T16:54:58Z,Over,-110,50.0,20260928165602403570
NCAAF,americanfootball_ncaaf,253e389201e449a2984a194e3eebf7f8,2026-10-03T23:30:00Z,Colorado Buffaloes,Texas Tech Red Raiders,bovada,Bovada,2026-09-28T16:54:58Z,totals,2026-09-28T16:54:58Z,Under,-110,50.0,20260928165602403570
NCAAF,americanfootball_ncaaf,6338f8a71aba32414791add2d358472d,2026-10-03T23:30:00Z,South Florida Bulls,Temple Owls,fanduel,FanDuel,2026-09-28T16:55:50Z,h2h,2026-09-28T16:55:50Z,South Florida Bulls,-240,,20260928165602403570
NCAAF,americanfootball_ncaaf,6338f8a71aba32414791add2d358472d,2026-10-03T23:30:00Z,South Florida Bulls,Temple Owls,fanduel,FanDuel,2026-09-28T16:55:50Z,h2h,2026-09-28T16:55:50Z,Temple Owls,195,,20260928165602403570
NCAAF,americanfootball_ncaaf,6338f8a71aba32414791add2d358472d,2026-10-03T23:30:00Z,South Florida Bulls,Temple Owls,fanduel,FanDuel,2026-09-28T16:55:50Z,spreads,2026-09-28T16:55:50Z,South Florida Bulls,-115,-5.5,20260928165602403570
NCAAF,americanfootball_ncaaf,6338f8a71aba32414791add2d358472d,2026-10-03T23:30:00Z,South Florida Bulls,Temple Owls,fanduel,FanDuel,2026-09-28T16:55:50Z,spreads,2026-09-28T16:55:50Z,Temple Owls,-105,5.5,20260928165602403570
NCAAF,americanfootball_ncaaf,6338f8a71aba32414791add2d358472d,2026-10-03T23:30:00Z,South Florida Bulls,Temple Owls,fanduel,FanDuel,2026-09-28T16:55:50Z,totals,2026-09-28T16:55:50Z,Over,-105,51.5,20260928165602403570
NCAAF,americanfootball_ncaaf,6338f8a71aba32414791add2d358472d,2026-10-03T23:30:00Z,South Florida Bulls,Temple Owls,fanduel,FanDuel,2026-09-28T16:55:50Z,totals,2026-09-28T16:55:50Z,Under,-115,51.5,20260928165602403570
NCAAF,americanfootball_ncaaf,6338f8a71aba32414791add2d358472d,2026-10-03T23:30:00Z,South Florida Bulls,Temple Owls,draftkings,DraftKings,2026-09-28T16:55:34Z,h2h,2026-09-28T16:55:34Z,South Florida Bulls,-238,,20260928165602403570
NCAAF,americanfootball_ncaaf,6338f8a71aba32414791add2d358472d,2026-10-03T23:30:00Z,South Florida Bulls,Temple Owls,draftkings,DraftKings,2026-09-28T16:55:34Z,h2h,2026-09-28T16:55:34Z,Temple Owls,195,,20260928165602403570
NCAAF,americanfootball_ncaaf,6338f8a71aba32414791add2d358472d,2026-10-03T23:30:00Z,South Florida Bulls,Temple Owls,draftkings,DraftKings,2026-09-28T16:55:34Z,spreads,2026-09-28T16:55:34Z,South Florida Bulls,-112,-6.0,20260928165602403570
NCAAF,americanfootball_ncaaf,6338f8a71aba32414791add2d358472d,2026-10-03T23:30:00Z,South Florida Bulls,Temple Owls,draftkings,DraftKings,2026-09-28T16:55:34Z,spreads,2026-09-28T16:55:34Z,Temple Owls,-108,6.0,20260928165602403570
NCAAF,americanfootball_ncaaf,6338f8a71aba32414791add2d358472d,2026-10-03T23:30:00Z,South Florida Bulls,Temple Owls,draftkings,DraftKings,2026-09-28T16:55:34Z,totals,2026-09-28T16:55:34Z,Over,-105,51.5,20260928165602403570
NCAAF,americanfootball_ncaaf,6338f8a71aba32414791add2d358472d,2026-10-03T23:30:00Z,South Florida Bulls,Temple Owls,draftkings,DraftKings,2026-09-28T16:55:34Z,totals,2026-09-28T16:55:34Z,Under,-115,51.5,20260928165602403570
NCAAF,americanfootball_ncaaf,6338f8a71aba32414791add2d358472d,2026-10-03T23:30:00Z,South Florida Bulls,Temple Owls,betonlineag,BetOnline.ag,2026-09-28T16:55:07Z,h2h,2026-09-28T16:55:07Z,South Florida Bulls,-240,,20260928165602403570
NCAAF,americanfootball_ncaaf,6338f8a71aba32414791add2d358472d,2026-10-03T23:30:00Z,South Florida Bulls,Temple Owls,betonlineag,BetOnline.ag,2026-09-28T16:55:07Z,h2h,2026-09-28T16:55:07Z,Temple Owls,200,,20260928165602403570
NCAAF,americanfootball_ncaaf,6338f8a71aba32414791add2d358472d,2026-10-03T23:30:00Z,South Florida Bulls,Temple Owls,betonlineag,BetOnline.ag,2026-09-28T16:55:07Z,spreads,2026-09-28T16:55:07Z,South Florida Bulls,-110,-6.0,20260928165602403570
NCAAF,americanfootball_ncaaf,6338f8a71aba32414791add2d358472d,2026-10-03T23:30:00Z,South Florida Bulls,Temple Owls,betonlineag,BetOnline.ag,2026-09-28T16:55:07Z,spreads,2026-09-28T16:55:07Z,Temple Owls,-110,6.0,20260928165602403570
NCAAF,americanfootball_ncaaf,6338f8a71aba32414791add2d358472d,2026-10-03T23:30:00Z,South Florida Bulls,Temple Owls,betonlineag,BetOnline.ag,2026-09-28T16:55:07Z,totals,2026-09-28T16:55:07Z,Over,-110,51.0,20260928165602403570
NCAAF,americanfootball_ncaaf,6338f8a71aba32414791add2d358472d,2026-10-03T23:30:00Z,South Florida Bulls,Temple Owls,betonlineag,BetOnline.ag,2026-09-28T16:55:07Z,totals,2026-09-28T16:55:07Z,Under,-110,51.0,20260928165602403570
NCAAF,americanfootball_ncaaf,6338f8a71aba32414791add2d358472d,2026-10-03T23:30:00Z,South Florida Bulls,Temple Owls,lowvig,LowVig.ag,2026-09-28T16:55:49Z,h2h,2026-09-28T16:55:49Z,South Florida Bulls,-240,,20260928165602403570
NCAAF,americanfootball_ncaaf,6338f8a71aba32414791add2d358472d,2026-10-03T23:30:00Z,South Florida Bulls,Temple Owls,lowvig,LowVig.ag,2026-09-28T16:55:49Z,h2h,2026-09-28T16:55:49Z,Temple Owls,200,,20260928165602403570
NCAAF,americanfootball_ncaaf,6338f8a71aba32414791add2d358472d,2026-10-03T23:30:00Z,South Florida Bulls,Temple Owls,lowvig,LowVig.ag,2026-09-28T16:55:49Z,spreads,2026-09-28T16:55:49Z,South Florida Bulls,-106,-6.0,20260928165602403570
NCAAF,americanfootball_ncaaf,6338f8a71aba32414791add2d358472d,2026-10-03T23:30:00Z,South Florida Bulls,Temple Owls,lowvig,LowVig.ag,2026-09-28T16:55:49Z,spreads,2026-09-28T16:55:49Z,Temple Owls,-106,6.0,20260928165602403570
NCAAF,americanfootball_ncaaf,6338f8a71aba32414791add2d358472d,2026-10-03T23:30:00Z,South Florida Bulls,Temple Owls,lowvig,LowVig.ag,2026-09-28T16:55:49Z,totals,2026-09-28T16:55:49Z,Over,-108,51.0,20260928165602403570
NCAAF,americanfootball_ncaaf,6338f8a71aba32414791add2d358472d,2026-10-03T23:30:00Z,South Florida Bulls,Temple Owls,lowvig,LowVig.ag,2026-09-28T16:55:49Z,totals,2026-09-28T16:55:49Z,Under,-108,51.0,20260928165602403570
NCAAF,americanfootball_ncaaf,6338f8a71aba32414791add2d358472d,2026-10-03T23:30:00Z,South Florida Bulls,Temple Owls,betrivers,BetRivers,2026-09-28T16:55:49Z,h2h,2026-09-28T16:55:49Z,South Florida Bulls,-235,,20260928165602403570
NCAAF,americanfootball_ncaaf,6338f8a71aba32414791add2d358472d,2026-10-03T23:30:00Z,South Florida Bulls,Temple Owls,betrivers,BetRivers,2026-09-28T16:55:49Z,h2h,2026-09-28T16:55:49Z,Temple Owls,185,,20260928165602403570
NCAAF,americanfootball_ncaaf,6338f8a71aba32414791add2d358472d,2026-10-03T23:30:00Z,South Florida Bulls,Temple Owls,betrivers,BetRivers,2026-09-28T16:55:49Z,spreads,2026-09-28T16:55:49Z,South Florida Bulls,-112,-6.0,20260928165602403570
NCAAF,americanfootball_ncaaf,6338f8a71aba32414791add2d358472d,2026-10-03T23:30:00Z,South Florida Bulls,Temple Owls,betrivers,BetRivers,2026-09-28T16:55:49Z,spreads,2026-09-28T16:55:49Z,Temple Owls,-110,6.0,20260928165602403570
NCAAF,americanfootball_ncaaf,6338f8a71aba32414791add2d358472d,2026-10-03T23:30:00Z,South Florida Bulls,Temple Owls,betrivers,BetRivers,2026-09-28T16:55:49Z,totals,2026-09-28T16:55:49Z,Over,-108,51.5,20260928165602403570
NCAAF,americanfootball_ncaaf,6338f8a71aba32414791add2d358472d,2026-10-03T23:30:00Z,South Florida Bulls,Temple Owls,betrivers,BetRivers,2026-09-28T16:55:49Z,totals,2026-09-28T16:55:49Z,Under,-120,51.5,20260928165602403570
NCAAF,americanfootball_ncaaf,6338f8a71aba32414791add2d358472d,2026-10-03T23:30:00Z,South Florida Bulls,Temple Owls,mybookieag,MyBookie.ag,2026-09-28T16:55:48Z,h2h,2026-09-28T16:55:48Z,South Florida Bulls,-244,,20260928165602403570
NCAAF,americanfootball_ncaaf,6338f8a71aba32414791add2d358472d,2026-10-03T23:30:00Z,South Florida Bulls,Temple Owls,mybookieag,MyBookie.ag,2026-09-28T16:55:48Z,h2h,2026-09-28T16:55:48Z,Temple Owls,194,,20260928165602403570
NCAAF,americanfootball_ncaaf,6338f8a71aba32414791add2d358472d,2026-10-03T23:30:00Z,South Florida Bulls,Temple Owls,mybookieag,MyBookie.ag,2026-09-28T16:55:48Z,spreads,2026-09-28T16:55:48Z,South Florida Bulls,-110,-6.0,20260928165602403570
NCAAF,americanfootball_ncaaf,6338f8a71aba32414791add2d358472d,2026-10-03T23:30:00Z,South Florida Bulls,Temple Owls,mybookieag,MyBookie.ag,2026-09-28T16:55:48Z,spreads,2026-09-28T16:55:48Z,Temple Owls,-110,6.0,20260928165602403570
NCAAF,americanfootball_ncaaf,6338f8a71aba32414791add2d358472d,2026-10-03T23:30:00Z,South Florida Bulls,Temple Owls,mybookieag,MyBookie.ag,2026-09-28T16:55:48Z,totals,2026-09-28T16:55:48Z,Over,-110,51.5,20260928165602403570
NCAAF,americanfootball_ncaaf,6338f8a71aba32414791add2d358472d,2026-10-03T23:30:00Z,South Florida Bulls,Temple Owls,mybookieag,MyBookie.ag,2026-09-28T16:55:48Z,totals,2026-09-28T16:55:48Z,Under,-110,51.5,20260928165602403570
NCAAF,americanfootball_ncaaf,6338f8a71aba32414791add2d358472d,2026-10-03T23:30:00Z,South Florida Bulls,Temple Owls,betus,BetUS,2026-09-28T16:55:53Z,spreads,2026-09-28T16:55:52Z,South Florida Bulls,-110,-6.0,20260928165602403570
NCAAF,americanfootball_ncaaf,6338f8a71aba32414791add2d358472d,2026-10-03T23:30:00Z,South Florida Bulls,Temple Owls,betus,BetUS,2026-09-28T16:55:53Z,spreads,2026-09-28T16:55:52Z,Temple Owls,-110,6.0,20260928165602403570
NCAAF,americanfootball_ncaaf,6338f8a71aba32414791add2d358472d,2026-10-03T23:30:00Z,South Florida Bulls,Temple Owls,betus,BetUS,2026-09-28T16:55:53Z,totals,2026-09-28T16:55:52Z,Over,-110,52.0,20260928165602403570
NCAAF,americanfootball_ncaaf,6338f8a71aba32414791add2d358472d,2026-10-03T23:30:00Z,South Florida Bulls,Temple Owls,betus,BetUS,2026-09-28T16:55:53Z,totals,2026-09-28T16:55:52Z,Under,-110,52.0,20260928165602403570
NCAAF,americanfootball_ncaaf,6338f8a71aba32414791add2d358472d,2026-10-03T23:30:00Z,South Florida Bulls,Temple Owls,betmgm,BetMGM,2026-09-28T16:54:38Z,h2h,2026-09-28T16:54:38Z,South Florida Bulls,-235,,20260928165602403570
NCAAF,americanfootball_ncaaf,6338f8a71aba32414791add2d358472d,2026-10-03T23:30:00Z,South Florida Bulls,Temple Owls,betmgm,BetMGM,2026-09-28T16:54:38Z,h2h,2026-09-28T16:54:38Z,Temple Owls,195,,20260928165602403570
NCAAF,americanfootball_ncaaf,6338f8a71aba32414791add2d358472d,2026-10-03T23:30:00Z,South Florida Bulls,Temple Owls,betmgm,BetMGM,2026-09-28T16:54:38Z,spreads,2026-09-28T16:54:38Z,South Florida Bulls,-108,-6.5,20260928165602403570
NCAAF,americanfootball_ncaaf,6338f8a71aba32414791add2d358472d,2026-10-03T23:30:00Z,South Florida Bulls,Temple Owls,betmgm,BetMGM,2026-09-28T16:54:38Z,spreads,2026-09-28T16:54:38Z,Temple Owls,-110,6.5,20260928165602403570
NCAAF,americanfootball_ncaaf,6338f8a71aba32414791add2d358472d,2026-10-03T23:30:00Z,South Florida Bulls,Temple Owls,betmgm,BetMGM,2026-09-28T16:54:38Z,totals,2026-09-28T16:54:38Z,Over,-105,51.5,20260928165602403570
NCAAF,americanfootball_ncaaf,6338f8a71aba32414791add2d358472d,2026-10-03T23:30:00Z,South Florida Bulls,Temple Owls,betmgm,BetMGM,2026-09-28T16:54:38Z,totals,2026-09-28T16:54:38Z,Under,-112,51.5,20260928165602403570
NCAAF,americanfootball_ncaaf,6338f8a71aba32414791add2d358472d,2026-10-03T23:30:00Z,South Florida Bulls,Temple Owls,bovada,Bovada,2026-09-28T16:54:58Z,h2h,2026-09-28T16:54:58Z,South Florida Bulls,-245,,20260928165602403570
NCAAF,americanfootball_ncaaf,6338f8a71aba32414791add2d358472d,2026-10-03T23:30:00Z,South Florida Bulls,Temple Owls,bovada,Bovada,2026-09-28T16:54:58Z,h2h,2026-09-28T16:54:58Z,Temple Owls,205,,20260928165602403570
NCAAF,americanfootball_ncaaf,6338f8a71aba32414791add2d358472d,2026-10-03T23:30:00Z,South Florida Bulls,Temple Owls,bovada,Bovada,2026-09-28T16:54:58Z,spreads,2026-09-28T16:54:58Z,South Florida Bulls,-110,-6.5,20260928165602403570
NCAAF,americanfootball_ncaaf,6338f8a71aba32414791add2d358472d,2026-10-03T23:30:00Z,South Florida Bulls,Temple Owls,bovada,Bovada,2026-09-28T16:54:58Z,spreads,2026-09-28T16:54:58Z,Temple Owls,-110,6.5,20260928165602403570
NCAAF,americanfootball_ncaaf,6338f8a71aba32414791add2d358472d,2026-10-03T23:30:00Z,South Florida Bulls,Temple Owls,bovada,Bovada,2026-09-28T16:54:58Z,totals,2026-09-28T16:54:58Z,Over,-110,51.0,20260928165602403570
NCAAF,americanfootball_ncaaf,6338f8a71aba32414791add2d358472d,2026-10-03T23:30:00Z,South Florida Bulls,Temple Owls,bovada,Bovada,2026-09-28T16:54:58Z,totals,2026-09-28T16:54:58Z,Under,-110,51.0,20260928165602403570
NCAAF,americanfootball_ncaaf,f981648dba0e71d8517d47d31aa2633d,2026-10-03T23:30:00Z,USC Trojans,Washington Huskies,draftkings,DraftKings,2026-09-28T16:55:34Z,h2h,2026-09-28T16:55:34Z,USC Trojans,-340,,20260928165602403570
NCAAF,americanfootball_ncaaf,f981648dba0e71d8517d47d31aa2633d,2026-10-03T23:30:00Z,USC Trojans,Washington Huskies,draftkings,DraftKings,2026-09-28T16:55:34Z,h2h,2026-09-28T16:55:34Z,Washington Huskies,270,,20260928165602403570
NCAAF,americanfootball_ncaaf,f981648dba0e71d8517d47d31aa2633d,2026-10-03T23:30:00Z,USC Trojans,Washington Huskies,draftkings,DraftKings,2026-09-28T16:55:34Z,spreads,2026-09-28T16:55:34Z,USC Trojans,-110,-8.5,20260928165602403570
NCAAF,americanfootball_ncaaf,f981648dba0e71d8517d47d31aa2633d,2026-10-03T23:30:00Z,USC Trojans,Washington Huskies,draftkings,DraftKings,2026-09-28T16:55:34Z,spreads,2026-09-28T16:55:34Z,Washington Huskies,-110,8.5,20260928165602403570
NCAAF,americanfootball_ncaaf,f981648dba0e71d8517d47d31aa2633d,2026-10-03T23:30:00Z,USC Trojans,Washington Huskies,draftkings,DraftKings,2026-09-28T16:55:34Z,totals,2026-09-28T16:55:34Z,Over,-115,57.5,20260928165602403570
NCAAF,americanfootball_ncaaf,f981648dba0e71d8517d47d31aa2633d,2026-10-03T23:30:00Z,USC Trojans,Washington Huskies,draftkings,DraftKings,2026-09-28T16:55:34Z,totals,2026-09-28T16:55:34Z,Under,-105,57.5,20260928165602403570
NCAAF,americanfootball_ncaaf,f981648dba0e71d8517d47d31aa2633d,2026-10-03T23:30:00Z,USC Trojans,Washington Huskies,fanduel,FanDuel,2026-09-28T16:55:50Z,h2h,2026-09-28T16:55:49Z,USC Trojans,-360,,20260928165602403570
NCAAF,americanfootball_ncaaf,f981648dba0e71d8517d47d31aa2633d,2026-10-03T23:30:00Z,USC Trojans,Washington Huskies,fanduel,FanDuel,2026-09-28T16:55:50Z,h2h,2026-09-28T16:55:49Z,Washington Huskies,280,,20260928165602403570
NCAAF,americanfootball_ncaaf,f981648dba0e71d8517d47d31aa2633d,2026-10-03T23:30:00Z,USC Trojans,Washington Huskies,fanduel,FanDuel,2026-09-28T16:55:50Z,spreads,2026-09-28T16:55:49Z,USC Trojans,-110,-9.5,20260928165602403570
NCAAF,americanfootball_ncaaf,f981648dba0e71d8517d47d31aa2633d,2026-10-03T23:30:00Z,USC Trojans,Washington Huskies,fanduel,FanDuel,2026-09-28T16:55:50Z,spreads,2026-09-28T16:55:49Z,Washington Huskies,-110,9.5,20260928165602403570
NCAAF,americanfootball_ncaaf,f981648dba0e71d8517d47d31aa2633d,2026-10-03T23:30:00Z,USC Trojans,Washington Huskies,fanduel,FanDuel,2026-09-28T16:55:50Z,totals,2026-09-28T16:55:49Z,Over,-106,58.5,20260928165602403570
NCAAF,americanfootball_ncaaf,f981648dba0e71d8517d47d31aa2633d,2026-10-03T23:30:00Z,USC Trojans,Washington Huskies,fanduel,FanDuel,2026-09-28T16:55:50Z,totals,2026-09-28T16:55:49Z,Under,-114,58.5,20260928165602403570
NCAAF,americanfootball_ncaaf,f981648dba0e71d8517d47d31aa2633d,2026-10-03T23:30:00Z,USC Trojans,Washington Huskies,betrivers,BetRivers,2026-09-28T16:55:49Z,h2h,2026-09-28T16:55:49Z,USC Trojans,-385,,20260928165602403570
NCAAF,americanfootball_ncaaf,f981648dba0e71d8517d47d31aa2633d,2026-10-03T23:30:00Z,USC Trojans,Washington Huskies,betrivers,BetRivers,2026-09-28T16:55:49Z,h2h,2026-09-28T16:55:49Z,Washington Huskies,290,,20260928165602403570
NCAAF,americanfootball_ncaaf,f981648dba0e71d8517d47d31aa2633d,2026-10-03T23:30:00Z,USC Trojans,Washington Huskies,betrivers,BetRivers,2026-09-28T16:55:49Z,spreads,2026-09-28T16:55:49Z,USC Trojans,-110,-9.5,20260928165602403570
NCAAF,americanfootball_ncaaf,f981648dba0e71d8517d47d31aa2633d,2026-10-03T23:30:00Z,USC Trojans,Washington Huskies,betrivers,BetRivers,2026-09-28T16:55:49Z,spreads,2026-09-28T16:55:49Z,Washington Huskies,-113,9.5,20260928165602403570
NCAAF,americanfootball_ncaaf,f981648dba0e71d8517d47d31aa2633d,2026-10-03T23:30:00Z,USC Trojans,Washington Huskies,betrivers,BetRivers,2026-09-28T16:55:49Z,totals,2026-09-28T16:55:49Z,Over,-114,57.0,20260928165602403570
NCAAF,americanfootball_ncaaf,f981648dba0e71d8517d47d31aa2633d,2026-10-03T23:30:00Z,USC Trojans,Washington Huskies,betrivers,BetRivers,2026-09-28T16:55:49Z,totals,2026-09-28T16:55:49Z,Under,-109,57.0,20260928165602403570
NCAAF,americanfootball_ncaaf,f981648dba0e71d8517d47d31aa2633d,2026-10-03T23:30:00Z,USC Trojans,Washington Huskies,lowvig,LowVig.ag,2026-09-28T16:55:49Z,h2h,2026-09-28T16:55:49Z,USC Trojans,-355,,20260928165602403570
NCAAF,americanfootball_ncaaf,f981648dba0e71d8517d47d31aa2633d,2026-10-03T23:30:00Z,USC Trojans,Washington Huskies,lowvig,LowVig.ag,2026-09-28T16:55:49Z,h2h,2026-09-28T16:55:49Z,Washington Huskies,285,,20260928165602403570
NCAAF,americanfootball_ncaaf,f981648dba0e71d8517d47d31aa2633d,2026-10-03T23:30:00Z,USC Trojans,Washington Huskies,lowvig,LowVig.ag,2026-09-28T16:55:49Z,spreads,2026-09-28T16:55:49Z,USC Trojans,-101,-9.0,20260928165602403570
NCAAF,americanfootball_ncaaf,f981648dba0e71d8517d47d31aa2633d,2026-10-03T23:30:00Z,USC Trojans,Washington Huskies,lowvig,LowVig.ag,2026-09-28T16:55:49Z,spreads,2026-09-28T16:55:49Z,Washington Huskies,-111,9.0,20260928165602403570
NCAAF,americanfootball_ncaaf,f981648dba0e71d8517d47d31aa2633d,2026-10-03T23:30:00Z,USC Trojans,Washington Huskies,lowvig,LowVig.ag,2026-09-28T16:55:49Z,totals,2026-09-28T16:55:49Z,Over,-114,57.5,20260928165602403570
NCAAF,americanfootball_ncaaf,f981648dba0e71d8517d47d31aa2633d,2026-10-03T23:30:00Z,USC Trojans,Washington Huskies,lowvig,LowVig.ag,2026-09-28T16:55:49Z,totals,2026-09-28T16:55:49Z,Under,-103,57.5,20260928165602403570
NCAAF,americanfootball_ncaaf,f981648dba0e71d8517d47d31aa2633d,2026-10-03T23:30:00Z,USC Trojans,Washington Huskies,betonlineag,BetOnline.ag,2026-09-28T16:55:07Z,h2h,2026-09-28T16:55:07Z,USC Trojans,-355,,20260928165602403570
NCAAF,americanfootball_ncaaf,f981648dba0e71d8517d47d31aa2633d,2026-10-03T23:30:00Z,USC Trojans,Washington Huskies,betonlineag,BetOnline.ag,2026-09-28T16:55:07Z,h2h,2026-09-28T16:55:07Z,Washington Huskies,285,,20260928165602403570
NCAAF,americanfootball_ncaaf,f981648dba0e71d8517d47d31aa2633d,2026-10-03T23:30:00Z,USC Trojans,Washington Huskies,betonlineag,BetOnline.ag,2026-09-28T16:55:07Z,spreads,2026-09-28T16:55:07Z,USC Trojans,-105,-9.0,20260928165602403570
NCAAF,americanfootball_ncaaf,f981648dba0e71d8517d47d31aa2633d,2026-10-03T23:30:00Z,USC Trojans,Washington Huskies,betonlineag,BetOnline.ag,2026-09-28T16:55:07Z,spreads,2026-09-28T16:55:07Z,Washington Huskies,-115,9.0,20260928165602403570
NCAAF,americanfootball_ncaaf,f981648dba0e71d8517d47d31aa2633d,2026-10-03T23:30:00Z,USC Trojans,Washington Huskies,betonlineag,BetOnline.ag,2026-09-28T16:55:07Z,totals,2026-09-28T16:55:07Z,Over,-115,57.5,20260928165602403570
NCAAF,americanfootball_ncaaf,f981648dba0e71d8517d47d31aa2633d,2026-10-03T23:30:00Z,USC Trojans,Washington Huskies,betonlineag,BetOnline.ag,2026-09-28T16:55:07Z,totals,2026-09-28T16:55:07Z,Under,-105,57.5,20260928165602403570
NCAAF,americanfootball_ncaaf,f981648dba0e71d8517d47d31aa2633d,2026-10-03T23:30:00Z,USC Trojans,Washington Huskies,betus,BetUS,2026-09-28T16:55:53Z,spreads,2026-09-28T16:55:52Z,USC Trojans,-105,-9.0,20260928165602403570
NCAAF,americanfootball_ncaaf,f981648dba0e71d8517d47d31aa2633d,2026-10-03T23:30:00Z,USC Trojans,Washington Huskies,betus,BetUS,2026-09-28T16:55:53Z,spreads,2026-09-28T16:55:52Z,Washington Huskies,-115,9.0,20260928165602403570
NCAAF,americanfootball_ncaaf,f981648dba0e71d8517d47d31aa2633d,2026-10-03T23:30:00Z,USC Trojans,Washington Huskies,betus,BetUS,2026-09-28T16:55:53Z,totals,2026-09-28T16:55:52Z,Over,-115,57.5,20260928165602403570
NCAAF,americanfootball_ncaaf,f981648dba0e71d8517d47d31aa2633d,2026-10-03T23:30:00Z,USC Trojans,Washington Huskies,betus,BetUS,2026-09-28T16:55:53Z,totals,2026-09-28T16:55:52Z,Under,-105,57.5,20260928165602403570
NCAAF,americanfootball_ncaaf,f981648dba0e71d8517d47d31aa2633d,2026-10-03T23:30:00Z,USC Trojans,Washington Huskies,betmgm,BetMGM,2026-09-28T16:54:38Z,h2h,2026-09-28T16:54:38Z,USC Trojans,-350,,20260928165602403570
NCAAF,americanfootball_ncaaf,f981648dba0e71d8517d47d31aa2633d,2026-10-03T23:30:00Z,USC Trojans,Washington Huskies,betmgm,BetMGM,2026-09-28T16:54:38Z,h2h,2026-09-28T16:54:38Z,Washington Huskies,275,,20260928165602403570
NCAAF,americanfootball_ncaaf,f981648dba0e71d8517d47d31aa2633d,2026-10-03T23:30:00Z,USC Trojans,Washington Huskies,betmgm,BetMGM,2026-09-28T16:54:38Z,spreads,2026-09-28T16:54:38Z,USC Trojans,-108,-8.5,20260928165602403570
NCAAF,americanfootball_ncaaf,f981648dba0e71d8517d47d31aa2633d,2026-10-03T23:30:00Z,USC Trojans,Washington Huskies,betmgm,BetMGM,2026-09-28T16:54:38Z,spreads,2026-09-28T16:54:38Z,Washington Huskies,-110,8.5,20260928165602403570
NCAAF,americanfootball_ncaaf,f981648dba0e71d8517d47d31aa2633d,2026-10-03T23:30:00Z,USC Trojans,Washington Huskies,betmgm,BetMGM,2026-09-28T16:54:38Z,totals,2026-09-28T16:54:38Z,Over,-112,57.5,20260928165602403570
NCAAF,americanfootball_ncaaf,f981648dba0e71d8517d47d31aa2633d,2026-10-03T23:30:00Z,USC Trojans,Washington Huskies,betmgm,BetMGM,2026-09-28T16:54:38Z,totals,2026-09-28T16:54:38Z,Under,-105,57.5,20260928165602403570
NCAAF,americanfootball_ncaaf,f981648dba0e71d8517d47d31aa2633d,2026-10-03T23:30:00Z,USC Trojans,Washington Huskies,mybookieag,MyBookie.ag,2026-09-28T16:55:48Z,h2h,2026-09-28T16:55:48Z,USC Trojans,-350,,20260928165602403570
NCAAF,americanfootball_ncaaf,f981648dba0e71d8517d47d31aa2633d,2026-10-03T23:30:00Z,USC Trojans,Washington Huskies,mybookieag,MyBookie.ag,2026-09-28T16:55:48Z,h2h,2026-09-28T16:55:48Z,Washington Huskies,265,,20260928165602403570
NCAAF,americanfootball_ncaaf,f981648dba0e71d8517d47d31aa2633d,2026-10-03T23:30:00Z,USC Trojans,Washington Huskies,mybookieag,MyBookie.ag,2026-09-28T16:55:48Z,spreads,2026-09-28T16:55:48Z,USC Trojans,-110,-8.5,20260928165602403570
NCAAF,americanfootball_ncaaf,f981648dba0e71d8517d47d31aa2633d,2026-10-03T23:30:00Z,USC Trojans,Washington Huskies,mybookieag,MyBookie.ag,2026-09-28T16:55:48Z,spreads,2026-09-28T16:55:48Z,Washington Huskies,-110,8.5,20260928165602403570
NCAAF,americanfootball_ncaaf,f981648dba0e71d8517d47d31aa2633d,2026-10-03T23:30:00Z,USC Trojans,Washington Huskies,mybookieag,MyBookie.ag,2026-09-28T16:55:48Z,totals,2026-09-28T16:55:48Z,Over,-110,57.5,20260928165602403570
NCAAF,americanfootball_ncaaf,f981648dba0e71d8517d47d31aa2633d,2026-10-03T23:30:00Z,USC Trojans,Washington Huskies,mybookieag,MyBookie.ag,2026-09-28T16:55:48Z,totals,2026-09-28T16:55:48Z,Under,-110,57.5,20260928165602403570
NCAAF,americanfootball_ncaaf,f981648dba0e71d8517d47d31aa2633d,2026-10-03T23:30:00Z,USC Trojans,Washington Huskies,bovada,Bovada,2026-09-28T16:54:58Z,h2h,2026-09-28T16:54:58Z,USC Trojans,-360,,20260928165602403570
NCAAF,americanfootball_ncaaf,f981648dba0e71d8517d47d31aa2633d,2026-10-03T23:30:00Z,USC Trojans,Washington Huskies,bovada,Bovada,2026-09-28T16:54:58Z,h2h,2026-09-28T16:54:58Z,Washington Huskies,280,,20260928165602403570
NCAAF,americanfootball_ncaaf,f981648dba0e71d8517d47d31aa2633d,2026-10-03T23:30:00Z,USC Trojans,Washington Huskies,bovada,Bovada,2026-09-28T16:54:58Z,spreads,2026-09-28T16:54:58Z,USC Trojans,-110,-8.5,20260928165602403570
NCAAF,americanfootball_ncaaf,f981648dba0e71d8517d47d31aa2633d,2026-10-03T23:30:00Z,USC Trojans,Washington Huskies,bovada,Bovada,2026-09-28T16:54:58Z,spreads,2026-09-28T16:54:58Z,Washington Huskies,-110,8.5,20260928165602403570
NCAAF,americanfootball_ncaaf,f981648dba0e71d8517d47d31aa2633d,2026-10-03T23:30:00Z,USC Trojans,Washington Huskies,bovada,Bovada,2026-09-28T16:54:58Z,totals,2026-09-28T16:54:58Z,Over,-105,57.5,20260928165602403570
NCAAF,americanfootball_ncaaf,f981648dba0e71d8517d47d31aa2633d,2026-10-03T23:30:00Z,USC Trojans,Washington Huskies,bovada,Bovada,2026-09-28T16:54:58Z,totals,2026-09-28T16:54:58Z,Under,-115,57.5,20260928165602403570
NCAAF,americanfootball_ncaaf,1d3756ab74c013c39510958b5a632b74,2026-10-04T00:00:00Z,Louisiana Ragin Cajuns,Arkansas State Red Wolves,draftkings,DraftKings,2026-09-28T16:55:34Z,h2h,2026-09-28T16:55:34Z,Arkansas State Red Wolves,215,,20260928165602403570
NCAAF,americanfootball_ncaaf,1d3756ab74c013c39510958b5a632b74,2026-10-04T00:00:00Z,Louisiana Ragin Cajuns,Arkansas State Red Wolves,draftkings,DraftKings,2026-09-28T16:55:34Z,h2h,2026-09-28T16:55:34Z,Louisiana Ragin Cajuns,-265,,20260928165602403570
NCAAF,americanfootball_ncaaf,1d3756ab74c013c39510958b5a632b74,2026-10-04T00:00:00Z,Louisiana Ragin Cajuns,Arkansas State Red Wolves,draftkings,DraftKings,2026-09-28T16:55:34Z,spreads,2026-09-28T16:55:34Z,Arkansas State Red Wolves,-105,6.5,20260928165602403570
NCAAF,americanfootball_ncaaf,1d3756ab74c013c39510958b5a632b74,2026-10-04T00:00:00Z,Louisiana Ragin Cajuns,Arkansas State Red Wolves,draftkings,DraftKings,2026-09-28T16:55:34Z,spreads,2026-09-28T16:55:34Z,Louisiana Ragin Cajuns,-115,-6.5,20260928165602403570
NCAAF,americanfootball_ncaaf,1d3756ab74c013c39510958b5a632b74,2026-10-04T00:00:00Z,Louisiana Ragin Cajuns,Arkansas State Red Wolves,draftkings,DraftKings,2026-09-28T16:55:34Z,totals,2026-09-28T16:55:34Z,Over,-105,47.5,20260928165602403570
NCAAF,americanfootball_ncaaf,1d3756ab74c013c39510958b5a632b74,2026-10-04T00:00:00Z,Louisiana Ragin Cajuns,Arkansas State Red Wolves,draftkings,DraftKings,2026-09-28T16:55:34Z,totals,2026-09-28T16:55:34Z,Under,-115,47.5,20260928165602403570
NCAAF,americanfootball_ncaaf,1d3756ab74c013c39510958b5a632b74,2026-10-04T00:00:00Z,Louisiana Ragin Cajuns,Arkansas State Red Wolves,betonlineag,BetOnline.ag,2026-09-28T16:55:07Z,h2h,2026-09-28T16:55:07Z,Arkansas State Red Wolves,207,,20260928165602403570
NCAAF,americanfootball_ncaaf,1d3756ab74c013c39510958b5a632b74,2026-10-04T00:00:00Z,Louisiana Ragin Cajuns,Arkansas State Red Wolves,betonlineag,BetOnline.ag,2026-09-28T16:55:07Z,h2h,2026-09-28T16:55:07Z,Louisiana Ragin Cajuns,-250,,20260928165602403570
NCAAF,americanfootball_ncaaf,1d3756ab74c013c39510958b5a632b74,2026-10-04T00:00:00Z,Louisiana Ragin Cajuns,Arkansas State Red Wolves,betonlineag,BetOnline.ag,2026-09-28T16:55:07Z,spreads,2026-09-28T16:55:07Z,Arkansas State Red Wolves,-105,6.5,20260928165602403570
NCAAF,americanfootball_ncaaf,1d3756ab74c013c39510958b5a632b74,2026-10-04T00:00:00Z,Louisiana Ragin Cajuns,Arkansas State Red Wolves,betonlineag,BetOnline.ag,2026-09-28T16:55:07Z,spreads,2026-09-28T16:55:07Z,Louisiana Ragin Cajuns,-115,-6.5,20260928165602403570
NCAAF,americanfootball_ncaaf,1d3756ab74c013c39510958b5a632b74,2026-10-04T00:00:00Z,Louisiana Ragin Cajuns,Arkansas State Red Wolves,betonlineag,BetOnline.ag,2026-09-28T16:55:07Z,totals,2026-09-28T16:55:07Z,Over,-110,47.0,20260928165602403570
NCAAF,americanfootball_ncaaf,1d3756ab74c013c39510958b5a632b74,2026-10-04T00:00:00Z,Louisiana Ragin Cajuns,Arkansas State Red Wolves,betonlineag,BetOnline.ag,2026-09-28T16:55:07Z,totals,2026-09-28T16:55:07Z,Under,-110,47.0,20260928165602403570
NCAAF,americanfootball_ncaaf,1d3756ab74c013c39510958b5a632b74,2026-10-04T00:00:00Z,Louisiana Ragin Cajuns,Arkansas State Red Wolves,lowvig,LowVig.ag,2026-09-28T16:55:49Z,h2h,2026-09-28T16:55:49Z,Arkansas State Red Wolves,207,,20260928165602403570
NCAAF,americanfootball_ncaaf,1d3756ab74c013c39510958b5a632b74,2026-10-04T00:00:00Z,Louisiana Ragin Cajuns,Arkansas State Red Wolves,lowvig,LowVig.ag,2026-09-28T16:55:49Z,h2h,2026-09-28T16:55:49Z,Louisiana Ragin Cajuns,-250,,20260928165602403570
NCAAF,americanfootball_ncaaf,1d3756ab74c013c39510958b5a632b74,2026-10-04T00:00:00Z,Louisiana Ragin Cajuns,Arkansas State Red Wolves,lowvig,LowVig.ag,2026-09-28T16:55:49Z,spreads,2026-09-28T16:55:49Z,Arkansas State Red Wolves,-101,6.5,20260928165602403570
NCAAF,americanfootball_ncaaf,1d3756ab74c013c39510958b5a632b74,2026-10-04T00:00:00Z,Louisiana Ragin Cajuns,Arkansas State Red Wolves,lowvig,LowVig.ag,2026-09-28T16:55:49Z,spreads,2026-09-28T16:55:49Z,Louisiana Ragin Cajuns,-111,-6.5,20260928165602403570
NCAAF,americanfootball_ncaaf,1d3756ab74c013c39510958b5a632b74,2026-10-04T00:00:00Z,Louisiana Ragin Cajuns,Arkansas State Red Wolves,lowvig,LowVig.ag,2026-09-28T16:55:49Z,totals,2026-09-28T16:55:49Z,Over,-108,47.0,20260928165602403570
NCAAF,americanfootball_ncaaf,1d3756ab74c013c39510958b5a632b74,2026-10-04T00:00:00Z,Louisiana Ragin Cajuns,Arkansas State Red Wolves,lowvig,LowVig.ag,2026-09-28T16:55:49Z,totals,2026-09-28T16:55:49Z,Under,-108,47.0,20260928165602403570
NCAAF,americanfootball_ncaaf,1d3756ab74c013c39510958b5a632b74,2026-10-04T00:00:00Z,Louisiana Ragin Cajuns,Arkansas State Red Wolves,fanduel,FanDuel,2026-09-28T16:55:50Z,h2h,2026-09-28T16:55:50Z,Arkansas State Red Wolves,205,,20260928165602403570
NCAAF,americanfootball_ncaaf,1d3756ab74c013c39510958b5a632b74,2026-10-04T00:00:00Z,Louisiana Ragin Cajuns,Arkansas State Red Wolves,fanduel,FanDuel,2026-09-28T16:55:50Z,h2h,2026-09-28T16:55:50Z,Louisiana Ragin Cajuns,-255,,20260928165602403570
NCAAF,americanfootball_ncaaf,1d3756ab74c013c39510958b5a632b74,2026-10-04T00:00:00Z,Louisiana Ragin Cajuns,Arkansas State Red Wolves,fanduel,FanDuel,2026-09-28T16:55:50Z,spreads,2026-09-28T16:55:50Z,Arkansas State Red Wolves,-105,6.5,20260928165602403570
NCAAF,americanfootball_ncaaf,1d3756ab74c013c39510958b5a632b74,2026-10-04T00:00:00Z,Louisiana Ragin Cajuns,Arkansas State Red Wolves,fanduel,FanDuel,2026-09-28T16:55:50Z,spreads,2026-09-28T16:55:50Z,Louisiana Ragin Cajuns,-115,-6.5,20260928165602403570
NCAAF,americanfootball_ncaaf,1d3756ab74c013c39510958b5a632b74,2026-10-04T00:00:00Z,Louisiana Ragin Cajuns,Arkansas State Red Wolves,fanduel,FanDuel,2026-09-28T16:55:50Z,totals,2026-09-28T16:55:50Z,Over,-110,47.5,20260928165602403570
NCAAF,americanfootball_ncaaf,1d3756ab74c013c39510958b5a632b74,2026-10-04T00:00:00Z,Louisiana Ragin Cajuns,Arkansas State Red Wolves,fanduel,FanDuel,2026-09-28T16:55:50Z,totals,2026-09-28T16:55:50Z,Under,-110,47.5,20260928165602403570
NCAAF,americanfootball_ncaaf,1d3756ab74c013c39510958b5a632b74,2026-10-04T00:00:00Z,Louisiana Ragin Cajuns,Arkansas State Red Wolves,mybookieag,MyBookie.ag,2026-09-28T16:55:48Z,h2h,2026-09-28T16:55:48Z,Arkansas State Red Wolves,218,,20260928165602403570
NCAAF,americanfootball_ncaaf,1d3756ab74c013c39510958b5a632b74,2026-10-04T00:00:00Z,Louisiana Ragin Cajuns,Arkansas State Red Wolves,mybookieag,MyBookie.ag,2026-09-28T16:55:48Z,h2h,2026-09-28T16:55:48Z,Louisiana Ragin Cajuns,-280,,20260928165602403570
NCAAF,americanfootball_ncaaf,1d3756ab74c013c39510958b5a632b74,2026-10-04T00:00:00Z,Louisiana Ragin Cajuns,Arkansas State Red Wolves,mybookieag,MyBookie.ag,2026-09-28T16:55:48Z,spreads,2026-09-28T16:55:48Z,Arkansas State Red Wolves,-110,6.5,20260928165602403570
NCAAF,americanfootball_ncaaf,1d3756ab74c013c39510958b5a632b74,2026-10-04T00:00:00Z,Louisiana Ragin Cajuns,Arkansas State Red Wolves,mybookieag,MyBookie.ag,2026-09-28T16:55:48Z,spreads,2026-09-28T16:55:48Z,Louisiana Ragin Cajuns,-110,-6.5,20260928165602403570
NCAAF,americanfootball_ncaaf,1d3756ab74c013c39510958b5a632b74,2026-10-04T00:00:00Z,Louisiana Ragin Cajuns,Arkansas State Red Wolves,mybookieag,MyBookie.ag,2026-09-28T16:55:48Z,totals,2026-09-28T16:55:48Z,Over,-110,47.0,20260928165602403570
NCAAF,americanfootball_ncaaf,1d3756ab74c013c39510958b5a632b74,2026-10-04T00:00:00Z,Louisiana Ragin Cajuns,Arkansas State Red Wolves,mybookieag,MyBookie.ag,2026-09-28T16:55:48Z,totals,2026-09-28T16:55:48Z,Under,-110,47.0,20260928165602403570
NCAAF,americanfootball_ncaaf,1d3756ab74c013c39510958b5a632b74,2026-10-04T00:00:00Z,Louisiana Ragin Cajuns,Arkansas State Red Wolves,betus,BetUS,2026-09-28T16:55:53Z,spreads,2026-09-28T16:55:53Z,Arkansas State Red Wolves,-105,6.5,20260928165602403570
NCAAF,americanfootball_ncaaf,1d3756ab74c013c39510958b5a632b74,2026-10-04T00:00:00Z,Louisiana Ragin Cajuns,Arkansas State Red Wolves,betus,BetUS,2026-09-28T16:55:53Z,spreads,2026-09-28T16:55:53Z,Louisiana Ragin Cajuns,-115,-6.5,20260928165602403570
NCAAF,americanfootball_ncaaf,1d3756ab74c013c39510958b5a632b74,2026-10-04T00:00:00Z,Louisiana Ragin Cajuns,Arkansas State Red Wolves,betus,BetUS,2026-09-28T16:55:53Z,totals,2026-09-28T16:55:53Z,Over,-110,47.0,20260928165602403570
NCAAF,americanfootball_ncaaf,1d3756ab74c013c39510958b5a632b74,2026-10-04T00:00:00Z,Louisiana Ragin Cajuns,Arkansas State Red Wolves,betus,BetUS,2026-09-28T16:55:53Z,totals,2026-09-28T16:55:53Z,Under,-110,47.0,20260928165602403570
NCAAF,americanfootball_ncaaf,1d3756ab74c013c39510958b5a632b74,2026-10-04T00:00:00Z,Louisiana Ragin Cajuns,Arkansas State Red Wolves,betmgm,BetMGM,2026-09-28T16:54:38Z,h2h,2026-09-28T16:54:38Z,Arkansas State Red Wolves,210,,20260928165602403570
NCAAF,americanfootball_ncaaf,1d3756ab74c013c39510958b5a632b74,2026-10-04T00:00:00Z,Louisiana Ragin Cajuns,Arkansas State Red Wolves,betmgm,BetMGM,2026-09-28T16:54:38Z,h2h,2026-09-28T16:54:38Z,Louisiana Ragin Cajuns,-250,,20260928165602403570
NCAAF,americanfootball_ncaaf,1d3756ab74c013c39510958b5a632b74,2026-10-04T00:00:00Z,Louisiana Ragin Cajuns,Arkansas State Red Wolves,betmgm,BetMGM,2026-09-28T16:54:38Z,spreads,2026-09-28T16:54:38Z,Arkansas State Red Wolves,-105,6.5,20260928165602403570
NCAAF,americanfootball_ncaaf,1d3756ab74c013c39510958b5a632b74,2026-10-04T00:00:00Z,Louisiana Ragin Cajuns,Arkansas State Red Wolves,betmgm,BetMGM,2026-09-28T16:54:38Z,spreads,2026-09-28T16:54:38Z,Louisiana Ragin Cajuns,-115,-6.5,20260928165602403570
NCAAF,americanfootball_ncaaf,1d3756ab74c013c39510958b5a632b74,2026-10-04T00:00:00Z,Louisiana Ragin Cajuns,Arkansas State Red Wolves,betmgm,BetMGM,2026-09-28T16:54:38Z,totals,2026-09-28T16:54:38Z,Over,-105,47.5,20260928165602403570
NCAAF,americanfootball_ncaaf,1d3756ab74c013c39510958b5a632b74,2026-10-04T00:00:00Z,Louisiana Ragin Cajuns,Arkansas State Red Wolves,betmgm,BetMGM,2026-09-28T16:54:38Z,totals,2026-09-28T16:54:38Z,Under,-112,47.5,20260928165602403570
NCAAF,americanfootball_ncaaf,1d3756ab74c013c39510958b5a632b74,2026-10-04T00:00:00Z,Louisiana Ragin Cajuns,Arkansas State Red Wolves,bovada,Bovada,2026-09-28T16:54:58Z,h2h,2026-09-28T16:54:58Z,Arkansas State Red Wolves,225,,20260928165602403570
NCAAF,americanfootball_ncaaf,1d3756ab74c013c39510958b5a632b74,2026-10-04T00:00:00Z,Louisiana Ragin Cajuns,Arkansas State Red Wolves,bovada,Bovada,2026-09-28T16:54:58Z,h2h,2026-09-28T16:54:58Z,Louisiana Ragin Cajuns,-275,,20260928165602403570
NCAAF,americanfootball_ncaaf,1d3756ab74c013c39510958b5a632b74,2026-10-04T00:00:00Z,Louisiana Ragin Cajuns,Arkansas State Red Wolves,bovada,Bovada,2026-09-28T16:54:58Z,spreads,2026-09-28T16:54:58Z,Arkansas State Red Wolves,-110,7.0,20260928165602403570
NCAAF,americanfootball_ncaaf,1d3756ab74c013c39510958b5a632b74,2026-10-04T00:00:00Z,Louisiana Ragin Cajuns,Arkansas State Red Wolves,bovada,Bovada,2026-09-28T16:54:58Z,spreads,2026-09-28T16:54:58Z,Louisiana Ragin Cajuns,-110,-7.0,20260928165602403570
NCAAF,americanfootball_ncaaf,1d3756ab74c013c39510958b5a632b74,2026-10-04T00:00:00Z,Louisiana Ragin Cajuns,Arkansas State Red Wolves,bovada,Bovada,2026-09-28T16:54:58Z,totals,2026-09-28T16:54:58Z,Over,-110,47.0,20260928165602403570
NCAAF,americanfootball_ncaaf,1d3756ab74c013c39510958b5a632b74,2026-10-04T00:00:00Z,Louisiana Ragin Cajuns,Arkansas State Red Wolves,bovada,Bovada,2026-09-28T16:54:58Z,totals,2026-09-28T16:54:58Z,Under,-110,47.0,20260928165602403570
NCAAF,americanfootball_ncaaf,1d3756ab74c013c39510958b5a632b74,2026-10-04T00:00:00Z,Louisiana Ragin Cajuns,Arkansas State Red Wolves,betrivers,BetRivers,2026-09-28T16:55:49Z,h2h,2026-09-28T16:55:49Z,Arkansas State Red Wolves,205,,20260928165602403570
NCAAF,americanfootball_ncaaf,1d3756ab74c013c39510958b5a632b74,2026-10-04T00:00:00Z,Louisiana Ragin Cajuns,Arkansas State Red Wolves,betrivers,BetRivers,2026-09-28T16:55:49Z,h2h,2026-09-28T16:55:49Z,Louisiana Ragin Cajuns,-265,,20260928165602403570
NCAAF,americanfootball_ncaaf,1d3756ab74c013c39510958b5a632b74,2026-10-04T00:00:00Z,Louisiana Ragin Cajuns,Arkansas State Red Wolves,betrivers,BetRivers,2026-09-28T16:55:49Z,spreads,2026-09-28T16:55:49Z,Arkansas State Red Wolves,-118,7.0,20260928165602403570
NCAAF,americanfootball_ncaaf,1d3756ab74c013c39510958b5a632b74,2026-10-04T00:00:00Z,Louisiana Ragin Cajuns,Arkansas State Red Wolves,betrivers,BetRivers,2026-09-28T16:55:49Z,spreads,2026-09-28T16:55:49Z,Louisiana Ragin Cajuns,-105,-7.0,20260928165602403570
NCAAF,americanfootball_ncaaf,1d3756ab74c013c39510958b5a632b74,2026-10-04T00:00:00Z,Louisiana Ragin Cajuns,Arkansas State Red Wolves,betrivers,BetRivers,2026-09-28T16:55:49Z,totals,2026-09-28T16:55:49Z,Over,-121,46.5,20260928165602403570
NCAAF,americanfootball_ncaaf,1d3756ab74c013c39510958b5a632b74,2026-10-04T00:00:00Z,Louisiana Ragin Cajuns,Arkansas State Red Wolves,betrivers,BetRivers,2026-09-28T16:55:49Z,totals,2026-09-28T16:55:49Z,Under,-107,46.5,20260928165602403570
NCAAF,americanfootball_ncaaf,9dcccf34095cde7b0fe36250bb5be6f6,2026-10-04T00:00:00Z,Rutgers Scarlet Knights,Indiana Hoosiers,fanduel,FanDuel,2026-09-28T16:55:50Z,h2h,2026-09-28T16:55:49Z,Indiana Hoosiers,-3500,,20260928165602403570
NCAAF,americanfootball_ncaaf,9dcccf34095cde7b0fe36250bb5be6f6,2026-10-04T00:00:00Z,Rutgers Scarlet Knights,Indiana Hoosiers,fanduel,FanDuel,2026-09-28T16:55:50Z,h2h,2026-09-28T16:55:49Z,Rutgers Scarlet Knights,1280,,20260928165602403570
NCAAF,americanfootball_ncaaf,9dcccf34095cde7b0fe36250bb5be6f6,2026-10-04T00:00:00Z,Rutgers Scarlet Knights,Indiana Hoosiers,fanduel,FanDuel,2026-09-28T16:55:50Z,spreads,2026-09-28T16:55:49Z,Indiana Hoosiers,-104,-24.5,20260928165602403570
NCAAF,americanfootball_ncaaf,9dcccf34095cde7b0fe36250bb5be6f6,2026-10-04T00:00:00Z,Rutgers Scarlet Knights,Indiana Hoosiers,fanduel,FanDuel,2026-09-28T16:55:50Z,spreads,2026-09-28T16:55:49Z,Rutgers Scarlet Knights,-118,24.5,20260928165602403570
NCAAF,americanfootball_ncaaf,9dcccf34095cde7b0fe36250bb5be6f6,2026-10-04T00:00:00Z,Rutgers Scarlet Knights,Indiana Hoosiers,fanduel,FanDuel,2026-09-28T16:55:50Z,totals,2026-09-28T16:55:49Z,Over,-114,55.5,20260928165602403570
NCAAF,americanfootball_ncaaf,9dcccf34095cde7b0fe36250bb5be6f6,2026-10-04T00:00:00Z,Rutgers Scarlet Knights,Indiana Hoosiers,fanduel,FanDuel,2026-09-28T16:55:50Z,totals,2026-09-28T16:55:49Z,Under,-106,55.5,20260928165602403570
NCAAF,americanfootball_ncaaf,9dcccf34095cde7b0fe36250bb5be6f6,2026-10-04T00:00:00Z,Rutgers Scarlet Knights,Indiana Hoosiers,draftkings,DraftKings,2026-09-28T16:55:34Z,h2h,2026-09-28T16:55:34Z,Indiana Hoosiers,-2400,,20260928165602403570
NCAAF,americanfootball_ncaaf,9dcccf34095cde7b0fe36250bb5be6f6,2026-10-04T00:00:00Z,Rutgers Scarlet Knights,Indiana Hoosiers,draftkings,DraftKings,2026-09-28T16:55:34Z,h2h,2026-09-28T16:55:34Z,Rutgers Scarlet Knights,1200,,20260928165602403570
NCAAF,americanfootball_ncaaf,9dcccf34095cde7b0fe36250bb5be6f6,2026-10-04T00:00:00Z,Rutgers Scarlet Knights,Indiana Hoosiers,draftkings,DraftKings,2026-09-28T16:55:34Z,spreads,2026-09-28T16:55:34Z,Indiana Hoosiers,-102,-24.5,20260928165602403570
NCAAF,americanfootball_ncaaf,9dcccf34095cde7b0fe36250bb5be6f6,2026-10-04T00:00:00Z,Rutgers Scarlet Knights,Indiana Hoosiers,draftkings,DraftKings,2026-09-28T16:55:34Z,spreads,2026-09-28T16:55:34Z,Rutgers Scarlet Knights,-118,24.5,20260928165602403570
NCAAF,americanfootball_ncaaf,9dcccf34095cde7b0fe36250bb5be6f6,2026-10-04T00:00:00Z,Rutgers Scarlet Knights,Indiana Hoosiers,draftkings,DraftKings,2026-09-28T16:55:34Z,totals,2026-09-28T16:55:34Z,Over,-105,56.5,20260928165602403570
NCAAF,americanfootball_ncaaf,9dcccf34095cde7b0fe36250bb5be6f6,2026-10-04T00:00:00Z,Rutgers Scarlet Knights,Indiana Hoosiers,draftkings,DraftKings,2026-09-28T16:55:34Z,totals,2026-09-28T16:55:34Z,Under,-115,56.5,20260928165602403570
NCAAF,americanfootball_ncaaf,9dcccf34095cde7b0fe36250bb5be6f6,2026-10-04T00:00:00Z,Rutgers Scarlet Knights,Indiana Hoosiers,betrivers,BetRivers,2026-09-28T16:55:49Z,h2h,2026-09-28T16:55:49Z,Indiana Hoosiers,-5000,,20260928165602403570
NCAAF,americanfootball_ncaaf,9dcccf34095cde7b0fe36250bb5be6f6,2026-10-04T00:00:00Z,Rutgers Scarlet Knights,Indiana Hoosiers,betrivers,BetRivers,2026-09-28T16:55:49Z,h2h,2026-09-28T16:55:49Z,Rutgers Scarlet Knights,1300,,20260928165602403570
NCAAF,americanfootball_ncaaf,9dcccf34095cde7b0fe36250bb5be6f6,2026-10-04T00:00:00Z,Rutgers Scarlet Knights,Indiana Hoosiers,betrivers,BetRivers,2026-09-28T16:55:49Z,spreads,2026-09-28T16:55:49Z,Indiana Hoosiers,-112,-23.5,20260928165602403570
NCAAF,americanfootball_ncaaf,9dcccf34095cde7b0fe36250bb5be6f6,2026-10-04T00:00:00Z,Rutgers Scarlet Knights,Indiana Hoosiers,betrivers,BetRivers,2026-09-28T16:55:49Z,spreads,2026-09-28T16:55:49Z,Rutgers Scarlet Knights,-112,23.5,20260928165602403570
NCAAF,americanfootball_ncaaf,9dcccf34095cde7b0fe36250bb5be6f6,2026-10-04T00:00:00Z,Rutgers Scarlet Knights,Indiana Hoosiers,betrivers,BetRivers,2026-09-28T16:55:49Z,totals,2026-09-28T16:55:49Z,Over,-115,55.0,20260928165602403570
NCAAF,americanfootball_ncaaf,9dcccf34095cde7b0fe36250bb5be6f6,2026-10-04T00:00:00Z,Rutgers Scarlet Knights,Indiana Hoosiers,betrivers,BetRivers,2026-09-28T16:55:49Z,totals,2026-09-28T16:55:49Z,Under,-108,55.0,20260928165602403570
NCAAF,americanfootball_ncaaf,9dcccf34095cde7b0fe36250bb5be6f6,2026-10-04T00:00:00Z,Rutgers Scarlet Knights,Indiana Hoosiers,lowvig,LowVig.ag,2026-09-28T16:55:49Z,spreads,2026-09-28T16:55:49Z,Indiana Hoosiers,-111,-24.0,20260928165602403570
NCAAF,americanfootball_ncaaf,9dcccf34095cde7b0fe36250bb5be6f6,2026-10-04T00:00:00Z,Rutgers Scarlet Knights,Indiana Hoosiers,lowvig,LowVig.ag,2026-09-28T16:55:49Z,spreads,2026-09-28T16:55:49Z,Rutgers Scarlet Knights,-101,24.0,20260928165602403570
NCAAF,americanfootball_ncaaf,9dcccf34095cde7b0fe36250bb5be6f6,2026-10-04T00:00:00Z,Rutgers Scarlet Knights,Indiana Hoosiers,lowvig,LowVig.ag,2026-09-28T16:55:49Z,totals,2026-09-28T16:55:49Z,Over,-108,56.0,20260928165602403570
NCAAF,americanfootball_ncaaf,9dcccf34095cde7b0fe36250bb5be6f6,2026-10-04T00:00:00Z,Rutgers Scarlet Knights,Indiana Hoosiers,lowvig,LowVig.ag,2026-09-28T16:55:49Z,totals,2026-09-28T16:55:49Z,Under,-108,56.0,20260928165602403570
NCAAF,americanfootball_ncaaf,9dcccf34095cde7b0fe36250bb5be6f6,2026-10-04T00:00:00Z,Rutgers Scarlet Knights,Indiana Hoosiers,betonlineag,BetOnline.ag,2026-09-28T16:55:07Z,spreads,2026-09-28T16:55:07Z,Indiana Hoosiers,-115,-24.0,20260928165602403570
NCAAF,americanfootball_ncaaf,9dcccf34095cde7b0fe36250bb5be6f6,2026-10-04T00:00:00Z,Rutgers Scarlet Knights,Indiana Hoosiers,betonlineag,BetOnline.ag,2026-09-28T16:55:07Z,spreads,2026-09-28T16:55:07Z,Rutgers Scarlet Knights,-105,24.0,20260928165602403570
NCAAF,americanfootball_ncaaf,9dcccf34095cde7b0fe36250bb5be6f6,2026-10-04T00:00:00Z,Rutgers Scarlet Knights,Indiana Hoosiers,betonlineag,BetOnline.ag,2026-09-28T16:55:07Z,totals,2026-09-28T16:55:07Z,Over,-110,56.0,20260928165602403570
NCAAF,americanfootball_ncaaf,9dcccf34095cde7b0fe36250bb5be6f6,2026-10-04T00:00:00Z,Rutgers Scarlet Knights,Indiana Hoosiers,betonlineag,BetOnline.ag,2026-09-28T16:55:07Z,totals,2026-09-28T16:55:07Z,Under,-110,56.0,20260928165602403570
NCAAF,americanfootball_ncaaf,9dcccf34095cde7b0fe36250bb5be6f6,2026-10-04T00:00:00Z,Rutgers Scarlet Knights,Indiana Hoosiers,mybookieag,MyBookie.ag,2026-09-28T16:55:48Z,h2h,2026-09-28T16:55:48Z,Indiana Hoosiers,-2273,,20260928165602403570
NCAAF,americanfootball_ncaaf,9dcccf34095cde7b0fe36250bb5be6f6,2026-10-04T00:00:00Z,Rutgers Scarlet Knights,Indiana Hoosiers,mybookieag,MyBookie.ag,2026-09-28T16:55:48Z,h2h,2026-09-28T16:55:48Z,Rutgers Scarlet Knights,970,,20260928165602403570
NCAAF,americanfootball_ncaaf,9dcccf34095cde7b0fe36250bb5be6f6,2026-10-04T00:00:00Z,Rutgers Scarlet Knights,Indiana Hoosiers,mybookieag,MyBookie.ag,2026-09-28T16:55:48Z,spreads,2026-09-28T16:55:48Z,Indiana Hoosiers,-110,-24.0,20260928165602403570
NCAAF,americanfootball_ncaaf,9dcccf34095cde7b0fe36250bb5be6f6,2026-10-04T00:00:00Z,Rutgers Scarlet Knights,Indiana Hoosiers,mybookieag,MyBookie.ag,2026-09-28T16:55:48Z,spreads,2026-09-28T16:55:48Z,Rutgers Scarlet Knights,-110,24.0,20260928165602403570
NCAAF,americanfootball_ncaaf,9dcccf34095cde7b0fe36250bb5be6f6,2026-10-04T00:00:00Z,Rutgers Scarlet Knights,Indiana Hoosiers,mybookieag,MyBookie.ag,2026-09-28T16:55:48Z,totals,2026-09-28T16:55:48Z,Over,-110,55.5,20260928165602403570
NCAAF,americanfootball_ncaaf,9dcccf34095cde7b0fe36250bb5be6f6,2026-10-04T00:00:00Z,Rutgers Scarlet Knights,Indiana Hoosiers,mybookieag,MyBookie.ag,2026-09-28T16:55:48Z,totals,2026-09-28T16:55:48Z,Under,-110,55.5,20260928165602403570
NCAAF,americanfootball_ncaaf,9dcccf34095cde7b0fe36250bb5be6f6,2026-10-04T00:00:00Z,Rutgers Scarlet Knights,Indiana Hoosiers,betus,BetUS,2026-09-28T16:55:53Z,spreads,2026-09-28T16:55:53Z,Indiana Hoosiers,-115,-24.0,20260928165602403570
NCAAF,americanfootball_ncaaf,9dcccf34095cde7b0fe36250bb5be6f6,2026-10-04T00:00:00Z,Rutgers Scarlet Knights,Indiana Hoosiers,betus,BetUS,2026-09-28T16:55:53Z,spreads,2026-09-28T16:55:53Z,Rutgers Scarlet Knights,-105,24.0,20260928165602403570
NCAAF,americanfootball_ncaaf,9dcccf34095cde7b0fe36250bb5be6f6,2026-10-04T00:00:00Z,Rutgers Scarlet Knights,Indiana Hoosiers,betus,BetUS,2026-09-28T16:55:53Z,totals,2026-09-28T16:55:53Z,Over,-110,56.0,20260928165602403570
NCAAF,americanfootball_ncaaf,9dcccf34095cde7b0fe36250bb5be6f6,2026-10-04T00:00:00Z,Rutgers Scarlet Knights,Indiana Hoosiers,betus,BetUS,2026-09-28T16:55:53Z,totals,2026-09-28T16:55:53Z,Under,-110,56.0,20260928165602403570
NCAAF,americanfootball_ncaaf,9dcccf34095cde7b0fe36250bb5be6f6,2026-10-04T00:00:00Z,Rutgers Scarlet Knights,Indiana Hoosiers,betmgm,BetMGM,2026-09-28T16:54:38Z,h2h,2026-09-28T16:54:38Z,Indiana Hoosiers,-2500,,20260928165602403570
NCAAF,americanfootball_ncaaf,9dcccf34095cde7b0fe36250bb5be6f6,2026-10-04T00:00:00Z,Rutgers Scarlet Knights,Indiana Hoosiers,betmgm,BetMGM,2026-09-28T16:54:38Z,h2h,2026-09-28T16:54:38Z,Rutgers Scarlet Knights,1300,,20260928165602403570
NCAAF,americanfootball_ncaaf,9dcccf34095cde7b0fe36250bb5be6f6,2026-10-04T00:00:00Z,Rutgers Scarlet Knights,Indiana Hoosiers,betmgm,BetMGM,2026-09-28T16:54:38Z,spreads,2026-09-28T16:54:38Z,Indiana Hoosiers,-110,-24.0,20260928165602403570
NCAAF,americanfootball_ncaaf,9dcccf34095cde7b0fe36250bb5be6f6,2026-10-04T00:00:00Z,Rutgers Scarlet Knights,Indiana Hoosiers,betmgm,BetMGM,2026-09-28T16:54:38Z,spreads,2026-09-28T16:54:38Z,Rutgers Scarlet Knights,-108,24.0,20260928165602403570
NCAAF,americanfootball_ncaaf,9dcccf34095cde7b0fe36250bb5be6f6,2026-10-04T00:00:00Z,Rutgers Scarlet Knights,Indiana Hoosiers,betmgm,BetMGM,2026-09-28T16:54:38Z,totals,2026-09-28T16:54:38Z,Over,-105,56.5,20260928165602403570
NCAAF,americanfootball_ncaaf,9dcccf34095cde7b0fe36250bb5be6f6,2026-10-04T00:00:00Z,Rutgers Scarlet Knights,Indiana Hoosiers,betmgm,BetMGM,2026-09-28T16:54:38Z,totals,2026-09-28T16:54:38Z,Under,-112,56.5,20260928165602403570
NCAAF,americanfootball_ncaaf,9dcccf34095cde7b0fe36250bb5be6f6,2026-10-04T00:00:00Z,Rutgers Scarlet Knights,Indiana Hoosiers,bovada,Bovada,2026-09-28T16:54:58Z,h2h,2026-09-28T16:54:58Z,Indiana Hoosiers,-2500,,20260928165602403570
NCAAF,americanfootball_ncaaf,9dcccf34095cde7b0fe36250bb5be6f6,2026-10-04T00:00:00Z,Rutgers Scarlet Knights,Indiana Hoosiers,bovada,Bovada,2026-09-28T16:54:58Z,h2h,2026-09-28T16:54:58Z,Rutgers Scarlet Knights,1000,,20260928165602403570
NCAAF,americanfootball_ncaaf,9dcccf34095cde7b0fe36250bb5be6f6,2026-10-04T00:00:00Z,Rutgers Scarlet Knights,Indiana Hoosiers,bovada,Bovada,2026-09-28T16:54:58Z,spreads,2026-09-28T16:54:58Z,Indiana Hoosiers,-105,-24.5,20260928165602403570
NCAAF,americanfootball_ncaaf,9dcccf34095cde7b0fe36250bb5be6f6,2026-10-04T00:00:00Z,Rutgers Scarlet Knights,Indiana Hoosiers,bovada,Bovada,2026-09-28T16:54:58Z,spreads,2026-09-28T16:54:58Z,Rutgers Scarlet Knights,-115,24.5,20260928165602403570
NCAAF,americanfootball_ncaaf,9dcccf34095cde7b0fe36250bb5be6f6,2026-10-04T00:00:00Z,Rutgers Scarlet Knights,Indiana Hoosiers,bovada,Bovada,2026-09-28T16:54:58Z,totals,2026-09-28T16:54:58Z,Over,-110,56.0,20260928165602403570
NCAAF,americanfootball_ncaaf,9dcccf34095cde7b0fe36250bb5be6f6,2026-10-04T00:00:00Z,Rutgers Scarlet Knights,Indiana Hoosiers,bovada,Bovada,2026-09-28T16:54:58Z,totals,2026-09-28T16:54:58Z,Under,-110,56.0,20260928165602403570
NCAAF,americanfootball_ncaaf,23025b717a93bdd8f30424e90a97d68f,2026-10-04T01:30:00Z,Washington State Cougars,Fresno State Bulldogs,fanduel,FanDuel,2026-09-28T16:55:50Z,h2h,2026-09-28T16:55:50Z,Fresno State Bulldogs,100,,20260928165602403570
NCAAF,americanfootball_ncaaf,23025b717a93bdd8f30424e90a97d68f,2026-10-04T01:30:00Z,Washington State Cougars,Fresno State Bulldogs,fanduel,FanDuel,2026-09-28T16:55:50Z,h2h,2026-09-28T16:55:50Z,Washington State Cougars,-120,,20260928165602403570
NCAAF,americanfootball_ncaaf,23025b717a93bdd8f30424e90a97d68f,2026-10-04T01:30:00Z,Washington State Cougars,Fresno State Bulldogs,fanduel,FanDuel,2026-09-28T16:55:50Z,spreads,2026-09-28T16:55:50Z,Fresno State Bulldogs,-110,1.5,20260928165602403570
NCAAF,americanfootball_ncaaf,23025b717a93bdd8f30424e90a97d68f,2026-10-04T01:30:00Z,Washington State Cougars,Fresno State Bulldogs,fanduel,FanDuel,2026-09-28T16:55:50Z,spreads,2026-09-28T16:55:50Z,Washington State Cougars,-110,-1.5,20260928165602403570
NCAAF,americanfootball_ncaaf,23025b717a93bdd8f30424e90a97d68f,2026-10-04T01:30:00Z,Washington State Cougars,Fresno State Bulldogs,fanduel,FanDuel,2026-09-28T16:55:50Z,totals,2026-09-28T16:55:50Z,Over,-110,46.5,20260928165602403570
NCAAF,americanfootball_ncaaf,23025b717a93bdd8f30424e90a97d68f,2026-10-04T01:30:00Z,Washington State Cougars,Fresno State Bulldogs,fanduel,FanDuel,2026-09-28T16:55:50Z,totals,2026-09-28T16:55:50Z,Under,-110,46.5,20260928165602403570
NCAAF,americanfootball_ncaaf,23025b717a93bdd8f30424e90a97d68f,2026-10-04T01:30:00Z,Washington State Cougars,Fresno State Bulldogs,betonlineag,BetOnline.ag,2026-09-28T16:55:07Z,h2h,2026-09-28T16:55:07Z,Fresno State Bulldogs,110,,20260928165602403570
NCAAF,americanfootball_ncaaf,23025b717a93bdd8f30424e90a97d68f,2026-10-04T01:30:00Z,Washington State Cougars,Fresno State Bulldogs,betonlineag,BetOnline.ag,2026-09-28T16:55:07Z,h2h,2026-09-28T16:55:07Z,Washington State Cougars,-130,,20260928165602403570
NCAAF,americanfootball_ncaaf,23025b717a93bdd8f30424e90a97d68f,2026-10-04T01:30:00Z,Washington State Cougars,Fresno State Bulldogs,betonlineag,BetOnline.ag,2026-09-28T16:55:07Z,spreads,2026-09-28T16:55:07Z,Fresno State Bulldogs,-110,2.5,20260928165602403570
NCAAF,americanfootball_ncaaf,23025b717a93bdd8f30424e90a97d68f,2026-10-04T01:30:00Z,Washington State Cougars,Fresno State Bulldogs,betonlineag,BetOnline.ag,2026-09-28T16:55:07Z,spreads,2026-09-28T16:55:07Z,Washington State Cougars,-110,-2.5,20260928165602403570
NCAAF,americanfootball_ncaaf,23025b717a93bdd8f30424e90a97d68f,2026-10-04T01:30:00Z,Washington State Cougars,Fresno State Bulldogs,betonlineag,BetOnline.ag,2026-09-28T16:55:07Z,totals,2026-09-28T16:55:07Z,Over,-110,46.0,20260928165602403570
NCAAF,americanfootball_ncaaf,23025b717a93bdd8f30424e90a97d68f,2026-10-04T01:30:00Z,Washington State Cougars,Fresno State Bulldogs,betonlineag,BetOnline.ag,2026-09-28T16:55:07Z,totals,2026-09-28T16:55:07Z,Under,-110,46.0,20260928165602403570
NCAAF,americanfootball_ncaaf,23025b717a93bdd8f30424e90a97d68f,2026-10-04T01:30:00Z,Washington State Cougars,Fresno State Bulldogs,lowvig,LowVig.ag,2026-09-28T16:55:49Z,h2h,2026-09-28T16:55:49Z,Fresno State Bulldogs,110,,20260928165602403570
NCAAF,americanfootball_ncaaf,23025b717a93bdd8f30424e90a97d68f,2026-10-04T01:30:00Z,Washington State Cougars,Fresno State Bulldogs,lowvig,LowVig.ag,2026-09-28T16:55:49Z,h2h,2026-09-28T16:55:49Z,Washington State Cougars,-130,,20260928165602403570
NCAAF,americanfootball_ncaaf,23025b717a93bdd8f30424e90a97d68f,2026-10-04T01:30:00Z,Washington State Cougars,Fresno State Bulldogs,lowvig,LowVig.ag,2026-09-28T16:55:49Z,spreads,2026-09-28T16:55:49Z,Fresno State Bulldogs,-106,2.5,20260928165602403570
NCAAF,americanfootball_ncaaf,23025b717a93bdd8f30424e90a97d68f,2026-10-04T01:30:00Z,Washington State Cougars,Fresno State Bulldogs,lowvig,LowVig.ag,2026-09-28T16:55:49Z,spreads,2026-09-28T16:55:49Z,Washington State Cougars,-106,-2.5,20260928165602403570
NCAAF,americanfootball_ncaaf,23025b717a93bdd8f30424e90a97d68f,2026-10-04T01:30:00Z,Washington State Cougars,Fresno State Bulldogs,lowvig,LowVig.ag,2026-09-28T16:55:49Z,totals,2026-09-28T16:55:49Z,Over,-108,46.0,20260928165602403570
NCAAF,americanfootball_ncaaf,23025b717a93bdd8f30424e90a97d68f,2026-10-04T01:30:00Z,Washington State Cougars,Fresno State Bulldogs,lowvig,LowVig.ag,2026-09-28T16:55:49Z,totals,2026-09-28T16:55:49Z,Under,-108,46.0,20260928165602403570
NCAAF,americanfootball_ncaaf,23025b717a93bdd8f30424e90a97d68f,2026-10-04T01:30:00Z,Washington State Cougars,Fresno State Bulldogs,betrivers,BetRivers,2026-09-28T16:55:49Z,h2h,2026-09-28T16:55:49Z,Fresno State Bulldogs,108,,20260928165602403570
NCAAF,americanfootball_ncaaf,23025b717a93bdd8f30424e90a97d68f,2026-10-04T01:30:00Z,Washington State Cougars,Fresno State Bulldogs,betrivers,BetRivers,2026-09-28T16:55:49Z,h2h,2026-09-28T16:55:49Z,Washington State Cougars,-134,,20260928165602403570
NCAAF,americanfootball_ncaaf,23025b717a93bdd8f30424e90a97d68f,2026-10-04T01:30:00Z,Washington State Cougars,Fresno State Bulldogs,betrivers,BetRivers,2026-09-28T16:55:49Z,spreads,2026-09-28T16:55:49Z,Fresno State Bulldogs,-108,2.0,20260928165602403570
NCAAF,americanfootball_ncaaf,23025b717a93bdd8f30424e90a97d68f,2026-10-04T01:30:00Z,Washington State Cougars,Fresno State Bulldogs,betrivers,BetRivers,2026-09-28T16:55:49Z,spreads,2026-09-28T16:55:49Z,Washington State Cougars,-114,-2.0,20260928165602403570
NCAAF,americanfootball_ncaaf,23025b717a93bdd8f30424e90a97d68f,2026-10-04T01:30:00Z,Washington State Cougars,Fresno State Bulldogs,betrivers,BetRivers,2026-09-28T16:55:49Z,totals,2026-09-28T16:55:49Z,Over,-110,46.5,20260928165602403570
NCAAF,americanfootball_ncaaf,23025b717a93bdd8f30424e90a97d68f,2026-10-04T01:30:00Z,Washington State Cougars,Fresno State Bulldogs,betrivers,BetRivers,2026-09-28T16:55:49Z,totals,2026-09-28T16:55:49Z,Under,-117,46.5,20260928165602403570
NCAAF,americanfootball_ncaaf,23025b717a93bdd8f30424e90a97d68f,2026-10-04T01:30:00Z,Washington State Cougars,Fresno State Bulldogs,draftkings,DraftKings,2026-09-28T16:55:34Z,h2h,2026-09-28T16:55:34Z,Fresno State Bulldogs,105,,20260928165602403570
NCAAF,americanfootball_ncaaf,23025b717a93bdd8f30424e90a97d68f,2026-10-04T01:30:00Z,Washington State Cougars,Fresno State Bulldogs,draftkings,DraftKings,2026-09-28T16:55:34Z,h2h,2026-09-28T16:55:34Z,Washington State Cougars,-125,,20260928165602403570
NCAAF,americanfootball_ncaaf,23025b717a93bdd8f30424e90a97d68f,2026-10-04T01:30:00Z,Washington State Cougars,Fresno State Bulldogs,draftkings,DraftKings,2026-09-28T16:55:34Z,spreads,2026-09-28T16:55:34Z,Fresno State Bulldogs,-110,2.5,20260928165602403570
NCAAF,americanfootball_ncaaf,23025b717a93bdd8f30424e90a97d68f,2026-10-04T01:30:00Z,Washington State Cougars,Fresno State Bulldogs,draftkings,DraftKings,2026-09-28T16:55:34Z,spreads,2026-09-28T16:55:34Z,Washington State Cougars,-110,-2.5,20260928165602403570
NCAAF,americanfootball_ncaaf,23025b717a93bdd8f30424e90a97d68f,2026-10-04T01:30:00Z,Washington State Cougars,Fresno State Bulldogs,draftkings,DraftKings,2026-09-28T16:55:34Z,totals,2026-09-28T16:55:34Z,Over,-112,46.5,20260928165602403570
NCAAF,americanfootball_ncaaf,23025b717a93bdd8f30424e90a97d68f,2026-10-04T01:30:00Z,Washington State Cougars,Fresno State Bulldogs,draftkings,DraftKings,2026-09-28T16:55:34Z,totals,2026-09-28T16:55:34Z,Under,-108,46.5,20260928165602403570
NCAAF,americanfootball_ncaaf,23025b717a93bdd8f30424e90a97d68f,2026-10-04T01:30:00Z,Washington State Cougars,Fresno State Bulldogs,mybookieag,MyBookie.ag,2026-09-28T16:55:48Z,h2h,2026-09-28T16:55:48Z,Fresno State Bulldogs,108,,20260928165602403570
NCAAF,americanfootball_ncaaf,23025b717a93bdd8f30424e90a97d68f,2026-10-04T01:30:00Z,Washington State Cougars,Fresno State Bulldogs,mybookieag,MyBookie.ag,2026-09-28T16:55:48Z,h2h,2026-09-28T16:55:48Z,Washington State Cougars,-132,,20260928165602403570
NCAAF,americanfootball_ncaaf,23025b717a93bdd8f30424e90a97d68f,2026-10-04T01:30:00Z,Washington State Cougars,Fresno State Bulldogs,mybookieag,MyBookie.ag,2026-09-28T16:55:48Z,spreads,2026-09-28T16:55:48Z,Fresno State Bulldogs,-110,2.0,20260928165602403570
NCAAF,americanfootball_ncaaf,23025b717a93bdd8f30424e90a97d68f,2026-10-04T01:30:00Z,Washington State Cougars,Fresno State Bulldogs,mybookieag,MyBookie.ag,2026-09-28T16:55:48Z,spreads,2026-09-28T16:55:48Z,Washington State Cougars,-110,-2.0,20260928165602403570
NCAAF,americanfootball_ncaaf,23025b717a93bdd8f30424e90a97d68f,2026-10-04T01:30:00Z,Washington State Cougars,Fresno State Bulldogs,mybookieag,MyBookie.ag,2026-09-28T16:55:48Z,totals,2026-09-28T16:55:48Z,Over,-110,46.5,20260928165602403570
NCAAF,americanfootball_ncaaf,23025b717a93bdd8f30424e90a97d68f,2026-10-04T01:30:00Z,Washington State Cougars,Fresno State Bulldogs,mybookieag,MyBookie.ag,2026-09-28T16:55:48Z,totals,2026-09-28T16:55:48Z,Under,-110,46.5,20260928165602403570
NCAAF,americanfootball_ncaaf,23025b717a93bdd8f30424e90a97d68f,2026-10-04T01:30:00Z,Washington State Cougars,Fresno State Bulldogs,betus,BetUS,2026-09-28T16:55:53Z,spreads,2026-09-28T16:55:53Z,Fresno State Bulldogs,-110,2.0,20260928165602403570
NCAAF,americanfootball_ncaaf,23025b717a93bdd8f30424e90a97d68f,2026-10-04T01:30:00Z,Washington State Cougars,Fresno State Bulldogs,betus,BetUS,2026-09-28T16:55:53Z,spreads,2026-09-28T16:55:53Z,Washington State Cougars,-110,-2.0,20260928165602403570
NCAAF,americanfootball_ncaaf,23025b717a93bdd8f30424e90a97d68f,2026-10-04T01:30:00Z,Washington State Cougars,Fresno State Bulldogs,betus,BetUS,2026-09-28T16:55:53Z,totals,2026-09-28T16:55:53Z,Over,-110,46.0,20260928165602403570
NCAAF,americanfootball_ncaaf,23025b717a93bdd8f30424e90a97d68f,2026-10-04T01:30:00Z,Washington State Cougars,Fresno State Bulldogs,betus,BetUS,2026-09-28T16:55:53Z,totals,2026-09-28T16:55:53Z,Under,-110,46.0,20260928165602403570
NCAAF,americanfootball_ncaaf,23025b717a93bdd8f30424e90a97d68f,2026-10-04T01:30:00Z,Washington State Cougars,Fresno State Bulldogs,betmgm,BetMGM,2026-09-28T16:54:38Z,h2h,2026-09-28T16:54:38Z,Fresno State Bulldogs,105,,20260928165602403570
NCAAF,americanfootball_ncaaf,23025b717a93bdd8f30424e90a97d68f,2026-10-04T01:30:00Z,Washington State Cougars,Fresno State Bulldogs,betmgm,BetMGM,2026-09-28T16:54:38Z,h2h,2026-09-28T16:54:38Z,Washington State Cougars,-125,,20260928165602403570
NCAAF,americanfootball_ncaaf,23025b717a93bdd8f30424e90a97d68f,2026-10-04T01:30:00Z,Washington State Cougars,Fresno State Bulldogs,betmgm,BetMGM,2026-09-28T16:54:38Z,spreads,2026-09-28T16:54:38Z,Fresno State Bulldogs,-108,2.5,20260928165602403570
NCAAF,americanfootball_ncaaf,23025b717a93bdd8f30424e90a97d68f,2026-10-04T01:30:00Z,Washington State Cougars,Fresno State Bulldogs,betmgm,BetMGM,2026-09-28T16:54:38Z,spreads,2026-09-28T16:54:38Z,Washington State Cougars,-110,-2.5,20260928165602403570
NCAAF,americanfootball_ncaaf,23025b717a93bdd8f30424e90a97d68f,2026-10-04T01:30:00Z,Washington State Cougars,Fresno State Bulldogs,betmgm,BetMGM,2026-09-28T16:54:38Z,totals,2026-09-28T16:54:38Z,Over,-110,46.5,20260928165602403570
NCAAF,americanfootball_ncaaf,23025b717a93bdd8f30424e90a97d68f,2026-10-04T01:30:00Z,Washington State Cougars,Fresno State Bulldogs,betmgm,BetMGM,2026-09-28T16:54:38Z,totals,2026-09-28T16:54:38Z,Under,-110,46.5,20260928165602403570
NCAAF,americanfootball_ncaaf,23025b717a93bdd8f30424e90a97d68f,2026-10-04T01:30:00Z,Washington State Cougars,Fresno State Bulldogs,bovada,Bovada,2026-09-28T16:54:58Z,h2h,2026-09-28T16:54:58Z,Fresno State Bulldogs,115,,20260928165602403570
NCAAF,americanfootball_ncaaf,23025b717a93bdd8f30424e90a97d68f,2026-10-04T01:30:00Z,Washington State Cougars,Fresno State Bulldogs,bovada,Bovada,2026-09-28T16:54:58Z,h2h,2026-09-28T16:54:58Z,Washington State Cougars,-135,,20260928165602403570
NCAAF,americanfootball_ncaaf,23025b717a93bdd8f30424e90a97d68f,2026-10-04T01:30:00Z,Washington State Cougars,Fresno State Bulldogs,bovada,Bovada,2026-09-28T16:54:58Z,spreads,2026-09-28T16:54:58Z,Fresno State Bulldogs,-105,2.5,20260928165602403570
NCAAF,americanfootball_ncaaf,23025b717a93bdd8f30424e90a97d68f,2026-10-04T01:30:00Z,Washington State Cougars,Fresno State Bulldogs,bovada,Bovada,2026-09-28T16:54:58Z,spreads,2026-09-28T16:54:58Z,Washington State Cougars,-115,-2.5,20260928165602403570
NCAAF,americanfootball_ncaaf,23025b717a93bdd8f30424e90a97d68f,2026-10-04T01:30:00Z,Washington State Cougars,Fresno State Bulldogs,bovada,Bovada,2026-09-28T16:54:58Z,totals,2026-09-28T16:54:58Z,Over,-110,46.5,20260928165602403570
NCAAF,americanfootball_ncaaf,23025b717a93bdd8f30424e90a97d68f,2026-10-04T01:30:00Z,Washington State Cougars,Fresno State Bulldogs,bovada,Bovada,2026-09-28T16:54:58Z,totals,2026-09-28T16:54:58Z,Under,-110,46.5,20260928165602403570
NCAAF,americanfootball_ncaaf,4ec93b02d04c2a019ebd6f4ccd9f7af5,2026-10-04T02:30:00Z,Arizona State Sun Devils,Baylor Bears,fanduel,FanDuel,2026-09-28T16:55:50Z,h2h,2026-09-28T16:55:49Z,Arizona State Sun Devils,-184,,20260928165602403570
NCAAF,americanfootball_ncaaf,4ec93b02d04c2a019ebd6f4ccd9f7af5,2026-10-04T02:30:00Z,Arizona State Sun Devils,Baylor Bears,fanduel,FanDuel,2026-09-28T16:55:50Z,h2h,2026-09-28T16:55:49Z,Baylor Bears,152,,20260928165602403570
NCAAF,americanfootball_ncaaf,4ec93b02d04c2a019ebd6f4ccd9f7af5,2026-10-04T02:30:00Z,Arizona State Sun Devils,Baylor Bears,fanduel,FanDuel,2026-09-28T16:55:50Z,spreads,2026-09-28T16:55:49Z,Arizona State Sun Devils,-114,-3.5,20260928165602403570
NCAAF,americanfootball_ncaaf,4ec93b02d04c2a019ebd6f4ccd9f7af5,2026-10-04T02:30:00Z,Arizona State Sun Devils,Baylor Bears,fanduel,FanDuel,2026-09-28T16:55:50Z,spreads,2026-09-28T16:55:49Z,Baylor Bears,-106,3.5,20260928165602403570
NCAAF,americanfootball_ncaaf,4ec93b02d04c2a019ebd6f4ccd9f7af5,2026-10-04T02:30:00Z,Arizona State Sun Devils,Baylor Bears,fanduel,FanDuel,2026-09-28T16:55:50Z,totals,2026-09-28T16:55:49Z,Over,-114,50.5,20260928165602403570
NCAAF,americanfootball_ncaaf,4ec93b02d04c2a019ebd6f4ccd9f7af5,2026-10-04T02:30:00Z,Arizona State Sun Devils,Baylor Bears,fanduel,FanDuel,2026-09-28T16:55:50Z,totals,2026-09-28T16:55:49Z,Under,-106,50.5,20260928165602403570
NCAAF,americanfootball_ncaaf,4ec93b02d04c2a019ebd6f4ccd9f7af5,2026-10-04T02:30:00Z,Arizona State Sun Devils,Baylor Bears,betrivers,BetRivers,2026-09-28T16:55:49Z,h2h,2026-09-28T16:55:49Z,Arizona State Sun Devils,-186,,20260928165602403570
NCAAF,americanfootball_ncaaf,4ec93b02d04c2a019ebd6f4ccd9f7af5,2026-10-04T02:30:00Z,Arizona State Sun Devils,Baylor Bears,betrivers,BetRivers,2026-09-28T16:55:49Z,h2h,2026-09-28T16:55:49Z,Baylor Bears,148,,20260928165602403570
NCAAF,americanfootball_ncaaf,4ec93b02d04c2a019ebd6f4ccd9f7af5,2026-10-04T02:30:00Z,Arizona State Sun Devils,Baylor Bears,betrivers,BetRivers,2026-09-28T16:55:49Z,spreads,2026-09-28T16:55:49Z,Arizona State Sun Devils,-115,-4.0,20260928165602403570
NCAAF,americanfootball_ncaaf,4ec93b02d04c2a019ebd6f4ccd9f7af5,2026-10-04T02:30:00Z,Arizona State Sun Devils,Baylor Bears,betrivers,BetRivers,2026-09-28T16:55:49Z,spreads,2026-09-28T16:55:49Z,Baylor Bears,-109,4.0,20260928165602403570
NCAAF,americanfootball_ncaaf,4ec93b02d04c2a019ebd6f4ccd9f7af5,2026-10-04T02:30:00Z,Arizona State Sun Devils,Baylor Bears,betrivers,BetRivers,2026-09-28T16:55:49Z,totals,2026-09-28T16:55:49Z,Over,-110,51.0,20260928165602403570
NCAAF,americanfootball_ncaaf,4ec93b02d04c2a019ebd6f4ccd9f7af5,2026-10-04T02:30:00Z,Arizona State Sun Devils,Baylor Bears,betrivers,BetRivers,2026-09-28T16:55:49Z,totals,2026-09-28T16:55:49Z,Under,-112,51.0,20260928165602403570
NCAAF,americanfootball_ncaaf,4ec93b02d04c2a019ebd6f4ccd9f7af5,2026-10-04T02:30:00Z,Arizona State Sun Devils,Baylor Bears,betonlineag,BetOnline.ag,2026-09-28T16:55:07Z,h2h,2026-09-28T16:55:07Z,Arizona State Sun Devils,-190,,20260928165602403570
NCAAF,americanfootball_ncaaf,4ec93b02d04c2a019ebd6f4ccd9f7af5,2026-10-04T02:30:00Z,Arizona State Sun Devils,Baylor Bears,betonlineag,BetOnline.ag,2026-09-28T16:55:07Z,h2h,2026-09-28T16:55:07Z,Baylor Bears,165,,20260928165602403570
NCAAF,americanfootball_ncaaf,4ec93b02d04c2a019ebd6f4ccd9f7af5,2026-10-04T02:30:00Z,Arizona State Sun Devils,Baylor Bears,betonlineag,BetOnline.ag,2026-09-28T16:55:07Z,spreads,2026-09-28T16:55:07Z,Arizona State Sun Devils,-110,-4.0,20260928165602403570
NCAAF,americanfootball_ncaaf,4ec93b02d04c2a019ebd6f4ccd9f7af5,2026-10-04T02:30:00Z,Arizona State Sun Devils,Baylor Bears,betonlineag,BetOnline.ag,2026-09-28T16:55:07Z,spreads,2026-09-28T16:55:07Z,Baylor Bears,-110,4.0,20260928165602403570
NCAAF,americanfootball_ncaaf,4ec93b02d04c2a019ebd6f4ccd9f7af5,2026-10-04T02:30:00Z,Arizona State Sun Devils,Baylor Bears,betonlineag,BetOnline.ag,2026-09-28T16:55:07Z,totals,2026-09-28T16:55:07Z,Over,-115,50.5,20260928165602403570
NCAAF,americanfootball_ncaaf,4ec93b02d04c2a019ebd6f4ccd9f7af5,2026-10-04T02:30:00Z,Arizona State Sun Devils,Baylor Bears,betonlineag,BetOnline.ag,2026-09-28T16:55:07Z,totals,2026-09-28T16:55:07Z,Under,-105,50.5,20260928165602403570
NCAAF,americanfootball_ncaaf,4ec93b02d04c2a019ebd6f4ccd9f7af5,2026-10-04T02:30:00Z,Arizona State Sun Devils,Baylor Bears,lowvig,LowVig.ag,2026-09-28T16:55:49Z,h2h,2026-09-28T16:55:49Z,Arizona State Sun Devils,-190,,20260928165602403570
NCAAF,americanfootball_ncaaf,4ec93b02d04c2a019ebd6f4ccd9f7af5,2026-10-04T02:30:00Z,Arizona State Sun Devils,Baylor Bears,lowvig,LowVig.ag,2026-09-28T16:55:49Z,h2h,2026-09-28T16:55:49Z,Baylor Bears,165,,20260928165602403570
NCAAF,americanfootball_ncaaf,4ec93b02d04c2a019ebd6f4ccd9f7af5,2026-10-04T02:30:00Z,Arizona State Sun Devils,Baylor Bears,lowvig,LowVig.ag,2026-09-28T16:55:49Z,spreads,2026-09-28T16:55:49Z,Arizona State Sun Devils,-106,-4.0,20260928165602403570
NCAAF,americanfootball_ncaaf,4ec93b02d04c2a019ebd6f4ccd9f7af5,2026-10-04T02:30:00Z,Arizona State Sun Devils,Baylor Bears,lowvig,LowVig.ag,2026-09-28T16:55:49Z,spreads,2026-09-28T16:55:49Z,Baylor Bears,-106,4.0,20260928165602403570
NCAAF,americanfootball_ncaaf,4ec93b02d04c2a019ebd6f4ccd9f7af5,2026-10-04T02:30:00Z,Arizona State Sun Devils,Baylor Bears,lowvig,LowVig.ag,2026-09-28T16:55:49Z,totals,2026-09-28T16:55:49Z,Over,-114,50.5,20260928165602403570
NCAAF,americanfootball_ncaaf,4ec93b02d04c2a019ebd6f4ccd9f7af5,2026-10-04T02:30:00Z,Arizona State Sun Devils,Baylor Bears,lowvig,LowVig.ag,2026-09-28T16:55:49Z,totals,2026-09-28T16:55:49Z,Under,-103,50.5,20260928165602403570
NCAAF,americanfootball_ncaaf,4ec93b02d04c2a019ebd6f4ccd9f7af5,2026-10-04T02:30:00Z,Arizona State Sun Devils,Baylor Bears,draftkings,DraftKings,2026-09-28T16:55:34Z,h2h,2026-09-28T16:55:34Z,Arizona State Sun Devils,-192,,20260928165602403570
NCAAF,americanfootball_ncaaf,4ec93b02d04c2a019ebd6f4ccd9f7af5,2026-10-04T02:30:00Z,Arizona State Sun Devils,Baylor Bears,draftkings,DraftKings,2026-09-28T16:55:34Z,h2h,2026-09-28T16:55:34Z,Baylor Bears,160,,20260928165602403570
NCAAF,americanfootball_ncaaf,4ec93b02d04c2a019ebd6f4ccd9f7af5,2026-10-04T02:30:00Z,Arizona State Sun Devils,Baylor Bears,draftkings,DraftKings,2026-09-28T16:55:34Z,spreads,2026-09-28T16:55:34Z,Arizona State Sun Devils,-110,-4.0,20260928165602403570
NCAAF,americanfootball_ncaaf,4ec93b02d04c2a019ebd6f4ccd9f7af5,2026-10-04T02:30:00Z,Arizona State Sun Devils,Baylor Bears,draftkings,DraftKings,2026-09-28T16:55:34Z,spreads,2026-09-28T16:55:34Z,Baylor Bears,-110,4.0,20260928165602403570
NCAAF,americanfootball_ncaaf,4ec93b02d04c2a019ebd6f4ccd9f7af5,2026-10-04T02:30:00Z,Arizona State Sun Devils,Baylor Bears,draftkings,DraftKings,2026-09-28T16:55:34Z,totals,2026-09-28T16:55:34Z,Over,-115,50.5,20260928165602403570
NCAAF,americanfootball_ncaaf,4ec93b02d04c2a019ebd6f4ccd9f7af5,2026-10-04T02:30:00Z,Arizona State Sun Devils,Baylor Bears,draftkings,DraftKings,2026-09-28T16:55:34Z,totals,2026-09-28T16:55:34Z,Under,-105,50.5,20260928165602403570
NCAAF,americanfootball_ncaaf,4ec93b02d04c2a019ebd6f4ccd9f7af5,2026-10-04T02:30:00Z,Arizona State Sun Devils,Baylor Bears,mybookieag,MyBookie.ag,2026-09-28T16:55:48Z,h2h,2026-09-28T16:55:48Z,Arizona State Sun Devils,-202,,20260928165602403570
NCAAF,americanfootball_ncaaf,4ec93b02d04c2a019ebd6f4ccd9f7af5,2026-10-04T02:30:00Z,Arizona State Sun Devils,Baylor Bears,mybookieag,MyBookie.ag,2026-09-28T16:55:48Z,h2h,2026-09-28T16:55:48Z,Baylor Bears,163,,20260928165602403570
NCAAF,americanfootball_ncaaf,4ec93b02d04c2a019ebd6f4ccd9f7af5,2026-10-04T02:30:00Z,Arizona State Sun Devils,Baylor Bears,mybookieag,MyBookie.ag,2026-09-28T16:55:48Z,spreads,2026-09-28T16:55:48Z,Arizona State Sun Devils,-110,-4.5,20260928165602403570
NCAAF,americanfootball_ncaaf,4ec93b02d04c2a019ebd6f4ccd9f7af5,2026-10-04T02:30:00Z,Arizona State Sun Devils,Baylor Bears,mybookieag,MyBookie.ag,2026-09-28T16:55:48Z,spreads,2026-09-28T16:55:48Z,Baylor Bears,-110,4.5,20260928165602403570
NCAAF,americanfootball_ncaaf,4ec93b02d04c2a019ebd6f4ccd9f7af5,2026-10-04T02:30:00Z,Arizona State Sun Devils,Baylor Bears,mybookieag,MyBookie.ag,2026-09-28T16:55:48Z,totals,2026-09-28T16:55:48Z,Over,-110,51.0,20260928165602403570
NCAAF,americanfootball_ncaaf,4ec93b02d04c2a019ebd6f4ccd9f7af5,2026-10-04T02:30:00Z,Arizona State Sun Devils,Baylor Bears,mybookieag,MyBookie.ag,2026-09-28T16:55:48Z,totals,2026-09-28T16:55:48Z,Under,-110,51.0,20260928165602403570
NCAAF,americanfootball_ncaaf,4ec93b02d04c2a019ebd6f4ccd9f7af5,2026-10-04T02:30:00Z,Arizona State Sun Devils,Baylor Bears,betus,BetUS,2026-09-28T16:55:53Z,spreads,2026-09-28T16:55:52Z,Arizona State Sun Devils,-110,-4.0,20260928165602403570
NCAAF,americanfootball_ncaaf,4ec93b02d04c2a019ebd6f4ccd9f7af5,2026-10-04T02:30:00Z,Arizona State Sun Devils,Baylor Bears,betus,BetUS,2026-09-28T16:55:53Z,spreads,2026-09-28T16:55:52Z,Baylor Bears,-110,4.0,20260928165602403570
NCAAF,americanfootball_ncaaf,4ec93b02d04c2a019ebd6f4ccd9f7af5,2026-10-04T02:30:00Z,Arizona State Sun Devils,Baylor Bears,betus,BetUS,2026-09-28T16:55:53Z,totals,2026-09-28T16:55:52Z,Over,-115,50.5,20260928165602403570
NCAAF,americanfootball_ncaaf,4ec93b02d04c2a019ebd6f4ccd9f7af5,2026-10-04T02:30:00Z,Arizona State Sun Devils,Baylor Bears,betus,BetUS,2026-09-28T16:55:53Z,totals,2026-09-28T16:55:52Z,Under,-105,50.5,20260928165602403570
NCAAF,americanfootball_ncaaf,4ec93b02d04c2a019ebd6f4ccd9f7af5,2026-10-04T02:30:00Z,Arizona State Sun Devils,Baylor Bears,betmgm,BetMGM,2026-09-28T16:54:38Z,h2h,2026-09-28T16:54:38Z,Arizona State Sun Devils,-190,,20260928165602403570
NCAAF,americanfootball_ncaaf,4ec93b02d04c2a019ebd6f4ccd9f7af5,2026-10-04T02:30:00Z,Arizona State Sun Devils,Baylor Bears,betmgm,BetMGM,2026-09-28T16:54:38Z,h2h,2026-09-28T16:54:38Z,Baylor Bears,155,,20260928165602403570
NCAAF,americanfootball_ncaaf,4ec93b02d04c2a019ebd6f4ccd9f7af5,2026-10-04T02:30:00Z,Arizona State Sun Devils,Baylor Bears,betmgm,BetMGM,2026-09-28T16:54:38Z,spreads,2026-09-28T16:54:38Z,Arizona State Sun Devils,-108,-4.0,20260928165602403570
NCAAF,americanfootball_ncaaf,4ec93b02d04c2a019ebd6f4ccd9f7af5,2026-10-04T02:30:00Z,Arizona State Sun Devils,Baylor Bears,betmgm,BetMGM,2026-09-28T16:54:38Z,spreads,2026-09-28T16:54:38Z,Baylor Bears,-110,4.0,20260928165602403570
NCAAF,americanfootball_ncaaf,4ec93b02d04c2a019ebd6f4ccd9f7af5,2026-10-04T02:30:00Z,Arizona State Sun Devils,Baylor Bears,betmgm,BetMGM,2026-09-28T16:54:38Z,totals,2026-09-28T16:54:38Z,Over,-112,50.5,20260928165602403570
NCAAF,americanfootball_ncaaf,4ec93b02d04c2a019ebd6f4ccd9f7af5,2026-10-04T02:30:00Z,Arizona State Sun Devils,Baylor Bears,betmgm,BetMGM,2026-09-28T16:54:38Z,totals,2026-09-28T16:54:38Z,Under,-105,50.5,20260928165602403570
NCAAF,americanfootball_ncaaf,4ec93b02d04c2a019ebd6f4ccd9f7af5,2026-10-04T02:30:00Z,Arizona State Sun Devils,Baylor Bears,bovada,Bovada,2026-09-28T16:54:58Z,h2h,2026-09-28T16:54:58Z,Arizona State Sun Devils,-195,,20260928165602403570
NCAAF,americanfootball_ncaaf,4ec93b02d04c2a019ebd6f4ccd9f7af5,2026-10-04T02:30:00Z,Arizona State Sun Devils,Baylor Bears,bovada,Bovada,2026-09-28T16:54:58Z,h2h,2026-09-28T16:54:58Z,Baylor Bears,165,,20260928165602403570
NCAAF,americanfootball_ncaaf,4ec93b02d04c2a019ebd6f4ccd9f7af5,2026-10-04T02:30:00Z,Arizona State Sun Devils,Baylor Bears,bovada,Bovada,2026-09-28T16:54:58Z,spreads,2026-09-28T16:54:58Z,Arizona State Sun Devils,-110,-4.0,20260928165602403570
NCAAF,americanfootball_ncaaf,4ec93b02d04c2a019ebd6f4ccd9f7af5,2026-10-04T02:30:00Z,Arizona State Sun Devils,Baylor Bears,bovada,Bovada,2026-09-28T16:54:58Z,spreads,2026-09-28T16:54:58Z,Baylor Bears,-110,4.0,20260928165602403570
NCAAF,americanfootball_ncaaf,4ec93b02d04c2a019ebd6f4ccd9f7af5,2026-10-04T02:30:00Z,Arizona State Sun Devils,Baylor Bears,bovada,Bovada,2026-09-28T16:54:58Z,totals,2026-09-28T16:54:58Z,Over,-110,51.0,20260928165602403570
NCAAF,americanfootball_ncaaf,4ec93b02d04c2a019ebd6f4ccd9f7af5,2026-10-04T02:30:00Z,Arizona State Sun Devils,Baylor Bears,bovada,Bovada,2026-09-28T16:54:58Z,totals,2026-09-28T16:54:58Z,Under,-110,51.0,20260928165602403570
NCAAF,americanfootball_ncaaf,f73081099f845f23ea7f41ef09128cdd,2026-10-04T02:30:00Z,San Diego State Aztecs,Texas State Bobcats,fanduel,FanDuel,2026-09-28T16:55:50Z,h2h,2026-09-28T16:55:50Z,San Diego State Aztecs,150,,20260928165602403570
NCAAF,americanfootball_ncaaf,f73081099f845f23ea7f41ef09128cdd,2026-10-04T02:30:00Z,San Diego State Aztecs,Texas State Bobcats,fanduel,FanDuel,2026-09-28T16:55:50Z,h2h,2026-09-28T16:55:50Z,Texas State Bobcats,-182,,20260928165602403570
NCAAF,americanfootball_ncaaf,f73081099f845f23ea7f41ef09128cdd,2026-10-04T02:30:00Z,San Diego State Aztecs,Texas State Bobcats,fanduel,FanDuel,2026-09-28T16:55:50Z,spreads,2026-09-28T16:55:50Z,San Diego State Aztecs,-115,4.5,20260928165602403570
NCAAF,americanfootball_ncaaf,f73081099f845f23ea7f41ef09128cdd,2026-10-04T02:30:00Z,San Diego State Aztecs,Texas State Bobcats,fanduel,FanDuel,2026-09-28T16:55:50Z,spreads,2026-09-28T16:55:50Z,Texas State Bobcats,-105,-4.5,20260928165602403570
NCAAF,americanfootball_ncaaf,f73081099f845f23ea7f41ef09128cdd,2026-10-04T02:30:00Z,San Diego State Aztecs,Texas State Bobcats,fanduel,FanDuel,2026-09-28T16:55:50Z,totals,2026-09-28T16:55:50Z,Over,-108,58.5,20260928165602403570
NCAAF,americanfootball_ncaaf,f73081099f845f23ea7f41ef09128cdd,2026-10-04T02:30:00Z,San Diego State Aztecs,Texas State Bobcats,fanduel,FanDuel,2026-09-28T16:55:50Z,totals,2026-09-28T16:55:50Z,Under,-112,58.5,20260928165602403570
NCAAF,americanfootball_ncaaf,f73081099f845f23ea7f41ef09128cdd,2026-10-04T02:30:00Z,San Diego State Aztecs,Texas State Bobcats,betonlineag,BetOnline.ag,2026-09-28T16:55:07Z,h2h,2026-09-28T16:55:07Z,San Diego State Aztecs,161,,20260928165602403570
NCAAF,americanfootball_ncaaf,f73081099f845f23ea7f41ef09128cdd,2026-10-04T02:30:00Z,San Diego State Aztecs,Texas State Bobcats,betonlineag,BetOnline.ag,2026-09-28T16:55:07Z,h2h,2026-09-28T16:55:07Z,Texas State Bobcats,-185,,20260928165602403570
NCAAF,americanfootball_ncaaf,f73081099f845f23ea7f41ef09128cdd,2026-10-04T02:30:00Z,San Diego State Aztecs,Texas State Bobcats,betonlineag,BetOnline.ag,2026-09-28T16:55:07Z,spreads,2026-09-28T16:55:07Z,San Diego State Aztecs,-110,4.5,20260928165602403570
NCAAF,americanfootball_ncaaf,f73081099f845f23ea7f41ef09128cdd,2026-10-04T02:30:00Z,San Diego State Aztecs,Texas State Bobcats,betonlineag,BetOnline.ag,2026-09-28T16:55:07Z,spreads,2026-09-28T16:55:07Z,Texas State Bobcats,-110,-4.5,20260928165602403570
NCAAF,americanfootball_ncaaf,f73081099f845f23ea7f41ef09128cdd,2026-10-04T02:30:00Z,San Diego State Aztecs,Texas State Bobcats,betonlineag,BetOnline.ag,2026-09-28T16:55:07Z,totals,2026-09-28T16:55:07Z,Over,-110,58.0,20260928165602403570
NCAAF,americanfootball_ncaaf,f73081099f845f23ea7f41ef09128cdd,2026-10-04T02:30:00Z,San Diego State Aztecs,Texas State Bobcats,betonlineag,BetOnline.ag,2026-09-28T16:55:07Z,totals,2026-09-28T16:55:07Z,Under,-110,58.0,20260928165602403570
NCAAF,americanfootball_ncaaf,f73081099f845f23ea7f41ef09128cdd,2026-10-04T02:30:00Z,San Diego State Aztecs,Texas State Bobcats,lowvig,LowVig.ag,2026-09-28T16:55:49Z,h2h,2026-09-28T16:55:49Z,San Diego State Aztecs,161,,20260928165602403570
NCAAF,americanfootball_ncaaf,f73081099f845f23ea7f41ef09128cdd,2026-10-04T02:30:00Z,San Diego State Aztecs,Texas State Bobcats,lowvig,LowVig.ag,2026-09-28T16:55:49Z,h2h,2026-09-28T16:55:49Z,Texas State Bobcats,-185,,20260928165602403570
NCAAF,americanfootball_ncaaf,f73081099f845f23ea7f41ef09128cdd,2026-10-04T02:30:00Z,San Diego State Aztecs,Texas State Bobcats,lowvig,LowVig.ag,2026-09-28T16:55:49Z,spreads,2026-09-28T16:55:49Z,San Diego State Aztecs,-106,4.5,20260928165602403570
NCAAF,americanfootball_ncaaf,f73081099f845f23ea7f41ef09128cdd,2026-10-04T02:30:00Z,San Diego State Aztecs,Texas State Bobcats,lowvig,LowVig.ag,2026-09-28T16:55:49Z,spreads,2026-09-28T16:55:49Z,Texas State Bobcats,-106,-4.5,20260928165602403570
NCAAF,americanfootball_ncaaf,f73081099f845f23ea7f41ef09128cdd,2026-10-04T02:30:00Z,San Diego State Aztecs,Texas State Bobcats,lowvig,LowVig.ag,2026-09-28T16:55:49Z,totals,2026-09-28T16:55:49Z,Over,-108,58.0,20260928165602403570
NCAAF,americanfootball_ncaaf,f73081099f845f23ea7f41ef09128cdd,2026-10-04T02:30:00Z,San Diego State Aztecs,Texas State Bobcats,lowvig,LowVig.ag,2026-09-28T16:55:49Z,totals,2026-09-28T16:55:49Z,Under,-108,58.0,20260928165602403570
NCAAF,americanfootball_ncaaf,f73081099f845f23ea7f41ef09128cdd,2026-10-04T02:30:00Z,San Diego State Aztecs,Texas State Bobcats,betrivers,BetRivers,2026-09-28T16:55:49Z,h2h,2026-09-28T16:55:49Z,San Diego State Aztecs,155,,20260928165602403570
NCAAF,americanfootball_ncaaf,f73081099f845f23ea7f41ef09128cdd,2026-10-04T02:30:00Z,San Diego State Aztecs,Texas State Bobcats,betrivers,BetRivers,2026-09-28T16:55:49Z,h2h,2026-09-28T16:55:49Z,Texas State Bobcats,-195,,20260928165602403570
NCAAF,americanfootball_ncaaf,f73081099f845f23ea7f41ef09128cdd,2026-10-04T02:30:00Z,San Diego State Aztecs,Texas State Bobcats,betrivers,BetRivers,2026-09-28T16:55:49Z,spreads,2026-09-28T16:55:49Z,San Diego State Aztecs,-110,4.0,20260928165602403570
NCAAF,americanfootball_ncaaf,f73081099f845f23ea7f41ef09128cdd,2026-10-04T02:30:00Z,San Diego State Aztecs,Texas State Bobcats,betrivers,BetRivers,2026-09-28T16:55:49Z,spreads,2026-09-28T16:55:49Z,Texas State Bobcats,-114,-4.0,20260928165602403570
NCAAF,americanfootball_ncaaf,f73081099f845f23ea7f41ef09128cdd,2026-10-04T02:30:00Z,San Diego State Aztecs,Texas State Bobcats,betrivers,BetRivers,2026-09-28T16:55:49Z,totals,2026-09-28T16:55:49Z,Over,-117,58.5,20260928165602403570
NCAAF,americanfootball_ncaaf,f73081099f845f23ea7f41ef09128cdd,2026-10-04T02:30:00Z,San Diego State Aztecs,Texas State Bobcats,betrivers,BetRivers,2026-09-28T16:55:49Z,totals,2026-09-28T16:55:49Z,Under,-110,58.5,20260928165602403570
NCAAF,americanfootball_ncaaf,f73081099f845f23ea7f41ef09128cdd,2026-10-04T02:30:00Z,San Diego State Aztecs,Texas State Bobcats,draftkings,DraftKings,2026-09-28T16:55:34Z,h2h,2026-09-28T16:55:34Z,San Diego State Aztecs,160,,20260928165602403570
NCAAF,americanfootball_ncaaf,f73081099f845f23ea7f41ef09128cdd,2026-10-04T02:30:00Z,San Diego State Aztecs,Texas State Bobcats,draftkings,DraftKings,2026-09-28T16:55:34Z,h2h,2026-09-28T16:55:34Z,Texas State Bobcats,-192,,20260928165602403570
NCAAF,americanfootball_ncaaf,f73081099f845f23ea7f41ef09128cdd,2026-10-04T02:30:00Z,San Diego State Aztecs,Texas State Bobcats,draftkings,DraftKings,2026-09-28T16:55:34Z,spreads,2026-09-28T16:55:34Z,San Diego State Aztecs,-115,4.5,20260928165602403570
NCAAF,americanfootball_ncaaf,f73081099f845f23ea7f41ef09128cdd,2026-10-04T02:30:00Z,San Diego State Aztecs,Texas State Bobcats,draftkings,DraftKings,2026-09-28T16:55:34Z,spreads,2026-09-28T16:55:34Z,Texas State Bobcats,-105,-4.5,20260928165602403570
NCAAF,americanfootball_ncaaf,f73081099f845f23ea7f41ef09128cdd,2026-10-04T02:30:00Z,San Diego State Aztecs,Texas State Bobcats,draftkings,DraftKings,2026-09-28T16:55:34Z,totals,2026-09-28T16:55:34Z,Over,-108,58.5,20260928165602403570
NCAAF,americanfootball_ncaaf,f73081099f845f23ea7f41ef09128cdd,2026-10-04T02:30:00Z,San Diego State Aztecs,Texas State Bobcats,draftkings,DraftKings,2026-09-28T16:55:34Z,totals,2026-09-28T16:55:34Z,Under,-112,58.5,20260928165602403570
NCAAF,americanfootball_ncaaf,f73081099f845f23ea7f41ef09128cdd,2026-10-04T02:30:00Z,San Diego State Aztecs,Texas State Bobcats,mybookieag,MyBookie.ag,2026-09-28T16:55:48Z,h2h,2026-09-28T16:55:48Z,San Diego State Aztecs,157,,20260928165602403570
NCAAF,americanfootball_ncaaf,f73081099f845f23ea7f41ef09128cdd,2026-10-04T02:30:00Z,San Diego State Aztecs,Texas State Bobcats,mybookieag,MyBookie.ag,2026-09-28T16:55:48Z,h2h,2026-09-28T16:55:48Z,Texas State Bobcats,-194,,20260928165602403570
NCAAF,americanfootball_ncaaf,f73081099f845f23ea7f41ef09128cdd,2026-10-04T02:30:00Z,San Diego State Aztecs,Texas State Bobcats,mybookieag,MyBookie.ag,2026-09-28T16:55:48Z,spreads,2026-09-28T16:55:48Z,San Diego State Aztecs,-110,4.5,20260928165602403570
NCAAF,americanfootball_ncaaf,f73081099f845f23ea7f41ef09128cdd,2026-10-04T02:30:00Z,San Diego State Aztecs,Texas State Bobcats,mybookieag,MyBookie.ag,2026-09-28T16:55:48Z,spreads,2026-09-28T16:55:48Z,Texas State Bobcats,-110,-4.5,20260928165602403570
NCAAF,americanfootball_ncaaf,f73081099f845f23ea7f41ef09128cdd,2026-10-04T02:30:00Z,San Diego State Aztecs,Texas State Bobcats,mybookieag,MyBookie.ag,2026-09-28T16:55:48Z,totals,2026-09-28T16:55:48Z,Over,-110,58.5,20260928165602403570
NCAAF,americanfootball_ncaaf,f73081099f845f23ea7f41ef09128cdd,2026-10-04T02:30:00Z,San Diego State Aztecs,Texas State Bobcats,mybookieag,MyBookie.ag,2026-09-28T16:55:48Z,totals,2026-09-28T16:55:48Z,Under,-110,58.5,20260928165602403570
NCAAF,americanfootball_ncaaf,f73081099f845f23ea7f41ef09128cdd,2026-10-04T02:30:00Z,San Diego State Aztecs,Texas State Bobcats,betus,BetUS,2026-09-28T16:55:53Z,spreads,2026-09-28T16:55:53Z,San Diego State Aztecs,-110,4.5,20260928165602403570
NCAAF,americanfootball_ncaaf,f73081099f845f23ea7f41ef09128cdd,2026-10-04T02:30:00Z,San Diego State Aztecs,Texas State Bobcats,betus,BetUS,2026-09-28T16:55:53Z,spreads,2026-09-28T16:55:53Z,Texas State Bobcats,-110,-4.5,20260928165602403570
NCAAF,americanfootball_ncaaf,f73081099f845f23ea7f41ef09128cdd,2026-10-04T02:30:00Z,San Diego State Aztecs,Texas State Bobcats,betus,BetUS,2026-09-28T16:55:53Z,totals,2026-09-28T16:55:53Z,Over,-110,58.0,20260928165602403570
NCAAF,americanfootball_ncaaf,f73081099f845f23ea7f41ef09128cdd,2026-10-04T02:30:00Z,San Diego State Aztecs,Texas State Bobcats,betus,BetUS,2026-09-28T16:55:53Z,totals,2026-09-28T16:55:53Z,Under,-110,58.0,20260928165602403570
NCAAF,americanfootball_ncaaf,f73081099f845f23ea7f41ef09128cdd,2026-10-04T02:30:00Z,San Diego State Aztecs,Texas State Bobcats,betmgm,BetMGM,2026-09-28T16:54:38Z,h2h,2026-09-28T16:54:38Z,San Diego State Aztecs,155,,20260928165602403570
NCAAF,americanfootball_ncaaf,f73081099f845f23ea7f41ef09128cdd,2026-10-04T02:30:00Z,San Diego State Aztecs,Texas State Bobcats,betmgm,BetMGM,2026-09-28T16:54:38Z,h2h,2026-09-28T16:54:38Z,Texas State Bobcats,-190,,20260928165602403570
NCAAF,americanfootball_ncaaf,f73081099f845f23ea7f41ef09128cdd,2026-10-04T02:30:00Z,San Diego State Aztecs,Texas State Bobcats,betmgm,BetMGM,2026-09-28T16:54:38Z,spreads,2026-09-28T16:54:38Z,San Diego State Aztecs,-108,4.0,20260928165602403570
NCAAF,americanfootball_ncaaf,f73081099f845f23ea7f41ef09128cdd,2026-10-04T02:30:00Z,San Diego State Aztecs,Texas State Bobcats,betmgm,BetMGM,2026-09-28T16:54:38Z,spreads,2026-09-28T16:54:38Z,Texas State Bobcats,-110,-4.0,20260928165602403570
NCAAF,americanfootball_ncaaf,f73081099f845f23ea7f41ef09128cdd,2026-10-04T02:30:00Z,San Diego State Aztecs,Texas State Bobcats,betmgm,BetMGM,2026-09-28T16:54:38Z,totals,2026-09-28T16:54:38Z,Over,-105,58.5,20260928165602403570
NCAAF,americanfootball_ncaaf,f73081099f845f23ea7f41ef09128cdd,2026-10-04T02:30:00Z,San Diego State Aztecs,Texas State Bobcats,betmgm,BetMGM,2026-09-28T16:54:38Z,totals,2026-09-28T16:54:38Z,Under,-112,58.5,20260928165602403570
NCAAF,americanfootball_ncaaf,f73081099f845f23ea7f41ef09128cdd,2026-10-04T02:30:00Z,San Diego State Aztecs,Texas State Bobcats,bovada,Bovada,2026-09-28T16:54:58Z,h2h,2026-09-28T16:54:58Z,San Diego State Aztecs,160,,20260928165602403570
NCAAF,americanfootball_ncaaf,f73081099f845f23ea7f41ef09128cdd,2026-10-04T02:30:00Z,San Diego State Aztecs,Texas State Bobcats,bovada,Bovada,2026-09-28T16:54:58Z,h2h,2026-09-28T16:54:58Z,Texas State Bobcats,-185,,20260928165602403570
NCAAF,americanfootball_ncaaf,f73081099f845f23ea7f41ef09128cdd,2026-10-04T02:30:00Z,San Diego State Aztecs,Texas State Bobcats,bovada,Bovada,2026-09-28T16:54:58Z,spreads,2026-09-28T16:54:58Z,San Diego State Aztecs,-105,3.5,20260928165602403570
NCAAF,americanfootball_ncaaf,f73081099f845f23ea7f41ef09128cdd,2026-10-04T02:30:00Z,San Diego State Aztecs,Texas State Bobcats,bovada,Bovada,2026-09-28T16:54:58Z,spreads,2026-09-28T16:54:58Z,Texas State Bobcats,-115,-3.5,20260928165602403570
NCAAF,americanfootball_ncaaf,f73081099f845f23ea7f41ef09128cdd,2026-10-04T02:30:00Z,San Diego State Aztecs,Texas State Bobcats,bovada,Bovada,2026-09-28T16:54:58Z,totals,2026-09-28T16:54:58Z,Over,-110,58.0,20260928165602403570
NCAAF,americanfootball_ncaaf,f73081099f845f23ea7f41ef09128cdd,2026-10-04T02:30:00Z,San Diego State Aztecs,Texas State Bobcats,bovada,Bovada,2026-09-28T16:54:58Z,totals,2026-09-28T16:54:58Z,Under,-110,58.0,20260928165602403570
NCAAF,americanfootball_ncaaf,63dded0ee467d6f6d03c41673569238d,2026-10-04T03:00:00Z,Arizona Wildcats,Cincinnati Bearcats,fanduel,FanDuel,2026-09-28T16:55:50Z,h2h,2026-09-28T16:55:49Z,Arizona Wildcats,-275,,20260928165602403570
NCAAF,americanfootball_ncaaf,63dded0ee467d6f6d03c41673569238d,2026-10-04T03:00:00Z,Arizona Wildcats,Cincinnati Bearcats,fanduel,FanDuel,2026-09-28T16:55:50Z,h2h,2026-09-28T16:55:49Z,Cincinnati Bearcats,220,,20260928165602403570
NCAAF,americanfootball_ncaaf,63dded0ee467d6f6d03c41673569238d,2026-10-04T03:00:00Z,Arizona Wildcats,Cincinnati Bearcats,fanduel,FanDuel,2026-09-28T16:55:50Z,spreads,2026-09-28T16:55:49Z,Arizona Wildcats,-104,-7.5,20260928165602403570
NCAAF,americanfootball_ncaaf,63dded0ee467d6f6d03c41673569238d,2026-10-04T03:00:00Z,Arizona Wildcats,Cincinnati Bearcats,fanduel,FanDuel,2026-09-28T16:55:50Z,spreads,2026-09-28T16:55:49Z,Cincinnati Bearcats,-118,7.5,20260928165602403570
NCAAF,americanfootball_ncaaf,63dded0ee467d6f6d03c41673569238d,2026-10-04T03:00:00Z,Arizona Wildcats,Cincinnati Bearcats,fanduel,FanDuel,2026-09-28T16:55:50Z,totals,2026-09-28T16:55:49Z,Over,-114,54.5,20260928165602403570
NCAAF,americanfootball_ncaaf,63dded0ee467d6f6d03c41673569238d,2026-10-04T03:00:00Z,Arizona Wildcats,Cincinnati Bearcats,fanduel,FanDuel,2026-09-28T16:55:50Z,totals,2026-09-28T16:55:49Z,Under,-106,54.5,20260928165602403570
NCAAF,americanfootball_ncaaf,63dded0ee467d6f6d03c41673569238d,2026-10-04T03:00:00Z,Arizona Wildcats,Cincinnati Bearcats,draftkings,DraftKings,2026-09-28T16:55:34Z,h2h,2026-09-28T16:55:34Z,Arizona Wildcats,-290,,20260928165602403570
NCAAF,americanfootball_ncaaf,63dded0ee467d6f6d03c41673569238d,2026-10-04T03:00:00Z,Arizona Wildcats,Cincinnati Bearcats,draftkings,DraftKings,2026-09-28T16:55:34Z,h2h,2026-09-28T16:55:34Z,Cincinnati Bearcats,235,,20260928165602403570
NCAAF,americanfootball_ncaaf,63dded0ee467d6f6d03c41673569238d,2026-10-04T03:00:00Z,Arizona Wildcats,Cincinnati Bearcats,draftkings,DraftKings,2026-09-28T16:55:34Z,spreads,2026-09-28T16:55:34Z,Arizona Wildcats,-115,-7.0,20260928165602403570
NCAAF,americanfootball_ncaaf,63dded0ee467d6f6d03c41673569238d,2026-10-04T03:00:00Z,Arizona Wildcats,Cincinnati Bearcats,draftkings,DraftKings,2026-09-28T16:55:34Z,spreads,2026-09-28T16:55:34Z,Cincinnati Bearcats,-105,7.0,20260928165602403570
NCAAF,americanfootball_ncaaf,63dded0ee467d6f6d03c41673569238d,2026-10-04T03:00:00Z,Arizona Wildcats,Cincinnati Bearcats,draftkings,DraftKings,2026-09-28T16:55:34Z,totals,2026-09-28T16:55:34Z,Over,-120,54.5,20260928165602403570
NCAAF,americanfootball_ncaaf,63dded0ee467d6f6d03c41673569238d,2026-10-04T03:00:00Z,Arizona Wildcats,Cincinnati Bearcats,draftkings,DraftKings,2026-09-28T16:55:34Z,totals,2026-09-28T16:55:34Z,Under,100,54.5,20260928165602403570
NCAAF,americanfootball_ncaaf,63dded0ee467d6f6d03c41673569238d,2026-10-04T03:00:00Z,Arizona Wildcats,Cincinnati Bearcats,betrivers,BetRivers,2026-09-28T16:55:49Z,h2h,2026-09-28T16:55:49Z,Arizona Wildcats,-275,,20260928165602403570
NCAAF,americanfootball_ncaaf,63dded0ee467d6f6d03c41673569238d,2026-10-04T03:00:00Z,Arizona Wildcats,Cincinnati Bearcats,betrivers,BetRivers,2026-09-28T16:55:49Z,h2h,2026-09-28T16:55:49Z,Cincinnati Bearcats,210,,20260928165602403570
NCAAF,americanfootball_ncaaf,63dded0ee467d6f6d03c41673569238d,2026-10-04T03:00:00Z,Arizona Wildcats,Cincinnati Bearcats,betrivers,BetRivers,2026-09-28T16:55:49Z,spreads,2026-09-28T16:55:49Z,Arizona Wildcats,-110,-7.0,20260928165602403570
NCAAF,americanfootball_ncaaf,63dded0ee467d6f6d03c41673569238d,2026-10-04T03:00:00Z,Arizona Wildcats,Cincinnati Bearcats,betrivers,BetRivers,2026-09-28T16:55:49Z,spreads,2026-09-28T16:55:49Z,Cincinnati Bearcats,-113,7.0,20260928165602403570
NCAAF,americanfootball_ncaaf,63dded0ee467d6f6d03c41673569238d,2026-10-04T03:00:00Z,Arizona Wildcats,Cincinnati Bearcats,betrivers,BetRivers,2026-09-28T16:55:49Z,totals,2026-09-28T16:55:49Z,Over,-112,54.0,20260928165602403570
NCAAF,americanfootball_ncaaf,63dded0ee467d6f6d03c41673569238d,2026-10-04T03:00:00Z,Arizona Wildcats,Cincinnati Bearcats,betrivers,BetRivers,2026-09-28T16:55:49Z,totals,2026-09-28T16:55:49Z,Under,-112,54.0,20260928165602403570
NCAAF,americanfootball_ncaaf,63dded0ee467d6f6d03c41673569238d,2026-10-04T03:00:00Z,Arizona Wildcats,Cincinnati Bearcats,lowvig,LowVig.ag,2026-09-28T16:55:49Z,h2h,2026-09-28T16:55:49Z,Arizona Wildcats,-280,,20260928165602403570
NCAAF,americanfootball_ncaaf,63dded0ee467d6f6d03c41673569238d,2026-10-04T03:00:00Z,Arizona Wildcats,Cincinnati Bearcats,lowvig,LowVig.ag,2026-09-28T16:55:49Z,h2h,2026-09-28T16:55:49Z,Cincinnati Bearcats,230,,20260928165602403570
NCAAF,americanfootball_ncaaf,63dded0ee467d6f6d03c41673569238d,2026-10-04T03:00:00Z,Arizona Wildcats,Cincinnati Bearcats,lowvig,LowVig.ag,2026-09-28T16:55:49Z,spreads,2026-09-28T16:55:49Z,Arizona Wildcats,-112,-7.0,20260928165602403570
NCAAF,americanfootball_ncaaf,63dded0ee467d6f6d03c41673569238d,2026-10-04T03:00:00Z,Arizona Wildcats,Cincinnati Bearcats,lowvig,LowVig.ag,2026-09-28T16:55:49Z,spreads,2026-09-28T16:55:49Z,Cincinnati Bearcats,100,7.0,20260928165602403570
NCAAF,americanfootball_ncaaf,63dded0ee467d6f6d03c41673569238d,2026-10-04T03:00:00Z,Arizona Wildcats,Cincinnati Bearcats,lowvig,LowVig.ag,2026-09-28T16:55:49Z,totals,2026-09-28T16:55:49Z,Over,-108,55.0,20260928165602403570
NCAAF,americanfootball_ncaaf,63dded0ee467d6f6d03c41673569238d,2026-10-04T03:00:00Z,Arizona Wildcats,Cincinnati Bearcats,lowvig,LowVig.ag,2026-09-28T16:55:49Z,totals,2026-09-28T16:55:49Z,Under,-108,55.0,20260928165602403570
NCAAF,americanfootball_ncaaf,63dded0ee467d6f6d03c41673569238d,2026-10-04T03:00:00Z,Arizona Wildcats,Cincinnati Bearcats,betonlineag,BetOnline.ag,2026-09-28T16:55:07Z,h2h,2026-09-28T16:55:07Z,Arizona Wildcats,-280,,20260928165602403570
NCAAF,americanfootball_ncaaf,63dded0ee467d6f6d03c41673569238d,2026-10-04T03:00:00Z,Arizona Wildcats,Cincinnati Bearcats,betonlineag,BetOnline.ag,2026-09-28T16:55:07Z,h2h,2026-09-28T16:55:07Z,Cincinnati Bearcats,230,,20260928165602403570
NCAAF,americanfootball_ncaaf,63dded0ee467d6f6d03c41673569238d,2026-10-04T03:00:00Z,Arizona Wildcats,Cincinnati Bearcats,betonlineag,BetOnline.ag,2026-09-28T16:55:07Z,spreads,2026-09-28T16:55:07Z,Arizona Wildcats,-116,-7.0,20260928165602403570
NCAAF,americanfootball_ncaaf,63dded0ee467d6f6d03c41673569238d,2026-10-04T03:00:00Z,Arizona Wildcats,Cincinnati Bearcats,betonlineag,BetOnline.ag,2026-09-28T16:55:07Z,spreads,2026-09-28T16:55:07Z,Cincinnati Bearcats,-104,7.0,20260928165602403570
NCAAF,americanfootball_ncaaf,63dded0ee467d6f6d03c41673569238d,2026-10-04T03:00:00Z,Arizona Wildcats,Cincinnati Bearcats,betonlineag,BetOnline.ag,2026-09-28T16:55:07Z,totals,2026-09-28T16:55:07Z,Over,-110,55.0,20260928165602403570
NCAAF,americanfootball_ncaaf,63dded0ee467d6f6d03c41673569238d,2026-10-04T03:00:00Z,Arizona Wildcats,Cincinnati Bearcats,betonlineag,BetOnline.ag,2026-09-28T16:55:07Z,totals,2026-09-28T16:55:07Z,Under,-110,55.0,20260928165602403570
NCAAF,americanfootball_ncaaf,63dded0ee467d6f6d03c41673569238d,2026-10-04T03:00:00Z,Arizona Wildcats,Cincinnati Bearcats,mybookieag,MyBookie.ag,2026-09-28T16:55:48Z,h2h,2026-09-28T16:55:48Z,Arizona Wildcats,-300,,20260928165602403570
NCAAF,americanfootball_ncaaf,63dded0ee467d6f6d03c41673569238d,2026-10-04T03:00:00Z,Arizona Wildcats,Cincinnati Bearcats,mybookieag,MyBookie.ag,2026-09-28T16:55:48Z,h2h,2026-09-28T16:55:48Z,Cincinnati Bearcats,234,,20260928165602403570
NCAAF,americanfootball_ncaaf,63dded0ee467d6f6d03c41673569238d,2026-10-04T03:00:00Z,Arizona Wildcats,Cincinnati Bearcats,mybookieag,MyBookie.ag,2026-09-28T16:55:48Z,spreads,2026-09-28T16:55:48Z,Arizona Wildcats,-110,-7.5,20260928165602403570
NCAAF,americanfootball_ncaaf,63dded0ee467d6f6d03c41673569238d,2026-10-04T03:00:00Z,Arizona Wildcats,Cincinnati Bearcats,mybookieag,MyBookie.ag,2026-09-28T16:55:48Z,spreads,2026-09-28T16:55:48Z,Cincinnati Bearcats,-110,7.5,20260928165602403570
NCAAF,americanfootball_ncaaf,63dded0ee467d6f6d03c41673569238d,2026-10-04T03:00:00Z,Arizona Wildcats,Cincinnati Bearcats,mybookieag,MyBookie.ag,2026-09-28T16:55:48Z,totals,2026-09-28T16:55:48Z,Over,-110,55.0,20260928165602403570
NCAAF,americanfootball_ncaaf,63dded0ee467d6f6d03c41673569238d,2026-10-04T03:00:00Z,Arizona Wildcats,Cincinnati Bearcats,mybookieag,MyBookie.ag,2026-09-28T16:55:48Z,totals,2026-09-28T16:55:48Z,Under,-110,55.0,20260928165602403570
NCAAF,americanfootball_ncaaf,63dded0ee467d6f6d03c41673569238d,2026-10-04T03:00:00Z,Arizona Wildcats,Cincinnati Bearcats,betus,BetUS,2026-09-28T16:55:53Z,spreads,2026-09-28T16:55:52Z,Arizona Wildcats,-115,-7.0,20260928165602403570
NCAAF,americanfootball_ncaaf,63dded0ee467d6f6d03c41673569238d,2026-10-04T03:00:00Z,Arizona Wildcats,Cincinnati Bearcats,betus,BetUS,2026-09-28T16:55:53Z,spreads,2026-09-28T16:55:52Z,Cincinnati Bearcats,-105,7.0,20260928165602403570
NCAAF,americanfootball_ncaaf,63dded0ee467d6f6d03c41673569238d,2026-10-04T03:00:00Z,Arizona Wildcats,Cincinnati Bearcats,betus,BetUS,2026-09-28T16:55:53Z,totals,2026-09-28T16:55:52Z,Over,-110,55.0,20260928165602403570
NCAAF,americanfootball_ncaaf,63dded0ee467d6f6d03c41673569238d,2026-10-04T03:00:00Z,Arizona Wildcats,Cincinnati Bearcats,betus,BetUS,2026-09-28T16:55:53Z,totals,2026-09-28T16:55:52Z,Under,-110,55.0,20260928165602403570
NCAAF,americanfootball_ncaaf,63dded0ee467d6f6d03c41673569238d,2026-10-04T03:00:00Z,Arizona Wildcats,Cincinnati Bearcats,betmgm,BetMGM,2026-09-28T16:54:38Z,h2h,2026-09-28T16:54:38Z,Arizona Wildcats,-275,,20260928165602403570
NCAAF,americanfootball_ncaaf,63dded0ee467d6f6d03c41673569238d,2026-10-04T03:00:00Z,Arizona Wildcats,Cincinnati Bearcats,betmgm,BetMGM,2026-09-28T16:54:38Z,h2h,2026-09-28T16:54:38Z,Cincinnati Bearcats,230,,20260928165602403570
NCAAF,americanfootball_ncaaf,63dded0ee467d6f6d03c41673569238d,2026-10-04T03:00:00Z,Arizona Wildcats,Cincinnati Bearcats,betmgm,BetMGM,2026-09-28T16:54:38Z,spreads,2026-09-28T16:54:38Z,Arizona Wildcats,-118,-7.0,20260928165602403570
NCAAF,americanfootball_ncaaf,63dded0ee467d6f6d03c41673569238d,2026-10-04T03:00:00Z,Arizona Wildcats,Cincinnati Bearcats,betmgm,BetMGM,2026-09-28T16:54:38Z,spreads,2026-09-28T16:54:38Z,Cincinnati Bearcats,-102,7.0,20260928165602403570
NCAAF,americanfootball_ncaaf,63dded0ee467d6f6d03c41673569238d,2026-10-04T03:00:00Z,Arizona Wildcats,Cincinnati Bearcats,betmgm,BetMGM,2026-09-28T16:54:38Z,totals,2026-09-28T16:54:38Z,Over,-115,54.5,20260928165602403570
NCAAF,americanfootball_ncaaf,63dded0ee467d6f6d03c41673569238d,2026-10-04T03:00:00Z,Arizona Wildcats,Cincinnati Bearcats,betmgm,BetMGM,2026-09-28T16:54:38Z,totals,2026-09-28T16:54:38Z,Under,-105,54.5,20260928165602403570
NCAAF,americanfootball_ncaaf,63dded0ee467d6f6d03c41673569238d,2026-10-04T03:00:00Z,Arizona Wildcats,Cincinnati Bearcats,bovada,Bovada,2026-09-28T16:54:58Z,h2h,2026-09-28T16:54:58Z,Arizona Wildcats,-290,,20260928165602403570
NCAAF,americanfootball_ncaaf,63dded0ee467d6f6d03c41673569238d,2026-10-04T03:00:00Z,Arizona Wildcats,Cincinnati Bearcats,bovada,Bovada,2026-09-28T16:54:58Z,h2h,2026-09-28T16:54:58Z,Cincinnati Bearcats,240,,20260928165602403570
NCAAF,americanfootball_ncaaf,63dded0ee467d6f6d03c41673569238d,2026-10-04T03:00:00Z,Arizona Wildcats,Cincinnati Bearcats,bovada,Bovada,2026-09-28T16:54:58Z,spreads,2026-09-28T16:54:58Z,Arizona Wildcats,-120,-7.0,20260928165602403570
NCAAF,americanfootball_ncaaf,63dded0ee467d6f6d03c41673569238d,2026-10-04T03:00:00Z,Arizona Wildcats,Cincinnati Bearcats,bovada,Bovada,2026-09-28T16:54:58Z,spreads,2026-09-28T16:54:58Z,Cincinnati Bearcats,100,7.0,20260928165602403570
NCAAF,americanfootball_ncaaf,63dded0ee467d6f6d03c41673569238d,2026-10-04T03:00:00Z,Arizona Wildcats,Cincinnati Bearcats,bovada,Bovada,2026-09-28T16:54:58Z,totals,2026-09-28T16:54:58Z,Over,-110,55.0,20260928165602403570
NCAAF,americanfootball_ncaaf,63dded0ee467d6f6d03c41673569238d,2026-10-04T03:00:00Z,Arizona Wildcats,Cincinnati Bearcats,bovada,Bovada,2026-09-28T16:54:58Z,totals,2026-09-28T16:54:58Z,Under,-110,55.0,20260928165602403570
NCAAF,americanfootball_ncaaf,4d9e59b57798afb31927c84e1f6dc25e,2026-10-04T03:59:00Z,Hawaii Rainbow Warriors,San Jose State Spartans,fanduel,FanDuel,2026-09-28T16:55:50Z,h2h,2026-09-28T16:55:50Z,Hawaii Rainbow Warriors,-137,,20260928165602403570
NCAAF,americanfootball_ncaaf,4d9e59b57798afb31927c84e1f6dc25e,2026-10-04T03:59:00Z,Hawaii Rainbow Warriors,San Jose State Spartans,fanduel,FanDuel,2026-09-28T16:55:50Z,h2h,2026-09-28T16:55:50Z,San Jose State Spartans,114,,20260928165602403570
NCAAF,americanfootball_ncaaf,4d9e59b57798afb31927c84e1f6dc25e,2026-10-04T03:59:00Z,Hawaii Rainbow Warriors,San Jose State Spartans,fanduel,FanDuel,2026-09-28T16:55:50Z,spreads,2026-09-28T16:55:50Z,Hawaii Rainbow Warriors,-114,-2.5,20260928165602403570
NCAAF,americanfootball_ncaaf,4d9e59b57798afb31927c84e1f6dc25e,2026-10-04T03:59:00Z,Hawaii Rainbow Warriors,San Jose State Spartans,fanduel,FanDuel,2026-09-28T16:55:50Z,spreads,2026-09-28T16:55:50Z,San Jose State Spartans,-106,2.5,20260928165602403570
NCAAF,americanfootball_ncaaf,4d9e59b57798afb31927c84e1f6dc25e,2026-10-04T03:59:00Z,Hawaii Rainbow Warriors,San Jose State Spartans,fanduel,FanDuel,2026-09-28T16:55:50Z,totals,2026-09-28T16:55:50Z,Over,-110,51.5,20260928165602403570
NCAAF,americanfootball_ncaaf,4d9e59b57798afb31927c84e1f6dc25e,2026-10-04T03:59:00Z,Hawaii Rainbow Warriors,San Jose State Spartans,fanduel,FanDuel,2026-09-28T16:55:50Z,totals,2026-09-28T16:55:50Z,Under,-110,51.5,20260928165602403570
NCAAF,americanfootball_ncaaf,4d9e59b57798afb31927c84e1f6dc25e,2026-10-04T03:59:00Z,Hawaii Rainbow Warriors,San Jose State Spartans,betrivers,BetRivers,2026-09-28T16:55:49Z,h2h,2026-09-28T16:55:49Z,Hawaii Rainbow Warriors,-150,,20260928165602403570
NCAAF,americanfootball_ncaaf,4d9e59b57798afb31927c84e1f6dc25e,2026-10-04T03:59:00Z,Hawaii Rainbow Warriors,San Jose State Spartans,betrivers,BetRivers,2026-09-28T16:55:49Z,h2h,2026-09-28T16:55:49Z,San Jose State Spartans,120,,20260928165602403570
NCAAF,americanfootball_ncaaf,4d9e59b57798afb31927c84e1f6dc25e,2026-10-04T03:59:00Z,Hawaii Rainbow Warriors,San Jose State Spartans,betrivers,BetRivers,2026-09-28T16:55:49Z,spreads,2026-09-28T16:55:49Z,Hawaii Rainbow Warriors,-107,-3.0,20260928165602403570
NCAAF,americanfootball_ncaaf,4d9e59b57798afb31927c84e1f6dc25e,2026-10-04T03:59:00Z,Hawaii Rainbow Warriors,San Jose State Spartans,betrivers,BetRivers,2026-09-28T16:55:49Z,spreads,2026-09-28T16:55:49Z,San Jose State Spartans,-115,3.0,20260928165602403570
NCAAF,americanfootball_ncaaf,4d9e59b57798afb31927c84e1f6dc25e,2026-10-04T03:59:00Z,Hawaii Rainbow Warriors,San Jose State Spartans,betrivers,BetRivers,2026-09-28T16:55:49Z,totals,2026-09-28T16:55:49Z,Over,-110,51.5,20260928165602403570
NCAAF,americanfootball_ncaaf,4d9e59b57798afb31927c84e1f6dc25e,2026-10-04T03:59:00Z,Hawaii Rainbow Warriors,San Jose State Spartans,betrivers,BetRivers,2026-09-28T16:55:49Z,totals,2026-09-28T16:55:49Z,Under,-118,51.5,20260928165602403570
NCAAF,americanfootball_ncaaf,4d9e59b57798afb31927c84e1f6dc25e,2026-10-04T03:59:00Z,Hawaii Rainbow Warriors,San Jose State Spartans,betonlineag,BetOnline.ag,2026-09-28T16:55:07Z,h2h,2026-09-28T16:55:07Z,Hawaii Rainbow Warriors,-140,,20260928165602403570
NCAAF,americanfootball_ncaaf,4d9e59b57798afb31927c84e1f6dc25e,2026-10-04T03:59:00Z,Hawaii Rainbow Warriors,San Jose State Spartans,betonlineag,BetOnline.ag,2026-09-28T16:55:07Z,h2h,2026-09-28T16:55:07Z,San Jose State Spartans,120,,20260928165602403570
NCAAF,americanfootball_ncaaf,4d9e59b57798afb31927c84e1f6dc25e,2026-10-04T03:59:00Z,Hawaii Rainbow Warriors,San Jose State Spartans,betonlineag,BetOnline.ag,2026-09-28T16:55:07Z,spreads,2026-09-28T16:55:07Z,Hawaii Rainbow Warriors,-110,-2.5,20260928165602403570
NCAAF,americanfootball_ncaaf,4d9e59b57798afb31927c84e1f6dc25e,2026-10-04T03:59:00Z,Hawaii Rainbow Warriors,San Jose State Spartans,betonlineag,BetOnline.ag,2026-09-28T16:55:07Z,spreads,2026-09-28T16:55:07Z,San Jose State Spartans,-110,2.5,20260928165602403570
NCAAF,americanfootball_ncaaf,4d9e59b57798afb31927c84e1f6dc25e,2026-10-04T03:59:00Z,Hawaii Rainbow Warriors,San Jose State Spartans,betonlineag,BetOnline.ag,2026-09-28T16:55:07Z,totals,2026-09-28T16:55:07Z,Over,-110,51.5,20260928165602403570
NCAAF,americanfootball_ncaaf,4d9e59b57798afb31927c84e1f6dc25e,2026-10-04T03:59:00Z,Hawaii Rainbow Warriors,San Jose State Spartans,betonlineag,BetOnline.ag,2026-09-28T16:55:07Z,totals,2026-09-28T16:55:07Z,Under,-110,51.5,20260928165602403570
NCAAF,americanfootball_ncaaf,4d9e59b57798afb31927c84e1f6dc25e,2026-10-04T03:59:00Z,Hawaii Rainbow Warriors,San Jose State Spartans,lowvig,LowVig.ag,2026-09-28T16:55:49Z,h2h,2026-09-28T16:55:49Z,Hawaii Rainbow Warriors,-140,,20260928165602403570
NCAAF,americanfootball_ncaaf,4d9e59b57798afb31927c84e1f6dc25e,2026-10-04T03:59:00Z,Hawaii Rainbow Warriors,San Jose State Spartans,lowvig,LowVig.ag,2026-09-28T16:55:49Z,h2h,2026-09-28T16:55:49Z,San Jose State Spartans,120,,20260928165602403570
NCAAF,americanfootball_ncaaf,4d9e59b57798afb31927c84e1f6dc25e,2026-10-04T03:59:00Z,Hawaii Rainbow Warriors,San Jose State Spartans,lowvig,LowVig.ag,2026-09-28T16:55:49Z,spreads,2026-09-28T16:55:49Z,Hawaii Rainbow Warriors,-106,-2.5,20260928165602403570
NCAAF,americanfootball_ncaaf,4d9e59b57798afb31927c84e1f6dc25e,2026-10-04T03:59:00Z,Hawaii Rainbow Warriors,San Jose State Spartans,lowvig,LowVig.ag,2026-09-28T16:55:49Z,spreads,2026-09-28T16:55:49Z,San Jose State Spartans,-106,2.5,20260928165602403570
NCAAF,americanfootball_ncaaf,4d9e59b57798afb31927c84e1f6dc25e,2026-10-04T03:59:00Z,Hawaii Rainbow Warriors,San Jose State Spartans,lowvig,LowVig.ag,2026-09-28T16:55:49Z,totals,2026-09-28T16:55:49Z,Over,-108,51.5,20260928165602403570
NCAAF,americanfootball_ncaaf,4d9e59b57798afb31927c84e1f6dc25e,2026-10-04T03:59:00Z,Hawaii Rainbow Warriors,San Jose State Spartans,lowvig,LowVig.ag,2026-09-28T16:55:49Z,totals,2026-09-28T16:55:49Z,Under,-108,51.5,20260928165602403570
NCAAF,americanfootball_ncaaf,4d9e59b57798afb31927c84e1f6dc25e,2026-10-04T03:59:00Z,Hawaii Rainbow Warriors,San Jose State Spartans,draftkings,DraftKings,2026-09-28T16:55:34Z,h2h,2026-09-28T16:55:34Z,Hawaii Rainbow Warriors,-142,,20260928165602403570
NCAAF,americanfootball_ncaaf,4d9e59b57798afb31927c84e1f6dc25e,2026-10-04T03:59:00Z,Hawaii Rainbow Warriors,San Jose State Spartans,draftkings,DraftKings,2026-09-28T16:55:34Z,h2h,2026-09-28T16:55:34Z,San Jose State Spartans,120,,20260928165602403570
NCAAF,americanfootball_ncaaf,4d9e59b57798afb31927c84e1f6dc25e,2026-10-04T03:59:00Z,Hawaii Rainbow Warriors,San Jose State Spartans,draftkings,DraftKings,2026-09-28T16:55:34Z,spreads,2026-09-28T16:55:34Z,Hawaii Rainbow Warriors,-120,-2.5,20260928165602403570
NCAAF,americanfootball_ncaaf,4d9e59b57798afb31927c84e1f6dc25e,2026-10-04T03:59:00Z,Hawaii Rainbow Warriors,San Jose State Spartans,draftkings,DraftKings,2026-09-28T16:55:34Z,spreads,2026-09-28T16:55:34Z,San Jose State Spartans,100,2.5,20260928165602403570
NCAAF,americanfootball_ncaaf,4d9e59b57798afb31927c84e1f6dc25e,2026-10-04T03:59:00Z,Hawaii Rainbow Warriors,San Jose State Spartans,draftkings,DraftKings,2026-09-28T16:55:34Z,totals,2026-09-28T16:55:34Z,Over,-115,51.5,20260928165602403570
NCAAF,americanfootball_ncaaf,4d9e59b57798afb31927c84e1f6dc25e,2026-10-04T03:59:00Z,Hawaii Rainbow Warriors,San Jose State Spartans,draftkings,DraftKings,2026-09-28T16:55:34Z,totals,2026-09-28T16:55:34Z,Under,-105,51.5,20260928165602403570
NCAAF,americanfootball_ncaaf,4d9e59b57798afb31927c84e1f6dc25e,2026-10-04T03:59:00Z,Hawaii Rainbow Warriors,San Jose State Spartans,mybookieag,MyBookie.ag,2026-09-28T16:55:48Z,h2h,2026-09-28T16:55:48Z,Hawaii Rainbow Warriors,-148,,20260928165602403570
NCAAF,americanfootball_ncaaf,4d9e59b57798afb31927c84e1f6dc25e,2026-10-04T03:59:00Z,Hawaii Rainbow Warriors,San Jose State Spartans,mybookieag,MyBookie.ag,2026-09-28T16:55:48Z,h2h,2026-09-28T16:55:48Z,San Jose State Spartans,121,,20260928165602403570
NCAAF,americanfootball_ncaaf,4d9e59b57798afb31927c84e1f6dc25e,2026-10-04T03:59:00Z,Hawaii Rainbow Warriors,San Jose State Spartans,mybookieag,MyBookie.ag,2026-09-28T16:55:48Z,spreads,2026-09-28T16:55:48Z,Hawaii Rainbow Warriors,-110,-3.0,20260928165602403570
NCAAF,americanfootball_ncaaf,4d9e59b57798afb31927c84e1f6dc25e,2026-10-04T03:59:00Z,Hawaii Rainbow Warriors,San Jose State Spartans,mybookieag,MyBookie.ag,2026-09-28T16:55:48Z,spreads,2026-09-28T16:55:48Z,San Jose State Spartans,-110,3.0,20260928165602403570
NCAAF,americanfootball_ncaaf,4d9e59b57798afb31927c84e1f6dc25e,2026-10-04T03:59:00Z,Hawaii Rainbow Warriors,San Jose State Spartans,mybookieag,MyBookie.ag,2026-09-28T16:55:48Z,totals,2026-09-28T16:55:48Z,Over,-110,51.5,20260928165602403570
NCAAF,americanfootball_ncaaf,4d9e59b57798afb31927c84e1f6dc25e,2026-10-04T03:59:00Z,Hawaii Rainbow Warriors,San Jose State Spartans,mybookieag,MyBookie.ag,2026-09-28T16:55:48Z,totals,2026-09-28T16:55:48Z,Under,-110,51.5,20260928165602403570
NCAAF,americanfootball_ncaaf,4d9e59b57798afb31927c84e1f6dc25e,2026-10-04T03:59:00Z,Hawaii Rainbow Warriors,San Jose State Spartans,betus,BetUS,2026-09-28T16:55:53Z,spreads,2026-09-28T16:55:53Z,Hawaii Rainbow Warriors,-110,-2.5,20260928165602403570
NCAAF,americanfootball_ncaaf,4d9e59b57798afb31927c84e1f6dc25e,2026-10-04T03:59:00Z,Hawaii Rainbow Warriors,San Jose State Spartans,betus,BetUS,2026-09-28T16:55:53Z,spreads,2026-09-28T16:55:53Z,San Jose State Spartans,-110,2.5,20260928165602403570
NCAAF,americanfootball_ncaaf,4d9e59b57798afb31927c84e1f6dc25e,2026-10-04T03:59:00Z,Hawaii Rainbow Warriors,San Jose State Spartans,betus,BetUS,2026-09-28T16:55:53Z,totals,2026-09-28T16:55:53Z,Over,-110,51.5,20260928165602403570
NCAAF,americanfootball_ncaaf,4d9e59b57798afb31927c84e1f6dc25e,2026-10-04T03:59:00Z,Hawaii Rainbow Warriors,San Jose State Spartans,betus,BetUS,2026-09-28T16:55:53Z,totals,2026-09-28T16:55:53Z,Under,-110,51.5,20260928165602403570
NCAAF,americanfootball_ncaaf,4d9e59b57798afb31927c84e1f6dc25e,2026-10-04T03:59:00Z,Hawaii Rainbow Warriors,San Jose State Spartans,betmgm,BetMGM,2026-09-28T16:54:38Z,h2h,2026-09-28T16:54:38Z,Hawaii Rainbow Warriors,-145,,20260928165602403570
NCAAF,americanfootball_ncaaf,4d9e59b57798afb31927c84e1f6dc25e,2026-10-04T03:59:00Z,Hawaii Rainbow Warriors,San Jose State Spartans,betmgm,BetMGM,2026-09-28T16:54:38Z,h2h,2026-09-28T16:54:38Z,San Jose State Spartans,120,,20260928165602403570
NCAAF,americanfootball_ncaaf,4d9e59b57798afb31927c84e1f6dc25e,2026-10-04T03:59:00Z,Hawaii Rainbow Warriors,San Jose State Spartans,betmgm,BetMGM,2026-09-28T16:54:38Z,spreads,2026-09-28T16:54:38Z,Hawaii Rainbow Warriors,-115,-2.5,20260928165602403570
NCAAF,americanfootball_ncaaf,4d9e59b57798afb31927c84e1f6dc25e,2026-10-04T03:59:00Z,Hawaii Rainbow Warriors,San Jose State Spartans,betmgm,BetMGM,2026-09-28T16:54:38Z,spreads,2026-09-28T16:54:38Z,San Jose State Spartans,-105,2.5,20260928165602403570
NCAAF,americanfootball_ncaaf,4d9e59b57798afb31927c84e1f6dc25e,2026-10-04T03:59:00Z,Hawaii Rainbow Warriors,San Jose State Spartans,betmgm,BetMGM,2026-09-28T16:54:38Z,totals,2026-09-28T16:54:38Z,Over,-110,51.5,20260928165602403570
NCAAF,americanfootball_ncaaf,4d9e59b57798afb31927c84e1f6dc25e,2026-10-04T03:59:00Z,Hawaii Rainbow Warriors,San Jose State Spartans,betmgm,BetMGM,2026-09-28T16:54:38Z,totals,2026-09-28T16:54:38Z,Under,-108,51.5,20260928165602403570
NCAAF,americanfootball_ncaaf,4d9e59b57798afb31927c84e1f6dc25e,2026-10-04T03:59:00Z,Hawaii Rainbow Warriors,San Jose State Spartans,bovada,Bovada,2026-09-28T16:54:58Z,h2h,2026-09-28T16:54:58Z,Hawaii Rainbow Warriors,-145,,20260928165602403570
NCAAF,americanfootball_ncaaf,4d9e59b57798afb31927c84e1f6dc25e,2026-10-04T03:59:00Z,Hawaii Rainbow Warriors,San Jose State Spartans,bovada,Bovada,2026-09-28T16:54:58Z,h2h,2026-09-28T16:54:58Z,San Jose State Spartans,125,,20260928165602403570
NCAAF,americanfootball_ncaaf,4d9e59b57798afb31927c84e1f6dc25e,2026-10-04T03:59:00Z,Hawaii Rainbow Warriors,San Jose State Spartans,bovada,Bovada,2026-09-28T16:54:58Z,spreads,2026-09-28T16:54:58Z,Hawaii Rainbow Warriors,-105,-3.0,20260928165602403570
NCAAF,americanfootball_ncaaf,4d9e59b57798afb31927c84e1f6dc25e,2026-10-04T03:59:00Z,Hawaii Rainbow Warriors,San Jose State Spartans,bovada,Bovada,2026-09-28T16:54:58Z,spreads,2026-09-28T16:54:58Z,San Jose State Spartans,-115,3.0,20260928165602403570
NCAAF,americanfootball_ncaaf,4d9e59b57798afb31927c84e1f6dc25e,2026-10-04T03:59:00Z,Hawaii Rainbow Warriors,San Jose State Spartans,bovada,Bovada,2026-09-28T16:54:58Z,totals,2026-09-28T16:54:58Z,Over,-110,51.5,20260928165602403570
NCAAF,americanfootball_ncaaf,4d9e59b57798afb31927c84e1f6dc25e,2026-10-04T03:59:00Z,Hawaii Rainbow Warriors,San Jose State Spartans,bovada,Bovada,2026-09-28T16:54:58Z,totals,2026-09-28T16:54:58Z,Under,-110,51.5,20260928165602403570
