sport,sport_key,game_id,game_time,home_team,away_team,bookmaker_key,bookmaker_title,bookmaker_last_update,market,market_last_update,team,price,point,query_time
NCAAF,americanfootball_ncaaf,2c288580da16e12d35355f2548721be6,2026-08-29T16:00:00Z,TCU Horned Frogs,North Carolina Tar Heels,fanduel,FanDuel,2026-07-19T12:01:38Z,h2h,2026-07-19T12:01:38Z,North Carolina Tar Heels,198,,20260719120152693564
NCAAF,americanfootball_ncaaf,2c288580da16e12d35355f2548721be6,2026-08-29T16:00:00Z,TCU Horned Frogs,North Carolina Tar Heels,fanduel,FanDuel,2026-07-19T12:01:38Z,h2h,2026-07-19T12:01:38Z,TCU Horned Frogs,-245,,20260719120152693564
NCAAF,americanfootball_ncaaf,2c288580da16e12d35355f2548721be6,2026-08-29T16:00:00Z,TCU Horned Frogs,North Carolina Tar Heels,fanduel,FanDuel,2026-07-19T12:01:38Z,spreads,2026-07-19T12:01:38Z,North Carolina Tar Heels,-110,6.5,20260719120152693564
NCAAF,americanfootball_ncaaf,2c288580da16e12d35355f2548721be6,2026-08-29T16:00:00Z,TCU Horned Frogs,North Carolina Tar Heels,fanduel,FanDuel,2026-07-19T12:01:38Z,spreads,2026-07-19T12:01:38Z,TCU Horned Frogs,-110,-6.5,20260719120152693564
NCAAF,americanfootball_ncaaf,2c288580da16e12d35355f2548721be6,2026-08-29T16:00:00Z,TCU Horned Frogs,North Carolina Tar Heels,fanduel,FanDuel,2026-07-19T12:01:38Z,totals,2026-07-19T12:01:38Z,Over,-115,48.5,20260719120152693564
NCAAF,americanfootball_ncaaf,2c288580da16e12d35355f2548721be6,2026-08-29T16:00:00Z,TCU Horned Frogs,North Carolina Tar Heels,fanduel,FanDuel,2026-07-19T12:01:38Z,totals,2026-07-19T12:01:38Z,Under,-105,48.5,20260719120152693564
NCAAF,americanfootball_ncaaf,2c288580da16e12d35355f2548721be6,2026-08-29T16:00:00Z,TCU Horned Frogs,North Carolina Tar Heels,bovada,Bovada,2026-07-19T12:01:41Z,h2h,2026-07-19T12:01:41Z,North Carolina Tar Heels,205,,20260719120152693564
NCAAF,americanfootball_ncaaf,2c288580da16e12d35355f2548721be6,2026-08-29T16:00:00Z,TCU Horned Frogs,North Carolina Tar Heels,bovada,Bovada,2026-07-19T12:01:41Z,h2h,2026-07-19T12:01:41Z,TCU Horned Frogs,-245,,20260719120152693564
NCAAF,americanfootball_ncaaf,2c288580da16e12d35355f2548721be6,2026-08-29T16:00:00Z,TCU Horned Frogs,North Carolina Tar Heels,bovada,Bovada,2026-07-19T12:01:41Z,spreads,2026-07-19T12:01:41Z,North Carolina Tar Heels,-110,6.5,20260719120152693564
NCAAF,americanfootball_ncaaf,2c288580da16e12d35355f2548721be6,2026-08-29T16:00:00Z,TCU Horned Frogs,North Carolina Tar Heels,bovada,Bovada,2026-07-19T12:01:41Z,spreads,2026-07-19T12:01:41Z,TCU Horned Frogs,-110,-6.5,20260719120152693564
NCAAF,americanfootball_ncaaf,2c288580da16e12d35355f2548721be6,2026-08-29T16:00:00Z,TCU Horned Frogs,North Carolina Tar Heels,bovada,Bovada,2026-07-19T12:01:41Z,totals,2026-07-19T12:01:41Z,Over,-110,49.5,20260719120152693564
NCAAF,americanfootball_ncaaf,2c288580da16e12d35355f2548721be6,2026-08-29T16:00:00Z,TCU Horned Frogs,North Carolina Tar Heels,bovada,Bovada,2026-07-19T12:01:41Z,totals,2026-07-19T12:01:41Z,Under,-110,49.5,20260719120152693564
NCAAF,americanfootball_ncaaf,2c288580da16e12d35355f2548721be6,2026-08-29T16:00:00Z,TCU Horned Frogs,North Carolina Tar Heels,draftkings,DraftKings,2026-07-19T12:01:13Z,h2h,2026-07-19T12:01:13Z,North Carolina Tar Heels,200,,20260719120152693564
NCAAF,americanfootball_ncaaf,2c288580da16e12d35355f2548721be6,2026-08-29T16:00:00Z,TCU Horned Frogs,North Carolina Tar Heels,draftkings,DraftKings,2026-07-19T12:01:13Z,h2h,2026-07-19T12:01:13Z,TCU Horned Frogs,-245,,20260719120152693564
NCAAF,americanfootball_ncaaf,2c288580da16e12d35355f2548721be6,2026-08-29T16:00:00Z,TCU Horned Frogs,North Carolina Tar Heels,draftkings,DraftKings,2026-07-19T12:01:13Z,spreads,2026-07-19T12:01:13Z,North Carolina Tar Heels,-108,6.5,20260719120152693564
NCAAF,americanfootball_ncaaf,2c288580da16e12d35355f2548721be6,2026-08-29T16:00:00Z,TCU Horned Frogs,North Carolina Tar Heels,draftkings,DraftKings,2026-07-19T12:01:13Z,spreads,2026-07-19T12:01:13Z,TCU Horned Frogs,-112,-6.5,20260719120152693564
NCAAF,americanfootball_ncaaf,2c288580da16e12d35355f2548721be6,2026-08-29T16:00:00Z,TCU Horned Frogs,North Carolina Tar Heels,draftkings,DraftKings,2026-07-19T12:01:13Z,totals,2026-07-19T12:01:13Z,Over,-110,49.5,20260719120152693564
NCAAF,americanfootball_ncaaf,2c288580da16e12d35355f2548721be6,2026-08-29T16:00:00Z,TCU Horned Frogs,North Carolina Tar Heels,draftkings,DraftKings,2026-07-19T12:01:13Z,totals,2026-07-19T12:01:13Z,Under,-110,49.5,20260719120152693564
NCAAF,americanfootball_ncaaf,2c288580da16e12d35355f2548721be6,2026-08-29T16:00:00Z,TCU Horned Frogs,North Carolina Tar Heels,betmgm,BetMGM,2026-07-19T12:01:15Z,spreads,2026-07-19T12:01:14Z,North Carolina Tar Heels,-110,6.5,20260719120152693564
NCAAF,americanfootball_ncaaf,2c288580da16e12d35355f2548721be6,2026-08-29T16:00:00Z,TCU Horned Frogs,North Carolina Tar Heels,betmgm,BetMGM,2026-07-19T12:01:15Z,spreads,2026-07-19T12:01:14Z,TCU Horned Frogs,-110,-6.5,20260719120152693564
NCAAF,americanfootball_ncaaf,2c288580da16e12d35355f2548721be6,2026-08-29T16:00:00Z,TCU Horned Frogs,North Carolina Tar Heels,betmgm,BetMGM,2026-07-19T12:01:15Z,totals,2026-07-19T12:01:14Z,Over,-105,49.5,20260719120152693564
NCAAF,americanfootball_ncaaf,2c288580da16e12d35355f2548721be6,2026-08-29T16:00:00Z,TCU Horned Frogs,North Carolina Tar Heels,betmgm,BetMGM,2026-07-19T12:01:15Z,totals,2026-07-19T12:01:14Z,Under,-115,49.5,20260719120152693564
NCAAF,americanfootball_ncaaf,2c288580da16e12d35355f2548721be6,2026-08-29T16:00:00Z,TCU Horned Frogs,North Carolina Tar Heels,betrivers,BetRivers,2026-07-19T12:01:15Z,h2h,2026-07-19T12:01:15Z,North Carolina Tar Heels,205,,20260719120152693564
NCAAF,americanfootball_ncaaf,2c288580da16e12d35355f2548721be6,2026-08-29T16:00:00Z,TCU Horned Frogs,North Carolina Tar Heels,betrivers,BetRivers,2026-07-19T12:01:15Z,h2h,2026-07-19T12:01:15Z,TCU Horned Frogs,-265,,20260719120152693564
NCAAF,americanfootball_ncaaf,2c288580da16e12d35355f2548721be6,2026-08-29T16:00:00Z,TCU Horned Frogs,North Carolina Tar Heels,betrivers,BetRivers,2026-07-19T12:01:15Z,spreads,2026-07-19T12:01:15Z,North Carolina Tar Heels,-114,7.0,20260719120152693564
NCAAF,americanfootball_ncaaf,2c288580da16e12d35355f2548721be6,2026-08-29T16:00:00Z,TCU Horned Frogs,North Carolina Tar Heels,betrivers,BetRivers,2026-07-19T12:01:15Z,spreads,2026-07-19T12:01:15Z,TCU Horned Frogs,-109,-7.0,20260719120152693564
NCAAF,americanfootball_ncaaf,2c288580da16e12d35355f2548721be6,2026-08-29T16:00:00Z,TCU Horned Frogs,North Carolina Tar Heels,betrivers,BetRivers,2026-07-19T12:01:15Z,totals,2026-07-19T12:01:15Z,Over,-112,49.5,20260719120152693564
NCAAF,americanfootball_ncaaf,2c288580da16e12d35355f2548721be6,2026-08-29T16:00:00Z,TCU Horned Frogs,North Carolina Tar Heels,betrivers,BetRivers,2026-07-19T12:01:15Z,totals,2026-07-19T12:01:15Z,Under,-112,49.5,20260719120152693564
NCAAF,americanfootball_ncaaf,2c288580da16e12d35355f2548721be6,2026-08-29T16:00:00Z,TCU Horned Frogs,North Carolina Tar Heels,mybookieag,MyBookie.ag,2026-07-19T12:01:39Z,h2h,2026-07-19T12:01:38Z,North Carolina Tar Heels,204,,20260719120152693564
NCAAF,americanfootball_ncaaf,2c288580da16e12d35355f2548721be6,2026-08-29T16:00:00Z,TCU Horned Frogs,North Carolina Tar Heels,mybookieag,MyBookie.ag,2026-07-19T12:01:39Z,h2h,2026-07-19T12:01:38Z,TCU Horned Frogs,-270,,20260719120152693564
NCAAF,americanfootball_ncaaf,2c288580da16e12d35355f2548721be6,2026-08-29T16:00:00Z,TCU Horned Frogs,North Carolina Tar Heels,mybookieag,MyBookie.ag,2026-07-19T12:01:39Z,spreads,2026-07-19T12:01:38Z,North Carolina Tar Heels,-110,6.5,20260719120152693564
NCAAF,americanfootball_ncaaf,2c288580da16e12d35355f2548721be6,2026-08-29T16:00:00Z,TCU Horned Frogs,North Carolina Tar Heels,mybookieag,MyBookie.ag,2026-07-19T12:01:39Z,spreads,2026-07-19T12:01:38Z,TCU Horned Frogs,-110,-6.5,20260719120152693564
NCAAF,americanfootball_ncaaf,2c288580da16e12d35355f2548721be6,2026-08-29T16:00:00Z,TCU Horned Frogs,North Carolina Tar Heels,mybookieag,MyBookie.ag,2026-07-19T12:01:39Z,totals,2026-07-19T12:01:38Z,Over,-110,49.5,20260719120152693564
NCAAF,americanfootball_ncaaf,2c288580da16e12d35355f2548721be6,2026-08-29T16:00:00Z,TCU Horned Frogs,North Carolina Tar Heels,mybookieag,MyBookie.ag,2026-07-19T12:01:39Z,totals,2026-07-19T12:01:38Z,Under,-110,49.5,20260719120152693564
NCAAF,americanfootball_ncaaf,2c288580da16e12d35355f2548721be6,2026-08-29T16:00:00Z,TCU Horned Frogs,North Carolina Tar Heels,betonlineag,BetOnline.ag,2026-07-19T12:01:41Z,spreads,2026-07-19T12:01:41Z,North Carolina Tar Heels,-115,7.0,20260719120152693564
NCAAF,americanfootball_ncaaf,2c288580da16e12d35355f2548721be6,2026-08-29T16:00:00Z,TCU Horned Frogs,North Carolina Tar Heels,betonlineag,BetOnline.ag,2026-07-19T12:01:41Z,spreads,2026-07-19T12:01:41Z,TCU Horned Frogs,-105,-7.0,20260719120152693564
NCAAF,americanfootball_ncaaf,2c288580da16e12d35355f2548721be6,2026-08-29T16:00:00Z,TCU Horned Frogs,North Carolina Tar Heels,betonlineag,BetOnline.ag,2026-07-19T12:01:41Z,totals,2026-07-19T12:01:41Z,Over,-110,49.0,20260719120152693564
NCAAF,americanfootball_ncaaf,2c288580da16e12d35355f2548721be6,2026-08-29T16:00:00Z,TCU Horned Frogs,North Carolina Tar Heels,betonlineag,BetOnline.ag,2026-07-19T12:01:41Z,totals,2026-07-19T12:01:41Z,Under,-110,49.0,20260719120152693564
NCAAF,americanfootball_ncaaf,2c288580da16e12d35355f2548721be6,2026-08-29T16:00:00Z,TCU Horned Frogs,North Carolina Tar Heels,lowvig,LowVig.ag,2026-07-19T12:00:52Z,spreads,2026-07-19T12:00:52Z,North Carolina Tar Heels,-111,7.0,20260719120152693564
NCAAF,americanfootball_ncaaf,2c288580da16e12d35355f2548721be6,2026-08-29T16:00:00Z,TCU Horned Frogs,North Carolina Tar Heels,lowvig,LowVig.ag,2026-07-19T12:00:52Z,spreads,2026-07-19T12:00:52Z,TCU Horned Frogs,-101,-7.0,20260719120152693564
NCAAF,americanfootball_ncaaf,2c288580da16e12d35355f2548721be6,2026-08-29T16:00:00Z,TCU Horned Frogs,North Carolina Tar Heels,lowvig,LowVig.ag,2026-07-19T12:00:52Z,totals,2026-07-19T12:00:52Z,Over,-108,49.0,20260719120152693564
NCAAF,americanfootball_ncaaf,2c288580da16e12d35355f2548721be6,2026-08-29T16:00:00Z,TCU Horned Frogs,North Carolina Tar Heels,lowvig,LowVig.ag,2026-07-19T12:00:52Z,totals,2026-07-19T12:00:52Z,Under,-108,49.0,20260719120152693564
NCAAF,americanfootball_ncaaf,2c288580da16e12d35355f2548721be6,2026-08-29T16:00:00Z,TCU Horned Frogs,North Carolina Tar Heels,betus,BetUS,2026-07-19T12:01:14Z,spreads,2026-07-19T12:01:14Z,North Carolina Tar Heels,-115,7.0,20260719120152693564
NCAAF,americanfootball_ncaaf,2c288580da16e12d35355f2548721be6,2026-08-29T16:00:00Z,TCU Horned Frogs,North Carolina Tar Heels,betus,BetUS,2026-07-19T12:01:14Z,spreads,2026-07-19T12:01:14Z,TCU Horned Frogs,-105,-7.0,20260719120152693564
NCAAF,americanfootball_ncaaf,2c288580da16e12d35355f2548721be6,2026-08-29T16:00:00Z,TCU Horned Frogs,North Carolina Tar Heels,betus,BetUS,2026-07-19T12:01:14Z,totals,2026-07-19T12:01:14Z,Over,-110,49.0,20260719120152693564
NCAAF,americanfootball_ncaaf,2c288580da16e12d35355f2548721be6,2026-08-29T16:00:00Z,TCU Horned Frogs,North Carolina Tar Heels,betus,BetUS,2026-07-19T12:01:14Z,totals,2026-07-19T12:01:14Z,Under,-110,49.0,20260719120152693564
NCAAF,americanfootball_ncaaf,3313dcc5e91f9a2dda995a5e36e55f52,2026-08-29T19:00:00Z,USC Trojans,San Jose State Spartans,draftkings,DraftKings,2026-07-19T12:01:13Z,spreads,2026-07-19T12:01:13Z,San Jose State Spartans,-110,35.5,20260719120152693564
NCAAF,americanfootball_ncaaf,3313dcc5e91f9a2dda995a5e36e55f52,2026-08-29T19:00:00Z,USC Trojans,San Jose State Spartans,draftkings,DraftKings,2026-07-19T12:01:13Z,spreads,2026-07-19T12:01:13Z,USC Trojans,-110,-35.5,20260719120152693564
NCAAF,americanfootball_ncaaf,3313dcc5e91f9a2dda995a5e36e55f52,2026-08-29T19:00:00Z,USC Trojans,San Jose State Spartans,draftkings,DraftKings,2026-07-19T12:01:13Z,totals,2026-07-19T12:01:13Z,Over,-112,58.5,20260719120152693564
NCAAF,americanfootball_ncaaf,3313dcc5e91f9a2dda995a5e36e55f52,2026-08-29T19:00:00Z,USC Trojans,San Jose State Spartans,draftkings,DraftKings,2026-07-19T12:01:13Z,totals,2026-07-19T12:01:13Z,Under,-108,58.5,20260719120152693564
NCAAF,americanfootball_ncaaf,3313dcc5e91f9a2dda995a5e36e55f52,2026-08-29T19:00:00Z,USC Trojans,San Jose State Spartans,betonlineag,BetOnline.ag,2026-07-19T12:01:41Z,spreads,2026-07-19T12:01:41Z,San Jose State Spartans,-110,35.5,20260719120152693564
NCAAF,americanfootball_ncaaf,3313dcc5e91f9a2dda995a5e36e55f52,2026-08-29T19:00:00Z,USC Trojans,San Jose State Spartans,betonlineag,BetOnline.ag,2026-07-19T12:01:41Z,spreads,2026-07-19T12:01:41Z,USC Trojans,-110,-35.5,20260719120152693564
NCAAF,americanfootball_ncaaf,3313dcc5e91f9a2dda995a5e36e55f52,2026-08-29T19:00:00Z,USC Trojans,San Jose State Spartans,betonlineag,BetOnline.ag,2026-07-19T12:01:41Z,totals,2026-07-19T12:01:41Z,Over,-115,59.0,20260719120152693564
NCAAF,americanfootball_ncaaf,3313dcc5e91f9a2dda995a5e36e55f52,2026-08-29T19:00:00Z,USC Trojans,San Jose State Spartans,betonlineag,BetOnline.ag,2026-07-19T12:01:41Z,totals,2026-07-19T12:01:41Z,Under,-105,59.0,20260719120152693564
NCAAF,americanfootball_ncaaf,3313dcc5e91f9a2dda995a5e36e55f52,2026-08-29T19:00:00Z,USC Trojans,San Jose State Spartans,lowvig,LowVig.ag,2026-07-19T12:00:52Z,spreads,2026-07-19T12:00:52Z,San Jose State Spartans,-106,35.5,20260719120152693564
NCAAF,americanfootball_ncaaf,3313dcc5e91f9a2dda995a5e36e55f52,2026-08-29T19:00:00Z,USC Trojans,San Jose State Spartans,lowvig,LowVig.ag,2026-07-19T12:00:52Z,spreads,2026-07-19T12:00:52Z,USC Trojans,-106,-35.5,20260719120152693564
NCAAF,americanfootball_ncaaf,3313dcc5e91f9a2dda995a5e36e55f52,2026-08-29T19:00:00Z,USC Trojans,San Jose State Spartans,lowvig,LowVig.ag,2026-07-19T12:00:52Z,totals,2026-07-19T12:00:52Z,Over,-114,59.0,20260719120152693564
NCAAF,americanfootball_ncaaf,3313dcc5e91f9a2dda995a5e36e55f52,2026-08-29T19:00:00Z,USC Trojans,San Jose State Spartans,lowvig,LowVig.ag,2026-07-19T12:00:52Z,totals,2026-07-19T12:00:52Z,Under,-103,59.0,20260719120152693564
NCAAF,americanfootball_ncaaf,3313dcc5e91f9a2dda995a5e36e55f52,2026-08-29T19:00:00Z,USC Trojans,San Jose State Spartans,betus,BetUS,2026-07-19T12:01:14Z,spreads,2026-07-19T12:01:14Z,San Jose State Spartans,-110,35.5,20260719120152693564
NCAAF,americanfootball_ncaaf,3313dcc5e91f9a2dda995a5e36e55f52,2026-08-29T19:00:00Z,USC Trojans,San Jose State Spartans,betus,BetUS,2026-07-19T12:01:14Z,spreads,2026-07-19T12:01:14Z,USC Trojans,-110,-35.5,20260719120152693564
NCAAF,americanfootball_ncaaf,3313dcc5e91f9a2dda995a5e36e55f52,2026-08-29T19:00:00Z,USC Trojans,San Jose State Spartans,betus,BetUS,2026-07-19T12:01:14Z,totals,2026-07-19T12:01:14Z,Over,-110,59.0,20260719120152693564
NCAAF,americanfootball_ncaaf,3313dcc5e91f9a2dda995a5e36e55f52,2026-08-29T19:00:00Z,USC Trojans,San Jose State Spartans,betus,BetUS,2026-07-19T12:01:14Z,totals,2026-07-19T12:01:14Z,Under,-110,59.0,20260719120152693564
NCAAF,americanfootball_ncaaf,3313dcc5e91f9a2dda995a5e36e55f52,2026-08-29T19:00:00Z,USC Trojans,San Jose State Spartans,bovada,Bovada,2026-07-19T12:01:41Z,spreads,2026-07-19T12:01:41Z,San Jose State Spartans,-110,35.5,20260719120152693564
NCAAF,americanfootball_ncaaf,3313dcc5e91f9a2dda995a5e36e55f52,2026-08-29T19:00:00Z,USC Trojans,San Jose State Spartans,bovada,Bovada,2026-07-19T12:01:41Z,spreads,2026-07-19T12:01:41Z,USC Trojans,-110,-35.5,20260719120152693564
NCAAF,americanfootball_ncaaf,3313dcc5e91f9a2dda995a5e36e55f52,2026-08-29T19:00:00Z,USC Trojans,San Jose State Spartans,bovada,Bovada,2026-07-19T12:01:41Z,totals,2026-07-19T12:01:41Z,Over,-110,58.5,20260719120152693564
NCAAF,americanfootball_ncaaf,3313dcc5e91f9a2dda995a5e36e55f52,2026-08-29T19:00:00Z,USC Trojans,San Jose State Spartans,bovada,Bovada,2026-07-19T12:01:41Z,totals,2026-07-19T12:01:41Z,Under,-110,58.5,20260719120152693564
NCAAF,americanfootball_ncaaf,3313dcc5e91f9a2dda995a5e36e55f52,2026-08-29T19:00:00Z,USC Trojans,San Jose State Spartans,fanduel,FanDuel,2026-07-19T12:01:38Z,spreads,2026-07-19T12:01:38Z,San Jose State Spartans,-115,35.5,20260719120152693564
NCAAF,americanfootball_ncaaf,3313dcc5e91f9a2dda995a5e36e55f52,2026-08-29T19:00:00Z,USC Trojans,San Jose State Spartans,fanduel,FanDuel,2026-07-19T12:01:38Z,spreads,2026-07-19T12:01:38Z,USC Trojans,-105,-35.5,20260719120152693564
NCAAF,americanfootball_ncaaf,3313dcc5e91f9a2dda995a5e36e55f52,2026-08-29T19:00:00Z,USC Trojans,San Jose State Spartans,fanduel,FanDuel,2026-07-19T12:01:38Z,totals,2026-07-19T12:01:38Z,Over,-115,58.5,20260719120152693564
NCAAF,americanfootball_ncaaf,3313dcc5e91f9a2dda995a5e36e55f52,2026-08-29T19:00:00Z,USC Trojans,San Jose State Spartans,fanduel,FanDuel,2026-07-19T12:01:38Z,totals,2026-07-19T12:01:38Z,Under,-105,58.5,20260719120152693564
NCAAF,americanfootball_ncaaf,3313dcc5e91f9a2dda995a5e36e55f52,2026-08-29T19:00:00Z,USC Trojans,San Jose State Spartans,betmgm,BetMGM,2026-07-19T12:01:15Z,spreads,2026-07-19T12:01:14Z,San Jose State Spartans,-110,35.5,20260719120152693564
NCAAF,americanfootball_ncaaf,3313dcc5e91f9a2dda995a5e36e55f52,2026-08-29T19:00:00Z,USC Trojans,San Jose State Spartans,betmgm,BetMGM,2026-07-19T12:01:15Z,spreads,2026-07-19T12:01:14Z,USC Trojans,-110,-35.5,20260719120152693564
NCAAF,americanfootball_ncaaf,3313dcc5e91f9a2dda995a5e36e55f52,2026-08-29T19:00:00Z,USC Trojans,San Jose State Spartans,betmgm,BetMGM,2026-07-19T12:01:15Z,totals,2026-07-19T12:01:14Z,Over,-110,58.5,20260719120152693564
NCAAF,americanfootball_ncaaf,3313dcc5e91f9a2dda995a5e36e55f52,2026-08-29T19:00:00Z,USC Trojans,San Jose State Spartans,betmgm,BetMGM,2026-07-19T12:01:15Z,totals,2026-07-19T12:01:14Z,Under,-110,58.5,20260719120152693564
NCAAF,americanfootball_ncaaf,3313dcc5e91f9a2dda995a5e36e55f52,2026-08-29T19:00:00Z,USC Trojans,San Jose State Spartans,betrivers,BetRivers,2026-07-19T12:01:15Z,spreads,2026-07-19T12:01:15Z,San Jose State Spartans,-113,35.5,20260719120152693564
NCAAF,americanfootball_ncaaf,3313dcc5e91f9a2dda995a5e36e55f52,2026-08-29T19:00:00Z,USC Trojans,San Jose State Spartans,betrivers,BetRivers,2026-07-19T12:01:15Z,spreads,2026-07-19T12:01:15Z,USC Trojans,-110,-35.5,20260719120152693564
NCAAF,americanfootball_ncaaf,3313dcc5e91f9a2dda995a5e36e55f52,2026-08-29T19:00:00Z,USC Trojans,San Jose State Spartans,betrivers,BetRivers,2026-07-19T12:01:15Z,totals,2026-07-19T12:01:15Z,Over,-114,58.5,20260719120152693564
NCAAF,americanfootball_ncaaf,3313dcc5e91f9a2dda995a5e36e55f52,2026-08-29T19:00:00Z,USC Trojans,San Jose State Spartans,betrivers,BetRivers,2026-07-19T12:01:15Z,totals,2026-07-19T12:01:15Z,Under,-109,58.5,20260719120152693564
NCAAF,americanfootball_ncaaf,3313dcc5e91f9a2dda995a5e36e55f52,2026-08-29T19:00:00Z,USC Trojans,San Jose State Spartans,mybookieag,MyBookie.ag,2026-07-19T12:01:39Z,h2h,2026-07-19T12:01:39Z,San Jose State Spartans,1475,,20260719120152693564
NCAAF,americanfootball_ncaaf,3313dcc5e91f9a2dda995a5e36e55f52,2026-08-29T19:00:00Z,USC Trojans,San Jose State Spartans,mybookieag,MyBookie.ag,2026-07-19T12:01:39Z,h2h,2026-07-19T12:01:39Z,USC Trojans,-25000,,20260719120152693564
NCAAF,americanfootball_ncaaf,3313dcc5e91f9a2dda995a5e36e55f52,2026-08-29T19:00:00Z,USC Trojans,San Jose State Spartans,mybookieag,MyBookie.ag,2026-07-19T12:01:39Z,spreads,2026-07-19T12:01:39Z,San Jose State Spartans,-110,35.5,20260719120152693564
NCAAF,americanfootball_ncaaf,3313dcc5e91f9a2dda995a5e36e55f52,2026-08-29T19:00:00Z,USC Trojans,San Jose State Spartans,mybookieag,MyBookie.ag,2026-07-19T12:01:39Z,spreads,2026-07-19T12:01:39Z,USC Trojans,-110,-35.5,20260719120152693564
NCAAF,americanfootball_ncaaf,3313dcc5e91f9a2dda995a5e36e55f52,2026-08-29T19:00:00Z,USC Trojans,San Jose State Spartans,mybookieag,MyBookie.ag,2026-07-19T12:01:39Z,totals,2026-07-19T12:01:39Z,Over,-110,58.0,20260719120152693564
NCAAF,americanfootball_ncaaf,3313dcc5e91f9a2dda995a5e36e55f52,2026-08-29T19:00:00Z,USC Trojans,San Jose State Spartans,mybookieag,MyBookie.ag,2026-07-19T12:01:39Z,totals,2026-07-19T12:01:39Z,Under,-110,58.0,20260719120152693564
NCAAF,americanfootball_ncaaf,123a238486098cc9e8f71fea0cf4e7b0,2026-08-29T19:30:00Z,Virginia Cavaliers,NC State Wolfpack,fanduel,FanDuel,2026-07-19T12:01:38Z,h2h,2026-07-19T12:01:38Z,NC State Wolfpack,172,,20260719120152693564
NCAAF,americanfootball_ncaaf,123a238486098cc9e8f71fea0cf4e7b0,2026-08-29T19:30:00Z,Virginia Cavaliers,NC State Wolfpack,fanduel,FanDuel,2026-07-19T12:01:38Z,h2h,2026-07-19T12:01:38Z,Virginia Cavaliers,-210,,20260719120152693564
NCAAF,americanfootball_ncaaf,123a238486098cc9e8f71fea0cf4e7b0,2026-08-29T19:30:00Z,Virginia Cavaliers,NC State Wolfpack,fanduel,FanDuel,2026-07-19T12:01:38Z,spreads,2026-07-19T12:01:38Z,NC State Wolfpack,-108,5.5,20260719120152693564
NCAAF,americanfootball_ncaaf,123a238486098cc9e8f71fea0cf4e7b0,2026-08-29T19:30:00Z,Virginia Cavaliers,NC State Wolfpack,fanduel,FanDuel,2026-07-19T12:01:38Z,spreads,2026-07-19T12:01:38Z,Virginia Cavaliers,-112,-5.5,20260719120152693564
NCAAF,americanfootball_ncaaf,123a238486098cc9e8f71fea0cf4e7b0,2026-08-29T19:30:00Z,Virginia Cavaliers,NC State Wolfpack,fanduel,FanDuel,2026-07-19T12:01:38Z,totals,2026-07-19T12:01:38Z,Over,-110,54.5,20260719120152693564
NCAAF,americanfootball_ncaaf,123a238486098cc9e8f71fea0cf4e7b0,2026-08-29T19:30:00Z,Virginia Cavaliers,NC State Wolfpack,fanduel,FanDuel,2026-07-19T12:01:38Z,totals,2026-07-19T12:01:38Z,Under,-110,54.5,20260719120152693564
NCAAF,americanfootball_ncaaf,123a238486098cc9e8f71fea0cf4e7b0,2026-08-29T19:30:00Z,Virginia Cavaliers,NC State Wolfpack,bovada,Bovada,2026-07-19T12:01:41Z,h2h,2026-07-19T12:01:41Z,NC State Wolfpack,155,,20260719120152693564
NCAAF,americanfootball_ncaaf,123a238486098cc9e8f71fea0cf4e7b0,2026-08-29T19:30:00Z,Virginia Cavaliers,NC State Wolfpack,bovada,Bovada,2026-07-19T12:01:41Z,h2h,2026-07-19T12:01:41Z,Virginia Cavaliers,-180,,20260719120152693564
NCAAF,americanfootball_ncaaf,123a238486098cc9e8f71fea0cf4e7b0,2026-08-29T19:30:00Z,Virginia Cavaliers,NC State Wolfpack,bovada,Bovada,2026-07-19T12:01:41Z,spreads,2026-07-19T12:01:41Z,NC State Wolfpack,-110,5.5,20260719120152693564
NCAAF,americanfootball_ncaaf,123a238486098cc9e8f71fea0cf4e7b0,2026-08-29T19:30:00Z,Virginia Cavaliers,NC State Wolfpack,bovada,Bovada,2026-07-19T12:01:41Z,spreads,2026-07-19T12:01:41Z,Virginia Cavaliers,-110,-5.5,20260719120152693564
NCAAF,americanfootball_ncaaf,123a238486098cc9e8f71fea0cf4e7b0,2026-08-29T19:30:00Z,Virginia Cavaliers,NC State Wolfpack,bovada,Bovada,2026-07-19T12:01:41Z,totals,2026-07-19T12:01:41Z,Over,-115,54.5,20260719120152693564
NCAAF,americanfootball_ncaaf,123a238486098cc9e8f71fea0cf4e7b0,2026-08-29T19:30:00Z,Virginia Cavaliers,NC State Wolfpack,bovada,Bovada,2026-07-19T12:01:41Z,totals,2026-07-19T12:01:41Z,Under,-105,54.5,20260719120152693564
NCAAF,americanfootball_ncaaf,123a238486098cc9e8f71fea0cf4e7b0,2026-08-29T19:30:00Z,Virginia Cavaliers,NC State Wolfpack,draftkings,DraftKings,2026-07-19T12:01:13Z,h2h,2026-07-19T12:01:13Z,NC State Wolfpack,154,,20260719120152693564
NCAAF,americanfootball_ncaaf,123a238486098cc9e8f71fea0cf4e7b0,2026-08-29T19:30:00Z,Virginia Cavaliers,NC State Wolfpack,draftkings,DraftKings,2026-07-19T12:01:13Z,h2h,2026-07-19T12:01:13Z,Virginia Cavaliers,-185,,20260719120152693564
NCAAF,americanfootball_ncaaf,123a238486098cc9e8f71fea0cf4e7b0,2026-08-29T19:30:00Z,Virginia Cavaliers,NC State Wolfpack,draftkings,DraftKings,2026-07-19T12:01:13Z,spreads,2026-07-19T12:01:13Z,NC State Wolfpack,-108,5.5,20260719120152693564
NCAAF,americanfootball_ncaaf,123a238486098cc9e8f71fea0cf4e7b0,2026-08-29T19:30:00Z,Virginia Cavaliers,NC State Wolfpack,draftkings,DraftKings,2026-07-19T12:01:13Z,spreads,2026-07-19T12:01:13Z,Virginia Cavaliers,-112,-5.5,20260719120152693564
NCAAF,americanfootball_ncaaf,123a238486098cc9e8f71fea0cf4e7b0,2026-08-29T19:30:00Z,Virginia Cavaliers,NC State Wolfpack,draftkings,DraftKings,2026-07-19T12:01:13Z,totals,2026-07-19T12:01:13Z,Over,-115,54.5,20260719120152693564
NCAAF,americanfootball_ncaaf,123a238486098cc9e8f71fea0cf4e7b0,2026-08-29T19:30:00Z,Virginia Cavaliers,NC State Wolfpack,draftkings,DraftKings,2026-07-19T12:01:13Z,totals,2026-07-19T12:01:13Z,Under,-105,54.5,20260719120152693564
NCAAF,americanfootball_ncaaf,123a238486098cc9e8f71fea0cf4e7b0,2026-08-29T19:30:00Z,Virginia Cavaliers,NC State Wolfpack,betmgm,BetMGM,2026-07-19T12:01:15Z,spreads,2026-07-19T12:01:14Z,NC State Wolfpack,-110,5.5,20260719120152693564
NCAAF,americanfootball_ncaaf,123a238486098cc9e8f71fea0cf4e7b0,2026-08-29T19:30:00Z,Virginia Cavaliers,NC State Wolfpack,betmgm,BetMGM,2026-07-19T12:01:15Z,spreads,2026-07-19T12:01:14Z,Virginia Cavaliers,-110,-5.5,20260719120152693564
NCAAF,americanfootball_ncaaf,123a238486098cc9e8f71fea0cf4e7b0,2026-08-29T19:30:00Z,Virginia Cavaliers,NC State Wolfpack,betmgm,BetMGM,2026-07-19T12:01:15Z,totals,2026-07-19T12:01:14Z,Over,-110,54.5,20260719120152693564
NCAAF,americanfootball_ncaaf,123a238486098cc9e8f71fea0cf4e7b0,2026-08-29T19:30:00Z,Virginia Cavaliers,NC State Wolfpack,betmgm,BetMGM,2026-07-19T12:01:15Z,totals,2026-07-19T12:01:14Z,Under,-110,54.5,20260719120152693564
NCAAF,americanfootball_ncaaf,123a238486098cc9e8f71fea0cf4e7b0,2026-08-29T19:30:00Z,Virginia Cavaliers,NC State Wolfpack,betrivers,BetRivers,2026-07-19T12:01:15Z,h2h,2026-07-19T12:01:15Z,NC State Wolfpack,155,,20260719120152693564
NCAAF,americanfootball_ncaaf,123a238486098cc9e8f71fea0cf4e7b0,2026-08-29T19:30:00Z,Virginia Cavaliers,NC State Wolfpack,betrivers,BetRivers,2026-07-19T12:01:15Z,h2h,2026-07-19T12:01:15Z,Virginia Cavaliers,-200,,20260719120152693564
NCAAF,americanfootball_ncaaf,123a238486098cc9e8f71fea0cf4e7b0,2026-08-29T19:30:00Z,Virginia Cavaliers,NC State Wolfpack,betrivers,BetRivers,2026-07-19T12:01:15Z,spreads,2026-07-19T12:01:15Z,NC State Wolfpack,-112,5.5,20260719120152693564
NCAAF,americanfootball_ncaaf,123a238486098cc9e8f71fea0cf4e7b0,2026-08-29T19:30:00Z,Virginia Cavaliers,NC State Wolfpack,betrivers,BetRivers,2026-07-19T12:01:15Z,spreads,2026-07-19T12:01:15Z,Virginia Cavaliers,-110,-5.5,20260719120152693564
NCAAF,americanfootball_ncaaf,123a238486098cc9e8f71fea0cf4e7b0,2026-08-29T19:30:00Z,Virginia Cavaliers,NC State Wolfpack,betrivers,BetRivers,2026-07-19T12:01:15Z,totals,2026-07-19T12:01:15Z,Over,-112,54.0,20260719120152693564
NCAAF,americanfootball_ncaaf,123a238486098cc9e8f71fea0cf4e7b0,2026-08-29T19:30:00Z,Virginia Cavaliers,NC State Wolfpack,betrivers,BetRivers,2026-07-19T12:01:15Z,totals,2026-07-19T12:01:15Z,Under,-112,54.0,20260719120152693564
NCAAF,americanfootball_ncaaf,123a238486098cc9e8f71fea0cf4e7b0,2026-08-29T19:30:00Z,Virginia Cavaliers,NC State Wolfpack,mybookieag,MyBookie.ag,2026-07-19T12:01:39Z,h2h,2026-07-19T12:01:38Z,NC State Wolfpack,179,,20260719120152693564
NCAAF,americanfootball_ncaaf,123a238486098cc9e8f71fea0cf4e7b0,2026-08-29T19:30:00Z,Virginia Cavaliers,NC State Wolfpack,mybookieag,MyBookie.ag,2026-07-19T12:01:39Z,h2h,2026-07-19T12:01:38Z,Virginia Cavaliers,-234,,20260719120152693564
NCAAF,americanfootball_ncaaf,123a238486098cc9e8f71fea0cf4e7b0,2026-08-29T19:30:00Z,Virginia Cavaliers,NC State Wolfpack,mybookieag,MyBookie.ag,2026-07-19T12:01:39Z,totals,2026-07-19T12:01:38Z,Over,-110,54.5,20260719120152693564
NCAAF,americanfootball_ncaaf,123a238486098cc9e8f71fea0cf4e7b0,2026-08-29T19:30:00Z,Virginia Cavaliers,NC State Wolfpack,mybookieag,MyBookie.ag,2026-07-19T12:01:39Z,totals,2026-07-19T12:01:38Z,Under,-110,54.5,20260719120152693564
NCAAF,americanfootball_ncaaf,123a238486098cc9e8f71fea0cf4e7b0,2026-08-29T19:30:00Z,Virginia Cavaliers,NC State Wolfpack,betonlineag,BetOnline.ag,2026-07-19T12:01:41Z,spreads,2026-07-19T12:01:41Z,NC State Wolfpack,-115,6.5,20260719120152693564
NCAAF,americanfootball_ncaaf,123a238486098cc9e8f71fea0cf4e7b0,2026-08-29T19:30:00Z,Virginia Cavaliers,NC State Wolfpack,betonlineag,BetOnline.ag,2026-07-19T12:01:41Z,spreads,2026-07-19T12:01:41Z,Virginia Cavaliers,-105,-6.5,20260719120152693564
NCAAF,americanfootball_ncaaf,123a238486098cc9e8f71fea0cf4e7b0,2026-08-29T19:30:00Z,Virginia Cavaliers,NC State Wolfpack,betonlineag,BetOnline.ag,2026-07-19T12:01:41Z,totals,2026-07-19T12:01:41Z,Over,-110,54.5,20260719120152693564
NCAAF,americanfootball_ncaaf,123a238486098cc9e8f71fea0cf4e7b0,2026-08-29T19:30:00Z,Virginia Cavaliers,NC State Wolfpack,betonlineag,BetOnline.ag,2026-07-19T12:01:41Z,totals,2026-07-19T12:01:41Z,Under,-110,54.5,20260719120152693564
NCAAF,americanfootball_ncaaf,123a238486098cc9e8f71fea0cf4e7b0,2026-08-29T19:30:00Z,Virginia Cavaliers,NC State Wolfpack,lowvig,LowVig.ag,2026-07-19T12:00:52Z,spreads,2026-07-19T12:00:52Z,NC State Wolfpack,-111,6.5,20260719120152693564
NCAAF,americanfootball_ncaaf,123a238486098cc9e8f71fea0cf4e7b0,2026-08-29T19:30:00Z,Virginia Cavaliers,NC State Wolfpack,lowvig,LowVig.ag,2026-07-19T12:00:52Z,spreads,2026-07-19T12:00:52Z,Virginia Cavaliers,-101,-6.5,20260719120152693564
NCAAF,americanfootball_ncaaf,123a238486098cc9e8f71fea0cf4e7b0,2026-08-29T19:30:00Z,Virginia Cavaliers,NC State Wolfpack,lowvig,LowVig.ag,2026-07-19T12:00:52Z,totals,2026-07-19T12:00:52Z,Over,-108,54.5,20260719120152693564
NCAAF,americanfootball_ncaaf,123a238486098cc9e8f71fea0cf4e7b0,2026-08-29T19:30:00Z,Virginia Cavaliers,NC State Wolfpack,lowvig,LowVig.ag,2026-07-19T12:00:52Z,totals,2026-07-19T12:00:52Z,Under,-108,54.5,20260719120152693564
NCAAF,americanfootball_ncaaf,123a238486098cc9e8f71fea0cf4e7b0,2026-08-29T19:30:00Z,Virginia Cavaliers,NC State Wolfpack,betus,BetUS,2026-07-19T12:01:14Z,spreads,2026-07-19T12:01:14Z,NC State Wolfpack,-110,6.0,20260719120152693564
NCAAF,americanfootball_ncaaf,123a238486098cc9e8f71fea0cf4e7b0,2026-08-29T19:30:00Z,Virginia Cavaliers,NC State Wolfpack,betus,BetUS,2026-07-19T12:01:14Z,spreads,2026-07-19T12:01:14Z,Virginia Cavaliers,-110,-6.0,20260719120152693564
NCAAF,americanfootball_ncaaf,123a238486098cc9e8f71fea0cf4e7b0,2026-08-29T19:30:00Z,Virginia Cavaliers,NC State Wolfpack,betus,BetUS,2026-07-19T12:01:14Z,totals,2026-07-19T12:01:14Z,Over,-110,54.5,20260719120152693564
NCAAF,americanfootball_ncaaf,123a238486098cc9e8f71fea0cf4e7b0,2026-08-29T19:30:00Z,Virginia Cavaliers,NC State Wolfpack,betus,BetUS,2026-07-19T12:01:14Z,totals,2026-07-19T12:01:14Z,Under,-110,54.5,20260719120152693564
NCAAF,americanfootball_ncaaf,b9d8d9eeb4afdebe9f91de7f8253eb07,2026-08-29T21:30:00Z,North Dakota State Bison,Jacksonville State Gamecocks,draftkings,DraftKings,2026-07-19T12:01:13Z,h2h,2026-07-19T12:01:13Z,Jacksonville State Gamecocks,230,,20260719120152693564
NCAAF,americanfootball_ncaaf,b9d8d9eeb4afdebe9f91de7f8253eb07,2026-08-29T21:30:00Z,North Dakota State Bison,Jacksonville State Gamecocks,draftkings,DraftKings,2026-07-19T12:01:13Z,h2h,2026-07-19T12:01:13Z,North Dakota State Bison,-285,,20260719120152693564
NCAAF,americanfootball_ncaaf,b9d8d9eeb4afdebe9f91de7f8253eb07,2026-08-29T21:30:00Z,North Dakota State Bison,Jacksonville State Gamecocks,draftkings,DraftKings,2026-07-19T12:01:13Z,spreads,2026-07-19T12:01:13Z,Jacksonville State Gamecocks,-110,7.5,20260719120152693564
NCAAF,americanfootball_ncaaf,b9d8d9eeb4afdebe9f91de7f8253eb07,2026-08-29T21:30:00Z,North Dakota State Bison,Jacksonville State Gamecocks,draftkings,DraftKings,2026-07-19T12:01:13Z,spreads,2026-07-19T12:01:13Z,North Dakota State Bison,-110,-7.5,20260719120152693564
NCAAF,americanfootball_ncaaf,b9d8d9eeb4afdebe9f91de7f8253eb07,2026-08-29T21:30:00Z,North Dakota State Bison,Jacksonville State Gamecocks,draftkings,DraftKings,2026-07-19T12:01:13Z,totals,2026-07-19T12:01:13Z,Over,-105,48.5,20260719120152693564
NCAAF,americanfootball_ncaaf,b9d8d9eeb4afdebe9f91de7f8253eb07,2026-08-29T21:30:00Z,North Dakota State Bison,Jacksonville State Gamecocks,draftkings,DraftKings,2026-07-19T12:01:13Z,totals,2026-07-19T12:01:13Z,Under,-115,48.5,20260719120152693564
NCAAF,americanfootball_ncaaf,b9d8d9eeb4afdebe9f91de7f8253eb07,2026-08-29T21:30:00Z,North Dakota State Bison,Jacksonville State Gamecocks,betonlineag,BetOnline.ag,2026-07-19T12:01:41Z,spreads,2026-07-19T12:01:41Z,Jacksonville State Gamecocks,-110,7.5,20260719120152693564
NCAAF,americanfootball_ncaaf,b9d8d9eeb4afdebe9f91de7f8253eb07,2026-08-29T21:30:00Z,North Dakota State Bison,Jacksonville State Gamecocks,betonlineag,BetOnline.ag,2026-07-19T12:01:41Z,spreads,2026-07-19T12:01:41Z,North Dakota State Bison,-110,-7.5,20260719120152693564
NCAAF,americanfootball_ncaaf,b9d8d9eeb4afdebe9f91de7f8253eb07,2026-08-29T21:30:00Z,North Dakota State Bison,Jacksonville State Gamecocks,betonlineag,BetOnline.ag,2026-07-19T12:01:41Z,totals,2026-07-19T12:01:41Z,Over,-110,48.5,20260719120152693564
NCAAF,americanfootball_ncaaf,b9d8d9eeb4afdebe9f91de7f8253eb07,2026-08-29T21:30:00Z,North Dakota State Bison,Jacksonville State Gamecocks,betonlineag,BetOnline.ag,2026-07-19T12:01:41Z,totals,2026-07-19T12:01:41Z,Under,-110,48.5,20260719120152693564
NCAAF,americanfootball_ncaaf,b9d8d9eeb4afdebe9f91de7f8253eb07,2026-08-29T21:30:00Z,North Dakota State Bison,Jacksonville State Gamecocks,lowvig,LowVig.ag,2026-07-19T12:00:52Z,spreads,2026-07-19T12:00:52Z,Jacksonville State Gamecocks,-106,7.5,20260719120152693564
NCAAF,americanfootball_ncaaf,b9d8d9eeb4afdebe9f91de7f8253eb07,2026-08-29T21:30:00Z,North Dakota State Bison,Jacksonville State Gamecocks,lowvig,LowVig.ag,2026-07-19T12:00:52Z,spreads,2026-07-19T12:00:52Z,North Dakota State Bison,-106,-7.5,20260719120152693564
NCAAF,americanfootball_ncaaf,b9d8d9eeb4afdebe9f91de7f8253eb07,2026-08-29T21:30:00Z,North Dakota State Bison,Jacksonville State Gamecocks,lowvig,LowVig.ag,2026-07-19T12:00:52Z,totals,2026-07-19T12:00:52Z,Over,-108,48.5,20260719120152693564
NCAAF,americanfootball_ncaaf,b9d8d9eeb4afdebe9f91de7f8253eb07,2026-08-29T21:30:00Z,North Dakota State Bison,Jacksonville State Gamecocks,lowvig,LowVig.ag,2026-07-19T12:00:52Z,totals,2026-07-19T12:00:52Z,Under,-108,48.5,20260719120152693564
NCAAF,americanfootball_ncaaf,b9d8d9eeb4afdebe9f91de7f8253eb07,2026-08-29T21:30:00Z,North Dakota State Bison,Jacksonville State Gamecocks,betus,BetUS,2026-07-19T12:01:14Z,spreads,2026-07-19T12:01:14Z,Jacksonville State Gamecocks,-110,7.5,20260719120152693564
NCAAF,americanfootball_ncaaf,b9d8d9eeb4afdebe9f91de7f8253eb07,2026-08-29T21:30:00Z,North Dakota State Bison,Jacksonville State Gamecocks,betus,BetUS,2026-07-19T12:01:14Z,spreads,2026-07-19T12:01:14Z,North Dakota State Bison,-110,-7.5,20260719120152693564
NCAAF,americanfootball_ncaaf,b9d8d9eeb4afdebe9f91de7f8253eb07,2026-08-29T21:30:00Z,North Dakota State Bison,Jacksonville State Gamecocks,betus,BetUS,2026-07-19T12:01:14Z,totals,2026-07-19T12:01:14Z,Over,-110,48.5,20260719120152693564
NCAAF,americanfootball_ncaaf,b9d8d9eeb4afdebe9f91de7f8253eb07,2026-08-29T21:30:00Z,North Dakota State Bison,Jacksonville State Gamecocks,betus,BetUS,2026-07-19T12:01:14Z,totals,2026-07-19T12:01:14Z,Under,-110,48.5,20260719120152693564
NCAAF,americanfootball_ncaaf,b9d8d9eeb4afdebe9f91de7f8253eb07,2026-08-29T21:30:00Z,North Dakota State Bison,Jacksonville State Gamecocks,bovada,Bovada,2026-07-19T12:01:41Z,h2h,2026-07-19T12:01:41Z,Jacksonville State Gamecocks,230,,20260719120152693564
NCAAF,americanfootball_ncaaf,b9d8d9eeb4afdebe9f91de7f8253eb07,2026-08-29T21:30:00Z,North Dakota State Bison,Jacksonville State Gamecocks,bovada,Bovada,2026-07-19T12:01:41Z,h2h,2026-07-19T12:01:41Z,North Dakota State Bison,-280,,20260719120152693564
NCAAF,americanfootball_ncaaf,b9d8d9eeb4afdebe9f91de7f8253eb07,2026-08-29T21:30:00Z,North Dakota State Bison,Jacksonville State Gamecocks,bovada,Bovada,2026-07-19T12:01:41Z,spreads,2026-07-19T12:01:41Z,Jacksonville State Gamecocks,-110,7.5,20260719120152693564
NCAAF,americanfootball_ncaaf,b9d8d9eeb4afdebe9f91de7f8253eb07,2026-08-29T21:30:00Z,North Dakota State Bison,Jacksonville State Gamecocks,bovada,Bovada,2026-07-19T12:01:41Z,spreads,2026-07-19T12:01:41Z,North Dakota State Bison,-110,-7.5,20260719120152693564
NCAAF,americanfootball_ncaaf,b9d8d9eeb4afdebe9f91de7f8253eb07,2026-08-29T21:30:00Z,North Dakota State Bison,Jacksonville State Gamecocks,bovada,Bovada,2026-07-19T12:01:41Z,totals,2026-07-19T12:01:41Z,Over,-105,48.5,20260719120152693564
NCAAF,americanfootball_ncaaf,b9d8d9eeb4afdebe9f91de7f8253eb07,2026-08-29T21:30:00Z,North Dakota State Bison,Jacksonville State Gamecocks,bovada,Bovada,2026-07-19T12:01:41Z,totals,2026-07-19T12:01:41Z,Under,-115,48.5,20260719120152693564
NCAAF,americanfootball_ncaaf,b9d8d9eeb4afdebe9f91de7f8253eb07,2026-08-29T21:30:00Z,North Dakota State Bison,Jacksonville State Gamecocks,fanduel,FanDuel,2026-07-19T12:01:38Z,h2h,2026-07-19T12:01:38Z,Jacksonville State Gamecocks,225,,20260719120152693564
NCAAF,americanfootball_ncaaf,b9d8d9eeb4afdebe9f91de7f8253eb07,2026-08-29T21:30:00Z,North Dakota State Bison,Jacksonville State Gamecocks,fanduel,FanDuel,2026-07-19T12:01:38Z,h2h,2026-07-19T12:01:38Z,North Dakota State Bison,-280,,20260719120152693564
NCAAF,americanfootball_ncaaf,b9d8d9eeb4afdebe9f91de7f8253eb07,2026-08-29T21:30:00Z,North Dakota State Bison,Jacksonville State Gamecocks,fanduel,FanDuel,2026-07-19T12:01:38Z,spreads,2026-07-19T12:01:38Z,Jacksonville State Gamecocks,-120,7.5,20260719120152693564
NCAAF,americanfootball_ncaaf,b9d8d9eeb4afdebe9f91de7f8253eb07,2026-08-29T21:30:00Z,North Dakota State Bison,Jacksonville State Gamecocks,fanduel,FanDuel,2026-07-19T12:01:38Z,spreads,2026-07-19T12:01:38Z,North Dakota State Bison,-102,-7.5,20260719120152693564
NCAAF,americanfootball_ncaaf,b9d8d9eeb4afdebe9f91de7f8253eb07,2026-08-29T21:30:00Z,North Dakota State Bison,Jacksonville State Gamecocks,fanduel,FanDuel,2026-07-19T12:01:38Z,totals,2026-07-19T12:01:38Z,Over,-110,48.5,20260719120152693564
NCAAF,americanfootball_ncaaf,b9d8d9eeb4afdebe9f91de7f8253eb07,2026-08-29T21:30:00Z,North Dakota State Bison,Jacksonville State Gamecocks,fanduel,FanDuel,2026-07-19T12:01:38Z,totals,2026-07-19T12:01:38Z,Under,-110,48.5,20260719120152693564
NCAAF,americanfootball_ncaaf,b9d8d9eeb4afdebe9f91de7f8253eb07,2026-08-29T21:30:00Z,North Dakota State Bison,Jacksonville State Gamecocks,betmgm,BetMGM,2026-07-19T12:01:15Z,spreads,2026-07-19T12:01:14Z,Jacksonville State Gamecocks,-110,8.5,20260719120152693564
NCAAF,americanfootball_ncaaf,b9d8d9eeb4afdebe9f91de7f8253eb07,2026-08-29T21:30:00Z,North Dakota State Bison,Jacksonville State Gamecocks,betmgm,BetMGM,2026-07-19T12:01:15Z,spreads,2026-07-19T12:01:14Z,North Dakota State Bison,-110,-8.5,20260719120152693564
NCAAF,americanfootball_ncaaf,b9d8d9eeb4afdebe9f91de7f8253eb07,2026-08-29T21:30:00Z,North Dakota State Bison,Jacksonville State Gamecocks,betmgm,BetMGM,2026-07-19T12:01:15Z,totals,2026-07-19T12:01:14Z,Over,-110,48.5,20260719120152693564
NCAAF,americanfootball_ncaaf,b9d8d9eeb4afdebe9f91de7f8253eb07,2026-08-29T21:30:00Z,North Dakota State Bison,Jacksonville State Gamecocks,betmgm,BetMGM,2026-07-19T12:01:15Z,totals,2026-07-19T12:01:14Z,Under,-110,48.5,20260719120152693564
NCAAF,americanfootball_ncaaf,b9d8d9eeb4afdebe9f91de7f8253eb07,2026-08-29T21:30:00Z,North Dakota State Bison,Jacksonville State Gamecocks,betrivers,BetRivers,2026-07-19T12:01:15Z,h2h,2026-07-19T12:01:15Z,Jacksonville State Gamecocks,255,,20260719120152693564
NCAAF,americanfootball_ncaaf,b9d8d9eeb4afdebe9f91de7f8253eb07,2026-08-29T21:30:00Z,North Dakota State Bison,Jacksonville State Gamecocks,betrivers,BetRivers,2026-07-19T12:01:15Z,h2h,2026-07-19T12:01:15Z,North Dakota State Bison,-335,,20260719120152693564
NCAAF,americanfootball_ncaaf,b9d8d9eeb4afdebe9f91de7f8253eb07,2026-08-29T21:30:00Z,North Dakota State Bison,Jacksonville State Gamecocks,betrivers,BetRivers,2026-07-19T12:01:15Z,spreads,2026-07-19T12:01:15Z,Jacksonville State Gamecocks,-112,8.5,20260719120152693564
NCAAF,americanfootball_ncaaf,b9d8d9eeb4afdebe9f91de7f8253eb07,2026-08-29T21:30:00Z,North Dakota State Bison,Jacksonville State Gamecocks,betrivers,BetRivers,2026-07-19T12:01:15Z,spreads,2026-07-19T12:01:15Z,North Dakota State Bison,-112,-8.5,20260719120152693564
NCAAF,americanfootball_ncaaf,b9d8d9eeb4afdebe9f91de7f8253eb07,2026-08-29T21:30:00Z,North Dakota State Bison,Jacksonville State Gamecocks,betrivers,BetRivers,2026-07-19T12:01:15Z,totals,2026-07-19T12:01:15Z,Over,-110,48.5,20260719120152693564
NCAAF,americanfootball_ncaaf,b9d8d9eeb4afdebe9f91de7f8253eb07,2026-08-29T21:30:00Z,North Dakota State Bison,Jacksonville State Gamecocks,betrivers,BetRivers,2026-07-19T12:01:15Z,totals,2026-07-19T12:01:15Z,Under,-113,48.5,20260719120152693564
NCAAF,americanfootball_ncaaf,b9d8d9eeb4afdebe9f91de7f8253eb07,2026-08-29T21:30:00Z,North Dakota State Bison,Jacksonville State Gamecocks,mybookieag,MyBookie.ag,2026-07-19T12:01:39Z,h2h,2026-07-19T12:01:39Z,Jacksonville State Gamecocks,250,,20260719120152693564
NCAAF,americanfootball_ncaaf,b9d8d9eeb4afdebe9f91de7f8253eb07,2026-08-29T21:30:00Z,North Dakota State Bison,Jacksonville State Gamecocks,mybookieag,MyBookie.ag,2026-07-19T12:01:39Z,h2h,2026-07-19T12:01:39Z,North Dakota State Bison,-340,,20260719120152693564
NCAAF,americanfootball_ncaaf,b9d8d9eeb4afdebe9f91de7f8253eb07,2026-08-29T21:30:00Z,North Dakota State Bison,Jacksonville State Gamecocks,mybookieag,MyBookie.ag,2026-07-19T12:01:39Z,spreads,2026-07-19T12:01:39Z,Jacksonville State Gamecocks,-110,8.0,20260719120152693564
NCAAF,americanfootball_ncaaf,b9d8d9eeb4afdebe9f91de7f8253eb07,2026-08-29T21:30:00Z,North Dakota State Bison,Jacksonville State Gamecocks,mybookieag,MyBookie.ag,2026-07-19T12:01:39Z,spreads,2026-07-19T12:01:39Z,North Dakota State Bison,-110,-8.0,20260719120152693564
NCAAF,americanfootball_ncaaf,b9d8d9eeb4afdebe9f91de7f8253eb07,2026-08-29T21:30:00Z,North Dakota State Bison,Jacksonville State Gamecocks,mybookieag,MyBookie.ag,2026-07-19T12:01:39Z,totals,2026-07-19T12:01:39Z,Over,-110,48.5,20260719120152693564
NCAAF,americanfootball_ncaaf,b9d8d9eeb4afdebe9f91de7f8253eb07,2026-08-29T21:30:00Z,North Dakota State Bison,Jacksonville State Gamecocks,mybookieag,MyBookie.ag,2026-07-19T12:01:39Z,totals,2026-07-19T12:01:39Z,Under,-110,48.5,20260719120152693564
NCAAF,americanfootball_ncaaf,7fd4a16a262295143f08276821b259a4,2026-08-29T22:30:00Z,Eastern Michigan Eagles,Sacramento State Hornets,draftkings,DraftKings,2026-07-19T12:01:13Z,h2h,2026-07-19T12:01:13Z,Eastern Michigan Eagles,-310,,20260719120152693564
NCAAF,americanfootball_ncaaf,7fd4a16a262295143f08276821b259a4,2026-08-29T22:30:00Z,Eastern Michigan Eagles,Sacramento State Hornets,draftkings,DraftKings,2026-07-19T12:01:13Z,h2h,2026-07-19T12:01:13Z,Sacramento State Hornets,250,,20260719120152693564
NCAAF,americanfootball_ncaaf,7fd4a16a262295143f08276821b259a4,2026-08-29T22:30:00Z,Eastern Michigan Eagles,Sacramento State Hornets,draftkings,DraftKings,2026-07-19T12:01:13Z,spreads,2026-07-19T12:01:13Z,Eastern Michigan Eagles,-108,-7.5,20260719120152693564
NCAAF,americanfootball_ncaaf,7fd4a16a262295143f08276821b259a4,2026-08-29T22:30:00Z,Eastern Michigan Eagles,Sacramento State Hornets,draftkings,DraftKings,2026-07-19T12:01:13Z,spreads,2026-07-19T12:01:13Z,Sacramento State Hornets,-112,7.5,20260719120152693564
NCAAF,americanfootball_ncaaf,7fd4a16a262295143f08276821b259a4,2026-08-29T22:30:00Z,Eastern Michigan Eagles,Sacramento State Hornets,draftkings,DraftKings,2026-07-19T12:01:13Z,totals,2026-07-19T12:01:13Z,Over,-112,52.5,20260719120152693564
NCAAF,americanfootball_ncaaf,7fd4a16a262295143f08276821b259a4,2026-08-29T22:30:00Z,Eastern Michigan Eagles,Sacramento State Hornets,draftkings,DraftKings,2026-07-19T12:01:13Z,totals,2026-07-19T12:01:13Z,Under,-108,52.5,20260719120152693564
NCAAF,americanfootball_ncaaf,7fd4a16a262295143f08276821b259a4,2026-08-29T22:30:00Z,Eastern Michigan Eagles,Sacramento State Hornets,betonlineag,BetOnline.ag,2026-07-19T12:01:41Z,spreads,2026-07-19T12:01:41Z,Eastern Michigan Eagles,-110,-9.0,20260719120152693564
NCAAF,americanfootball_ncaaf,7fd4a16a262295143f08276821b259a4,2026-08-29T22:30:00Z,Eastern Michigan Eagles,Sacramento State Hornets,betonlineag,BetOnline.ag,2026-07-19T12:01:41Z,spreads,2026-07-19T12:01:41Z,Sacramento State Hornets,-110,9.0,20260719120152693564
NCAAF,americanfootball_ncaaf,7fd4a16a262295143f08276821b259a4,2026-08-29T22:30:00Z,Eastern Michigan Eagles,Sacramento State Hornets,betonlineag,BetOnline.ag,2026-07-19T12:01:41Z,totals,2026-07-19T12:01:41Z,Over,-115,52.5,20260719120152693564
NCAAF,americanfootball_ncaaf,7fd4a16a262295143f08276821b259a4,2026-08-29T22:30:00Z,Eastern Michigan Eagles,Sacramento State Hornets,betonlineag,BetOnline.ag,2026-07-19T12:01:41Z,totals,2026-07-19T12:01:41Z,Under,-105,52.5,20260719120152693564
NCAAF,americanfootball_ncaaf,7fd4a16a262295143f08276821b259a4,2026-08-29T22:30:00Z,Eastern Michigan Eagles,Sacramento State Hornets,lowvig,LowVig.ag,2026-07-19T12:00:52Z,spreads,2026-07-19T12:00:52Z,Eastern Michigan Eagles,-106,-9.0,20260719120152693564
NCAAF,americanfootball_ncaaf,7fd4a16a262295143f08276821b259a4,2026-08-29T22:30:00Z,Eastern Michigan Eagles,Sacramento State Hornets,lowvig,LowVig.ag,2026-07-19T12:00:52Z,spreads,2026-07-19T12:00:52Z,Sacramento State Hornets,-106,9.0,20260719120152693564
NCAAF,americanfootball_ncaaf,7fd4a16a262295143f08276821b259a4,2026-08-29T22:30:00Z,Eastern Michigan Eagles,Sacramento State Hornets,lowvig,LowVig.ag,2026-07-19T12:00:52Z,totals,2026-07-19T12:00:52Z,Over,-114,52.5,20260719120152693564
NCAAF,americanfootball_ncaaf,7fd4a16a262295143f08276821b259a4,2026-08-29T22:30:00Z,Eastern Michigan Eagles,Sacramento State Hornets,lowvig,LowVig.ag,2026-07-19T12:00:52Z,totals,2026-07-19T12:00:52Z,Under,-103,52.5,20260719120152693564
NCAAF,americanfootball_ncaaf,7fd4a16a262295143f08276821b259a4,2026-08-29T22:30:00Z,Eastern Michigan Eagles,Sacramento State Hornets,betus,BetUS,2026-07-19T12:01:14Z,spreads,2026-07-19T12:01:14Z,Eastern Michigan Eagles,-110,-9.0,20260719120152693564
NCAAF,americanfootball_ncaaf,7fd4a16a262295143f08276821b259a4,2026-08-29T22:30:00Z,Eastern Michigan Eagles,Sacramento State Hornets,betus,BetUS,2026-07-19T12:01:14Z,spreads,2026-07-19T12:01:14Z,Sacramento State Hornets,-110,9.0,20260719120152693564
NCAAF,americanfootball_ncaaf,7fd4a16a262295143f08276821b259a4,2026-08-29T22:30:00Z,Eastern Michigan Eagles,Sacramento State Hornets,betus,BetUS,2026-07-19T12:01:14Z,totals,2026-07-19T12:01:14Z,Over,-115,52.5,20260719120152693564
NCAAF,americanfootball_ncaaf,7fd4a16a262295143f08276821b259a4,2026-08-29T22:30:00Z,Eastern Michigan Eagles,Sacramento State Hornets,betus,BetUS,2026-07-19T12:01:14Z,totals,2026-07-19T12:01:14Z,Under,-105,52.5,20260719120152693564
NCAAF,americanfootball_ncaaf,7fd4a16a262295143f08276821b259a4,2026-08-29T22:30:00Z,Eastern Michigan Eagles,Sacramento State Hornets,bovada,Bovada,2026-07-19T12:01:41Z,h2h,2026-07-19T12:01:41Z,Eastern Michigan Eagles,-310,,20260719120152693564
NCAAF,americanfootball_ncaaf,7fd4a16a262295143f08276821b259a4,2026-08-29T22:30:00Z,Eastern Michigan Eagles,Sacramento State Hornets,bovada,Bovada,2026-07-19T12:01:41Z,h2h,2026-07-19T12:01:41Z,Sacramento State Hornets,255,,20260719120152693564
NCAAF,americanfootball_ncaaf,7fd4a16a262295143f08276821b259a4,2026-08-29T22:30:00Z,Eastern Michigan Eagles,Sacramento State Hornets,bovada,Bovada,2026-07-19T12:01:41Z,spreads,2026-07-19T12:01:41Z,Eastern Michigan Eagles,-110,-7.5,20260719120152693564
NCAAF,americanfootball_ncaaf,7fd4a16a262295143f08276821b259a4,2026-08-29T22:30:00Z,Eastern Michigan Eagles,Sacramento State Hornets,bovada,Bovada,2026-07-19T12:01:41Z,spreads,2026-07-19T12:01:41Z,Sacramento State Hornets,-110,7.5,20260719120152693564
NCAAF,americanfootball_ncaaf,7fd4a16a262295143f08276821b259a4,2026-08-29T22:30:00Z,Eastern Michigan Eagles,Sacramento State Hornets,bovada,Bovada,2026-07-19T12:01:41Z,totals,2026-07-19T12:01:41Z,Over,-110,52.5,20260719120152693564
NCAAF,americanfootball_ncaaf,7fd4a16a262295143f08276821b259a4,2026-08-29T22:30:00Z,Eastern Michigan Eagles,Sacramento State Hornets,bovada,Bovada,2026-07-19T12:01:41Z,totals,2026-07-19T12:01:41Z,Under,-110,52.5,20260719120152693564
NCAAF,americanfootball_ncaaf,7fd4a16a262295143f08276821b259a4,2026-08-29T22:30:00Z,Eastern Michigan Eagles,Sacramento State Hornets,fanduel,FanDuel,2026-07-19T12:01:38Z,h2h,2026-07-19T12:01:38Z,Eastern Michigan Eagles,-335,,20260719120152693564
NCAAF,americanfootball_ncaaf,7fd4a16a262295143f08276821b259a4,2026-08-29T22:30:00Z,Eastern Michigan Eagles,Sacramento State Hornets,fanduel,FanDuel,2026-07-19T12:01:38Z,h2h,2026-07-19T12:01:38Z,Sacramento State Hornets,265,,20260719120152693564
NCAAF,americanfootball_ncaaf,7fd4a16a262295143f08276821b259a4,2026-08-29T22:30:00Z,Eastern Michigan Eagles,Sacramento State Hornets,fanduel,FanDuel,2026-07-19T12:01:38Z,spreads,2026-07-19T12:01:38Z,Eastern Michigan Eagles,-108,-8.5,20260719120152693564
NCAAF,americanfootball_ncaaf,7fd4a16a262295143f08276821b259a4,2026-08-29T22:30:00Z,Eastern Michigan Eagles,Sacramento State Hornets,fanduel,FanDuel,2026-07-19T12:01:38Z,spreads,2026-07-19T12:01:38Z,Sacramento State Hornets,-112,8.5,20260719120152693564
NCAAF,americanfootball_ncaaf,7fd4a16a262295143f08276821b259a4,2026-08-29T22:30:00Z,Eastern Michigan Eagles,Sacramento State Hornets,fanduel,FanDuel,2026-07-19T12:01:38Z,totals,2026-07-19T12:01:38Z,Over,-110,53.5,20260719120152693564
NCAAF,americanfootball_ncaaf,7fd4a16a262295143f08276821b259a4,2026-08-29T22:30:00Z,Eastern Michigan Eagles,Sacramento State Hornets,fanduel,FanDuel,2026-07-19T12:01:38Z,totals,2026-07-19T12:01:38Z,Under,-110,53.5,20260719120152693564
NCAAF,americanfootball_ncaaf,7fd4a16a262295143f08276821b259a4,2026-08-29T22:30:00Z,Eastern Michigan Eagles,Sacramento State Hornets,betmgm,BetMGM,2026-07-19T12:01:15Z,spreads,2026-07-19T12:01:14Z,Eastern Michigan Eagles,-110,-7.5,20260719120152693564
NCAAF,americanfootball_ncaaf,7fd4a16a262295143f08276821b259a4,2026-08-29T22:30:00Z,Eastern Michigan Eagles,Sacramento State Hornets,betmgm,BetMGM,2026-07-19T12:01:15Z,spreads,2026-07-19T12:01:14Z,Sacramento State Hornets,-110,7.5,20260719120152693564
NCAAF,americanfootball_ncaaf,7fd4a16a262295143f08276821b259a4,2026-08-29T22:30:00Z,Eastern Michigan Eagles,Sacramento State Hornets,betmgm,BetMGM,2026-07-19T12:01:15Z,totals,2026-07-19T12:01:14Z,Over,-110,52.5,20260719120152693564
NCAAF,americanfootball_ncaaf,7fd4a16a262295143f08276821b259a4,2026-08-29T22:30:00Z,Eastern Michigan Eagles,Sacramento State Hornets,betmgm,BetMGM,2026-07-19T12:01:15Z,totals,2026-07-19T12:01:14Z,Under,-110,52.5,20260719120152693564
NCAAF,americanfootball_ncaaf,7fd4a16a262295143f08276821b259a4,2026-08-29T22:30:00Z,Eastern Michigan Eagles,Sacramento State Hornets,betrivers,BetRivers,2026-07-19T12:01:15Z,h2h,2026-07-19T12:01:15Z,Eastern Michigan Eagles,-335,,20260719120152693564
NCAAF,americanfootball_ncaaf,7fd4a16a262295143f08276821b259a4,2026-08-29T22:30:00Z,Eastern Michigan Eagles,Sacramento State Hornets,betrivers,BetRivers,2026-07-19T12:01:15Z,h2h,2026-07-19T12:01:15Z,Sacramento State Hornets,245,,20260719120152693564
NCAAF,americanfootball_ncaaf,7fd4a16a262295143f08276821b259a4,2026-08-29T22:30:00Z,Eastern Michigan Eagles,Sacramento State Hornets,betrivers,BetRivers,2026-07-19T12:01:15Z,spreads,2026-07-19T12:01:15Z,Eastern Michigan Eagles,-113,-8.0,20260719120152693564
NCAAF,americanfootball_ncaaf,7fd4a16a262295143f08276821b259a4,2026-08-29T22:30:00Z,Eastern Michigan Eagles,Sacramento State Hornets,betrivers,BetRivers,2026-07-19T12:01:15Z,spreads,2026-07-19T12:01:15Z,Sacramento State Hornets,-110,8.0,20260719120152693564
NCAAF,americanfootball_ncaaf,7fd4a16a262295143f08276821b259a4,2026-08-29T22:30:00Z,Eastern Michigan Eagles,Sacramento State Hornets,betrivers,BetRivers,2026-07-19T12:01:15Z,totals,2026-07-19T12:01:15Z,Over,-110,52.5,20260719120152693564
NCAAF,americanfootball_ncaaf,7fd4a16a262295143f08276821b259a4,2026-08-29T22:30:00Z,Eastern Michigan Eagles,Sacramento State Hornets,betrivers,BetRivers,2026-07-19T12:01:15Z,totals,2026-07-19T12:01:15Z,Under,-112,52.5,20260719120152693564
NCAAF,americanfootball_ncaaf,7fd4a16a262295143f08276821b259a4,2026-08-29T22:30:00Z,Eastern Michigan Eagles,Sacramento State Hornets,mybookieag,MyBookie.ag,2026-07-19T12:01:39Z,h2h,2026-07-19T12:01:39Z,Eastern Michigan Eagles,-350,,20260719120152693564
NCAAF,americanfootball_ncaaf,7fd4a16a262295143f08276821b259a4,2026-08-29T22:30:00Z,Eastern Michigan Eagles,Sacramento State Hornets,mybookieag,MyBookie.ag,2026-07-19T12:01:39Z,h2h,2026-07-19T12:01:39Z,Sacramento State Hornets,255,,20260719120152693564
NCAAF,americanfootball_ncaaf,7fd4a16a262295143f08276821b259a4,2026-08-29T22:30:00Z,Eastern Michigan Eagles,Sacramento State Hornets,mybookieag,MyBookie.ag,2026-07-19T12:01:39Z,spreads,2026-07-19T12:01:39Z,Eastern Michigan Eagles,-110,-8.5,20260719120152693564
NCAAF,americanfootball_ncaaf,7fd4a16a262295143f08276821b259a4,2026-08-29T22:30:00Z,Eastern Michigan Eagles,Sacramento State Hornets,mybookieag,MyBookie.ag,2026-07-19T12:01:39Z,spreads,2026-07-19T12:01:39Z,Sacramento State Hornets,-110,8.5,20260719120152693564
NCAAF,americanfootball_ncaaf,7fd4a16a262295143f08276821b259a4,2026-08-29T22:30:00Z,Eastern Michigan Eagles,Sacramento State Hornets,mybookieag,MyBookie.ag,2026-07-19T12:01:39Z,totals,2026-07-19T12:01:39Z,Over,-110,53.0,20260719120152693564
NCAAF,americanfootball_ncaaf,7fd4a16a262295143f08276821b259a4,2026-08-29T22:30:00Z,Eastern Michigan Eagles,Sacramento State Hornets,mybookieag,MyBookie.ag,2026-07-19T12:01:39Z,totals,2026-07-19T12:01:39Z,Under,-110,53.0,20260719120152693564
NCAAF,americanfootball_ncaaf,9bbc04340f2b3f77756a22bc44e1a4a4,2026-08-29T23:00:00Z,Florida State Seminoles,New Mexico State Aggies,draftkings,DraftKings,2026-07-19T12:01:13Z,spreads,2026-07-19T12:01:13Z,Florida State Seminoles,-110,-30.5,20260719120152693564
NCAAF,americanfootball_ncaaf,9bbc04340f2b3f77756a22bc44e1a4a4,2026-08-29T23:00:00Z,Florida State Seminoles,New Mexico State Aggies,draftkings,DraftKings,2026-07-19T12:01:13Z,spreads,2026-07-19T12:01:13Z,New Mexico State Aggies,-110,30.5,20260719120152693564
NCAAF,americanfootball_ncaaf,9bbc04340f2b3f77756a22bc44e1a4a4,2026-08-29T23:00:00Z,Florida State Seminoles,New Mexico State Aggies,draftkings,DraftKings,2026-07-19T12:01:13Z,totals,2026-07-19T12:01:13Z,Over,-110,53.5,20260719120152693564
NCAAF,americanfootball_ncaaf,9bbc04340f2b3f77756a22bc44e1a4a4,2026-08-29T23:00:00Z,Florida State Seminoles,New Mexico State Aggies,draftkings,DraftKings,2026-07-19T12:01:13Z,totals,2026-07-19T12:01:13Z,Under,-110,53.5,20260719120152693564
NCAAF,americanfootball_ncaaf,9bbc04340f2b3f77756a22bc44e1a4a4,2026-08-29T23:00:00Z,Florida State Seminoles,New Mexico State Aggies,betonlineag,BetOnline.ag,2026-07-19T12:01:41Z,spreads,2026-07-19T12:01:41Z,Florida State Seminoles,-110,-31.0,20260719120152693564
NCAAF,americanfootball_ncaaf,9bbc04340f2b3f77756a22bc44e1a4a4,2026-08-29T23:00:00Z,Florida State Seminoles,New Mexico State Aggies,betonlineag,BetOnline.ag,2026-07-19T12:01:41Z,spreads,2026-07-19T12:01:41Z,New Mexico State Aggies,-110,31.0,20260719120152693564
NCAAF,americanfootball_ncaaf,9bbc04340f2b3f77756a22bc44e1a4a4,2026-08-29T23:00:00Z,Florida State Seminoles,New Mexico State Aggies,betonlineag,BetOnline.ag,2026-07-19T12:01:41Z,totals,2026-07-19T12:01:41Z,Over,-110,53.5,20260719120152693564
NCAAF,americanfootball_ncaaf,9bbc04340f2b3f77756a22bc44e1a4a4,2026-08-29T23:00:00Z,Florida State Seminoles,New Mexico State Aggies,betonlineag,BetOnline.ag,2026-07-19T12:01:41Z,totals,2026-07-19T12:01:41Z,Under,-110,53.5,20260719120152693564
NCAAF,americanfootball_ncaaf,9bbc04340f2b3f77756a22bc44e1a4a4,2026-08-29T23:00:00Z,Florida State Seminoles,New Mexico State Aggies,lowvig,LowVig.ag,2026-07-19T12:00:52Z,spreads,2026-07-19T12:00:52Z,Florida State Seminoles,-106,-31.0,20260719120152693564
NCAAF,americanfootball_ncaaf,9bbc04340f2b3f77756a22bc44e1a4a4,2026-08-29T23:00:00Z,Florida State Seminoles,New Mexico State Aggies,lowvig,LowVig.ag,2026-07-19T12:00:52Z,spreads,2026-07-19T12:00:52Z,New Mexico State Aggies,-106,31.0,20260719120152693564
NCAAF,americanfootball_ncaaf,9bbc04340f2b3f77756a22bc44e1a4a4,2026-08-29T23:00:00Z,Florida State Seminoles,New Mexico State Aggies,lowvig,LowVig.ag,2026-07-19T12:00:52Z,totals,2026-07-19T12:00:52Z,Over,-108,53.5,20260719120152693564
NCAAF,americanfootball_ncaaf,9bbc04340f2b3f77756a22bc44e1a4a4,2026-08-29T23:00:00Z,Florida State Seminoles,New Mexico State Aggies,lowvig,LowVig.ag,2026-07-19T12:00:52Z,totals,2026-07-19T12:00:52Z,Under,-108,53.5,20260719120152693564
NCAAF,americanfootball_ncaaf,9bbc04340f2b3f77756a22bc44e1a4a4,2026-08-29T23:00:00Z,Florida State Seminoles,New Mexico State Aggies,betus,BetUS,2026-07-19T12:01:14Z,spreads,2026-07-19T12:01:14Z,Florida State Seminoles,-110,-31.0,20260719120152693564
NCAAF,americanfootball_ncaaf,9bbc04340f2b3f77756a22bc44e1a4a4,2026-08-29T23:00:00Z,Florida State Seminoles,New Mexico State Aggies,betus,BetUS,2026-07-19T12:01:14Z,spreads,2026-07-19T12:01:14Z,New Mexico State Aggies,-110,31.0,20260719120152693564
NCAAF,americanfootball_ncaaf,9bbc04340f2b3f77756a22bc44e1a4a4,2026-08-29T23:00:00Z,Florida State Seminoles,New Mexico State Aggies,betus,BetUS,2026-07-19T12:01:14Z,totals,2026-07-19T12:01:14Z,Over,-110,53.5,20260719120152693564
NCAAF,americanfootball_ncaaf,9bbc04340f2b3f77756a22bc44e1a4a4,2026-08-29T23:00:00Z,Florida State Seminoles,New Mexico State Aggies,betus,BetUS,2026-07-19T12:01:14Z,totals,2026-07-19T12:01:14Z,Under,-110,53.5,20260719120152693564
NCAAF,americanfootball_ncaaf,9bbc04340f2b3f77756a22bc44e1a4a4,2026-08-29T23:00:00Z,Florida State Seminoles,New Mexico State Aggies,bovada,Bovada,2026-07-19T12:01:41Z,spreads,2026-07-19T12:01:41Z,Florida State Seminoles,-110,-30.5,20260719120152693564
NCAAF,americanfootball_ncaaf,9bbc04340f2b3f77756a22bc44e1a4a4,2026-08-29T23:00:00Z,Florida State Seminoles,New Mexico State Aggies,bovada,Bovada,2026-07-19T12:01:41Z,spreads,2026-07-19T12:01:41Z,New Mexico State Aggies,-110,30.5,20260719120152693564
NCAAF,americanfootball_ncaaf,9bbc04340f2b3f77756a22bc44e1a4a4,2026-08-29T23:00:00Z,Florida State Seminoles,New Mexico State Aggies,bovada,Bovada,2026-07-19T12:01:41Z,totals,2026-07-19T12:01:41Z,Over,-110,53.5,20260719120152693564
NCAAF,americanfootball_ncaaf,9bbc04340f2b3f77756a22bc44e1a4a4,2026-08-29T23:00:00Z,Florida State Seminoles,New Mexico State Aggies,bovada,Bovada,2026-07-19T12:01:41Z,totals,2026-07-19T12:01:41Z,Under,-110,53.5,20260719120152693564
NCAAF,americanfootball_ncaaf,9bbc04340f2b3f77756a22bc44e1a4a4,2026-08-29T23:00:00Z,Florida State Seminoles,New Mexico State Aggies,fanduel,FanDuel,2026-07-19T12:01:38Z,h2h,2026-07-19T12:01:38Z,Florida State Seminoles,-10000,,20260719120152693564
NCAAF,americanfootball_ncaaf,9bbc04340f2b3f77756a22bc44e1a4a4,2026-08-29T23:00:00Z,Florida State Seminoles,New Mexico State Aggies,fanduel,FanDuel,2026-07-19T12:01:38Z,h2h,2026-07-19T12:01:38Z,New Mexico State Aggies,2400,,20260719120152693564
NCAAF,americanfootball_ncaaf,9bbc04340f2b3f77756a22bc44e1a4a4,2026-08-29T23:00:00Z,Florida State Seminoles,New Mexico State Aggies,fanduel,FanDuel,2026-07-19T12:01:38Z,spreads,2026-07-19T12:01:38Z,Florida State Seminoles,-110,-29.5,20260719120152693564
NCAAF,americanfootball_ncaaf,9bbc04340f2b3f77756a22bc44e1a4a4,2026-08-29T23:00:00Z,Florida State Seminoles,New Mexico State Aggies,fanduel,FanDuel,2026-07-19T12:01:38Z,spreads,2026-07-19T12:01:38Z,New Mexico State Aggies,-110,29.5,20260719120152693564
NCAAF,americanfootball_ncaaf,9bbc04340f2b3f77756a22bc44e1a4a4,2026-08-29T23:00:00Z,Florida State Seminoles,New Mexico State Aggies,fanduel,FanDuel,2026-07-19T12:01:38Z,totals,2026-07-19T12:01:38Z,Over,-110,52.5,20260719120152693564
NCAAF,americanfootball_ncaaf,9bbc04340f2b3f77756a22bc44e1a4a4,2026-08-29T23:00:00Z,Florida State Seminoles,New Mexico State Aggies,fanduel,FanDuel,2026-07-19T12:01:38Z,totals,2026-07-19T12:01:38Z,Under,-110,52.5,20260719120152693564
NCAAF,americanfootball_ncaaf,9bbc04340f2b3f77756a22bc44e1a4a4,2026-08-29T23:00:00Z,Florida State Seminoles,New Mexico State Aggies,betmgm,BetMGM,2026-07-19T12:01:15Z,spreads,2026-07-19T12:01:14Z,Florida State Seminoles,-110,-30.5,20260719120152693564
NCAAF,americanfootball_ncaaf,9bbc04340f2b3f77756a22bc44e1a4a4,2026-08-29T23:00:00Z,Florida State Seminoles,New Mexico State Aggies,betmgm,BetMGM,2026-07-19T12:01:15Z,spreads,2026-07-19T12:01:14Z,New Mexico State Aggies,-110,30.5,20260719120152693564
NCAAF,americanfootball_ncaaf,9bbc04340f2b3f77756a22bc44e1a4a4,2026-08-29T23:00:00Z,Florida State Seminoles,New Mexico State Aggies,betmgm,BetMGM,2026-07-19T12:01:15Z,totals,2026-07-19T12:01:14Z,Over,-110,53.5,20260719120152693564
NCAAF,americanfootball_ncaaf,9bbc04340f2b3f77756a22bc44e1a4a4,2026-08-29T23:00:00Z,Florida State Seminoles,New Mexico State Aggies,betmgm,BetMGM,2026-07-19T12:01:15Z,totals,2026-07-19T12:01:14Z,Under,-110,53.5,20260719120152693564
NCAAF,americanfootball_ncaaf,9bbc04340f2b3f77756a22bc44e1a4a4,2026-08-29T23:00:00Z,Florida State Seminoles,New Mexico State Aggies,betrivers,BetRivers,2026-07-19T12:01:15Z,spreads,2026-07-19T12:01:15Z,Florida State Seminoles,-110,-31.0,20260719120152693564
NCAAF,americanfootball_ncaaf,9bbc04340f2b3f77756a22bc44e1a4a4,2026-08-29T23:00:00Z,Florida State Seminoles,New Mexico State Aggies,betrivers,BetRivers,2026-07-19T12:01:15Z,spreads,2026-07-19T12:01:15Z,New Mexico State Aggies,-113,31.0,20260719120152693564
NCAAF,americanfootball_ncaaf,9bbc04340f2b3f77756a22bc44e1a4a4,2026-08-29T23:00:00Z,Florida State Seminoles,New Mexico State Aggies,betrivers,BetRivers,2026-07-19T12:01:15Z,totals,2026-07-19T12:01:15Z,Over,-112,54.0,20260719120152693564
NCAAF,americanfootball_ncaaf,9bbc04340f2b3f77756a22bc44e1a4a4,2026-08-29T23:00:00Z,Florida State Seminoles,New Mexico State Aggies,betrivers,BetRivers,2026-07-19T12:01:15Z,totals,2026-07-19T12:01:15Z,Under,-112,54.0,20260719120152693564
NCAAF,americanfootball_ncaaf,9bbc04340f2b3f77756a22bc44e1a4a4,2026-08-29T23:00:00Z,Florida State Seminoles,New Mexico State Aggies,mybookieag,MyBookie.ag,2026-07-19T12:01:39Z,h2h,2026-07-19T12:01:39Z,Florida State Seminoles,-10000,,20260719120152693564
NCAAF,americanfootball_ncaaf,9bbc04340f2b3f77756a22bc44e1a4a4,2026-08-29T23:00:00Z,Florida State Seminoles,New Mexico State Aggies,mybookieag,MyBookie.ag,2026-07-19T12:01:39Z,h2h,2026-07-19T12:01:39Z,New Mexico State Aggies,1350,,20260719120152693564
NCAAF,americanfootball_ncaaf,9bbc04340f2b3f77756a22bc44e1a4a4,2026-08-29T23:00:00Z,Florida State Seminoles,New Mexico State Aggies,mybookieag,MyBookie.ag,2026-07-19T12:01:39Z,spreads,2026-07-19T12:01:39Z,Florida State Seminoles,-110,-31.0,20260719120152693564
NCAAF,americanfootball_ncaaf,9bbc04340f2b3f77756a22bc44e1a4a4,2026-08-29T23:00:00Z,Florida State Seminoles,New Mexico State Aggies,mybookieag,MyBookie.ag,2026-07-19T12:01:39Z,spreads,2026-07-19T12:01:39Z,New Mexico State Aggies,-110,31.0,20260719120152693564
NCAAF,americanfootball_ncaaf,9bbc04340f2b3f77756a22bc44e1a4a4,2026-08-29T23:00:00Z,Florida State Seminoles,New Mexico State Aggies,mybookieag,MyBookie.ag,2026-07-19T12:01:39Z,totals,2026-07-19T12:01:39Z,Over,-110,53.5,20260719120152693564
NCAAF,americanfootball_ncaaf,9bbc04340f2b3f77756a22bc44e1a4a4,2026-08-29T23:00:00Z,Florida State Seminoles,New Mexico State Aggies,mybookieag,MyBookie.ag,2026-07-19T12:01:39Z,totals,2026-07-19T12:01:39Z,Under,-110,53.5,20260719120152693564
NCAAF,americanfootball_ncaaf,24941bb5e2e6f79d944530b0b8ea4be5,2026-08-29T23:00:00Z,Stanford Cardinal,Hawaii Rainbow Warriors,draftkings,DraftKings,2026-07-19T12:01:13Z,h2h,2026-07-19T12:01:13Z,Hawaii Rainbow Warriors,154,,20260719120152693564
NCAAF,americanfootball_ncaaf,24941bb5e2e6f79d944530b0b8ea4be5,2026-08-29T23:00:00Z,Stanford Cardinal,Hawaii Rainbow Warriors,draftkings,DraftKings,2026-07-19T12:01:13Z,h2h,2026-07-19T12:01:13Z,Stanford Cardinal,-185,,20260719120152693564
NCAAF,americanfootball_ncaaf,24941bb5e2e6f79d944530b0b8ea4be5,2026-08-29T23:00:00Z,Stanford Cardinal,Hawaii Rainbow Warriors,draftkings,DraftKings,2026-07-19T12:01:13Z,spreads,2026-07-19T12:01:13Z,Hawaii Rainbow Warriors,-112,3.5,20260719120152693564
NCAAF,americanfootball_ncaaf,24941bb5e2e6f79d944530b0b8ea4be5,2026-08-29T23:00:00Z,Stanford Cardinal,Hawaii Rainbow Warriors,draftkings,DraftKings,2026-07-19T12:01:13Z,spreads,2026-07-19T12:01:13Z,Stanford Cardinal,-108,-3.5,20260719120152693564
NCAAF,americanfootball_ncaaf,24941bb5e2e6f79d944530b0b8ea4be5,2026-08-29T23:00:00Z,Stanford Cardinal,Hawaii Rainbow Warriors,draftkings,DraftKings,2026-07-19T12:01:13Z,totals,2026-07-19T12:01:13Z,Over,-115,50.5,20260719120152693564
NCAAF,americanfootball_ncaaf,24941bb5e2e6f79d944530b0b8ea4be5,2026-08-29T23:00:00Z,Stanford Cardinal,Hawaii Rainbow Warriors,draftkings,DraftKings,2026-07-19T12:01:13Z,totals,2026-07-19T12:01:13Z,Under,-105,50.5,20260719120152693564
NCAAF,americanfootball_ncaaf,24941bb5e2e6f79d944530b0b8ea4be5,2026-08-29T23:00:00Z,Stanford Cardinal,Hawaii Rainbow Warriors,betonlineag,BetOnline.ag,2026-07-19T12:01:41Z,spreads,2026-07-19T12:01:41Z,Hawaii Rainbow Warriors,-105,3.5,20260719120152693564
NCAAF,americanfootball_ncaaf,24941bb5e2e6f79d944530b0b8ea4be5,2026-08-29T23:00:00Z,Stanford Cardinal,Hawaii Rainbow Warriors,betonlineag,BetOnline.ag,2026-07-19T12:01:41Z,spreads,2026-07-19T12:01:41Z,Stanford Cardinal,-115,-3.5,20260719120152693564
NCAAF,americanfootball_ncaaf,24941bb5e2e6f79d944530b0b8ea4be5,2026-08-29T23:00:00Z,Stanford Cardinal,Hawaii Rainbow Warriors,betonlineag,BetOnline.ag,2026-07-19T12:01:41Z,totals,2026-07-19T12:01:41Z,Over,-110,50.5,20260719120152693564
NCAAF,americanfootball_ncaaf,24941bb5e2e6f79d944530b0b8ea4be5,2026-08-29T23:00:00Z,Stanford Cardinal,Hawaii Rainbow Warriors,betonlineag,BetOnline.ag,2026-07-19T12:01:41Z,totals,2026-07-19T12:01:41Z,Under,-110,50.5,20260719120152693564
NCAAF,americanfootball_ncaaf,24941bb5e2e6f79d944530b0b8ea4be5,2026-08-29T23:00:00Z,Stanford Cardinal,Hawaii Rainbow Warriors,lowvig,LowVig.ag,2026-07-19T12:00:52Z,spreads,2026-07-19T12:00:52Z,Hawaii Rainbow Warriors,-101,3.5,20260719120152693564
NCAAF,americanfootball_ncaaf,24941bb5e2e6f79d944530b0b8ea4be5,2026-08-29T23:00:00Z,Stanford Cardinal,Hawaii Rainbow Warriors,lowvig,LowVig.ag,2026-07-19T12:00:52Z,spreads,2026-07-19T12:00:52Z,Stanford Cardinal,-111,-3.5,20260719120152693564
NCAAF,americanfootball_ncaaf,24941bb5e2e6f79d944530b0b8ea4be5,2026-08-29T23:00:00Z,Stanford Cardinal,Hawaii Rainbow Warriors,lowvig,LowVig.ag,2026-07-19T12:00:52Z,totals,2026-07-19T12:00:52Z,Over,-108,50.5,20260719120152693564
NCAAF,americanfootball_ncaaf,24941bb5e2e6f79d944530b0b8ea4be5,2026-08-29T23:00:00Z,Stanford Cardinal,Hawaii Rainbow Warriors,lowvig,LowVig.ag,2026-07-19T12:00:52Z,totals,2026-07-19T12:00:52Z,Under,-108,50.5,20260719120152693564
NCAAF,americanfootball_ncaaf,24941bb5e2e6f79d944530b0b8ea4be5,2026-08-29T23:00:00Z,Stanford Cardinal,Hawaii Rainbow Warriors,betus,BetUS,2026-07-19T12:01:14Z,spreads,2026-07-19T12:01:14Z,Hawaii Rainbow Warriors,-105,3.5,20260719120152693564
NCAAF,americanfootball_ncaaf,24941bb5e2e6f79d944530b0b8ea4be5,2026-08-29T23:00:00Z,Stanford Cardinal,Hawaii Rainbow Warriors,betus,BetUS,2026-07-19T12:01:14Z,spreads,2026-07-19T12:01:14Z,Stanford Cardinal,-115,-3.5,20260719120152693564
NCAAF,americanfootball_ncaaf,24941bb5e2e6f79d944530b0b8ea4be5,2026-08-29T23:00:00Z,Stanford Cardinal,Hawaii Rainbow Warriors,betus,BetUS,2026-07-19T12:01:14Z,totals,2026-07-19T12:01:14Z,Over,-110,50.5,20260719120152693564
NCAAF,americanfootball_ncaaf,24941bb5e2e6f79d944530b0b8ea4be5,2026-08-29T23:00:00Z,Stanford Cardinal,Hawaii Rainbow Warriors,betus,BetUS,2026-07-19T12:01:14Z,totals,2026-07-19T12:01:14Z,Under,-110,50.5,20260719120152693564
NCAAF,americanfootball_ncaaf,24941bb5e2e6f79d944530b0b8ea4be5,2026-08-29T23:00:00Z,Stanford Cardinal,Hawaii Rainbow Warriors,bovada,Bovada,2026-07-19T12:01:41Z,h2h,2026-07-19T12:01:41Z,Hawaii Rainbow Warriors,155,,20260719120152693564
NCAAF,americanfootball_ncaaf,24941bb5e2e6f79d944530b0b8ea4be5,2026-08-29T23:00:00Z,Stanford Cardinal,Hawaii Rainbow Warriors,bovada,Bovada,2026-07-19T12:01:41Z,h2h,2026-07-19T12:01:41Z,Stanford Cardinal,-180,,20260719120152693564
NCAAF,americanfootball_ncaaf,24941bb5e2e6f79d944530b0b8ea4be5,2026-08-29T23:00:00Z,Stanford Cardinal,Hawaii Rainbow Warriors,bovada,Bovada,2026-07-19T12:01:41Z,spreads,2026-07-19T12:01:41Z,Hawaii Rainbow Warriors,-110,3.5,20260719120152693564
NCAAF,americanfootball_ncaaf,24941bb5e2e6f79d944530b0b8ea4be5,2026-08-29T23:00:00Z,Stanford Cardinal,Hawaii Rainbow Warriors,bovada,Bovada,2026-07-19T12:01:41Z,spreads,2026-07-19T12:01:41Z,Stanford Cardinal,-110,-3.5,20260719120152693564
NCAAF,americanfootball_ncaaf,24941bb5e2e6f79d944530b0b8ea4be5,2026-08-29T23:00:00Z,Stanford Cardinal,Hawaii Rainbow Warriors,bovada,Bovada,2026-07-19T12:01:41Z,totals,2026-07-19T12:01:41Z,Over,-115,50.5,20260719120152693564
NCAAF,americanfootball_ncaaf,24941bb5e2e6f79d944530b0b8ea4be5,2026-08-29T23:00:00Z,Stanford Cardinal,Hawaii Rainbow Warriors,bovada,Bovada,2026-07-19T12:01:41Z,totals,2026-07-19T12:01:41Z,Under,-105,50.5,20260719120152693564
NCAAF,americanfootball_ncaaf,24941bb5e2e6f79d944530b0b8ea4be5,2026-08-29T23:00:00Z,Stanford Cardinal,Hawaii Rainbow Warriors,fanduel,FanDuel,2026-07-19T12:01:38Z,h2h,2026-07-19T12:01:38Z,Hawaii Rainbow Warriors,160,,20260719120152693564
NCAAF,americanfootball_ncaaf,24941bb5e2e6f79d944530b0b8ea4be5,2026-08-29T23:00:00Z,Stanford Cardinal,Hawaii Rainbow Warriors,fanduel,FanDuel,2026-07-19T12:01:38Z,h2h,2026-07-19T12:01:38Z,Stanford Cardinal,-194,,20260719120152693564
NCAAF,americanfootball_ncaaf,24941bb5e2e6f79d944530b0b8ea4be5,2026-08-29T23:00:00Z,Stanford Cardinal,Hawaii Rainbow Warriors,fanduel,FanDuel,2026-07-19T12:01:38Z,spreads,2026-07-19T12:01:38Z,Hawaii Rainbow Warriors,-106,4.5,20260719120152693564
NCAAF,americanfootball_ncaaf,24941bb5e2e6f79d944530b0b8ea4be5,2026-08-29T23:00:00Z,Stanford Cardinal,Hawaii Rainbow Warriors,fanduel,FanDuel,2026-07-19T12:01:38Z,spreads,2026-07-19T12:01:38Z,Stanford Cardinal,-114,-4.5,20260719120152693564
NCAAF,americanfootball_ncaaf,24941bb5e2e6f79d944530b0b8ea4be5,2026-08-29T23:00:00Z,Stanford Cardinal,Hawaii Rainbow Warriors,fanduel,FanDuel,2026-07-19T12:01:38Z,totals,2026-07-19T12:01:38Z,Over,-110,50.5,20260719120152693564
NCAAF,americanfootball_ncaaf,24941bb5e2e6f79d944530b0b8ea4be5,2026-08-29T23:00:00Z,Stanford Cardinal,Hawaii Rainbow Warriors,fanduel,FanDuel,2026-07-19T12:01:38Z,totals,2026-07-19T12:01:38Z,Under,-110,50.5,20260719120152693564
NCAAF,americanfootball_ncaaf,24941bb5e2e6f79d944530b0b8ea4be5,2026-08-29T23:00:00Z,Stanford Cardinal,Hawaii Rainbow Warriors,betmgm,BetMGM,2026-07-19T12:01:15Z,spreads,2026-07-19T12:01:14Z,Hawaii Rainbow Warriors,-110,3.5,20260719120152693564
NCAAF,americanfootball_ncaaf,24941bb5e2e6f79d944530b0b8ea4be5,2026-08-29T23:00:00Z,Stanford Cardinal,Hawaii Rainbow Warriors,betmgm,BetMGM,2026-07-19T12:01:15Z,spreads,2026-07-19T12:01:14Z,Stanford Cardinal,-110,-3.5,20260719120152693564
NCAAF,americanfootball_ncaaf,24941bb5e2e6f79d944530b0b8ea4be5,2026-08-29T23:00:00Z,Stanford Cardinal,Hawaii Rainbow Warriors,betmgm,BetMGM,2026-07-19T12:01:15Z,totals,2026-07-19T12:01:14Z,Over,-110,50.5,20260719120152693564
NCAAF,americanfootball_ncaaf,24941bb5e2e6f79d944530b0b8ea4be5,2026-08-29T23:00:00Z,Stanford Cardinal,Hawaii Rainbow Warriors,betmgm,BetMGM,2026-07-19T12:01:15Z,totals,2026-07-19T12:01:14Z,Under,-110,50.5,20260719120152693564
NCAAF,americanfootball_ncaaf,24941bb5e2e6f79d944530b0b8ea4be5,2026-08-29T23:00:00Z,Stanford Cardinal,Hawaii Rainbow Warriors,betrivers,BetRivers,2026-07-19T12:01:15Z,h2h,2026-07-19T12:01:15Z,Hawaii Rainbow Warriors,145,,20260719120152693564
NCAAF,americanfootball_ncaaf,24941bb5e2e6f79d944530b0b8ea4be5,2026-08-29T23:00:00Z,Stanford Cardinal,Hawaii Rainbow Warriors,betrivers,BetRivers,2026-07-19T12:01:15Z,h2h,2026-07-19T12:01:15Z,Stanford Cardinal,-180,,20260719120152693564
NCAAF,americanfootball_ncaaf,24941bb5e2e6f79d944530b0b8ea4be5,2026-08-29T23:00:00Z,Stanford Cardinal,Hawaii Rainbow Warriors,betrivers,BetRivers,2026-07-19T12:01:15Z,spreads,2026-07-19T12:01:15Z,Hawaii Rainbow Warriors,-114,3.5,20260719120152693564
NCAAF,americanfootball_ncaaf,24941bb5e2e6f79d944530b0b8ea4be5,2026-08-29T23:00:00Z,Stanford Cardinal,Hawaii Rainbow Warriors,betrivers,BetRivers,2026-07-19T12:01:15Z,spreads,2026-07-19T12:01:15Z,Stanford Cardinal,-109,-3.5,20260719120152693564
NCAAF,americanfootball_ncaaf,24941bb5e2e6f79d944530b0b8ea4be5,2026-08-29T23:00:00Z,Stanford Cardinal,Hawaii Rainbow Warriors,betrivers,BetRivers,2026-07-19T12:01:15Z,totals,2026-07-19T12:01:15Z,Over,-114,50.5,20260719120152693564
NCAAF,americanfootball_ncaaf,24941bb5e2e6f79d944530b0b8ea4be5,2026-08-29T23:00:00Z,Stanford Cardinal,Hawaii Rainbow Warriors,betrivers,BetRivers,2026-07-19T12:01:15Z,totals,2026-07-19T12:01:15Z,Under,-109,50.5,20260719120152693564
NCAAF,americanfootball_ncaaf,24941bb5e2e6f79d944530b0b8ea4be5,2026-08-29T23:00:00Z,Stanford Cardinal,Hawaii Rainbow Warriors,mybookieag,MyBookie.ag,2026-07-19T12:01:39Z,h2h,2026-07-19T12:01:38Z,Hawaii Rainbow Warriors,157,,20260719120152693564
NCAAF,americanfootball_ncaaf,24941bb5e2e6f79d944530b0b8ea4be5,2026-08-29T23:00:00Z,Stanford Cardinal,Hawaii Rainbow Warriors,mybookieag,MyBookie.ag,2026-07-19T12:01:39Z,h2h,2026-07-19T12:01:38Z,Stanford Cardinal,-204,,20260719120152693564
NCAAF,americanfootball_ncaaf,24941bb5e2e6f79d944530b0b8ea4be5,2026-08-29T23:00:00Z,Stanford Cardinal,Hawaii Rainbow Warriors,mybookieag,MyBookie.ag,2026-07-19T12:01:39Z,spreads,2026-07-19T12:01:38Z,Hawaii Rainbow Warriors,-110,3.5,20260719120152693564
NCAAF,americanfootball_ncaaf,24941bb5e2e6f79d944530b0b8ea4be5,2026-08-29T23:00:00Z,Stanford Cardinal,Hawaii Rainbow Warriors,mybookieag,MyBookie.ag,2026-07-19T12:01:39Z,spreads,2026-07-19T12:01:38Z,Stanford Cardinal,-110,-3.5,20260719120152693564
NCAAF,americanfootball_ncaaf,24941bb5e2e6f79d944530b0b8ea4be5,2026-08-29T23:00:00Z,Stanford Cardinal,Hawaii Rainbow Warriors,mybookieag,MyBookie.ag,2026-07-19T12:01:39Z,totals,2026-07-19T12:01:38Z,Over,-110,50.5,20260719120152693564
NCAAF,americanfootball_ncaaf,24941bb5e2e6f79d944530b0b8ea4be5,2026-08-29T23:00:00Z,Stanford Cardinal,Hawaii Rainbow Warriors,mybookieag,MyBookie.ag,2026-07-19T12:01:39Z,totals,2026-07-19T12:01:38Z,Under,-110,50.5,20260719120152693564
NCAAF,americanfootball_ncaaf,90d9b4e9c9485143021eb1535e792164,2026-08-30T02:00:00Z,UNLV Rebels,Memphis Tigers,draftkings,DraftKings,2026-07-19T12:01:13Z,h2h,2026-07-19T12:01:13Z,Memphis Tigers,154,,20260719120152693564
NCAAF,americanfootball_ncaaf,90d9b4e9c9485143021eb1535e792164,2026-08-30T02:00:00Z,UNLV Rebels,Memphis Tigers,draftkings,DraftKings,2026-07-19T12:01:13Z,h2h,2026-07-19T12:01:13Z,UNLV Rebels,-185,,20260719120152693564
NCAAF,americanfootball_ncaaf,90d9b4e9c9485143021eb1535e792164,2026-08-30T02:00:00Z,UNLV Rebels,Memphis Tigers,draftkings,DraftKings,2026-07-19T12:01:13Z,spreads,2026-07-19T12:01:13Z,Memphis Tigers,-105,3.5,20260719120152693564
NCAAF,americanfootball_ncaaf,90d9b4e9c9485143021eb1535e792164,2026-08-30T02:00:00Z,UNLV Rebels,Memphis Tigers,draftkings,DraftKings,2026-07-19T12:01:13Z,spreads,2026-07-19T12:01:13Z,UNLV Rebels,-115,-3.5,20260719120152693564
NCAAF,americanfootball_ncaaf,90d9b4e9c9485143021eb1535e792164,2026-08-30T02:00:00Z,UNLV Rebels,Memphis Tigers,draftkings,DraftKings,2026-07-19T12:01:13Z,totals,2026-07-19T12:01:13Z,Over,-112,59.5,20260719120152693564
NCAAF,americanfootball_ncaaf,90d9b4e9c9485143021eb1535e792164,2026-08-30T02:00:00Z,UNLV Rebels,Memphis Tigers,draftkings,DraftKings,2026-07-19T12:01:13Z,totals,2026-07-19T12:01:13Z,Under,-108,59.5,20260719120152693564
NCAAF,americanfootball_ncaaf,90d9b4e9c9485143021eb1535e792164,2026-08-30T02:00:00Z,UNLV Rebels,Memphis Tigers,lowvig,LowVig.ag,2026-07-19T12:00:52Z,spreads,2026-07-19T12:00:52Z,Memphis Tigers,-101,3.5,20260719120152693564
NCAAF,americanfootball_ncaaf,90d9b4e9c9485143021eb1535e792164,2026-08-30T02:00:00Z,UNLV Rebels,Memphis Tigers,lowvig,LowVig.ag,2026-07-19T12:00:52Z,spreads,2026-07-19T12:00:52Z,UNLV Rebels,-111,-3.5,20260719120152693564
NCAAF,americanfootball_ncaaf,90d9b4e9c9485143021eb1535e792164,2026-08-30T02:00:00Z,UNLV Rebels,Memphis Tigers,lowvig,LowVig.ag,2026-07-19T12:00:52Z,totals,2026-07-19T12:00:52Z,Over,-108,58.5,20260719120152693564
NCAAF,americanfootball_ncaaf,90d9b4e9c9485143021eb1535e792164,2026-08-30T02:00:00Z,UNLV Rebels,Memphis Tigers,lowvig,LowVig.ag,2026-07-19T12:00:52Z,totals,2026-07-19T12:00:52Z,Under,-108,58.5,20260719120152693564
NCAAF,americanfootball_ncaaf,90d9b4e9c9485143021eb1535e792164,2026-08-30T02:00:00Z,UNLV Rebels,Memphis Tigers,betonlineag,BetOnline.ag,2026-07-19T12:01:41Z,spreads,2026-07-19T12:01:41Z,Memphis Tigers,-105,3.5,20260719120152693564
NCAAF,americanfootball_ncaaf,90d9b4e9c9485143021eb1535e792164,2026-08-30T02:00:00Z,UNLV Rebels,Memphis Tigers,betonlineag,BetOnline.ag,2026-07-19T12:01:41Z,spreads,2026-07-19T12:01:41Z,UNLV Rebels,-115,-3.5,20260719120152693564
NCAAF,americanfootball_ncaaf,90d9b4e9c9485143021eb1535e792164,2026-08-30T02:00:00Z,UNLV Rebels,Memphis Tigers,betonlineag,BetOnline.ag,2026-07-19T12:01:41Z,totals,2026-07-19T12:01:41Z,Over,-110,58.5,20260719120152693564
NCAAF,americanfootball_ncaaf,90d9b4e9c9485143021eb1535e792164,2026-08-30T02:00:00Z,UNLV Rebels,Memphis Tigers,betonlineag,BetOnline.ag,2026-07-19T12:01:41Z,totals,2026-07-19T12:01:41Z,Under,-110,58.5,20260719120152693564
NCAAF,americanfootball_ncaaf,90d9b4e9c9485143021eb1535e792164,2026-08-30T02:00:00Z,UNLV Rebels,Memphis Tigers,betus,BetUS,2026-07-19T12:01:14Z,spreads,2026-07-19T12:01:14Z,Memphis Tigers,-105,3.5,20260719120152693564
NCAAF,americanfootball_ncaaf,90d9b4e9c9485143021eb1535e792164,2026-08-30T02:00:00Z,UNLV Rebels,Memphis Tigers,betus,BetUS,2026-07-19T12:01:14Z,spreads,2026-07-19T12:01:14Z,UNLV Rebels,-115,-3.5,20260719120152693564
NCAAF,americanfootball_ncaaf,90d9b4e9c9485143021eb1535e792164,2026-08-30T02:00:00Z,UNLV Rebels,Memphis Tigers,betus,BetUS,2026-07-19T12:01:14Z,totals,2026-07-19T12:01:14Z,Over,-110,58.5,20260719120152693564
NCAAF,americanfootball_ncaaf,90d9b4e9c9485143021eb1535e792164,2026-08-30T02:00:00Z,UNLV Rebels,Memphis Tigers,betus,BetUS,2026-07-19T12:01:14Z,totals,2026-07-19T12:01:14Z,Under,-110,58.5,20260719120152693564
NCAAF,americanfootball_ncaaf,90d9b4e9c9485143021eb1535e792164,2026-08-30T02:00:00Z,UNLV Rebels,Memphis Tigers,bovada,Bovada,2026-07-19T12:01:41Z,h2h,2026-07-19T12:01:41Z,Memphis Tigers,150,,20260719120152693564
NCAAF,americanfootball_ncaaf,90d9b4e9c9485143021eb1535e792164,2026-08-30T02:00:00Z,UNLV Rebels,Memphis Tigers,bovada,Bovada,2026-07-19T12:01:41Z,h2h,2026-07-19T12:01:41Z,UNLV Rebels,-175,,20260719120152693564
NCAAF,americanfootball_ncaaf,90d9b4e9c9485143021eb1535e792164,2026-08-30T02:00:00Z,UNLV Rebels,Memphis Tigers,bovada,Bovada,2026-07-19T12:01:41Z,spreads,2026-07-19T12:01:41Z,Memphis Tigers,-105,3.5,20260719120152693564
NCAAF,americanfootball_ncaaf,90d9b4e9c9485143021eb1535e792164,2026-08-30T02:00:00Z,UNLV Rebels,Memphis Tigers,bovada,Bovada,2026-07-19T12:01:41Z,spreads,2026-07-19T12:01:41Z,UNLV Rebels,-115,-3.5,20260719120152693564
NCAAF,americanfootball_ncaaf,90d9b4e9c9485143021eb1535e792164,2026-08-30T02:00:00Z,UNLV Rebels,Memphis Tigers,bovada,Bovada,2026-07-19T12:01:41Z,totals,2026-07-19T12:01:41Z,Over,-110,59.5,20260719120152693564
NCAAF,americanfootball_ncaaf,90d9b4e9c9485143021eb1535e792164,2026-08-30T02:00:00Z,UNLV Rebels,Memphis Tigers,bovada,Bovada,2026-07-19T12:01:41Z,totals,2026-07-19T12:01:41Z,Under,-110,59.5,20260719120152693564
NCAAF,americanfootball_ncaaf,90d9b4e9c9485143021eb1535e792164,2026-08-30T02:00:00Z,UNLV Rebels,Memphis Tigers,fanduel,FanDuel,2026-07-19T12:01:38Z,h2h,2026-07-19T12:01:38Z,Memphis Tigers,160,,20260719120152693564
NCAAF,americanfootball_ncaaf,90d9b4e9c9485143021eb1535e792164,2026-08-30T02:00:00Z,UNLV Rebels,Memphis Tigers,fanduel,FanDuel,2026-07-19T12:01:38Z,h2h,2026-07-19T12:01:38Z,UNLV Rebels,-194,,20260719120152693564
NCAAF,americanfootball_ncaaf,90d9b4e9c9485143021eb1535e792164,2026-08-30T02:00:00Z,UNLV Rebels,Memphis Tigers,fanduel,FanDuel,2026-07-19T12:01:38Z,spreads,2026-07-19T12:01:38Z,Memphis Tigers,-106,4.5,20260719120152693564
NCAAF,americanfootball_ncaaf,90d9b4e9c9485143021eb1535e792164,2026-08-30T02:00:00Z,UNLV Rebels,Memphis Tigers,fanduel,FanDuel,2026-07-19T12:01:38Z,spreads,2026-07-19T12:01:38Z,UNLV Rebels,-114,-4.5,20260719120152693564
NCAAF,americanfootball_ncaaf,90d9b4e9c9485143021eb1535e792164,2026-08-30T02:00:00Z,UNLV Rebels,Memphis Tigers,fanduel,FanDuel,2026-07-19T12:01:38Z,totals,2026-07-19T12:01:38Z,Over,-115,58.5,20260719120152693564
NCAAF,americanfootball_ncaaf,90d9b4e9c9485143021eb1535e792164,2026-08-30T02:00:00Z,UNLV Rebels,Memphis Tigers,fanduel,FanDuel,2026-07-19T12:01:38Z,totals,2026-07-19T12:01:38Z,Under,-105,58.5,20260719120152693564
NCAAF,americanfootball_ncaaf,90d9b4e9c9485143021eb1535e792164,2026-08-30T02:00:00Z,UNLV Rebels,Memphis Tigers,betmgm,BetMGM,2026-07-19T12:01:15Z,spreads,2026-07-19T12:01:14Z,Memphis Tigers,-105,3.5,20260719120152693564
NCAAF,americanfootball_ncaaf,90d9b4e9c9485143021eb1535e792164,2026-08-30T02:00:00Z,UNLV Rebels,Memphis Tigers,betmgm,BetMGM,2026-07-19T12:01:15Z,spreads,2026-07-19T12:01:14Z,UNLV Rebels,-115,-3.5,20260719120152693564
NCAAF,americanfootball_ncaaf,90d9b4e9c9485143021eb1535e792164,2026-08-30T02:00:00Z,UNLV Rebels,Memphis Tigers,betmgm,BetMGM,2026-07-19T12:01:15Z,totals,2026-07-19T12:01:14Z,Over,-110,59.5,20260719120152693564
NCAAF,americanfootball_ncaaf,90d9b4e9c9485143021eb1535e792164,2026-08-30T02:00:00Z,UNLV Rebels,Memphis Tigers,betmgm,BetMGM,2026-07-19T12:01:15Z,totals,2026-07-19T12:01:14Z,Under,-110,59.5,20260719120152693564
NCAAF,americanfootball_ncaaf,90d9b4e9c9485143021eb1535e792164,2026-08-30T02:00:00Z,UNLV Rebels,Memphis Tigers,betrivers,BetRivers,2026-07-19T12:01:15Z,h2h,2026-07-19T12:01:15Z,Memphis Tigers,160,,20260719120152693564
NCAAF,americanfootball_ncaaf,90d9b4e9c9485143021eb1535e792164,2026-08-30T02:00:00Z,UNLV Rebels,Memphis Tigers,betrivers,BetRivers,2026-07-19T12:01:15Z,h2h,2026-07-19T12:01:15Z,UNLV Rebels,-200,,20260719120152693564
NCAAF,americanfootball_ncaaf,90d9b4e9c9485143021eb1535e792164,2026-08-30T02:00:00Z,UNLV Rebels,Memphis Tigers,betrivers,BetRivers,2026-07-19T12:01:15Z,spreads,2026-07-19T12:01:15Z,Memphis Tigers,-112,4.0,20260719120152693564
NCAAF,americanfootball_ncaaf,90d9b4e9c9485143021eb1535e792164,2026-08-30T02:00:00Z,UNLV Rebels,Memphis Tigers,betrivers,BetRivers,2026-07-19T12:01:15Z,spreads,2026-07-19T12:01:15Z,UNLV Rebels,-112,-4.0,20260719120152693564
NCAAF,americanfootball_ncaaf,90d9b4e9c9485143021eb1535e792164,2026-08-30T02:00:00Z,UNLV Rebels,Memphis Tigers,betrivers,BetRivers,2026-07-19T12:01:15Z,totals,2026-07-19T12:01:15Z,Over,-109,59.5,20260719120152693564
NCAAF,americanfootball_ncaaf,90d9b4e9c9485143021eb1535e792164,2026-08-30T02:00:00Z,UNLV Rebels,Memphis Tigers,betrivers,BetRivers,2026-07-19T12:01:15Z,totals,2026-07-19T12:01:15Z,Under,-114,59.5,20260719120152693564
NCAAF,americanfootball_ncaaf,90d9b4e9c9485143021eb1535e792164,2026-08-30T02:00:00Z,UNLV Rebels,Memphis Tigers,mybookieag,MyBookie.ag,2026-07-19T12:01:39Z,h2h,2026-07-19T12:01:39Z,Memphis Tigers,156,,20260719120152693564
NCAAF,americanfootball_ncaaf,90d9b4e9c9485143021eb1535e792164,2026-08-30T02:00:00Z,UNLV Rebels,Memphis Tigers,mybookieag,MyBookie.ag,2026-07-19T12:01:39Z,h2h,2026-07-19T12:01:39Z,UNLV Rebels,-202,,20260719120152693564
NCAAF,americanfootball_ncaaf,90d9b4e9c9485143021eb1535e792164,2026-08-30T02:00:00Z,UNLV Rebels,Memphis Tigers,mybookieag,MyBookie.ag,2026-07-19T12:01:39Z,spreads,2026-07-19T12:01:39Z,Memphis Tigers,-110,3.5,20260719120152693564
NCAAF,americanfootball_ncaaf,90d9b4e9c9485143021eb1535e792164,2026-08-30T02:00:00Z,UNLV Rebels,Memphis Tigers,mybookieag,MyBookie.ag,2026-07-19T12:01:39Z,spreads,2026-07-19T12:01:39Z,UNLV Rebels,-110,-3.5,20260719120152693564
NCAAF,americanfootball_ncaaf,90d9b4e9c9485143021eb1535e792164,2026-08-30T02:00:00Z,UNLV Rebels,Memphis Tigers,mybookieag,MyBookie.ag,2026-07-19T12:01:39Z,totals,2026-07-19T12:01:39Z,Over,-110,59.0,20260719120152693564
NCAAF,americanfootball_ncaaf,90d9b4e9c9485143021eb1535e792164,2026-08-30T02:00:00Z,UNLV Rebels,Memphis Tigers,mybookieag,MyBookie.ag,2026-07-19T12:01:39Z,totals,2026-07-19T12:01:39Z,Under,-110,59.0,20260719120152693564
NCAAF,americanfootball_ncaaf,e564afb0a5ab84ab43befa56bdb90522,2026-09-03T22:00:00Z,Rutgers Scarlet Knights,UMass Minutemen,draftkings,DraftKings,2026-07-19T12:01:13Z,spreads,2026-07-19T12:01:13Z,Rutgers Scarlet Knights,-112,-30.5,20260719120152693564
NCAAF,americanfootball_ncaaf,e564afb0a5ab84ab43befa56bdb90522,2026-09-03T22:00:00Z,Rutgers Scarlet Knights,UMass Minutemen,draftkings,DraftKings,2026-07-19T12:01:13Z,spreads,2026-07-19T12:01:13Z,UMass Minutemen,-108,30.5,20260719120152693564
NCAAF,americanfootball_ncaaf,e564afb0a5ab84ab43befa56bdb90522,2026-09-03T22:00:00Z,Rutgers Scarlet Knights,UMass Minutemen,draftkings,DraftKings,2026-07-19T12:01:13Z,totals,2026-07-19T12:01:13Z,Over,-112,55.5,20260719120152693564
NCAAF,americanfootball_ncaaf,e564afb0a5ab84ab43befa56bdb90522,2026-09-03T22:00:00Z,Rutgers Scarlet Knights,UMass Minutemen,draftkings,DraftKings,2026-07-19T12:01:13Z,totals,2026-07-19T12:01:13Z,Under,-108,55.5,20260719120152693564
NCAAF,americanfootball_ncaaf,e564afb0a5ab84ab43befa56bdb90522,2026-09-03T22:00:00Z,Rutgers Scarlet Knights,UMass Minutemen,betonlineag,BetOnline.ag,2026-07-19T12:01:41Z,spreads,2026-07-19T12:01:41Z,Rutgers Scarlet Knights,-110,-30.5,20260719120152693564
NCAAF,americanfootball_ncaaf,e564afb0a5ab84ab43befa56bdb90522,2026-09-03T22:00:00Z,Rutgers Scarlet Knights,UMass Minutemen,betonlineag,BetOnline.ag,2026-07-19T12:01:41Z,spreads,2026-07-19T12:01:41Z,UMass Minutemen,-110,30.5,20260719120152693564
NCAAF,americanfootball_ncaaf,e564afb0a5ab84ab43befa56bdb90522,2026-09-03T22:00:00Z,Rutgers Scarlet Knights,UMass Minutemen,betonlineag,BetOnline.ag,2026-07-19T12:01:41Z,totals,2026-07-19T12:01:41Z,Over,-110,54.5,20260719120152693564
NCAAF,americanfootball_ncaaf,e564afb0a5ab84ab43befa56bdb90522,2026-09-03T22:00:00Z,Rutgers Scarlet Knights,UMass Minutemen,betonlineag,BetOnline.ag,2026-07-19T12:01:41Z,totals,2026-07-19T12:01:41Z,Under,-110,54.5,20260719120152693564
NCAAF,americanfootball_ncaaf,e564afb0a5ab84ab43befa56bdb90522,2026-09-03T22:00:00Z,Rutgers Scarlet Knights,UMass Minutemen,lowvig,LowVig.ag,2026-07-19T12:00:52Z,spreads,2026-07-19T12:00:52Z,Rutgers Scarlet Knights,-106,-30.5,20260719120152693564
NCAAF,americanfootball_ncaaf,e564afb0a5ab84ab43befa56bdb90522,2026-09-03T22:00:00Z,Rutgers Scarlet Knights,UMass Minutemen,lowvig,LowVig.ag,2026-07-19T12:00:52Z,spreads,2026-07-19T12:00:52Z,UMass Minutemen,-106,30.5,20260719120152693564
NCAAF,americanfootball_ncaaf,e564afb0a5ab84ab43befa56bdb90522,2026-09-03T22:00:00Z,Rutgers Scarlet Knights,UMass Minutemen,lowvig,LowVig.ag,2026-07-19T12:00:52Z,totals,2026-07-19T12:00:52Z,Over,-108,54.5,20260719120152693564
NCAAF,americanfootball_ncaaf,e564afb0a5ab84ab43befa56bdb90522,2026-09-03T22:00:00Z,Rutgers Scarlet Knights,UMass Minutemen,lowvig,LowVig.ag,2026-07-19T12:00:52Z,totals,2026-07-19T12:00:52Z,Under,-108,54.5,20260719120152693564
NCAAF,americanfootball_ncaaf,e564afb0a5ab84ab43befa56bdb90522,2026-09-03T22:00:00Z,Rutgers Scarlet Knights,UMass Minutemen,betus,BetUS,2026-07-19T12:01:14Z,spreads,2026-07-19T12:01:14Z,Rutgers Scarlet Knights,-110,-30.5,20260719120152693564
NCAAF,americanfootball_ncaaf,e564afb0a5ab84ab43befa56bdb90522,2026-09-03T22:00:00Z,Rutgers Scarlet Knights,UMass Minutemen,betus,BetUS,2026-07-19T12:01:14Z,spreads,2026-07-19T12:01:14Z,UMass Minutemen,-110,30.5,20260719120152693564
NCAAF,americanfootball_ncaaf,e564afb0a5ab84ab43befa56bdb90522,2026-09-03T22:00:00Z,Rutgers Scarlet Knights,UMass Minutemen,betus,BetUS,2026-07-19T12:01:14Z,totals,2026-07-19T12:01:14Z,Over,-110,54.5,20260719120152693564
NCAAF,americanfootball_ncaaf,e564afb0a5ab84ab43befa56bdb90522,2026-09-03T22:00:00Z,Rutgers Scarlet Knights,UMass Minutemen,betus,BetUS,2026-07-19T12:01:14Z,totals,2026-07-19T12:01:14Z,Under,-110,54.5,20260719120152693564
NCAAF,americanfootball_ncaaf,e564afb0a5ab84ab43befa56bdb90522,2026-09-03T22:00:00Z,Rutgers Scarlet Knights,UMass Minutemen,betmgm,BetMGM,2026-07-19T12:01:15Z,spreads,2026-07-19T12:01:15Z,Rutgers Scarlet Knights,-110,-30.5,20260719120152693564
NCAAF,americanfootball_ncaaf,e564afb0a5ab84ab43befa56bdb90522,2026-09-03T22:00:00Z,Rutgers Scarlet Knights,UMass Minutemen,betmgm,BetMGM,2026-07-19T12:01:15Z,spreads,2026-07-19T12:01:15Z,UMass Minutemen,-110,30.5,20260719120152693564
NCAAF,americanfootball_ncaaf,e564afb0a5ab84ab43befa56bdb90522,2026-09-03T22:00:00Z,Rutgers Scarlet Knights,UMass Minutemen,betmgm,BetMGM,2026-07-19T12:01:15Z,totals,2026-07-19T12:01:15Z,Over,-110,54.5,20260719120152693564
NCAAF,americanfootball_ncaaf,e564afb0a5ab84ab43befa56bdb90522,2026-09-03T22:00:00Z,Rutgers Scarlet Knights,UMass Minutemen,betmgm,BetMGM,2026-07-19T12:01:15Z,totals,2026-07-19T12:01:15Z,Under,-110,54.5,20260719120152693564
NCAAF,americanfootball_ncaaf,e564afb0a5ab84ab43befa56bdb90522,2026-09-03T22:00:00Z,Rutgers Scarlet Knights,UMass Minutemen,betrivers,BetRivers,2026-07-19T12:01:15Z,spreads,2026-07-19T12:01:15Z,Rutgers Scarlet Knights,-115,-30.5,20260719120152693564
NCAAF,americanfootball_ncaaf,e564afb0a5ab84ab43befa56bdb90522,2026-09-03T22:00:00Z,Rutgers Scarlet Knights,UMass Minutemen,betrivers,BetRivers,2026-07-19T12:01:15Z,spreads,2026-07-19T12:01:15Z,UMass Minutemen,-107,30.5,20260719120152693564
NCAAF,americanfootball_ncaaf,e564afb0a5ab84ab43befa56bdb90522,2026-09-03T22:00:00Z,Rutgers Scarlet Knights,UMass Minutemen,betrivers,BetRivers,2026-07-19T12:01:15Z,totals,2026-07-19T12:01:15Z,Over,-110,55.5,20260719120152693564
NCAAF,americanfootball_ncaaf,e564afb0a5ab84ab43befa56bdb90522,2026-09-03T22:00:00Z,Rutgers Scarlet Knights,UMass Minutemen,betrivers,BetRivers,2026-07-19T12:01:15Z,totals,2026-07-19T12:01:15Z,Under,-113,55.5,20260719120152693564
NCAAF,americanfootball_ncaaf,e564afb0a5ab84ab43befa56bdb90522,2026-09-03T22:00:00Z,Rutgers Scarlet Knights,UMass Minutemen,mybookieag,MyBookie.ag,2026-07-19T12:01:39Z,totals,2026-07-19T12:01:39Z,Over,-110,54.5,20260719120152693564
NCAAF,americanfootball_ncaaf,e564afb0a5ab84ab43befa56bdb90522,2026-09-03T22:00:00Z,Rutgers Scarlet Knights,UMass Minutemen,mybookieag,MyBookie.ag,2026-07-19T12:01:39Z,totals,2026-07-19T12:01:39Z,Under,-110,54.5,20260719120152693564
NCAAF,americanfootball_ncaaf,f089e3d943a34a9c4fe1808568b96529,2026-09-03T23:00:00Z,Wake Forest Demon Deacons,Akron Zips,draftkings,DraftKings,2026-07-19T12:01:13Z,h2h,2026-07-19T12:01:13Z,Akron Zips,1200,,20260719120152693564
NCAAF,americanfootball_ncaaf,f089e3d943a34a9c4fe1808568b96529,2026-09-03T23:00:00Z,Wake Forest Demon Deacons,Akron Zips,draftkings,DraftKings,2026-07-19T12:01:13Z,h2h,2026-07-19T12:01:13Z,Wake Forest Demon Deacons,-2400,,20260719120152693564
NCAAF,americanfootball_ncaaf,f089e3d943a34a9c4fe1808568b96529,2026-09-03T23:00:00Z,Wake Forest Demon Deacons,Akron Zips,draftkings,DraftKings,2026-07-19T12:01:13Z,spreads,2026-07-19T12:01:13Z,Akron Zips,-112,22.5,20260719120152693564
NCAAF,americanfootball_ncaaf,f089e3d943a34a9c4fe1808568b96529,2026-09-03T23:00:00Z,Wake Forest Demon Deacons,Akron Zips,draftkings,DraftKings,2026-07-19T12:01:13Z,spreads,2026-07-19T12:01:13Z,Wake Forest Demon Deacons,-108,-22.5,20260719120152693564
NCAAF,americanfootball_ncaaf,f089e3d943a34a9c4fe1808568b96529,2026-09-03T23:00:00Z,Wake Forest Demon Deacons,Akron Zips,draftkings,DraftKings,2026-07-19T12:01:13Z,totals,2026-07-19T12:01:13Z,Over,-115,49.5,20260719120152693564
NCAAF,americanfootball_ncaaf,f089e3d943a34a9c4fe1808568b96529,2026-09-03T23:00:00Z,Wake Forest Demon Deacons,Akron Zips,draftkings,DraftKings,2026-07-19T12:01:13Z,totals,2026-07-19T12:01:13Z,Under,-105,49.5,20260719120152693564
NCAAF,americanfootball_ncaaf,f089e3d943a34a9c4fe1808568b96529,2026-09-03T23:00:00Z,Wake Forest Demon Deacons,Akron Zips,betonlineag,BetOnline.ag,2026-07-19T12:01:41Z,spreads,2026-07-19T12:01:41Z,Akron Zips,-110,22.5,20260719120152693564
NCAAF,americanfootball_ncaaf,f089e3d943a34a9c4fe1808568b96529,2026-09-03T23:00:00Z,Wake Forest Demon Deacons,Akron Zips,betonlineag,BetOnline.ag,2026-07-19T12:01:41Z,spreads,2026-07-19T12:01:41Z,Wake Forest Demon Deacons,-110,-22.5,20260719120152693564
NCAAF,americanfootball_ncaaf,f089e3d943a34a9c4fe1808568b96529,2026-09-03T23:00:00Z,Wake Forest Demon Deacons,Akron Zips,betonlineag,BetOnline.ag,2026-07-19T12:01:41Z,totals,2026-07-19T12:01:41Z,Over,-115,49.5,20260719120152693564
NCAAF,americanfootball_ncaaf,f089e3d943a34a9c4fe1808568b96529,2026-09-03T23:00:00Z,Wake Forest Demon Deacons,Akron Zips,betonlineag,BetOnline.ag,2026-07-19T12:01:41Z,totals,2026-07-19T12:01:41Z,Under,-105,49.5,20260719120152693564
NCAAF,americanfootball_ncaaf,f089e3d943a34a9c4fe1808568b96529,2026-09-03T23:00:00Z,Wake Forest Demon Deacons,Akron Zips,lowvig,LowVig.ag,2026-07-19T12:00:52Z,spreads,2026-07-19T12:00:52Z,Akron Zips,-106,22.5,20260719120152693564
NCAAF,americanfootball_ncaaf,f089e3d943a34a9c4fe1808568b96529,2026-09-03T23:00:00Z,Wake Forest Demon Deacons,Akron Zips,lowvig,LowVig.ag,2026-07-19T12:00:52Z,spreads,2026-07-19T12:00:52Z,Wake Forest Demon Deacons,-106,-22.5,20260719120152693564
NCAAF,americanfootball_ncaaf,f089e3d943a34a9c4fe1808568b96529,2026-09-03T23:00:00Z,Wake Forest Demon Deacons,Akron Zips,lowvig,LowVig.ag,2026-07-19T12:00:52Z,totals,2026-07-19T12:00:52Z,Over,-114,49.5,20260719120152693564
NCAAF,americanfootball_ncaaf,f089e3d943a34a9c4fe1808568b96529,2026-09-03T23:00:00Z,Wake Forest Demon Deacons,Akron Zips,lowvig,LowVig.ag,2026-07-19T12:00:52Z,totals,2026-07-19T12:00:52Z,Under,-103,49.5,20260719120152693564
NCAAF,americanfootball_ncaaf,f089e3d943a34a9c4fe1808568b96529,2026-09-03T23:00:00Z,Wake Forest Demon Deacons,Akron Zips,betus,BetUS,2026-07-19T12:01:14Z,spreads,2026-07-19T12:01:14Z,Akron Zips,-110,22.5,20260719120152693564
NCAAF,americanfootball_ncaaf,f089e3d943a34a9c4fe1808568b96529,2026-09-03T23:00:00Z,Wake Forest Demon Deacons,Akron Zips,betus,BetUS,2026-07-19T12:01:14Z,spreads,2026-07-19T12:01:14Z,Wake Forest Demon Deacons,-110,-22.5,20260719120152693564
NCAAF,americanfootball_ncaaf,f089e3d943a34a9c4fe1808568b96529,2026-09-03T23:00:00Z,Wake Forest Demon Deacons,Akron Zips,betus,BetUS,2026-07-19T12:01:14Z,totals,2026-07-19T12:01:14Z,Over,-110,49.5,20260719120152693564
NCAAF,americanfootball_ncaaf,f089e3d943a34a9c4fe1808568b96529,2026-09-03T23:00:00Z,Wake Forest Demon Deacons,Akron Zips,betus,BetUS,2026-07-19T12:01:14Z,totals,2026-07-19T12:01:14Z,Under,-110,49.5,20260719120152693564
NCAAF,americanfootball_ncaaf,f089e3d943a34a9c4fe1808568b96529,2026-09-03T23:00:00Z,Wake Forest Demon Deacons,Akron Zips,bovada,Bovada,2026-07-19T12:01:41Z,h2h,2026-07-19T12:01:41Z,Akron Zips,1100,,20260719120152693564
NCAAF,americanfootball_ncaaf,f089e3d943a34a9c4fe1808568b96529,2026-09-03T23:00:00Z,Wake Forest Demon Deacons,Akron Zips,bovada,Bovada,2026-07-19T12:01:41Z,h2h,2026-07-19T12:01:41Z,Wake Forest Demon Deacons,-3500,,20260719120152693564
NCAAF,americanfootball_ncaaf,f089e3d943a34a9c4fe1808568b96529,2026-09-03T23:00:00Z,Wake Forest Demon Deacons,Akron Zips,bovada,Bovada,2026-07-19T12:01:41Z,spreads,2026-07-19T12:01:41Z,Akron Zips,-110,22.5,20260719120152693564
NCAAF,americanfootball_ncaaf,f089e3d943a34a9c4fe1808568b96529,2026-09-03T23:00:00Z,Wake Forest Demon Deacons,Akron Zips,bovada,Bovada,2026-07-19T12:01:41Z,spreads,2026-07-19T12:01:41Z,Wake Forest Demon Deacons,-110,-22.5,20260719120152693564
NCAAF,americanfootball_ncaaf,f089e3d943a34a9c4fe1808568b96529,2026-09-03T23:00:00Z,Wake Forest Demon Deacons,Akron Zips,bovada,Bovada,2026-07-19T12:01:41Z,totals,2026-07-19T12:01:41Z,Over,-115,49.5,20260719120152693564
NCAAF,americanfootball_ncaaf,f089e3d943a34a9c4fe1808568b96529,2026-09-03T23:00:00Z,Wake Forest Demon Deacons,Akron Zips,bovada,Bovada,2026-07-19T12:01:41Z,totals,2026-07-19T12:01:41Z,Under,-105,49.5,20260719120152693564
NCAAF,americanfootball_ncaaf,f089e3d943a34a9c4fe1808568b96529,2026-09-03T23:00:00Z,Wake Forest Demon Deacons,Akron Zips,fanduel,FanDuel,2026-07-19T12:01:38Z,h2h,2026-07-19T12:01:38Z,Akron Zips,1280,,20260719120152693564
NCAAF,americanfootball_ncaaf,f089e3d943a34a9c4fe1808568b96529,2026-09-03T23:00:00Z,Wake Forest Demon Deacons,Akron Zips,fanduel,FanDuel,2026-07-19T12:01:38Z,h2h,2026-07-19T12:01:38Z,Wake Forest Demon Deacons,-3500,,20260719120152693564
NCAAF,americanfootball_ncaaf,f089e3d943a34a9c4fe1808568b96529,2026-09-03T23:00:00Z,Wake Forest Demon Deacons,Akron Zips,fanduel,FanDuel,2026-07-19T12:01:38Z,spreads,2026-07-19T12:01:38Z,Akron Zips,-105,22.5,20260719120152693564
NCAAF,americanfootball_ncaaf,f089e3d943a34a9c4fe1808568b96529,2026-09-03T23:00:00Z,Wake Forest Demon Deacons,Akron Zips,fanduel,FanDuel,2026-07-19T12:01:38Z,spreads,2026-07-19T12:01:38Z,Wake Forest Demon Deacons,-115,-22.5,20260719120152693564
NCAAF,americanfootball_ncaaf,f089e3d943a34a9c4fe1808568b96529,2026-09-03T23:00:00Z,Wake Forest Demon Deacons,Akron Zips,fanduel,FanDuel,2026-07-19T12:01:38Z,totals,2026-07-19T12:01:38Z,Over,-115,49.5,20260719120152693564
NCAAF,americanfootball_ncaaf,f089e3d943a34a9c4fe1808568b96529,2026-09-03T23:00:00Z,Wake Forest Demon Deacons,Akron Zips,fanduel,FanDuel,2026-07-19T12:01:38Z,totals,2026-07-19T12:01:38Z,Under,-105,49.5,20260719120152693564
NCAAF,americanfootball_ncaaf,f089e3d943a34a9c4fe1808568b96529,2026-09-03T23:00:00Z,Wake Forest Demon Deacons,Akron Zips,betmgm,BetMGM,2026-07-19T12:01:15Z,spreads,2026-07-19T12:01:15Z,Akron Zips,-110,22.5,20260719120152693564
NCAAF,americanfootball_ncaaf,f089e3d943a34a9c4fe1808568b96529,2026-09-03T23:00:00Z,Wake Forest Demon Deacons,Akron Zips,betmgm,BetMGM,2026-07-19T12:01:15Z,spreads,2026-07-19T12:01:15Z,Wake Forest Demon Deacons,-110,-22.5,20260719120152693564
NCAAF,americanfootball_ncaaf,f089e3d943a34a9c4fe1808568b96529,2026-09-03T23:00:00Z,Wake Forest Demon Deacons,Akron Zips,betmgm,BetMGM,2026-07-19T12:01:15Z,totals,2026-07-19T12:01:15Z,Over,-115,49.5,20260719120152693564
NCAAF,americanfootball_ncaaf,f089e3d943a34a9c4fe1808568b96529,2026-09-03T23:00:00Z,Wake Forest Demon Deacons,Akron Zips,betmgm,BetMGM,2026-07-19T12:01:15Z,totals,2026-07-19T12:01:15Z,Under,-105,49.5,20260719120152693564
NCAAF,americanfootball_ncaaf,f089e3d943a34a9c4fe1808568b96529,2026-09-03T23:00:00Z,Wake Forest Demon Deacons,Akron Zips,betrivers,BetRivers,2026-07-19T12:01:15Z,spreads,2026-07-19T12:01:15Z,Akron Zips,-113,22.5,20260719120152693564
NCAAF,americanfootball_ncaaf,f089e3d943a34a9c4fe1808568b96529,2026-09-03T23:00:00Z,Wake Forest Demon Deacons,Akron Zips,betrivers,BetRivers,2026-07-19T12:01:15Z,spreads,2026-07-19T12:01:15Z,Wake Forest Demon Deacons,-110,-22.5,20260719120152693564
NCAAF,americanfootball_ncaaf,f089e3d943a34a9c4fe1808568b96529,2026-09-03T23:00:00Z,Wake Forest Demon Deacons,Akron Zips,betrivers,BetRivers,2026-07-19T12:01:15Z,totals,2026-07-19T12:01:15Z,Over,-109,49.5,20260719120152693564
NCAAF,americanfootball_ncaaf,f089e3d943a34a9c4fe1808568b96529,2026-09-03T23:00:00Z,Wake Forest Demon Deacons,Akron Zips,betrivers,BetRivers,2026-07-19T12:01:15Z,totals,2026-07-19T12:01:15Z,Under,-114,49.5,20260719120152693564
NCAAF,americanfootball_ncaaf,f089e3d943a34a9c4fe1808568b96529,2026-09-03T23:00:00Z,Wake Forest Demon Deacons,Akron Zips,mybookieag,MyBookie.ag,2026-07-19T12:01:39Z,h2h,2026-07-19T12:01:39Z,Akron Zips,950,,20260719120152693564
NCAAF,americanfootball_ncaaf,f089e3d943a34a9c4fe1808568b96529,2026-09-03T23:00:00Z,Wake Forest Demon Deacons,Akron Zips,mybookieag,MyBookie.ag,2026-07-19T12:01:39Z,h2h,2026-07-19T12:01:39Z,Wake Forest Demon Deacons,-2500,,20260719120152693564
NCAAF,americanfootball_ncaaf,f089e3d943a34a9c4fe1808568b96529,2026-09-03T23:00:00Z,Wake Forest Demon Deacons,Akron Zips,mybookieag,MyBookie.ag,2026-07-19T12:01:39Z,spreads,2026-07-19T12:01:39Z,Akron Zips,-110,22.5,20260719120152693564
NCAAF,americanfootball_ncaaf,f089e3d943a34a9c4fe1808568b96529,2026-09-03T23:00:00Z,Wake Forest Demon Deacons,Akron Zips,mybookieag,MyBookie.ag,2026-07-19T12:01:39Z,spreads,2026-07-19T12:01:39Z,Wake Forest Demon Deacons,-110,-22.5,20260719120152693564
NCAAF,americanfootball_ncaaf,f089e3d943a34a9c4fe1808568b96529,2026-09-03T23:00:00Z,Wake Forest Demon Deacons,Akron Zips,mybookieag,MyBookie.ag,2026-07-19T12:01:39Z,totals,2026-07-19T12:01:39Z,Over,-110,49.5,20260719120152693564
NCAAF,americanfootball_ncaaf,f089e3d943a34a9c4fe1808568b96529,2026-09-03T23:00:00Z,Wake Forest Demon Deacons,Akron Zips,mybookieag,MyBookie.ag,2026-07-19T12:01:39Z,totals,2026-07-19T12:01:39Z,Under,-110,49.5,20260719120152693564
NCAAF,americanfootball_ncaaf,1d6daad1c93bf7e5ae16be1db12e27d5,2026-09-04T00:00:00Z,Georgia Tech Yellow Jackets,Colorado Buffaloes,draftkings,DraftKings,2026-07-19T12:01:13Z,h2h,2026-07-19T12:01:13Z,Colorado Buffaloes,220,,20260719120152693564
NCAAF,americanfootball_ncaaf,1d6daad1c93bf7e5ae16be1db12e27d5,2026-09-04T00:00:00Z,Georgia Tech Yellow Jackets,Colorado Buffaloes,draftkings,DraftKings,2026-07-19T12:01:13Z,h2h,2026-07-19T12:01:13Z,Georgia Tech Yellow Jackets,-270,,20260719120152693564
NCAAF,americanfootball_ncaaf,1d6daad1c93bf7e5ae16be1db12e27d5,2026-09-04T00:00:00Z,Georgia Tech Yellow Jackets,Colorado Buffaloes,draftkings,DraftKings,2026-07-19T12:01:13Z,spreads,2026-07-19T12:01:13Z,Colorado Buffaloes,-110,7.5,20260719120152693564
NCAAF,americanfootball_ncaaf,1d6daad1c93bf7e5ae16be1db12e27d5,2026-09-04T00:00:00Z,Georgia Tech Yellow Jackets,Colorado Buffaloes,draftkings,DraftKings,2026-07-19T12:01:13Z,spreads,2026-07-19T12:01:13Z,Georgia Tech Yellow Jackets,-110,-7.5,20260719120152693564
NCAAF,americanfootball_ncaaf,1d6daad1c93bf7e5ae16be1db12e27d5,2026-09-04T00:00:00Z,Georgia Tech Yellow Jackets,Colorado Buffaloes,draftkings,DraftKings,2026-07-19T12:01:13Z,totals,2026-07-19T12:01:13Z,Over,-105,51.5,20260719120152693564
NCAAF,americanfootball_ncaaf,1d6daad1c93bf7e5ae16be1db12e27d5,2026-09-04T00:00:00Z,Georgia Tech Yellow Jackets,Colorado Buffaloes,draftkings,DraftKings,2026-07-19T12:01:13Z,totals,2026-07-19T12:01:13Z,Under,-115,51.5,20260719120152693564
NCAAF,americanfootball_ncaaf,1d6daad1c93bf7e5ae16be1db12e27d5,2026-09-04T00:00:00Z,Georgia Tech Yellow Jackets,Colorado Buffaloes,betonlineag,BetOnline.ag,2026-07-19T12:01:41Z,spreads,2026-07-19T12:01:41Z,Colorado Buffaloes,-110,7.0,20260719120152693564
NCAAF,americanfootball_ncaaf,1d6daad1c93bf7e5ae16be1db12e27d5,2026-09-04T00:00:00Z,Georgia Tech Yellow Jackets,Colorado Buffaloes,betonlineag,BetOnline.ag,2026-07-19T12:01:41Z,spreads,2026-07-19T12:01:41Z,Georgia Tech Yellow Jackets,-110,-7.0,20260719120152693564
NCAAF,americanfootball_ncaaf,1d6daad1c93bf7e5ae16be1db12e27d5,2026-09-04T00:00:00Z,Georgia Tech Yellow Jackets,Colorado Buffaloes,betonlineag,BetOnline.ag,2026-07-19T12:01:41Z,totals,2026-07-19T12:01:41Z,Over,-110,51.5,20260719120152693564
NCAAF,americanfootball_ncaaf,1d6daad1c93bf7e5ae16be1db12e27d5,2026-09-04T00:00:00Z,Georgia Tech Yellow Jackets,Colorado Buffaloes,betonlineag,BetOnline.ag,2026-07-19T12:01:41Z,totals,2026-07-19T12:01:41Z,Under,-110,51.5,20260719120152693564
NCAAF,americanfootball_ncaaf,1d6daad1c93bf7e5ae16be1db12e27d5,2026-09-04T00:00:00Z,Georgia Tech Yellow Jackets,Colorado Buffaloes,lowvig,LowVig.ag,2026-07-19T12:00:52Z,spreads,2026-07-19T12:00:52Z,Colorado Buffaloes,-106,7.0,20260719120152693564
NCAAF,americanfootball_ncaaf,1d6daad1c93bf7e5ae16be1db12e27d5,2026-09-04T00:00:00Z,Georgia Tech Yellow Jackets,Colorado Buffaloes,lowvig,LowVig.ag,2026-07-19T12:00:52Z,spreads,2026-07-19T12:00:52Z,Georgia Tech Yellow Jackets,-106,-7.0,20260719120152693564
NCAAF,americanfootball_ncaaf,1d6daad1c93bf7e5ae16be1db12e27d5,2026-09-04T00:00:00Z,Georgia Tech Yellow Jackets,Colorado Buffaloes,lowvig,LowVig.ag,2026-07-19T12:00:52Z,totals,2026-07-19T12:00:52Z,Over,-108,51.5,20260719120152693564
NCAAF,americanfootball_ncaaf,1d6daad1c93bf7e5ae16be1db12e27d5,2026-09-04T00:00:00Z,Georgia Tech Yellow Jackets,Colorado Buffaloes,lowvig,LowVig.ag,2026-07-19T12:00:52Z,totals,2026-07-19T12:00:52Z,Under,-108,51.5,20260719120152693564
NCAAF,americanfootball_ncaaf,1d6daad1c93bf7e5ae16be1db12e27d5,2026-09-04T00:00:00Z,Georgia Tech Yellow Jackets,Colorado Buffaloes,betus,BetUS,2026-07-19T12:01:14Z,spreads,2026-07-19T12:01:14Z,Colorado Buffaloes,-110,7.0,20260719120152693564
NCAAF,americanfootball_ncaaf,1d6daad1c93bf7e5ae16be1db12e27d5,2026-09-04T00:00:00Z,Georgia Tech Yellow Jackets,Colorado Buffaloes,betus,BetUS,2026-07-19T12:01:14Z,spreads,2026-07-19T12:01:14Z,Georgia Tech Yellow Jackets,-110,-7.0,20260719120152693564
NCAAF,americanfootball_ncaaf,1d6daad1c93bf7e5ae16be1db12e27d5,2026-09-04T00:00:00Z,Georgia Tech Yellow Jackets,Colorado Buffaloes,betus,BetUS,2026-07-19T12:01:14Z,totals,2026-07-19T12:01:14Z,Over,-110,51.5,20260719120152693564
NCAAF,americanfootball_ncaaf,1d6daad1c93bf7e5ae16be1db12e27d5,2026-09-04T00:00:00Z,Georgia Tech Yellow Jackets,Colorado Buffaloes,betus,BetUS,2026-07-19T12:01:14Z,totals,2026-07-19T12:01:14Z,Under,-110,51.5,20260719120152693564
NCAAF,americanfootball_ncaaf,1d6daad1c93bf7e5ae16be1db12e27d5,2026-09-04T00:00:00Z,Georgia Tech Yellow Jackets,Colorado Buffaloes,bovada,Bovada,2026-07-19T12:01:41Z,h2h,2026-07-19T12:01:41Z,Colorado Buffaloes,220,,20260719120152693564
NCAAF,americanfootball_ncaaf,1d6daad1c93bf7e5ae16be1db12e27d5,2026-09-04T00:00:00Z,Georgia Tech Yellow Jackets,Colorado Buffaloes,bovada,Bovada,2026-07-19T12:01:41Z,h2h,2026-07-19T12:01:41Z,Georgia Tech Yellow Jackets,-270,,20260719120152693564
NCAAF,americanfootball_ncaaf,1d6daad1c93bf7e5ae16be1db12e27d5,2026-09-04T00:00:00Z,Georgia Tech Yellow Jackets,Colorado Buffaloes,bovada,Bovada,2026-07-19T12:01:41Z,spreads,2026-07-19T12:01:41Z,Colorado Buffaloes,-110,7.5,20260719120152693564
NCAAF,americanfootball_ncaaf,1d6daad1c93bf7e5ae16be1db12e27d5,2026-09-04T00:00:00Z,Georgia Tech Yellow Jackets,Colorado Buffaloes,bovada,Bovada,2026-07-19T12:01:41Z,spreads,2026-07-19T12:01:41Z,Georgia Tech Yellow Jackets,-110,-7.5,20260719120152693564
NCAAF,americanfootball_ncaaf,1d6daad1c93bf7e5ae16be1db12e27d5,2026-09-04T00:00:00Z,Georgia Tech Yellow Jackets,Colorado Buffaloes,bovada,Bovada,2026-07-19T12:01:41Z,totals,2026-07-19T12:01:41Z,Over,-105,51.5,20260719120152693564
NCAAF,americanfootball_ncaaf,1d6daad1c93bf7e5ae16be1db12e27d5,2026-09-04T00:00:00Z,Georgia Tech Yellow Jackets,Colorado Buffaloes,bovada,Bovada,2026-07-19T12:01:41Z,totals,2026-07-19T12:01:41Z,Under,-115,51.5,20260719120152693564
NCAAF,americanfootball_ncaaf,1d6daad1c93bf7e5ae16be1db12e27d5,2026-09-04T00:00:00Z,Georgia Tech Yellow Jackets,Colorado Buffaloes,fanduel,FanDuel,2026-07-19T12:01:38Z,h2h,2026-07-19T12:01:38Z,Colorado Buffaloes,225,,20260719120152693564
NCAAF,americanfootball_ncaaf,1d6daad1c93bf7e5ae16be1db12e27d5,2026-09-04T00:00:00Z,Georgia Tech Yellow Jackets,Colorado Buffaloes,fanduel,FanDuel,2026-07-19T12:01:38Z,h2h,2026-07-19T12:01:38Z,Georgia Tech Yellow Jackets,-280,,20260719120152693564
NCAAF,americanfootball_ncaaf,1d6daad1c93bf7e5ae16be1db12e27d5,2026-09-04T00:00:00Z,Georgia Tech Yellow Jackets,Colorado Buffaloes,fanduel,FanDuel,2026-07-19T12:01:38Z,spreads,2026-07-19T12:01:38Z,Colorado Buffaloes,-120,7.5,20260719120152693564
NCAAF,americanfootball_ncaaf,1d6daad1c93bf7e5ae16be1db12e27d5,2026-09-04T00:00:00Z,Georgia Tech Yellow Jackets,Colorado Buffaloes,fanduel,FanDuel,2026-07-19T12:01:38Z,spreads,2026-07-19T12:01:38Z,Georgia Tech Yellow Jackets,-102,-7.5,20260719120152693564
NCAAF,americanfootball_ncaaf,1d6daad1c93bf7e5ae16be1db12e27d5,2026-09-04T00:00:00Z,Georgia Tech Yellow Jackets,Colorado Buffaloes,fanduel,FanDuel,2026-07-19T12:01:38Z,totals,2026-07-19T12:01:38Z,Over,-110,51.5,20260719120152693564
NCAAF,americanfootball_ncaaf,1d6daad1c93bf7e5ae16be1db12e27d5,2026-09-04T00:00:00Z,Georgia Tech Yellow Jackets,Colorado Buffaloes,fanduel,FanDuel,2026-07-19T12:01:38Z,totals,2026-07-19T12:01:38Z,Under,-110,51.5,20260719120152693564
NCAAF,americanfootball_ncaaf,1d6daad1c93bf7e5ae16be1db12e27d5,2026-09-04T00:00:00Z,Georgia Tech Yellow Jackets,Colorado Buffaloes,betmgm,BetMGM,2026-07-19T12:01:15Z,spreads,2026-07-19T12:01:15Z,Colorado Buffaloes,-120,7.5,20260719120152693564
NCAAF,americanfootball_ncaaf,1d6daad1c93bf7e5ae16be1db12e27d5,2026-09-04T00:00:00Z,Georgia Tech Yellow Jackets,Colorado Buffaloes,betmgm,BetMGM,2026-07-19T12:01:15Z,spreads,2026-07-19T12:01:15Z,Georgia Tech Yellow Jackets,100,-7.5,20260719120152693564
NCAAF,americanfootball_ncaaf,1d6daad1c93bf7e5ae16be1db12e27d5,2026-09-04T00:00:00Z,Georgia Tech Yellow Jackets,Colorado Buffaloes,betmgm,BetMGM,2026-07-19T12:01:15Z,totals,2026-07-19T12:01:15Z,Over,-110,51.5,20260719120152693564
NCAAF,americanfootball_ncaaf,1d6daad1c93bf7e5ae16be1db12e27d5,2026-09-04T00:00:00Z,Georgia Tech Yellow Jackets,Colorado Buffaloes,betmgm,BetMGM,2026-07-19T12:01:15Z,totals,2026-07-19T12:01:15Z,Under,-110,51.5,20260719120152693564
NCAAF,americanfootball_ncaaf,1d6daad1c93bf7e5ae16be1db12e27d5,2026-09-04T00:00:00Z,Georgia Tech Yellow Jackets,Colorado Buffaloes,betrivers,BetRivers,2026-07-19T12:01:15Z,h2h,2026-07-19T12:01:15Z,Colorado Buffaloes,195,,20260719120152693564
NCAAF,americanfootball_ncaaf,1d6daad1c93bf7e5ae16be1db12e27d5,2026-09-04T00:00:00Z,Georgia Tech Yellow Jackets,Colorado Buffaloes,betrivers,BetRivers,2026-07-19T12:01:15Z,h2h,2026-07-19T12:01:15Z,Georgia Tech Yellow Jackets,-275,,20260719120152693564
NCAAF,americanfootball_ncaaf,1d6daad1c93bf7e5ae16be1db12e27d5,2026-09-04T00:00:00Z,Georgia Tech Yellow Jackets,Colorado Buffaloes,betrivers,BetRivers,2026-07-19T12:01:15Z,spreads,2026-07-19T12:01:15Z,Colorado Buffaloes,-114,7.5,20260719120152693564
NCAAF,americanfootball_ncaaf,1d6daad1c93bf7e5ae16be1db12e27d5,2026-09-04T00:00:00Z,Georgia Tech Yellow Jackets,Colorado Buffaloes,betrivers,BetRivers,2026-07-19T12:01:15Z,spreads,2026-07-19T12:01:15Z,Georgia Tech Yellow Jackets,-109,-7.5,20260719120152693564
NCAAF,americanfootball_ncaaf,1d6daad1c93bf7e5ae16be1db12e27d5,2026-09-04T00:00:00Z,Georgia Tech Yellow Jackets,Colorado Buffaloes,betrivers,BetRivers,2026-07-19T12:01:15Z,totals,2026-07-19T12:01:15Z,Over,-113,51.5,20260719120152693564
NCAAF,americanfootball_ncaaf,1d6daad1c93bf7e5ae16be1db12e27d5,2026-09-04T00:00:00Z,Georgia Tech Yellow Jackets,Colorado Buffaloes,betrivers,BetRivers,2026-07-19T12:01:15Z,totals,2026-07-19T12:01:15Z,Under,-110,51.5,20260719120152693564
NCAAF,americanfootball_ncaaf,1d6daad1c93bf7e5ae16be1db12e27d5,2026-09-04T00:00:00Z,Georgia Tech Yellow Jackets,Colorado Buffaloes,mybookieag,MyBookie.ag,2026-07-19T12:01:39Z,h2h,2026-07-19T12:01:38Z,Colorado Buffaloes,244,,20260719120152693564
NCAAF,americanfootball_ncaaf,1d6daad1c93bf7e5ae16be1db12e27d5,2026-09-04T00:00:00Z,Georgia Tech Yellow Jackets,Colorado Buffaloes,mybookieag,MyBookie.ag,2026-07-19T12:01:39Z,h2h,2026-07-19T12:01:38Z,Georgia Tech Yellow Jackets,-330,,20260719120152693564
NCAAF,americanfootball_ncaaf,1d6daad1c93bf7e5ae16be1db12e27d5,2026-09-04T00:00:00Z,Georgia Tech Yellow Jackets,Colorado Buffaloes,mybookieag,MyBookie.ag,2026-07-19T12:01:39Z,spreads,2026-07-19T12:01:38Z,Colorado Buffaloes,-110,7.5,20260719120152693564
NCAAF,americanfootball_ncaaf,1d6daad1c93bf7e5ae16be1db12e27d5,2026-09-04T00:00:00Z,Georgia Tech Yellow Jackets,Colorado Buffaloes,mybookieag,MyBookie.ag,2026-07-19T12:01:39Z,spreads,2026-07-19T12:01:38Z,Georgia Tech Yellow Jackets,-110,-7.5,20260719120152693564
NCAAF,americanfootball_ncaaf,1d6daad1c93bf7e5ae16be1db12e27d5,2026-09-04T00:00:00Z,Georgia Tech Yellow Jackets,Colorado Buffaloes,mybookieag,MyBookie.ag,2026-07-19T12:01:39Z,totals,2026-07-19T12:01:38Z,Over,-110,51.5,20260719120152693564
NCAAF,americanfootball_ncaaf,1d6daad1c93bf7e5ae16be1db12e27d5,2026-09-04T00:00:00Z,Georgia Tech Yellow Jackets,Colorado Buffaloes,mybookieag,MyBookie.ag,2026-07-19T12:01:39Z,totals,2026-07-19T12:01:38Z,Under,-110,51.5,20260719120152693564
NCAAF,americanfootball_ncaaf,1697069330d0343bdf7930ac0b0c3863,2026-09-04T01:00:00Z,Illinois Fighting Illini,UAB Blazers,draftkings,DraftKings,2026-07-19T12:01:13Z,spreads,2026-07-19T12:01:13Z,Illinois Fighting Illini,-112,-27.5,20260719120152693564
NCAAF,americanfootball_ncaaf,1697069330d0343bdf7930ac0b0c3863,2026-09-04T01:00:00Z,Illinois Fighting Illini,UAB Blazers,draftkings,DraftKings,2026-07-19T12:01:13Z,spreads,2026-07-19T12:01:13Z,UAB Blazers,-108,27.5,20260719120152693564
NCAAF,americanfootball_ncaaf,1697069330d0343bdf7930ac0b0c3863,2026-09-04T01:00:00Z,Illinois Fighting Illini,UAB Blazers,draftkings,DraftKings,2026-07-19T12:01:13Z,totals,2026-07-19T12:01:13Z,Over,-112,56.5,20260719120152693564
NCAAF,americanfootball_ncaaf,1697069330d0343bdf7930ac0b0c3863,2026-09-04T01:00:00Z,Illinois Fighting Illini,UAB Blazers,draftkings,DraftKings,2026-07-19T12:01:13Z,totals,2026-07-19T12:01:13Z,Under,-108,56.5,20260719120152693564
NCAAF,americanfootball_ncaaf,1697069330d0343bdf7930ac0b0c3863,2026-09-04T01:00:00Z,Illinois Fighting Illini,UAB Blazers,betus,BetUS,2026-07-19T12:01:14Z,spreads,2026-07-19T12:01:14Z,Illinois Fighting Illini,-110,-27.5,20260719120152693564
NCAAF,americanfootball_ncaaf,1697069330d0343bdf7930ac0b0c3863,2026-09-04T01:00:00Z,Illinois Fighting Illini,UAB Blazers,betus,BetUS,2026-07-19T12:01:14Z,spreads,2026-07-19T12:01:14Z,UAB Blazers,-110,27.5,20260719120152693564
NCAAF,americanfootball_ncaaf,1697069330d0343bdf7930ac0b0c3863,2026-09-04T01:00:00Z,Illinois Fighting Illini,UAB Blazers,betus,BetUS,2026-07-19T12:01:14Z,totals,2026-07-19T12:01:14Z,Over,-110,56.5,20260719120152693564
NCAAF,americanfootball_ncaaf,1697069330d0343bdf7930ac0b0c3863,2026-09-04T01:00:00Z,Illinois Fighting Illini,UAB Blazers,betus,BetUS,2026-07-19T12:01:14Z,totals,2026-07-19T12:01:14Z,Under,-110,56.5,20260719120152693564
NCAAF,americanfootball_ncaaf,1697069330d0343bdf7930ac0b0c3863,2026-09-04T01:00:00Z,Illinois Fighting Illini,UAB Blazers,betonlineag,BetOnline.ag,2026-07-19T12:01:41Z,spreads,2026-07-19T12:01:41Z,Illinois Fighting Illini,-110,-27.5,20260719120152693564
NCAAF,americanfootball_ncaaf,1697069330d0343bdf7930ac0b0c3863,2026-09-04T01:00:00Z,Illinois Fighting Illini,UAB Blazers,betonlineag,BetOnline.ag,2026-07-19T12:01:41Z,spreads,2026-07-19T12:01:41Z,UAB Blazers,-110,27.5,20260719120152693564
NCAAF,americanfootball_ncaaf,1697069330d0343bdf7930ac0b0c3863,2026-09-04T01:00:00Z,Illinois Fighting Illini,UAB Blazers,betonlineag,BetOnline.ag,2026-07-19T12:01:41Z,totals,2026-07-19T12:01:41Z,Over,-115,56.5,20260719120152693564
NCAAF,americanfootball_ncaaf,1697069330d0343bdf7930ac0b0c3863,2026-09-04T01:00:00Z,Illinois Fighting Illini,UAB Blazers,betonlineag,BetOnline.ag,2026-07-19T12:01:41Z,totals,2026-07-19T12:01:41Z,Under,-105,56.5,20260719120152693564
NCAAF,americanfootball_ncaaf,1697069330d0343bdf7930ac0b0c3863,2026-09-04T01:00:00Z,Illinois Fighting Illini,UAB Blazers,lowvig,LowVig.ag,2026-07-19T12:00:52Z,spreads,2026-07-19T12:00:52Z,Illinois Fighting Illini,-106,-27.5,20260719120152693564
NCAAF,americanfootball_ncaaf,1697069330d0343bdf7930ac0b0c3863,2026-09-04T01:00:00Z,Illinois Fighting Illini,UAB Blazers,lowvig,LowVig.ag,2026-07-19T12:00:52Z,spreads,2026-07-19T12:00:52Z,UAB Blazers,-106,27.5,20260719120152693564
NCAAF,americanfootball_ncaaf,1697069330d0343bdf7930ac0b0c3863,2026-09-04T01:00:00Z,Illinois Fighting Illini,UAB Blazers,lowvig,LowVig.ag,2026-07-19T12:00:52Z,totals,2026-07-19T12:00:52Z,Over,-114,56.5,20260719120152693564
NCAAF,americanfootball_ncaaf,1697069330d0343bdf7930ac0b0c3863,2026-09-04T01:00:00Z,Illinois Fighting Illini,UAB Blazers,lowvig,LowVig.ag,2026-07-19T12:00:52Z,totals,2026-07-19T12:00:52Z,Under,-103,56.5,20260719120152693564
NCAAF,americanfootball_ncaaf,1697069330d0343bdf7930ac0b0c3863,2026-09-04T01:00:00Z,Illinois Fighting Illini,UAB Blazers,fanduel,FanDuel,2026-07-19T12:01:38Z,h2h,2026-07-19T12:01:38Z,Illinois Fighting Illini,-7000,,20260719120152693564
NCAAF,americanfootball_ncaaf,1697069330d0343bdf7930ac0b0c3863,2026-09-04T01:00:00Z,Illinois Fighting Illini,UAB Blazers,fanduel,FanDuel,2026-07-19T12:01:38Z,h2h,2026-07-19T12:01:38Z,UAB Blazers,2000,,20260719120152693564
NCAAF,americanfootball_ncaaf,1697069330d0343bdf7930ac0b0c3863,2026-09-04T01:00:00Z,Illinois Fighting Illini,UAB Blazers,fanduel,FanDuel,2026-07-19T12:01:38Z,spreads,2026-07-19T12:01:38Z,Illinois Fighting Illini,-115,-27.5,20260719120152693564
NCAAF,americanfootball_ncaaf,1697069330d0343bdf7930ac0b0c3863,2026-09-04T01:00:00Z,Illinois Fighting Illini,UAB Blazers,fanduel,FanDuel,2026-07-19T12:01:38Z,spreads,2026-07-19T12:01:38Z,UAB Blazers,-105,27.5,20260719120152693564
NCAAF,americanfootball_ncaaf,1697069330d0343bdf7930ac0b0c3863,2026-09-04T01:00:00Z,Illinois Fighting Illini,UAB Blazers,fanduel,FanDuel,2026-07-19T12:01:38Z,totals,2026-07-19T12:01:38Z,Over,-110,56.5,20260719120152693564
NCAAF,americanfootball_ncaaf,1697069330d0343bdf7930ac0b0c3863,2026-09-04T01:00:00Z,Illinois Fighting Illini,UAB Blazers,fanduel,FanDuel,2026-07-19T12:01:38Z,totals,2026-07-19T12:01:38Z,Under,-110,56.5,20260719120152693564
NCAAF,americanfootball_ncaaf,1697069330d0343bdf7930ac0b0c3863,2026-09-04T01:00:00Z,Illinois Fighting Illini,UAB Blazers,betmgm,BetMGM,2026-07-19T12:01:15Z,spreads,2026-07-19T12:01:15Z,Illinois Fighting Illini,-110,-27.5,20260719120152693564
NCAAF,americanfootball_ncaaf,1697069330d0343bdf7930ac0b0c3863,2026-09-04T01:00:00Z,Illinois Fighting Illini,UAB Blazers,betmgm,BetMGM,2026-07-19T12:01:15Z,spreads,2026-07-19T12:01:15Z,UAB Blazers,-110,27.5,20260719120152693564
NCAAF,americanfootball_ncaaf,1697069330d0343bdf7930ac0b0c3863,2026-09-04T01:00:00Z,Illinois Fighting Illini,UAB Blazers,betmgm,BetMGM,2026-07-19T12:01:15Z,totals,2026-07-19T12:01:15Z,Over,-110,56.5,20260719120152693564
NCAAF,americanfootball_ncaaf,1697069330d0343bdf7930ac0b0c3863,2026-09-04T01:00:00Z,Illinois Fighting Illini,UAB Blazers,betmgm,BetMGM,2026-07-19T12:01:15Z,totals,2026-07-19T12:01:15Z,Under,-110,56.5,20260719120152693564
NCAAF,americanfootball_ncaaf,1697069330d0343bdf7930ac0b0c3863,2026-09-04T01:00:00Z,Illinois Fighting Illini,UAB Blazers,mybookieag,MyBookie.ag,2026-07-19T12:01:39Z,h2h,2026-07-19T12:01:39Z,Illinois Fighting Illini,-10000,,20260719120152693564
NCAAF,americanfootball_ncaaf,1697069330d0343bdf7930ac0b0c3863,2026-09-04T01:00:00Z,Illinois Fighting Illini,UAB Blazers,mybookieag,MyBookie.ag,2026-07-19T12:01:39Z,h2h,2026-07-19T12:01:39Z,UAB Blazers,1350,,20260719120152693564
NCAAF,americanfootball_ncaaf,1697069330d0343bdf7930ac0b0c3863,2026-09-04T01:00:00Z,Illinois Fighting Illini,UAB Blazers,mybookieag,MyBookie.ag,2026-07-19T12:01:39Z,totals,2026-07-19T12:01:39Z,Over,-110,56.5,20260719120152693564
NCAAF,americanfootball_ncaaf,1697069330d0343bdf7930ac0b0c3863,2026-09-04T01:00:00Z,Illinois Fighting Illini,UAB Blazers,mybookieag,MyBookie.ag,2026-07-19T12:01:39Z,totals,2026-07-19T12:01:39Z,Under,-110,56.5,20260719120152693564
NCAAF,americanfootball_ncaaf,1697069330d0343bdf7930ac0b0c3863,2026-09-04T01:00:00Z,Illinois Fighting Illini,UAB Blazers,betrivers,BetRivers,2026-07-19T12:01:15Z,spreads,2026-07-19T12:01:15Z,Illinois Fighting Illini,-113,-27.5,20260719120152693564
NCAAF,americanfootball_ncaaf,1697069330d0343bdf7930ac0b0c3863,2026-09-04T01:00:00Z,Illinois Fighting Illini,UAB Blazers,betrivers,BetRivers,2026-07-19T12:01:15Z,spreads,2026-07-19T12:01:15Z,UAB Blazers,-110,27.5,20260719120152693564
NCAAF,americanfootball_ncaaf,1697069330d0343bdf7930ac0b0c3863,2026-09-04T01:00:00Z,Illinois Fighting Illini,UAB Blazers,betrivers,BetRivers,2026-07-19T12:01:15Z,totals,2026-07-19T12:01:15Z,Over,-112,56.5,20260719120152693564
NCAAF,americanfootball_ncaaf,1697069330d0343bdf7930ac0b0c3863,2026-09-04T01:00:00Z,Illinois Fighting Illini,UAB Blazers,betrivers,BetRivers,2026-07-19T12:01:15Z,totals,2026-07-19T12:01:15Z,Under,-112,56.5,20260719120152693564
NCAAF,americanfootball_ncaaf,1697069330d0343bdf7930ac0b0c3863,2026-09-04T01:00:00Z,Illinois Fighting Illini,UAB Blazers,bovada,Bovada,2026-07-19T12:01:41Z,spreads,2026-07-19T12:01:41Z,Illinois Fighting Illini,-110,-27.5,20260719120152693564
NCAAF,americanfootball_ncaaf,1697069330d0343bdf7930ac0b0c3863,2026-09-04T01:00:00Z,Illinois Fighting Illini,UAB Blazers,bovada,Bovada,2026-07-19T12:01:41Z,spreads,2026-07-19T12:01:41Z,UAB Blazers,-110,27.5,20260719120152693564
NCAAF,americanfootball_ncaaf,1697069330d0343bdf7930ac0b0c3863,2026-09-04T01:00:00Z,Illinois Fighting Illini,UAB Blazers,bovada,Bovada,2026-07-19T12:01:41Z,totals,2026-07-19T12:01:41Z,Over,-110,56.5,20260719120152693564
NCAAF,americanfootball_ncaaf,1697069330d0343bdf7930ac0b0c3863,2026-09-04T01:00:00Z,Illinois Fighting Illini,UAB Blazers,bovada,Bovada,2026-07-19T12:01:41Z,totals,2026-07-19T12:01:41Z,Under,-110,56.5,20260719120152693564
NCAAF,americanfootball_ncaaf,171952045c3039d592807265d36b60d0,2026-09-04T22:30:00Z,Eastern Michigan Eagles,San Jose State Spartans,draftkings,DraftKings,2026-07-19T12:01:13Z,h2h,2026-07-19T12:01:13Z,Eastern Michigan Eagles,-175,,20260719120152693564
NCAAF,americanfootball_ncaaf,171952045c3039d592807265d36b60d0,2026-09-04T22:30:00Z,Eastern Michigan Eagles,San Jose State Spartans,draftkings,DraftKings,2026-07-19T12:01:13Z,h2h,2026-07-19T12:01:13Z,San Jose State Spartans,145,,20260719120152693564
NCAAF,americanfootball_ncaaf,171952045c3039d592807265d36b60d0,2026-09-04T22:30:00Z,Eastern Michigan Eagles,San Jose State Spartans,draftkings,DraftKings,2026-07-19T12:01:13Z,spreads,2026-07-19T12:01:13Z,Eastern Michigan Eagles,-110,-4.0,20260719120152693564
NCAAF,americanfootball_ncaaf,171952045c3039d592807265d36b60d0,2026-09-04T22:30:00Z,Eastern Michigan Eagles,San Jose State Spartans,draftkings,DraftKings,2026-07-19T12:01:13Z,spreads,2026-07-19T12:01:13Z,San Jose State Spartans,-110,4.0,20260719120152693564
NCAAF,americanfootball_ncaaf,171952045c3039d592807265d36b60d0,2026-09-04T22:30:00Z,Eastern Michigan Eagles,San Jose State Spartans,draftkings,DraftKings,2026-07-19T12:01:13Z,totals,2026-07-19T12:01:13Z,Over,-110,53.5,20260719120152693564
NCAAF,americanfootball_ncaaf,171952045c3039d592807265d36b60d0,2026-09-04T22:30:00Z,Eastern Michigan Eagles,San Jose State Spartans,draftkings,DraftKings,2026-07-19T12:01:13Z,totals,2026-07-19T12:01:13Z,Under,-110,53.5,20260719120152693564
NCAAF,americanfootball_ncaaf,171952045c3039d592807265d36b60d0,2026-09-04T22:30:00Z,Eastern Michigan Eagles,San Jose State Spartans,betonlineag,BetOnline.ag,2026-07-19T12:01:41Z,spreads,2026-07-19T12:01:41Z,Eastern Michigan Eagles,-110,-4.5,20260719120152693564
NCAAF,americanfootball_ncaaf,171952045c3039d592807265d36b60d0,2026-09-04T22:30:00Z,Eastern Michigan Eagles,San Jose State Spartans,betonlineag,BetOnline.ag,2026-07-19T12:01:41Z,spreads,2026-07-19T12:01:41Z,San Jose State Spartans,-110,4.5,20260719120152693564
NCAAF,americanfootball_ncaaf,171952045c3039d592807265d36b60d0,2026-09-04T22:30:00Z,Eastern Michigan Eagles,San Jose State Spartans,betonlineag,BetOnline.ag,2026-07-19T12:01:41Z,totals,2026-07-19T12:01:41Z,Over,-110,53.5,20260719120152693564
NCAAF,americanfootball_ncaaf,171952045c3039d592807265d36b60d0,2026-09-04T22:30:00Z,Eastern Michigan Eagles,San Jose State Spartans,betonlineag,BetOnline.ag,2026-07-19T12:01:41Z,totals,2026-07-19T12:01:41Z,Under,-110,53.5,20260719120152693564
NCAAF,americanfootball_ncaaf,171952045c3039d592807265d36b60d0,2026-09-04T22:30:00Z,Eastern Michigan Eagles,San Jose State Spartans,lowvig,LowVig.ag,2026-07-19T12:00:52Z,spreads,2026-07-19T12:00:52Z,Eastern Michigan Eagles,-106,-4.5,20260719120152693564
NCAAF,americanfootball_ncaaf,171952045c3039d592807265d36b60d0,2026-09-04T22:30:00Z,Eastern Michigan Eagles,San Jose State Spartans,lowvig,LowVig.ag,2026-07-19T12:00:52Z,spreads,2026-07-19T12:00:52Z,San Jose State Spartans,-106,4.5,20260719120152693564
NCAAF,americanfootball_ncaaf,171952045c3039d592807265d36b60d0,2026-09-04T22:30:00Z,Eastern Michigan Eagles,San Jose State Spartans,lowvig,LowVig.ag,2026-07-19T12:00:52Z,totals,2026-07-19T12:00:52Z,Over,-108,53.5,20260719120152693564
NCAAF,americanfootball_ncaaf,171952045c3039d592807265d36b60d0,2026-09-04T22:30:00Z,Eastern Michigan Eagles,San Jose State Spartans,lowvig,LowVig.ag,2026-07-19T12:00:52Z,totals,2026-07-19T12:00:52Z,Under,-108,53.5,20260719120152693564
NCAAF,americanfootball_ncaaf,171952045c3039d592807265d36b60d0,2026-09-04T22:30:00Z,Eastern Michigan Eagles,San Jose State Spartans,betus,BetUS,2026-07-19T12:01:14Z,spreads,2026-07-19T12:01:14Z,Eastern Michigan Eagles,-110,-4.5,20260719120152693564
NCAAF,americanfootball_ncaaf,171952045c3039d592807265d36b60d0,2026-09-04T22:30:00Z,Eastern Michigan Eagles,San Jose State Spartans,betus,BetUS,2026-07-19T12:01:14Z,spreads,2026-07-19T12:01:14Z,San Jose State Spartans,-110,4.5,20260719120152693564
NCAAF,americanfootball_ncaaf,171952045c3039d592807265d36b60d0,2026-09-04T22:30:00Z,Eastern Michigan Eagles,San Jose State Spartans,betus,BetUS,2026-07-19T12:01:14Z,totals,2026-07-19T12:01:14Z,Over,-110,53.5,20260719120152693564
NCAAF,americanfootball_ncaaf,171952045c3039d592807265d36b60d0,2026-09-04T22:30:00Z,Eastern Michigan Eagles,San Jose State Spartans,betus,BetUS,2026-07-19T12:01:14Z,totals,2026-07-19T12:01:14Z,Under,-110,53.5,20260719120152693564
NCAAF,americanfootball_ncaaf,171952045c3039d592807265d36b60d0,2026-09-04T22:30:00Z,Eastern Michigan Eagles,San Jose State Spartans,bovada,Bovada,2026-07-19T12:01:41Z,h2h,2026-07-19T12:01:41Z,Eastern Michigan Eagles,-170,,20260719120152693564
NCAAF,americanfootball_ncaaf,171952045c3039d592807265d36b60d0,2026-09-04T22:30:00Z,Eastern Michigan Eagles,San Jose State Spartans,bovada,Bovada,2026-07-19T12:01:41Z,h2h,2026-07-19T12:01:41Z,San Jose State Spartans,145,,20260719120152693564
NCAAF,americanfootball_ncaaf,171952045c3039d592807265d36b60d0,2026-09-04T22:30:00Z,Eastern Michigan Eagles,San Jose State Spartans,bovada,Bovada,2026-07-19T12:01:41Z,spreads,2026-07-19T12:01:41Z,Eastern Michigan Eagles,-110,-4.0,20260719120152693564
NCAAF,americanfootball_ncaaf,171952045c3039d592807265d36b60d0,2026-09-04T22:30:00Z,Eastern Michigan Eagles,San Jose State Spartans,bovada,Bovada,2026-07-19T12:01:41Z,spreads,2026-07-19T12:01:41Z,San Jose State Spartans,-110,4.0,20260719120152693564
NCAAF,americanfootball_ncaaf,171952045c3039d592807265d36b60d0,2026-09-04T22:30:00Z,Eastern Michigan Eagles,San Jose State Spartans,bovada,Bovada,2026-07-19T12:01:41Z,totals,2026-07-19T12:01:41Z,Over,-110,53.5,20260719120152693564
NCAAF,americanfootball_ncaaf,171952045c3039d592807265d36b60d0,2026-09-04T22:30:00Z,Eastern Michigan Eagles,San Jose State Spartans,bovada,Bovada,2026-07-19T12:01:41Z,totals,2026-07-19T12:01:41Z,Under,-110,53.5,20260719120152693564
NCAAF,americanfootball_ncaaf,171952045c3039d592807265d36b60d0,2026-09-04T22:30:00Z,Eastern Michigan Eagles,San Jose State Spartans,fanduel,FanDuel,2026-07-19T12:01:38Z,h2h,2026-07-19T12:01:38Z,Eastern Michigan Eagles,-192,,20260719120152693564
NCAAF,americanfootball_ncaaf,171952045c3039d592807265d36b60d0,2026-09-04T22:30:00Z,Eastern Michigan Eagles,San Jose State Spartans,fanduel,FanDuel,2026-07-19T12:01:38Z,h2h,2026-07-19T12:01:38Z,San Jose State Spartans,158,,20260719120152693564
NCAAF,americanfootball_ncaaf,171952045c3039d592807265d36b60d0,2026-09-04T22:30:00Z,Eastern Michigan Eagles,San Jose State Spartans,fanduel,FanDuel,2026-07-19T12:01:38Z,spreads,2026-07-19T12:01:38Z,Eastern Michigan Eagles,-120,-3.5,20260719120152693564
NCAAF,americanfootball_ncaaf,171952045c3039d592807265d36b60d0,2026-09-04T22:30:00Z,Eastern Michigan Eagles,San Jose State Spartans,fanduel,FanDuel,2026-07-19T12:01:38Z,spreads,2026-07-19T12:01:38Z,San Jose State Spartans,-102,3.5,20260719120152693564
NCAAF,americanfootball_ncaaf,171952045c3039d592807265d36b60d0,2026-09-04T22:30:00Z,Eastern Michigan Eagles,San Jose State Spartans,fanduel,FanDuel,2026-07-19T12:01:38Z,totals,2026-07-19T12:01:38Z,Over,-110,54.5,20260719120152693564
NCAAF,americanfootball_ncaaf,171952045c3039d592807265d36b60d0,2026-09-04T22:30:00Z,Eastern Michigan Eagles,San Jose State Spartans,fanduel,FanDuel,2026-07-19T12:01:38Z,totals,2026-07-19T12:01:38Z,Under,-110,54.5,20260719120152693564
NCAAF,americanfootball_ncaaf,171952045c3039d592807265d36b60d0,2026-09-04T22:30:00Z,Eastern Michigan Eagles,San Jose State Spartans,betrivers,BetRivers,2026-07-19T12:01:15Z,h2h,2026-07-19T12:01:15Z,Eastern Michigan Eagles,-182,,20260719120152693564
NCAAF,americanfootball_ncaaf,171952045c3039d592807265d36b60d0,2026-09-04T22:30:00Z,Eastern Michigan Eagles,San Jose State Spartans,betrivers,BetRivers,2026-07-19T12:01:15Z,h2h,2026-07-19T12:01:15Z,San Jose State Spartans,145,,20260719120152693564
NCAAF,americanfootball_ncaaf,171952045c3039d592807265d36b60d0,2026-09-04T22:30:00Z,Eastern Michigan Eagles,San Jose State Spartans,betrivers,BetRivers,2026-07-19T12:01:15Z,spreads,2026-07-19T12:01:15Z,Eastern Michigan Eagles,-112,-4.5,20260719120152693564
NCAAF,americanfootball_ncaaf,171952045c3039d592807265d36b60d0,2026-09-04T22:30:00Z,Eastern Michigan Eagles,San Jose State Spartans,betrivers,BetRivers,2026-07-19T12:01:15Z,spreads,2026-07-19T12:01:15Z,San Jose State Spartans,-112,4.5,20260719120152693564
NCAAF,americanfootball_ncaaf,171952045c3039d592807265d36b60d0,2026-09-04T22:30:00Z,Eastern Michigan Eagles,San Jose State Spartans,betrivers,BetRivers,2026-07-19T12:01:15Z,totals,2026-07-19T12:01:15Z,Over,-110,53.5,20260719120152693564
NCAAF,americanfootball_ncaaf,171952045c3039d592807265d36b60d0,2026-09-04T22:30:00Z,Eastern Michigan Eagles,San Jose State Spartans,betrivers,BetRivers,2026-07-19T12:01:15Z,totals,2026-07-19T12:01:15Z,Under,-112,53.5,20260719120152693564
NCAAF,americanfootball_ncaaf,171952045c3039d592807265d36b60d0,2026-09-04T22:30:00Z,Eastern Michigan Eagles,San Jose State Spartans,mybookieag,MyBookie.ag,2026-07-19T12:01:39Z,h2h,2026-07-19T12:01:39Z,Eastern Michigan Eagles,-208,,20260719120152693564
NCAAF,americanfootball_ncaaf,171952045c3039d592807265d36b60d0,2026-09-04T22:30:00Z,Eastern Michigan Eagles,San Jose State Spartans,mybookieag,MyBookie.ag,2026-07-19T12:01:39Z,h2h,2026-07-19T12:01:39Z,San Jose State Spartans,160,,20260719120152693564
NCAAF,americanfootball_ncaaf,171952045c3039d592807265d36b60d0,2026-09-04T22:30:00Z,Eastern Michigan Eagles,San Jose State Spartans,mybookieag,MyBookie.ag,2026-07-19T12:01:39Z,spreads,2026-07-19T12:01:39Z,Eastern Michigan Eagles,-110,-4.5,20260719120152693564
NCAAF,americanfootball_ncaaf,171952045c3039d592807265d36b60d0,2026-09-04T22:30:00Z,Eastern Michigan Eagles,San Jose State Spartans,mybookieag,MyBookie.ag,2026-07-19T12:01:39Z,spreads,2026-07-19T12:01:39Z,San Jose State Spartans,-110,4.5,20260719120152693564
NCAAF,americanfootball_ncaaf,171952045c3039d592807265d36b60d0,2026-09-04T22:30:00Z,Eastern Michigan Eagles,San Jose State Spartans,mybookieag,MyBookie.ag,2026-07-19T12:01:39Z,totals,2026-07-19T12:01:39Z,Over,-110,53.5,20260719120152693564
NCAAF,americanfootball_ncaaf,171952045c3039d592807265d36b60d0,2026-09-04T22:30:00Z,Eastern Michigan Eagles,San Jose State Spartans,mybookieag,MyBookie.ag,2026-07-19T12:01:39Z,totals,2026-07-19T12:01:39Z,Under,-110,53.5,20260719120152693564
NCAAF,americanfootball_ncaaf,171952045c3039d592807265d36b60d0,2026-09-04T22:30:00Z,Eastern Michigan Eagles,San Jose State Spartans,betmgm,BetMGM,2026-07-19T12:01:15Z,spreads,2026-07-19T12:01:15Z,Eastern Michigan Eagles,-105,-4.5,20260719120152693564
NCAAF,americanfootball_ncaaf,171952045c3039d592807265d36b60d0,2026-09-04T22:30:00Z,Eastern Michigan Eagles,San Jose State Spartans,betmgm,BetMGM,2026-07-19T12:01:15Z,spreads,2026-07-19T12:01:15Z,San Jose State Spartans,-115,4.5,20260719120152693564
NCAAF,americanfootball_ncaaf,171952045c3039d592807265d36b60d0,2026-09-04T22:30:00Z,Eastern Michigan Eagles,San Jose State Spartans,betmgm,BetMGM,2026-07-19T12:01:15Z,totals,2026-07-19T12:01:15Z,Over,-110,53.5,20260719120152693564
NCAAF,americanfootball_ncaaf,171952045c3039d592807265d36b60d0,2026-09-04T22:30:00Z,Eastern Michigan Eagles,San Jose State Spartans,betmgm,BetMGM,2026-07-19T12:01:15Z,totals,2026-07-19T12:01:15Z,Under,-110,53.5,20260719120152693564
NCAAF,americanfootball_ncaaf,05c2e060c97c538faeee8237a0bd60f0,2026-09-05T00:00:00Z,Michigan State Spartans,Toledo Rockets,draftkings,DraftKings,2026-07-19T12:01:13Z,h2h,2026-07-19T12:01:13Z,Michigan State Spartans,-375,,20260719120152693564
NCAAF,americanfootball_ncaaf,05c2e060c97c538faeee8237a0bd60f0,2026-09-05T00:00:00Z,Michigan State Spartans,Toledo Rockets,draftkings,DraftKings,2026-07-19T12:01:13Z,h2h,2026-07-19T12:01:13Z,Toledo Rockets,295,,20260719120152693564
NCAAF,americanfootball_ncaaf,05c2e060c97c538faeee8237a0bd60f0,2026-09-05T00:00:00Z,Michigan State Spartans,Toledo Rockets,draftkings,DraftKings,2026-07-19T12:01:13Z,spreads,2026-07-19T12:01:13Z,Michigan State Spartans,-110,-10.5,20260719120152693564
NCAAF,americanfootball_ncaaf,05c2e060c97c538faeee8237a0bd60f0,2026-09-05T00:00:00Z,Michigan State Spartans,Toledo Rockets,draftkings,DraftKings,2026-07-19T12:01:13Z,spreads,2026-07-19T12:01:13Z,Toledo Rockets,-110,10.5,20260719120152693564
NCAAF,americanfootball_ncaaf,05c2e060c97c538faeee8237a0bd60f0,2026-09-05T00:00:00Z,Michigan State Spartans,Toledo Rockets,draftkings,DraftKings,2026-07-19T12:01:13Z,totals,2026-07-19T12:01:13Z,Over,-105,49.5,20260719120152693564
NCAAF,americanfootball_ncaaf,05c2e060c97c538faeee8237a0bd60f0,2026-09-05T00:00:00Z,Michigan State Spartans,Toledo Rockets,draftkings,DraftKings,2026-07-19T12:01:13Z,totals,2026-07-19T12:01:13Z,Under,-115,49.5,20260719120152693564
NCAAF,americanfootball_ncaaf,05c2e060c97c538faeee8237a0bd60f0,2026-09-05T00:00:00Z,Michigan State Spartans,Toledo Rockets,betonlineag,BetOnline.ag,2026-07-19T12:01:41Z,spreads,2026-07-19T12:01:41Z,Michigan State Spartans,-115,-11.0,20260719120152693564
NCAAF,americanfootball_ncaaf,05c2e060c97c538faeee8237a0bd60f0,2026-09-05T00:00:00Z,Michigan State Spartans,Toledo Rockets,betonlineag,BetOnline.ag,2026-07-19T12:01:41Z,spreads,2026-07-19T12:01:41Z,Toledo Rockets,-105,11.0,20260719120152693564
NCAAF,americanfootball_ncaaf,05c2e060c97c538faeee8237a0bd60f0,2026-09-05T00:00:00Z,Michigan State Spartans,Toledo Rockets,betonlineag,BetOnline.ag,2026-07-19T12:01:41Z,totals,2026-07-19T12:01:41Z,Over,-110,49.5,20260719120152693564
NCAAF,americanfootball_ncaaf,05c2e060c97c538faeee8237a0bd60f0,2026-09-05T00:00:00Z,Michigan State Spartans,Toledo Rockets,betonlineag,BetOnline.ag,2026-07-19T12:01:41Z,totals,2026-07-19T12:01:41Z,Under,-110,49.5,20260719120152693564
NCAAF,americanfootball_ncaaf,05c2e060c97c538faeee8237a0bd60f0,2026-09-05T00:00:00Z,Michigan State Spartans,Toledo Rockets,lowvig,LowVig.ag,2026-07-19T12:00:52Z,spreads,2026-07-19T12:00:52Z,Michigan State Spartans,-111,-11.0,20260719120152693564
NCAAF,americanfootball_ncaaf,05c2e060c97c538faeee8237a0bd60f0,2026-09-05T00:00:00Z,Michigan State Spartans,Toledo Rockets,lowvig,LowVig.ag,2026-07-19T12:00:52Z,spreads,2026-07-19T12:00:52Z,Toledo Rockets,-101,11.0,20260719120152693564
NCAAF,americanfootball_ncaaf,05c2e060c97c538faeee8237a0bd60f0,2026-09-05T00:00:00Z,Michigan State Spartans,Toledo Rockets,lowvig,LowVig.ag,2026-07-19T12:00:52Z,totals,2026-07-19T12:00:52Z,Over,-108,49.5,20260719120152693564
NCAAF,americanfootball_ncaaf,05c2e060c97c538faeee8237a0bd60f0,2026-09-05T00:00:00Z,Michigan State Spartans,Toledo Rockets,lowvig,LowVig.ag,2026-07-19T12:00:52Z,totals,2026-07-19T12:00:52Z,Under,-108,49.5,20260719120152693564
NCAAF,americanfootball_ncaaf,05c2e060c97c538faeee8237a0bd60f0,2026-09-05T00:00:00Z,Michigan State Spartans,Toledo Rockets,betus,BetUS,2026-07-19T12:01:14Z,spreads,2026-07-19T12:01:14Z,Michigan State Spartans,-115,-11.0,20260719120152693564
NCAAF,americanfootball_ncaaf,05c2e060c97c538faeee8237a0bd60f0,2026-09-05T00:00:00Z,Michigan State Spartans,Toledo Rockets,betus,BetUS,2026-07-19T12:01:14Z,spreads,2026-07-19T12:01:14Z,Toledo Rockets,-105,11.0,20260719120152693564
NCAAF,americanfootball_ncaaf,05c2e060c97c538faeee8237a0bd60f0,2026-09-05T00:00:00Z,Michigan State Spartans,Toledo Rockets,betus,BetUS,2026-07-19T12:01:14Z,totals,2026-07-19T12:01:14Z,Over,-110,49.5,20260719120152693564
NCAAF,americanfootball_ncaaf,05c2e060c97c538faeee8237a0bd60f0,2026-09-05T00:00:00Z,Michigan State Spartans,Toledo Rockets,betus,BetUS,2026-07-19T12:01:14Z,totals,2026-07-19T12:01:14Z,Under,-110,49.5,20260719120152693564
NCAAF,americanfootball_ncaaf,05c2e060c97c538faeee8237a0bd60f0,2026-09-05T00:00:00Z,Michigan State Spartans,Toledo Rockets,bovada,Bovada,2026-07-19T12:01:41Z,h2h,2026-07-19T12:01:41Z,Michigan State Spartans,-390,,20260719120152693564
NCAAF,americanfootball_ncaaf,05c2e060c97c538faeee8237a0bd60f0,2026-09-05T00:00:00Z,Michigan State Spartans,Toledo Rockets,bovada,Bovada,2026-07-19T12:01:41Z,h2h,2026-07-19T12:01:41Z,Toledo Rockets,295,,20260719120152693564
NCAAF,americanfootball_ncaaf,05c2e060c97c538faeee8237a0bd60f0,2026-09-05T00:00:00Z,Michigan State Spartans,Toledo Rockets,bovada,Bovada,2026-07-19T12:01:41Z,spreads,2026-07-19T12:01:41Z,Michigan State Spartans,-110,-10.5,20260719120152693564
NCAAF,americanfootball_ncaaf,05c2e060c97c538faeee8237a0bd60f0,2026-09-05T00:00:00Z,Michigan State Spartans,Toledo Rockets,bovada,Bovada,2026-07-19T12:01:41Z,spreads,2026-07-19T12:01:41Z,Toledo Rockets,-110,10.5,20260719120152693564
NCAAF,americanfootball_ncaaf,05c2e060c97c538faeee8237a0bd60f0,2026-09-05T00:00:00Z,Michigan State Spartans,Toledo Rockets,bovada,Bovada,2026-07-19T12:01:41Z,totals,2026-07-19T12:01:41Z,Over,-105,49.5,20260719120152693564
NCAAF,americanfootball_ncaaf,05c2e060c97c538faeee8237a0bd60f0,2026-09-05T00:00:00Z,Michigan State Spartans,Toledo Rockets,bovada,Bovada,2026-07-19T12:01:41Z,totals,2026-07-19T12:01:41Z,Under,-115,49.5,20260719120152693564
NCAAF,americanfootball_ncaaf,05c2e060c97c538faeee8237a0bd60f0,2026-09-05T00:00:00Z,Michigan State Spartans,Toledo Rockets,fanduel,FanDuel,2026-07-19T12:01:38Z,h2h,2026-07-19T12:01:38Z,Michigan State Spartans,-430,,20260719120152693564
NCAAF,americanfootball_ncaaf,05c2e060c97c538faeee8237a0bd60f0,2026-09-05T00:00:00Z,Michigan State Spartans,Toledo Rockets,fanduel,FanDuel,2026-07-19T12:01:38Z,h2h,2026-07-19T12:01:38Z,Toledo Rockets,330,,20260719120152693564
NCAAF,americanfootball_ncaaf,05c2e060c97c538faeee8237a0bd60f0,2026-09-05T00:00:00Z,Michigan State Spartans,Toledo Rockets,fanduel,FanDuel,2026-07-19T12:01:38Z,spreads,2026-07-19T12:01:38Z,Michigan State Spartans,-105,-11.5,20260719120152693564
NCAAF,americanfootball_ncaaf,05c2e060c97c538faeee8237a0bd60f0,2026-09-05T00:00:00Z,Michigan State Spartans,Toledo Rockets,fanduel,FanDuel,2026-07-19T12:01:38Z,spreads,2026-07-19T12:01:38Z,Toledo Rockets,-115,11.5,20260719120152693564
NCAAF,americanfootball_ncaaf,05c2e060c97c538faeee8237a0bd60f0,2026-09-05T00:00:00Z,Michigan State Spartans,Toledo Rockets,fanduel,FanDuel,2026-07-19T12:01:38Z,totals,2026-07-19T12:01:38Z,Over,-115,48.5,20260719120152693564
NCAAF,americanfootball_ncaaf,05c2e060c97c538faeee8237a0bd60f0,2026-09-05T00:00:00Z,Michigan State Spartans,Toledo Rockets,fanduel,FanDuel,2026-07-19T12:01:38Z,totals,2026-07-19T12:01:38Z,Under,-105,48.5,20260719120152693564
NCAAF,americanfootball_ncaaf,05c2e060c97c538faeee8237a0bd60f0,2026-09-05T00:00:00Z,Michigan State Spartans,Toledo Rockets,betmgm,BetMGM,2026-07-19T12:01:15Z,spreads,2026-07-19T12:01:15Z,Michigan State Spartans,-110,-10.5,20260719120152693564
NCAAF,americanfootball_ncaaf,05c2e060c97c538faeee8237a0bd60f0,2026-09-05T00:00:00Z,Michigan State Spartans,Toledo Rockets,betmgm,BetMGM,2026-07-19T12:01:15Z,spreads,2026-07-19T12:01:15Z,Toledo Rockets,-110,10.5,20260719120152693564
NCAAF,americanfootball_ncaaf,05c2e060c97c538faeee8237a0bd60f0,2026-09-05T00:00:00Z,Michigan State Spartans,Toledo Rockets,betmgm,BetMGM,2026-07-19T12:01:15Z,totals,2026-07-19T12:01:15Z,Over,-110,49.5,20260719120152693564
NCAAF,americanfootball_ncaaf,05c2e060c97c538faeee8237a0bd60f0,2026-09-05T00:00:00Z,Michigan State Spartans,Toledo Rockets,betmgm,BetMGM,2026-07-19T12:01:15Z,totals,2026-07-19T12:01:15Z,Under,-110,49.5,20260719120152693564
NCAAF,americanfootball_ncaaf,05c2e060c97c538faeee8237a0bd60f0,2026-09-05T00:00:00Z,Michigan State Spartans,Toledo Rockets,betrivers,BetRivers,2026-07-19T12:01:15Z,h2h,2026-07-19T12:01:15Z,Michigan State Spartans,-420,,20260719120152693564
NCAAF,americanfootball_ncaaf,05c2e060c97c538faeee8237a0bd60f0,2026-09-05T00:00:00Z,Michigan State Spartans,Toledo Rockets,betrivers,BetRivers,2026-07-19T12:01:15Z,h2h,2026-07-19T12:01:15Z,Toledo Rockets,300,,20260719120152693564
NCAAF,americanfootball_ncaaf,05c2e060c97c538faeee8237a0bd60f0,2026-09-05T00:00:00Z,Michigan State Spartans,Toledo Rockets,betrivers,BetRivers,2026-07-19T12:01:15Z,spreads,2026-07-19T12:01:15Z,Michigan State Spartans,-110,-10.5,20260719120152693564
NCAAF,americanfootball_ncaaf,05c2e060c97c538faeee8237a0bd60f0,2026-09-05T00:00:00Z,Michigan State Spartans,Toledo Rockets,betrivers,BetRivers,2026-07-19T12:01:15Z,spreads,2026-07-19T12:01:15Z,Toledo Rockets,-113,10.5,20260719120152693564
NCAAF,americanfootball_ncaaf,05c2e060c97c538faeee8237a0bd60f0,2026-09-05T00:00:00Z,Michigan State Spartans,Toledo Rockets,betrivers,BetRivers,2026-07-19T12:01:15Z,totals,2026-07-19T12:01:15Z,Over,-110,49.5,20260719120152693564
NCAAF,americanfootball_ncaaf,05c2e060c97c538faeee8237a0bd60f0,2026-09-05T00:00:00Z,Michigan State Spartans,Toledo Rockets,betrivers,BetRivers,2026-07-19T12:01:15Z,totals,2026-07-19T12:01:15Z,Under,-113,49.5,20260719120152693564
NCAAF,americanfootball_ncaaf,05c2e060c97c538faeee8237a0bd60f0,2026-09-05T00:00:00Z,Michigan State Spartans,Toledo Rockets,mybookieag,MyBookie.ag,2026-07-19T12:01:39Z,h2h,2026-07-19T12:01:39Z,Michigan State Spartans,-490,,20260719120152693564
NCAAF,americanfootball_ncaaf,05c2e060c97c538faeee8237a0bd60f0,2026-09-05T00:00:00Z,Michigan State Spartans,Toledo Rockets,mybookieag,MyBookie.ag,2026-07-19T12:01:39Z,h2h,2026-07-19T12:01:39Z,Toledo Rockets,340,,20260719120152693564
NCAAF,americanfootball_ncaaf,05c2e060c97c538faeee8237a0bd60f0,2026-09-05T00:00:00Z,Michigan State Spartans,Toledo Rockets,mybookieag,MyBookie.ag,2026-07-19T12:01:39Z,spreads,2026-07-19T12:01:39Z,Michigan State Spartans,-110,-10.5,20260719120152693564
NCAAF,americanfootball_ncaaf,05c2e060c97c538faeee8237a0bd60f0,2026-09-05T00:00:00Z,Michigan State Spartans,Toledo Rockets,mybookieag,MyBookie.ag,2026-07-19T12:01:39Z,spreads,2026-07-19T12:01:39Z,Toledo Rockets,-110,10.5,20260719120152693564
NCAAF,americanfootball_ncaaf,05c2e060c97c538faeee8237a0bd60f0,2026-09-05T00:00:00Z,Michigan State Spartans,Toledo Rockets,mybookieag,MyBookie.ag,2026-07-19T12:01:39Z,totals,2026-07-19T12:01:39Z,Over,-110,49.0,20260719120152693564
NCAAF,americanfootball_ncaaf,05c2e060c97c538faeee8237a0bd60f0,2026-09-05T00:00:00Z,Michigan State Spartans,Toledo Rockets,mybookieag,MyBookie.ag,2026-07-19T12:01:39Z,totals,2026-07-19T12:01:39Z,Under,-110,49.0,20260719120152693564
NCAAF,americanfootball_ncaaf,7356f9bad07c48fc6b78f52e38c85c11,2026-09-05T00:00:00Z,Oklahoma Sooners,UTEP Miners,draftkings,DraftKings,2026-07-19T12:01:13Z,spreads,2026-07-19T12:01:13Z,Oklahoma Sooners,-110,-40.5,20260719120152693564
NCAAF,americanfootball_ncaaf,7356f9bad07c48fc6b78f52e38c85c11,2026-09-05T00:00:00Z,Oklahoma Sooners,UTEP Miners,draftkings,DraftKings,2026-07-19T12:01:13Z,spreads,2026-07-19T12:01:13Z,UTEP Miners,-110,40.5,20260719120152693564
NCAAF,americanfootball_ncaaf,7356f9bad07c48fc6b78f52e38c85c11,2026-09-05T00:00:00Z,Oklahoma Sooners,UTEP Miners,draftkings,DraftKings,2026-07-19T12:01:13Z,totals,2026-07-19T12:01:13Z,Over,-110,50.5,20260719120152693564
NCAAF,americanfootball_ncaaf,7356f9bad07c48fc6b78f52e38c85c11,2026-09-05T00:00:00Z,Oklahoma Sooners,UTEP Miners,draftkings,DraftKings,2026-07-19T12:01:13Z,totals,2026-07-19T12:01:13Z,Under,-110,50.5,20260719120152693564
NCAAF,americanfootball_ncaaf,7356f9bad07c48fc6b78f52e38c85c11,2026-09-05T00:00:00Z,Oklahoma Sooners,UTEP Miners,lowvig,LowVig.ag,2026-07-19T12:00:52Z,spreads,2026-07-19T12:00:52Z,Oklahoma Sooners,-101,-40.5,20260719120152693564
NCAAF,americanfootball_ncaaf,7356f9bad07c48fc6b78f52e38c85c11,2026-09-05T00:00:00Z,Oklahoma Sooners,UTEP Miners,lowvig,LowVig.ag,2026-07-19T12:00:52Z,spreads,2026-07-19T12:00:52Z,UTEP Miners,-111,40.5,20260719120152693564
NCAAF,americanfootball_ncaaf,7356f9bad07c48fc6b78f52e38c85c11,2026-09-05T00:00:00Z,Oklahoma Sooners,UTEP Miners,lowvig,LowVig.ag,2026-07-19T12:00:52Z,totals,2026-07-19T12:00:52Z,Over,-108,50.5,20260719120152693564
NCAAF,americanfootball_ncaaf,7356f9bad07c48fc6b78f52e38c85c11,2026-09-05T00:00:00Z,Oklahoma Sooners,UTEP Miners,lowvig,LowVig.ag,2026-07-19T12:00:52Z,totals,2026-07-19T12:00:52Z,Under,-108,50.5,20260719120152693564
NCAAF,americanfootball_ncaaf,7356f9bad07c48fc6b78f52e38c85c11,2026-09-05T00:00:00Z,Oklahoma Sooners,UTEP Miners,betonlineag,BetOnline.ag,2026-07-19T12:01:41Z,spreads,2026-07-19T12:01:41Z,Oklahoma Sooners,-105,-40.5,20260719120152693564
NCAAF,americanfootball_ncaaf,7356f9bad07c48fc6b78f52e38c85c11,2026-09-05T00:00:00Z,Oklahoma Sooners,UTEP Miners,betonlineag,BetOnline.ag,2026-07-19T12:01:41Z,spreads,2026-07-19T12:01:41Z,UTEP Miners,-115,40.5,20260719120152693564
NCAAF,americanfootball_ncaaf,7356f9bad07c48fc6b78f52e38c85c11,2026-09-05T00:00:00Z,Oklahoma Sooners,UTEP Miners,betonlineag,BetOnline.ag,2026-07-19T12:01:41Z,totals,2026-07-19T12:01:41Z,Over,-110,50.5,20260719120152693564
NCAAF,americanfootball_ncaaf,7356f9bad07c48fc6b78f52e38c85c11,2026-09-05T00:00:00Z,Oklahoma Sooners,UTEP Miners,betonlineag,BetOnline.ag,2026-07-19T12:01:41Z,totals,2026-07-19T12:01:41Z,Under,-110,50.5,20260719120152693564
NCAAF,americanfootball_ncaaf,7356f9bad07c48fc6b78f52e38c85c11,2026-09-05T00:00:00Z,Oklahoma Sooners,UTEP Miners,betus,BetUS,2026-07-19T12:01:14Z,spreads,2026-07-19T12:01:14Z,Oklahoma Sooners,-110,-40.5,20260719120152693564
NCAAF,americanfootball_ncaaf,7356f9bad07c48fc6b78f52e38c85c11,2026-09-05T00:00:00Z,Oklahoma Sooners,UTEP Miners,betus,BetUS,2026-07-19T12:01:14Z,spreads,2026-07-19T12:01:14Z,UTEP Miners,-110,40.5,20260719120152693564
NCAAF,americanfootball_ncaaf,7356f9bad07c48fc6b78f52e38c85c11,2026-09-05T00:00:00Z,Oklahoma Sooners,UTEP Miners,betus,BetUS,2026-07-19T12:01:14Z,totals,2026-07-19T12:01:14Z,Over,-110,50.5,20260719120152693564
NCAAF,americanfootball_ncaaf,7356f9bad07c48fc6b78f52e38c85c11,2026-09-05T00:00:00Z,Oklahoma Sooners,UTEP Miners,betus,BetUS,2026-07-19T12:01:14Z,totals,2026-07-19T12:01:14Z,Under,-110,50.5,20260719120152693564
NCAAF,americanfootball_ncaaf,7356f9bad07c48fc6b78f52e38c85c11,2026-09-05T00:00:00Z,Oklahoma Sooners,UTEP Miners,bovada,Bovada,2026-07-19T12:01:41Z,spreads,2026-07-19T12:01:41Z,Oklahoma Sooners,-110,-40.5,20260719120152693564
NCAAF,americanfootball_ncaaf,7356f9bad07c48fc6b78f52e38c85c11,2026-09-05T00:00:00Z,Oklahoma Sooners,UTEP Miners,bovada,Bovada,2026-07-19T12:01:41Z,spreads,2026-07-19T12:01:41Z,UTEP Miners,-110,40.5,20260719120152693564
NCAAF,americanfootball_ncaaf,7356f9bad07c48fc6b78f52e38c85c11,2026-09-05T00:00:00Z,Oklahoma Sooners,UTEP Miners,bovada,Bovada,2026-07-19T12:01:41Z,totals,2026-07-19T12:01:41Z,Over,-110,50.5,20260719120152693564
NCAAF,americanfootball_ncaaf,7356f9bad07c48fc6b78f52e38c85c11,2026-09-05T00:00:00Z,Oklahoma Sooners,UTEP Miners,bovada,Bovada,2026-07-19T12:01:41Z,totals,2026-07-19T12:01:41Z,Under,-110,50.5,20260719120152693564
NCAAF,americanfootball_ncaaf,7356f9bad07c48fc6b78f52e38c85c11,2026-09-05T00:00:00Z,Oklahoma Sooners,UTEP Miners,fanduel,FanDuel,2026-07-19T12:01:38Z,spreads,2026-07-19T12:01:38Z,Oklahoma Sooners,-115,-39.5,20260719120152693564
NCAAF,americanfootball_ncaaf,7356f9bad07c48fc6b78f52e38c85c11,2026-09-05T00:00:00Z,Oklahoma Sooners,UTEP Miners,fanduel,FanDuel,2026-07-19T12:01:38Z,spreads,2026-07-19T12:01:38Z,UTEP Miners,-105,39.5,20260719120152693564
NCAAF,americanfootball_ncaaf,7356f9bad07c48fc6b78f52e38c85c11,2026-09-05T00:00:00Z,Oklahoma Sooners,UTEP Miners,fanduel,FanDuel,2026-07-19T12:01:38Z,totals,2026-07-19T12:01:38Z,Over,-114,49.5,20260719120152693564
NCAAF,americanfootball_ncaaf,7356f9bad07c48fc6b78f52e38c85c11,2026-09-05T00:00:00Z,Oklahoma Sooners,UTEP Miners,fanduel,FanDuel,2026-07-19T12:01:38Z,totals,2026-07-19T12:01:38Z,Under,-106,49.5,20260719120152693564
NCAAF,americanfootball_ncaaf,7356f9bad07c48fc6b78f52e38c85c11,2026-09-05T00:00:00Z,Oklahoma Sooners,UTEP Miners,betmgm,BetMGM,2026-07-19T12:01:15Z,spreads,2026-07-19T12:01:15Z,Oklahoma Sooners,-110,-40.5,20260719120152693564
NCAAF,americanfootball_ncaaf,7356f9bad07c48fc6b78f52e38c85c11,2026-09-05T00:00:00Z,Oklahoma Sooners,UTEP Miners,betmgm,BetMGM,2026-07-19T12:01:15Z,spreads,2026-07-19T12:01:15Z,UTEP Miners,-110,40.5,20260719120152693564
NCAAF,americanfootball_ncaaf,7356f9bad07c48fc6b78f52e38c85c11,2026-09-05T00:00:00Z,Oklahoma Sooners,UTEP Miners,betmgm,BetMGM,2026-07-19T12:01:15Z,totals,2026-07-19T12:01:15Z,Over,-110,50.5,20260719120152693564
NCAAF,americanfootball_ncaaf,7356f9bad07c48fc6b78f52e38c85c11,2026-09-05T00:00:00Z,Oklahoma Sooners,UTEP Miners,betmgm,BetMGM,2026-07-19T12:01:15Z,totals,2026-07-19T12:01:15Z,Under,-110,50.5,20260719120152693564
NCAAF,americanfootball_ncaaf,7356f9bad07c48fc6b78f52e38c85c11,2026-09-05T00:00:00Z,Oklahoma Sooners,UTEP Miners,betrivers,BetRivers,2026-07-19T12:01:15Z,spreads,2026-07-19T12:01:15Z,Oklahoma Sooners,-110,-40.5,20260719120152693564
NCAAF,americanfootball_ncaaf,7356f9bad07c48fc6b78f52e38c85c11,2026-09-05T00:00:00Z,Oklahoma Sooners,UTEP Miners,betrivers,BetRivers,2026-07-19T12:01:15Z,spreads,2026-07-19T12:01:15Z,UTEP Miners,-113,40.5,20260719120152693564
NCAAF,americanfootball_ncaaf,7356f9bad07c48fc6b78f52e38c85c11,2026-09-05T00:00:00Z,Oklahoma Sooners,UTEP Miners,betrivers,BetRivers,2026-07-19T12:01:15Z,totals,2026-07-19T12:01:15Z,Over,-112,50.5,20260719120152693564
NCAAF,americanfootball_ncaaf,7356f9bad07c48fc6b78f52e38c85c11,2026-09-05T00:00:00Z,Oklahoma Sooners,UTEP Miners,betrivers,BetRivers,2026-07-19T12:01:15Z,totals,2026-07-19T12:01:15Z,Under,-110,50.5,20260719120152693564
NCAAF,americanfootball_ncaaf,7356f9bad07c48fc6b78f52e38c85c11,2026-09-05T00:00:00Z,Oklahoma Sooners,UTEP Miners,mybookieag,MyBookie.ag,2026-07-19T12:01:39Z,h2h,2026-07-19T12:01:39Z,Oklahoma Sooners,-100000,,20260719120152693564
NCAAF,americanfootball_ncaaf,7356f9bad07c48fc6b78f52e38c85c11,2026-09-05T00:00:00Z,Oklahoma Sooners,UTEP Miners,mybookieag,MyBookie.ag,2026-07-19T12:01:39Z,h2h,2026-07-19T12:01:39Z,UTEP Miners,1575,,20260719120152693564
NCAAF,americanfootball_ncaaf,7356f9bad07c48fc6b78f52e38c85c11,2026-09-05T00:00:00Z,Oklahoma Sooners,UTEP Miners,mybookieag,MyBookie.ag,2026-07-19T12:01:39Z,spreads,2026-07-19T12:01:39Z,Oklahoma Sooners,-110,-40.5,20260719120152693564
NCAAF,americanfootball_ncaaf,7356f9bad07c48fc6b78f52e38c85c11,2026-09-05T00:00:00Z,Oklahoma Sooners,UTEP Miners,mybookieag,MyBookie.ag,2026-07-19T12:01:39Z,spreads,2026-07-19T12:01:39Z,UTEP Miners,-110,40.5,20260719120152693564
NCAAF,americanfootball_ncaaf,7356f9bad07c48fc6b78f52e38c85c11,2026-09-05T00:00:00Z,Oklahoma Sooners,UTEP Miners,mybookieag,MyBookie.ag,2026-07-19T12:01:39Z,totals,2026-07-19T12:01:39Z,Over,-110,50.5,20260719120152693564
NCAAF,americanfootball_ncaaf,7356f9bad07c48fc6b78f52e38c85c11,2026-09-05T00:00:00Z,Oklahoma Sooners,UTEP Miners,mybookieag,MyBookie.ag,2026-07-19T12:01:39Z,totals,2026-07-19T12:01:39Z,Under,-110,50.5,20260719120152693564
NCAAF,americanfootball_ncaaf,a77e0c42754f1a99ae4fbea861a78408,2026-09-05T01:00:00Z,USC Trojans,Fresno State Bulldogs,draftkings,DraftKings,2026-07-19T12:01:13Z,h2h,2026-07-19T12:01:13Z,Fresno State Bulldogs,1200,,20260719120152693564
NCAAF,americanfootball_ncaaf,a77e0c42754f1a99ae4fbea861a78408,2026-09-05T01:00:00Z,USC Trojans,Fresno State Bulldogs,draftkings,DraftKings,2026-07-19T12:01:13Z,h2h,2026-07-19T12:01:13Z,USC Trojans,-2400,,20260719120152693564
NCAAF,americanfootball_ncaaf,a77e0c42754f1a99ae4fbea861a78408,2026-09-05T01:00:00Z,USC Trojans,Fresno State Bulldogs,draftkings,DraftKings,2026-07-19T12:01:13Z,spreads,2026-07-19T12:01:13Z,Fresno State Bulldogs,-110,23.5,20260719120152693564
NCAAF,americanfootball_ncaaf,a77e0c42754f1a99ae4fbea861a78408,2026-09-05T01:00:00Z,USC Trojans,Fresno State Bulldogs,draftkings,DraftKings,2026-07-19T12:01:13Z,spreads,2026-07-19T12:01:13Z,USC Trojans,-110,-23.5,20260719120152693564
NCAAF,americanfootball_ncaaf,a77e0c42754f1a99ae4fbea861a78408,2026-09-05T01:00:00Z,USC Trojans,Fresno State Bulldogs,draftkings,DraftKings,2026-07-19T12:01:13Z,totals,2026-07-19T12:01:13Z,Over,-112,51.5,20260719120152693564
NCAAF,americanfootball_ncaaf,a77e0c42754f1a99ae4fbea861a78408,2026-09-05T01:00:00Z,USC Trojans,Fresno State Bulldogs,draftkings,DraftKings,2026-07-19T12:01:13Z,totals,2026-07-19T12:01:13Z,Under,-108,51.5,20260719120152693564
NCAAF,americanfootball_ncaaf,a77e0c42754f1a99ae4fbea861a78408,2026-09-05T01:00:00Z,USC Trojans,Fresno State Bulldogs,betonlineag,BetOnline.ag,2026-07-19T12:01:41Z,spreads,2026-07-19T12:01:41Z,Fresno State Bulldogs,-110,22.5,20260719120152693564
NCAAF,americanfootball_ncaaf,a77e0c42754f1a99ae4fbea861a78408,2026-09-05T01:00:00Z,USC Trojans,Fresno State Bulldogs,betonlineag,BetOnline.ag,2026-07-19T12:01:41Z,spreads,2026-07-19T12:01:41Z,USC Trojans,-110,-22.5,20260719120152693564
NCAAF,americanfootball_ncaaf,a77e0c42754f1a99ae4fbea861a78408,2026-09-05T01:00:00Z,USC Trojans,Fresno State Bulldogs,betonlineag,BetOnline.ag,2026-07-19T12:01:41Z,totals,2026-07-19T12:01:41Z,Over,-110,51.5,20260719120152693564
NCAAF,americanfootball_ncaaf,a77e0c42754f1a99ae4fbea861a78408,2026-09-05T01:00:00Z,USC Trojans,Fresno State Bulldogs,betonlineag,BetOnline.ag,2026-07-19T12:01:41Z,totals,2026-07-19T12:01:41Z,Under,-110,51.5,20260719120152693564
NCAAF,americanfootball_ncaaf,a77e0c42754f1a99ae4fbea861a78408,2026-09-05T01:00:00Z,USC Trojans,Fresno State Bulldogs,lowvig,LowVig.ag,2026-07-19T12:00:52Z,spreads,2026-07-19T12:00:52Z,Fresno State Bulldogs,-106,22.5,20260719120152693564
NCAAF,americanfootball_ncaaf,a77e0c42754f1a99ae4fbea861a78408,2026-09-05T01:00:00Z,USC Trojans,Fresno State Bulldogs,lowvig,LowVig.ag,2026-07-19T12:00:52Z,spreads,2026-07-19T12:00:52Z,USC Trojans,-106,-22.5,20260719120152693564
NCAAF,americanfootball_ncaaf,a77e0c42754f1a99ae4fbea861a78408,2026-09-05T01:00:00Z,USC Trojans,Fresno State Bulldogs,lowvig,LowVig.ag,2026-07-19T12:00:52Z,totals,2026-07-19T12:00:52Z,Over,-108,51.5,20260719120152693564
NCAAF,americanfootball_ncaaf,a77e0c42754f1a99ae4fbea861a78408,2026-09-05T01:00:00Z,USC Trojans,Fresno State Bulldogs,lowvig,LowVig.ag,2026-07-19T12:00:52Z,totals,2026-07-19T12:00:52Z,Under,-108,51.5,20260719120152693564
NCAAF,americanfootball_ncaaf,a77e0c42754f1a99ae4fbea861a78408,2026-09-05T01:00:00Z,USC Trojans,Fresno State Bulldogs,betus,BetUS,2026-07-19T12:01:14Z,spreads,2026-07-19T12:01:14Z,Fresno State Bulldogs,-110,23.0,20260719120152693564
NCAAF,americanfootball_ncaaf,a77e0c42754f1a99ae4fbea861a78408,2026-09-05T01:00:00Z,USC Trojans,Fresno State Bulldogs,betus,BetUS,2026-07-19T12:01:14Z,spreads,2026-07-19T12:01:14Z,USC Trojans,-110,-23.0,20260719120152693564
NCAAF,americanfootball_ncaaf,a77e0c42754f1a99ae4fbea861a78408,2026-09-05T01:00:00Z,USC Trojans,Fresno State Bulldogs,betus,BetUS,2026-07-19T12:01:14Z,totals,2026-07-19T12:01:14Z,Over,-110,51.5,20260719120152693564
NCAAF,americanfootball_ncaaf,a77e0c42754f1a99ae4fbea861a78408,2026-09-05T01:00:00Z,USC Trojans,Fresno State Bulldogs,betus,BetUS,2026-07-19T12:01:14Z,totals,2026-07-19T12:01:14Z,Under,-110,51.5,20260719120152693564
NCAAF,americanfootball_ncaaf,a77e0c42754f1a99ae4fbea861a78408,2026-09-05T01:00:00Z,USC Trojans,Fresno State Bulldogs,bovada,Bovada,2026-07-19T12:01:41Z,h2h,2026-07-19T12:01:41Z,Fresno State Bulldogs,1300,,20260719120152693564
NCAAF,americanfootball_ncaaf,a77e0c42754f1a99ae4fbea861a78408,2026-09-05T01:00:00Z,USC Trojans,Fresno State Bulldogs,bovada,Bovada,2026-07-19T12:01:41Z,h2h,2026-07-19T12:01:41Z,USC Trojans,-5000,,20260719120152693564
NCAAF,americanfootball_ncaaf,a77e0c42754f1a99ae4fbea861a78408,2026-09-05T01:00:00Z,USC Trojans,Fresno State Bulldogs,bovada,Bovada,2026-07-19T12:01:41Z,spreads,2026-07-19T12:01:41Z,Fresno State Bulldogs,-110,23.5,20260719120152693564
NCAAF,americanfootball_ncaaf,a77e0c42754f1a99ae4fbea861a78408,2026-09-05T01:00:00Z,USC Trojans,Fresno State Bulldogs,bovada,Bovada,2026-07-19T12:01:41Z,spreads,2026-07-19T12:01:41Z,USC Trojans,-110,-23.5,20260719120152693564
NCAAF,americanfootball_ncaaf,a77e0c42754f1a99ae4fbea861a78408,2026-09-05T01:00:00Z,USC Trojans,Fresno State Bulldogs,bovada,Bovada,2026-07-19T12:01:41Z,totals,2026-07-19T12:01:41Z,Over,-110,51.5,20260719120152693564
NCAAF,americanfootball_ncaaf,a77e0c42754f1a99ae4fbea861a78408,2026-09-05T01:00:00Z,USC Trojans,Fresno State Bulldogs,bovada,Bovada,2026-07-19T12:01:41Z,totals,2026-07-19T12:01:41Z,Under,-110,51.5,20260719120152693564
NCAAF,americanfootball_ncaaf,a77e0c42754f1a99ae4fbea861a78408,2026-09-05T01:00:00Z,USC Trojans,Fresno State Bulldogs,fanduel,FanDuel,2026-07-19T12:01:38Z,h2h,2026-07-19T12:01:38Z,Fresno State Bulldogs,1200,,20260719120152693564
NCAAF,americanfootball_ncaaf,a77e0c42754f1a99ae4fbea861a78408,2026-09-05T01:00:00Z,USC Trojans,Fresno State Bulldogs,fanduel,FanDuel,2026-07-19T12:01:38Z,h2h,2026-07-19T12:01:38Z,USC Trojans,-3000,,20260719120152693564
NCAAF,americanfootball_ncaaf,a77e0c42754f1a99ae4fbea861a78408,2026-09-05T01:00:00Z,USC Trojans,Fresno State Bulldogs,fanduel,FanDuel,2026-07-19T12:01:38Z,spreads,2026-07-19T12:01:38Z,Fresno State Bulldogs,-110,23.5,20260719120152693564
NCAAF,americanfootball_ncaaf,a77e0c42754f1a99ae4fbea861a78408,2026-09-05T01:00:00Z,USC Trojans,Fresno State Bulldogs,fanduel,FanDuel,2026-07-19T12:01:38Z,spreads,2026-07-19T12:01:38Z,USC Trojans,-110,-23.5,20260719120152693564
NCAAF,americanfootball_ncaaf,a77e0c42754f1a99ae4fbea861a78408,2026-09-05T01:00:00Z,USC Trojans,Fresno State Bulldogs,fanduel,FanDuel,2026-07-19T12:01:38Z,totals,2026-07-19T12:01:38Z,Over,-110,50.5,20260719120152693564
NCAAF,americanfootball_ncaaf,a77e0c42754f1a99ae4fbea861a78408,2026-09-05T01:00:00Z,USC Trojans,Fresno State Bulldogs,fanduel,FanDuel,2026-07-19T12:01:38Z,totals,2026-07-19T12:01:38Z,Under,-110,50.5,20260719120152693564
NCAAF,americanfootball_ncaaf,a77e0c42754f1a99ae4fbea861a78408,2026-09-05T01:00:00Z,USC Trojans,Fresno State Bulldogs,mybookieag,MyBookie.ag,2026-07-19T12:01:39Z,h2h,2026-07-19T12:01:38Z,Fresno State Bulldogs,1100,,20260719120152693564
NCAAF,americanfootball_ncaaf,a77e0c42754f1a99ae4fbea861a78408,2026-09-05T01:00:00Z,USC Trojans,Fresno State Bulldogs,mybookieag,MyBookie.ag,2026-07-19T12:01:39Z,h2h,2026-07-19T12:01:38Z,USC Trojans,-4000,,20260719120152693564
NCAAF,americanfootball_ncaaf,a77e0c42754f1a99ae4fbea861a78408,2026-09-05T01:00:00Z,USC Trojans,Fresno State Bulldogs,mybookieag,MyBookie.ag,2026-07-19T12:01:39Z,spreads,2026-07-19T12:01:38Z,Fresno State Bulldogs,-110,23.5,20260719120152693564
NCAAF,americanfootball_ncaaf,a77e0c42754f1a99ae4fbea861a78408,2026-09-05T01:00:00Z,USC Trojans,Fresno State Bulldogs,mybookieag,MyBookie.ag,2026-07-19T12:01:39Z,spreads,2026-07-19T12:01:38Z,USC Trojans,-110,-23.5,20260719120152693564
NCAAF,americanfootball_ncaaf,a77e0c42754f1a99ae4fbea861a78408,2026-09-05T01:00:00Z,USC Trojans,Fresno State Bulldogs,mybookieag,MyBookie.ag,2026-07-19T12:01:39Z,totals,2026-07-19T12:01:38Z,Over,-110,51.5,20260719120152693564
NCAAF,americanfootball_ncaaf,a77e0c42754f1a99ae4fbea861a78408,2026-09-05T01:00:00Z,USC Trojans,Fresno State Bulldogs,mybookieag,MyBookie.ag,2026-07-19T12:01:39Z,totals,2026-07-19T12:01:38Z,Under,-110,51.5,20260719120152693564
NCAAF,americanfootball_ncaaf,a77e0c42754f1a99ae4fbea861a78408,2026-09-05T01:00:00Z,USC Trojans,Fresno State Bulldogs,betrivers,BetRivers,2026-07-19T12:01:15Z,h2h,2026-07-19T12:01:15Z,Fresno State Bulldogs,1100,,20260719120152693564
NCAAF,americanfootball_ncaaf,a77e0c42754f1a99ae4fbea861a78408,2026-09-05T01:00:00Z,USC Trojans,Fresno State Bulldogs,betrivers,BetRivers,2026-07-19T12:01:15Z,h2h,2026-07-19T12:01:15Z,USC Trojans,-3335,,20260719120152693564
NCAAF,americanfootball_ncaaf,a77e0c42754f1a99ae4fbea861a78408,2026-09-05T01:00:00Z,USC Trojans,Fresno State Bulldogs,betrivers,BetRivers,2026-07-19T12:01:15Z,spreads,2026-07-19T12:01:15Z,Fresno State Bulldogs,-108,23.5,20260719120152693564
NCAAF,americanfootball_ncaaf,a77e0c42754f1a99ae4fbea861a78408,2026-09-05T01:00:00Z,USC Trojans,Fresno State Bulldogs,betrivers,BetRivers,2026-07-19T12:01:15Z,spreads,2026-07-19T12:01:15Z,USC Trojans,-115,-23.5,20260719120152693564
NCAAF,americanfootball_ncaaf,a77e0c42754f1a99ae4fbea861a78408,2026-09-05T01:00:00Z,USC Trojans,Fresno State Bulldogs,betrivers,BetRivers,2026-07-19T12:01:15Z,totals,2026-07-19T12:01:15Z,Over,-113,51.0,20260719120152693564
NCAAF,americanfootball_ncaaf,a77e0c42754f1a99ae4fbea861a78408,2026-09-05T01:00:00Z,USC Trojans,Fresno State Bulldogs,betrivers,BetRivers,2026-07-19T12:01:15Z,totals,2026-07-19T12:01:15Z,Under,-110,51.0,20260719120152693564
NCAAF,americanfootball_ncaaf,a77e0c42754f1a99ae4fbea861a78408,2026-09-05T01:00:00Z,USC Trojans,Fresno State Bulldogs,betmgm,BetMGM,2026-07-19T12:01:15Z,spreads,2026-07-19T12:01:15Z,Fresno State Bulldogs,-110,23.5,20260719120152693564
NCAAF,americanfootball_ncaaf,a77e0c42754f1a99ae4fbea861a78408,2026-09-05T01:00:00Z,USC Trojans,Fresno State Bulldogs,betmgm,BetMGM,2026-07-19T12:01:15Z,spreads,2026-07-19T12:01:15Z,USC Trojans,-110,-23.5,20260719120152693564
NCAAF,americanfootball_ncaaf,a77e0c42754f1a99ae4fbea861a78408,2026-09-05T01:00:00Z,USC Trojans,Fresno State Bulldogs,betmgm,BetMGM,2026-07-19T12:01:15Z,totals,2026-07-19T12:01:15Z,Over,-110,51.5,20260719120152693564
NCAAF,americanfootball_ncaaf,a77e0c42754f1a99ae4fbea861a78408,2026-09-05T01:00:00Z,USC Trojans,Fresno State Bulldogs,betmgm,BetMGM,2026-07-19T12:01:15Z,totals,2026-07-19T12:01:15Z,Under,-110,51.5,20260719120152693564
NCAAF,americanfootball_ncaaf,5f92cc707afed4249e1e935dbbeacb5e,2026-09-05T01:00:00Z,Stanford Cardinal,Miami Hurricanes,draftkings,DraftKings,2026-07-19T12:01:13Z,h2h,2026-07-19T12:01:13Z,Miami Hurricanes,-2400,,20260719120152693564
NCAAF,americanfootball_ncaaf,5f92cc707afed4249e1e935dbbeacb5e,2026-09-05T01:00:00Z,Stanford Cardinal,Miami Hurricanes,draftkings,DraftKings,2026-07-19T12:01:13Z,h2h,2026-07-19T12:01:13Z,Stanford Cardinal,1200,,20260719120152693564
NCAAF,americanfootball_ncaaf,5f92cc707afed4249e1e935dbbeacb5e,2026-09-05T01:00:00Z,Stanford Cardinal,Miami Hurricanes,draftkings,DraftKings,2026-07-19T12:01:13Z,spreads,2026-07-19T12:01:13Z,Miami Hurricanes,-110,-22.5,20260719120152693564
NCAAF,americanfootball_ncaaf,5f92cc707afed4249e1e935dbbeacb5e,2026-09-05T01:00:00Z,Stanford Cardinal,Miami Hurricanes,draftkings,DraftKings,2026-07-19T12:01:13Z,spreads,2026-07-19T12:01:13Z,Stanford Cardinal,-110,22.5,20260719120152693564
NCAAF,americanfootball_ncaaf,5f92cc707afed4249e1e935dbbeacb5e,2026-09-05T01:00:00Z,Stanford Cardinal,Miami Hurricanes,draftkings,DraftKings,2026-07-19T12:01:13Z,totals,2026-07-19T12:01:13Z,Over,-110,49.5,20260719120152693564
NCAAF,americanfootball_ncaaf,5f92cc707afed4249e1e935dbbeacb5e,2026-09-05T01:00:00Z,Stanford Cardinal,Miami Hurricanes,draftkings,DraftKings,2026-07-19T12:01:13Z,totals,2026-07-19T12:01:13Z,Under,-110,49.5,20260719120152693564
NCAAF,americanfootball_ncaaf,5f92cc707afed4249e1e935dbbeacb5e,2026-09-05T01:00:00Z,Stanford Cardinal,Miami Hurricanes,lowvig,LowVig.ag,2026-07-19T12:00:52Z,spreads,2026-07-19T12:00:52Z,Miami Hurricanes,-111,-23.5,20260719120152693564
NCAAF,americanfootball_ncaaf,5f92cc707afed4249e1e935dbbeacb5e,2026-09-05T01:00:00Z,Stanford Cardinal,Miami Hurricanes,lowvig,LowVig.ag,2026-07-19T12:00:52Z,spreads,2026-07-19T12:00:52Z,Stanford Cardinal,-101,23.5,20260719120152693564
NCAAF,americanfootball_ncaaf,5f92cc707afed4249e1e935dbbeacb5e,2026-09-05T01:00:00Z,Stanford Cardinal,Miami Hurricanes,lowvig,LowVig.ag,2026-07-19T12:00:52Z,totals,2026-07-19T12:00:52Z,Over,-108,49.5,20260719120152693564
NCAAF,americanfootball_ncaaf,5f92cc707afed4249e1e935dbbeacb5e,2026-09-05T01:00:00Z,Stanford Cardinal,Miami Hurricanes,lowvig,LowVig.ag,2026-07-19T12:00:52Z,totals,2026-07-19T12:00:52Z,Under,-108,49.5,20260719120152693564
NCAAF,americanfootball_ncaaf,5f92cc707afed4249e1e935dbbeacb5e,2026-09-05T01:00:00Z,Stanford Cardinal,Miami Hurricanes,betonlineag,BetOnline.ag,2026-07-19T12:01:41Z,spreads,2026-07-19T12:01:41Z,Miami Hurricanes,-115,-23.5,20260719120152693564
NCAAF,americanfootball_ncaaf,5f92cc707afed4249e1e935dbbeacb5e,2026-09-05T01:00:00Z,Stanford Cardinal,Miami Hurricanes,betonlineag,BetOnline.ag,2026-07-19T12:01:41Z,spreads,2026-07-19T12:01:41Z,Stanford Cardinal,-105,23.5,20260719120152693564
NCAAF,americanfootball_ncaaf,5f92cc707afed4249e1e935dbbeacb5e,2026-09-05T01:00:00Z,Stanford Cardinal,Miami Hurricanes,betonlineag,BetOnline.ag,2026-07-19T12:01:41Z,totals,2026-07-19T12:01:41Z,Over,-110,49.5,20260719120152693564
NCAAF,americanfootball_ncaaf,5f92cc707afed4249e1e935dbbeacb5e,2026-09-05T01:00:00Z,Stanford Cardinal,Miami Hurricanes,betonlineag,BetOnline.ag,2026-07-19T12:01:41Z,totals,2026-07-19T12:01:41Z,Under,-110,49.5,20260719120152693564
NCAAF,americanfootball_ncaaf,5f92cc707afed4249e1e935dbbeacb5e,2026-09-05T01:00:00Z,Stanford Cardinal,Miami Hurricanes,betus,BetUS,2026-07-19T12:01:14Z,spreads,2026-07-19T12:01:14Z,Miami Hurricanes,-110,-23.5,20260719120152693564
NCAAF,americanfootball_ncaaf,5f92cc707afed4249e1e935dbbeacb5e,2026-09-05T01:00:00Z,Stanford Cardinal,Miami Hurricanes,betus,BetUS,2026-07-19T12:01:14Z,spreads,2026-07-19T12:01:14Z,Stanford Cardinal,-110,23.5,20260719120152693564
NCAAF,americanfootball_ncaaf,5f92cc707afed4249e1e935dbbeacb5e,2026-09-05T01:00:00Z,Stanford Cardinal,Miami Hurricanes,betus,BetUS,2026-07-19T12:01:14Z,totals,2026-07-19T12:01:14Z,Over,-110,49.5,20260719120152693564
NCAAF,americanfootball_ncaaf,5f92cc707afed4249e1e935dbbeacb5e,2026-09-05T01:00:00Z,Stanford Cardinal,Miami Hurricanes,betus,BetUS,2026-07-19T12:01:14Z,totals,2026-07-19T12:01:14Z,Under,-110,49.5,20260719120152693564
NCAAF,americanfootball_ncaaf,5f92cc707afed4249e1e935dbbeacb5e,2026-09-05T01:00:00Z,Stanford Cardinal,Miami Hurricanes,bovada,Bovada,2026-07-19T12:01:41Z,h2h,2026-07-19T12:01:41Z,Miami Hurricanes,-3500,,20260719120152693564
NCAAF,americanfootball_ncaaf,5f92cc707afed4249e1e935dbbeacb5e,2026-09-05T01:00:00Z,Stanford Cardinal,Miami Hurricanes,bovada,Bovada,2026-07-19T12:01:41Z,h2h,2026-07-19T12:01:41Z,Stanford Cardinal,1100,,20260719120152693564
NCAAF,americanfootball_ncaaf,5f92cc707afed4249e1e935dbbeacb5e,2026-09-05T01:00:00Z,Stanford Cardinal,Miami Hurricanes,bovada,Bovada,2026-07-19T12:01:41Z,spreads,2026-07-19T12:01:41Z,Miami Hurricanes,-110,-22.5,20260719120152693564
NCAAF,americanfootball_ncaaf,5f92cc707afed4249e1e935dbbeacb5e,2026-09-05T01:00:00Z,Stanford Cardinal,Miami Hurricanes,bovada,Bovada,2026-07-19T12:01:41Z,spreads,2026-07-19T12:01:41Z,Stanford Cardinal,-110,22.5,20260719120152693564
NCAAF,americanfootball_ncaaf,5f92cc707afed4249e1e935dbbeacb5e,2026-09-05T01:00:00Z,Stanford Cardinal,Miami Hurricanes,bovada,Bovada,2026-07-19T12:01:41Z,totals,2026-07-19T12:01:41Z,Over,-110,49.5,20260719120152693564
NCAAF,americanfootball_ncaaf,5f92cc707afed4249e1e935dbbeacb5e,2026-09-05T01:00:00Z,Stanford Cardinal,Miami Hurricanes,bovada,Bovada,2026-07-19T12:01:41Z,totals,2026-07-19T12:01:41Z,Under,-110,49.5,20260719120152693564
NCAAF,americanfootball_ncaaf,5f92cc707afed4249e1e935dbbeacb5e,2026-09-05T01:00:00Z,Stanford Cardinal,Miami Hurricanes,fanduel,FanDuel,2026-07-19T12:01:38Z,h2h,2026-07-19T12:01:38Z,Miami Hurricanes,-3500,,20260719120152693564
NCAAF,americanfootball_ncaaf,5f92cc707afed4249e1e935dbbeacb5e,2026-09-05T01:00:00Z,Stanford Cardinal,Miami Hurricanes,fanduel,FanDuel,2026-07-19T12:01:38Z,h2h,2026-07-19T12:01:38Z,Stanford Cardinal,1280,,20260719120152693564
NCAAF,americanfootball_ncaaf,5f92cc707afed4249e1e935dbbeacb5e,2026-09-05T01:00:00Z,Stanford Cardinal,Miami Hurricanes,fanduel,FanDuel,2026-07-19T12:01:38Z,spreads,2026-07-19T12:01:38Z,Miami Hurricanes,-110,-23.5,20260719120152693564
NCAAF,americanfootball_ncaaf,5f92cc707afed4249e1e935dbbeacb5e,2026-09-05T01:00:00Z,Stanford Cardinal,Miami Hurricanes,fanduel,FanDuel,2026-07-19T12:01:38Z,spreads,2026-07-19T12:01:38Z,Stanford Cardinal,-110,23.5,20260719120152693564
NCAAF,americanfootball_ncaaf,5f92cc707afed4249e1e935dbbeacb5e,2026-09-05T01:00:00Z,Stanford Cardinal,Miami Hurricanes,fanduel,FanDuel,2026-07-19T12:01:38Z,totals,2026-07-19T12:01:38Z,Over,-110,49.5,20260719120152693564
NCAAF,americanfootball_ncaaf,5f92cc707afed4249e1e935dbbeacb5e,2026-09-05T01:00:00Z,Stanford Cardinal,Miami Hurricanes,fanduel,FanDuel,2026-07-19T12:01:38Z,totals,2026-07-19T12:01:38Z,Under,-110,49.5,20260719120152693564
NCAAF,americanfootball_ncaaf,5f92cc707afed4249e1e935dbbeacb5e,2026-09-05T01:00:00Z,Stanford Cardinal,Miami Hurricanes,mybookieag,MyBookie.ag,2026-07-19T12:01:39Z,h2h,2026-07-19T12:01:38Z,Miami Hurricanes,-2273,,20260719120152693564
NCAAF,americanfootball_ncaaf,5f92cc707afed4249e1e935dbbeacb5e,2026-09-05T01:00:00Z,Stanford Cardinal,Miami Hurricanes,mybookieag,MyBookie.ag,2026-07-19T12:01:39Z,h2h,2026-07-19T12:01:38Z,Stanford Cardinal,890,,20260719120152693564
NCAAF,americanfootball_ncaaf,5f92cc707afed4249e1e935dbbeacb5e,2026-09-05T01:00:00Z,Stanford Cardinal,Miami Hurricanes,mybookieag,MyBookie.ag,2026-07-19T12:01:39Z,spreads,2026-07-19T12:01:38Z,Miami Hurricanes,-110,-23.5,20260719120152693564
NCAAF,americanfootball_ncaaf,5f92cc707afed4249e1e935dbbeacb5e,2026-09-05T01:00:00Z,Stanford Cardinal,Miami Hurricanes,mybookieag,MyBookie.ag,2026-07-19T12:01:39Z,spreads,2026-07-19T12:01:38Z,Stanford Cardinal,-110,23.5,20260719120152693564
NCAAF,americanfootball_ncaaf,5f92cc707afed4249e1e935dbbeacb5e,2026-09-05T01:00:00Z,Stanford Cardinal,Miami Hurricanes,mybookieag,MyBookie.ag,2026-07-19T12:01:39Z,totals,2026-07-19T12:01:38Z,Over,-110,49.5,20260719120152693564
NCAAF,americanfootball_ncaaf,5f92cc707afed4249e1e935dbbeacb5e,2026-09-05T01:00:00Z,Stanford Cardinal,Miami Hurricanes,mybookieag,MyBookie.ag,2026-07-19T12:01:39Z,totals,2026-07-19T12:01:38Z,Under,-110,49.5,20260719120152693564
NCAAF,americanfootball_ncaaf,5f92cc707afed4249e1e935dbbeacb5e,2026-09-05T01:00:00Z,Stanford Cardinal,Miami Hurricanes,betrivers,BetRivers,2026-07-19T12:01:15Z,h2h,2026-07-19T12:01:15Z,Miami Hurricanes,-2500,,20260719120152693564
NCAAF,americanfootball_ncaaf,5f92cc707afed4249e1e935dbbeacb5e,2026-09-05T01:00:00Z,Stanford Cardinal,Miami Hurricanes,betrivers,BetRivers,2026-07-19T12:01:15Z,h2h,2026-07-19T12:01:15Z,Stanford Cardinal,950,,20260719120152693564
NCAAF,americanfootball_ncaaf,5f92cc707afed4249e1e935dbbeacb5e,2026-09-05T01:00:00Z,Stanford Cardinal,Miami Hurricanes,betrivers,BetRivers,2026-07-19T12:01:15Z,spreads,2026-07-19T12:01:15Z,Miami Hurricanes,-112,-22.0,20260719120152693564
NCAAF,americanfootball_ncaaf,5f92cc707afed4249e1e935dbbeacb5e,2026-09-05T01:00:00Z,Stanford Cardinal,Miami Hurricanes,betrivers,BetRivers,2026-07-19T12:01:15Z,spreads,2026-07-19T12:01:15Z,Stanford Cardinal,-112,22.0,20260719120152693564
NCAAF,americanfootball_ncaaf,5f92cc707afed4249e1e935dbbeacb5e,2026-09-05T01:00:00Z,Stanford Cardinal,Miami Hurricanes,betrivers,BetRivers,2026-07-19T12:01:15Z,totals,2026-07-19T12:01:15Z,Over,-112,49.5,20260719120152693564
NCAAF,americanfootball_ncaaf,5f92cc707afed4249e1e935dbbeacb5e,2026-09-05T01:00:00Z,Stanford Cardinal,Miami Hurricanes,betrivers,BetRivers,2026-07-19T12:01:15Z,totals,2026-07-19T12:01:15Z,Under,-112,49.5,20260719120152693564
NCAAF,americanfootball_ncaaf,5f92cc707afed4249e1e935dbbeacb5e,2026-09-05T01:00:00Z,Stanford Cardinal,Miami Hurricanes,betmgm,BetMGM,2026-07-19T12:01:15Z,spreads,2026-07-19T12:01:15Z,Miami Hurricanes,-110,-22.5,20260719120152693564
NCAAF,americanfootball_ncaaf,5f92cc707afed4249e1e935dbbeacb5e,2026-09-05T01:00:00Z,Stanford Cardinal,Miami Hurricanes,betmgm,BetMGM,2026-07-19T12:01:15Z,spreads,2026-07-19T12:01:15Z,Stanford Cardinal,-110,22.5,20260719120152693564
NCAAF,americanfootball_ncaaf,5f92cc707afed4249e1e935dbbeacb5e,2026-09-05T01:00:00Z,Stanford Cardinal,Miami Hurricanes,betmgm,BetMGM,2026-07-19T12:01:15Z,totals,2026-07-19T12:01:15Z,Over,-110,49.5,20260719120152693564
NCAAF,americanfootball_ncaaf,5f92cc707afed4249e1e935dbbeacb5e,2026-09-05T01:00:00Z,Stanford Cardinal,Miami Hurricanes,betmgm,BetMGM,2026-07-19T12:01:15Z,totals,2026-07-19T12:01:15Z,Under,-110,49.5,20260719120152693564
NCAAF,americanfootball_ncaaf,b10ebab18213ecdc575885bfa874b98d,2026-09-05T16:00:00Z,Alabama Crimson Tide,East Carolina Pirates,draftkings,DraftKings,2026-07-19T12:01:13Z,spreads,2026-07-19T12:01:13Z,Alabama Crimson Tide,-112,-26.5,20260719120152693564
NCAAF,americanfootball_ncaaf,b10ebab18213ecdc575885bfa874b98d,2026-09-05T16:00:00Z,Alabama Crimson Tide,East Carolina Pirates,draftkings,DraftKings,2026-07-19T12:01:13Z,spreads,2026-07-19T12:01:13Z,East Carolina Pirates,-108,26.5,20260719120152693564
NCAAF,americanfootball_ncaaf,b10ebab18213ecdc575885bfa874b98d,2026-09-05T16:00:00Z,Alabama Crimson Tide,East Carolina Pirates,draftkings,DraftKings,2026-07-19T12:01:13Z,totals,2026-07-19T12:01:13Z,Over,-108,54.5,20260719120152693564
NCAAF,americanfootball_ncaaf,b10ebab18213ecdc575885bfa874b98d,2026-09-05T16:00:00Z,Alabama Crimson Tide,East Carolina Pirates,draftkings,DraftKings,2026-07-19T12:01:13Z,totals,2026-07-19T12:01:13Z,Under,-112,54.5,20260719120152693564
NCAAF,americanfootball_ncaaf,b10ebab18213ecdc575885bfa874b98d,2026-09-05T16:00:00Z,Alabama Crimson Tide,East Carolina Pirates,betonlineag,BetOnline.ag,2026-07-19T12:01:41Z,spreads,2026-07-19T12:01:41Z,Alabama Crimson Tide,-115,-26.5,20260719120152693564
NCAAF,americanfootball_ncaaf,b10ebab18213ecdc575885bfa874b98d,2026-09-05T16:00:00Z,Alabama Crimson Tide,East Carolina Pirates,betonlineag,BetOnline.ag,2026-07-19T12:01:41Z,spreads,2026-07-19T12:01:41Z,East Carolina Pirates,-105,26.5,20260719120152693564
NCAAF,americanfootball_ncaaf,b10ebab18213ecdc575885bfa874b98d,2026-09-05T16:00:00Z,Alabama Crimson Tide,East Carolina Pirates,betonlineag,BetOnline.ag,2026-07-19T12:01:41Z,totals,2026-07-19T12:01:41Z,Over,-110,54.0,20260719120152693564
NCAAF,americanfootball_ncaaf,b10ebab18213ecdc575885bfa874b98d,2026-09-05T16:00:00Z,Alabama Crimson Tide,East Carolina Pirates,betonlineag,BetOnline.ag,2026-07-19T12:01:41Z,totals,2026-07-19T12:01:41Z,Under,-110,54.0,20260719120152693564
NCAAF,americanfootball_ncaaf,b10ebab18213ecdc575885bfa874b98d,2026-09-05T16:00:00Z,Alabama Crimson Tide,East Carolina Pirates,lowvig,LowVig.ag,2026-07-19T12:00:52Z,spreads,2026-07-19T12:00:52Z,Alabama Crimson Tide,-111,-26.5,20260719120152693564
NCAAF,americanfootball_ncaaf,b10ebab18213ecdc575885bfa874b98d,2026-09-05T16:00:00Z,Alabama Crimson Tide,East Carolina Pirates,lowvig,LowVig.ag,2026-07-19T12:00:52Z,spreads,2026-07-19T12:00:52Z,East Carolina Pirates,-101,26.5,20260719120152693564
NCAAF,americanfootball_ncaaf,b10ebab18213ecdc575885bfa874b98d,2026-09-05T16:00:00Z,Alabama Crimson Tide,East Carolina Pirates,lowvig,LowVig.ag,2026-07-19T12:00:52Z,totals,2026-07-19T12:00:52Z,Over,-108,54.0,20260719120152693564
NCAAF,americanfootball_ncaaf,b10ebab18213ecdc575885bfa874b98d,2026-09-05T16:00:00Z,Alabama Crimson Tide,East Carolina Pirates,lowvig,LowVig.ag,2026-07-19T12:00:52Z,totals,2026-07-19T12:00:52Z,Under,-108,54.0,20260719120152693564
NCAAF,americanfootball_ncaaf,b10ebab18213ecdc575885bfa874b98d,2026-09-05T16:00:00Z,Alabama Crimson Tide,East Carolina Pirates,betus,BetUS,2026-07-19T12:01:14Z,spreads,2026-07-19T12:01:14Z,Alabama Crimson Tide,-115,-26.5,20260719120152693564
NCAAF,americanfootball_ncaaf,b10ebab18213ecdc575885bfa874b98d,2026-09-05T16:00:00Z,Alabama Crimson Tide,East Carolina Pirates,betus,BetUS,2026-07-19T12:01:14Z,spreads,2026-07-19T12:01:14Z,East Carolina Pirates,-105,26.5,20260719120152693564
NCAAF,americanfootball_ncaaf,b10ebab18213ecdc575885bfa874b98d,2026-09-05T16:00:00Z,Alabama Crimson Tide,East Carolina Pirates,betus,BetUS,2026-07-19T12:01:14Z,totals,2026-07-19T12:01:14Z,Over,-110,54.0,20260719120152693564
NCAAF,americanfootball_ncaaf,b10ebab18213ecdc575885bfa874b98d,2026-09-05T16:00:00Z,Alabama Crimson Tide,East Carolina Pirates,betus,BetUS,2026-07-19T12:01:14Z,totals,2026-07-19T12:01:14Z,Under,-110,54.0,20260719120152693564
NCAAF,americanfootball_ncaaf,b10ebab18213ecdc575885bfa874b98d,2026-09-05T16:00:00Z,Alabama Crimson Tide,East Carolina Pirates,bovada,Bovada,2026-07-19T12:01:41Z,spreads,2026-07-19T12:01:41Z,Alabama Crimson Tide,-110,-26.5,20260719120152693564
NCAAF,americanfootball_ncaaf,b10ebab18213ecdc575885bfa874b98d,2026-09-05T16:00:00Z,Alabama Crimson Tide,East Carolina Pirates,bovada,Bovada,2026-07-19T12:01:41Z,spreads,2026-07-19T12:01:41Z,East Carolina Pirates,-110,26.5,20260719120152693564
NCAAF,americanfootball_ncaaf,b10ebab18213ecdc575885bfa874b98d,2026-09-05T16:00:00Z,Alabama Crimson Tide,East Carolina Pirates,bovada,Bovada,2026-07-19T12:01:41Z,totals,2026-07-19T12:01:41Z,Over,-110,54.5,20260719120152693564
NCAAF,americanfootball_ncaaf,b10ebab18213ecdc575885bfa874b98d,2026-09-05T16:00:00Z,Alabama Crimson Tide,East Carolina Pirates,bovada,Bovada,2026-07-19T12:01:41Z,totals,2026-07-19T12:01:41Z,Under,-110,54.5,20260719120152693564
NCAAF,americanfootball_ncaaf,b10ebab18213ecdc575885bfa874b98d,2026-09-05T16:00:00Z,Alabama Crimson Tide,East Carolina Pirates,fanduel,FanDuel,2026-07-19T12:01:38Z,h2h,2026-07-19T12:01:38Z,Alabama Crimson Tide,-4500,,20260719120152693564
NCAAF,americanfootball_ncaaf,b10ebab18213ecdc575885bfa874b98d,2026-09-05T16:00:00Z,Alabama Crimson Tide,East Carolina Pirates,fanduel,FanDuel,2026-07-19T12:01:38Z,h2h,2026-07-19T12:01:38Z,East Carolina Pirates,1600,,20260719120152693564
NCAAF,americanfootball_ncaaf,b10ebab18213ecdc575885bfa874b98d,2026-09-05T16:00:00Z,Alabama Crimson Tide,East Carolina Pirates,fanduel,FanDuel,2026-07-19T12:01:38Z,spreads,2026-07-19T12:01:38Z,Alabama Crimson Tide,-110,-26.5,20260719120152693564
NCAAF,americanfootball_ncaaf,b10ebab18213ecdc575885bfa874b98d,2026-09-05T16:00:00Z,Alabama Crimson Tide,East Carolina Pirates,fanduel,FanDuel,2026-07-19T12:01:38Z,spreads,2026-07-19T12:01:38Z,East Carolina Pirates,-110,26.5,20260719120152693564
NCAAF,americanfootball_ncaaf,b10ebab18213ecdc575885bfa874b98d,2026-09-05T16:00:00Z,Alabama Crimson Tide,East Carolina Pirates,fanduel,FanDuel,2026-07-19T12:01:38Z,totals,2026-07-19T12:01:38Z,Over,-110,54.5,20260719120152693564
NCAAF,americanfootball_ncaaf,b10ebab18213ecdc575885bfa874b98d,2026-09-05T16:00:00Z,Alabama Crimson Tide,East Carolina Pirates,fanduel,FanDuel,2026-07-19T12:01:38Z,totals,2026-07-19T12:01:38Z,Under,-110,54.5,20260719120152693564
NCAAF,americanfootball_ncaaf,b10ebab18213ecdc575885bfa874b98d,2026-09-05T16:00:00Z,Alabama Crimson Tide,East Carolina Pirates,betmgm,BetMGM,2026-07-19T12:01:15Z,spreads,2026-07-19T12:01:15Z,Alabama Crimson Tide,-110,-26.5,20260719120152693564
NCAAF,americanfootball_ncaaf,b10ebab18213ecdc575885bfa874b98d,2026-09-05T16:00:00Z,Alabama Crimson Tide,East Carolina Pirates,betmgm,BetMGM,2026-07-19T12:01:15Z,spreads,2026-07-19T12:01:15Z,East Carolina Pirates,-110,26.5,20260719120152693564
NCAAF,americanfootball_ncaaf,b10ebab18213ecdc575885bfa874b98d,2026-09-05T16:00:00Z,Alabama Crimson Tide,East Carolina Pirates,betmgm,BetMGM,2026-07-19T12:01:15Z,totals,2026-07-19T12:01:15Z,Over,-110,54.5,20260719120152693564
NCAAF,americanfootball_ncaaf,b10ebab18213ecdc575885bfa874b98d,2026-09-05T16:00:00Z,Alabama Crimson Tide,East Carolina Pirates,betmgm,BetMGM,2026-07-19T12:01:15Z,totals,2026-07-19T12:01:15Z,Under,-110,54.5,20260719120152693564
NCAAF,americanfootball_ncaaf,b10ebab18213ecdc575885bfa874b98d,2026-09-05T16:00:00Z,Alabama Crimson Tide,East Carolina Pirates,betrivers,BetRivers,2026-07-19T12:01:15Z,spreads,2026-07-19T12:01:15Z,Alabama Crimson Tide,-109,-26.5,20260719120152693564
NCAAF,americanfootball_ncaaf,b10ebab18213ecdc575885bfa874b98d,2026-09-05T16:00:00Z,Alabama Crimson Tide,East Carolina Pirates,betrivers,BetRivers,2026-07-19T12:01:15Z,spreads,2026-07-19T12:01:15Z,East Carolina Pirates,-114,26.5,20260719120152693564
NCAAF,americanfootball_ncaaf,b10ebab18213ecdc575885bfa874b98d,2026-09-05T16:00:00Z,Alabama Crimson Tide,East Carolina Pirates,betrivers,BetRivers,2026-07-19T12:01:15Z,totals,2026-07-19T12:01:15Z,Over,-109,54.5,20260719120152693564
NCAAF,americanfootball_ncaaf,b10ebab18213ecdc575885bfa874b98d,2026-09-05T16:00:00Z,Alabama Crimson Tide,East Carolina Pirates,betrivers,BetRivers,2026-07-19T12:01:15Z,totals,2026-07-19T12:01:15Z,Under,-114,54.5,20260719120152693564
NCAAF,americanfootball_ncaaf,b10ebab18213ecdc575885bfa874b98d,2026-09-05T16:00:00Z,Alabama Crimson Tide,East Carolina Pirates,mybookieag,MyBookie.ag,2026-07-19T12:01:39Z,h2h,2026-07-19T12:01:38Z,Alabama Crimson Tide,-4000,,20260719120152693564
NCAAF,americanfootball_ncaaf,b10ebab18213ecdc575885bfa874b98d,2026-09-05T16:00:00Z,Alabama Crimson Tide,East Carolina Pirates,mybookieag,MyBookie.ag,2026-07-19T12:01:39Z,h2h,2026-07-19T12:01:38Z,East Carolina Pirates,1050,,20260719120152693564
NCAAF,americanfootball_ncaaf,b10ebab18213ecdc575885bfa874b98d,2026-09-05T16:00:00Z,Alabama Crimson Tide,East Carolina Pirates,mybookieag,MyBookie.ag,2026-07-19T12:01:39Z,spreads,2026-07-19T12:01:38Z,Alabama Crimson Tide,-110,-26.5,20260719120152693564
NCAAF,americanfootball_ncaaf,b10ebab18213ecdc575885bfa874b98d,2026-09-05T16:00:00Z,Alabama Crimson Tide,East Carolina Pirates,mybookieag,MyBookie.ag,2026-07-19T12:01:39Z,spreads,2026-07-19T12:01:38Z,East Carolina Pirates,-110,26.5,20260719120152693564
NCAAF,americanfootball_ncaaf,b10ebab18213ecdc575885bfa874b98d,2026-09-05T16:00:00Z,Alabama Crimson Tide,East Carolina Pirates,mybookieag,MyBookie.ag,2026-07-19T12:01:39Z,totals,2026-07-19T12:01:38Z,Over,-110,54.0,20260719120152693564
NCAAF,americanfootball_ncaaf,b10ebab18213ecdc575885bfa874b98d,2026-09-05T16:00:00Z,Alabama Crimson Tide,East Carolina Pirates,mybookieag,MyBookie.ag,2026-07-19T12:01:39Z,totals,2026-07-19T12:01:38Z,Under,-110,54.0,20260719120152693564
NCAAF,americanfootball_ncaaf,185883640e8f90f283915ddadb0230a3,2026-09-05T16:00:00Z,West Virginia Mountaineers,Coastal Carolina Chanticleers,draftkings,DraftKings,2026-07-19T12:01:13Z,h2h,2026-07-19T12:01:13Z,Coastal Carolina Chanticleers,850,,20260719120152693564
NCAAF,americanfootball_ncaaf,185883640e8f90f283915ddadb0230a3,2026-09-05T16:00:00Z,West Virginia Mountaineers,Coastal Carolina Chanticleers,draftkings,DraftKings,2026-07-19T12:01:13Z,h2h,2026-07-19T12:01:13Z,West Virginia Mountaineers,-1450,,20260719120152693564
NCAAF,americanfootball_ncaaf,185883640e8f90f283915ddadb0230a3,2026-09-05T16:00:00Z,West Virginia Mountaineers,Coastal Carolina Chanticleers,draftkings,DraftKings,2026-07-19T12:01:13Z,spreads,2026-07-19T12:01:13Z,Coastal Carolina Chanticleers,-108,19.5,20260719120152693564
NCAAF,americanfootball_ncaaf,185883640e8f90f283915ddadb0230a3,2026-09-05T16:00:00Z,West Virginia Mountaineers,Coastal Carolina Chanticleers,draftkings,DraftKings,2026-07-19T12:01:13Z,spreads,2026-07-19T12:01:13Z,West Virginia Mountaineers,-112,-19.5,20260719120152693564
NCAAF,americanfootball_ncaaf,185883640e8f90f283915ddadb0230a3,2026-09-05T16:00:00Z,West Virginia Mountaineers,Coastal Carolina Chanticleers,draftkings,DraftKings,2026-07-19T12:01:13Z,totals,2026-07-19T12:01:13Z,Over,-115,57.5,20260719120152693564
NCAAF,americanfootball_ncaaf,185883640e8f90f283915ddadb0230a3,2026-09-05T16:00:00Z,West Virginia Mountaineers,Coastal Carolina Chanticleers,draftkings,DraftKings,2026-07-19T12:01:13Z,totals,2026-07-19T12:01:13Z,Under,-105,57.5,20260719120152693564
NCAAF,americanfootball_ncaaf,185883640e8f90f283915ddadb0230a3,2026-09-05T16:00:00Z,West Virginia Mountaineers,Coastal Carolina Chanticleers,lowvig,LowVig.ag,2026-07-19T12:00:52Z,spreads,2026-07-19T12:00:52Z,Coastal Carolina Chanticleers,-101,20.5,20260719120152693564
NCAAF,americanfootball_ncaaf,185883640e8f90f283915ddadb0230a3,2026-09-05T16:00:00Z,West Virginia Mountaineers,Coastal Carolina Chanticleers,lowvig,LowVig.ag,2026-07-19T12:00:52Z,spreads,2026-07-19T12:00:52Z,West Virginia Mountaineers,-111,-20.5,20260719120152693564
NCAAF,americanfootball_ncaaf,185883640e8f90f283915ddadb0230a3,2026-09-05T16:00:00Z,West Virginia Mountaineers,Coastal Carolina Chanticleers,lowvig,LowVig.ag,2026-07-19T12:00:52Z,totals,2026-07-19T12:00:52Z,Over,-108,58.0,20260719120152693564
NCAAF,americanfootball_ncaaf,185883640e8f90f283915ddadb0230a3,2026-09-05T16:00:00Z,West Virginia Mountaineers,Coastal Carolina Chanticleers,lowvig,LowVig.ag,2026-07-19T12:00:52Z,totals,2026-07-19T12:00:52Z,Under,-108,58.0,20260719120152693564
NCAAF,americanfootball_ncaaf,185883640e8f90f283915ddadb0230a3,2026-09-05T16:00:00Z,West Virginia Mountaineers,Coastal Carolina Chanticleers,betonlineag,BetOnline.ag,2026-07-19T12:01:41Z,spreads,2026-07-19T12:01:41Z,Coastal Carolina Chanticleers,-105,20.5,20260719120152693564
NCAAF,americanfootball_ncaaf,185883640e8f90f283915ddadb0230a3,2026-09-05T16:00:00Z,West Virginia Mountaineers,Coastal Carolina Chanticleers,betonlineag,BetOnline.ag,2026-07-19T12:01:41Z,spreads,2026-07-19T12:01:41Z,West Virginia Mountaineers,-115,-20.5,20260719120152693564
NCAAF,americanfootball_ncaaf,185883640e8f90f283915ddadb0230a3,2026-09-05T16:00:00Z,West Virginia Mountaineers,Coastal Carolina Chanticleers,betonlineag,BetOnline.ag,2026-07-19T12:01:41Z,totals,2026-07-19T12:01:41Z,Over,-110,58.0,20260719120152693564
NCAAF,americanfootball_ncaaf,185883640e8f90f283915ddadb0230a3,2026-09-05T16:00:00Z,West Virginia Mountaineers,Coastal Carolina Chanticleers,betonlineag,BetOnline.ag,2026-07-19T12:01:41Z,totals,2026-07-19T12:01:41Z,Under,-110,58.0,20260719120152693564
NCAAF,americanfootball_ncaaf,185883640e8f90f283915ddadb0230a3,2026-09-05T16:00:00Z,West Virginia Mountaineers,Coastal Carolina Chanticleers,betus,BetUS,2026-07-19T12:01:14Z,spreads,2026-07-19T12:01:14Z,Coastal Carolina Chanticleers,-105,20.5,20260719120152693564
NCAAF,americanfootball_ncaaf,185883640e8f90f283915ddadb0230a3,2026-09-05T16:00:00Z,West Virginia Mountaineers,Coastal Carolina Chanticleers,betus,BetUS,2026-07-19T12:01:14Z,spreads,2026-07-19T12:01:14Z,West Virginia Mountaineers,-115,-20.5,20260719120152693564
NCAAF,americanfootball_ncaaf,185883640e8f90f283915ddadb0230a3,2026-09-05T16:00:00Z,West Virginia Mountaineers,Coastal Carolina Chanticleers,betus,BetUS,2026-07-19T12:01:14Z,totals,2026-07-19T12:01:14Z,Over,-110,58.0,20260719120152693564
NCAAF,americanfootball_ncaaf,185883640e8f90f283915ddadb0230a3,2026-09-05T16:00:00Z,West Virginia Mountaineers,Coastal Carolina Chanticleers,betus,BetUS,2026-07-19T12:01:14Z,totals,2026-07-19T12:01:14Z,Under,-110,58.0,20260719120152693564
NCAAF,americanfootball_ncaaf,185883640e8f90f283915ddadb0230a3,2026-09-05T16:00:00Z,West Virginia Mountaineers,Coastal Carolina Chanticleers,bovada,Bovada,2026-07-19T12:01:41Z,h2h,2026-07-19T12:01:41Z,Coastal Carolina Chanticleers,850,,20260719120152693564
NCAAF,americanfootball_ncaaf,185883640e8f90f283915ddadb0230a3,2026-09-05T16:00:00Z,West Virginia Mountaineers,Coastal Carolina Chanticleers,bovada,Bovada,2026-07-19T12:01:41Z,h2h,2026-07-19T12:01:41Z,West Virginia Mountaineers,-1800,,20260719120152693564
NCAAF,americanfootball_ncaaf,185883640e8f90f283915ddadb0230a3,2026-09-05T16:00:00Z,West Virginia Mountaineers,Coastal Carolina Chanticleers,bovada,Bovada,2026-07-19T12:01:41Z,spreads,2026-07-19T12:01:41Z,Coastal Carolina Chanticleers,-110,19.5,20260719120152693564
NCAAF,americanfootball_ncaaf,185883640e8f90f283915ddadb0230a3,2026-09-05T16:00:00Z,West Virginia Mountaineers,Coastal Carolina Chanticleers,bovada,Bovada,2026-07-19T12:01:41Z,spreads,2026-07-19T12:01:41Z,West Virginia Mountaineers,-110,-19.5,20260719120152693564
NCAAF,americanfootball_ncaaf,185883640e8f90f283915ddadb0230a3,2026-09-05T16:00:00Z,West Virginia Mountaineers,Coastal Carolina Chanticleers,bovada,Bovada,2026-07-19T12:01:41Z,totals,2026-07-19T12:01:41Z,Over,-115,57.5,20260719120152693564
NCAAF,americanfootball_ncaaf,185883640e8f90f283915ddadb0230a3,2026-09-05T16:00:00Z,West Virginia Mountaineers,Coastal Carolina Chanticleers,bovada,Bovada,2026-07-19T12:01:41Z,totals,2026-07-19T12:01:41Z,Under,-105,57.5,20260719120152693564
NCAAF,americanfootball_ncaaf,185883640e8f90f283915ddadb0230a3,2026-09-05T16:00:00Z,West Virginia Mountaineers,Coastal Carolina Chanticleers,fanduel,FanDuel,2026-07-19T12:01:38Z,h2h,2026-07-19T12:01:38Z,Coastal Carolina Chanticleers,890,,20260719120152693564
NCAAF,americanfootball_ncaaf,185883640e8f90f283915ddadb0230a3,2026-09-05T16:00:00Z,West Virginia Mountaineers,Coastal Carolina Chanticleers,fanduel,FanDuel,2026-07-19T12:01:38Z,h2h,2026-07-19T12:01:38Z,West Virginia Mountaineers,-1700,,20260719120152693564
NCAAF,americanfootball_ncaaf,185883640e8f90f283915ddadb0230a3,2026-09-05T16:00:00Z,West Virginia Mountaineers,Coastal Carolina Chanticleers,fanduel,FanDuel,2026-07-19T12:01:38Z,spreads,2026-07-19T12:01:38Z,Coastal Carolina Chanticleers,-115,20.5,20260719120152693564
NCAAF,americanfootball_ncaaf,185883640e8f90f283915ddadb0230a3,2026-09-05T16:00:00Z,West Virginia Mountaineers,Coastal Carolina Chanticleers,fanduel,FanDuel,2026-07-19T12:01:38Z,spreads,2026-07-19T12:01:38Z,West Virginia Mountaineers,-105,-20.5,20260719120152693564
NCAAF,americanfootball_ncaaf,185883640e8f90f283915ddadb0230a3,2026-09-05T16:00:00Z,West Virginia Mountaineers,Coastal Carolina Chanticleers,fanduel,FanDuel,2026-07-19T12:01:38Z,totals,2026-07-19T12:01:38Z,Over,-105,58.5,20260719120152693564
NCAAF,americanfootball_ncaaf,185883640e8f90f283915ddadb0230a3,2026-09-05T16:00:00Z,West Virginia Mountaineers,Coastal Carolina Chanticleers,fanduel,FanDuel,2026-07-19T12:01:38Z,totals,2026-07-19T12:01:38Z,Under,-115,58.5,20260719120152693564
NCAAF,americanfootball_ncaaf,185883640e8f90f283915ddadb0230a3,2026-09-05T16:00:00Z,West Virginia Mountaineers,Coastal Carolina Chanticleers,betmgm,BetMGM,2026-07-19T12:01:15Z,spreads,2026-07-19T12:01:15Z,Coastal Carolina Chanticleers,-105,20.5,20260719120152693564
NCAAF,americanfootball_ncaaf,185883640e8f90f283915ddadb0230a3,2026-09-05T16:00:00Z,West Virginia Mountaineers,Coastal Carolina Chanticleers,betmgm,BetMGM,2026-07-19T12:01:15Z,spreads,2026-07-19T12:01:15Z,West Virginia Mountaineers,-115,-20.5,20260719120152693564
NCAAF,americanfootball_ncaaf,185883640e8f90f283915ddadb0230a3,2026-09-05T16:00:00Z,West Virginia Mountaineers,Coastal Carolina Chanticleers,betmgm,BetMGM,2026-07-19T12:01:15Z,totals,2026-07-19T12:01:15Z,Over,-110,58.5,20260719120152693564
NCAAF,americanfootball_ncaaf,185883640e8f90f283915ddadb0230a3,2026-09-05T16:00:00Z,West Virginia Mountaineers,Coastal Carolina Chanticleers,betmgm,BetMGM,2026-07-19T12:01:15Z,totals,2026-07-19T12:01:15Z,Under,-110,58.5,20260719120152693564
NCAAF,americanfootball_ncaaf,185883640e8f90f283915ddadb0230a3,2026-09-05T16:00:00Z,West Virginia Mountaineers,Coastal Carolina Chanticleers,mybookieag,MyBookie.ag,2026-07-19T12:01:39Z,h2h,2026-07-19T12:01:39Z,Coastal Carolina Chanticleers,640,,20260719120152693564
NCAAF,americanfootball_ncaaf,185883640e8f90f283915ddadb0230a3,2026-09-05T16:00:00Z,West Virginia Mountaineers,Coastal Carolina Chanticleers,mybookieag,MyBookie.ag,2026-07-19T12:01:39Z,h2h,2026-07-19T12:01:39Z,West Virginia Mountaineers,-1205,,20260719120152693564
NCAAF,americanfootball_ncaaf,185883640e8f90f283915ddadb0230a3,2026-09-05T16:00:00Z,West Virginia Mountaineers,Coastal Carolina Chanticleers,mybookieag,MyBookie.ag,2026-07-19T12:01:39Z,spreads,2026-07-19T12:01:39Z,Coastal Carolina Chanticleers,-110,19.5,20260719120152693564
NCAAF,americanfootball_ncaaf,185883640e8f90f283915ddadb0230a3,2026-09-05T16:00:00Z,West Virginia Mountaineers,Coastal Carolina Chanticleers,mybookieag,MyBookie.ag,2026-07-19T12:01:39Z,spreads,2026-07-19T12:01:39Z,West Virginia Mountaineers,-110,-19.5,20260719120152693564
NCAAF,americanfootball_ncaaf,185883640e8f90f283915ddadb0230a3,2026-09-05T16:00:00Z,West Virginia Mountaineers,Coastal Carolina Chanticleers,mybookieag,MyBookie.ag,2026-07-19T12:01:39Z,totals,2026-07-19T12:01:39Z,Over,-110,58.0,20260719120152693564
NCAAF,americanfootball_ncaaf,185883640e8f90f283915ddadb0230a3,2026-09-05T16:00:00Z,West Virginia Mountaineers,Coastal Carolina Chanticleers,mybookieag,MyBookie.ag,2026-07-19T12:01:39Z,totals,2026-07-19T12:01:39Z,Under,-110,58.0,20260719120152693564
NCAAF,americanfootball_ncaaf,185883640e8f90f283915ddadb0230a3,2026-09-05T16:00:00Z,West Virginia Mountaineers,Coastal Carolina Chanticleers,betrivers,BetRivers,2026-07-19T12:01:15Z,h2h,2026-07-19T12:01:15Z,Coastal Carolina Chanticleers,800,,20260719120152693564
NCAAF,americanfootball_ncaaf,185883640e8f90f283915ddadb0230a3,2026-09-05T16:00:00Z,West Virginia Mountaineers,Coastal Carolina Chanticleers,betrivers,BetRivers,2026-07-19T12:01:15Z,h2h,2026-07-19T12:01:15Z,West Virginia Mountaineers,-1667,,20260719120152693564
NCAAF,americanfootball_ncaaf,185883640e8f90f283915ddadb0230a3,2026-09-05T16:00:00Z,West Virginia Mountaineers,Coastal Carolina Chanticleers,betrivers,BetRivers,2026-07-19T12:01:15Z,spreads,2026-07-19T12:01:15Z,Coastal Carolina Chanticleers,-112,20.0,20260719120152693564
NCAAF,americanfootball_ncaaf,185883640e8f90f283915ddadb0230a3,2026-09-05T16:00:00Z,West Virginia Mountaineers,Coastal Carolina Chanticleers,betrivers,BetRivers,2026-07-19T12:01:15Z,spreads,2026-07-19T12:01:15Z,West Virginia Mountaineers,-112,-20.0,20260719120152693564
NCAAF,americanfootball_ncaaf,185883640e8f90f283915ddadb0230a3,2026-09-05T16:00:00Z,West Virginia Mountaineers,Coastal Carolina Chanticleers,betrivers,BetRivers,2026-07-19T12:01:15Z,totals,2026-07-19T12:01:15Z,Over,-109,58.5,20260719120152693564
NCAAF,americanfootball_ncaaf,185883640e8f90f283915ddadb0230a3,2026-09-05T16:00:00Z,West Virginia Mountaineers,Coastal Carolina Chanticleers,betrivers,BetRivers,2026-07-19T12:01:15Z,totals,2026-07-19T12:01:15Z,Under,-114,58.5,20260719120152693564
NCAAF,americanfootball_ncaaf,4289d82f1cd4747962ff68c9098c6dcc,2026-09-05T16:00:00Z,Houston Cougars,Oregon State Beavers,draftkings,DraftKings,2026-07-19T12:01:13Z,h2h,2026-07-19T12:01:13Z,Houston Cougars,-1200,,20260719120152693564
NCAAF,americanfootball_ncaaf,4289d82f1cd4747962ff68c9098c6dcc,2026-09-05T16:00:00Z,Houston Cougars,Oregon State Beavers,draftkings,DraftKings,2026-07-19T12:01:13Z,h2h,2026-07-19T12:01:13Z,Oregon State Beavers,750,,20260719120152693564
NCAAF,americanfootball_ncaaf,4289d82f1cd4747962ff68c9098c6dcc,2026-09-05T16:00:00Z,Houston Cougars,Oregon State Beavers,draftkings,DraftKings,2026-07-19T12:01:13Z,spreads,2026-07-19T12:01:13Z,Houston Cougars,-110,-18.5,20260719120152693564
NCAAF,americanfootball_ncaaf,4289d82f1cd4747962ff68c9098c6dcc,2026-09-05T16:00:00Z,Houston Cougars,Oregon State Beavers,draftkings,DraftKings,2026-07-19T12:01:13Z,spreads,2026-07-19T12:01:13Z,Oregon State Beavers,-110,18.5,20260719120152693564
NCAAF,americanfootball_ncaaf,4289d82f1cd4747962ff68c9098c6dcc,2026-09-05T16:00:00Z,Houston Cougars,Oregon State Beavers,draftkings,DraftKings,2026-07-19T12:01:13Z,totals,2026-07-19T12:01:13Z,Over,102,51.5,20260719120152693564
NCAAF,americanfootball_ncaaf,4289d82f1cd4747962ff68c9098c6dcc,2026-09-05T16:00:00Z,Houston Cougars,Oregon State Beavers,draftkings,DraftKings,2026-07-19T12:01:13Z,totals,2026-07-19T12:01:13Z,Under,-122,51.5,20260719120152693564
NCAAF,americanfootball_ncaaf,4289d82f1cd4747962ff68c9098c6dcc,2026-09-05T16:00:00Z,Houston Cougars,Oregon State Beavers,betonlineag,BetOnline.ag,2026-07-19T12:01:41Z,spreads,2026-07-19T12:01:41Z,Houston Cougars,-110,-18.5,20260719120152693564
NCAAF,americanfootball_ncaaf,4289d82f1cd4747962ff68c9098c6dcc,2026-09-05T16:00:00Z,Houston Cougars,Oregon State Beavers,betonlineag,BetOnline.ag,2026-07-19T12:01:41Z,spreads,2026-07-19T12:01:41Z,Oregon State Beavers,-110,18.5,20260719120152693564
NCAAF,americanfootball_ncaaf,4289d82f1cd4747962ff68c9098c6dcc,2026-09-05T16:00:00Z,Houston Cougars,Oregon State Beavers,betonlineag,BetOnline.ag,2026-07-19T12:01:41Z,totals,2026-07-19T12:01:41Z,Over,-110,51.0,20260719120152693564
NCAAF,americanfootball_ncaaf,4289d82f1cd4747962ff68c9098c6dcc,2026-09-05T16:00:00Z,Houston Cougars,Oregon State Beavers,betonlineag,BetOnline.ag,2026-07-19T12:01:41Z,totals,2026-07-19T12:01:41Z,Under,-110,51.0,20260719120152693564
NCAAF,americanfootball_ncaaf,4289d82f1cd4747962ff68c9098c6dcc,2026-09-05T16:00:00Z,Houston Cougars,Oregon State Beavers,lowvig,LowVig.ag,2026-07-19T12:00:52Z,spreads,2026-07-19T12:00:52Z,Houston Cougars,-106,-18.5,20260719120152693564
NCAAF,americanfootball_ncaaf,4289d82f1cd4747962ff68c9098c6dcc,2026-09-05T16:00:00Z,Houston Cougars,Oregon State Beavers,lowvig,LowVig.ag,2026-07-19T12:00:52Z,spreads,2026-07-19T12:00:52Z,Oregon State Beavers,-106,18.5,20260719120152693564
NCAAF,americanfootball_ncaaf,4289d82f1cd4747962ff68c9098c6dcc,2026-09-05T16:00:00Z,Houston Cougars,Oregon State Beavers,lowvig,LowVig.ag,2026-07-19T12:00:52Z,totals,2026-07-19T12:00:52Z,Over,-108,51.0,20260719120152693564
NCAAF,americanfootball_ncaaf,4289d82f1cd4747962ff68c9098c6dcc,2026-09-05T16:00:00Z,Houston Cougars,Oregon State Beavers,lowvig,LowVig.ag,2026-07-19T12:00:52Z,totals,2026-07-19T12:00:52Z,Under,-108,51.0,20260719120152693564
NCAAF,americanfootball_ncaaf,4289d82f1cd4747962ff68c9098c6dcc,2026-09-05T16:00:00Z,Houston Cougars,Oregon State Beavers,betus,BetUS,2026-07-19T12:01:14Z,spreads,2026-07-19T12:01:14Z,Houston Cougars,-110,-18.5,20260719120152693564
NCAAF,americanfootball_ncaaf,4289d82f1cd4747962ff68c9098c6dcc,2026-09-05T16:00:00Z,Houston Cougars,Oregon State Beavers,betus,BetUS,2026-07-19T12:01:14Z,spreads,2026-07-19T12:01:14Z,Oregon State Beavers,-110,18.5,20260719120152693564
NCAAF,americanfootball_ncaaf,4289d82f1cd4747962ff68c9098c6dcc,2026-09-05T16:00:00Z,Houston Cougars,Oregon State Beavers,betus,BetUS,2026-07-19T12:01:14Z,totals,2026-07-19T12:01:14Z,Over,-110,51.0,20260719120152693564
NCAAF,americanfootball_ncaaf,4289d82f1cd4747962ff68c9098c6dcc,2026-09-05T16:00:00Z,Houston Cougars,Oregon State Beavers,betus,BetUS,2026-07-19T12:01:14Z,totals,2026-07-19T12:01:14Z,Under,-110,51.0,20260719120152693564
NCAAF,americanfootball_ncaaf,4289d82f1cd4747962ff68c9098c6dcc,2026-09-05T16:00:00Z,Houston Cougars,Oregon State Beavers,bovada,Bovada,2026-07-19T12:01:41Z,h2h,2026-07-19T12:01:41Z,Houston Cougars,-1300,,20260719120152693564
NCAAF,americanfootball_ncaaf,4289d82f1cd4747962ff68c9098c6dcc,2026-09-05T16:00:00Z,Houston Cougars,Oregon State Beavers,bovada,Bovada,2026-07-19T12:01:41Z,h2h,2026-07-19T12:01:41Z,Oregon State Beavers,725,,20260719120152693564
NCAAF,americanfootball_ncaaf,4289d82f1cd4747962ff68c9098c6dcc,2026-09-05T16:00:00Z,Houston Cougars,Oregon State Beavers,bovada,Bovada,2026-07-19T12:01:41Z,spreads,2026-07-19T12:01:41Z,Houston Cougars,-110,-18.5,20260719120152693564
NCAAF,americanfootball_ncaaf,4289d82f1cd4747962ff68c9098c6dcc,2026-09-05T16:00:00Z,Houston Cougars,Oregon State Beavers,bovada,Bovada,2026-07-19T12:01:41Z,spreads,2026-07-19T12:01:41Z,Oregon State Beavers,-110,18.5,20260719120152693564
NCAAF,americanfootball_ncaaf,4289d82f1cd4747962ff68c9098c6dcc,2026-09-05T16:00:00Z,Houston Cougars,Oregon State Beavers,bovada,Bovada,2026-07-19T12:01:41Z,totals,2026-07-19T12:01:41Z,Over,105,51.5,20260719120152693564
NCAAF,americanfootball_ncaaf,4289d82f1cd4747962ff68c9098c6dcc,2026-09-05T16:00:00Z,Houston Cougars,Oregon State Beavers,bovada,Bovada,2026-07-19T12:01:41Z,totals,2026-07-19T12:01:41Z,Under,-125,51.5,20260719120152693564
NCAAF,americanfootball_ncaaf,4289d82f1cd4747962ff68c9098c6dcc,2026-09-05T16:00:00Z,Houston Cougars,Oregon State Beavers,fanduel,FanDuel,2026-07-19T12:01:38Z,h2h,2026-07-19T12:01:38Z,Houston Cougars,-1400,,20260719120152693564
NCAAF,americanfootball_ncaaf,4289d82f1cd4747962ff68c9098c6dcc,2026-09-05T16:00:00Z,Houston Cougars,Oregon State Beavers,fanduel,FanDuel,2026-07-19T12:01:38Z,h2h,2026-07-19T12:01:38Z,Oregon State Beavers,800,,20260719120152693564
NCAAF,americanfootball_ncaaf,4289d82f1cd4747962ff68c9098c6dcc,2026-09-05T16:00:00Z,Houston Cougars,Oregon State Beavers,fanduel,FanDuel,2026-07-19T12:01:38Z,spreads,2026-07-19T12:01:38Z,Houston Cougars,-110,-18.5,20260719120152693564
NCAAF,americanfootball_ncaaf,4289d82f1cd4747962ff68c9098c6dcc,2026-09-05T16:00:00Z,Houston Cougars,Oregon State Beavers,fanduel,FanDuel,2026-07-19T12:01:38Z,spreads,2026-07-19T12:01:38Z,Oregon State Beavers,-110,18.5,20260719120152693564
NCAAF,americanfootball_ncaaf,4289d82f1cd4747962ff68c9098c6dcc,2026-09-05T16:00:00Z,Houston Cougars,Oregon State Beavers,fanduel,FanDuel,2026-07-19T12:01:38Z,totals,2026-07-19T12:01:38Z,Over,-115,50.5,20260719120152693564
NCAAF,americanfootball_ncaaf,4289d82f1cd4747962ff68c9098c6dcc,2026-09-05T16:00:00Z,Houston Cougars,Oregon State Beavers,fanduel,FanDuel,2026-07-19T12:01:38Z,totals,2026-07-19T12:01:38Z,Under,-105,50.5,20260719120152693564
NCAAF,americanfootball_ncaaf,4289d82f1cd4747962ff68c9098c6dcc,2026-09-05T16:00:00Z,Houston Cougars,Oregon State Beavers,betmgm,BetMGM,2026-07-19T12:01:15Z,spreads,2026-07-19T12:01:15Z,Houston Cougars,-110,-18.5,20260719120152693564
NCAAF,americanfootball_ncaaf,4289d82f1cd4747962ff68c9098c6dcc,2026-09-05T16:00:00Z,Houston Cougars,Oregon State Beavers,betmgm,BetMGM,2026-07-19T12:01:15Z,spreads,2026-07-19T12:01:15Z,Oregon State Beavers,-110,18.5,20260719120152693564
NCAAF,americanfootball_ncaaf,4289d82f1cd4747962ff68c9098c6dcc,2026-09-05T16:00:00Z,Houston Cougars,Oregon State Beavers,betmgm,BetMGM,2026-07-19T12:01:15Z,totals,2026-07-19T12:01:15Z,Over,100,51.5,20260719120152693564
NCAAF,americanfootball_ncaaf,4289d82f1cd4747962ff68c9098c6dcc,2026-09-05T16:00:00Z,Houston Cougars,Oregon State Beavers,betmgm,BetMGM,2026-07-19T12:01:15Z,totals,2026-07-19T12:01:15Z,Under,-120,51.5,20260719120152693564
NCAAF,americanfootball_ncaaf,4289d82f1cd4747962ff68c9098c6dcc,2026-09-05T16:00:00Z,Houston Cougars,Oregon State Beavers,mybookieag,MyBookie.ag,2026-07-19T12:01:39Z,h2h,2026-07-19T12:01:39Z,Houston Cougars,-1587,,20260719120152693564
NCAAF,americanfootball_ncaaf,4289d82f1cd4747962ff68c9098c6dcc,2026-09-05T16:00:00Z,Houston Cougars,Oregon State Beavers,mybookieag,MyBookie.ag,2026-07-19T12:01:39Z,h2h,2026-07-19T12:01:39Z,Oregon State Beavers,730,,20260719120152693564
NCAAF,americanfootball_ncaaf,4289d82f1cd4747962ff68c9098c6dcc,2026-09-05T16:00:00Z,Houston Cougars,Oregon State Beavers,mybookieag,MyBookie.ag,2026-07-19T12:01:39Z,spreads,2026-07-19T12:01:39Z,Houston Cougars,-110,-18.5,20260719120152693564
NCAAF,americanfootball_ncaaf,4289d82f1cd4747962ff68c9098c6dcc,2026-09-05T16:00:00Z,Houston Cougars,Oregon State Beavers,mybookieag,MyBookie.ag,2026-07-19T12:01:39Z,spreads,2026-07-19T12:01:39Z,Oregon State Beavers,-110,18.5,20260719120152693564
NCAAF,americanfootball_ncaaf,4289d82f1cd4747962ff68c9098c6dcc,2026-09-05T16:00:00Z,Houston Cougars,Oregon State Beavers,mybookieag,MyBookie.ag,2026-07-19T12:01:39Z,totals,2026-07-19T12:01:39Z,Over,-110,51.5,20260719120152693564
NCAAF,americanfootball_ncaaf,4289d82f1cd4747962ff68c9098c6dcc,2026-09-05T16:00:00Z,Houston Cougars,Oregon State Beavers,mybookieag,MyBookie.ag,2026-07-19T12:01:39Z,totals,2026-07-19T12:01:39Z,Under,-110,51.5,20260719120152693564
NCAAF,americanfootball_ncaaf,4289d82f1cd4747962ff68c9098c6dcc,2026-09-05T16:00:00Z,Houston Cougars,Oregon State Beavers,betrivers,BetRivers,2026-07-19T12:01:15Z,h2h,2026-07-19T12:01:15Z,Houston Cougars,-1250,,20260719120152693564
NCAAF,americanfootball_ncaaf,4289d82f1cd4747962ff68c9098c6dcc,2026-09-05T16:00:00Z,Houston Cougars,Oregon State Beavers,betrivers,BetRivers,2026-07-19T12:01:15Z,h2h,2026-07-19T12:01:15Z,Oregon State Beavers,700,,20260719120152693564
NCAAF,americanfootball_ncaaf,4289d82f1cd4747962ff68c9098c6dcc,2026-09-05T16:00:00Z,Houston Cougars,Oregon State Beavers,betrivers,BetRivers,2026-07-19T12:01:15Z,spreads,2026-07-19T12:01:15Z,Houston Cougars,-112,-18.5,20260719120152693564
NCAAF,americanfootball_ncaaf,4289d82f1cd4747962ff68c9098c6dcc,2026-09-05T16:00:00Z,Houston Cougars,Oregon State Beavers,betrivers,BetRivers,2026-07-19T12:01:15Z,spreads,2026-07-19T12:01:15Z,Oregon State Beavers,-112,18.5,20260719120152693564
NCAAF,americanfootball_ncaaf,4289d82f1cd4747962ff68c9098c6dcc,2026-09-05T16:00:00Z,Houston Cougars,Oregon State Beavers,betrivers,BetRivers,2026-07-19T12:01:15Z,totals,2026-07-19T12:01:15Z,Over,-114,50.5,20260719120152693564
NCAAF,americanfootball_ncaaf,4289d82f1cd4747962ff68c9098c6dcc,2026-09-05T16:00:00Z,Houston Cougars,Oregon State Beavers,betrivers,BetRivers,2026-07-19T12:01:15Z,totals,2026-07-19T12:01:15Z,Under,-109,50.5,20260719120152693564
NCAAF,americanfootball_ncaaf,e599d006aed0025ea9182d6763be6fd7,2026-09-05T16:00:00Z,Indiana Hoosiers,North Texas Mean Green,draftkings,DraftKings,2026-07-19T12:01:13Z,spreads,2026-07-19T12:01:13Z,Indiana Hoosiers,-110,-40.5,20260719120152693564
NCAAF,americanfootball_ncaaf,e599d006aed0025ea9182d6763be6fd7,2026-09-05T16:00:00Z,Indiana Hoosiers,North Texas Mean Green,draftkings,DraftKings,2026-07-19T12:01:13Z,spreads,2026-07-19T12:01:13Z,North Texas Mean Green,-110,40.5,20260719120152693564
NCAAF,americanfootball_ncaaf,e599d006aed0025ea9182d6763be6fd7,2026-09-05T16:00:00Z,Indiana Hoosiers,North Texas Mean Green,draftkings,DraftKings,2026-07-19T12:01:13Z,totals,2026-07-19T12:01:13Z,Over,-118,55.5,20260719120152693564
NCAAF,americanfootball_ncaaf,e599d006aed0025ea9182d6763be6fd7,2026-09-05T16:00:00Z,Indiana Hoosiers,North Texas Mean Green,draftkings,DraftKings,2026-07-19T12:01:13Z,totals,2026-07-19T12:01:13Z,Under,-102,55.5,20260719120152693564
NCAAF,americanfootball_ncaaf,e599d006aed0025ea9182d6763be6fd7,2026-09-05T16:00:00Z,Indiana Hoosiers,North Texas Mean Green,betonlineag,BetOnline.ag,2026-07-19T12:01:41Z,spreads,2026-07-19T12:01:41Z,Indiana Hoosiers,-110,-40.5,20260719120152693564
NCAAF,americanfootball_ncaaf,e599d006aed0025ea9182d6763be6fd7,2026-09-05T16:00:00Z,Indiana Hoosiers,North Texas Mean Green,betonlineag,BetOnline.ag,2026-07-19T12:01:41Z,spreads,2026-07-19T12:01:41Z,North Texas Mean Green,-110,40.5,20260719120152693564
NCAAF,americanfootball_ncaaf,e599d006aed0025ea9182d6763be6fd7,2026-09-05T16:00:00Z,Indiana Hoosiers,North Texas Mean Green,betonlineag,BetOnline.ag,2026-07-19T12:01:41Z,totals,2026-07-19T12:01:41Z,Over,-115,55.5,20260719120152693564
NCAAF,americanfootball_ncaaf,e599d006aed0025ea9182d6763be6fd7,2026-09-05T16:00:00Z,Indiana Hoosiers,North Texas Mean Green,betonlineag,BetOnline.ag,2026-07-19T12:01:41Z,totals,2026-07-19T12:01:41Z,Under,-105,55.5,20260719120152693564
NCAAF,americanfootball_ncaaf,e599d006aed0025ea9182d6763be6fd7,2026-09-05T16:00:00Z,Indiana Hoosiers,North Texas Mean Green,lowvig,LowVig.ag,2026-07-19T12:00:52Z,spreads,2026-07-19T12:00:52Z,Indiana Hoosiers,-106,-40.5,20260719120152693564
NCAAF,americanfootball_ncaaf,e599d006aed0025ea9182d6763be6fd7,2026-09-05T16:00:00Z,Indiana Hoosiers,North Texas Mean Green,lowvig,LowVig.ag,2026-07-19T12:00:52Z,spreads,2026-07-19T12:00:52Z,North Texas Mean Green,-106,40.5,20260719120152693564
NCAAF,americanfootball_ncaaf,e599d006aed0025ea9182d6763be6fd7,2026-09-05T16:00:00Z,Indiana Hoosiers,North Texas Mean Green,lowvig,LowVig.ag,2026-07-19T12:00:52Z,totals,2026-07-19T12:00:52Z,Over,-114,55.5,20260719120152693564
NCAAF,americanfootball_ncaaf,e599d006aed0025ea9182d6763be6fd7,2026-09-05T16:00:00Z,Indiana Hoosiers,North Texas Mean Green,lowvig,LowVig.ag,2026-07-19T12:00:52Z,totals,2026-07-19T12:00:52Z,Under,-103,55.5,20260719120152693564
NCAAF,americanfootball_ncaaf,e599d006aed0025ea9182d6763be6fd7,2026-09-05T16:00:00Z,Indiana Hoosiers,North Texas Mean Green,betus,BetUS,2026-07-19T12:01:14Z,spreads,2026-07-19T12:01:14Z,Indiana Hoosiers,-110,-40.5,20260719120152693564
NCAAF,americanfootball_ncaaf,e599d006aed0025ea9182d6763be6fd7,2026-09-05T16:00:00Z,Indiana Hoosiers,North Texas Mean Green,betus,BetUS,2026-07-19T12:01:14Z,spreads,2026-07-19T12:01:14Z,North Texas Mean Green,-110,40.5,20260719120152693564
NCAAF,americanfootball_ncaaf,e599d006aed0025ea9182d6763be6fd7,2026-09-05T16:00:00Z,Indiana Hoosiers,North Texas Mean Green,betus,BetUS,2026-07-19T12:01:14Z,totals,2026-07-19T12:01:14Z,Over,-115,55.5,20260719120152693564
NCAAF,americanfootball_ncaaf,e599d006aed0025ea9182d6763be6fd7,2026-09-05T16:00:00Z,Indiana Hoosiers,North Texas Mean Green,betus,BetUS,2026-07-19T12:01:14Z,totals,2026-07-19T12:01:14Z,Under,-105,55.5,20260719120152693564
NCAAF,americanfootball_ncaaf,e599d006aed0025ea9182d6763be6fd7,2026-09-05T16:00:00Z,Indiana Hoosiers,North Texas Mean Green,bovada,Bovada,2026-07-19T12:01:41Z,spreads,2026-07-19T12:01:41Z,Indiana Hoosiers,-110,-40.5,20260719120152693564
NCAAF,americanfootball_ncaaf,e599d006aed0025ea9182d6763be6fd7,2026-09-05T16:00:00Z,Indiana Hoosiers,North Texas Mean Green,bovada,Bovada,2026-07-19T12:01:41Z,spreads,2026-07-19T12:01:41Z,North Texas Mean Green,-110,40.5,20260719120152693564
NCAAF,americanfootball_ncaaf,e599d006aed0025ea9182d6763be6fd7,2026-09-05T16:00:00Z,Indiana Hoosiers,North Texas Mean Green,bovada,Bovada,2026-07-19T12:01:41Z,totals,2026-07-19T12:01:41Z,Over,-120,55.5,20260719120152693564
NCAAF,americanfootball_ncaaf,e599d006aed0025ea9182d6763be6fd7,2026-09-05T16:00:00Z,Indiana Hoosiers,North Texas Mean Green,bovada,Bovada,2026-07-19T12:01:41Z,totals,2026-07-19T12:01:41Z,Under,100,55.5,20260719120152693564
NCAAF,americanfootball_ncaaf,e599d006aed0025ea9182d6763be6fd7,2026-09-05T16:00:00Z,Indiana Hoosiers,North Texas Mean Green,fanduel,FanDuel,2026-07-19T12:01:38Z,spreads,2026-07-19T12:01:38Z,Indiana Hoosiers,-105,-39.5,20260719120152693564
NCAAF,americanfootball_ncaaf,e599d006aed0025ea9182d6763be6fd7,2026-09-05T16:00:00Z,Indiana Hoosiers,North Texas Mean Green,fanduel,FanDuel,2026-07-19T12:01:38Z,spreads,2026-07-19T12:01:38Z,North Texas Mean Green,-115,39.5,20260719120152693564
NCAAF,americanfootball_ncaaf,e599d006aed0025ea9182d6763be6fd7,2026-09-05T16:00:00Z,Indiana Hoosiers,North Texas Mean Green,fanduel,FanDuel,2026-07-19T12:01:38Z,totals,2026-07-19T12:01:38Z,Over,-110,54.5,20260719120152693564
NCAAF,americanfootball_ncaaf,e599d006aed0025ea9182d6763be6fd7,2026-09-05T16:00:00Z,Indiana Hoosiers,North Texas Mean Green,fanduel,FanDuel,2026-07-19T12:01:38Z,totals,2026-07-19T12:01:38Z,Under,-110,54.5,20260719120152693564
NCAAF,americanfootball_ncaaf,e599d006aed0025ea9182d6763be6fd7,2026-09-05T16:00:00Z,Indiana Hoosiers,North Texas Mean Green,betmgm,BetMGM,2026-07-19T12:01:15Z,spreads,2026-07-19T12:01:15Z,Indiana Hoosiers,-110,-40.5,20260719120152693564
NCAAF,americanfootball_ncaaf,e599d006aed0025ea9182d6763be6fd7,2026-09-05T16:00:00Z,Indiana Hoosiers,North Texas Mean Green,betmgm,BetMGM,2026-07-19T12:01:15Z,spreads,2026-07-19T12:01:15Z,North Texas Mean Green,-110,40.5,20260719120152693564
NCAAF,americanfootball_ncaaf,e599d006aed0025ea9182d6763be6fd7,2026-09-05T16:00:00Z,Indiana Hoosiers,North Texas Mean Green,betmgm,BetMGM,2026-07-19T12:01:15Z,totals,2026-07-19T12:01:15Z,Over,-115,55.5,20260719120152693564
NCAAF,americanfootball_ncaaf,e599d006aed0025ea9182d6763be6fd7,2026-09-05T16:00:00Z,Indiana Hoosiers,North Texas Mean Green,betmgm,BetMGM,2026-07-19T12:01:15Z,totals,2026-07-19T12:01:15Z,Under,-105,55.5,20260719120152693564
NCAAF,americanfootball_ncaaf,e599d006aed0025ea9182d6763be6fd7,2026-09-05T16:00:00Z,Indiana Hoosiers,North Texas Mean Green,betrivers,BetRivers,2026-07-19T12:01:15Z,spreads,2026-07-19T12:01:15Z,Indiana Hoosiers,-109,-40.5,20260719120152693564
NCAAF,americanfootball_ncaaf,e599d006aed0025ea9182d6763be6fd7,2026-09-05T16:00:00Z,Indiana Hoosiers,North Texas Mean Green,betrivers,BetRivers,2026-07-19T12:01:15Z,spreads,2026-07-19T12:01:15Z,North Texas Mean Green,-114,40.5,20260719120152693564
NCAAF,americanfootball_ncaaf,e599d006aed0025ea9182d6763be6fd7,2026-09-05T16:00:00Z,Indiana Hoosiers,North Texas Mean Green,betrivers,BetRivers,2026-07-19T12:01:15Z,totals,2026-07-19T12:01:15Z,Over,-108,55.5,20260719120152693564
NCAAF,americanfootball_ncaaf,e599d006aed0025ea9182d6763be6fd7,2026-09-05T16:00:00Z,Indiana Hoosiers,North Texas Mean Green,betrivers,BetRivers,2026-07-19T12:01:15Z,totals,2026-07-19T12:01:15Z,Under,-114,55.5,20260719120152693564
NCAAF,americanfootball_ncaaf,e599d006aed0025ea9182d6763be6fd7,2026-09-05T16:00:00Z,Indiana Hoosiers,North Texas Mean Green,mybookieag,MyBookie.ag,2026-07-19T12:01:39Z,h2h,2026-07-19T12:01:39Z,Indiana Hoosiers,-100000,,20260719120152693564
NCAAF,americanfootball_ncaaf,e599d006aed0025ea9182d6763be6fd7,2026-09-05T16:00:00Z,Indiana Hoosiers,North Texas Mean Green,mybookieag,MyBookie.ag,2026-07-19T12:01:39Z,h2h,2026-07-19T12:01:39Z,North Texas Mean Green,1550,,20260719120152693564
NCAAF,americanfootball_ncaaf,e599d006aed0025ea9182d6763be6fd7,2026-09-05T16:00:00Z,Indiana Hoosiers,North Texas Mean Green,mybookieag,MyBookie.ag,2026-07-19T12:01:39Z,spreads,2026-07-19T12:01:39Z,Indiana Hoosiers,-110,-40.5,20260719120152693564
NCAAF,americanfootball_ncaaf,e599d006aed0025ea9182d6763be6fd7,2026-09-05T16:00:00Z,Indiana Hoosiers,North Texas Mean Green,mybookieag,MyBookie.ag,2026-07-19T12:01:39Z,spreads,2026-07-19T12:01:39Z,North Texas Mean Green,-110,40.5,20260719120152693564
NCAAF,americanfootball_ncaaf,e599d006aed0025ea9182d6763be6fd7,2026-09-05T16:00:00Z,Indiana Hoosiers,North Texas Mean Green,mybookieag,MyBookie.ag,2026-07-19T12:01:39Z,totals,2026-07-19T12:01:39Z,Over,-110,55.5,20260719120152693564
NCAAF,americanfootball_ncaaf,e599d006aed0025ea9182d6763be6fd7,2026-09-05T16:00:00Z,Indiana Hoosiers,North Texas Mean Green,mybookieag,MyBookie.ag,2026-07-19T12:01:39Z,totals,2026-07-19T12:01:39Z,Under,-110,55.5,20260719120152693564
NCAAF,americanfootball_ncaaf,ad4b1c809d35ea03f513ccb45746e998,2026-09-05T16:00:00Z,James Madison Dukes,Liberty Flames,draftkings,DraftKings,2026-07-19T12:01:13Z,h2h,2026-07-19T12:01:13Z,James Madison Dukes,-238,,20260719120152693564
NCAAF,americanfootball_ncaaf,ad4b1c809d35ea03f513ccb45746e998,2026-09-05T16:00:00Z,James Madison Dukes,Liberty Flames,draftkings,DraftKings,2026-07-19T12:01:13Z,h2h,2026-07-19T12:01:13Z,Liberty Flames,195,,20260719120152693564
NCAAF,americanfootball_ncaaf,ad4b1c809d35ea03f513ccb45746e998,2026-09-05T16:00:00Z,James Madison Dukes,Liberty Flames,draftkings,DraftKings,2026-07-19T12:01:13Z,spreads,2026-07-19T12:01:13Z,James Madison Dukes,-110,-6.0,20260719120152693564
NCAAF,americanfootball_ncaaf,ad4b1c809d35ea03f513ccb45746e998,2026-09-05T16:00:00Z,James Madison Dukes,Liberty Flames,draftkings,DraftKings,2026-07-19T12:01:13Z,spreads,2026-07-19T12:01:13Z,Liberty Flames,-110,6.0,20260719120152693564
NCAAF,americanfootball_ncaaf,ad4b1c809d35ea03f513ccb45746e998,2026-09-05T16:00:00Z,James Madison Dukes,Liberty Flames,draftkings,DraftKings,2026-07-19T12:01:13Z,totals,2026-07-19T12:01:13Z,Over,-112,50.5,20260719120152693564
NCAAF,americanfootball_ncaaf,ad4b1c809d35ea03f513ccb45746e998,2026-09-05T16:00:00Z,James Madison Dukes,Liberty Flames,draftkings,DraftKings,2026-07-19T12:01:13Z,totals,2026-07-19T12:01:13Z,Under,-108,50.5,20260719120152693564
NCAAF,americanfootball_ncaaf,ad4b1c809d35ea03f513ccb45746e998,2026-09-05T16:00:00Z,James Madison Dukes,Liberty Flames,betonlineag,BetOnline.ag,2026-07-19T12:01:41Z,spreads,2026-07-19T12:01:41Z,James Madison Dukes,-110,-6.0,20260719120152693564
NCAAF,americanfootball_ncaaf,ad4b1c809d35ea03f513ccb45746e998,2026-09-05T16:00:00Z,James Madison Dukes,Liberty Flames,betonlineag,BetOnline.ag,2026-07-19T12:01:41Z,spreads,2026-07-19T12:01:41Z,Liberty Flames,-110,6.0,20260719120152693564
NCAAF,americanfootball_ncaaf,ad4b1c809d35ea03f513ccb45746e998,2026-09-05T16:00:00Z,James Madison Dukes,Liberty Flames,betonlineag,BetOnline.ag,2026-07-19T12:01:41Z,totals,2026-07-19T12:01:41Z,Over,-110,51.5,20260719120152693564
NCAAF,americanfootball_ncaaf,ad4b1c809d35ea03f513ccb45746e998,2026-09-05T16:00:00Z,James Madison Dukes,Liberty Flames,betonlineag,BetOnline.ag,2026-07-19T12:01:41Z,totals,2026-07-19T12:01:41Z,Under,-110,51.5,20260719120152693564
NCAAF,americanfootball_ncaaf,ad4b1c809d35ea03f513ccb45746e998,2026-09-05T16:00:00Z,James Madison Dukes,Liberty Flames,lowvig,LowVig.ag,2026-07-19T12:00:52Z,spreads,2026-07-19T12:00:52Z,James Madison Dukes,-106,-6.0,20260719120152693564
NCAAF,americanfootball_ncaaf,ad4b1c809d35ea03f513ccb45746e998,2026-09-05T16:00:00Z,James Madison Dukes,Liberty Flames,lowvig,LowVig.ag,2026-07-19T12:00:52Z,spreads,2026-07-19T12:00:52Z,Liberty Flames,-106,6.0,20260719120152693564
NCAAF,americanfootball_ncaaf,ad4b1c809d35ea03f513ccb45746e998,2026-09-05T16:00:00Z,James Madison Dukes,Liberty Flames,lowvig,LowVig.ag,2026-07-19T12:00:52Z,totals,2026-07-19T12:00:52Z,Over,-108,51.5,20260719120152693564
NCAAF,americanfootball_ncaaf,ad4b1c809d35ea03f513ccb45746e998,2026-09-05T16:00:00Z,James Madison Dukes,Liberty Flames,lowvig,LowVig.ag,2026-07-19T12:00:52Z,totals,2026-07-19T12:00:52Z,Under,-108,51.5,20260719120152693564
NCAAF,americanfootball_ncaaf,ad4b1c809d35ea03f513ccb45746e998,2026-09-05T16:00:00Z,James Madison Dukes,Liberty Flames,betus,BetUS,2026-07-19T12:01:14Z,spreads,2026-07-19T12:01:14Z,James Madison Dukes,-110,-6.0,20260719120152693564
NCAAF,americanfootball_ncaaf,ad4b1c809d35ea03f513ccb45746e998,2026-09-05T16:00:00Z,James Madison Dukes,Liberty Flames,betus,BetUS,2026-07-19T12:01:14Z,spreads,2026-07-19T12:01:14Z,Liberty Flames,-110,6.0,20260719120152693564
NCAAF,americanfootball_ncaaf,ad4b1c809d35ea03f513ccb45746e998,2026-09-05T16:00:00Z,James Madison Dukes,Liberty Flames,betus,BetUS,2026-07-19T12:01:14Z,totals,2026-07-19T12:01:14Z,Over,-110,51.5,20260719120152693564
NCAAF,americanfootball_ncaaf,ad4b1c809d35ea03f513ccb45746e998,2026-09-05T16:00:00Z,James Madison Dukes,Liberty Flames,betus,BetUS,2026-07-19T12:01:14Z,totals,2026-07-19T12:01:14Z,Under,-110,51.5,20260719120152693564
NCAAF,americanfootball_ncaaf,ad4b1c809d35ea03f513ccb45746e998,2026-09-05T16:00:00Z,James Madison Dukes,Liberty Flames,bovada,Bovada,2026-07-19T12:01:41Z,h2h,2026-07-19T12:01:41Z,James Madison Dukes,-235,,20260719120152693564
NCAAF,americanfootball_ncaaf,ad4b1c809d35ea03f513ccb45746e998,2026-09-05T16:00:00Z,James Madison Dukes,Liberty Flames,bovada,Bovada,2026-07-19T12:01:41Z,h2h,2026-07-19T12:01:41Z,Liberty Flames,195,,20260719120152693564
NCAAF,americanfootball_ncaaf,ad4b1c809d35ea03f513ccb45746e998,2026-09-05T16:00:00Z,James Madison Dukes,Liberty Flames,bovada,Bovada,2026-07-19T12:01:41Z,spreads,2026-07-19T12:01:41Z,James Madison Dukes,-110,-6.0,20260719120152693564
NCAAF,americanfootball_ncaaf,ad4b1c809d35ea03f513ccb45746e998,2026-09-05T16:00:00Z,James Madison Dukes,Liberty Flames,bovada,Bovada,2026-07-19T12:01:41Z,spreads,2026-07-19T12:01:41Z,Liberty Flames,-110,6.0,20260719120152693564
NCAAF,americanfootball_ncaaf,ad4b1c809d35ea03f513ccb45746e998,2026-09-05T16:00:00Z,James Madison Dukes,Liberty Flames,bovada,Bovada,2026-07-19T12:01:41Z,totals,2026-07-19T12:01:41Z,Over,-110,50.5,20260719120152693564
NCAAF,americanfootball_ncaaf,ad4b1c809d35ea03f513ccb45746e998,2026-09-05T16:00:00Z,James Madison Dukes,Liberty Flames,bovada,Bovada,2026-07-19T12:01:41Z,totals,2026-07-19T12:01:41Z,Under,-110,50.5,20260719120152693564
NCAAF,americanfootball_ncaaf,ad4b1c809d35ea03f513ccb45746e998,2026-09-05T16:00:00Z,James Madison Dukes,Liberty Flames,fanduel,FanDuel,2026-07-19T12:01:38Z,h2h,2026-07-19T12:01:38Z,James Madison Dukes,-230,,20260719120152693564
NCAAF,americanfootball_ncaaf,ad4b1c809d35ea03f513ccb45746e998,2026-09-05T16:00:00Z,James Madison Dukes,Liberty Flames,fanduel,FanDuel,2026-07-19T12:01:38Z,h2h,2026-07-19T12:01:38Z,Liberty Flames,188,,20260719120152693564
NCAAF,americanfootball_ncaaf,ad4b1c809d35ea03f513ccb45746e998,2026-09-05T16:00:00Z,James Madison Dukes,Liberty Flames,fanduel,FanDuel,2026-07-19T12:01:38Z,spreads,2026-07-19T12:01:38Z,James Madison Dukes,-105,-6.5,20260719120152693564
NCAAF,americanfootball_ncaaf,ad4b1c809d35ea03f513ccb45746e998,2026-09-05T16:00:00Z,James Madison Dukes,Liberty Flames,fanduel,FanDuel,2026-07-19T12:01:38Z,spreads,2026-07-19T12:01:38Z,Liberty Flames,-115,6.5,20260719120152693564
NCAAF,americanfootball_ncaaf,ad4b1c809d35ea03f513ccb45746e998,2026-09-05T16:00:00Z,James Madison Dukes,Liberty Flames,fanduel,FanDuel,2026-07-19T12:01:38Z,totals,2026-07-19T12:01:38Z,Over,-105,52.5,20260719120152693564
NCAAF,americanfootball_ncaaf,ad4b1c809d35ea03f513ccb45746e998,2026-09-05T16:00:00Z,James Madison Dukes,Liberty Flames,fanduel,FanDuel,2026-07-19T12:01:38Z,totals,2026-07-19T12:01:38Z,Under,-115,52.5,20260719120152693564
NCAAF,americanfootball_ncaaf,ad4b1c809d35ea03f513ccb45746e998,2026-09-05T16:00:00Z,James Madison Dukes,Liberty Flames,betmgm,BetMGM,2026-07-19T12:01:15Z,spreads,2026-07-19T12:01:15Z,James Madison Dukes,-110,-6.5,20260719120152693564
NCAAF,americanfootball_ncaaf,ad4b1c809d35ea03f513ccb45746e998,2026-09-05T16:00:00Z,James Madison Dukes,Liberty Flames,betmgm,BetMGM,2026-07-19T12:01:15Z,spreads,2026-07-19T12:01:15Z,Liberty Flames,-110,6.5,20260719120152693564
NCAAF,americanfootball_ncaaf,ad4b1c809d35ea03f513ccb45746e998,2026-09-05T16:00:00Z,James Madison Dukes,Liberty Flames,betmgm,BetMGM,2026-07-19T12:01:15Z,totals,2026-07-19T12:01:15Z,Over,-110,51.5,20260719120152693564
NCAAF,americanfootball_ncaaf,ad4b1c809d35ea03f513ccb45746e998,2026-09-05T16:00:00Z,James Madison Dukes,Liberty Flames,betmgm,BetMGM,2026-07-19T12:01:15Z,totals,2026-07-19T12:01:15Z,Under,-110,51.5,20260719120152693564
NCAAF,americanfootball_ncaaf,ad4b1c809d35ea03f513ccb45746e998,2026-09-05T16:00:00Z,James Madison Dukes,Liberty Flames,betrivers,BetRivers,2026-07-19T12:01:15Z,h2h,2026-07-19T12:01:15Z,James Madison Dukes,-240,,20260719120152693564
NCAAF,americanfootball_ncaaf,ad4b1c809d35ea03f513ccb45746e998,2026-09-05T16:00:00Z,James Madison Dukes,Liberty Flames,betrivers,BetRivers,2026-07-19T12:01:15Z,h2h,2026-07-19T12:01:15Z,Liberty Flames,190,,20260719120152693564
NCAAF,americanfootball_ncaaf,ad4b1c809d35ea03f513ccb45746e998,2026-09-05T16:00:00Z,James Madison Dukes,Liberty Flames,betrivers,BetRivers,2026-07-19T12:01:15Z,spreads,2026-07-19T12:01:15Z,James Madison Dukes,-113,-6.5,20260719120152693564
NCAAF,americanfootball_ncaaf,ad4b1c809d35ea03f513ccb45746e998,2026-09-05T16:00:00Z,James Madison Dukes,Liberty Flames,betrivers,BetRivers,2026-07-19T12:01:15Z,spreads,2026-07-19T12:01:15Z,Liberty Flames,-110,6.5,20260719120152693564
NCAAF,americanfootball_ncaaf,ad4b1c809d35ea03f513ccb45746e998,2026-09-05T16:00:00Z,James Madison Dukes,Liberty Flames,betrivers,BetRivers,2026-07-19T12:01:15Z,totals,2026-07-19T12:01:15Z,Over,-108,51.0,20260719120152693564
NCAAF,americanfootball_ncaaf,ad4b1c809d35ea03f513ccb45746e998,2026-09-05T16:00:00Z,James Madison Dukes,Liberty Flames,betrivers,BetRivers,2026-07-19T12:01:15Z,totals,2026-07-19T12:01:15Z,Under,-115,51.0,20260719120152693564
NCAAF,americanfootball_ncaaf,ad4b1c809d35ea03f513ccb45746e998,2026-09-05T16:00:00Z,James Madison Dukes,Liberty Flames,mybookieag,MyBookie.ag,2026-07-19T12:01:39Z,h2h,2026-07-19T12:01:39Z,James Madison Dukes,-255,,20260719120152693564
NCAAF,americanfootball_ncaaf,ad4b1c809d35ea03f513ccb45746e998,2026-09-05T16:00:00Z,James Madison Dukes,Liberty Flames,mybookieag,MyBookie.ag,2026-07-19T12:01:39Z,h2h,2026-07-19T12:01:39Z,Liberty Flames,192,,20260719120152693564
NCAAF,americanfootball_ncaaf,ad4b1c809d35ea03f513ccb45746e998,2026-09-05T16:00:00Z,James Madison Dukes,Liberty Flames,mybookieag,MyBookie.ag,2026-07-19T12:01:39Z,spreads,2026-07-19T12:01:39Z,James Madison Dukes,-110,-6.0,20260719120152693564
NCAAF,americanfootball_ncaaf,ad4b1c809d35ea03f513ccb45746e998,2026-09-05T16:00:00Z,James Madison Dukes,Liberty Flames,mybookieag,MyBookie.ag,2026-07-19T12:01:39Z,spreads,2026-07-19T12:01:39Z,Liberty Flames,-110,6.0,20260719120152693564
NCAAF,americanfootball_ncaaf,ad4b1c809d35ea03f513ccb45746e998,2026-09-05T16:00:00Z,James Madison Dukes,Liberty Flames,mybookieag,MyBookie.ag,2026-07-19T12:01:39Z,totals,2026-07-19T12:01:39Z,Over,-110,51.0,20260719120152693564
NCAAF,americanfootball_ncaaf,ad4b1c809d35ea03f513ccb45746e998,2026-09-05T16:00:00Z,James Madison Dukes,Liberty Flames,mybookieag,MyBookie.ag,2026-07-19T12:01:39Z,totals,2026-07-19T12:01:39Z,Under,-110,51.0,20260719120152693564
NCAAF,americanfootball_ncaaf,ab601e833e1494159df16e0331dd02d4,2026-09-05T16:00:00Z,Pittsburgh Panthers,Miami (OH) RedHawks,draftkings,DraftKings,2026-07-19T12:01:13Z,h2h,2026-07-19T12:01:13Z,Miami (OH) RedHawks,550,,20260719120152693564
NCAAF,americanfootball_ncaaf,ab601e833e1494159df16e0331dd02d4,2026-09-05T16:00:00Z,Pittsburgh Panthers,Miami (OH) RedHawks,draftkings,DraftKings,2026-07-19T12:01:13Z,h2h,2026-07-19T12:01:13Z,Pittsburgh Panthers,-800,,20260719120152693564
NCAAF,americanfootball_ncaaf,ab601e833e1494159df16e0331dd02d4,2026-09-05T16:00:00Z,Pittsburgh Panthers,Miami (OH) RedHawks,draftkings,DraftKings,2026-07-19T12:01:13Z,spreads,2026-07-19T12:01:13Z,Miami (OH) RedHawks,-105,15.5,20260719120152693564
NCAAF,americanfootball_ncaaf,ab601e833e1494159df16e0331dd02d4,2026-09-05T16:00:00Z,Pittsburgh Panthers,Miami (OH) RedHawks,draftkings,DraftKings,2026-07-19T12:01:13Z,spreads,2026-07-19T12:01:13Z,Pittsburgh Panthers,-115,-15.5,20260719120152693564
NCAAF,americanfootball_ncaaf,ab601e833e1494159df16e0331dd02d4,2026-09-05T16:00:00Z,Pittsburgh Panthers,Miami (OH) RedHawks,draftkings,DraftKings,2026-07-19T12:01:13Z,totals,2026-07-19T12:01:13Z,Over,-108,50.5,20260719120152693564
NCAAF,americanfootball_ncaaf,ab601e833e1494159df16e0331dd02d4,2026-09-05T16:00:00Z,Pittsburgh Panthers,Miami (OH) RedHawks,draftkings,DraftKings,2026-07-19T12:01:13Z,totals,2026-07-19T12:01:13Z,Under,-112,50.5,20260719120152693564
NCAAF,americanfootball_ncaaf,ab601e833e1494159df16e0331dd02d4,2026-09-05T16:00:00Z,Pittsburgh Panthers,Miami (OH) RedHawks,lowvig,LowVig.ag,2026-07-19T12:00:52Z,spreads,2026-07-19T12:00:52Z,Miami (OH) RedHawks,-106,16.5,20260719120152693564
NCAAF,americanfootball_ncaaf,ab601e833e1494159df16e0331dd02d4,2026-09-05T16:00:00Z,Pittsburgh Panthers,Miami (OH) RedHawks,lowvig,LowVig.ag,2026-07-19T12:00:52Z,spreads,2026-07-19T12:00:52Z,Pittsburgh Panthers,-106,-16.5,20260719120152693564
NCAAF,americanfootball_ncaaf,ab601e833e1494159df16e0331dd02d4,2026-09-05T16:00:00Z,Pittsburgh Panthers,Miami (OH) RedHawks,lowvig,LowVig.ag,2026-07-19T12:00:52Z,totals,2026-07-19T12:00:52Z,Over,-108,50.5,20260719120152693564
NCAAF,americanfootball_ncaaf,ab601e833e1494159df16e0331dd02d4,2026-09-05T16:00:00Z,Pittsburgh Panthers,Miami (OH) RedHawks,lowvig,LowVig.ag,2026-07-19T12:00:52Z,totals,2026-07-19T12:00:52Z,Under,-108,50.5,20260719120152693564
NCAAF,americanfootball_ncaaf,ab601e833e1494159df16e0331dd02d4,2026-09-05T16:00:00Z,Pittsburgh Panthers,Miami (OH) RedHawks,betonlineag,BetOnline.ag,2026-07-19T12:01:41Z,spreads,2026-07-19T12:01:41Z,Miami (OH) RedHawks,-110,16.5,20260719120152693564
NCAAF,americanfootball_ncaaf,ab601e833e1494159df16e0331dd02d4,2026-09-05T16:00:00Z,Pittsburgh Panthers,Miami (OH) RedHawks,betonlineag,BetOnline.ag,2026-07-19T12:01:41Z,spreads,2026-07-19T12:01:41Z,Pittsburgh Panthers,-110,-16.5,20260719120152693564
NCAAF,americanfootball_ncaaf,ab601e833e1494159df16e0331dd02d4,2026-09-05T16:00:00Z,Pittsburgh Panthers,Miami (OH) RedHawks,betonlineag,BetOnline.ag,2026-07-19T12:01:41Z,totals,2026-07-19T12:01:41Z,Over,-110,50.5,20260719120152693564
NCAAF,americanfootball_ncaaf,ab601e833e1494159df16e0331dd02d4,2026-09-05T16:00:00Z,Pittsburgh Panthers,Miami (OH) RedHawks,betonlineag,BetOnline.ag,2026-07-19T12:01:41Z,totals,2026-07-19T12:01:41Z,Under,-110,50.5,20260719120152693564
NCAAF,americanfootball_ncaaf,ab601e833e1494159df16e0331dd02d4,2026-09-05T16:00:00Z,Pittsburgh Panthers,Miami (OH) RedHawks,betus,BetUS,2026-07-19T12:01:14Z,spreads,2026-07-19T12:01:14Z,Miami (OH) RedHawks,-110,16.5,20260719120152693564
NCAAF,americanfootball_ncaaf,ab601e833e1494159df16e0331dd02d4,2026-09-05T16:00:00Z,Pittsburgh Panthers,Miami (OH) RedHawks,betus,BetUS,2026-07-19T12:01:14Z,spreads,2026-07-19T12:01:14Z,Pittsburgh Panthers,-110,-16.5,20260719120152693564
NCAAF,americanfootball_ncaaf,ab601e833e1494159df16e0331dd02d4,2026-09-05T16:00:00Z,Pittsburgh Panthers,Miami (OH) RedHawks,betus,BetUS,2026-07-19T12:01:14Z,totals,2026-07-19T12:01:14Z,Over,-110,50.5,20260719120152693564
NCAAF,americanfootball_ncaaf,ab601e833e1494159df16e0331dd02d4,2026-09-05T16:00:00Z,Pittsburgh Panthers,Miami (OH) RedHawks,betus,BetUS,2026-07-19T12:01:14Z,totals,2026-07-19T12:01:14Z,Under,-110,50.5,20260719120152693564
NCAAF,americanfootball_ncaaf,ab601e833e1494159df16e0331dd02d4,2026-09-05T16:00:00Z,Pittsburgh Panthers,Miami (OH) RedHawks,bovada,Bovada,2026-07-19T12:01:41Z,h2h,2026-07-19T12:01:41Z,Miami (OH) RedHawks,550,,20260719120152693564
NCAAF,americanfootball_ncaaf,ab601e833e1494159df16e0331dd02d4,2026-09-05T16:00:00Z,Pittsburgh Panthers,Miami (OH) RedHawks,bovada,Bovada,2026-07-19T12:01:41Z,h2h,2026-07-19T12:01:41Z,Pittsburgh Panthers,-850,,20260719120152693564
NCAAF,americanfootball_ncaaf,ab601e833e1494159df16e0331dd02d4,2026-09-05T16:00:00Z,Pittsburgh Panthers,Miami (OH) RedHawks,bovada,Bovada,2026-07-19T12:01:41Z,spreads,2026-07-19T12:01:41Z,Miami (OH) RedHawks,-105,15.5,20260719120152693564
NCAAF,americanfootball_ncaaf,ab601e833e1494159df16e0331dd02d4,2026-09-05T16:00:00Z,Pittsburgh Panthers,Miami (OH) RedHawks,bovada,Bovada,2026-07-19T12:01:41Z,spreads,2026-07-19T12:01:41Z,Pittsburgh Panthers,-115,-15.5,20260719120152693564
NCAAF,americanfootball_ncaaf,ab601e833e1494159df16e0331dd02d4,2026-09-05T16:00:00Z,Pittsburgh Panthers,Miami (OH) RedHawks,bovada,Bovada,2026-07-19T12:01:41Z,totals,2026-07-19T12:01:41Z,Over,-110,50.5,20260719120152693564
NCAAF,americanfootball_ncaaf,ab601e833e1494159df16e0331dd02d4,2026-09-05T16:00:00Z,Pittsburgh Panthers,Miami (OH) RedHawks,bovada,Bovada,2026-07-19T12:01:41Z,totals,2026-07-19T12:01:41Z,Under,-110,50.5,20260719120152693564
NCAAF,americanfootball_ncaaf,ab601e833e1494159df16e0331dd02d4,2026-09-05T16:00:00Z,Pittsburgh Panthers,Miami (OH) RedHawks,fanduel,FanDuel,2026-07-19T12:01:38Z,h2h,2026-07-19T12:01:38Z,Miami (OH) RedHawks,590,,20260719120152693564
NCAAF,americanfootball_ncaaf,ab601e833e1494159df16e0331dd02d4,2026-09-05T16:00:00Z,Pittsburgh Panthers,Miami (OH) RedHawks,fanduel,FanDuel,2026-07-19T12:01:38Z,h2h,2026-07-19T12:01:38Z,Pittsburgh Panthers,-900,,20260719120152693564
NCAAF,americanfootball_ncaaf,ab601e833e1494159df16e0331dd02d4,2026-09-05T16:00:00Z,Pittsburgh Panthers,Miami (OH) RedHawks,fanduel,FanDuel,2026-07-19T12:01:38Z,spreads,2026-07-19T12:01:38Z,Miami (OH) RedHawks,-110,16.5,20260719120152693564
NCAAF,americanfootball_ncaaf,ab601e833e1494159df16e0331dd02d4,2026-09-05T16:00:00Z,Pittsburgh Panthers,Miami (OH) RedHawks,fanduel,FanDuel,2026-07-19T12:01:38Z,spreads,2026-07-19T12:01:38Z,Pittsburgh Panthers,-110,-16.5,20260719120152693564
NCAAF,americanfootball_ncaaf,ab601e833e1494159df16e0331dd02d4,2026-09-05T16:00:00Z,Pittsburgh Panthers,Miami (OH) RedHawks,fanduel,FanDuel,2026-07-19T12:01:38Z,totals,2026-07-19T12:01:38Z,Over,-110,50.5,20260719120152693564
NCAAF,americanfootball_ncaaf,ab601e833e1494159df16e0331dd02d4,2026-09-05T16:00:00Z,Pittsburgh Panthers,Miami (OH) RedHawks,fanduel,FanDuel,2026-07-19T12:01:38Z,totals,2026-07-19T12:01:38Z,Under,-110,50.5,20260719120152693564
NCAAF,americanfootball_ncaaf,ab601e833e1494159df16e0331dd02d4,2026-09-05T16:00:00Z,Pittsburgh Panthers,Miami (OH) RedHawks,betrivers,BetRivers,2026-07-19T12:01:15Z,h2h,2026-07-19T12:01:15Z,Miami (OH) RedHawks,550,,20260719120152693564
NCAAF,americanfootball_ncaaf,ab601e833e1494159df16e0331dd02d4,2026-09-05T16:00:00Z,Pittsburgh Panthers,Miami (OH) RedHawks,betrivers,BetRivers,2026-07-19T12:01:15Z,h2h,2026-07-19T12:01:15Z,Pittsburgh Panthers,-910,,20260719120152693564
NCAAF,americanfootball_ncaaf,ab601e833e1494159df16e0331dd02d4,2026-09-05T16:00:00Z,Pittsburgh Panthers,Miami (OH) RedHawks,betrivers,BetRivers,2026-07-19T12:01:15Z,spreads,2026-07-19T12:01:15Z,Miami (OH) RedHawks,-110,15.5,20260719120152693564
NCAAF,americanfootball_ncaaf,ab601e833e1494159df16e0331dd02d4,2026-09-05T16:00:00Z,Pittsburgh Panthers,Miami (OH) RedHawks,betrivers,BetRivers,2026-07-19T12:01:15Z,spreads,2026-07-19T12:01:15Z,Pittsburgh Panthers,-113,-15.5,20260719120152693564
NCAAF,americanfootball_ncaaf,ab601e833e1494159df16e0331dd02d4,2026-09-05T16:00:00Z,Pittsburgh Panthers,Miami (OH) RedHawks,betrivers,BetRivers,2026-07-19T12:01:15Z,totals,2026-07-19T12:01:15Z,Over,-110,50.5,20260719120152693564
NCAAF,americanfootball_ncaaf,ab601e833e1494159df16e0331dd02d4,2026-09-05T16:00:00Z,Pittsburgh Panthers,Miami (OH) RedHawks,betrivers,BetRivers,2026-07-19T12:01:15Z,totals,2026-07-19T12:01:15Z,Under,-113,50.5,20260719120152693564
NCAAF,americanfootball_ncaaf,ab601e833e1494159df16e0331dd02d4,2026-09-05T16:00:00Z,Pittsburgh Panthers,Miami (OH) RedHawks,mybookieag,MyBookie.ag,2026-07-19T12:01:39Z,h2h,2026-07-19T12:01:39Z,Miami (OH) RedHawks,530,,20260719120152693564
NCAAF,americanfootball_ncaaf,ab601e833e1494159df16e0331dd02d4,2026-09-05T16:00:00Z,Pittsburgh Panthers,Miami (OH) RedHawks,mybookieag,MyBookie.ag,2026-07-19T12:01:39Z,h2h,2026-07-19T12:01:39Z,Pittsburgh Panthers,-901,,20260719120152693564
NCAAF,americanfootball_ncaaf,ab601e833e1494159df16e0331dd02d4,2026-09-05T16:00:00Z,Pittsburgh Panthers,Miami (OH) RedHawks,mybookieag,MyBookie.ag,2026-07-19T12:01:39Z,spreads,2026-07-19T12:01:39Z,Miami (OH) RedHawks,-110,15.5,20260719120152693564
NCAAF,americanfootball_ncaaf,ab601e833e1494159df16e0331dd02d4,2026-09-05T16:00:00Z,Pittsburgh Panthers,Miami (OH) RedHawks,mybookieag,MyBookie.ag,2026-07-19T12:01:39Z,spreads,2026-07-19T12:01:39Z,Pittsburgh Panthers,-110,-15.5,20260719120152693564
NCAAF,americanfootball_ncaaf,ab601e833e1494159df16e0331dd02d4,2026-09-05T16:00:00Z,Pittsburgh Panthers,Miami (OH) RedHawks,mybookieag,MyBookie.ag,2026-07-19T12:01:39Z,totals,2026-07-19T12:01:39Z,Over,-110,50.5,20260719120152693564
NCAAF,americanfootball_ncaaf,ab601e833e1494159df16e0331dd02d4,2026-09-05T16:00:00Z,Pittsburgh Panthers,Miami (OH) RedHawks,mybookieag,MyBookie.ag,2026-07-19T12:01:39Z,totals,2026-07-19T12:01:39Z,Under,-110,50.5,20260719120152693564
NCAAF,americanfootball_ncaaf,ab601e833e1494159df16e0331dd02d4,2026-09-05T16:00:00Z,Pittsburgh Panthers,Miami (OH) RedHawks,betmgm,BetMGM,2026-07-19T12:01:15Z,totals,2026-07-19T12:01:15Z,Over,-110,50.5,20260719120152693564
NCAAF,americanfootball_ncaaf,ab601e833e1494159df16e0331dd02d4,2026-09-05T16:00:00Z,Pittsburgh Panthers,Miami (OH) RedHawks,betmgm,BetMGM,2026-07-19T12:01:15Z,totals,2026-07-19T12:01:15Z,Under,-110,50.5,20260719120152693564
NCAAF,americanfootball_ncaaf,0b8f9bbc0bf1b04a819f0113922998b0,2026-09-05T16:00:00Z,Nebraska Cornhuskers,Ohio Bobcats,draftkings,DraftKings,2026-07-19T12:01:13Z,spreads,2026-07-19T12:01:13Z,Nebraska Cornhuskers,-112,-23.5,20260719120152693564
NCAAF,americanfootball_ncaaf,0b8f9bbc0bf1b04a819f0113922998b0,2026-09-05T16:00:00Z,Nebraska Cornhuskers,Ohio Bobcats,draftkings,DraftKings,2026-07-19T12:01:13Z,spreads,2026-07-19T12:01:13Z,Ohio Bobcats,-108,23.5,20260719120152693564
NCAAF,americanfootball_ncaaf,0b8f9bbc0bf1b04a819f0113922998b0,2026-09-05T16:00:00Z,Nebraska Cornhuskers,Ohio Bobcats,draftkings,DraftKings,2026-07-19T12:01:13Z,totals,2026-07-19T12:01:13Z,Over,-112,47.5,20260719120152693564
NCAAF,americanfootball_ncaaf,0b8f9bbc0bf1b04a819f0113922998b0,2026-09-05T16:00:00Z,Nebraska Cornhuskers,Ohio Bobcats,draftkings,DraftKings,2026-07-19T12:01:13Z,totals,2026-07-19T12:01:13Z,Under,-108,47.5,20260719120152693564
NCAAF,americanfootball_ncaaf,0b8f9bbc0bf1b04a819f0113922998b0,2026-09-05T16:00:00Z,Nebraska Cornhuskers,Ohio Bobcats,betonlineag,BetOnline.ag,2026-07-19T12:01:41Z,spreads,2026-07-19T12:01:41Z,Nebraska Cornhuskers,-105,-23.5,20260719120152693564
NCAAF,americanfootball_ncaaf,0b8f9bbc0bf1b04a819f0113922998b0,2026-09-05T16:00:00Z,Nebraska Cornhuskers,Ohio Bobcats,betonlineag,BetOnline.ag,2026-07-19T12:01:41Z,spreads,2026-07-19T12:01:41Z,Ohio Bobcats,-115,23.5,20260719120152693564
NCAAF,americanfootball_ncaaf,0b8f9bbc0bf1b04a819f0113922998b0,2026-09-05T16:00:00Z,Nebraska Cornhuskers,Ohio Bobcats,betonlineag,BetOnline.ag,2026-07-19T12:01:41Z,totals,2026-07-19T12:01:41Z,Over,-110,47.5,20260719120152693564
NCAAF,americanfootball_ncaaf,0b8f9bbc0bf1b04a819f0113922998b0,2026-09-05T16:00:00Z,Nebraska Cornhuskers,Ohio Bobcats,betonlineag,BetOnline.ag,2026-07-19T12:01:41Z,totals,2026-07-19T12:01:41Z,Under,-110,47.5,20260719120152693564
NCAAF,americanfootball_ncaaf,0b8f9bbc0bf1b04a819f0113922998b0,2026-09-05T16:00:00Z,Nebraska Cornhuskers,Ohio Bobcats,lowvig,LowVig.ag,2026-07-19T12:00:52Z,spreads,2026-07-19T12:00:52Z,Nebraska Cornhuskers,-101,-23.5,20260719120152693564
NCAAF,americanfootball_ncaaf,0b8f9bbc0bf1b04a819f0113922998b0,2026-09-05T16:00:00Z,Nebraska Cornhuskers,Ohio Bobcats,lowvig,LowVig.ag,2026-07-19T12:00:52Z,spreads,2026-07-19T12:00:52Z,Ohio Bobcats,-111,23.5,20260719120152693564
NCAAF,americanfootball_ncaaf,0b8f9bbc0bf1b04a819f0113922998b0,2026-09-05T16:00:00Z,Nebraska Cornhuskers,Ohio Bobcats,lowvig,LowVig.ag,2026-07-19T12:00:52Z,totals,2026-07-19T12:00:52Z,Over,-108,47.5,20260719120152693564
NCAAF,americanfootball_ncaaf,0b8f9bbc0bf1b04a819f0113922998b0,2026-09-05T16:00:00Z,Nebraska Cornhuskers,Ohio Bobcats,lowvig,LowVig.ag,2026-07-19T12:00:52Z,totals,2026-07-19T12:00:52Z,Under,-108,47.5,20260719120152693564
NCAAF,americanfootball_ncaaf,0b8f9bbc0bf1b04a819f0113922998b0,2026-09-05T16:00:00Z,Nebraska Cornhuskers,Ohio Bobcats,betus,BetUS,2026-07-19T12:01:14Z,spreads,2026-07-19T12:01:14Z,Nebraska Cornhuskers,-105,-23.5,20260719120152693564
NCAAF,americanfootball_ncaaf,0b8f9bbc0bf1b04a819f0113922998b0,2026-09-05T16:00:00Z,Nebraska Cornhuskers,Ohio Bobcats,betus,BetUS,2026-07-19T12:01:14Z,spreads,2026-07-19T12:01:14Z,Ohio Bobcats,-115,23.5,20260719120152693564
NCAAF,americanfootball_ncaaf,0b8f9bbc0bf1b04a819f0113922998b0,2026-09-05T16:00:00Z,Nebraska Cornhuskers,Ohio Bobcats,betus,BetUS,2026-07-19T12:01:14Z,totals,2026-07-19T12:01:14Z,Over,-110,47.5,20260719120152693564
NCAAF,americanfootball_ncaaf,0b8f9bbc0bf1b04a819f0113922998b0,2026-09-05T16:00:00Z,Nebraska Cornhuskers,Ohio Bobcats,betus,BetUS,2026-07-19T12:01:14Z,totals,2026-07-19T12:01:14Z,Under,-110,47.5,20260719120152693564
NCAAF,americanfootball_ncaaf,0b8f9bbc0bf1b04a819f0113922998b0,2026-09-05T16:00:00Z,Nebraska Cornhuskers,Ohio Bobcats,bovada,Bovada,2026-07-19T12:01:41Z,spreads,2026-07-19T12:01:41Z,Nebraska Cornhuskers,-110,-23.5,20260719120152693564
NCAAF,americanfootball_ncaaf,0b8f9bbc0bf1b04a819f0113922998b0,2026-09-05T16:00:00Z,Nebraska Cornhuskers,Ohio Bobcats,bovada,Bovada,2026-07-19T12:01:41Z,spreads,2026-07-19T12:01:41Z,Ohio Bobcats,-110,23.5,20260719120152693564
NCAAF,americanfootball_ncaaf,0b8f9bbc0bf1b04a819f0113922998b0,2026-09-05T16:00:00Z,Nebraska Cornhuskers,Ohio Bobcats,bovada,Bovada,2026-07-19T12:01:41Z,totals,2026-07-19T12:01:41Z,Over,-110,47.5,20260719120152693564
NCAAF,americanfootball_ncaaf,0b8f9bbc0bf1b04a819f0113922998b0,2026-09-05T16:00:00Z,Nebraska Cornhuskers,Ohio Bobcats,bovada,Bovada,2026-07-19T12:01:41Z,totals,2026-07-19T12:01:41Z,Under,-110,47.5,20260719120152693564
NCAAF,americanfootball_ncaaf,0b8f9bbc0bf1b04a819f0113922998b0,2026-09-05T16:00:00Z,Nebraska Cornhuskers,Ohio Bobcats,fanduel,FanDuel,2026-07-19T12:01:38Z,h2h,2026-07-19T12:01:38Z,Nebraska Cornhuskers,-3500,,20260719120152693564
NCAAF,americanfootball_ncaaf,0b8f9bbc0bf1b04a819f0113922998b0,2026-09-05T16:00:00Z,Nebraska Cornhuskers,Ohio Bobcats,fanduel,FanDuel,2026-07-19T12:01:38Z,h2h,2026-07-19T12:01:38Z,Ohio Bobcats,1280,,20260719120152693564
NCAAF,americanfootball_ncaaf,0b8f9bbc0bf1b04a819f0113922998b0,2026-09-05T16:00:00Z,Nebraska Cornhuskers,Ohio Bobcats,fanduel,FanDuel,2026-07-19T12:01:38Z,spreads,2026-07-19T12:01:38Z,Nebraska Cornhuskers,-115,-23.5,20260719120152693564
NCAAF,americanfootball_ncaaf,0b8f9bbc0bf1b04a819f0113922998b0,2026-09-05T16:00:00Z,Nebraska Cornhuskers,Ohio Bobcats,fanduel,FanDuel,2026-07-19T12:01:38Z,spreads,2026-07-19T12:01:38Z,Ohio Bobcats,-105,23.5,20260719120152693564
NCAAF,americanfootball_ncaaf,0b8f9bbc0bf1b04a819f0113922998b0,2026-09-05T16:00:00Z,Nebraska Cornhuskers,Ohio Bobcats,fanduel,FanDuel,2026-07-19T12:01:38Z,totals,2026-07-19T12:01:38Z,Over,-115,48.5,20260719120152693564
NCAAF,americanfootball_ncaaf,0b8f9bbc0bf1b04a819f0113922998b0,2026-09-05T16:00:00Z,Nebraska Cornhuskers,Ohio Bobcats,fanduel,FanDuel,2026-07-19T12:01:38Z,totals,2026-07-19T12:01:38Z,Under,-105,48.5,20260719120152693564
NCAAF,americanfootball_ncaaf,0b8f9bbc0bf1b04a819f0113922998b0,2026-09-05T16:00:00Z,Nebraska Cornhuskers,Ohio Bobcats,betmgm,BetMGM,2026-07-19T12:01:15Z,spreads,2026-07-19T12:01:15Z,Nebraska Cornhuskers,-110,-23.5,20260719120152693564
NCAAF,americanfootball_ncaaf,0b8f9bbc0bf1b04a819f0113922998b0,2026-09-05T16:00:00Z,Nebraska Cornhuskers,Ohio Bobcats,betmgm,BetMGM,2026-07-19T12:01:15Z,spreads,2026-07-19T12:01:15Z,Ohio Bobcats,-110,23.5,20260719120152693564
NCAAF,americanfootball_ncaaf,0b8f9bbc0bf1b04a819f0113922998b0,2026-09-05T16:00:00Z,Nebraska Cornhuskers,Ohio Bobcats,betmgm,BetMGM,2026-07-19T12:01:15Z,totals,2026-07-19T12:01:15Z,Over,-110,47.5,20260719120152693564
NCAAF,americanfootball_ncaaf,0b8f9bbc0bf1b04a819f0113922998b0,2026-09-05T16:00:00Z,Nebraska Cornhuskers,Ohio Bobcats,betmgm,BetMGM,2026-07-19T12:01:15Z,totals,2026-07-19T12:01:15Z,Under,-110,47.5,20260719120152693564
NCAAF,americanfootball_ncaaf,0b8f9bbc0bf1b04a819f0113922998b0,2026-09-05T16:00:00Z,Nebraska Cornhuskers,Ohio Bobcats,betrivers,BetRivers,2026-07-19T12:01:15Z,spreads,2026-07-19T12:01:15Z,Nebraska Cornhuskers,-110,-23.5,20260719120152693564
NCAAF,americanfootball_ncaaf,0b8f9bbc0bf1b04a819f0113922998b0,2026-09-05T16:00:00Z,Nebraska Cornhuskers,Ohio Bobcats,betrivers,BetRivers,2026-07-19T12:01:15Z,spreads,2026-07-19T12:01:15Z,Ohio Bobcats,-113,23.5,20260719120152693564
NCAAF,americanfootball_ncaaf,0b8f9bbc0bf1b04a819f0113922998b0,2026-09-05T16:00:00Z,Nebraska Cornhuskers,Ohio Bobcats,betrivers,BetRivers,2026-07-19T12:01:15Z,totals,2026-07-19T12:01:15Z,Over,-113,47.5,20260719120152693564
NCAAF,americanfootball_ncaaf,0b8f9bbc0bf1b04a819f0113922998b0,2026-09-05T16:00:00Z,Nebraska Cornhuskers,Ohio Bobcats,betrivers,BetRivers,2026-07-19T12:01:15Z,totals,2026-07-19T12:01:15Z,Under,-110,47.5,20260719120152693564
NCAAF,americanfootball_ncaaf,0b8f9bbc0bf1b04a819f0113922998b0,2026-09-05T16:00:00Z,Nebraska Cornhuskers,Ohio Bobcats,mybookieag,MyBookie.ag,2026-07-19T12:01:39Z,h2h,2026-07-19T12:01:39Z,Nebraska Cornhuskers,-4000,,20260719120152693564
NCAAF,americanfootball_ncaaf,0b8f9bbc0bf1b04a819f0113922998b0,2026-09-05T16:00:00Z,Nebraska Cornhuskers,Ohio Bobcats,mybookieag,MyBookie.ag,2026-07-19T12:01:39Z,h2h,2026-07-19T12:01:39Z,Ohio Bobcats,1075,,20260719120152693564
NCAAF,americanfootball_ncaaf,0b8f9bbc0bf1b04a819f0113922998b0,2026-09-05T16:00:00Z,Nebraska Cornhuskers,Ohio Bobcats,mybookieag,MyBookie.ag,2026-07-19T12:01:39Z,spreads,2026-07-19T12:01:39Z,Nebraska Cornhuskers,-110,-23.5,20260719120152693564
NCAAF,americanfootball_ncaaf,0b8f9bbc0bf1b04a819f0113922998b0,2026-09-05T16:00:00Z,Nebraska Cornhuskers,Ohio Bobcats,mybookieag,MyBookie.ag,2026-07-19T12:01:39Z,spreads,2026-07-19T12:01:39Z,Ohio Bobcats,-110,23.5,20260719120152693564
NCAAF,americanfootball_ncaaf,0b8f9bbc0bf1b04a819f0113922998b0,2026-09-05T16:00:00Z,Nebraska Cornhuskers,Ohio Bobcats,mybookieag,MyBookie.ag,2026-07-19T12:01:39Z,totals,2026-07-19T12:01:39Z,Over,-110,47.5,20260719120152693564
NCAAF,americanfootball_ncaaf,0b8f9bbc0bf1b04a819f0113922998b0,2026-09-05T16:00:00Z,Nebraska Cornhuskers,Ohio Bobcats,mybookieag,MyBookie.ag,2026-07-19T12:01:39Z,totals,2026-07-19T12:01:39Z,Under,-110,47.5,20260719120152693564
NCAAF,americanfootball_ncaaf,9bb89639201454f186964f5b86365760,2026-09-05T16:30:00Z,Ohio State Buckeyes,Ball State Cardinals,draftkings,DraftKings,2026-07-19T12:01:13Z,spreads,2026-07-19T12:01:13Z,Ball State Cardinals,-110,50.5,20260719120152693564
NCAAF,americanfootball_ncaaf,9bb89639201454f186964f5b86365760,2026-09-05T16:30:00Z,Ohio State Buckeyes,Ball State Cardinals,draftkings,DraftKings,2026-07-19T12:01:13Z,spreads,2026-07-19T12:01:13Z,Ohio State Buckeyes,-110,-50.5,20260719120152693564
NCAAF,americanfootball_ncaaf,9bb89639201454f186964f5b86365760,2026-09-05T16:30:00Z,Ohio State Buckeyes,Ball State Cardinals,draftkings,DraftKings,2026-07-19T12:01:13Z,totals,2026-07-19T12:01:13Z,Over,-112,56.5,20260719120152693564
NCAAF,americanfootball_ncaaf,9bb89639201454f186964f5b86365760,2026-09-05T16:30:00Z,Ohio State Buckeyes,Ball State Cardinals,draftkings,DraftKings,2026-07-19T12:01:13Z,totals,2026-07-19T12:01:13Z,Under,-108,56.5,20260719120152693564
NCAAF,americanfootball_ncaaf,9bb89639201454f186964f5b86365760,2026-09-05T16:30:00Z,Ohio State Buckeyes,Ball State Cardinals,lowvig,LowVig.ag,2026-07-19T12:00:52Z,spreads,2026-07-19T12:00:52Z,Ball State Cardinals,-106,49.5,20260719120152693564
NCAAF,americanfootball_ncaaf,9bb89639201454f186964f5b86365760,2026-09-05T16:30:00Z,Ohio State Buckeyes,Ball State Cardinals,lowvig,LowVig.ag,2026-07-19T12:00:52Z,spreads,2026-07-19T12:00:52Z,Ohio State Buckeyes,-106,-49.5,20260719120152693564
NCAAF,americanfootball_ncaaf,9bb89639201454f186964f5b86365760,2026-09-05T16:30:00Z,Ohio State Buckeyes,Ball State Cardinals,lowvig,LowVig.ag,2026-07-19T12:00:52Z,totals,2026-07-19T12:00:52Z,Over,-108,56.5,20260719120152693564
NCAAF,americanfootball_ncaaf,9bb89639201454f186964f5b86365760,2026-09-05T16:30:00Z,Ohio State Buckeyes,Ball State Cardinals,lowvig,LowVig.ag,2026-07-19T12:00:52Z,totals,2026-07-19T12:00:52Z,Under,-108,56.5,20260719120152693564
NCAAF,americanfootball_ncaaf,9bb89639201454f186964f5b86365760,2026-09-05T16:30:00Z,Ohio State Buckeyes,Ball State Cardinals,betonlineag,BetOnline.ag,2026-07-19T12:01:41Z,spreads,2026-07-19T12:01:41Z,Ball State Cardinals,-110,49.5,20260719120152693564
NCAAF,americanfootball_ncaaf,9bb89639201454f186964f5b86365760,2026-09-05T16:30:00Z,Ohio State Buckeyes,Ball State Cardinals,betonlineag,BetOnline.ag,2026-07-19T12:01:41Z,spreads,2026-07-19T12:01:41Z,Ohio State Buckeyes,-110,-49.5,20260719120152693564
NCAAF,americanfootball_ncaaf,9bb89639201454f186964f5b86365760,2026-09-05T16:30:00Z,Ohio State Buckeyes,Ball State Cardinals,betonlineag,BetOnline.ag,2026-07-19T12:01:41Z,totals,2026-07-19T12:01:41Z,Over,-110,56.5,20260719120152693564
NCAAF,americanfootball_ncaaf,9bb89639201454f186964f5b86365760,2026-09-05T16:30:00Z,Ohio State Buckeyes,Ball State Cardinals,betonlineag,BetOnline.ag,2026-07-19T12:01:41Z,totals,2026-07-19T12:01:41Z,Under,-110,56.5,20260719120152693564
NCAAF,americanfootball_ncaaf,9bb89639201454f186964f5b86365760,2026-09-05T16:30:00Z,Ohio State Buckeyes,Ball State Cardinals,betus,BetUS,2026-07-19T12:01:14Z,spreads,2026-07-19T12:01:14Z,Ball State Cardinals,-110,49.5,20260719120152693564
NCAAF,americanfootball_ncaaf,9bb89639201454f186964f5b86365760,2026-09-05T16:30:00Z,Ohio State Buckeyes,Ball State Cardinals,betus,BetUS,2026-07-19T12:01:14Z,spreads,2026-07-19T12:01:14Z,Ohio State Buckeyes,-110,-49.5,20260719120152693564
NCAAF,americanfootball_ncaaf,9bb89639201454f186964f5b86365760,2026-09-05T16:30:00Z,Ohio State Buckeyes,Ball State Cardinals,betus,BetUS,2026-07-19T12:01:14Z,totals,2026-07-19T12:01:14Z,Over,-110,56.5,20260719120152693564
NCAAF,americanfootball_ncaaf,9bb89639201454f186964f5b86365760,2026-09-05T16:30:00Z,Ohio State Buckeyes,Ball State Cardinals,betus,BetUS,2026-07-19T12:01:14Z,totals,2026-07-19T12:01:14Z,Under,-110,56.5,20260719120152693564
NCAAF,americanfootball_ncaaf,9bb89639201454f186964f5b86365760,2026-09-05T16:30:00Z,Ohio State Buckeyes,Ball State Cardinals,bovada,Bovada,2026-07-19T12:01:41Z,spreads,2026-07-19T12:01:41Z,Ball State Cardinals,-110,50.5,20260719120152693564
NCAAF,americanfootball_ncaaf,9bb89639201454f186964f5b86365760,2026-09-05T16:30:00Z,Ohio State Buckeyes,Ball State Cardinals,bovada,Bovada,2026-07-19T12:01:41Z,spreads,2026-07-19T12:01:41Z,Ohio State Buckeyes,-110,-50.5,20260719120152693564
NCAAF,americanfootball_ncaaf,9bb89639201454f186964f5b86365760,2026-09-05T16:30:00Z,Ohio State Buckeyes,Ball State Cardinals,bovada,Bovada,2026-07-19T12:01:41Z,totals,2026-07-19T12:01:41Z,Over,-110,56.5,20260719120152693564
NCAAF,americanfootball_ncaaf,9bb89639201454f186964f5b86365760,2026-09-05T16:30:00Z,Ohio State Buckeyes,Ball State Cardinals,bovada,Bovada,2026-07-19T12:01:41Z,totals,2026-07-19T12:01:41Z,Under,-110,56.5,20260719120152693564
NCAAF,americanfootball_ncaaf,9bb89639201454f186964f5b86365760,2026-09-05T16:30:00Z,Ohio State Buckeyes,Ball State Cardinals,fanduel,FanDuel,2026-07-19T12:01:38Z,spreads,2026-07-19T12:01:38Z,Ball State Cardinals,-114,50.5,20260719120152693564
NCAAF,americanfootball_ncaaf,9bb89639201454f186964f5b86365760,2026-09-05T16:30:00Z,Ohio State Buckeyes,Ball State Cardinals,fanduel,FanDuel,2026-07-19T12:01:38Z,spreads,2026-07-19T12:01:38Z,Ohio State Buckeyes,-106,-50.5,20260719120152693564
NCAAF,americanfootball_ncaaf,9bb89639201454f186964f5b86365760,2026-09-05T16:30:00Z,Ohio State Buckeyes,Ball State Cardinals,fanduel,FanDuel,2026-07-19T12:01:38Z,totals,2026-07-19T12:01:38Z,Over,-110,56.5,20260719120152693564
NCAAF,americanfootball_ncaaf,9bb89639201454f186964f5b86365760,2026-09-05T16:30:00Z,Ohio State Buckeyes,Ball State Cardinals,fanduel,FanDuel,2026-07-19T12:01:38Z,totals,2026-07-19T12:01:38Z,Under,-110,56.5,20260719120152693564
NCAAF,americanfootball_ncaaf,9bb89639201454f186964f5b86365760,2026-09-05T16:30:00Z,Ohio State Buckeyes,Ball State Cardinals,betmgm,BetMGM,2026-07-19T12:01:15Z,spreads,2026-07-19T12:01:15Z,Ball State Cardinals,-110,50.5,20260719120152693564
NCAAF,americanfootball_ncaaf,9bb89639201454f186964f5b86365760,2026-09-05T16:30:00Z,Ohio State Buckeyes,Ball State Cardinals,betmgm,BetMGM,2026-07-19T12:01:15Z,spreads,2026-07-19T12:01:15Z,Ohio State Buckeyes,-110,-50.5,20260719120152693564
NCAAF,americanfootball_ncaaf,9bb89639201454f186964f5b86365760,2026-09-05T16:30:00Z,Ohio State Buckeyes,Ball State Cardinals,betmgm,BetMGM,2026-07-19T12:01:15Z,totals,2026-07-19T12:01:15Z,Over,-110,56.5,20260719120152693564
NCAAF,americanfootball_ncaaf,9bb89639201454f186964f5b86365760,2026-09-05T16:30:00Z,Ohio State Buckeyes,Ball State Cardinals,betmgm,BetMGM,2026-07-19T12:01:15Z,totals,2026-07-19T12:01:15Z,Under,-110,56.5,20260719120152693564
NCAAF,americanfootball_ncaaf,9bb89639201454f186964f5b86365760,2026-09-05T16:30:00Z,Ohio State Buckeyes,Ball State Cardinals,betrivers,BetRivers,2026-07-19T12:01:15Z,spreads,2026-07-19T12:01:15Z,Ball State Cardinals,-114,50.0,20260719120152693564
NCAAF,americanfootball_ncaaf,9bb89639201454f186964f5b86365760,2026-09-05T16:30:00Z,Ohio State Buckeyes,Ball State Cardinals,betrivers,BetRivers,2026-07-19T12:01:15Z,spreads,2026-07-19T12:01:15Z,Ohio State Buckeyes,-109,-50.0,20260719120152693564
NCAAF,americanfootball_ncaaf,9bb89639201454f186964f5b86365760,2026-09-05T16:30:00Z,Ohio State Buckeyes,Ball State Cardinals,betrivers,BetRivers,2026-07-19T12:01:15Z,totals,2026-07-19T12:01:15Z,Over,-113,57.0,20260719120152693564
NCAAF,americanfootball_ncaaf,9bb89639201454f186964f5b86365760,2026-09-05T16:30:00Z,Ohio State Buckeyes,Ball State Cardinals,betrivers,BetRivers,2026-07-19T12:01:15Z,totals,2026-07-19T12:01:15Z,Under,-110,57.0,20260719120152693564
NCAAF,americanfootball_ncaaf,9bb89639201454f186964f5b86365760,2026-09-05T16:30:00Z,Ohio State Buckeyes,Ball State Cardinals,mybookieag,MyBookie.ag,2026-07-19T12:01:39Z,h2h,2026-07-19T12:01:39Z,Ball State Cardinals,1575,,20260719120152693564
NCAAF,americanfootball_ncaaf,9bb89639201454f186964f5b86365760,2026-09-05T16:30:00Z,Ohio State Buckeyes,Ball State Cardinals,mybookieag,MyBookie.ag,2026-07-19T12:01:39Z,h2h,2026-07-19T12:01:39Z,Ohio State Buckeyes,-100000,,20260719120152693564
NCAAF,americanfootball_ncaaf,9bb89639201454f186964f5b86365760,2026-09-05T16:30:00Z,Ohio State Buckeyes,Ball State Cardinals,mybookieag,MyBookie.ag,2026-07-19T12:01:39Z,spreads,2026-07-19T12:01:39Z,Ball State Cardinals,-110,50.5,20260719120152693564
NCAAF,americanfootball_ncaaf,9bb89639201454f186964f5b86365760,2026-09-05T16:30:00Z,Ohio State Buckeyes,Ball State Cardinals,mybookieag,MyBookie.ag,2026-07-19T12:01:39Z,spreads,2026-07-19T12:01:39Z,Ohio State Buckeyes,-110,-50.5,20260719120152693564
NCAAF,americanfootball_ncaaf,9bb89639201454f186964f5b86365760,2026-09-05T16:30:00Z,Ohio State Buckeyes,Ball State Cardinals,mybookieag,MyBookie.ag,2026-07-19T12:01:39Z,totals,2026-07-19T12:01:39Z,Over,-110,57.0,20260719120152693564
NCAAF,americanfootball_ncaaf,9bb89639201454f186964f5b86365760,2026-09-05T16:30:00Z,Ohio State Buckeyes,Ball State Cardinals,mybookieag,MyBookie.ag,2026-07-19T12:01:39Z,totals,2026-07-19T12:01:39Z,Under,-110,57.0,20260719120152693564
NCAAF,americanfootball_ncaaf,994c7280c9e8dcb041c260eb2c767d4d,2026-09-05T16:45:00Z,South Carolina Gamecocks,Kent State Golden Flashes,draftkings,DraftKings,2026-07-19T12:01:13Z,spreads,2026-07-19T12:01:13Z,Kent State Golden Flashes,-110,34.5,20260719120152693564
NCAAF,americanfootball_ncaaf,994c7280c9e8dcb041c260eb2c767d4d,2026-09-05T16:45:00Z,South Carolina Gamecocks,Kent State Golden Flashes,draftkings,DraftKings,2026-07-19T12:01:13Z,spreads,2026-07-19T12:01:13Z,South Carolina Gamecocks,-110,-34.5,20260719120152693564
NCAAF,americanfootball_ncaaf,994c7280c9e8dcb041c260eb2c767d4d,2026-09-05T16:45:00Z,South Carolina Gamecocks,Kent State Golden Flashes,draftkings,DraftKings,2026-07-19T12:01:13Z,totals,2026-07-19T12:01:13Z,Over,-105,52.5,20260719120152693564
NCAAF,americanfootball_ncaaf,994c7280c9e8dcb041c260eb2c767d4d,2026-09-05T16:45:00Z,South Carolina Gamecocks,Kent State Golden Flashes,draftkings,DraftKings,2026-07-19T12:01:13Z,totals,2026-07-19T12:01:13Z,Under,-115,52.5,20260719120152693564
NCAAF,americanfootball_ncaaf,994c7280c9e8dcb041c260eb2c767d4d,2026-09-05T16:45:00Z,South Carolina Gamecocks,Kent State Golden Flashes,lowvig,LowVig.ag,2026-07-19T12:00:52Z,spreads,2026-07-19T12:00:52Z,Kent State Golden Flashes,-101,34.5,20260719120152693564
NCAAF,americanfootball_ncaaf,994c7280c9e8dcb041c260eb2c767d4d,2026-09-05T16:45:00Z,South Carolina Gamecocks,Kent State Golden Flashes,lowvig,LowVig.ag,2026-07-19T12:00:52Z,spreads,2026-07-19T12:00:52Z,South Carolina Gamecocks,-111,-34.5,20260719120152693564
NCAAF,americanfootball_ncaaf,994c7280c9e8dcb041c260eb2c767d4d,2026-09-05T16:45:00Z,South Carolina Gamecocks,Kent State Golden Flashes,lowvig,LowVig.ag,2026-07-19T12:00:52Z,totals,2026-07-19T12:00:52Z,Over,-108,51.5,20260719120152693564
NCAAF,americanfootball_ncaaf,994c7280c9e8dcb041c260eb2c767d4d,2026-09-05T16:45:00Z,South Carolina Gamecocks,Kent State Golden Flashes,lowvig,LowVig.ag,2026-07-19T12:00:52Z,totals,2026-07-19T12:00:52Z,Under,-108,51.5,20260719120152693564
NCAAF,americanfootball_ncaaf,994c7280c9e8dcb041c260eb2c767d4d,2026-09-05T16:45:00Z,South Carolina Gamecocks,Kent State Golden Flashes,betonlineag,BetOnline.ag,2026-07-19T12:01:41Z,spreads,2026-07-19T12:01:41Z,Kent State Golden Flashes,-105,34.5,20260719120152693564
NCAAF,americanfootball_ncaaf,994c7280c9e8dcb041c260eb2c767d4d,2026-09-05T16:45:00Z,South Carolina Gamecocks,Kent State Golden Flashes,betonlineag,BetOnline.ag,2026-07-19T12:01:41Z,spreads,2026-07-19T12:01:41Z,South Carolina Gamecocks,-115,-34.5,20260719120152693564
NCAAF,americanfootball_ncaaf,994c7280c9e8dcb041c260eb2c767d4d,2026-09-05T16:45:00Z,South Carolina Gamecocks,Kent State Golden Flashes,betonlineag,BetOnline.ag,2026-07-19T12:01:41Z,totals,2026-07-19T12:01:41Z,Over,-110,51.5,20260719120152693564
NCAAF,americanfootball_ncaaf,994c7280c9e8dcb041c260eb2c767d4d,2026-09-05T16:45:00Z,South Carolina Gamecocks,Kent State Golden Flashes,betonlineag,BetOnline.ag,2026-07-19T12:01:41Z,totals,2026-07-19T12:01:41Z,Under,-110,51.5,20260719120152693564
NCAAF,americanfootball_ncaaf,994c7280c9e8dcb041c260eb2c767d4d,2026-09-05T16:45:00Z,South Carolina Gamecocks,Kent State Golden Flashes,betus,BetUS,2026-07-19T12:01:14Z,spreads,2026-07-19T12:01:14Z,Kent State Golden Flashes,-105,34.5,20260719120152693564
NCAAF,americanfootball_ncaaf,994c7280c9e8dcb041c260eb2c767d4d,2026-09-05T16:45:00Z,South Carolina Gamecocks,Kent State Golden Flashes,betus,BetUS,2026-07-19T12:01:14Z,spreads,2026-07-19T12:01:14Z,South Carolina Gamecocks,-115,-34.5,20260719120152693564
NCAAF,americanfootball_ncaaf,994c7280c9e8dcb041c260eb2c767d4d,2026-09-05T16:45:00Z,South Carolina Gamecocks,Kent State Golden Flashes,betus,BetUS,2026-07-19T12:01:14Z,totals,2026-07-19T12:01:14Z,Over,-110,51.5,20260719120152693564
NCAAF,americanfootball_ncaaf,994c7280c9e8dcb041c260eb2c767d4d,2026-09-05T16:45:00Z,South Carolina Gamecocks,Kent State Golden Flashes,betus,BetUS,2026-07-19T12:01:14Z,totals,2026-07-19T12:01:14Z,Under,-110,51.5,20260719120152693564
NCAAF,americanfootball_ncaaf,994c7280c9e8dcb041c260eb2c767d4d,2026-09-05T16:45:00Z,South Carolina Gamecocks,Kent State Golden Flashes,bovada,Bovada,2026-07-19T12:01:41Z,spreads,2026-07-19T12:01:41Z,Kent State Golden Flashes,-110,34.5,20260719120152693564
NCAAF,americanfootball_ncaaf,994c7280c9e8dcb041c260eb2c767d4d,2026-09-05T16:45:00Z,South Carolina Gamecocks,Kent State Golden Flashes,bovada,Bovada,2026-07-19T12:01:41Z,spreads,2026-07-19T12:01:41Z,South Carolina Gamecocks,-110,-34.5,20260719120152693564
NCAAF,americanfootball_ncaaf,994c7280c9e8dcb041c260eb2c767d4d,2026-09-05T16:45:00Z,South Carolina Gamecocks,Kent State Golden Flashes,bovada,Bovada,2026-07-19T12:01:41Z,totals,2026-07-19T12:01:41Z,Over,-105,52.5,20260719120152693564
NCAAF,americanfootball_ncaaf,994c7280c9e8dcb041c260eb2c767d4d,2026-09-05T16:45:00Z,South Carolina Gamecocks,Kent State Golden Flashes,bovada,Bovada,2026-07-19T12:01:41Z,totals,2026-07-19T12:01:41Z,Under,-115,52.5,20260719120152693564
NCAAF,americanfootball_ncaaf,994c7280c9e8dcb041c260eb2c767d4d,2026-09-05T16:45:00Z,South Carolina Gamecocks,Kent State Golden Flashes,fanduel,FanDuel,2026-07-19T12:01:38Z,spreads,2026-07-19T12:01:38Z,Kent State Golden Flashes,-105,34.5,20260719120152693564
NCAAF,americanfootball_ncaaf,994c7280c9e8dcb041c260eb2c767d4d,2026-09-05T16:45:00Z,South Carolina Gamecocks,Kent State Golden Flashes,fanduel,FanDuel,2026-07-19T12:01:38Z,spreads,2026-07-19T12:01:38Z,South Carolina Gamecocks,-115,-34.5,20260719120152693564
NCAAF,americanfootball_ncaaf,994c7280c9e8dcb041c260eb2c767d4d,2026-09-05T16:45:00Z,South Carolina Gamecocks,Kent State Golden Flashes,fanduel,FanDuel,2026-07-19T12:01:38Z,totals,2026-07-19T12:01:38Z,Over,-105,50.5,20260719120152693564
NCAAF,americanfootball_ncaaf,994c7280c9e8dcb041c260eb2c767d4d,2026-09-05T16:45:00Z,South Carolina Gamecocks,Kent State Golden Flashes,fanduel,FanDuel,2026-07-19T12:01:38Z,totals,2026-07-19T12:01:38Z,Under,-115,50.5,20260719120152693564
NCAAF,americanfootball_ncaaf,994c7280c9e8dcb041c260eb2c767d4d,2026-09-05T16:45:00Z,South Carolina Gamecocks,Kent State Golden Flashes,betmgm,BetMGM,2026-07-19T12:01:15Z,spreads,2026-07-19T12:01:15Z,Kent State Golden Flashes,-110,34.5,20260719120152693564
NCAAF,americanfootball_ncaaf,994c7280c9e8dcb041c260eb2c767d4d,2026-09-05T16:45:00Z,South Carolina Gamecocks,Kent State Golden Flashes,betmgm,BetMGM,2026-07-19T12:01:15Z,spreads,2026-07-19T12:01:15Z,South Carolina Gamecocks,-110,-34.5,20260719120152693564
NCAAF,americanfootball_ncaaf,994c7280c9e8dcb041c260eb2c767d4d,2026-09-05T16:45:00Z,South Carolina Gamecocks,Kent State Golden Flashes,betrivers,BetRivers,2026-07-19T12:01:15Z,spreads,2026-07-19T12:01:15Z,Kent State Golden Flashes,-110,34.5,20260719120152693564
NCAAF,americanfootball_ncaaf,994c7280c9e8dcb041c260eb2c767d4d,2026-09-05T16:45:00Z,South Carolina Gamecocks,Kent State Golden Flashes,betrivers,BetRivers,2026-07-19T12:01:15Z,spreads,2026-07-19T12:01:15Z,South Carolina Gamecocks,-113,-34.5,20260719120152693564
NCAAF,americanfootball_ncaaf,994c7280c9e8dcb041c260eb2c767d4d,2026-09-05T16:45:00Z,South Carolina Gamecocks,Kent State Golden Flashes,betrivers,BetRivers,2026-07-19T12:01:15Z,totals,2026-07-19T12:01:15Z,Over,-114,51.5,20260719120152693564
NCAAF,americanfootball_ncaaf,994c7280c9e8dcb041c260eb2c767d4d,2026-09-05T16:45:00Z,South Carolina Gamecocks,Kent State Golden Flashes,betrivers,BetRivers,2026-07-19T12:01:15Z,totals,2026-07-19T12:01:15Z,Under,-109,51.5,20260719120152693564
NCAAF,americanfootball_ncaaf,994c7280c9e8dcb041c260eb2c767d4d,2026-09-05T16:45:00Z,South Carolina Gamecocks,Kent State Golden Flashes,mybookieag,MyBookie.ag,2026-07-19T12:01:39Z,h2h,2026-07-19T12:01:39Z,Kent State Golden Flashes,1500,,20260719120152693564
NCAAF,americanfootball_ncaaf,994c7280c9e8dcb041c260eb2c767d4d,2026-09-05T16:45:00Z,South Carolina Gamecocks,Kent State Golden Flashes,mybookieag,MyBookie.ag,2026-07-19T12:01:39Z,h2h,2026-07-19T12:01:39Z,South Carolina Gamecocks,-50000,,20260719120152693564
NCAAF,americanfootball_ncaaf,994c7280c9e8dcb041c260eb2c767d4d,2026-09-05T16:45:00Z,South Carolina Gamecocks,Kent State Golden Flashes,mybookieag,MyBookie.ag,2026-07-19T12:01:39Z,spreads,2026-07-19T12:01:39Z,Kent State Golden Flashes,-110,34.5,20260719120152693564
NCAAF,americanfootball_ncaaf,994c7280c9e8dcb041c260eb2c767d4d,2026-09-05T16:45:00Z,South Carolina Gamecocks,Kent State Golden Flashes,mybookieag,MyBookie.ag,2026-07-19T12:01:39Z,spreads,2026-07-19T12:01:39Z,South Carolina Gamecocks,-110,-34.5,20260719120152693564
NCAAF,americanfootball_ncaaf,994c7280c9e8dcb041c260eb2c767d4d,2026-09-05T16:45:00Z,South Carolina Gamecocks,Kent State Golden Flashes,mybookieag,MyBookie.ag,2026-07-19T12:01:39Z,totals,2026-07-19T12:01:39Z,Over,-110,52.5,20260719120152693564
NCAAF,americanfootball_ncaaf,994c7280c9e8dcb041c260eb2c767d4d,2026-09-05T16:45:00Z,South Carolina Gamecocks,Kent State Golden Flashes,mybookieag,MyBookie.ag,2026-07-19T12:01:39Z,totals,2026-07-19T12:01:39Z,Under,-110,52.5,20260719120152693564
NCAAF,americanfootball_ncaaf,525909f6be5e505d076a97eb097528eb,2026-09-05T19:30:00Z,Auburn Tigers,Baylor Bears,fanduel,FanDuel,2026-07-19T12:01:38Z,h2h,2026-07-19T12:01:38Z,Auburn Tigers,-285,,20260719120152693564
NCAAF,americanfootball_ncaaf,525909f6be5e505d076a97eb097528eb,2026-09-05T19:30:00Z,Auburn Tigers,Baylor Bears,fanduel,FanDuel,2026-07-19T12:01:38Z,h2h,2026-07-19T12:01:38Z,Baylor Bears,230,,20260719120152693564
NCAAF,americanfootball_ncaaf,525909f6be5e505d076a97eb097528eb,2026-09-05T19:30:00Z,Auburn Tigers,Baylor Bears,fanduel,FanDuel,2026-07-19T12:01:38Z,spreads,2026-07-19T12:01:38Z,Auburn Tigers,-105,-7.5,20260719120152693564
NCAAF,americanfootball_ncaaf,525909f6be5e505d076a97eb097528eb,2026-09-05T19:30:00Z,Auburn Tigers,Baylor Bears,fanduel,FanDuel,2026-07-19T12:01:38Z,spreads,2026-07-19T12:01:38Z,Baylor Bears,-115,7.5,20260719120152693564
NCAAF,americanfootball_ncaaf,525909f6be5e505d076a97eb097528eb,2026-09-05T19:30:00Z,Auburn Tigers,Baylor Bears,fanduel,FanDuel,2026-07-19T12:01:38Z,totals,2026-07-19T12:01:38Z,Over,-110,59.5,20260719120152693564
NCAAF,americanfootball_ncaaf,525909f6be5e505d076a97eb097528eb,2026-09-05T19:30:00Z,Auburn Tigers,Baylor Bears,fanduel,FanDuel,2026-07-19T12:01:38Z,totals,2026-07-19T12:01:38Z,Under,-110,59.5,20260719120152693564
NCAAF,americanfootball_ncaaf,525909f6be5e505d076a97eb097528eb,2026-09-05T19:30:00Z,Auburn Tigers,Baylor Bears,bovada,Bovada,2026-07-19T12:01:41Z,h2h,2026-07-19T12:01:41Z,Auburn Tigers,-260,,20260719120152693564
NCAAF,americanfootball_ncaaf,525909f6be5e505d076a97eb097528eb,2026-09-05T19:30:00Z,Auburn Tigers,Baylor Bears,bovada,Bovada,2026-07-19T12:01:41Z,h2h,2026-07-19T12:01:41Z,Baylor Bears,215,,20260719120152693564
NCAAF,americanfootball_ncaaf,525909f6be5e505d076a97eb097528eb,2026-09-05T19:30:00Z,Auburn Tigers,Baylor Bears,bovada,Bovada,2026-07-19T12:01:41Z,spreads,2026-07-19T12:01:41Z,Auburn Tigers,-120,-7.0,20260719120152693564
NCAAF,americanfootball_ncaaf,525909f6be5e505d076a97eb097528eb,2026-09-05T19:30:00Z,Auburn Tigers,Baylor Bears,bovada,Bovada,2026-07-19T12:01:41Z,spreads,2026-07-19T12:01:41Z,Baylor Bears,100,7.0,20260719120152693564
NCAAF,americanfootball_ncaaf,525909f6be5e505d076a97eb097528eb,2026-09-05T19:30:00Z,Auburn Tigers,Baylor Bears,bovada,Bovada,2026-07-19T12:01:41Z,totals,2026-07-19T12:01:41Z,Over,-115,59.5,20260719120152693564
NCAAF,americanfootball_ncaaf,525909f6be5e505d076a97eb097528eb,2026-09-05T19:30:00Z,Auburn Tigers,Baylor Bears,bovada,Bovada,2026-07-19T12:01:41Z,totals,2026-07-19T12:01:41Z,Under,-105,59.5,20260719120152693564
NCAAF,americanfootball_ncaaf,525909f6be5e505d076a97eb097528eb,2026-09-05T19:30:00Z,Auburn Tigers,Baylor Bears,draftkings,DraftKings,2026-07-19T12:01:13Z,h2h,2026-07-19T12:01:13Z,Auburn Tigers,-258,,20260719120152693564
NCAAF,americanfootball_ncaaf,525909f6be5e505d076a97eb097528eb,2026-09-05T19:30:00Z,Auburn Tigers,Baylor Bears,draftkings,DraftKings,2026-07-19T12:01:13Z,h2h,2026-07-19T12:01:13Z,Baylor Bears,210,,20260719120152693564
NCAAF,americanfootball_ncaaf,525909f6be5e505d076a97eb097528eb,2026-09-05T19:30:00Z,Auburn Tigers,Baylor Bears,draftkings,DraftKings,2026-07-19T12:01:13Z,spreads,2026-07-19T12:01:13Z,Auburn Tigers,-108,-7.0,20260719120152693564
NCAAF,americanfootball_ncaaf,525909f6be5e505d076a97eb097528eb,2026-09-05T19:30:00Z,Auburn Tigers,Baylor Bears,draftkings,DraftKings,2026-07-19T12:01:13Z,spreads,2026-07-19T12:01:13Z,Baylor Bears,-112,7.0,20260719120152693564
NCAAF,americanfootball_ncaaf,525909f6be5e505d076a97eb097528eb,2026-09-05T19:30:00Z,Auburn Tigers,Baylor Bears,draftkings,DraftKings,2026-07-19T12:01:13Z,totals,2026-07-19T12:01:13Z,Over,-115,59.5,20260719120152693564
NCAAF,americanfootball_ncaaf,525909f6be5e505d076a97eb097528eb,2026-09-05T19:30:00Z,Auburn Tigers,Baylor Bears,draftkings,DraftKings,2026-07-19T12:01:13Z,totals,2026-07-19T12:01:13Z,Under,-105,59.5,20260719120152693564
NCAAF,americanfootball_ncaaf,525909f6be5e505d076a97eb097528eb,2026-09-05T19:30:00Z,Auburn Tigers,Baylor Bears,betmgm,BetMGM,2026-07-19T12:01:15Z,spreads,2026-07-19T12:01:15Z,Auburn Tigers,-105,-7.5,20260719120152693564
NCAAF,americanfootball_ncaaf,525909f6be5e505d076a97eb097528eb,2026-09-05T19:30:00Z,Auburn Tigers,Baylor Bears,betmgm,BetMGM,2026-07-19T12:01:15Z,spreads,2026-07-19T12:01:15Z,Baylor Bears,-115,7.5,20260719120152693564
NCAAF,americanfootball_ncaaf,525909f6be5e505d076a97eb097528eb,2026-09-05T19:30:00Z,Auburn Tigers,Baylor Bears,betmgm,BetMGM,2026-07-19T12:01:15Z,totals,2026-07-19T12:01:15Z,Over,-110,59.5,20260719120152693564
NCAAF,americanfootball_ncaaf,525909f6be5e505d076a97eb097528eb,2026-09-05T19:30:00Z,Auburn Tigers,Baylor Bears,betmgm,BetMGM,2026-07-19T12:01:15Z,totals,2026-07-19T12:01:15Z,Under,-110,59.5,20260719120152693564
NCAAF,americanfootball_ncaaf,525909f6be5e505d076a97eb097528eb,2026-09-05T19:30:00Z,Auburn Tigers,Baylor Bears,betrivers,BetRivers,2026-07-19T12:01:15Z,h2h,2026-07-19T12:01:15Z,Auburn Tigers,-286,,20260719120152693564
NCAAF,americanfootball_ncaaf,525909f6be5e505d076a97eb097528eb,2026-09-05T19:30:00Z,Auburn Tigers,Baylor Bears,betrivers,BetRivers,2026-07-19T12:01:15Z,h2h,2026-07-19T12:01:15Z,Baylor Bears,205,,20260719120152693564
NCAAF,americanfootball_ncaaf,525909f6be5e505d076a97eb097528eb,2026-09-05T19:30:00Z,Auburn Tigers,Baylor Bears,betrivers,BetRivers,2026-07-19T12:01:15Z,spreads,2026-07-19T12:01:15Z,Auburn Tigers,-113,-7.5,20260719120152693564
NCAAF,americanfootball_ncaaf,525909f6be5e505d076a97eb097528eb,2026-09-05T19:30:00Z,Auburn Tigers,Baylor Bears,betrivers,BetRivers,2026-07-19T12:01:15Z,spreads,2026-07-19T12:01:15Z,Baylor Bears,-110,7.5,20260719120152693564
NCAAF,americanfootball_ncaaf,525909f6be5e505d076a97eb097528eb,2026-09-05T19:30:00Z,Auburn Tigers,Baylor Bears,betrivers,BetRivers,2026-07-19T12:01:15Z,totals,2026-07-19T12:01:15Z,Over,-109,59.5,20260719120152693564
NCAAF,americanfootball_ncaaf,525909f6be5e505d076a97eb097528eb,2026-09-05T19:30:00Z,Auburn Tigers,Baylor Bears,betrivers,BetRivers,2026-07-19T12:01:15Z,totals,2026-07-19T12:01:15Z,Under,-114,59.5,20260719120152693564
NCAAF,americanfootball_ncaaf,525909f6be5e505d076a97eb097528eb,2026-09-05T19:30:00Z,Auburn Tigers,Baylor Bears,mybookieag,MyBookie.ag,2026-07-19T12:01:39Z,h2h,2026-07-19T12:01:38Z,Auburn Tigers,-285,,20260719120152693564
NCAAF,americanfootball_ncaaf,525909f6be5e505d076a97eb097528eb,2026-09-05T19:30:00Z,Auburn Tigers,Baylor Bears,mybookieag,MyBookie.ag,2026-07-19T12:01:39Z,h2h,2026-07-19T12:01:38Z,Baylor Bears,212,,20260719120152693564
NCAAF,americanfootball_ncaaf,525909f6be5e505d076a97eb097528eb,2026-09-05T19:30:00Z,Auburn Tigers,Baylor Bears,mybookieag,MyBookie.ag,2026-07-19T12:01:39Z,spreads,2026-07-19T12:01:38Z,Auburn Tigers,-110,-7.0,20260719120152693564
NCAAF,americanfootball_ncaaf,525909f6be5e505d076a97eb097528eb,2026-09-05T19:30:00Z,Auburn Tigers,Baylor Bears,mybookieag,MyBookie.ag,2026-07-19T12:01:39Z,spreads,2026-07-19T12:01:38Z,Baylor Bears,-110,7.0,20260719120152693564
NCAAF,americanfootball_ncaaf,525909f6be5e505d076a97eb097528eb,2026-09-05T19:30:00Z,Auburn Tigers,Baylor Bears,mybookieag,MyBookie.ag,2026-07-19T12:01:39Z,totals,2026-07-19T12:01:38Z,Over,-110,59.5,20260719120152693564
NCAAF,americanfootball_ncaaf,525909f6be5e505d076a97eb097528eb,2026-09-05T19:30:00Z,Auburn Tigers,Baylor Bears,mybookieag,MyBookie.ag,2026-07-19T12:01:39Z,totals,2026-07-19T12:01:38Z,Under,-110,59.5,20260719120152693564
NCAAF,americanfootball_ncaaf,525909f6be5e505d076a97eb097528eb,2026-09-05T19:30:00Z,Auburn Tigers,Baylor Bears,betonlineag,BetOnline.ag,2026-07-19T12:01:41Z,spreads,2026-07-19T12:01:41Z,Auburn Tigers,-110,-7.0,20260719120152693564
NCAAF,americanfootball_ncaaf,525909f6be5e505d076a97eb097528eb,2026-09-05T19:30:00Z,Auburn Tigers,Baylor Bears,betonlineag,BetOnline.ag,2026-07-19T12:01:41Z,spreads,2026-07-19T12:01:41Z,Baylor Bears,-110,7.0,20260719120152693564
NCAAF,americanfootball_ncaaf,525909f6be5e505d076a97eb097528eb,2026-09-05T19:30:00Z,Auburn Tigers,Baylor Bears,betonlineag,BetOnline.ag,2026-07-19T12:01:41Z,totals,2026-07-19T12:01:41Z,Over,-110,60.0,20260719120152693564
NCAAF,americanfootball_ncaaf,525909f6be5e505d076a97eb097528eb,2026-09-05T19:30:00Z,Auburn Tigers,Baylor Bears,betonlineag,BetOnline.ag,2026-07-19T12:01:41Z,totals,2026-07-19T12:01:41Z,Under,-110,60.0,20260719120152693564
NCAAF,americanfootball_ncaaf,525909f6be5e505d076a97eb097528eb,2026-09-05T19:30:00Z,Auburn Tigers,Baylor Bears,lowvig,LowVig.ag,2026-07-19T12:00:52Z,spreads,2026-07-19T12:00:52Z,Auburn Tigers,-106,-7.0,20260719120152693564
NCAAF,americanfootball_ncaaf,525909f6be5e505d076a97eb097528eb,2026-09-05T19:30:00Z,Auburn Tigers,Baylor Bears,lowvig,LowVig.ag,2026-07-19T12:00:52Z,spreads,2026-07-19T12:00:52Z,Baylor Bears,-106,7.0,20260719120152693564
NCAAF,americanfootball_ncaaf,525909f6be5e505d076a97eb097528eb,2026-09-05T19:30:00Z,Auburn Tigers,Baylor Bears,lowvig,LowVig.ag,2026-07-19T12:00:52Z,totals,2026-07-19T12:00:52Z,Over,-108,60.0,20260719120152693564
NCAAF,americanfootball_ncaaf,525909f6be5e505d076a97eb097528eb,2026-09-05T19:30:00Z,Auburn Tigers,Baylor Bears,lowvig,LowVig.ag,2026-07-19T12:00:52Z,totals,2026-07-19T12:00:52Z,Under,-108,60.0,20260719120152693564
NCAAF,americanfootball_ncaaf,525909f6be5e505d076a97eb097528eb,2026-09-05T19:30:00Z,Auburn Tigers,Baylor Bears,betus,BetUS,2026-07-19T12:01:14Z,spreads,2026-07-19T12:01:14Z,Auburn Tigers,-110,-7.0,20260719120152693564
NCAAF,americanfootball_ncaaf,525909f6be5e505d076a97eb097528eb,2026-09-05T19:30:00Z,Auburn Tigers,Baylor Bears,betus,BetUS,2026-07-19T12:01:14Z,spreads,2026-07-19T12:01:14Z,Baylor Bears,-110,7.0,20260719120152693564
NCAAF,americanfootball_ncaaf,525909f6be5e505d076a97eb097528eb,2026-09-05T19:30:00Z,Auburn Tigers,Baylor Bears,betus,BetUS,2026-07-19T12:01:14Z,totals,2026-07-19T12:01:14Z,Over,-110,60.0,20260719120152693564
NCAAF,americanfootball_ncaaf,525909f6be5e505d076a97eb097528eb,2026-09-05T19:30:00Z,Auburn Tigers,Baylor Bears,betus,BetUS,2026-07-19T12:01:14Z,totals,2026-07-19T12:01:14Z,Under,-110,60.0,20260719120152693564
NCAAF,americanfootball_ncaaf,ac175733be9ad7061abab75fe080d18a,2026-09-05T19:30:00Z,Oregon Ducks,Boise State Broncos,draftkings,DraftKings,2026-07-19T12:01:13Z,h2h,2026-07-19T12:01:13Z,Boise State Broncos,1700,,20260719120152693564
NCAAF,americanfootball_ncaaf,ac175733be9ad7061abab75fe080d18a,2026-09-05T19:30:00Z,Oregon Ducks,Boise State Broncos,draftkings,DraftKings,2026-07-19T12:01:13Z,h2h,2026-07-19T12:01:13Z,Oregon Ducks,-4500,,20260719120152693564
NCAAF,americanfootball_ncaaf,ac175733be9ad7061abab75fe080d18a,2026-09-05T19:30:00Z,Oregon Ducks,Boise State Broncos,draftkings,DraftKings,2026-07-19T12:01:13Z,spreads,2026-07-19T12:01:13Z,Boise State Broncos,-110,24.5,20260719120152693564
NCAAF,americanfootball_ncaaf,ac175733be9ad7061abab75fe080d18a,2026-09-05T19:30:00Z,Oregon Ducks,Boise State Broncos,draftkings,DraftKings,2026-07-19T12:01:13Z,spreads,2026-07-19T12:01:13Z,Oregon Ducks,-110,-24.5,20260719120152693564
NCAAF,americanfootball_ncaaf,ac175733be9ad7061abab75fe080d18a,2026-09-05T19:30:00Z,Oregon Ducks,Boise State Broncos,draftkings,DraftKings,2026-07-19T12:01:13Z,totals,2026-07-19T12:01:13Z,Over,-112,52.5,20260719120152693564
NCAAF,americanfootball_ncaaf,ac175733be9ad7061abab75fe080d18a,2026-09-05T19:30:00Z,Oregon Ducks,Boise State Broncos,draftkings,DraftKings,2026-07-19T12:01:13Z,totals,2026-07-19T12:01:13Z,Under,-108,52.5,20260719120152693564
NCAAF,americanfootball_ncaaf,ac175733be9ad7061abab75fe080d18a,2026-09-05T19:30:00Z,Oregon Ducks,Boise State Broncos,betonlineag,BetOnline.ag,2026-07-19T12:01:41Z,spreads,2026-07-19T12:01:41Z,Boise State Broncos,-110,24.5,20260719120152693564
NCAAF,americanfootball_ncaaf,ac175733be9ad7061abab75fe080d18a,2026-09-05T19:30:00Z,Oregon Ducks,Boise State Broncos,betonlineag,BetOnline.ag,2026-07-19T12:01:41Z,spreads,2026-07-19T12:01:41Z,Oregon Ducks,-110,-24.5,20260719120152693564
NCAAF,americanfootball_ncaaf,ac175733be9ad7061abab75fe080d18a,2026-09-05T19:30:00Z,Oregon Ducks,Boise State Broncos,betonlineag,BetOnline.ag,2026-07-19T12:01:41Z,totals,2026-07-19T12:01:41Z,Over,-110,51.5,20260719120152693564
NCAAF,americanfootball_ncaaf,ac175733be9ad7061abab75fe080d18a,2026-09-05T19:30:00Z,Oregon Ducks,Boise State Broncos,betonlineag,BetOnline.ag,2026-07-19T12:01:41Z,totals,2026-07-19T12:01:41Z,Under,-110,51.5,20260719120152693564
NCAAF,americanfootball_ncaaf,ac175733be9ad7061abab75fe080d18a,2026-09-05T19:30:00Z,Oregon Ducks,Boise State Broncos,lowvig,LowVig.ag,2026-07-19T12:00:52Z,spreads,2026-07-19T12:00:52Z,Boise State Broncos,-106,24.5,20260719120152693564
NCAAF,americanfootball_ncaaf,ac175733be9ad7061abab75fe080d18a,2026-09-05T19:30:00Z,Oregon Ducks,Boise State Broncos,lowvig,LowVig.ag,2026-07-19T12:00:52Z,spreads,2026-07-19T12:00:52Z,Oregon Ducks,-106,-24.5,20260719120152693564
NCAAF,americanfootball_ncaaf,ac175733be9ad7061abab75fe080d18a,2026-09-05T19:30:00Z,Oregon Ducks,Boise State Broncos,lowvig,LowVig.ag,2026-07-19T12:00:52Z,totals,2026-07-19T12:00:52Z,Over,-108,51.5,20260719120152693564
NCAAF,americanfootball_ncaaf,ac175733be9ad7061abab75fe080d18a,2026-09-05T19:30:00Z,Oregon Ducks,Boise State Broncos,lowvig,LowVig.ag,2026-07-19T12:00:52Z,totals,2026-07-19T12:00:52Z,Under,-108,51.5,20260719120152693564
NCAAF,americanfootball_ncaaf,ac175733be9ad7061abab75fe080d18a,2026-09-05T19:30:00Z,Oregon Ducks,Boise State Broncos,betus,BetUS,2026-07-19T12:01:14Z,spreads,2026-07-19T12:01:14Z,Boise State Broncos,-110,24.5,20260719120152693564
NCAAF,americanfootball_ncaaf,ac175733be9ad7061abab75fe080d18a,2026-09-05T19:30:00Z,Oregon Ducks,Boise State Broncos,betus,BetUS,2026-07-19T12:01:14Z,spreads,2026-07-19T12:01:14Z,Oregon Ducks,-110,-24.5,20260719120152693564
NCAAF,americanfootball_ncaaf,ac175733be9ad7061abab75fe080d18a,2026-09-05T19:30:00Z,Oregon Ducks,Boise State Broncos,betus,BetUS,2026-07-19T12:01:14Z,totals,2026-07-19T12:01:14Z,Over,-110,51.5,20260719120152693564
NCAAF,americanfootball_ncaaf,ac175733be9ad7061abab75fe080d18a,2026-09-05T19:30:00Z,Oregon Ducks,Boise State Broncos,betus,BetUS,2026-07-19T12:01:14Z,totals,2026-07-19T12:01:14Z,Under,-110,51.5,20260719120152693564
NCAAF,americanfootball_ncaaf,ac175733be9ad7061abab75fe080d18a,2026-09-05T19:30:00Z,Oregon Ducks,Boise State Broncos,bovada,Bovada,2026-07-19T12:01:41Z,spreads,2026-07-19T12:01:41Z,Boise State Broncos,-110,24.5,20260719120152693564
NCAAF,americanfootball_ncaaf,ac175733be9ad7061abab75fe080d18a,2026-09-05T19:30:00Z,Oregon Ducks,Boise State Broncos,bovada,Bovada,2026-07-19T12:01:41Z,spreads,2026-07-19T12:01:41Z,Oregon Ducks,-110,-24.5,20260719120152693564
NCAAF,americanfootball_ncaaf,ac175733be9ad7061abab75fe080d18a,2026-09-05T19:30:00Z,Oregon Ducks,Boise State Broncos,fanduel,FanDuel,2026-07-19T12:01:38Z,h2h,2026-07-19T12:01:38Z,Boise State Broncos,1400,,20260719120152693564
NCAAF,americanfootball_ncaaf,ac175733be9ad7061abab75fe080d18a,2026-09-05T19:30:00Z,Oregon Ducks,Boise State Broncos,fanduel,FanDuel,2026-07-19T12:01:38Z,h2h,2026-07-19T12:01:38Z,Oregon Ducks,-4000,,20260719120152693564
NCAAF,americanfootball_ncaaf,ac175733be9ad7061abab75fe080d18a,2026-09-05T19:30:00Z,Oregon Ducks,Boise State Broncos,fanduel,FanDuel,2026-07-19T12:01:38Z,spreads,2026-07-19T12:01:38Z,Boise State Broncos,-110,24.5,20260719120152693564
NCAAF,americanfootball_ncaaf,ac175733be9ad7061abab75fe080d18a,2026-09-05T19:30:00Z,Oregon Ducks,Boise State Broncos,fanduel,FanDuel,2026-07-19T12:01:38Z,spreads,2026-07-19T12:01:38Z,Oregon Ducks,-110,-24.5,20260719120152693564
NCAAF,americanfootball_ncaaf,ac175733be9ad7061abab75fe080d18a,2026-09-05T19:30:00Z,Oregon Ducks,Boise State Broncos,fanduel,FanDuel,2026-07-19T12:01:38Z,totals,2026-07-19T12:01:38Z,Over,-115,52.5,20260719120152693564
NCAAF,americanfootball_ncaaf,ac175733be9ad7061abab75fe080d18a,2026-09-05T19:30:00Z,Oregon Ducks,Boise State Broncos,fanduel,FanDuel,2026-07-19T12:01:38Z,totals,2026-07-19T12:01:38Z,Under,-105,52.5,20260719120152693564
NCAAF,americanfootball_ncaaf,ac175733be9ad7061abab75fe080d18a,2026-09-05T19:30:00Z,Oregon Ducks,Boise State Broncos,betmgm,BetMGM,2026-07-19T12:01:15Z,spreads,2026-07-19T12:01:15Z,Boise State Broncos,-110,24.5,20260719120152693564
NCAAF,americanfootball_ncaaf,ac175733be9ad7061abab75fe080d18a,2026-09-05T19:30:00Z,Oregon Ducks,Boise State Broncos,betmgm,BetMGM,2026-07-19T12:01:15Z,spreads,2026-07-19T12:01:15Z,Oregon Ducks,-110,-24.5,20260719120152693564
NCAAF,americanfootball_ncaaf,ac175733be9ad7061abab75fe080d18a,2026-09-05T19:30:00Z,Oregon Ducks,Boise State Broncos,betmgm,BetMGM,2026-07-19T12:01:15Z,totals,2026-07-19T12:01:15Z,Over,-110,53.5,20260719120152693564
NCAAF,americanfootball_ncaaf,ac175733be9ad7061abab75fe080d18a,2026-09-05T19:30:00Z,Oregon Ducks,Boise State Broncos,betmgm,BetMGM,2026-07-19T12:01:15Z,totals,2026-07-19T12:01:15Z,Under,-110,53.5,20260719120152693564
NCAAF,americanfootball_ncaaf,ac175733be9ad7061abab75fe080d18a,2026-09-05T19:30:00Z,Oregon Ducks,Boise State Broncos,betrivers,BetRivers,2026-07-19T12:01:15Z,spreads,2026-07-19T12:01:15Z,Boise State Broncos,-114,25.0,20260719120152693564
NCAAF,americanfootball_ncaaf,ac175733be9ad7061abab75fe080d18a,2026-09-05T19:30:00Z,Oregon Ducks,Boise State Broncos,betrivers,BetRivers,2026-07-19T12:01:15Z,spreads,2026-07-19T12:01:15Z,Oregon Ducks,-109,-25.0,20260719120152693564
NCAAF,americanfootball_ncaaf,ac175733be9ad7061abab75fe080d18a,2026-09-05T19:30:00Z,Oregon Ducks,Boise State Broncos,betrivers,BetRivers,2026-07-19T12:01:15Z,totals,2026-07-19T12:01:15Z,Over,-114,53.5,20260719120152693564
NCAAF,americanfootball_ncaaf,ac175733be9ad7061abab75fe080d18a,2026-09-05T19:30:00Z,Oregon Ducks,Boise State Broncos,betrivers,BetRivers,2026-07-19T12:01:15Z,totals,2026-07-19T12:01:15Z,Under,-109,53.5,20260719120152693564
NCAAF,americanfootball_ncaaf,ac175733be9ad7061abab75fe080d18a,2026-09-05T19:30:00Z,Oregon Ducks,Boise State Broncos,mybookieag,MyBookie.ag,2026-07-19T12:01:39Z,h2h,2026-07-19T12:01:38Z,Boise State Broncos,1150,,20260719120152693564
NCAAF,americanfootball_ncaaf,ac175733be9ad7061abab75fe080d18a,2026-09-05T19:30:00Z,Oregon Ducks,Boise State Broncos,mybookieag,MyBookie.ag,2026-07-19T12:01:39Z,h2h,2026-07-19T12:01:38Z,Oregon Ducks,-5000,,20260719120152693564
NCAAF,americanfootball_ncaaf,ac175733be9ad7061abab75fe080d18a,2026-09-05T19:30:00Z,Oregon Ducks,Boise State Broncos,mybookieag,MyBookie.ag,2026-07-19T12:01:39Z,spreads,2026-07-19T12:01:38Z,Boise State Broncos,-110,24.5,20260719120152693564
NCAAF,americanfootball_ncaaf,ac175733be9ad7061abab75fe080d18a,2026-09-05T19:30:00Z,Oregon Ducks,Boise State Broncos,mybookieag,MyBookie.ag,2026-07-19T12:01:39Z,spreads,2026-07-19T12:01:38Z,Oregon Ducks,-110,-24.5,20260719120152693564
NCAAF,americanfootball_ncaaf,ac175733be9ad7061abab75fe080d18a,2026-09-05T19:30:00Z,Oregon Ducks,Boise State Broncos,mybookieag,MyBookie.ag,2026-07-19T12:01:39Z,totals,2026-07-19T12:01:38Z,Over,-110,52.5,20260719120152693564
NCAAF,americanfootball_ncaaf,ac175733be9ad7061abab75fe080d18a,2026-09-05T19:30:00Z,Oregon Ducks,Boise State Broncos,mybookieag,MyBookie.ag,2026-07-19T12:01:39Z,totals,2026-07-19T12:01:38Z,Under,-110,52.5,20260719120152693564
NCAAF,americanfootball_ncaaf,9e750af965ce9f276f4280686d4dba35,2026-09-05T19:30:00Z,Cincinnati Bearcats,Boston College Eagles,draftkings,DraftKings,2026-07-19T12:01:13Z,h2h,2026-07-19T12:01:13Z,Boston College Eagles,220,,20260719120152693564
NCAAF,americanfootball_ncaaf,9e750af965ce9f276f4280686d4dba35,2026-09-05T19:30:00Z,Cincinnati Bearcats,Boston College Eagles,draftkings,DraftKings,2026-07-19T12:01:13Z,h2h,2026-07-19T12:01:13Z,Cincinnati Bearcats,-270,,20260719120152693564
NCAAF,americanfootball_ncaaf,9e750af965ce9f276f4280686d4dba35,2026-09-05T19:30:00Z,Cincinnati Bearcats,Boston College Eagles,draftkings,DraftKings,2026-07-19T12:01:13Z,spreads,2026-07-19T12:01:13Z,Boston College Eagles,-105,7.5,20260719120152693564
NCAAF,americanfootball_ncaaf,9e750af965ce9f276f4280686d4dba35,2026-09-05T19:30:00Z,Cincinnati Bearcats,Boston College Eagles,draftkings,DraftKings,2026-07-19T12:01:13Z,spreads,2026-07-19T12:01:13Z,Cincinnati Bearcats,-115,-7.5,20260719120152693564
NCAAF,americanfootball_ncaaf,9e750af965ce9f276f4280686d4dba35,2026-09-05T19:30:00Z,Cincinnati Bearcats,Boston College Eagles,draftkings,DraftKings,2026-07-19T12:01:13Z,totals,2026-07-19T12:01:13Z,Over,-108,54.5,20260719120152693564
NCAAF,americanfootball_ncaaf,9e750af965ce9f276f4280686d4dba35,2026-09-05T19:30:00Z,Cincinnati Bearcats,Boston College Eagles,draftkings,DraftKings,2026-07-19T12:01:13Z,totals,2026-07-19T12:01:13Z,Under,-112,54.5,20260719120152693564
NCAAF,americanfootball_ncaaf,9e750af965ce9f276f4280686d4dba35,2026-09-05T19:30:00Z,Cincinnati Bearcats,Boston College Eagles,lowvig,LowVig.ag,2026-07-19T12:00:52Z,spreads,2026-07-19T12:00:52Z,Boston College Eagles,-106,7.5,20260719120152693564
NCAAF,americanfootball_ncaaf,9e750af965ce9f276f4280686d4dba35,2026-09-05T19:30:00Z,Cincinnati Bearcats,Boston College Eagles,lowvig,LowVig.ag,2026-07-19T12:00:52Z,spreads,2026-07-19T12:00:52Z,Cincinnati Bearcats,-106,-7.5,20260719120152693564
NCAAF,americanfootball_ncaaf,9e750af965ce9f276f4280686d4dba35,2026-09-05T19:30:00Z,Cincinnati Bearcats,Boston College Eagles,lowvig,LowVig.ag,2026-07-19T12:00:52Z,totals,2026-07-19T12:00:52Z,Over,-108,54.5,20260719120152693564
NCAAF,americanfootball_ncaaf,9e750af965ce9f276f4280686d4dba35,2026-09-05T19:30:00Z,Cincinnati Bearcats,Boston College Eagles,lowvig,LowVig.ag,2026-07-19T12:00:52Z,totals,2026-07-19T12:00:52Z,Under,-108,54.5,20260719120152693564
NCAAF,americanfootball_ncaaf,9e750af965ce9f276f4280686d4dba35,2026-09-05T19:30:00Z,Cincinnati Bearcats,Boston College Eagles,betonlineag,BetOnline.ag,2026-07-19T12:01:41Z,spreads,2026-07-19T12:01:41Z,Boston College Eagles,-110,7.5,20260719120152693564
NCAAF,americanfootball_ncaaf,9e750af965ce9f276f4280686d4dba35,2026-09-05T19:30:00Z,Cincinnati Bearcats,Boston College Eagles,betonlineag,BetOnline.ag,2026-07-19T12:01:41Z,spreads,2026-07-19T12:01:41Z,Cincinnati Bearcats,-110,-7.5,20260719120152693564
NCAAF,americanfootball_ncaaf,9e750af965ce9f276f4280686d4dba35,2026-09-05T19:30:00Z,Cincinnati Bearcats,Boston College Eagles,betonlineag,BetOnline.ag,2026-07-19T12:01:41Z,totals,2026-07-19T12:01:41Z,Over,-110,54.5,20260719120152693564
NCAAF,americanfootball_ncaaf,9e750af965ce9f276f4280686d4dba35,2026-09-05T19:30:00Z,Cincinnati Bearcats,Boston College Eagles,betonlineag,BetOnline.ag,2026-07-19T12:01:41Z,totals,2026-07-19T12:01:41Z,Under,-110,54.5,20260719120152693564
NCAAF,americanfootball_ncaaf,9e750af965ce9f276f4280686d4dba35,2026-09-05T19:30:00Z,Cincinnati Bearcats,Boston College Eagles,betus,BetUS,2026-07-19T12:01:14Z,spreads,2026-07-19T12:01:14Z,Boston College Eagles,-110,7.5,20260719120152693564
NCAAF,americanfootball_ncaaf,9e750af965ce9f276f4280686d4dba35,2026-09-05T19:30:00Z,Cincinnati Bearcats,Boston College Eagles,betus,BetUS,2026-07-19T12:01:14Z,spreads,2026-07-19T12:01:14Z,Cincinnati Bearcats,-110,-7.5,20260719120152693564
NCAAF,americanfootball_ncaaf,9e750af965ce9f276f4280686d4dba35,2026-09-05T19:30:00Z,Cincinnati Bearcats,Boston College Eagles,betus,BetUS,2026-07-19T12:01:14Z,totals,2026-07-19T12:01:14Z,Over,-110,54.5,20260719120152693564
NCAAF,americanfootball_ncaaf,9e750af965ce9f276f4280686d4dba35,2026-09-05T19:30:00Z,Cincinnati Bearcats,Boston College Eagles,betus,BetUS,2026-07-19T12:01:14Z,totals,2026-07-19T12:01:14Z,Under,-110,54.5,20260719120152693564
NCAAF,americanfootball_ncaaf,9e750af965ce9f276f4280686d4dba35,2026-09-05T19:30:00Z,Cincinnati Bearcats,Boston College Eagles,bovada,Bovada,2026-07-19T12:01:41Z,h2h,2026-07-19T12:01:41Z,Boston College Eagles,220,,20260719120152693564
NCAAF,americanfootball_ncaaf,9e750af965ce9f276f4280686d4dba35,2026-09-05T19:30:00Z,Cincinnati Bearcats,Boston College Eagles,bovada,Bovada,2026-07-19T12:01:41Z,h2h,2026-07-19T12:01:41Z,Cincinnati Bearcats,-270,,20260719120152693564
NCAAF,americanfootball_ncaaf,9e750af965ce9f276f4280686d4dba35,2026-09-05T19:30:00Z,Cincinnati Bearcats,Boston College Eagles,bovada,Bovada,2026-07-19T12:01:41Z,spreads,2026-07-19T12:01:41Z,Boston College Eagles,-105,7.5,20260719120152693564
NCAAF,americanfootball_ncaaf,9e750af965ce9f276f4280686d4dba35,2026-09-05T19:30:00Z,Cincinnati Bearcats,Boston College Eagles,bovada,Bovada,2026-07-19T12:01:41Z,spreads,2026-07-19T12:01:41Z,Cincinnati Bearcats,-115,-7.5,20260719120152693564
NCAAF,americanfootball_ncaaf,9e750af965ce9f276f4280686d4dba35,2026-09-05T19:30:00Z,Cincinnati Bearcats,Boston College Eagles,bovada,Bovada,2026-07-19T12:01:41Z,totals,2026-07-19T12:01:41Z,Over,-110,54.5,20260719120152693564
NCAAF,americanfootball_ncaaf,9e750af965ce9f276f4280686d4dba35,2026-09-05T19:30:00Z,Cincinnati Bearcats,Boston College Eagles,bovada,Bovada,2026-07-19T12:01:41Z,totals,2026-07-19T12:01:41Z,Under,-110,54.5,20260719120152693564
NCAAF,americanfootball_ncaaf,9e750af965ce9f276f4280686d4dba35,2026-09-05T19:30:00Z,Cincinnati Bearcats,Boston College Eagles,fanduel,FanDuel,2026-07-19T12:01:38Z,h2h,2026-07-19T12:01:38Z,Boston College Eagles,225,,20260719120152693564
NCAAF,americanfootball_ncaaf,9e750af965ce9f276f4280686d4dba35,2026-09-05T19:30:00Z,Cincinnati Bearcats,Boston College Eagles,fanduel,FanDuel,2026-07-19T12:01:38Z,h2h,2026-07-19T12:01:38Z,Cincinnati Bearcats,-280,,20260719120152693564
NCAAF,americanfootball_ncaaf,9e750af965ce9f276f4280686d4dba35,2026-09-05T19:30:00Z,Cincinnati Bearcats,Boston College Eagles,fanduel,FanDuel,2026-07-19T12:01:38Z,spreads,2026-07-19T12:01:38Z,Boston College Eagles,-122,7.5,20260719120152693564
NCAAF,americanfootball_ncaaf,9e750af965ce9f276f4280686d4dba35,2026-09-05T19:30:00Z,Cincinnati Bearcats,Boston College Eagles,fanduel,FanDuel,2026-07-19T12:01:38Z,spreads,2026-07-19T12:01:38Z,Cincinnati Bearcats,100,-7.5,20260719120152693564
NCAAF,americanfootball_ncaaf,9e750af965ce9f276f4280686d4dba35,2026-09-05T19:30:00Z,Cincinnati Bearcats,Boston College Eagles,fanduel,FanDuel,2026-07-19T12:01:38Z,totals,2026-07-19T12:01:38Z,Over,-110,54.5,20260719120152693564
NCAAF,americanfootball_ncaaf,9e750af965ce9f276f4280686d4dba35,2026-09-05T19:30:00Z,Cincinnati Bearcats,Boston College Eagles,fanduel,FanDuel,2026-07-19T12:01:38Z,totals,2026-07-19T12:01:38Z,Under,-110,54.5,20260719120152693564
NCAAF,americanfootball_ncaaf,9e750af965ce9f276f4280686d4dba35,2026-09-05T19:30:00Z,Cincinnati Bearcats,Boston College Eagles,betmgm,BetMGM,2026-07-19T12:01:15Z,spreads,2026-07-19T12:01:15Z,Boston College Eagles,-105,7.5,20260719120152693564
NCAAF,americanfootball_ncaaf,9e750af965ce9f276f4280686d4dba35,2026-09-05T19:30:00Z,Cincinnati Bearcats,Boston College Eagles,betmgm,BetMGM,2026-07-19T12:01:15Z,spreads,2026-07-19T12:01:15Z,Cincinnati Bearcats,-115,-7.5,20260719120152693564
NCAAF,americanfootball_ncaaf,9e750af965ce9f276f4280686d4dba35,2026-09-05T19:30:00Z,Cincinnati Bearcats,Boston College Eagles,betmgm,BetMGM,2026-07-19T12:01:15Z,totals,2026-07-19T12:01:15Z,Over,-110,54.5,20260719120152693564
NCAAF,americanfootball_ncaaf,9e750af965ce9f276f4280686d4dba35,2026-09-05T19:30:00Z,Cincinnati Bearcats,Boston College Eagles,betmgm,BetMGM,2026-07-19T12:01:15Z,totals,2026-07-19T12:01:15Z,Under,-110,54.5,20260719120152693564
NCAAF,americanfootball_ncaaf,9e750af965ce9f276f4280686d4dba35,2026-09-05T19:30:00Z,Cincinnati Bearcats,Boston College Eagles,betrivers,BetRivers,2026-07-19T12:01:15Z,h2h,2026-07-19T12:01:15Z,Boston College Eagles,200,,20260719120152693564
NCAAF,americanfootball_ncaaf,9e750af965ce9f276f4280686d4dba35,2026-09-05T19:30:00Z,Cincinnati Bearcats,Boston College Eagles,betrivers,BetRivers,2026-07-19T12:01:15Z,h2h,2026-07-19T12:01:15Z,Cincinnati Bearcats,-265,,20260719120152693564
NCAAF,americanfootball_ncaaf,9e750af965ce9f276f4280686d4dba35,2026-09-05T19:30:00Z,Cincinnati Bearcats,Boston College Eagles,betrivers,BetRivers,2026-07-19T12:01:15Z,spreads,2026-07-19T12:01:15Z,Boston College Eagles,-113,7.5,20260719120152693564
NCAAF,americanfootball_ncaaf,9e750af965ce9f276f4280686d4dba35,2026-09-05T19:30:00Z,Cincinnati Bearcats,Boston College Eagles,betrivers,BetRivers,2026-07-19T12:01:15Z,spreads,2026-07-19T12:01:15Z,Cincinnati Bearcats,-109,-7.5,20260719120152693564
NCAAF,americanfootball_ncaaf,9e750af965ce9f276f4280686d4dba35,2026-09-05T19:30:00Z,Cincinnati Bearcats,Boston College Eagles,betrivers,BetRivers,2026-07-19T12:01:15Z,totals,2026-07-19T12:01:15Z,Over,-109,54.5,20260719120152693564
NCAAF,americanfootball_ncaaf,9e750af965ce9f276f4280686d4dba35,2026-09-05T19:30:00Z,Cincinnati Bearcats,Boston College Eagles,betrivers,BetRivers,2026-07-19T12:01:15Z,totals,2026-07-19T12:01:15Z,Under,-114,54.5,20260719120152693564
NCAAF,americanfootball_ncaaf,9e750af965ce9f276f4280686d4dba35,2026-09-05T19:30:00Z,Cincinnati Bearcats,Boston College Eagles,mybookieag,MyBookie.ag,2026-07-19T12:01:39Z,h2h,2026-07-19T12:01:39Z,Boston College Eagles,248,,20260719120152693564
NCAAF,americanfootball_ncaaf,9e750af965ce9f276f4280686d4dba35,2026-09-05T19:30:00Z,Cincinnati Bearcats,Boston College Eagles,mybookieag,MyBookie.ag,2026-07-19T12:01:39Z,h2h,2026-07-19T12:01:39Z,Cincinnati Bearcats,-340,,20260719120152693564
NCAAF,americanfootball_ncaaf,9e750af965ce9f276f4280686d4dba35,2026-09-05T19:30:00Z,Cincinnati Bearcats,Boston College Eagles,mybookieag,MyBookie.ag,2026-07-19T12:01:39Z,totals,2026-07-19T12:01:39Z,Over,-110,54.5,20260719120152693564
NCAAF,americanfootball_ncaaf,9e750af965ce9f276f4280686d4dba35,2026-09-05T19:30:00Z,Cincinnati Bearcats,Boston College Eagles,mybookieag,MyBookie.ag,2026-07-19T12:01:39Z,totals,2026-07-19T12:01:39Z,Under,-110,54.5,20260719120152693564
NCAAF,americanfootball_ncaaf,8154373235ce2adf76b37ecd334601fc,2026-09-05T19:30:00Z,Duke Blue Devils,Tulane Green Wave,draftkings,DraftKings,2026-07-19T12:01:13Z,h2h,2026-07-19T12:01:13Z,Duke Blue Devils,-485,,20260719120152693564
NCAAF,americanfootball_ncaaf,8154373235ce2adf76b37ecd334601fc,2026-09-05T19:30:00Z,Duke Blue Devils,Tulane Green Wave,draftkings,DraftKings,2026-07-19T12:01:13Z,h2h,2026-07-19T12:01:13Z,Tulane Green Wave,370,,20260719120152693564
NCAAF,americanfootball_ncaaf,8154373235ce2adf76b37ecd334601fc,2026-09-05T19:30:00Z,Duke Blue Devils,Tulane Green Wave,draftkings,DraftKings,2026-07-19T12:01:13Z,spreads,2026-07-19T12:01:13Z,Duke Blue Devils,-112,-9.5,20260719120152693564
NCAAF,americanfootball_ncaaf,8154373235ce2adf76b37ecd334601fc,2026-09-05T19:30:00Z,Duke Blue Devils,Tulane Green Wave,draftkings,DraftKings,2026-07-19T12:01:13Z,spreads,2026-07-19T12:01:13Z,Tulane Green Wave,-108,9.5,20260719120152693564
NCAAF,americanfootball_ncaaf,8154373235ce2adf76b37ecd334601fc,2026-09-05T19:30:00Z,Duke Blue Devils,Tulane Green Wave,draftkings,DraftKings,2026-07-19T12:01:13Z,totals,2026-07-19T12:01:13Z,Over,-110,53.5,20260719120152693564
NCAAF,americanfootball_ncaaf,8154373235ce2adf76b37ecd334601fc,2026-09-05T19:30:00Z,Duke Blue Devils,Tulane Green Wave,draftkings,DraftKings,2026-07-19T12:01:13Z,totals,2026-07-19T12:01:13Z,Under,-110,53.5,20260719120152693564
NCAAF,americanfootball_ncaaf,8154373235ce2adf76b37ecd334601fc,2026-09-05T19:30:00Z,Duke Blue Devils,Tulane Green Wave,lowvig,LowVig.ag,2026-07-19T12:00:52Z,spreads,2026-07-19T12:00:52Z,Duke Blue Devils,-106,-10.0,20260719120152693564
NCAAF,americanfootball_ncaaf,8154373235ce2adf76b37ecd334601fc,2026-09-05T19:30:00Z,Duke Blue Devils,Tulane Green Wave,lowvig,LowVig.ag,2026-07-19T12:00:52Z,spreads,2026-07-19T12:00:52Z,Tulane Green Wave,-106,10.0,20260719120152693564
NCAAF,americanfootball_ncaaf,8154373235ce2adf76b37ecd334601fc,2026-09-05T19:30:00Z,Duke Blue Devils,Tulane Green Wave,lowvig,LowVig.ag,2026-07-19T12:00:52Z,totals,2026-07-19T12:00:52Z,Over,-108,53.5,20260719120152693564
NCAAF,americanfootball_ncaaf,8154373235ce2adf76b37ecd334601fc,2026-09-05T19:30:00Z,Duke Blue Devils,Tulane Green Wave,lowvig,LowVig.ag,2026-07-19T12:00:52Z,totals,2026-07-19T12:00:52Z,Under,-108,53.5,20260719120152693564
NCAAF,americanfootball_ncaaf,8154373235ce2adf76b37ecd334601fc,2026-09-05T19:30:00Z,Duke Blue Devils,Tulane Green Wave,betonlineag,BetOnline.ag,2026-07-19T12:01:41Z,spreads,2026-07-19T12:01:41Z,Duke Blue Devils,-110,-10.0,20260719120152693564
NCAAF,americanfootball_ncaaf,8154373235ce2adf76b37ecd334601fc,2026-09-05T19:30:00Z,Duke Blue Devils,Tulane Green Wave,betonlineag,BetOnline.ag,2026-07-19T12:01:41Z,spreads,2026-07-19T12:01:41Z,Tulane Green Wave,-110,10.0,20260719120152693564
NCAAF,americanfootball_ncaaf,8154373235ce2adf76b37ecd334601fc,2026-09-05T19:30:00Z,Duke Blue Devils,Tulane Green Wave,betonlineag,BetOnline.ag,2026-07-19T12:01:41Z,totals,2026-07-19T12:01:41Z,Over,-110,53.5,20260719120152693564
NCAAF,americanfootball_ncaaf,8154373235ce2adf76b37ecd334601fc,2026-09-05T19:30:00Z,Duke Blue Devils,Tulane Green Wave,betonlineag,BetOnline.ag,2026-07-19T12:01:41Z,totals,2026-07-19T12:01:41Z,Under,-110,53.5,20260719120152693564
NCAAF,americanfootball_ncaaf,8154373235ce2adf76b37ecd334601fc,2026-09-05T19:30:00Z,Duke Blue Devils,Tulane Green Wave,betus,BetUS,2026-07-19T12:01:14Z,spreads,2026-07-19T12:01:14Z,Duke Blue Devils,-110,-10.0,20260719120152693564
NCAAF,americanfootball_ncaaf,8154373235ce2adf76b37ecd334601fc,2026-09-05T19:30:00Z,Duke Blue Devils,Tulane Green Wave,betus,BetUS,2026-07-19T12:01:14Z,spreads,2026-07-19T12:01:14Z,Tulane Green Wave,-110,10.0,20260719120152693564
NCAAF,americanfootball_ncaaf,8154373235ce2adf76b37ecd334601fc,2026-09-05T19:30:00Z,Duke Blue Devils,Tulane Green Wave,betus,BetUS,2026-07-19T12:01:14Z,totals,2026-07-19T12:01:14Z,Over,-110,53.5,20260719120152693564
NCAAF,americanfootball_ncaaf,8154373235ce2adf76b37ecd334601fc,2026-09-05T19:30:00Z,Duke Blue Devils,Tulane Green Wave,betus,BetUS,2026-07-19T12:01:14Z,totals,2026-07-19T12:01:14Z,Under,-110,53.5,20260719120152693564
NCAAF,americanfootball_ncaaf,8154373235ce2adf76b37ecd334601fc,2026-09-05T19:30:00Z,Duke Blue Devils,Tulane Green Wave,bovada,Bovada,2026-07-19T12:01:41Z,h2h,2026-07-19T12:01:41Z,Duke Blue Devils,-510,,20260719120152693564
NCAAF,americanfootball_ncaaf,8154373235ce2adf76b37ecd334601fc,2026-09-05T19:30:00Z,Duke Blue Devils,Tulane Green Wave,bovada,Bovada,2026-07-19T12:01:41Z,h2h,2026-07-19T12:01:41Z,Tulane Green Wave,370,,20260719120152693564
NCAAF,americanfootball_ncaaf,8154373235ce2adf76b37ecd334601fc,2026-09-05T19:30:00Z,Duke Blue Devils,Tulane Green Wave,bovada,Bovada,2026-07-19T12:01:41Z,spreads,2026-07-19T12:01:41Z,Duke Blue Devils,-110,-9.5,20260719120152693564
NCAAF,americanfootball_ncaaf,8154373235ce2adf76b37ecd334601fc,2026-09-05T19:30:00Z,Duke Blue Devils,Tulane Green Wave,bovada,Bovada,2026-07-19T12:01:41Z,spreads,2026-07-19T12:01:41Z,Tulane Green Wave,-110,9.5,20260719120152693564
NCAAF,americanfootball_ncaaf,8154373235ce2adf76b37ecd334601fc,2026-09-05T19:30:00Z,Duke Blue Devils,Tulane Green Wave,bovada,Bovada,2026-07-19T12:01:41Z,totals,2026-07-19T12:01:41Z,Over,-110,53.5,20260719120152693564
NCAAF,americanfootball_ncaaf,8154373235ce2adf76b37ecd334601fc,2026-09-05T19:30:00Z,Duke Blue Devils,Tulane Green Wave,bovada,Bovada,2026-07-19T12:01:41Z,totals,2026-07-19T12:01:41Z,Under,-110,53.5,20260719120152693564
NCAAF,americanfootball_ncaaf,8154373235ce2adf76b37ecd334601fc,2026-09-05T19:30:00Z,Duke Blue Devils,Tulane Green Wave,fanduel,FanDuel,2026-07-19T12:01:38Z,h2h,2026-07-19T12:01:38Z,Duke Blue Devils,-430,,20260719120152693564
NCAAF,americanfootball_ncaaf,8154373235ce2adf76b37ecd334601fc,2026-09-05T19:30:00Z,Duke Blue Devils,Tulane Green Wave,fanduel,FanDuel,2026-07-19T12:01:38Z,h2h,2026-07-19T12:01:38Z,Tulane Green Wave,330,,20260719120152693564
NCAAF,americanfootball_ncaaf,8154373235ce2adf76b37ecd334601fc,2026-09-05T19:30:00Z,Duke Blue Devils,Tulane Green Wave,fanduel,FanDuel,2026-07-19T12:01:38Z,spreads,2026-07-19T12:01:38Z,Duke Blue Devils,-110,-10.5,20260719120152693564
NCAAF,americanfootball_ncaaf,8154373235ce2adf76b37ecd334601fc,2026-09-05T19:30:00Z,Duke Blue Devils,Tulane Green Wave,fanduel,FanDuel,2026-07-19T12:01:38Z,spreads,2026-07-19T12:01:38Z,Tulane Green Wave,-110,10.5,20260719120152693564
NCAAF,americanfootball_ncaaf,8154373235ce2adf76b37ecd334601fc,2026-09-05T19:30:00Z,Duke Blue Devils,Tulane Green Wave,fanduel,FanDuel,2026-07-19T12:01:38Z,totals,2026-07-19T12:01:38Z,Over,-110,52.5,20260719120152693564
NCAAF,americanfootball_ncaaf,8154373235ce2adf76b37ecd334601fc,2026-09-05T19:30:00Z,Duke Blue Devils,Tulane Green Wave,fanduel,FanDuel,2026-07-19T12:01:38Z,totals,2026-07-19T12:01:38Z,Under,-110,52.5,20260719120152693564
NCAAF,americanfootball_ncaaf,8154373235ce2adf76b37ecd334601fc,2026-09-05T19:30:00Z,Duke Blue Devils,Tulane Green Wave,betmgm,BetMGM,2026-07-19T12:01:15Z,spreads,2026-07-19T12:01:15Z,Duke Blue Devils,-110,-9.5,20260719120152693564
NCAAF,americanfootball_ncaaf,8154373235ce2adf76b37ecd334601fc,2026-09-05T19:30:00Z,Duke Blue Devils,Tulane Green Wave,betmgm,BetMGM,2026-07-19T12:01:15Z,spreads,2026-07-19T12:01:15Z,Tulane Green Wave,-110,9.5,20260719120152693564
NCAAF,americanfootball_ncaaf,8154373235ce2adf76b37ecd334601fc,2026-09-05T19:30:00Z,Duke Blue Devils,Tulane Green Wave,betmgm,BetMGM,2026-07-19T12:01:15Z,totals,2026-07-19T12:01:15Z,Over,-110,53.5,20260719120152693564
NCAAF,americanfootball_ncaaf,8154373235ce2adf76b37ecd334601fc,2026-09-05T19:30:00Z,Duke Blue Devils,Tulane Green Wave,betmgm,BetMGM,2026-07-19T12:01:15Z,totals,2026-07-19T12:01:15Z,Under,-110,53.5,20260719120152693564
NCAAF,americanfootball_ncaaf,8154373235ce2adf76b37ecd334601fc,2026-09-05T19:30:00Z,Duke Blue Devils,Tulane Green Wave,betrivers,BetRivers,2026-07-19T12:01:15Z,h2h,2026-07-19T12:01:15Z,Duke Blue Devils,-455,,20260719120152693564
NCAAF,americanfootball_ncaaf,8154373235ce2adf76b37ecd334601fc,2026-09-05T19:30:00Z,Duke Blue Devils,Tulane Green Wave,betrivers,BetRivers,2026-07-19T12:01:15Z,h2h,2026-07-19T12:01:15Z,Tulane Green Wave,325,,20260719120152693564
NCAAF,americanfootball_ncaaf,8154373235ce2adf76b37ecd334601fc,2026-09-05T19:30:00Z,Duke Blue Devils,Tulane Green Wave,betrivers,BetRivers,2026-07-19T12:01:15Z,spreads,2026-07-19T12:01:15Z,Duke Blue Devils,-114,-9.5,20260719120152693564
NCAAF,americanfootball_ncaaf,8154373235ce2adf76b37ecd334601fc,2026-09-05T19:30:00Z,Duke Blue Devils,Tulane Green Wave,betrivers,BetRivers,2026-07-19T12:01:15Z,spreads,2026-07-19T12:01:15Z,Tulane Green Wave,-109,9.5,20260719120152693564
NCAAF,americanfootball_ncaaf,8154373235ce2adf76b37ecd334601fc,2026-09-05T19:30:00Z,Duke Blue Devils,Tulane Green Wave,betrivers,BetRivers,2026-07-19T12:01:15Z,totals,2026-07-19T12:01:15Z,Over,-112,53.5,20260719120152693564
NCAAF,americanfootball_ncaaf,8154373235ce2adf76b37ecd334601fc,2026-09-05T19:30:00Z,Duke Blue Devils,Tulane Green Wave,betrivers,BetRivers,2026-07-19T12:01:15Z,totals,2026-07-19T12:01:15Z,Under,-112,53.5,20260719120152693564
NCAAF,americanfootball_ncaaf,8154373235ce2adf76b37ecd334601fc,2026-09-05T19:30:00Z,Duke Blue Devils,Tulane Green Wave,mybookieag,MyBookie.ag,2026-07-19T12:01:39Z,h2h,2026-07-19T12:01:39Z,Duke Blue Devils,-450,,20260719120152693564
NCAAF,americanfootball_ncaaf,8154373235ce2adf76b37ecd334601fc,2026-09-05T19:30:00Z,Duke Blue Devils,Tulane Green Wave,mybookieag,MyBookie.ag,2026-07-19T12:01:39Z,h2h,2026-07-19T12:01:39Z,Tulane Green Wave,310,,20260719120152693564
NCAAF,americanfootball_ncaaf,8154373235ce2adf76b37ecd334601fc,2026-09-05T19:30:00Z,Duke Blue Devils,Tulane Green Wave,mybookieag,MyBookie.ag,2026-07-19T12:01:39Z,totals,2026-07-19T12:01:39Z,Over,-110,53.5,20260719120152693564
NCAAF,americanfootball_ncaaf,8154373235ce2adf76b37ecd334601fc,2026-09-05T19:30:00Z,Duke Blue Devils,Tulane Green Wave,mybookieag,MyBookie.ag,2026-07-19T12:01:39Z,totals,2026-07-19T12:01:39Z,Under,-110,53.5,20260719120152693564
NCAAF,americanfootball_ncaaf,3b70c72dad6ee188202de37cf3218811,2026-09-05T19:30:00Z,Penn State Nittany Lions,Marshall Thundering Herd,draftkings,DraftKings,2026-07-19T12:01:13Z,h2h,2026-07-19T12:01:13Z,Marshall Thundering Herd,1200,,20260719120152693564
NCAAF,americanfootball_ncaaf,3b70c72dad6ee188202de37cf3218811,2026-09-05T19:30:00Z,Penn State Nittany Lions,Marshall Thundering Herd,draftkings,DraftKings,2026-07-19T12:01:13Z,h2h,2026-07-19T12:01:13Z,Penn State Nittany Lions,-2400,,20260719120152693564
NCAAF,americanfootball_ncaaf,3b70c72dad6ee188202de37cf3218811,2026-09-05T19:30:00Z,Penn State Nittany Lions,Marshall Thundering Herd,draftkings,DraftKings,2026-07-19T12:01:13Z,spreads,2026-07-19T12:01:13Z,Marshall Thundering Herd,-110,23.5,20260719120152693564
NCAAF,americanfootball_ncaaf,3b70c72dad6ee188202de37cf3218811,2026-09-05T19:30:00Z,Penn State Nittany Lions,Marshall Thundering Herd,draftkings,DraftKings,2026-07-19T12:01:13Z,spreads,2026-07-19T12:01:13Z,Penn State Nittany Lions,-110,-23.5,20260719120152693564
NCAAF,americanfootball_ncaaf,3b70c72dad6ee188202de37cf3218811,2026-09-05T19:30:00Z,Penn State Nittany Lions,Marshall Thundering Herd,draftkings,DraftKings,2026-07-19T12:01:13Z,totals,2026-07-19T12:01:13Z,Over,-110,54.5,20260719120152693564
NCAAF,americanfootball_ncaaf,3b70c72dad6ee188202de37cf3218811,2026-09-05T19:30:00Z,Penn State Nittany Lions,Marshall Thundering Herd,draftkings,DraftKings,2026-07-19T12:01:13Z,totals,2026-07-19T12:01:13Z,Under,-110,54.5,20260719120152693564
NCAAF,americanfootball_ncaaf,3b70c72dad6ee188202de37cf3218811,2026-09-05T19:30:00Z,Penn State Nittany Lions,Marshall Thundering Herd,betonlineag,BetOnline.ag,2026-07-19T12:01:41Z,spreads,2026-07-19T12:01:41Z,Marshall Thundering Herd,-110,22.5,20260719120152693564
NCAAF,americanfootball_ncaaf,3b70c72dad6ee188202de37cf3218811,2026-09-05T19:30:00Z,Penn State Nittany Lions,Marshall Thundering Herd,betonlineag,BetOnline.ag,2026-07-19T12:01:41Z,spreads,2026-07-19T12:01:41Z,Penn State Nittany Lions,-110,-22.5,20260719120152693564
NCAAF,americanfootball_ncaaf,3b70c72dad6ee188202de37cf3218811,2026-09-05T19:30:00Z,Penn State Nittany Lions,Marshall Thundering Herd,betonlineag,BetOnline.ag,2026-07-19T12:01:41Z,totals,2026-07-19T12:01:41Z,Over,-110,54.5,20260719120152693564
NCAAF,americanfootball_ncaaf,3b70c72dad6ee188202de37cf3218811,2026-09-05T19:30:00Z,Penn State Nittany Lions,Marshall Thundering Herd,betonlineag,BetOnline.ag,2026-07-19T12:01:41Z,totals,2026-07-19T12:01:41Z,Under,-110,54.5,20260719120152693564
NCAAF,americanfootball_ncaaf,3b70c72dad6ee188202de37cf3218811,2026-09-05T19:30:00Z,Penn State Nittany Lions,Marshall Thundering Herd,lowvig,LowVig.ag,2026-07-19T12:00:52Z,spreads,2026-07-19T12:00:52Z,Marshall Thundering Herd,-106,22.5,20260719120152693564
NCAAF,americanfootball_ncaaf,3b70c72dad6ee188202de37cf3218811,2026-09-05T19:30:00Z,Penn State Nittany Lions,Marshall Thundering Herd,lowvig,LowVig.ag,2026-07-19T12:00:52Z,spreads,2026-07-19T12:00:52Z,Penn State Nittany Lions,-106,-22.5,20260719120152693564
NCAAF,americanfootball_ncaaf,3b70c72dad6ee188202de37cf3218811,2026-09-05T19:30:00Z,Penn State Nittany Lions,Marshall Thundering Herd,lowvig,LowVig.ag,2026-07-19T12:00:52Z,totals,2026-07-19T12:00:52Z,Over,-108,54.5,20260719120152693564
NCAAF,americanfootball_ncaaf,3b70c72dad6ee188202de37cf3218811,2026-09-05T19:30:00Z,Penn State Nittany Lions,Marshall Thundering Herd,lowvig,LowVig.ag,2026-07-19T12:00:52Z,totals,2026-07-19T12:00:52Z,Under,-108,54.5,20260719120152693564
NCAAF,americanfootball_ncaaf,3b70c72dad6ee188202de37cf3218811,2026-09-05T19:30:00Z,Penn State Nittany Lions,Marshall Thundering Herd,betus,BetUS,2026-07-19T12:01:14Z,spreads,2026-07-19T12:01:14Z,Marshall Thundering Herd,-110,22.5,20260719120152693564
NCAAF,americanfootball_ncaaf,3b70c72dad6ee188202de37cf3218811,2026-09-05T19:30:00Z,Penn State Nittany Lions,Marshall Thundering Herd,betus,BetUS,2026-07-19T12:01:14Z,spreads,2026-07-19T12:01:14Z,Penn State Nittany Lions,-110,-22.5,20260719120152693564
NCAAF,americanfootball_ncaaf,3b70c72dad6ee188202de37cf3218811,2026-09-05T19:30:00Z,Penn State Nittany Lions,Marshall Thundering Herd,betus,BetUS,2026-07-19T12:01:14Z,totals,2026-07-19T12:01:14Z,Over,-110,54.5,20260719120152693564
NCAAF,americanfootball_ncaaf,3b70c72dad6ee188202de37cf3218811,2026-09-05T19:30:00Z,Penn State Nittany Lions,Marshall Thundering Herd,betus,BetUS,2026-07-19T12:01:14Z,totals,2026-07-19T12:01:14Z,Under,-110,54.5,20260719120152693564
NCAAF,americanfootball_ncaaf,3b70c72dad6ee188202de37cf3218811,2026-09-05T19:30:00Z,Penn State Nittany Lions,Marshall Thundering Herd,bovada,Bovada,2026-07-19T12:01:41Z,h2h,2026-07-19T12:01:41Z,Marshall Thundering Herd,1200,,20260719120152693564
NCAAF,americanfootball_ncaaf,3b70c72dad6ee188202de37cf3218811,2026-09-05T19:30:00Z,Penn State Nittany Lions,Marshall Thundering Herd,bovada,Bovada,2026-07-19T12:01:41Z,h2h,2026-07-19T12:01:41Z,Penn State Nittany Lions,-4000,,20260719120152693564
NCAAF,americanfootball_ncaaf,3b70c72dad6ee188202de37cf3218811,2026-09-05T19:30:00Z,Penn State Nittany Lions,Marshall Thundering Herd,bovada,Bovada,2026-07-19T12:01:41Z,spreads,2026-07-19T12:01:41Z,Marshall Thundering Herd,-110,23.5,20260719120152693564
NCAAF,americanfootball_ncaaf,3b70c72dad6ee188202de37cf3218811,2026-09-05T19:30:00Z,Penn State Nittany Lions,Marshall Thundering Herd,bovada,Bovada,2026-07-19T12:01:41Z,spreads,2026-07-19T12:01:41Z,Penn State Nittany Lions,-110,-23.5,20260719120152693564
NCAAF,americanfootball_ncaaf,3b70c72dad6ee188202de37cf3218811,2026-09-05T19:30:00Z,Penn State Nittany Lions,Marshall Thundering Herd,bovada,Bovada,2026-07-19T12:01:41Z,totals,2026-07-19T12:01:41Z,Over,-110,54.5,20260719120152693564
NCAAF,americanfootball_ncaaf,3b70c72dad6ee188202de37cf3218811,2026-09-05T19:30:00Z,Penn State Nittany Lions,Marshall Thundering Herd,bovada,Bovada,2026-07-19T12:01:41Z,totals,2026-07-19T12:01:41Z,Under,-110,54.5,20260719120152693564
NCAAF,americanfootball_ncaaf,3b70c72dad6ee188202de37cf3218811,2026-09-05T19:30:00Z,Penn State Nittany Lions,Marshall Thundering Herd,fanduel,FanDuel,2026-07-19T12:01:38Z,h2h,2026-07-19T12:01:38Z,Marshall Thundering Herd,1280,,20260719120152693564
NCAAF,americanfootball_ncaaf,3b70c72dad6ee188202de37cf3218811,2026-09-05T19:30:00Z,Penn State Nittany Lions,Marshall Thundering Herd,fanduel,FanDuel,2026-07-19T12:01:38Z,h2h,2026-07-19T12:01:38Z,Penn State Nittany Lions,-3500,,20260719120152693564
NCAAF,americanfootball_ncaaf,3b70c72dad6ee188202de37cf3218811,2026-09-05T19:30:00Z,Penn State Nittany Lions,Marshall Thundering Herd,fanduel,FanDuel,2026-07-19T12:01:38Z,spreads,2026-07-19T12:01:38Z,Marshall Thundering Herd,-110,23.5,20260719120152693564
NCAAF,americanfootball_ncaaf,3b70c72dad6ee188202de37cf3218811,2026-09-05T19:30:00Z,Penn State Nittany Lions,Marshall Thundering Herd,fanduel,FanDuel,2026-07-19T12:01:38Z,spreads,2026-07-19T12:01:38Z,Penn State Nittany Lions,-110,-23.5,20260719120152693564
NCAAF,americanfootball_ncaaf,3b70c72dad6ee188202de37cf3218811,2026-09-05T19:30:00Z,Penn State Nittany Lions,Marshall Thundering Herd,fanduel,FanDuel,2026-07-19T12:01:38Z,totals,2026-07-19T12:01:38Z,Over,-115,53.5,20260719120152693564
NCAAF,americanfootball_ncaaf,3b70c72dad6ee188202de37cf3218811,2026-09-05T19:30:00Z,Penn State Nittany Lions,Marshall Thundering Herd,fanduel,FanDuel,2026-07-19T12:01:38Z,totals,2026-07-19T12:01:38Z,Under,-105,53.5,20260719120152693564
NCAAF,americanfootball_ncaaf,3b70c72dad6ee188202de37cf3218811,2026-09-05T19:30:00Z,Penn State Nittany Lions,Marshall Thundering Herd,betmgm,BetMGM,2026-07-19T12:01:15Z,spreads,2026-07-19T12:01:15Z,Marshall Thundering Herd,-110,23.5,20260719120152693564
NCAAF,americanfootball_ncaaf,3b70c72dad6ee188202de37cf3218811,2026-09-05T19:30:00Z,Penn State Nittany Lions,Marshall Thundering Herd,betmgm,BetMGM,2026-07-19T12:01:15Z,spreads,2026-07-19T12:01:15Z,Penn State Nittany Lions,-110,-23.5,20260719120152693564
NCAAF,americanfootball_ncaaf,3b70c72dad6ee188202de37cf3218811,2026-09-05T19:30:00Z,Penn State Nittany Lions,Marshall Thundering Herd,betmgm,BetMGM,2026-07-19T12:01:15Z,totals,2026-07-19T12:01:15Z,Over,-110,53.5,20260719120152693564
NCAAF,americanfootball_ncaaf,3b70c72dad6ee188202de37cf3218811,2026-09-05T19:30:00Z,Penn State Nittany Lions,Marshall Thundering Herd,betmgm,BetMGM,2026-07-19T12:01:15Z,totals,2026-07-19T12:01:15Z,Under,-110,53.5,20260719120152693564
NCAAF,americanfootball_ncaaf,3b70c72dad6ee188202de37cf3218811,2026-09-05T19:30:00Z,Penn State Nittany Lions,Marshall Thundering Herd,mybookieag,MyBookie.ag,2026-07-19T12:01:39Z,h2h,2026-07-19T12:01:39Z,Marshall Thundering Herd,1100,,20260719120152693564
NCAAF,americanfootball_ncaaf,3b70c72dad6ee188202de37cf3218811,2026-09-05T19:30:00Z,Penn State Nittany Lions,Marshall Thundering Herd,mybookieag,MyBookie.ag,2026-07-19T12:01:39Z,h2h,2026-07-19T12:01:39Z,Penn State Nittany Lions,-4000,,20260719120152693564
NCAAF,americanfootball_ncaaf,3b70c72dad6ee188202de37cf3218811,2026-09-05T19:30:00Z,Penn State Nittany Lions,Marshall Thundering Herd,mybookieag,MyBookie.ag,2026-07-19T12:01:39Z,spreads,2026-07-19T12:01:39Z,Marshall Thundering Herd,-110,23.5,20260719120152693564
NCAAF,americanfootball_ncaaf,3b70c72dad6ee188202de37cf3218811,2026-09-05T19:30:00Z,Penn State Nittany Lions,Marshall Thundering Herd,mybookieag,MyBookie.ag,2026-07-19T12:01:39Z,spreads,2026-07-19T12:01:39Z,Penn State Nittany Lions,-110,-23.5,20260719120152693564
NCAAF,americanfootball_ncaaf,3b70c72dad6ee188202de37cf3218811,2026-09-05T19:30:00Z,Penn State Nittany Lions,Marshall Thundering Herd,mybookieag,MyBookie.ag,2026-07-19T12:01:39Z,totals,2026-07-19T12:01:39Z,Over,-110,53.5,20260719120152693564
NCAAF,americanfootball_ncaaf,3b70c72dad6ee188202de37cf3218811,2026-09-05T19:30:00Z,Penn State Nittany Lions,Marshall Thundering Herd,mybookieag,MyBookie.ag,2026-07-19T12:01:39Z,totals,2026-07-19T12:01:39Z,Under,-110,53.5,20260719120152693564
NCAAF,americanfootball_ncaaf,3b70c72dad6ee188202de37cf3218811,2026-09-05T19:30:00Z,Penn State Nittany Lions,Marshall Thundering Herd,betrivers,BetRivers,2026-07-19T12:01:15Z,h2h,2026-07-19T12:01:15Z,Marshall Thundering Herd,1000,,20260719120152693564
NCAAF,americanfootball_ncaaf,3b70c72dad6ee188202de37cf3218811,2026-09-05T19:30:00Z,Penn State Nittany Lions,Marshall Thundering Herd,betrivers,BetRivers,2026-07-19T12:01:15Z,h2h,2026-07-19T12:01:15Z,Penn State Nittany Lions,-2500,,20260719120152693564
NCAAF,americanfootball_ncaaf,3b70c72dad6ee188202de37cf3218811,2026-09-05T19:30:00Z,Penn State Nittany Lions,Marshall Thundering Herd,betrivers,BetRivers,2026-07-19T12:01:15Z,spreads,2026-07-19T12:01:15Z,Marshall Thundering Herd,-110,23.5,20260719120152693564
NCAAF,americanfootball_ncaaf,3b70c72dad6ee188202de37cf3218811,2026-09-05T19:30:00Z,Penn State Nittany Lions,Marshall Thundering Herd,betrivers,BetRivers,2026-07-19T12:01:15Z,spreads,2026-07-19T12:01:15Z,Penn State Nittany Lions,-113,-23.5,20260719120152693564
NCAAF,americanfootball_ncaaf,3b70c72dad6ee188202de37cf3218811,2026-09-05T19:30:00Z,Penn State Nittany Lions,Marshall Thundering Herd,betrivers,BetRivers,2026-07-19T12:01:15Z,totals,2026-07-19T12:01:15Z,Over,-110,54.5,20260719120152693564
NCAAF,americanfootball_ncaaf,3b70c72dad6ee188202de37cf3218811,2026-09-05T19:30:00Z,Penn State Nittany Lions,Marshall Thundering Herd,betrivers,BetRivers,2026-07-19T12:01:15Z,totals,2026-07-19T12:01:15Z,Under,-113,54.5,20260719120152693564
NCAAF,americanfootball_ncaaf,932e0ced2b1a1ae5694574642bb186ae,2026-09-05T19:30:00Z,Texas Longhorns,Texas State Bobcats,draftkings,DraftKings,2026-07-19T12:01:13Z,spreads,2026-07-19T12:01:13Z,Texas Longhorns,-110,-30.5,20260719120152693564
NCAAF,americanfootball_ncaaf,932e0ced2b1a1ae5694574642bb186ae,2026-09-05T19:30:00Z,Texas Longhorns,Texas State Bobcats,draftkings,DraftKings,2026-07-19T12:01:13Z,spreads,2026-07-19T12:01:13Z,Texas State Bobcats,-110,30.5,20260719120152693564
NCAAF,americanfootball_ncaaf,932e0ced2b1a1ae5694574642bb186ae,2026-09-05T19:30:00Z,Texas Longhorns,Texas State Bobcats,draftkings,DraftKings,2026-07-19T12:01:13Z,totals,2026-07-19T12:01:13Z,Over,-108,59.5,20260719120152693564
NCAAF,americanfootball_ncaaf,932e0ced2b1a1ae5694574642bb186ae,2026-09-05T19:30:00Z,Texas Longhorns,Texas State Bobcats,draftkings,DraftKings,2026-07-19T12:01:13Z,totals,2026-07-19T12:01:13Z,Under,-112,59.5,20260719120152693564
NCAAF,americanfootball_ncaaf,932e0ced2b1a1ae5694574642bb186ae,2026-09-05T19:30:00Z,Texas Longhorns,Texas State Bobcats,lowvig,LowVig.ag,2026-07-19T12:00:52Z,spreads,2026-07-19T12:00:52Z,Texas Longhorns,-106,-30.5,20260719120152693564
NCAAF,americanfootball_ncaaf,932e0ced2b1a1ae5694574642bb186ae,2026-09-05T19:30:00Z,Texas Longhorns,Texas State Bobcats,lowvig,LowVig.ag,2026-07-19T12:00:52Z,spreads,2026-07-19T12:00:52Z,Texas State Bobcats,-106,30.5,20260719120152693564
NCAAF,americanfootball_ncaaf,932e0ced2b1a1ae5694574642bb186ae,2026-09-05T19:30:00Z,Texas Longhorns,Texas State Bobcats,lowvig,LowVig.ag,2026-07-19T12:00:52Z,totals,2026-07-19T12:00:52Z,Over,-108,60.0,20260719120152693564
NCAAF,americanfootball_ncaaf,932e0ced2b1a1ae5694574642bb186ae,2026-09-05T19:30:00Z,Texas Longhorns,Texas State Bobcats,lowvig,LowVig.ag,2026-07-19T12:00:52Z,totals,2026-07-19T12:00:52Z,Under,-108,60.0,20260719120152693564
NCAAF,americanfootball_ncaaf,932e0ced2b1a1ae5694574642bb186ae,2026-09-05T19:30:00Z,Texas Longhorns,Texas State Bobcats,betonlineag,BetOnline.ag,2026-07-19T12:01:41Z,spreads,2026-07-19T12:01:41Z,Texas Longhorns,-110,-30.5,20260719120152693564
NCAAF,americanfootball_ncaaf,932e0ced2b1a1ae5694574642bb186ae,2026-09-05T19:30:00Z,Texas Longhorns,Texas State Bobcats,betonlineag,BetOnline.ag,2026-07-19T12:01:41Z,spreads,2026-07-19T12:01:41Z,Texas State Bobcats,-110,30.5,20260719120152693564
NCAAF,americanfootball_ncaaf,932e0ced2b1a1ae5694574642bb186ae,2026-09-05T19:30:00Z,Texas Longhorns,Texas State Bobcats,betonlineag,BetOnline.ag,2026-07-19T12:01:41Z,totals,2026-07-19T12:01:41Z,Over,-110,60.0,20260719120152693564
NCAAF,americanfootball_ncaaf,932e0ced2b1a1ae5694574642bb186ae,2026-09-05T19:30:00Z,Texas Longhorns,Texas State Bobcats,betonlineag,BetOnline.ag,2026-07-19T12:01:41Z,totals,2026-07-19T12:01:41Z,Under,-110,60.0,20260719120152693564
NCAAF,americanfootball_ncaaf,932e0ced2b1a1ae5694574642bb186ae,2026-09-05T19:30:00Z,Texas Longhorns,Texas State Bobcats,betus,BetUS,2026-07-19T12:01:14Z,spreads,2026-07-19T12:01:14Z,Texas Longhorns,-110,-30.5,20260719120152693564
NCAAF,americanfootball_ncaaf,932e0ced2b1a1ae5694574642bb186ae,2026-09-05T19:30:00Z,Texas Longhorns,Texas State Bobcats,betus,BetUS,2026-07-19T12:01:14Z,spreads,2026-07-19T12:01:14Z,Texas State Bobcats,-110,30.5,20260719120152693564
NCAAF,americanfootball_ncaaf,932e0ced2b1a1ae5694574642bb186ae,2026-09-05T19:30:00Z,Texas Longhorns,Texas State Bobcats,betus,BetUS,2026-07-19T12:01:14Z,totals,2026-07-19T12:01:14Z,Over,-110,60.0,20260719120152693564
NCAAF,americanfootball_ncaaf,932e0ced2b1a1ae5694574642bb186ae,2026-09-05T19:30:00Z,Texas Longhorns,Texas State Bobcats,betus,BetUS,2026-07-19T12:01:14Z,totals,2026-07-19T12:01:14Z,Under,-110,60.0,20260719120152693564
NCAAF,americanfootball_ncaaf,932e0ced2b1a1ae5694574642bb186ae,2026-09-05T19:30:00Z,Texas Longhorns,Texas State Bobcats,bovada,Bovada,2026-07-19T12:01:41Z,spreads,2026-07-19T12:01:41Z,Texas Longhorns,-110,-30.5,20260719120152693564
NCAAF,americanfootball_ncaaf,932e0ced2b1a1ae5694574642bb186ae,2026-09-05T19:30:00Z,Texas Longhorns,Texas State Bobcats,bovada,Bovada,2026-07-19T12:01:41Z,spreads,2026-07-19T12:01:41Z,Texas State Bobcats,-110,30.5,20260719120152693564
NCAAF,americanfootball_ncaaf,932e0ced2b1a1ae5694574642bb186ae,2026-09-05T19:30:00Z,Texas Longhorns,Texas State Bobcats,bovada,Bovada,2026-07-19T12:01:41Z,totals,2026-07-19T12:01:41Z,Over,-110,59.5,20260719120152693564
NCAAF,americanfootball_ncaaf,932e0ced2b1a1ae5694574642bb186ae,2026-09-05T19:30:00Z,Texas Longhorns,Texas State Bobcats,bovada,Bovada,2026-07-19T12:01:41Z,totals,2026-07-19T12:01:41Z,Under,-110,59.5,20260719120152693564
NCAAF,americanfootball_ncaaf,932e0ced2b1a1ae5694574642bb186ae,2026-09-05T19:30:00Z,Texas Longhorns,Texas State Bobcats,fanduel,FanDuel,2026-07-19T12:01:38Z,h2h,2026-07-19T12:01:38Z,Texas Longhorns,-10000,,20260719120152693564
NCAAF,americanfootball_ncaaf,932e0ced2b1a1ae5694574642bb186ae,2026-09-05T19:30:00Z,Texas Longhorns,Texas State Bobcats,fanduel,FanDuel,2026-07-19T12:01:38Z,h2h,2026-07-19T12:01:38Z,Texas State Bobcats,2400,,20260719120152693564
NCAAF,americanfootball_ncaaf,932e0ced2b1a1ae5694574642bb186ae,2026-09-05T19:30:00Z,Texas Longhorns,Texas State Bobcats,fanduel,FanDuel,2026-07-19T12:01:38Z,spreads,2026-07-19T12:01:38Z,Texas Longhorns,-110,-30.5,20260719120152693564
NCAAF,americanfootball_ncaaf,932e0ced2b1a1ae5694574642bb186ae,2026-09-05T19:30:00Z,Texas Longhorns,Texas State Bobcats,fanduel,FanDuel,2026-07-19T12:01:38Z,spreads,2026-07-19T12:01:38Z,Texas State Bobcats,-110,30.5,20260719120152693564
NCAAF,americanfootball_ncaaf,932e0ced2b1a1ae5694574642bb186ae,2026-09-05T19:30:00Z,Texas Longhorns,Texas State Bobcats,fanduel,FanDuel,2026-07-19T12:01:38Z,totals,2026-07-19T12:01:38Z,Over,-115,59.5,20260719120152693564
NCAAF,americanfootball_ncaaf,932e0ced2b1a1ae5694574642bb186ae,2026-09-05T19:30:00Z,Texas Longhorns,Texas State Bobcats,fanduel,FanDuel,2026-07-19T12:01:38Z,totals,2026-07-19T12:01:38Z,Under,-105,59.5,20260719120152693564
NCAAF,americanfootball_ncaaf,932e0ced2b1a1ae5694574642bb186ae,2026-09-05T19:30:00Z,Texas Longhorns,Texas State Bobcats,betmgm,BetMGM,2026-07-19T12:01:15Z,spreads,2026-07-19T12:01:15Z,Texas Longhorns,-110,-31.5,20260719120152693564
NCAAF,americanfootball_ncaaf,932e0ced2b1a1ae5694574642bb186ae,2026-09-05T19:30:00Z,Texas Longhorns,Texas State Bobcats,betmgm,BetMGM,2026-07-19T12:01:15Z,spreads,2026-07-19T12:01:15Z,Texas State Bobcats,-110,31.5,20260719120152693564
NCAAF,americanfootball_ncaaf,932e0ced2b1a1ae5694574642bb186ae,2026-09-05T19:30:00Z,Texas Longhorns,Texas State Bobcats,betmgm,BetMGM,2026-07-19T12:01:15Z,totals,2026-07-19T12:01:15Z,Over,-110,59.5,20260719120152693564
NCAAF,americanfootball_ncaaf,932e0ced2b1a1ae5694574642bb186ae,2026-09-05T19:30:00Z,Texas Longhorns,Texas State Bobcats,betmgm,BetMGM,2026-07-19T12:01:15Z,totals,2026-07-19T12:01:15Z,Under,-110,59.5,20260719120152693564
NCAAF,americanfootball_ncaaf,932e0ced2b1a1ae5694574642bb186ae,2026-09-05T19:30:00Z,Texas Longhorns,Texas State Bobcats,mybookieag,MyBookie.ag,2026-07-19T12:01:39Z,h2h,2026-07-19T12:01:38Z,Texas Longhorns,-20000,,20260719120152693564
NCAAF,americanfootball_ncaaf,932e0ced2b1a1ae5694574642bb186ae,2026-09-05T19:30:00Z,Texas Longhorns,Texas State Bobcats,mybookieag,MyBookie.ag,2026-07-19T12:01:39Z,h2h,2026-07-19T12:01:38Z,Texas State Bobcats,1425,,20260719120152693564
NCAAF,americanfootball_ncaaf,932e0ced2b1a1ae5694574642bb186ae,2026-09-05T19:30:00Z,Texas Longhorns,Texas State Bobcats,mybookieag,MyBookie.ag,2026-07-19T12:01:39Z,spreads,2026-07-19T12:01:38Z,Texas Longhorns,-110,-30.5,20260719120152693564
NCAAF,americanfootball_ncaaf,932e0ced2b1a1ae5694574642bb186ae,2026-09-05T19:30:00Z,Texas Longhorns,Texas State Bobcats,mybookieag,MyBookie.ag,2026-07-19T12:01:39Z,spreads,2026-07-19T12:01:38Z,Texas State Bobcats,-110,30.5,20260719120152693564
NCAAF,americanfootball_ncaaf,932e0ced2b1a1ae5694574642bb186ae,2026-09-05T19:30:00Z,Texas Longhorns,Texas State Bobcats,mybookieag,MyBookie.ag,2026-07-19T12:01:39Z,totals,2026-07-19T12:01:38Z,Over,-110,59.5,20260719120152693564
NCAAF,americanfootball_ncaaf,932e0ced2b1a1ae5694574642bb186ae,2026-09-05T19:30:00Z,Texas Longhorns,Texas State Bobcats,mybookieag,MyBookie.ag,2026-07-19T12:01:39Z,totals,2026-07-19T12:01:38Z,Under,-110,59.5,20260719120152693564
NCAAF,americanfootball_ncaaf,932e0ced2b1a1ae5694574642bb186ae,2026-09-05T19:30:00Z,Texas Longhorns,Texas State Bobcats,betrivers,BetRivers,2026-07-19T12:01:15Z,spreads,2026-07-19T12:01:15Z,Texas Longhorns,-115,-30.5,20260719120152693564
NCAAF,americanfootball_ncaaf,932e0ced2b1a1ae5694574642bb186ae,2026-09-05T19:30:00Z,Texas Longhorns,Texas State Bobcats,betrivers,BetRivers,2026-07-19T12:01:15Z,spreads,2026-07-19T12:01:15Z,Texas State Bobcats,-107,30.5,20260719120152693564
NCAAF,americanfootball_ncaaf,932e0ced2b1a1ae5694574642bb186ae,2026-09-05T19:30:00Z,Texas Longhorns,Texas State Bobcats,betrivers,BetRivers,2026-07-19T12:01:15Z,totals,2026-07-19T12:01:15Z,Over,-110,59.5,20260719120152693564
NCAAF,americanfootball_ncaaf,932e0ced2b1a1ae5694574642bb186ae,2026-09-05T19:30:00Z,Texas Longhorns,Texas State Bobcats,betrivers,BetRivers,2026-07-19T12:01:15Z,totals,2026-07-19T12:01:15Z,Under,-113,59.5,20260719120152693564
NCAAF,americanfootball_ncaaf,2da3627714934ad966d548980bb69658,2026-09-05T19:45:00Z,Tulsa Golden Hurricane,Oklahoma State Cowboys,draftkings,DraftKings,2026-07-19T12:01:13Z,h2h,2026-07-19T12:01:13Z,Oklahoma State Cowboys,-520,,20260719120152693564
NCAAF,americanfootball_ncaaf,2da3627714934ad966d548980bb69658,2026-09-05T19:45:00Z,Tulsa Golden Hurricane,Oklahoma State Cowboys,draftkings,DraftKings,2026-07-19T12:01:13Z,h2h,2026-07-19T12:01:13Z,Tulsa Golden Hurricane,390,,20260719120152693564
NCAAF,americanfootball_ncaaf,2da3627714934ad966d548980bb69658,2026-09-05T19:45:00Z,Tulsa Golden Hurricane,Oklahoma State Cowboys,draftkings,DraftKings,2026-07-19T12:01:13Z,spreads,2026-07-19T12:01:13Z,Oklahoma State Cowboys,-112,-12.5,20260719120152693564
NCAAF,americanfootball_ncaaf,2da3627714934ad966d548980bb69658,2026-09-05T19:45:00Z,Tulsa Golden Hurricane,Oklahoma State Cowboys,draftkings,DraftKings,2026-07-19T12:01:13Z,spreads,2026-07-19T12:01:13Z,Tulsa Golden Hurricane,-108,12.5,20260719120152693564
NCAAF,americanfootball_ncaaf,2da3627714934ad966d548980bb69658,2026-09-05T19:45:00Z,Tulsa Golden Hurricane,Oklahoma State Cowboys,draftkings,DraftKings,2026-07-19T12:01:13Z,totals,2026-07-19T12:01:13Z,Over,-112,61.5,20260719120152693564
NCAAF,americanfootball_ncaaf,2da3627714934ad966d548980bb69658,2026-09-05T19:45:00Z,Tulsa Golden Hurricane,Oklahoma State Cowboys,draftkings,DraftKings,2026-07-19T12:01:13Z,totals,2026-07-19T12:01:13Z,Under,-108,61.5,20260719120152693564
NCAAF,americanfootball_ncaaf,2da3627714934ad966d548980bb69658,2026-09-05T19:45:00Z,Tulsa Golden Hurricane,Oklahoma State Cowboys,betonlineag,BetOnline.ag,2026-07-19T12:01:41Z,spreads,2026-07-19T12:01:41Z,Oklahoma State Cowboys,-110,-12.5,20260719120152693564
NCAAF,americanfootball_ncaaf,2da3627714934ad966d548980bb69658,2026-09-05T19:45:00Z,Tulsa Golden Hurricane,Oklahoma State Cowboys,betonlineag,BetOnline.ag,2026-07-19T12:01:41Z,spreads,2026-07-19T12:01:41Z,Tulsa Golden Hurricane,-110,12.5,20260719120152693564
NCAAF,americanfootball_ncaaf,2da3627714934ad966d548980bb69658,2026-09-05T19:45:00Z,Tulsa Golden Hurricane,Oklahoma State Cowboys,betonlineag,BetOnline.ag,2026-07-19T12:01:41Z,totals,2026-07-19T12:01:41Z,Over,-110,61.5,20260719120152693564
NCAAF,americanfootball_ncaaf,2da3627714934ad966d548980bb69658,2026-09-05T19:45:00Z,Tulsa Golden Hurricane,Oklahoma State Cowboys,betonlineag,BetOnline.ag,2026-07-19T12:01:41Z,totals,2026-07-19T12:01:41Z,Under,-110,61.5,20260719120152693564
NCAAF,americanfootball_ncaaf,2da3627714934ad966d548980bb69658,2026-09-05T19:45:00Z,Tulsa Golden Hurricane,Oklahoma State Cowboys,lowvig,LowVig.ag,2026-07-19T12:00:52Z,spreads,2026-07-19T12:00:52Z,Oklahoma State Cowboys,-106,-12.5,20260719120152693564
NCAAF,americanfootball_ncaaf,2da3627714934ad966d548980bb69658,2026-09-05T19:45:00Z,Tulsa Golden Hurricane,Oklahoma State Cowboys,lowvig,LowVig.ag,2026-07-19T12:00:52Z,spreads,2026-07-19T12:00:52Z,Tulsa Golden Hurricane,-106,12.5,20260719120152693564
NCAAF,americanfootball_ncaaf,2da3627714934ad966d548980bb69658,2026-09-05T19:45:00Z,Tulsa Golden Hurricane,Oklahoma State Cowboys,lowvig,LowVig.ag,2026-07-19T12:00:52Z,totals,2026-07-19T12:00:52Z,Over,-108,61.5,20260719120152693564
NCAAF,americanfootball_ncaaf,2da3627714934ad966d548980bb69658,2026-09-05T19:45:00Z,Tulsa Golden Hurricane,Oklahoma State Cowboys,lowvig,LowVig.ag,2026-07-19T12:00:52Z,totals,2026-07-19T12:00:52Z,Under,-108,61.5,20260719120152693564
NCAAF,americanfootball_ncaaf,2da3627714934ad966d548980bb69658,2026-09-05T19:45:00Z,Tulsa Golden Hurricane,Oklahoma State Cowboys,betus,BetUS,2026-07-19T12:01:14Z,spreads,2026-07-19T12:01:14Z,Oklahoma State Cowboys,-110,-12.5,20260719120152693564
NCAAF,americanfootball_ncaaf,2da3627714934ad966d548980bb69658,2026-09-05T19:45:00Z,Tulsa Golden Hurricane,Oklahoma State Cowboys,betus,BetUS,2026-07-19T12:01:14Z,spreads,2026-07-19T12:01:14Z,Tulsa Golden Hurricane,-110,12.5,20260719120152693564
NCAAF,americanfootball_ncaaf,2da3627714934ad966d548980bb69658,2026-09-05T19:45:00Z,Tulsa Golden Hurricane,Oklahoma State Cowboys,betus,BetUS,2026-07-19T12:01:14Z,totals,2026-07-19T12:01:14Z,Over,-110,61.5,20260719120152693564
NCAAF,americanfootball_ncaaf,2da3627714934ad966d548980bb69658,2026-09-05T19:45:00Z,Tulsa Golden Hurricane,Oklahoma State Cowboys,betus,BetUS,2026-07-19T12:01:14Z,totals,2026-07-19T12:01:14Z,Under,-110,61.5,20260719120152693564
NCAAF,americanfootball_ncaaf,2da3627714934ad966d548980bb69658,2026-09-05T19:45:00Z,Tulsa Golden Hurricane,Oklahoma State Cowboys,bovada,Bovada,2026-07-19T12:01:41Z,h2h,2026-07-19T12:01:41Z,Oklahoma State Cowboys,-550,,20260719120152693564
NCAAF,americanfootball_ncaaf,2da3627714934ad966d548980bb69658,2026-09-05T19:45:00Z,Tulsa Golden Hurricane,Oklahoma State Cowboys,bovada,Bovada,2026-07-19T12:01:41Z,h2h,2026-07-19T12:01:41Z,Tulsa Golden Hurricane,390,,20260719120152693564
NCAAF,americanfootball_ncaaf,2da3627714934ad966d548980bb69658,2026-09-05T19:45:00Z,Tulsa Golden Hurricane,Oklahoma State Cowboys,bovada,Bovada,2026-07-19T12:01:41Z,spreads,2026-07-19T12:01:41Z,Oklahoma State Cowboys,-110,-12.5,20260719120152693564
NCAAF,americanfootball_ncaaf,2da3627714934ad966d548980bb69658,2026-09-05T19:45:00Z,Tulsa Golden Hurricane,Oklahoma State Cowboys,bovada,Bovada,2026-07-19T12:01:41Z,spreads,2026-07-19T12:01:41Z,Tulsa Golden Hurricane,-110,12.5,20260719120152693564
NCAAF,americanfootball_ncaaf,2da3627714934ad966d548980bb69658,2026-09-05T19:45:00Z,Tulsa Golden Hurricane,Oklahoma State Cowboys,bovada,Bovada,2026-07-19T12:01:41Z,totals,2026-07-19T12:01:41Z,Over,-110,61.5,20260719120152693564
NCAAF,americanfootball_ncaaf,2da3627714934ad966d548980bb69658,2026-09-05T19:45:00Z,Tulsa Golden Hurricane,Oklahoma State Cowboys,bovada,Bovada,2026-07-19T12:01:41Z,totals,2026-07-19T12:01:41Z,Under,-110,61.5,20260719120152693564
NCAAF,americanfootball_ncaaf,2da3627714934ad966d548980bb69658,2026-09-05T19:45:00Z,Tulsa Golden Hurricane,Oklahoma State Cowboys,fanduel,FanDuel,2026-07-19T12:01:38Z,h2h,2026-07-19T12:01:38Z,Oklahoma State Cowboys,-520,,20260719120152693564
NCAAF,americanfootball_ncaaf,2da3627714934ad966d548980bb69658,2026-09-05T19:45:00Z,Tulsa Golden Hurricane,Oklahoma State Cowboys,fanduel,FanDuel,2026-07-19T12:01:38Z,h2h,2026-07-19T12:01:38Z,Tulsa Golden Hurricane,385,,20260719120152693564
NCAAF,americanfootball_ncaaf,2da3627714934ad966d548980bb69658,2026-09-05T19:45:00Z,Tulsa Golden Hurricane,Oklahoma State Cowboys,fanduel,FanDuel,2026-07-19T12:01:38Z,spreads,2026-07-19T12:01:38Z,Oklahoma State Cowboys,-105,-13.5,20260719120152693564
NCAAF,americanfootball_ncaaf,2da3627714934ad966d548980bb69658,2026-09-05T19:45:00Z,Tulsa Golden Hurricane,Oklahoma State Cowboys,fanduel,FanDuel,2026-07-19T12:01:38Z,spreads,2026-07-19T12:01:38Z,Tulsa Golden Hurricane,-115,13.5,20260719120152693564
NCAAF,americanfootball_ncaaf,2da3627714934ad966d548980bb69658,2026-09-05T19:45:00Z,Tulsa Golden Hurricane,Oklahoma State Cowboys,fanduel,FanDuel,2026-07-19T12:01:38Z,totals,2026-07-19T12:01:38Z,Over,-108,60.5,20260719120152693564
NCAAF,americanfootball_ncaaf,2da3627714934ad966d548980bb69658,2026-09-05T19:45:00Z,Tulsa Golden Hurricane,Oklahoma State Cowboys,fanduel,FanDuel,2026-07-19T12:01:38Z,totals,2026-07-19T12:01:38Z,Under,-112,60.5,20260719120152693564
NCAAF,americanfootball_ncaaf,2da3627714934ad966d548980bb69658,2026-09-05T19:45:00Z,Tulsa Golden Hurricane,Oklahoma State Cowboys,betmgm,BetMGM,2026-07-19T12:01:15Z,spreads,2026-07-19T12:01:15Z,Oklahoma State Cowboys,-110,-12.5,20260719120152693564
NCAAF,americanfootball_ncaaf,2da3627714934ad966d548980bb69658,2026-09-05T19:45:00Z,Tulsa Golden Hurricane,Oklahoma State Cowboys,betmgm,BetMGM,2026-07-19T12:01:15Z,spreads,2026-07-19T12:01:15Z,Tulsa Golden Hurricane,-110,12.5,20260719120152693564
NCAAF,americanfootball_ncaaf,2da3627714934ad966d548980bb69658,2026-09-05T19:45:00Z,Tulsa Golden Hurricane,Oklahoma State Cowboys,betmgm,BetMGM,2026-07-19T12:01:15Z,totals,2026-07-19T12:01:15Z,Over,-110,61.5,20260719120152693564
NCAAF,americanfootball_ncaaf,2da3627714934ad966d548980bb69658,2026-09-05T19:45:00Z,Tulsa Golden Hurricane,Oklahoma State Cowboys,betmgm,BetMGM,2026-07-19T12:01:15Z,totals,2026-07-19T12:01:15Z,Under,-110,61.5,20260719120152693564
NCAAF,americanfootball_ncaaf,2da3627714934ad966d548980bb69658,2026-09-05T19:45:00Z,Tulsa Golden Hurricane,Oklahoma State Cowboys,mybookieag,MyBookie.ag,2026-07-19T12:01:39Z,h2h,2026-07-19T12:01:39Z,Oklahoma State Cowboys,-526,,20260719120152693564
NCAAF,americanfootball_ncaaf,2da3627714934ad966d548980bb69658,2026-09-05T19:45:00Z,Tulsa Golden Hurricane,Oklahoma State Cowboys,mybookieag,MyBookie.ag,2026-07-19T12:01:39Z,h2h,2026-07-19T12:01:39Z,Tulsa Golden Hurricane,350,,20260719120152693564
NCAAF,americanfootball_ncaaf,2da3627714934ad966d548980bb69658,2026-09-05T19:45:00Z,Tulsa Golden Hurricane,Oklahoma State Cowboys,mybookieag,MyBookie.ag,2026-07-19T12:01:39Z,spreads,2026-07-19T12:01:39Z,Oklahoma State Cowboys,-110,-12.5,20260719120152693564
NCAAF,americanfootball_ncaaf,2da3627714934ad966d548980bb69658,2026-09-05T19:45:00Z,Tulsa Golden Hurricane,Oklahoma State Cowboys,mybookieag,MyBookie.ag,2026-07-19T12:01:39Z,spreads,2026-07-19T12:01:39Z,Tulsa Golden Hurricane,-110,12.5,20260719120152693564
NCAAF,americanfootball_ncaaf,2da3627714934ad966d548980bb69658,2026-09-05T19:45:00Z,Tulsa Golden Hurricane,Oklahoma State Cowboys,mybookieag,MyBookie.ag,2026-07-19T12:01:39Z,totals,2026-07-19T12:01:39Z,Over,-110,61.5,20260719120152693564
NCAAF,americanfootball_ncaaf,2da3627714934ad966d548980bb69658,2026-09-05T19:45:00Z,Tulsa Golden Hurricane,Oklahoma State Cowboys,mybookieag,MyBookie.ag,2026-07-19T12:01:39Z,totals,2026-07-19T12:01:39Z,Under,-110,61.5,20260719120152693564
NCAAF,americanfootball_ncaaf,2da3627714934ad966d548980bb69658,2026-09-05T19:45:00Z,Tulsa Golden Hurricane,Oklahoma State Cowboys,betrivers,BetRivers,2026-07-19T12:01:15Z,h2h,2026-07-19T12:01:15Z,Oklahoma State Cowboys,-500,,20260719120152693564
NCAAF,americanfootball_ncaaf,2da3627714934ad966d548980bb69658,2026-09-05T19:45:00Z,Tulsa Golden Hurricane,Oklahoma State Cowboys,betrivers,BetRivers,2026-07-19T12:01:15Z,h2h,2026-07-19T12:01:15Z,Tulsa Golden Hurricane,360,,20260719120152693564
NCAAF,americanfootball_ncaaf,2da3627714934ad966d548980bb69658,2026-09-05T19:45:00Z,Tulsa Golden Hurricane,Oklahoma State Cowboys,betrivers,BetRivers,2026-07-19T12:01:15Z,spreads,2026-07-19T12:01:15Z,Oklahoma State Cowboys,-113,-12.5,20260719120152693564
NCAAF,americanfootball_ncaaf,2da3627714934ad966d548980bb69658,2026-09-05T19:45:00Z,Tulsa Golden Hurricane,Oklahoma State Cowboys,betrivers,BetRivers,2026-07-19T12:01:15Z,spreads,2026-07-19T12:01:15Z,Tulsa Golden Hurricane,-110,12.5,20260719120152693564
NCAAF,americanfootball_ncaaf,2da3627714934ad966d548980bb69658,2026-09-05T19:45:00Z,Tulsa Golden Hurricane,Oklahoma State Cowboys,betrivers,BetRivers,2026-07-19T12:01:15Z,totals,2026-07-19T12:01:15Z,Over,-113,61.5,20260719120152693564
NCAAF,americanfootball_ncaaf,2da3627714934ad966d548980bb69658,2026-09-05T19:45:00Z,Tulsa Golden Hurricane,Oklahoma State Cowboys,betrivers,BetRivers,2026-07-19T12:01:15Z,totals,2026-07-19T12:01:15Z,Under,-110,61.5,20260719120152693564
NCAAF,americanfootball_ncaaf,261e6183f68405cd431bbdbd0c31eefa,2026-09-05T20:15:00Z,Iowa Hawkeyes,Northern Illinois Huskies,draftkings,DraftKings,2026-07-19T12:01:13Z,spreads,2026-07-19T12:01:13Z,Iowa Hawkeyes,-105,-30.5,20260719120152693564
NCAAF,americanfootball_ncaaf,261e6183f68405cd431bbdbd0c31eefa,2026-09-05T20:15:00Z,Iowa Hawkeyes,Northern Illinois Huskies,draftkings,DraftKings,2026-07-19T12:01:13Z,spreads,2026-07-19T12:01:13Z,Northern Illinois Huskies,-115,30.5,20260719120152693564
NCAAF,americanfootball_ncaaf,261e6183f68405cd431bbdbd0c31eefa,2026-09-05T20:15:00Z,Iowa Hawkeyes,Northern Illinois Huskies,draftkings,DraftKings,2026-07-19T12:01:13Z,totals,2026-07-19T12:01:13Z,Over,-112,43.5,20260719120152693564
NCAAF,americanfootball_ncaaf,261e6183f68405cd431bbdbd0c31eefa,2026-09-05T20:15:00Z,Iowa Hawkeyes,Northern Illinois Huskies,draftkings,DraftKings,2026-07-19T12:01:13Z,totals,2026-07-19T12:01:13Z,Under,-108,43.5,20260719120152693564
NCAAF,americanfootball_ncaaf,261e6183f68405cd431bbdbd0c31eefa,2026-09-05T20:15:00Z,Iowa Hawkeyes,Northern Illinois Huskies,lowvig,LowVig.ag,2026-07-19T12:00:52Z,spreads,2026-07-19T12:00:52Z,Iowa Hawkeyes,-111,-30.5,20260719120152693564
NCAAF,americanfootball_ncaaf,261e6183f68405cd431bbdbd0c31eefa,2026-09-05T20:15:00Z,Iowa Hawkeyes,Northern Illinois Huskies,lowvig,LowVig.ag,2026-07-19T12:00:52Z,spreads,2026-07-19T12:00:52Z,Northern Illinois Huskies,-101,30.5,20260719120152693564
NCAAF,americanfootball_ncaaf,261e6183f68405cd431bbdbd0c31eefa,2026-09-05T20:15:00Z,Iowa Hawkeyes,Northern Illinois Huskies,lowvig,LowVig.ag,2026-07-19T12:00:52Z,totals,2026-07-19T12:00:52Z,Over,-108,46.0,20260719120152693564
NCAAF,americanfootball_ncaaf,261e6183f68405cd431bbdbd0c31eefa,2026-09-05T20:15:00Z,Iowa Hawkeyes,Northern Illinois Huskies,lowvig,LowVig.ag,2026-07-19T12:00:52Z,totals,2026-07-19T12:00:52Z,Under,-108,46.0,20260719120152693564
NCAAF,americanfootball_ncaaf,261e6183f68405cd431bbdbd0c31eefa,2026-09-05T20:15:00Z,Iowa Hawkeyes,Northern Illinois Huskies,betonlineag,BetOnline.ag,2026-07-19T12:01:41Z,spreads,2026-07-19T12:01:41Z,Iowa Hawkeyes,-115,-30.5,20260719120152693564
NCAAF,americanfootball_ncaaf,261e6183f68405cd431bbdbd0c31eefa,2026-09-05T20:15:00Z,Iowa Hawkeyes,Northern Illinois Huskies,betonlineag,BetOnline.ag,2026-07-19T12:01:41Z,spreads,2026-07-19T12:01:41Z,Northern Illinois Huskies,-105,30.5,20260719120152693564
NCAAF,americanfootball_ncaaf,261e6183f68405cd431bbdbd0c31eefa,2026-09-05T20:15:00Z,Iowa Hawkeyes,Northern Illinois Huskies,betonlineag,BetOnline.ag,2026-07-19T12:01:41Z,totals,2026-07-19T12:01:41Z,Over,-110,46.0,20260719120152693564
NCAAF,americanfootball_ncaaf,261e6183f68405cd431bbdbd0c31eefa,2026-09-05T20:15:00Z,Iowa Hawkeyes,Northern Illinois Huskies,betonlineag,BetOnline.ag,2026-07-19T12:01:41Z,totals,2026-07-19T12:01:41Z,Under,-110,46.0,20260719120152693564
NCAAF,americanfootball_ncaaf,261e6183f68405cd431bbdbd0c31eefa,2026-09-05T20:15:00Z,Iowa Hawkeyes,Northern Illinois Huskies,betus,BetUS,2026-07-19T12:01:14Z,spreads,2026-07-19T12:01:14Z,Iowa Hawkeyes,-115,-30.5,20260719120152693564
NCAAF,americanfootball_ncaaf,261e6183f68405cd431bbdbd0c31eefa,2026-09-05T20:15:00Z,Iowa Hawkeyes,Northern Illinois Huskies,betus,BetUS,2026-07-19T12:01:14Z,spreads,2026-07-19T12:01:14Z,Northern Illinois Huskies,-105,30.5,20260719120152693564
NCAAF,americanfootball_ncaaf,261e6183f68405cd431bbdbd0c31eefa,2026-09-05T20:15:00Z,Iowa Hawkeyes,Northern Illinois Huskies,betus,BetUS,2026-07-19T12:01:14Z,totals,2026-07-19T12:01:14Z,Over,-110,46.0,20260719120152693564
NCAAF,americanfootball_ncaaf,261e6183f68405cd431bbdbd0c31eefa,2026-09-05T20:15:00Z,Iowa Hawkeyes,Northern Illinois Huskies,betus,BetUS,2026-07-19T12:01:14Z,totals,2026-07-19T12:01:14Z,Under,-110,46.0,20260719120152693564
NCAAF,americanfootball_ncaaf,261e6183f68405cd431bbdbd0c31eefa,2026-09-05T20:15:00Z,Iowa Hawkeyes,Northern Illinois Huskies,bovada,Bovada,2026-07-19T12:01:41Z,spreads,2026-07-19T12:01:41Z,Iowa Hawkeyes,-105,-30.5,20260719120152693564
NCAAF,americanfootball_ncaaf,261e6183f68405cd431bbdbd0c31eefa,2026-09-05T20:15:00Z,Iowa Hawkeyes,Northern Illinois Huskies,bovada,Bovada,2026-07-19T12:01:41Z,spreads,2026-07-19T12:01:41Z,Northern Illinois Huskies,-115,30.5,20260719120152693564
NCAAF,americanfootball_ncaaf,261e6183f68405cd431bbdbd0c31eefa,2026-09-05T20:15:00Z,Iowa Hawkeyes,Northern Illinois Huskies,bovada,Bovada,2026-07-19T12:01:41Z,totals,2026-07-19T12:01:41Z,Over,-110,43.5,20260719120152693564
NCAAF,americanfootball_ncaaf,261e6183f68405cd431bbdbd0c31eefa,2026-09-05T20:15:00Z,Iowa Hawkeyes,Northern Illinois Huskies,bovada,Bovada,2026-07-19T12:01:41Z,totals,2026-07-19T12:01:41Z,Under,-110,43.5,20260719120152693564
NCAAF,americanfootball_ncaaf,261e6183f68405cd431bbdbd0c31eefa,2026-09-05T20:15:00Z,Iowa Hawkeyes,Northern Illinois Huskies,fanduel,FanDuel,2026-07-19T12:01:38Z,h2h,2026-07-19T12:01:38Z,Iowa Hawkeyes,-20000,,20260719120152693564
NCAAF,americanfootball_ncaaf,261e6183f68405cd431bbdbd0c31eefa,2026-09-05T20:15:00Z,Iowa Hawkeyes,Northern Illinois Huskies,fanduel,FanDuel,2026-07-19T12:01:38Z,h2h,2026-07-19T12:01:38Z,Northern Illinois Huskies,3500,,20260719120152693564
NCAAF,americanfootball_ncaaf,261e6183f68405cd431bbdbd0c31eefa,2026-09-05T20:15:00Z,Iowa Hawkeyes,Northern Illinois Huskies,fanduel,FanDuel,2026-07-19T12:01:38Z,spreads,2026-07-19T12:01:38Z,Iowa Hawkeyes,-110,-30.5,20260719120152693564
NCAAF,americanfootball_ncaaf,261e6183f68405cd431bbdbd0c31eefa,2026-09-05T20:15:00Z,Iowa Hawkeyes,Northern Illinois Huskies,fanduel,FanDuel,2026-07-19T12:01:38Z,spreads,2026-07-19T12:01:38Z,Northern Illinois Huskies,-110,30.5,20260719120152693564
NCAAF,americanfootball_ncaaf,261e6183f68405cd431bbdbd0c31eefa,2026-09-05T20:15:00Z,Iowa Hawkeyes,Northern Illinois Huskies,fanduel,FanDuel,2026-07-19T12:01:38Z,totals,2026-07-19T12:01:38Z,Over,-105,45.5,20260719120152693564
NCAAF,americanfootball_ncaaf,261e6183f68405cd431bbdbd0c31eefa,2026-09-05T20:15:00Z,Iowa Hawkeyes,Northern Illinois Huskies,fanduel,FanDuel,2026-07-19T12:01:38Z,totals,2026-07-19T12:01:38Z,Under,-115,45.5,20260719120152693564
NCAAF,americanfootball_ncaaf,261e6183f68405cd431bbdbd0c31eefa,2026-09-05T20:15:00Z,Iowa Hawkeyes,Northern Illinois Huskies,betmgm,BetMGM,2026-07-19T12:01:15Z,spreads,2026-07-19T12:01:15Z,Iowa Hawkeyes,-110,-30.5,20260719120152693564
NCAAF,americanfootball_ncaaf,261e6183f68405cd431bbdbd0c31eefa,2026-09-05T20:15:00Z,Iowa Hawkeyes,Northern Illinois Huskies,betmgm,BetMGM,2026-07-19T12:01:15Z,spreads,2026-07-19T12:01:15Z,Northern Illinois Huskies,-110,30.5,20260719120152693564
NCAAF,americanfootball_ncaaf,261e6183f68405cd431bbdbd0c31eefa,2026-09-05T20:15:00Z,Iowa Hawkeyes,Northern Illinois Huskies,betmgm,BetMGM,2026-07-19T12:01:15Z,totals,2026-07-19T12:01:15Z,Over,-110,43.5,20260719120152693564
NCAAF,americanfootball_ncaaf,261e6183f68405cd431bbdbd0c31eefa,2026-09-05T20:15:00Z,Iowa Hawkeyes,Northern Illinois Huskies,betmgm,BetMGM,2026-07-19T12:01:15Z,totals,2026-07-19T12:01:15Z,Under,-110,43.5,20260719120152693564
NCAAF,americanfootball_ncaaf,261e6183f68405cd431bbdbd0c31eefa,2026-09-05T20:15:00Z,Iowa Hawkeyes,Northern Illinois Huskies,mybookieag,MyBookie.ag,2026-07-19T12:01:39Z,h2h,2026-07-19T12:01:38Z,Iowa Hawkeyes,-7692,,20260719120152693564
NCAAF,americanfootball_ncaaf,261e6183f68405cd431bbdbd0c31eefa,2026-09-05T20:15:00Z,Iowa Hawkeyes,Northern Illinois Huskies,mybookieag,MyBookie.ag,2026-07-19T12:01:39Z,h2h,2026-07-19T12:01:38Z,Northern Illinois Huskies,1275,,20260719120152693564
NCAAF,americanfootball_ncaaf,261e6183f68405cd431bbdbd0c31eefa,2026-09-05T20:15:00Z,Iowa Hawkeyes,Northern Illinois Huskies,mybookieag,MyBookie.ag,2026-07-19T12:01:39Z,totals,2026-07-19T12:01:38Z,Over,-110,43.5,20260719120152693564
NCAAF,americanfootball_ncaaf,261e6183f68405cd431bbdbd0c31eefa,2026-09-05T20:15:00Z,Iowa Hawkeyes,Northern Illinois Huskies,mybookieag,MyBookie.ag,2026-07-19T12:01:39Z,totals,2026-07-19T12:01:38Z,Under,-110,43.5,20260719120152693564
NCAAF,americanfootball_ncaaf,261e6183f68405cd431bbdbd0c31eefa,2026-09-05T20:15:00Z,Iowa Hawkeyes,Northern Illinois Huskies,betrivers,BetRivers,2026-07-19T12:01:15Z,spreads,2026-07-19T12:01:15Z,Iowa Hawkeyes,-114,-30.5,20260719120152693564
NCAAF,americanfootball_ncaaf,261e6183f68405cd431bbdbd0c31eefa,2026-09-05T20:15:00Z,Iowa Hawkeyes,Northern Illinois Huskies,betrivers,BetRivers,2026-07-19T12:01:15Z,spreads,2026-07-19T12:01:15Z,Northern Illinois Huskies,-109,30.5,20260719120152693564
NCAAF,americanfootball_ncaaf,261e6183f68405cd431bbdbd0c31eefa,2026-09-05T20:15:00Z,Iowa Hawkeyes,Northern Illinois Huskies,betrivers,BetRivers,2026-07-19T12:01:15Z,totals,2026-07-19T12:01:15Z,Over,-113,45.0,20260719120152693564
NCAAF,americanfootball_ncaaf,261e6183f68405cd431bbdbd0c31eefa,2026-09-05T20:15:00Z,Iowa Hawkeyes,Northern Illinois Huskies,betrivers,BetRivers,2026-07-19T12:01:15Z,totals,2026-07-19T12:01:15Z,Under,-110,45.0,20260719120152693564
NCAAF,americanfootball_ncaaf,ddf45575d5d07af2872a07618f9f7867,2026-09-05T22:00:00Z,Colorado State Rams,Wyoming Cowboys,draftkings,DraftKings,2026-07-19T12:01:13Z,h2h,2026-07-19T12:01:13Z,Colorado State Rams,-180,,20260719120152693564
NCAAF,americanfootball_ncaaf,ddf45575d5d07af2872a07618f9f7867,2026-09-05T22:00:00Z,Colorado State Rams,Wyoming Cowboys,draftkings,DraftKings,2026-07-19T12:01:13Z,h2h,2026-07-19T12:01:13Z,Wyoming Cowboys,150,,20260719120152693564
NCAAF,americanfootball_ncaaf,ddf45575d5d07af2872a07618f9f7867,2026-09-05T22:00:00Z,Colorado State Rams,Wyoming Cowboys,draftkings,DraftKings,2026-07-19T12:01:13Z,spreads,2026-07-19T12:01:13Z,Colorado State Rams,-105,-4.0,20260719120152693564
NCAAF,americanfootball_ncaaf,ddf45575d5d07af2872a07618f9f7867,2026-09-05T22:00:00Z,Colorado State Rams,Wyoming Cowboys,draftkings,DraftKings,2026-07-19T12:01:13Z,spreads,2026-07-19T12:01:13Z,Wyoming Cowboys,-115,4.0,20260719120152693564
NCAAF,americanfootball_ncaaf,ddf45575d5d07af2872a07618f9f7867,2026-09-05T22:00:00Z,Colorado State Rams,Wyoming Cowboys,draftkings,DraftKings,2026-07-19T12:01:13Z,totals,2026-07-19T12:01:13Z,Over,-120,47.5,20260719120152693564
NCAAF,americanfootball_ncaaf,ddf45575d5d07af2872a07618f9f7867,2026-09-05T22:00:00Z,Colorado State Rams,Wyoming Cowboys,draftkings,DraftKings,2026-07-19T12:01:13Z,totals,2026-07-19T12:01:13Z,Under,100,47.5,20260719120152693564
NCAAF,americanfootball_ncaaf,ddf45575d5d07af2872a07618f9f7867,2026-09-05T22:00:00Z,Colorado State Rams,Wyoming Cowboys,betonlineag,BetOnline.ag,2026-07-19T12:01:41Z,spreads,2026-07-19T12:01:41Z,Colorado State Rams,-110,-4.0,20260719120152693564
NCAAF,americanfootball_ncaaf,ddf45575d5d07af2872a07618f9f7867,2026-09-05T22:00:00Z,Colorado State Rams,Wyoming Cowboys,betonlineag,BetOnline.ag,2026-07-19T12:01:41Z,spreads,2026-07-19T12:01:41Z,Wyoming Cowboys,-110,4.0,20260719120152693564
NCAAF,americanfootball_ncaaf,ddf45575d5d07af2872a07618f9f7867,2026-09-05T22:00:00Z,Colorado State Rams,Wyoming Cowboys,betonlineag,BetOnline.ag,2026-07-19T12:01:41Z,totals,2026-07-19T12:01:41Z,Over,-110,48.0,20260719120152693564
NCAAF,americanfootball_ncaaf,ddf45575d5d07af2872a07618f9f7867,2026-09-05T22:00:00Z,Colorado State Rams,Wyoming Cowboys,betonlineag,BetOnline.ag,2026-07-19T12:01:41Z,totals,2026-07-19T12:01:41Z,Under,-110,48.0,20260719120152693564
NCAAF,americanfootball_ncaaf,ddf45575d5d07af2872a07618f9f7867,2026-09-05T22:00:00Z,Colorado State Rams,Wyoming Cowboys,lowvig,LowVig.ag,2026-07-19T12:00:52Z,spreads,2026-07-19T12:00:52Z,Colorado State Rams,-106,-4.0,20260719120152693564
NCAAF,americanfootball_ncaaf,ddf45575d5d07af2872a07618f9f7867,2026-09-05T22:00:00Z,Colorado State Rams,Wyoming Cowboys,lowvig,LowVig.ag,2026-07-19T12:00:52Z,spreads,2026-07-19T12:00:52Z,Wyoming Cowboys,-106,4.0,20260719120152693564
NCAAF,americanfootball_ncaaf,ddf45575d5d07af2872a07618f9f7867,2026-09-05T22:00:00Z,Colorado State Rams,Wyoming Cowboys,lowvig,LowVig.ag,2026-07-19T12:00:52Z,totals,2026-07-19T12:00:52Z,Over,-108,48.0,20260719120152693564
NCAAF,americanfootball_ncaaf,ddf45575d5d07af2872a07618f9f7867,2026-09-05T22:00:00Z,Colorado State Rams,Wyoming Cowboys,lowvig,LowVig.ag,2026-07-19T12:00:52Z,totals,2026-07-19T12:00:52Z,Under,-108,48.0,20260719120152693564
NCAAF,americanfootball_ncaaf,ddf45575d5d07af2872a07618f9f7867,2026-09-05T22:00:00Z,Colorado State Rams,Wyoming Cowboys,betus,BetUS,2026-07-19T12:01:14Z,spreads,2026-07-19T12:01:14Z,Colorado State Rams,-110,-4.0,20260719120152693564
NCAAF,americanfootball_ncaaf,ddf45575d5d07af2872a07618f9f7867,2026-09-05T22:00:00Z,Colorado State Rams,Wyoming Cowboys,betus,BetUS,2026-07-19T12:01:14Z,spreads,2026-07-19T12:01:14Z,Wyoming Cowboys,-110,4.0,20260719120152693564
NCAAF,americanfootball_ncaaf,ddf45575d5d07af2872a07618f9f7867,2026-09-05T22:00:00Z,Colorado State Rams,Wyoming Cowboys,betus,BetUS,2026-07-19T12:01:14Z,totals,2026-07-19T12:01:14Z,Over,-110,48.0,20260719120152693564
NCAAF,americanfootball_ncaaf,ddf45575d5d07af2872a07618f9f7867,2026-09-05T22:00:00Z,Colorado State Rams,Wyoming Cowboys,betus,BetUS,2026-07-19T12:01:14Z,totals,2026-07-19T12:01:14Z,Under,-110,48.0,20260719120152693564
NCAAF,americanfootball_ncaaf,ddf45575d5d07af2872a07618f9f7867,2026-09-05T22:00:00Z,Colorado State Rams,Wyoming Cowboys,bovada,Bovada,2026-07-19T12:01:41Z,h2h,2026-07-19T12:01:41Z,Colorado State Rams,-180,,20260719120152693564
NCAAF,americanfootball_ncaaf,ddf45575d5d07af2872a07618f9f7867,2026-09-05T22:00:00Z,Colorado State Rams,Wyoming Cowboys,bovada,Bovada,2026-07-19T12:01:41Z,h2h,2026-07-19T12:01:41Z,Wyoming Cowboys,155,,20260719120152693564
NCAAF,americanfootball_ncaaf,ddf45575d5d07af2872a07618f9f7867,2026-09-05T22:00:00Z,Colorado State Rams,Wyoming Cowboys,bovada,Bovada,2026-07-19T12:01:41Z,spreads,2026-07-19T12:01:41Z,Colorado State Rams,-105,-4.0,20260719120152693564
NCAAF,americanfootball_ncaaf,ddf45575d5d07af2872a07618f9f7867,2026-09-05T22:00:00Z,Colorado State Rams,Wyoming Cowboys,bovada,Bovada,2026-07-19T12:01:41Z,spreads,2026-07-19T12:01:41Z,Wyoming Cowboys,-115,4.0,20260719120152693564
NCAAF,americanfootball_ncaaf,ddf45575d5d07af2872a07618f9f7867,2026-09-05T22:00:00Z,Colorado State Rams,Wyoming Cowboys,bovada,Bovada,2026-07-19T12:01:41Z,totals,2026-07-19T12:01:41Z,Over,-120,47.5,20260719120152693564
NCAAF,americanfootball_ncaaf,ddf45575d5d07af2872a07618f9f7867,2026-09-05T22:00:00Z,Colorado State Rams,Wyoming Cowboys,bovada,Bovada,2026-07-19T12:01:41Z,totals,2026-07-19T12:01:41Z,Under,100,47.5,20260719120152693564
NCAAF,americanfootball_ncaaf,ddf45575d5d07af2872a07618f9f7867,2026-09-05T22:00:00Z,Colorado State Rams,Wyoming Cowboys,fanduel,FanDuel,2026-07-19T12:01:38Z,h2h,2026-07-19T12:01:38Z,Colorado State Rams,-184,,20260719120152693564
NCAAF,americanfootball_ncaaf,ddf45575d5d07af2872a07618f9f7867,2026-09-05T22:00:00Z,Colorado State Rams,Wyoming Cowboys,fanduel,FanDuel,2026-07-19T12:01:38Z,h2h,2026-07-19T12:01:38Z,Wyoming Cowboys,152,,20260719120152693564
NCAAF,americanfootball_ncaaf,ddf45575d5d07af2872a07618f9f7867,2026-09-05T22:00:00Z,Colorado State Rams,Wyoming Cowboys,fanduel,FanDuel,2026-07-19T12:01:38Z,spreads,2026-07-19T12:01:38Z,Colorado State Rams,-115,-3.5,20260719120152693564
NCAAF,americanfootball_ncaaf,ddf45575d5d07af2872a07618f9f7867,2026-09-05T22:00:00Z,Colorado State Rams,Wyoming Cowboys,fanduel,FanDuel,2026-07-19T12:01:38Z,spreads,2026-07-19T12:01:38Z,Wyoming Cowboys,-105,3.5,20260719120152693564
NCAAF,americanfootball_ncaaf,ddf45575d5d07af2872a07618f9f7867,2026-09-05T22:00:00Z,Colorado State Rams,Wyoming Cowboys,fanduel,FanDuel,2026-07-19T12:01:38Z,totals,2026-07-19T12:01:38Z,Over,-110,48.5,20260719120152693564
NCAAF,americanfootball_ncaaf,ddf45575d5d07af2872a07618f9f7867,2026-09-05T22:00:00Z,Colorado State Rams,Wyoming Cowboys,fanduel,FanDuel,2026-07-19T12:01:38Z,totals,2026-07-19T12:01:38Z,Under,-110,48.5,20260719120152693564
NCAAF,americanfootball_ncaaf,ddf45575d5d07af2872a07618f9f7867,2026-09-05T22:00:00Z,Colorado State Rams,Wyoming Cowboys,betmgm,BetMGM,2026-07-19T12:01:15Z,spreads,2026-07-19T12:01:15Z,Colorado State Rams,-110,-3.5,20260719120152693564
NCAAF,americanfootball_ncaaf,ddf45575d5d07af2872a07618f9f7867,2026-09-05T22:00:00Z,Colorado State Rams,Wyoming Cowboys,betmgm,BetMGM,2026-07-19T12:01:15Z,spreads,2026-07-19T12:01:15Z,Wyoming Cowboys,-110,3.5,20260719120152693564
NCAAF,americanfootball_ncaaf,ddf45575d5d07af2872a07618f9f7867,2026-09-05T22:00:00Z,Colorado State Rams,Wyoming Cowboys,betmgm,BetMGM,2026-07-19T12:01:15Z,totals,2026-07-19T12:01:15Z,Over,-115,47.5,20260719120152693564
NCAAF,americanfootball_ncaaf,ddf45575d5d07af2872a07618f9f7867,2026-09-05T22:00:00Z,Colorado State Rams,Wyoming Cowboys,betmgm,BetMGM,2026-07-19T12:01:15Z,totals,2026-07-19T12:01:15Z,Under,-105,47.5,20260719120152693564
NCAAF,americanfootball_ncaaf,ddf45575d5d07af2872a07618f9f7867,2026-09-05T22:00:00Z,Colorado State Rams,Wyoming Cowboys,betrivers,BetRivers,2026-07-19T12:01:15Z,h2h,2026-07-19T12:01:15Z,Colorado State Rams,-182,,20260719120152693564
NCAAF,americanfootball_ncaaf,ddf45575d5d07af2872a07618f9f7867,2026-09-05T22:00:00Z,Colorado State Rams,Wyoming Cowboys,betrivers,BetRivers,2026-07-19T12:01:15Z,h2h,2026-07-19T12:01:15Z,Wyoming Cowboys,140,,20260719120152693564
NCAAF,americanfootball_ncaaf,ddf45575d5d07af2872a07618f9f7867,2026-09-05T22:00:00Z,Colorado State Rams,Wyoming Cowboys,betrivers,BetRivers,2026-07-19T12:01:15Z,spreads,2026-07-19T12:01:15Z,Colorado State Rams,-109,-4.0,20260719120152693564
NCAAF,americanfootball_ncaaf,ddf45575d5d07af2872a07618f9f7867,2026-09-05T22:00:00Z,Colorado State Rams,Wyoming Cowboys,betrivers,BetRivers,2026-07-19T12:01:15Z,spreads,2026-07-19T12:01:15Z,Wyoming Cowboys,-114,4.0,20260719120152693564
NCAAF,americanfootball_ncaaf,ddf45575d5d07af2872a07618f9f7867,2026-09-05T22:00:00Z,Colorado State Rams,Wyoming Cowboys,betrivers,BetRivers,2026-07-19T12:01:15Z,totals,2026-07-19T12:01:15Z,Over,-109,48.5,20260719120152693564
NCAAF,americanfootball_ncaaf,ddf45575d5d07af2872a07618f9f7867,2026-09-05T22:00:00Z,Colorado State Rams,Wyoming Cowboys,betrivers,BetRivers,2026-07-19T12:01:15Z,totals,2026-07-19T12:01:15Z,Under,-113,48.5,20260719120152693564
NCAAF,americanfootball_ncaaf,ddf45575d5d07af2872a07618f9f7867,2026-09-05T22:00:00Z,Colorado State Rams,Wyoming Cowboys,mybookieag,MyBookie.ag,2026-07-19T12:01:39Z,h2h,2026-07-19T12:01:39Z,Colorado State Rams,-198,,20260719120152693564
NCAAF,americanfootball_ncaaf,ddf45575d5d07af2872a07618f9f7867,2026-09-05T22:00:00Z,Colorado State Rams,Wyoming Cowboys,mybookieag,MyBookie.ag,2026-07-19T12:01:39Z,h2h,2026-07-19T12:01:39Z,Wyoming Cowboys,153,,20260719120152693564
NCAAF,americanfootball_ncaaf,ddf45575d5d07af2872a07618f9f7867,2026-09-05T22:00:00Z,Colorado State Rams,Wyoming Cowboys,mybookieag,MyBookie.ag,2026-07-19T12:01:39Z,spreads,2026-07-19T12:01:39Z,Colorado State Rams,-110,-4.0,20260719120152693564
NCAAF,americanfootball_ncaaf,ddf45575d5d07af2872a07618f9f7867,2026-09-05T22:00:00Z,Colorado State Rams,Wyoming Cowboys,mybookieag,MyBookie.ag,2026-07-19T12:01:39Z,spreads,2026-07-19T12:01:39Z,Wyoming Cowboys,-110,4.0,20260719120152693564
NCAAF,americanfootball_ncaaf,ddf45575d5d07af2872a07618f9f7867,2026-09-05T22:00:00Z,Colorado State Rams,Wyoming Cowboys,mybookieag,MyBookie.ag,2026-07-19T12:01:39Z,totals,2026-07-19T12:01:39Z,Over,-110,48.0,20260719120152693564
NCAAF,americanfootball_ncaaf,ddf45575d5d07af2872a07618f9f7867,2026-09-05T22:00:00Z,Colorado State Rams,Wyoming Cowboys,mybookieag,MyBookie.ag,2026-07-19T12:01:39Z,totals,2026-07-19T12:01:39Z,Under,-110,48.0,20260719120152693564
NCAAF,americanfootball_ncaaf,57c73afe255c44ef3e19b52dc9557ea8,2026-09-05T23:00:00Z,Memphis Tigers,Arkansas State Red Wolves,draftkings,DraftKings,2026-07-19T12:01:13Z,h2h,2026-07-19T12:01:13Z,Arkansas State Red Wolves,350,,20260719120152693564
NCAAF,americanfootball_ncaaf,57c73afe255c44ef3e19b52dc9557ea8,2026-09-05T23:00:00Z,Memphis Tigers,Arkansas State Red Wolves,draftkings,DraftKings,2026-07-19T12:01:13Z,h2h,2026-07-19T12:01:13Z,Memphis Tigers,-455,,20260719120152693564
NCAAF,americanfootball_ncaaf,57c73afe255c44ef3e19b52dc9557ea8,2026-09-05T23:00:00Z,Memphis Tigers,Arkansas State Red Wolves,draftkings,DraftKings,2026-07-19T12:01:13Z,spreads,2026-07-19T12:01:13Z,Arkansas State Red Wolves,-108,10.5,20260719120152693564
NCAAF,americanfootball_ncaaf,57c73afe255c44ef3e19b52dc9557ea8,2026-09-05T23:00:00Z,Memphis Tigers,Arkansas State Red Wolves,draftkings,DraftKings,2026-07-19T12:01:13Z,spreads,2026-07-19T12:01:13Z,Memphis Tigers,-112,-10.5,20260719120152693564
NCAAF,americanfootball_ncaaf,57c73afe255c44ef3e19b52dc9557ea8,2026-09-05T23:00:00Z,Memphis Tigers,Arkansas State Red Wolves,draftkings,DraftKings,2026-07-19T12:01:13Z,totals,2026-07-19T12:01:13Z,Over,-108,55.5,20260719120152693564
NCAAF,americanfootball_ncaaf,57c73afe255c44ef3e19b52dc9557ea8,2026-09-05T23:00:00Z,Memphis Tigers,Arkansas State Red Wolves,draftkings,DraftKings,2026-07-19T12:01:13Z,totals,2026-07-19T12:01:13Z,Under,-112,55.5,20260719120152693564
NCAAF,americanfootball_ncaaf,57c73afe255c44ef3e19b52dc9557ea8,2026-09-05T23:00:00Z,Memphis Tigers,Arkansas State Red Wolves,lowvig,LowVig.ag,2026-07-19T12:00:52Z,spreads,2026-07-19T12:00:52Z,Arkansas State Red Wolves,-106,10.5,20260719120152693564
NCAAF,americanfootball_ncaaf,57c73afe255c44ef3e19b52dc9557ea8,2026-09-05T23:00:00Z,Memphis Tigers,Arkansas State Red Wolves,lowvig,LowVig.ag,2026-07-19T12:00:52Z,spreads,2026-07-19T12:00:52Z,Memphis Tigers,-106,-10.5,20260719120152693564
NCAAF,americanfootball_ncaaf,57c73afe255c44ef3e19b52dc9557ea8,2026-09-05T23:00:00Z,Memphis Tigers,Arkansas State Red Wolves,lowvig,LowVig.ag,2026-07-19T12:00:52Z,totals,2026-07-19T12:00:52Z,Over,-108,55.5,20260719120152693564
NCAAF,americanfootball_ncaaf,57c73afe255c44ef3e19b52dc9557ea8,2026-09-05T23:00:00Z,Memphis Tigers,Arkansas State Red Wolves,lowvig,LowVig.ag,2026-07-19T12:00:52Z,totals,2026-07-19T12:00:52Z,Under,-108,55.5,20260719120152693564
NCAAF,americanfootball_ncaaf,57c73afe255c44ef3e19b52dc9557ea8,2026-09-05T23:00:00Z,Memphis Tigers,Arkansas State Red Wolves,betonlineag,BetOnline.ag,2026-07-19T12:01:41Z,spreads,2026-07-19T12:01:41Z,Arkansas State Red Wolves,-110,10.5,20260719120152693564
NCAAF,americanfootball_ncaaf,57c73afe255c44ef3e19b52dc9557ea8,2026-09-05T23:00:00Z,Memphis Tigers,Arkansas State Red Wolves,betonlineag,BetOnline.ag,2026-07-19T12:01:41Z,spreads,2026-07-19T12:01:41Z,Memphis Tigers,-110,-10.5,20260719120152693564
NCAAF,americanfootball_ncaaf,57c73afe255c44ef3e19b52dc9557ea8,2026-09-05T23:00:00Z,Memphis Tigers,Arkansas State Red Wolves,betonlineag,BetOnline.ag,2026-07-19T12:01:41Z,totals,2026-07-19T12:01:41Z,Over,-110,55.5,20260719120152693564
NCAAF,americanfootball_ncaaf,57c73afe255c44ef3e19b52dc9557ea8,2026-09-05T23:00:00Z,Memphis Tigers,Arkansas State Red Wolves,betonlineag,BetOnline.ag,2026-07-19T12:01:41Z,totals,2026-07-19T12:01:41Z,Under,-110,55.5,20260719120152693564
NCAAF,americanfootball_ncaaf,57c73afe255c44ef3e19b52dc9557ea8,2026-09-05T23:00:00Z,Memphis Tigers,Arkansas State Red Wolves,betus,BetUS,2026-07-19T12:01:14Z,spreads,2026-07-19T12:01:14Z,Arkansas State Red Wolves,-110,10.5,20260719120152693564
NCAAF,americanfootball_ncaaf,57c73afe255c44ef3e19b52dc9557ea8,2026-09-05T23:00:00Z,Memphis Tigers,Arkansas State Red Wolves,betus,BetUS,2026-07-19T12:01:14Z,spreads,2026-07-19T12:01:14Z,Memphis Tigers,-110,-10.5,20260719120152693564
NCAAF,americanfootball_ncaaf,57c73afe255c44ef3e19b52dc9557ea8,2026-09-05T23:00:00Z,Memphis Tigers,Arkansas State Red Wolves,betus,BetUS,2026-07-19T12:01:14Z,totals,2026-07-19T12:01:14Z,Over,-110,55.5,20260719120152693564
NCAAF,americanfootball_ncaaf,57c73afe255c44ef3e19b52dc9557ea8,2026-09-05T23:00:00Z,Memphis Tigers,Arkansas State Red Wolves,betus,BetUS,2026-07-19T12:01:14Z,totals,2026-07-19T12:01:14Z,Under,-110,55.5,20260719120152693564
NCAAF,americanfootball_ncaaf,57c73afe255c44ef3e19b52dc9557ea8,2026-09-05T23:00:00Z,Memphis Tigers,Arkansas State Red Wolves,bovada,Bovada,2026-07-19T12:01:41Z,h2h,2026-07-19T12:01:41Z,Arkansas State Red Wolves,350,,20260719120152693564
NCAAF,americanfootball_ncaaf,57c73afe255c44ef3e19b52dc9557ea8,2026-09-05T23:00:00Z,Memphis Tigers,Arkansas State Red Wolves,bovada,Bovada,2026-07-19T12:01:41Z,h2h,2026-07-19T12:01:41Z,Memphis Tigers,-480,,20260719120152693564
NCAAF,americanfootball_ncaaf,57c73afe255c44ef3e19b52dc9557ea8,2026-09-05T23:00:00Z,Memphis Tigers,Arkansas State Red Wolves,bovada,Bovada,2026-07-19T12:01:41Z,spreads,2026-07-19T12:01:41Z,Arkansas State Red Wolves,-110,10.5,20260719120152693564
NCAAF,americanfootball_ncaaf,57c73afe255c44ef3e19b52dc9557ea8,2026-09-05T23:00:00Z,Memphis Tigers,Arkansas State Red Wolves,bovada,Bovada,2026-07-19T12:01:41Z,spreads,2026-07-19T12:01:41Z,Memphis Tigers,-110,-10.5,20260719120152693564
NCAAF,americanfootball_ncaaf,57c73afe255c44ef3e19b52dc9557ea8,2026-09-05T23:00:00Z,Memphis Tigers,Arkansas State Red Wolves,bovada,Bovada,2026-07-19T12:01:41Z,totals,2026-07-19T12:01:41Z,Over,-110,55.5,20260719120152693564
NCAAF,americanfootball_ncaaf,57c73afe255c44ef3e19b52dc9557ea8,2026-09-05T23:00:00Z,Memphis Tigers,Arkansas State Red Wolves,bovada,Bovada,2026-07-19T12:01:41Z,totals,2026-07-19T12:01:41Z,Under,-110,55.5,20260719120152693564
NCAAF,americanfootball_ncaaf,57c73afe255c44ef3e19b52dc9557ea8,2026-09-05T23:00:00Z,Memphis Tigers,Arkansas State Red Wolves,fanduel,FanDuel,2026-07-19T12:01:38Z,h2h,2026-07-19T12:01:38Z,Arkansas State Red Wolves,315,,20260719120152693564
NCAAF,americanfootball_ncaaf,57c73afe255c44ef3e19b52dc9557ea8,2026-09-05T23:00:00Z,Memphis Tigers,Arkansas State Red Wolves,fanduel,FanDuel,2026-07-19T12:01:38Z,h2h,2026-07-19T12:01:38Z,Memphis Tigers,-410,,20260719120152693564
NCAAF,americanfootball_ncaaf,57c73afe255c44ef3e19b52dc9557ea8,2026-09-05T23:00:00Z,Memphis Tigers,Arkansas State Red Wolves,fanduel,FanDuel,2026-07-19T12:01:38Z,spreads,2026-07-19T12:01:38Z,Arkansas State Red Wolves,-110,10.5,20260719120152693564
NCAAF,americanfootball_ncaaf,57c73afe255c44ef3e19b52dc9557ea8,2026-09-05T23:00:00Z,Memphis Tigers,Arkansas State Red Wolves,fanduel,FanDuel,2026-07-19T12:01:38Z,spreads,2026-07-19T12:01:38Z,Memphis Tigers,-110,-10.5,20260719120152693564
NCAAF,americanfootball_ncaaf,57c73afe255c44ef3e19b52dc9557ea8,2026-09-05T23:00:00Z,Memphis Tigers,Arkansas State Red Wolves,fanduel,FanDuel,2026-07-19T12:01:38Z,totals,2026-07-19T12:01:38Z,Over,-110,56.5,20260719120152693564
NCAAF,americanfootball_ncaaf,57c73afe255c44ef3e19b52dc9557ea8,2026-09-05T23:00:00Z,Memphis Tigers,Arkansas State Red Wolves,fanduel,FanDuel,2026-07-19T12:01:38Z,totals,2026-07-19T12:01:38Z,Under,-110,56.5,20260719120152693564
NCAAF,americanfootball_ncaaf,57c73afe255c44ef3e19b52dc9557ea8,2026-09-05T23:00:00Z,Memphis Tigers,Arkansas State Red Wolves,mybookieag,MyBookie.ag,2026-07-19T12:01:39Z,h2h,2026-07-19T12:01:39Z,Arkansas State Red Wolves,310,,20260719120152693564
NCAAF,americanfootball_ncaaf,57c73afe255c44ef3e19b52dc9557ea8,2026-09-05T23:00:00Z,Memphis Tigers,Arkansas State Red Wolves,mybookieag,MyBookie.ag,2026-07-19T12:01:39Z,h2h,2026-07-19T12:01:39Z,Memphis Tigers,-450,,20260719120152693564
NCAAF,americanfootball_ncaaf,57c73afe255c44ef3e19b52dc9557ea8,2026-09-05T23:00:00Z,Memphis Tigers,Arkansas State Red Wolves,mybookieag,MyBookie.ag,2026-07-19T12:01:39Z,spreads,2026-07-19T12:01:39Z,Arkansas State Red Wolves,-110,10.5,20260719120152693564
NCAAF,americanfootball_ncaaf,57c73afe255c44ef3e19b52dc9557ea8,2026-09-05T23:00:00Z,Memphis Tigers,Arkansas State Red Wolves,mybookieag,MyBookie.ag,2026-07-19T12:01:39Z,spreads,2026-07-19T12:01:39Z,Memphis Tigers,-110,-10.5,20260719120152693564
NCAAF,americanfootball_ncaaf,57c73afe255c44ef3e19b52dc9557ea8,2026-09-05T23:00:00Z,Memphis Tigers,Arkansas State Red Wolves,mybookieag,MyBookie.ag,2026-07-19T12:01:39Z,totals,2026-07-19T12:01:39Z,Over,-110,55.5,20260719120152693564
NCAAF,americanfootball_ncaaf,57c73afe255c44ef3e19b52dc9557ea8,2026-09-05T23:00:00Z,Memphis Tigers,Arkansas State Red Wolves,mybookieag,MyBookie.ag,2026-07-19T12:01:39Z,totals,2026-07-19T12:01:39Z,Under,-110,55.5,20260719120152693564
NCAAF,americanfootball_ncaaf,57c73afe255c44ef3e19b52dc9557ea8,2026-09-05T23:00:00Z,Memphis Tigers,Arkansas State Red Wolves,betrivers,BetRivers,2026-07-19T12:01:15Z,h2h,2026-07-19T12:01:15Z,Arkansas State Red Wolves,310,,20260719120152693564
NCAAF,americanfootball_ncaaf,57c73afe255c44ef3e19b52dc9557ea8,2026-09-05T23:00:00Z,Memphis Tigers,Arkansas State Red Wolves,betrivers,BetRivers,2026-07-19T12:01:15Z,h2h,2026-07-19T12:01:15Z,Memphis Tigers,-420,,20260719120152693564
NCAAF,americanfootball_ncaaf,57c73afe255c44ef3e19b52dc9557ea8,2026-09-05T23:00:00Z,Memphis Tigers,Arkansas State Red Wolves,betrivers,BetRivers,2026-07-19T12:01:15Z,spreads,2026-07-19T12:01:15Z,Arkansas State Red Wolves,-110,10.5,20260719120152693564
NCAAF,americanfootball_ncaaf,57c73afe255c44ef3e19b52dc9557ea8,2026-09-05T23:00:00Z,Memphis Tigers,Arkansas State Red Wolves,betrivers,BetRivers,2026-07-19T12:01:15Z,spreads,2026-07-19T12:01:15Z,Memphis Tigers,-113,-10.5,20260719120152693564
NCAAF,americanfootball_ncaaf,57c73afe255c44ef3e19b52dc9557ea8,2026-09-05T23:00:00Z,Memphis Tigers,Arkansas State Red Wolves,betrivers,BetRivers,2026-07-19T12:01:15Z,totals,2026-07-19T12:01:15Z,Over,-112,55.5,20260719120152693564
NCAAF,americanfootball_ncaaf,57c73afe255c44ef3e19b52dc9557ea8,2026-09-05T23:00:00Z,Memphis Tigers,Arkansas State Red Wolves,betrivers,BetRivers,2026-07-19T12:01:15Z,totals,2026-07-19T12:01:15Z,Under,-112,55.5,20260719120152693564
NCAAF,americanfootball_ncaaf,57c73afe255c44ef3e19b52dc9557ea8,2026-09-05T23:00:00Z,Memphis Tigers,Arkansas State Red Wolves,betmgm,BetMGM,2026-07-19T12:01:15Z,spreads,2026-07-19T12:01:15Z,Arkansas State Red Wolves,-110,10.5,20260719120152693564
NCAAF,americanfootball_ncaaf,57c73afe255c44ef3e19b52dc9557ea8,2026-09-05T23:00:00Z,Memphis Tigers,Arkansas State Red Wolves,betmgm,BetMGM,2026-07-19T12:01:15Z,spreads,2026-07-19T12:01:15Z,Memphis Tigers,-110,-10.5,20260719120152693564
NCAAF,americanfootball_ncaaf,57c73afe255c44ef3e19b52dc9557ea8,2026-09-05T23:00:00Z,Memphis Tigers,Arkansas State Red Wolves,betmgm,BetMGM,2026-07-19T12:01:15Z,totals,2026-07-19T12:01:15Z,Over,-110,55.5,20260719120152693564
NCAAF,americanfootball_ncaaf,57c73afe255c44ef3e19b52dc9557ea8,2026-09-05T23:00:00Z,Memphis Tigers,Arkansas State Red Wolves,betmgm,BetMGM,2026-07-19T12:01:15Z,totals,2026-07-19T12:01:15Z,Under,-110,55.5,20260719120152693564
NCAAF,americanfootball_ncaaf,85b9f3dfd3a9deeaaa046572f9b4fbeb,2026-09-05T23:00:00Z,South Florida Bulls,Florida International Panthers,draftkings,DraftKings,2026-07-19T12:01:13Z,h2h,2026-07-19T12:01:13Z,Florida International Panthers,320,,20260719120152693564
NCAAF,americanfootball_ncaaf,85b9f3dfd3a9deeaaa046572f9b4fbeb,2026-09-05T23:00:00Z,South Florida Bulls,Florida International Panthers,draftkings,DraftKings,2026-07-19T12:01:13Z,h2h,2026-07-19T12:01:13Z,South Florida Bulls,-410,,20260719120152693564
NCAAF,americanfootball_ncaaf,85b9f3dfd3a9deeaaa046572f9b4fbeb,2026-09-05T23:00:00Z,South Florida Bulls,Florida International Panthers,draftkings,DraftKings,2026-07-19T12:01:13Z,spreads,2026-07-19T12:01:13Z,Florida International Panthers,-112,12.5,20260719120152693564
NCAAF,americanfootball_ncaaf,85b9f3dfd3a9deeaaa046572f9b4fbeb,2026-09-05T23:00:00Z,South Florida Bulls,Florida International Panthers,draftkings,DraftKings,2026-07-19T12:01:13Z,spreads,2026-07-19T12:01:13Z,South Florida Bulls,-108,-12.5,20260719120152693564
NCAAF,americanfootball_ncaaf,85b9f3dfd3a9deeaaa046572f9b4fbeb,2026-09-05T23:00:00Z,South Florida Bulls,Florida International Panthers,draftkings,DraftKings,2026-07-19T12:01:13Z,totals,2026-07-19T12:01:13Z,Over,-115,54.5,20260719120152693564
NCAAF,americanfootball_ncaaf,85b9f3dfd3a9deeaaa046572f9b4fbeb,2026-09-05T23:00:00Z,South Florida Bulls,Florida International Panthers,draftkings,DraftKings,2026-07-19T12:01:13Z,totals,2026-07-19T12:01:13Z,Under,-105,54.5,20260719120152693564
NCAAF,americanfootball_ncaaf,85b9f3dfd3a9deeaaa046572f9b4fbeb,2026-09-05T23:00:00Z,South Florida Bulls,Florida International Panthers,lowvig,LowVig.ag,2026-07-19T12:00:52Z,spreads,2026-07-19T12:00:52Z,Florida International Panthers,-106,12.5,20260719120152693564
NCAAF,americanfootball_ncaaf,85b9f3dfd3a9deeaaa046572f9b4fbeb,2026-09-05T23:00:00Z,South Florida Bulls,Florida International Panthers,lowvig,LowVig.ag,2026-07-19T12:00:52Z,spreads,2026-07-19T12:00:52Z,South Florida Bulls,-106,-12.5,20260719120152693564
NCAAF,americanfootball_ncaaf,85b9f3dfd3a9deeaaa046572f9b4fbeb,2026-09-05T23:00:00Z,South Florida Bulls,Florida International Panthers,lowvig,LowVig.ag,2026-07-19T12:00:52Z,totals,2026-07-19T12:00:52Z,Over,-108,54.5,20260719120152693564
NCAAF,americanfootball_ncaaf,85b9f3dfd3a9deeaaa046572f9b4fbeb,2026-09-05T23:00:00Z,South Florida Bulls,Florida International Panthers,lowvig,LowVig.ag,2026-07-19T12:00:52Z,totals,2026-07-19T12:00:52Z,Under,-108,54.5,20260719120152693564
NCAAF,americanfootball_ncaaf,85b9f3dfd3a9deeaaa046572f9b4fbeb,2026-09-05T23:00:00Z,South Florida Bulls,Florida International Panthers,betonlineag,BetOnline.ag,2026-07-19T12:01:41Z,spreads,2026-07-19T12:01:41Z,Florida International Panthers,-110,12.5,20260719120152693564
NCAAF,americanfootball_ncaaf,85b9f3dfd3a9deeaaa046572f9b4fbeb,2026-09-05T23:00:00Z,South Florida Bulls,Florida International Panthers,betonlineag,BetOnline.ag,2026-07-19T12:01:41Z,spreads,2026-07-19T12:01:41Z,South Florida Bulls,-110,-12.5,20260719120152693564
NCAAF,americanfootball_ncaaf,85b9f3dfd3a9deeaaa046572f9b4fbeb,2026-09-05T23:00:00Z,South Florida Bulls,Florida International Panthers,betonlineag,BetOnline.ag,2026-07-19T12:01:41Z,totals,2026-07-19T12:01:41Z,Over,-110,54.5,20260719120152693564
NCAAF,americanfootball_ncaaf,85b9f3dfd3a9deeaaa046572f9b4fbeb,2026-09-05T23:00:00Z,South Florida Bulls,Florida International Panthers,betonlineag,BetOnline.ag,2026-07-19T12:01:41Z,totals,2026-07-19T12:01:41Z,Under,-110,54.5,20260719120152693564
NCAAF,americanfootball_ncaaf,85b9f3dfd3a9deeaaa046572f9b4fbeb,2026-09-05T23:00:00Z,South Florida Bulls,Florida International Panthers,betus,BetUS,2026-07-19T12:01:14Z,spreads,2026-07-19T12:01:14Z,Florida International Panthers,-110,12.5,20260719120152693564
NCAAF,americanfootball_ncaaf,85b9f3dfd3a9deeaaa046572f9b4fbeb,2026-09-05T23:00:00Z,South Florida Bulls,Florida International Panthers,betus,BetUS,2026-07-19T12:01:14Z,spreads,2026-07-19T12:01:14Z,South Florida Bulls,-110,-12.5,20260719120152693564
NCAAF,americanfootball_ncaaf,85b9f3dfd3a9deeaaa046572f9b4fbeb,2026-09-05T23:00:00Z,South Florida Bulls,Florida International Panthers,betus,BetUS,2026-07-19T12:01:14Z,totals,2026-07-19T12:01:14Z,Over,-110,54.5,20260719120152693564
NCAAF,americanfootball_ncaaf,85b9f3dfd3a9deeaaa046572f9b4fbeb,2026-09-05T23:00:00Z,South Florida Bulls,Florida International Panthers,betus,BetUS,2026-07-19T12:01:14Z,totals,2026-07-19T12:01:14Z,Under,-110,54.5,20260719120152693564
NCAAF,americanfootball_ncaaf,85b9f3dfd3a9deeaaa046572f9b4fbeb,2026-09-05T23:00:00Z,South Florida Bulls,Florida International Panthers,bovada,Bovada,2026-07-19T12:01:41Z,h2h,2026-07-19T12:01:41Z,Florida International Panthers,315,,20260719120152693564
NCAAF,americanfootball_ncaaf,85b9f3dfd3a9deeaaa046572f9b4fbeb,2026-09-05T23:00:00Z,South Florida Bulls,Florida International Panthers,bovada,Bovada,2026-07-19T12:01:41Z,h2h,2026-07-19T12:01:41Z,South Florida Bulls,-420,,20260719120152693564
NCAAF,americanfootball_ncaaf,85b9f3dfd3a9deeaaa046572f9b4fbeb,2026-09-05T23:00:00Z,South Florida Bulls,Florida International Panthers,bovada,Bovada,2026-07-19T12:01:41Z,spreads,2026-07-19T12:01:41Z,Florida International Panthers,-110,12.5,20260719120152693564
NCAAF,americanfootball_ncaaf,85b9f3dfd3a9deeaaa046572f9b4fbeb,2026-09-05T23:00:00Z,South Florida Bulls,Florida International Panthers,bovada,Bovada,2026-07-19T12:01:41Z,spreads,2026-07-19T12:01:41Z,South Florida Bulls,-110,-12.5,20260719120152693564
NCAAF,americanfootball_ncaaf,85b9f3dfd3a9deeaaa046572f9b4fbeb,2026-09-05T23:00:00Z,South Florida Bulls,Florida International Panthers,bovada,Bovada,2026-07-19T12:01:41Z,totals,2026-07-19T12:01:41Z,Over,-115,54.5,20260719120152693564
NCAAF,americanfootball_ncaaf,85b9f3dfd3a9deeaaa046572f9b4fbeb,2026-09-05T23:00:00Z,South Florida Bulls,Florida International Panthers,bovada,Bovada,2026-07-19T12:01:41Z,totals,2026-07-19T12:01:41Z,Under,-105,54.5,20260719120152693564
NCAAF,americanfootball_ncaaf,85b9f3dfd3a9deeaaa046572f9b4fbeb,2026-09-05T23:00:00Z,South Florida Bulls,Florida International Panthers,fanduel,FanDuel,2026-07-19T12:01:38Z,h2h,2026-07-19T12:01:38Z,Florida International Panthers,385,,20260719120152693564
NCAAF,americanfootball_ncaaf,85b9f3dfd3a9deeaaa046572f9b4fbeb,2026-09-05T23:00:00Z,South Florida Bulls,Florida International Panthers,fanduel,FanDuel,2026-07-19T12:01:38Z,h2h,2026-07-19T12:01:38Z,South Florida Bulls,-520,,20260719120152693564
NCAAF,americanfootball_ncaaf,85b9f3dfd3a9deeaaa046572f9b4fbeb,2026-09-05T23:00:00Z,South Florida Bulls,Florida International Panthers,fanduel,FanDuel,2026-07-19T12:01:38Z,spreads,2026-07-19T12:01:38Z,Florida International Panthers,-110,12.5,20260719120152693564
NCAAF,americanfootball_ncaaf,85b9f3dfd3a9deeaaa046572f9b4fbeb,2026-09-05T23:00:00Z,South Florida Bulls,Florida International Panthers,fanduel,FanDuel,2026-07-19T12:01:38Z,spreads,2026-07-19T12:01:38Z,South Florida Bulls,-110,-12.5,20260719120152693564
NCAAF,americanfootball_ncaaf,85b9f3dfd3a9deeaaa046572f9b4fbeb,2026-09-05T23:00:00Z,South Florida Bulls,Florida International Panthers,fanduel,FanDuel,2026-07-19T12:01:38Z,totals,2026-07-19T12:01:38Z,Over,-112,54.5,20260719120152693564
NCAAF,americanfootball_ncaaf,85b9f3dfd3a9deeaaa046572f9b4fbeb,2026-09-05T23:00:00Z,South Florida Bulls,Florida International Panthers,fanduel,FanDuel,2026-07-19T12:01:38Z,totals,2026-07-19T12:01:38Z,Under,-108,54.5,20260719120152693564
NCAAF,americanfootball_ncaaf,85b9f3dfd3a9deeaaa046572f9b4fbeb,2026-09-05T23:00:00Z,South Florida Bulls,Florida International Panthers,betmgm,BetMGM,2026-07-19T12:01:15Z,spreads,2026-07-19T12:01:15Z,Florida International Panthers,-110,12.5,20260719120152693564
NCAAF,americanfootball_ncaaf,85b9f3dfd3a9deeaaa046572f9b4fbeb,2026-09-05T23:00:00Z,South Florida Bulls,Florida International Panthers,betmgm,BetMGM,2026-07-19T12:01:15Z,spreads,2026-07-19T12:01:15Z,South Florida Bulls,-110,-12.5,20260719120152693564
NCAAF,americanfootball_ncaaf,85b9f3dfd3a9deeaaa046572f9b4fbeb,2026-09-05T23:00:00Z,South Florida Bulls,Florida International Panthers,betmgm,BetMGM,2026-07-19T12:01:15Z,totals,2026-07-19T12:01:15Z,Over,-110,54.5,20260719120152693564
NCAAF,americanfootball_ncaaf,85b9f3dfd3a9deeaaa046572f9b4fbeb,2026-09-05T23:00:00Z,South Florida Bulls,Florida International Panthers,betmgm,BetMGM,2026-07-19T12:01:15Z,totals,2026-07-19T12:01:15Z,Under,-110,54.5,20260719120152693564
NCAAF,americanfootball_ncaaf,85b9f3dfd3a9deeaaa046572f9b4fbeb,2026-09-05T23:00:00Z,South Florida Bulls,Florida International Panthers,betrivers,BetRivers,2026-07-19T12:01:15Z,h2h,2026-07-19T12:01:15Z,Florida International Panthers,340,,20260719120152693564
NCAAF,americanfootball_ncaaf,85b9f3dfd3a9deeaaa046572f9b4fbeb,2026-09-05T23:00:00Z,South Florida Bulls,Florida International Panthers,betrivers,BetRivers,2026-07-19T12:01:15Z,h2h,2026-07-19T12:01:15Z,South Florida Bulls,-480,,20260719120152693564
NCAAF,americanfootball_ncaaf,85b9f3dfd3a9deeaaa046572f9b4fbeb,2026-09-05T23:00:00Z,South Florida Bulls,Florida International Panthers,betrivers,BetRivers,2026-07-19T12:01:15Z,spreads,2026-07-19T12:01:15Z,Florida International Panthers,-112,12.5,20260719120152693564
NCAAF,americanfootball_ncaaf,85b9f3dfd3a9deeaaa046572f9b4fbeb,2026-09-05T23:00:00Z,South Florida Bulls,Florida International Panthers,betrivers,BetRivers,2026-07-19T12:01:15Z,spreads,2026-07-19T12:01:15Z,South Florida Bulls,-112,-12.5,20260719120152693564
NCAAF,americanfootball_ncaaf,85b9f3dfd3a9deeaaa046572f9b4fbeb,2026-09-05T23:00:00Z,South Florida Bulls,Florida International Panthers,betrivers,BetRivers,2026-07-19T12:01:15Z,totals,2026-07-19T12:01:15Z,Over,-110,54.5,20260719120152693564
NCAAF,americanfootball_ncaaf,85b9f3dfd3a9deeaaa046572f9b4fbeb,2026-09-05T23:00:00Z,South Florida Bulls,Florida International Panthers,betrivers,BetRivers,2026-07-19T12:01:15Z,totals,2026-07-19T12:01:15Z,Under,-113,54.5,20260719120152693564
NCAAF,americanfootball_ncaaf,85b9f3dfd3a9deeaaa046572f9b4fbeb,2026-09-05T23:00:00Z,South Florida Bulls,Florida International Panthers,mybookieag,MyBookie.ag,2026-07-19T12:01:39Z,h2h,2026-07-19T12:01:39Z,Florida International Panthers,360,,20260719120152693564
NCAAF,americanfootball_ncaaf,85b9f3dfd3a9deeaaa046572f9b4fbeb,2026-09-05T23:00:00Z,South Florida Bulls,Florida International Panthers,mybookieag,MyBookie.ag,2026-07-19T12:01:39Z,h2h,2026-07-19T12:01:39Z,South Florida Bulls,-549,,20260719120152693564
NCAAF,americanfootball_ncaaf,85b9f3dfd3a9deeaaa046572f9b4fbeb,2026-09-05T23:00:00Z,South Florida Bulls,Florida International Panthers,mybookieag,MyBookie.ag,2026-07-19T12:01:39Z,spreads,2026-07-19T12:01:39Z,Florida International Panthers,-110,12.5,20260719120152693564
NCAAF,americanfootball_ncaaf,85b9f3dfd3a9deeaaa046572f9b4fbeb,2026-09-05T23:00:00Z,South Florida Bulls,Florida International Panthers,mybookieag,MyBookie.ag,2026-07-19T12:01:39Z,spreads,2026-07-19T12:01:39Z,South Florida Bulls,-110,-12.5,20260719120152693564
NCAAF,americanfootball_ncaaf,85b9f3dfd3a9deeaaa046572f9b4fbeb,2026-09-05T23:00:00Z,South Florida Bulls,Florida International Panthers,mybookieag,MyBookie.ag,2026-07-19T12:01:39Z,totals,2026-07-19T12:01:39Z,Over,-110,54.5,20260719120152693564
NCAAF,americanfootball_ncaaf,85b9f3dfd3a9deeaaa046572f9b4fbeb,2026-09-05T23:00:00Z,South Florida Bulls,Florida International Panthers,mybookieag,MyBookie.ag,2026-07-19T12:01:39Z,totals,2026-07-19T12:01:39Z,Under,-110,54.5,20260719120152693564
NCAAF,americanfootball_ncaaf,19db717a66097e6d3fb887ae8cf3aaae,2026-09-05T23:00:00Z,Texas A&M Aggies,Missouri State Bears,draftkings,DraftKings,2026-07-19T12:01:13Z,spreads,2026-07-19T12:01:13Z,Missouri State Bears,-110,38.5,20260719120152693564
NCAAF,americanfootball_ncaaf,19db717a66097e6d3fb887ae8cf3aaae,2026-09-05T23:00:00Z,Texas A&M Aggies,Missouri State Bears,draftkings,DraftKings,2026-07-19T12:01:13Z,spreads,2026-07-19T12:01:13Z,Texas A&M Aggies,-110,-38.5,20260719120152693564
NCAAF,americanfootball_ncaaf,19db717a66097e6d3fb887ae8cf3aaae,2026-09-05T23:00:00Z,Texas A&M Aggies,Missouri State Bears,draftkings,DraftKings,2026-07-19T12:01:13Z,totals,2026-07-19T12:01:13Z,Over,-115,52.5,20260719120152693564
NCAAF,americanfootball_ncaaf,19db717a66097e6d3fb887ae8cf3aaae,2026-09-05T23:00:00Z,Texas A&M Aggies,Missouri State Bears,draftkings,DraftKings,2026-07-19T12:01:13Z,totals,2026-07-19T12:01:13Z,Under,-105,52.5,20260719120152693564
NCAAF,americanfootball_ncaaf,19db717a66097e6d3fb887ae8cf3aaae,2026-09-05T23:00:00Z,Texas A&M Aggies,Missouri State Bears,lowvig,LowVig.ag,2026-07-19T12:00:52Z,spreads,2026-07-19T12:00:52Z,Missouri State Bears,-106,38.5,20260719120152693564
NCAAF,americanfootball_ncaaf,19db717a66097e6d3fb887ae8cf3aaae,2026-09-05T23:00:00Z,Texas A&M Aggies,Missouri State Bears,lowvig,LowVig.ag,2026-07-19T12:00:52Z,spreads,2026-07-19T12:00:52Z,Texas A&M Aggies,-106,-38.5,20260719120152693564
NCAAF,americanfootball_ncaaf,19db717a66097e6d3fb887ae8cf3aaae,2026-09-05T23:00:00Z,Texas A&M Aggies,Missouri State Bears,lowvig,LowVig.ag,2026-07-19T12:00:52Z,totals,2026-07-19T12:00:52Z,Over,-114,52.5,20260719120152693564
NCAAF,americanfootball_ncaaf,19db717a66097e6d3fb887ae8cf3aaae,2026-09-05T23:00:00Z,Texas A&M Aggies,Missouri State Bears,lowvig,LowVig.ag,2026-07-19T12:00:52Z,totals,2026-07-19T12:00:52Z,Under,-103,52.5,20260719120152693564
NCAAF,americanfootball_ncaaf,19db717a66097e6d3fb887ae8cf3aaae,2026-09-05T23:00:00Z,Texas A&M Aggies,Missouri State Bears,betonlineag,BetOnline.ag,2026-07-19T12:01:41Z,spreads,2026-07-19T12:01:41Z,Missouri State Bears,-110,38.5,20260719120152693564
NCAAF,americanfootball_ncaaf,19db717a66097e6d3fb887ae8cf3aaae,2026-09-05T23:00:00Z,Texas A&M Aggies,Missouri State Bears,betonlineag,BetOnline.ag,2026-07-19T12:01:41Z,spreads,2026-07-19T12:01:41Z,Texas A&M Aggies,-110,-38.5,20260719120152693564
NCAAF,americanfootball_ncaaf,19db717a66097e6d3fb887ae8cf3aaae,2026-09-05T23:00:00Z,Texas A&M Aggies,Missouri State Bears,betonlineag,BetOnline.ag,2026-07-19T12:01:41Z,totals,2026-07-19T12:01:41Z,Over,-115,52.5,20260719120152693564
NCAAF,americanfootball_ncaaf,19db717a66097e6d3fb887ae8cf3aaae,2026-09-05T23:00:00Z,Texas A&M Aggies,Missouri State Bears,betonlineag,BetOnline.ag,2026-07-19T12:01:41Z,totals,2026-07-19T12:01:41Z,Under,-105,52.5,20260719120152693564
NCAAF,americanfootball_ncaaf,19db717a66097e6d3fb887ae8cf3aaae,2026-09-05T23:00:00Z,Texas A&M Aggies,Missouri State Bears,betus,BetUS,2026-07-19T12:01:14Z,spreads,2026-07-19T12:01:14Z,Missouri State Bears,-110,38.5,20260719120152693564
NCAAF,americanfootball_ncaaf,19db717a66097e6d3fb887ae8cf3aaae,2026-09-05T23:00:00Z,Texas A&M Aggies,Missouri State Bears,betus,BetUS,2026-07-19T12:01:14Z,spreads,2026-07-19T12:01:14Z,Texas A&M Aggies,-110,-38.5,20260719120152693564
NCAAF,americanfootball_ncaaf,19db717a66097e6d3fb887ae8cf3aaae,2026-09-05T23:00:00Z,Texas A&M Aggies,Missouri State Bears,betus,BetUS,2026-07-19T12:01:14Z,totals,2026-07-19T12:01:14Z,Over,-115,52.5,20260719120152693564
NCAAF,americanfootball_ncaaf,19db717a66097e6d3fb887ae8cf3aaae,2026-09-05T23:00:00Z,Texas A&M Aggies,Missouri State Bears,betus,BetUS,2026-07-19T12:01:14Z,totals,2026-07-19T12:01:14Z,Under,-105,52.5,20260719120152693564
NCAAF,americanfootball_ncaaf,19db717a66097e6d3fb887ae8cf3aaae,2026-09-05T23:00:00Z,Texas A&M Aggies,Missouri State Bears,bovada,Bovada,2026-07-19T12:01:41Z,spreads,2026-07-19T12:01:41Z,Missouri State Bears,-110,38.5,20260719120152693564
NCAAF,americanfootball_ncaaf,19db717a66097e6d3fb887ae8cf3aaae,2026-09-05T23:00:00Z,Texas A&M Aggies,Missouri State Bears,bovada,Bovada,2026-07-19T12:01:41Z,spreads,2026-07-19T12:01:41Z,Texas A&M Aggies,-110,-38.5,20260719120152693564
NCAAF,americanfootball_ncaaf,19db717a66097e6d3fb887ae8cf3aaae,2026-09-05T23:00:00Z,Texas A&M Aggies,Missouri State Bears,bovada,Bovada,2026-07-19T12:01:41Z,totals,2026-07-19T12:01:41Z,Over,-115,52.5,20260719120152693564
NCAAF,americanfootball_ncaaf,19db717a66097e6d3fb887ae8cf3aaae,2026-09-05T23:00:00Z,Texas A&M Aggies,Missouri State Bears,bovada,Bovada,2026-07-19T12:01:41Z,totals,2026-07-19T12:01:41Z,Under,-105,52.5,20260719120152693564
NCAAF,americanfootball_ncaaf,19db717a66097e6d3fb887ae8cf3aaae,2026-09-05T23:00:00Z,Texas A&M Aggies,Missouri State Bears,fanduel,FanDuel,2026-07-19T12:01:38Z,spreads,2026-07-19T12:01:38Z,Missouri State Bears,-110,39.5,20260719120152693564
NCAAF,americanfootball_ncaaf,19db717a66097e6d3fb887ae8cf3aaae,2026-09-05T23:00:00Z,Texas A&M Aggies,Missouri State Bears,fanduel,FanDuel,2026-07-19T12:01:38Z,spreads,2026-07-19T12:01:38Z,Texas A&M Aggies,-110,-39.5,20260719120152693564
NCAAF,americanfootball_ncaaf,19db717a66097e6d3fb887ae8cf3aaae,2026-09-05T23:00:00Z,Texas A&M Aggies,Missouri State Bears,fanduel,FanDuel,2026-07-19T12:01:38Z,totals,2026-07-19T12:01:38Z,Over,-115,52.5,20260719120152693564
NCAAF,americanfootball_ncaaf,19db717a66097e6d3fb887ae8cf3aaae,2026-09-05T23:00:00Z,Texas A&M Aggies,Missouri State Bears,fanduel,FanDuel,2026-07-19T12:01:38Z,totals,2026-07-19T12:01:38Z,Under,-105,52.5,20260719120152693564
NCAAF,americanfootball_ncaaf,19db717a66097e6d3fb887ae8cf3aaae,2026-09-05T23:00:00Z,Texas A&M Aggies,Missouri State Bears,betmgm,BetMGM,2026-07-19T12:01:15Z,spreads,2026-07-19T12:01:15Z,Missouri State Bears,-110,39.5,20260719120152693564
NCAAF,americanfootball_ncaaf,19db717a66097e6d3fb887ae8cf3aaae,2026-09-05T23:00:00Z,Texas A&M Aggies,Missouri State Bears,betmgm,BetMGM,2026-07-19T12:01:15Z,spreads,2026-07-19T12:01:15Z,Texas A&M Aggies,-110,-39.5,20260719120152693564
NCAAF,americanfootball_ncaaf,19db717a66097e6d3fb887ae8cf3aaae,2026-09-05T23:00:00Z,Texas A&M Aggies,Missouri State Bears,betmgm,BetMGM,2026-07-19T12:01:15Z,totals,2026-07-19T12:01:15Z,Over,-115,52.5,20260719120152693564
NCAAF,americanfootball_ncaaf,19db717a66097e6d3fb887ae8cf3aaae,2026-09-05T23:00:00Z,Texas A&M Aggies,Missouri State Bears,betmgm,BetMGM,2026-07-19T12:01:15Z,totals,2026-07-19T12:01:15Z,Under,-105,52.5,20260719120152693564
NCAAF,americanfootball_ncaaf,19db717a66097e6d3fb887ae8cf3aaae,2026-09-05T23:00:00Z,Texas A&M Aggies,Missouri State Bears,betrivers,BetRivers,2026-07-19T12:01:15Z,spreads,2026-07-19T12:01:15Z,Missouri State Bears,-113,39.0,20260719120152693564
NCAAF,americanfootball_ncaaf,19db717a66097e6d3fb887ae8cf3aaae,2026-09-05T23:00:00Z,Texas A&M Aggies,Missouri State Bears,betrivers,BetRivers,2026-07-19T12:01:15Z,spreads,2026-07-19T12:01:15Z,Texas A&M Aggies,-110,-39.0,20260719120152693564
NCAAF,americanfootball_ncaaf,19db717a66097e6d3fb887ae8cf3aaae,2026-09-05T23:00:00Z,Texas A&M Aggies,Missouri State Bears,betrivers,BetRivers,2026-07-19T12:01:15Z,totals,2026-07-19T12:01:15Z,Over,-110,53.0,20260719120152693564
NCAAF,americanfootball_ncaaf,19db717a66097e6d3fb887ae8cf3aaae,2026-09-05T23:00:00Z,Texas A&M Aggies,Missouri State Bears,betrivers,BetRivers,2026-07-19T12:01:15Z,totals,2026-07-19T12:01:15Z,Under,-113,53.0,20260719120152693564
NCAAF,americanfootball_ncaaf,19db717a66097e6d3fb887ae8cf3aaae,2026-09-05T23:00:00Z,Texas A&M Aggies,Missouri State Bears,mybookieag,MyBookie.ag,2026-07-19T12:01:39Z,h2h,2026-07-19T12:01:39Z,Missouri State Bears,1550,,20260719120152693564
NCAAF,americanfootball_ncaaf,19db717a66097e6d3fb887ae8cf3aaae,2026-09-05T23:00:00Z,Texas A&M Aggies,Missouri State Bears,mybookieag,MyBookie.ag,2026-07-19T12:01:39Z,h2h,2026-07-19T12:01:39Z,Texas A&M Aggies,-100000,,20260719120152693564
NCAAF,americanfootball_ncaaf,19db717a66097e6d3fb887ae8cf3aaae,2026-09-05T23:00:00Z,Texas A&M Aggies,Missouri State Bears,mybookieag,MyBookie.ag,2026-07-19T12:01:39Z,spreads,2026-07-19T12:01:39Z,Missouri State Bears,-110,38.5,20260719120152693564
NCAAF,americanfootball_ncaaf,19db717a66097e6d3fb887ae8cf3aaae,2026-09-05T23:00:00Z,Texas A&M Aggies,Missouri State Bears,mybookieag,MyBookie.ag,2026-07-19T12:01:39Z,spreads,2026-07-19T12:01:39Z,Texas A&M Aggies,-110,-38.5,20260719120152693564
NCAAF,americanfootball_ncaaf,19db717a66097e6d3fb887ae8cf3aaae,2026-09-05T23:00:00Z,Texas A&M Aggies,Missouri State Bears,mybookieag,MyBookie.ag,2026-07-19T12:01:39Z,totals,2026-07-19T12:01:39Z,Over,-110,52.5,20260719120152693564
NCAAF,americanfootball_ncaaf,19db717a66097e6d3fb887ae8cf3aaae,2026-09-05T23:00:00Z,Texas A&M Aggies,Missouri State Bears,mybookieag,MyBookie.ag,2026-07-19T12:01:39Z,totals,2026-07-19T12:01:39Z,Under,-110,52.5,20260719120152693564
NCAAF,americanfootball_ncaaf,fb6839df368dc6724c22bd58cbe64a5d,2026-09-05T23:00:00Z,Troy Trojans,Sam Houston State Bearkats,draftkings,DraftKings,2026-07-19T12:01:13Z,h2h,2026-07-19T12:01:13Z,Sam Houston State Bearkats,750,,20260719120152693564
NCAAF,americanfootball_ncaaf,fb6839df368dc6724c22bd58cbe64a5d,2026-09-05T23:00:00Z,Troy Trojans,Sam Houston State Bearkats,draftkings,DraftKings,2026-07-19T12:01:13Z,h2h,2026-07-19T12:01:13Z,Troy Trojans,-1200,,20260719120152693564
NCAAF,americanfootball_ncaaf,fb6839df368dc6724c22bd58cbe64a5d,2026-09-05T23:00:00Z,Troy Trojans,Sam Houston State Bearkats,draftkings,DraftKings,2026-07-19T12:01:13Z,spreads,2026-07-19T12:01:13Z,Sam Houston State Bearkats,-115,17.5,20260719120152693564
NCAAF,americanfootball_ncaaf,fb6839df368dc6724c22bd58cbe64a5d,2026-09-05T23:00:00Z,Troy Trojans,Sam Houston State Bearkats,draftkings,DraftKings,2026-07-19T12:01:13Z,spreads,2026-07-19T12:01:13Z,Troy Trojans,-105,-17.5,20260719120152693564
NCAAF,americanfootball_ncaaf,fb6839df368dc6724c22bd58cbe64a5d,2026-09-05T23:00:00Z,Troy Trojans,Sam Houston State Bearkats,draftkings,DraftKings,2026-07-19T12:01:13Z,totals,2026-07-19T12:01:13Z,Over,-108,50.5,20260719120152693564
NCAAF,americanfootball_ncaaf,fb6839df368dc6724c22bd58cbe64a5d,2026-09-05T23:00:00Z,Troy Trojans,Sam Houston State Bearkats,draftkings,DraftKings,2026-07-19T12:01:13Z,totals,2026-07-19T12:01:13Z,Under,-112,50.5,20260719120152693564
NCAAF,americanfootball_ncaaf,fb6839df368dc6724c22bd58cbe64a5d,2026-09-05T23:00:00Z,Troy Trojans,Sam Houston State Bearkats,lowvig,LowVig.ag,2026-07-19T12:00:52Z,spreads,2026-07-19T12:00:52Z,Sam Houston State Bearkats,-106,18.0,20260719120152693564
NCAAF,americanfootball_ncaaf,fb6839df368dc6724c22bd58cbe64a5d,2026-09-05T23:00:00Z,Troy Trojans,Sam Houston State Bearkats,lowvig,LowVig.ag,2026-07-19T12:00:52Z,spreads,2026-07-19T12:00:52Z,Troy Trojans,-106,-18.0,20260719120152693564
NCAAF,americanfootball_ncaaf,fb6839df368dc6724c22bd58cbe64a5d,2026-09-05T23:00:00Z,Troy Trojans,Sam Houston State Bearkats,lowvig,LowVig.ag,2026-07-19T12:00:52Z,totals,2026-07-19T12:00:52Z,Over,-108,50.5,20260719120152693564
NCAAF,americanfootball_ncaaf,fb6839df368dc6724c22bd58cbe64a5d,2026-09-05T23:00:00Z,Troy Trojans,Sam Houston State Bearkats,lowvig,LowVig.ag,2026-07-19T12:00:52Z,totals,2026-07-19T12:00:52Z,Under,-108,50.5,20260719120152693564
NCAAF,americanfootball_ncaaf,fb6839df368dc6724c22bd58cbe64a5d,2026-09-05T23:00:00Z,Troy Trojans,Sam Houston State Bearkats,betonlineag,BetOnline.ag,2026-07-19T12:01:41Z,spreads,2026-07-19T12:01:41Z,Sam Houston State Bearkats,-110,18.0,20260719120152693564
NCAAF,americanfootball_ncaaf,fb6839df368dc6724c22bd58cbe64a5d,2026-09-05T23:00:00Z,Troy Trojans,Sam Houston State Bearkats,betonlineag,BetOnline.ag,2026-07-19T12:01:41Z,spreads,2026-07-19T12:01:41Z,Troy Trojans,-110,-18.0,20260719120152693564
NCAAF,americanfootball_ncaaf,fb6839df368dc6724c22bd58cbe64a5d,2026-09-05T23:00:00Z,Troy Trojans,Sam Houston State Bearkats,betonlineag,BetOnline.ag,2026-07-19T12:01:41Z,totals,2026-07-19T12:01:41Z,Over,-110,50.5,20260719120152693564
NCAAF,americanfootball_ncaaf,fb6839df368dc6724c22bd58cbe64a5d,2026-09-05T23:00:00Z,Troy Trojans,Sam Houston State Bearkats,betonlineag,BetOnline.ag,2026-07-19T12:01:41Z,totals,2026-07-19T12:01:41Z,Under,-110,50.5,20260719120152693564
NCAAF,americanfootball_ncaaf,fb6839df368dc6724c22bd58cbe64a5d,2026-09-05T23:00:00Z,Troy Trojans,Sam Houston State Bearkats,betus,BetUS,2026-07-19T12:01:14Z,spreads,2026-07-19T12:01:14Z,Sam Houston State Bearkats,-110,18.0,20260719120152693564
NCAAF,americanfootball_ncaaf,fb6839df368dc6724c22bd58cbe64a5d,2026-09-05T23:00:00Z,Troy Trojans,Sam Houston State Bearkats,betus,BetUS,2026-07-19T12:01:14Z,spreads,2026-07-19T12:01:14Z,Troy Trojans,-110,-18.0,20260719120152693564
NCAAF,americanfootball_ncaaf,fb6839df368dc6724c22bd58cbe64a5d,2026-09-05T23:00:00Z,Troy Trojans,Sam Houston State Bearkats,betus,BetUS,2026-07-19T12:01:14Z,totals,2026-07-19T12:01:14Z,Over,-110,50.5,20260719120152693564
NCAAF,americanfootball_ncaaf,fb6839df368dc6724c22bd58cbe64a5d,2026-09-05T23:00:00Z,Troy Trojans,Sam Houston State Bearkats,betus,BetUS,2026-07-19T12:01:14Z,totals,2026-07-19T12:01:14Z,Under,-110,50.5,20260719120152693564
NCAAF,americanfootball_ncaaf,fb6839df368dc6724c22bd58cbe64a5d,2026-09-05T23:00:00Z,Troy Trojans,Sam Houston State Bearkats,bovada,Bovada,2026-07-19T12:01:41Z,h2h,2026-07-19T12:01:41Z,Sam Houston State Bearkats,725,,20260719120152693564
NCAAF,americanfootball_ncaaf,fb6839df368dc6724c22bd58cbe64a5d,2026-09-05T23:00:00Z,Troy Trojans,Sam Houston State Bearkats,bovada,Bovada,2026-07-19T12:01:41Z,h2h,2026-07-19T12:01:41Z,Troy Trojans,-1300,,20260719120152693564
NCAAF,americanfootball_ncaaf,fb6839df368dc6724c22bd58cbe64a5d,2026-09-05T23:00:00Z,Troy Trojans,Sam Houston State Bearkats,bovada,Bovada,2026-07-19T12:01:41Z,spreads,2026-07-19T12:01:41Z,Sam Houston State Bearkats,-115,17.5,20260719120152693564
NCAAF,americanfootball_ncaaf,fb6839df368dc6724c22bd58cbe64a5d,2026-09-05T23:00:00Z,Troy Trojans,Sam Houston State Bearkats,bovada,Bovada,2026-07-19T12:01:41Z,spreads,2026-07-19T12:01:41Z,Troy Trojans,-105,-17.5,20260719120152693564
NCAAF,americanfootball_ncaaf,fb6839df368dc6724c22bd58cbe64a5d,2026-09-05T23:00:00Z,Troy Trojans,Sam Houston State Bearkats,bovada,Bovada,2026-07-19T12:01:41Z,totals,2026-07-19T12:01:41Z,Over,-110,50.5,20260719120152693564
NCAAF,americanfootball_ncaaf,fb6839df368dc6724c22bd58cbe64a5d,2026-09-05T23:00:00Z,Troy Trojans,Sam Houston State Bearkats,bovada,Bovada,2026-07-19T12:01:41Z,totals,2026-07-19T12:01:41Z,Under,-110,50.5,20260719120152693564
NCAAF,americanfootball_ncaaf,fb6839df368dc6724c22bd58cbe64a5d,2026-09-05T23:00:00Z,Troy Trojans,Sam Houston State Bearkats,fanduel,FanDuel,2026-07-19T12:01:38Z,h2h,2026-07-19T12:01:38Z,Sam Houston State Bearkats,610,,20260719120152693564
NCAAF,americanfootball_ncaaf,fb6839df368dc6724c22bd58cbe64a5d,2026-09-05T23:00:00Z,Troy Trojans,Sam Houston State Bearkats,fanduel,FanDuel,2026-07-19T12:01:38Z,h2h,2026-07-19T12:01:38Z,Troy Trojans,-950,,20260719120152693564
NCAAF,americanfootball_ncaaf,fb6839df368dc6724c22bd58cbe64a5d,2026-09-05T23:00:00Z,Troy Trojans,Sam Houston State Bearkats,fanduel,FanDuel,2026-07-19T12:01:38Z,spreads,2026-07-19T12:01:38Z,Sam Houston State Bearkats,-115,17.5,20260719120152693564
NCAAF,americanfootball_ncaaf,fb6839df368dc6724c22bd58cbe64a5d,2026-09-05T23:00:00Z,Troy Trojans,Sam Houston State Bearkats,fanduel,FanDuel,2026-07-19T12:01:38Z,spreads,2026-07-19T12:01:38Z,Troy Trojans,-105,-17.5,20260719120152693564
NCAAF,americanfootball_ncaaf,fb6839df368dc6724c22bd58cbe64a5d,2026-09-05T23:00:00Z,Troy Trojans,Sam Houston State Bearkats,fanduel,FanDuel,2026-07-19T12:01:38Z,totals,2026-07-19T12:01:38Z,Over,-110,51.5,20260719120152693564
NCAAF,americanfootball_ncaaf,fb6839df368dc6724c22bd58cbe64a5d,2026-09-05T23:00:00Z,Troy Trojans,Sam Houston State Bearkats,fanduel,FanDuel,2026-07-19T12:01:38Z,totals,2026-07-19T12:01:38Z,Under,-110,51.5,20260719120152693564
NCAAF,americanfootball_ncaaf,fb6839df368dc6724c22bd58cbe64a5d,2026-09-05T23:00:00Z,Troy Trojans,Sam Houston State Bearkats,betmgm,BetMGM,2026-07-19T12:01:15Z,spreads,2026-07-19T12:01:15Z,Sam Houston State Bearkats,-110,17.5,20260719120152693564
NCAAF,americanfootball_ncaaf,fb6839df368dc6724c22bd58cbe64a5d,2026-09-05T23:00:00Z,Troy Trojans,Sam Houston State Bearkats,betmgm,BetMGM,2026-07-19T12:01:15Z,spreads,2026-07-19T12:01:15Z,Troy Trojans,-110,-17.5,20260719120152693564
NCAAF,americanfootball_ncaaf,fb6839df368dc6724c22bd58cbe64a5d,2026-09-05T23:00:00Z,Troy Trojans,Sam Houston State Bearkats,betmgm,BetMGM,2026-07-19T12:01:15Z,totals,2026-07-19T12:01:15Z,Over,-110,50.5,20260719120152693564
NCAAF,americanfootball_ncaaf,fb6839df368dc6724c22bd58cbe64a5d,2026-09-05T23:00:00Z,Troy Trojans,Sam Houston State Bearkats,betmgm,BetMGM,2026-07-19T12:01:15Z,totals,2026-07-19T12:01:15Z,Under,-110,50.5,20260719120152693564
NCAAF,americanfootball_ncaaf,fb6839df368dc6724c22bd58cbe64a5d,2026-09-05T23:00:00Z,Troy Trojans,Sam Houston State Bearkats,betrivers,BetRivers,2026-07-19T12:01:15Z,h2h,2026-07-19T12:01:15Z,Sam Houston State Bearkats,600,,20260719120152693564
NCAAF,americanfootball_ncaaf,fb6839df368dc6724c22bd58cbe64a5d,2026-09-05T23:00:00Z,Troy Trojans,Sam Houston State Bearkats,betrivers,BetRivers,2026-07-19T12:01:15Z,h2h,2026-07-19T12:01:15Z,Troy Trojans,-1115,,20260719120152693564
NCAAF,americanfootball_ncaaf,fb6839df368dc6724c22bd58cbe64a5d,2026-09-05T23:00:00Z,Troy Trojans,Sam Houston State Bearkats,betrivers,BetRivers,2026-07-19T12:01:15Z,spreads,2026-07-19T12:01:15Z,Sam Houston State Bearkats,-113,18.0,20260719120152693564
NCAAF,americanfootball_ncaaf,fb6839df368dc6724c22bd58cbe64a5d,2026-09-05T23:00:00Z,Troy Trojans,Sam Houston State Bearkats,betrivers,BetRivers,2026-07-19T12:01:15Z,spreads,2026-07-19T12:01:15Z,Troy Trojans,-110,-18.0,20260719120152693564
NCAAF,americanfootball_ncaaf,fb6839df368dc6724c22bd58cbe64a5d,2026-09-05T23:00:00Z,Troy Trojans,Sam Houston State Bearkats,betrivers,BetRivers,2026-07-19T12:01:15Z,totals,2026-07-19T12:01:15Z,Over,-112,50.5,20260719120152693564
NCAAF,americanfootball_ncaaf,fb6839df368dc6724c22bd58cbe64a5d,2026-09-05T23:00:00Z,Troy Trojans,Sam Houston State Bearkats,betrivers,BetRivers,2026-07-19T12:01:15Z,totals,2026-07-19T12:01:15Z,Under,-112,50.5,20260719120152693564
NCAAF,americanfootball_ncaaf,fb6839df368dc6724c22bd58cbe64a5d,2026-09-05T23:00:00Z,Troy Trojans,Sam Houston State Bearkats,mybookieag,MyBookie.ag,2026-07-19T12:01:39Z,h2h,2026-07-19T12:01:39Z,Sam Houston State Bearkats,590,,20260719120152693564
NCAAF,americanfootball_ncaaf,fb6839df368dc6724c22bd58cbe64a5d,2026-09-05T23:00:00Z,Troy Trojans,Sam Houston State Bearkats,mybookieag,MyBookie.ag,2026-07-19T12:01:39Z,h2h,2026-07-19T12:01:39Z,Troy Trojans,-1099,,20260719120152693564
NCAAF,americanfootball_ncaaf,fb6839df368dc6724c22bd58cbe64a5d,2026-09-05T23:00:00Z,Troy Trojans,Sam Houston State Bearkats,mybookieag,MyBookie.ag,2026-07-19T12:01:39Z,spreads,2026-07-19T12:01:39Z,Sam Houston State Bearkats,-110,18.0,20260719120152693564
NCAAF,americanfootball_ncaaf,fb6839df368dc6724c22bd58cbe64a5d,2026-09-05T23:00:00Z,Troy Trojans,Sam Houston State Bearkats,mybookieag,MyBookie.ag,2026-07-19T12:01:39Z,spreads,2026-07-19T12:01:39Z,Troy Trojans,-110,-18.0,20260719120152693564
NCAAF,americanfootball_ncaaf,fb6839df368dc6724c22bd58cbe64a5d,2026-09-05T23:00:00Z,Troy Trojans,Sam Houston State Bearkats,mybookieag,MyBookie.ag,2026-07-19T12:01:39Z,totals,2026-07-19T12:01:39Z,Over,-110,50.5,20260719120152693564
NCAAF,americanfootball_ncaaf,fb6839df368dc6724c22bd58cbe64a5d,2026-09-05T23:00:00Z,Troy Trojans,Sam Houston State Bearkats,mybookieag,MyBookie.ag,2026-07-19T12:01:39Z,totals,2026-07-19T12:01:39Z,Under,-110,50.5,20260719120152693564
NCAAF,americanfootball_ncaaf,073bba47dc105fcd66913e74f281ae96,2026-09-05T23:30:00Z,LSU Tigers,Clemson Tigers,fanduel,FanDuel,2026-07-19T12:01:38Z,h2h,2026-07-19T12:01:38Z,Clemson Tigers,360,,20260719120152693564
NCAAF,americanfootball_ncaaf,073bba47dc105fcd66913e74f281ae96,2026-09-05T23:30:00Z,LSU Tigers,Clemson Tigers,fanduel,FanDuel,2026-07-19T12:01:38Z,h2h,2026-07-19T12:01:38Z,LSU Tigers,-480,,20260719120152693564
NCAAF,americanfootball_ncaaf,073bba47dc105fcd66913e74f281ae96,2026-09-05T23:30:00Z,LSU Tigers,Clemson Tigers,fanduel,FanDuel,2026-07-19T12:01:38Z,spreads,2026-07-19T12:01:38Z,Clemson Tigers,-110,11.5,20260719120152693564
NCAAF,americanfootball_ncaaf,073bba47dc105fcd66913e74f281ae96,2026-09-05T23:30:00Z,LSU Tigers,Clemson Tigers,fanduel,FanDuel,2026-07-19T12:01:38Z,spreads,2026-07-19T12:01:38Z,LSU Tigers,-110,-11.5,20260719120152693564
NCAAF,americanfootball_ncaaf,073bba47dc105fcd66913e74f281ae96,2026-09-05T23:30:00Z,LSU Tigers,Clemson Tigers,fanduel,FanDuel,2026-07-19T12:01:38Z,totals,2026-07-19T12:01:38Z,Over,-120,50.5,20260719120152693564
NCAAF,americanfootball_ncaaf,073bba47dc105fcd66913e74f281ae96,2026-09-05T23:30:00Z,LSU Tigers,Clemson Tigers,fanduel,FanDuel,2026-07-19T12:01:38Z,totals,2026-07-19T12:01:38Z,Under,-102,50.5,20260719120152693564
NCAAF,americanfootball_ncaaf,073bba47dc105fcd66913e74f281ae96,2026-09-05T23:30:00Z,LSU Tigers,Clemson Tigers,bovada,Bovada,2026-07-19T12:01:41Z,h2h,2026-07-19T12:01:41Z,Clemson Tigers,355,,20260719120152693564
NCAAF,americanfootball_ncaaf,073bba47dc105fcd66913e74f281ae96,2026-09-05T23:30:00Z,LSU Tigers,Clemson Tigers,bovada,Bovada,2026-07-19T12:01:41Z,h2h,2026-07-19T12:01:41Z,LSU Tigers,-490,,20260719120152693564
NCAAF,americanfootball_ncaaf,073bba47dc105fcd66913e74f281ae96,2026-09-05T23:30:00Z,LSU Tigers,Clemson Tigers,bovada,Bovada,2026-07-19T12:01:41Z,spreads,2026-07-19T12:01:41Z,Clemson Tigers,-110,11.5,20260719120152693564
NCAAF,americanfootball_ncaaf,073bba47dc105fcd66913e74f281ae96,2026-09-05T23:30:00Z,LSU Tigers,Clemson Tigers,bovada,Bovada,2026-07-19T12:01:41Z,spreads,2026-07-19T12:01:41Z,LSU Tigers,-110,-11.5,20260719120152693564
NCAAF,americanfootball_ncaaf,073bba47dc105fcd66913e74f281ae96,2026-09-05T23:30:00Z,LSU Tigers,Clemson Tigers,bovada,Bovada,2026-07-19T12:01:41Z,totals,2026-07-19T12:01:41Z,Over,100,50.5,20260719120152693564
NCAAF,americanfootball_ncaaf,073bba47dc105fcd66913e74f281ae96,2026-09-05T23:30:00Z,LSU Tigers,Clemson Tigers,bovada,Bovada,2026-07-19T12:01:41Z,totals,2026-07-19T12:01:41Z,Under,-120,50.5,20260719120152693564
NCAAF,americanfootball_ncaaf,073bba47dc105fcd66913e74f281ae96,2026-09-05T23:30:00Z,LSU Tigers,Clemson Tigers,draftkings,DraftKings,2026-07-19T12:01:13Z,h2h,2026-07-19T12:01:13Z,Clemson Tigers,360,,20260719120152693564
NCAAF,americanfootball_ncaaf,073bba47dc105fcd66913e74f281ae96,2026-09-05T23:30:00Z,LSU Tigers,Clemson Tigers,draftkings,DraftKings,2026-07-19T12:01:13Z,h2h,2026-07-19T12:01:13Z,LSU Tigers,-470,,20260719120152693564
NCAAF,americanfootball_ncaaf,073bba47dc105fcd66913e74f281ae96,2026-09-05T23:30:00Z,LSU Tigers,Clemson Tigers,draftkings,DraftKings,2026-07-19T12:01:13Z,spreads,2026-07-19T12:01:13Z,Clemson Tigers,-110,11.5,20260719120152693564
NCAAF,americanfootball_ncaaf,073bba47dc105fcd66913e74f281ae96,2026-09-05T23:30:00Z,LSU Tigers,Clemson Tigers,draftkings,DraftKings,2026-07-19T12:01:13Z,spreads,2026-07-19T12:01:13Z,LSU Tigers,-110,-11.5,20260719120152693564
NCAAF,americanfootball_ncaaf,073bba47dc105fcd66913e74f281ae96,2026-09-05T23:30:00Z,LSU Tigers,Clemson Tigers,draftkings,DraftKings,2026-07-19T12:01:13Z,totals,2026-07-19T12:01:13Z,Over,-102,50.5,20260719120152693564
NCAAF,americanfootball_ncaaf,073bba47dc105fcd66913e74f281ae96,2026-09-05T23:30:00Z,LSU Tigers,Clemson Tigers,draftkings,DraftKings,2026-07-19T12:01:13Z,totals,2026-07-19T12:01:13Z,Under,-118,50.5,20260719120152693564
NCAAF,americanfootball_ncaaf,073bba47dc105fcd66913e74f281ae96,2026-09-05T23:30:00Z,LSU Tigers,Clemson Tigers,betmgm,BetMGM,2026-07-19T12:01:15Z,spreads,2026-07-19T12:01:15Z,Clemson Tigers,-110,11.5,20260719120152693564
NCAAF,americanfootball_ncaaf,073bba47dc105fcd66913e74f281ae96,2026-09-05T23:30:00Z,LSU Tigers,Clemson Tigers,betmgm,BetMGM,2026-07-19T12:01:15Z,spreads,2026-07-19T12:01:15Z,LSU Tigers,-110,-11.5,20260719120152693564
NCAAF,americanfootball_ncaaf,073bba47dc105fcd66913e74f281ae96,2026-09-05T23:30:00Z,LSU Tigers,Clemson Tigers,betmgm,BetMGM,2026-07-19T12:01:15Z,totals,2026-07-19T12:01:15Z,Over,-110,50.5,20260719120152693564
NCAAF,americanfootball_ncaaf,073bba47dc105fcd66913e74f281ae96,2026-09-05T23:30:00Z,LSU Tigers,Clemson Tigers,betmgm,BetMGM,2026-07-19T12:01:15Z,totals,2026-07-19T12:01:15Z,Under,-110,50.5,20260719120152693564
NCAAF,americanfootball_ncaaf,073bba47dc105fcd66913e74f281ae96,2026-09-05T23:30:00Z,LSU Tigers,Clemson Tigers,betrivers,BetRivers,2026-07-19T12:01:15Z,h2h,2026-07-19T12:01:15Z,Clemson Tigers,340,,20260719120152693564
NCAAF,americanfootball_ncaaf,073bba47dc105fcd66913e74f281ae96,2026-09-05T23:30:00Z,LSU Tigers,Clemson Tigers,betrivers,BetRivers,2026-07-19T12:01:15Z,h2h,2026-07-19T12:01:15Z,LSU Tigers,-480,,20260719120152693564
NCAAF,americanfootball_ncaaf,073bba47dc105fcd66913e74f281ae96,2026-09-05T23:30:00Z,LSU Tigers,Clemson Tigers,betrivers,BetRivers,2026-07-19T12:01:15Z,spreads,2026-07-19T12:01:15Z,Clemson Tigers,-109,12.0,20260719120152693564
NCAAF,americanfootball_ncaaf,073bba47dc105fcd66913e74f281ae96,2026-09-05T23:30:00Z,LSU Tigers,Clemson Tigers,betrivers,BetRivers,2026-07-19T12:01:15Z,spreads,2026-07-19T12:01:15Z,LSU Tigers,-113,-12.0,20260719120152693564
NCAAF,americanfootball_ncaaf,073bba47dc105fcd66913e74f281ae96,2026-09-05T23:30:00Z,LSU Tigers,Clemson Tigers,betrivers,BetRivers,2026-07-19T12:01:15Z,totals,2026-07-19T12:01:15Z,Over,-112,50.0,20260719120152693564
NCAAF,americanfootball_ncaaf,073bba47dc105fcd66913e74f281ae96,2026-09-05T23:30:00Z,LSU Tigers,Clemson Tigers,betrivers,BetRivers,2026-07-19T12:01:15Z,totals,2026-07-19T12:01:15Z,Under,-112,50.0,20260719120152693564
NCAAF,americanfootball_ncaaf,073bba47dc105fcd66913e74f281ae96,2026-09-05T23:30:00Z,LSU Tigers,Clemson Tigers,mybookieag,MyBookie.ag,2026-07-19T12:01:39Z,h2h,2026-07-19T12:01:38Z,Clemson Tigers,370,,20260719120152693564
NCAAF,americanfootball_ncaaf,073bba47dc105fcd66913e74f281ae96,2026-09-05T23:30:00Z,LSU Tigers,Clemson Tigers,mybookieag,MyBookie.ag,2026-07-19T12:01:39Z,h2h,2026-07-19T12:01:38Z,LSU Tigers,-549,,20260719120152693564
NCAAF,americanfootball_ncaaf,073bba47dc105fcd66913e74f281ae96,2026-09-05T23:30:00Z,LSU Tigers,Clemson Tigers,mybookieag,MyBookie.ag,2026-07-19T12:01:39Z,spreads,2026-07-19T12:01:38Z,Clemson Tigers,-110,11.5,20260719120152693564
NCAAF,americanfootball_ncaaf,073bba47dc105fcd66913e74f281ae96,2026-09-05T23:30:00Z,LSU Tigers,Clemson Tigers,mybookieag,MyBookie.ag,2026-07-19T12:01:39Z,spreads,2026-07-19T12:01:38Z,LSU Tigers,-110,-11.5,20260719120152693564
NCAAF,americanfootball_ncaaf,073bba47dc105fcd66913e74f281ae96,2026-09-05T23:30:00Z,LSU Tigers,Clemson Tigers,mybookieag,MyBookie.ag,2026-07-19T12:01:39Z,totals,2026-07-19T12:01:38Z,Over,-110,50.5,20260719120152693564
NCAAF,americanfootball_ncaaf,073bba47dc105fcd66913e74f281ae96,2026-09-05T23:30:00Z,LSU Tigers,Clemson Tigers,mybookieag,MyBookie.ag,2026-07-19T12:01:39Z,totals,2026-07-19T12:01:38Z,Under,-110,50.5,20260719120152693564
NCAAF,americanfootball_ncaaf,073bba47dc105fcd66913e74f281ae96,2026-09-05T23:30:00Z,LSU Tigers,Clemson Tigers,betonlineag,BetOnline.ag,2026-07-19T12:01:41Z,spreads,2026-07-19T12:01:41Z,Clemson Tigers,-105,11.0,20260719120152693564
NCAAF,americanfootball_ncaaf,073bba47dc105fcd66913e74f281ae96,2026-09-05T23:30:00Z,LSU Tigers,Clemson Tigers,betonlineag,BetOnline.ag,2026-07-19T12:01:41Z,spreads,2026-07-19T12:01:41Z,LSU Tigers,-115,-11.0,20260719120152693564
NCAAF,americanfootball_ncaaf,073bba47dc105fcd66913e74f281ae96,2026-09-05T23:30:00Z,LSU Tigers,Clemson Tigers,betonlineag,BetOnline.ag,2026-07-19T12:01:41Z,totals,2026-07-19T12:01:41Z,Over,-110,51.0,20260719120152693564
NCAAF,americanfootball_ncaaf,073bba47dc105fcd66913e74f281ae96,2026-09-05T23:30:00Z,LSU Tigers,Clemson Tigers,betonlineag,BetOnline.ag,2026-07-19T12:01:41Z,totals,2026-07-19T12:01:41Z,Under,-110,51.0,20260719120152693564
NCAAF,americanfootball_ncaaf,073bba47dc105fcd66913e74f281ae96,2026-09-05T23:30:00Z,LSU Tigers,Clemson Tigers,lowvig,LowVig.ag,2026-07-19T12:00:52Z,spreads,2026-07-19T12:00:52Z,Clemson Tigers,-101,11.0,20260719120152693564
NCAAF,americanfootball_ncaaf,073bba47dc105fcd66913e74f281ae96,2026-09-05T23:30:00Z,LSU Tigers,Clemson Tigers,lowvig,LowVig.ag,2026-07-19T12:00:52Z,spreads,2026-07-19T12:00:52Z,LSU Tigers,-111,-11.0,20260719120152693564
NCAAF,americanfootball_ncaaf,073bba47dc105fcd66913e74f281ae96,2026-09-05T23:30:00Z,LSU Tigers,Clemson Tigers,lowvig,LowVig.ag,2026-07-19T12:00:52Z,totals,2026-07-19T12:00:52Z,Over,-108,51.0,20260719120152693564
NCAAF,americanfootball_ncaaf,073bba47dc105fcd66913e74f281ae96,2026-09-05T23:30:00Z,LSU Tigers,Clemson Tigers,lowvig,LowVig.ag,2026-07-19T12:00:52Z,totals,2026-07-19T12:00:52Z,Under,-108,51.0,20260719120152693564
NCAAF,americanfootball_ncaaf,073bba47dc105fcd66913e74f281ae96,2026-09-05T23:30:00Z,LSU Tigers,Clemson Tigers,betus,BetUS,2026-07-19T12:01:14Z,spreads,2026-07-19T12:01:14Z,Clemson Tigers,-105,11.0,20260719120152693564
NCAAF,americanfootball_ncaaf,073bba47dc105fcd66913e74f281ae96,2026-09-05T23:30:00Z,LSU Tigers,Clemson Tigers,betus,BetUS,2026-07-19T12:01:14Z,spreads,2026-07-19T12:01:14Z,LSU Tigers,-115,-11.0,20260719120152693564
NCAAF,americanfootball_ncaaf,073bba47dc105fcd66913e74f281ae96,2026-09-05T23:30:00Z,LSU Tigers,Clemson Tigers,betus,BetUS,2026-07-19T12:01:14Z,totals,2026-07-19T12:01:14Z,Over,-110,51.0,20260719120152693564
NCAAF,americanfootball_ncaaf,073bba47dc105fcd66913e74f281ae96,2026-09-05T23:30:00Z,LSU Tigers,Clemson Tigers,betus,BetUS,2026-07-19T12:01:14Z,totals,2026-07-19T12:01:14Z,Under,-110,51.0,20260719120152693564
NCAAF,americanfootball_ncaaf,965fa47588c773e6753d409fc1020dec,2026-09-05T23:30:00Z,Michigan Wolverines,Western Michigan Broncos,draftkings,DraftKings,2026-07-19T12:01:13Z,spreads,2026-07-19T12:01:13Z,Michigan Wolverines,-110,-26.5,20260719120152693564
NCAAF,americanfootball_ncaaf,965fa47588c773e6753d409fc1020dec,2026-09-05T23:30:00Z,Michigan Wolverines,Western Michigan Broncos,draftkings,DraftKings,2026-07-19T12:01:13Z,spreads,2026-07-19T12:01:13Z,Western Michigan Broncos,-110,26.5,20260719120152693564
NCAAF,americanfootball_ncaaf,965fa47588c773e6753d409fc1020dec,2026-09-05T23:30:00Z,Michigan Wolverines,Western Michigan Broncos,draftkings,DraftKings,2026-07-19T12:01:13Z,totals,2026-07-19T12:01:13Z,Over,-108,47.5,20260719120152693564
NCAAF,americanfootball_ncaaf,965fa47588c773e6753d409fc1020dec,2026-09-05T23:30:00Z,Michigan Wolverines,Western Michigan Broncos,draftkings,DraftKings,2026-07-19T12:01:13Z,totals,2026-07-19T12:01:13Z,Under,-112,47.5,20260719120152693564
NCAAF,americanfootball_ncaaf,965fa47588c773e6753d409fc1020dec,2026-09-05T23:30:00Z,Michigan Wolverines,Western Michigan Broncos,betonlineag,BetOnline.ag,2026-07-19T12:01:41Z,spreads,2026-07-19T12:01:41Z,Michigan Wolverines,-110,-26.5,20260719120152693564
NCAAF,americanfootball_ncaaf,965fa47588c773e6753d409fc1020dec,2026-09-05T23:30:00Z,Michigan Wolverines,Western Michigan Broncos,betonlineag,BetOnline.ag,2026-07-19T12:01:41Z,spreads,2026-07-19T12:01:41Z,Western Michigan Broncos,-110,26.5,20260719120152693564
NCAAF,americanfootball_ncaaf,965fa47588c773e6753d409fc1020dec,2026-09-05T23:30:00Z,Michigan Wolverines,Western Michigan Broncos,betonlineag,BetOnline.ag,2026-07-19T12:01:41Z,totals,2026-07-19T12:01:41Z,Over,-115,47.5,20260719120152693564
NCAAF,americanfootball_ncaaf,965fa47588c773e6753d409fc1020dec,2026-09-05T23:30:00Z,Michigan Wolverines,Western Michigan Broncos,betonlineag,BetOnline.ag,2026-07-19T12:01:41Z,totals,2026-07-19T12:01:41Z,Under,-105,47.5,20260719120152693564
NCAAF,americanfootball_ncaaf,965fa47588c773e6753d409fc1020dec,2026-09-05T23:30:00Z,Michigan Wolverines,Western Michigan Broncos,lowvig,LowVig.ag,2026-07-19T12:00:52Z,spreads,2026-07-19T12:00:52Z,Michigan Wolverines,-106,-26.5,20260719120152693564
NCAAF,americanfootball_ncaaf,965fa47588c773e6753d409fc1020dec,2026-09-05T23:30:00Z,Michigan Wolverines,Western Michigan Broncos,lowvig,LowVig.ag,2026-07-19T12:00:52Z,spreads,2026-07-19T12:00:52Z,Western Michigan Broncos,-106,26.5,20260719120152693564
NCAAF,americanfootball_ncaaf,965fa47588c773e6753d409fc1020dec,2026-09-05T23:30:00Z,Michigan Wolverines,Western Michigan Broncos,lowvig,LowVig.ag,2026-07-19T12:00:52Z,totals,2026-07-19T12:00:52Z,Over,-114,47.5,20260719120152693564
NCAAF,americanfootball_ncaaf,965fa47588c773e6753d409fc1020dec,2026-09-05T23:30:00Z,Michigan Wolverines,Western Michigan Broncos,lowvig,LowVig.ag,2026-07-19T12:00:52Z,totals,2026-07-19T12:00:52Z,Under,-103,47.5,20260719120152693564
NCAAF,americanfootball_ncaaf,965fa47588c773e6753d409fc1020dec,2026-09-05T23:30:00Z,Michigan Wolverines,Western Michigan Broncos,betus,BetUS,2026-07-19T12:01:14Z,spreads,2026-07-19T12:01:14Z,Michigan Wolverines,-110,-26.5,20260719120152693564
NCAAF,americanfootball_ncaaf,965fa47588c773e6753d409fc1020dec,2026-09-05T23:30:00Z,Michigan Wolverines,Western Michigan Broncos,betus,BetUS,2026-07-19T12:01:14Z,spreads,2026-07-19T12:01:14Z,Western Michigan Broncos,-110,26.5,20260719120152693564
NCAAF,americanfootball_ncaaf,965fa47588c773e6753d409fc1020dec,2026-09-05T23:30:00Z,Michigan Wolverines,Western Michigan Broncos,betus,BetUS,2026-07-19T12:01:14Z,totals,2026-07-19T12:01:14Z,Over,-115,47.5,20260719120152693564
NCAAF,americanfootball_ncaaf,965fa47588c773e6753d409fc1020dec,2026-09-05T23:30:00Z,Michigan Wolverines,Western Michigan Broncos,betus,BetUS,2026-07-19T12:01:14Z,totals,2026-07-19T12:01:14Z,Under,-105,47.5,20260719120152693564
NCAAF,americanfootball_ncaaf,965fa47588c773e6753d409fc1020dec,2026-09-05T23:30:00Z,Michigan Wolverines,Western Michigan Broncos,bovada,Bovada,2026-07-19T12:01:41Z,spreads,2026-07-19T12:01:41Z,Michigan Wolverines,-110,-26.5,20260719120152693564
NCAAF,americanfootball_ncaaf,965fa47588c773e6753d409fc1020dec,2026-09-05T23:30:00Z,Michigan Wolverines,Western Michigan Broncos,bovada,Bovada,2026-07-19T12:01:41Z,spreads,2026-07-19T12:01:41Z,Western Michigan Broncos,-110,26.5,20260719120152693564
NCAAF,americanfootball_ncaaf,965fa47588c773e6753d409fc1020dec,2026-09-05T23:30:00Z,Michigan Wolverines,Western Michigan Broncos,bovada,Bovada,2026-07-19T12:01:41Z,totals,2026-07-19T12:01:41Z,Over,-110,47.5,20260719120152693564
NCAAF,americanfootball_ncaaf,965fa47588c773e6753d409fc1020dec,2026-09-05T23:30:00Z,Michigan Wolverines,Western Michigan Broncos,bovada,Bovada,2026-07-19T12:01:41Z,totals,2026-07-19T12:01:41Z,Under,-110,47.5,20260719120152693564
NCAAF,americanfootball_ncaaf,965fa47588c773e6753d409fc1020dec,2026-09-05T23:30:00Z,Michigan Wolverines,Western Michigan Broncos,fanduel,FanDuel,2026-07-19T12:01:38Z,h2h,2026-07-19T12:01:38Z,Michigan Wolverines,-7000,,20260719120152693564
NCAAF,americanfootball_ncaaf,965fa47588c773e6753d409fc1020dec,2026-09-05T23:30:00Z,Michigan Wolverines,Western Michigan Broncos,fanduel,FanDuel,2026-07-19T12:01:38Z,h2h,2026-07-19T12:01:38Z,Western Michigan Broncos,2000,,20260719120152693564
NCAAF,americanfootball_ncaaf,965fa47588c773e6753d409fc1020dec,2026-09-05T23:30:00Z,Michigan Wolverines,Western Michigan Broncos,fanduel,FanDuel,2026-07-19T12:01:38Z,spreads,2026-07-19T12:01:38Z,Michigan Wolverines,-115,-26.5,20260719120152693564
NCAAF,americanfootball_ncaaf,965fa47588c773e6753d409fc1020dec,2026-09-05T23:30:00Z,Michigan Wolverines,Western Michigan Broncos,fanduel,FanDuel,2026-07-19T12:01:38Z,spreads,2026-07-19T12:01:38Z,Western Michigan Broncos,-105,26.5,20260719120152693564
NCAAF,americanfootball_ncaaf,965fa47588c773e6753d409fc1020dec,2026-09-05T23:30:00Z,Michigan Wolverines,Western Michigan Broncos,fanduel,FanDuel,2026-07-19T12:01:38Z,totals,2026-07-19T12:01:38Z,Over,-115,46.5,20260719120152693564
NCAAF,americanfootball_ncaaf,965fa47588c773e6753d409fc1020dec,2026-09-05T23:30:00Z,Michigan Wolverines,Western Michigan Broncos,fanduel,FanDuel,2026-07-19T12:01:38Z,totals,2026-07-19T12:01:38Z,Under,-105,46.5,20260719120152693564
NCAAF,americanfootball_ncaaf,965fa47588c773e6753d409fc1020dec,2026-09-05T23:30:00Z,Michigan Wolverines,Western Michigan Broncos,betmgm,BetMGM,2026-07-19T12:01:15Z,spreads,2026-07-19T12:01:15Z,Michigan Wolverines,-110,-26.5,20260719120152693564
NCAAF,americanfootball_ncaaf,965fa47588c773e6753d409fc1020dec,2026-09-05T23:30:00Z,Michigan Wolverines,Western Michigan Broncos,betmgm,BetMGM,2026-07-19T12:01:15Z,spreads,2026-07-19T12:01:15Z,Western Michigan Broncos,-110,26.5,20260719120152693564
NCAAF,americanfootball_ncaaf,965fa47588c773e6753d409fc1020dec,2026-09-05T23:30:00Z,Michigan Wolverines,Western Michigan Broncos,betmgm,BetMGM,2026-07-19T12:01:15Z,totals,2026-07-19T12:01:15Z,Over,-110,47.5,20260719120152693564
NCAAF,americanfootball_ncaaf,965fa47588c773e6753d409fc1020dec,2026-09-05T23:30:00Z,Michigan Wolverines,Western Michigan Broncos,betmgm,BetMGM,2026-07-19T12:01:15Z,totals,2026-07-19T12:01:15Z,Under,-110,47.5,20260719120152693564
NCAAF,americanfootball_ncaaf,965fa47588c773e6753d409fc1020dec,2026-09-05T23:30:00Z,Michigan Wolverines,Western Michigan Broncos,betrivers,BetRivers,2026-07-19T12:01:15Z,spreads,2026-07-19T12:01:15Z,Michigan Wolverines,-112,-26.5,20260719120152693564
NCAAF,americanfootball_ncaaf,965fa47588c773e6753d409fc1020dec,2026-09-05T23:30:00Z,Michigan Wolverines,Western Michigan Broncos,betrivers,BetRivers,2026-07-19T12:01:15Z,spreads,2026-07-19T12:01:15Z,Western Michigan Broncos,-110,26.5,20260719120152693564
NCAAF,americanfootball_ncaaf,965fa47588c773e6753d409fc1020dec,2026-09-05T23:30:00Z,Michigan Wolverines,Western Michigan Broncos,betrivers,BetRivers,2026-07-19T12:01:15Z,totals,2026-07-19T12:01:15Z,Over,-112,47.5,20260719120152693564
NCAAF,americanfootball_ncaaf,965fa47588c773e6753d409fc1020dec,2026-09-05T23:30:00Z,Michigan Wolverines,Western Michigan Broncos,betrivers,BetRivers,2026-07-19T12:01:15Z,totals,2026-07-19T12:01:15Z,Under,-112,47.5,20260719120152693564
NCAAF,americanfootball_ncaaf,965fa47588c773e6753d409fc1020dec,2026-09-05T23:30:00Z,Michigan Wolverines,Western Michigan Broncos,mybookieag,MyBookie.ag,2026-07-19T12:01:39Z,h2h,2026-07-19T12:01:39Z,Michigan Wolverines,-5000,,20260719120152693564
NCAAF,americanfootball_ncaaf,965fa47588c773e6753d409fc1020dec,2026-09-05T23:30:00Z,Michigan Wolverines,Western Michigan Broncos,mybookieag,MyBookie.ag,2026-07-19T12:01:39Z,h2h,2026-07-19T12:01:39Z,Western Michigan Broncos,1175,,20260719120152693564
NCAAF,americanfootball_ncaaf,965fa47588c773e6753d409fc1020dec,2026-09-05T23:30:00Z,Michigan Wolverines,Western Michigan Broncos,mybookieag,MyBookie.ag,2026-07-19T12:01:39Z,spreads,2026-07-19T12:01:39Z,Michigan Wolverines,-110,-26.5,20260719120152693564
NCAAF,americanfootball_ncaaf,965fa47588c773e6753d409fc1020dec,2026-09-05T23:30:00Z,Michigan Wolverines,Western Michigan Broncos,mybookieag,MyBookie.ag,2026-07-19T12:01:39Z,spreads,2026-07-19T12:01:39Z,Western Michigan Broncos,-110,26.5,20260719120152693564
NCAAF,americanfootball_ncaaf,965fa47588c773e6753d409fc1020dec,2026-09-05T23:30:00Z,Michigan Wolverines,Western Michigan Broncos,mybookieag,MyBookie.ag,2026-07-19T12:01:39Z,totals,2026-07-19T12:01:39Z,Over,-110,47.5,20260719120152693564
NCAAF,americanfootball_ncaaf,965fa47588c773e6753d409fc1020dec,2026-09-05T23:30:00Z,Michigan Wolverines,Western Michigan Broncos,mybookieag,MyBookie.ag,2026-07-19T12:01:39Z,totals,2026-07-19T12:01:39Z,Under,-110,47.5,20260719120152693564
NCAAF,americanfootball_ncaaf,61a35dab6017f6f7de74fab10707197c,2026-09-05T23:30:00Z,Mississippi State Bulldogs,UL Monroe Warhawks,draftkings,DraftKings,2026-07-19T12:01:13Z,spreads,2026-07-19T12:01:13Z,Mississippi State Bulldogs,-110,-28.5,20260719120152693564
NCAAF,americanfootball_ncaaf,61a35dab6017f6f7de74fab10707197c,2026-09-05T23:30:00Z,Mississippi State Bulldogs,UL Monroe Warhawks,draftkings,DraftKings,2026-07-19T12:01:13Z,spreads,2026-07-19T12:01:13Z,UL Monroe Warhawks,-110,28.5,20260719120152693564
NCAAF,americanfootball_ncaaf,61a35dab6017f6f7de74fab10707197c,2026-09-05T23:30:00Z,Mississippi State Bulldogs,UL Monroe Warhawks,draftkings,DraftKings,2026-07-19T12:01:13Z,totals,2026-07-19T12:01:13Z,Over,-108,55.5,20260719120152693564
NCAAF,americanfootball_ncaaf,61a35dab6017f6f7de74fab10707197c,2026-09-05T23:30:00Z,Mississippi State Bulldogs,UL Monroe Warhawks,draftkings,DraftKings,2026-07-19T12:01:13Z,totals,2026-07-19T12:01:13Z,Under,-112,55.5,20260719120152693564
NCAAF,americanfootball_ncaaf,61a35dab6017f6f7de74fab10707197c,2026-09-05T23:30:00Z,Mississippi State Bulldogs,UL Monroe Warhawks,betonlineag,BetOnline.ag,2026-07-19T12:01:41Z,spreads,2026-07-19T12:01:41Z,Mississippi State Bulldogs,-105,-28.5,20260719120152693564
NCAAF,americanfootball_ncaaf,61a35dab6017f6f7de74fab10707197c,2026-09-05T23:30:00Z,Mississippi State Bulldogs,UL Monroe Warhawks,betonlineag,BetOnline.ag,2026-07-19T12:01:41Z,spreads,2026-07-19T12:01:41Z,UL Monroe Warhawks,-115,28.5,20260719120152693564
NCAAF,americanfootball_ncaaf,61a35dab6017f6f7de74fab10707197c,2026-09-05T23:30:00Z,Mississippi State Bulldogs,UL Monroe Warhawks,betonlineag,BetOnline.ag,2026-07-19T12:01:41Z,totals,2026-07-19T12:01:41Z,Over,-105,55.5,20260719120152693564
NCAAF,americanfootball_ncaaf,61a35dab6017f6f7de74fab10707197c,2026-09-05T23:30:00Z,Mississippi State Bulldogs,UL Monroe Warhawks,betonlineag,BetOnline.ag,2026-07-19T12:01:41Z,totals,2026-07-19T12:01:41Z,Under,-115,55.5,20260719120152693564
NCAAF,americanfootball_ncaaf,61a35dab6017f6f7de74fab10707197c,2026-09-05T23:30:00Z,Mississippi State Bulldogs,UL Monroe Warhawks,lowvig,LowVig.ag,2026-07-19T12:00:52Z,spreads,2026-07-19T12:00:52Z,Mississippi State Bulldogs,-101,-28.5,20260719120152693564
NCAAF,americanfootball_ncaaf,61a35dab6017f6f7de74fab10707197c,2026-09-05T23:30:00Z,Mississippi State Bulldogs,UL Monroe Warhawks,lowvig,LowVig.ag,2026-07-19T12:00:52Z,spreads,2026-07-19T12:00:52Z,UL Monroe Warhawks,-111,28.5,20260719120152693564
NCAAF,americanfootball_ncaaf,61a35dab6017f6f7de74fab10707197c,2026-09-05T23:30:00Z,Mississippi State Bulldogs,UL Monroe Warhawks,lowvig,LowVig.ag,2026-07-19T12:00:52Z,totals,2026-07-19T12:00:52Z,Over,-103,55.5,20260719120152693564
NCAAF,americanfootball_ncaaf,61a35dab6017f6f7de74fab10707197c,2026-09-05T23:30:00Z,Mississippi State Bulldogs,UL Monroe Warhawks,lowvig,LowVig.ag,2026-07-19T12:00:52Z,totals,2026-07-19T12:00:52Z,Under,-114,55.5,20260719120152693564
NCAAF,americanfootball_ncaaf,61a35dab6017f6f7de74fab10707197c,2026-09-05T23:30:00Z,Mississippi State Bulldogs,UL Monroe Warhawks,betus,BetUS,2026-07-19T12:01:14Z,spreads,2026-07-19T12:01:14Z,Mississippi State Bulldogs,-105,-28.5,20260719120152693564
NCAAF,americanfootball_ncaaf,61a35dab6017f6f7de74fab10707197c,2026-09-05T23:30:00Z,Mississippi State Bulldogs,UL Monroe Warhawks,betus,BetUS,2026-07-19T12:01:14Z,spreads,2026-07-19T12:01:14Z,UL Monroe Warhawks,-115,28.5,20260719120152693564
NCAAF,americanfootball_ncaaf,61a35dab6017f6f7de74fab10707197c,2026-09-05T23:30:00Z,Mississippi State Bulldogs,UL Monroe Warhawks,betus,BetUS,2026-07-19T12:01:14Z,totals,2026-07-19T12:01:14Z,Over,-105,55.5,20260719120152693564
NCAAF,americanfootball_ncaaf,61a35dab6017f6f7de74fab10707197c,2026-09-05T23:30:00Z,Mississippi State Bulldogs,UL Monroe Warhawks,betus,BetUS,2026-07-19T12:01:14Z,totals,2026-07-19T12:01:14Z,Under,-115,55.5,20260719120152693564
NCAAF,americanfootball_ncaaf,61a35dab6017f6f7de74fab10707197c,2026-09-05T23:30:00Z,Mississippi State Bulldogs,UL Monroe Warhawks,bovada,Bovada,2026-07-19T12:01:41Z,spreads,2026-07-19T12:01:41Z,Mississippi State Bulldogs,-110,-28.5,20260719120152693564
NCAAF,americanfootball_ncaaf,61a35dab6017f6f7de74fab10707197c,2026-09-05T23:30:00Z,Mississippi State Bulldogs,UL Monroe Warhawks,bovada,Bovada,2026-07-19T12:01:41Z,spreads,2026-07-19T12:01:41Z,UL Monroe Warhawks,-110,28.5,20260719120152693564
NCAAF,americanfootball_ncaaf,61a35dab6017f6f7de74fab10707197c,2026-09-05T23:30:00Z,Mississippi State Bulldogs,UL Monroe Warhawks,bovada,Bovada,2026-07-19T12:01:41Z,totals,2026-07-19T12:01:41Z,Over,-110,55.5,20260719120152693564
NCAAF,americanfootball_ncaaf,61a35dab6017f6f7de74fab10707197c,2026-09-05T23:30:00Z,Mississippi State Bulldogs,UL Monroe Warhawks,bovada,Bovada,2026-07-19T12:01:41Z,totals,2026-07-19T12:01:41Z,Under,-110,55.5,20260719120152693564
NCAAF,americanfootball_ncaaf,61a35dab6017f6f7de74fab10707197c,2026-09-05T23:30:00Z,Mississippi State Bulldogs,UL Monroe Warhawks,fanduel,FanDuel,2026-07-19T12:01:38Z,h2h,2026-07-19T12:01:38Z,Mississippi State Bulldogs,-10000,,20260719120152693564
NCAAF,americanfootball_ncaaf,61a35dab6017f6f7de74fab10707197c,2026-09-05T23:30:00Z,Mississippi State Bulldogs,UL Monroe Warhawks,fanduel,FanDuel,2026-07-19T12:01:38Z,h2h,2026-07-19T12:01:38Z,UL Monroe Warhawks,2400,,20260719120152693564
NCAAF,americanfootball_ncaaf,61a35dab6017f6f7de74fab10707197c,2026-09-05T23:30:00Z,Mississippi State Bulldogs,UL Monroe Warhawks,fanduel,FanDuel,2026-07-19T12:01:38Z,spreads,2026-07-19T12:01:38Z,Mississippi State Bulldogs,-115,-29.5,20260719120152693564
NCAAF,americanfootball_ncaaf,61a35dab6017f6f7de74fab10707197c,2026-09-05T23:30:00Z,Mississippi State Bulldogs,UL Monroe Warhawks,fanduel,FanDuel,2026-07-19T12:01:38Z,spreads,2026-07-19T12:01:38Z,UL Monroe Warhawks,-105,29.5,20260719120152693564
NCAAF,americanfootball_ncaaf,61a35dab6017f6f7de74fab10707197c,2026-09-05T23:30:00Z,Mississippi State Bulldogs,UL Monroe Warhawks,fanduel,FanDuel,2026-07-19T12:01:38Z,totals,2026-07-19T12:01:38Z,Over,-110,56.5,20260719120152693564
NCAAF,americanfootball_ncaaf,61a35dab6017f6f7de74fab10707197c,2026-09-05T23:30:00Z,Mississippi State Bulldogs,UL Monroe Warhawks,fanduel,FanDuel,2026-07-19T12:01:38Z,totals,2026-07-19T12:01:38Z,Under,-110,56.5,20260719120152693564
NCAAF,americanfootball_ncaaf,61a35dab6017f6f7de74fab10707197c,2026-09-05T23:30:00Z,Mississippi State Bulldogs,UL Monroe Warhawks,betmgm,BetMGM,2026-07-19T12:01:15Z,spreads,2026-07-19T12:01:15Z,Mississippi State Bulldogs,-110,-28.5,20260719120152693564
NCAAF,americanfootball_ncaaf,61a35dab6017f6f7de74fab10707197c,2026-09-05T23:30:00Z,Mississippi State Bulldogs,UL Monroe Warhawks,betmgm,BetMGM,2026-07-19T12:01:15Z,spreads,2026-07-19T12:01:15Z,UL Monroe Warhawks,-110,28.5,20260719120152693564
NCAAF,americanfootball_ncaaf,61a35dab6017f6f7de74fab10707197c,2026-09-05T23:30:00Z,Mississippi State Bulldogs,UL Monroe Warhawks,betmgm,BetMGM,2026-07-19T12:01:15Z,totals,2026-07-19T12:01:15Z,Over,-110,55.5,20260719120152693564
NCAAF,americanfootball_ncaaf,61a35dab6017f6f7de74fab10707197c,2026-09-05T23:30:00Z,Mississippi State Bulldogs,UL Monroe Warhawks,betmgm,BetMGM,2026-07-19T12:01:15Z,totals,2026-07-19T12:01:15Z,Under,-110,55.5,20260719120152693564
NCAAF,americanfootball_ncaaf,61a35dab6017f6f7de74fab10707197c,2026-09-05T23:30:00Z,Mississippi State Bulldogs,UL Monroe Warhawks,betrivers,BetRivers,2026-07-19T12:01:15Z,spreads,2026-07-19T12:01:15Z,Mississippi State Bulldogs,-113,-28.5,20260719120152693564
NCAAF,americanfootball_ncaaf,61a35dab6017f6f7de74fab10707197c,2026-09-05T23:30:00Z,Mississippi State Bulldogs,UL Monroe Warhawks,betrivers,BetRivers,2026-07-19T12:01:15Z,spreads,2026-07-19T12:01:15Z,UL Monroe Warhawks,-110,28.5,20260719120152693564
NCAAF,americanfootball_ncaaf,61a35dab6017f6f7de74fab10707197c,2026-09-05T23:30:00Z,Mississippi State Bulldogs,UL Monroe Warhawks,betrivers,BetRivers,2026-07-19T12:01:15Z,totals,2026-07-19T12:01:15Z,Over,-114,55.5,20260719120152693564
NCAAF,americanfootball_ncaaf,61a35dab6017f6f7de74fab10707197c,2026-09-05T23:30:00Z,Mississippi State Bulldogs,UL Monroe Warhawks,betrivers,BetRivers,2026-07-19T12:01:15Z,totals,2026-07-19T12:01:15Z,Under,-109,55.5,20260719120152693564
NCAAF,americanfootball_ncaaf,61a35dab6017f6f7de74fab10707197c,2026-09-05T23:30:00Z,Mississippi State Bulldogs,UL Monroe Warhawks,mybookieag,MyBookie.ag,2026-07-19T12:01:39Z,h2h,2026-07-19T12:01:39Z,Mississippi State Bulldogs,-7692,,20260719120152693564
NCAAF,americanfootball_ncaaf,61a35dab6017f6f7de74fab10707197c,2026-09-05T23:30:00Z,Mississippi State Bulldogs,UL Monroe Warhawks,mybookieag,MyBookie.ag,2026-07-19T12:01:39Z,h2h,2026-07-19T12:01:39Z,UL Monroe Warhawks,1225,,20260719120152693564
NCAAF,americanfootball_ncaaf,61a35dab6017f6f7de74fab10707197c,2026-09-05T23:30:00Z,Mississippi State Bulldogs,UL Monroe Warhawks,mybookieag,MyBookie.ag,2026-07-19T12:01:39Z,spreads,2026-07-19T12:01:39Z,Mississippi State Bulldogs,-110,-28.5,20260719120152693564
NCAAF,americanfootball_ncaaf,61a35dab6017f6f7de74fab10707197c,2026-09-05T23:30:00Z,Mississippi State Bulldogs,UL Monroe Warhawks,mybookieag,MyBookie.ag,2026-07-19T12:01:39Z,spreads,2026-07-19T12:01:39Z,UL Monroe Warhawks,-110,28.5,20260719120152693564
NCAAF,americanfootball_ncaaf,61a35dab6017f6f7de74fab10707197c,2026-09-05T23:30:00Z,Mississippi State Bulldogs,UL Monroe Warhawks,mybookieag,MyBookie.ag,2026-07-19T12:01:39Z,totals,2026-07-19T12:01:39Z,Over,-110,55.5,20260719120152693564
NCAAF,americanfootball_ncaaf,61a35dab6017f6f7de74fab10707197c,2026-09-05T23:30:00Z,Mississippi State Bulldogs,UL Monroe Warhawks,mybookieag,MyBookie.ag,2026-07-19T12:01:39Z,totals,2026-07-19T12:01:39Z,Under,-110,55.5,20260719120152693564
NCAAF,americanfootball_ncaaf,247137e181f9ff51165c0283d6d56987,2026-09-05T23:45:00Z,Florida Gators,Florida Atlantic Owls,draftkings,DraftKings,2026-07-19T12:01:13Z,spreads,2026-07-19T12:01:13Z,Florida Atlantic Owls,-115,26.5,20260719120152693564
NCAAF,americanfootball_ncaaf,247137e181f9ff51165c0283d6d56987,2026-09-05T23:45:00Z,Florida Gators,Florida Atlantic Owls,draftkings,DraftKings,2026-07-19T12:01:13Z,spreads,2026-07-19T12:01:13Z,Florida Gators,-105,-26.5,20260719120152693564
NCAAF,americanfootball_ncaaf,247137e181f9ff51165c0283d6d56987,2026-09-05T23:45:00Z,Florida Gators,Florida Atlantic Owls,draftkings,DraftKings,2026-07-19T12:01:13Z,totals,2026-07-19T12:01:13Z,Over,-108,57.5,20260719120152693564
NCAAF,americanfootball_ncaaf,247137e181f9ff51165c0283d6d56987,2026-09-05T23:45:00Z,Florida Gators,Florida Atlantic Owls,draftkings,DraftKings,2026-07-19T12:01:13Z,totals,2026-07-19T12:01:13Z,Under,-112,57.5,20260719120152693564
NCAAF,americanfootball_ncaaf,247137e181f9ff51165c0283d6d56987,2026-09-05T23:45:00Z,Florida Gators,Florida Atlantic Owls,lowvig,LowVig.ag,2026-07-19T12:00:52Z,spreads,2026-07-19T12:00:52Z,Florida Atlantic Owls,-106,26.0,20260719120152693564
NCAAF,americanfootball_ncaaf,247137e181f9ff51165c0283d6d56987,2026-09-05T23:45:00Z,Florida Gators,Florida Atlantic Owls,lowvig,LowVig.ag,2026-07-19T12:00:52Z,spreads,2026-07-19T12:00:52Z,Florida Gators,-106,-26.0,20260719120152693564
NCAAF,americanfootball_ncaaf,247137e181f9ff51165c0283d6d56987,2026-09-05T23:45:00Z,Florida Gators,Florida Atlantic Owls,lowvig,LowVig.ag,2026-07-19T12:00:52Z,totals,2026-07-19T12:00:52Z,Over,-114,59.0,20260719120152693564
NCAAF,americanfootball_ncaaf,247137e181f9ff51165c0283d6d56987,2026-09-05T23:45:00Z,Florida Gators,Florida Atlantic Owls,lowvig,LowVig.ag,2026-07-19T12:00:52Z,totals,2026-07-19T12:00:52Z,Under,-103,59.0,20260719120152693564
NCAAF,americanfootball_ncaaf,247137e181f9ff51165c0283d6d56987,2026-09-05T23:45:00Z,Florida Gators,Florida Atlantic Owls,betonlineag,BetOnline.ag,2026-07-19T12:01:41Z,spreads,2026-07-19T12:01:41Z,Florida Atlantic Owls,-110,26.0,20260719120152693564
NCAAF,americanfootball_ncaaf,247137e181f9ff51165c0283d6d56987,2026-09-05T23:45:00Z,Florida Gators,Florida Atlantic Owls,betonlineag,BetOnline.ag,2026-07-19T12:01:41Z,spreads,2026-07-19T12:01:41Z,Florida Gators,-110,-26.0,20260719120152693564
NCAAF,americanfootball_ncaaf,247137e181f9ff51165c0283d6d56987,2026-09-05T23:45:00Z,Florida Gators,Florida Atlantic Owls,betonlineag,BetOnline.ag,2026-07-19T12:01:41Z,totals,2026-07-19T12:01:41Z,Over,-115,59.0,20260719120152693564
NCAAF,americanfootball_ncaaf,247137e181f9ff51165c0283d6d56987,2026-09-05T23:45:00Z,Florida Gators,Florida Atlantic Owls,betonlineag,BetOnline.ag,2026-07-19T12:01:41Z,totals,2026-07-19T12:01:41Z,Under,-105,59.0,20260719120152693564
NCAAF,americanfootball_ncaaf,247137e181f9ff51165c0283d6d56987,2026-09-05T23:45:00Z,Florida Gators,Florida Atlantic Owls,betus,BetUS,2026-07-19T12:01:14Z,spreads,2026-07-19T12:01:14Z,Florida Atlantic Owls,-110,26.0,20260719120152693564
NCAAF,americanfootball_ncaaf,247137e181f9ff51165c0283d6d56987,2026-09-05T23:45:00Z,Florida Gators,Florida Atlantic Owls,betus,BetUS,2026-07-19T12:01:14Z,spreads,2026-07-19T12:01:14Z,Florida Gators,-110,-26.0,20260719120152693564
NCAAF,americanfootball_ncaaf,247137e181f9ff51165c0283d6d56987,2026-09-05T23:45:00Z,Florida Gators,Florida Atlantic Owls,betus,BetUS,2026-07-19T12:01:14Z,totals,2026-07-19T12:01:14Z,Over,-115,59.0,20260719120152693564
NCAAF,americanfootball_ncaaf,247137e181f9ff51165c0283d6d56987,2026-09-05T23:45:00Z,Florida Gators,Florida Atlantic Owls,betus,BetUS,2026-07-19T12:01:14Z,totals,2026-07-19T12:01:14Z,Under,-105,59.0,20260719120152693564
NCAAF,americanfootball_ncaaf,247137e181f9ff51165c0283d6d56987,2026-09-05T23:45:00Z,Florida Gators,Florida Atlantic Owls,bovada,Bovada,2026-07-19T12:01:41Z,spreads,2026-07-19T12:01:41Z,Florida Atlantic Owls,-115,26.5,20260719120152693564
NCAAF,americanfootball_ncaaf,247137e181f9ff51165c0283d6d56987,2026-09-05T23:45:00Z,Florida Gators,Florida Atlantic Owls,bovada,Bovada,2026-07-19T12:01:41Z,spreads,2026-07-19T12:01:41Z,Florida Gators,-105,-26.5,20260719120152693564
NCAAF,americanfootball_ncaaf,247137e181f9ff51165c0283d6d56987,2026-09-05T23:45:00Z,Florida Gators,Florida Atlantic Owls,bovada,Bovada,2026-07-19T12:01:41Z,totals,2026-07-19T12:01:41Z,Over,-110,57.5,20260719120152693564
NCAAF,americanfootball_ncaaf,247137e181f9ff51165c0283d6d56987,2026-09-05T23:45:00Z,Florida Gators,Florida Atlantic Owls,bovada,Bovada,2026-07-19T12:01:41Z,totals,2026-07-19T12:01:41Z,Under,-110,57.5,20260719120152693564
NCAAF,americanfootball_ncaaf,247137e181f9ff51165c0283d6d56987,2026-09-05T23:45:00Z,Florida Gators,Florida Atlantic Owls,fanduel,FanDuel,2026-07-19T12:01:38Z,h2h,2026-07-19T12:01:38Z,Florida Atlantic Owls,1400,,20260719120152693564
NCAAF,americanfootball_ncaaf,247137e181f9ff51165c0283d6d56987,2026-09-05T23:45:00Z,Florida Gators,Florida Atlantic Owls,fanduel,FanDuel,2026-07-19T12:01:38Z,h2h,2026-07-19T12:01:38Z,Florida Gators,-4000,,20260719120152693564
NCAAF,americanfootball_ncaaf,247137e181f9ff51165c0283d6d56987,2026-09-05T23:45:00Z,Florida Gators,Florida Atlantic Owls,fanduel,FanDuel,2026-07-19T12:01:38Z,spreads,2026-07-19T12:01:38Z,Florida Atlantic Owls,-115,26.5,20260719120152693564
NCAAF,americanfootball_ncaaf,247137e181f9ff51165c0283d6d56987,2026-09-05T23:45:00Z,Florida Gators,Florida Atlantic Owls,fanduel,FanDuel,2026-07-19T12:01:38Z,spreads,2026-07-19T12:01:38Z,Florida Gators,-105,-26.5,20260719120152693564
NCAAF,americanfootball_ncaaf,247137e181f9ff51165c0283d6d56987,2026-09-05T23:45:00Z,Florida Gators,Florida Atlantic Owls,fanduel,FanDuel,2026-07-19T12:01:38Z,totals,2026-07-19T12:01:38Z,Over,-110,59.5,20260719120152693564
NCAAF,americanfootball_ncaaf,247137e181f9ff51165c0283d6d56987,2026-09-05T23:45:00Z,Florida Gators,Florida Atlantic Owls,fanduel,FanDuel,2026-07-19T12:01:38Z,totals,2026-07-19T12:01:38Z,Under,-110,59.5,20260719120152693564
NCAAF,americanfootball_ncaaf,247137e181f9ff51165c0283d6d56987,2026-09-05T23:45:00Z,Florida Gators,Florida Atlantic Owls,betmgm,BetMGM,2026-07-19T12:01:15Z,spreads,2026-07-19T12:01:15Z,Florida Atlantic Owls,-110,26.5,20260719120152693564
NCAAF,americanfootball_ncaaf,247137e181f9ff51165c0283d6d56987,2026-09-05T23:45:00Z,Florida Gators,Florida Atlantic Owls,betmgm,BetMGM,2026-07-19T12:01:15Z,spreads,2026-07-19T12:01:15Z,Florida Gators,-110,-26.5,20260719120152693564
NCAAF,americanfootball_ncaaf,247137e181f9ff51165c0283d6d56987,2026-09-05T23:45:00Z,Florida Gators,Florida Atlantic Owls,betmgm,BetMGM,2026-07-19T12:01:15Z,totals,2026-07-19T12:01:15Z,Over,-110,58.5,20260719120152693564
NCAAF,americanfootball_ncaaf,247137e181f9ff51165c0283d6d56987,2026-09-05T23:45:00Z,Florida Gators,Florida Atlantic Owls,betmgm,BetMGM,2026-07-19T12:01:15Z,totals,2026-07-19T12:01:15Z,Under,-110,58.5,20260719120152693564
NCAAF,americanfootball_ncaaf,247137e181f9ff51165c0283d6d56987,2026-09-05T23:45:00Z,Florida Gators,Florida Atlantic Owls,betrivers,BetRivers,2026-07-19T12:01:15Z,spreads,2026-07-19T12:01:15Z,Florida Atlantic Owls,-113,26.5,20260719120152693564
NCAAF,americanfootball_ncaaf,247137e181f9ff51165c0283d6d56987,2026-09-05T23:45:00Z,Florida Gators,Florida Atlantic Owls,betrivers,BetRivers,2026-07-19T12:01:15Z,spreads,2026-07-19T12:01:15Z,Florida Gators,-110,-26.5,20260719120152693564
NCAAF,americanfootball_ncaaf,247137e181f9ff51165c0283d6d56987,2026-09-05T23:45:00Z,Florida Gators,Florida Atlantic Owls,betrivers,BetRivers,2026-07-19T12:01:15Z,totals,2026-07-19T12:01:15Z,Over,-110,58.0,20260719120152693564
NCAAF,americanfootball_ncaaf,247137e181f9ff51165c0283d6d56987,2026-09-05T23:45:00Z,Florida Gators,Florida Atlantic Owls,betrivers,BetRivers,2026-07-19T12:01:15Z,totals,2026-07-19T12:01:15Z,Under,-113,58.0,20260719120152693564
NCAAF,americanfootball_ncaaf,247137e181f9ff51165c0283d6d56987,2026-09-05T23:45:00Z,Florida Gators,Florida Atlantic Owls,mybookieag,MyBookie.ag,2026-07-19T12:01:39Z,h2h,2026-07-19T12:01:39Z,Florida Atlantic Owls,1000,,20260719120152693564
NCAAF,americanfootball_ncaaf,247137e181f9ff51165c0283d6d56987,2026-09-05T23:45:00Z,Florida Gators,Florida Atlantic Owls,mybookieag,MyBookie.ag,2026-07-19T12:01:39Z,h2h,2026-07-19T12:01:39Z,Florida Gators,-3030,,20260719120152693564
NCAAF,americanfootball_ncaaf,247137e181f9ff51165c0283d6d56987,2026-09-05T23:45:00Z,Florida Gators,Florida Atlantic Owls,mybookieag,MyBookie.ag,2026-07-19T12:01:39Z,totals,2026-07-19T12:01:39Z,Over,-110,57.5,20260719120152693564
NCAAF,americanfootball_ncaaf,247137e181f9ff51165c0283d6d56987,2026-09-05T23:45:00Z,Florida Gators,Florida Atlantic Owls,mybookieag,MyBookie.ag,2026-07-19T12:01:39Z,totals,2026-07-19T12:01:39Z,Under,-110,57.5,20260719120152693564
NCAAF,americanfootball_ncaaf,0434161af1b45c8a61dac5ba00210af1,2026-09-06T02:00:00Z,New Mexico Lobos,Central Michigan Chippewas,draftkings,DraftKings,2026-07-19T12:01:13Z,h2h,2026-07-19T12:01:13Z,Central Michigan Chippewas,400,,20260719120152693564
NCAAF,americanfootball_ncaaf,0434161af1b45c8a61dac5ba00210af1,2026-09-06T02:00:00Z,New Mexico Lobos,Central Michigan Chippewas,draftkings,DraftKings,2026-07-19T12:01:13Z,h2h,2026-07-19T12:01:13Z,New Mexico Lobos,-535,,20260719120152693564
NCAAF,americanfootball_ncaaf,0434161af1b45c8a61dac5ba00210af1,2026-09-06T02:00:00Z,New Mexico Lobos,Central Michigan Chippewas,draftkings,DraftKings,2026-07-19T12:01:13Z,spreads,2026-07-19T12:01:13Z,Central Michigan Chippewas,-108,12.5,20260719120152693564
NCAAF,americanfootball_ncaaf,0434161af1b45c8a61dac5ba00210af1,2026-09-06T02:00:00Z,New Mexico Lobos,Central Michigan Chippewas,draftkings,DraftKings,2026-07-19T12:01:13Z,spreads,2026-07-19T12:01:13Z,New Mexico Lobos,-112,-12.5,20260719120152693564
NCAAF,americanfootball_ncaaf,0434161af1b45c8a61dac5ba00210af1,2026-09-06T02:00:00Z,New Mexico Lobos,Central Michigan Chippewas,draftkings,DraftKings,2026-07-19T12:01:13Z,totals,2026-07-19T12:01:13Z,Over,-112,49.5,20260719120152693564
NCAAF,americanfootball_ncaaf,0434161af1b45c8a61dac5ba00210af1,2026-09-06T02:00:00Z,New Mexico Lobos,Central Michigan Chippewas,draftkings,DraftKings,2026-07-19T12:01:13Z,totals,2026-07-19T12:01:13Z,Under,-108,49.5,20260719120152693564
NCAAF,americanfootball_ncaaf,0434161af1b45c8a61dac5ba00210af1,2026-09-06T02:00:00Z,New Mexico Lobos,Central Michigan Chippewas,lowvig,LowVig.ag,2026-07-19T12:00:52Z,spreads,2026-07-19T12:00:52Z,Central Michigan Chippewas,-106,12.5,20260719120152693564
NCAAF,americanfootball_ncaaf,0434161af1b45c8a61dac5ba00210af1,2026-09-06T02:00:00Z,New Mexico Lobos,Central Michigan Chippewas,lowvig,LowVig.ag,2026-07-19T12:00:52Z,spreads,2026-07-19T12:00:52Z,New Mexico Lobos,-106,-12.5,20260719120152693564
NCAAF,americanfootball_ncaaf,0434161af1b45c8a61dac5ba00210af1,2026-09-06T02:00:00Z,New Mexico Lobos,Central Michigan Chippewas,lowvig,LowVig.ag,2026-07-19T12:00:52Z,totals,2026-07-19T12:00:52Z,Over,-108,49.5,20260719120152693564
NCAAF,americanfootball_ncaaf,0434161af1b45c8a61dac5ba00210af1,2026-09-06T02:00:00Z,New Mexico Lobos,Central Michigan Chippewas,lowvig,LowVig.ag,2026-07-19T12:00:52Z,totals,2026-07-19T12:00:52Z,Under,-108,49.5,20260719120152693564
NCAAF,americanfootball_ncaaf,0434161af1b45c8a61dac5ba00210af1,2026-09-06T02:00:00Z,New Mexico Lobos,Central Michigan Chippewas,betonlineag,BetOnline.ag,2026-07-19T12:01:41Z,spreads,2026-07-19T12:01:41Z,Central Michigan Chippewas,-110,12.5,20260719120152693564
NCAAF,americanfootball_ncaaf,0434161af1b45c8a61dac5ba00210af1,2026-09-06T02:00:00Z,New Mexico Lobos,Central Michigan Chippewas,betonlineag,BetOnline.ag,2026-07-19T12:01:41Z,spreads,2026-07-19T12:01:41Z,New Mexico Lobos,-110,-12.5,20260719120152693564
NCAAF,americanfootball_ncaaf,0434161af1b45c8a61dac5ba00210af1,2026-09-06T02:00:00Z,New Mexico Lobos,Central Michigan Chippewas,betonlineag,BetOnline.ag,2026-07-19T12:01:41Z,totals,2026-07-19T12:01:41Z,Over,-110,49.5,20260719120152693564
NCAAF,americanfootball_ncaaf,0434161af1b45c8a61dac5ba00210af1,2026-09-06T02:00:00Z,New Mexico Lobos,Central Michigan Chippewas,betonlineag,BetOnline.ag,2026-07-19T12:01:41Z,totals,2026-07-19T12:01:41Z,Under,-110,49.5,20260719120152693564
NCAAF,americanfootball_ncaaf,0434161af1b45c8a61dac5ba00210af1,2026-09-06T02:00:00Z,New Mexico Lobos,Central Michigan Chippewas,betus,BetUS,2026-07-19T12:01:14Z,spreads,2026-07-19T12:01:14Z,Central Michigan Chippewas,-110,12.5,20260719120152693564
NCAAF,americanfootball_ncaaf,0434161af1b45c8a61dac5ba00210af1,2026-09-06T02:00:00Z,New Mexico Lobos,Central Michigan Chippewas,betus,BetUS,2026-07-19T12:01:14Z,spreads,2026-07-19T12:01:14Z,New Mexico Lobos,-110,-12.5,20260719120152693564
NCAAF,americanfootball_ncaaf,0434161af1b45c8a61dac5ba00210af1,2026-09-06T02:00:00Z,New Mexico Lobos,Central Michigan Chippewas,betus,BetUS,2026-07-19T12:01:14Z,totals,2026-07-19T12:01:14Z,Over,-110,49.5,20260719120152693564
NCAAF,americanfootball_ncaaf,0434161af1b45c8a61dac5ba00210af1,2026-09-06T02:00:00Z,New Mexico Lobos,Central Michigan Chippewas,betus,BetUS,2026-07-19T12:01:14Z,totals,2026-07-19T12:01:14Z,Under,-110,49.5,20260719120152693564
NCAAF,americanfootball_ncaaf,0434161af1b45c8a61dac5ba00210af1,2026-09-06T02:00:00Z,New Mexico Lobos,Central Michigan Chippewas,fanduel,FanDuel,2026-07-19T12:01:38Z,h2h,2026-07-19T12:01:38Z,Central Michigan Chippewas,400,,20260719120152693564
NCAAF,americanfootball_ncaaf,0434161af1b45c8a61dac5ba00210af1,2026-09-06T02:00:00Z,New Mexico Lobos,Central Michigan Chippewas,fanduel,FanDuel,2026-07-19T12:01:38Z,h2h,2026-07-19T12:01:38Z,New Mexico Lobos,-550,,20260719120152693564
NCAAF,americanfootball_ncaaf,0434161af1b45c8a61dac5ba00210af1,2026-09-06T02:00:00Z,New Mexico Lobos,Central Michigan Chippewas,fanduel,FanDuel,2026-07-19T12:01:38Z,spreads,2026-07-19T12:01:38Z,Central Michigan Chippewas,-110,12.5,20260719120152693564
NCAAF,americanfootball_ncaaf,0434161af1b45c8a61dac5ba00210af1,2026-09-06T02:00:00Z,New Mexico Lobos,Central Michigan Chippewas,fanduel,FanDuel,2026-07-19T12:01:38Z,spreads,2026-07-19T12:01:38Z,New Mexico Lobos,-110,-12.5,20260719120152693564
NCAAF,americanfootball_ncaaf,0434161af1b45c8a61dac5ba00210af1,2026-09-06T02:00:00Z,New Mexico Lobos,Central Michigan Chippewas,fanduel,FanDuel,2026-07-19T12:01:38Z,totals,2026-07-19T12:01:38Z,Over,-110,48.5,20260719120152693564
NCAAF,americanfootball_ncaaf,0434161af1b45c8a61dac5ba00210af1,2026-09-06T02:00:00Z,New Mexico Lobos,Central Michigan Chippewas,fanduel,FanDuel,2026-07-19T12:01:38Z,totals,2026-07-19T12:01:38Z,Under,-110,48.5,20260719120152693564
NCAAF,americanfootball_ncaaf,0434161af1b45c8a61dac5ba00210af1,2026-09-06T02:00:00Z,New Mexico Lobos,Central Michigan Chippewas,betrivers,BetRivers,2026-07-19T12:01:15Z,h2h,2026-07-19T12:01:15Z,Central Michigan Chippewas,390,,20260719120152693564
NCAAF,americanfootball_ncaaf,0434161af1b45c8a61dac5ba00210af1,2026-09-06T02:00:00Z,New Mexico Lobos,Central Michigan Chippewas,betrivers,BetRivers,2026-07-19T12:01:15Z,h2h,2026-07-19T12:01:15Z,New Mexico Lobos,-560,,20260719120152693564
NCAAF,americanfootball_ncaaf,0434161af1b45c8a61dac5ba00210af1,2026-09-06T02:00:00Z,New Mexico Lobos,Central Michigan Chippewas,betrivers,BetRivers,2026-07-19T12:01:15Z,spreads,2026-07-19T12:01:15Z,Central Michigan Chippewas,-110,12.5,20260719120152693564
NCAAF,americanfootball_ncaaf,0434161af1b45c8a61dac5ba00210af1,2026-09-06T02:00:00Z,New Mexico Lobos,Central Michigan Chippewas,betrivers,BetRivers,2026-07-19T12:01:15Z,spreads,2026-07-19T12:01:15Z,New Mexico Lobos,-113,-12.5,20260719120152693564
NCAAF,americanfootball_ncaaf,0434161af1b45c8a61dac5ba00210af1,2026-09-06T02:00:00Z,New Mexico Lobos,Central Michigan Chippewas,betrivers,BetRivers,2026-07-19T12:01:15Z,totals,2026-07-19T12:01:15Z,Over,-113,49.5,20260719120152693564
NCAAF,americanfootball_ncaaf,0434161af1b45c8a61dac5ba00210af1,2026-09-06T02:00:00Z,New Mexico Lobos,Central Michigan Chippewas,betrivers,BetRivers,2026-07-19T12:01:15Z,totals,2026-07-19T12:01:15Z,Under,-110,49.5,20260719120152693564
NCAAF,americanfootball_ncaaf,0434161af1b45c8a61dac5ba00210af1,2026-09-06T02:00:00Z,New Mexico Lobos,Central Michigan Chippewas,mybookieag,MyBookie.ag,2026-07-19T12:01:39Z,h2h,2026-07-19T12:01:39Z,Central Michigan Chippewas,390,,20260719120152693564
NCAAF,americanfootball_ncaaf,0434161af1b45c8a61dac5ba00210af1,2026-09-06T02:00:00Z,New Mexico Lobos,Central Michigan Chippewas,mybookieag,MyBookie.ag,2026-07-19T12:01:39Z,h2h,2026-07-19T12:01:39Z,New Mexico Lobos,-599,,20260719120152693564
NCAAF,americanfootball_ncaaf,0434161af1b45c8a61dac5ba00210af1,2026-09-06T02:00:00Z,New Mexico Lobos,Central Michigan Chippewas,mybookieag,MyBookie.ag,2026-07-19T12:01:39Z,spreads,2026-07-19T12:01:39Z,Central Michigan Chippewas,-110,12.5,20260719120152693564
NCAAF,americanfootball_ncaaf,0434161af1b45c8a61dac5ba00210af1,2026-09-06T02:00:00Z,New Mexico Lobos,Central Michigan Chippewas,mybookieag,MyBookie.ag,2026-07-19T12:01:39Z,spreads,2026-07-19T12:01:39Z,New Mexico Lobos,-110,-12.5,20260719120152693564
NCAAF,americanfootball_ncaaf,0434161af1b45c8a61dac5ba00210af1,2026-09-06T02:00:00Z,New Mexico Lobos,Central Michigan Chippewas,mybookieag,MyBookie.ag,2026-07-19T12:01:39Z,totals,2026-07-19T12:01:39Z,Over,-110,49.0,20260719120152693564
NCAAF,americanfootball_ncaaf,0434161af1b45c8a61dac5ba00210af1,2026-09-06T02:00:00Z,New Mexico Lobos,Central Michigan Chippewas,mybookieag,MyBookie.ag,2026-07-19T12:01:39Z,totals,2026-07-19T12:01:39Z,Under,-110,49.0,20260719120152693564
NCAAF,americanfootball_ncaaf,0434161af1b45c8a61dac5ba00210af1,2026-09-06T02:00:00Z,New Mexico Lobos,Central Michigan Chippewas,betmgm,BetMGM,2026-07-19T12:01:15Z,spreads,2026-07-19T12:01:15Z,Central Michigan Chippewas,-110,12.5,20260719120152693564
NCAAF,americanfootball_ncaaf,0434161af1b45c8a61dac5ba00210af1,2026-09-06T02:00:00Z,New Mexico Lobos,Central Michigan Chippewas,betmgm,BetMGM,2026-07-19T12:01:15Z,spreads,2026-07-19T12:01:15Z,New Mexico Lobos,-110,-12.5,20260719120152693564
NCAAF,americanfootball_ncaaf,0434161af1b45c8a61dac5ba00210af1,2026-09-06T02:00:00Z,New Mexico Lobos,Central Michigan Chippewas,betmgm,BetMGM,2026-07-19T12:01:15Z,totals,2026-07-19T12:01:15Z,Over,-110,49.5,20260719120152693564
NCAAF,americanfootball_ncaaf,0434161af1b45c8a61dac5ba00210af1,2026-09-06T02:00:00Z,New Mexico Lobos,Central Michigan Chippewas,betmgm,BetMGM,2026-07-19T12:01:15Z,totals,2026-07-19T12:01:15Z,Under,-110,49.5,20260719120152693564
NCAAF,americanfootball_ncaaf,df569f05eeee15a5fdf95bd5ce086d6d,2026-09-06T02:00:00Z,Hawaii Rainbow Warriors,UNLV Rebels,draftkings,DraftKings,2026-07-19T12:01:13Z,h2h,2026-07-19T12:01:13Z,Hawaii Rainbow Warriors,105,,20260719120152693564
NCAAF,americanfootball_ncaaf,df569f05eeee15a5fdf95bd5ce086d6d,2026-09-06T02:00:00Z,Hawaii Rainbow Warriors,UNLV Rebels,draftkings,DraftKings,2026-07-19T12:01:13Z,h2h,2026-07-19T12:01:13Z,UNLV Rebels,-125,,20260719120152693564
NCAAF,americanfootball_ncaaf,df569f05eeee15a5fdf95bd5ce086d6d,2026-09-06T02:00:00Z,Hawaii Rainbow Warriors,UNLV Rebels,draftkings,DraftKings,2026-07-19T12:01:13Z,spreads,2026-07-19T12:01:13Z,Hawaii Rainbow Warriors,-110,1.5,20260719120152693564
NCAAF,americanfootball_ncaaf,df569f05eeee15a5fdf95bd5ce086d6d,2026-09-06T02:00:00Z,Hawaii Rainbow Warriors,UNLV Rebels,draftkings,DraftKings,2026-07-19T12:01:13Z,spreads,2026-07-19T12:01:13Z,UNLV Rebels,-110,-1.5,20260719120152693564
NCAAF,americanfootball_ncaaf,df569f05eeee15a5fdf95bd5ce086d6d,2026-09-06T02:00:00Z,Hawaii Rainbow Warriors,UNLV Rebels,draftkings,DraftKings,2026-07-19T12:01:13Z,totals,2026-07-19T12:01:13Z,Over,-102,58.5,20260719120152693564
NCAAF,americanfootball_ncaaf,df569f05eeee15a5fdf95bd5ce086d6d,2026-09-06T02:00:00Z,Hawaii Rainbow Warriors,UNLV Rebels,draftkings,DraftKings,2026-07-19T12:01:13Z,totals,2026-07-19T12:01:13Z,Under,-118,58.5,20260719120152693564
NCAAF,americanfootball_ncaaf,df569f05eeee15a5fdf95bd5ce086d6d,2026-09-06T02:00:00Z,Hawaii Rainbow Warriors,UNLV Rebels,lowvig,LowVig.ag,2026-07-19T12:00:52Z,spreads,2026-07-19T12:00:52Z,Hawaii Rainbow Warriors,-111,1.0,20260719120152693564
NCAAF,americanfootball_ncaaf,df569f05eeee15a5fdf95bd5ce086d6d,2026-09-06T02:00:00Z,Hawaii Rainbow Warriors,UNLV Rebels,lowvig,LowVig.ag,2026-07-19T12:00:52Z,spreads,2026-07-19T12:00:52Z,UNLV Rebels,-101,-1.0,20260719120152693564
NCAAF,americanfootball_ncaaf,df569f05eeee15a5fdf95bd5ce086d6d,2026-09-06T02:00:00Z,Hawaii Rainbow Warriors,UNLV Rebels,lowvig,LowVig.ag,2026-07-19T12:00:52Z,totals,2026-07-19T12:00:52Z,Over,-108,58.5,20260719120152693564
NCAAF,americanfootball_ncaaf,df569f05eeee15a5fdf95bd5ce086d6d,2026-09-06T02:00:00Z,Hawaii Rainbow Warriors,UNLV Rebels,lowvig,LowVig.ag,2026-07-19T12:00:52Z,totals,2026-07-19T12:00:52Z,Under,-108,58.5,20260719120152693564
NCAAF,americanfootball_ncaaf,df569f05eeee15a5fdf95bd5ce086d6d,2026-09-06T02:00:00Z,Hawaii Rainbow Warriors,UNLV Rebels,betonlineag,BetOnline.ag,2026-07-19T12:01:41Z,spreads,2026-07-19T12:01:41Z,Hawaii Rainbow Warriors,-115,1.0,20260719120152693564
NCAAF,americanfootball_ncaaf,df569f05eeee15a5fdf95bd5ce086d6d,2026-09-06T02:00:00Z,Hawaii Rainbow Warriors,UNLV Rebels,betonlineag,BetOnline.ag,2026-07-19T12:01:41Z,spreads,2026-07-19T12:01:41Z,UNLV Rebels,-105,-1.0,20260719120152693564
NCAAF,americanfootball_ncaaf,df569f05eeee15a5fdf95bd5ce086d6d,2026-09-06T02:00:00Z,Hawaii Rainbow Warriors,UNLV Rebels,betonlineag,BetOnline.ag,2026-07-19T12:01:41Z,totals,2026-07-19T12:01:41Z,Over,-110,58.5,20260719120152693564
NCAAF,americanfootball_ncaaf,df569f05eeee15a5fdf95bd5ce086d6d,2026-09-06T02:00:00Z,Hawaii Rainbow Warriors,UNLV Rebels,betonlineag,BetOnline.ag,2026-07-19T12:01:41Z,totals,2026-07-19T12:01:41Z,Under,-110,58.5,20260719120152693564
NCAAF,americanfootball_ncaaf,df569f05eeee15a5fdf95bd5ce086d6d,2026-09-06T02:00:00Z,Hawaii Rainbow Warriors,UNLV Rebels,betus,BetUS,2026-07-19T12:01:14Z,spreads,2026-07-19T12:01:14Z,Hawaii Rainbow Warriors,-115,1.0,20260719120152693564
NCAAF,americanfootball_ncaaf,df569f05eeee15a5fdf95bd5ce086d6d,2026-09-06T02:00:00Z,Hawaii Rainbow Warriors,UNLV Rebels,betus,BetUS,2026-07-19T12:01:14Z,spreads,2026-07-19T12:01:14Z,UNLV Rebels,-105,-1.0,20260719120152693564
NCAAF,americanfootball_ncaaf,df569f05eeee15a5fdf95bd5ce086d6d,2026-09-06T02:00:00Z,Hawaii Rainbow Warriors,UNLV Rebels,betus,BetUS,2026-07-19T12:01:14Z,totals,2026-07-19T12:01:14Z,Over,-110,58.5,20260719120152693564
NCAAF,americanfootball_ncaaf,df569f05eeee15a5fdf95bd5ce086d6d,2026-09-06T02:00:00Z,Hawaii Rainbow Warriors,UNLV Rebels,betus,BetUS,2026-07-19T12:01:14Z,totals,2026-07-19T12:01:14Z,Under,-110,58.5,20260719120152693564
NCAAF,americanfootball_ncaaf,df569f05eeee15a5fdf95bd5ce086d6d,2026-09-06T02:00:00Z,Hawaii Rainbow Warriors,UNLV Rebels,bovada,Bovada,2026-07-19T12:01:41Z,h2h,2026-07-19T12:01:41Z,Hawaii Rainbow Warriors,105,,20260719120152693564
NCAAF,americanfootball_ncaaf,df569f05eeee15a5fdf95bd5ce086d6d,2026-09-06T02:00:00Z,Hawaii Rainbow Warriors,UNLV Rebels,bovada,Bovada,2026-07-19T12:01:41Z,h2h,2026-07-19T12:01:41Z,UNLV Rebels,-125,,20260719120152693564
NCAAF,americanfootball_ncaaf,df569f05eeee15a5fdf95bd5ce086d6d,2026-09-06T02:00:00Z,Hawaii Rainbow Warriors,UNLV Rebels,bovada,Bovada,2026-07-19T12:01:41Z,spreads,2026-07-19T12:01:41Z,Hawaii Rainbow Warriors,-110,1.5,20260719120152693564
NCAAF,americanfootball_ncaaf,df569f05eeee15a5fdf95bd5ce086d6d,2026-09-06T02:00:00Z,Hawaii Rainbow Warriors,UNLV Rebels,bovada,Bovada,2026-07-19T12:01:41Z,spreads,2026-07-19T12:01:41Z,UNLV Rebels,-110,-1.5,20260719120152693564
NCAAF,americanfootball_ncaaf,df569f05eeee15a5fdf95bd5ce086d6d,2026-09-06T02:00:00Z,Hawaii Rainbow Warriors,UNLV Rebels,bovada,Bovada,2026-07-19T12:01:41Z,totals,2026-07-19T12:01:41Z,Over,100,58.5,20260719120152693564
NCAAF,americanfootball_ncaaf,df569f05eeee15a5fdf95bd5ce086d6d,2026-09-06T02:00:00Z,Hawaii Rainbow Warriors,UNLV Rebels,bovada,Bovada,2026-07-19T12:01:41Z,totals,2026-07-19T12:01:41Z,Under,-120,58.5,20260719120152693564
NCAAF,americanfootball_ncaaf,df569f05eeee15a5fdf95bd5ce086d6d,2026-09-06T02:00:00Z,Hawaii Rainbow Warriors,UNLV Rebels,fanduel,FanDuel,2026-07-19T12:01:38Z,h2h,2026-07-19T12:01:38Z,Hawaii Rainbow Warriors,110,,20260719120152693564
NCAAF,americanfootball_ncaaf,df569f05eeee15a5fdf95bd5ce086d6d,2026-09-06T02:00:00Z,Hawaii Rainbow Warriors,UNLV Rebels,fanduel,FanDuel,2026-07-19T12:01:38Z,h2h,2026-07-19T12:01:38Z,UNLV Rebels,-132,,20260719120152693564
NCAAF,americanfootball_ncaaf,df569f05eeee15a5fdf95bd5ce086d6d,2026-09-06T02:00:00Z,Hawaii Rainbow Warriors,UNLV Rebels,fanduel,FanDuel,2026-07-19T12:01:38Z,spreads,2026-07-19T12:01:38Z,Hawaii Rainbow Warriors,-110,2.5,20260719120152693564
NCAAF,americanfootball_ncaaf,df569f05eeee15a5fdf95bd5ce086d6d,2026-09-06T02:00:00Z,Hawaii Rainbow Warriors,UNLV Rebels,fanduel,FanDuel,2026-07-19T12:01:38Z,spreads,2026-07-19T12:01:38Z,UNLV Rebels,-110,-2.5,20260719120152693564
NCAAF,americanfootball_ncaaf,df569f05eeee15a5fdf95bd5ce086d6d,2026-09-06T02:00:00Z,Hawaii Rainbow Warriors,UNLV Rebels,fanduel,FanDuel,2026-07-19T12:01:38Z,totals,2026-07-19T12:01:38Z,Over,-115,58.5,20260719120152693564
NCAAF,americanfootball_ncaaf,df569f05eeee15a5fdf95bd5ce086d6d,2026-09-06T02:00:00Z,Hawaii Rainbow Warriors,UNLV Rebels,fanduel,FanDuel,2026-07-19T12:01:38Z,totals,2026-07-19T12:01:38Z,Under,-105,58.5,20260719120152693564
NCAAF,americanfootball_ncaaf,df569f05eeee15a5fdf95bd5ce086d6d,2026-09-06T02:00:00Z,Hawaii Rainbow Warriors,UNLV Rebels,mybookieag,MyBookie.ag,2026-07-19T12:01:39Z,h2h,2026-07-19T12:01:39Z,Hawaii Rainbow Warriors,105,,20260719120152693564
NCAAF,americanfootball_ncaaf,df569f05eeee15a5fdf95bd5ce086d6d,2026-09-06T02:00:00Z,Hawaii Rainbow Warriors,UNLV Rebels,mybookieag,MyBookie.ag,2026-07-19T12:01:39Z,h2h,2026-07-19T12:01:39Z,UNLV Rebels,-134,,20260719120152693564
NCAAF,americanfootball_ncaaf,df569f05eeee15a5fdf95bd5ce086d6d,2026-09-06T02:00:00Z,Hawaii Rainbow Warriors,UNLV Rebels,mybookieag,MyBookie.ag,2026-07-19T12:01:39Z,totals,2026-07-19T12:01:39Z,Over,-110,58.5,20260719120152693564
NCAAF,americanfootball_ncaaf,df569f05eeee15a5fdf95bd5ce086d6d,2026-09-06T02:00:00Z,Hawaii Rainbow Warriors,UNLV Rebels,mybookieag,MyBookie.ag,2026-07-19T12:01:39Z,totals,2026-07-19T12:01:39Z,Under,-110,58.5,20260719120152693564
NCAAF,americanfootball_ncaaf,df569f05eeee15a5fdf95bd5ce086d6d,2026-09-06T02:00:00Z,Hawaii Rainbow Warriors,UNLV Rebels,betrivers,BetRivers,2026-07-19T12:01:15Z,h2h,2026-07-19T12:01:15Z,Hawaii Rainbow Warriors,105,,20260719120152693564
NCAAF,americanfootball_ncaaf,df569f05eeee15a5fdf95bd5ce086d6d,2026-09-06T02:00:00Z,Hawaii Rainbow Warriors,UNLV Rebels,betrivers,BetRivers,2026-07-19T12:01:15Z,h2h,2026-07-19T12:01:15Z,UNLV Rebels,-130,,20260719120152693564
NCAAF,americanfootball_ncaaf,df569f05eeee15a5fdf95bd5ce086d6d,2026-09-06T02:00:00Z,Hawaii Rainbow Warriors,UNLV Rebels,betrivers,BetRivers,2026-07-19T12:01:15Z,spreads,2026-07-19T12:01:15Z,Hawaii Rainbow Warriors,-110,2.0,20260719120152693564
NCAAF,americanfootball_ncaaf,df569f05eeee15a5fdf95bd5ce086d6d,2026-09-06T02:00:00Z,Hawaii Rainbow Warriors,UNLV Rebels,betrivers,BetRivers,2026-07-19T12:01:15Z,spreads,2026-07-19T12:01:15Z,UNLV Rebels,-113,-2.0,20260719120152693564
NCAAF,americanfootball_ncaaf,df569f05eeee15a5fdf95bd5ce086d6d,2026-09-06T02:00:00Z,Hawaii Rainbow Warriors,UNLV Rebels,betrivers,BetRivers,2026-07-19T12:01:15Z,totals,2026-07-19T12:01:15Z,Over,-110,58.5,20260719120152693564
NCAAF,americanfootball_ncaaf,df569f05eeee15a5fdf95bd5ce086d6d,2026-09-06T02:00:00Z,Hawaii Rainbow Warriors,UNLV Rebels,betrivers,BetRivers,2026-07-19T12:01:15Z,totals,2026-07-19T12:01:15Z,Under,-113,58.5,20260719120152693564
NCAAF,americanfootball_ncaaf,df569f05eeee15a5fdf95bd5ce086d6d,2026-09-06T02:00:00Z,Hawaii Rainbow Warriors,UNLV Rebels,betmgm,BetMGM,2026-07-19T12:01:15Z,spreads,2026-07-19T12:01:15Z,Hawaii Rainbow Warriors,-110,1.5,20260719120152693564
NCAAF,americanfootball_ncaaf,df569f05eeee15a5fdf95bd5ce086d6d,2026-09-06T02:00:00Z,Hawaii Rainbow Warriors,UNLV Rebels,betmgm,BetMGM,2026-07-19T12:01:15Z,spreads,2026-07-19T12:01:15Z,UNLV Rebels,-110,-1.5,20260719120152693564
NCAAF,americanfootball_ncaaf,df569f05eeee15a5fdf95bd5ce086d6d,2026-09-06T02:00:00Z,Hawaii Rainbow Warriors,UNLV Rebels,betmgm,BetMGM,2026-07-19T12:01:15Z,totals,2026-07-19T12:01:15Z,Over,-105,58.5,20260719120152693564
NCAAF,americanfootball_ncaaf,df569f05eeee15a5fdf95bd5ce086d6d,2026-09-06T02:00:00Z,Hawaii Rainbow Warriors,UNLV Rebels,betmgm,BetMGM,2026-07-19T12:01:15Z,totals,2026-07-19T12:01:15Z,Under,-115,58.5,20260719120152693564
NCAAF,americanfootball_ncaaf,1bb9e45b6e7ed1200104ed018eff9093,2026-09-06T02:30:00Z,California Golden Bears,UCLA Bruins,fanduel,FanDuel,2026-07-19T12:01:38Z,h2h,2026-07-19T12:01:38Z,California Golden Bears,-111,,20260719120152693564
NCAAF,americanfootball_ncaaf,1bb9e45b6e7ed1200104ed018eff9093,2026-09-06T02:30:00Z,California Golden Bears,UCLA Bruins,fanduel,FanDuel,2026-07-19T12:01:38Z,h2h,2026-07-19T12:01:38Z,UCLA Bruins,-108,,20260719120152693564
NCAAF,americanfootball_ncaaf,1bb9e45b6e7ed1200104ed018eff9093,2026-09-06T02:30:00Z,California Golden Bears,UCLA Bruins,fanduel,FanDuel,2026-07-19T12:01:38Z,spreads,2026-07-19T12:01:38Z,California Golden Bears,-102,-1.5,20260719120152693564
NCAAF,americanfootball_ncaaf,1bb9e45b6e7ed1200104ed018eff9093,2026-09-06T02:30:00Z,California Golden Bears,UCLA Bruins,fanduel,FanDuel,2026-07-19T12:01:38Z,spreads,2026-07-19T12:01:38Z,UCLA Bruins,-120,1.5,20260719120152693564
NCAAF,americanfootball_ncaaf,1bb9e45b6e7ed1200104ed018eff9093,2026-09-06T02:30:00Z,California Golden Bears,UCLA Bruins,fanduel,FanDuel,2026-07-19T12:01:38Z,totals,2026-07-19T12:01:38Z,Over,-110,54.5,20260719120152693564
NCAAF,americanfootball_ncaaf,1bb9e45b6e7ed1200104ed018eff9093,2026-09-06T02:30:00Z,California Golden Bears,UCLA Bruins,fanduel,FanDuel,2026-07-19T12:01:38Z,totals,2026-07-19T12:01:38Z,Under,-110,54.5,20260719120152693564
NCAAF,americanfootball_ncaaf,1bb9e45b6e7ed1200104ed018eff9093,2026-09-06T02:30:00Z,California Golden Bears,UCLA Bruins,bovada,Bovada,2026-07-19T12:01:41Z,spreads,2026-07-19T12:01:41Z,California Golden Bears,-110,-1.5,20260719120152693564
NCAAF,americanfootball_ncaaf,1bb9e45b6e7ed1200104ed018eff9093,2026-09-06T02:30:00Z,California Golden Bears,UCLA Bruins,bovada,Bovada,2026-07-19T12:01:41Z,spreads,2026-07-19T12:01:41Z,UCLA Bruins,-110,1.5,20260719120152693564
NCAAF,americanfootball_ncaaf,1bb9e45b6e7ed1200104ed018eff9093,2026-09-06T02:30:00Z,California Golden Bears,UCLA Bruins,bovada,Bovada,2026-07-19T12:01:41Z,totals,2026-07-19T12:01:41Z,Over,-110,53.5,20260719120152693564
NCAAF,americanfootball_ncaaf,1bb9e45b6e7ed1200104ed018eff9093,2026-09-06T02:30:00Z,California Golden Bears,UCLA Bruins,bovada,Bovada,2026-07-19T12:01:41Z,totals,2026-07-19T12:01:41Z,Under,-110,53.5,20260719120152693564
NCAAF,americanfootball_ncaaf,1bb9e45b6e7ed1200104ed018eff9093,2026-09-06T02:30:00Z,California Golden Bears,UCLA Bruins,betrivers,BetRivers,2026-07-19T12:01:15Z,h2h,2026-07-19T12:01:15Z,California Golden Bears,-124,,20260719120152693564
NCAAF,americanfootball_ncaaf,1bb9e45b6e7ed1200104ed018eff9093,2026-09-06T02:30:00Z,California Golden Bears,UCLA Bruins,betrivers,BetRivers,2026-07-19T12:01:15Z,h2h,2026-07-19T12:01:15Z,UCLA Bruins,-104,,20260719120152693564
NCAAF,americanfootball_ncaaf,1bb9e45b6e7ed1200104ed018eff9093,2026-09-06T02:30:00Z,California Golden Bears,UCLA Bruins,betrivers,BetRivers,2026-07-19T12:01:15Z,spreads,2026-07-19T12:01:15Z,California Golden Bears,-109,-1.5,20260719120152693564
NCAAF,americanfootball_ncaaf,1bb9e45b6e7ed1200104ed018eff9093,2026-09-06T02:30:00Z,California Golden Bears,UCLA Bruins,betrivers,BetRivers,2026-07-19T12:01:15Z,spreads,2026-07-19T12:01:15Z,UCLA Bruins,-114,1.5,20260719120152693564
NCAAF,americanfootball_ncaaf,1bb9e45b6e7ed1200104ed018eff9093,2026-09-06T02:30:00Z,California Golden Bears,UCLA Bruins,betrivers,BetRivers,2026-07-19T12:01:15Z,totals,2026-07-19T12:01:15Z,Over,-110,54.0,20260719120152693564
NCAAF,americanfootball_ncaaf,1bb9e45b6e7ed1200104ed018eff9093,2026-09-06T02:30:00Z,California Golden Bears,UCLA Bruins,betrivers,BetRivers,2026-07-19T12:01:15Z,totals,2026-07-19T12:01:15Z,Under,-113,54.0,20260719120152693564
NCAAF,americanfootball_ncaaf,1bb9e45b6e7ed1200104ed018eff9093,2026-09-06T02:30:00Z,California Golden Bears,UCLA Bruins,mybookieag,MyBookie.ag,2026-07-19T12:01:39Z,h2h,2026-07-19T12:01:38Z,California Golden Bears,-121,,20260719120152693564
NCAAF,americanfootball_ncaaf,1bb9e45b6e7ed1200104ed018eff9093,2026-09-06T02:30:00Z,California Golden Bears,UCLA Bruins,mybookieag,MyBookie.ag,2026-07-19T12:01:39Z,h2h,2026-07-19T12:01:38Z,UCLA Bruins,-105,,20260719120152693564
NCAAF,americanfootball_ncaaf,1bb9e45b6e7ed1200104ed018eff9093,2026-09-06T02:30:00Z,California Golden Bears,UCLA Bruins,mybookieag,MyBookie.ag,2026-07-19T12:01:39Z,totals,2026-07-19T12:01:38Z,Over,-110,54.0,20260719120152693564
NCAAF,americanfootball_ncaaf,1bb9e45b6e7ed1200104ed018eff9093,2026-09-06T02:30:00Z,California Golden Bears,UCLA Bruins,mybookieag,MyBookie.ag,2026-07-19T12:01:39Z,totals,2026-07-19T12:01:38Z,Under,-110,54.0,20260719120152693564
NCAAF,americanfootball_ncaaf,1bb9e45b6e7ed1200104ed018eff9093,2026-09-06T02:30:00Z,California Golden Bears,UCLA Bruins,draftkings,DraftKings,2026-07-19T12:01:13Z,h2h,2026-07-19T12:01:13Z,California Golden Bears,-118,,20260719120152693564
NCAAF,americanfootball_ncaaf,1bb9e45b6e7ed1200104ed018eff9093,2026-09-06T02:30:00Z,California Golden Bears,UCLA Bruins,draftkings,DraftKings,2026-07-19T12:01:13Z,h2h,2026-07-19T12:01:13Z,UCLA Bruins,-102,,20260719120152693564
NCAAF,americanfootball_ncaaf,1bb9e45b6e7ed1200104ed018eff9093,2026-09-06T02:30:00Z,California Golden Bears,UCLA Bruins,draftkings,DraftKings,2026-07-19T12:01:13Z,spreads,2026-07-19T12:01:13Z,California Golden Bears,-110,-1.5,20260719120152693564
NCAAF,americanfootball_ncaaf,1bb9e45b6e7ed1200104ed018eff9093,2026-09-06T02:30:00Z,California Golden Bears,UCLA Bruins,draftkings,DraftKings,2026-07-19T12:01:13Z,spreads,2026-07-19T12:01:13Z,UCLA Bruins,-110,1.5,20260719120152693564
NCAAF,americanfootball_ncaaf,1bb9e45b6e7ed1200104ed018eff9093,2026-09-06T02:30:00Z,California Golden Bears,UCLA Bruins,draftkings,DraftKings,2026-07-19T12:01:13Z,totals,2026-07-19T12:01:13Z,Over,-110,53.5,20260719120152693564
NCAAF,americanfootball_ncaaf,1bb9e45b6e7ed1200104ed018eff9093,2026-09-06T02:30:00Z,California Golden Bears,UCLA Bruins,draftkings,DraftKings,2026-07-19T12:01:13Z,totals,2026-07-19T12:01:13Z,Under,-110,53.5,20260719120152693564
NCAAF,americanfootball_ncaaf,1bb9e45b6e7ed1200104ed018eff9093,2026-09-06T02:30:00Z,California Golden Bears,UCLA Bruins,betonlineag,BetOnline.ag,2026-07-19T12:01:41Z,spreads,2026-07-19T12:01:41Z,California Golden Bears,-110,0.0,20260719120152693564
NCAAF,americanfootball_ncaaf,1bb9e45b6e7ed1200104ed018eff9093,2026-09-06T02:30:00Z,California Golden Bears,UCLA Bruins,betonlineag,BetOnline.ag,2026-07-19T12:01:41Z,spreads,2026-07-19T12:01:41Z,UCLA Bruins,-110,0.0,20260719120152693564
NCAAF,americanfootball_ncaaf,1bb9e45b6e7ed1200104ed018eff9093,2026-09-06T02:30:00Z,California Golden Bears,UCLA Bruins,betonlineag,BetOnline.ag,2026-07-19T12:01:41Z,totals,2026-07-19T12:01:41Z,Over,-115,54.5,20260719120152693564
NCAAF,americanfootball_ncaaf,1bb9e45b6e7ed1200104ed018eff9093,2026-09-06T02:30:00Z,California Golden Bears,UCLA Bruins,betonlineag,BetOnline.ag,2026-07-19T12:01:41Z,totals,2026-07-19T12:01:41Z,Under,-105,54.5,20260719120152693564
NCAAF,americanfootball_ncaaf,1bb9e45b6e7ed1200104ed018eff9093,2026-09-06T02:30:00Z,California Golden Bears,UCLA Bruins,lowvig,LowVig.ag,2026-07-19T12:00:52Z,spreads,2026-07-19T12:00:52Z,California Golden Bears,-106,0.0,20260719120152693564
NCAAF,americanfootball_ncaaf,1bb9e45b6e7ed1200104ed018eff9093,2026-09-06T02:30:00Z,California Golden Bears,UCLA Bruins,lowvig,LowVig.ag,2026-07-19T12:00:52Z,spreads,2026-07-19T12:00:52Z,UCLA Bruins,-106,0.0,20260719120152693564
NCAAF,americanfootball_ncaaf,1bb9e45b6e7ed1200104ed018eff9093,2026-09-06T02:30:00Z,California Golden Bears,UCLA Bruins,lowvig,LowVig.ag,2026-07-19T12:00:52Z,totals,2026-07-19T12:00:52Z,Over,-114,54.5,20260719120152693564
NCAAF,americanfootball_ncaaf,1bb9e45b6e7ed1200104ed018eff9093,2026-09-06T02:30:00Z,California Golden Bears,UCLA Bruins,lowvig,LowVig.ag,2026-07-19T12:00:52Z,totals,2026-07-19T12:00:52Z,Under,-103,54.5,20260719120152693564
NCAAF,americanfootball_ncaaf,1bb9e45b6e7ed1200104ed018eff9093,2026-09-06T02:30:00Z,California Golden Bears,UCLA Bruins,betus,BetUS,2026-07-19T12:01:14Z,spreads,2026-07-19T12:01:14Z,California Golden Bears,-110,0.0,20260719120152693564
NCAAF,americanfootball_ncaaf,1bb9e45b6e7ed1200104ed018eff9093,2026-09-06T02:30:00Z,California Golden Bears,UCLA Bruins,betus,BetUS,2026-07-19T12:01:14Z,spreads,2026-07-19T12:01:14Z,UCLA Bruins,-110,0.0,20260719120152693564
NCAAF,americanfootball_ncaaf,1bb9e45b6e7ed1200104ed018eff9093,2026-09-06T02:30:00Z,California Golden Bears,UCLA Bruins,betus,BetUS,2026-07-19T12:01:14Z,totals,2026-07-19T12:01:14Z,Over,-115,54.5,20260719120152693564
NCAAF,americanfootball_ncaaf,1bb9e45b6e7ed1200104ed018eff9093,2026-09-06T02:30:00Z,California Golden Bears,UCLA Bruins,betus,BetUS,2026-07-19T12:01:14Z,totals,2026-07-19T12:01:14Z,Under,-105,54.5,20260719120152693564
NCAAF,americanfootball_ncaaf,1bb9e45b6e7ed1200104ed018eff9093,2026-09-06T02:30:00Z,California Golden Bears,UCLA Bruins,betmgm,BetMGM,2026-07-19T12:01:15Z,spreads,2026-07-19T12:01:15Z,California Golden Bears,-105,-1.5,20260719120152693564
NCAAF,americanfootball_ncaaf,1bb9e45b6e7ed1200104ed018eff9093,2026-09-06T02:30:00Z,California Golden Bears,UCLA Bruins,betmgm,BetMGM,2026-07-19T12:01:15Z,spreads,2026-07-19T12:01:15Z,UCLA Bruins,-115,1.5,20260719120152693564
NCAAF,americanfootball_ncaaf,1bb9e45b6e7ed1200104ed018eff9093,2026-09-06T02:30:00Z,California Golden Bears,UCLA Bruins,betmgm,BetMGM,2026-07-19T12:01:15Z,totals,2026-07-19T12:01:15Z,Over,-110,54.5,20260719120152693564
NCAAF,americanfootball_ncaaf,1bb9e45b6e7ed1200104ed018eff9093,2026-09-06T02:30:00Z,California Golden Bears,UCLA Bruins,betmgm,BetMGM,2026-07-19T12:01:15Z,totals,2026-07-19T12:01:15Z,Under,-110,54.5,20260719120152693564
NCAAF,americanfootball_ncaaf,63efb66a308ba1892fb100b7341a76d8,2026-09-06T02:30:00Z,Nevada Wolf Pack,Western Kentucky Hilltoppers,draftkings,DraftKings,2026-07-19T12:01:13Z,h2h,2026-07-19T12:01:13Z,Nevada Wolf Pack,114,,20260719120152693564
NCAAF,americanfootball_ncaaf,63efb66a308ba1892fb100b7341a76d8,2026-09-06T02:30:00Z,Nevada Wolf Pack,Western Kentucky Hilltoppers,draftkings,DraftKings,2026-07-19T12:01:13Z,h2h,2026-07-19T12:01:13Z,Western Kentucky Hilltoppers,-135,,20260719120152693564
NCAAF,americanfootball_ncaaf,63efb66a308ba1892fb100b7341a76d8,2026-09-06T02:30:00Z,Nevada Wolf Pack,Western Kentucky Hilltoppers,draftkings,DraftKings,2026-07-19T12:01:13Z,spreads,2026-07-19T12:01:13Z,Nevada Wolf Pack,-110,3.0,20260719120152693564
NCAAF,americanfootball_ncaaf,63efb66a308ba1892fb100b7341a76d8,2026-09-06T02:30:00Z,Nevada Wolf Pack,Western Kentucky Hilltoppers,draftkings,DraftKings,2026-07-19T12:01:13Z,spreads,2026-07-19T12:01:13Z,Western Kentucky Hilltoppers,-110,-3.0,20260719120152693564
NCAAF,americanfootball_ncaaf,63efb66a308ba1892fb100b7341a76d8,2026-09-06T02:30:00Z,Nevada Wolf Pack,Western Kentucky Hilltoppers,draftkings,DraftKings,2026-07-19T12:01:13Z,totals,2026-07-19T12:01:13Z,Over,-115,52.5,20260719120152693564
NCAAF,americanfootball_ncaaf,63efb66a308ba1892fb100b7341a76d8,2026-09-06T02:30:00Z,Nevada Wolf Pack,Western Kentucky Hilltoppers,draftkings,DraftKings,2026-07-19T12:01:13Z,totals,2026-07-19T12:01:13Z,Under,-105,52.5,20260719120152693564
NCAAF,americanfootball_ncaaf,63efb66a308ba1892fb100b7341a76d8,2026-09-06T02:30:00Z,Nevada Wolf Pack,Western Kentucky Hilltoppers,betonlineag,BetOnline.ag,2026-07-19T12:01:41Z,spreads,2026-07-19T12:01:41Z,Nevada Wolf Pack,-115,3.0,20260719120152693564
NCAAF,americanfootball_ncaaf,63efb66a308ba1892fb100b7341a76d8,2026-09-06T02:30:00Z,Nevada Wolf Pack,Western Kentucky Hilltoppers,betonlineag,BetOnline.ag,2026-07-19T12:01:41Z,spreads,2026-07-19T12:01:41Z,Western Kentucky Hilltoppers,-105,-3.0,20260719120152693564
NCAAF,americanfootball_ncaaf,63efb66a308ba1892fb100b7341a76d8,2026-09-06T02:30:00Z,Nevada Wolf Pack,Western Kentucky Hilltoppers,betonlineag,BetOnline.ag,2026-07-19T12:01:41Z,totals,2026-07-19T12:01:41Z,Over,-110,53.0,20260719120152693564
NCAAF,americanfootball_ncaaf,63efb66a308ba1892fb100b7341a76d8,2026-09-06T02:30:00Z,Nevada Wolf Pack,Western Kentucky Hilltoppers,betonlineag,BetOnline.ag,2026-07-19T12:01:41Z,totals,2026-07-19T12:01:41Z,Under,-110,53.0,20260719120152693564
NCAAF,americanfootball_ncaaf,63efb66a308ba1892fb100b7341a76d8,2026-09-06T02:30:00Z,Nevada Wolf Pack,Western Kentucky Hilltoppers,lowvig,LowVig.ag,2026-07-19T12:00:52Z,spreads,2026-07-19T12:00:52Z,Nevada Wolf Pack,-111,3.0,20260719120152693564
NCAAF,americanfootball_ncaaf,63efb66a308ba1892fb100b7341a76d8,2026-09-06T02:30:00Z,Nevada Wolf Pack,Western Kentucky Hilltoppers,lowvig,LowVig.ag,2026-07-19T12:00:52Z,spreads,2026-07-19T12:00:52Z,Western Kentucky Hilltoppers,-101,-3.0,20260719120152693564
NCAAF,americanfootball_ncaaf,63efb66a308ba1892fb100b7341a76d8,2026-09-06T02:30:00Z,Nevada Wolf Pack,Western Kentucky Hilltoppers,lowvig,LowVig.ag,2026-07-19T12:00:52Z,totals,2026-07-19T12:00:52Z,Over,-108,53.0,20260719120152693564
NCAAF,americanfootball_ncaaf,63efb66a308ba1892fb100b7341a76d8,2026-09-06T02:30:00Z,Nevada Wolf Pack,Western Kentucky Hilltoppers,lowvig,LowVig.ag,2026-07-19T12:00:52Z,totals,2026-07-19T12:00:52Z,Under,-108,53.0,20260719120152693564
NCAAF,americanfootball_ncaaf,63efb66a308ba1892fb100b7341a76d8,2026-09-06T02:30:00Z,Nevada Wolf Pack,Western Kentucky Hilltoppers,betus,BetUS,2026-07-19T12:01:14Z,spreads,2026-07-19T12:01:14Z,Nevada Wolf Pack,-115,3.0,20260719120152693564
NCAAF,americanfootball_ncaaf,63efb66a308ba1892fb100b7341a76d8,2026-09-06T02:30:00Z,Nevada Wolf Pack,Western Kentucky Hilltoppers,betus,BetUS,2026-07-19T12:01:14Z,spreads,2026-07-19T12:01:14Z,Western Kentucky Hilltoppers,-105,-3.0,20260719120152693564
NCAAF,americanfootball_ncaaf,63efb66a308ba1892fb100b7341a76d8,2026-09-06T02:30:00Z,Nevada Wolf Pack,Western Kentucky Hilltoppers,betus,BetUS,2026-07-19T12:01:14Z,totals,2026-07-19T12:01:14Z,Over,-110,53.0,20260719120152693564
NCAAF,americanfootball_ncaaf,63efb66a308ba1892fb100b7341a76d8,2026-09-06T02:30:00Z,Nevada Wolf Pack,Western Kentucky Hilltoppers,betus,BetUS,2026-07-19T12:01:14Z,totals,2026-07-19T12:01:14Z,Under,-110,53.0,20260719120152693564
NCAAF,americanfootball_ncaaf,63efb66a308ba1892fb100b7341a76d8,2026-09-06T02:30:00Z,Nevada Wolf Pack,Western Kentucky Hilltoppers,bovada,Bovada,2026-07-19T12:01:41Z,h2h,2026-07-19T12:01:41Z,Nevada Wolf Pack,115,,20260719120152693564
NCAAF,americanfootball_ncaaf,63efb66a308ba1892fb100b7341a76d8,2026-09-06T02:30:00Z,Nevada Wolf Pack,Western Kentucky Hilltoppers,bovada,Bovada,2026-07-19T12:01:41Z,h2h,2026-07-19T12:01:41Z,Western Kentucky Hilltoppers,-135,,20260719120152693564
NCAAF,americanfootball_ncaaf,63efb66a308ba1892fb100b7341a76d8,2026-09-06T02:30:00Z,Nevada Wolf Pack,Western Kentucky Hilltoppers,bovada,Bovada,2026-07-19T12:01:41Z,spreads,2026-07-19T12:01:41Z,Nevada Wolf Pack,-110,3.0,20260719120152693564
NCAAF,americanfootball_ncaaf,63efb66a308ba1892fb100b7341a76d8,2026-09-06T02:30:00Z,Nevada Wolf Pack,Western Kentucky Hilltoppers,bovada,Bovada,2026-07-19T12:01:41Z,spreads,2026-07-19T12:01:41Z,Western Kentucky Hilltoppers,-110,-3.0,20260719120152693564
NCAAF,americanfootball_ncaaf,63efb66a308ba1892fb100b7341a76d8,2026-09-06T02:30:00Z,Nevada Wolf Pack,Western Kentucky Hilltoppers,bovada,Bovada,2026-07-19T12:01:41Z,totals,2026-07-19T12:01:41Z,Over,-115,52.5,20260719120152693564
NCAAF,americanfootball_ncaaf,63efb66a308ba1892fb100b7341a76d8,2026-09-06T02:30:00Z,Nevada Wolf Pack,Western Kentucky Hilltoppers,bovada,Bovada,2026-07-19T12:01:41Z,totals,2026-07-19T12:01:41Z,Under,-105,52.5,20260719120152693564
NCAAF,americanfootball_ncaaf,63efb66a308ba1892fb100b7341a76d8,2026-09-06T02:30:00Z,Nevada Wolf Pack,Western Kentucky Hilltoppers,fanduel,FanDuel,2026-07-19T12:01:38Z,h2h,2026-07-19T12:01:38Z,Nevada Wolf Pack,122,,20260719120152693564
NCAAF,americanfootball_ncaaf,63efb66a308ba1892fb100b7341a76d8,2026-09-06T02:30:00Z,Nevada Wolf Pack,Western Kentucky Hilltoppers,fanduel,FanDuel,2026-07-19T12:01:38Z,h2h,2026-07-19T12:01:38Z,Western Kentucky Hilltoppers,-146,,20260719120152693564
NCAAF,americanfootball_ncaaf,63efb66a308ba1892fb100b7341a76d8,2026-09-06T02:30:00Z,Nevada Wolf Pack,Western Kentucky Hilltoppers,fanduel,FanDuel,2026-07-19T12:01:38Z,spreads,2026-07-19T12:01:38Z,Nevada Wolf Pack,102,2.5,20260719120152693564
NCAAF,americanfootball_ncaaf,63efb66a308ba1892fb100b7341a76d8,2026-09-06T02:30:00Z,Nevada Wolf Pack,Western Kentucky Hilltoppers,fanduel,FanDuel,2026-07-19T12:01:38Z,spreads,2026-07-19T12:01:38Z,Western Kentucky Hilltoppers,-124,-2.5,20260719120152693564
NCAAF,americanfootball_ncaaf,63efb66a308ba1892fb100b7341a76d8,2026-09-06T02:30:00Z,Nevada Wolf Pack,Western Kentucky Hilltoppers,fanduel,FanDuel,2026-07-19T12:01:38Z,totals,2026-07-19T12:01:38Z,Over,-115,52.5,20260719120152693564
NCAAF,americanfootball_ncaaf,63efb66a308ba1892fb100b7341a76d8,2026-09-06T02:30:00Z,Nevada Wolf Pack,Western Kentucky Hilltoppers,fanduel,FanDuel,2026-07-19T12:01:38Z,totals,2026-07-19T12:01:38Z,Under,-105,52.5,20260719120152693564
NCAAF,americanfootball_ncaaf,63efb66a308ba1892fb100b7341a76d8,2026-09-06T02:30:00Z,Nevada Wolf Pack,Western Kentucky Hilltoppers,betrivers,BetRivers,2026-07-19T12:01:15Z,h2h,2026-07-19T12:01:15Z,Nevada Wolf Pack,120,,20260719120152693564
NCAAF,americanfootball_ncaaf,63efb66a308ba1892fb100b7341a76d8,2026-09-06T02:30:00Z,Nevada Wolf Pack,Western Kentucky Hilltoppers,betrivers,BetRivers,2026-07-19T12:01:15Z,h2h,2026-07-19T12:01:15Z,Western Kentucky Hilltoppers,-150,,20260719120152693564
NCAAF,americanfootball_ncaaf,63efb66a308ba1892fb100b7341a76d8,2026-09-06T02:30:00Z,Nevada Wolf Pack,Western Kentucky Hilltoppers,betrivers,BetRivers,2026-07-19T12:01:15Z,spreads,2026-07-19T12:01:15Z,Nevada Wolf Pack,-110,3.0,20260719120152693564
NCAAF,americanfootball_ncaaf,63efb66a308ba1892fb100b7341a76d8,2026-09-06T02:30:00Z,Nevada Wolf Pack,Western Kentucky Hilltoppers,betrivers,BetRivers,2026-07-19T12:01:15Z,spreads,2026-07-19T12:01:15Z,Western Kentucky Hilltoppers,-113,-3.0,20260719120152693564
NCAAF,americanfootball_ncaaf,63efb66a308ba1892fb100b7341a76d8,2026-09-06T02:30:00Z,Nevada Wolf Pack,Western Kentucky Hilltoppers,betrivers,BetRivers,2026-07-19T12:01:15Z,totals,2026-07-19T12:01:15Z,Over,-112,52.5,20260719120152693564
NCAAF,americanfootball_ncaaf,63efb66a308ba1892fb100b7341a76d8,2026-09-06T02:30:00Z,Nevada Wolf Pack,Western Kentucky Hilltoppers,betrivers,BetRivers,2026-07-19T12:01:15Z,totals,2026-07-19T12:01:15Z,Under,-112,52.5,20260719120152693564
NCAAF,americanfootball_ncaaf,63efb66a308ba1892fb100b7341a76d8,2026-09-06T02:30:00Z,Nevada Wolf Pack,Western Kentucky Hilltoppers,mybookieag,MyBookie.ag,2026-07-19T12:01:39Z,h2h,2026-07-19T12:01:39Z,Nevada Wolf Pack,116,,20260719120152693564
NCAAF,americanfootball_ncaaf,63efb66a308ba1892fb100b7341a76d8,2026-09-06T02:30:00Z,Nevada Wolf Pack,Western Kentucky Hilltoppers,mybookieag,MyBookie.ag,2026-07-19T12:01:39Z,h2h,2026-07-19T12:01:39Z,Western Kentucky Hilltoppers,-148,,20260719120152693564
NCAAF,americanfootball_ncaaf,63efb66a308ba1892fb100b7341a76d8,2026-09-06T02:30:00Z,Nevada Wolf Pack,Western Kentucky Hilltoppers,mybookieag,MyBookie.ag,2026-07-19T12:01:39Z,spreads,2026-07-19T12:01:39Z,Nevada Wolf Pack,-110,3.0,20260719120152693564
NCAAF,americanfootball_ncaaf,63efb66a308ba1892fb100b7341a76d8,2026-09-06T02:30:00Z,Nevada Wolf Pack,Western Kentucky Hilltoppers,mybookieag,MyBookie.ag,2026-07-19T12:01:39Z,spreads,2026-07-19T12:01:39Z,Western Kentucky Hilltoppers,-110,-3.0,20260719120152693564
NCAAF,americanfootball_ncaaf,63efb66a308ba1892fb100b7341a76d8,2026-09-06T02:30:00Z,Nevada Wolf Pack,Western Kentucky Hilltoppers,mybookieag,MyBookie.ag,2026-07-19T12:01:39Z,totals,2026-07-19T12:01:39Z,Over,-110,53.0,20260719120152693564
NCAAF,americanfootball_ncaaf,63efb66a308ba1892fb100b7341a76d8,2026-09-06T02:30:00Z,Nevada Wolf Pack,Western Kentucky Hilltoppers,mybookieag,MyBookie.ag,2026-07-19T12:01:39Z,totals,2026-07-19T12:01:39Z,Under,-110,53.0,20260719120152693564
NCAAF,americanfootball_ncaaf,63efb66a308ba1892fb100b7341a76d8,2026-09-06T02:30:00Z,Nevada Wolf Pack,Western Kentucky Hilltoppers,betmgm,BetMGM,2026-07-19T12:01:15Z,spreads,2026-07-19T12:01:15Z,Nevada Wolf Pack,-110,3.0,20260719120152693564
NCAAF,americanfootball_ncaaf,63efb66a308ba1892fb100b7341a76d8,2026-09-06T02:30:00Z,Nevada Wolf Pack,Western Kentucky Hilltoppers,betmgm,BetMGM,2026-07-19T12:01:15Z,spreads,2026-07-19T12:01:15Z,Western Kentucky Hilltoppers,-110,-3.0,20260719120152693564
NCAAF,americanfootball_ncaaf,63efb66a308ba1892fb100b7341a76d8,2026-09-06T02:30:00Z,Nevada Wolf Pack,Western Kentucky Hilltoppers,betmgm,BetMGM,2026-07-19T12:01:15Z,totals,2026-07-19T12:01:15Z,Over,-115,52.5,20260719120152693564
NCAAF,americanfootball_ncaaf,63efb66a308ba1892fb100b7341a76d8,2026-09-06T02:30:00Z,Nevada Wolf Pack,Western Kentucky Hilltoppers,betmgm,BetMGM,2026-07-19T12:01:15Z,totals,2026-07-19T12:01:15Z,Under,-105,52.5,20260719120152693564
NCAAF,americanfootball_ncaaf,36c2a063d7a55e85488fbe0e89015686,2026-09-06T20:00:00Z,Washington Huskies,Washington State Cougars,draftkings,DraftKings,2026-07-19T12:01:13Z,h2h,2026-07-19T12:01:13Z,Washington Huskies,-2100,,20260719120152693564
NCAAF,americanfootball_ncaaf,36c2a063d7a55e85488fbe0e89015686,2026-09-06T20:00:00Z,Washington Huskies,Washington State Cougars,draftkings,DraftKings,2026-07-19T12:01:13Z,h2h,2026-07-19T12:01:13Z,Washington State Cougars,1100,,20260719120152693564
NCAAF,americanfootball_ncaaf,36c2a063d7a55e85488fbe0e89015686,2026-09-06T20:00:00Z,Washington Huskies,Washington State Cougars,draftkings,DraftKings,2026-07-19T12:01:13Z,spreads,2026-07-19T12:01:13Z,Washington Huskies,-108,-21.5,20260719120152693564
NCAAF,americanfootball_ncaaf,36c2a063d7a55e85488fbe0e89015686,2026-09-06T20:00:00Z,Washington Huskies,Washington State Cougars,draftkings,DraftKings,2026-07-19T12:01:13Z,spreads,2026-07-19T12:01:13Z,Washington State Cougars,-112,21.5,20260719120152693564
NCAAF,americanfootball_ncaaf,36c2a063d7a55e85488fbe0e89015686,2026-09-06T20:00:00Z,Washington Huskies,Washington State Cougars,draftkings,DraftKings,2026-07-19T12:01:13Z,totals,2026-07-19T12:01:13Z,Over,-112,50.5,20260719120152693564
NCAAF,americanfootball_ncaaf,36c2a063d7a55e85488fbe0e89015686,2026-09-06T20:00:00Z,Washington Huskies,Washington State Cougars,draftkings,DraftKings,2026-07-19T12:01:13Z,totals,2026-07-19T12:01:13Z,Under,-108,50.5,20260719120152693564
NCAAF,americanfootball_ncaaf,36c2a063d7a55e85488fbe0e89015686,2026-09-06T20:00:00Z,Washington Huskies,Washington State Cougars,betus,BetUS,2026-07-19T12:01:14Z,spreads,2026-07-19T12:01:14Z,Washington Huskies,-110,-21.5,20260719120152693564
NCAAF,americanfootball_ncaaf,36c2a063d7a55e85488fbe0e89015686,2026-09-06T20:00:00Z,Washington Huskies,Washington State Cougars,betus,BetUS,2026-07-19T12:01:14Z,spreads,2026-07-19T12:01:14Z,Washington State Cougars,-110,21.5,20260719120152693564
NCAAF,americanfootball_ncaaf,36c2a063d7a55e85488fbe0e89015686,2026-09-06T20:00:00Z,Washington Huskies,Washington State Cougars,betus,BetUS,2026-07-19T12:01:14Z,totals,2026-07-19T12:01:14Z,Over,-115,50.5,20260719120152693564
NCAAF,americanfootball_ncaaf,36c2a063d7a55e85488fbe0e89015686,2026-09-06T20:00:00Z,Washington Huskies,Washington State Cougars,betus,BetUS,2026-07-19T12:01:14Z,totals,2026-07-19T12:01:14Z,Under,-105,50.5,20260719120152693564
NCAAF,americanfootball_ncaaf,36c2a063d7a55e85488fbe0e89015686,2026-09-06T20:00:00Z,Washington Huskies,Washington State Cougars,betonlineag,BetOnline.ag,2026-07-19T12:01:41Z,spreads,2026-07-19T12:01:41Z,Washington Huskies,-110,-21.5,20260719120152693564
NCAAF,americanfootball_ncaaf,36c2a063d7a55e85488fbe0e89015686,2026-09-06T20:00:00Z,Washington Huskies,Washington State Cougars,betonlineag,BetOnline.ag,2026-07-19T12:01:41Z,spreads,2026-07-19T12:01:41Z,Washington State Cougars,-110,21.5,20260719120152693564
NCAAF,americanfootball_ncaaf,36c2a063d7a55e85488fbe0e89015686,2026-09-06T20:00:00Z,Washington Huskies,Washington State Cougars,betonlineag,BetOnline.ag,2026-07-19T12:01:41Z,totals,2026-07-19T12:01:41Z,Over,-115,50.5,20260719120152693564
NCAAF,americanfootball_ncaaf,36c2a063d7a55e85488fbe0e89015686,2026-09-06T20:00:00Z,Washington Huskies,Washington State Cougars,betonlineag,BetOnline.ag,2026-07-19T12:01:41Z,totals,2026-07-19T12:01:41Z,Under,-105,50.5,20260719120152693564
NCAAF,americanfootball_ncaaf,36c2a063d7a55e85488fbe0e89015686,2026-09-06T20:00:00Z,Washington Huskies,Washington State Cougars,lowvig,LowVig.ag,2026-07-19T12:00:52Z,spreads,2026-07-19T12:00:52Z,Washington Huskies,-106,-21.5,20260719120152693564
NCAAF,americanfootball_ncaaf,36c2a063d7a55e85488fbe0e89015686,2026-09-06T20:00:00Z,Washington Huskies,Washington State Cougars,lowvig,LowVig.ag,2026-07-19T12:00:52Z,spreads,2026-07-19T12:00:52Z,Washington State Cougars,-106,21.5,20260719120152693564
NCAAF,americanfootball_ncaaf,36c2a063d7a55e85488fbe0e89015686,2026-09-06T20:00:00Z,Washington Huskies,Washington State Cougars,lowvig,LowVig.ag,2026-07-19T12:00:52Z,totals,2026-07-19T12:00:52Z,Over,-114,50.5,20260719120152693564
NCAAF,americanfootball_ncaaf,36c2a063d7a55e85488fbe0e89015686,2026-09-06T20:00:00Z,Washington Huskies,Washington State Cougars,lowvig,LowVig.ag,2026-07-19T12:00:52Z,totals,2026-07-19T12:00:52Z,Under,-103,50.5,20260719120152693564
NCAAF,americanfootball_ncaaf,36c2a063d7a55e85488fbe0e89015686,2026-09-06T20:00:00Z,Washington Huskies,Washington State Cougars,fanduel,FanDuel,2026-07-19T12:01:38Z,h2h,2026-07-19T12:01:38Z,Washington Huskies,-2100,,20260719120152693564
NCAAF,americanfootball_ncaaf,36c2a063d7a55e85488fbe0e89015686,2026-09-06T20:00:00Z,Washington Huskies,Washington State Cougars,fanduel,FanDuel,2026-07-19T12:01:38Z,h2h,2026-07-19T12:01:38Z,Washington State Cougars,1000,,20260719120152693564
NCAAF,americanfootball_ncaaf,36c2a063d7a55e85488fbe0e89015686,2026-09-06T20:00:00Z,Washington Huskies,Washington State Cougars,fanduel,FanDuel,2026-07-19T12:01:38Z,spreads,2026-07-19T12:01:38Z,Washington Huskies,-105,-21.5,20260719120152693564
NCAAF,americanfootball_ncaaf,36c2a063d7a55e85488fbe0e89015686,2026-09-06T20:00:00Z,Washington Huskies,Washington State Cougars,fanduel,FanDuel,2026-07-19T12:01:38Z,spreads,2026-07-19T12:01:38Z,Washington State Cougars,-115,21.5,20260719120152693564
NCAAF,americanfootball_ncaaf,36c2a063d7a55e85488fbe0e89015686,2026-09-06T20:00:00Z,Washington Huskies,Washington State Cougars,fanduel,FanDuel,2026-07-19T12:01:38Z,totals,2026-07-19T12:01:38Z,Over,-115,50.5,20260719120152693564
NCAAF,americanfootball_ncaaf,36c2a063d7a55e85488fbe0e89015686,2026-09-06T20:00:00Z,Washington Huskies,Washington State Cougars,fanduel,FanDuel,2026-07-19T12:01:38Z,totals,2026-07-19T12:01:38Z,Under,-105,50.5,20260719120152693564
NCAAF,americanfootball_ncaaf,36c2a063d7a55e85488fbe0e89015686,2026-09-06T20:00:00Z,Washington Huskies,Washington State Cougars,betmgm,BetMGM,2026-07-19T12:01:15Z,spreads,2026-07-19T12:01:15Z,Washington Huskies,-110,-21.5,20260719120152693564
NCAAF,americanfootball_ncaaf,36c2a063d7a55e85488fbe0e89015686,2026-09-06T20:00:00Z,Washington Huskies,Washington State Cougars,betmgm,BetMGM,2026-07-19T12:01:15Z,spreads,2026-07-19T12:01:15Z,Washington State Cougars,-110,21.5,20260719120152693564
NCAAF,americanfootball_ncaaf,36c2a063d7a55e85488fbe0e89015686,2026-09-06T20:00:00Z,Washington Huskies,Washington State Cougars,betmgm,BetMGM,2026-07-19T12:01:15Z,totals,2026-07-19T12:01:15Z,Over,-110,50.5,20260719120152693564
NCAAF,americanfootball_ncaaf,36c2a063d7a55e85488fbe0e89015686,2026-09-06T20:00:00Z,Washington Huskies,Washington State Cougars,betmgm,BetMGM,2026-07-19T12:01:15Z,totals,2026-07-19T12:01:15Z,Under,-110,50.5,20260719120152693564
NCAAF,americanfootball_ncaaf,36c2a063d7a55e85488fbe0e89015686,2026-09-06T20:00:00Z,Washington Huskies,Washington State Cougars,betrivers,BetRivers,2026-07-19T12:01:15Z,spreads,2026-07-19T12:01:15Z,Washington Huskies,-110,-21.5,20260719120152693564
NCAAF,americanfootball_ncaaf,36c2a063d7a55e85488fbe0e89015686,2026-09-06T20:00:00Z,Washington Huskies,Washington State Cougars,betrivers,BetRivers,2026-07-19T12:01:15Z,spreads,2026-07-19T12:01:15Z,Washington State Cougars,-112,21.5,20260719120152693564
NCAAF,americanfootball_ncaaf,36c2a063d7a55e85488fbe0e89015686,2026-09-06T20:00:00Z,Washington Huskies,Washington State Cougars,betrivers,BetRivers,2026-07-19T12:01:15Z,totals,2026-07-19T12:01:15Z,Over,-114,50.5,20260719120152693564
NCAAF,americanfootball_ncaaf,36c2a063d7a55e85488fbe0e89015686,2026-09-06T20:00:00Z,Washington Huskies,Washington State Cougars,betrivers,BetRivers,2026-07-19T12:01:15Z,totals,2026-07-19T12:01:15Z,Under,-109,50.5,20260719120152693564
NCAAF,americanfootball_ncaaf,36c2a063d7a55e85488fbe0e89015686,2026-09-06T20:00:00Z,Washington Huskies,Washington State Cougars,bovada,Bovada,2026-07-19T12:01:41Z,h2h,2026-07-19T12:01:41Z,Washington Huskies,-2500,,20260719120152693564
NCAAF,americanfootball_ncaaf,36c2a063d7a55e85488fbe0e89015686,2026-09-06T20:00:00Z,Washington Huskies,Washington State Cougars,bovada,Bovada,2026-07-19T12:01:41Z,h2h,2026-07-19T12:01:41Z,Washington State Cougars,1000,,20260719120152693564
NCAAF,americanfootball_ncaaf,36c2a063d7a55e85488fbe0e89015686,2026-09-06T20:00:00Z,Washington Huskies,Washington State Cougars,bovada,Bovada,2026-07-19T12:01:41Z,spreads,2026-07-19T12:01:41Z,Washington Huskies,-110,-21.5,20260719120152693564
NCAAF,americanfootball_ncaaf,36c2a063d7a55e85488fbe0e89015686,2026-09-06T20:00:00Z,Washington Huskies,Washington State Cougars,bovada,Bovada,2026-07-19T12:01:41Z,spreads,2026-07-19T12:01:41Z,Washington State Cougars,-110,21.5,20260719120152693564
NCAAF,americanfootball_ncaaf,36c2a063d7a55e85488fbe0e89015686,2026-09-06T20:00:00Z,Washington Huskies,Washington State Cougars,bovada,Bovada,2026-07-19T12:01:41Z,totals,2026-07-19T12:01:41Z,Over,-110,50.5,20260719120152693564
NCAAF,americanfootball_ncaaf,36c2a063d7a55e85488fbe0e89015686,2026-09-06T20:00:00Z,Washington Huskies,Washington State Cougars,bovada,Bovada,2026-07-19T12:01:41Z,totals,2026-07-19T12:01:41Z,Under,-110,50.5,20260719120152693564
NCAAF,americanfootball_ncaaf,36c2a063d7a55e85488fbe0e89015686,2026-09-06T20:00:00Z,Washington Huskies,Washington State Cougars,mybookieag,MyBookie.ag,2026-07-19T12:01:39Z,h2h,2026-07-19T12:01:39Z,Washington Huskies,-2273,,20260719120152693564
NCAAF,americanfootball_ncaaf,36c2a063d7a55e85488fbe0e89015686,2026-09-06T20:00:00Z,Washington Huskies,Washington State Cougars,mybookieag,MyBookie.ag,2026-07-19T12:01:39Z,h2h,2026-07-19T12:01:39Z,Washington State Cougars,860,,20260719120152693564
NCAAF,americanfootball_ncaaf,36c2a063d7a55e85488fbe0e89015686,2026-09-06T20:00:00Z,Washington Huskies,Washington State Cougars,mybookieag,MyBookie.ag,2026-07-19T12:01:39Z,spreads,2026-07-19T12:01:39Z,Washington Huskies,-110,-21.5,20260719120152693564
NCAAF,americanfootball_ncaaf,36c2a063d7a55e85488fbe0e89015686,2026-09-06T20:00:00Z,Washington Huskies,Washington State Cougars,mybookieag,MyBookie.ag,2026-07-19T12:01:39Z,spreads,2026-07-19T12:01:39Z,Washington State Cougars,-110,21.5,20260719120152693564
NCAAF,americanfootball_ncaaf,36c2a063d7a55e85488fbe0e89015686,2026-09-06T20:00:00Z,Washington Huskies,Washington State Cougars,mybookieag,MyBookie.ag,2026-07-19T12:01:39Z,totals,2026-07-19T12:01:39Z,Over,-110,50.5,20260719120152693564
NCAAF,americanfootball_ncaaf,36c2a063d7a55e85488fbe0e89015686,2026-09-06T20:00:00Z,Washington Huskies,Washington State Cougars,mybookieag,MyBookie.ag,2026-07-19T12:01:39Z,totals,2026-07-19T12:01:39Z,Under,-110,50.5,20260719120152693564
NCAAF,americanfootball_ncaaf,4f0e1900bdc8d12bf0cc91ae291c104e,2026-09-06T23:30:00Z,Ole Miss Rebels,Louisville Cardinals,draftkings,DraftKings,2026-07-19T12:01:13Z,h2h,2026-07-19T12:01:13Z,Louisville Cardinals,220,,20260719120152693564
NCAAF,americanfootball_ncaaf,4f0e1900bdc8d12bf0cc91ae291c104e,2026-09-06T23:30:00Z,Ole Miss Rebels,Louisville Cardinals,draftkings,DraftKings,2026-07-19T12:01:13Z,h2h,2026-07-19T12:01:13Z,Ole Miss Rebels,-270,,20260719120152693564
NCAAF,americanfootball_ncaaf,4f0e1900bdc8d12bf0cc91ae291c104e,2026-09-06T23:30:00Z,Ole Miss Rebels,Louisville Cardinals,draftkings,DraftKings,2026-07-19T12:01:13Z,spreads,2026-07-19T12:01:13Z,Louisville Cardinals,-115,6.5,20260719120152693564
NCAAF,americanfootball_ncaaf,4f0e1900bdc8d12bf0cc91ae291c104e,2026-09-06T23:30:00Z,Ole Miss Rebels,Louisville Cardinals,draftkings,DraftKings,2026-07-19T12:01:13Z,spreads,2026-07-19T12:01:13Z,Ole Miss Rebels,-105,-6.5,20260719120152693564
NCAAF,americanfootball_ncaaf,4f0e1900bdc8d12bf0cc91ae291c104e,2026-09-06T23:30:00Z,Ole Miss Rebels,Louisville Cardinals,draftkings,DraftKings,2026-07-19T12:01:13Z,totals,2026-07-19T12:01:13Z,Over,-110,55.5,20260719120152693564
NCAAF,americanfootball_ncaaf,4f0e1900bdc8d12bf0cc91ae291c104e,2026-09-06T23:30:00Z,Ole Miss Rebels,Louisville Cardinals,draftkings,DraftKings,2026-07-19T12:01:13Z,totals,2026-07-19T12:01:13Z,Under,-110,55.5,20260719120152693564
NCAAF,americanfootball_ncaaf,4f0e1900bdc8d12bf0cc91ae291c104e,2026-09-06T23:30:00Z,Ole Miss Rebels,Louisville Cardinals,betrivers,BetRivers,2026-07-19T12:01:15Z,h2h,2026-07-19T12:01:15Z,Louisville Cardinals,180,,20260719120152693564
NCAAF,americanfootball_ncaaf,4f0e1900bdc8d12bf0cc91ae291c104e,2026-09-06T23:30:00Z,Ole Miss Rebels,Louisville Cardinals,betrivers,BetRivers,2026-07-19T12:01:15Z,h2h,2026-07-19T12:01:15Z,Ole Miss Rebels,-240,,20260719120152693564
NCAAF,americanfootball_ncaaf,4f0e1900bdc8d12bf0cc91ae291c104e,2026-09-06T23:30:00Z,Ole Miss Rebels,Louisville Cardinals,betrivers,BetRivers,2026-07-19T12:01:15Z,spreads,2026-07-19T12:01:15Z,Louisville Cardinals,-110,6.5,20260719120152693564
NCAAF,americanfootball_ncaaf,4f0e1900bdc8d12bf0cc91ae291c104e,2026-09-06T23:30:00Z,Ole Miss Rebels,Louisville Cardinals,betrivers,BetRivers,2026-07-19T12:01:15Z,spreads,2026-07-19T12:01:15Z,Ole Miss Rebels,-113,-6.5,20260719120152693564
NCAAF,americanfootball_ncaaf,4f0e1900bdc8d12bf0cc91ae291c104e,2026-09-06T23:30:00Z,Ole Miss Rebels,Louisville Cardinals,betrivers,BetRivers,2026-07-19T12:01:15Z,totals,2026-07-19T12:01:15Z,Over,-109,55.5,20260719120152693564
NCAAF,americanfootball_ncaaf,4f0e1900bdc8d12bf0cc91ae291c104e,2026-09-06T23:30:00Z,Ole Miss Rebels,Louisville Cardinals,betrivers,BetRivers,2026-07-19T12:01:15Z,totals,2026-07-19T12:01:15Z,Under,-114,55.5,20260719120152693564
NCAAF,americanfootball_ncaaf,4f0e1900bdc8d12bf0cc91ae291c104e,2026-09-06T23:30:00Z,Ole Miss Rebels,Louisville Cardinals,mybookieag,MyBookie.ag,2026-07-19T12:01:39Z,h2h,2026-07-19T12:01:38Z,Louisville Cardinals,195,,20260719120152693564
NCAAF,americanfootball_ncaaf,4f0e1900bdc8d12bf0cc91ae291c104e,2026-09-06T23:30:00Z,Ole Miss Rebels,Louisville Cardinals,mybookieag,MyBookie.ag,2026-07-19T12:01:39Z,h2h,2026-07-19T12:01:38Z,Ole Miss Rebels,-260,,20260719120152693564
NCAAF,americanfootball_ncaaf,4f0e1900bdc8d12bf0cc91ae291c104e,2026-09-06T23:30:00Z,Ole Miss Rebels,Louisville Cardinals,mybookieag,MyBookie.ag,2026-07-19T12:01:39Z,spreads,2026-07-19T12:01:38Z,Louisville Cardinals,-110,6.5,20260719120152693564
NCAAF,americanfootball_ncaaf,4f0e1900bdc8d12bf0cc91ae291c104e,2026-09-06T23:30:00Z,Ole Miss Rebels,Louisville Cardinals,mybookieag,MyBookie.ag,2026-07-19T12:01:39Z,spreads,2026-07-19T12:01:38Z,Ole Miss Rebels,-110,-6.5,20260719120152693564
NCAAF,americanfootball_ncaaf,4f0e1900bdc8d12bf0cc91ae291c104e,2026-09-06T23:30:00Z,Ole Miss Rebels,Louisville Cardinals,mybookieag,MyBookie.ag,2026-07-19T12:01:39Z,totals,2026-07-19T12:01:38Z,Over,-110,56.0,20260719120152693564
NCAAF,americanfootball_ncaaf,4f0e1900bdc8d12bf0cc91ae291c104e,2026-09-06T23:30:00Z,Ole Miss Rebels,Louisville Cardinals,mybookieag,MyBookie.ag,2026-07-19T12:01:39Z,totals,2026-07-19T12:01:38Z,Under,-110,56.0,20260719120152693564
NCAAF,americanfootball_ncaaf,4f0e1900bdc8d12bf0cc91ae291c104e,2026-09-06T23:30:00Z,Ole Miss Rebels,Louisville Cardinals,betonlineag,BetOnline.ag,2026-07-19T12:01:41Z,spreads,2026-07-19T12:01:41Z,Louisville Cardinals,-110,5.5,20260719120152693564
NCAAF,americanfootball_ncaaf,4f0e1900bdc8d12bf0cc91ae291c104e,2026-09-06T23:30:00Z,Ole Miss Rebels,Louisville Cardinals,betonlineag,BetOnline.ag,2026-07-19T12:01:41Z,spreads,2026-07-19T12:01:41Z,Ole Miss Rebels,-110,-5.5,20260719120152693564
NCAAF,americanfootball_ncaaf,4f0e1900bdc8d12bf0cc91ae291c104e,2026-09-06T23:30:00Z,Ole Miss Rebels,Louisville Cardinals,betonlineag,BetOnline.ag,2026-07-19T12:01:41Z,totals,2026-07-19T12:01:41Z,Over,-110,56.0,20260719120152693564
NCAAF,americanfootball_ncaaf,4f0e1900bdc8d12bf0cc91ae291c104e,2026-09-06T23:30:00Z,Ole Miss Rebels,Louisville Cardinals,betonlineag,BetOnline.ag,2026-07-19T12:01:41Z,totals,2026-07-19T12:01:41Z,Under,-110,56.0,20260719120152693564
NCAAF,americanfootball_ncaaf,4f0e1900bdc8d12bf0cc91ae291c104e,2026-09-06T23:30:00Z,Ole Miss Rebels,Louisville Cardinals,betus,BetUS,2026-07-19T12:01:14Z,spreads,2026-07-19T12:01:14Z,Louisville Cardinals,-110,5.5,20260719120152693564
NCAAF,americanfootball_ncaaf,4f0e1900bdc8d12bf0cc91ae291c104e,2026-09-06T23:30:00Z,Ole Miss Rebels,Louisville Cardinals,betus,BetUS,2026-07-19T12:01:14Z,spreads,2026-07-19T12:01:14Z,Ole Miss Rebels,-110,-5.5,20260719120152693564
NCAAF,americanfootball_ncaaf,4f0e1900bdc8d12bf0cc91ae291c104e,2026-09-06T23:30:00Z,Ole Miss Rebels,Louisville Cardinals,betus,BetUS,2026-07-19T12:01:14Z,totals,2026-07-19T12:01:14Z,Over,-110,56.0,20260719120152693564
NCAAF,americanfootball_ncaaf,4f0e1900bdc8d12bf0cc91ae291c104e,2026-09-06T23:30:00Z,Ole Miss Rebels,Louisville Cardinals,betus,BetUS,2026-07-19T12:01:14Z,totals,2026-07-19T12:01:14Z,Under,-110,56.0,20260719120152693564
NCAAF,americanfootball_ncaaf,4f0e1900bdc8d12bf0cc91ae291c104e,2026-09-06T23:30:00Z,Ole Miss Rebels,Louisville Cardinals,bovada,Bovada,2026-07-19T12:01:41Z,h2h,2026-07-19T12:01:41Z,Louisville Cardinals,220,,20260719120152693564
NCAAF,americanfootball_ncaaf,4f0e1900bdc8d12bf0cc91ae291c104e,2026-09-06T23:30:00Z,Ole Miss Rebels,Louisville Cardinals,bovada,Bovada,2026-07-19T12:01:41Z,h2h,2026-07-19T12:01:41Z,Ole Miss Rebels,-270,,20260719120152693564
NCAAF,americanfootball_ncaaf,4f0e1900bdc8d12bf0cc91ae291c104e,2026-09-06T23:30:00Z,Ole Miss Rebels,Louisville Cardinals,bovada,Bovada,2026-07-19T12:01:41Z,spreads,2026-07-19T12:01:41Z,Louisville Cardinals,-115,6.5,20260719120152693564
NCAAF,americanfootball_ncaaf,4f0e1900bdc8d12bf0cc91ae291c104e,2026-09-06T23:30:00Z,Ole Miss Rebels,Louisville Cardinals,bovada,Bovada,2026-07-19T12:01:41Z,spreads,2026-07-19T12:01:41Z,Ole Miss Rebels,-105,-6.5,20260719120152693564
NCAAF,americanfootball_ncaaf,4f0e1900bdc8d12bf0cc91ae291c104e,2026-09-06T23:30:00Z,Ole Miss Rebels,Louisville Cardinals,bovada,Bovada,2026-07-19T12:01:41Z,totals,2026-07-19T12:01:41Z,Over,-110,55.5,20260719120152693564
NCAAF,americanfootball_ncaaf,4f0e1900bdc8d12bf0cc91ae291c104e,2026-09-06T23:30:00Z,Ole Miss Rebels,Louisville Cardinals,bovada,Bovada,2026-07-19T12:01:41Z,totals,2026-07-19T12:01:41Z,Under,-110,55.5,20260719120152693564
NCAAF,americanfootball_ncaaf,4f0e1900bdc8d12bf0cc91ae291c104e,2026-09-06T23:30:00Z,Ole Miss Rebels,Louisville Cardinals,fanduel,FanDuel,2026-07-19T12:01:38Z,h2h,2026-07-19T12:01:38Z,Louisville Cardinals,205,,20260719120152693564
NCAAF,americanfootball_ncaaf,4f0e1900bdc8d12bf0cc91ae291c104e,2026-09-06T23:30:00Z,Ole Miss Rebels,Louisville Cardinals,fanduel,FanDuel,2026-07-19T12:01:38Z,h2h,2026-07-19T12:01:38Z,Ole Miss Rebels,-255,,20260719120152693564
NCAAF,americanfootball_ncaaf,4f0e1900bdc8d12bf0cc91ae291c104e,2026-09-06T23:30:00Z,Ole Miss Rebels,Louisville Cardinals,fanduel,FanDuel,2026-07-19T12:01:38Z,spreads,2026-07-19T12:01:38Z,Louisville Cardinals,-106,6.5,20260719120152693564
NCAAF,americanfootball_ncaaf,4f0e1900bdc8d12bf0cc91ae291c104e,2026-09-06T23:30:00Z,Ole Miss Rebels,Louisville Cardinals,fanduel,FanDuel,2026-07-19T12:01:38Z,spreads,2026-07-19T12:01:38Z,Ole Miss Rebels,-114,-6.5,20260719120152693564
NCAAF,americanfootball_ncaaf,4f0e1900bdc8d12bf0cc91ae291c104e,2026-09-06T23:30:00Z,Ole Miss Rebels,Louisville Cardinals,fanduel,FanDuel,2026-07-19T12:01:38Z,totals,2026-07-19T12:01:38Z,Over,-115,55.5,20260719120152693564
NCAAF,americanfootball_ncaaf,4f0e1900bdc8d12bf0cc91ae291c104e,2026-09-06T23:30:00Z,Ole Miss Rebels,Louisville Cardinals,fanduel,FanDuel,2026-07-19T12:01:38Z,totals,2026-07-19T12:01:38Z,Under,-105,55.5,20260719120152693564
NCAAF,americanfootball_ncaaf,b460f3aa4235ec2485f25182755304d6,2026-09-06T23:30:00Z,Notre Dame Fighting Irish,Wisconsin Badgers,fanduel,FanDuel,2026-07-19T12:01:38Z,h2h,2026-07-19T12:01:38Z,Notre Dame Fighting Irish,-2000,,20260719120152693564
NCAAF,americanfootball_ncaaf,b460f3aa4235ec2485f25182755304d6,2026-09-06T23:30:00Z,Notre Dame Fighting Irish,Wisconsin Badgers,fanduel,FanDuel,2026-07-19T12:01:38Z,h2h,2026-07-19T12:01:38Z,Wisconsin Badgers,980,,20260719120152693564
NCAAF,americanfootball_ncaaf,b460f3aa4235ec2485f25182755304d6,2026-09-06T23:30:00Z,Notre Dame Fighting Irish,Wisconsin Badgers,fanduel,FanDuel,2026-07-19T12:01:38Z,spreads,2026-07-19T12:01:38Z,Notre Dame Fighting Irish,-110,-20.5,20260719120152693564
NCAAF,americanfootball_ncaaf,b460f3aa4235ec2485f25182755304d6,2026-09-06T23:30:00Z,Notre Dame Fighting Irish,Wisconsin Badgers,fanduel,FanDuel,2026-07-19T12:01:38Z,spreads,2026-07-19T12:01:38Z,Wisconsin Badgers,-110,20.5,20260719120152693564
NCAAF,americanfootball_ncaaf,b460f3aa4235ec2485f25182755304d6,2026-09-06T23:30:00Z,Notre Dame Fighting Irish,Wisconsin Badgers,fanduel,FanDuel,2026-07-19T12:01:38Z,totals,2026-07-19T12:01:38Z,Over,-115,47.5,20260719120152693564
NCAAF,americanfootball_ncaaf,b460f3aa4235ec2485f25182755304d6,2026-09-06T23:30:00Z,Notre Dame Fighting Irish,Wisconsin Badgers,fanduel,FanDuel,2026-07-19T12:01:38Z,totals,2026-07-19T12:01:38Z,Under,-105,47.5,20260719120152693564
NCAAF,americanfootball_ncaaf,b460f3aa4235ec2485f25182755304d6,2026-09-06T23:30:00Z,Notre Dame Fighting Irish,Wisconsin Badgers,bovada,Bovada,2026-07-19T12:01:41Z,h2h,2026-07-19T12:01:41Z,Notre Dame Fighting Irish,-2500,,20260719120152693564
NCAAF,americanfootball_ncaaf,b460f3aa4235ec2485f25182755304d6,2026-09-06T23:30:00Z,Notre Dame Fighting Irish,Wisconsin Badgers,bovada,Bovada,2026-07-19T12:01:41Z,h2h,2026-07-19T12:01:41Z,Wisconsin Badgers,1000,,20260719120152693564
NCAAF,americanfootball_ncaaf,b460f3aa4235ec2485f25182755304d6,2026-09-06T23:30:00Z,Notre Dame Fighting Irish,Wisconsin Badgers,bovada,Bovada,2026-07-19T12:01:41Z,spreads,2026-07-19T12:01:41Z,Notre Dame Fighting Irish,-110,-20.5,20260719120152693564
NCAAF,americanfootball_ncaaf,b460f3aa4235ec2485f25182755304d6,2026-09-06T23:30:00Z,Notre Dame Fighting Irish,Wisconsin Badgers,bovada,Bovada,2026-07-19T12:01:41Z,spreads,2026-07-19T12:01:41Z,Wisconsin Badgers,-110,20.5,20260719120152693564
NCAAF,americanfootball_ncaaf,b460f3aa4235ec2485f25182755304d6,2026-09-06T23:30:00Z,Notre Dame Fighting Irish,Wisconsin Badgers,bovada,Bovada,2026-07-19T12:01:41Z,totals,2026-07-19T12:01:41Z,Over,-110,47.5,20260719120152693564
NCAAF,americanfootball_ncaaf,b460f3aa4235ec2485f25182755304d6,2026-09-06T23:30:00Z,Notre Dame Fighting Irish,Wisconsin Badgers,bovada,Bovada,2026-07-19T12:01:41Z,totals,2026-07-19T12:01:41Z,Under,-110,47.5,20260719120152693564
NCAAF,americanfootball_ncaaf,b460f3aa4235ec2485f25182755304d6,2026-09-06T23:30:00Z,Notre Dame Fighting Irish,Wisconsin Badgers,draftkings,DraftKings,2026-07-19T12:01:13Z,h2h,2026-07-19T12:01:13Z,Notre Dame Fighting Irish,-2100,,20260719120152693564
NCAAF,americanfootball_ncaaf,b460f3aa4235ec2485f25182755304d6,2026-09-06T23:30:00Z,Notre Dame Fighting Irish,Wisconsin Badgers,draftkings,DraftKings,2026-07-19T12:01:13Z,h2h,2026-07-19T12:01:13Z,Wisconsin Badgers,1100,,20260719120152693564
NCAAF,americanfootball_ncaaf,b460f3aa4235ec2485f25182755304d6,2026-09-06T23:30:00Z,Notre Dame Fighting Irish,Wisconsin Badgers,draftkings,DraftKings,2026-07-19T12:01:13Z,spreads,2026-07-19T12:01:13Z,Notre Dame Fighting Irish,-112,-20.5,20260719120152693564
NCAAF,americanfootball_ncaaf,b460f3aa4235ec2485f25182755304d6,2026-09-06T23:30:00Z,Notre Dame Fighting Irish,Wisconsin Badgers,draftkings,DraftKings,2026-07-19T12:01:13Z,spreads,2026-07-19T12:01:13Z,Wisconsin Badgers,-108,20.5,20260719120152693564
NCAAF,americanfootball_ncaaf,b460f3aa4235ec2485f25182755304d6,2026-09-06T23:30:00Z,Notre Dame Fighting Irish,Wisconsin Badgers,draftkings,DraftKings,2026-07-19T12:01:13Z,totals,2026-07-19T12:01:13Z,Over,-112,47.5,20260719120152693564
NCAAF,americanfootball_ncaaf,b460f3aa4235ec2485f25182755304d6,2026-09-06T23:30:00Z,Notre Dame Fighting Irish,Wisconsin Badgers,draftkings,DraftKings,2026-07-19T12:01:13Z,totals,2026-07-19T12:01:13Z,Under,-108,47.5,20260719120152693564
NCAAF,americanfootball_ncaaf,b460f3aa4235ec2485f25182755304d6,2026-09-06T23:30:00Z,Notre Dame Fighting Irish,Wisconsin Badgers,betrivers,BetRivers,2026-07-19T12:01:15Z,h2h,2026-07-19T12:01:15Z,Notre Dame Fighting Irish,-2000,,20260719120152693564
NCAAF,americanfootball_ncaaf,b460f3aa4235ec2485f25182755304d6,2026-09-06T23:30:00Z,Notre Dame Fighting Irish,Wisconsin Badgers,betrivers,BetRivers,2026-07-19T12:01:15Z,h2h,2026-07-19T12:01:15Z,Wisconsin Badgers,900,,20260719120152693564
NCAAF,americanfootball_ncaaf,b460f3aa4235ec2485f25182755304d6,2026-09-06T23:30:00Z,Notre Dame Fighting Irish,Wisconsin Badgers,betrivers,BetRivers,2026-07-19T12:01:15Z,spreads,2026-07-19T12:01:15Z,Notre Dame Fighting Irish,-115,-20.5,20260719120152693564
NCAAF,americanfootball_ncaaf,b460f3aa4235ec2485f25182755304d6,2026-09-06T23:30:00Z,Notre Dame Fighting Irish,Wisconsin Badgers,betrivers,BetRivers,2026-07-19T12:01:15Z,spreads,2026-07-19T12:01:15Z,Wisconsin Badgers,-108,20.5,20260719120152693564
NCAAF,americanfootball_ncaaf,b460f3aa4235ec2485f25182755304d6,2026-09-06T23:30:00Z,Notre Dame Fighting Irish,Wisconsin Badgers,betrivers,BetRivers,2026-07-19T12:01:15Z,totals,2026-07-19T12:01:15Z,Over,-109,47.5,20260719120152693564
NCAAF,americanfootball_ncaaf,b460f3aa4235ec2485f25182755304d6,2026-09-06T23:30:00Z,Notre Dame Fighting Irish,Wisconsin Badgers,betrivers,BetRivers,2026-07-19T12:01:15Z,totals,2026-07-19T12:01:15Z,Under,-114,47.5,20260719120152693564
NCAAF,americanfootball_ncaaf,b460f3aa4235ec2485f25182755304d6,2026-09-06T23:30:00Z,Notre Dame Fighting Irish,Wisconsin Badgers,mybookieag,MyBookie.ag,2026-07-19T12:01:39Z,h2h,2026-07-19T12:01:38Z,Notre Dame Fighting Irish,-2196,,20260719120152693564
NCAAF,americanfootball_ncaaf,b460f3aa4235ec2485f25182755304d6,2026-09-06T23:30:00Z,Notre Dame Fighting Irish,Wisconsin Badgers,mybookieag,MyBookie.ag,2026-07-19T12:01:39Z,h2h,2026-07-19T12:01:38Z,Wisconsin Badgers,894,,20260719120152693564
NCAAF,americanfootball_ncaaf,b460f3aa4235ec2485f25182755304d6,2026-09-06T23:30:00Z,Notre Dame Fighting Irish,Wisconsin Badgers,mybookieag,MyBookie.ag,2026-07-19T12:01:39Z,totals,2026-07-19T12:01:38Z,Over,-110,47.5,20260719120152693564
NCAAF,americanfootball_ncaaf,b460f3aa4235ec2485f25182755304d6,2026-09-06T23:30:00Z,Notre Dame Fighting Irish,Wisconsin Badgers,mybookieag,MyBookie.ag,2026-07-19T12:01:39Z,totals,2026-07-19T12:01:38Z,Under,-110,47.5,20260719120152693564
NCAAF,americanfootball_ncaaf,b460f3aa4235ec2485f25182755304d6,2026-09-06T23:30:00Z,Notre Dame Fighting Irish,Wisconsin Badgers,betonlineag,BetOnline.ag,2026-07-19T12:01:41Z,spreads,2026-07-19T12:01:41Z,Notre Dame Fighting Irish,-105,-20.5,20260719120152693564
NCAAF,americanfootball_ncaaf,b460f3aa4235ec2485f25182755304d6,2026-09-06T23:30:00Z,Notre Dame Fighting Irish,Wisconsin Badgers,betonlineag,BetOnline.ag,2026-07-19T12:01:41Z,spreads,2026-07-19T12:01:41Z,Wisconsin Badgers,-115,20.5,20260719120152693564
NCAAF,americanfootball_ncaaf,b460f3aa4235ec2485f25182755304d6,2026-09-06T23:30:00Z,Notre Dame Fighting Irish,Wisconsin Badgers,betonlineag,BetOnline.ag,2026-07-19T12:01:41Z,totals,2026-07-19T12:01:41Z,Over,-110,48.0,20260719120152693564
NCAAF,americanfootball_ncaaf,b460f3aa4235ec2485f25182755304d6,2026-09-06T23:30:00Z,Notre Dame Fighting Irish,Wisconsin Badgers,betonlineag,BetOnline.ag,2026-07-19T12:01:41Z,totals,2026-07-19T12:01:41Z,Under,-110,48.0,20260719120152693564
NCAAF,americanfootball_ncaaf,b460f3aa4235ec2485f25182755304d6,2026-09-06T23:30:00Z,Notre Dame Fighting Irish,Wisconsin Badgers,lowvig,LowVig.ag,2026-07-19T12:00:52Z,spreads,2026-07-19T12:00:52Z,Notre Dame Fighting Irish,-101,-20.5,20260719120152693564
NCAAF,americanfootball_ncaaf,b460f3aa4235ec2485f25182755304d6,2026-09-06T23:30:00Z,Notre Dame Fighting Irish,Wisconsin Badgers,lowvig,LowVig.ag,2026-07-19T12:00:52Z,spreads,2026-07-19T12:00:52Z,Wisconsin Badgers,-111,20.5,20260719120152693564
NCAAF,americanfootball_ncaaf,b460f3aa4235ec2485f25182755304d6,2026-09-06T23:30:00Z,Notre Dame Fighting Irish,Wisconsin Badgers,lowvig,LowVig.ag,2026-07-19T12:00:52Z,totals,2026-07-19T12:00:52Z,Over,-108,48.0,20260719120152693564
NCAAF,americanfootball_ncaaf,b460f3aa4235ec2485f25182755304d6,2026-09-06T23:30:00Z,Notre Dame Fighting Irish,Wisconsin Badgers,lowvig,LowVig.ag,2026-07-19T12:00:52Z,totals,2026-07-19T12:00:52Z,Under,-108,48.0,20260719120152693564
NCAAF,americanfootball_ncaaf,b460f3aa4235ec2485f25182755304d6,2026-09-06T23:30:00Z,Notre Dame Fighting Irish,Wisconsin Badgers,betus,BetUS,2026-07-19T12:01:14Z,spreads,2026-07-19T12:01:14Z,Notre Dame Fighting Irish,-110,-20.5,20260719120152693564
NCAAF,americanfootball_ncaaf,b460f3aa4235ec2485f25182755304d6,2026-09-06T23:30:00Z,Notre Dame Fighting Irish,Wisconsin Badgers,betus,BetUS,2026-07-19T12:01:14Z,spreads,2026-07-19T12:01:14Z,Wisconsin Badgers,-110,20.5,20260719120152693564
NCAAF,americanfootball_ncaaf,b460f3aa4235ec2485f25182755304d6,2026-09-06T23:30:00Z,Notre Dame Fighting Irish,Wisconsin Badgers,betus,BetUS,2026-07-19T12:01:14Z,totals,2026-07-19T12:01:14Z,Over,-110,48.0,20260719120152693564
NCAAF,americanfootball_ncaaf,b460f3aa4235ec2485f25182755304d6,2026-09-06T23:30:00Z,Notre Dame Fighting Irish,Wisconsin Badgers,betus,BetUS,2026-07-19T12:01:14Z,totals,2026-07-19T12:01:14Z,Under,-110,48.0,20260719120152693564
NCAAF,americanfootball_ncaaf,a570687d47661da4982cfd885cdb4a44,2026-09-07T23:30:00Z,Florida State Seminoles,SMU Mustangs,draftkings,DraftKings,2026-07-19T12:01:13Z,h2h,2026-07-19T12:01:13Z,Florida State Seminoles,120,,20260719120152693564
NCAAF,americanfootball_ncaaf,a570687d47661da4982cfd885cdb4a44,2026-09-07T23:30:00Z,Florida State Seminoles,SMU Mustangs,draftkings,DraftKings,2026-07-19T12:01:13Z,h2h,2026-07-19T12:01:13Z,SMU Mustangs,-142,,20260719120152693564
NCAAF,americanfootball_ncaaf,a570687d47661da4982cfd885cdb4a44,2026-09-07T23:30:00Z,Florida State Seminoles,SMU Mustangs,draftkings,DraftKings,2026-07-19T12:01:13Z,spreads,2026-07-19T12:01:13Z,Florida State Seminoles,-105,2.5,20260719120152693564
NCAAF,americanfootball_ncaaf,a570687d47661da4982cfd885cdb4a44,2026-09-07T23:30:00Z,Florida State Seminoles,SMU Mustangs,draftkings,DraftKings,2026-07-19T12:01:13Z,spreads,2026-07-19T12:01:13Z,SMU Mustangs,-115,-2.5,20260719120152693564
NCAAF,americanfootball_ncaaf,a570687d47661da4982cfd885cdb4a44,2026-09-07T23:30:00Z,Florida State Seminoles,SMU Mustangs,draftkings,DraftKings,2026-07-19T12:01:13Z,totals,2026-07-19T12:01:13Z,Over,-112,52.5,20260719120152693564
NCAAF,americanfootball_ncaaf,a570687d47661da4982cfd885cdb4a44,2026-09-07T23:30:00Z,Florida State Seminoles,SMU Mustangs,draftkings,DraftKings,2026-07-19T12:01:13Z,totals,2026-07-19T12:01:13Z,Under,-108,52.5,20260719120152693564
NCAAF,americanfootball_ncaaf,a570687d47661da4982cfd885cdb4a44,2026-09-07T23:30:00Z,Florida State Seminoles,SMU Mustangs,bovada,Bovada,2026-07-19T12:01:41Z,h2h,2026-07-19T12:01:41Z,Florida State Seminoles,120,,20260719120152693564
NCAAF,americanfootball_ncaaf,a570687d47661da4982cfd885cdb4a44,2026-09-07T23:30:00Z,Florida State Seminoles,SMU Mustangs,bovada,Bovada,2026-07-19T12:01:41Z,h2h,2026-07-19T12:01:41Z,SMU Mustangs,-140,,20260719120152693564
NCAAF,americanfootball_ncaaf,a570687d47661da4982cfd885cdb4a44,2026-09-07T23:30:00Z,Florida State Seminoles,SMU Mustangs,bovada,Bovada,2026-07-19T12:01:41Z,spreads,2026-07-19T12:01:41Z,Florida State Seminoles,-105,2.5,20260719120152693564
NCAAF,americanfootball_ncaaf,a570687d47661da4982cfd885cdb4a44,2026-09-07T23:30:00Z,Florida State Seminoles,SMU Mustangs,bovada,Bovada,2026-07-19T12:01:41Z,spreads,2026-07-19T12:01:41Z,SMU Mustangs,-115,-2.5,20260719120152693564
NCAAF,americanfootball_ncaaf,a570687d47661da4982cfd885cdb4a44,2026-09-07T23:30:00Z,Florida State Seminoles,SMU Mustangs,bovada,Bovada,2026-07-19T12:01:41Z,totals,2026-07-19T12:01:41Z,Over,-110,52.5,20260719120152693564
NCAAF,americanfootball_ncaaf,a570687d47661da4982cfd885cdb4a44,2026-09-07T23:30:00Z,Florida State Seminoles,SMU Mustangs,bovada,Bovada,2026-07-19T12:01:41Z,totals,2026-07-19T12:01:41Z,Under,-110,52.5,20260719120152693564
NCAAF,americanfootball_ncaaf,a570687d47661da4982cfd885cdb4a44,2026-09-07T23:30:00Z,Florida State Seminoles,SMU Mustangs,mybookieag,MyBookie.ag,2026-07-19T12:01:39Z,h2h,2026-07-19T12:01:38Z,Florida State Seminoles,107,,20260719120152693564
NCAAF,americanfootball_ncaaf,a570687d47661da4982cfd885cdb4a44,2026-09-07T23:30:00Z,Florida State Seminoles,SMU Mustangs,mybookieag,MyBookie.ag,2026-07-19T12:01:39Z,h2h,2026-07-19T12:01:38Z,SMU Mustangs,-136,,20260719120152693564
NCAAF,americanfootball_ncaaf,a570687d47661da4982cfd885cdb4a44,2026-09-07T23:30:00Z,Florida State Seminoles,SMU Mustangs,mybookieag,MyBookie.ag,2026-07-19T12:01:39Z,spreads,2026-07-19T12:01:38Z,Florida State Seminoles,-110,2.5,20260719120152693564
NCAAF,americanfootball_ncaaf,a570687d47661da4982cfd885cdb4a44,2026-09-07T23:30:00Z,Florida State Seminoles,SMU Mustangs,mybookieag,MyBookie.ag,2026-07-19T12:01:39Z,spreads,2026-07-19T12:01:38Z,SMU Mustangs,-110,-2.5,20260719120152693564
NCAAF,americanfootball_ncaaf,a570687d47661da4982cfd885cdb4a44,2026-09-07T23:30:00Z,Florida State Seminoles,SMU Mustangs,mybookieag,MyBookie.ag,2026-07-19T12:01:39Z,totals,2026-07-19T12:01:38Z,Over,-110,53.0,20260719120152693564
NCAAF,americanfootball_ncaaf,a570687d47661da4982cfd885cdb4a44,2026-09-07T23:30:00Z,Florida State Seminoles,SMU Mustangs,mybookieag,MyBookie.ag,2026-07-19T12:01:39Z,totals,2026-07-19T12:01:38Z,Under,-110,53.0,20260719120152693564
NCAAF,americanfootball_ncaaf,a570687d47661da4982cfd885cdb4a44,2026-09-07T23:30:00Z,Florida State Seminoles,SMU Mustangs,lowvig,LowVig.ag,2026-07-19T12:00:52Z,spreads,2026-07-19T12:00:52Z,Florida State Seminoles,-106,1.5,20260719120152693564
NCAAF,americanfootball_ncaaf,a570687d47661da4982cfd885cdb4a44,2026-09-07T23:30:00Z,Florida State Seminoles,SMU Mustangs,lowvig,LowVig.ag,2026-07-19T12:00:52Z,spreads,2026-07-19T12:00:52Z,SMU Mustangs,-106,-1.5,20260719120152693564
NCAAF,americanfootball_ncaaf,a570687d47661da4982cfd885cdb4a44,2026-09-07T23:30:00Z,Florida State Seminoles,SMU Mustangs,lowvig,LowVig.ag,2026-07-19T12:00:52Z,totals,2026-07-19T12:00:52Z,Over,-108,53.0,20260719120152693564
NCAAF,americanfootball_ncaaf,a570687d47661da4982cfd885cdb4a44,2026-09-07T23:30:00Z,Florida State Seminoles,SMU Mustangs,lowvig,LowVig.ag,2026-07-19T12:00:52Z,totals,2026-07-19T12:00:52Z,Under,-108,53.0,20260719120152693564
NCAAF,americanfootball_ncaaf,a570687d47661da4982cfd885cdb4a44,2026-09-07T23:30:00Z,Florida State Seminoles,SMU Mustangs,betonlineag,BetOnline.ag,2026-07-19T12:01:41Z,spreads,2026-07-19T12:01:41Z,Florida State Seminoles,-110,1.5,20260719120152693564
NCAAF,americanfootball_ncaaf,a570687d47661da4982cfd885cdb4a44,2026-09-07T23:30:00Z,Florida State Seminoles,SMU Mustangs,betonlineag,BetOnline.ag,2026-07-19T12:01:41Z,spreads,2026-07-19T12:01:41Z,SMU Mustangs,-110,-1.5,20260719120152693564
NCAAF,americanfootball_ncaaf,a570687d47661da4982cfd885cdb4a44,2026-09-07T23:30:00Z,Florida State Seminoles,SMU Mustangs,betonlineag,BetOnline.ag,2026-07-19T12:01:41Z,totals,2026-07-19T12:01:41Z,Over,-110,53.0,20260719120152693564
NCAAF,americanfootball_ncaaf,a570687d47661da4982cfd885cdb4a44,2026-09-07T23:30:00Z,Florida State Seminoles,SMU Mustangs,betonlineag,BetOnline.ag,2026-07-19T12:01:41Z,totals,2026-07-19T12:01:41Z,Under,-110,53.0,20260719120152693564
NCAAF,americanfootball_ncaaf,a570687d47661da4982cfd885cdb4a44,2026-09-07T23:30:00Z,Florida State Seminoles,SMU Mustangs,betus,BetUS,2026-07-19T12:01:14Z,spreads,2026-07-19T12:01:14Z,Florida State Seminoles,-110,1.5,20260719120152693564
NCAAF,americanfootball_ncaaf,a570687d47661da4982cfd885cdb4a44,2026-09-07T23:30:00Z,Florida State Seminoles,SMU Mustangs,betus,BetUS,2026-07-19T12:01:14Z,spreads,2026-07-19T12:01:14Z,SMU Mustangs,-110,-1.5,20260719120152693564
NCAAF,americanfootball_ncaaf,a570687d47661da4982cfd885cdb4a44,2026-09-07T23:30:00Z,Florida State Seminoles,SMU Mustangs,betus,BetUS,2026-07-19T12:01:14Z,totals,2026-07-19T12:01:14Z,Over,-110,53.0,20260719120152693564
NCAAF,americanfootball_ncaaf,a570687d47661da4982cfd885cdb4a44,2026-09-07T23:30:00Z,Florida State Seminoles,SMU Mustangs,betus,BetUS,2026-07-19T12:01:14Z,totals,2026-07-19T12:01:14Z,Under,-110,53.0,20260719120152693564
NCAAF,americanfootball_ncaaf,a570687d47661da4982cfd885cdb4a44,2026-09-07T23:30:00Z,Florida State Seminoles,SMU Mustangs,fanduel,FanDuel,2026-07-19T12:01:38Z,h2h,2026-07-19T12:01:38Z,Florida State Seminoles,104,,20260719120152693564
NCAAF,americanfootball_ncaaf,a570687d47661da4982cfd885cdb4a44,2026-09-07T23:30:00Z,Florida State Seminoles,SMU Mustangs,fanduel,FanDuel,2026-07-19T12:01:38Z,h2h,2026-07-19T12:01:38Z,SMU Mustangs,-125,,20260719120152693564
NCAAF,americanfootball_ncaaf,a570687d47661da4982cfd885cdb4a44,2026-09-07T23:30:00Z,Florida State Seminoles,SMU Mustangs,fanduel,FanDuel,2026-07-19T12:01:38Z,spreads,2026-07-19T12:01:38Z,Florida State Seminoles,-115,2.5,20260719120152693564
NCAAF,americanfootball_ncaaf,a570687d47661da4982cfd885cdb4a44,2026-09-07T23:30:00Z,Florida State Seminoles,SMU Mustangs,fanduel,FanDuel,2026-07-19T12:01:38Z,spreads,2026-07-19T12:01:38Z,SMU Mustangs,-105,-2.5,20260719120152693564
NCAAF,americanfootball_ncaaf,a570687d47661da4982cfd885cdb4a44,2026-09-07T23:30:00Z,Florida State Seminoles,SMU Mustangs,fanduel,FanDuel,2026-07-19T12:01:38Z,totals,2026-07-19T12:01:38Z,Over,-110,53.5,20260719120152693564
NCAAF,americanfootball_ncaaf,a570687d47661da4982cfd885cdb4a44,2026-09-07T23:30:00Z,Florida State Seminoles,SMU Mustangs,fanduel,FanDuel,2026-07-19T12:01:38Z,totals,2026-07-19T12:01:38Z,Under,-110,53.5,20260719120152693564
NCAAF,americanfootball_ncaaf,a570687d47661da4982cfd885cdb4a44,2026-09-07T23:30:00Z,Florida State Seminoles,SMU Mustangs,betrivers,BetRivers,2026-07-19T12:01:15Z,h2h,2026-07-19T12:01:15Z,Florida State Seminoles,106,,20260719120152693564
NCAAF,americanfootball_ncaaf,a570687d47661da4982cfd885cdb4a44,2026-09-07T23:30:00Z,Florida State Seminoles,SMU Mustangs,betrivers,BetRivers,2026-07-19T12:01:15Z,h2h,2026-07-19T12:01:15Z,SMU Mustangs,-136,,20260719120152693564
NCAAF,americanfootball_ncaaf,a570687d47661da4982cfd885cdb4a44,2026-09-07T23:30:00Z,Florida State Seminoles,SMU Mustangs,betrivers,BetRivers,2026-07-19T12:01:15Z,spreads,2026-07-19T12:01:15Z,Florida State Seminoles,-112,2.5,20260719120152693564
NCAAF,americanfootball_ncaaf,a570687d47661da4982cfd885cdb4a44,2026-09-07T23:30:00Z,Florida State Seminoles,SMU Mustangs,betrivers,BetRivers,2026-07-19T12:01:15Z,spreads,2026-07-19T12:01:15Z,SMU Mustangs,-112,-2.5,20260719120152693564
NCAAF,americanfootball_ncaaf,a570687d47661da4982cfd885cdb4a44,2026-09-07T23:30:00Z,Florida State Seminoles,SMU Mustangs,betrivers,BetRivers,2026-07-19T12:01:15Z,totals,2026-07-19T12:01:15Z,Over,-112,52.5,20260719120152693564
NCAAF,americanfootball_ncaaf,a570687d47661da4982cfd885cdb4a44,2026-09-07T23:30:00Z,Florida State Seminoles,SMU Mustangs,betrivers,BetRivers,2026-07-19T12:01:15Z,totals,2026-07-19T12:01:15Z,Under,-112,52.5,20260719120152693564
NCAAF,americanfootball_ncaaf,912c15dcb8dd09eacabdcb80673d9d72,2026-09-12T00:00:00Z,Kansas Jayhawks,Missouri Tigers,fanduel,FanDuel,2026-07-19T12:01:38Z,h2h,2026-07-19T12:01:38Z,Kansas Jayhawks,190,,20260719120152693564
NCAAF,americanfootball_ncaaf,912c15dcb8dd09eacabdcb80673d9d72,2026-09-12T00:00:00Z,Kansas Jayhawks,Missouri Tigers,fanduel,FanDuel,2026-07-19T12:01:38Z,h2h,2026-07-19T12:01:38Z,Missouri Tigers,-235,,20260719120152693564
NCAAF,americanfootball_ncaaf,912c15dcb8dd09eacabdcb80673d9d72,2026-09-12T00:00:00Z,Kansas Jayhawks,Missouri Tigers,fanduel,FanDuel,2026-07-19T12:01:38Z,spreads,2026-07-19T12:01:38Z,Kansas Jayhawks,-108,6.5,20260719120152693564
NCAAF,americanfootball_ncaaf,912c15dcb8dd09eacabdcb80673d9d72,2026-09-12T00:00:00Z,Kansas Jayhawks,Missouri Tigers,fanduel,FanDuel,2026-07-19T12:01:38Z,spreads,2026-07-19T12:01:38Z,Missouri Tigers,-112,-6.5,20260719120152693564
NCAAF,americanfootball_ncaaf,912c15dcb8dd09eacabdcb80673d9d72,2026-09-12T00:00:00Z,Kansas Jayhawks,Missouri Tigers,fanduel,FanDuel,2026-07-19T12:01:38Z,totals,2026-07-19T12:01:38Z,Over,-110,51.5,20260719120152693564
NCAAF,americanfootball_ncaaf,912c15dcb8dd09eacabdcb80673d9d72,2026-09-12T00:00:00Z,Kansas Jayhawks,Missouri Tigers,fanduel,FanDuel,2026-07-19T12:01:38Z,totals,2026-07-19T12:01:38Z,Under,-110,51.5,20260719120152693564
NCAAF,americanfootball_ncaaf,912c15dcb8dd09eacabdcb80673d9d72,2026-09-12T00:00:00Z,Kansas Jayhawks,Missouri Tigers,mybookieag,MyBookie.ag,2026-07-19T12:01:39Z,h2h,2026-07-19T12:01:38Z,Kansas Jayhawks,216,,20260719120152693564
NCAAF,americanfootball_ncaaf,912c15dcb8dd09eacabdcb80673d9d72,2026-09-12T00:00:00Z,Kansas Jayhawks,Missouri Tigers,mybookieag,MyBookie.ag,2026-07-19T12:01:39Z,h2h,2026-07-19T12:01:38Z,Missouri Tigers,-290,,20260719120152693564
NCAAF,americanfootball_ncaaf,912c15dcb8dd09eacabdcb80673d9d72,2026-09-12T00:00:00Z,Kansas Jayhawks,Missouri Tigers,mybookieag,MyBookie.ag,2026-07-19T12:01:39Z,totals,2026-07-19T12:01:38Z,Over,-110,51.5,20260719120152693564
NCAAF,americanfootball_ncaaf,912c15dcb8dd09eacabdcb80673d9d72,2026-09-12T00:00:00Z,Kansas Jayhawks,Missouri Tigers,mybookieag,MyBookie.ag,2026-07-19T12:01:39Z,totals,2026-07-19T12:01:38Z,Under,-110,51.5,20260719120152693564
NCAAF,americanfootball_ncaaf,912c15dcb8dd09eacabdcb80673d9d72,2026-09-12T00:00:00Z,Kansas Jayhawks,Missouri Tigers,draftkings,DraftKings,2026-07-19T12:01:13Z,spreads,2026-07-19T12:01:13Z,Kansas Jayhawks,-110,7.0,20260719120152693564
NCAAF,americanfootball_ncaaf,912c15dcb8dd09eacabdcb80673d9d72,2026-09-12T00:00:00Z,Kansas Jayhawks,Missouri Tigers,draftkings,DraftKings,2026-07-19T12:01:13Z,spreads,2026-07-19T12:01:13Z,Missouri Tigers,-110,-7.0,20260719120152693564
NCAAF,americanfootball_ncaaf,cad3845e3f9f9e746c4bbf45487eed02,2026-09-12T16:00:00Z,Texas A&M Aggies,Arizona State Sun Devils,draftkings,DraftKings,2026-07-19T12:01:13Z,spreads,2026-07-19T12:01:13Z,Arizona State Sun Devils,-110,14.5,20260719120152693564
NCAAF,americanfootball_ncaaf,cad3845e3f9f9e746c4bbf45487eed02,2026-09-12T16:00:00Z,Texas A&M Aggies,Arizona State Sun Devils,draftkings,DraftKings,2026-07-19T12:01:13Z,spreads,2026-07-19T12:01:13Z,Texas A&M Aggies,-110,-14.5,20260719120152693564
NCAAF,americanfootball_ncaaf,b38f4f63351c15767e64a76a73589574,2026-09-12T16:00:00Z,Michigan Wolverines,Oklahoma Sooners,fanduel,FanDuel,2026-07-19T12:01:38Z,h2h,2026-07-19T12:01:38Z,Michigan Wolverines,-146,,20260719120152693564
NCAAF,americanfootball_ncaaf,b38f4f63351c15767e64a76a73589574,2026-09-12T16:00:00Z,Michigan Wolverines,Oklahoma Sooners,fanduel,FanDuel,2026-07-19T12:01:38Z,h2h,2026-07-19T12:01:38Z,Oklahoma Sooners,122,,20260719120152693564
NCAAF,americanfootball_ncaaf,b38f4f63351c15767e64a76a73589574,2026-09-12T16:00:00Z,Michigan Wolverines,Oklahoma Sooners,fanduel,FanDuel,2026-07-19T12:01:38Z,spreads,2026-07-19T12:01:38Z,Michigan Wolverines,-118,-2.5,20260719120152693564
NCAAF,americanfootball_ncaaf,b38f4f63351c15767e64a76a73589574,2026-09-12T16:00:00Z,Michigan Wolverines,Oklahoma Sooners,fanduel,FanDuel,2026-07-19T12:01:38Z,spreads,2026-07-19T12:01:38Z,Oklahoma Sooners,-104,2.5,20260719120152693564
NCAAF,americanfootball_ncaaf,b38f4f63351c15767e64a76a73589574,2026-09-12T16:00:00Z,Michigan Wolverines,Oklahoma Sooners,fanduel,FanDuel,2026-07-19T12:01:38Z,totals,2026-07-19T12:01:38Z,Over,-110,45.5,20260719120152693564
NCAAF,americanfootball_ncaaf,b38f4f63351c15767e64a76a73589574,2026-09-12T16:00:00Z,Michigan Wolverines,Oklahoma Sooners,fanduel,FanDuel,2026-07-19T12:01:38Z,totals,2026-07-19T12:01:38Z,Under,-110,45.5,20260719120152693564
NCAAF,americanfootball_ncaaf,b38f4f63351c15767e64a76a73589574,2026-09-12T16:00:00Z,Michigan Wolverines,Oklahoma Sooners,betrivers,BetRivers,2026-07-19T12:01:15Z,h2h,2026-07-19T12:01:15Z,Michigan Wolverines,-143,,20260719120152693564
NCAAF,americanfootball_ncaaf,b38f4f63351c15767e64a76a73589574,2026-09-12T16:00:00Z,Michigan Wolverines,Oklahoma Sooners,betrivers,BetRivers,2026-07-19T12:01:15Z,h2h,2026-07-19T12:01:15Z,Oklahoma Sooners,112,,20260719120152693564
NCAAF,americanfootball_ncaaf,b38f4f63351c15767e64a76a73589574,2026-09-12T16:00:00Z,Michigan Wolverines,Oklahoma Sooners,betrivers,BetRivers,2026-07-19T12:01:15Z,spreads,2026-07-19T12:01:15Z,Michigan Wolverines,-115,-2.5,20260719120152693564
NCAAF,americanfootball_ncaaf,b38f4f63351c15767e64a76a73589574,2026-09-12T16:00:00Z,Michigan Wolverines,Oklahoma Sooners,betrivers,BetRivers,2026-07-19T12:01:15Z,spreads,2026-07-19T12:01:15Z,Oklahoma Sooners,-108,2.5,20260719120152693564
NCAAF,americanfootball_ncaaf,b38f4f63351c15767e64a76a73589574,2026-09-12T16:00:00Z,Michigan Wolverines,Oklahoma Sooners,betrivers,BetRivers,2026-07-19T12:01:15Z,totals,2026-07-19T12:01:15Z,Over,-112,45.5,20260719120152693564
NCAAF,americanfootball_ncaaf,b38f4f63351c15767e64a76a73589574,2026-09-12T16:00:00Z,Michigan Wolverines,Oklahoma Sooners,betrivers,BetRivers,2026-07-19T12:01:15Z,totals,2026-07-19T12:01:15Z,Under,-112,45.5,20260719120152693564
NCAAF,americanfootball_ncaaf,b38f4f63351c15767e64a76a73589574,2026-09-12T16:00:00Z,Michigan Wolverines,Oklahoma Sooners,mybookieag,MyBookie.ag,2026-07-19T12:01:39Z,h2h,2026-07-19T12:01:38Z,Michigan Wolverines,-145,,20260719120152693564
NCAAF,americanfootball_ncaaf,b38f4f63351c15767e64a76a73589574,2026-09-12T16:00:00Z,Michigan Wolverines,Oklahoma Sooners,mybookieag,MyBookie.ag,2026-07-19T12:01:39Z,h2h,2026-07-19T12:01:38Z,Oklahoma Sooners,113,,20260719120152693564
NCAAF,americanfootball_ncaaf,b38f4f63351c15767e64a76a73589574,2026-09-12T16:00:00Z,Michigan Wolverines,Oklahoma Sooners,mybookieag,MyBookie.ag,2026-07-19T12:01:39Z,spreads,2026-07-19T12:01:38Z,Michigan Wolverines,-110,-2.5,20260719120152693564
NCAAF,americanfootball_ncaaf,b38f4f63351c15767e64a76a73589574,2026-09-12T16:00:00Z,Michigan Wolverines,Oklahoma Sooners,mybookieag,MyBookie.ag,2026-07-19T12:01:39Z,spreads,2026-07-19T12:01:38Z,Oklahoma Sooners,-110,2.5,20260719120152693564
NCAAF,americanfootball_ncaaf,b38f4f63351c15767e64a76a73589574,2026-09-12T16:00:00Z,Michigan Wolverines,Oklahoma Sooners,mybookieag,MyBookie.ag,2026-07-19T12:01:39Z,totals,2026-07-19T12:01:38Z,Over,-110,45.5,20260719120152693564
NCAAF,americanfootball_ncaaf,b38f4f63351c15767e64a76a73589574,2026-09-12T16:00:00Z,Michigan Wolverines,Oklahoma Sooners,mybookieag,MyBookie.ag,2026-07-19T12:01:39Z,totals,2026-07-19T12:01:38Z,Under,-110,45.5,20260719120152693564
NCAAF,americanfootball_ncaaf,b38f4f63351c15767e64a76a73589574,2026-09-12T16:00:00Z,Michigan Wolverines,Oklahoma Sooners,draftkings,DraftKings,2026-07-19T12:01:13Z,h2h,2026-07-19T12:01:13Z,Michigan Wolverines,-142,,20260719120152693564
NCAAF,americanfootball_ncaaf,b38f4f63351c15767e64a76a73589574,2026-09-12T16:00:00Z,Michigan Wolverines,Oklahoma Sooners,draftkings,DraftKings,2026-07-19T12:01:13Z,h2h,2026-07-19T12:01:13Z,Oklahoma Sooners,120,,20260719120152693564
NCAAF,americanfootball_ncaaf,b38f4f63351c15767e64a76a73589574,2026-09-12T16:00:00Z,Michigan Wolverines,Oklahoma Sooners,draftkings,DraftKings,2026-07-19T12:01:13Z,spreads,2026-07-19T12:01:13Z,Michigan Wolverines,-112,-2.5,20260719120152693564
NCAAF,americanfootball_ncaaf,b38f4f63351c15767e64a76a73589574,2026-09-12T16:00:00Z,Michigan Wolverines,Oklahoma Sooners,draftkings,DraftKings,2026-07-19T12:01:13Z,spreads,2026-07-19T12:01:13Z,Oklahoma Sooners,-108,2.5,20260719120152693564
NCAAF,americanfootball_ncaaf,b38f4f63351c15767e64a76a73589574,2026-09-12T16:00:00Z,Michigan Wolverines,Oklahoma Sooners,draftkings,DraftKings,2026-07-19T12:01:13Z,totals,2026-07-19T12:01:13Z,Over,-105,45.5,20260719120152693564
NCAAF,americanfootball_ncaaf,b38f4f63351c15767e64a76a73589574,2026-09-12T16:00:00Z,Michigan Wolverines,Oklahoma Sooners,draftkings,DraftKings,2026-07-19T12:01:13Z,totals,2026-07-19T12:01:13Z,Under,-115,45.5,20260719120152693564
NCAAF,americanfootball_ncaaf,d652c7bc0594f13ef0a2a04e31ef5666,2026-09-12T16:00:00Z,Oklahoma State Cowboys,Oregon Ducks,fanduel,FanDuel,2026-07-19T12:01:38Z,h2h,2026-07-19T12:01:38Z,Oklahoma State Cowboys,590,,20260719120152693564
NCAAF,americanfootball_ncaaf,d652c7bc0594f13ef0a2a04e31ef5666,2026-09-12T16:00:00Z,Oklahoma State Cowboys,Oregon Ducks,fanduel,FanDuel,2026-07-19T12:01:38Z,h2h,2026-07-19T12:01:38Z,Oregon Ducks,-900,,20260719120152693564
NCAAF,americanfootball_ncaaf,d652c7bc0594f13ef0a2a04e31ef5666,2026-09-12T16:00:00Z,Oklahoma State Cowboys,Oregon Ducks,fanduel,FanDuel,2026-07-19T12:01:38Z,spreads,2026-07-19T12:01:38Z,Oklahoma State Cowboys,-115,17.5,20260719120152693564
NCAAF,americanfootball_ncaaf,d652c7bc0594f13ef0a2a04e31ef5666,2026-09-12T16:00:00Z,Oklahoma State Cowboys,Oregon Ducks,fanduel,FanDuel,2026-07-19T12:01:38Z,spreads,2026-07-19T12:01:38Z,Oregon Ducks,-105,-17.5,20260719120152693564
NCAAF,americanfootball_ncaaf,d652c7bc0594f13ef0a2a04e31ef5666,2026-09-12T16:00:00Z,Oklahoma State Cowboys,Oregon Ducks,fanduel,FanDuel,2026-07-19T12:01:38Z,totals,2026-07-19T12:01:38Z,Over,-105,59.5,20260719120152693564
NCAAF,americanfootball_ncaaf,d652c7bc0594f13ef0a2a04e31ef5666,2026-09-12T16:00:00Z,Oklahoma State Cowboys,Oregon Ducks,fanduel,FanDuel,2026-07-19T12:01:38Z,totals,2026-07-19T12:01:38Z,Under,-115,59.5,20260719120152693564
NCAAF,americanfootball_ncaaf,d652c7bc0594f13ef0a2a04e31ef5666,2026-09-12T16:00:00Z,Oklahoma State Cowboys,Oregon Ducks,mybookieag,MyBookie.ag,2026-07-19T12:01:39Z,h2h,2026-07-19T12:01:38Z,Oklahoma State Cowboys,570,,20260719120152693564
NCAAF,americanfootball_ncaaf,d652c7bc0594f13ef0a2a04e31ef5666,2026-09-12T16:00:00Z,Oklahoma State Cowboys,Oregon Ducks,mybookieag,MyBookie.ag,2026-07-19T12:01:39Z,h2h,2026-07-19T12:01:38Z,Oregon Ducks,-1000,,20260719120152693564
NCAAF,americanfootball_ncaaf,d652c7bc0594f13ef0a2a04e31ef5666,2026-09-12T16:00:00Z,Oklahoma State Cowboys,Oregon Ducks,draftkings,DraftKings,2026-07-19T12:01:13Z,spreads,2026-07-19T12:01:13Z,Oklahoma State Cowboys,-110,18.5,20260719120152693564
NCAAF,americanfootball_ncaaf,d652c7bc0594f13ef0a2a04e31ef5666,2026-09-12T16:00:00Z,Oklahoma State Cowboys,Oregon Ducks,draftkings,DraftKings,2026-07-19T12:01:13Z,spreads,2026-07-19T12:01:13Z,Oregon Ducks,-110,-18.5,20260719120152693564
NCAAF,americanfootball_ncaaf,0633819fa9e60ac71609cd40e1596b1b,2026-09-12T23:30:00Z,Iowa Hawkeyes,Iowa State Cyclones,fanduel,FanDuel,2026-07-19T12:01:38Z,h2h,2026-07-19T12:01:38Z,Iowa Hawkeyes,-610,,20260719120152693564
NCAAF,americanfootball_ncaaf,0633819fa9e60ac71609cd40e1596b1b,2026-09-12T23:30:00Z,Iowa Hawkeyes,Iowa State Cyclones,fanduel,FanDuel,2026-07-19T12:01:38Z,h2h,2026-07-19T12:01:38Z,Iowa State Cyclones,440,,20260719120152693564
NCAAF,americanfootball_ncaaf,0633819fa9e60ac71609cd40e1596b1b,2026-09-12T23:30:00Z,Iowa Hawkeyes,Iowa State Cyclones,fanduel,FanDuel,2026-07-19T12:01:38Z,spreads,2026-07-19T12:01:38Z,Iowa Hawkeyes,-122,-12.5,20260719120152693564
NCAAF,americanfootball_ncaaf,0633819fa9e60ac71609cd40e1596b1b,2026-09-12T23:30:00Z,Iowa Hawkeyes,Iowa State Cyclones,fanduel,FanDuel,2026-07-19T12:01:38Z,spreads,2026-07-19T12:01:38Z,Iowa State Cyclones,100,12.5,20260719120152693564
NCAAF,americanfootball_ncaaf,0633819fa9e60ac71609cd40e1596b1b,2026-09-12T23:30:00Z,Iowa Hawkeyes,Iowa State Cyclones,fanduel,FanDuel,2026-07-19T12:01:38Z,totals,2026-07-19T12:01:38Z,Over,-105,41.5,20260719120152693564
NCAAF,americanfootball_ncaaf,0633819fa9e60ac71609cd40e1596b1b,2026-09-12T23:30:00Z,Iowa Hawkeyes,Iowa State Cyclones,fanduel,FanDuel,2026-07-19T12:01:38Z,totals,2026-07-19T12:01:38Z,Under,-115,41.5,20260719120152693564
NCAAF,americanfootball_ncaaf,0633819fa9e60ac71609cd40e1596b1b,2026-09-12T23:30:00Z,Iowa Hawkeyes,Iowa State Cyclones,mybookieag,MyBookie.ag,2026-07-19T12:01:39Z,h2h,2026-07-19T12:01:38Z,Iowa Hawkeyes,-649,,20260719120152693564
NCAAF,americanfootball_ncaaf,0633819fa9e60ac71609cd40e1596b1b,2026-09-12T23:30:00Z,Iowa Hawkeyes,Iowa State Cyclones,mybookieag,MyBookie.ag,2026-07-19T12:01:39Z,h2h,2026-07-19T12:01:38Z,Iowa State Cyclones,420,,20260719120152693564
NCAAF,americanfootball_ncaaf,0633819fa9e60ac71609cd40e1596b1b,2026-09-12T23:30:00Z,Iowa Hawkeyes,Iowa State Cyclones,mybookieag,MyBookie.ag,2026-07-19T12:01:39Z,spreads,2026-07-19T12:01:38Z,Iowa Hawkeyes,-110,-13.0,20260719120152693564
NCAAF,americanfootball_ncaaf,0633819fa9e60ac71609cd40e1596b1b,2026-09-12T23:30:00Z,Iowa Hawkeyes,Iowa State Cyclones,mybookieag,MyBookie.ag,2026-07-19T12:01:39Z,spreads,2026-07-19T12:01:38Z,Iowa State Cyclones,-110,13.0,20260719120152693564
NCAAF,americanfootball_ncaaf,0633819fa9e60ac71609cd40e1596b1b,2026-09-12T23:30:00Z,Iowa Hawkeyes,Iowa State Cyclones,mybookieag,MyBookie.ag,2026-07-19T12:01:39Z,totals,2026-07-19T12:01:38Z,Over,-110,41.5,20260719120152693564
NCAAF,americanfootball_ncaaf,0633819fa9e60ac71609cd40e1596b1b,2026-09-12T23:30:00Z,Iowa Hawkeyes,Iowa State Cyclones,mybookieag,MyBookie.ag,2026-07-19T12:01:39Z,totals,2026-07-19T12:01:38Z,Under,-110,41.5,20260719120152693564
NCAAF,americanfootball_ncaaf,0633819fa9e60ac71609cd40e1596b1b,2026-09-12T23:30:00Z,Iowa Hawkeyes,Iowa State Cyclones,draftkings,DraftKings,2026-07-19T12:01:13Z,spreads,2026-07-19T12:01:13Z,Iowa Hawkeyes,-110,-11.5,20260719120152693564
NCAAF,americanfootball_ncaaf,0633819fa9e60ac71609cd40e1596b1b,2026-09-12T23:30:00Z,Iowa Hawkeyes,Iowa State Cyclones,draftkings,DraftKings,2026-07-19T12:01:13Z,spreads,2026-07-19T12:01:13Z,Iowa State Cyclones,-110,11.5,20260719120152693564
NCAAF,americanfootball_ncaaf,08c34029ecc85b4a6d519f90f9082e56,2026-09-12T23:30:00Z,Texas Longhorns,Ohio State Buckeyes,fanduel,FanDuel,2026-07-19T12:01:38Z,h2h,2026-07-19T12:01:38Z,Ohio State Buckeyes,102,,20260719120152693564
NCAAF,americanfootball_ncaaf,08c34029ecc85b4a6d519f90f9082e56,2026-09-12T23:30:00Z,Texas Longhorns,Ohio State Buckeyes,fanduel,FanDuel,2026-07-19T12:01:38Z,h2h,2026-07-19T12:01:38Z,Texas Longhorns,-122,,20260719120152693564
NCAAF,americanfootball_ncaaf,08c34029ecc85b4a6d519f90f9082e56,2026-09-12T23:30:00Z,Texas Longhorns,Ohio State Buckeyes,fanduel,FanDuel,2026-07-19T12:01:38Z,spreads,2026-07-19T12:01:38Z,Ohio State Buckeyes,-108,1.5,20260719120152693564
NCAAF,americanfootball_ncaaf,08c34029ecc85b4a6d519f90f9082e56,2026-09-12T23:30:00Z,Texas Longhorns,Ohio State Buckeyes,fanduel,FanDuel,2026-07-19T12:01:38Z,spreads,2026-07-19T12:01:38Z,Texas Longhorns,-112,-1.5,20260719120152693564
NCAAF,americanfootball_ncaaf,08c34029ecc85b4a6d519f90f9082e56,2026-09-12T23:30:00Z,Texas Longhorns,Ohio State Buckeyes,fanduel,FanDuel,2026-07-19T12:01:38Z,totals,2026-07-19T12:01:38Z,Over,-115,47.5,20260719120152693564
NCAAF,americanfootball_ncaaf,08c34029ecc85b4a6d519f90f9082e56,2026-09-12T23:30:00Z,Texas Longhorns,Ohio State Buckeyes,fanduel,FanDuel,2026-07-19T12:01:38Z,totals,2026-07-19T12:01:38Z,Under,-105,47.5,20260719120152693564
NCAAF,americanfootball_ncaaf,08c34029ecc85b4a6d519f90f9082e56,2026-09-12T23:30:00Z,Texas Longhorns,Ohio State Buckeyes,betrivers,BetRivers,2026-07-19T12:01:15Z,h2h,2026-07-19T12:01:15Z,Ohio State Buckeyes,-106,,20260719120152693564
NCAAF,americanfootball_ncaaf,08c34029ecc85b4a6d519f90f9082e56,2026-09-12T23:30:00Z,Texas Longhorns,Ohio State Buckeyes,betrivers,BetRivers,2026-07-19T12:01:15Z,h2h,2026-07-19T12:01:15Z,Texas Longhorns,-120,,20260719120152693564
NCAAF,americanfootball_ncaaf,08c34029ecc85b4a6d519f90f9082e56,2026-09-12T23:30:00Z,Texas Longhorns,Ohio State Buckeyes,betrivers,BetRivers,2026-07-19T12:01:15Z,spreads,2026-07-19T12:01:15Z,Ohio State Buckeyes,-109,1.0,20260719120152693564
NCAAF,americanfootball_ncaaf,08c34029ecc85b4a6d519f90f9082e56,2026-09-12T23:30:00Z,Texas Longhorns,Ohio State Buckeyes,betrivers,BetRivers,2026-07-19T12:01:15Z,spreads,2026-07-19T12:01:15Z,Texas Longhorns,-114,-1.0,20260719120152693564
NCAAF,americanfootball_ncaaf,08c34029ecc85b4a6d519f90f9082e56,2026-09-12T23:30:00Z,Texas Longhorns,Ohio State Buckeyes,betrivers,BetRivers,2026-07-19T12:01:15Z,totals,2026-07-19T12:01:15Z,Over,-114,47.5,20260719120152693564
NCAAF,americanfootball_ncaaf,08c34029ecc85b4a6d519f90f9082e56,2026-09-12T23:30:00Z,Texas Longhorns,Ohio State Buckeyes,betrivers,BetRivers,2026-07-19T12:01:15Z,totals,2026-07-19T12:01:15Z,Under,-109,47.5,20260719120152693564
NCAAF,americanfootball_ncaaf,08c34029ecc85b4a6d519f90f9082e56,2026-09-12T23:30:00Z,Texas Longhorns,Ohio State Buckeyes,mybookieag,MyBookie.ag,2026-07-19T12:01:39Z,h2h,2026-07-19T12:01:38Z,Ohio State Buckeyes,-105,,20260719120152693564
NCAAF,americanfootball_ncaaf,08c34029ecc85b4a6d519f90f9082e56,2026-09-12T23:30:00Z,Texas Longhorns,Ohio State Buckeyes,mybookieag,MyBookie.ag,2026-07-19T12:01:39Z,h2h,2026-07-19T12:01:38Z,Texas Longhorns,-121,,20260719120152693564
NCAAF,americanfootball_ncaaf,08c34029ecc85b4a6d519f90f9082e56,2026-09-12T23:30:00Z,Texas Longhorns,Ohio State Buckeyes,mybookieag,MyBookie.ag,2026-07-19T12:01:39Z,spreads,2026-07-19T12:01:38Z,Ohio State Buckeyes,-110,1.0,20260719120152693564
NCAAF,americanfootball_ncaaf,08c34029ecc85b4a6d519f90f9082e56,2026-09-12T23:30:00Z,Texas Longhorns,Ohio State Buckeyes,mybookieag,MyBookie.ag,2026-07-19T12:01:39Z,spreads,2026-07-19T12:01:38Z,Texas Longhorns,-110,-1.0,20260719120152693564
NCAAF,americanfootball_ncaaf,08c34029ecc85b4a6d519f90f9082e56,2026-09-12T23:30:00Z,Texas Longhorns,Ohio State Buckeyes,draftkings,DraftKings,2026-07-19T12:01:13Z,h2h,2026-07-19T12:01:13Z,Ohio State Buckeyes,-108,,20260719120152693564
NCAAF,americanfootball_ncaaf,08c34029ecc85b4a6d519f90f9082e56,2026-09-12T23:30:00Z,Texas Longhorns,Ohio State Buckeyes,draftkings,DraftKings,2026-07-19T12:01:13Z,h2h,2026-07-19T12:01:13Z,Texas Longhorns,-112,,20260719120152693564
NCAAF,americanfootball_ncaaf,08c34029ecc85b4a6d519f90f9082e56,2026-09-12T23:30:00Z,Texas Longhorns,Ohio State Buckeyes,draftkings,DraftKings,2026-07-19T12:01:13Z,spreads,2026-07-19T12:01:13Z,Ohio State Buckeyes,-115,1.5,20260719120152693564
NCAAF,americanfootball_ncaaf,08c34029ecc85b4a6d519f90f9082e56,2026-09-12T23:30:00Z,Texas Longhorns,Ohio State Buckeyes,draftkings,DraftKings,2026-07-19T12:01:13Z,spreads,2026-07-19T12:01:13Z,Texas Longhorns,-105,-1.5,20260719120152693564
NCAAF,americanfootball_ncaaf,08c34029ecc85b4a6d519f90f9082e56,2026-09-12T23:30:00Z,Texas Longhorns,Ohio State Buckeyes,draftkings,DraftKings,2026-07-19T12:01:13Z,totals,2026-07-19T12:01:13Z,Over,-115,47.5,20260719120152693564
NCAAF,americanfootball_ncaaf,08c34029ecc85b4a6d519f90f9082e56,2026-09-12T23:30:00Z,Texas Longhorns,Ohio State Buckeyes,draftkings,DraftKings,2026-07-19T12:01:13Z,totals,2026-07-19T12:01:13Z,Under,-105,47.5,20260719120152693564
NCAAF,americanfootball_ncaaf,c12cd73c4077a0265acec205a572c2ec,2026-09-13T02:15:00Z,Utah Utes,Arkansas Razorbacks,draftkings,DraftKings,2026-07-19T12:01:13Z,spreads,2026-07-19T12:01:13Z,Arkansas Razorbacks,-110,10.0,20260719120152693564
NCAAF,americanfootball_ncaaf,c12cd73c4077a0265acec205a572c2ec,2026-09-13T02:15:00Z,Utah Utes,Arkansas Razorbacks,draftkings,DraftKings,2026-07-19T12:01:13Z,spreads,2026-07-19T12:01:13Z,Utah Utes,-110,-10.0,20260719120152693564
NCAAF,americanfootball_ncaaf,a85cea77fbd44d9135461815777f6a9c,2026-09-19T19:30:00Z,Alabama Crimson Tide,Florida State Seminoles,draftkings,DraftKings,2026-07-19T12:01:13Z,spreads,2026-07-19T12:01:13Z,Alabama Crimson Tide,-110,-15.5,20260719120152693564
NCAAF,americanfootball_ncaaf,a85cea77fbd44d9135461815777f6a9c,2026-09-19T19:30:00Z,Alabama Crimson Tide,Florida State Seminoles,draftkings,DraftKings,2026-07-19T12:01:13Z,spreads,2026-07-19T12:01:13Z,Florida State Seminoles,-110,15.5,20260719120152693564
NCAAF,americanfootball_ncaaf,dbcfc3184e20d1ea45e910b89585071f,2026-09-19T19:30:00Z,Louisville Cardinals,SMU Mustangs,draftkings,DraftKings,2026-07-19T12:01:13Z,spreads,2026-07-19T12:01:13Z,Louisville Cardinals,-110,-1.5,20260719120152693564
NCAAF,americanfootball_ncaaf,dbcfc3184e20d1ea45e910b89585071f,2026-09-19T19:30:00Z,Louisville Cardinals,SMU Mustangs,draftkings,DraftKings,2026-07-19T12:01:13Z,spreads,2026-07-19T12:01:13Z,SMU Mustangs,-110,1.5,20260719120152693564
NCAAF,americanfootball_ncaaf,7ef3b27d15de635a3e05324f2b0c56cb,2026-09-19T23:00:00Z,Auburn Tigers,Florida Gators,draftkings,DraftKings,2026-07-19T12:01:13Z,spreads,2026-07-19T12:01:13Z,Auburn Tigers,-110,0.0,20260719120152693564
NCAAF,americanfootball_ncaaf,7ef3b27d15de635a3e05324f2b0c56cb,2026-09-19T23:00:00Z,Auburn Tigers,Florida Gators,draftkings,DraftKings,2026-07-19T12:01:13Z,spreads,2026-07-19T12:01:13Z,Florida Gators,-110,0.0,20260719120152693564
NCAAF,americanfootball_ncaaf,65571f1cab1a260aae4a220e38dbbc1d,2026-09-19T23:30:00Z,Ole Miss Rebels,LSU Tigers,fanduel,FanDuel,2026-07-19T12:01:38Z,h2h,2026-07-19T12:01:38Z,LSU Tigers,108,,20260719120152693564
NCAAF,americanfootball_ncaaf,65571f1cab1a260aae4a220e38dbbc1d,2026-09-19T23:30:00Z,Ole Miss Rebels,LSU Tigers,fanduel,FanDuel,2026-07-19T12:01:38Z,h2h,2026-07-19T12:01:38Z,Ole Miss Rebels,-130,,20260719120152693564
NCAAF,americanfootball_ncaaf,65571f1cab1a260aae4a220e38dbbc1d,2026-09-19T23:30:00Z,Ole Miss Rebels,LSU Tigers,fanduel,FanDuel,2026-07-19T12:01:38Z,spreads,2026-07-19T12:01:38Z,LSU Tigers,-110,2.5,20260719120152693564
NCAAF,americanfootball_ncaaf,65571f1cab1a260aae4a220e38dbbc1d,2026-09-19T23:30:00Z,Ole Miss Rebels,LSU Tigers,fanduel,FanDuel,2026-07-19T12:01:38Z,spreads,2026-07-19T12:01:38Z,Ole Miss Rebels,-110,-2.5,20260719120152693564
NCAAF,americanfootball_ncaaf,65571f1cab1a260aae4a220e38dbbc1d,2026-09-19T23:30:00Z,Ole Miss Rebels,LSU Tigers,fanduel,FanDuel,2026-07-19T12:01:38Z,totals,2026-07-19T12:01:38Z,Over,-110,57.5,20260719120152693564
NCAAF,americanfootball_ncaaf,65571f1cab1a260aae4a220e38dbbc1d,2026-09-19T23:30:00Z,Ole Miss Rebels,LSU Tigers,fanduel,FanDuel,2026-07-19T12:01:38Z,totals,2026-07-19T12:01:38Z,Under,-110,57.5,20260719120152693564
NCAAF,americanfootball_ncaaf,65571f1cab1a260aae4a220e38dbbc1d,2026-09-19T23:30:00Z,Ole Miss Rebels,LSU Tigers,draftkings,DraftKings,2026-07-19T12:01:13Z,h2h,2026-07-19T12:01:13Z,LSU Tigers,-102,,20260719120152693564
NCAAF,americanfootball_ncaaf,65571f1cab1a260aae4a220e38dbbc1d,2026-09-19T23:30:00Z,Ole Miss Rebels,LSU Tigers,draftkings,DraftKings,2026-07-19T12:01:13Z,h2h,2026-07-19T12:01:13Z,Ole Miss Rebels,-118,,20260719120152693564
NCAAF,americanfootball_ncaaf,65571f1cab1a260aae4a220e38dbbc1d,2026-09-19T23:30:00Z,Ole Miss Rebels,LSU Tigers,draftkings,DraftKings,2026-07-19T12:01:13Z,spreads,2026-07-19T12:01:13Z,LSU Tigers,-110,1.5,20260719120152693564
NCAAF,americanfootball_ncaaf,65571f1cab1a260aae4a220e38dbbc1d,2026-09-19T23:30:00Z,Ole Miss Rebels,LSU Tigers,draftkings,DraftKings,2026-07-19T12:01:13Z,spreads,2026-07-19T12:01:13Z,Ole Miss Rebels,-110,-1.5,20260719120152693564
NCAAF,americanfootball_ncaaf,65571f1cab1a260aae4a220e38dbbc1d,2026-09-19T23:30:00Z,Ole Miss Rebels,LSU Tigers,draftkings,DraftKings,2026-07-19T12:01:13Z,totals,2026-07-19T12:01:13Z,Over,-112,57.5,20260719120152693564
NCAAF,americanfootball_ncaaf,65571f1cab1a260aae4a220e38dbbc1d,2026-09-19T23:30:00Z,Ole Miss Rebels,LSU Tigers,draftkings,DraftKings,2026-07-19T12:01:13Z,totals,2026-07-19T12:01:13Z,Under,-108,57.5,20260719120152693564
NCAAF,americanfootball_ncaaf,65571f1cab1a260aae4a220e38dbbc1d,2026-09-19T23:30:00Z,Ole Miss Rebels,LSU Tigers,betrivers,BetRivers,2026-07-19T12:01:15Z,spreads,2026-07-19T12:01:15Z,LSU Tigers,-112,2.5,20260719120152693564
NCAAF,americanfootball_ncaaf,65571f1cab1a260aae4a220e38dbbc1d,2026-09-19T23:30:00Z,Ole Miss Rebels,LSU Tigers,betrivers,BetRivers,2026-07-19T12:01:15Z,spreads,2026-07-19T12:01:15Z,Ole Miss Rebels,-112,-2.5,20260719120152693564
NCAAF,americanfootball_ncaaf,65571f1cab1a260aae4a220e38dbbc1d,2026-09-19T23:30:00Z,Ole Miss Rebels,LSU Tigers,betrivers,BetRivers,2026-07-19T12:01:15Z,totals,2026-07-19T12:01:15Z,Over,-110,57.5,20260719120152693564
NCAAF,americanfootball_ncaaf,65571f1cab1a260aae4a220e38dbbc1d,2026-09-19T23:30:00Z,Ole Miss Rebels,LSU Tigers,betrivers,BetRivers,2026-07-19T12:01:15Z,totals,2026-07-19T12:01:15Z,Under,-113,57.5,20260719120152693564
NCAAF,americanfootball_ncaaf,d8c4386ede3f4cb264ac2f2b6017528c,2026-09-20T00:00:00Z,Texas Tech Red Raiders,Houston Cougars,draftkings,DraftKings,2026-07-19T12:01:13Z,spreads,2026-07-19T12:01:13Z,Houston Cougars,-110,13.5,20260719120152693564
NCAAF,americanfootball_ncaaf,d8c4386ede3f4cb264ac2f2b6017528c,2026-09-20T00:00:00Z,Texas Tech Red Raiders,Houston Cougars,draftkings,DraftKings,2026-07-19T12:01:13Z,spreads,2026-07-19T12:01:13Z,Texas Tech Red Raiders,-110,-13.5,20260719120152693564
NCAAF,americanfootball_ncaaf,3848eaee7484034f3604aed922649c4e,2026-09-26T16:00:00Z,Georgia Bulldogs,Oklahoma Sooners,draftkings,DraftKings,2026-07-19T12:01:13Z,spreads,2026-07-19T12:01:13Z,Georgia Bulldogs,-110,-10.0,20260719120152693564
NCAAF,americanfootball_ncaaf,3848eaee7484034f3604aed922649c4e,2026-09-26T16:00:00Z,Georgia Bulldogs,Oklahoma Sooners,draftkings,DraftKings,2026-07-19T12:01:13Z,spreads,2026-07-19T12:01:13Z,Oklahoma Sooners,-110,10.0,20260719120152693564
NCAAF,americanfootball_ncaaf,0c71c3230f930f30ac34160b38dbbaf0,2026-09-26T16:00:00Z,LSU Tigers,Texas A&M Aggies,draftkings,DraftKings,2026-07-19T12:01:13Z,spreads,2026-07-19T12:01:13Z,LSU Tigers,-110,-3.0,20260719120152693564
NCAAF,americanfootball_ncaaf,0c71c3230f930f30ac34160b38dbbaf0,2026-09-26T16:00:00Z,LSU Tigers,Texas A&M Aggies,draftkings,DraftKings,2026-07-19T12:01:13Z,spreads,2026-07-19T12:01:13Z,Texas A&M Aggies,-110,3.0,20260719120152693564
NCAAF,americanfootball_ncaaf,83516ad7ba3e8ef9f90498cfcaf10eb5,2026-09-26T16:00:00Z,USC Trojans,Oregon Ducks,draftkings,DraftKings,2026-07-19T12:01:13Z,spreads,2026-07-19T12:01:13Z,Oregon Ducks,-110,-5.5,20260719120152693564
NCAAF,americanfootball_ncaaf,83516ad7ba3e8ef9f90498cfcaf10eb5,2026-09-26T16:00:00Z,USC Trojans,Oregon Ducks,draftkings,DraftKings,2026-07-19T12:01:13Z,spreads,2026-07-19T12:01:13Z,USC Trojans,-110,5.5,20260719120152693564
NCAAF,americanfootball_ncaaf,69b1a0ff5fb2c67c6627b5c8cf8368cb,2026-09-26T16:00:00Z,Tennessee Volunteers,Texas Longhorns,draftkings,DraftKings,2026-07-19T12:01:13Z,spreads,2026-07-19T12:01:13Z,Tennessee Volunteers,-110,6.5,20260719120152693564
NCAAF,americanfootball_ncaaf,69b1a0ff5fb2c67c6627b5c8cf8368cb,2026-09-26T16:00:00Z,Tennessee Volunteers,Texas Longhorns,draftkings,DraftKings,2026-07-19T12:01:13Z,spreads,2026-07-19T12:01:13Z,Texas Longhorns,-110,-6.5,20260719120152693564
NCAAF,americanfootball_ncaaf,932c7f6dfe06be77192fe000e9f3ac9d,2026-10-03T16:00:00Z,Clemson Tigers,Miami Hurricanes,draftkings,DraftKings,2026-07-19T12:01:13Z,spreads,2026-07-19T12:01:13Z,Clemson Tigers,-110,7.0,20260719120152693564
NCAAF,americanfootball_ncaaf,932c7f6dfe06be77192fe000e9f3ac9d,2026-10-03T16:00:00Z,Clemson Tigers,Miami Hurricanes,draftkings,DraftKings,2026-07-19T12:01:13Z,spreads,2026-07-19T12:01:13Z,Miami Hurricanes,-110,-7.0,20260719120152693564
NCAAF,americanfootball_ncaaf,2b8db5053d533b488c0d76f49382d219,2026-10-03T16:00:00Z,North Carolina Tar Heels,Notre Dame Fighting Irish,draftkings,DraftKings,2026-07-19T12:01:13Z,spreads,2026-07-19T12:01:13Z,North Carolina Tar Heels,-110,23.5,20260719120152693564
NCAAF,americanfootball_ncaaf,2b8db5053d533b488c0d76f49382d219,2026-10-03T16:00:00Z,North Carolina Tar Heels,Notre Dame Fighting Irish,draftkings,DraftKings,2026-07-19T12:01:13Z,spreads,2026-07-19T12:01:13Z,Notre Dame Fighting Irish,-110,-23.5,20260719120152693564
NCAAF,americanfootball_ncaaf,59f8c98dee8ce77cc17c5b4958e4f325,2026-10-10T16:00:00Z,Alabama Crimson Tide,Georgia Bulldogs,fanduel,FanDuel,2026-07-19T12:01:38Z,h2h,2026-07-19T12:01:38Z,Alabama Crimson Tide,122,,20260719120152693564
NCAAF,americanfootball_ncaaf,59f8c98dee8ce77cc17c5b4958e4f325,2026-10-10T16:00:00Z,Alabama Crimson Tide,Georgia Bulldogs,fanduel,FanDuel,2026-07-19T12:01:38Z,h2h,2026-07-19T12:01:38Z,Georgia Bulldogs,-146,,20260719120152693564
NCAAF,americanfootball_ncaaf,59f8c98dee8ce77cc17c5b4958e4f325,2026-10-10T16:00:00Z,Alabama Crimson Tide,Georgia Bulldogs,fanduel,FanDuel,2026-07-19T12:01:38Z,spreads,2026-07-19T12:01:38Z,Alabama Crimson Tide,100,2.5,20260719120152693564
NCAAF,americanfootball_ncaaf,59f8c98dee8ce77cc17c5b4958e4f325,2026-10-10T16:00:00Z,Alabama Crimson Tide,Georgia Bulldogs,fanduel,FanDuel,2026-07-19T12:01:38Z,spreads,2026-07-19T12:01:38Z,Georgia Bulldogs,-122,-2.5,20260719120152693564
NCAAF,americanfootball_ncaaf,59f8c98dee8ce77cc17c5b4958e4f325,2026-10-10T16:00:00Z,Alabama Crimson Tide,Georgia Bulldogs,fanduel,FanDuel,2026-07-19T12:01:38Z,totals,2026-07-19T12:01:38Z,Over,-108,49.5,20260719120152693564
NCAAF,americanfootball_ncaaf,59f8c98dee8ce77cc17c5b4958e4f325,2026-10-10T16:00:00Z,Alabama Crimson Tide,Georgia Bulldogs,fanduel,FanDuel,2026-07-19T12:01:38Z,totals,2026-07-19T12:01:38Z,Under,-112,49.5,20260719120152693564
NCAAF,americanfootball_ncaaf,59f8c98dee8ce77cc17c5b4958e4f325,2026-10-10T16:00:00Z,Alabama Crimson Tide,Georgia Bulldogs,draftkings,DraftKings,2026-07-19T12:01:13Z,spreads,2026-07-19T12:01:13Z,Alabama Crimson Tide,-110,3.0,20260719120152693564
NCAAF,americanfootball_ncaaf,59f8c98dee8ce77cc17c5b4958e4f325,2026-10-10T16:00:00Z,Alabama Crimson Tide,Georgia Bulldogs,draftkings,DraftKings,2026-07-19T12:01:13Z,spreads,2026-07-19T12:01:13Z,Georgia Bulldogs,-110,-3.0,20260719120152693564
NCAAF,americanfootball_ncaaf,59f8c98dee8ce77cc17c5b4958e4f325,2026-10-10T16:00:00Z,Alabama Crimson Tide,Georgia Bulldogs,betrivers,BetRivers,2026-07-19T12:01:15Z,h2h,2026-07-19T12:01:15Z,Alabama Crimson Tide,110,,20260719120152693564
NCAAF,americanfootball_ncaaf,59f8c98dee8ce77cc17c5b4958e4f325,2026-10-10T16:00:00Z,Alabama Crimson Tide,Georgia Bulldogs,betrivers,BetRivers,2026-07-19T12:01:15Z,h2h,2026-07-19T12:01:15Z,Georgia Bulldogs,-143,,20260719120152693564
NCAAF,americanfootball_ncaaf,59f8c98dee8ce77cc17c5b4958e4f325,2026-10-10T16:00:00Z,Alabama Crimson Tide,Georgia Bulldogs,betrivers,BetRivers,2026-07-19T12:01:15Z,spreads,2026-07-19T12:01:15Z,Alabama Crimson Tide,-109,2.5,20260719120152693564
NCAAF,americanfootball_ncaaf,59f8c98dee8ce77cc17c5b4958e4f325,2026-10-10T16:00:00Z,Alabama Crimson Tide,Georgia Bulldogs,betrivers,BetRivers,2026-07-19T12:01:15Z,spreads,2026-07-19T12:01:15Z,Georgia Bulldogs,-114,-2.5,20260719120152693564
NCAAF,americanfootball_ncaaf,59f8c98dee8ce77cc17c5b4958e4f325,2026-10-10T16:00:00Z,Alabama Crimson Tide,Georgia Bulldogs,betrivers,BetRivers,2026-07-19T12:01:15Z,totals,2026-07-19T12:01:15Z,Over,-113,49.0,20260719120152693564
NCAAF,americanfootball_ncaaf,59f8c98dee8ce77cc17c5b4958e4f325,2026-10-10T16:00:00Z,Alabama Crimson Tide,Georgia Bulldogs,betrivers,BetRivers,2026-07-19T12:01:15Z,totals,2026-07-19T12:01:15Z,Under,-110,49.0,20260719120152693564
NCAAF,americanfootball_ncaaf,82b83ec87fc2be5faa2e9f26ac50edef,2026-10-10T16:00:00Z,Texas Longhorns,Oklahoma Sooners,fanduel,FanDuel,2026-07-19T12:01:38Z,h2h,2026-07-19T12:01:38Z,Oklahoma Sooners,184,,20260719120152693564
NCAAF,americanfootball_ncaaf,82b83ec87fc2be5faa2e9f26ac50edef,2026-10-10T16:00:00Z,Texas Longhorns,Oklahoma Sooners,fanduel,FanDuel,2026-07-19T12:01:38Z,h2h,2026-07-19T12:01:38Z,Texas Longhorns,-225,,20260719120152693564
NCAAF,americanfootball_ncaaf,82b83ec87fc2be5faa2e9f26ac50edef,2026-10-10T16:00:00Z,Texas Longhorns,Oklahoma Sooners,fanduel,FanDuel,2026-07-19T12:01:38Z,spreads,2026-07-19T12:01:38Z,Oklahoma Sooners,-110,6.5,20260719120152693564
NCAAF,americanfootball_ncaaf,82b83ec87fc2be5faa2e9f26ac50edef,2026-10-10T16:00:00Z,Texas Longhorns,Oklahoma Sooners,fanduel,FanDuel,2026-07-19T12:01:38Z,spreads,2026-07-19T12:01:38Z,Texas Longhorns,-110,-6.5,20260719120152693564
NCAAF,americanfootball_ncaaf,82b83ec87fc2be5faa2e9f26ac50edef,2026-10-10T16:00:00Z,Texas Longhorns,Oklahoma Sooners,fanduel,FanDuel,2026-07-19T12:01:38Z,totals,2026-07-19T12:01:38Z,Over,-110,48.5,20260719120152693564
NCAAF,americanfootball_ncaaf,82b83ec87fc2be5faa2e9f26ac50edef,2026-10-10T16:00:00Z,Texas Longhorns,Oklahoma Sooners,fanduel,FanDuel,2026-07-19T12:01:38Z,totals,2026-07-19T12:01:38Z,Under,-110,48.5,20260719120152693564
NCAAF,americanfootball_ncaaf,82b83ec87fc2be5faa2e9f26ac50edef,2026-10-10T16:00:00Z,Texas Longhorns,Oklahoma Sooners,draftkings,DraftKings,2026-07-19T12:01:13Z,h2h,2026-07-19T12:01:13Z,Oklahoma Sooners,180,,20260719120152693564
NCAAF,americanfootball_ncaaf,82b83ec87fc2be5faa2e9f26ac50edef,2026-10-10T16:00:00Z,Texas Longhorns,Oklahoma Sooners,draftkings,DraftKings,2026-07-19T12:01:13Z,h2h,2026-07-19T12:01:13Z,Texas Longhorns,-218,,20260719120152693564
NCAAF,americanfootball_ncaaf,82b83ec87fc2be5faa2e9f26ac50edef,2026-10-10T16:00:00Z,Texas Longhorns,Oklahoma Sooners,draftkings,DraftKings,2026-07-19T12:01:13Z,spreads,2026-07-19T12:01:13Z,Oklahoma Sooners,-110,6.0,20260719120152693564
NCAAF,americanfootball_ncaaf,82b83ec87fc2be5faa2e9f26ac50edef,2026-10-10T16:00:00Z,Texas Longhorns,Oklahoma Sooners,draftkings,DraftKings,2026-07-19T12:01:13Z,spreads,2026-07-19T12:01:13Z,Texas Longhorns,-110,-6.0,20260719120152693564
NCAAF,americanfootball_ncaaf,82b83ec87fc2be5faa2e9f26ac50edef,2026-10-10T16:00:00Z,Texas Longhorns,Oklahoma Sooners,draftkings,DraftKings,2026-07-19T12:01:13Z,totals,2026-07-19T12:01:13Z,Over,-112,48.5,20260719120152693564
NCAAF,americanfootball_ncaaf,82b83ec87fc2be5faa2e9f26ac50edef,2026-10-10T16:00:00Z,Texas Longhorns,Oklahoma Sooners,draftkings,DraftKings,2026-07-19T12:01:13Z,totals,2026-07-19T12:01:13Z,Under,-108,48.5,20260719120152693564
NCAAF,americanfootball_ncaaf,82b83ec87fc2be5faa2e9f26ac50edef,2026-10-10T16:00:00Z,Texas Longhorns,Oklahoma Sooners,betrivers,BetRivers,2026-07-19T12:01:15Z,h2h,2026-07-19T12:01:15Z,Oklahoma Sooners,180,,20260719120152693564
NCAAF,americanfootball_ncaaf,82b83ec87fc2be5faa2e9f26ac50edef,2026-10-10T16:00:00Z,Texas Longhorns,Oklahoma Sooners,betrivers,BetRivers,2026-07-19T12:01:15Z,h2h,2026-07-19T12:01:15Z,Texas Longhorns,-230,,20260719120152693564
NCAAF,americanfootball_ncaaf,82b83ec87fc2be5faa2e9f26ac50edef,2026-10-10T16:00:00Z,Texas Longhorns,Oklahoma Sooners,betrivers,BetRivers,2026-07-19T12:01:15Z,spreads,2026-07-19T12:01:15Z,Oklahoma Sooners,-112,6.5,20260719120152693564
NCAAF,americanfootball_ncaaf,82b83ec87fc2be5faa2e9f26ac50edef,2026-10-10T16:00:00Z,Texas Longhorns,Oklahoma Sooners,betrivers,BetRivers,2026-07-19T12:01:15Z,spreads,2026-07-19T12:01:15Z,Texas Longhorns,-112,-6.5,20260719120152693564
NCAAF,americanfootball_ncaaf,82b83ec87fc2be5faa2e9f26ac50edef,2026-10-10T16:00:00Z,Texas Longhorns,Oklahoma Sooners,betrivers,BetRivers,2026-07-19T12:01:15Z,totals,2026-07-19T12:01:15Z,Over,-112,48.5,20260719120152693564
NCAAF,americanfootball_ncaaf,82b83ec87fc2be5faa2e9f26ac50edef,2026-10-10T16:00:00Z,Texas Longhorns,Oklahoma Sooners,betrivers,BetRivers,2026-07-19T12:01:15Z,totals,2026-07-19T12:01:15Z,Under,-112,48.5,20260719120152693564
NCAAF,americanfootball_ncaaf,4462f1fa168ab2a5a25fe2807ebec8ac,2026-10-10T16:00:00Z,Penn State Nittany Lions,USC Trojans,draftkings,DraftKings,2026-07-19T12:01:13Z,spreads,2026-07-19T12:01:13Z,Penn State Nittany Lions,-110,0.0,20260719120152693564
NCAAF,americanfootball_ncaaf,4462f1fa168ab2a5a25fe2807ebec8ac,2026-10-10T16:00:00Z,Penn State Nittany Lions,USC Trojans,draftkings,DraftKings,2026-07-19T12:01:13Z,spreads,2026-07-19T12:01:13Z,USC Trojans,-110,0.0,20260719120152693564
NCAAF,americanfootball_ncaaf,9ed02ffe3e126a8ec8846278bf18d393,2026-10-17T16:00:00Z,Tennessee Volunteers,Alabama Crimson Tide,draftkings,DraftKings,2026-07-19T12:01:13Z,spreads,2026-07-19T12:01:13Z,Alabama Crimson Tide,-110,-1.5,20260719120152693564
NCAAF,americanfootball_ncaaf,9ed02ffe3e126a8ec8846278bf18d393,2026-10-17T16:00:00Z,Tennessee Volunteers,Alabama Crimson Tide,draftkings,DraftKings,2026-07-19T12:01:13Z,spreads,2026-07-19T12:01:13Z,Tennessee Volunteers,-110,1.5,20260719120152693564
NCAAF,americanfootball_ncaaf,2851c11a3831feac527b6df0b34b2a2a,2026-10-17T16:00:00Z,Georgia Bulldogs,Auburn Tigers,draftkings,DraftKings,2026-07-19T12:01:13Z,spreads,2026-07-19T12:01:13Z,Auburn Tigers,-110,16.5,20260719120152693564
NCAAF,americanfootball_ncaaf,2851c11a3831feac527b6df0b34b2a2a,2026-10-17T16:00:00Z,Georgia Bulldogs,Auburn Tigers,draftkings,DraftKings,2026-07-19T12:01:13Z,spreads,2026-07-19T12:01:13Z,Georgia Bulldogs,-110,-16.5,20260719120152693564
NCAAF,americanfootball_ncaaf,bd2d52fadefed8a6174e73c84cca9ce3,2026-10-17T16:00:00Z,BYU Cougars,Notre Dame Fighting Irish,draftkings,DraftKings,2026-07-19T12:01:13Z,spreads,2026-07-19T12:01:13Z,BYU Cougars,-110,10.5,20260719120152693564
NCAAF,americanfootball_ncaaf,bd2d52fadefed8a6174e73c84cca9ce3,2026-10-17T16:00:00Z,BYU Cougars,Notre Dame Fighting Irish,draftkings,DraftKings,2026-07-19T12:01:13Z,spreads,2026-07-19T12:01:13Z,Notre Dame Fighting Irish,-110,-10.5,20260719120152693564
NCAAF,americanfootball_ncaaf,685a8722f297502fa85e4cd8c7e54b1c,2026-10-17T16:00:00Z,Indiana Hoosiers,Ohio State Buckeyes,fanduel,FanDuel,2026-07-19T12:01:38Z,h2h,2026-07-19T12:01:38Z,Indiana Hoosiers,-102,,20260719120152693564
NCAAF,americanfootball_ncaaf,685a8722f297502fa85e4cd8c7e54b1c,2026-10-17T16:00:00Z,Indiana Hoosiers,Ohio State Buckeyes,fanduel,FanDuel,2026-07-19T12:01:38Z,h2h,2026-07-19T12:01:38Z,Ohio State Buckeyes,-118,,20260719120152693564
NCAAF,americanfootball_ncaaf,685a8722f297502fa85e4cd8c7e54b1c,2026-10-17T16:00:00Z,Indiana Hoosiers,Ohio State Buckeyes,fanduel,FanDuel,2026-07-19T12:01:38Z,spreads,2026-07-19T12:01:38Z,Indiana Hoosiers,-110,1.5,20260719120152693564
NCAAF,americanfootball_ncaaf,685a8722f297502fa85e4cd8c7e54b1c,2026-10-17T16:00:00Z,Indiana Hoosiers,Ohio State Buckeyes,fanduel,FanDuel,2026-07-19T12:01:38Z,spreads,2026-07-19T12:01:38Z,Ohio State Buckeyes,-110,-1.5,20260719120152693564
NCAAF,americanfootball_ncaaf,685a8722f297502fa85e4cd8c7e54b1c,2026-10-17T16:00:00Z,Indiana Hoosiers,Ohio State Buckeyes,fanduel,FanDuel,2026-07-19T12:01:38Z,totals,2026-07-19T12:01:38Z,Over,-115,48.5,20260719120152693564
NCAAF,americanfootball_ncaaf,685a8722f297502fa85e4cd8c7e54b1c,2026-10-17T16:00:00Z,Indiana Hoosiers,Ohio State Buckeyes,fanduel,FanDuel,2026-07-19T12:01:38Z,totals,2026-07-19T12:01:38Z,Under,-105,48.5,20260719120152693564
NCAAF,americanfootball_ncaaf,685a8722f297502fa85e4cd8c7e54b1c,2026-10-17T16:00:00Z,Indiana Hoosiers,Ohio State Buckeyes,betrivers,BetRivers,2026-07-19T12:01:15Z,h2h,2026-07-19T12:01:15Z,Indiana Hoosiers,-104,,20260719120152693564
NCAAF,americanfootball_ncaaf,685a8722f297502fa85e4cd8c7e54b1c,2026-10-17T16:00:00Z,Indiana Hoosiers,Ohio State Buckeyes,betrivers,BetRivers,2026-07-19T12:01:15Z,h2h,2026-07-19T12:01:15Z,Ohio State Buckeyes,-121,,20260719120152693564
NCAAF,americanfootball_ncaaf,685a8722f297502fa85e4cd8c7e54b1c,2026-10-17T16:00:00Z,Indiana Hoosiers,Ohio State Buckeyes,betrivers,BetRivers,2026-07-19T12:01:15Z,spreads,2026-07-19T12:01:15Z,Indiana Hoosiers,-114,1.5,20260719120152693564
NCAAF,americanfootball_ncaaf,685a8722f297502fa85e4cd8c7e54b1c,2026-10-17T16:00:00Z,Indiana Hoosiers,Ohio State Buckeyes,betrivers,BetRivers,2026-07-19T12:01:15Z,spreads,2026-07-19T12:01:15Z,Ohio State Buckeyes,-109,-1.5,20260719120152693564
NCAAF,americanfootball_ncaaf,685a8722f297502fa85e4cd8c7e54b1c,2026-10-17T16:00:00Z,Indiana Hoosiers,Ohio State Buckeyes,betrivers,BetRivers,2026-07-19T12:01:15Z,totals,2026-07-19T12:01:15Z,Over,-112,48.5,20260719120152693564
NCAAF,americanfootball_ncaaf,685a8722f297502fa85e4cd8c7e54b1c,2026-10-17T16:00:00Z,Indiana Hoosiers,Ohio State Buckeyes,betrivers,BetRivers,2026-07-19T12:01:15Z,totals,2026-07-19T12:01:15Z,Under,-112,48.5,20260719120152693564
NCAAF,americanfootball_ncaaf,4aac00e6cc06b8905659f911419540d2,2026-11-08T00:30:00Z,Notre Dame Fighting Irish,Miami Hurricanes,fanduel,FanDuel,2026-07-19T12:01:38Z,h2h,2026-07-19T12:01:38Z,Miami Hurricanes,190,,20260719120152693564
NCAAF,americanfootball_ncaaf,4aac00e6cc06b8905659f911419540d2,2026-11-08T00:30:00Z,Notre Dame Fighting Irish,Miami Hurricanes,fanduel,FanDuel,2026-07-19T12:01:38Z,h2h,2026-07-19T12:01:38Z,Notre Dame Fighting Irish,-235,,20260719120152693564
NCAAF,americanfootball_ncaaf,4aac00e6cc06b8905659f911419540d2,2026-11-08T00:30:00Z,Notre Dame Fighting Irish,Miami Hurricanes,fanduel,FanDuel,2026-07-19T12:01:38Z,spreads,2026-07-19T12:01:38Z,Miami Hurricanes,-110,6.5,20260719120152693564
NCAAF,americanfootball_ncaaf,4aac00e6cc06b8905659f911419540d2,2026-11-08T00:30:00Z,Notre Dame Fighting Irish,Miami Hurricanes,fanduel,FanDuel,2026-07-19T12:01:38Z,spreads,2026-07-19T12:01:38Z,Notre Dame Fighting Irish,-110,-6.5,20260719120152693564
NCAAF,americanfootball_ncaaf,4aac00e6cc06b8905659f911419540d2,2026-11-08T00:30:00Z,Notre Dame Fighting Irish,Miami Hurricanes,fanduel,FanDuel,2026-07-19T12:01:38Z,totals,2026-07-19T12:01:38Z,Over,-115,54.5,20260719120152693564
NCAAF,americanfootball_ncaaf,4aac00e6cc06b8905659f911419540d2,2026-11-08T00:30:00Z,Notre Dame Fighting Irish,Miami Hurricanes,fanduel,FanDuel,2026-07-19T12:01:38Z,totals,2026-07-19T12:01:38Z,Under,-105,54.5,20260719120152693564
NCAAF,americanfootball_ncaaf,4aac00e6cc06b8905659f911419540d2,2026-11-08T00:30:00Z,Notre Dame Fighting Irish,Miami Hurricanes,mybookieag,MyBookie.ag,2026-07-19T12:01:39Z,h2h,2026-07-19T12:01:38Z,Miami Hurricanes,184,,20260719120152693564
NCAAF,americanfootball_ncaaf,4aac00e6cc06b8905659f911419540d2,2026-11-08T00:30:00Z,Notre Dame Fighting Irish,Miami Hurricanes,mybookieag,MyBookie.ag,2026-07-19T12:01:39Z,h2h,2026-07-19T12:01:38Z,Notre Dame Fighting Irish,-242,,20260719120152693564
NCAAF,americanfootball_ncaaf,4aac00e6cc06b8905659f911419540d2,2026-11-08T00:30:00Z,Notre Dame Fighting Irish,Miami Hurricanes,betrivers,BetRivers,2026-07-19T12:01:15Z,h2h,2026-07-19T12:01:15Z,Miami Hurricanes,175,,20260719120152693564
NCAAF,americanfootball_ncaaf,4aac00e6cc06b8905659f911419540d2,2026-11-08T00:30:00Z,Notre Dame Fighting Irish,Miami Hurricanes,betrivers,BetRivers,2026-07-19T12:01:15Z,h2h,2026-07-19T12:01:15Z,Notre Dame Fighting Irish,-230,,20260719120152693564
NCAAF,americanfootball_ncaaf,4aac00e6cc06b8905659f911419540d2,2026-11-08T00:30:00Z,Notre Dame Fighting Irish,Miami Hurricanes,betrivers,BetRivers,2026-07-19T12:01:15Z,spreads,2026-07-19T12:01:15Z,Miami Hurricanes,-109,6.5,20260719120152693564
NCAAF,americanfootball_ncaaf,4aac00e6cc06b8905659f911419540d2,2026-11-08T00:30:00Z,Notre Dame Fighting Irish,Miami Hurricanes,betrivers,BetRivers,2026-07-19T12:01:15Z,spreads,2026-07-19T12:01:15Z,Notre Dame Fighting Irish,-114,-6.5,20260719120152693564
NCAAF,americanfootball_ncaaf,4aac00e6cc06b8905659f911419540d2,2026-11-08T00:30:00Z,Notre Dame Fighting Irish,Miami Hurricanes,betrivers,BetRivers,2026-07-19T12:01:15Z,totals,2026-07-19T12:01:15Z,Over,-110,54.5,20260719120152693564
NCAAF,americanfootball_ncaaf,4aac00e6cc06b8905659f911419540d2,2026-11-08T00:30:00Z,Notre Dame Fighting Irish,Miami Hurricanes,betrivers,BetRivers,2026-07-19T12:01:15Z,totals,2026-07-19T12:01:15Z,Under,-113,54.5,20260719120152693564
NCAAF,americanfootball_ncaaf,426658869d8f93e891cad97029725975,2026-11-28T17:00:00Z,Ohio State Buckeyes,Michigan Wolverines,fanduel,FanDuel,2026-07-19T12:01:38Z,h2h,2026-07-19T12:01:38Z,Michigan Wolverines,360,,20260719120152693564
NCAAF,americanfootball_ncaaf,426658869d8f93e891cad97029725975,2026-11-28T17:00:00Z,Ohio State Buckeyes,Michigan Wolverines,fanduel,FanDuel,2026-07-19T12:01:38Z,h2h,2026-07-19T12:01:38Z,Ohio State Buckeyes,-480,,20260719120152693564
NCAAF,americanfootball_ncaaf,426658869d8f93e891cad97029725975,2026-11-28T17:00:00Z,Ohio State Buckeyes,Michigan Wolverines,fanduel,FanDuel,2026-07-19T12:01:38Z,spreads,2026-07-19T12:01:38Z,Michigan Wolverines,-110,11.5,20260719120152693564
NCAAF,americanfootball_ncaaf,426658869d8f93e891cad97029725975,2026-11-28T17:00:00Z,Ohio State Buckeyes,Michigan Wolverines,fanduel,FanDuel,2026-07-19T12:01:38Z,spreads,2026-07-19T12:01:38Z,Ohio State Buckeyes,-110,-11.5,20260719120152693564
NCAAF,americanfootball_ncaaf,426658869d8f93e891cad97029725975,2026-11-28T17:00:00Z,Ohio State Buckeyes,Michigan Wolverines,fanduel,FanDuel,2026-07-19T12:01:38Z,totals,2026-07-19T12:01:38Z,Over,-110,45.5,20260719120152693564
NCAAF,americanfootball_ncaaf,426658869d8f93e891cad97029725975,2026-11-28T17:00:00Z,Ohio State Buckeyes,Michigan Wolverines,fanduel,FanDuel,2026-07-19T12:01:38Z,totals,2026-07-19T12:01:38Z,Under,-110,45.5,20260719120152693564
NCAAF,americanfootball_ncaaf,426658869d8f93e891cad97029725975,2026-11-28T17:00:00Z,Ohio State Buckeyes,Michigan Wolverines,betrivers,BetRivers,2026-07-19T12:01:15Z,h2h,2026-07-19T12:01:15Z,Michigan Wolverines,330,,20260719120152693564
NCAAF,americanfootball_ncaaf,426658869d8f93e891cad97029725975,2026-11-28T17:00:00Z,Ohio State Buckeyes,Michigan Wolverines,betrivers,BetRivers,2026-07-19T12:01:15Z,h2h,2026-07-19T12:01:15Z,Ohio State Buckeyes,-455,,20260719120152693564
NCAAF,americanfootball_ncaaf,426658869d8f93e891cad97029725975,2026-11-28T17:00:00Z,Ohio State Buckeyes,Michigan Wolverines,betrivers,BetRivers,2026-07-19T12:01:15Z,spreads,2026-07-19T12:01:15Z,Michigan Wolverines,-114,11.5,20260719120152693564
NCAAF,americanfootball_ncaaf,426658869d8f93e891cad97029725975,2026-11-28T17:00:00Z,Ohio State Buckeyes,Michigan Wolverines,betrivers,BetRivers,2026-07-19T12:01:15Z,spreads,2026-07-19T12:01:15Z,Ohio State Buckeyes,-109,-11.5,20260719120152693564
NCAAF,americanfootball_ncaaf,426658869d8f93e891cad97029725975,2026-11-28T17:00:00Z,Ohio State Buckeyes,Michigan Wolverines,betrivers,BetRivers,2026-07-19T12:01:15Z,totals,2026-07-19T12:01:15Z,Over,-113,45.5,20260719120152693564
NCAAF,americanfootball_ncaaf,426658869d8f93e891cad97029725975,2026-11-28T17:00:00Z,Ohio State Buckeyes,Michigan Wolverines,betrivers,BetRivers,2026-07-19T12:01:15Z,totals,2026-07-19T12:01:15Z,Under,-110,45.5,20260719120152693564
