sport,sport_key,game_id,game_time,home_team,away_team,bookmaker_key,bookmaker_title,bookmaker_last_update,market,market_last_update,team,price,point,query_time
NCAAF,americanfootball_ncaaf,f06e90b4212fb514f3564ded9f190107,2026-09-17T23:30:00Z,Pittsburgh Panthers,Syracuse Orange,draftkings,DraftKings,2026-09-17T19:34:58Z,h2h,2026-09-17T19:34:58Z,Pittsburgh Panthers,-410,,20260917193559929069
NCAAF,americanfootball_ncaaf,f06e90b4212fb514f3564ded9f190107,2026-09-17T23:30:00Z,Pittsburgh Panthers,Syracuse Orange,draftkings,DraftKings,2026-09-17T19:34:58Z,h2h,2026-09-17T19:34:58Z,Syracuse Orange,320,,20260917193559929069
NCAAF,americanfootball_ncaaf,f06e90b4212fb514f3564ded9f190107,2026-09-17T23:30:00Z,Pittsburgh Panthers,Syracuse Orange,draftkings,DraftKings,2026-09-17T19:34:58Z,spreads,2026-09-17T19:34:58Z,Pittsburgh Panthers,-105,-10.5,20260917193559929069
NCAAF,americanfootball_ncaaf,f06e90b4212fb514f3564ded9f190107,2026-09-17T23:30:00Z,Pittsburgh Panthers,Syracuse Orange,draftkings,DraftKings,2026-09-17T19:34:58Z,spreads,2026-09-17T19:34:58Z,Syracuse Orange,-115,10.5,20260917193559929069
NCAAF,americanfootball_ncaaf,f06e90b4212fb514f3564ded9f190107,2026-09-17T23:30:00Z,Pittsburgh Panthers,Syracuse Orange,draftkings,DraftKings,2026-09-17T19:34:58Z,totals,2026-09-17T19:34:58Z,Over,-110,51.5,20260917193559929069
NCAAF,americanfootball_ncaaf,f06e90b4212fb514f3564ded9f190107,2026-09-17T23:30:00Z,Pittsburgh Panthers,Syracuse Orange,draftkings,DraftKings,2026-09-17T19:34:58Z,totals,2026-09-17T19:34:58Z,Under,-110,51.5,20260917193559929069
NCAAF,americanfootball_ncaaf,f06e90b4212fb514f3564ded9f190107,2026-09-17T23:30:00Z,Pittsburgh Panthers,Syracuse Orange,fanduel,FanDuel,2026-09-17T19:35:46Z,h2h,2026-09-17T19:35:46Z,Pittsburgh Panthers,-400,,20260917193559929069
NCAAF,americanfootball_ncaaf,f06e90b4212fb514f3564ded9f190107,2026-09-17T23:30:00Z,Pittsburgh Panthers,Syracuse Orange,fanduel,FanDuel,2026-09-17T19:35:46Z,h2h,2026-09-17T19:35:46Z,Syracuse Orange,310,,20260917193559929069
NCAAF,americanfootball_ncaaf,f06e90b4212fb514f3564ded9f190107,2026-09-17T23:30:00Z,Pittsburgh Panthers,Syracuse Orange,fanduel,FanDuel,2026-09-17T19:35:46Z,spreads,2026-09-17T19:35:46Z,Pittsburgh Panthers,-102,-10.5,20260917193559929069
NCAAF,americanfootball_ncaaf,f06e90b4212fb514f3564ded9f190107,2026-09-17T23:30:00Z,Pittsburgh Panthers,Syracuse Orange,fanduel,FanDuel,2026-09-17T19:35:46Z,spreads,2026-09-17T19:35:46Z,Syracuse Orange,-120,10.5,20260917193559929069
NCAAF,americanfootball_ncaaf,f06e90b4212fb514f3564ded9f190107,2026-09-17T23:30:00Z,Pittsburgh Panthers,Syracuse Orange,fanduel,FanDuel,2026-09-17T19:35:46Z,totals,2026-09-17T19:35:46Z,Over,-105,51.5,20260917193559929069
NCAAF,americanfootball_ncaaf,f06e90b4212fb514f3564ded9f190107,2026-09-17T23:30:00Z,Pittsburgh Panthers,Syracuse Orange,fanduel,FanDuel,2026-09-17T19:35:46Z,totals,2026-09-17T19:35:46Z,Under,-115,51.5,20260917193559929069
NCAAF,americanfootball_ncaaf,f06e90b4212fb514f3564ded9f190107,2026-09-17T23:30:00Z,Pittsburgh Panthers,Syracuse Orange,betrivers,BetRivers,2026-09-17T19:34:38Z,h2h,2026-09-17T19:34:38Z,Pittsburgh Panthers,-500,,20260917193559929069
NCAAF,americanfootball_ncaaf,f06e90b4212fb514f3564ded9f190107,2026-09-17T23:30:00Z,Pittsburgh Panthers,Syracuse Orange,betrivers,BetRivers,2026-09-17T19:34:38Z,h2h,2026-09-17T19:34:38Z,Syracuse Orange,330,,20260917193559929069
NCAAF,americanfootball_ncaaf,f06e90b4212fb514f3564ded9f190107,2026-09-17T23:30:00Z,Pittsburgh Panthers,Syracuse Orange,betrivers,BetRivers,2026-09-17T19:34:38Z,spreads,2026-09-17T19:34:38Z,Pittsburgh Panthers,-117,-10.0,20260917193559929069
NCAAF,americanfootball_ncaaf,f06e90b4212fb514f3564ded9f190107,2026-09-17T23:30:00Z,Pittsburgh Panthers,Syracuse Orange,betrivers,BetRivers,2026-09-17T19:34:38Z,spreads,2026-09-17T19:34:38Z,Syracuse Orange,-108,10.0,20260917193559929069
NCAAF,americanfootball_ncaaf,f06e90b4212fb514f3564ded9f190107,2026-09-17T23:30:00Z,Pittsburgh Panthers,Syracuse Orange,betrivers,BetRivers,2026-09-17T19:34:38Z,totals,2026-09-17T19:34:38Z,Over,-112,51.0,20260917193559929069
NCAAF,americanfootball_ncaaf,f06e90b4212fb514f3564ded9f190107,2026-09-17T23:30:00Z,Pittsburgh Panthers,Syracuse Orange,betrivers,BetRivers,2026-09-17T19:34:38Z,totals,2026-09-17T19:34:38Z,Under,-112,51.0,20260917193559929069
NCAAF,americanfootball_ncaaf,f06e90b4212fb514f3564ded9f190107,2026-09-17T23:30:00Z,Pittsburgh Panthers,Syracuse Orange,lowvig,LowVig.ag,2026-09-17T19:35:22Z,h2h,2026-09-17T19:35:22Z,Pittsburgh Panthers,-425,,20260917193559929069
NCAAF,americanfootball_ncaaf,f06e90b4212fb514f3564ded9f190107,2026-09-17T23:30:00Z,Pittsburgh Panthers,Syracuse Orange,lowvig,LowVig.ag,2026-09-17T19:35:22Z,h2h,2026-09-17T19:35:22Z,Syracuse Orange,334,,20260917193559929069
NCAAF,americanfootball_ncaaf,f06e90b4212fb514f3564ded9f190107,2026-09-17T23:30:00Z,Pittsburgh Panthers,Syracuse Orange,lowvig,LowVig.ag,2026-09-17T19:35:22Z,spreads,2026-09-17T19:35:22Z,Pittsburgh Panthers,-102,-10.5,20260917193559929069
NCAAF,americanfootball_ncaaf,f06e90b4212fb514f3564ded9f190107,2026-09-17T23:30:00Z,Pittsburgh Panthers,Syracuse Orange,lowvig,LowVig.ag,2026-09-17T19:35:22Z,spreads,2026-09-17T19:35:22Z,Syracuse Orange,-110,10.5,20260917193559929069
NCAAF,americanfootball_ncaaf,f06e90b4212fb514f3564ded9f190107,2026-09-17T23:30:00Z,Pittsburgh Panthers,Syracuse Orange,lowvig,LowVig.ag,2026-09-17T19:35:22Z,totals,2026-09-17T19:35:22Z,Over,-114,51.5,20260917193559929069
NCAAF,americanfootball_ncaaf,f06e90b4212fb514f3564ded9f190107,2026-09-17T23:30:00Z,Pittsburgh Panthers,Syracuse Orange,lowvig,LowVig.ag,2026-09-17T19:35:22Z,totals,2026-09-17T19:35:22Z,Under,-103,51.5,20260917193559929069
NCAAF,americanfootball_ncaaf,f06e90b4212fb514f3564ded9f190107,2026-09-17T23:30:00Z,Pittsburgh Panthers,Syracuse Orange,betonlineag,BetOnline.ag,2026-09-17T19:35:23Z,h2h,2026-09-17T19:35:23Z,Pittsburgh Panthers,-425,,20260917193559929069
NCAAF,americanfootball_ncaaf,f06e90b4212fb514f3564ded9f190107,2026-09-17T23:30:00Z,Pittsburgh Panthers,Syracuse Orange,betonlineag,BetOnline.ag,2026-09-17T19:35:23Z,h2h,2026-09-17T19:35:23Z,Syracuse Orange,334,,20260917193559929069
NCAAF,americanfootball_ncaaf,f06e90b4212fb514f3564ded9f190107,2026-09-17T23:30:00Z,Pittsburgh Panthers,Syracuse Orange,betonlineag,BetOnline.ag,2026-09-17T19:35:23Z,spreads,2026-09-17T19:35:23Z,Pittsburgh Panthers,-105,-10.5,20260917193559929069
NCAAF,americanfootball_ncaaf,f06e90b4212fb514f3564ded9f190107,2026-09-17T23:30:00Z,Pittsburgh Panthers,Syracuse Orange,betonlineag,BetOnline.ag,2026-09-17T19:35:23Z,spreads,2026-09-17T19:35:23Z,Syracuse Orange,-115,10.5,20260917193559929069
NCAAF,americanfootball_ncaaf,f06e90b4212fb514f3564ded9f190107,2026-09-17T23:30:00Z,Pittsburgh Panthers,Syracuse Orange,betonlineag,BetOnline.ag,2026-09-17T19:35:23Z,totals,2026-09-17T19:35:23Z,Over,-115,51.5,20260917193559929069
NCAAF,americanfootball_ncaaf,f06e90b4212fb514f3564ded9f190107,2026-09-17T23:30:00Z,Pittsburgh Panthers,Syracuse Orange,betonlineag,BetOnline.ag,2026-09-17T19:35:23Z,totals,2026-09-17T19:35:23Z,Under,-105,51.5,20260917193559929069
NCAAF,americanfootball_ncaaf,f06e90b4212fb514f3564ded9f190107,2026-09-17T23:30:00Z,Pittsburgh Panthers,Syracuse Orange,betmgm,BetMGM,2026-09-17T19:35:24Z,h2h,2026-09-17T19:35:24Z,Pittsburgh Panthers,-425,,20260917193559929069
NCAAF,americanfootball_ncaaf,f06e90b4212fb514f3564ded9f190107,2026-09-17T23:30:00Z,Pittsburgh Panthers,Syracuse Orange,betmgm,BetMGM,2026-09-17T19:35:24Z,h2h,2026-09-17T19:35:24Z,Syracuse Orange,333,,20260917193559929069
NCAAF,americanfootball_ncaaf,f06e90b4212fb514f3564ded9f190107,2026-09-17T23:30:00Z,Pittsburgh Panthers,Syracuse Orange,betmgm,BetMGM,2026-09-17T19:35:24Z,spreads,2026-09-17T19:35:24Z,Pittsburgh Panthers,-110,-10.0,20260917193559929069
NCAAF,americanfootball_ncaaf,f06e90b4212fb514f3564ded9f190107,2026-09-17T23:30:00Z,Pittsburgh Panthers,Syracuse Orange,betmgm,BetMGM,2026-09-17T19:35:24Z,spreads,2026-09-17T19:35:24Z,Syracuse Orange,-108,10.0,20260917193559929069
NCAAF,americanfootball_ncaaf,f06e90b4212fb514f3564ded9f190107,2026-09-17T23:30:00Z,Pittsburgh Panthers,Syracuse Orange,betmgm,BetMGM,2026-09-17T19:35:24Z,totals,2026-09-17T19:35:24Z,Over,-110,51.5,20260917193559929069
NCAAF,americanfootball_ncaaf,f06e90b4212fb514f3564ded9f190107,2026-09-17T23:30:00Z,Pittsburgh Panthers,Syracuse Orange,betmgm,BetMGM,2026-09-17T19:35:24Z,totals,2026-09-17T19:35:24Z,Under,-108,51.5,20260917193559929069
NCAAF,americanfootball_ncaaf,f06e90b4212fb514f3564ded9f190107,2026-09-17T23:30:00Z,Pittsburgh Panthers,Syracuse Orange,betus,BetUS,2026-09-17T19:35:44Z,h2h,2026-09-17T19:35:44Z,Pittsburgh Panthers,-425,,20260917193559929069
NCAAF,americanfootball_ncaaf,f06e90b4212fb514f3564ded9f190107,2026-09-17T23:30:00Z,Pittsburgh Panthers,Syracuse Orange,betus,BetUS,2026-09-17T19:35:44Z,h2h,2026-09-17T19:35:44Z,Syracuse Orange,333,,20260917193559929069
NCAAF,americanfootball_ncaaf,f06e90b4212fb514f3564ded9f190107,2026-09-17T23:30:00Z,Pittsburgh Panthers,Syracuse Orange,betus,BetUS,2026-09-17T19:35:44Z,spreads,2026-09-17T19:35:44Z,Pittsburgh Panthers,-105,-10.5,20260917193559929069
NCAAF,americanfootball_ncaaf,f06e90b4212fb514f3564ded9f190107,2026-09-17T23:30:00Z,Pittsburgh Panthers,Syracuse Orange,betus,BetUS,2026-09-17T19:35:44Z,spreads,2026-09-17T19:35:44Z,Syracuse Orange,-115,10.5,20260917193559929069
NCAAF,americanfootball_ncaaf,f06e90b4212fb514f3564ded9f190107,2026-09-17T23:30:00Z,Pittsburgh Panthers,Syracuse Orange,betus,BetUS,2026-09-17T19:35:44Z,totals,2026-09-17T19:35:44Z,Over,-115,51.5,20260917193559929069
NCAAF,americanfootball_ncaaf,f06e90b4212fb514f3564ded9f190107,2026-09-17T23:30:00Z,Pittsburgh Panthers,Syracuse Orange,betus,BetUS,2026-09-17T19:35:44Z,totals,2026-09-17T19:35:44Z,Under,-105,51.5,20260917193559929069
NCAAF,americanfootball_ncaaf,f06e90b4212fb514f3564ded9f190107,2026-09-17T23:30:00Z,Pittsburgh Panthers,Syracuse Orange,bovada,Bovada,2026-09-17T19:35:03Z,h2h,2026-09-17T19:35:03Z,Pittsburgh Panthers,-440,,20260917193559929069
NCAAF,americanfootball_ncaaf,f06e90b4212fb514f3564ded9f190107,2026-09-17T23:30:00Z,Pittsburgh Panthers,Syracuse Orange,bovada,Bovada,2026-09-17T19:35:03Z,h2h,2026-09-17T19:35:03Z,Syracuse Orange,330,,20260917193559929069
NCAAF,americanfootball_ncaaf,f06e90b4212fb514f3564ded9f190107,2026-09-17T23:30:00Z,Pittsburgh Panthers,Syracuse Orange,bovada,Bovada,2026-09-17T19:35:03Z,spreads,2026-09-17T19:35:03Z,Pittsburgh Panthers,-110,-10.5,20260917193559929069
NCAAF,americanfootball_ncaaf,f06e90b4212fb514f3564ded9f190107,2026-09-17T23:30:00Z,Pittsburgh Panthers,Syracuse Orange,bovada,Bovada,2026-09-17T19:35:03Z,spreads,2026-09-17T19:35:03Z,Syracuse Orange,-110,10.5,20260917193559929069
NCAAF,americanfootball_ncaaf,f06e90b4212fb514f3564ded9f190107,2026-09-17T23:30:00Z,Pittsburgh Panthers,Syracuse Orange,bovada,Bovada,2026-09-17T19:35:03Z,totals,2026-09-17T19:35:03Z,Over,-110,51.5,20260917193559929069
NCAAF,americanfootball_ncaaf,f06e90b4212fb514f3564ded9f190107,2026-09-17T23:30:00Z,Pittsburgh Panthers,Syracuse Orange,bovada,Bovada,2026-09-17T19:35:03Z,totals,2026-09-17T19:35:03Z,Under,-110,51.5,20260917193559929069
NCAAF,americanfootball_ncaaf,720451b07d54e435c9be484ef73ea211,2026-09-18T23:30:00Z,Wake Forest Demon Deacons,Miami Hurricanes,draftkings,DraftKings,2026-09-17T19:34:58Z,h2h,2026-09-17T19:34:58Z,Miami Hurricanes,-1600,,20260917193559929069
NCAAF,americanfootball_ncaaf,720451b07d54e435c9be484ef73ea211,2026-09-18T23:30:00Z,Wake Forest Demon Deacons,Miami Hurricanes,draftkings,DraftKings,2026-09-17T19:34:58Z,h2h,2026-09-17T19:34:58Z,Wake Forest Demon Deacons,900,,20260917193559929069
NCAAF,americanfootball_ncaaf,720451b07d54e435c9be484ef73ea211,2026-09-18T23:30:00Z,Wake Forest Demon Deacons,Miami Hurricanes,draftkings,DraftKings,2026-09-17T19:34:58Z,spreads,2026-09-17T19:34:58Z,Miami Hurricanes,100,-21.0,20260917193559929069
NCAAF,americanfootball_ncaaf,720451b07d54e435c9be484ef73ea211,2026-09-18T23:30:00Z,Wake Forest Demon Deacons,Miami Hurricanes,draftkings,DraftKings,2026-09-17T19:34:58Z,spreads,2026-09-17T19:34:58Z,Wake Forest Demon Deacons,-120,21.0,20260917193559929069
NCAAF,americanfootball_ncaaf,720451b07d54e435c9be484ef73ea211,2026-09-18T23:30:00Z,Wake Forest Demon Deacons,Miami Hurricanes,draftkings,DraftKings,2026-09-17T19:34:58Z,totals,2026-09-17T19:34:58Z,Over,-108,56.5,20260917193559929069
NCAAF,americanfootball_ncaaf,720451b07d54e435c9be484ef73ea211,2026-09-18T23:30:00Z,Wake Forest Demon Deacons,Miami Hurricanes,draftkings,DraftKings,2026-09-17T19:34:58Z,totals,2026-09-17T19:34:58Z,Under,-112,56.5,20260917193559929069
NCAAF,americanfootball_ncaaf,720451b07d54e435c9be484ef73ea211,2026-09-18T23:30:00Z,Wake Forest Demon Deacons,Miami Hurricanes,fanduel,FanDuel,2026-09-17T19:35:46Z,h2h,2026-09-17T19:35:46Z,Miami Hurricanes,-1600,,20260917193559929069
NCAAF,americanfootball_ncaaf,720451b07d54e435c9be484ef73ea211,2026-09-18T23:30:00Z,Wake Forest Demon Deacons,Miami Hurricanes,fanduel,FanDuel,2026-09-17T19:35:46Z,h2h,2026-09-17T19:35:46Z,Wake Forest Demon Deacons,860,,20260917193559929069
NCAAF,americanfootball_ncaaf,720451b07d54e435c9be484ef73ea211,2026-09-18T23:30:00Z,Wake Forest Demon Deacons,Miami Hurricanes,fanduel,FanDuel,2026-09-17T19:35:46Z,spreads,2026-09-17T19:35:46Z,Miami Hurricanes,-112,-20.5,20260917193559929069
NCAAF,americanfootball_ncaaf,720451b07d54e435c9be484ef73ea211,2026-09-18T23:30:00Z,Wake Forest Demon Deacons,Miami Hurricanes,fanduel,FanDuel,2026-09-17T19:35:46Z,spreads,2026-09-17T19:35:46Z,Wake Forest Demon Deacons,-108,20.5,20260917193559929069
NCAAF,americanfootball_ncaaf,720451b07d54e435c9be484ef73ea211,2026-09-18T23:30:00Z,Wake Forest Demon Deacons,Miami Hurricanes,fanduel,FanDuel,2026-09-17T19:35:46Z,totals,2026-09-17T19:35:46Z,Over,-110,55.5,20260917193559929069
NCAAF,americanfootball_ncaaf,720451b07d54e435c9be484ef73ea211,2026-09-18T23:30:00Z,Wake Forest Demon Deacons,Miami Hurricanes,fanduel,FanDuel,2026-09-17T19:35:46Z,totals,2026-09-17T19:35:46Z,Under,-110,55.5,20260917193559929069
NCAAF,americanfootball_ncaaf,720451b07d54e435c9be484ef73ea211,2026-09-18T23:30:00Z,Wake Forest Demon Deacons,Miami Hurricanes,betmgm,BetMGM,2026-09-17T19:35:24Z,h2h,2026-09-17T19:35:24Z,Miami Hurricanes,-1600,,20260917193559929069
NCAAF,americanfootball_ncaaf,720451b07d54e435c9be484ef73ea211,2026-09-18T23:30:00Z,Wake Forest Demon Deacons,Miami Hurricanes,betmgm,BetMGM,2026-09-17T19:35:24Z,h2h,2026-09-17T19:35:24Z,Wake Forest Demon Deacons,1050,,20260917193559929069
NCAAF,americanfootball_ncaaf,720451b07d54e435c9be484ef73ea211,2026-09-18T23:30:00Z,Wake Forest Demon Deacons,Miami Hurricanes,betmgm,BetMGM,2026-09-17T19:35:24Z,spreads,2026-09-17T19:35:24Z,Miami Hurricanes,-112,-20.5,20260917193559929069
NCAAF,americanfootball_ncaaf,720451b07d54e435c9be484ef73ea211,2026-09-18T23:30:00Z,Wake Forest Demon Deacons,Miami Hurricanes,betmgm,BetMGM,2026-09-17T19:35:24Z,spreads,2026-09-17T19:35:24Z,Wake Forest Demon Deacons,-105,20.5,20260917193559929069
NCAAF,americanfootball_ncaaf,720451b07d54e435c9be484ef73ea211,2026-09-18T23:30:00Z,Wake Forest Demon Deacons,Miami Hurricanes,betmgm,BetMGM,2026-09-17T19:35:24Z,totals,2026-09-17T19:35:24Z,Over,-110,56.5,20260917193559929069
NCAAF,americanfootball_ncaaf,720451b07d54e435c9be484ef73ea211,2026-09-18T23:30:00Z,Wake Forest Demon Deacons,Miami Hurricanes,betmgm,BetMGM,2026-09-17T19:35:24Z,totals,2026-09-17T19:35:24Z,Under,-118,56.5,20260917193559929069
NCAAF,americanfootball_ncaaf,720451b07d54e435c9be484ef73ea211,2026-09-18T23:30:00Z,Wake Forest Demon Deacons,Miami Hurricanes,betrivers,BetRivers,2026-09-17T19:34:38Z,h2h,2026-09-17T19:34:38Z,Miami Hurricanes,-2000,,20260917193559929069
NCAAF,americanfootball_ncaaf,720451b07d54e435c9be484ef73ea211,2026-09-18T23:30:00Z,Wake Forest Demon Deacons,Miami Hurricanes,betrivers,BetRivers,2026-09-17T19:34:38Z,h2h,2026-09-17T19:34:38Z,Wake Forest Demon Deacons,900,,20260917193559929069
NCAAF,americanfootball_ncaaf,720451b07d54e435c9be484ef73ea211,2026-09-18T23:30:00Z,Wake Forest Demon Deacons,Miami Hurricanes,betrivers,BetRivers,2026-09-17T19:34:38Z,spreads,2026-09-17T19:34:38Z,Miami Hurricanes,-115,-20.5,20260917193559929069
NCAAF,americanfootball_ncaaf,720451b07d54e435c9be484ef73ea211,2026-09-18T23:30:00Z,Wake Forest Demon Deacons,Miami Hurricanes,betrivers,BetRivers,2026-09-17T19:34:38Z,spreads,2026-09-17T19:34:38Z,Wake Forest Demon Deacons,-108,20.5,20260917193559929069
NCAAF,americanfootball_ncaaf,720451b07d54e435c9be484ef73ea211,2026-09-18T23:30:00Z,Wake Forest Demon Deacons,Miami Hurricanes,betrivers,BetRivers,2026-09-17T19:34:38Z,totals,2026-09-17T19:34:38Z,Over,-114,55.5,20260917193559929069
NCAAF,americanfootball_ncaaf,720451b07d54e435c9be484ef73ea211,2026-09-18T23:30:00Z,Wake Forest Demon Deacons,Miami Hurricanes,betrivers,BetRivers,2026-09-17T19:34:38Z,totals,2026-09-17T19:34:38Z,Under,-109,55.5,20260917193559929069
NCAAF,americanfootball_ncaaf,720451b07d54e435c9be484ef73ea211,2026-09-18T23:30:00Z,Wake Forest Demon Deacons,Miami Hurricanes,lowvig,LowVig.ag,2026-09-17T19:35:22Z,h2h,2026-09-17T19:35:22Z,Miami Hurricanes,-1800,,20260917193559929069
NCAAF,americanfootball_ncaaf,720451b07d54e435c9be484ef73ea211,2026-09-18T23:30:00Z,Wake Forest Demon Deacons,Miami Hurricanes,lowvig,LowVig.ag,2026-09-17T19:35:22Z,h2h,2026-09-17T19:35:22Z,Wake Forest Demon Deacons,979,,20260917193559929069
NCAAF,americanfootball_ncaaf,720451b07d54e435c9be484ef73ea211,2026-09-18T23:30:00Z,Wake Forest Demon Deacons,Miami Hurricanes,lowvig,LowVig.ag,2026-09-17T19:35:22Z,spreads,2026-09-17T19:35:22Z,Miami Hurricanes,101,-21.0,20260917193559929069
NCAAF,americanfootball_ncaaf,720451b07d54e435c9be484ef73ea211,2026-09-18T23:30:00Z,Wake Forest Demon Deacons,Miami Hurricanes,lowvig,LowVig.ag,2026-09-17T19:35:22Z,spreads,2026-09-17T19:35:22Z,Wake Forest Demon Deacons,-113,21.0,20260917193559929069
NCAAF,americanfootball_ncaaf,720451b07d54e435c9be484ef73ea211,2026-09-18T23:30:00Z,Wake Forest Demon Deacons,Miami Hurricanes,lowvig,LowVig.ag,2026-09-17T19:35:22Z,totals,2026-09-17T19:35:22Z,Over,-108,56.0,20260917193559929069
NCAAF,americanfootball_ncaaf,720451b07d54e435c9be484ef73ea211,2026-09-18T23:30:00Z,Wake Forest Demon Deacons,Miami Hurricanes,lowvig,LowVig.ag,2026-09-17T19:35:22Z,totals,2026-09-17T19:35:22Z,Under,-108,56.0,20260917193559929069
NCAAF,americanfootball_ncaaf,720451b07d54e435c9be484ef73ea211,2026-09-18T23:30:00Z,Wake Forest Demon Deacons,Miami Hurricanes,betonlineag,BetOnline.ag,2026-09-17T19:35:23Z,h2h,2026-09-17T19:35:23Z,Miami Hurricanes,-1800,,20260917193559929069
NCAAF,americanfootball_ncaaf,720451b07d54e435c9be484ef73ea211,2026-09-18T23:30:00Z,Wake Forest Demon Deacons,Miami Hurricanes,betonlineag,BetOnline.ag,2026-09-17T19:35:23Z,h2h,2026-09-17T19:35:23Z,Wake Forest Demon Deacons,979,,20260917193559929069
NCAAF,americanfootball_ncaaf,720451b07d54e435c9be484ef73ea211,2026-09-18T23:30:00Z,Wake Forest Demon Deacons,Miami Hurricanes,betonlineag,BetOnline.ag,2026-09-17T19:35:23Z,spreads,2026-09-17T19:35:23Z,Miami Hurricanes,-103,-21.0,20260917193559929069
NCAAF,americanfootball_ncaaf,720451b07d54e435c9be484ef73ea211,2026-09-18T23:30:00Z,Wake Forest Demon Deacons,Miami Hurricanes,betonlineag,BetOnline.ag,2026-09-17T19:35:23Z,spreads,2026-09-17T19:35:23Z,Wake Forest Demon Deacons,-117,21.0,20260917193559929069
NCAAF,americanfootball_ncaaf,720451b07d54e435c9be484ef73ea211,2026-09-18T23:30:00Z,Wake Forest Demon Deacons,Miami Hurricanes,betonlineag,BetOnline.ag,2026-09-17T19:35:23Z,totals,2026-09-17T19:35:23Z,Over,-110,56.0,20260917193559929069
NCAAF,americanfootball_ncaaf,720451b07d54e435c9be484ef73ea211,2026-09-18T23:30:00Z,Wake Forest Demon Deacons,Miami Hurricanes,betonlineag,BetOnline.ag,2026-09-17T19:35:23Z,totals,2026-09-17T19:35:23Z,Under,-110,56.0,20260917193559929069
NCAAF,americanfootball_ncaaf,720451b07d54e435c9be484ef73ea211,2026-09-18T23:30:00Z,Wake Forest Demon Deacons,Miami Hurricanes,betus,BetUS,2026-09-17T19:35:44Z,h2h,2026-09-17T19:35:44Z,Miami Hurricanes,-1800,,20260917193559929069
NCAAF,americanfootball_ncaaf,720451b07d54e435c9be484ef73ea211,2026-09-18T23:30:00Z,Wake Forest Demon Deacons,Miami Hurricanes,betus,BetUS,2026-09-17T19:35:44Z,h2h,2026-09-17T19:35:44Z,Wake Forest Demon Deacons,1000,,20260917193559929069
NCAAF,americanfootball_ncaaf,720451b07d54e435c9be484ef73ea211,2026-09-18T23:30:00Z,Wake Forest Demon Deacons,Miami Hurricanes,betus,BetUS,2026-09-17T19:35:44Z,spreads,2026-09-17T19:35:44Z,Miami Hurricanes,-105,-21.0,20260917193559929069
NCAAF,americanfootball_ncaaf,720451b07d54e435c9be484ef73ea211,2026-09-18T23:30:00Z,Wake Forest Demon Deacons,Miami Hurricanes,betus,BetUS,2026-09-17T19:35:44Z,spreads,2026-09-17T19:35:44Z,Wake Forest Demon Deacons,-115,21.0,20260917193559929069
NCAAF,americanfootball_ncaaf,720451b07d54e435c9be484ef73ea211,2026-09-18T23:30:00Z,Wake Forest Demon Deacons,Miami Hurricanes,betus,BetUS,2026-09-17T19:35:44Z,totals,2026-09-17T19:35:44Z,Over,-110,56.0,20260917193559929069
NCAAF,americanfootball_ncaaf,720451b07d54e435c9be484ef73ea211,2026-09-18T23:30:00Z,Wake Forest Demon Deacons,Miami Hurricanes,betus,BetUS,2026-09-17T19:35:44Z,totals,2026-09-17T19:35:44Z,Under,-110,56.0,20260917193559929069
NCAAF,americanfootball_ncaaf,720451b07d54e435c9be484ef73ea211,2026-09-18T23:30:00Z,Wake Forest Demon Deacons,Miami Hurricanes,bovada,Bovada,2026-09-17T19:35:03Z,h2h,2026-09-17T19:35:03Z,Miami Hurricanes,-1800,,20260917193559929069
NCAAF,americanfootball_ncaaf,720451b07d54e435c9be484ef73ea211,2026-09-18T23:30:00Z,Wake Forest Demon Deacons,Miami Hurricanes,bovada,Bovada,2026-09-17T19:35:03Z,h2h,2026-09-17T19:35:03Z,Wake Forest Demon Deacons,850,,20260917193559929069
NCAAF,americanfootball_ncaaf,720451b07d54e435c9be484ef73ea211,2026-09-18T23:30:00Z,Wake Forest Demon Deacons,Miami Hurricanes,bovada,Bovada,2026-09-17T19:35:03Z,spreads,2026-09-17T19:35:03Z,Miami Hurricanes,-115,-20.5,20260917193559929069
NCAAF,americanfootball_ncaaf,720451b07d54e435c9be484ef73ea211,2026-09-18T23:30:00Z,Wake Forest Demon Deacons,Miami Hurricanes,bovada,Bovada,2026-09-17T19:35:03Z,spreads,2026-09-17T19:35:03Z,Wake Forest Demon Deacons,-105,20.5,20260917193559929069
NCAAF,americanfootball_ncaaf,720451b07d54e435c9be484ef73ea211,2026-09-18T23:30:00Z,Wake Forest Demon Deacons,Miami Hurricanes,bovada,Bovada,2026-09-17T19:35:03Z,totals,2026-09-17T19:35:03Z,Over,-105,56.5,20260917193559929069
NCAAF,americanfootball_ncaaf,720451b07d54e435c9be484ef73ea211,2026-09-18T23:30:00Z,Wake Forest Demon Deacons,Miami Hurricanes,bovada,Bovada,2026-09-17T19:35:03Z,totals,2026-09-17T19:35:03Z,Under,-115,56.5,20260917193559929069
NCAAF,americanfootball_ncaaf,7311bf775464ae97893928e22512bb47,2026-09-19T00:00:00Z,Texas Tech Red Raiders,Houston Cougars,fanduel,FanDuel,2026-09-17T19:35:46Z,h2h,2026-09-17T19:35:46Z,Houston Cougars,260,,20260917193559929069
NCAAF,americanfootball_ncaaf,7311bf775464ae97893928e22512bb47,2026-09-19T00:00:00Z,Texas Tech Red Raiders,Houston Cougars,fanduel,FanDuel,2026-09-17T19:35:46Z,h2h,2026-09-17T19:35:46Z,Texas Tech Red Raiders,-330,,20260917193559929069
NCAAF,americanfootball_ncaaf,7311bf775464ae97893928e22512bb47,2026-09-19T00:00:00Z,Texas Tech Red Raiders,Houston Cougars,fanduel,FanDuel,2026-09-17T19:35:46Z,spreads,2026-09-17T19:35:46Z,Houston Cougars,-105,7.5,20260917193559929069
NCAAF,americanfootball_ncaaf,7311bf775464ae97893928e22512bb47,2026-09-19T00:00:00Z,Texas Tech Red Raiders,Houston Cougars,fanduel,FanDuel,2026-09-17T19:35:46Z,spreads,2026-09-17T19:35:46Z,Texas Tech Red Raiders,-115,-7.5,20260917193559929069
NCAAF,americanfootball_ncaaf,7311bf775464ae97893928e22512bb47,2026-09-19T00:00:00Z,Texas Tech Red Raiders,Houston Cougars,fanduel,FanDuel,2026-09-17T19:35:46Z,totals,2026-09-17T19:35:46Z,Over,-105,52.5,20260917193559929069
NCAAF,americanfootball_ncaaf,7311bf775464ae97893928e22512bb47,2026-09-19T00:00:00Z,Texas Tech Red Raiders,Houston Cougars,fanduel,FanDuel,2026-09-17T19:35:46Z,totals,2026-09-17T19:35:46Z,Under,-115,52.5,20260917193559929069
NCAAF,americanfootball_ncaaf,7311bf775464ae97893928e22512bb47,2026-09-19T00:00:00Z,Texas Tech Red Raiders,Houston Cougars,draftkings,DraftKings,2026-09-17T19:34:58Z,h2h,2026-09-17T19:34:58Z,Houston Cougars,275,,20260917193559929069
NCAAF,americanfootball_ncaaf,7311bf775464ae97893928e22512bb47,2026-09-19T00:00:00Z,Texas Tech Red Raiders,Houston Cougars,draftkings,DraftKings,2026-09-17T19:34:58Z,h2h,2026-09-17T19:34:58Z,Texas Tech Red Raiders,-345,,20260917193559929069
NCAAF,americanfootball_ncaaf,7311bf775464ae97893928e22512bb47,2026-09-19T00:00:00Z,Texas Tech Red Raiders,Houston Cougars,draftkings,DraftKings,2026-09-17T19:34:58Z,spreads,2026-09-17T19:34:58Z,Houston Cougars,-108,7.5,20260917193559929069
NCAAF,americanfootball_ncaaf,7311bf775464ae97893928e22512bb47,2026-09-19T00:00:00Z,Texas Tech Red Raiders,Houston Cougars,draftkings,DraftKings,2026-09-17T19:34:58Z,spreads,2026-09-17T19:34:58Z,Texas Tech Red Raiders,-112,-7.5,20260917193559929069
NCAAF,americanfootball_ncaaf,7311bf775464ae97893928e22512bb47,2026-09-19T00:00:00Z,Texas Tech Red Raiders,Houston Cougars,draftkings,DraftKings,2026-09-17T19:34:58Z,totals,2026-09-17T19:34:58Z,Over,-108,52.5,20260917193559929069
NCAAF,americanfootball_ncaaf,7311bf775464ae97893928e22512bb47,2026-09-19T00:00:00Z,Texas Tech Red Raiders,Houston Cougars,draftkings,DraftKings,2026-09-17T19:34:58Z,totals,2026-09-17T19:34:58Z,Under,-112,52.5,20260917193559929069
NCAAF,americanfootball_ncaaf,7311bf775464ae97893928e22512bb47,2026-09-19T00:00:00Z,Texas Tech Red Raiders,Houston Cougars,betrivers,BetRivers,2026-09-17T19:34:38Z,h2h,2026-09-17T19:34:38Z,Houston Cougars,240,,20260917193559929069
NCAAF,americanfootball_ncaaf,7311bf775464ae97893928e22512bb47,2026-09-19T00:00:00Z,Texas Tech Red Raiders,Houston Cougars,betrivers,BetRivers,2026-09-17T19:34:38Z,h2h,2026-09-17T19:34:38Z,Texas Tech Red Raiders,-315,,20260917193559929069
NCAAF,americanfootball_ncaaf,7311bf775464ae97893928e22512bb47,2026-09-19T00:00:00Z,Texas Tech Red Raiders,Houston Cougars,betrivers,BetRivers,2026-09-17T19:34:38Z,spreads,2026-09-17T19:34:38Z,Houston Cougars,-112,7.5,20260917193559929069
NCAAF,americanfootball_ncaaf,7311bf775464ae97893928e22512bb47,2026-09-19T00:00:00Z,Texas Tech Red Raiders,Houston Cougars,betrivers,BetRivers,2026-09-17T19:34:38Z,spreads,2026-09-17T19:34:38Z,Texas Tech Red Raiders,-112,-7.5,20260917193559929069
NCAAF,americanfootball_ncaaf,7311bf775464ae97893928e22512bb47,2026-09-19T00:00:00Z,Texas Tech Red Raiders,Houston Cougars,betrivers,BetRivers,2026-09-17T19:34:38Z,totals,2026-09-17T19:34:38Z,Over,-113,53.0,20260917193559929069
NCAAF,americanfootball_ncaaf,7311bf775464ae97893928e22512bb47,2026-09-19T00:00:00Z,Texas Tech Red Raiders,Houston Cougars,betrivers,BetRivers,2026-09-17T19:34:38Z,totals,2026-09-17T19:34:38Z,Under,-110,53.0,20260917193559929069
NCAAF,americanfootball_ncaaf,7311bf775464ae97893928e22512bb47,2026-09-19T00:00:00Z,Texas Tech Red Raiders,Houston Cougars,lowvig,LowVig.ag,2026-09-17T19:35:22Z,h2h,2026-09-17T19:35:22Z,Houston Cougars,263,,20260917193559929069
NCAAF,americanfootball_ncaaf,7311bf775464ae97893928e22512bb47,2026-09-19T00:00:00Z,Texas Tech Red Raiders,Houston Cougars,lowvig,LowVig.ag,2026-09-17T19:35:22Z,h2h,2026-09-17T19:35:22Z,Texas Tech Red Raiders,-325,,20260917193559929069
NCAAF,americanfootball_ncaaf,7311bf775464ae97893928e22512bb47,2026-09-19T00:00:00Z,Texas Tech Red Raiders,Houston Cougars,lowvig,LowVig.ag,2026-09-17T19:35:22Z,spreads,2026-09-17T19:35:22Z,Houston Cougars,-106,7.5,20260917193559929069
NCAAF,americanfootball_ncaaf,7311bf775464ae97893928e22512bb47,2026-09-19T00:00:00Z,Texas Tech Red Raiders,Houston Cougars,lowvig,LowVig.ag,2026-09-17T19:35:22Z,spreads,2026-09-17T19:35:22Z,Texas Tech Red Raiders,-106,-7.5,20260917193559929069
NCAAF,americanfootball_ncaaf,7311bf775464ae97893928e22512bb47,2026-09-19T00:00:00Z,Texas Tech Red Raiders,Houston Cougars,lowvig,LowVig.ag,2026-09-17T19:35:22Z,totals,2026-09-17T19:35:22Z,Over,-103,53.0,20260917193559929069
NCAAF,americanfootball_ncaaf,7311bf775464ae97893928e22512bb47,2026-09-19T00:00:00Z,Texas Tech Red Raiders,Houston Cougars,lowvig,LowVig.ag,2026-09-17T19:35:22Z,totals,2026-09-17T19:35:22Z,Under,-114,53.0,20260917193559929069
NCAAF,americanfootball_ncaaf,7311bf775464ae97893928e22512bb47,2026-09-19T00:00:00Z,Texas Tech Red Raiders,Houston Cougars,betonlineag,BetOnline.ag,2026-09-17T19:35:23Z,h2h,2026-09-17T19:35:23Z,Houston Cougars,263,,20260917193559929069
NCAAF,americanfootball_ncaaf,7311bf775464ae97893928e22512bb47,2026-09-19T00:00:00Z,Texas Tech Red Raiders,Houston Cougars,betonlineag,BetOnline.ag,2026-09-17T19:35:23Z,h2h,2026-09-17T19:35:23Z,Texas Tech Red Raiders,-325,,20260917193559929069
NCAAF,americanfootball_ncaaf,7311bf775464ae97893928e22512bb47,2026-09-19T00:00:00Z,Texas Tech Red Raiders,Houston Cougars,betonlineag,BetOnline.ag,2026-09-17T19:35:23Z,spreads,2026-09-17T19:35:23Z,Houston Cougars,-110,7.5,20260917193559929069
NCAAF,americanfootball_ncaaf,7311bf775464ae97893928e22512bb47,2026-09-19T00:00:00Z,Texas Tech Red Raiders,Houston Cougars,betonlineag,BetOnline.ag,2026-09-17T19:35:23Z,spreads,2026-09-17T19:35:23Z,Texas Tech Red Raiders,-110,-7.5,20260917193559929069
NCAAF,americanfootball_ncaaf,7311bf775464ae97893928e22512bb47,2026-09-19T00:00:00Z,Texas Tech Red Raiders,Houston Cougars,betonlineag,BetOnline.ag,2026-09-17T19:35:23Z,totals,2026-09-17T19:35:23Z,Over,-105,53.0,20260917193559929069
NCAAF,americanfootball_ncaaf,7311bf775464ae97893928e22512bb47,2026-09-19T00:00:00Z,Texas Tech Red Raiders,Houston Cougars,betonlineag,BetOnline.ag,2026-09-17T19:35:23Z,totals,2026-09-17T19:35:23Z,Under,-115,53.0,20260917193559929069
NCAAF,americanfootball_ncaaf,7311bf775464ae97893928e22512bb47,2026-09-19T00:00:00Z,Texas Tech Red Raiders,Houston Cougars,betmgm,BetMGM,2026-09-17T19:35:24Z,h2h,2026-09-17T19:35:24Z,Houston Cougars,260,,20260917193559929069
NCAAF,americanfootball_ncaaf,7311bf775464ae97893928e22512bb47,2026-09-19T00:00:00Z,Texas Tech Red Raiders,Houston Cougars,betmgm,BetMGM,2026-09-17T19:35:24Z,h2h,2026-09-17T19:35:24Z,Texas Tech Red Raiders,-325,,20260917193559929069
NCAAF,americanfootball_ncaaf,7311bf775464ae97893928e22512bb47,2026-09-19T00:00:00Z,Texas Tech Red Raiders,Houston Cougars,betmgm,BetMGM,2026-09-17T19:35:24Z,spreads,2026-09-17T19:35:24Z,Houston Cougars,-108,7.5,20260917193559929069
NCAAF,americanfootball_ncaaf,7311bf775464ae97893928e22512bb47,2026-09-19T00:00:00Z,Texas Tech Red Raiders,Houston Cougars,betmgm,BetMGM,2026-09-17T19:35:24Z,spreads,2026-09-17T19:35:24Z,Texas Tech Red Raiders,-110,-7.5,20260917193559929069
NCAAF,americanfootball_ncaaf,7311bf775464ae97893928e22512bb47,2026-09-19T00:00:00Z,Texas Tech Red Raiders,Houston Cougars,betmgm,BetMGM,2026-09-17T19:35:24Z,totals,2026-09-17T19:35:24Z,Over,-105,52.5,20260917193559929069
NCAAF,americanfootball_ncaaf,7311bf775464ae97893928e22512bb47,2026-09-19T00:00:00Z,Texas Tech Red Raiders,Houston Cougars,betmgm,BetMGM,2026-09-17T19:35:24Z,totals,2026-09-17T19:35:24Z,Under,-112,52.5,20260917193559929069
NCAAF,americanfootball_ncaaf,7311bf775464ae97893928e22512bb47,2026-09-19T00:00:00Z,Texas Tech Red Raiders,Houston Cougars,betus,BetUS,2026-09-17T19:35:44Z,h2h,2026-09-17T19:35:44Z,Houston Cougars,265,,20260917193559929069
NCAAF,americanfootball_ncaaf,7311bf775464ae97893928e22512bb47,2026-09-19T00:00:00Z,Texas Tech Red Raiders,Houston Cougars,betus,BetUS,2026-09-17T19:35:44Z,h2h,2026-09-17T19:35:44Z,Texas Tech Red Raiders,-325,,20260917193559929069
NCAAF,americanfootball_ncaaf,7311bf775464ae97893928e22512bb47,2026-09-19T00:00:00Z,Texas Tech Red Raiders,Houston Cougars,betus,BetUS,2026-09-17T19:35:44Z,spreads,2026-09-17T19:35:44Z,Houston Cougars,-110,7.5,20260917193559929069
NCAAF,americanfootball_ncaaf,7311bf775464ae97893928e22512bb47,2026-09-19T00:00:00Z,Texas Tech Red Raiders,Houston Cougars,betus,BetUS,2026-09-17T19:35:44Z,spreads,2026-09-17T19:35:44Z,Texas Tech Red Raiders,-110,-7.5,20260917193559929069
NCAAF,americanfootball_ncaaf,7311bf775464ae97893928e22512bb47,2026-09-19T00:00:00Z,Texas Tech Red Raiders,Houston Cougars,betus,BetUS,2026-09-17T19:35:44Z,totals,2026-09-17T19:35:44Z,Over,-105,53.0,20260917193559929069
NCAAF,americanfootball_ncaaf,7311bf775464ae97893928e22512bb47,2026-09-19T00:00:00Z,Texas Tech Red Raiders,Houston Cougars,betus,BetUS,2026-09-17T19:35:44Z,totals,2026-09-17T19:35:44Z,Under,-115,53.0,20260917193559929069
NCAAF,americanfootball_ncaaf,7311bf775464ae97893928e22512bb47,2026-09-19T00:00:00Z,Texas Tech Red Raiders,Houston Cougars,bovada,Bovada,2026-09-17T19:35:03Z,h2h,2026-09-17T19:35:03Z,Houston Cougars,265,,20260917193559929069
NCAAF,americanfootball_ncaaf,7311bf775464ae97893928e22512bb47,2026-09-19T00:00:00Z,Texas Tech Red Raiders,Houston Cougars,bovada,Bovada,2026-09-17T19:35:03Z,h2h,2026-09-17T19:35:03Z,Texas Tech Red Raiders,-330,,20260917193559929069
NCAAF,americanfootball_ncaaf,7311bf775464ae97893928e22512bb47,2026-09-19T00:00:00Z,Texas Tech Red Raiders,Houston Cougars,bovada,Bovada,2026-09-17T19:35:03Z,spreads,2026-09-17T19:35:03Z,Houston Cougars,-115,8.0,20260917193559929069
NCAAF,americanfootball_ncaaf,7311bf775464ae97893928e22512bb47,2026-09-19T00:00:00Z,Texas Tech Red Raiders,Houston Cougars,bovada,Bovada,2026-09-17T19:35:03Z,spreads,2026-09-17T19:35:03Z,Texas Tech Red Raiders,-105,-8.0,20260917193559929069
NCAAF,americanfootball_ncaaf,7311bf775464ae97893928e22512bb47,2026-09-19T00:00:00Z,Texas Tech Red Raiders,Houston Cougars,bovada,Bovada,2026-09-17T19:35:03Z,totals,2026-09-17T19:35:03Z,Over,-110,52.5,20260917193559929069
NCAAF,americanfootball_ncaaf,7311bf775464ae97893928e22512bb47,2026-09-19T00:00:00Z,Texas Tech Red Raiders,Houston Cougars,bovada,Bovada,2026-09-17T19:35:03Z,totals,2026-09-17T19:35:03Z,Under,-110,52.5,20260917193559929069
NCAAF,americanfootball_ncaaf,5658a82b80479ea42281da7d3e3e1337,2026-09-19T02:30:00Z,Oregon Ducks,Portland State Vikings,fanduel,FanDuel,2026-09-17T19:35:46Z,spreads,2026-09-17T19:35:46Z,Oregon Ducks,-120,-56.5,20260917193559929069
NCAAF,americanfootball_ncaaf,5658a82b80479ea42281da7d3e3e1337,2026-09-19T02:30:00Z,Oregon Ducks,Portland State Vikings,fanduel,FanDuel,2026-09-17T19:35:46Z,spreads,2026-09-17T19:35:46Z,Portland State Vikings,-102,56.5,20260917193559929069
NCAAF,americanfootball_ncaaf,5658a82b80479ea42281da7d3e3e1337,2026-09-19T02:30:00Z,Oregon Ducks,Portland State Vikings,fanduel,FanDuel,2026-09-17T19:35:46Z,totals,2026-09-17T19:35:46Z,Over,-106,68.5,20260917193559929069
NCAAF,americanfootball_ncaaf,5658a82b80479ea42281da7d3e3e1337,2026-09-19T02:30:00Z,Oregon Ducks,Portland State Vikings,fanduel,FanDuel,2026-09-17T19:35:46Z,totals,2026-09-17T19:35:46Z,Under,-114,68.5,20260917193559929069
NCAAF,americanfootball_ncaaf,5658a82b80479ea42281da7d3e3e1337,2026-09-19T02:30:00Z,Oregon Ducks,Portland State Vikings,betrivers,BetRivers,2026-09-17T19:34:38Z,spreads,2026-09-17T19:34:38Z,Oregon Ducks,-112,-57.5,20260917193559929069
NCAAF,americanfootball_ncaaf,5658a82b80479ea42281da7d3e3e1337,2026-09-19T02:30:00Z,Oregon Ducks,Portland State Vikings,betrivers,BetRivers,2026-09-17T19:34:38Z,spreads,2026-09-17T19:34:38Z,Portland State Vikings,-112,57.5,20260917193559929069
NCAAF,americanfootball_ncaaf,5658a82b80479ea42281da7d3e3e1337,2026-09-19T02:30:00Z,Oregon Ducks,Portland State Vikings,betrivers,BetRivers,2026-09-17T19:34:38Z,totals,2026-09-17T19:34:38Z,Over,-110,68.5,20260917193559929069
NCAAF,americanfootball_ncaaf,5658a82b80479ea42281da7d3e3e1337,2026-09-19T02:30:00Z,Oregon Ducks,Portland State Vikings,betrivers,BetRivers,2026-09-17T19:34:38Z,totals,2026-09-17T19:34:38Z,Under,-113,68.5,20260917193559929069
NCAAF,americanfootball_ncaaf,5658a82b80479ea42281da7d3e3e1337,2026-09-19T02:30:00Z,Oregon Ducks,Portland State Vikings,draftkings,DraftKings,2026-09-17T19:34:58Z,spreads,2026-09-17T19:34:58Z,Oregon Ducks,-108,-57.5,20260917193559929069
NCAAF,americanfootball_ncaaf,5658a82b80479ea42281da7d3e3e1337,2026-09-19T02:30:00Z,Oregon Ducks,Portland State Vikings,draftkings,DraftKings,2026-09-17T19:34:58Z,spreads,2026-09-17T19:34:58Z,Portland State Vikings,-112,57.5,20260917193559929069
NCAAF,americanfootball_ncaaf,5658a82b80479ea42281da7d3e3e1337,2026-09-19T02:30:00Z,Oregon Ducks,Portland State Vikings,draftkings,DraftKings,2026-09-17T19:34:58Z,totals,2026-09-17T19:34:58Z,Over,-112,67.5,20260917193559929069
NCAAF,americanfootball_ncaaf,5658a82b80479ea42281da7d3e3e1337,2026-09-19T02:30:00Z,Oregon Ducks,Portland State Vikings,draftkings,DraftKings,2026-09-17T19:34:58Z,totals,2026-09-17T19:34:58Z,Under,-108,67.5,20260917193559929069
NCAAF,americanfootball_ncaaf,5658a82b80479ea42281da7d3e3e1337,2026-09-19T02:30:00Z,Oregon Ducks,Portland State Vikings,betonlineag,BetOnline.ag,2026-09-17T19:35:23Z,spreads,2026-09-17T19:35:23Z,Oregon Ducks,-115,-57.5,20260917193559929069
NCAAF,americanfootball_ncaaf,5658a82b80479ea42281da7d3e3e1337,2026-09-19T02:30:00Z,Oregon Ducks,Portland State Vikings,betonlineag,BetOnline.ag,2026-09-17T19:35:23Z,spreads,2026-09-17T19:35:23Z,Portland State Vikings,-115,57.5,20260917193559929069
NCAAF,americanfootball_ncaaf,5658a82b80479ea42281da7d3e3e1337,2026-09-19T02:30:00Z,Oregon Ducks,Portland State Vikings,betonlineag,BetOnline.ag,2026-09-17T19:35:23Z,totals,2026-09-17T19:35:23Z,Over,-110,68.5,20260917193559929069
NCAAF,americanfootball_ncaaf,5658a82b80479ea42281da7d3e3e1337,2026-09-19T02:30:00Z,Oregon Ducks,Portland State Vikings,betonlineag,BetOnline.ag,2026-09-17T19:35:23Z,totals,2026-09-17T19:35:23Z,Under,-120,68.5,20260917193559929069
NCAAF,americanfootball_ncaaf,5658a82b80479ea42281da7d3e3e1337,2026-09-19T02:30:00Z,Oregon Ducks,Portland State Vikings,lowvig,LowVig.ag,2026-09-17T19:35:22Z,spreads,2026-09-17T19:35:22Z,Oregon Ducks,-115,-57.5,20260917193559929069
NCAAF,americanfootball_ncaaf,5658a82b80479ea42281da7d3e3e1337,2026-09-19T02:30:00Z,Oregon Ducks,Portland State Vikings,lowvig,LowVig.ag,2026-09-17T19:35:22Z,spreads,2026-09-17T19:35:22Z,Portland State Vikings,-115,57.5,20260917193559929069
NCAAF,americanfootball_ncaaf,5658a82b80479ea42281da7d3e3e1337,2026-09-19T02:30:00Z,Oregon Ducks,Portland State Vikings,lowvig,LowVig.ag,2026-09-17T19:35:22Z,totals,2026-09-17T19:35:22Z,Over,-110,68.5,20260917193559929069
NCAAF,americanfootball_ncaaf,5658a82b80479ea42281da7d3e3e1337,2026-09-19T02:30:00Z,Oregon Ducks,Portland State Vikings,lowvig,LowVig.ag,2026-09-17T19:35:22Z,totals,2026-09-17T19:35:22Z,Under,-120,68.5,20260917193559929069
NCAAF,americanfootball_ncaaf,529a333381665c34d05b290d2c9eb5b9,2026-09-19T15:30:00Z,Delaware Blue Hens,Coastal Carolina Chanticleers,fanduel,FanDuel,2026-09-17T19:35:46Z,h2h,2026-09-17T19:35:46Z,Coastal Carolina Chanticleers,150,,20260917193559929069
NCAAF,americanfootball_ncaaf,529a333381665c34d05b290d2c9eb5b9,2026-09-19T15:30:00Z,Delaware Blue Hens,Coastal Carolina Chanticleers,fanduel,FanDuel,2026-09-17T19:35:46Z,h2h,2026-09-17T19:35:46Z,Delaware Blue Hens,-182,,20260917193559929069
NCAAF,americanfootball_ncaaf,529a333381665c34d05b290d2c9eb5b9,2026-09-19T15:30:00Z,Delaware Blue Hens,Coastal Carolina Chanticleers,fanduel,FanDuel,2026-09-17T19:35:46Z,spreads,2026-09-17T19:35:46Z,Coastal Carolina Chanticleers,-120,4.5,20260917193559929069
NCAAF,americanfootball_ncaaf,529a333381665c34d05b290d2c9eb5b9,2026-09-19T15:30:00Z,Delaware Blue Hens,Coastal Carolina Chanticleers,fanduel,FanDuel,2026-09-17T19:35:46Z,spreads,2026-09-17T19:35:46Z,Delaware Blue Hens,-102,-4.5,20260917193559929069
NCAAF,americanfootball_ncaaf,529a333381665c34d05b290d2c9eb5b9,2026-09-19T15:30:00Z,Delaware Blue Hens,Coastal Carolina Chanticleers,fanduel,FanDuel,2026-09-17T19:35:46Z,totals,2026-09-17T19:35:46Z,Over,-108,57.5,20260917193559929069
NCAAF,americanfootball_ncaaf,529a333381665c34d05b290d2c9eb5b9,2026-09-19T15:30:00Z,Delaware Blue Hens,Coastal Carolina Chanticleers,fanduel,FanDuel,2026-09-17T19:35:46Z,totals,2026-09-17T19:35:46Z,Under,-112,57.5,20260917193559929069
NCAAF,americanfootball_ncaaf,529a333381665c34d05b290d2c9eb5b9,2026-09-19T15:30:00Z,Delaware Blue Hens,Coastal Carolina Chanticleers,betrivers,BetRivers,2026-09-17T19:34:38Z,h2h,2026-09-17T19:34:38Z,Coastal Carolina Chanticleers,160,,20260917193559929069
NCAAF,americanfootball_ncaaf,529a333381665c34d05b290d2c9eb5b9,2026-09-19T15:30:00Z,Delaware Blue Hens,Coastal Carolina Chanticleers,betrivers,BetRivers,2026-09-17T19:34:38Z,h2h,2026-09-17T19:34:38Z,Delaware Blue Hens,-200,,20260917193559929069
NCAAF,americanfootball_ncaaf,529a333381665c34d05b290d2c9eb5b9,2026-09-19T15:30:00Z,Delaware Blue Hens,Coastal Carolina Chanticleers,betrivers,BetRivers,2026-09-17T19:34:38Z,spreads,2026-09-17T19:34:38Z,Coastal Carolina Chanticleers,-113,4.5,20260917193559929069
NCAAF,americanfootball_ncaaf,529a333381665c34d05b290d2c9eb5b9,2026-09-19T15:30:00Z,Delaware Blue Hens,Coastal Carolina Chanticleers,betrivers,BetRivers,2026-09-17T19:34:38Z,spreads,2026-09-17T19:34:38Z,Delaware Blue Hens,-110,-4.5,20260917193559929069
NCAAF,americanfootball_ncaaf,529a333381665c34d05b290d2c9eb5b9,2026-09-19T15:30:00Z,Delaware Blue Hens,Coastal Carolina Chanticleers,betrivers,BetRivers,2026-09-17T19:34:38Z,totals,2026-09-17T19:34:38Z,Over,-110,57.5,20260917193559929069
NCAAF,americanfootball_ncaaf,529a333381665c34d05b290d2c9eb5b9,2026-09-19T15:30:00Z,Delaware Blue Hens,Coastal Carolina Chanticleers,betrivers,BetRivers,2026-09-17T19:34:38Z,totals,2026-09-17T19:34:38Z,Under,-115,57.5,20260917193559929069
NCAAF,americanfootball_ncaaf,529a333381665c34d05b290d2c9eb5b9,2026-09-19T15:30:00Z,Delaware Blue Hens,Coastal Carolina Chanticleers,draftkings,DraftKings,2026-09-17T19:34:58Z,h2h,2026-09-17T19:34:58Z,Coastal Carolina Chanticleers,160,,20260917193559929069
NCAAF,americanfootball_ncaaf,529a333381665c34d05b290d2c9eb5b9,2026-09-19T15:30:00Z,Delaware Blue Hens,Coastal Carolina Chanticleers,draftkings,DraftKings,2026-09-17T19:34:58Z,h2h,2026-09-17T19:34:58Z,Delaware Blue Hens,-192,,20260917193559929069
NCAAF,americanfootball_ncaaf,529a333381665c34d05b290d2c9eb5b9,2026-09-19T15:30:00Z,Delaware Blue Hens,Coastal Carolina Chanticleers,draftkings,DraftKings,2026-09-17T19:34:58Z,spreads,2026-09-17T19:34:58Z,Coastal Carolina Chanticleers,-110,4.5,20260917193559929069
NCAAF,americanfootball_ncaaf,529a333381665c34d05b290d2c9eb5b9,2026-09-19T15:30:00Z,Delaware Blue Hens,Coastal Carolina Chanticleers,draftkings,DraftKings,2026-09-17T19:34:58Z,spreads,2026-09-17T19:34:58Z,Delaware Blue Hens,-110,-4.5,20260917193559929069
NCAAF,americanfootball_ncaaf,529a333381665c34d05b290d2c9eb5b9,2026-09-19T15:30:00Z,Delaware Blue Hens,Coastal Carolina Chanticleers,draftkings,DraftKings,2026-09-17T19:34:58Z,totals,2026-09-17T19:34:58Z,Over,-115,56.5,20260917193559929069
NCAAF,americanfootball_ncaaf,529a333381665c34d05b290d2c9eb5b9,2026-09-19T15:30:00Z,Delaware Blue Hens,Coastal Carolina Chanticleers,draftkings,DraftKings,2026-09-17T19:34:58Z,totals,2026-09-17T19:34:58Z,Under,-105,56.5,20260917193559929069
NCAAF,americanfootball_ncaaf,529a333381665c34d05b290d2c9eb5b9,2026-09-19T15:30:00Z,Delaware Blue Hens,Coastal Carolina Chanticleers,betonlineag,BetOnline.ag,2026-09-17T19:35:23Z,h2h,2026-09-17T19:35:23Z,Coastal Carolina Chanticleers,165,,20260917193559929069
NCAAF,americanfootball_ncaaf,529a333381665c34d05b290d2c9eb5b9,2026-09-19T15:30:00Z,Delaware Blue Hens,Coastal Carolina Chanticleers,betonlineag,BetOnline.ag,2026-09-17T19:35:23Z,h2h,2026-09-17T19:35:23Z,Delaware Blue Hens,-190,,20260917193559929069
NCAAF,americanfootball_ncaaf,529a333381665c34d05b290d2c9eb5b9,2026-09-19T15:30:00Z,Delaware Blue Hens,Coastal Carolina Chanticleers,betonlineag,BetOnline.ag,2026-09-17T19:35:23Z,spreads,2026-09-17T19:35:23Z,Coastal Carolina Chanticleers,-108,4.0,20260917193559929069
NCAAF,americanfootball_ncaaf,529a333381665c34d05b290d2c9eb5b9,2026-09-19T15:30:00Z,Delaware Blue Hens,Coastal Carolina Chanticleers,betonlineag,BetOnline.ag,2026-09-17T19:35:23Z,spreads,2026-09-17T19:35:23Z,Delaware Blue Hens,-112,-4.0,20260917193559929069
NCAAF,americanfootball_ncaaf,529a333381665c34d05b290d2c9eb5b9,2026-09-19T15:30:00Z,Delaware Blue Hens,Coastal Carolina Chanticleers,betonlineag,BetOnline.ag,2026-09-17T19:35:23Z,totals,2026-09-17T19:35:23Z,Over,100,57.5,20260917193559929069
NCAAF,americanfootball_ncaaf,529a333381665c34d05b290d2c9eb5b9,2026-09-19T15:30:00Z,Delaware Blue Hens,Coastal Carolina Chanticleers,betonlineag,BetOnline.ag,2026-09-17T19:35:23Z,totals,2026-09-17T19:35:23Z,Under,-120,57.5,20260917193559929069
NCAAF,americanfootball_ncaaf,529a333381665c34d05b290d2c9eb5b9,2026-09-19T15:30:00Z,Delaware Blue Hens,Coastal Carolina Chanticleers,lowvig,LowVig.ag,2026-09-17T19:35:22Z,h2h,2026-09-17T19:35:22Z,Coastal Carolina Chanticleers,165,,20260917193559929069
NCAAF,americanfootball_ncaaf,529a333381665c34d05b290d2c9eb5b9,2026-09-19T15:30:00Z,Delaware Blue Hens,Coastal Carolina Chanticleers,lowvig,LowVig.ag,2026-09-17T19:35:22Z,h2h,2026-09-17T19:35:22Z,Delaware Blue Hens,-190,,20260917193559929069
NCAAF,americanfootball_ncaaf,529a333381665c34d05b290d2c9eb5b9,2026-09-19T15:30:00Z,Delaware Blue Hens,Coastal Carolina Chanticleers,lowvig,LowVig.ag,2026-09-17T19:35:22Z,spreads,2026-09-17T19:35:22Z,Coastal Carolina Chanticleers,-102,4.0,20260917193559929069
NCAAF,americanfootball_ncaaf,529a333381665c34d05b290d2c9eb5b9,2026-09-19T15:30:00Z,Delaware Blue Hens,Coastal Carolina Chanticleers,lowvig,LowVig.ag,2026-09-17T19:35:22Z,spreads,2026-09-17T19:35:22Z,Delaware Blue Hens,-110,-4.0,20260917193559929069
NCAAF,americanfootball_ncaaf,529a333381665c34d05b290d2c9eb5b9,2026-09-19T15:30:00Z,Delaware Blue Hens,Coastal Carolina Chanticleers,lowvig,LowVig.ag,2026-09-17T19:35:22Z,totals,2026-09-17T19:35:22Z,Over,102,57.5,20260917193559929069
NCAAF,americanfootball_ncaaf,529a333381665c34d05b290d2c9eb5b9,2026-09-19T15:30:00Z,Delaware Blue Hens,Coastal Carolina Chanticleers,lowvig,LowVig.ag,2026-09-17T19:35:22Z,totals,2026-09-17T19:35:22Z,Under,-119,57.5,20260917193559929069
NCAAF,americanfootball_ncaaf,529a333381665c34d05b290d2c9eb5b9,2026-09-19T15:30:00Z,Delaware Blue Hens,Coastal Carolina Chanticleers,betmgm,BetMGM,2026-09-17T19:35:24Z,h2h,2026-09-17T19:35:24Z,Coastal Carolina Chanticleers,155,,20260917193559929069
NCAAF,americanfootball_ncaaf,529a333381665c34d05b290d2c9eb5b9,2026-09-19T15:30:00Z,Delaware Blue Hens,Coastal Carolina Chanticleers,betmgm,BetMGM,2026-09-17T19:35:24Z,h2h,2026-09-17T19:35:24Z,Delaware Blue Hens,-190,,20260917193559929069
NCAAF,americanfootball_ncaaf,529a333381665c34d05b290d2c9eb5b9,2026-09-19T15:30:00Z,Delaware Blue Hens,Coastal Carolina Chanticleers,betmgm,BetMGM,2026-09-17T19:35:24Z,spreads,2026-09-17T19:35:24Z,Coastal Carolina Chanticleers,-108,4.0,20260917193559929069
NCAAF,americanfootball_ncaaf,529a333381665c34d05b290d2c9eb5b9,2026-09-19T15:30:00Z,Delaware Blue Hens,Coastal Carolina Chanticleers,betmgm,BetMGM,2026-09-17T19:35:24Z,spreads,2026-09-17T19:35:24Z,Delaware Blue Hens,-110,-4.0,20260917193559929069
NCAAF,americanfootball_ncaaf,529a333381665c34d05b290d2c9eb5b9,2026-09-19T15:30:00Z,Delaware Blue Hens,Coastal Carolina Chanticleers,betmgm,BetMGM,2026-09-17T19:35:24Z,totals,2026-09-17T19:35:24Z,Over,-110,57.5,20260917193559929069
NCAAF,americanfootball_ncaaf,529a333381665c34d05b290d2c9eb5b9,2026-09-19T15:30:00Z,Delaware Blue Hens,Coastal Carolina Chanticleers,betmgm,BetMGM,2026-09-17T19:35:24Z,totals,2026-09-17T19:35:24Z,Under,-120,57.5,20260917193559929069
NCAAF,americanfootball_ncaaf,529a333381665c34d05b290d2c9eb5b9,2026-09-19T15:30:00Z,Delaware Blue Hens,Coastal Carolina Chanticleers,betus,BetUS,2026-09-17T19:35:44Z,h2h,2026-09-17T19:35:44Z,Coastal Carolina Chanticleers,163,,20260917193559929069
NCAAF,americanfootball_ncaaf,529a333381665c34d05b290d2c9eb5b9,2026-09-19T15:30:00Z,Delaware Blue Hens,Coastal Carolina Chanticleers,betus,BetUS,2026-09-17T19:35:44Z,h2h,2026-09-17T19:35:44Z,Delaware Blue Hens,-190,,20260917193559929069
NCAAF,americanfootball_ncaaf,529a333381665c34d05b290d2c9eb5b9,2026-09-19T15:30:00Z,Delaware Blue Hens,Coastal Carolina Chanticleers,betus,BetUS,2026-09-17T19:35:44Z,spreads,2026-09-17T19:35:44Z,Coastal Carolina Chanticleers,-110,4.0,20260917193559929069
NCAAF,americanfootball_ncaaf,529a333381665c34d05b290d2c9eb5b9,2026-09-19T15:30:00Z,Delaware Blue Hens,Coastal Carolina Chanticleers,betus,BetUS,2026-09-17T19:35:44Z,spreads,2026-09-17T19:35:44Z,Delaware Blue Hens,-110,-4.0,20260917193559929069
NCAAF,americanfootball_ncaaf,529a333381665c34d05b290d2c9eb5b9,2026-09-19T15:30:00Z,Delaware Blue Hens,Coastal Carolina Chanticleers,betus,BetUS,2026-09-17T19:35:44Z,totals,2026-09-17T19:35:44Z,Over,-105,57.0,20260917193559929069
NCAAF,americanfootball_ncaaf,529a333381665c34d05b290d2c9eb5b9,2026-09-19T15:30:00Z,Delaware Blue Hens,Coastal Carolina Chanticleers,betus,BetUS,2026-09-17T19:35:44Z,totals,2026-09-17T19:35:44Z,Under,-115,57.0,20260917193559929069
NCAAF,americanfootball_ncaaf,529a333381665c34d05b290d2c9eb5b9,2026-09-19T15:30:00Z,Delaware Blue Hens,Coastal Carolina Chanticleers,bovada,Bovada,2026-09-17T19:35:03Z,h2h,2026-09-17T19:35:03Z,Coastal Carolina Chanticleers,165,,20260917193559929069
NCAAF,americanfootball_ncaaf,529a333381665c34d05b290d2c9eb5b9,2026-09-19T15:30:00Z,Delaware Blue Hens,Coastal Carolina Chanticleers,bovada,Bovada,2026-09-17T19:35:03Z,h2h,2026-09-17T19:35:03Z,Delaware Blue Hens,-195,,20260917193559929069
NCAAF,americanfootball_ncaaf,529a333381665c34d05b290d2c9eb5b9,2026-09-19T15:30:00Z,Delaware Blue Hens,Coastal Carolina Chanticleers,bovada,Bovada,2026-09-17T19:35:03Z,spreads,2026-09-17T19:35:03Z,Coastal Carolina Chanticleers,-110,4.5,20260917193559929069
NCAAF,americanfootball_ncaaf,529a333381665c34d05b290d2c9eb5b9,2026-09-19T15:30:00Z,Delaware Blue Hens,Coastal Carolina Chanticleers,bovada,Bovada,2026-09-17T19:35:03Z,spreads,2026-09-17T19:35:03Z,Delaware Blue Hens,-110,-4.5,20260917193559929069
NCAAF,americanfootball_ncaaf,529a333381665c34d05b290d2c9eb5b9,2026-09-19T15:30:00Z,Delaware Blue Hens,Coastal Carolina Chanticleers,bovada,Bovada,2026-09-17T19:35:03Z,totals,2026-09-17T19:35:03Z,Over,-110,57.0,20260917193559929069
NCAAF,americanfootball_ncaaf,529a333381665c34d05b290d2c9eb5b9,2026-09-19T15:30:00Z,Delaware Blue Hens,Coastal Carolina Chanticleers,bovada,Bovada,2026-09-17T19:35:03Z,totals,2026-09-17T19:35:03Z,Under,-110,57.0,20260917193559929069
NCAAF,americanfootball_ncaaf,5bc9efd5f27827a26c1cf8744bb8c2b1,2026-09-19T16:00:00Z,Minnesota Golden Gophers,Akron Zips,fanduel,FanDuel,2026-09-17T19:35:46Z,h2h,2026-09-17T19:35:46Z,Akron Zips,1400,,20260917193559929069
NCAAF,americanfootball_ncaaf,5bc9efd5f27827a26c1cf8744bb8c2b1,2026-09-19T16:00:00Z,Minnesota Golden Gophers,Akron Zips,fanduel,FanDuel,2026-09-17T19:35:46Z,h2h,2026-09-17T19:35:46Z,Minnesota Golden Gophers,-4000,,20260917193559929069
NCAAF,americanfootball_ncaaf,5bc9efd5f27827a26c1cf8744bb8c2b1,2026-09-19T16:00:00Z,Minnesota Golden Gophers,Akron Zips,fanduel,FanDuel,2026-09-17T19:35:46Z,spreads,2026-09-17T19:35:46Z,Akron Zips,-110,23.5,20260917193559929069
NCAAF,americanfootball_ncaaf,5bc9efd5f27827a26c1cf8744bb8c2b1,2026-09-19T16:00:00Z,Minnesota Golden Gophers,Akron Zips,fanduel,FanDuel,2026-09-17T19:35:46Z,spreads,2026-09-17T19:35:46Z,Minnesota Golden Gophers,-112,-23.5,20260917193559929069
NCAAF,americanfootball_ncaaf,5bc9efd5f27827a26c1cf8744bb8c2b1,2026-09-19T16:00:00Z,Minnesota Golden Gophers,Akron Zips,fanduel,FanDuel,2026-09-17T19:35:46Z,totals,2026-09-17T19:35:46Z,Over,-105,49.5,20260917193559929069
NCAAF,americanfootball_ncaaf,5bc9efd5f27827a26c1cf8744bb8c2b1,2026-09-19T16:00:00Z,Minnesota Golden Gophers,Akron Zips,fanduel,FanDuel,2026-09-17T19:35:46Z,totals,2026-09-17T19:35:46Z,Under,-115,49.5,20260917193559929069
NCAAF,americanfootball_ncaaf,5bc9efd5f27827a26c1cf8744bb8c2b1,2026-09-19T16:00:00Z,Minnesota Golden Gophers,Akron Zips,draftkings,DraftKings,2026-09-17T19:34:58Z,h2h,2026-09-17T19:34:58Z,Akron Zips,1300,,20260917193559929069
NCAAF,americanfootball_ncaaf,5bc9efd5f27827a26c1cf8744bb8c2b1,2026-09-19T16:00:00Z,Minnesota Golden Gophers,Akron Zips,draftkings,DraftKings,2026-09-17T19:34:58Z,h2h,2026-09-17T19:34:58Z,Minnesota Golden Gophers,-2800,,20260917193559929069
NCAAF,americanfootball_ncaaf,5bc9efd5f27827a26c1cf8744bb8c2b1,2026-09-19T16:00:00Z,Minnesota Golden Gophers,Akron Zips,draftkings,DraftKings,2026-09-17T19:34:58Z,spreads,2026-09-17T19:34:58Z,Akron Zips,-110,23.5,20260917193559929069
NCAAF,americanfootball_ncaaf,5bc9efd5f27827a26c1cf8744bb8c2b1,2026-09-19T16:00:00Z,Minnesota Golden Gophers,Akron Zips,draftkings,DraftKings,2026-09-17T19:34:58Z,spreads,2026-09-17T19:34:58Z,Minnesota Golden Gophers,-110,-23.5,20260917193559929069
NCAAF,americanfootball_ncaaf,5bc9efd5f27827a26c1cf8744bb8c2b1,2026-09-19T16:00:00Z,Minnesota Golden Gophers,Akron Zips,draftkings,DraftKings,2026-09-17T19:34:58Z,totals,2026-09-17T19:34:58Z,Over,-108,49.5,20260917193559929069
NCAAF,americanfootball_ncaaf,5bc9efd5f27827a26c1cf8744bb8c2b1,2026-09-19T16:00:00Z,Minnesota Golden Gophers,Akron Zips,draftkings,DraftKings,2026-09-17T19:34:58Z,totals,2026-09-17T19:34:58Z,Under,-112,49.5,20260917193559929069
NCAAF,americanfootball_ncaaf,5bc9efd5f27827a26c1cf8744bb8c2b1,2026-09-19T16:00:00Z,Minnesota Golden Gophers,Akron Zips,betrivers,BetRivers,2026-09-17T19:34:38Z,h2h,2026-09-17T19:34:38Z,Akron Zips,1400,,20260917193559929069
NCAAF,americanfootball_ncaaf,5bc9efd5f27827a26c1cf8744bb8c2b1,2026-09-19T16:00:00Z,Minnesota Golden Gophers,Akron Zips,betrivers,BetRivers,2026-09-17T19:34:38Z,h2h,2026-09-17T19:34:38Z,Minnesota Golden Gophers,-10000,,20260917193559929069
NCAAF,americanfootball_ncaaf,5bc9efd5f27827a26c1cf8744bb8c2b1,2026-09-19T16:00:00Z,Minnesota Golden Gophers,Akron Zips,betrivers,BetRivers,2026-09-17T19:34:38Z,spreads,2026-09-17T19:34:38Z,Akron Zips,-108,23.5,20260917193559929069
NCAAF,americanfootball_ncaaf,5bc9efd5f27827a26c1cf8744bb8c2b1,2026-09-19T16:00:00Z,Minnesota Golden Gophers,Akron Zips,betrivers,BetRivers,2026-09-17T19:34:38Z,spreads,2026-09-17T19:34:38Z,Minnesota Golden Gophers,-115,-23.5,20260917193559929069
NCAAF,americanfootball_ncaaf,5bc9efd5f27827a26c1cf8744bb8c2b1,2026-09-19T16:00:00Z,Minnesota Golden Gophers,Akron Zips,betrivers,BetRivers,2026-09-17T19:34:38Z,totals,2026-09-17T19:34:38Z,Over,-115,49.5,20260917193559929069
NCAAF,americanfootball_ncaaf,5bc9efd5f27827a26c1cf8744bb8c2b1,2026-09-19T16:00:00Z,Minnesota Golden Gophers,Akron Zips,betrivers,BetRivers,2026-09-17T19:34:38Z,totals,2026-09-17T19:34:38Z,Under,-110,49.5,20260917193559929069
NCAAF,americanfootball_ncaaf,5bc9efd5f27827a26c1cf8744bb8c2b1,2026-09-19T16:00:00Z,Minnesota Golden Gophers,Akron Zips,lowvig,LowVig.ag,2026-09-17T19:35:22Z,h2h,2026-09-17T19:35:22Z,Akron Zips,1450,,20260917193559929069
NCAAF,americanfootball_ncaaf,5bc9efd5f27827a26c1cf8744bb8c2b1,2026-09-19T16:00:00Z,Minnesota Golden Gophers,Akron Zips,lowvig,LowVig.ag,2026-09-17T19:35:22Z,h2h,2026-09-17T19:35:22Z,Minnesota Golden Gophers,-4000,,20260917193559929069
NCAAF,americanfootball_ncaaf,5bc9efd5f27827a26c1cf8744bb8c2b1,2026-09-19T16:00:00Z,Minnesota Golden Gophers,Akron Zips,lowvig,LowVig.ag,2026-09-17T19:35:22Z,spreads,2026-09-17T19:35:22Z,Akron Zips,-111,23.5,20260917193559929069
NCAAF,americanfootball_ncaaf,5bc9efd5f27827a26c1cf8744bb8c2b1,2026-09-19T16:00:00Z,Minnesota Golden Gophers,Akron Zips,lowvig,LowVig.ag,2026-09-17T19:35:22Z,spreads,2026-09-17T19:35:22Z,Minnesota Golden Gophers,-101,-23.5,20260917193559929069
NCAAF,americanfootball_ncaaf,5bc9efd5f27827a26c1cf8744bb8c2b1,2026-09-19T16:00:00Z,Minnesota Golden Gophers,Akron Zips,lowvig,LowVig.ag,2026-09-17T19:35:22Z,totals,2026-09-17T19:35:22Z,Over,-108,49.0,20260917193559929069
NCAAF,americanfootball_ncaaf,5bc9efd5f27827a26c1cf8744bb8c2b1,2026-09-19T16:00:00Z,Minnesota Golden Gophers,Akron Zips,lowvig,LowVig.ag,2026-09-17T19:35:22Z,totals,2026-09-17T19:35:22Z,Under,-108,49.0,20260917193559929069
NCAAF,americanfootball_ncaaf,5bc9efd5f27827a26c1cf8744bb8c2b1,2026-09-19T16:00:00Z,Minnesota Golden Gophers,Akron Zips,betonlineag,BetOnline.ag,2026-09-17T19:35:23Z,h2h,2026-09-17T19:35:23Z,Akron Zips,1450,,20260917193559929069
NCAAF,americanfootball_ncaaf,5bc9efd5f27827a26c1cf8744bb8c2b1,2026-09-19T16:00:00Z,Minnesota Golden Gophers,Akron Zips,betonlineag,BetOnline.ag,2026-09-17T19:35:23Z,h2h,2026-09-17T19:35:23Z,Minnesota Golden Gophers,-4000,,20260917193559929069
NCAAF,americanfootball_ncaaf,5bc9efd5f27827a26c1cf8744bb8c2b1,2026-09-19T16:00:00Z,Minnesota Golden Gophers,Akron Zips,betonlineag,BetOnline.ag,2026-09-17T19:35:23Z,spreads,2026-09-17T19:35:23Z,Akron Zips,-115,23.5,20260917193559929069
NCAAF,americanfootball_ncaaf,5bc9efd5f27827a26c1cf8744bb8c2b1,2026-09-19T16:00:00Z,Minnesota Golden Gophers,Akron Zips,betonlineag,BetOnline.ag,2026-09-17T19:35:23Z,spreads,2026-09-17T19:35:23Z,Minnesota Golden Gophers,-105,-23.5,20260917193559929069
NCAAF,americanfootball_ncaaf,5bc9efd5f27827a26c1cf8744bb8c2b1,2026-09-19T16:00:00Z,Minnesota Golden Gophers,Akron Zips,betonlineag,BetOnline.ag,2026-09-17T19:35:23Z,totals,2026-09-17T19:35:23Z,Over,-110,49.0,20260917193559929069
NCAAF,americanfootball_ncaaf,5bc9efd5f27827a26c1cf8744bb8c2b1,2026-09-19T16:00:00Z,Minnesota Golden Gophers,Akron Zips,betonlineag,BetOnline.ag,2026-09-17T19:35:23Z,totals,2026-09-17T19:35:23Z,Under,-110,49.0,20260917193559929069
NCAAF,americanfootball_ncaaf,5bc9efd5f27827a26c1cf8744bb8c2b1,2026-09-19T16:00:00Z,Minnesota Golden Gophers,Akron Zips,betmgm,BetMGM,2026-09-17T19:35:24Z,h2h,2026-09-17T19:35:24Z,Akron Zips,1600,,20260917193559929069
NCAAF,americanfootball_ncaaf,5bc9efd5f27827a26c1cf8744bb8c2b1,2026-09-19T16:00:00Z,Minnesota Golden Gophers,Akron Zips,betmgm,BetMGM,2026-09-17T19:35:24Z,h2h,2026-09-17T19:35:24Z,Minnesota Golden Gophers,-3000,,20260917193559929069
NCAAF,americanfootball_ncaaf,5bc9efd5f27827a26c1cf8744bb8c2b1,2026-09-19T16:00:00Z,Minnesota Golden Gophers,Akron Zips,betmgm,BetMGM,2026-09-17T19:35:24Z,spreads,2026-09-17T19:35:24Z,Akron Zips,-108,23.0,20260917193559929069
NCAAF,americanfootball_ncaaf,5bc9efd5f27827a26c1cf8744bb8c2b1,2026-09-19T16:00:00Z,Minnesota Golden Gophers,Akron Zips,betmgm,BetMGM,2026-09-17T19:35:24Z,spreads,2026-09-17T19:35:24Z,Minnesota Golden Gophers,-110,-23.0,20260917193559929069
NCAAF,americanfootball_ncaaf,5bc9efd5f27827a26c1cf8744bb8c2b1,2026-09-19T16:00:00Z,Minnesota Golden Gophers,Akron Zips,betmgm,BetMGM,2026-09-17T19:35:24Z,totals,2026-09-17T19:35:24Z,Over,-105,49.5,20260917193559929069
NCAAF,americanfootball_ncaaf,5bc9efd5f27827a26c1cf8744bb8c2b1,2026-09-19T16:00:00Z,Minnesota Golden Gophers,Akron Zips,betmgm,BetMGM,2026-09-17T19:35:24Z,totals,2026-09-17T19:35:24Z,Under,-112,49.5,20260917193559929069
NCAAF,americanfootball_ncaaf,5bc9efd5f27827a26c1cf8744bb8c2b1,2026-09-19T16:00:00Z,Minnesota Golden Gophers,Akron Zips,betus,BetUS,2026-09-17T19:35:44Z,h2h,2026-09-17T19:35:44Z,Akron Zips,1500,,20260917193559929069
NCAAF,americanfootball_ncaaf,5bc9efd5f27827a26c1cf8744bb8c2b1,2026-09-19T16:00:00Z,Minnesota Golden Gophers,Akron Zips,betus,BetUS,2026-09-17T19:35:44Z,h2h,2026-09-17T19:35:44Z,Minnesota Golden Gophers,-4000,,20260917193559929069
NCAAF,americanfootball_ncaaf,5bc9efd5f27827a26c1cf8744bb8c2b1,2026-09-19T16:00:00Z,Minnesota Golden Gophers,Akron Zips,betus,BetUS,2026-09-17T19:35:44Z,spreads,2026-09-17T19:35:44Z,Akron Zips,-115,23.5,20260917193559929069
NCAAF,americanfootball_ncaaf,5bc9efd5f27827a26c1cf8744bb8c2b1,2026-09-19T16:00:00Z,Minnesota Golden Gophers,Akron Zips,betus,BetUS,2026-09-17T19:35:44Z,spreads,2026-09-17T19:35:44Z,Minnesota Golden Gophers,-105,-23.5,20260917193559929069
NCAAF,americanfootball_ncaaf,5bc9efd5f27827a26c1cf8744bb8c2b1,2026-09-19T16:00:00Z,Minnesota Golden Gophers,Akron Zips,betus,BetUS,2026-09-17T19:35:44Z,totals,2026-09-17T19:35:44Z,Over,-110,49.0,20260917193559929069
NCAAF,americanfootball_ncaaf,5bc9efd5f27827a26c1cf8744bb8c2b1,2026-09-19T16:00:00Z,Minnesota Golden Gophers,Akron Zips,betus,BetUS,2026-09-17T19:35:44Z,totals,2026-09-17T19:35:44Z,Under,-110,49.0,20260917193559929069
NCAAF,americanfootball_ncaaf,5bc9efd5f27827a26c1cf8744bb8c2b1,2026-09-19T16:00:00Z,Minnesota Golden Gophers,Akron Zips,bovada,Bovada,2026-09-17T19:35:03Z,h2h,2026-09-17T19:35:03Z,Akron Zips,1100,,20260917193559929069
NCAAF,americanfootball_ncaaf,5bc9efd5f27827a26c1cf8744bb8c2b1,2026-09-19T16:00:00Z,Minnesota Golden Gophers,Akron Zips,bovada,Bovada,2026-09-17T19:35:03Z,h2h,2026-09-17T19:35:03Z,Minnesota Golden Gophers,-3500,,20260917193559929069
NCAAF,americanfootball_ncaaf,5bc9efd5f27827a26c1cf8744bb8c2b1,2026-09-19T16:00:00Z,Minnesota Golden Gophers,Akron Zips,bovada,Bovada,2026-09-17T19:35:03Z,spreads,2026-09-17T19:35:03Z,Akron Zips,-110,23.5,20260917193559929069
NCAAF,americanfootball_ncaaf,5bc9efd5f27827a26c1cf8744bb8c2b1,2026-09-19T16:00:00Z,Minnesota Golden Gophers,Akron Zips,bovada,Bovada,2026-09-17T19:35:03Z,spreads,2026-09-17T19:35:03Z,Minnesota Golden Gophers,-110,-23.5,20260917193559929069
NCAAF,americanfootball_ncaaf,5bc9efd5f27827a26c1cf8744bb8c2b1,2026-09-19T16:00:00Z,Minnesota Golden Gophers,Akron Zips,bovada,Bovada,2026-09-17T19:35:03Z,totals,2026-09-17T19:35:03Z,Over,-110,49.0,20260917193559929069
NCAAF,americanfootball_ncaaf,5bc9efd5f27827a26c1cf8744bb8c2b1,2026-09-19T16:00:00Z,Minnesota Golden Gophers,Akron Zips,bovada,Bovada,2026-09-17T19:35:03Z,totals,2026-09-17T19:35:03Z,Under,-110,49.0,20260917193559929069
NCAAF,americanfootball_ncaaf,a317e3ffe5919c8bff3b9b303054f1b3,2026-09-19T16:00:00Z,Arizona State Sun Devils,Kansas Jayhawks,draftkings,DraftKings,2026-09-17T19:34:58Z,h2h,2026-09-17T19:34:58Z,Arizona State Sun Devils,-205,,20260917193559929069
NCAAF,americanfootball_ncaaf,a317e3ffe5919c8bff3b9b303054f1b3,2026-09-19T16:00:00Z,Arizona State Sun Devils,Kansas Jayhawks,draftkings,DraftKings,2026-09-17T19:34:58Z,h2h,2026-09-17T19:34:58Z,Kansas Jayhawks,170,,20260917193559929069
NCAAF,americanfootball_ncaaf,a317e3ffe5919c8bff3b9b303054f1b3,2026-09-19T16:00:00Z,Arizona State Sun Devils,Kansas Jayhawks,draftkings,DraftKings,2026-09-17T19:34:58Z,spreads,2026-09-17T19:34:58Z,Arizona State Sun Devils,-108,-5.5,20260917193559929069
NCAAF,americanfootball_ncaaf,a317e3ffe5919c8bff3b9b303054f1b3,2026-09-19T16:00:00Z,Arizona State Sun Devils,Kansas Jayhawks,draftkings,DraftKings,2026-09-17T19:34:58Z,spreads,2026-09-17T19:34:58Z,Kansas Jayhawks,-112,5.5,20260917193559929069
NCAAF,americanfootball_ncaaf,a317e3ffe5919c8bff3b9b303054f1b3,2026-09-19T16:00:00Z,Arizona State Sun Devils,Kansas Jayhawks,draftkings,DraftKings,2026-09-17T19:34:58Z,totals,2026-09-17T19:34:58Z,Over,-110,50.5,20260917193559929069
NCAAF,americanfootball_ncaaf,a317e3ffe5919c8bff3b9b303054f1b3,2026-09-19T16:00:00Z,Arizona State Sun Devils,Kansas Jayhawks,draftkings,DraftKings,2026-09-17T19:34:58Z,totals,2026-09-17T19:34:58Z,Under,-110,50.5,20260917193559929069
NCAAF,americanfootball_ncaaf,a317e3ffe5919c8bff3b9b303054f1b3,2026-09-19T16:00:00Z,Arizona State Sun Devils,Kansas Jayhawks,fanduel,FanDuel,2026-09-17T19:35:46Z,h2h,2026-09-17T19:35:46Z,Arizona State Sun Devils,-205,,20260917193559929069
NCAAF,americanfootball_ncaaf,a317e3ffe5919c8bff3b9b303054f1b3,2026-09-19T16:00:00Z,Arizona State Sun Devils,Kansas Jayhawks,fanduel,FanDuel,2026-09-17T19:35:46Z,h2h,2026-09-17T19:35:46Z,Kansas Jayhawks,168,,20260917193559929069
NCAAF,americanfootball_ncaaf,a317e3ffe5919c8bff3b9b303054f1b3,2026-09-19T16:00:00Z,Arizona State Sun Devils,Kansas Jayhawks,fanduel,FanDuel,2026-09-17T19:35:46Z,spreads,2026-09-17T19:35:46Z,Arizona State Sun Devils,-106,-5.5,20260917193559929069
NCAAF,americanfootball_ncaaf,a317e3ffe5919c8bff3b9b303054f1b3,2026-09-19T16:00:00Z,Arizona State Sun Devils,Kansas Jayhawks,fanduel,FanDuel,2026-09-17T19:35:46Z,spreads,2026-09-17T19:35:46Z,Kansas Jayhawks,-114,5.5,20260917193559929069
NCAAF,americanfootball_ncaaf,a317e3ffe5919c8bff3b9b303054f1b3,2026-09-19T16:00:00Z,Arizona State Sun Devils,Kansas Jayhawks,fanduel,FanDuel,2026-09-17T19:35:46Z,totals,2026-09-17T19:35:46Z,Over,-110,50.5,20260917193559929069
NCAAF,americanfootball_ncaaf,a317e3ffe5919c8bff3b9b303054f1b3,2026-09-19T16:00:00Z,Arizona State Sun Devils,Kansas Jayhawks,fanduel,FanDuel,2026-09-17T19:35:46Z,totals,2026-09-17T19:35:46Z,Under,-110,50.5,20260917193559929069
NCAAF,americanfootball_ncaaf,a317e3ffe5919c8bff3b9b303054f1b3,2026-09-19T16:00:00Z,Arizona State Sun Devils,Kansas Jayhawks,betrivers,BetRivers,2026-09-17T19:34:38Z,h2h,2026-09-17T19:34:38Z,Arizona State Sun Devils,-230,,20260917193559929069
NCAAF,americanfootball_ncaaf,a317e3ffe5919c8bff3b9b303054f1b3,2026-09-19T16:00:00Z,Arizona State Sun Devils,Kansas Jayhawks,betrivers,BetRivers,2026-09-17T19:34:38Z,h2h,2026-09-17T19:34:38Z,Kansas Jayhawks,180,,20260917193559929069
NCAAF,americanfootball_ncaaf,a317e3ffe5919c8bff3b9b303054f1b3,2026-09-19T16:00:00Z,Arizona State Sun Devils,Kansas Jayhawks,betrivers,BetRivers,2026-09-17T19:34:38Z,spreads,2026-09-17T19:34:38Z,Arizona State Sun Devils,-112,-6.0,20260917193559929069
NCAAF,americanfootball_ncaaf,a317e3ffe5919c8bff3b9b303054f1b3,2026-09-19T16:00:00Z,Arizona State Sun Devils,Kansas Jayhawks,betrivers,BetRivers,2026-09-17T19:34:38Z,spreads,2026-09-17T19:34:38Z,Kansas Jayhawks,-112,6.0,20260917193559929069
NCAAF,americanfootball_ncaaf,a317e3ffe5919c8bff3b9b303054f1b3,2026-09-19T16:00:00Z,Arizona State Sun Devils,Kansas Jayhawks,betrivers,BetRivers,2026-09-17T19:34:38Z,totals,2026-09-17T19:34:38Z,Over,-110,50.5,20260917193559929069
NCAAF,americanfootball_ncaaf,a317e3ffe5919c8bff3b9b303054f1b3,2026-09-19T16:00:00Z,Arizona State Sun Devils,Kansas Jayhawks,betrivers,BetRivers,2026-09-17T19:34:38Z,totals,2026-09-17T19:34:38Z,Under,-113,50.5,20260917193559929069
NCAAF,americanfootball_ncaaf,a317e3ffe5919c8bff3b9b303054f1b3,2026-09-19T16:00:00Z,Arizona State Sun Devils,Kansas Jayhawks,lowvig,LowVig.ag,2026-09-17T19:35:22Z,h2h,2026-09-17T19:35:22Z,Arizona State Sun Devils,-205,,20260917193559929069
NCAAF,americanfootball_ncaaf,a317e3ffe5919c8bff3b9b303054f1b3,2026-09-19T16:00:00Z,Arizona State Sun Devils,Kansas Jayhawks,lowvig,LowVig.ag,2026-09-17T19:35:22Z,h2h,2026-09-17T19:35:22Z,Kansas Jayhawks,177,,20260917193559929069
NCAAF,americanfootball_ncaaf,a317e3ffe5919c8bff3b9b303054f1b3,2026-09-19T16:00:00Z,Arizona State Sun Devils,Kansas Jayhawks,lowvig,LowVig.ag,2026-09-17T19:35:22Z,spreads,2026-09-17T19:35:22Z,Arizona State Sun Devils,-103,-5.5,20260917193559929069
NCAAF,americanfootball_ncaaf,a317e3ffe5919c8bff3b9b303054f1b3,2026-09-19T16:00:00Z,Arizona State Sun Devils,Kansas Jayhawks,lowvig,LowVig.ag,2026-09-17T19:35:22Z,spreads,2026-09-17T19:35:22Z,Kansas Jayhawks,-109,5.5,20260917193559929069
NCAAF,americanfootball_ncaaf,a317e3ffe5919c8bff3b9b303054f1b3,2026-09-19T16:00:00Z,Arizona State Sun Devils,Kansas Jayhawks,lowvig,LowVig.ag,2026-09-17T19:35:22Z,totals,2026-09-17T19:35:22Z,Over,-108,50.5,20260917193559929069
NCAAF,americanfootball_ncaaf,a317e3ffe5919c8bff3b9b303054f1b3,2026-09-19T16:00:00Z,Arizona State Sun Devils,Kansas Jayhawks,lowvig,LowVig.ag,2026-09-17T19:35:22Z,totals,2026-09-17T19:35:22Z,Under,-108,50.5,20260917193559929069
NCAAF,americanfootball_ncaaf,a317e3ffe5919c8bff3b9b303054f1b3,2026-09-19T16:00:00Z,Arizona State Sun Devils,Kansas Jayhawks,betonlineag,BetOnline.ag,2026-09-17T19:35:23Z,h2h,2026-09-17T19:35:23Z,Arizona State Sun Devils,-205,,20260917193559929069
NCAAF,americanfootball_ncaaf,a317e3ffe5919c8bff3b9b303054f1b3,2026-09-19T16:00:00Z,Arizona State Sun Devils,Kansas Jayhawks,betonlineag,BetOnline.ag,2026-09-17T19:35:23Z,h2h,2026-09-17T19:35:23Z,Kansas Jayhawks,177,,20260917193559929069
NCAAF,americanfootball_ncaaf,a317e3ffe5919c8bff3b9b303054f1b3,2026-09-19T16:00:00Z,Arizona State Sun Devils,Kansas Jayhawks,betonlineag,BetOnline.ag,2026-09-17T19:35:23Z,spreads,2026-09-17T19:35:23Z,Arizona State Sun Devils,-107,-5.5,20260917193559929069
NCAAF,americanfootball_ncaaf,a317e3ffe5919c8bff3b9b303054f1b3,2026-09-19T16:00:00Z,Arizona State Sun Devils,Kansas Jayhawks,betonlineag,BetOnline.ag,2026-09-17T19:35:23Z,spreads,2026-09-17T19:35:23Z,Kansas Jayhawks,-113,5.5,20260917193559929069
NCAAF,americanfootball_ncaaf,a317e3ffe5919c8bff3b9b303054f1b3,2026-09-19T16:00:00Z,Arizona State Sun Devils,Kansas Jayhawks,betonlineag,BetOnline.ag,2026-09-17T19:35:23Z,totals,2026-09-17T19:35:23Z,Over,-105,50.5,20260917193559929069
NCAAF,americanfootball_ncaaf,a317e3ffe5919c8bff3b9b303054f1b3,2026-09-19T16:00:00Z,Arizona State Sun Devils,Kansas Jayhawks,betonlineag,BetOnline.ag,2026-09-17T19:35:23Z,totals,2026-09-17T19:35:23Z,Under,-115,50.5,20260917193559929069
NCAAF,americanfootball_ncaaf,a317e3ffe5919c8bff3b9b303054f1b3,2026-09-19T16:00:00Z,Arizona State Sun Devils,Kansas Jayhawks,betmgm,BetMGM,2026-09-17T19:35:24Z,h2h,2026-09-17T19:35:24Z,Arizona State Sun Devils,-200,,20260917193559929069
NCAAF,americanfootball_ncaaf,a317e3ffe5919c8bff3b9b303054f1b3,2026-09-19T16:00:00Z,Arizona State Sun Devils,Kansas Jayhawks,betmgm,BetMGM,2026-09-17T19:35:24Z,h2h,2026-09-17T19:35:24Z,Kansas Jayhawks,165,,20260917193559929069
NCAAF,americanfootball_ncaaf,a317e3ffe5919c8bff3b9b303054f1b3,2026-09-19T16:00:00Z,Arizona State Sun Devils,Kansas Jayhawks,betmgm,BetMGM,2026-09-17T19:35:24Z,spreads,2026-09-17T19:35:24Z,Arizona State Sun Devils,-110,-5.5,20260917193559929069
NCAAF,americanfootball_ncaaf,a317e3ffe5919c8bff3b9b303054f1b3,2026-09-19T16:00:00Z,Arizona State Sun Devils,Kansas Jayhawks,betmgm,BetMGM,2026-09-17T19:35:24Z,spreads,2026-09-17T19:35:24Z,Kansas Jayhawks,-118,5.5,20260917193559929069
NCAAF,americanfootball_ncaaf,a317e3ffe5919c8bff3b9b303054f1b3,2026-09-19T16:00:00Z,Arizona State Sun Devils,Kansas Jayhawks,betmgm,BetMGM,2026-09-17T19:35:24Z,totals,2026-09-17T19:35:24Z,Over,-115,50.5,20260917193559929069
NCAAF,americanfootball_ncaaf,a317e3ffe5919c8bff3b9b303054f1b3,2026-09-19T16:00:00Z,Arizona State Sun Devils,Kansas Jayhawks,betmgm,BetMGM,2026-09-17T19:35:24Z,totals,2026-09-17T19:35:24Z,Under,-102,50.5,20260917193559929069
NCAAF,americanfootball_ncaaf,a317e3ffe5919c8bff3b9b303054f1b3,2026-09-19T16:00:00Z,Arizona State Sun Devils,Kansas Jayhawks,betus,BetUS,2026-09-17T19:35:44Z,h2h,2026-09-17T19:35:44Z,Arizona State Sun Devils,-205,,20260917193559929069
NCAAF,americanfootball_ncaaf,a317e3ffe5919c8bff3b9b303054f1b3,2026-09-19T16:00:00Z,Arizona State Sun Devils,Kansas Jayhawks,betus,BetUS,2026-09-17T19:35:44Z,h2h,2026-09-17T19:35:44Z,Kansas Jayhawks,175,,20260917193559929069
NCAAF,americanfootball_ncaaf,a317e3ffe5919c8bff3b9b303054f1b3,2026-09-19T16:00:00Z,Arizona State Sun Devils,Kansas Jayhawks,betus,BetUS,2026-09-17T19:35:44Z,spreads,2026-09-17T19:35:44Z,Arizona State Sun Devils,-105,-5.5,20260917193559929069
NCAAF,americanfootball_ncaaf,a317e3ffe5919c8bff3b9b303054f1b3,2026-09-19T16:00:00Z,Arizona State Sun Devils,Kansas Jayhawks,betus,BetUS,2026-09-17T19:35:44Z,spreads,2026-09-17T19:35:44Z,Kansas Jayhawks,-115,5.5,20260917193559929069
NCAAF,americanfootball_ncaaf,a317e3ffe5919c8bff3b9b303054f1b3,2026-09-19T16:00:00Z,Arizona State Sun Devils,Kansas Jayhawks,betus,BetUS,2026-09-17T19:35:44Z,totals,2026-09-17T19:35:44Z,Over,-110,50.5,20260917193559929069
NCAAF,americanfootball_ncaaf,a317e3ffe5919c8bff3b9b303054f1b3,2026-09-19T16:00:00Z,Arizona State Sun Devils,Kansas Jayhawks,betus,BetUS,2026-09-17T19:35:44Z,totals,2026-09-17T19:35:44Z,Under,-110,50.5,20260917193559929069
NCAAF,americanfootball_ncaaf,a317e3ffe5919c8bff3b9b303054f1b3,2026-09-19T16:00:00Z,Arizona State Sun Devils,Kansas Jayhawks,bovada,Bovada,2026-09-17T19:35:03Z,h2h,2026-09-17T19:35:03Z,Arizona State Sun Devils,-210,,20260917193559929069
NCAAF,americanfootball_ncaaf,a317e3ffe5919c8bff3b9b303054f1b3,2026-09-19T16:00:00Z,Arizona State Sun Devils,Kansas Jayhawks,bovada,Bovada,2026-09-17T19:35:03Z,h2h,2026-09-17T19:35:03Z,Kansas Jayhawks,175,,20260917193559929069
NCAAF,americanfootball_ncaaf,a317e3ffe5919c8bff3b9b303054f1b3,2026-09-19T16:00:00Z,Arizona State Sun Devils,Kansas Jayhawks,bovada,Bovada,2026-09-17T19:35:03Z,spreads,2026-09-17T19:35:03Z,Arizona State Sun Devils,-110,-5.5,20260917193559929069
NCAAF,americanfootball_ncaaf,a317e3ffe5919c8bff3b9b303054f1b3,2026-09-19T16:00:00Z,Arizona State Sun Devils,Kansas Jayhawks,bovada,Bovada,2026-09-17T19:35:03Z,spreads,2026-09-17T19:35:03Z,Kansas Jayhawks,-110,5.5,20260917193559929069
NCAAF,americanfootball_ncaaf,a317e3ffe5919c8bff3b9b303054f1b3,2026-09-19T16:00:00Z,Arizona State Sun Devils,Kansas Jayhawks,bovada,Bovada,2026-09-17T19:35:03Z,totals,2026-09-17T19:35:03Z,Over,-115,50.5,20260917193559929069
NCAAF,americanfootball_ncaaf,a317e3ffe5919c8bff3b9b303054f1b3,2026-09-19T16:00:00Z,Arizona State Sun Devils,Kansas Jayhawks,bovada,Bovada,2026-09-17T19:35:03Z,totals,2026-09-17T19:35:03Z,Under,-105,50.5,20260917193559929069
NCAAF,americanfootball_ncaaf,01e9c4d460a55375a75d025e2b1ddbf5,2026-09-19T16:00:00Z,Arkansas Razorbacks,Georgia Bulldogs,fanduel,FanDuel,2026-09-17T19:35:46Z,h2h,2026-09-17T19:35:46Z,Arkansas Razorbacks,1500,,20260917193559929069
NCAAF,americanfootball_ncaaf,01e9c4d460a55375a75d025e2b1ddbf5,2026-09-19T16:00:00Z,Arkansas Razorbacks,Georgia Bulldogs,fanduel,FanDuel,2026-09-17T19:35:46Z,h2h,2026-09-17T19:35:46Z,Georgia Bulldogs,-4000,,20260917193559929069
NCAAF,americanfootball_ncaaf,01e9c4d460a55375a75d025e2b1ddbf5,2026-09-19T16:00:00Z,Arkansas Razorbacks,Georgia Bulldogs,fanduel,FanDuel,2026-09-17T19:35:46Z,spreads,2026-09-17T19:35:46Z,Arkansas Razorbacks,-105,24.5,20260917193559929069
NCAAF,americanfootball_ncaaf,01e9c4d460a55375a75d025e2b1ddbf5,2026-09-19T16:00:00Z,Arkansas Razorbacks,Georgia Bulldogs,fanduel,FanDuel,2026-09-17T19:35:46Z,spreads,2026-09-17T19:35:46Z,Georgia Bulldogs,-115,-24.5,20260917193559929069
NCAAF,americanfootball_ncaaf,01e9c4d460a55375a75d025e2b1ddbf5,2026-09-19T16:00:00Z,Arkansas Razorbacks,Georgia Bulldogs,fanduel,FanDuel,2026-09-17T19:35:46Z,totals,2026-09-17T19:35:46Z,Over,-105,54.5,20260917193559929069
NCAAF,americanfootball_ncaaf,01e9c4d460a55375a75d025e2b1ddbf5,2026-09-19T16:00:00Z,Arkansas Razorbacks,Georgia Bulldogs,fanduel,FanDuel,2026-09-17T19:35:46Z,totals,2026-09-17T19:35:46Z,Under,-115,54.5,20260917193559929069
NCAAF,americanfootball_ncaaf,01e9c4d460a55375a75d025e2b1ddbf5,2026-09-19T16:00:00Z,Arkansas Razorbacks,Georgia Bulldogs,draftkings,DraftKings,2026-09-17T19:34:58Z,h2h,2026-09-17T19:34:58Z,Arkansas Razorbacks,1400,,20260917193559929069
NCAAF,americanfootball_ncaaf,01e9c4d460a55375a75d025e2b1ddbf5,2026-09-19T16:00:00Z,Arkansas Razorbacks,Georgia Bulldogs,draftkings,DraftKings,2026-09-17T19:34:58Z,h2h,2026-09-17T19:34:58Z,Georgia Bulldogs,-3200,,20260917193559929069
NCAAF,americanfootball_ncaaf,01e9c4d460a55375a75d025e2b1ddbf5,2026-09-19T16:00:00Z,Arkansas Razorbacks,Georgia Bulldogs,draftkings,DraftKings,2026-09-17T19:34:58Z,spreads,2026-09-17T19:34:58Z,Arkansas Razorbacks,-105,24.5,20260917193559929069
NCAAF,americanfootball_ncaaf,01e9c4d460a55375a75d025e2b1ddbf5,2026-09-19T16:00:00Z,Arkansas Razorbacks,Georgia Bulldogs,draftkings,DraftKings,2026-09-17T19:34:58Z,spreads,2026-09-17T19:34:58Z,Georgia Bulldogs,-115,-24.5,20260917193559929069
NCAAF,americanfootball_ncaaf,01e9c4d460a55375a75d025e2b1ddbf5,2026-09-19T16:00:00Z,Arkansas Razorbacks,Georgia Bulldogs,draftkings,DraftKings,2026-09-17T19:34:58Z,totals,2026-09-17T19:34:58Z,Over,-105,54.5,20260917193559929069
NCAAF,americanfootball_ncaaf,01e9c4d460a55375a75d025e2b1ddbf5,2026-09-19T16:00:00Z,Arkansas Razorbacks,Georgia Bulldogs,draftkings,DraftKings,2026-09-17T19:34:58Z,totals,2026-09-17T19:34:58Z,Under,-115,54.5,20260917193559929069
NCAAF,americanfootball_ncaaf,01e9c4d460a55375a75d025e2b1ddbf5,2026-09-19T16:00:00Z,Arkansas Razorbacks,Georgia Bulldogs,betrivers,BetRivers,2026-09-17T19:34:38Z,h2h,2026-09-17T19:34:38Z,Arkansas Razorbacks,1400,,20260917193559929069
NCAAF,americanfootball_ncaaf,01e9c4d460a55375a75d025e2b1ddbf5,2026-09-19T16:00:00Z,Arkansas Razorbacks,Georgia Bulldogs,betrivers,BetRivers,2026-09-17T19:34:38Z,h2h,2026-09-17T19:34:38Z,Georgia Bulldogs,-10000,,20260917193559929069
NCAAF,americanfootball_ncaaf,01e9c4d460a55375a75d025e2b1ddbf5,2026-09-19T16:00:00Z,Arkansas Razorbacks,Georgia Bulldogs,betrivers,BetRivers,2026-09-17T19:34:38Z,spreads,2026-09-17T19:34:38Z,Arkansas Razorbacks,-109,24.5,20260917193559929069
NCAAF,americanfootball_ncaaf,01e9c4d460a55375a75d025e2b1ddbf5,2026-09-19T16:00:00Z,Arkansas Razorbacks,Georgia Bulldogs,betrivers,BetRivers,2026-09-17T19:34:38Z,spreads,2026-09-17T19:34:38Z,Georgia Bulldogs,-114,-24.5,20260917193559929069
NCAAF,americanfootball_ncaaf,01e9c4d460a55375a75d025e2b1ddbf5,2026-09-19T16:00:00Z,Arkansas Razorbacks,Georgia Bulldogs,betrivers,BetRivers,2026-09-17T19:34:38Z,totals,2026-09-17T19:34:38Z,Over,-113,54.0,20260917193559929069
NCAAF,americanfootball_ncaaf,01e9c4d460a55375a75d025e2b1ddbf5,2026-09-19T16:00:00Z,Arkansas Razorbacks,Georgia Bulldogs,betrivers,BetRivers,2026-09-17T19:34:38Z,totals,2026-09-17T19:34:38Z,Under,-110,54.0,20260917193559929069
NCAAF,americanfootball_ncaaf,01e9c4d460a55375a75d025e2b1ddbf5,2026-09-19T16:00:00Z,Arkansas Razorbacks,Georgia Bulldogs,lowvig,LowVig.ag,2026-09-17T19:35:22Z,h2h,2026-09-17T19:35:22Z,Arkansas Razorbacks,1296,,20260917193559929069
NCAAF,americanfootball_ncaaf,01e9c4d460a55375a75d025e2b1ddbf5,2026-09-19T16:00:00Z,Arkansas Razorbacks,Georgia Bulldogs,lowvig,LowVig.ag,2026-09-17T19:35:22Z,h2h,2026-09-17T19:35:22Z,Georgia Bulldogs,-3200,,20260917193559929069
NCAAF,americanfootball_ncaaf,01e9c4d460a55375a75d025e2b1ddbf5,2026-09-19T16:00:00Z,Arkansas Razorbacks,Georgia Bulldogs,lowvig,LowVig.ag,2026-09-17T19:35:22Z,spreads,2026-09-17T19:35:22Z,Arkansas Razorbacks,-101,24.5,20260917193559929069
NCAAF,americanfootball_ncaaf,01e9c4d460a55375a75d025e2b1ddbf5,2026-09-19T16:00:00Z,Arkansas Razorbacks,Georgia Bulldogs,lowvig,LowVig.ag,2026-09-17T19:35:22Z,spreads,2026-09-17T19:35:22Z,Georgia Bulldogs,-111,-24.5,20260917193559929069
NCAAF,americanfootball_ncaaf,01e9c4d460a55375a75d025e2b1ddbf5,2026-09-19T16:00:00Z,Arkansas Razorbacks,Georgia Bulldogs,lowvig,LowVig.ag,2026-09-17T19:35:22Z,totals,2026-09-17T19:35:22Z,Over,-114,54.0,20260917193559929069
NCAAF,americanfootball_ncaaf,01e9c4d460a55375a75d025e2b1ddbf5,2026-09-19T16:00:00Z,Arkansas Razorbacks,Georgia Bulldogs,lowvig,LowVig.ag,2026-09-17T19:35:22Z,totals,2026-09-17T19:35:22Z,Under,-103,54.0,20260917193559929069
NCAAF,americanfootball_ncaaf,01e9c4d460a55375a75d025e2b1ddbf5,2026-09-19T16:00:00Z,Arkansas Razorbacks,Georgia Bulldogs,betonlineag,BetOnline.ag,2026-09-17T19:35:23Z,h2h,2026-09-17T19:35:23Z,Arkansas Razorbacks,1296,,20260917193559929069
NCAAF,americanfootball_ncaaf,01e9c4d460a55375a75d025e2b1ddbf5,2026-09-19T16:00:00Z,Arkansas Razorbacks,Georgia Bulldogs,betonlineag,BetOnline.ag,2026-09-17T19:35:23Z,h2h,2026-09-17T19:35:23Z,Georgia Bulldogs,-3200,,20260917193559929069
NCAAF,americanfootball_ncaaf,01e9c4d460a55375a75d025e2b1ddbf5,2026-09-19T16:00:00Z,Arkansas Razorbacks,Georgia Bulldogs,betonlineag,BetOnline.ag,2026-09-17T19:35:23Z,spreads,2026-09-17T19:35:23Z,Arkansas Razorbacks,-105,24.5,20260917193559929069
NCAAF,americanfootball_ncaaf,01e9c4d460a55375a75d025e2b1ddbf5,2026-09-19T16:00:00Z,Arkansas Razorbacks,Georgia Bulldogs,betonlineag,BetOnline.ag,2026-09-17T19:35:23Z,spreads,2026-09-17T19:35:23Z,Georgia Bulldogs,-115,-24.5,20260917193559929069
NCAAF,americanfootball_ncaaf,01e9c4d460a55375a75d025e2b1ddbf5,2026-09-19T16:00:00Z,Arkansas Razorbacks,Georgia Bulldogs,betonlineag,BetOnline.ag,2026-09-17T19:35:23Z,totals,2026-09-17T19:35:23Z,Over,-115,54.0,20260917193559929069
NCAAF,americanfootball_ncaaf,01e9c4d460a55375a75d025e2b1ddbf5,2026-09-19T16:00:00Z,Arkansas Razorbacks,Georgia Bulldogs,betonlineag,BetOnline.ag,2026-09-17T19:35:23Z,totals,2026-09-17T19:35:23Z,Under,-105,54.0,20260917193559929069
NCAAF,americanfootball_ncaaf,01e9c4d460a55375a75d025e2b1ddbf5,2026-09-19T16:00:00Z,Arkansas Razorbacks,Georgia Bulldogs,betmgm,BetMGM,2026-09-17T19:35:24Z,h2h,2026-09-17T19:35:24Z,Arkansas Razorbacks,1550,,20260917193559929069
NCAAF,americanfootball_ncaaf,01e9c4d460a55375a75d025e2b1ddbf5,2026-09-19T16:00:00Z,Arkansas Razorbacks,Georgia Bulldogs,betmgm,BetMGM,2026-09-17T19:35:24Z,h2h,2026-09-17T19:35:24Z,Georgia Bulldogs,-3000,,20260917193559929069
NCAAF,americanfootball_ncaaf,01e9c4d460a55375a75d025e2b1ddbf5,2026-09-19T16:00:00Z,Arkansas Razorbacks,Georgia Bulldogs,betmgm,BetMGM,2026-09-17T19:35:24Z,spreads,2026-09-17T19:35:24Z,Arkansas Razorbacks,-110,24.5,20260917193559929069
NCAAF,americanfootball_ncaaf,01e9c4d460a55375a75d025e2b1ddbf5,2026-09-19T16:00:00Z,Arkansas Razorbacks,Georgia Bulldogs,betmgm,BetMGM,2026-09-17T19:35:24Z,spreads,2026-09-17T19:35:24Z,Georgia Bulldogs,-118,-24.5,20260917193559929069
NCAAF,americanfootball_ncaaf,01e9c4d460a55375a75d025e2b1ddbf5,2026-09-19T16:00:00Z,Arkansas Razorbacks,Georgia Bulldogs,betmgm,BetMGM,2026-09-17T19:35:24Z,totals,2026-09-17T19:35:24Z,Over,-105,54.5,20260917193559929069
NCAAF,americanfootball_ncaaf,01e9c4d460a55375a75d025e2b1ddbf5,2026-09-19T16:00:00Z,Arkansas Razorbacks,Georgia Bulldogs,betmgm,BetMGM,2026-09-17T19:35:24Z,totals,2026-09-17T19:35:24Z,Under,-112,54.5,20260917193559929069
NCAAF,americanfootball_ncaaf,01e9c4d460a55375a75d025e2b1ddbf5,2026-09-19T16:00:00Z,Arkansas Razorbacks,Georgia Bulldogs,betus,BetUS,2026-09-17T19:35:44Z,h2h,2026-09-17T19:35:44Z,Arkansas Razorbacks,1350,,20260917193559929069
NCAAF,americanfootball_ncaaf,01e9c4d460a55375a75d025e2b1ddbf5,2026-09-19T16:00:00Z,Arkansas Razorbacks,Georgia Bulldogs,betus,BetUS,2026-09-17T19:35:44Z,h2h,2026-09-17T19:35:44Z,Georgia Bulldogs,-3200,,20260917193559929069
NCAAF,americanfootball_ncaaf,01e9c4d460a55375a75d025e2b1ddbf5,2026-09-19T16:00:00Z,Arkansas Razorbacks,Georgia Bulldogs,betus,BetUS,2026-09-17T19:35:44Z,spreads,2026-09-17T19:35:44Z,Arkansas Razorbacks,-110,24.5,20260917193559929069
NCAAF,americanfootball_ncaaf,01e9c4d460a55375a75d025e2b1ddbf5,2026-09-19T16:00:00Z,Arkansas Razorbacks,Georgia Bulldogs,betus,BetUS,2026-09-17T19:35:44Z,spreads,2026-09-17T19:35:44Z,Georgia Bulldogs,-110,-24.5,20260917193559929069
NCAAF,americanfootball_ncaaf,01e9c4d460a55375a75d025e2b1ddbf5,2026-09-19T16:00:00Z,Arkansas Razorbacks,Georgia Bulldogs,betus,BetUS,2026-09-17T19:35:44Z,totals,2026-09-17T19:35:44Z,Over,-115,54.0,20260917193559929069
NCAAF,americanfootball_ncaaf,01e9c4d460a55375a75d025e2b1ddbf5,2026-09-19T16:00:00Z,Arkansas Razorbacks,Georgia Bulldogs,betus,BetUS,2026-09-17T19:35:44Z,totals,2026-09-17T19:35:44Z,Under,-105,54.0,20260917193559929069
NCAAF,americanfootball_ncaaf,01e9c4d460a55375a75d025e2b1ddbf5,2026-09-19T16:00:00Z,Arkansas Razorbacks,Georgia Bulldogs,bovada,Bovada,2026-09-17T19:35:03Z,h2h,2026-09-17T19:35:03Z,Arkansas Razorbacks,1100,,20260917193559929069
NCAAF,americanfootball_ncaaf,01e9c4d460a55375a75d025e2b1ddbf5,2026-09-19T16:00:00Z,Arkansas Razorbacks,Georgia Bulldogs,bovada,Bovada,2026-09-17T19:35:03Z,h2h,2026-09-17T19:35:03Z,Georgia Bulldogs,-3300,,20260917193559929069
NCAAF,americanfootball_ncaaf,01e9c4d460a55375a75d025e2b1ddbf5,2026-09-19T16:00:00Z,Arkansas Razorbacks,Georgia Bulldogs,bovada,Bovada,2026-09-17T19:35:03Z,spreads,2026-09-17T19:35:03Z,Arkansas Razorbacks,-110,24.5,20260917193559929069
NCAAF,americanfootball_ncaaf,01e9c4d460a55375a75d025e2b1ddbf5,2026-09-19T16:00:00Z,Arkansas Razorbacks,Georgia Bulldogs,bovada,Bovada,2026-09-17T19:35:03Z,spreads,2026-09-17T19:35:03Z,Georgia Bulldogs,-110,-24.5,20260917193559929069
NCAAF,americanfootball_ncaaf,01e9c4d460a55375a75d025e2b1ddbf5,2026-09-19T16:00:00Z,Arkansas Razorbacks,Georgia Bulldogs,bovada,Bovada,2026-09-17T19:35:03Z,totals,2026-09-17T19:35:03Z,Over,-115,54.0,20260917193559929069
NCAAF,americanfootball_ncaaf,01e9c4d460a55375a75d025e2b1ddbf5,2026-09-19T16:00:00Z,Arkansas Razorbacks,Georgia Bulldogs,bovada,Bovada,2026-09-17T19:35:03Z,totals,2026-09-17T19:35:03Z,Under,-105,54.0,20260917193559929069
NCAAF,americanfootball_ncaaf,9a69dbd474c6181a4c51f397b9b25d38,2026-09-19T16:00:00Z,Iowa State Cyclones,Bowling Green Falcons,fanduel,FanDuel,2026-09-17T19:35:46Z,h2h,2026-09-17T19:35:46Z,Bowling Green Falcons,1600,,20260917193559929069
NCAAF,americanfootball_ncaaf,9a69dbd474c6181a4c51f397b9b25d38,2026-09-19T16:00:00Z,Iowa State Cyclones,Bowling Green Falcons,fanduel,FanDuel,2026-09-17T19:35:46Z,h2h,2026-09-17T19:35:46Z,Iowa State Cyclones,-4500,,20260917193559929069
NCAAF,americanfootball_ncaaf,9a69dbd474c6181a4c51f397b9b25d38,2026-09-19T16:00:00Z,Iowa State Cyclones,Bowling Green Falcons,fanduel,FanDuel,2026-09-17T19:35:46Z,spreads,2026-09-17T19:35:46Z,Bowling Green Falcons,100,23.5,20260917193559929069
NCAAF,americanfootball_ncaaf,9a69dbd474c6181a4c51f397b9b25d38,2026-09-19T16:00:00Z,Iowa State Cyclones,Bowling Green Falcons,fanduel,FanDuel,2026-09-17T19:35:46Z,spreads,2026-09-17T19:35:46Z,Iowa State Cyclones,-122,-23.5,20260917193559929069
NCAAF,americanfootball_ncaaf,9a69dbd474c6181a4c51f397b9b25d38,2026-09-19T16:00:00Z,Iowa State Cyclones,Bowling Green Falcons,fanduel,FanDuel,2026-09-17T19:35:46Z,totals,2026-09-17T19:35:46Z,Over,-115,43.5,20260917193559929069
NCAAF,americanfootball_ncaaf,9a69dbd474c6181a4c51f397b9b25d38,2026-09-19T16:00:00Z,Iowa State Cyclones,Bowling Green Falcons,fanduel,FanDuel,2026-09-17T19:35:46Z,totals,2026-09-17T19:35:46Z,Under,-105,43.5,20260917193559929069
NCAAF,americanfootball_ncaaf,9a69dbd474c6181a4c51f397b9b25d38,2026-09-19T16:00:00Z,Iowa State Cyclones,Bowling Green Falcons,betrivers,BetRivers,2026-09-17T19:34:38Z,h2h,2026-09-17T19:34:38Z,Bowling Green Falcons,1400,,20260917193559929069
NCAAF,americanfootball_ncaaf,9a69dbd474c6181a4c51f397b9b25d38,2026-09-19T16:00:00Z,Iowa State Cyclones,Bowling Green Falcons,betrivers,BetRivers,2026-09-17T19:34:38Z,h2h,2026-09-17T19:34:38Z,Iowa State Cyclones,-10000,,20260917193559929069
NCAAF,americanfootball_ncaaf,9a69dbd474c6181a4c51f397b9b25d38,2026-09-19T16:00:00Z,Iowa State Cyclones,Bowling Green Falcons,betrivers,BetRivers,2026-09-17T19:34:38Z,spreads,2026-09-17T19:34:38Z,Bowling Green Falcons,-109,23.0,20260917193559929069
NCAAF,americanfootball_ncaaf,9a69dbd474c6181a4c51f397b9b25d38,2026-09-19T16:00:00Z,Iowa State Cyclones,Bowling Green Falcons,betrivers,BetRivers,2026-09-17T19:34:38Z,spreads,2026-09-17T19:34:38Z,Iowa State Cyclones,-114,-23.0,20260917193559929069
NCAAF,americanfootball_ncaaf,9a69dbd474c6181a4c51f397b9b25d38,2026-09-19T16:00:00Z,Iowa State Cyclones,Bowling Green Falcons,betrivers,BetRivers,2026-09-17T19:34:38Z,totals,2026-09-17T19:34:38Z,Over,-109,44.5,20260917193559929069
NCAAF,americanfootball_ncaaf,9a69dbd474c6181a4c51f397b9b25d38,2026-09-19T16:00:00Z,Iowa State Cyclones,Bowling Green Falcons,betrivers,BetRivers,2026-09-17T19:34:38Z,totals,2026-09-17T19:34:38Z,Under,-117,44.5,20260917193559929069
NCAAF,americanfootball_ncaaf,9a69dbd474c6181a4c51f397b9b25d38,2026-09-19T16:00:00Z,Iowa State Cyclones,Bowling Green Falcons,draftkings,DraftKings,2026-09-17T19:34:58Z,h2h,2026-09-17T19:34:58Z,Bowling Green Falcons,1300,,20260917193559929069
NCAAF,americanfootball_ncaaf,9a69dbd474c6181a4c51f397b9b25d38,2026-09-19T16:00:00Z,Iowa State Cyclones,Bowling Green Falcons,draftkings,DraftKings,2026-09-17T19:34:58Z,h2h,2026-09-17T19:34:58Z,Iowa State Cyclones,-2800,,20260917193559929069
NCAAF,americanfootball_ncaaf,9a69dbd474c6181a4c51f397b9b25d38,2026-09-19T16:00:00Z,Iowa State Cyclones,Bowling Green Falcons,draftkings,DraftKings,2026-09-17T19:34:58Z,spreads,2026-09-17T19:34:58Z,Bowling Green Falcons,-102,23.5,20260917193559929069
NCAAF,americanfootball_ncaaf,9a69dbd474c6181a4c51f397b9b25d38,2026-09-19T16:00:00Z,Iowa State Cyclones,Bowling Green Falcons,draftkings,DraftKings,2026-09-17T19:34:58Z,spreads,2026-09-17T19:34:58Z,Iowa State Cyclones,-118,-23.5,20260917193559929069
NCAAF,americanfootball_ncaaf,9a69dbd474c6181a4c51f397b9b25d38,2026-09-19T16:00:00Z,Iowa State Cyclones,Bowling Green Falcons,draftkings,DraftKings,2026-09-17T19:34:58Z,totals,2026-09-17T19:34:58Z,Over,-118,43.5,20260917193559929069
NCAAF,americanfootball_ncaaf,9a69dbd474c6181a4c51f397b9b25d38,2026-09-19T16:00:00Z,Iowa State Cyclones,Bowling Green Falcons,draftkings,DraftKings,2026-09-17T19:34:58Z,totals,2026-09-17T19:34:58Z,Under,-102,43.5,20260917193559929069
NCAAF,americanfootball_ncaaf,9a69dbd474c6181a4c51f397b9b25d38,2026-09-19T16:00:00Z,Iowa State Cyclones,Bowling Green Falcons,lowvig,LowVig.ag,2026-09-17T19:35:22Z,h2h,2026-09-17T19:35:22Z,Bowling Green Falcons,1136,,20260917193559929069
NCAAF,americanfootball_ncaaf,9a69dbd474c6181a4c51f397b9b25d38,2026-09-19T16:00:00Z,Iowa State Cyclones,Bowling Green Falcons,lowvig,LowVig.ag,2026-09-17T19:35:22Z,h2h,2026-09-17T19:35:22Z,Iowa State Cyclones,-2400,,20260917193559929069
NCAAF,americanfootball_ncaaf,9a69dbd474c6181a4c51f397b9b25d38,2026-09-19T16:00:00Z,Iowa State Cyclones,Bowling Green Falcons,lowvig,LowVig.ag,2026-09-17T19:35:22Z,spreads,2026-09-17T19:35:22Z,Bowling Green Falcons,-111,24.0,20260917193559929069
NCAAF,americanfootball_ncaaf,9a69dbd474c6181a4c51f397b9b25d38,2026-09-19T16:00:00Z,Iowa State Cyclones,Bowling Green Falcons,lowvig,LowVig.ag,2026-09-17T19:35:22Z,spreads,2026-09-17T19:35:22Z,Iowa State Cyclones,-101,-24.0,20260917193559929069
NCAAF,americanfootball_ncaaf,9a69dbd474c6181a4c51f397b9b25d38,2026-09-19T16:00:00Z,Iowa State Cyclones,Bowling Green Falcons,lowvig,LowVig.ag,2026-09-17T19:35:22Z,totals,2026-09-17T19:35:22Z,Over,-103,44.0,20260917193559929069
NCAAF,americanfootball_ncaaf,9a69dbd474c6181a4c51f397b9b25d38,2026-09-19T16:00:00Z,Iowa State Cyclones,Bowling Green Falcons,lowvig,LowVig.ag,2026-09-17T19:35:22Z,totals,2026-09-17T19:35:22Z,Under,-114,44.0,20260917193559929069
NCAAF,americanfootball_ncaaf,9a69dbd474c6181a4c51f397b9b25d38,2026-09-19T16:00:00Z,Iowa State Cyclones,Bowling Green Falcons,betonlineag,BetOnline.ag,2026-09-17T19:35:23Z,h2h,2026-09-17T19:35:23Z,Bowling Green Falcons,1136,,20260917193559929069
NCAAF,americanfootball_ncaaf,9a69dbd474c6181a4c51f397b9b25d38,2026-09-19T16:00:00Z,Iowa State Cyclones,Bowling Green Falcons,betonlineag,BetOnline.ag,2026-09-17T19:35:23Z,h2h,2026-09-17T19:35:23Z,Iowa State Cyclones,-2400,,20260917193559929069
NCAAF,americanfootball_ncaaf,9a69dbd474c6181a4c51f397b9b25d38,2026-09-19T16:00:00Z,Iowa State Cyclones,Bowling Green Falcons,betonlineag,BetOnline.ag,2026-09-17T19:35:23Z,spreads,2026-09-17T19:35:23Z,Bowling Green Falcons,-113,24.0,20260917193559929069
NCAAF,americanfootball_ncaaf,9a69dbd474c6181a4c51f397b9b25d38,2026-09-19T16:00:00Z,Iowa State Cyclones,Bowling Green Falcons,betonlineag,BetOnline.ag,2026-09-17T19:35:23Z,spreads,2026-09-17T19:35:23Z,Iowa State Cyclones,-107,-24.0,20260917193559929069
NCAAF,americanfootball_ncaaf,9a69dbd474c6181a4c51f397b9b25d38,2026-09-19T16:00:00Z,Iowa State Cyclones,Bowling Green Falcons,betonlineag,BetOnline.ag,2026-09-17T19:35:23Z,totals,2026-09-17T19:35:23Z,Over,-105,44.0,20260917193559929069
NCAAF,americanfootball_ncaaf,9a69dbd474c6181a4c51f397b9b25d38,2026-09-19T16:00:00Z,Iowa State Cyclones,Bowling Green Falcons,betonlineag,BetOnline.ag,2026-09-17T19:35:23Z,totals,2026-09-17T19:35:23Z,Under,-115,44.0,20260917193559929069
NCAAF,americanfootball_ncaaf,9a69dbd474c6181a4c51f397b9b25d38,2026-09-19T16:00:00Z,Iowa State Cyclones,Bowling Green Falcons,betmgm,BetMGM,2026-09-17T19:35:24Z,h2h,2026-09-17T19:35:24Z,Bowling Green Falcons,1400,,20260917193559929069
NCAAF,americanfootball_ncaaf,9a69dbd474c6181a4c51f397b9b25d38,2026-09-19T16:00:00Z,Iowa State Cyclones,Bowling Green Falcons,betmgm,BetMGM,2026-09-17T19:35:24Z,h2h,2026-09-17T19:35:24Z,Iowa State Cyclones,-2500,,20260917193559929069
NCAAF,americanfootball_ncaaf,9a69dbd474c6181a4c51f397b9b25d38,2026-09-19T16:00:00Z,Iowa State Cyclones,Bowling Green Falcons,betmgm,BetMGM,2026-09-17T19:35:24Z,spreads,2026-09-17T19:35:24Z,Bowling Green Falcons,-112,24.0,20260917193559929069
NCAAF,americanfootball_ncaaf,9a69dbd474c6181a4c51f397b9b25d38,2026-09-19T16:00:00Z,Iowa State Cyclones,Bowling Green Falcons,betmgm,BetMGM,2026-09-17T19:35:24Z,spreads,2026-09-17T19:35:24Z,Iowa State Cyclones,-105,-24.0,20260917193559929069
NCAAF,americanfootball_ncaaf,9a69dbd474c6181a4c51f397b9b25d38,2026-09-19T16:00:00Z,Iowa State Cyclones,Bowling Green Falcons,betmgm,BetMGM,2026-09-17T19:35:24Z,totals,2026-09-17T19:35:24Z,Over,-102,44.5,20260917193559929069
NCAAF,americanfootball_ncaaf,9a69dbd474c6181a4c51f397b9b25d38,2026-09-19T16:00:00Z,Iowa State Cyclones,Bowling Green Falcons,betmgm,BetMGM,2026-09-17T19:35:24Z,totals,2026-09-17T19:35:24Z,Under,-118,44.5,20260917193559929069
NCAAF,americanfootball_ncaaf,9a69dbd474c6181a4c51f397b9b25d38,2026-09-19T16:00:00Z,Iowa State Cyclones,Bowling Green Falcons,betus,BetUS,2026-09-17T19:35:44Z,h2h,2026-09-17T19:35:44Z,Bowling Green Falcons,1150,,20260917193559929069
NCAAF,americanfootball_ncaaf,9a69dbd474c6181a4c51f397b9b25d38,2026-09-19T16:00:00Z,Iowa State Cyclones,Bowling Green Falcons,betus,BetUS,2026-09-17T19:35:44Z,h2h,2026-09-17T19:35:44Z,Iowa State Cyclones,-2400,,20260917193559929069
NCAAF,americanfootball_ncaaf,9a69dbd474c6181a4c51f397b9b25d38,2026-09-19T16:00:00Z,Iowa State Cyclones,Bowling Green Falcons,betus,BetUS,2026-09-17T19:35:44Z,spreads,2026-09-17T19:35:44Z,Bowling Green Falcons,-110,24.0,20260917193559929069
NCAAF,americanfootball_ncaaf,9a69dbd474c6181a4c51f397b9b25d38,2026-09-19T16:00:00Z,Iowa State Cyclones,Bowling Green Falcons,betus,BetUS,2026-09-17T19:35:44Z,spreads,2026-09-17T19:35:44Z,Iowa State Cyclones,-110,-24.0,20260917193559929069
NCAAF,americanfootball_ncaaf,9a69dbd474c6181a4c51f397b9b25d38,2026-09-19T16:00:00Z,Iowa State Cyclones,Bowling Green Falcons,betus,BetUS,2026-09-17T19:35:44Z,totals,2026-09-17T19:35:44Z,Over,-110,43.5,20260917193559929069
NCAAF,americanfootball_ncaaf,9a69dbd474c6181a4c51f397b9b25d38,2026-09-19T16:00:00Z,Iowa State Cyclones,Bowling Green Falcons,betus,BetUS,2026-09-17T19:35:44Z,totals,2026-09-17T19:35:44Z,Under,-110,43.5,20260917193559929069
NCAAF,americanfootball_ncaaf,9a69dbd474c6181a4c51f397b9b25d38,2026-09-19T16:00:00Z,Iowa State Cyclones,Bowling Green Falcons,bovada,Bovada,2026-09-17T19:35:03Z,h2h,2026-09-17T19:35:03Z,Bowling Green Falcons,1000,,20260917193559929069
NCAAF,americanfootball_ncaaf,9a69dbd474c6181a4c51f397b9b25d38,2026-09-19T16:00:00Z,Iowa State Cyclones,Bowling Green Falcons,bovada,Bovada,2026-09-17T19:35:03Z,h2h,2026-09-17T19:35:03Z,Iowa State Cyclones,-2200,,20260917193559929069
NCAAF,americanfootball_ncaaf,9a69dbd474c6181a4c51f397b9b25d38,2026-09-19T16:00:00Z,Iowa State Cyclones,Bowling Green Falcons,bovada,Bovada,2026-09-17T19:35:03Z,spreads,2026-09-17T19:35:03Z,Bowling Green Falcons,-115,24.0,20260917193559929069
NCAAF,americanfootball_ncaaf,9a69dbd474c6181a4c51f397b9b25d38,2026-09-19T16:00:00Z,Iowa State Cyclones,Bowling Green Falcons,bovada,Bovada,2026-09-17T19:35:03Z,spreads,2026-09-17T19:35:03Z,Iowa State Cyclones,-105,-24.0,20260917193559929069
NCAAF,americanfootball_ncaaf,9a69dbd474c6181a4c51f397b9b25d38,2026-09-19T16:00:00Z,Iowa State Cyclones,Bowling Green Falcons,bovada,Bovada,2026-09-17T19:35:03Z,totals,2026-09-17T19:35:03Z,Over,-110,44.0,20260917193559929069
NCAAF,americanfootball_ncaaf,9a69dbd474c6181a4c51f397b9b25d38,2026-09-19T16:00:00Z,Iowa State Cyclones,Bowling Green Falcons,bovada,Bovada,2026-09-17T19:35:03Z,totals,2026-09-17T19:35:03Z,Under,-110,44.0,20260917193559929069
NCAAF,americanfootball_ncaaf,36baf28c66c363255bb0cd88b6aaf914,2026-09-19T16:00:00Z,Penn State Nittany Lions,Buffalo Bulls,fanduel,FanDuel,2026-09-17T19:35:46Z,spreads,2026-09-17T19:35:46Z,Buffalo Bulls,-105,40.5,20260917193559929069
NCAAF,americanfootball_ncaaf,36baf28c66c363255bb0cd88b6aaf914,2026-09-19T16:00:00Z,Penn State Nittany Lions,Buffalo Bulls,fanduel,FanDuel,2026-09-17T19:35:46Z,spreads,2026-09-17T19:35:46Z,Penn State Nittany Lions,-115,-40.5,20260917193559929069
NCAAF,americanfootball_ncaaf,36baf28c66c363255bb0cd88b6aaf914,2026-09-19T16:00:00Z,Penn State Nittany Lions,Buffalo Bulls,fanduel,FanDuel,2026-09-17T19:35:46Z,totals,2026-09-17T19:35:46Z,Over,-105,49.5,20260917193559929069
NCAAF,americanfootball_ncaaf,36baf28c66c363255bb0cd88b6aaf914,2026-09-19T16:00:00Z,Penn State Nittany Lions,Buffalo Bulls,fanduel,FanDuel,2026-09-17T19:35:46Z,totals,2026-09-17T19:35:46Z,Under,-115,49.5,20260917193559929069
NCAAF,americanfootball_ncaaf,36baf28c66c363255bb0cd88b6aaf914,2026-09-19T16:00:00Z,Penn State Nittany Lions,Buffalo Bulls,draftkings,DraftKings,2026-09-17T19:34:58Z,spreads,2026-09-17T19:34:58Z,Buffalo Bulls,-118,41.5,20260917193559929069
NCAAF,americanfootball_ncaaf,36baf28c66c363255bb0cd88b6aaf914,2026-09-19T16:00:00Z,Penn State Nittany Lions,Buffalo Bulls,draftkings,DraftKings,2026-09-17T19:34:58Z,spreads,2026-09-17T19:34:58Z,Penn State Nittany Lions,-102,-41.5,20260917193559929069
NCAAF,americanfootball_ncaaf,36baf28c66c363255bb0cd88b6aaf914,2026-09-19T16:00:00Z,Penn State Nittany Lions,Buffalo Bulls,draftkings,DraftKings,2026-09-17T19:34:58Z,totals,2026-09-17T19:34:58Z,Over,-110,50.5,20260917193559929069
NCAAF,americanfootball_ncaaf,36baf28c66c363255bb0cd88b6aaf914,2026-09-19T16:00:00Z,Penn State Nittany Lions,Buffalo Bulls,draftkings,DraftKings,2026-09-17T19:34:58Z,totals,2026-09-17T19:34:58Z,Under,-110,50.5,20260917193559929069
NCAAF,americanfootball_ncaaf,36baf28c66c363255bb0cd88b6aaf914,2026-09-19T16:00:00Z,Penn State Nittany Lions,Buffalo Bulls,betonlineag,BetOnline.ag,2026-09-17T19:35:23Z,spreads,2026-09-17T19:35:23Z,Buffalo Bulls,-108,41.0,20260917193559929069
NCAAF,americanfootball_ncaaf,36baf28c66c363255bb0cd88b6aaf914,2026-09-19T16:00:00Z,Penn State Nittany Lions,Buffalo Bulls,betonlineag,BetOnline.ag,2026-09-17T19:35:23Z,spreads,2026-09-17T19:35:23Z,Penn State Nittany Lions,-112,-41.0,20260917193559929069
NCAAF,americanfootball_ncaaf,36baf28c66c363255bb0cd88b6aaf914,2026-09-19T16:00:00Z,Penn State Nittany Lions,Buffalo Bulls,betonlineag,BetOnline.ag,2026-09-17T19:35:23Z,totals,2026-09-17T19:35:23Z,Over,-115,50.0,20260917193559929069
NCAAF,americanfootball_ncaaf,36baf28c66c363255bb0cd88b6aaf914,2026-09-19T16:00:00Z,Penn State Nittany Lions,Buffalo Bulls,betonlineag,BetOnline.ag,2026-09-17T19:35:23Z,totals,2026-09-17T19:35:23Z,Under,-105,50.0,20260917193559929069
NCAAF,americanfootball_ncaaf,36baf28c66c363255bb0cd88b6aaf914,2026-09-19T16:00:00Z,Penn State Nittany Lions,Buffalo Bulls,lowvig,LowVig.ag,2026-09-17T19:35:22Z,spreads,2026-09-17T19:35:22Z,Buffalo Bulls,-104,41.0,20260917193559929069
NCAAF,americanfootball_ncaaf,36baf28c66c363255bb0cd88b6aaf914,2026-09-19T16:00:00Z,Penn State Nittany Lions,Buffalo Bulls,lowvig,LowVig.ag,2026-09-17T19:35:22Z,spreads,2026-09-17T19:35:22Z,Penn State Nittany Lions,-108,-41.0,20260917193559929069
NCAAF,americanfootball_ncaaf,36baf28c66c363255bb0cd88b6aaf914,2026-09-19T16:00:00Z,Penn State Nittany Lions,Buffalo Bulls,lowvig,LowVig.ag,2026-09-17T19:35:22Z,totals,2026-09-17T19:35:22Z,Over,-114,50.0,20260917193559929069
NCAAF,americanfootball_ncaaf,36baf28c66c363255bb0cd88b6aaf914,2026-09-19T16:00:00Z,Penn State Nittany Lions,Buffalo Bulls,lowvig,LowVig.ag,2026-09-17T19:35:22Z,totals,2026-09-17T19:35:22Z,Under,-103,50.0,20260917193559929069
NCAAF,americanfootball_ncaaf,36baf28c66c363255bb0cd88b6aaf914,2026-09-19T16:00:00Z,Penn State Nittany Lions,Buffalo Bulls,betrivers,BetRivers,2026-09-17T19:34:38Z,spreads,2026-09-17T19:34:38Z,Buffalo Bulls,-109,40.5,20260917193559929069
NCAAF,americanfootball_ncaaf,36baf28c66c363255bb0cd88b6aaf914,2026-09-19T16:00:00Z,Penn State Nittany Lions,Buffalo Bulls,betrivers,BetRivers,2026-09-17T19:34:38Z,spreads,2026-09-17T19:34:38Z,Penn State Nittany Lions,-114,-40.5,20260917193559929069
NCAAF,americanfootball_ncaaf,36baf28c66c363255bb0cd88b6aaf914,2026-09-19T16:00:00Z,Penn State Nittany Lions,Buffalo Bulls,betrivers,BetRivers,2026-09-17T19:34:38Z,totals,2026-09-17T19:34:38Z,Over,-110,50.0,20260917193559929069
NCAAF,americanfootball_ncaaf,36baf28c66c363255bb0cd88b6aaf914,2026-09-19T16:00:00Z,Penn State Nittany Lions,Buffalo Bulls,betrivers,BetRivers,2026-09-17T19:34:38Z,totals,2026-09-17T19:34:38Z,Under,-113,50.0,20260917193559929069
NCAAF,americanfootball_ncaaf,36baf28c66c363255bb0cd88b6aaf914,2026-09-19T16:00:00Z,Penn State Nittany Lions,Buffalo Bulls,betmgm,BetMGM,2026-09-17T19:35:24Z,spreads,2026-09-17T19:35:24Z,Buffalo Bulls,-110,41.5,20260917193559929069
NCAAF,americanfootball_ncaaf,36baf28c66c363255bb0cd88b6aaf914,2026-09-19T16:00:00Z,Penn State Nittany Lions,Buffalo Bulls,betmgm,BetMGM,2026-09-17T19:35:24Z,spreads,2026-09-17T19:35:24Z,Penn State Nittany Lions,-108,-41.5,20260917193559929069
NCAAF,americanfootball_ncaaf,36baf28c66c363255bb0cd88b6aaf914,2026-09-19T16:00:00Z,Penn State Nittany Lions,Buffalo Bulls,betmgm,BetMGM,2026-09-17T19:35:24Z,totals,2026-09-17T19:35:24Z,Over,-108,50.5,20260917193559929069
NCAAF,americanfootball_ncaaf,36baf28c66c363255bb0cd88b6aaf914,2026-09-19T16:00:00Z,Penn State Nittany Lions,Buffalo Bulls,betmgm,BetMGM,2026-09-17T19:35:24Z,totals,2026-09-17T19:35:24Z,Under,-110,50.5,20260917193559929069
NCAAF,americanfootball_ncaaf,36baf28c66c363255bb0cd88b6aaf914,2026-09-19T16:00:00Z,Penn State Nittany Lions,Buffalo Bulls,betus,BetUS,2026-09-17T19:35:44Z,spreads,2026-09-17T19:35:44Z,Buffalo Bulls,-110,41.0,20260917193559929069
NCAAF,americanfootball_ncaaf,36baf28c66c363255bb0cd88b6aaf914,2026-09-19T16:00:00Z,Penn State Nittany Lions,Buffalo Bulls,betus,BetUS,2026-09-17T19:35:44Z,spreads,2026-09-17T19:35:44Z,Penn State Nittany Lions,-110,-41.0,20260917193559929069
NCAAF,americanfootball_ncaaf,36baf28c66c363255bb0cd88b6aaf914,2026-09-19T16:00:00Z,Penn State Nittany Lions,Buffalo Bulls,betus,BetUS,2026-09-17T19:35:44Z,totals,2026-09-17T19:35:44Z,Over,-110,50.0,20260917193559929069
NCAAF,americanfootball_ncaaf,36baf28c66c363255bb0cd88b6aaf914,2026-09-19T16:00:00Z,Penn State Nittany Lions,Buffalo Bulls,betus,BetUS,2026-09-17T19:35:44Z,totals,2026-09-17T19:35:44Z,Under,-110,50.0,20260917193559929069
NCAAF,americanfootball_ncaaf,36baf28c66c363255bb0cd88b6aaf914,2026-09-19T16:00:00Z,Penn State Nittany Lions,Buffalo Bulls,bovada,Bovada,2026-09-17T19:35:03Z,spreads,2026-09-17T19:35:03Z,Buffalo Bulls,-110,41.0,20260917193559929069
NCAAF,americanfootball_ncaaf,36baf28c66c363255bb0cd88b6aaf914,2026-09-19T16:00:00Z,Penn State Nittany Lions,Buffalo Bulls,bovada,Bovada,2026-09-17T19:35:03Z,spreads,2026-09-17T19:35:03Z,Penn State Nittany Lions,-110,-41.0,20260917193559929069
NCAAF,americanfootball_ncaaf,36baf28c66c363255bb0cd88b6aaf914,2026-09-19T16:00:00Z,Penn State Nittany Lions,Buffalo Bulls,bovada,Bovada,2026-09-17T19:35:03Z,totals,2026-09-17T19:35:03Z,Over,-115,49.5,20260917193559929069
NCAAF,americanfootball_ncaaf,36baf28c66c363255bb0cd88b6aaf914,2026-09-19T16:00:00Z,Penn State Nittany Lions,Buffalo Bulls,bovada,Bovada,2026-09-17T19:35:03Z,totals,2026-09-17T19:35:03Z,Under,-105,49.5,20260917193559929069
NCAAF,americanfootball_ncaaf,3fe3d77e009a7f205cce737523609a86,2026-09-19T16:00:00Z,Clemson Tigers,North Carolina Tar Heels,draftkings,DraftKings,2026-09-17T19:34:58Z,h2h,2026-09-17T19:34:58Z,Clemson Tigers,-162,,20260917193559929069
NCAAF,americanfootball_ncaaf,3fe3d77e009a7f205cce737523609a86,2026-09-19T16:00:00Z,Clemson Tigers,North Carolina Tar Heels,draftkings,DraftKings,2026-09-17T19:34:58Z,h2h,2026-09-17T19:34:58Z,North Carolina Tar Heels,136,,20260917193559929069
NCAAF,americanfootball_ncaaf,3fe3d77e009a7f205cce737523609a86,2026-09-19T16:00:00Z,Clemson Tigers,North Carolina Tar Heels,draftkings,DraftKings,2026-09-17T19:34:58Z,spreads,2026-09-17T19:34:58Z,Clemson Tigers,-115,-3.0,20260917193559929069
NCAAF,americanfootball_ncaaf,3fe3d77e009a7f205cce737523609a86,2026-09-19T16:00:00Z,Clemson Tigers,North Carolina Tar Heels,draftkings,DraftKings,2026-09-17T19:34:58Z,spreads,2026-09-17T19:34:58Z,North Carolina Tar Heels,-105,3.0,20260917193559929069
NCAAF,americanfootball_ncaaf,3fe3d77e009a7f205cce737523609a86,2026-09-19T16:00:00Z,Clemson Tigers,North Carolina Tar Heels,draftkings,DraftKings,2026-09-17T19:34:58Z,totals,2026-09-17T19:34:58Z,Over,-108,43.5,20260917193559929069
NCAAF,americanfootball_ncaaf,3fe3d77e009a7f205cce737523609a86,2026-09-19T16:00:00Z,Clemson Tigers,North Carolina Tar Heels,draftkings,DraftKings,2026-09-17T19:34:58Z,totals,2026-09-17T19:34:58Z,Under,-112,43.5,20260917193559929069
NCAAF,americanfootball_ncaaf,3fe3d77e009a7f205cce737523609a86,2026-09-19T16:00:00Z,Clemson Tigers,North Carolina Tar Heels,fanduel,FanDuel,2026-09-17T19:35:46Z,h2h,2026-09-17T19:35:46Z,Clemson Tigers,-162,,20260917193559929069
NCAAF,americanfootball_ncaaf,3fe3d77e009a7f205cce737523609a86,2026-09-19T16:00:00Z,Clemson Tigers,North Carolina Tar Heels,fanduel,FanDuel,2026-09-17T19:35:46Z,h2h,2026-09-17T19:35:46Z,North Carolina Tar Heels,134,,20260917193559929069
NCAAF,americanfootball_ncaaf,3fe3d77e009a7f205cce737523609a86,2026-09-19T16:00:00Z,Clemson Tigers,North Carolina Tar Heels,fanduel,FanDuel,2026-09-17T19:35:46Z,spreads,2026-09-17T19:35:46Z,Clemson Tigers,-102,-3.5,20260917193559929069
NCAAF,americanfootball_ncaaf,3fe3d77e009a7f205cce737523609a86,2026-09-19T16:00:00Z,Clemson Tigers,North Carolina Tar Heels,fanduel,FanDuel,2026-09-17T19:35:46Z,spreads,2026-09-17T19:35:46Z,North Carolina Tar Heels,-120,3.5,20260917193559929069
NCAAF,americanfootball_ncaaf,3fe3d77e009a7f205cce737523609a86,2026-09-19T16:00:00Z,Clemson Tigers,North Carolina Tar Heels,fanduel,FanDuel,2026-09-17T19:35:46Z,totals,2026-09-17T19:35:46Z,Over,-115,43.5,20260917193559929069
NCAAF,americanfootball_ncaaf,3fe3d77e009a7f205cce737523609a86,2026-09-19T16:00:00Z,Clemson Tigers,North Carolina Tar Heels,fanduel,FanDuel,2026-09-17T19:35:46Z,totals,2026-09-17T19:35:46Z,Under,-105,43.5,20260917193559929069
NCAAF,americanfootball_ncaaf,3fe3d77e009a7f205cce737523609a86,2026-09-19T16:00:00Z,Clemson Tigers,North Carolina Tar Heels,betrivers,BetRivers,2026-09-17T19:34:38Z,h2h,2026-09-17T19:34:38Z,Clemson Tigers,-167,,20260917193559929069
NCAAF,americanfootball_ncaaf,3fe3d77e009a7f205cce737523609a86,2026-09-19T16:00:00Z,Clemson Tigers,North Carolina Tar Heels,betrivers,BetRivers,2026-09-17T19:34:38Z,h2h,2026-09-17T19:34:38Z,North Carolina Tar Heels,133,,20260917193559929069
NCAAF,americanfootball_ncaaf,3fe3d77e009a7f205cce737523609a86,2026-09-19T16:00:00Z,Clemson Tigers,North Carolina Tar Heels,betrivers,BetRivers,2026-09-17T19:34:38Z,spreads,2026-09-17T19:34:38Z,Clemson Tigers,-120,-3.0,20260917193559929069
NCAAF,americanfootball_ncaaf,3fe3d77e009a7f205cce737523609a86,2026-09-19T16:00:00Z,Clemson Tigers,North Carolina Tar Heels,betrivers,BetRivers,2026-09-17T19:34:38Z,spreads,2026-09-17T19:34:38Z,North Carolina Tar Heels,-106,3.0,20260917193559929069
NCAAF,americanfootball_ncaaf,3fe3d77e009a7f205cce737523609a86,2026-09-19T16:00:00Z,Clemson Tigers,North Carolina Tar Heels,betrivers,BetRivers,2026-09-17T19:34:38Z,totals,2026-09-17T19:34:38Z,Over,-113,43.0,20260917193559929069
NCAAF,americanfootball_ncaaf,3fe3d77e009a7f205cce737523609a86,2026-09-19T16:00:00Z,Clemson Tigers,North Carolina Tar Heels,betrivers,BetRivers,2026-09-17T19:34:38Z,totals,2026-09-17T19:34:38Z,Under,-110,43.0,20260917193559929069
NCAAF,americanfootball_ncaaf,3fe3d77e009a7f205cce737523609a86,2026-09-19T16:00:00Z,Clemson Tigers,North Carolina Tar Heels,lowvig,LowVig.ag,2026-09-17T19:35:22Z,h2h,2026-09-17T19:35:22Z,Clemson Tigers,-160,,20260917193559929069
NCAAF,americanfootball_ncaaf,3fe3d77e009a7f205cce737523609a86,2026-09-19T16:00:00Z,Clemson Tigers,North Carolina Tar Heels,lowvig,LowVig.ag,2026-09-17T19:35:22Z,h2h,2026-09-17T19:35:22Z,North Carolina Tar Heels,140,,20260917193559929069
NCAAF,americanfootball_ncaaf,3fe3d77e009a7f205cce737523609a86,2026-09-19T16:00:00Z,Clemson Tigers,North Carolina Tar Heels,lowvig,LowVig.ag,2026-09-17T19:35:22Z,spreads,2026-09-17T19:35:22Z,Clemson Tigers,-111,-3.0,20260917193559929069
NCAAF,americanfootball_ncaaf,3fe3d77e009a7f205cce737523609a86,2026-09-19T16:00:00Z,Clemson Tigers,North Carolina Tar Heels,lowvig,LowVig.ag,2026-09-17T19:35:22Z,spreads,2026-09-17T19:35:22Z,North Carolina Tar Heels,-101,3.0,20260917193559929069
NCAAF,americanfootball_ncaaf,3fe3d77e009a7f205cce737523609a86,2026-09-19T16:00:00Z,Clemson Tigers,North Carolina Tar Heels,lowvig,LowVig.ag,2026-09-17T19:35:22Z,totals,2026-09-17T19:35:22Z,Over,-106,43.5,20260917193559929069
NCAAF,americanfootball_ncaaf,3fe3d77e009a7f205cce737523609a86,2026-09-19T16:00:00Z,Clemson Tigers,North Carolina Tar Heels,lowvig,LowVig.ag,2026-09-17T19:35:22Z,totals,2026-09-17T19:35:22Z,Under,-110,43.5,20260917193559929069
NCAAF,americanfootball_ncaaf,3fe3d77e009a7f205cce737523609a86,2026-09-19T16:00:00Z,Clemson Tigers,North Carolina Tar Heels,betonlineag,BetOnline.ag,2026-09-17T19:35:23Z,h2h,2026-09-17T19:35:23Z,Clemson Tigers,-160,,20260917193559929069
NCAAF,americanfootball_ncaaf,3fe3d77e009a7f205cce737523609a86,2026-09-19T16:00:00Z,Clemson Tigers,North Carolina Tar Heels,betonlineag,BetOnline.ag,2026-09-17T19:35:23Z,h2h,2026-09-17T19:35:23Z,North Carolina Tar Heels,140,,20260917193559929069
NCAAF,americanfootball_ncaaf,3fe3d77e009a7f205cce737523609a86,2026-09-19T16:00:00Z,Clemson Tigers,North Carolina Tar Heels,betonlineag,BetOnline.ag,2026-09-17T19:35:23Z,spreads,2026-09-17T19:35:23Z,Clemson Tigers,100,-3.5,20260917193559929069
NCAAF,americanfootball_ncaaf,3fe3d77e009a7f205cce737523609a86,2026-09-19T16:00:00Z,Clemson Tigers,North Carolina Tar Heels,betonlineag,BetOnline.ag,2026-09-17T19:35:23Z,spreads,2026-09-17T19:35:23Z,North Carolina Tar Heels,-120,3.5,20260917193559929069
NCAAF,americanfootball_ncaaf,3fe3d77e009a7f205cce737523609a86,2026-09-19T16:00:00Z,Clemson Tigers,North Carolina Tar Heels,betonlineag,BetOnline.ag,2026-09-17T19:35:23Z,totals,2026-09-17T19:35:23Z,Over,-108,43.5,20260917193559929069
NCAAF,americanfootball_ncaaf,3fe3d77e009a7f205cce737523609a86,2026-09-19T16:00:00Z,Clemson Tigers,North Carolina Tar Heels,betonlineag,BetOnline.ag,2026-09-17T19:35:23Z,totals,2026-09-17T19:35:23Z,Under,-112,43.5,20260917193559929069
NCAAF,americanfootball_ncaaf,3fe3d77e009a7f205cce737523609a86,2026-09-19T16:00:00Z,Clemson Tigers,North Carolina Tar Heels,betmgm,BetMGM,2026-09-17T19:35:24Z,h2h,2026-09-17T19:35:24Z,Clemson Tigers,-165,,20260917193559929069
NCAAF,americanfootball_ncaaf,3fe3d77e009a7f205cce737523609a86,2026-09-19T16:00:00Z,Clemson Tigers,North Carolina Tar Heels,betmgm,BetMGM,2026-09-17T19:35:24Z,h2h,2026-09-17T19:35:24Z,North Carolina Tar Heels,138,,20260917193559929069
NCAAF,americanfootball_ncaaf,3fe3d77e009a7f205cce737523609a86,2026-09-19T16:00:00Z,Clemson Tigers,North Carolina Tar Heels,betmgm,BetMGM,2026-09-17T19:35:24Z,spreads,2026-09-17T19:35:24Z,Clemson Tigers,-118,-3.0,20260917193559929069
NCAAF,americanfootball_ncaaf,3fe3d77e009a7f205cce737523609a86,2026-09-19T16:00:00Z,Clemson Tigers,North Carolina Tar Heels,betmgm,BetMGM,2026-09-17T19:35:24Z,spreads,2026-09-17T19:35:24Z,North Carolina Tar Heels,-102,3.0,20260917193559929069
NCAAF,americanfootball_ncaaf,3fe3d77e009a7f205cce737523609a86,2026-09-19T16:00:00Z,Clemson Tigers,North Carolina Tar Heels,betmgm,BetMGM,2026-09-17T19:35:24Z,totals,2026-09-17T19:35:24Z,Over,-108,43.5,20260917193559929069
NCAAF,americanfootball_ncaaf,3fe3d77e009a7f205cce737523609a86,2026-09-19T16:00:00Z,Clemson Tigers,North Carolina Tar Heels,betmgm,BetMGM,2026-09-17T19:35:24Z,totals,2026-09-17T19:35:24Z,Under,-110,43.5,20260917193559929069
NCAAF,americanfootball_ncaaf,3fe3d77e009a7f205cce737523609a86,2026-09-19T16:00:00Z,Clemson Tigers,North Carolina Tar Heels,betus,BetUS,2026-09-17T19:35:44Z,h2h,2026-09-17T19:35:44Z,Clemson Tigers,-160,,20260917193559929069
NCAAF,americanfootball_ncaaf,3fe3d77e009a7f205cce737523609a86,2026-09-19T16:00:00Z,Clemson Tigers,North Carolina Tar Heels,betus,BetUS,2026-09-17T19:35:44Z,h2h,2026-09-17T19:35:44Z,North Carolina Tar Heels,138,,20260917193559929069
NCAAF,americanfootball_ncaaf,3fe3d77e009a7f205cce737523609a86,2026-09-19T16:00:00Z,Clemson Tigers,North Carolina Tar Heels,betus,BetUS,2026-09-17T19:35:44Z,spreads,2026-09-17T19:35:44Z,Clemson Tigers,-115,-3.0,20260917193559929069
NCAAF,americanfootball_ncaaf,3fe3d77e009a7f205cce737523609a86,2026-09-19T16:00:00Z,Clemson Tigers,North Carolina Tar Heels,betus,BetUS,2026-09-17T19:35:44Z,spreads,2026-09-17T19:35:44Z,North Carolina Tar Heels,-105,3.0,20260917193559929069
NCAAF,americanfootball_ncaaf,3fe3d77e009a7f205cce737523609a86,2026-09-19T16:00:00Z,Clemson Tigers,North Carolina Tar Heels,betus,BetUS,2026-09-17T19:35:44Z,totals,2026-09-17T19:35:44Z,Over,-110,43.5,20260917193559929069
NCAAF,americanfootball_ncaaf,3fe3d77e009a7f205cce737523609a86,2026-09-19T16:00:00Z,Clemson Tigers,North Carolina Tar Heels,betus,BetUS,2026-09-17T19:35:44Z,totals,2026-09-17T19:35:44Z,Under,-110,43.5,20260917193559929069
NCAAF,americanfootball_ncaaf,3fe3d77e009a7f205cce737523609a86,2026-09-19T16:00:00Z,Clemson Tigers,North Carolina Tar Heels,bovada,Bovada,2026-09-17T19:35:03Z,h2h,2026-09-17T19:35:03Z,Clemson Tigers,-160,,20260917193559929069
NCAAF,americanfootball_ncaaf,3fe3d77e009a7f205cce737523609a86,2026-09-19T16:00:00Z,Clemson Tigers,North Carolina Tar Heels,bovada,Bovada,2026-09-17T19:35:03Z,h2h,2026-09-17T19:35:03Z,North Carolina Tar Heels,135,,20260917193559929069
NCAAF,americanfootball_ncaaf,3fe3d77e009a7f205cce737523609a86,2026-09-19T16:00:00Z,Clemson Tigers,North Carolina Tar Heels,bovada,Bovada,2026-09-17T19:35:03Z,spreads,2026-09-17T19:35:03Z,Clemson Tigers,-115,-3.0,20260917193559929069
NCAAF,americanfootball_ncaaf,3fe3d77e009a7f205cce737523609a86,2026-09-19T16:00:00Z,Clemson Tigers,North Carolina Tar Heels,bovada,Bovada,2026-09-17T19:35:03Z,spreads,2026-09-17T19:35:03Z,North Carolina Tar Heels,-105,3.0,20260917193559929069
NCAAF,americanfootball_ncaaf,3fe3d77e009a7f205cce737523609a86,2026-09-19T16:00:00Z,Clemson Tigers,North Carolina Tar Heels,bovada,Bovada,2026-09-17T19:35:03Z,totals,2026-09-17T19:35:03Z,Over,-105,43.5,20260917193559929069
NCAAF,americanfootball_ncaaf,3fe3d77e009a7f205cce737523609a86,2026-09-19T16:00:00Z,Clemson Tigers,North Carolina Tar Heels,bovada,Bovada,2026-09-17T19:35:03Z,totals,2026-09-17T19:35:03Z,Under,-115,43.5,20260917193559929069
NCAAF,americanfootball_ncaaf,3514404f321e9cf55f11222c8e36233b,2026-09-19T16:00:00Z,Georgia Tech Yellow Jackets,Mercer Bears,fanduel,FanDuel,2026-09-17T19:35:46Z,spreads,2026-09-17T19:35:46Z,Georgia Tech Yellow Jackets,-110,-39.5,20260917193559929069
NCAAF,americanfootball_ncaaf,3514404f321e9cf55f11222c8e36233b,2026-09-19T16:00:00Z,Georgia Tech Yellow Jackets,Mercer Bears,fanduel,FanDuel,2026-09-17T19:35:46Z,spreads,2026-09-17T19:35:46Z,Mercer Bears,-110,39.5,20260917193559929069
NCAAF,americanfootball_ncaaf,3514404f321e9cf55f11222c8e36233b,2026-09-19T16:00:00Z,Georgia Tech Yellow Jackets,Mercer Bears,fanduel,FanDuel,2026-09-17T19:35:46Z,totals,2026-09-17T19:35:46Z,Over,-110,60.5,20260917193559929069
NCAAF,americanfootball_ncaaf,3514404f321e9cf55f11222c8e36233b,2026-09-19T16:00:00Z,Georgia Tech Yellow Jackets,Mercer Bears,fanduel,FanDuel,2026-09-17T19:35:46Z,totals,2026-09-17T19:35:46Z,Under,-110,60.5,20260917193559929069
NCAAF,americanfootball_ncaaf,3514404f321e9cf55f11222c8e36233b,2026-09-19T16:00:00Z,Georgia Tech Yellow Jackets,Mercer Bears,betrivers,BetRivers,2026-09-17T19:34:38Z,spreads,2026-09-17T19:34:38Z,Georgia Tech Yellow Jackets,-113,-39.0,20260917193559929069
NCAAF,americanfootball_ncaaf,3514404f321e9cf55f11222c8e36233b,2026-09-19T16:00:00Z,Georgia Tech Yellow Jackets,Mercer Bears,betrivers,BetRivers,2026-09-17T19:34:38Z,spreads,2026-09-17T19:34:38Z,Mercer Bears,-110,39.0,20260917193559929069
NCAAF,americanfootball_ncaaf,3514404f321e9cf55f11222c8e36233b,2026-09-19T16:00:00Z,Georgia Tech Yellow Jackets,Mercer Bears,betrivers,BetRivers,2026-09-17T19:34:38Z,totals,2026-09-17T19:34:38Z,Over,-109,59.5,20260917193559929069
NCAAF,americanfootball_ncaaf,3514404f321e9cf55f11222c8e36233b,2026-09-19T16:00:00Z,Georgia Tech Yellow Jackets,Mercer Bears,betrivers,BetRivers,2026-09-17T19:34:38Z,totals,2026-09-17T19:34:38Z,Under,-117,59.5,20260917193559929069
NCAAF,americanfootball_ncaaf,3514404f321e9cf55f11222c8e36233b,2026-09-19T16:00:00Z,Georgia Tech Yellow Jackets,Mercer Bears,draftkings,DraftKings,2026-09-17T19:34:58Z,spreads,2026-09-17T19:34:58Z,Georgia Tech Yellow Jackets,-112,-38.5,20260917193559929069
NCAAF,americanfootball_ncaaf,3514404f321e9cf55f11222c8e36233b,2026-09-19T16:00:00Z,Georgia Tech Yellow Jackets,Mercer Bears,draftkings,DraftKings,2026-09-17T19:34:58Z,spreads,2026-09-17T19:34:58Z,Mercer Bears,-108,38.5,20260917193559929069
NCAAF,americanfootball_ncaaf,3514404f321e9cf55f11222c8e36233b,2026-09-19T16:00:00Z,Georgia Tech Yellow Jackets,Mercer Bears,draftkings,DraftKings,2026-09-17T19:34:58Z,totals,2026-09-17T19:34:58Z,Over,-115,58.5,20260917193559929069
NCAAF,americanfootball_ncaaf,3514404f321e9cf55f11222c8e36233b,2026-09-19T16:00:00Z,Georgia Tech Yellow Jackets,Mercer Bears,draftkings,DraftKings,2026-09-17T19:34:58Z,totals,2026-09-17T19:34:58Z,Under,-105,58.5,20260917193559929069
NCAAF,americanfootball_ncaaf,3514404f321e9cf55f11222c8e36233b,2026-09-19T16:00:00Z,Georgia Tech Yellow Jackets,Mercer Bears,betonlineag,BetOnline.ag,2026-09-17T19:35:23Z,spreads,2026-09-17T19:35:23Z,Georgia Tech Yellow Jackets,-115,-38.5,20260917193559929069
NCAAF,americanfootball_ncaaf,3514404f321e9cf55f11222c8e36233b,2026-09-19T16:00:00Z,Georgia Tech Yellow Jackets,Mercer Bears,betonlineag,BetOnline.ag,2026-09-17T19:35:23Z,spreads,2026-09-17T19:35:23Z,Mercer Bears,-115,38.5,20260917193559929069
NCAAF,americanfootball_ncaaf,3514404f321e9cf55f11222c8e36233b,2026-09-19T16:00:00Z,Georgia Tech Yellow Jackets,Mercer Bears,betonlineag,BetOnline.ag,2026-09-17T19:35:23Z,totals,2026-09-17T19:35:23Z,Over,-130,58.5,20260917193559929069
NCAAF,americanfootball_ncaaf,3514404f321e9cf55f11222c8e36233b,2026-09-19T16:00:00Z,Georgia Tech Yellow Jackets,Mercer Bears,betonlineag,BetOnline.ag,2026-09-17T19:35:23Z,totals,2026-09-17T19:35:23Z,Under,-101,58.5,20260917193559929069
NCAAF,americanfootball_ncaaf,3514404f321e9cf55f11222c8e36233b,2026-09-19T16:00:00Z,Georgia Tech Yellow Jackets,Mercer Bears,lowvig,LowVig.ag,2026-09-17T19:35:22Z,spreads,2026-09-17T19:35:22Z,Georgia Tech Yellow Jackets,-115,-38.5,20260917193559929069
NCAAF,americanfootball_ncaaf,3514404f321e9cf55f11222c8e36233b,2026-09-19T16:00:00Z,Georgia Tech Yellow Jackets,Mercer Bears,lowvig,LowVig.ag,2026-09-17T19:35:22Z,spreads,2026-09-17T19:35:22Z,Mercer Bears,-115,38.5,20260917193559929069
NCAAF,americanfootball_ncaaf,3514404f321e9cf55f11222c8e36233b,2026-09-19T16:00:00Z,Georgia Tech Yellow Jackets,Mercer Bears,lowvig,LowVig.ag,2026-09-17T19:35:22Z,totals,2026-09-17T19:35:22Z,Over,-130,58.5,20260917193559929069
NCAAF,americanfootball_ncaaf,3514404f321e9cf55f11222c8e36233b,2026-09-19T16:00:00Z,Georgia Tech Yellow Jackets,Mercer Bears,lowvig,LowVig.ag,2026-09-17T19:35:22Z,totals,2026-09-17T19:35:22Z,Under,-101,58.5,20260917193559929069
NCAAF,americanfootball_ncaaf,72215c37435df22c87999aa675c675ca,2026-09-19T16:00:00Z,Kansas State Wildcats,Tulane Green Wave,fanduel,FanDuel,2026-09-17T19:35:46Z,h2h,2026-09-17T19:35:46Z,Kansas State Wildcats,-2000,,20260917193559929069
NCAAF,americanfootball_ncaaf,72215c37435df22c87999aa675c675ca,2026-09-19T16:00:00Z,Kansas State Wildcats,Tulane Green Wave,fanduel,FanDuel,2026-09-17T19:35:46Z,h2h,2026-09-17T19:35:46Z,Tulane Green Wave,980,,20260917193559929069
NCAAF,americanfootball_ncaaf,72215c37435df22c87999aa675c675ca,2026-09-19T16:00:00Z,Kansas State Wildcats,Tulane Green Wave,fanduel,FanDuel,2026-09-17T19:35:46Z,spreads,2026-09-17T19:35:46Z,Kansas State Wildcats,-110,-20.5,20260917193559929069
NCAAF,americanfootball_ncaaf,72215c37435df22c87999aa675c675ca,2026-09-19T16:00:00Z,Kansas State Wildcats,Tulane Green Wave,fanduel,FanDuel,2026-09-17T19:35:46Z,spreads,2026-09-17T19:35:46Z,Tulane Green Wave,-110,20.5,20260917193559929069
NCAAF,americanfootball_ncaaf,72215c37435df22c87999aa675c675ca,2026-09-19T16:00:00Z,Kansas State Wildcats,Tulane Green Wave,fanduel,FanDuel,2026-09-17T19:35:46Z,totals,2026-09-17T19:35:46Z,Over,-115,49.5,20260917193559929069
NCAAF,americanfootball_ncaaf,72215c37435df22c87999aa675c675ca,2026-09-19T16:00:00Z,Kansas State Wildcats,Tulane Green Wave,fanduel,FanDuel,2026-09-17T19:35:46Z,totals,2026-09-17T19:35:46Z,Under,-105,49.5,20260917193559929069
NCAAF,americanfootball_ncaaf,72215c37435df22c87999aa675c675ca,2026-09-19T16:00:00Z,Kansas State Wildcats,Tulane Green Wave,betrivers,BetRivers,2026-09-17T19:34:38Z,h2h,2026-09-17T19:34:38Z,Kansas State Wildcats,-2500,,20260917193559929069
NCAAF,americanfootball_ncaaf,72215c37435df22c87999aa675c675ca,2026-09-19T16:00:00Z,Kansas State Wildcats,Tulane Green Wave,betrivers,BetRivers,2026-09-17T19:34:38Z,h2h,2026-09-17T19:34:38Z,Tulane Green Wave,950,,20260917193559929069
NCAAF,americanfootball_ncaaf,72215c37435df22c87999aa675c675ca,2026-09-19T16:00:00Z,Kansas State Wildcats,Tulane Green Wave,betrivers,BetRivers,2026-09-17T19:34:38Z,spreads,2026-09-17T19:34:38Z,Kansas State Wildcats,-109,-21.0,20260917193559929069
NCAAF,americanfootball_ncaaf,72215c37435df22c87999aa675c675ca,2026-09-19T16:00:00Z,Kansas State Wildcats,Tulane Green Wave,betrivers,BetRivers,2026-09-17T19:34:38Z,spreads,2026-09-17T19:34:38Z,Tulane Green Wave,-114,21.0,20260917193559929069
NCAAF,americanfootball_ncaaf,72215c37435df22c87999aa675c675ca,2026-09-19T16:00:00Z,Kansas State Wildcats,Tulane Green Wave,betrivers,BetRivers,2026-09-17T19:34:38Z,totals,2026-09-17T19:34:38Z,Over,-112,49.5,20260917193559929069
NCAAF,americanfootball_ncaaf,72215c37435df22c87999aa675c675ca,2026-09-19T16:00:00Z,Kansas State Wildcats,Tulane Green Wave,betrivers,BetRivers,2026-09-17T19:34:38Z,totals,2026-09-17T19:34:38Z,Under,-112,49.5,20260917193559929069
NCAAF,americanfootball_ncaaf,72215c37435df22c87999aa675c675ca,2026-09-19T16:00:00Z,Kansas State Wildcats,Tulane Green Wave,draftkings,DraftKings,2026-09-17T19:34:58Z,h2h,2026-09-17T19:34:58Z,Kansas State Wildcats,-1800,,20260917193559929069
NCAAF,americanfootball_ncaaf,72215c37435df22c87999aa675c675ca,2026-09-19T16:00:00Z,Kansas State Wildcats,Tulane Green Wave,draftkings,DraftKings,2026-09-17T19:34:58Z,h2h,2026-09-17T19:34:58Z,Tulane Green Wave,1000,,20260917193559929069
NCAAF,americanfootball_ncaaf,72215c37435df22c87999aa675c675ca,2026-09-19T16:00:00Z,Kansas State Wildcats,Tulane Green Wave,draftkings,DraftKings,2026-09-17T19:34:58Z,spreads,2026-09-17T19:34:58Z,Kansas State Wildcats,-115,-20.5,20260917193559929069
NCAAF,americanfootball_ncaaf,72215c37435df22c87999aa675c675ca,2026-09-19T16:00:00Z,Kansas State Wildcats,Tulane Green Wave,draftkings,DraftKings,2026-09-17T19:34:58Z,spreads,2026-09-17T19:34:58Z,Tulane Green Wave,-105,20.5,20260917193559929069
NCAAF,americanfootball_ncaaf,72215c37435df22c87999aa675c675ca,2026-09-19T16:00:00Z,Kansas State Wildcats,Tulane Green Wave,draftkings,DraftKings,2026-09-17T19:34:58Z,totals,2026-09-17T19:34:58Z,Over,-108,49.5,20260917193559929069
NCAAF,americanfootball_ncaaf,72215c37435df22c87999aa675c675ca,2026-09-19T16:00:00Z,Kansas State Wildcats,Tulane Green Wave,draftkings,DraftKings,2026-09-17T19:34:58Z,totals,2026-09-17T19:34:58Z,Under,-112,49.5,20260917193559929069
NCAAF,americanfootball_ncaaf,72215c37435df22c87999aa675c675ca,2026-09-19T16:00:00Z,Kansas State Wildcats,Tulane Green Wave,betonlineag,BetOnline.ag,2026-09-17T19:35:23Z,h2h,2026-09-17T19:35:23Z,Kansas State Wildcats,-1400,,20260917193559929069
NCAAF,americanfootball_ncaaf,72215c37435df22c87999aa675c675ca,2026-09-19T16:00:00Z,Kansas State Wildcats,Tulane Green Wave,betonlineag,BetOnline.ag,2026-09-17T19:35:23Z,h2h,2026-09-17T19:35:23Z,Tulane Green Wave,836,,20260917193559929069
NCAAF,americanfootball_ncaaf,72215c37435df22c87999aa675c675ca,2026-09-19T16:00:00Z,Kansas State Wildcats,Tulane Green Wave,betonlineag,BetOnline.ag,2026-09-17T19:35:23Z,spreads,2026-09-17T19:35:23Z,Kansas State Wildcats,-110,-20.5,20260917193559929069
NCAAF,americanfootball_ncaaf,72215c37435df22c87999aa675c675ca,2026-09-19T16:00:00Z,Kansas State Wildcats,Tulane Green Wave,betonlineag,BetOnline.ag,2026-09-17T19:35:23Z,spreads,2026-09-17T19:35:23Z,Tulane Green Wave,-110,20.5,20260917193559929069
NCAAF,americanfootball_ncaaf,72215c37435df22c87999aa675c675ca,2026-09-19T16:00:00Z,Kansas State Wildcats,Tulane Green Wave,betonlineag,BetOnline.ag,2026-09-17T19:35:23Z,totals,2026-09-17T19:35:23Z,Over,-110,49.5,20260917193559929069
NCAAF,americanfootball_ncaaf,72215c37435df22c87999aa675c675ca,2026-09-19T16:00:00Z,Kansas State Wildcats,Tulane Green Wave,betonlineag,BetOnline.ag,2026-09-17T19:35:23Z,totals,2026-09-17T19:35:23Z,Under,-110,49.5,20260917193559929069
NCAAF,americanfootball_ncaaf,72215c37435df22c87999aa675c675ca,2026-09-19T16:00:00Z,Kansas State Wildcats,Tulane Green Wave,lowvig,LowVig.ag,2026-09-17T19:35:22Z,h2h,2026-09-17T19:35:22Z,Kansas State Wildcats,-1400,,20260917193559929069
NCAAF,americanfootball_ncaaf,72215c37435df22c87999aa675c675ca,2026-09-19T16:00:00Z,Kansas State Wildcats,Tulane Green Wave,lowvig,LowVig.ag,2026-09-17T19:35:22Z,h2h,2026-09-17T19:35:22Z,Tulane Green Wave,836,,20260917193559929069
NCAAF,americanfootball_ncaaf,72215c37435df22c87999aa675c675ca,2026-09-19T16:00:00Z,Kansas State Wildcats,Tulane Green Wave,lowvig,LowVig.ag,2026-09-17T19:35:22Z,spreads,2026-09-17T19:35:22Z,Kansas State Wildcats,-106,-20.5,20260917193559929069
NCAAF,americanfootball_ncaaf,72215c37435df22c87999aa675c675ca,2026-09-19T16:00:00Z,Kansas State Wildcats,Tulane Green Wave,lowvig,LowVig.ag,2026-09-17T19:35:22Z,spreads,2026-09-17T19:35:22Z,Tulane Green Wave,-106,20.5,20260917193559929069
NCAAF,americanfootball_ncaaf,72215c37435df22c87999aa675c675ca,2026-09-19T16:00:00Z,Kansas State Wildcats,Tulane Green Wave,lowvig,LowVig.ag,2026-09-17T19:35:22Z,totals,2026-09-17T19:35:22Z,Over,-108,49.5,20260917193559929069
NCAAF,americanfootball_ncaaf,72215c37435df22c87999aa675c675ca,2026-09-19T16:00:00Z,Kansas State Wildcats,Tulane Green Wave,lowvig,LowVig.ag,2026-09-17T19:35:22Z,totals,2026-09-17T19:35:22Z,Under,-108,49.5,20260917193559929069
NCAAF,americanfootball_ncaaf,72215c37435df22c87999aa675c675ca,2026-09-19T16:00:00Z,Kansas State Wildcats,Tulane Green Wave,betmgm,BetMGM,2026-09-17T19:35:24Z,h2h,2026-09-17T19:35:24Z,Kansas State Wildcats,-1400,,20260917193559929069
NCAAF,americanfootball_ncaaf,72215c37435df22c87999aa675c675ca,2026-09-19T16:00:00Z,Kansas State Wildcats,Tulane Green Wave,betmgm,BetMGM,2026-09-17T19:35:24Z,h2h,2026-09-17T19:35:24Z,Tulane Green Wave,950,,20260917193559929069
NCAAF,americanfootball_ncaaf,72215c37435df22c87999aa675c675ca,2026-09-19T16:00:00Z,Kansas State Wildcats,Tulane Green Wave,betmgm,BetMGM,2026-09-17T19:35:24Z,spreads,2026-09-17T19:35:24Z,Kansas State Wildcats,-110,-20.5,20260917193559929069
NCAAF,americanfootball_ncaaf,72215c37435df22c87999aa675c675ca,2026-09-19T16:00:00Z,Kansas State Wildcats,Tulane Green Wave,betmgm,BetMGM,2026-09-17T19:35:24Z,spreads,2026-09-17T19:35:24Z,Tulane Green Wave,-110,20.5,20260917193559929069
NCAAF,americanfootball_ncaaf,72215c37435df22c87999aa675c675ca,2026-09-19T16:00:00Z,Kansas State Wildcats,Tulane Green Wave,betmgm,BetMGM,2026-09-17T19:35:24Z,totals,2026-09-17T19:35:24Z,Over,-110,49.5,20260917193559929069
NCAAF,americanfootball_ncaaf,72215c37435df22c87999aa675c675ca,2026-09-19T16:00:00Z,Kansas State Wildcats,Tulane Green Wave,betmgm,BetMGM,2026-09-17T19:35:24Z,totals,2026-09-17T19:35:24Z,Under,-108,49.5,20260917193559929069
NCAAF,americanfootball_ncaaf,72215c37435df22c87999aa675c675ca,2026-09-19T16:00:00Z,Kansas State Wildcats,Tulane Green Wave,betus,BetUS,2026-09-17T19:35:44Z,h2h,2026-09-17T19:35:44Z,Kansas State Wildcats,-1400,,20260917193559929069
NCAAF,americanfootball_ncaaf,72215c37435df22c87999aa675c675ca,2026-09-19T16:00:00Z,Kansas State Wildcats,Tulane Green Wave,betus,BetUS,2026-09-17T19:35:44Z,h2h,2026-09-17T19:35:44Z,Tulane Green Wave,825,,20260917193559929069
NCAAF,americanfootball_ncaaf,72215c37435df22c87999aa675c675ca,2026-09-19T16:00:00Z,Kansas State Wildcats,Tulane Green Wave,betus,BetUS,2026-09-17T19:35:44Z,spreads,2026-09-17T19:35:44Z,Kansas State Wildcats,-110,-20.5,20260917193559929069
NCAAF,americanfootball_ncaaf,72215c37435df22c87999aa675c675ca,2026-09-19T16:00:00Z,Kansas State Wildcats,Tulane Green Wave,betus,BetUS,2026-09-17T19:35:44Z,spreads,2026-09-17T19:35:44Z,Tulane Green Wave,-110,20.5,20260917193559929069
NCAAF,americanfootball_ncaaf,72215c37435df22c87999aa675c675ca,2026-09-19T16:00:00Z,Kansas State Wildcats,Tulane Green Wave,betus,BetUS,2026-09-17T19:35:44Z,totals,2026-09-17T19:35:44Z,Over,-110,49.5,20260917193559929069
NCAAF,americanfootball_ncaaf,72215c37435df22c87999aa675c675ca,2026-09-19T16:00:00Z,Kansas State Wildcats,Tulane Green Wave,betus,BetUS,2026-09-17T19:35:44Z,totals,2026-09-17T19:35:44Z,Under,-110,49.5,20260917193559929069
NCAAF,americanfootball_ncaaf,72215c37435df22c87999aa675c675ca,2026-09-19T16:00:00Z,Kansas State Wildcats,Tulane Green Wave,bovada,Bovada,2026-09-17T19:35:03Z,h2h,2026-09-17T19:35:03Z,Kansas State Wildcats,-1500,,20260917193559929069
NCAAF,americanfootball_ncaaf,72215c37435df22c87999aa675c675ca,2026-09-19T16:00:00Z,Kansas State Wildcats,Tulane Green Wave,bovada,Bovada,2026-09-17T19:35:03Z,h2h,2026-09-17T19:35:03Z,Tulane Green Wave,775,,20260917193559929069
NCAAF,americanfootball_ncaaf,72215c37435df22c87999aa675c675ca,2026-09-19T16:00:00Z,Kansas State Wildcats,Tulane Green Wave,bovada,Bovada,2026-09-17T19:35:03Z,spreads,2026-09-17T19:35:03Z,Kansas State Wildcats,-115,-20.5,20260917193559929069
NCAAF,americanfootball_ncaaf,72215c37435df22c87999aa675c675ca,2026-09-19T16:00:00Z,Kansas State Wildcats,Tulane Green Wave,bovada,Bovada,2026-09-17T19:35:03Z,spreads,2026-09-17T19:35:03Z,Tulane Green Wave,-105,20.5,20260917193559929069
NCAAF,americanfootball_ncaaf,72215c37435df22c87999aa675c675ca,2026-09-19T16:00:00Z,Kansas State Wildcats,Tulane Green Wave,bovada,Bovada,2026-09-17T19:35:03Z,totals,2026-09-17T19:35:03Z,Over,-115,49.5,20260917193559929069
NCAAF,americanfootball_ncaaf,72215c37435df22c87999aa675c675ca,2026-09-19T16:00:00Z,Kansas State Wildcats,Tulane Green Wave,bovada,Bovada,2026-09-17T19:35:03Z,totals,2026-09-17T19:35:03Z,Under,-105,49.5,20260917193559929069
NCAAF,americanfootball_ncaaf,6eee31d7778965a3e617f10146619c1d,2026-09-19T16:00:00Z,Ohio State Buckeyes,Kent State Golden Flashes,draftkings,DraftKings,2026-09-17T19:34:58Z,spreads,2026-09-17T19:34:58Z,Kent State Golden Flashes,-115,52.5,20260917193559929069
NCAAF,americanfootball_ncaaf,6eee31d7778965a3e617f10146619c1d,2026-09-19T16:00:00Z,Ohio State Buckeyes,Kent State Golden Flashes,draftkings,DraftKings,2026-09-17T19:34:58Z,spreads,2026-09-17T19:34:58Z,Ohio State Buckeyes,-105,-52.5,20260917193559929069
NCAAF,americanfootball_ncaaf,6eee31d7778965a3e617f10146619c1d,2026-09-19T16:00:00Z,Ohio State Buckeyes,Kent State Golden Flashes,draftkings,DraftKings,2026-09-17T19:34:58Z,totals,2026-09-17T19:34:58Z,Over,-115,58.5,20260917193559929069
NCAAF,americanfootball_ncaaf,6eee31d7778965a3e617f10146619c1d,2026-09-19T16:00:00Z,Ohio State Buckeyes,Kent State Golden Flashes,draftkings,DraftKings,2026-09-17T19:34:58Z,totals,2026-09-17T19:34:58Z,Under,-105,58.5,20260917193559929069
NCAAF,americanfootball_ncaaf,6eee31d7778965a3e617f10146619c1d,2026-09-19T16:00:00Z,Ohio State Buckeyes,Kent State Golden Flashes,lowvig,LowVig.ag,2026-09-17T19:35:22Z,spreads,2026-09-17T19:35:22Z,Kent State Golden Flashes,-106,52.5,20260917193559929069
NCAAF,americanfootball_ncaaf,6eee31d7778965a3e617f10146619c1d,2026-09-19T16:00:00Z,Ohio State Buckeyes,Kent State Golden Flashes,lowvig,LowVig.ag,2026-09-17T19:35:22Z,spreads,2026-09-17T19:35:22Z,Ohio State Buckeyes,-106,-52.5,20260917193559929069
NCAAF,americanfootball_ncaaf,6eee31d7778965a3e617f10146619c1d,2026-09-19T16:00:00Z,Ohio State Buckeyes,Kent State Golden Flashes,lowvig,LowVig.ag,2026-09-17T19:35:22Z,totals,2026-09-17T19:35:22Z,Over,-108,59.0,20260917193559929069
NCAAF,americanfootball_ncaaf,6eee31d7778965a3e617f10146619c1d,2026-09-19T16:00:00Z,Ohio State Buckeyes,Kent State Golden Flashes,lowvig,LowVig.ag,2026-09-17T19:35:22Z,totals,2026-09-17T19:35:22Z,Under,-108,59.0,20260917193559929069
NCAAF,americanfootball_ncaaf,6eee31d7778965a3e617f10146619c1d,2026-09-19T16:00:00Z,Ohio State Buckeyes,Kent State Golden Flashes,betonlineag,BetOnline.ag,2026-09-17T19:35:23Z,spreads,2026-09-17T19:35:23Z,Kent State Golden Flashes,-110,52.5,20260917193559929069
NCAAF,americanfootball_ncaaf,6eee31d7778965a3e617f10146619c1d,2026-09-19T16:00:00Z,Ohio State Buckeyes,Kent State Golden Flashes,betonlineag,BetOnline.ag,2026-09-17T19:35:23Z,spreads,2026-09-17T19:35:23Z,Ohio State Buckeyes,-110,-52.5,20260917193559929069
NCAAF,americanfootball_ncaaf,6eee31d7778965a3e617f10146619c1d,2026-09-19T16:00:00Z,Ohio State Buckeyes,Kent State Golden Flashes,betonlineag,BetOnline.ag,2026-09-17T19:35:23Z,totals,2026-09-17T19:35:23Z,Over,-110,59.0,20260917193559929069
NCAAF,americanfootball_ncaaf,6eee31d7778965a3e617f10146619c1d,2026-09-19T16:00:00Z,Ohio State Buckeyes,Kent State Golden Flashes,betonlineag,BetOnline.ag,2026-09-17T19:35:23Z,totals,2026-09-17T19:35:23Z,Under,-110,59.0,20260917193559929069
NCAAF,americanfootball_ncaaf,6eee31d7778965a3e617f10146619c1d,2026-09-19T16:00:00Z,Ohio State Buckeyes,Kent State Golden Flashes,betrivers,BetRivers,2026-09-17T19:34:38Z,spreads,2026-09-17T19:34:38Z,Kent State Golden Flashes,-113,53.0,20260917193559929069
NCAAF,americanfootball_ncaaf,6eee31d7778965a3e617f10146619c1d,2026-09-19T16:00:00Z,Ohio State Buckeyes,Kent State Golden Flashes,betrivers,BetRivers,2026-09-17T19:34:38Z,spreads,2026-09-17T19:34:38Z,Ohio State Buckeyes,-110,-53.0,20260917193559929069
NCAAF,americanfootball_ncaaf,6eee31d7778965a3e617f10146619c1d,2026-09-19T16:00:00Z,Ohio State Buckeyes,Kent State Golden Flashes,betrivers,BetRivers,2026-09-17T19:34:38Z,totals,2026-09-17T19:34:38Z,Over,-113,59.5,20260917193559929069
NCAAF,americanfootball_ncaaf,6eee31d7778965a3e617f10146619c1d,2026-09-19T16:00:00Z,Ohio State Buckeyes,Kent State Golden Flashes,betrivers,BetRivers,2026-09-17T19:34:38Z,totals,2026-09-17T19:34:38Z,Under,-110,59.5,20260917193559929069
NCAAF,americanfootball_ncaaf,6eee31d7778965a3e617f10146619c1d,2026-09-19T16:00:00Z,Ohio State Buckeyes,Kent State Golden Flashes,betmgm,BetMGM,2026-09-17T19:35:24Z,spreads,2026-09-17T19:35:24Z,Kent State Golden Flashes,-110,52.0,20260917193559929069
NCAAF,americanfootball_ncaaf,6eee31d7778965a3e617f10146619c1d,2026-09-19T16:00:00Z,Ohio State Buckeyes,Kent State Golden Flashes,betmgm,BetMGM,2026-09-17T19:35:24Z,spreads,2026-09-17T19:35:24Z,Ohio State Buckeyes,-120,-52.0,20260917193559929069
NCAAF,americanfootball_ncaaf,6eee31d7778965a3e617f10146619c1d,2026-09-19T16:00:00Z,Ohio State Buckeyes,Kent State Golden Flashes,betmgm,BetMGM,2026-09-17T19:35:24Z,totals,2026-09-17T19:35:24Z,Over,-120,58.5,20260917193559929069
NCAAF,americanfootball_ncaaf,6eee31d7778965a3e617f10146619c1d,2026-09-19T16:00:00Z,Ohio State Buckeyes,Kent State Golden Flashes,betmgm,BetMGM,2026-09-17T19:35:24Z,totals,2026-09-17T19:35:24Z,Under,100,58.5,20260917193559929069
NCAAF,americanfootball_ncaaf,6eee31d7778965a3e617f10146619c1d,2026-09-19T16:00:00Z,Ohio State Buckeyes,Kent State Golden Flashes,betus,BetUS,2026-09-17T19:35:44Z,spreads,2026-09-17T19:35:44Z,Kent State Golden Flashes,-110,52.5,20260917193559929069
NCAAF,americanfootball_ncaaf,6eee31d7778965a3e617f10146619c1d,2026-09-19T16:00:00Z,Ohio State Buckeyes,Kent State Golden Flashes,betus,BetUS,2026-09-17T19:35:44Z,spreads,2026-09-17T19:35:44Z,Ohio State Buckeyes,-110,-52.5,20260917193559929069
NCAAF,americanfootball_ncaaf,6eee31d7778965a3e617f10146619c1d,2026-09-19T16:00:00Z,Ohio State Buckeyes,Kent State Golden Flashes,betus,BetUS,2026-09-17T19:35:44Z,totals,2026-09-17T19:35:44Z,Over,-110,59.0,20260917193559929069
NCAAF,americanfootball_ncaaf,6eee31d7778965a3e617f10146619c1d,2026-09-19T16:00:00Z,Ohio State Buckeyes,Kent State Golden Flashes,betus,BetUS,2026-09-17T19:35:44Z,totals,2026-09-17T19:35:44Z,Under,-110,59.0,20260917193559929069
NCAAF,americanfootball_ncaaf,6eee31d7778965a3e617f10146619c1d,2026-09-19T16:00:00Z,Ohio State Buckeyes,Kent State Golden Flashes,fanduel,FanDuel,2026-09-17T19:35:46Z,spreads,2026-09-17T19:35:46Z,Kent State Golden Flashes,-108,52.5,20260917193559929069
NCAAF,americanfootball_ncaaf,6eee31d7778965a3e617f10146619c1d,2026-09-19T16:00:00Z,Ohio State Buckeyes,Kent State Golden Flashes,fanduel,FanDuel,2026-09-17T19:35:46Z,spreads,2026-09-17T19:35:46Z,Ohio State Buckeyes,-112,-52.5,20260917193559929069
NCAAF,americanfootball_ncaaf,6eee31d7778965a3e617f10146619c1d,2026-09-19T16:00:00Z,Ohio State Buckeyes,Kent State Golden Flashes,fanduel,FanDuel,2026-09-17T19:35:46Z,totals,2026-09-17T19:35:46Z,Over,-114,59.5,20260917193559929069
NCAAF,americanfootball_ncaaf,6eee31d7778965a3e617f10146619c1d,2026-09-19T16:00:00Z,Ohio State Buckeyes,Kent State Golden Flashes,fanduel,FanDuel,2026-09-17T19:35:46Z,totals,2026-09-17T19:35:46Z,Under,-106,59.5,20260917193559929069
NCAAF,americanfootball_ncaaf,6eee31d7778965a3e617f10146619c1d,2026-09-19T16:00:00Z,Ohio State Buckeyes,Kent State Golden Flashes,bovada,Bovada,2026-09-17T19:35:03Z,spreads,2026-09-17T19:35:03Z,Kent State Golden Flashes,-120,53.0,20260917193559929069
NCAAF,americanfootball_ncaaf,6eee31d7778965a3e617f10146619c1d,2026-09-19T16:00:00Z,Ohio State Buckeyes,Kent State Golden Flashes,bovada,Bovada,2026-09-17T19:35:03Z,spreads,2026-09-17T19:35:03Z,Ohio State Buckeyes,100,-53.0,20260917193559929069
NCAAF,americanfootball_ncaaf,6eee31d7778965a3e617f10146619c1d,2026-09-19T16:00:00Z,Ohio State Buckeyes,Kent State Golden Flashes,bovada,Bovada,2026-09-17T19:35:03Z,totals,2026-09-17T19:35:03Z,Over,-120,58.5,20260917193559929069
NCAAF,americanfootball_ncaaf,6eee31d7778965a3e617f10146619c1d,2026-09-19T16:00:00Z,Ohio State Buckeyes,Kent State Golden Flashes,bovada,Bovada,2026-09-17T19:35:03Z,totals,2026-09-17T19:35:03Z,Under,100,58.5,20260917193559929069
NCAAF,americanfootball_ncaaf,b0cd2e8beaf0dc333daa592a0d3d5c3a,2026-09-19T16:00:00Z,Texas State Bobcats,North Texas Mean Green,fanduel,FanDuel,2026-09-17T19:35:46Z,h2h,2026-09-17T19:35:46Z,North Texas Mean Green,122,,20260917193559929069
NCAAF,americanfootball_ncaaf,b0cd2e8beaf0dc333daa592a0d3d5c3a,2026-09-19T16:00:00Z,Texas State Bobcats,North Texas Mean Green,fanduel,FanDuel,2026-09-17T19:35:46Z,h2h,2026-09-17T19:35:46Z,Texas State Bobcats,-146,,20260917193559929069
NCAAF,americanfootball_ncaaf,b0cd2e8beaf0dc333daa592a0d3d5c3a,2026-09-19T16:00:00Z,Texas State Bobcats,North Texas Mean Green,fanduel,FanDuel,2026-09-17T19:35:46Z,spreads,2026-09-17T19:35:46Z,North Texas Mean Green,-102,2.5,20260917193559929069
NCAAF,americanfootball_ncaaf,b0cd2e8beaf0dc333daa592a0d3d5c3a,2026-09-19T16:00:00Z,Texas State Bobcats,North Texas Mean Green,fanduel,FanDuel,2026-09-17T19:35:46Z,spreads,2026-09-17T19:35:46Z,Texas State Bobcats,-120,-2.5,20260917193559929069
NCAAF,americanfootball_ncaaf,b0cd2e8beaf0dc333daa592a0d3d5c3a,2026-09-19T16:00:00Z,Texas State Bobcats,North Texas Mean Green,fanduel,FanDuel,2026-09-17T19:35:46Z,totals,2026-09-17T19:35:46Z,Over,-110,62.5,20260917193559929069
NCAAF,americanfootball_ncaaf,b0cd2e8beaf0dc333daa592a0d3d5c3a,2026-09-19T16:00:00Z,Texas State Bobcats,North Texas Mean Green,fanduel,FanDuel,2026-09-17T19:35:46Z,totals,2026-09-17T19:35:46Z,Under,-110,62.5,20260917193559929069
NCAAF,americanfootball_ncaaf,b0cd2e8beaf0dc333daa592a0d3d5c3a,2026-09-19T16:00:00Z,Texas State Bobcats,North Texas Mean Green,betrivers,BetRivers,2026-09-17T19:34:38Z,h2h,2026-09-17T19:34:38Z,North Texas Mean Green,118,,20260917193559929069
NCAAF,americanfootball_ncaaf,b0cd2e8beaf0dc333daa592a0d3d5c3a,2026-09-19T16:00:00Z,Texas State Bobcats,North Texas Mean Green,betrivers,BetRivers,2026-09-17T19:34:38Z,h2h,2026-09-17T19:34:38Z,Texas State Bobcats,-148,,20260917193559929069
NCAAF,americanfootball_ncaaf,b0cd2e8beaf0dc333daa592a0d3d5c3a,2026-09-19T16:00:00Z,Texas State Bobcats,North Texas Mean Green,betrivers,BetRivers,2026-09-17T19:34:38Z,spreads,2026-09-17T19:34:38Z,North Texas Mean Green,-106,2.5,20260917193559929069
NCAAF,americanfootball_ncaaf,b0cd2e8beaf0dc333daa592a0d3d5c3a,2026-09-19T16:00:00Z,Texas State Bobcats,North Texas Mean Green,betrivers,BetRivers,2026-09-17T19:34:38Z,spreads,2026-09-17T19:34:38Z,Texas State Bobcats,-118,-2.5,20260917193559929069
NCAAF,americanfootball_ncaaf,b0cd2e8beaf0dc333daa592a0d3d5c3a,2026-09-19T16:00:00Z,Texas State Bobcats,North Texas Mean Green,betrivers,BetRivers,2026-09-17T19:34:38Z,totals,2026-09-17T19:34:38Z,Over,-110,62.5,20260917193559929069
NCAAF,americanfootball_ncaaf,b0cd2e8beaf0dc333daa592a0d3d5c3a,2026-09-19T16:00:00Z,Texas State Bobcats,North Texas Mean Green,betrivers,BetRivers,2026-09-17T19:34:38Z,totals,2026-09-17T19:34:38Z,Under,-115,62.5,20260917193559929069
NCAAF,americanfootball_ncaaf,b0cd2e8beaf0dc333daa592a0d3d5c3a,2026-09-19T16:00:00Z,Texas State Bobcats,North Texas Mean Green,draftkings,DraftKings,2026-09-17T19:34:58Z,h2h,2026-09-17T19:34:58Z,North Texas Mean Green,120,,20260917193559929069
NCAAF,americanfootball_ncaaf,b0cd2e8beaf0dc333daa592a0d3d5c3a,2026-09-19T16:00:00Z,Texas State Bobcats,North Texas Mean Green,draftkings,DraftKings,2026-09-17T19:34:58Z,h2h,2026-09-17T19:34:58Z,Texas State Bobcats,-142,,20260917193559929069
NCAAF,americanfootball_ncaaf,b0cd2e8beaf0dc333daa592a0d3d5c3a,2026-09-19T16:00:00Z,Texas State Bobcats,North Texas Mean Green,draftkings,DraftKings,2026-09-17T19:34:58Z,spreads,2026-09-17T19:34:58Z,North Texas Mean Green,-122,3.0,20260917193559929069
NCAAF,americanfootball_ncaaf,b0cd2e8beaf0dc333daa592a0d3d5c3a,2026-09-19T16:00:00Z,Texas State Bobcats,North Texas Mean Green,draftkings,DraftKings,2026-09-17T19:34:58Z,spreads,2026-09-17T19:34:58Z,Texas State Bobcats,102,-3.0,20260917193559929069
NCAAF,americanfootball_ncaaf,b0cd2e8beaf0dc333daa592a0d3d5c3a,2026-09-19T16:00:00Z,Texas State Bobcats,North Texas Mean Green,draftkings,DraftKings,2026-09-17T19:34:58Z,totals,2026-09-17T19:34:58Z,Over,-108,62.5,20260917193559929069
NCAAF,americanfootball_ncaaf,b0cd2e8beaf0dc333daa592a0d3d5c3a,2026-09-19T16:00:00Z,Texas State Bobcats,North Texas Mean Green,draftkings,DraftKings,2026-09-17T19:34:58Z,totals,2026-09-17T19:34:58Z,Under,-112,62.5,20260917193559929069
NCAAF,americanfootball_ncaaf,b0cd2e8beaf0dc333daa592a0d3d5c3a,2026-09-19T16:00:00Z,Texas State Bobcats,North Texas Mean Green,lowvig,LowVig.ag,2026-09-17T19:35:22Z,h2h,2026-09-17T19:35:22Z,North Texas Mean Green,135,,20260917193559929069
NCAAF,americanfootball_ncaaf,b0cd2e8beaf0dc333daa592a0d3d5c3a,2026-09-19T16:00:00Z,Texas State Bobcats,North Texas Mean Green,lowvig,LowVig.ag,2026-09-17T19:35:22Z,h2h,2026-09-17T19:35:22Z,Texas State Bobcats,-155,,20260917193559929069
NCAAF,americanfootball_ncaaf,b0cd2e8beaf0dc333daa592a0d3d5c3a,2026-09-19T16:00:00Z,Texas State Bobcats,North Texas Mean Green,lowvig,LowVig.ag,2026-09-17T19:35:22Z,spreads,2026-09-17T19:35:22Z,North Texas Mean Green,-110,3.0,20260917193559929069
NCAAF,americanfootball_ncaaf,b0cd2e8beaf0dc333daa592a0d3d5c3a,2026-09-19T16:00:00Z,Texas State Bobcats,North Texas Mean Green,lowvig,LowVig.ag,2026-09-17T19:35:22Z,spreads,2026-09-17T19:35:22Z,Texas State Bobcats,-102,-3.0,20260917193559929069
NCAAF,americanfootball_ncaaf,b0cd2e8beaf0dc333daa592a0d3d5c3a,2026-09-19T16:00:00Z,Texas State Bobcats,North Texas Mean Green,lowvig,LowVig.ag,2026-09-17T19:35:22Z,totals,2026-09-17T19:35:22Z,Over,-103,62.5,20260917193559929069
NCAAF,americanfootball_ncaaf,b0cd2e8beaf0dc333daa592a0d3d5c3a,2026-09-19T16:00:00Z,Texas State Bobcats,North Texas Mean Green,lowvig,LowVig.ag,2026-09-17T19:35:22Z,totals,2026-09-17T19:35:22Z,Under,-114,62.5,20260917193559929069
NCAAF,americanfootball_ncaaf,b0cd2e8beaf0dc333daa592a0d3d5c3a,2026-09-19T16:00:00Z,Texas State Bobcats,North Texas Mean Green,betonlineag,BetOnline.ag,2026-09-17T19:35:23Z,h2h,2026-09-17T19:35:23Z,North Texas Mean Green,135,,20260917193559929069
NCAAF,americanfootball_ncaaf,b0cd2e8beaf0dc333daa592a0d3d5c3a,2026-09-19T16:00:00Z,Texas State Bobcats,North Texas Mean Green,betonlineag,BetOnline.ag,2026-09-17T19:35:23Z,h2h,2026-09-17T19:35:23Z,Texas State Bobcats,-155,,20260917193559929069
NCAAF,americanfootball_ncaaf,b0cd2e8beaf0dc333daa592a0d3d5c3a,2026-09-19T16:00:00Z,Texas State Bobcats,North Texas Mean Green,betonlineag,BetOnline.ag,2026-09-17T19:35:23Z,spreads,2026-09-17T19:35:23Z,North Texas Mean Green,-114,3.0,20260917193559929069
NCAAF,americanfootball_ncaaf,b0cd2e8beaf0dc333daa592a0d3d5c3a,2026-09-19T16:00:00Z,Texas State Bobcats,North Texas Mean Green,betonlineag,BetOnline.ag,2026-09-17T19:35:23Z,spreads,2026-09-17T19:35:23Z,Texas State Bobcats,-106,-3.0,20260917193559929069
NCAAF,americanfootball_ncaaf,b0cd2e8beaf0dc333daa592a0d3d5c3a,2026-09-19T16:00:00Z,Texas State Bobcats,North Texas Mean Green,betonlineag,BetOnline.ag,2026-09-17T19:35:23Z,totals,2026-09-17T19:35:23Z,Over,-105,62.5,20260917193559929069
NCAAF,americanfootball_ncaaf,b0cd2e8beaf0dc333daa592a0d3d5c3a,2026-09-19T16:00:00Z,Texas State Bobcats,North Texas Mean Green,betonlineag,BetOnline.ag,2026-09-17T19:35:23Z,totals,2026-09-17T19:35:23Z,Under,-115,62.5,20260917193559929069
NCAAF,americanfootball_ncaaf,b0cd2e8beaf0dc333daa592a0d3d5c3a,2026-09-19T16:00:00Z,Texas State Bobcats,North Texas Mean Green,betmgm,BetMGM,2026-09-17T19:35:24Z,h2h,2026-09-17T19:35:24Z,North Texas Mean Green,125,,20260917193559929069
NCAAF,americanfootball_ncaaf,b0cd2e8beaf0dc333daa592a0d3d5c3a,2026-09-19T16:00:00Z,Texas State Bobcats,North Texas Mean Green,betmgm,BetMGM,2026-09-17T19:35:24Z,h2h,2026-09-17T19:35:24Z,Texas State Bobcats,-145,,20260917193559929069
NCAAF,americanfootball_ncaaf,b0cd2e8beaf0dc333daa592a0d3d5c3a,2026-09-19T16:00:00Z,Texas State Bobcats,North Texas Mean Green,betmgm,BetMGM,2026-09-17T19:35:24Z,spreads,2026-09-17T19:35:24Z,North Texas Mean Green,-108,2.5,20260917193559929069
NCAAF,americanfootball_ncaaf,b0cd2e8beaf0dc333daa592a0d3d5c3a,2026-09-19T16:00:00Z,Texas State Bobcats,North Texas Mean Green,betmgm,BetMGM,2026-09-17T19:35:24Z,spreads,2026-09-17T19:35:24Z,Texas State Bobcats,-120,-2.5,20260917193559929069
NCAAF,americanfootball_ncaaf,b0cd2e8beaf0dc333daa592a0d3d5c3a,2026-09-19T16:00:00Z,Texas State Bobcats,North Texas Mean Green,betmgm,BetMGM,2026-09-17T19:35:24Z,totals,2026-09-17T19:35:24Z,Over,-108,62.5,20260917193559929069
NCAAF,americanfootball_ncaaf,b0cd2e8beaf0dc333daa592a0d3d5c3a,2026-09-19T16:00:00Z,Texas State Bobcats,North Texas Mean Green,betmgm,BetMGM,2026-09-17T19:35:24Z,totals,2026-09-17T19:35:24Z,Under,-110,62.5,20260917193559929069
NCAAF,americanfootball_ncaaf,b0cd2e8beaf0dc333daa592a0d3d5c3a,2026-09-19T16:00:00Z,Texas State Bobcats,North Texas Mean Green,betus,BetUS,2026-09-17T19:35:44Z,h2h,2026-09-17T19:35:44Z,North Texas Mean Green,134,,20260917193559929069
NCAAF,americanfootball_ncaaf,b0cd2e8beaf0dc333daa592a0d3d5c3a,2026-09-19T16:00:00Z,Texas State Bobcats,North Texas Mean Green,betus,BetUS,2026-09-17T19:35:44Z,h2h,2026-09-17T19:35:44Z,Texas State Bobcats,-155,,20260917193559929069
NCAAF,americanfootball_ncaaf,b0cd2e8beaf0dc333daa592a0d3d5c3a,2026-09-19T16:00:00Z,Texas State Bobcats,North Texas Mean Green,betus,BetUS,2026-09-17T19:35:44Z,spreads,2026-09-17T19:35:44Z,North Texas Mean Green,-105,2.5,20260917193559929069
NCAAF,americanfootball_ncaaf,b0cd2e8beaf0dc333daa592a0d3d5c3a,2026-09-19T16:00:00Z,Texas State Bobcats,North Texas Mean Green,betus,BetUS,2026-09-17T19:35:44Z,spreads,2026-09-17T19:35:44Z,Texas State Bobcats,-115,-2.5,20260917193559929069
NCAAF,americanfootball_ncaaf,b0cd2e8beaf0dc333daa592a0d3d5c3a,2026-09-19T16:00:00Z,Texas State Bobcats,North Texas Mean Green,betus,BetUS,2026-09-17T19:35:44Z,totals,2026-09-17T19:35:44Z,Over,-110,62.0,20260917193559929069
NCAAF,americanfootball_ncaaf,b0cd2e8beaf0dc333daa592a0d3d5c3a,2026-09-19T16:00:00Z,Texas State Bobcats,North Texas Mean Green,betus,BetUS,2026-09-17T19:35:44Z,totals,2026-09-17T19:35:44Z,Under,-110,62.0,20260917193559929069
NCAAF,americanfootball_ncaaf,b0cd2e8beaf0dc333daa592a0d3d5c3a,2026-09-19T16:00:00Z,Texas State Bobcats,North Texas Mean Green,bovada,Bovada,2026-09-17T19:35:03Z,h2h,2026-09-17T19:35:03Z,North Texas Mean Green,120,,20260917193559929069
NCAAF,americanfootball_ncaaf,b0cd2e8beaf0dc333daa592a0d3d5c3a,2026-09-19T16:00:00Z,Texas State Bobcats,North Texas Mean Green,bovada,Bovada,2026-09-17T19:35:03Z,h2h,2026-09-17T19:35:03Z,Texas State Bobcats,-140,,20260917193559929069
NCAAF,americanfootball_ncaaf,b0cd2e8beaf0dc333daa592a0d3d5c3a,2026-09-19T16:00:00Z,Texas State Bobcats,North Texas Mean Green,bovada,Bovada,2026-09-17T19:35:03Z,spreads,2026-09-17T19:35:03Z,North Texas Mean Green,-120,3.0,20260917193559929069
NCAAF,americanfootball_ncaaf,b0cd2e8beaf0dc333daa592a0d3d5c3a,2026-09-19T16:00:00Z,Texas State Bobcats,North Texas Mean Green,bovada,Bovada,2026-09-17T19:35:03Z,spreads,2026-09-17T19:35:03Z,Texas State Bobcats,100,-3.0,20260917193559929069
NCAAF,americanfootball_ncaaf,b0cd2e8beaf0dc333daa592a0d3d5c3a,2026-09-19T16:00:00Z,Texas State Bobcats,North Texas Mean Green,bovada,Bovada,2026-09-17T19:35:03Z,totals,2026-09-17T19:35:03Z,Over,-110,62.5,20260917193559929069
NCAAF,americanfootball_ncaaf,b0cd2e8beaf0dc333daa592a0d3d5c3a,2026-09-19T16:00:00Z,Texas State Bobcats,North Texas Mean Green,bovada,Bovada,2026-09-17T19:35:03Z,totals,2026-09-17T19:35:03Z,Under,-110,62.5,20260917193559929069
NCAAF,americanfootball_ncaaf,bd7ae9e585a6595f7d308d45e1bf35e3,2026-09-19T16:30:00Z,Wisconsin Badgers,Eastern Michigan Eagles,fanduel,FanDuel,2026-09-17T19:35:46Z,h2h,2026-09-17T19:35:46Z,Eastern Michigan Eagles,1400,,20260917193559929069
NCAAF,americanfootball_ncaaf,bd7ae9e585a6595f7d308d45e1bf35e3,2026-09-19T16:30:00Z,Wisconsin Badgers,Eastern Michigan Eagles,fanduel,FanDuel,2026-09-17T19:35:46Z,h2h,2026-09-17T19:35:46Z,Wisconsin Badgers,-4000,,20260917193559929069
NCAAF,americanfootball_ncaaf,bd7ae9e585a6595f7d308d45e1bf35e3,2026-09-19T16:30:00Z,Wisconsin Badgers,Eastern Michigan Eagles,fanduel,FanDuel,2026-09-17T19:35:46Z,spreads,2026-09-17T19:35:46Z,Eastern Michigan Eagles,-105,23.5,20260917193559929069
NCAAF,americanfootball_ncaaf,bd7ae9e585a6595f7d308d45e1bf35e3,2026-09-19T16:30:00Z,Wisconsin Badgers,Eastern Michigan Eagles,fanduel,FanDuel,2026-09-17T19:35:46Z,spreads,2026-09-17T19:35:46Z,Wisconsin Badgers,-115,-23.5,20260917193559929069
NCAAF,americanfootball_ncaaf,bd7ae9e585a6595f7d308d45e1bf35e3,2026-09-19T16:30:00Z,Wisconsin Badgers,Eastern Michigan Eagles,fanduel,FanDuel,2026-09-17T19:35:46Z,totals,2026-09-17T19:35:46Z,Over,-115,44.5,20260917193559929069
NCAAF,americanfootball_ncaaf,bd7ae9e585a6595f7d308d45e1bf35e3,2026-09-19T16:30:00Z,Wisconsin Badgers,Eastern Michigan Eagles,fanduel,FanDuel,2026-09-17T19:35:46Z,totals,2026-09-17T19:35:46Z,Under,-105,44.5,20260917193559929069
NCAAF,americanfootball_ncaaf,bd7ae9e585a6595f7d308d45e1bf35e3,2026-09-19T16:30:00Z,Wisconsin Badgers,Eastern Michigan Eagles,draftkings,DraftKings,2026-09-17T19:34:58Z,h2h,2026-09-17T19:34:58Z,Eastern Michigan Eagles,1200,,20260917193559929069
NCAAF,americanfootball_ncaaf,bd7ae9e585a6595f7d308d45e1bf35e3,2026-09-19T16:30:00Z,Wisconsin Badgers,Eastern Michigan Eagles,draftkings,DraftKings,2026-09-17T19:34:58Z,h2h,2026-09-17T19:34:58Z,Wisconsin Badgers,-2400,,20260917193559929069
NCAAF,americanfootball_ncaaf,bd7ae9e585a6595f7d308d45e1bf35e3,2026-09-19T16:30:00Z,Wisconsin Badgers,Eastern Michigan Eagles,draftkings,DraftKings,2026-09-17T19:34:58Z,spreads,2026-09-17T19:34:58Z,Eastern Michigan Eagles,-102,23.5,20260917193559929069
NCAAF,americanfootball_ncaaf,bd7ae9e585a6595f7d308d45e1bf35e3,2026-09-19T16:30:00Z,Wisconsin Badgers,Eastern Michigan Eagles,draftkings,DraftKings,2026-09-17T19:34:58Z,spreads,2026-09-17T19:34:58Z,Wisconsin Badgers,-118,-23.5,20260917193559929069
NCAAF,americanfootball_ncaaf,bd7ae9e585a6595f7d308d45e1bf35e3,2026-09-19T16:30:00Z,Wisconsin Badgers,Eastern Michigan Eagles,draftkings,DraftKings,2026-09-17T19:34:58Z,totals,2026-09-17T19:34:58Z,Over,-105,45.5,20260917193559929069
NCAAF,americanfootball_ncaaf,bd7ae9e585a6595f7d308d45e1bf35e3,2026-09-19T16:30:00Z,Wisconsin Badgers,Eastern Michigan Eagles,draftkings,DraftKings,2026-09-17T19:34:58Z,totals,2026-09-17T19:34:58Z,Under,-115,45.5,20260917193559929069
NCAAF,americanfootball_ncaaf,bd7ae9e585a6595f7d308d45e1bf35e3,2026-09-19T16:30:00Z,Wisconsin Badgers,Eastern Michigan Eagles,betrivers,BetRivers,2026-09-17T19:34:38Z,h2h,2026-09-17T19:34:38Z,Eastern Michigan Eagles,1000,,20260917193559929069
NCAAF,americanfootball_ncaaf,bd7ae9e585a6595f7d308d45e1bf35e3,2026-09-19T16:30:00Z,Wisconsin Badgers,Eastern Michigan Eagles,betrivers,BetRivers,2026-09-17T19:34:38Z,h2h,2026-09-17T19:34:38Z,Wisconsin Badgers,-2500,,20260917193559929069
NCAAF,americanfootball_ncaaf,bd7ae9e585a6595f7d308d45e1bf35e3,2026-09-19T16:30:00Z,Wisconsin Badgers,Eastern Michigan Eagles,betrivers,BetRivers,2026-09-17T19:34:38Z,spreads,2026-09-17T19:34:38Z,Eastern Michigan Eagles,-112,23.5,20260917193559929069
NCAAF,americanfootball_ncaaf,bd7ae9e585a6595f7d308d45e1bf35e3,2026-09-19T16:30:00Z,Wisconsin Badgers,Eastern Michigan Eagles,betrivers,BetRivers,2026-09-17T19:34:38Z,spreads,2026-09-17T19:34:38Z,Wisconsin Badgers,-112,-23.5,20260917193559929069
NCAAF,americanfootball_ncaaf,bd7ae9e585a6595f7d308d45e1bf35e3,2026-09-19T16:30:00Z,Wisconsin Badgers,Eastern Michigan Eagles,betrivers,BetRivers,2026-09-17T19:34:38Z,totals,2026-09-17T19:34:38Z,Over,-113,45.5,20260917193559929069
NCAAF,americanfootball_ncaaf,bd7ae9e585a6595f7d308d45e1bf35e3,2026-09-19T16:30:00Z,Wisconsin Badgers,Eastern Michigan Eagles,betrivers,BetRivers,2026-09-17T19:34:38Z,totals,2026-09-17T19:34:38Z,Under,-113,45.5,20260917193559929069
NCAAF,americanfootball_ncaaf,bd7ae9e585a6595f7d308d45e1bf35e3,2026-09-19T16:30:00Z,Wisconsin Badgers,Eastern Michigan Eagles,lowvig,LowVig.ag,2026-09-17T19:35:22Z,h2h,2026-09-17T19:35:22Z,Eastern Michigan Eagles,1176,,20260917193559929069
NCAAF,americanfootball_ncaaf,bd7ae9e585a6595f7d308d45e1bf35e3,2026-09-19T16:30:00Z,Wisconsin Badgers,Eastern Michigan Eagles,lowvig,LowVig.ag,2026-09-17T19:35:22Z,h2h,2026-09-17T19:35:22Z,Wisconsin Badgers,-2600,,20260917193559929069
NCAAF,americanfootball_ncaaf,bd7ae9e585a6595f7d308d45e1bf35e3,2026-09-19T16:30:00Z,Wisconsin Badgers,Eastern Michigan Eagles,lowvig,LowVig.ag,2026-09-17T19:35:22Z,spreads,2026-09-17T19:35:22Z,Eastern Michigan Eagles,100,23.5,20260917193559929069
NCAAF,americanfootball_ncaaf,bd7ae9e585a6595f7d308d45e1bf35e3,2026-09-19T16:30:00Z,Wisconsin Badgers,Eastern Michigan Eagles,lowvig,LowVig.ag,2026-09-17T19:35:22Z,spreads,2026-09-17T19:35:22Z,Wisconsin Badgers,-112,-23.5,20260917193559929069
NCAAF,americanfootball_ncaaf,bd7ae9e585a6595f7d308d45e1bf35e3,2026-09-19T16:30:00Z,Wisconsin Badgers,Eastern Michigan Eagles,lowvig,LowVig.ag,2026-09-17T19:35:22Z,totals,2026-09-17T19:35:22Z,Over,-108,45.0,20260917193559929069
NCAAF,americanfootball_ncaaf,bd7ae9e585a6595f7d308d45e1bf35e3,2026-09-19T16:30:00Z,Wisconsin Badgers,Eastern Michigan Eagles,lowvig,LowVig.ag,2026-09-17T19:35:22Z,totals,2026-09-17T19:35:22Z,Under,-108,45.0,20260917193559929069
NCAAF,americanfootball_ncaaf,bd7ae9e585a6595f7d308d45e1bf35e3,2026-09-19T16:30:00Z,Wisconsin Badgers,Eastern Michigan Eagles,betonlineag,BetOnline.ag,2026-09-17T19:35:23Z,h2h,2026-09-17T19:35:23Z,Eastern Michigan Eagles,1176,,20260917193559929069
NCAAF,americanfootball_ncaaf,bd7ae9e585a6595f7d308d45e1bf35e3,2026-09-19T16:30:00Z,Wisconsin Badgers,Eastern Michigan Eagles,betonlineag,BetOnline.ag,2026-09-17T19:35:23Z,h2h,2026-09-17T19:35:23Z,Wisconsin Badgers,-2600,,20260917193559929069
NCAAF,americanfootball_ncaaf,bd7ae9e585a6595f7d308d45e1bf35e3,2026-09-19T16:30:00Z,Wisconsin Badgers,Eastern Michigan Eagles,betonlineag,BetOnline.ag,2026-09-17T19:35:23Z,spreads,2026-09-17T19:35:23Z,Eastern Michigan Eagles,-104,23.5,20260917193559929069
NCAAF,americanfootball_ncaaf,bd7ae9e585a6595f7d308d45e1bf35e3,2026-09-19T16:30:00Z,Wisconsin Badgers,Eastern Michigan Eagles,betonlineag,BetOnline.ag,2026-09-17T19:35:23Z,spreads,2026-09-17T19:35:23Z,Wisconsin Badgers,-116,-23.5,20260917193559929069
NCAAF,americanfootball_ncaaf,bd7ae9e585a6595f7d308d45e1bf35e3,2026-09-19T16:30:00Z,Wisconsin Badgers,Eastern Michigan Eagles,betonlineag,BetOnline.ag,2026-09-17T19:35:23Z,totals,2026-09-17T19:35:23Z,Over,-110,45.0,20260917193559929069
NCAAF,americanfootball_ncaaf,bd7ae9e585a6595f7d308d45e1bf35e3,2026-09-19T16:30:00Z,Wisconsin Badgers,Eastern Michigan Eagles,betonlineag,BetOnline.ag,2026-09-17T19:35:23Z,totals,2026-09-17T19:35:23Z,Under,-110,45.0,20260917193559929069
NCAAF,americanfootball_ncaaf,bd7ae9e585a6595f7d308d45e1bf35e3,2026-09-19T16:30:00Z,Wisconsin Badgers,Eastern Michigan Eagles,betmgm,BetMGM,2026-09-17T19:35:24Z,h2h,2026-09-17T19:35:24Z,Eastern Michigan Eagles,1400,,20260917193559929069
NCAAF,americanfootball_ncaaf,bd7ae9e585a6595f7d308d45e1bf35e3,2026-09-19T16:30:00Z,Wisconsin Badgers,Eastern Michigan Eagles,betmgm,BetMGM,2026-09-17T19:35:24Z,h2h,2026-09-17T19:35:24Z,Wisconsin Badgers,-2500,,20260917193559929069
NCAAF,americanfootball_ncaaf,bd7ae9e585a6595f7d308d45e1bf35e3,2026-09-19T16:30:00Z,Wisconsin Badgers,Eastern Michigan Eagles,betmgm,BetMGM,2026-09-17T19:35:24Z,spreads,2026-09-17T19:35:24Z,Eastern Michigan Eagles,-105,23.5,20260917193559929069
NCAAF,americanfootball_ncaaf,bd7ae9e585a6595f7d308d45e1bf35e3,2026-09-19T16:30:00Z,Wisconsin Badgers,Eastern Michigan Eagles,betmgm,BetMGM,2026-09-17T19:35:24Z,spreads,2026-09-17T19:35:24Z,Wisconsin Badgers,-112,-23.5,20260917193559929069
NCAAF,americanfootball_ncaaf,bd7ae9e585a6595f7d308d45e1bf35e3,2026-09-19T16:30:00Z,Wisconsin Badgers,Eastern Michigan Eagles,betmgm,BetMGM,2026-09-17T19:35:24Z,totals,2026-09-17T19:35:24Z,Over,-102,45.5,20260917193559929069
NCAAF,americanfootball_ncaaf,bd7ae9e585a6595f7d308d45e1bf35e3,2026-09-19T16:30:00Z,Wisconsin Badgers,Eastern Michigan Eagles,betmgm,BetMGM,2026-09-17T19:35:24Z,totals,2026-09-17T19:35:24Z,Under,-118,45.5,20260917193559929069
NCAAF,americanfootball_ncaaf,bd7ae9e585a6595f7d308d45e1bf35e3,2026-09-19T16:30:00Z,Wisconsin Badgers,Eastern Michigan Eagles,betus,BetUS,2026-09-17T19:35:44Z,h2h,2026-09-17T19:35:44Z,Eastern Michigan Eagles,1200,,20260917193559929069
NCAAF,americanfootball_ncaaf,bd7ae9e585a6595f7d308d45e1bf35e3,2026-09-19T16:30:00Z,Wisconsin Badgers,Eastern Michigan Eagles,betus,BetUS,2026-09-17T19:35:44Z,h2h,2026-09-17T19:35:44Z,Wisconsin Badgers,-2600,,20260917193559929069
NCAAF,americanfootball_ncaaf,bd7ae9e585a6595f7d308d45e1bf35e3,2026-09-19T16:30:00Z,Wisconsin Badgers,Eastern Michigan Eagles,betus,BetUS,2026-09-17T19:35:44Z,spreads,2026-09-17T19:35:44Z,Eastern Michigan Eagles,-105,23.5,20260917193559929069
NCAAF,americanfootball_ncaaf,bd7ae9e585a6595f7d308d45e1bf35e3,2026-09-19T16:30:00Z,Wisconsin Badgers,Eastern Michigan Eagles,betus,BetUS,2026-09-17T19:35:44Z,spreads,2026-09-17T19:35:44Z,Wisconsin Badgers,-115,-23.5,20260917193559929069
NCAAF,americanfootball_ncaaf,bd7ae9e585a6595f7d308d45e1bf35e3,2026-09-19T16:30:00Z,Wisconsin Badgers,Eastern Michigan Eagles,betus,BetUS,2026-09-17T19:35:44Z,totals,2026-09-17T19:35:44Z,Over,-110,45.0,20260917193559929069
NCAAF,americanfootball_ncaaf,bd7ae9e585a6595f7d308d45e1bf35e3,2026-09-19T16:30:00Z,Wisconsin Badgers,Eastern Michigan Eagles,betus,BetUS,2026-09-17T19:35:44Z,totals,2026-09-17T19:35:44Z,Under,-110,45.0,20260917193559929069
NCAAF,americanfootball_ncaaf,bd7ae9e585a6595f7d308d45e1bf35e3,2026-09-19T16:30:00Z,Wisconsin Badgers,Eastern Michigan Eagles,bovada,Bovada,2026-09-17T19:35:03Z,h2h,2026-09-17T19:35:03Z,Eastern Michigan Eagles,1000,,20260917193559929069
NCAAF,americanfootball_ncaaf,bd7ae9e585a6595f7d308d45e1bf35e3,2026-09-19T16:30:00Z,Wisconsin Badgers,Eastern Michigan Eagles,bovada,Bovada,2026-09-17T19:35:03Z,h2h,2026-09-17T19:35:03Z,Wisconsin Badgers,-2500,,20260917193559929069
NCAAF,americanfootball_ncaaf,bd7ae9e585a6595f7d308d45e1bf35e3,2026-09-19T16:30:00Z,Wisconsin Badgers,Eastern Michigan Eagles,bovada,Bovada,2026-09-17T19:35:03Z,spreads,2026-09-17T19:35:03Z,Eastern Michigan Eagles,-110,23.5,20260917193559929069
NCAAF,americanfootball_ncaaf,bd7ae9e585a6595f7d308d45e1bf35e3,2026-09-19T16:30:00Z,Wisconsin Badgers,Eastern Michigan Eagles,bovada,Bovada,2026-09-17T19:35:03Z,spreads,2026-09-17T19:35:03Z,Wisconsin Badgers,-110,-23.5,20260917193559929069
NCAAF,americanfootball_ncaaf,bd7ae9e585a6595f7d308d45e1bf35e3,2026-09-19T16:30:00Z,Wisconsin Badgers,Eastern Michigan Eagles,bovada,Bovada,2026-09-17T19:35:03Z,totals,2026-09-17T19:35:03Z,Over,-110,45.0,20260917193559929069
NCAAF,americanfootball_ncaaf,bd7ae9e585a6595f7d308d45e1bf35e3,2026-09-19T16:30:00Z,Wisconsin Badgers,Eastern Michigan Eagles,bovada,Bovada,2026-09-17T19:35:03Z,totals,2026-09-17T19:35:03Z,Under,-110,45.0,20260917193559929069
NCAAF,americanfootball_ncaaf,2e9835b129f8b8055d4a24f736547363,2026-09-19T16:45:00Z,Vanderbilt Commodores,NC State Wolfpack,fanduel,FanDuel,2026-09-17T19:35:46Z,h2h,2026-09-17T19:35:46Z,NC State Wolfpack,130,,20260917193559929069
NCAAF,americanfootball_ncaaf,2e9835b129f8b8055d4a24f736547363,2026-09-19T16:45:00Z,Vanderbilt Commodores,NC State Wolfpack,fanduel,FanDuel,2026-09-17T19:35:46Z,h2h,2026-09-17T19:35:46Z,Vanderbilt Commodores,-156,,20260917193559929069
NCAAF,americanfootball_ncaaf,2e9835b129f8b8055d4a24f736547363,2026-09-19T16:45:00Z,Vanderbilt Commodores,NC State Wolfpack,fanduel,FanDuel,2026-09-17T19:35:46Z,spreads,2026-09-17T19:35:46Z,NC State Wolfpack,-118,3.5,20260917193559929069
NCAAF,americanfootball_ncaaf,2e9835b129f8b8055d4a24f736547363,2026-09-19T16:45:00Z,Vanderbilt Commodores,NC State Wolfpack,fanduel,FanDuel,2026-09-17T19:35:46Z,spreads,2026-09-17T19:35:46Z,Vanderbilt Commodores,-104,-3.5,20260917193559929069
NCAAF,americanfootball_ncaaf,2e9835b129f8b8055d4a24f736547363,2026-09-19T16:45:00Z,Vanderbilt Commodores,NC State Wolfpack,fanduel,FanDuel,2026-09-17T19:35:46Z,totals,2026-09-17T19:35:46Z,Over,-110,50.5,20260917193559929069
NCAAF,americanfootball_ncaaf,2e9835b129f8b8055d4a24f736547363,2026-09-19T16:45:00Z,Vanderbilt Commodores,NC State Wolfpack,fanduel,FanDuel,2026-09-17T19:35:46Z,totals,2026-09-17T19:35:46Z,Under,-110,50.5,20260917193559929069
NCAAF,americanfootball_ncaaf,2e9835b129f8b8055d4a24f736547363,2026-09-19T16:45:00Z,Vanderbilt Commodores,NC State Wolfpack,betrivers,BetRivers,2026-09-17T19:34:38Z,h2h,2026-09-17T19:34:38Z,NC State Wolfpack,128,,20260917193559929069
NCAAF,americanfootball_ncaaf,2e9835b129f8b8055d4a24f736547363,2026-09-19T16:45:00Z,Vanderbilt Commodores,NC State Wolfpack,betrivers,BetRivers,2026-09-17T19:34:38Z,h2h,2026-09-17T19:34:38Z,Vanderbilt Commodores,-162,,20260917193559929069
NCAAF,americanfootball_ncaaf,2e9835b129f8b8055d4a24f736547363,2026-09-19T16:45:00Z,Vanderbilt Commodores,NC State Wolfpack,betrivers,BetRivers,2026-09-17T19:34:38Z,spreads,2026-09-17T19:34:38Z,NC State Wolfpack,-109,3.0,20260917193559929069
NCAAF,americanfootball_ncaaf,2e9835b129f8b8055d4a24f736547363,2026-09-19T16:45:00Z,Vanderbilt Commodores,NC State Wolfpack,betrivers,BetRivers,2026-09-17T19:34:38Z,spreads,2026-09-17T19:34:38Z,Vanderbilt Commodores,-115,-3.0,20260917193559929069
NCAAF,americanfootball_ncaaf,2e9835b129f8b8055d4a24f736547363,2026-09-19T16:45:00Z,Vanderbilt Commodores,NC State Wolfpack,betrivers,BetRivers,2026-09-17T19:34:38Z,totals,2026-09-17T19:34:38Z,Over,-112,50.5,20260917193559929069
NCAAF,americanfootball_ncaaf,2e9835b129f8b8055d4a24f736547363,2026-09-19T16:45:00Z,Vanderbilt Commodores,NC State Wolfpack,betrivers,BetRivers,2026-09-17T19:34:38Z,totals,2026-09-17T19:34:38Z,Under,-112,50.5,20260917193559929069
NCAAF,americanfootball_ncaaf,2e9835b129f8b8055d4a24f736547363,2026-09-19T16:45:00Z,Vanderbilt Commodores,NC State Wolfpack,draftkings,DraftKings,2026-09-17T19:34:58Z,h2h,2026-09-17T19:34:58Z,NC State Wolfpack,142,,20260917193559929069
NCAAF,americanfootball_ncaaf,2e9835b129f8b8055d4a24f736547363,2026-09-19T16:45:00Z,Vanderbilt Commodores,NC State Wolfpack,draftkings,DraftKings,2026-09-17T19:34:58Z,h2h,2026-09-17T19:34:58Z,Vanderbilt Commodores,-170,,20260917193559929069
NCAAF,americanfootball_ncaaf,2e9835b129f8b8055d4a24f736547363,2026-09-19T16:45:00Z,Vanderbilt Commodores,NC State Wolfpack,draftkings,DraftKings,2026-09-17T19:34:58Z,spreads,2026-09-17T19:34:58Z,NC State Wolfpack,-105,3.0,20260917193559929069
NCAAF,americanfootball_ncaaf,2e9835b129f8b8055d4a24f736547363,2026-09-19T16:45:00Z,Vanderbilt Commodores,NC State Wolfpack,draftkings,DraftKings,2026-09-17T19:34:58Z,spreads,2026-09-17T19:34:58Z,Vanderbilt Commodores,-115,-3.0,20260917193559929069
NCAAF,americanfootball_ncaaf,2e9835b129f8b8055d4a24f736547363,2026-09-19T16:45:00Z,Vanderbilt Commodores,NC State Wolfpack,draftkings,DraftKings,2026-09-17T19:34:58Z,totals,2026-09-17T19:34:58Z,Over,-118,50.5,20260917193559929069
NCAAF,americanfootball_ncaaf,2e9835b129f8b8055d4a24f736547363,2026-09-19T16:45:00Z,Vanderbilt Commodores,NC State Wolfpack,draftkings,DraftKings,2026-09-17T19:34:58Z,totals,2026-09-17T19:34:58Z,Under,-102,50.5,20260917193559929069
NCAAF,americanfootball_ncaaf,2e9835b129f8b8055d4a24f736547363,2026-09-19T16:45:00Z,Vanderbilt Commodores,NC State Wolfpack,betonlineag,BetOnline.ag,2026-09-17T19:35:23Z,h2h,2026-09-17T19:35:23Z,NC State Wolfpack,138,,20260917193559929069
NCAAF,americanfootball_ncaaf,2e9835b129f8b8055d4a24f736547363,2026-09-19T16:45:00Z,Vanderbilt Commodores,NC State Wolfpack,betonlineag,BetOnline.ag,2026-09-17T19:35:23Z,h2h,2026-09-17T19:35:23Z,Vanderbilt Commodores,-158,,20260917193559929069
NCAAF,americanfootball_ncaaf,2e9835b129f8b8055d4a24f736547363,2026-09-19T16:45:00Z,Vanderbilt Commodores,NC State Wolfpack,betonlineag,BetOnline.ag,2026-09-17T19:35:23Z,spreads,2026-09-17T19:35:23Z,NC State Wolfpack,-105,3.0,20260917193559929069
NCAAF,americanfootball_ncaaf,2e9835b129f8b8055d4a24f736547363,2026-09-19T16:45:00Z,Vanderbilt Commodores,NC State Wolfpack,betonlineag,BetOnline.ag,2026-09-17T19:35:23Z,spreads,2026-09-17T19:35:23Z,Vanderbilt Commodores,-115,-3.0,20260917193559929069
NCAAF,americanfootball_ncaaf,2e9835b129f8b8055d4a24f736547363,2026-09-19T16:45:00Z,Vanderbilt Commodores,NC State Wolfpack,betonlineag,BetOnline.ag,2026-09-17T19:35:23Z,totals,2026-09-17T19:35:23Z,Over,-105,51.5,20260917193559929069
NCAAF,americanfootball_ncaaf,2e9835b129f8b8055d4a24f736547363,2026-09-19T16:45:00Z,Vanderbilt Commodores,NC State Wolfpack,betonlineag,BetOnline.ag,2026-09-17T19:35:23Z,totals,2026-09-17T19:35:23Z,Under,-115,51.5,20260917193559929069
NCAAF,americanfootball_ncaaf,2e9835b129f8b8055d4a24f736547363,2026-09-19T16:45:00Z,Vanderbilt Commodores,NC State Wolfpack,lowvig,LowVig.ag,2026-09-17T19:35:22Z,h2h,2026-09-17T19:35:22Z,NC State Wolfpack,138,,20260917193559929069
NCAAF,americanfootball_ncaaf,2e9835b129f8b8055d4a24f736547363,2026-09-19T16:45:00Z,Vanderbilt Commodores,NC State Wolfpack,lowvig,LowVig.ag,2026-09-17T19:35:22Z,h2h,2026-09-17T19:35:22Z,Vanderbilt Commodores,-158,,20260917193559929069
NCAAF,americanfootball_ncaaf,2e9835b129f8b8055d4a24f736547363,2026-09-19T16:45:00Z,Vanderbilt Commodores,NC State Wolfpack,lowvig,LowVig.ag,2026-09-17T19:35:22Z,spreads,2026-09-17T19:35:22Z,NC State Wolfpack,-101,3.0,20260917193559929069
NCAAF,americanfootball_ncaaf,2e9835b129f8b8055d4a24f736547363,2026-09-19T16:45:00Z,Vanderbilt Commodores,NC State Wolfpack,lowvig,LowVig.ag,2026-09-17T19:35:22Z,spreads,2026-09-17T19:35:22Z,Vanderbilt Commodores,-111,-3.0,20260917193559929069
NCAAF,americanfootball_ncaaf,2e9835b129f8b8055d4a24f736547363,2026-09-19T16:45:00Z,Vanderbilt Commodores,NC State Wolfpack,lowvig,LowVig.ag,2026-09-17T19:35:22Z,totals,2026-09-17T19:35:22Z,Over,-103,51.5,20260917193559929069
NCAAF,americanfootball_ncaaf,2e9835b129f8b8055d4a24f736547363,2026-09-19T16:45:00Z,Vanderbilt Commodores,NC State Wolfpack,lowvig,LowVig.ag,2026-09-17T19:35:22Z,totals,2026-09-17T19:35:22Z,Under,-114,51.5,20260917193559929069
NCAAF,americanfootball_ncaaf,2e9835b129f8b8055d4a24f736547363,2026-09-19T16:45:00Z,Vanderbilt Commodores,NC State Wolfpack,betmgm,BetMGM,2026-09-17T19:35:24Z,h2h,2026-09-17T19:35:24Z,NC State Wolfpack,135,,20260917193559929069
NCAAF,americanfootball_ncaaf,2e9835b129f8b8055d4a24f736547363,2026-09-19T16:45:00Z,Vanderbilt Commodores,NC State Wolfpack,betmgm,BetMGM,2026-09-17T19:35:24Z,h2h,2026-09-17T19:35:24Z,Vanderbilt Commodores,-165,,20260917193559929069
NCAAF,americanfootball_ncaaf,2e9835b129f8b8055d4a24f736547363,2026-09-19T16:45:00Z,Vanderbilt Commodores,NC State Wolfpack,betmgm,BetMGM,2026-09-17T19:35:24Z,spreads,2026-09-17T19:35:24Z,NC State Wolfpack,-118,3.5,20260917193559929069
NCAAF,americanfootball_ncaaf,2e9835b129f8b8055d4a24f736547363,2026-09-19T16:45:00Z,Vanderbilt Commodores,NC State Wolfpack,betmgm,BetMGM,2026-09-17T19:35:24Z,spreads,2026-09-17T19:35:24Z,Vanderbilt Commodores,-102,-3.5,20260917193559929069
NCAAF,americanfootball_ncaaf,2e9835b129f8b8055d4a24f736547363,2026-09-19T16:45:00Z,Vanderbilt Commodores,NC State Wolfpack,betmgm,BetMGM,2026-09-17T19:35:24Z,totals,2026-09-17T19:35:24Z,Over,-115,50.5,20260917193559929069
NCAAF,americanfootball_ncaaf,2e9835b129f8b8055d4a24f736547363,2026-09-19T16:45:00Z,Vanderbilt Commodores,NC State Wolfpack,betmgm,BetMGM,2026-09-17T19:35:24Z,totals,2026-09-17T19:35:24Z,Under,-105,50.5,20260917193559929069
NCAAF,americanfootball_ncaaf,2e9835b129f8b8055d4a24f736547363,2026-09-19T16:45:00Z,Vanderbilt Commodores,NC State Wolfpack,betus,BetUS,2026-09-17T19:35:44Z,h2h,2026-09-17T19:35:44Z,NC State Wolfpack,138,,20260917193559929069
NCAAF,americanfootball_ncaaf,2e9835b129f8b8055d4a24f736547363,2026-09-19T16:45:00Z,Vanderbilt Commodores,NC State Wolfpack,betus,BetUS,2026-09-17T19:35:44Z,h2h,2026-09-17T19:35:44Z,Vanderbilt Commodores,-160,,20260917193559929069
NCAAF,americanfootball_ncaaf,2e9835b129f8b8055d4a24f736547363,2026-09-19T16:45:00Z,Vanderbilt Commodores,NC State Wolfpack,betus,BetUS,2026-09-17T19:35:44Z,spreads,2026-09-17T19:35:44Z,NC State Wolfpack,-105,3.0,20260917193559929069
NCAAF,americanfootball_ncaaf,2e9835b129f8b8055d4a24f736547363,2026-09-19T16:45:00Z,Vanderbilt Commodores,NC State Wolfpack,betus,BetUS,2026-09-17T19:35:44Z,spreads,2026-09-17T19:35:44Z,Vanderbilt Commodores,-115,-3.0,20260917193559929069
NCAAF,americanfootball_ncaaf,2e9835b129f8b8055d4a24f736547363,2026-09-19T16:45:00Z,Vanderbilt Commodores,NC State Wolfpack,betus,BetUS,2026-09-17T19:35:44Z,totals,2026-09-17T19:35:44Z,Over,-110,51.0,20260917193559929069
NCAAF,americanfootball_ncaaf,2e9835b129f8b8055d4a24f736547363,2026-09-19T16:45:00Z,Vanderbilt Commodores,NC State Wolfpack,betus,BetUS,2026-09-17T19:35:44Z,totals,2026-09-17T19:35:44Z,Under,-110,51.0,20260917193559929069
NCAAF,americanfootball_ncaaf,2e9835b129f8b8055d4a24f736547363,2026-09-19T16:45:00Z,Vanderbilt Commodores,NC State Wolfpack,bovada,Bovada,2026-09-17T19:35:03Z,h2h,2026-09-17T19:35:03Z,NC State Wolfpack,140,,20260917193559929069
NCAAF,americanfootball_ncaaf,2e9835b129f8b8055d4a24f736547363,2026-09-19T16:45:00Z,Vanderbilt Commodores,NC State Wolfpack,bovada,Bovada,2026-09-17T19:35:03Z,h2h,2026-09-17T19:35:03Z,Vanderbilt Commodores,-165,,20260917193559929069
NCAAF,americanfootball_ncaaf,2e9835b129f8b8055d4a24f736547363,2026-09-19T16:45:00Z,Vanderbilt Commodores,NC State Wolfpack,bovada,Bovada,2026-09-17T19:35:03Z,spreads,2026-09-17T19:35:03Z,NC State Wolfpack,-105,3.0,20260917193559929069
NCAAF,americanfootball_ncaaf,2e9835b129f8b8055d4a24f736547363,2026-09-19T16:45:00Z,Vanderbilt Commodores,NC State Wolfpack,bovada,Bovada,2026-09-17T19:35:03Z,spreads,2026-09-17T19:35:03Z,Vanderbilt Commodores,-115,-3.0,20260917193559929069
NCAAF,americanfootball_ncaaf,2e9835b129f8b8055d4a24f736547363,2026-09-19T16:45:00Z,Vanderbilt Commodores,NC State Wolfpack,bovada,Bovada,2026-09-17T19:35:03Z,totals,2026-09-17T19:35:03Z,Over,-110,50.5,20260917193559929069
NCAAF,americanfootball_ncaaf,2e9835b129f8b8055d4a24f736547363,2026-09-19T16:45:00Z,Vanderbilt Commodores,NC State Wolfpack,bovada,Bovada,2026-09-17T19:35:03Z,totals,2026-09-17T19:35:03Z,Under,-110,50.5,20260917193559929069
NCAAF,americanfootball_ncaaf,26a76b78050ad3953d2d41dbeecd5a07,2026-09-19T17:00:00Z,Central Michigan Chippewas,Wyoming Cowboys,fanduel,FanDuel,2026-09-17T19:35:46Z,h2h,2026-09-17T19:35:46Z,Central Michigan Chippewas,-102,,20260917193559929069
NCAAF,americanfootball_ncaaf,26a76b78050ad3953d2d41dbeecd5a07,2026-09-19T17:00:00Z,Central Michigan Chippewas,Wyoming Cowboys,fanduel,FanDuel,2026-09-17T19:35:46Z,h2h,2026-09-17T19:35:46Z,Wyoming Cowboys,-118,,20260917193559929069
NCAAF,americanfootball_ncaaf,26a76b78050ad3953d2d41dbeecd5a07,2026-09-19T17:00:00Z,Central Michigan Chippewas,Wyoming Cowboys,fanduel,FanDuel,2026-09-17T19:35:46Z,spreads,2026-09-17T19:35:46Z,Central Michigan Chippewas,-110,1.5,20260917193559929069
NCAAF,americanfootball_ncaaf,26a76b78050ad3953d2d41dbeecd5a07,2026-09-19T17:00:00Z,Central Michigan Chippewas,Wyoming Cowboys,fanduel,FanDuel,2026-09-17T19:35:46Z,spreads,2026-09-17T19:35:46Z,Wyoming Cowboys,-110,-1.5,20260917193559929069
NCAAF,americanfootball_ncaaf,26a76b78050ad3953d2d41dbeecd5a07,2026-09-19T17:00:00Z,Central Michigan Chippewas,Wyoming Cowboys,fanduel,FanDuel,2026-09-17T19:35:46Z,totals,2026-09-17T19:35:46Z,Over,-110,38.5,20260917193559929069
NCAAF,americanfootball_ncaaf,26a76b78050ad3953d2d41dbeecd5a07,2026-09-19T17:00:00Z,Central Michigan Chippewas,Wyoming Cowboys,fanduel,FanDuel,2026-09-17T19:35:46Z,totals,2026-09-17T19:35:46Z,Under,-110,38.5,20260917193559929069
NCAAF,americanfootball_ncaaf,26a76b78050ad3953d2d41dbeecd5a07,2026-09-19T17:00:00Z,Central Michigan Chippewas,Wyoming Cowboys,draftkings,DraftKings,2026-09-17T19:34:58Z,h2h,2026-09-17T19:34:58Z,Central Michigan Chippewas,-108,,20260917193559929069
NCAAF,americanfootball_ncaaf,26a76b78050ad3953d2d41dbeecd5a07,2026-09-19T17:00:00Z,Central Michigan Chippewas,Wyoming Cowboys,draftkings,DraftKings,2026-09-17T19:34:58Z,h2h,2026-09-17T19:34:58Z,Wyoming Cowboys,-112,,20260917193559929069
NCAAF,americanfootball_ncaaf,26a76b78050ad3953d2d41dbeecd5a07,2026-09-19T17:00:00Z,Central Michigan Chippewas,Wyoming Cowboys,draftkings,DraftKings,2026-09-17T19:34:58Z,spreads,2026-09-17T19:34:58Z,Central Michigan Chippewas,-115,1.5,20260917193559929069
NCAAF,americanfootball_ncaaf,26a76b78050ad3953d2d41dbeecd5a07,2026-09-19T17:00:00Z,Central Michigan Chippewas,Wyoming Cowboys,draftkings,DraftKings,2026-09-17T19:34:58Z,spreads,2026-09-17T19:34:58Z,Wyoming Cowboys,-105,-1.5,20260917193559929069
NCAAF,americanfootball_ncaaf,26a76b78050ad3953d2d41dbeecd5a07,2026-09-19T17:00:00Z,Central Michigan Chippewas,Wyoming Cowboys,draftkings,DraftKings,2026-09-17T19:34:58Z,totals,2026-09-17T19:34:58Z,Over,-112,38.5,20260917193559929069
NCAAF,americanfootball_ncaaf,26a76b78050ad3953d2d41dbeecd5a07,2026-09-19T17:00:00Z,Central Michigan Chippewas,Wyoming Cowboys,draftkings,DraftKings,2026-09-17T19:34:58Z,totals,2026-09-17T19:34:58Z,Under,-108,38.5,20260917193559929069
NCAAF,americanfootball_ncaaf,26a76b78050ad3953d2d41dbeecd5a07,2026-09-19T17:00:00Z,Central Michigan Chippewas,Wyoming Cowboys,lowvig,LowVig.ag,2026-09-17T19:35:22Z,spreads,2026-09-17T19:35:22Z,Central Michigan Chippewas,102,0.0,20260917193559929069
NCAAF,americanfootball_ncaaf,26a76b78050ad3953d2d41dbeecd5a07,2026-09-19T17:00:00Z,Central Michigan Chippewas,Wyoming Cowboys,lowvig,LowVig.ag,2026-09-17T19:35:22Z,spreads,2026-09-17T19:35:22Z,Wyoming Cowboys,-114,0.0,20260917193559929069
NCAAF,americanfootball_ncaaf,26a76b78050ad3953d2d41dbeecd5a07,2026-09-19T17:00:00Z,Central Michigan Chippewas,Wyoming Cowboys,lowvig,LowVig.ag,2026-09-17T19:35:22Z,totals,2026-09-17T19:35:22Z,Over,-108,38.5,20260917193559929069
NCAAF,americanfootball_ncaaf,26a76b78050ad3953d2d41dbeecd5a07,2026-09-19T17:00:00Z,Central Michigan Chippewas,Wyoming Cowboys,lowvig,LowVig.ag,2026-09-17T19:35:22Z,totals,2026-09-17T19:35:22Z,Under,-108,38.5,20260917193559929069
NCAAF,americanfootball_ncaaf,26a76b78050ad3953d2d41dbeecd5a07,2026-09-19T17:00:00Z,Central Michigan Chippewas,Wyoming Cowboys,betonlineag,BetOnline.ag,2026-09-17T19:35:23Z,spreads,2026-09-17T19:35:23Z,Central Michigan Chippewas,-102,0.0,20260917193559929069
NCAAF,americanfootball_ncaaf,26a76b78050ad3953d2d41dbeecd5a07,2026-09-19T17:00:00Z,Central Michigan Chippewas,Wyoming Cowboys,betonlineag,BetOnline.ag,2026-09-17T19:35:23Z,spreads,2026-09-17T19:35:23Z,Wyoming Cowboys,-118,0.0,20260917193559929069
NCAAF,americanfootball_ncaaf,26a76b78050ad3953d2d41dbeecd5a07,2026-09-19T17:00:00Z,Central Michigan Chippewas,Wyoming Cowboys,betonlineag,BetOnline.ag,2026-09-17T19:35:23Z,totals,2026-09-17T19:35:23Z,Over,-110,38.5,20260917193559929069
NCAAF,americanfootball_ncaaf,26a76b78050ad3953d2d41dbeecd5a07,2026-09-19T17:00:00Z,Central Michigan Chippewas,Wyoming Cowboys,betonlineag,BetOnline.ag,2026-09-17T19:35:23Z,totals,2026-09-17T19:35:23Z,Under,-110,38.5,20260917193559929069
NCAAF,americanfootball_ncaaf,26a76b78050ad3953d2d41dbeecd5a07,2026-09-19T17:00:00Z,Central Michigan Chippewas,Wyoming Cowboys,betrivers,BetRivers,2026-09-17T19:34:38Z,h2h,2026-09-17T19:34:38Z,Central Michigan Chippewas,-107,,20260917193559929069
NCAAF,americanfootball_ncaaf,26a76b78050ad3953d2d41dbeecd5a07,2026-09-19T17:00:00Z,Central Michigan Chippewas,Wyoming Cowboys,betrivers,BetRivers,2026-09-17T19:34:38Z,h2h,2026-09-17T19:34:38Z,Wyoming Cowboys,-117,,20260917193559929069
NCAAF,americanfootball_ncaaf,26a76b78050ad3953d2d41dbeecd5a07,2026-09-19T17:00:00Z,Central Michigan Chippewas,Wyoming Cowboys,betrivers,BetRivers,2026-09-17T19:34:38Z,spreads,2026-09-17T19:34:38Z,Central Michigan Chippewas,-112,1.0,20260917193559929069
NCAAF,americanfootball_ncaaf,26a76b78050ad3953d2d41dbeecd5a07,2026-09-19T17:00:00Z,Central Michigan Chippewas,Wyoming Cowboys,betrivers,BetRivers,2026-09-17T19:34:38Z,spreads,2026-09-17T19:34:38Z,Wyoming Cowboys,-112,-1.0,20260917193559929069
NCAAF,americanfootball_ncaaf,26a76b78050ad3953d2d41dbeecd5a07,2026-09-19T17:00:00Z,Central Michigan Chippewas,Wyoming Cowboys,betrivers,BetRivers,2026-09-17T19:34:38Z,totals,2026-09-17T19:34:38Z,Over,-115,38.5,20260917193559929069
NCAAF,americanfootball_ncaaf,26a76b78050ad3953d2d41dbeecd5a07,2026-09-19T17:00:00Z,Central Michigan Chippewas,Wyoming Cowboys,betrivers,BetRivers,2026-09-17T19:34:38Z,totals,2026-09-17T19:34:38Z,Under,-110,38.5,20260917193559929069
NCAAF,americanfootball_ncaaf,26a76b78050ad3953d2d41dbeecd5a07,2026-09-19T17:00:00Z,Central Michigan Chippewas,Wyoming Cowboys,betmgm,BetMGM,2026-09-17T19:35:24Z,h2h,2026-09-17T19:35:24Z,Central Michigan Chippewas,-102,,20260917193559929069
NCAAF,americanfootball_ncaaf,26a76b78050ad3953d2d41dbeecd5a07,2026-09-19T17:00:00Z,Central Michigan Chippewas,Wyoming Cowboys,betmgm,BetMGM,2026-09-17T19:35:24Z,h2h,2026-09-17T19:35:24Z,Wyoming Cowboys,-118,,20260917193559929069
NCAAF,americanfootball_ncaaf,26a76b78050ad3953d2d41dbeecd5a07,2026-09-19T17:00:00Z,Central Michigan Chippewas,Wyoming Cowboys,betmgm,BetMGM,2026-09-17T19:35:24Z,spreads,2026-09-17T19:35:24Z,Central Michigan Chippewas,-108,1.5,20260917193559929069
NCAAF,americanfootball_ncaaf,26a76b78050ad3953d2d41dbeecd5a07,2026-09-19T17:00:00Z,Central Michigan Chippewas,Wyoming Cowboys,betmgm,BetMGM,2026-09-17T19:35:24Z,spreads,2026-09-17T19:35:24Z,Wyoming Cowboys,-110,-1.5,20260917193559929069
NCAAF,americanfootball_ncaaf,26a76b78050ad3953d2d41dbeecd5a07,2026-09-19T17:00:00Z,Central Michigan Chippewas,Wyoming Cowboys,betmgm,BetMGM,2026-09-17T19:35:24Z,totals,2026-09-17T19:35:24Z,Over,-108,38.5,20260917193559929069
NCAAF,americanfootball_ncaaf,26a76b78050ad3953d2d41dbeecd5a07,2026-09-19T17:00:00Z,Central Michigan Chippewas,Wyoming Cowboys,betmgm,BetMGM,2026-09-17T19:35:24Z,totals,2026-09-17T19:35:24Z,Under,-110,38.5,20260917193559929069
NCAAF,americanfootball_ncaaf,26a76b78050ad3953d2d41dbeecd5a07,2026-09-19T17:00:00Z,Central Michigan Chippewas,Wyoming Cowboys,betus,BetUS,2026-09-17T19:35:44Z,spreads,2026-09-17T19:35:44Z,Central Michigan Chippewas,-110,1.0,20260917193559929069
NCAAF,americanfootball_ncaaf,26a76b78050ad3953d2d41dbeecd5a07,2026-09-19T17:00:00Z,Central Michigan Chippewas,Wyoming Cowboys,betus,BetUS,2026-09-17T19:35:44Z,spreads,2026-09-17T19:35:44Z,Wyoming Cowboys,-110,-1.0,20260917193559929069
NCAAF,americanfootball_ncaaf,26a76b78050ad3953d2d41dbeecd5a07,2026-09-19T17:00:00Z,Central Michigan Chippewas,Wyoming Cowboys,betus,BetUS,2026-09-17T19:35:44Z,totals,2026-09-17T19:35:44Z,Over,-110,38.5,20260917193559929069
NCAAF,americanfootball_ncaaf,26a76b78050ad3953d2d41dbeecd5a07,2026-09-19T17:00:00Z,Central Michigan Chippewas,Wyoming Cowboys,betus,BetUS,2026-09-17T19:35:44Z,totals,2026-09-17T19:35:44Z,Under,-110,38.5,20260917193559929069
NCAAF,americanfootball_ncaaf,26a76b78050ad3953d2d41dbeecd5a07,2026-09-19T17:00:00Z,Central Michigan Chippewas,Wyoming Cowboys,bovada,Bovada,2026-09-17T19:35:03Z,h2h,2026-09-17T19:35:03Z,Central Michigan Chippewas,-105,,20260917193559929069
NCAAF,americanfootball_ncaaf,26a76b78050ad3953d2d41dbeecd5a07,2026-09-19T17:00:00Z,Central Michigan Chippewas,Wyoming Cowboys,bovada,Bovada,2026-09-17T19:35:03Z,h2h,2026-09-17T19:35:03Z,Wyoming Cowboys,-115,,20260917193559929069
NCAAF,americanfootball_ncaaf,26a76b78050ad3953d2d41dbeecd5a07,2026-09-19T17:00:00Z,Central Michigan Chippewas,Wyoming Cowboys,bovada,Bovada,2026-09-17T19:35:03Z,spreads,2026-09-17T19:35:03Z,Central Michigan Chippewas,-110,1.0,20260917193559929069
NCAAF,americanfootball_ncaaf,26a76b78050ad3953d2d41dbeecd5a07,2026-09-19T17:00:00Z,Central Michigan Chippewas,Wyoming Cowboys,bovada,Bovada,2026-09-17T19:35:03Z,spreads,2026-09-17T19:35:03Z,Wyoming Cowboys,-110,-1.0,20260917193559929069
NCAAF,americanfootball_ncaaf,26a76b78050ad3953d2d41dbeecd5a07,2026-09-19T17:00:00Z,Central Michigan Chippewas,Wyoming Cowboys,bovada,Bovada,2026-09-17T19:35:03Z,totals,2026-09-17T19:35:03Z,Over,-110,39.0,20260917193559929069
NCAAF,americanfootball_ncaaf,26a76b78050ad3953d2d41dbeecd5a07,2026-09-19T17:00:00Z,Central Michigan Chippewas,Wyoming Cowboys,bovada,Bovada,2026-09-17T19:35:03Z,totals,2026-09-17T19:35:03Z,Under,-110,39.0,20260917193559929069
NCAAF,americanfootball_ncaaf,08a2eb7afbd58ee7a8fb47bb4142eded,2026-09-19T18:00:00Z,Boston College Eagles,Maine Black Bears,fanduel,FanDuel,2026-09-17T19:35:46Z,spreads,2026-09-17T19:35:46Z,Boston College Eagles,-114,-37.5,20260917193559929069
NCAAF,americanfootball_ncaaf,08a2eb7afbd58ee7a8fb47bb4142eded,2026-09-19T18:00:00Z,Boston College Eagles,Maine Black Bears,fanduel,FanDuel,2026-09-17T19:35:46Z,spreads,2026-09-17T19:35:46Z,Maine Black Bears,-106,37.5,20260917193559929069
NCAAF,americanfootball_ncaaf,08a2eb7afbd58ee7a8fb47bb4142eded,2026-09-19T18:00:00Z,Boston College Eagles,Maine Black Bears,fanduel,FanDuel,2026-09-17T19:35:46Z,totals,2026-09-17T19:35:46Z,Over,-114,53.5,20260917193559929069
NCAAF,americanfootball_ncaaf,08a2eb7afbd58ee7a8fb47bb4142eded,2026-09-19T18:00:00Z,Boston College Eagles,Maine Black Bears,fanduel,FanDuel,2026-09-17T19:35:46Z,totals,2026-09-17T19:35:46Z,Under,-106,53.5,20260917193559929069
NCAAF,americanfootball_ncaaf,08a2eb7afbd58ee7a8fb47bb4142eded,2026-09-19T18:00:00Z,Boston College Eagles,Maine Black Bears,betrivers,BetRivers,2026-09-17T19:34:38Z,spreads,2026-09-17T19:34:38Z,Boston College Eagles,-115,-37.5,20260917193559929069
NCAAF,americanfootball_ncaaf,08a2eb7afbd58ee7a8fb47bb4142eded,2026-09-19T18:00:00Z,Boston College Eagles,Maine Black Bears,betrivers,BetRivers,2026-09-17T19:34:38Z,spreads,2026-09-17T19:34:38Z,Maine Black Bears,-108,37.5,20260917193559929069
NCAAF,americanfootball_ncaaf,08a2eb7afbd58ee7a8fb47bb4142eded,2026-09-19T18:00:00Z,Boston College Eagles,Maine Black Bears,betrivers,BetRivers,2026-09-17T19:34:38Z,totals,2026-09-17T19:34:38Z,Over,-109,52.5,20260917193559929069
NCAAF,americanfootball_ncaaf,08a2eb7afbd58ee7a8fb47bb4142eded,2026-09-19T18:00:00Z,Boston College Eagles,Maine Black Bears,betrivers,BetRivers,2026-09-17T19:34:38Z,totals,2026-09-17T19:34:38Z,Under,-117,52.5,20260917193559929069
NCAAF,americanfootball_ncaaf,08a2eb7afbd58ee7a8fb47bb4142eded,2026-09-19T18:00:00Z,Boston College Eagles,Maine Black Bears,draftkings,DraftKings,2026-09-17T19:34:58Z,spreads,2026-09-17T19:34:58Z,Boston College Eagles,-110,-38.5,20260917193559929069
NCAAF,americanfootball_ncaaf,08a2eb7afbd58ee7a8fb47bb4142eded,2026-09-19T18:00:00Z,Boston College Eagles,Maine Black Bears,draftkings,DraftKings,2026-09-17T19:34:58Z,spreads,2026-09-17T19:34:58Z,Maine Black Bears,-110,38.5,20260917193559929069
NCAAF,americanfootball_ncaaf,08a2eb7afbd58ee7a8fb47bb4142eded,2026-09-19T18:00:00Z,Boston College Eagles,Maine Black Bears,draftkings,DraftKings,2026-09-17T19:34:58Z,totals,2026-09-17T19:34:58Z,Over,-112,53.5,20260917193559929069
NCAAF,americanfootball_ncaaf,08a2eb7afbd58ee7a8fb47bb4142eded,2026-09-19T18:00:00Z,Boston College Eagles,Maine Black Bears,draftkings,DraftKings,2026-09-17T19:34:58Z,totals,2026-09-17T19:34:58Z,Under,-108,53.5,20260917193559929069
NCAAF,americanfootball_ncaaf,08a2eb7afbd58ee7a8fb47bb4142eded,2026-09-19T18:00:00Z,Boston College Eagles,Maine Black Bears,betonlineag,BetOnline.ag,2026-09-17T19:35:23Z,spreads,2026-09-17T19:35:23Z,Boston College Eagles,-115,-38.5,20260917193559929069
NCAAF,americanfootball_ncaaf,08a2eb7afbd58ee7a8fb47bb4142eded,2026-09-19T18:00:00Z,Boston College Eagles,Maine Black Bears,betonlineag,BetOnline.ag,2026-09-17T19:35:23Z,spreads,2026-09-17T19:35:23Z,Maine Black Bears,-115,38.5,20260917193559929069
NCAAF,americanfootball_ncaaf,08a2eb7afbd58ee7a8fb47bb4142eded,2026-09-19T18:00:00Z,Boston College Eagles,Maine Black Bears,betonlineag,BetOnline.ag,2026-09-17T19:35:23Z,totals,2026-09-17T19:35:23Z,Over,-120,55.0,20260917193559929069
NCAAF,americanfootball_ncaaf,08a2eb7afbd58ee7a8fb47bb4142eded,2026-09-19T18:00:00Z,Boston College Eagles,Maine Black Bears,betonlineag,BetOnline.ag,2026-09-17T19:35:23Z,totals,2026-09-17T19:35:23Z,Under,-110,55.0,20260917193559929069
NCAAF,americanfootball_ncaaf,08a2eb7afbd58ee7a8fb47bb4142eded,2026-09-19T18:00:00Z,Boston College Eagles,Maine Black Bears,lowvig,LowVig.ag,2026-09-17T19:35:22Z,spreads,2026-09-17T19:35:22Z,Boston College Eagles,-115,-38.5,20260917193559929069
NCAAF,americanfootball_ncaaf,08a2eb7afbd58ee7a8fb47bb4142eded,2026-09-19T18:00:00Z,Boston College Eagles,Maine Black Bears,lowvig,LowVig.ag,2026-09-17T19:35:22Z,spreads,2026-09-17T19:35:22Z,Maine Black Bears,-115,38.5,20260917193559929069
NCAAF,americanfootball_ncaaf,08a2eb7afbd58ee7a8fb47bb4142eded,2026-09-19T18:00:00Z,Boston College Eagles,Maine Black Bears,lowvig,LowVig.ag,2026-09-17T19:35:22Z,totals,2026-09-17T19:35:22Z,Over,-120,55.0,20260917193559929069
NCAAF,americanfootball_ncaaf,08a2eb7afbd58ee7a8fb47bb4142eded,2026-09-19T18:00:00Z,Boston College Eagles,Maine Black Bears,lowvig,LowVig.ag,2026-09-17T19:35:22Z,totals,2026-09-17T19:35:22Z,Under,-110,55.0,20260917193559929069
NCAAF,americanfootball_ncaaf,578e82a8bc67101e9eba884729ffcc69,2026-09-19T18:00:00Z,Illinois Fighting Illini,Southern Illinois Salukis,fanduel,FanDuel,2026-09-17T19:35:46Z,spreads,2026-09-17T19:35:46Z,Illinois Fighting Illini,-110,-39.5,20260917193559929069
NCAAF,americanfootball_ncaaf,578e82a8bc67101e9eba884729ffcc69,2026-09-19T18:00:00Z,Illinois Fighting Illini,Southern Illinois Salukis,fanduel,FanDuel,2026-09-17T19:35:46Z,spreads,2026-09-17T19:35:46Z,Southern Illinois Salukis,-110,39.5,20260917193559929069
NCAAF,americanfootball_ncaaf,578e82a8bc67101e9eba884729ffcc69,2026-09-19T18:00:00Z,Illinois Fighting Illini,Southern Illinois Salukis,fanduel,FanDuel,2026-09-17T19:35:46Z,totals,2026-09-17T19:35:46Z,Over,-115,54.5,20260917193559929069
NCAAF,americanfootball_ncaaf,578e82a8bc67101e9eba884729ffcc69,2026-09-19T18:00:00Z,Illinois Fighting Illini,Southern Illinois Salukis,fanduel,FanDuel,2026-09-17T19:35:46Z,totals,2026-09-17T19:35:46Z,Under,-105,54.5,20260917193559929069
NCAAF,americanfootball_ncaaf,578e82a8bc67101e9eba884729ffcc69,2026-09-19T18:00:00Z,Illinois Fighting Illini,Southern Illinois Salukis,betrivers,BetRivers,2026-09-17T19:34:38Z,spreads,2026-09-17T19:34:38Z,Illinois Fighting Illini,-114,-39.0,20260917193559929069
NCAAF,americanfootball_ncaaf,578e82a8bc67101e9eba884729ffcc69,2026-09-19T18:00:00Z,Illinois Fighting Illini,Southern Illinois Salukis,betrivers,BetRivers,2026-09-17T19:34:38Z,spreads,2026-09-17T19:34:38Z,Southern Illinois Salukis,-109,39.0,20260917193559929069
NCAAF,americanfootball_ncaaf,578e82a8bc67101e9eba884729ffcc69,2026-09-19T18:00:00Z,Illinois Fighting Illini,Southern Illinois Salukis,betrivers,BetRivers,2026-09-17T19:34:38Z,totals,2026-09-17T19:34:38Z,Over,-108,54.5,20260917193559929069
NCAAF,americanfootball_ncaaf,578e82a8bc67101e9eba884729ffcc69,2026-09-19T18:00:00Z,Illinois Fighting Illini,Southern Illinois Salukis,betrivers,BetRivers,2026-09-17T19:34:38Z,totals,2026-09-17T19:34:38Z,Under,-118,54.5,20260917193559929069
NCAAF,americanfootball_ncaaf,578e82a8bc67101e9eba884729ffcc69,2026-09-19T18:00:00Z,Illinois Fighting Illini,Southern Illinois Salukis,draftkings,DraftKings,2026-09-17T19:34:58Z,spreads,2026-09-17T19:34:58Z,Illinois Fighting Illini,-110,-38.5,20260917193559929069
NCAAF,americanfootball_ncaaf,578e82a8bc67101e9eba884729ffcc69,2026-09-19T18:00:00Z,Illinois Fighting Illini,Southern Illinois Salukis,draftkings,DraftKings,2026-09-17T19:34:58Z,spreads,2026-09-17T19:34:58Z,Southern Illinois Salukis,-110,38.5,20260917193559929069
NCAAF,americanfootball_ncaaf,578e82a8bc67101e9eba884729ffcc69,2026-09-19T18:00:00Z,Illinois Fighting Illini,Southern Illinois Salukis,draftkings,DraftKings,2026-09-17T19:34:58Z,totals,2026-09-17T19:34:58Z,Over,-108,54.5,20260917193559929069
NCAAF,americanfootball_ncaaf,578e82a8bc67101e9eba884729ffcc69,2026-09-19T18:00:00Z,Illinois Fighting Illini,Southern Illinois Salukis,draftkings,DraftKings,2026-09-17T19:34:58Z,totals,2026-09-17T19:34:58Z,Under,-112,54.5,20260917193559929069
NCAAF,americanfootball_ncaaf,578e82a8bc67101e9eba884729ffcc69,2026-09-19T18:00:00Z,Illinois Fighting Illini,Southern Illinois Salukis,lowvig,LowVig.ag,2026-09-17T19:35:22Z,spreads,2026-09-17T19:35:22Z,Illinois Fighting Illini,-115,-38.5,20260917193559929069
NCAAF,americanfootball_ncaaf,578e82a8bc67101e9eba884729ffcc69,2026-09-19T18:00:00Z,Illinois Fighting Illini,Southern Illinois Salukis,lowvig,LowVig.ag,2026-09-17T19:35:22Z,spreads,2026-09-17T19:35:22Z,Southern Illinois Salukis,-115,38.5,20260917193559929069
NCAAF,americanfootball_ncaaf,578e82a8bc67101e9eba884729ffcc69,2026-09-19T18:00:00Z,Illinois Fighting Illini,Southern Illinois Salukis,lowvig,LowVig.ag,2026-09-17T19:35:22Z,totals,2026-09-17T19:35:22Z,Over,-125,55.0,20260917193559929069
NCAAF,americanfootball_ncaaf,578e82a8bc67101e9eba884729ffcc69,2026-09-19T18:00:00Z,Illinois Fighting Illini,Southern Illinois Salukis,lowvig,LowVig.ag,2026-09-17T19:35:22Z,totals,2026-09-17T19:35:22Z,Under,-105,55.0,20260917193559929069
NCAAF,americanfootball_ncaaf,578e82a8bc67101e9eba884729ffcc69,2026-09-19T18:00:00Z,Illinois Fighting Illini,Southern Illinois Salukis,betonlineag,BetOnline.ag,2026-09-17T19:35:23Z,spreads,2026-09-17T19:35:23Z,Illinois Fighting Illini,-115,-38.5,20260917193559929069
NCAAF,americanfootball_ncaaf,578e82a8bc67101e9eba884729ffcc69,2026-09-19T18:00:00Z,Illinois Fighting Illini,Southern Illinois Salukis,betonlineag,BetOnline.ag,2026-09-17T19:35:23Z,spreads,2026-09-17T19:35:23Z,Southern Illinois Salukis,-115,38.5,20260917193559929069
NCAAF,americanfootball_ncaaf,578e82a8bc67101e9eba884729ffcc69,2026-09-19T18:00:00Z,Illinois Fighting Illini,Southern Illinois Salukis,betonlineag,BetOnline.ag,2026-09-17T19:35:23Z,totals,2026-09-17T19:35:23Z,Over,-125,55.0,20260917193559929069
NCAAF,americanfootball_ncaaf,578e82a8bc67101e9eba884729ffcc69,2026-09-19T18:00:00Z,Illinois Fighting Illini,Southern Illinois Salukis,betonlineag,BetOnline.ag,2026-09-17T19:35:23Z,totals,2026-09-17T19:35:23Z,Under,-105,55.0,20260917193559929069
NCAAF,americanfootball_ncaaf,ea8b0414ff464255eef426fd61427030,2026-09-19T19:00:00Z,Toledo Rockets,Temple Owls,fanduel,FanDuel,2026-09-17T19:35:46Z,h2h,2026-09-17T19:35:46Z,Temple Owls,184,,20260917193559929069
NCAAF,americanfootball_ncaaf,ea8b0414ff464255eef426fd61427030,2026-09-19T19:00:00Z,Toledo Rockets,Temple Owls,fanduel,FanDuel,2026-09-17T19:35:46Z,h2h,2026-09-17T19:35:46Z,Toledo Rockets,-225,,20260917193559929069
NCAAF,americanfootball_ncaaf,ea8b0414ff464255eef426fd61427030,2026-09-19T19:00:00Z,Toledo Rockets,Temple Owls,fanduel,FanDuel,2026-09-17T19:35:46Z,spreads,2026-09-17T19:35:46Z,Temple Owls,-105,5.5,20260917193559929069
NCAAF,americanfootball_ncaaf,ea8b0414ff464255eef426fd61427030,2026-09-19T19:00:00Z,Toledo Rockets,Temple Owls,fanduel,FanDuel,2026-09-17T19:35:46Z,spreads,2026-09-17T19:35:46Z,Toledo Rockets,-115,-5.5,20260917193559929069
NCAAF,americanfootball_ncaaf,ea8b0414ff464255eef426fd61427030,2026-09-19T19:00:00Z,Toledo Rockets,Temple Owls,fanduel,FanDuel,2026-09-17T19:35:46Z,totals,2026-09-17T19:35:46Z,Over,-110,50.5,20260917193559929069
NCAAF,americanfootball_ncaaf,ea8b0414ff464255eef426fd61427030,2026-09-19T19:00:00Z,Toledo Rockets,Temple Owls,fanduel,FanDuel,2026-09-17T19:35:46Z,totals,2026-09-17T19:35:46Z,Under,-110,50.5,20260917193559929069
NCAAF,americanfootball_ncaaf,ea8b0414ff464255eef426fd61427030,2026-09-19T19:00:00Z,Toledo Rockets,Temple Owls,betonlineag,BetOnline.ag,2026-09-17T19:35:23Z,h2h,2026-09-17T19:35:23Z,Temple Owls,189,,20260917193559929069
NCAAF,americanfootball_ncaaf,ea8b0414ff464255eef426fd61427030,2026-09-19T19:00:00Z,Toledo Rockets,Temple Owls,betonlineag,BetOnline.ag,2026-09-17T19:35:23Z,h2h,2026-09-17T19:35:23Z,Toledo Rockets,-225,,20260917193559929069
NCAAF,americanfootball_ncaaf,ea8b0414ff464255eef426fd61427030,2026-09-19T19:00:00Z,Toledo Rockets,Temple Owls,betonlineag,BetOnline.ag,2026-09-17T19:35:23Z,spreads,2026-09-17T19:35:23Z,Temple Owls,-115,6.0,20260917193559929069
NCAAF,americanfootball_ncaaf,ea8b0414ff464255eef426fd61427030,2026-09-19T19:00:00Z,Toledo Rockets,Temple Owls,betonlineag,BetOnline.ag,2026-09-17T19:35:23Z,spreads,2026-09-17T19:35:23Z,Toledo Rockets,-105,-6.0,20260917193559929069
NCAAF,americanfootball_ncaaf,ea8b0414ff464255eef426fd61427030,2026-09-19T19:00:00Z,Toledo Rockets,Temple Owls,betonlineag,BetOnline.ag,2026-09-17T19:35:23Z,totals,2026-09-17T19:35:23Z,Over,-110,50.5,20260917193559929069
NCAAF,americanfootball_ncaaf,ea8b0414ff464255eef426fd61427030,2026-09-19T19:00:00Z,Toledo Rockets,Temple Owls,betonlineag,BetOnline.ag,2026-09-17T19:35:23Z,totals,2026-09-17T19:35:23Z,Under,-110,50.5,20260917193559929069
NCAAF,americanfootball_ncaaf,ea8b0414ff464255eef426fd61427030,2026-09-19T19:00:00Z,Toledo Rockets,Temple Owls,draftkings,DraftKings,2026-09-17T19:34:58Z,h2h,2026-09-17T19:34:58Z,Temple Owls,190,,20260917193559929069
NCAAF,americanfootball_ncaaf,ea8b0414ff464255eef426fd61427030,2026-09-19T19:00:00Z,Toledo Rockets,Temple Owls,draftkings,DraftKings,2026-09-17T19:34:58Z,h2h,2026-09-17T19:34:58Z,Toledo Rockets,-230,,20260917193559929069
NCAAF,americanfootball_ncaaf,ea8b0414ff464255eef426fd61427030,2026-09-19T19:00:00Z,Toledo Rockets,Temple Owls,draftkings,DraftKings,2026-09-17T19:34:58Z,spreads,2026-09-17T19:34:58Z,Temple Owls,-112,6.0,20260917193559929069
NCAAF,americanfootball_ncaaf,ea8b0414ff464255eef426fd61427030,2026-09-19T19:00:00Z,Toledo Rockets,Temple Owls,draftkings,DraftKings,2026-09-17T19:34:58Z,spreads,2026-09-17T19:34:58Z,Toledo Rockets,-108,-6.0,20260917193559929069
NCAAF,americanfootball_ncaaf,ea8b0414ff464255eef426fd61427030,2026-09-19T19:00:00Z,Toledo Rockets,Temple Owls,draftkings,DraftKings,2026-09-17T19:34:58Z,totals,2026-09-17T19:34:58Z,Over,-112,50.5,20260917193559929069
NCAAF,americanfootball_ncaaf,ea8b0414ff464255eef426fd61427030,2026-09-19T19:00:00Z,Toledo Rockets,Temple Owls,draftkings,DraftKings,2026-09-17T19:34:58Z,totals,2026-09-17T19:34:58Z,Under,-108,50.5,20260917193559929069
NCAAF,americanfootball_ncaaf,ea8b0414ff464255eef426fd61427030,2026-09-19T19:00:00Z,Toledo Rockets,Temple Owls,lowvig,LowVig.ag,2026-09-17T19:35:22Z,h2h,2026-09-17T19:35:22Z,Temple Owls,189,,20260917193559929069
NCAAF,americanfootball_ncaaf,ea8b0414ff464255eef426fd61427030,2026-09-19T19:00:00Z,Toledo Rockets,Temple Owls,lowvig,LowVig.ag,2026-09-17T19:35:22Z,h2h,2026-09-17T19:35:22Z,Toledo Rockets,-225,,20260917193559929069
NCAAF,americanfootball_ncaaf,ea8b0414ff464255eef426fd61427030,2026-09-19T19:00:00Z,Toledo Rockets,Temple Owls,lowvig,LowVig.ag,2026-09-17T19:35:22Z,spreads,2026-09-17T19:35:22Z,Temple Owls,-111,6.0,20260917193559929069
NCAAF,americanfootball_ncaaf,ea8b0414ff464255eef426fd61427030,2026-09-19T19:00:00Z,Toledo Rockets,Temple Owls,lowvig,LowVig.ag,2026-09-17T19:35:22Z,spreads,2026-09-17T19:35:22Z,Toledo Rockets,-101,-6.0,20260917193559929069
NCAAF,americanfootball_ncaaf,ea8b0414ff464255eef426fd61427030,2026-09-19T19:00:00Z,Toledo Rockets,Temple Owls,lowvig,LowVig.ag,2026-09-17T19:35:22Z,totals,2026-09-17T19:35:22Z,Over,-108,50.5,20260917193559929069
NCAAF,americanfootball_ncaaf,ea8b0414ff464255eef426fd61427030,2026-09-19T19:00:00Z,Toledo Rockets,Temple Owls,lowvig,LowVig.ag,2026-09-17T19:35:22Z,totals,2026-09-17T19:35:22Z,Under,-108,50.5,20260917193559929069
NCAAF,americanfootball_ncaaf,ea8b0414ff464255eef426fd61427030,2026-09-19T19:00:00Z,Toledo Rockets,Temple Owls,betrivers,BetRivers,2026-09-17T19:34:38Z,h2h,2026-09-17T19:34:38Z,Temple Owls,188,,20260917193559929069
NCAAF,americanfootball_ncaaf,ea8b0414ff464255eef426fd61427030,2026-09-19T19:00:00Z,Toledo Rockets,Temple Owls,betrivers,BetRivers,2026-09-17T19:34:38Z,h2h,2026-09-17T19:34:38Z,Toledo Rockets,-240,,20260917193559929069
NCAAF,americanfootball_ncaaf,ea8b0414ff464255eef426fd61427030,2026-09-19T19:00:00Z,Toledo Rockets,Temple Owls,betrivers,BetRivers,2026-09-17T19:34:38Z,spreads,2026-09-17T19:34:38Z,Temple Owls,-112,6.0,20260917193559929069
NCAAF,americanfootball_ncaaf,ea8b0414ff464255eef426fd61427030,2026-09-19T19:00:00Z,Toledo Rockets,Temple Owls,betrivers,BetRivers,2026-09-17T19:34:38Z,spreads,2026-09-17T19:34:38Z,Toledo Rockets,-112,-6.0,20260917193559929069
NCAAF,americanfootball_ncaaf,ea8b0414ff464255eef426fd61427030,2026-09-19T19:00:00Z,Toledo Rockets,Temple Owls,betrivers,BetRivers,2026-09-17T19:34:38Z,totals,2026-09-17T19:34:38Z,Over,-114,50.5,20260917193559929069
NCAAF,americanfootball_ncaaf,ea8b0414ff464255eef426fd61427030,2026-09-19T19:00:00Z,Toledo Rockets,Temple Owls,betrivers,BetRivers,2026-09-17T19:34:38Z,totals,2026-09-17T19:34:38Z,Under,-112,50.5,20260917193559929069
NCAAF,americanfootball_ncaaf,ea8b0414ff464255eef426fd61427030,2026-09-19T19:00:00Z,Toledo Rockets,Temple Owls,betmgm,BetMGM,2026-09-17T19:35:24Z,h2h,2026-09-17T19:35:24Z,Temple Owls,185,,20260917193559929069
NCAAF,americanfootball_ncaaf,ea8b0414ff464255eef426fd61427030,2026-09-19T19:00:00Z,Toledo Rockets,Temple Owls,betmgm,BetMGM,2026-09-17T19:35:24Z,h2h,2026-09-17T19:35:24Z,Toledo Rockets,-225,,20260917193559929069
NCAAF,americanfootball_ncaaf,ea8b0414ff464255eef426fd61427030,2026-09-19T19:00:00Z,Toledo Rockets,Temple Owls,betmgm,BetMGM,2026-09-17T19:35:24Z,spreads,2026-09-17T19:35:24Z,Temple Owls,-110,6.0,20260917193559929069
NCAAF,americanfootball_ncaaf,ea8b0414ff464255eef426fd61427030,2026-09-19T19:00:00Z,Toledo Rockets,Temple Owls,betmgm,BetMGM,2026-09-17T19:35:24Z,spreads,2026-09-17T19:35:24Z,Toledo Rockets,-108,-6.0,20260917193559929069
NCAAF,americanfootball_ncaaf,ea8b0414ff464255eef426fd61427030,2026-09-19T19:00:00Z,Toledo Rockets,Temple Owls,betmgm,BetMGM,2026-09-17T19:35:24Z,totals,2026-09-17T19:35:24Z,Over,-110,50.5,20260917193559929069
NCAAF,americanfootball_ncaaf,ea8b0414ff464255eef426fd61427030,2026-09-19T19:00:00Z,Toledo Rockets,Temple Owls,betmgm,BetMGM,2026-09-17T19:35:24Z,totals,2026-09-17T19:35:24Z,Under,-110,50.5,20260917193559929069
NCAAF,americanfootball_ncaaf,ea8b0414ff464255eef426fd61427030,2026-09-19T19:00:00Z,Toledo Rockets,Temple Owls,betus,BetUS,2026-09-17T19:35:44Z,h2h,2026-09-17T19:35:44Z,Temple Owls,190,,20260917193559929069
NCAAF,americanfootball_ncaaf,ea8b0414ff464255eef426fd61427030,2026-09-19T19:00:00Z,Toledo Rockets,Temple Owls,betus,BetUS,2026-09-17T19:35:44Z,h2h,2026-09-17T19:35:44Z,Toledo Rockets,-225,,20260917193559929069
NCAAF,americanfootball_ncaaf,ea8b0414ff464255eef426fd61427030,2026-09-19T19:00:00Z,Toledo Rockets,Temple Owls,betus,BetUS,2026-09-17T19:35:44Z,spreads,2026-09-17T19:35:44Z,Temple Owls,-105,5.5,20260917193559929069
NCAAF,americanfootball_ncaaf,ea8b0414ff464255eef426fd61427030,2026-09-19T19:00:00Z,Toledo Rockets,Temple Owls,betus,BetUS,2026-09-17T19:35:44Z,spreads,2026-09-17T19:35:44Z,Toledo Rockets,-115,-5.5,20260917193559929069
NCAAF,americanfootball_ncaaf,ea8b0414ff464255eef426fd61427030,2026-09-19T19:00:00Z,Toledo Rockets,Temple Owls,betus,BetUS,2026-09-17T19:35:44Z,totals,2026-09-17T19:35:44Z,Over,-110,50.5,20260917193559929069
NCAAF,americanfootball_ncaaf,ea8b0414ff464255eef426fd61427030,2026-09-19T19:00:00Z,Toledo Rockets,Temple Owls,betus,BetUS,2026-09-17T19:35:44Z,totals,2026-09-17T19:35:44Z,Under,-110,50.5,20260917193559929069
NCAAF,americanfootball_ncaaf,ea8b0414ff464255eef426fd61427030,2026-09-19T19:00:00Z,Toledo Rockets,Temple Owls,bovada,Bovada,2026-09-17T19:35:03Z,h2h,2026-09-17T19:35:03Z,Temple Owls,185,,20260917193559929069
NCAAF,americanfootball_ncaaf,ea8b0414ff464255eef426fd61427030,2026-09-19T19:00:00Z,Toledo Rockets,Temple Owls,bovada,Bovada,2026-09-17T19:35:03Z,h2h,2026-09-17T19:35:03Z,Toledo Rockets,-225,,20260917193559929069
NCAAF,americanfootball_ncaaf,ea8b0414ff464255eef426fd61427030,2026-09-19T19:00:00Z,Toledo Rockets,Temple Owls,bovada,Bovada,2026-09-17T19:35:03Z,spreads,2026-09-17T19:35:03Z,Temple Owls,-105,5.5,20260917193559929069
NCAAF,americanfootball_ncaaf,ea8b0414ff464255eef426fd61427030,2026-09-19T19:00:00Z,Toledo Rockets,Temple Owls,bovada,Bovada,2026-09-17T19:35:03Z,spreads,2026-09-17T19:35:03Z,Toledo Rockets,-115,-5.5,20260917193559929069
NCAAF,americanfootball_ncaaf,ea8b0414ff464255eef426fd61427030,2026-09-19T19:00:00Z,Toledo Rockets,Temple Owls,bovada,Bovada,2026-09-17T19:35:03Z,totals,2026-09-17T19:35:03Z,Over,-105,50.5,20260917193559929069
NCAAF,americanfootball_ncaaf,ea8b0414ff464255eef426fd61427030,2026-09-19T19:00:00Z,Toledo Rockets,Temple Owls,bovada,Bovada,2026-09-17T19:35:03Z,totals,2026-09-17T19:35:03Z,Under,-115,50.5,20260917193559929069
NCAAF,americanfootball_ncaaf,a85cea77fbd44d9135461815777f6a9c,2026-09-19T19:30:00Z,Alabama Crimson Tide,Florida State Seminoles,draftkings,DraftKings,2026-09-17T19:34:58Z,h2h,2026-09-17T19:34:58Z,Alabama Crimson Tide,-1350,,20260917193559929069
NCAAF,americanfootball_ncaaf,a85cea77fbd44d9135461815777f6a9c,2026-09-19T19:30:00Z,Alabama Crimson Tide,Florida State Seminoles,draftkings,DraftKings,2026-09-17T19:34:58Z,h2h,2026-09-17T19:34:58Z,Florida State Seminoles,800,,20260917193559929069
NCAAF,americanfootball_ncaaf,a85cea77fbd44d9135461815777f6a9c,2026-09-19T19:30:00Z,Alabama Crimson Tide,Florida State Seminoles,draftkings,DraftKings,2026-09-17T19:34:58Z,spreads,2026-09-17T19:34:58Z,Alabama Crimson Tide,-108,-19.5,20260917193559929069
NCAAF,americanfootball_ncaaf,a85cea77fbd44d9135461815777f6a9c,2026-09-19T19:30:00Z,Alabama Crimson Tide,Florida State Seminoles,draftkings,DraftKings,2026-09-17T19:34:58Z,spreads,2026-09-17T19:34:58Z,Florida State Seminoles,-112,19.5,20260917193559929069
NCAAF,americanfootball_ncaaf,a85cea77fbd44d9135461815777f6a9c,2026-09-19T19:30:00Z,Alabama Crimson Tide,Florida State Seminoles,draftkings,DraftKings,2026-09-17T19:34:58Z,totals,2026-09-17T19:34:58Z,Over,-108,48.5,20260917193559929069
NCAAF,americanfootball_ncaaf,a85cea77fbd44d9135461815777f6a9c,2026-09-19T19:30:00Z,Alabama Crimson Tide,Florida State Seminoles,draftkings,DraftKings,2026-09-17T19:34:58Z,totals,2026-09-17T19:34:58Z,Under,-112,48.5,20260917193559929069
NCAAF,americanfootball_ncaaf,a85cea77fbd44d9135461815777f6a9c,2026-09-19T19:30:00Z,Alabama Crimson Tide,Florida State Seminoles,betmgm,BetMGM,2026-09-17T19:35:24Z,h2h,2026-09-17T19:35:24Z,Alabama Crimson Tide,-1200,,20260917193559929069
NCAAF,americanfootball_ncaaf,a85cea77fbd44d9135461815777f6a9c,2026-09-19T19:30:00Z,Alabama Crimson Tide,Florida State Seminoles,betmgm,BetMGM,2026-09-17T19:35:24Z,h2h,2026-09-17T19:35:24Z,Florida State Seminoles,825,,20260917193559929069
NCAAF,americanfootball_ncaaf,a85cea77fbd44d9135461815777f6a9c,2026-09-19T19:30:00Z,Alabama Crimson Tide,Florida State Seminoles,betmgm,BetMGM,2026-09-17T19:35:24Z,spreads,2026-09-17T19:35:24Z,Alabama Crimson Tide,-110,-19.0,20260917193559929069
NCAAF,americanfootball_ncaaf,a85cea77fbd44d9135461815777f6a9c,2026-09-19T19:30:00Z,Alabama Crimson Tide,Florida State Seminoles,betmgm,BetMGM,2026-09-17T19:35:24Z,spreads,2026-09-17T19:35:24Z,Florida State Seminoles,-108,19.0,20260917193559929069
NCAAF,americanfootball_ncaaf,a85cea77fbd44d9135461815777f6a9c,2026-09-19T19:30:00Z,Alabama Crimson Tide,Florida State Seminoles,betmgm,BetMGM,2026-09-17T19:35:24Z,totals,2026-09-17T19:35:24Z,Over,-110,48.5,20260917193559929069
NCAAF,americanfootball_ncaaf,a85cea77fbd44d9135461815777f6a9c,2026-09-19T19:30:00Z,Alabama Crimson Tide,Florida State Seminoles,betmgm,BetMGM,2026-09-17T19:35:24Z,totals,2026-09-17T19:35:24Z,Under,-108,48.5,20260917193559929069
NCAAF,americanfootball_ncaaf,a85cea77fbd44d9135461815777f6a9c,2026-09-19T19:30:00Z,Alabama Crimson Tide,Florida State Seminoles,fanduel,FanDuel,2026-09-17T19:35:46Z,h2h,2026-09-17T19:35:46Z,Alabama Crimson Tide,-1450,,20260917193559929069
NCAAF,americanfootball_ncaaf,a85cea77fbd44d9135461815777f6a9c,2026-09-19T19:30:00Z,Alabama Crimson Tide,Florida State Seminoles,fanduel,FanDuel,2026-09-17T19:35:46Z,h2h,2026-09-17T19:35:46Z,Florida State Seminoles,810,,20260917193559929069
NCAAF,americanfootball_ncaaf,a85cea77fbd44d9135461815777f6a9c,2026-09-19T19:30:00Z,Alabama Crimson Tide,Florida State Seminoles,fanduel,FanDuel,2026-09-17T19:35:46Z,spreads,2026-09-17T19:35:46Z,Alabama Crimson Tide,-110,-18.5,20260917193559929069
NCAAF,americanfootball_ncaaf,a85cea77fbd44d9135461815777f6a9c,2026-09-19T19:30:00Z,Alabama Crimson Tide,Florida State Seminoles,fanduel,FanDuel,2026-09-17T19:35:46Z,spreads,2026-09-17T19:35:46Z,Florida State Seminoles,-110,18.5,20260917193559929069
NCAAF,americanfootball_ncaaf,a85cea77fbd44d9135461815777f6a9c,2026-09-19T19:30:00Z,Alabama Crimson Tide,Florida State Seminoles,fanduel,FanDuel,2026-09-17T19:35:46Z,totals,2026-09-17T19:35:46Z,Over,-114,48.5,20260917193559929069
NCAAF,americanfootball_ncaaf,a85cea77fbd44d9135461815777f6a9c,2026-09-19T19:30:00Z,Alabama Crimson Tide,Florida State Seminoles,fanduel,FanDuel,2026-09-17T19:35:46Z,totals,2026-09-17T19:35:46Z,Under,-106,48.5,20260917193559929069
NCAAF,americanfootball_ncaaf,a85cea77fbd44d9135461815777f6a9c,2026-09-19T19:30:00Z,Alabama Crimson Tide,Florida State Seminoles,betrivers,BetRivers,2026-09-17T19:34:38Z,h2h,2026-09-17T19:34:38Z,Alabama Crimson Tide,-1667,,20260917193559929069
NCAAF,americanfootball_ncaaf,a85cea77fbd44d9135461815777f6a9c,2026-09-19T19:30:00Z,Alabama Crimson Tide,Florida State Seminoles,betrivers,BetRivers,2026-09-17T19:34:38Z,h2h,2026-09-17T19:34:38Z,Florida State Seminoles,850,,20260917193559929069
NCAAF,americanfootball_ncaaf,a85cea77fbd44d9135461815777f6a9c,2026-09-19T19:30:00Z,Alabama Crimson Tide,Florida State Seminoles,betrivers,BetRivers,2026-09-17T19:34:38Z,spreads,2026-09-17T19:34:38Z,Alabama Crimson Tide,-110,-19.0,20260917193559929069
NCAAF,americanfootball_ncaaf,a85cea77fbd44d9135461815777f6a9c,2026-09-19T19:30:00Z,Alabama Crimson Tide,Florida State Seminoles,betrivers,BetRivers,2026-09-17T19:34:38Z,spreads,2026-09-17T19:34:38Z,Florida State Seminoles,-113,19.0,20260917193559929069
NCAAF,americanfootball_ncaaf,a85cea77fbd44d9135461815777f6a9c,2026-09-19T19:30:00Z,Alabama Crimson Tide,Florida State Seminoles,betrivers,BetRivers,2026-09-17T19:34:38Z,totals,2026-09-17T19:34:38Z,Over,-113,48.5,20260917193559929069
NCAAF,americanfootball_ncaaf,a85cea77fbd44d9135461815777f6a9c,2026-09-19T19:30:00Z,Alabama Crimson Tide,Florida State Seminoles,betrivers,BetRivers,2026-09-17T19:34:38Z,totals,2026-09-17T19:34:38Z,Under,-110,48.5,20260917193559929069
NCAAF,americanfootball_ncaaf,a85cea77fbd44d9135461815777f6a9c,2026-09-19T19:30:00Z,Alabama Crimson Tide,Florida State Seminoles,lowvig,LowVig.ag,2026-09-17T19:35:22Z,h2h,2026-09-17T19:35:22Z,Alabama Crimson Tide,-1300,,20260917193559929069
NCAAF,americanfootball_ncaaf,a85cea77fbd44d9135461815777f6a9c,2026-09-19T19:30:00Z,Alabama Crimson Tide,Florida State Seminoles,lowvig,LowVig.ag,2026-09-17T19:35:22Z,h2h,2026-09-17T19:35:22Z,Florida State Seminoles,795,,20260917193559929069
NCAAF,americanfootball_ncaaf,a85cea77fbd44d9135461815777f6a9c,2026-09-19T19:30:00Z,Alabama Crimson Tide,Florida State Seminoles,lowvig,LowVig.ag,2026-09-17T19:35:22Z,spreads,2026-09-17T19:35:22Z,Alabama Crimson Tide,-111,-19.0,20260917193559929069
NCAAF,americanfootball_ncaaf,a85cea77fbd44d9135461815777f6a9c,2026-09-19T19:30:00Z,Alabama Crimson Tide,Florida State Seminoles,lowvig,LowVig.ag,2026-09-17T19:35:22Z,spreads,2026-09-17T19:35:22Z,Florida State Seminoles,-101,19.0,20260917193559929069
NCAAF,americanfootball_ncaaf,a85cea77fbd44d9135461815777f6a9c,2026-09-19T19:30:00Z,Alabama Crimson Tide,Florida State Seminoles,lowvig,LowVig.ag,2026-09-17T19:35:22Z,totals,2026-09-17T19:35:22Z,Over,-103,49.0,20260917193559929069
NCAAF,americanfootball_ncaaf,a85cea77fbd44d9135461815777f6a9c,2026-09-19T19:30:00Z,Alabama Crimson Tide,Florida State Seminoles,lowvig,LowVig.ag,2026-09-17T19:35:22Z,totals,2026-09-17T19:35:22Z,Under,-114,49.0,20260917193559929069
NCAAF,americanfootball_ncaaf,a85cea77fbd44d9135461815777f6a9c,2026-09-19T19:30:00Z,Alabama Crimson Tide,Florida State Seminoles,betonlineag,BetOnline.ag,2026-09-17T19:35:23Z,h2h,2026-09-17T19:35:23Z,Alabama Crimson Tide,-1300,,20260917193559929069
NCAAF,americanfootball_ncaaf,a85cea77fbd44d9135461815777f6a9c,2026-09-19T19:30:00Z,Alabama Crimson Tide,Florida State Seminoles,betonlineag,BetOnline.ag,2026-09-17T19:35:23Z,h2h,2026-09-17T19:35:23Z,Florida State Seminoles,795,,20260917193559929069
NCAAF,americanfootball_ncaaf,a85cea77fbd44d9135461815777f6a9c,2026-09-19T19:30:00Z,Alabama Crimson Tide,Florida State Seminoles,betonlineag,BetOnline.ag,2026-09-17T19:35:23Z,spreads,2026-09-17T19:35:23Z,Alabama Crimson Tide,-115,-19.0,20260917193559929069
NCAAF,americanfootball_ncaaf,a85cea77fbd44d9135461815777f6a9c,2026-09-19T19:30:00Z,Alabama Crimson Tide,Florida State Seminoles,betonlineag,BetOnline.ag,2026-09-17T19:35:23Z,spreads,2026-09-17T19:35:23Z,Florida State Seminoles,-105,19.0,20260917193559929069
NCAAF,americanfootball_ncaaf,a85cea77fbd44d9135461815777f6a9c,2026-09-19T19:30:00Z,Alabama Crimson Tide,Florida State Seminoles,betonlineag,BetOnline.ag,2026-09-17T19:35:23Z,totals,2026-09-17T19:35:23Z,Over,-105,49.0,20260917193559929069
NCAAF,americanfootball_ncaaf,a85cea77fbd44d9135461815777f6a9c,2026-09-19T19:30:00Z,Alabama Crimson Tide,Florida State Seminoles,betonlineag,BetOnline.ag,2026-09-17T19:35:23Z,totals,2026-09-17T19:35:23Z,Under,-115,49.0,20260917193559929069
NCAAF,americanfootball_ncaaf,a85cea77fbd44d9135461815777f6a9c,2026-09-19T19:30:00Z,Alabama Crimson Tide,Florida State Seminoles,betus,BetUS,2026-09-17T19:35:44Z,h2h,2026-09-17T19:35:44Z,Alabama Crimson Tide,-1300,,20260917193559929069
NCAAF,americanfootball_ncaaf,a85cea77fbd44d9135461815777f6a9c,2026-09-19T19:30:00Z,Alabama Crimson Tide,Florida State Seminoles,betus,BetUS,2026-09-17T19:35:44Z,h2h,2026-09-17T19:35:44Z,Florida State Seminoles,780,,20260917193559929069
NCAAF,americanfootball_ncaaf,a85cea77fbd44d9135461815777f6a9c,2026-09-19T19:30:00Z,Alabama Crimson Tide,Florida State Seminoles,betus,BetUS,2026-09-17T19:35:44Z,spreads,2026-09-17T19:35:44Z,Alabama Crimson Tide,-115,-19.0,20260917193559929069
NCAAF,americanfootball_ncaaf,a85cea77fbd44d9135461815777f6a9c,2026-09-19T19:30:00Z,Alabama Crimson Tide,Florida State Seminoles,betus,BetUS,2026-09-17T19:35:44Z,spreads,2026-09-17T19:35:44Z,Florida State Seminoles,-105,19.0,20260917193559929069
NCAAF,americanfootball_ncaaf,a85cea77fbd44d9135461815777f6a9c,2026-09-19T19:30:00Z,Alabama Crimson Tide,Florida State Seminoles,betus,BetUS,2026-09-17T19:35:44Z,totals,2026-09-17T19:35:44Z,Over,-110,49.0,20260917193559929069
NCAAF,americanfootball_ncaaf,a85cea77fbd44d9135461815777f6a9c,2026-09-19T19:30:00Z,Alabama Crimson Tide,Florida State Seminoles,betus,BetUS,2026-09-17T19:35:44Z,totals,2026-09-17T19:35:44Z,Under,-110,49.0,20260917193559929069
NCAAF,americanfootball_ncaaf,a85cea77fbd44d9135461815777f6a9c,2026-09-19T19:30:00Z,Alabama Crimson Tide,Florida State Seminoles,bovada,Bovada,2026-09-17T19:35:03Z,h2h,2026-09-17T19:35:03Z,Alabama Crimson Tide,-1400,,20260917193559929069
NCAAF,americanfootball_ncaaf,a85cea77fbd44d9135461815777f6a9c,2026-09-19T19:30:00Z,Alabama Crimson Tide,Florida State Seminoles,bovada,Bovada,2026-09-17T19:35:03Z,h2h,2026-09-17T19:35:03Z,Florida State Seminoles,750,,20260917193559929069
NCAAF,americanfootball_ncaaf,a85cea77fbd44d9135461815777f6a9c,2026-09-19T19:30:00Z,Alabama Crimson Tide,Florida State Seminoles,bovada,Bovada,2026-09-17T19:35:03Z,spreads,2026-09-17T19:35:03Z,Alabama Crimson Tide,-110,-19.5,20260917193559929069
NCAAF,americanfootball_ncaaf,a85cea77fbd44d9135461815777f6a9c,2026-09-19T19:30:00Z,Alabama Crimson Tide,Florida State Seminoles,bovada,Bovada,2026-09-17T19:35:03Z,spreads,2026-09-17T19:35:03Z,Florida State Seminoles,-110,19.5,20260917193559929069
NCAAF,americanfootball_ncaaf,a85cea77fbd44d9135461815777f6a9c,2026-09-19T19:30:00Z,Alabama Crimson Tide,Florida State Seminoles,bovada,Bovada,2026-09-17T19:35:03Z,totals,2026-09-17T19:35:03Z,Over,-105,49.0,20260917193559929069
NCAAF,americanfootball_ncaaf,a85cea77fbd44d9135461815777f6a9c,2026-09-19T19:30:00Z,Alabama Crimson Tide,Florida State Seminoles,bovada,Bovada,2026-09-17T19:35:03Z,totals,2026-09-17T19:35:03Z,Under,-115,49.0,20260917193559929069
NCAAF,americanfootball_ncaaf,15ebe2df1d91e584d091d509e70a1a71,2026-09-19T19:30:00Z,Cincinnati Bearcats,Miami (OH) RedHawks,fanduel,FanDuel,2026-09-17T19:35:46Z,h2h,2026-09-17T19:35:46Z,Cincinnati Bearcats,-800,,20260917193559929069
NCAAF,americanfootball_ncaaf,15ebe2df1d91e584d091d509e70a1a71,2026-09-19T19:30:00Z,Cincinnati Bearcats,Miami (OH) RedHawks,fanduel,FanDuel,2026-09-17T19:35:46Z,h2h,2026-09-17T19:35:46Z,Miami (OH) RedHawks,540,,20260917193559929069
NCAAF,americanfootball_ncaaf,15ebe2df1d91e584d091d509e70a1a71,2026-09-19T19:30:00Z,Cincinnati Bearcats,Miami (OH) RedHawks,fanduel,FanDuel,2026-09-17T19:35:46Z,spreads,2026-09-17T19:35:46Z,Cincinnati Bearcats,-108,-15.5,20260917193559929069
NCAAF,americanfootball_ncaaf,15ebe2df1d91e584d091d509e70a1a71,2026-09-19T19:30:00Z,Cincinnati Bearcats,Miami (OH) RedHawks,fanduel,FanDuel,2026-09-17T19:35:46Z,spreads,2026-09-17T19:35:46Z,Miami (OH) RedHawks,-112,15.5,20260917193559929069
NCAAF,americanfootball_ncaaf,15ebe2df1d91e584d091d509e70a1a71,2026-09-19T19:30:00Z,Cincinnati Bearcats,Miami (OH) RedHawks,fanduel,FanDuel,2026-09-17T19:35:46Z,totals,2026-09-17T19:35:46Z,Over,-110,49.5,20260917193559929069
NCAAF,americanfootball_ncaaf,15ebe2df1d91e584d091d509e70a1a71,2026-09-19T19:30:00Z,Cincinnati Bearcats,Miami (OH) RedHawks,fanduel,FanDuel,2026-09-17T19:35:46Z,totals,2026-09-17T19:35:46Z,Under,-110,49.5,20260917193559929069
NCAAF,americanfootball_ncaaf,15ebe2df1d91e584d091d509e70a1a71,2026-09-19T19:30:00Z,Cincinnati Bearcats,Miami (OH) RedHawks,draftkings,DraftKings,2026-09-17T19:34:58Z,h2h,2026-09-17T19:34:58Z,Cincinnati Bearcats,-800,,20260917193559929069
NCAAF,americanfootball_ncaaf,15ebe2df1d91e584d091d509e70a1a71,2026-09-19T19:30:00Z,Cincinnati Bearcats,Miami (OH) RedHawks,draftkings,DraftKings,2026-09-17T19:34:58Z,h2h,2026-09-17T19:34:58Z,Miami (OH) RedHawks,550,,20260917193559929069
NCAAF,americanfootball_ncaaf,15ebe2df1d91e584d091d509e70a1a71,2026-09-19T19:30:00Z,Cincinnati Bearcats,Miami (OH) RedHawks,draftkings,DraftKings,2026-09-17T19:34:58Z,spreads,2026-09-17T19:34:58Z,Cincinnati Bearcats,-105,-16.5,20260917193559929069
NCAAF,americanfootball_ncaaf,15ebe2df1d91e584d091d509e70a1a71,2026-09-19T19:30:00Z,Cincinnati Bearcats,Miami (OH) RedHawks,draftkings,DraftKings,2026-09-17T19:34:58Z,spreads,2026-09-17T19:34:58Z,Miami (OH) RedHawks,-115,16.5,20260917193559929069
NCAAF,americanfootball_ncaaf,15ebe2df1d91e584d091d509e70a1a71,2026-09-19T19:30:00Z,Cincinnati Bearcats,Miami (OH) RedHawks,draftkings,DraftKings,2026-09-17T19:34:58Z,totals,2026-09-17T19:34:58Z,Over,-110,49.5,20260917193559929069
NCAAF,americanfootball_ncaaf,15ebe2df1d91e584d091d509e70a1a71,2026-09-19T19:30:00Z,Cincinnati Bearcats,Miami (OH) RedHawks,draftkings,DraftKings,2026-09-17T19:34:58Z,totals,2026-09-17T19:34:58Z,Under,-110,49.5,20260917193559929069
NCAAF,americanfootball_ncaaf,15ebe2df1d91e584d091d509e70a1a71,2026-09-19T19:30:00Z,Cincinnati Bearcats,Miami (OH) RedHawks,lowvig,LowVig.ag,2026-09-17T19:35:22Z,h2h,2026-09-17T19:35:22Z,Cincinnati Bearcats,-750,,20260917193559929069
NCAAF,americanfootball_ncaaf,15ebe2df1d91e584d091d509e70a1a71,2026-09-19T19:30:00Z,Cincinnati Bearcats,Miami (OH) RedHawks,lowvig,LowVig.ag,2026-09-17T19:35:22Z,h2h,2026-09-17T19:35:22Z,Miami (OH) RedHawks,534,,20260917193559929069
NCAAF,americanfootball_ncaaf,15ebe2df1d91e584d091d509e70a1a71,2026-09-19T19:30:00Z,Cincinnati Bearcats,Miami (OH) RedHawks,lowvig,LowVig.ag,2026-09-17T19:35:22Z,spreads,2026-09-17T19:35:22Z,Cincinnati Bearcats,-101,-16.0,20260917193559929069
NCAAF,americanfootball_ncaaf,15ebe2df1d91e584d091d509e70a1a71,2026-09-19T19:30:00Z,Cincinnati Bearcats,Miami (OH) RedHawks,lowvig,LowVig.ag,2026-09-17T19:35:22Z,spreads,2026-09-17T19:35:22Z,Miami (OH) RedHawks,-111,16.0,20260917193559929069
NCAAF,americanfootball_ncaaf,15ebe2df1d91e584d091d509e70a1a71,2026-09-19T19:30:00Z,Cincinnati Bearcats,Miami (OH) RedHawks,lowvig,LowVig.ag,2026-09-17T19:35:22Z,totals,2026-09-17T19:35:22Z,Over,-108,49.5,20260917193559929069
NCAAF,americanfootball_ncaaf,15ebe2df1d91e584d091d509e70a1a71,2026-09-19T19:30:00Z,Cincinnati Bearcats,Miami (OH) RedHawks,lowvig,LowVig.ag,2026-09-17T19:35:22Z,totals,2026-09-17T19:35:22Z,Under,-108,49.5,20260917193559929069
NCAAF,americanfootball_ncaaf,15ebe2df1d91e584d091d509e70a1a71,2026-09-19T19:30:00Z,Cincinnati Bearcats,Miami (OH) RedHawks,betonlineag,BetOnline.ag,2026-09-17T19:35:23Z,h2h,2026-09-17T19:35:23Z,Cincinnati Bearcats,-750,,20260917193559929069
NCAAF,americanfootball_ncaaf,15ebe2df1d91e584d091d509e70a1a71,2026-09-19T19:30:00Z,Cincinnati Bearcats,Miami (OH) RedHawks,betonlineag,BetOnline.ag,2026-09-17T19:35:23Z,h2h,2026-09-17T19:35:23Z,Miami (OH) RedHawks,534,,20260917193559929069
NCAAF,americanfootball_ncaaf,15ebe2df1d91e584d091d509e70a1a71,2026-09-19T19:30:00Z,Cincinnati Bearcats,Miami (OH) RedHawks,betonlineag,BetOnline.ag,2026-09-17T19:35:23Z,spreads,2026-09-17T19:35:23Z,Cincinnati Bearcats,-105,-16.0,20260917193559929069
NCAAF,americanfootball_ncaaf,15ebe2df1d91e584d091d509e70a1a71,2026-09-19T19:30:00Z,Cincinnati Bearcats,Miami (OH) RedHawks,betonlineag,BetOnline.ag,2026-09-17T19:35:23Z,spreads,2026-09-17T19:35:23Z,Miami (OH) RedHawks,-115,16.0,20260917193559929069
NCAAF,americanfootball_ncaaf,15ebe2df1d91e584d091d509e70a1a71,2026-09-19T19:30:00Z,Cincinnati Bearcats,Miami (OH) RedHawks,betonlineag,BetOnline.ag,2026-09-17T19:35:23Z,totals,2026-09-17T19:35:23Z,Over,-110,49.5,20260917193559929069
NCAAF,americanfootball_ncaaf,15ebe2df1d91e584d091d509e70a1a71,2026-09-19T19:30:00Z,Cincinnati Bearcats,Miami (OH) RedHawks,betonlineag,BetOnline.ag,2026-09-17T19:35:23Z,totals,2026-09-17T19:35:23Z,Under,-110,49.5,20260917193559929069
NCAAF,americanfootball_ncaaf,15ebe2df1d91e584d091d509e70a1a71,2026-09-19T19:30:00Z,Cincinnati Bearcats,Miami (OH) RedHawks,betmgm,BetMGM,2026-09-17T19:35:24Z,h2h,2026-09-17T19:35:24Z,Cincinnati Bearcats,-750,,20260917193559929069
NCAAF,americanfootball_ncaaf,15ebe2df1d91e584d091d509e70a1a71,2026-09-19T19:30:00Z,Cincinnati Bearcats,Miami (OH) RedHawks,betmgm,BetMGM,2026-09-17T19:35:24Z,h2h,2026-09-17T19:35:24Z,Miami (OH) RedHawks,550,,20260917193559929069
NCAAF,americanfootball_ncaaf,15ebe2df1d91e584d091d509e70a1a71,2026-09-19T19:30:00Z,Cincinnati Bearcats,Miami (OH) RedHawks,betmgm,BetMGM,2026-09-17T19:35:24Z,spreads,2026-09-17T19:35:24Z,Cincinnati Bearcats,-108,-15.5,20260917193559929069
NCAAF,americanfootball_ncaaf,15ebe2df1d91e584d091d509e70a1a71,2026-09-19T19:30:00Z,Cincinnati Bearcats,Miami (OH) RedHawks,betmgm,BetMGM,2026-09-17T19:35:24Z,spreads,2026-09-17T19:35:24Z,Miami (OH) RedHawks,-110,15.5,20260917193559929069
NCAAF,americanfootball_ncaaf,15ebe2df1d91e584d091d509e70a1a71,2026-09-19T19:30:00Z,Cincinnati Bearcats,Miami (OH) RedHawks,betmgm,BetMGM,2026-09-17T19:35:24Z,totals,2026-09-17T19:35:24Z,Over,-110,49.5,20260917193559929069
NCAAF,americanfootball_ncaaf,15ebe2df1d91e584d091d509e70a1a71,2026-09-19T19:30:00Z,Cincinnati Bearcats,Miami (OH) RedHawks,betmgm,BetMGM,2026-09-17T19:35:24Z,totals,2026-09-17T19:35:24Z,Under,-108,49.5,20260917193559929069
NCAAF,americanfootball_ncaaf,15ebe2df1d91e584d091d509e70a1a71,2026-09-19T19:30:00Z,Cincinnati Bearcats,Miami (OH) RedHawks,betrivers,BetRivers,2026-09-17T19:34:38Z,h2h,2026-09-17T19:34:38Z,Cincinnati Bearcats,-1250,,20260917193559929069
NCAAF,americanfootball_ncaaf,15ebe2df1d91e584d091d509e70a1a71,2026-09-19T19:30:00Z,Cincinnati Bearcats,Miami (OH) RedHawks,betrivers,BetRivers,2026-09-17T19:34:38Z,h2h,2026-09-17T19:34:38Z,Miami (OH) RedHawks,700,,20260917193559929069
NCAAF,americanfootball_ncaaf,15ebe2df1d91e584d091d509e70a1a71,2026-09-19T19:30:00Z,Cincinnati Bearcats,Miami (OH) RedHawks,betrivers,BetRivers,2026-09-17T19:34:38Z,spreads,2026-09-17T19:34:38Z,Cincinnati Bearcats,-114,-14.0,20260917193559929069
NCAAF,americanfootball_ncaaf,15ebe2df1d91e584d091d509e70a1a71,2026-09-19T19:30:00Z,Cincinnati Bearcats,Miami (OH) RedHawks,betrivers,BetRivers,2026-09-17T19:34:38Z,spreads,2026-09-17T19:34:38Z,Miami (OH) RedHawks,-109,14.0,20260917193559929069
NCAAF,americanfootball_ncaaf,15ebe2df1d91e584d091d509e70a1a71,2026-09-19T19:30:00Z,Cincinnati Bearcats,Miami (OH) RedHawks,betrivers,BetRivers,2026-09-17T19:34:38Z,totals,2026-09-17T19:34:38Z,Over,-115,49.5,20260917193559929069
NCAAF,americanfootball_ncaaf,15ebe2df1d91e584d091d509e70a1a71,2026-09-19T19:30:00Z,Cincinnati Bearcats,Miami (OH) RedHawks,betrivers,BetRivers,2026-09-17T19:34:38Z,totals,2026-09-17T19:34:38Z,Under,-110,49.5,20260917193559929069
NCAAF,americanfootball_ncaaf,15ebe2df1d91e584d091d509e70a1a71,2026-09-19T19:30:00Z,Cincinnati Bearcats,Miami (OH) RedHawks,betus,BetUS,2026-09-17T19:35:44Z,h2h,2026-09-17T19:35:44Z,Cincinnati Bearcats,-750,,20260917193559929069
NCAAF,americanfootball_ncaaf,15ebe2df1d91e584d091d509e70a1a71,2026-09-19T19:30:00Z,Cincinnati Bearcats,Miami (OH) RedHawks,betus,BetUS,2026-09-17T19:35:44Z,h2h,2026-09-17T19:35:44Z,Miami (OH) RedHawks,530,,20260917193559929069
NCAAF,americanfootball_ncaaf,15ebe2df1d91e584d091d509e70a1a71,2026-09-19T19:30:00Z,Cincinnati Bearcats,Miami (OH) RedHawks,betus,BetUS,2026-09-17T19:35:44Z,spreads,2026-09-17T19:35:44Z,Cincinnati Bearcats,-105,-16.0,20260917193559929069
NCAAF,americanfootball_ncaaf,15ebe2df1d91e584d091d509e70a1a71,2026-09-19T19:30:00Z,Cincinnati Bearcats,Miami (OH) RedHawks,betus,BetUS,2026-09-17T19:35:44Z,spreads,2026-09-17T19:35:44Z,Miami (OH) RedHawks,-115,16.0,20260917193559929069
NCAAF,americanfootball_ncaaf,15ebe2df1d91e584d091d509e70a1a71,2026-09-19T19:30:00Z,Cincinnati Bearcats,Miami (OH) RedHawks,betus,BetUS,2026-09-17T19:35:44Z,totals,2026-09-17T19:35:44Z,Over,-110,49.0,20260917193559929069
NCAAF,americanfootball_ncaaf,15ebe2df1d91e584d091d509e70a1a71,2026-09-19T19:30:00Z,Cincinnati Bearcats,Miami (OH) RedHawks,betus,BetUS,2026-09-17T19:35:44Z,totals,2026-09-17T19:35:44Z,Under,-110,49.0,20260917193559929069
NCAAF,americanfootball_ncaaf,15ebe2df1d91e584d091d509e70a1a71,2026-09-19T19:30:00Z,Cincinnati Bearcats,Miami (OH) RedHawks,bovada,Bovada,2026-09-17T19:35:03Z,h2h,2026-09-17T19:35:03Z,Cincinnati Bearcats,-750,,20260917193559929069
NCAAF,americanfootball_ncaaf,15ebe2df1d91e584d091d509e70a1a71,2026-09-19T19:30:00Z,Cincinnati Bearcats,Miami (OH) RedHawks,bovada,Bovada,2026-09-17T19:35:03Z,h2h,2026-09-17T19:35:03Z,Miami (OH) RedHawks,500,,20260917193559929069
NCAAF,americanfootball_ncaaf,15ebe2df1d91e584d091d509e70a1a71,2026-09-19T19:30:00Z,Cincinnati Bearcats,Miami (OH) RedHawks,bovada,Bovada,2026-09-17T19:35:03Z,spreads,2026-09-17T19:35:03Z,Cincinnati Bearcats,-110,-15.5,20260917193559929069
NCAAF,americanfootball_ncaaf,15ebe2df1d91e584d091d509e70a1a71,2026-09-19T19:30:00Z,Cincinnati Bearcats,Miami (OH) RedHawks,bovada,Bovada,2026-09-17T19:35:03Z,spreads,2026-09-17T19:35:03Z,Miami (OH) RedHawks,-110,15.5,20260917193559929069
NCAAF,americanfootball_ncaaf,15ebe2df1d91e584d091d509e70a1a71,2026-09-19T19:30:00Z,Cincinnati Bearcats,Miami (OH) RedHawks,bovada,Bovada,2026-09-17T19:35:03Z,totals,2026-09-17T19:35:03Z,Over,-110,49.5,20260917193559929069
NCAAF,americanfootball_ncaaf,15ebe2df1d91e584d091d509e70a1a71,2026-09-19T19:30:00Z,Cincinnati Bearcats,Miami (OH) RedHawks,bovada,Bovada,2026-09-17T19:35:03Z,totals,2026-09-17T19:35:03Z,Under,-110,49.5,20260917193559929069
NCAAF,americanfootball_ncaaf,8bdb9d65119df877f2e2ec632d28fef1,2026-09-19T19:30:00Z,Washington State Cougars,Duquesne Dukes,fanduel,FanDuel,2026-09-17T19:35:46Z,spreads,2026-09-17T19:35:46Z,Duquesne Dukes,-110,38.5,20260917193559929069
NCAAF,americanfootball_ncaaf,8bdb9d65119df877f2e2ec632d28fef1,2026-09-19T19:30:00Z,Washington State Cougars,Duquesne Dukes,fanduel,FanDuel,2026-09-17T19:35:46Z,spreads,2026-09-17T19:35:46Z,Washington State Cougars,-110,-38.5,20260917193559929069
NCAAF,americanfootball_ncaaf,8bdb9d65119df877f2e2ec632d28fef1,2026-09-19T19:30:00Z,Washington State Cougars,Duquesne Dukes,fanduel,FanDuel,2026-09-17T19:35:46Z,totals,2026-09-17T19:35:46Z,Over,-114,53.5,20260917193559929069
NCAAF,americanfootball_ncaaf,8bdb9d65119df877f2e2ec632d28fef1,2026-09-19T19:30:00Z,Washington State Cougars,Duquesne Dukes,fanduel,FanDuel,2026-09-17T19:35:46Z,totals,2026-09-17T19:35:46Z,Under,-106,53.5,20260917193559929069
NCAAF,americanfootball_ncaaf,8bdb9d65119df877f2e2ec632d28fef1,2026-09-19T19:30:00Z,Washington State Cougars,Duquesne Dukes,draftkings,DraftKings,2026-09-17T19:34:58Z,spreads,2026-09-17T19:34:58Z,Duquesne Dukes,-105,37.5,20260917193559929069
NCAAF,americanfootball_ncaaf,8bdb9d65119df877f2e2ec632d28fef1,2026-09-19T19:30:00Z,Washington State Cougars,Duquesne Dukes,draftkings,DraftKings,2026-09-17T19:34:58Z,spreads,2026-09-17T19:34:58Z,Washington State Cougars,-115,-37.5,20260917193559929069
NCAAF,americanfootball_ncaaf,8bdb9d65119df877f2e2ec632d28fef1,2026-09-19T19:30:00Z,Washington State Cougars,Duquesne Dukes,draftkings,DraftKings,2026-09-17T19:34:58Z,totals,2026-09-17T19:34:58Z,Over,-112,53.5,20260917193559929069
NCAAF,americanfootball_ncaaf,8bdb9d65119df877f2e2ec632d28fef1,2026-09-19T19:30:00Z,Washington State Cougars,Duquesne Dukes,draftkings,DraftKings,2026-09-17T19:34:58Z,totals,2026-09-17T19:34:58Z,Under,-108,53.5,20260917193559929069
NCAAF,americanfootball_ncaaf,8bdb9d65119df877f2e2ec632d28fef1,2026-09-19T19:30:00Z,Washington State Cougars,Duquesne Dukes,betrivers,BetRivers,2026-09-17T19:34:38Z,spreads,2026-09-17T19:34:38Z,Duquesne Dukes,-109,38.5,20260917193559929069
NCAAF,americanfootball_ncaaf,8bdb9d65119df877f2e2ec632d28fef1,2026-09-19T19:30:00Z,Washington State Cougars,Duquesne Dukes,betrivers,BetRivers,2026-09-17T19:34:38Z,spreads,2026-09-17T19:34:38Z,Washington State Cougars,-114,-38.5,20260917193559929069
NCAAF,americanfootball_ncaaf,8bdb9d65119df877f2e2ec632d28fef1,2026-09-19T19:30:00Z,Washington State Cougars,Duquesne Dukes,betrivers,BetRivers,2026-09-17T19:34:38Z,totals,2026-09-17T19:34:38Z,Over,-115,52.5,20260917193559929069
NCAAF,americanfootball_ncaaf,8bdb9d65119df877f2e2ec632d28fef1,2026-09-19T19:30:00Z,Washington State Cougars,Duquesne Dukes,betrivers,BetRivers,2026-09-17T19:34:38Z,totals,2026-09-17T19:34:38Z,Under,-110,52.5,20260917193559929069
NCAAF,americanfootball_ncaaf,8bdb9d65119df877f2e2ec632d28fef1,2026-09-19T19:30:00Z,Washington State Cougars,Duquesne Dukes,lowvig,LowVig.ag,2026-09-17T19:35:22Z,spreads,2026-09-17T19:35:22Z,Duquesne Dukes,-115,37.5,20260917193559929069
NCAAF,americanfootball_ncaaf,8bdb9d65119df877f2e2ec632d28fef1,2026-09-19T19:30:00Z,Washington State Cougars,Duquesne Dukes,lowvig,LowVig.ag,2026-09-17T19:35:22Z,spreads,2026-09-17T19:35:22Z,Washington State Cougars,-115,-37.5,20260917193559929069
NCAAF,americanfootball_ncaaf,8bdb9d65119df877f2e2ec632d28fef1,2026-09-19T19:30:00Z,Washington State Cougars,Duquesne Dukes,lowvig,LowVig.ag,2026-09-17T19:35:22Z,totals,2026-09-17T19:35:22Z,Over,-115,54.0,20260917193559929069
NCAAF,americanfootball_ncaaf,8bdb9d65119df877f2e2ec632d28fef1,2026-09-19T19:30:00Z,Washington State Cougars,Duquesne Dukes,lowvig,LowVig.ag,2026-09-17T19:35:22Z,totals,2026-09-17T19:35:22Z,Under,-115,54.0,20260917193559929069
NCAAF,americanfootball_ncaaf,8bdb9d65119df877f2e2ec632d28fef1,2026-09-19T19:30:00Z,Washington State Cougars,Duquesne Dukes,betonlineag,BetOnline.ag,2026-09-17T19:35:23Z,spreads,2026-09-17T19:35:23Z,Duquesne Dukes,-115,37.5,20260917193559929069
NCAAF,americanfootball_ncaaf,8bdb9d65119df877f2e2ec632d28fef1,2026-09-19T19:30:00Z,Washington State Cougars,Duquesne Dukes,betonlineag,BetOnline.ag,2026-09-17T19:35:23Z,spreads,2026-09-17T19:35:23Z,Washington State Cougars,-115,-37.5,20260917193559929069
NCAAF,americanfootball_ncaaf,8bdb9d65119df877f2e2ec632d28fef1,2026-09-19T19:30:00Z,Washington State Cougars,Duquesne Dukes,betonlineag,BetOnline.ag,2026-09-17T19:35:23Z,totals,2026-09-17T19:35:23Z,Over,-115,54.0,20260917193559929069
NCAAF,americanfootball_ncaaf,8bdb9d65119df877f2e2ec632d28fef1,2026-09-19T19:30:00Z,Washington State Cougars,Duquesne Dukes,betonlineag,BetOnline.ag,2026-09-17T19:35:23Z,totals,2026-09-17T19:35:23Z,Under,-115,54.0,20260917193559929069
NCAAF,americanfootball_ncaaf,d2da9e958e6f4800929ff9411b697a4b,2026-09-19T19:30:00Z,Texas A&M Aggies,Kentucky Wildcats,fanduel,FanDuel,2026-09-17T19:35:46Z,h2h,2026-09-17T19:35:46Z,Kentucky Wildcats,680,,20260917193559929069
NCAAF,americanfootball_ncaaf,d2da9e958e6f4800929ff9411b697a4b,2026-09-19T19:30:00Z,Texas A&M Aggies,Kentucky Wildcats,fanduel,FanDuel,2026-09-17T19:35:46Z,h2h,2026-09-17T19:35:46Z,Texas A&M Aggies,-1100,,20260917193559929069
NCAAF,americanfootball_ncaaf,d2da9e958e6f4800929ff9411b697a4b,2026-09-19T19:30:00Z,Texas A&M Aggies,Kentucky Wildcats,fanduel,FanDuel,2026-09-17T19:35:46Z,spreads,2026-09-17T19:35:46Z,Kentucky Wildcats,100,16.5,20260917193559929069
NCAAF,americanfootball_ncaaf,d2da9e958e6f4800929ff9411b697a4b,2026-09-19T19:30:00Z,Texas A&M Aggies,Kentucky Wildcats,fanduel,FanDuel,2026-09-17T19:35:46Z,spreads,2026-09-17T19:35:46Z,Texas A&M Aggies,-122,-16.5,20260917193559929069
NCAAF,americanfootball_ncaaf,d2da9e958e6f4800929ff9411b697a4b,2026-09-19T19:30:00Z,Texas A&M Aggies,Kentucky Wildcats,fanduel,FanDuel,2026-09-17T19:35:46Z,totals,2026-09-17T19:35:46Z,Over,-105,50.5,20260917193559929069
NCAAF,americanfootball_ncaaf,d2da9e958e6f4800929ff9411b697a4b,2026-09-19T19:30:00Z,Texas A&M Aggies,Kentucky Wildcats,fanduel,FanDuel,2026-09-17T19:35:46Z,totals,2026-09-17T19:35:46Z,Under,-115,50.5,20260917193559929069
NCAAF,americanfootball_ncaaf,d2da9e958e6f4800929ff9411b697a4b,2026-09-19T19:30:00Z,Texas A&M Aggies,Kentucky Wildcats,draftkings,DraftKings,2026-09-17T19:34:58Z,h2h,2026-09-17T19:34:58Z,Kentucky Wildcats,575,,20260917193559929069
NCAAF,americanfootball_ncaaf,d2da9e958e6f4800929ff9411b697a4b,2026-09-19T19:30:00Z,Texas A&M Aggies,Kentucky Wildcats,draftkings,DraftKings,2026-09-17T19:34:58Z,h2h,2026-09-17T19:34:58Z,Texas A&M Aggies,-850,,20260917193559929069
NCAAF,americanfootball_ncaaf,d2da9e958e6f4800929ff9411b697a4b,2026-09-19T19:30:00Z,Texas A&M Aggies,Kentucky Wildcats,draftkings,DraftKings,2026-09-17T19:34:58Z,spreads,2026-09-17T19:34:58Z,Kentucky Wildcats,-102,16.5,20260917193559929069
NCAAF,americanfootball_ncaaf,d2da9e958e6f4800929ff9411b697a4b,2026-09-19T19:30:00Z,Texas A&M Aggies,Kentucky Wildcats,draftkings,DraftKings,2026-09-17T19:34:58Z,spreads,2026-09-17T19:34:58Z,Texas A&M Aggies,-118,-16.5,20260917193559929069
NCAAF,americanfootball_ncaaf,d2da9e958e6f4800929ff9411b697a4b,2026-09-19T19:30:00Z,Texas A&M Aggies,Kentucky Wildcats,draftkings,DraftKings,2026-09-17T19:34:58Z,totals,2026-09-17T19:34:58Z,Over,-105,50.5,20260917193559929069
NCAAF,americanfootball_ncaaf,d2da9e958e6f4800929ff9411b697a4b,2026-09-19T19:30:00Z,Texas A&M Aggies,Kentucky Wildcats,draftkings,DraftKings,2026-09-17T19:34:58Z,totals,2026-09-17T19:34:58Z,Under,-115,50.5,20260917193559929069
NCAAF,americanfootball_ncaaf,d2da9e958e6f4800929ff9411b697a4b,2026-09-19T19:30:00Z,Texas A&M Aggies,Kentucky Wildcats,betmgm,BetMGM,2026-09-17T19:35:24Z,h2h,2026-09-17T19:35:24Z,Kentucky Wildcats,625,,20260917193559929069
NCAAF,americanfootball_ncaaf,d2da9e958e6f4800929ff9411b697a4b,2026-09-19T19:30:00Z,Texas A&M Aggies,Kentucky Wildcats,betmgm,BetMGM,2026-09-17T19:35:24Z,h2h,2026-09-17T19:35:24Z,Texas A&M Aggies,-900,,20260917193559929069
NCAAF,americanfootball_ncaaf,d2da9e958e6f4800929ff9411b697a4b,2026-09-19T19:30:00Z,Texas A&M Aggies,Kentucky Wildcats,betmgm,BetMGM,2026-09-17T19:35:24Z,spreads,2026-09-17T19:35:24Z,Kentucky Wildcats,-108,17.0,20260917193559929069
NCAAF,americanfootball_ncaaf,d2da9e958e6f4800929ff9411b697a4b,2026-09-19T19:30:00Z,Texas A&M Aggies,Kentucky Wildcats,betmgm,BetMGM,2026-09-17T19:35:24Z,spreads,2026-09-17T19:35:24Z,Texas A&M Aggies,-110,-17.0,20260917193559929069
NCAAF,americanfootball_ncaaf,d2da9e958e6f4800929ff9411b697a4b,2026-09-19T19:30:00Z,Texas A&M Aggies,Kentucky Wildcats,betmgm,BetMGM,2026-09-17T19:35:24Z,totals,2026-09-17T19:35:24Z,Over,-110,50.5,20260917193559929069
NCAAF,americanfootball_ncaaf,d2da9e958e6f4800929ff9411b697a4b,2026-09-19T19:30:00Z,Texas A&M Aggies,Kentucky Wildcats,betmgm,BetMGM,2026-09-17T19:35:24Z,totals,2026-09-17T19:35:24Z,Under,-120,50.5,20260917193559929069
NCAAF,americanfootball_ncaaf,d2da9e958e6f4800929ff9411b697a4b,2026-09-19T19:30:00Z,Texas A&M Aggies,Kentucky Wildcats,betrivers,BetRivers,2026-09-17T19:34:38Z,h2h,2026-09-17T19:34:38Z,Kentucky Wildcats,550,,20260917193559929069
NCAAF,americanfootball_ncaaf,d2da9e958e6f4800929ff9411b697a4b,2026-09-19T19:30:00Z,Texas A&M Aggies,Kentucky Wildcats,betrivers,BetRivers,2026-09-17T19:34:38Z,h2h,2026-09-17T19:34:38Z,Texas A&M Aggies,-910,,20260917193559929069
NCAAF,americanfootball_ncaaf,d2da9e958e6f4800929ff9411b697a4b,2026-09-19T19:30:00Z,Texas A&M Aggies,Kentucky Wildcats,betrivers,BetRivers,2026-09-17T19:34:38Z,spreads,2026-09-17T19:34:38Z,Kentucky Wildcats,-114,17.0,20260917193559929069
NCAAF,americanfootball_ncaaf,d2da9e958e6f4800929ff9411b697a4b,2026-09-19T19:30:00Z,Texas A&M Aggies,Kentucky Wildcats,betrivers,BetRivers,2026-09-17T19:34:38Z,spreads,2026-09-17T19:34:38Z,Texas A&M Aggies,-109,-17.0,20260917193559929069
NCAAF,americanfootball_ncaaf,d2da9e958e6f4800929ff9411b697a4b,2026-09-19T19:30:00Z,Texas A&M Aggies,Kentucky Wildcats,betrivers,BetRivers,2026-09-17T19:34:38Z,totals,2026-09-17T19:34:38Z,Over,-109,50.5,20260917193559929069
NCAAF,americanfootball_ncaaf,d2da9e958e6f4800929ff9411b697a4b,2026-09-19T19:30:00Z,Texas A&M Aggies,Kentucky Wildcats,betrivers,BetRivers,2026-09-17T19:34:38Z,totals,2026-09-17T19:34:38Z,Under,-114,50.5,20260917193559929069
NCAAF,americanfootball_ncaaf,d2da9e958e6f4800929ff9411b697a4b,2026-09-19T19:30:00Z,Texas A&M Aggies,Kentucky Wildcats,lowvig,LowVig.ag,2026-09-17T19:35:22Z,h2h,2026-09-17T19:35:22Z,Kentucky Wildcats,613,,20260917193559929069
NCAAF,americanfootball_ncaaf,d2da9e958e6f4800929ff9411b697a4b,2026-09-19T19:30:00Z,Texas A&M Aggies,Kentucky Wildcats,lowvig,LowVig.ag,2026-09-17T19:35:22Z,h2h,2026-09-17T19:35:22Z,Texas A&M Aggies,-900,,20260917193559929069
NCAAF,americanfootball_ncaaf,d2da9e958e6f4800929ff9411b697a4b,2026-09-19T19:30:00Z,Texas A&M Aggies,Kentucky Wildcats,lowvig,LowVig.ag,2026-09-17T19:35:22Z,spreads,2026-09-17T19:35:22Z,Kentucky Wildcats,-104,17.0,20260917193559929069
NCAAF,americanfootball_ncaaf,d2da9e958e6f4800929ff9411b697a4b,2026-09-19T19:30:00Z,Texas A&M Aggies,Kentucky Wildcats,lowvig,LowVig.ag,2026-09-17T19:35:22Z,spreads,2026-09-17T19:35:22Z,Texas A&M Aggies,-108,-17.0,20260917193559929069
NCAAF,americanfootball_ncaaf,d2da9e958e6f4800929ff9411b697a4b,2026-09-19T19:30:00Z,Texas A&M Aggies,Kentucky Wildcats,lowvig,LowVig.ag,2026-09-17T19:35:22Z,totals,2026-09-17T19:35:22Z,Over,-108,50.0,20260917193559929069
NCAAF,americanfootball_ncaaf,d2da9e958e6f4800929ff9411b697a4b,2026-09-19T19:30:00Z,Texas A&M Aggies,Kentucky Wildcats,lowvig,LowVig.ag,2026-09-17T19:35:22Z,totals,2026-09-17T19:35:22Z,Under,-108,50.0,20260917193559929069
NCAAF,americanfootball_ncaaf,d2da9e958e6f4800929ff9411b697a4b,2026-09-19T19:30:00Z,Texas A&M Aggies,Kentucky Wildcats,betonlineag,BetOnline.ag,2026-09-17T19:35:23Z,h2h,2026-09-17T19:35:23Z,Kentucky Wildcats,613,,20260917193559929069
NCAAF,americanfootball_ncaaf,d2da9e958e6f4800929ff9411b697a4b,2026-09-19T19:30:00Z,Texas A&M Aggies,Kentucky Wildcats,betonlineag,BetOnline.ag,2026-09-17T19:35:23Z,h2h,2026-09-17T19:35:23Z,Texas A&M Aggies,-900,,20260917193559929069
NCAAF,americanfootball_ncaaf,d2da9e958e6f4800929ff9411b697a4b,2026-09-19T19:30:00Z,Texas A&M Aggies,Kentucky Wildcats,betonlineag,BetOnline.ag,2026-09-17T19:35:23Z,spreads,2026-09-17T19:35:23Z,Kentucky Wildcats,-108,17.0,20260917193559929069
NCAAF,americanfootball_ncaaf,d2da9e958e6f4800929ff9411b697a4b,2026-09-19T19:30:00Z,Texas A&M Aggies,Kentucky Wildcats,betonlineag,BetOnline.ag,2026-09-17T19:35:23Z,spreads,2026-09-17T19:35:23Z,Texas A&M Aggies,-112,-17.0,20260917193559929069
NCAAF,americanfootball_ncaaf,d2da9e958e6f4800929ff9411b697a4b,2026-09-19T19:30:00Z,Texas A&M Aggies,Kentucky Wildcats,betonlineag,BetOnline.ag,2026-09-17T19:35:23Z,totals,2026-09-17T19:35:23Z,Over,-110,50.0,20260917193559929069
NCAAF,americanfootball_ncaaf,d2da9e958e6f4800929ff9411b697a4b,2026-09-19T19:30:00Z,Texas A&M Aggies,Kentucky Wildcats,betonlineag,BetOnline.ag,2026-09-17T19:35:23Z,totals,2026-09-17T19:35:23Z,Under,-110,50.0,20260917193559929069
NCAAF,americanfootball_ncaaf,d2da9e958e6f4800929ff9411b697a4b,2026-09-19T19:30:00Z,Texas A&M Aggies,Kentucky Wildcats,betus,BetUS,2026-09-17T19:35:44Z,h2h,2026-09-17T19:35:44Z,Kentucky Wildcats,600,,20260917193559929069
NCAAF,americanfootball_ncaaf,d2da9e958e6f4800929ff9411b697a4b,2026-09-19T19:30:00Z,Texas A&M Aggies,Kentucky Wildcats,betus,BetUS,2026-09-17T19:35:44Z,h2h,2026-09-17T19:35:44Z,Texas A&M Aggies,-900,,20260917193559929069
NCAAF,americanfootball_ncaaf,d2da9e958e6f4800929ff9411b697a4b,2026-09-19T19:30:00Z,Texas A&M Aggies,Kentucky Wildcats,betus,BetUS,2026-09-17T19:35:44Z,spreads,2026-09-17T19:35:44Z,Kentucky Wildcats,-110,17.0,20260917193559929069
NCAAF,americanfootball_ncaaf,d2da9e958e6f4800929ff9411b697a4b,2026-09-19T19:30:00Z,Texas A&M Aggies,Kentucky Wildcats,betus,BetUS,2026-09-17T19:35:44Z,spreads,2026-09-17T19:35:44Z,Texas A&M Aggies,-110,-17.0,20260917193559929069
NCAAF,americanfootball_ncaaf,d2da9e958e6f4800929ff9411b697a4b,2026-09-19T19:30:00Z,Texas A&M Aggies,Kentucky Wildcats,betus,BetUS,2026-09-17T19:35:44Z,totals,2026-09-17T19:35:44Z,Over,-105,50.0,20260917193559929069
NCAAF,americanfootball_ncaaf,d2da9e958e6f4800929ff9411b697a4b,2026-09-19T19:30:00Z,Texas A&M Aggies,Kentucky Wildcats,betus,BetUS,2026-09-17T19:35:44Z,totals,2026-09-17T19:35:44Z,Under,-115,50.0,20260917193559929069
NCAAF,americanfootball_ncaaf,d2da9e958e6f4800929ff9411b697a4b,2026-09-19T19:30:00Z,Texas A&M Aggies,Kentucky Wildcats,bovada,Bovada,2026-09-17T19:35:03Z,h2h,2026-09-17T19:35:03Z,Kentucky Wildcats,550,,20260917193559929069
NCAAF,americanfootball_ncaaf,d2da9e958e6f4800929ff9411b697a4b,2026-09-19T19:30:00Z,Texas A&M Aggies,Kentucky Wildcats,bovada,Bovada,2026-09-17T19:35:03Z,h2h,2026-09-17T19:35:03Z,Texas A&M Aggies,-850,,20260917193559929069
NCAAF,americanfootball_ncaaf,d2da9e958e6f4800929ff9411b697a4b,2026-09-19T19:30:00Z,Texas A&M Aggies,Kentucky Wildcats,bovada,Bovada,2026-09-17T19:35:03Z,spreads,2026-09-17T19:35:03Z,Kentucky Wildcats,-110,17.0,20260917193559929069
NCAAF,americanfootball_ncaaf,d2da9e958e6f4800929ff9411b697a4b,2026-09-19T19:30:00Z,Texas A&M Aggies,Kentucky Wildcats,bovada,Bovada,2026-09-17T19:35:03Z,spreads,2026-09-17T19:35:03Z,Texas A&M Aggies,-110,-17.0,20260917193559929069
NCAAF,americanfootball_ncaaf,d2da9e958e6f4800929ff9411b697a4b,2026-09-19T19:30:00Z,Texas A&M Aggies,Kentucky Wildcats,bovada,Bovada,2026-09-17T19:35:03Z,totals,2026-09-17T19:35:03Z,Over,-105,50.0,20260917193559929069
NCAAF,americanfootball_ncaaf,d2da9e958e6f4800929ff9411b697a4b,2026-09-19T19:30:00Z,Texas A&M Aggies,Kentucky Wildcats,bovada,Bovada,2026-09-17T19:35:03Z,totals,2026-09-17T19:35:03Z,Under,-115,50.0,20260917193559929069
NCAAF,americanfootball_ncaaf,dbcfc3184e20d1ea45e910b89585071f,2026-09-19T19:30:00Z,Louisville Cardinals,SMU Mustangs,draftkings,DraftKings,2026-09-17T19:34:58Z,h2h,2026-09-17T19:34:58Z,Louisville Cardinals,-115,,20260917193559929069
NCAAF,americanfootball_ncaaf,dbcfc3184e20d1ea45e910b89585071f,2026-09-19T19:30:00Z,Louisville Cardinals,SMU Mustangs,draftkings,DraftKings,2026-09-17T19:34:58Z,h2h,2026-09-17T19:34:58Z,SMU Mustangs,-105,,20260917193559929069
NCAAF,americanfootball_ncaaf,dbcfc3184e20d1ea45e910b89585071f,2026-09-19T19:30:00Z,Louisville Cardinals,SMU Mustangs,draftkings,DraftKings,2026-09-17T19:34:58Z,spreads,2026-09-17T19:34:58Z,Louisville Cardinals,-105,-1.5,20260917193559929069
NCAAF,americanfootball_ncaaf,dbcfc3184e20d1ea45e910b89585071f,2026-09-19T19:30:00Z,Louisville Cardinals,SMU Mustangs,draftkings,DraftKings,2026-09-17T19:34:58Z,spreads,2026-09-17T19:34:58Z,SMU Mustangs,-115,1.5,20260917193559929069
NCAAF,americanfootball_ncaaf,dbcfc3184e20d1ea45e910b89585071f,2026-09-19T19:30:00Z,Louisville Cardinals,SMU Mustangs,draftkings,DraftKings,2026-09-17T19:34:58Z,totals,2026-09-17T19:34:58Z,Over,-102,59.5,20260917193559929069
NCAAF,americanfootball_ncaaf,dbcfc3184e20d1ea45e910b89585071f,2026-09-19T19:30:00Z,Louisville Cardinals,SMU Mustangs,draftkings,DraftKings,2026-09-17T19:34:58Z,totals,2026-09-17T19:34:58Z,Under,-118,59.5,20260917193559929069
NCAAF,americanfootball_ncaaf,dbcfc3184e20d1ea45e910b89585071f,2026-09-19T19:30:00Z,Louisville Cardinals,SMU Mustangs,fanduel,FanDuel,2026-09-17T19:35:46Z,h2h,2026-09-17T19:35:46Z,Louisville Cardinals,-126,,20260917193559929069
NCAAF,americanfootball_ncaaf,dbcfc3184e20d1ea45e910b89585071f,2026-09-19T19:30:00Z,Louisville Cardinals,SMU Mustangs,fanduel,FanDuel,2026-09-17T19:35:46Z,h2h,2026-09-17T19:35:46Z,SMU Mustangs,105,,20260917193559929069
NCAAF,americanfootball_ncaaf,dbcfc3184e20d1ea45e910b89585071f,2026-09-19T19:30:00Z,Louisville Cardinals,SMU Mustangs,fanduel,FanDuel,2026-09-17T19:35:46Z,spreads,2026-09-17T19:35:46Z,Louisville Cardinals,-115,-1.5,20260917193559929069
NCAAF,americanfootball_ncaaf,dbcfc3184e20d1ea45e910b89585071f,2026-09-19T19:30:00Z,Louisville Cardinals,SMU Mustangs,fanduel,FanDuel,2026-09-17T19:35:46Z,spreads,2026-09-17T19:35:46Z,SMU Mustangs,-105,1.5,20260917193559929069
NCAAF,americanfootball_ncaaf,dbcfc3184e20d1ea45e910b89585071f,2026-09-19T19:30:00Z,Louisville Cardinals,SMU Mustangs,fanduel,FanDuel,2026-09-17T19:35:46Z,totals,2026-09-17T19:35:46Z,Over,-105,59.5,20260917193559929069
NCAAF,americanfootball_ncaaf,dbcfc3184e20d1ea45e910b89585071f,2026-09-19T19:30:00Z,Louisville Cardinals,SMU Mustangs,fanduel,FanDuel,2026-09-17T19:35:46Z,totals,2026-09-17T19:35:46Z,Under,-115,59.5,20260917193559929069
NCAAF,americanfootball_ncaaf,dbcfc3184e20d1ea45e910b89585071f,2026-09-19T19:30:00Z,Louisville Cardinals,SMU Mustangs,betmgm,BetMGM,2026-09-17T19:35:24Z,h2h,2026-09-17T19:35:24Z,Louisville Cardinals,-120,,20260917193559929069
NCAAF,americanfootball_ncaaf,dbcfc3184e20d1ea45e910b89585071f,2026-09-19T19:30:00Z,Louisville Cardinals,SMU Mustangs,betmgm,BetMGM,2026-09-17T19:35:24Z,h2h,2026-09-17T19:35:24Z,SMU Mustangs,100,,20260917193559929069
NCAAF,americanfootball_ncaaf,dbcfc3184e20d1ea45e910b89585071f,2026-09-19T19:30:00Z,Louisville Cardinals,SMU Mustangs,betmgm,BetMGM,2026-09-17T19:35:24Z,spreads,2026-09-17T19:35:24Z,Louisville Cardinals,-108,-1.5,20260917193559929069
NCAAF,americanfootball_ncaaf,dbcfc3184e20d1ea45e910b89585071f,2026-09-19T19:30:00Z,Louisville Cardinals,SMU Mustangs,betmgm,BetMGM,2026-09-17T19:35:24Z,spreads,2026-09-17T19:35:24Z,SMU Mustangs,-110,1.5,20260917193559929069
NCAAF,americanfootball_ncaaf,dbcfc3184e20d1ea45e910b89585071f,2026-09-19T19:30:00Z,Louisville Cardinals,SMU Mustangs,betmgm,BetMGM,2026-09-17T19:35:24Z,totals,2026-09-17T19:35:24Z,Over,-105,59.5,20260917193559929069
NCAAF,americanfootball_ncaaf,dbcfc3184e20d1ea45e910b89585071f,2026-09-19T19:30:00Z,Louisville Cardinals,SMU Mustangs,betmgm,BetMGM,2026-09-17T19:35:24Z,totals,2026-09-17T19:35:24Z,Under,-115,59.5,20260917193559929069
NCAAF,americanfootball_ncaaf,dbcfc3184e20d1ea45e910b89585071f,2026-09-19T19:30:00Z,Louisville Cardinals,SMU Mustangs,betrivers,BetRivers,2026-09-17T19:34:38Z,h2h,2026-09-17T19:34:38Z,Louisville Cardinals,-125,,20260917193559929069
NCAAF,americanfootball_ncaaf,dbcfc3184e20d1ea45e910b89585071f,2026-09-19T19:30:00Z,Louisville Cardinals,SMU Mustangs,betrivers,BetRivers,2026-09-17T19:34:38Z,h2h,2026-09-17T19:34:38Z,SMU Mustangs,100,,20260917193559929069
NCAAF,americanfootball_ncaaf,dbcfc3184e20d1ea45e910b89585071f,2026-09-19T19:30:00Z,Louisville Cardinals,SMU Mustangs,betrivers,BetRivers,2026-09-17T19:34:38Z,spreads,2026-09-17T19:34:38Z,Louisville Cardinals,-110,-1.5,20260917193559929069
NCAAF,americanfootball_ncaaf,dbcfc3184e20d1ea45e910b89585071f,2026-09-19T19:30:00Z,Louisville Cardinals,SMU Mustangs,betrivers,BetRivers,2026-09-17T19:34:38Z,spreads,2026-09-17T19:34:38Z,SMU Mustangs,-113,1.5,20260917193559929069
NCAAF,americanfootball_ncaaf,dbcfc3184e20d1ea45e910b89585071f,2026-09-19T19:30:00Z,Louisville Cardinals,SMU Mustangs,betrivers,BetRivers,2026-09-17T19:34:38Z,totals,2026-09-17T19:34:38Z,Over,-112,59.0,20260917193559929069
NCAAF,americanfootball_ncaaf,dbcfc3184e20d1ea45e910b89585071f,2026-09-19T19:30:00Z,Louisville Cardinals,SMU Mustangs,betrivers,BetRivers,2026-09-17T19:34:38Z,totals,2026-09-17T19:34:38Z,Under,-112,59.0,20260917193559929069
NCAAF,americanfootball_ncaaf,dbcfc3184e20d1ea45e910b89585071f,2026-09-19T19:30:00Z,Louisville Cardinals,SMU Mustangs,lowvig,LowVig.ag,2026-09-17T19:35:22Z,h2h,2026-09-17T19:35:22Z,Louisville Cardinals,-122,,20260917193559929069
NCAAF,americanfootball_ncaaf,dbcfc3184e20d1ea45e910b89585071f,2026-09-19T19:30:00Z,Louisville Cardinals,SMU Mustangs,lowvig,LowVig.ag,2026-09-17T19:35:22Z,h2h,2026-09-17T19:35:22Z,SMU Mustangs,102,,20260917193559929069
NCAAF,americanfootball_ncaaf,dbcfc3184e20d1ea45e910b89585071f,2026-09-19T19:30:00Z,Louisville Cardinals,SMU Mustangs,lowvig,LowVig.ag,2026-09-17T19:35:22Z,spreads,2026-09-17T19:35:22Z,Louisville Cardinals,-101,-1.5,20260917193559929069
NCAAF,americanfootball_ncaaf,dbcfc3184e20d1ea45e910b89585071f,2026-09-19T19:30:00Z,Louisville Cardinals,SMU Mustangs,lowvig,LowVig.ag,2026-09-17T19:35:22Z,spreads,2026-09-17T19:35:22Z,SMU Mustangs,-111,1.5,20260917193559929069
NCAAF,americanfootball_ncaaf,dbcfc3184e20d1ea45e910b89585071f,2026-09-19T19:30:00Z,Louisville Cardinals,SMU Mustangs,lowvig,LowVig.ag,2026-09-17T19:35:22Z,totals,2026-09-17T19:35:22Z,Over,-103,59.5,20260917193559929069
NCAAF,americanfootball_ncaaf,dbcfc3184e20d1ea45e910b89585071f,2026-09-19T19:30:00Z,Louisville Cardinals,SMU Mustangs,lowvig,LowVig.ag,2026-09-17T19:35:22Z,totals,2026-09-17T19:35:22Z,Under,-114,59.5,20260917193559929069
NCAAF,americanfootball_ncaaf,dbcfc3184e20d1ea45e910b89585071f,2026-09-19T19:30:00Z,Louisville Cardinals,SMU Mustangs,betonlineag,BetOnline.ag,2026-09-17T19:35:23Z,h2h,2026-09-17T19:35:23Z,Louisville Cardinals,-122,,20260917193559929069
NCAAF,americanfootball_ncaaf,dbcfc3184e20d1ea45e910b89585071f,2026-09-19T19:30:00Z,Louisville Cardinals,SMU Mustangs,betonlineag,BetOnline.ag,2026-09-17T19:35:23Z,h2h,2026-09-17T19:35:23Z,SMU Mustangs,102,,20260917193559929069
NCAAF,americanfootball_ncaaf,dbcfc3184e20d1ea45e910b89585071f,2026-09-19T19:30:00Z,Louisville Cardinals,SMU Mustangs,betonlineag,BetOnline.ag,2026-09-17T19:35:23Z,spreads,2026-09-17T19:35:23Z,Louisville Cardinals,-105,-1.5,20260917193559929069
NCAAF,americanfootball_ncaaf,dbcfc3184e20d1ea45e910b89585071f,2026-09-19T19:30:00Z,Louisville Cardinals,SMU Mustangs,betonlineag,BetOnline.ag,2026-09-17T19:35:23Z,spreads,2026-09-17T19:35:23Z,SMU Mustangs,-115,1.5,20260917193559929069
NCAAF,americanfootball_ncaaf,dbcfc3184e20d1ea45e910b89585071f,2026-09-19T19:30:00Z,Louisville Cardinals,SMU Mustangs,betonlineag,BetOnline.ag,2026-09-17T19:35:23Z,totals,2026-09-17T19:35:23Z,Over,-105,59.5,20260917193559929069
NCAAF,americanfootball_ncaaf,dbcfc3184e20d1ea45e910b89585071f,2026-09-19T19:30:00Z,Louisville Cardinals,SMU Mustangs,betonlineag,BetOnline.ag,2026-09-17T19:35:23Z,totals,2026-09-17T19:35:23Z,Under,-115,59.5,20260917193559929069
NCAAF,americanfootball_ncaaf,dbcfc3184e20d1ea45e910b89585071f,2026-09-19T19:30:00Z,Louisville Cardinals,SMU Mustangs,betus,BetUS,2026-09-17T19:35:44Z,h2h,2026-09-17T19:35:44Z,Louisville Cardinals,-120,,20260917193559929069
NCAAF,americanfootball_ncaaf,dbcfc3184e20d1ea45e910b89585071f,2026-09-19T19:30:00Z,Louisville Cardinals,SMU Mustangs,betus,BetUS,2026-09-17T19:35:44Z,h2h,2026-09-17T19:35:44Z,SMU Mustangs,100,,20260917193559929069
NCAAF,americanfootball_ncaaf,dbcfc3184e20d1ea45e910b89585071f,2026-09-19T19:30:00Z,Louisville Cardinals,SMU Mustangs,betus,BetUS,2026-09-17T19:35:44Z,spreads,2026-09-17T19:35:44Z,Louisville Cardinals,-105,-1.5,20260917193559929069
NCAAF,americanfootball_ncaaf,dbcfc3184e20d1ea45e910b89585071f,2026-09-19T19:30:00Z,Louisville Cardinals,SMU Mustangs,betus,BetUS,2026-09-17T19:35:44Z,spreads,2026-09-17T19:35:44Z,SMU Mustangs,-115,1.5,20260917193559929069
NCAAF,americanfootball_ncaaf,dbcfc3184e20d1ea45e910b89585071f,2026-09-19T19:30:00Z,Louisville Cardinals,SMU Mustangs,betus,BetUS,2026-09-17T19:35:44Z,totals,2026-09-17T19:35:44Z,Over,-110,59.5,20260917193559929069
NCAAF,americanfootball_ncaaf,dbcfc3184e20d1ea45e910b89585071f,2026-09-19T19:30:00Z,Louisville Cardinals,SMU Mustangs,betus,BetUS,2026-09-17T19:35:44Z,totals,2026-09-17T19:35:44Z,Under,-110,59.5,20260917193559929069
NCAAF,americanfootball_ncaaf,dbcfc3184e20d1ea45e910b89585071f,2026-09-19T19:30:00Z,Louisville Cardinals,SMU Mustangs,bovada,Bovada,2026-09-17T19:35:03Z,h2h,2026-09-17T19:35:03Z,Louisville Cardinals,-125,,20260917193559929069
NCAAF,americanfootball_ncaaf,dbcfc3184e20d1ea45e910b89585071f,2026-09-19T19:30:00Z,Louisville Cardinals,SMU Mustangs,bovada,Bovada,2026-09-17T19:35:03Z,h2h,2026-09-17T19:35:03Z,SMU Mustangs,105,,20260917193559929069
NCAAF,americanfootball_ncaaf,dbcfc3184e20d1ea45e910b89585071f,2026-09-19T19:30:00Z,Louisville Cardinals,SMU Mustangs,bovada,Bovada,2026-09-17T19:35:03Z,spreads,2026-09-17T19:35:03Z,Louisville Cardinals,-110,-1.5,20260917193559929069
NCAAF,americanfootball_ncaaf,dbcfc3184e20d1ea45e910b89585071f,2026-09-19T19:30:00Z,Louisville Cardinals,SMU Mustangs,bovada,Bovada,2026-09-17T19:35:03Z,spreads,2026-09-17T19:35:03Z,SMU Mustangs,-110,1.5,20260917193559929069
NCAAF,americanfootball_ncaaf,dbcfc3184e20d1ea45e910b89585071f,2026-09-19T19:30:00Z,Louisville Cardinals,SMU Mustangs,bovada,Bovada,2026-09-17T19:35:03Z,totals,2026-09-17T19:35:03Z,Over,-115,59.0,20260917193559929069
NCAAF,americanfootball_ncaaf,dbcfc3184e20d1ea45e910b89585071f,2026-09-19T19:30:00Z,Louisville Cardinals,SMU Mustangs,bovada,Bovada,2026-09-17T19:35:03Z,totals,2026-09-17T19:35:03Z,Under,-105,59.0,20260917193559929069
NCAAF,americanfootball_ncaaf,f9b0ff34657875b54ee16b8254168159,2026-09-19T19:30:00Z,Michigan Wolverines,UTEP Miners,fanduel,FanDuel,2026-09-17T19:35:46Z,spreads,2026-09-17T19:35:46Z,Michigan Wolverines,-122,-34.5,20260917193559929069
NCAAF,americanfootball_ncaaf,f9b0ff34657875b54ee16b8254168159,2026-09-19T19:30:00Z,Michigan Wolverines,UTEP Miners,fanduel,FanDuel,2026-09-17T19:35:46Z,spreads,2026-09-17T19:35:46Z,UTEP Miners,100,34.5,20260917193559929069
NCAAF,americanfootball_ncaaf,f9b0ff34657875b54ee16b8254168159,2026-09-19T19:30:00Z,Michigan Wolverines,UTEP Miners,fanduel,FanDuel,2026-09-17T19:35:46Z,totals,2026-09-17T19:35:46Z,Over,-110,48.5,20260917193559929069
NCAAF,americanfootball_ncaaf,f9b0ff34657875b54ee16b8254168159,2026-09-19T19:30:00Z,Michigan Wolverines,UTEP Miners,fanduel,FanDuel,2026-09-17T19:35:46Z,totals,2026-09-17T19:35:46Z,Under,-110,48.5,20260917193559929069
NCAAF,americanfootball_ncaaf,f9b0ff34657875b54ee16b8254168159,2026-09-19T19:30:00Z,Michigan Wolverines,UTEP Miners,draftkings,DraftKings,2026-09-17T19:34:58Z,spreads,2026-09-17T19:34:58Z,Michigan Wolverines,-118,-34.5,20260917193559929069
NCAAF,americanfootball_ncaaf,f9b0ff34657875b54ee16b8254168159,2026-09-19T19:30:00Z,Michigan Wolverines,UTEP Miners,draftkings,DraftKings,2026-09-17T19:34:58Z,spreads,2026-09-17T19:34:58Z,UTEP Miners,-102,34.5,20260917193559929069
NCAAF,americanfootball_ncaaf,f9b0ff34657875b54ee16b8254168159,2026-09-19T19:30:00Z,Michigan Wolverines,UTEP Miners,draftkings,DraftKings,2026-09-17T19:34:58Z,totals,2026-09-17T19:34:58Z,Over,-105,48.5,20260917193559929069
NCAAF,americanfootball_ncaaf,f9b0ff34657875b54ee16b8254168159,2026-09-19T19:30:00Z,Michigan Wolverines,UTEP Miners,draftkings,DraftKings,2026-09-17T19:34:58Z,totals,2026-09-17T19:34:58Z,Under,-115,48.5,20260917193559929069
NCAAF,americanfootball_ncaaf,f9b0ff34657875b54ee16b8254168159,2026-09-19T19:30:00Z,Michigan Wolverines,UTEP Miners,lowvig,LowVig.ag,2026-09-17T19:35:22Z,spreads,2026-09-17T19:35:22Z,Michigan Wolverines,-106,-35.0,20260917193559929069
NCAAF,americanfootball_ncaaf,f9b0ff34657875b54ee16b8254168159,2026-09-19T19:30:00Z,Michigan Wolverines,UTEP Miners,lowvig,LowVig.ag,2026-09-17T19:35:22Z,spreads,2026-09-17T19:35:22Z,UTEP Miners,-106,35.0,20260917193559929069
NCAAF,americanfootball_ncaaf,f9b0ff34657875b54ee16b8254168159,2026-09-19T19:30:00Z,Michigan Wolverines,UTEP Miners,lowvig,LowVig.ag,2026-09-17T19:35:22Z,totals,2026-09-17T19:35:22Z,Over,-103,49.0,20260917193559929069
NCAAF,americanfootball_ncaaf,f9b0ff34657875b54ee16b8254168159,2026-09-19T19:30:00Z,Michigan Wolverines,UTEP Miners,lowvig,LowVig.ag,2026-09-17T19:35:22Z,totals,2026-09-17T19:35:22Z,Under,-114,49.0,20260917193559929069
NCAAF,americanfootball_ncaaf,f9b0ff34657875b54ee16b8254168159,2026-09-19T19:30:00Z,Michigan Wolverines,UTEP Miners,betonlineag,BetOnline.ag,2026-09-17T19:35:23Z,spreads,2026-09-17T19:35:23Z,Michigan Wolverines,-110,-35.0,20260917193559929069
NCAAF,americanfootball_ncaaf,f9b0ff34657875b54ee16b8254168159,2026-09-19T19:30:00Z,Michigan Wolverines,UTEP Miners,betonlineag,BetOnline.ag,2026-09-17T19:35:23Z,spreads,2026-09-17T19:35:23Z,UTEP Miners,-110,35.0,20260917193559929069
NCAAF,americanfootball_ncaaf,f9b0ff34657875b54ee16b8254168159,2026-09-19T19:30:00Z,Michigan Wolverines,UTEP Miners,betonlineag,BetOnline.ag,2026-09-17T19:35:23Z,totals,2026-09-17T19:35:23Z,Over,-105,49.0,20260917193559929069
NCAAF,americanfootball_ncaaf,f9b0ff34657875b54ee16b8254168159,2026-09-19T19:30:00Z,Michigan Wolverines,UTEP Miners,betonlineag,BetOnline.ag,2026-09-17T19:35:23Z,totals,2026-09-17T19:35:23Z,Under,-115,49.0,20260917193559929069
NCAAF,americanfootball_ncaaf,f9b0ff34657875b54ee16b8254168159,2026-09-19T19:30:00Z,Michigan Wolverines,UTEP Miners,betrivers,BetRivers,2026-09-17T19:34:38Z,spreads,2026-09-17T19:34:38Z,Michigan Wolverines,-110,-35.0,20260917193559929069
NCAAF,americanfootball_ncaaf,f9b0ff34657875b54ee16b8254168159,2026-09-19T19:30:00Z,Michigan Wolverines,UTEP Miners,betrivers,BetRivers,2026-09-17T19:34:38Z,spreads,2026-09-17T19:34:38Z,UTEP Miners,-113,35.0,20260917193559929069
NCAAF,americanfootball_ncaaf,f9b0ff34657875b54ee16b8254168159,2026-09-19T19:30:00Z,Michigan Wolverines,UTEP Miners,betrivers,BetRivers,2026-09-17T19:34:38Z,totals,2026-09-17T19:34:38Z,Over,-110,49.5,20260917193559929069
NCAAF,americanfootball_ncaaf,f9b0ff34657875b54ee16b8254168159,2026-09-19T19:30:00Z,Michigan Wolverines,UTEP Miners,betrivers,BetRivers,2026-09-17T19:34:38Z,totals,2026-09-17T19:34:38Z,Under,-113,49.5,20260917193559929069
NCAAF,americanfootball_ncaaf,f9b0ff34657875b54ee16b8254168159,2026-09-19T19:30:00Z,Michigan Wolverines,UTEP Miners,betmgm,BetMGM,2026-09-17T19:35:24Z,spreads,2026-09-17T19:35:24Z,Michigan Wolverines,-118,-35.5,20260917193559929069
NCAAF,americanfootball_ncaaf,f9b0ff34657875b54ee16b8254168159,2026-09-19T19:30:00Z,Michigan Wolverines,UTEP Miners,betmgm,BetMGM,2026-09-17T19:35:24Z,spreads,2026-09-17T19:35:24Z,UTEP Miners,-112,35.5,20260917193559929069
NCAAF,americanfootball_ncaaf,f9b0ff34657875b54ee16b8254168159,2026-09-19T19:30:00Z,Michigan Wolverines,UTEP Miners,betmgm,BetMGM,2026-09-17T19:35:24Z,totals,2026-09-17T19:35:24Z,Over,-108,48.5,20260917193559929069
NCAAF,americanfootball_ncaaf,f9b0ff34657875b54ee16b8254168159,2026-09-19T19:30:00Z,Michigan Wolverines,UTEP Miners,betmgm,BetMGM,2026-09-17T19:35:24Z,totals,2026-09-17T19:35:24Z,Under,-110,48.5,20260917193559929069
NCAAF,americanfootball_ncaaf,f9b0ff34657875b54ee16b8254168159,2026-09-19T19:30:00Z,Michigan Wolverines,UTEP Miners,betus,BetUS,2026-09-17T19:35:44Z,spreads,2026-09-17T19:35:44Z,Michigan Wolverines,-110,-35.0,20260917193559929069
NCAAF,americanfootball_ncaaf,f9b0ff34657875b54ee16b8254168159,2026-09-19T19:30:00Z,Michigan Wolverines,UTEP Miners,betus,BetUS,2026-09-17T19:35:44Z,spreads,2026-09-17T19:35:44Z,UTEP Miners,-110,35.0,20260917193559929069
NCAAF,americanfootball_ncaaf,f9b0ff34657875b54ee16b8254168159,2026-09-19T19:30:00Z,Michigan Wolverines,UTEP Miners,betus,BetUS,2026-09-17T19:35:44Z,totals,2026-09-17T19:35:44Z,Over,-110,48.5,20260917193559929069
NCAAF,americanfootball_ncaaf,f9b0ff34657875b54ee16b8254168159,2026-09-19T19:30:00Z,Michigan Wolverines,UTEP Miners,betus,BetUS,2026-09-17T19:35:44Z,totals,2026-09-17T19:35:44Z,Under,-110,48.5,20260917193559929069
NCAAF,americanfootball_ncaaf,f9b0ff34657875b54ee16b8254168159,2026-09-19T19:30:00Z,Michigan Wolverines,UTEP Miners,bovada,Bovada,2026-09-17T19:35:03Z,spreads,2026-09-17T19:35:03Z,Michigan Wolverines,-110,-35.0,20260917193559929069
NCAAF,americanfootball_ncaaf,f9b0ff34657875b54ee16b8254168159,2026-09-19T19:30:00Z,Michigan Wolverines,UTEP Miners,bovada,Bovada,2026-09-17T19:35:03Z,spreads,2026-09-17T19:35:03Z,UTEP Miners,-110,35.0,20260917193559929069
NCAAF,americanfootball_ncaaf,f9b0ff34657875b54ee16b8254168159,2026-09-19T19:30:00Z,Michigan Wolverines,UTEP Miners,bovada,Bovada,2026-09-17T19:35:03Z,totals,2026-09-17T19:35:03Z,Over,-110,48.5,20260917193559929069
NCAAF,americanfootball_ncaaf,f9b0ff34657875b54ee16b8254168159,2026-09-19T19:30:00Z,Michigan Wolverines,UTEP Miners,bovada,Bovada,2026-09-17T19:35:03Z,totals,2026-09-17T19:35:03Z,Under,-110,48.5,20260917193559929069
NCAAF,americanfootball_ncaaf,8b31d45a11a98ec8e6a9a9a5368a1bf4,2026-09-19T19:30:00Z,Rutgers Scarlet Knights,USC Trojans,fanduel,FanDuel,2026-09-17T19:35:46Z,h2h,2026-09-17T19:35:46Z,Rutgers Scarlet Knights,1160,,20260917193559929069
NCAAF,americanfootball_ncaaf,8b31d45a11a98ec8e6a9a9a5368a1bf4,2026-09-19T19:30:00Z,Rutgers Scarlet Knights,USC Trojans,fanduel,FanDuel,2026-09-17T19:35:46Z,h2h,2026-09-17T19:35:46Z,USC Trojans,-2800,,20260917193559929069
NCAAF,americanfootball_ncaaf,8b31d45a11a98ec8e6a9a9a5368a1bf4,2026-09-19T19:30:00Z,Rutgers Scarlet Knights,USC Trojans,fanduel,FanDuel,2026-09-17T19:35:46Z,spreads,2026-09-17T19:35:46Z,Rutgers Scarlet Knights,-110,22.5,20260917193559929069
NCAAF,americanfootball_ncaaf,8b31d45a11a98ec8e6a9a9a5368a1bf4,2026-09-19T19:30:00Z,Rutgers Scarlet Knights,USC Trojans,fanduel,FanDuel,2026-09-17T19:35:46Z,spreads,2026-09-17T19:35:46Z,USC Trojans,-110,-22.5,20260917193559929069
NCAAF,americanfootball_ncaaf,8b31d45a11a98ec8e6a9a9a5368a1bf4,2026-09-19T19:30:00Z,Rutgers Scarlet Knights,USC Trojans,fanduel,FanDuel,2026-09-17T19:35:46Z,totals,2026-09-17T19:35:46Z,Over,-110,59.5,20260917193559929069
NCAAF,americanfootball_ncaaf,8b31d45a11a98ec8e6a9a9a5368a1bf4,2026-09-19T19:30:00Z,Rutgers Scarlet Knights,USC Trojans,fanduel,FanDuel,2026-09-17T19:35:46Z,totals,2026-09-17T19:35:46Z,Under,-110,59.5,20260917193559929069
NCAAF,americanfootball_ncaaf,8b31d45a11a98ec8e6a9a9a5368a1bf4,2026-09-19T19:30:00Z,Rutgers Scarlet Knights,USC Trojans,draftkings,DraftKings,2026-09-17T19:34:58Z,h2h,2026-09-17T19:34:58Z,Rutgers Scarlet Knights,1000,,20260917193559929069
NCAAF,americanfootball_ncaaf,8b31d45a11a98ec8e6a9a9a5368a1bf4,2026-09-19T19:30:00Z,Rutgers Scarlet Knights,USC Trojans,draftkings,DraftKings,2026-09-17T19:34:58Z,h2h,2026-09-17T19:34:58Z,USC Trojans,-1800,,20260917193559929069
NCAAF,americanfootball_ncaaf,8b31d45a11a98ec8e6a9a9a5368a1bf4,2026-09-19T19:30:00Z,Rutgers Scarlet Knights,USC Trojans,draftkings,DraftKings,2026-09-17T19:34:58Z,spreads,2026-09-17T19:34:58Z,Rutgers Scarlet Knights,-108,21.5,20260917193559929069
NCAAF,americanfootball_ncaaf,8b31d45a11a98ec8e6a9a9a5368a1bf4,2026-09-19T19:30:00Z,Rutgers Scarlet Knights,USC Trojans,draftkings,DraftKings,2026-09-17T19:34:58Z,spreads,2026-09-17T19:34:58Z,USC Trojans,-112,-21.5,20260917193559929069
NCAAF,americanfootball_ncaaf,8b31d45a11a98ec8e6a9a9a5368a1bf4,2026-09-19T19:30:00Z,Rutgers Scarlet Knights,USC Trojans,draftkings,DraftKings,2026-09-17T19:34:58Z,totals,2026-09-17T19:34:58Z,Over,-108,59.5,20260917193559929069
NCAAF,americanfootball_ncaaf,8b31d45a11a98ec8e6a9a9a5368a1bf4,2026-09-19T19:30:00Z,Rutgers Scarlet Knights,USC Trojans,draftkings,DraftKings,2026-09-17T19:34:58Z,totals,2026-09-17T19:34:58Z,Under,-112,59.5,20260917193559929069
NCAAF,americanfootball_ncaaf,8b31d45a11a98ec8e6a9a9a5368a1bf4,2026-09-19T19:30:00Z,Rutgers Scarlet Knights,USC Trojans,lowvig,LowVig.ag,2026-09-17T19:35:22Z,h2h,2026-09-17T19:35:22Z,Rutgers Scarlet Knights,1096,,20260917193559929069
NCAAF,americanfootball_ncaaf,8b31d45a11a98ec8e6a9a9a5368a1bf4,2026-09-19T19:30:00Z,Rutgers Scarlet Knights,USC Trojans,lowvig,LowVig.ag,2026-09-17T19:35:22Z,h2h,2026-09-17T19:35:22Z,USC Trojans,-2200,,20260917193559929069
NCAAF,americanfootball_ncaaf,8b31d45a11a98ec8e6a9a9a5368a1bf4,2026-09-19T19:30:00Z,Rutgers Scarlet Knights,USC Trojans,lowvig,LowVig.ag,2026-09-17T19:35:22Z,spreads,2026-09-17T19:35:22Z,Rutgers Scarlet Knights,-106,21.5,20260917193559929069
NCAAF,americanfootball_ncaaf,8b31d45a11a98ec8e6a9a9a5368a1bf4,2026-09-19T19:30:00Z,Rutgers Scarlet Knights,USC Trojans,lowvig,LowVig.ag,2026-09-17T19:35:22Z,spreads,2026-09-17T19:35:22Z,USC Trojans,-106,-21.5,20260917193559929069
NCAAF,americanfootball_ncaaf,8b31d45a11a98ec8e6a9a9a5368a1bf4,2026-09-19T19:30:00Z,Rutgers Scarlet Knights,USC Trojans,lowvig,LowVig.ag,2026-09-17T19:35:22Z,totals,2026-09-17T19:35:22Z,Over,-106,59.5,20260917193559929069
NCAAF,americanfootball_ncaaf,8b31d45a11a98ec8e6a9a9a5368a1bf4,2026-09-19T19:30:00Z,Rutgers Scarlet Knights,USC Trojans,lowvig,LowVig.ag,2026-09-17T19:35:22Z,totals,2026-09-17T19:35:22Z,Under,-110,59.5,20260917193559929069
NCAAF,americanfootball_ncaaf,8b31d45a11a98ec8e6a9a9a5368a1bf4,2026-09-19T19:30:00Z,Rutgers Scarlet Knights,USC Trojans,betonlineag,BetOnline.ag,2026-09-17T19:35:23Z,h2h,2026-09-17T19:35:23Z,Rutgers Scarlet Knights,1096,,20260917193559929069
NCAAF,americanfootball_ncaaf,8b31d45a11a98ec8e6a9a9a5368a1bf4,2026-09-19T19:30:00Z,Rutgers Scarlet Knights,USC Trojans,betonlineag,BetOnline.ag,2026-09-17T19:35:23Z,h2h,2026-09-17T19:35:23Z,USC Trojans,-2200,,20260917193559929069
NCAAF,americanfootball_ncaaf,8b31d45a11a98ec8e6a9a9a5368a1bf4,2026-09-19T19:30:00Z,Rutgers Scarlet Knights,USC Trojans,betonlineag,BetOnline.ag,2026-09-17T19:35:23Z,spreads,2026-09-17T19:35:23Z,Rutgers Scarlet Knights,-110,21.5,20260917193559929069
NCAAF,americanfootball_ncaaf,8b31d45a11a98ec8e6a9a9a5368a1bf4,2026-09-19T19:30:00Z,Rutgers Scarlet Knights,USC Trojans,betonlineag,BetOnline.ag,2026-09-17T19:35:23Z,spreads,2026-09-17T19:35:23Z,USC Trojans,-110,-21.5,20260917193559929069
NCAAF,americanfootball_ncaaf,8b31d45a11a98ec8e6a9a9a5368a1bf4,2026-09-19T19:30:00Z,Rutgers Scarlet Knights,USC Trojans,betonlineag,BetOnline.ag,2026-09-17T19:35:23Z,totals,2026-09-17T19:35:23Z,Over,-108,59.5,20260917193559929069
NCAAF,americanfootball_ncaaf,8b31d45a11a98ec8e6a9a9a5368a1bf4,2026-09-19T19:30:00Z,Rutgers Scarlet Knights,USC Trojans,betonlineag,BetOnline.ag,2026-09-17T19:35:23Z,totals,2026-09-17T19:35:23Z,Under,-112,59.5,20260917193559929069
NCAAF,americanfootball_ncaaf,8b31d45a11a98ec8e6a9a9a5368a1bf4,2026-09-19T19:30:00Z,Rutgers Scarlet Knights,USC Trojans,betrivers,BetRivers,2026-09-17T19:34:38Z,h2h,2026-09-17T19:34:38Z,Rutgers Scarlet Knights,1300,,20260917193559929069
NCAAF,americanfootball_ncaaf,8b31d45a11a98ec8e6a9a9a5368a1bf4,2026-09-19T19:30:00Z,Rutgers Scarlet Knights,USC Trojans,betrivers,BetRivers,2026-09-17T19:34:38Z,h2h,2026-09-17T19:34:38Z,USC Trojans,-5000,,20260917193559929069
NCAAF,americanfootball_ncaaf,8b31d45a11a98ec8e6a9a9a5368a1bf4,2026-09-19T19:30:00Z,Rutgers Scarlet Knights,USC Trojans,betrivers,BetRivers,2026-09-17T19:34:38Z,spreads,2026-09-17T19:34:38Z,Rutgers Scarlet Knights,-110,22.5,20260917193559929069
NCAAF,americanfootball_ncaaf,8b31d45a11a98ec8e6a9a9a5368a1bf4,2026-09-19T19:30:00Z,Rutgers Scarlet Knights,USC Trojans,betrivers,BetRivers,2026-09-17T19:34:38Z,spreads,2026-09-17T19:34:38Z,USC Trojans,-112,-22.5,20260917193559929069
NCAAF,americanfootball_ncaaf,8b31d45a11a98ec8e6a9a9a5368a1bf4,2026-09-19T19:30:00Z,Rutgers Scarlet Knights,USC Trojans,betrivers,BetRivers,2026-09-17T19:34:38Z,totals,2026-09-17T19:34:38Z,Over,-109,59.5,20260917193559929069
NCAAF,americanfootball_ncaaf,8b31d45a11a98ec8e6a9a9a5368a1bf4,2026-09-19T19:30:00Z,Rutgers Scarlet Knights,USC Trojans,betrivers,BetRivers,2026-09-17T19:34:38Z,totals,2026-09-17T19:34:38Z,Under,-114,59.5,20260917193559929069
NCAAF,americanfootball_ncaaf,8b31d45a11a98ec8e6a9a9a5368a1bf4,2026-09-19T19:30:00Z,Rutgers Scarlet Knights,USC Trojans,betmgm,BetMGM,2026-09-17T19:35:24Z,h2h,2026-09-17T19:35:24Z,Rutgers Scarlet Knights,1150,,20260917193559929069
NCAAF,americanfootball_ncaaf,8b31d45a11a98ec8e6a9a9a5368a1bf4,2026-09-19T19:30:00Z,Rutgers Scarlet Knights,USC Trojans,betmgm,BetMGM,2026-09-17T19:35:24Z,h2h,2026-09-17T19:35:24Z,USC Trojans,-2000,,20260917193559929069
NCAAF,americanfootball_ncaaf,8b31d45a11a98ec8e6a9a9a5368a1bf4,2026-09-19T19:30:00Z,Rutgers Scarlet Knights,USC Trojans,betmgm,BetMGM,2026-09-17T19:35:24Z,spreads,2026-09-17T19:35:24Z,Rutgers Scarlet Knights,-110,22.0,20260917193559929069
NCAAF,americanfootball_ncaaf,8b31d45a11a98ec8e6a9a9a5368a1bf4,2026-09-19T19:30:00Z,Rutgers Scarlet Knights,USC Trojans,betmgm,BetMGM,2026-09-17T19:35:24Z,spreads,2026-09-17T19:35:24Z,USC Trojans,-108,-22.0,20260917193559929069
NCAAF,americanfootball_ncaaf,8b31d45a11a98ec8e6a9a9a5368a1bf4,2026-09-19T19:30:00Z,Rutgers Scarlet Knights,USC Trojans,betmgm,BetMGM,2026-09-17T19:35:24Z,totals,2026-09-17T19:35:24Z,Over,-108,59.5,20260917193559929069
NCAAF,americanfootball_ncaaf,8b31d45a11a98ec8e6a9a9a5368a1bf4,2026-09-19T19:30:00Z,Rutgers Scarlet Knights,USC Trojans,betmgm,BetMGM,2026-09-17T19:35:24Z,totals,2026-09-17T19:35:24Z,Under,-110,59.5,20260917193559929069
NCAAF,americanfootball_ncaaf,8b31d45a11a98ec8e6a9a9a5368a1bf4,2026-09-19T19:30:00Z,Rutgers Scarlet Knights,USC Trojans,betus,BetUS,2026-09-17T19:35:44Z,h2h,2026-09-17T19:35:44Z,Rutgers Scarlet Knights,1100,,20260917193559929069
NCAAF,americanfootball_ncaaf,8b31d45a11a98ec8e6a9a9a5368a1bf4,2026-09-19T19:30:00Z,Rutgers Scarlet Knights,USC Trojans,betus,BetUS,2026-09-17T19:35:44Z,h2h,2026-09-17T19:35:44Z,USC Trojans,-2200,,20260917193559929069
NCAAF,americanfootball_ncaaf,8b31d45a11a98ec8e6a9a9a5368a1bf4,2026-09-19T19:30:00Z,Rutgers Scarlet Knights,USC Trojans,betus,BetUS,2026-09-17T19:35:44Z,spreads,2026-09-17T19:35:44Z,Rutgers Scarlet Knights,-110,21.5,20260917193559929069
NCAAF,americanfootball_ncaaf,8b31d45a11a98ec8e6a9a9a5368a1bf4,2026-09-19T19:30:00Z,Rutgers Scarlet Knights,USC Trojans,betus,BetUS,2026-09-17T19:35:44Z,spreads,2026-09-17T19:35:44Z,USC Trojans,-110,-21.5,20260917193559929069
NCAAF,americanfootball_ncaaf,8b31d45a11a98ec8e6a9a9a5368a1bf4,2026-09-19T19:30:00Z,Rutgers Scarlet Knights,USC Trojans,betus,BetUS,2026-09-17T19:35:44Z,totals,2026-09-17T19:35:44Z,Over,-110,59.5,20260917193559929069
NCAAF,americanfootball_ncaaf,8b31d45a11a98ec8e6a9a9a5368a1bf4,2026-09-19T19:30:00Z,Rutgers Scarlet Knights,USC Trojans,betus,BetUS,2026-09-17T19:35:44Z,totals,2026-09-17T19:35:44Z,Under,-110,59.5,20260917193559929069
NCAAF,americanfootball_ncaaf,8b31d45a11a98ec8e6a9a9a5368a1bf4,2026-09-19T19:30:00Z,Rutgers Scarlet Knights,USC Trojans,bovada,Bovada,2026-09-17T19:35:03Z,h2h,2026-09-17T19:35:03Z,Rutgers Scarlet Knights,1000,,20260917193559929069
NCAAF,americanfootball_ncaaf,8b31d45a11a98ec8e6a9a9a5368a1bf4,2026-09-19T19:30:00Z,Rutgers Scarlet Knights,USC Trojans,bovada,Bovada,2026-09-17T19:35:03Z,h2h,2026-09-17T19:35:03Z,USC Trojans,-2200,,20260917193559929069
NCAAF,americanfootball_ncaaf,8b31d45a11a98ec8e6a9a9a5368a1bf4,2026-09-19T19:30:00Z,Rutgers Scarlet Knights,USC Trojans,bovada,Bovada,2026-09-17T19:35:03Z,spreads,2026-09-17T19:35:03Z,Rutgers Scarlet Knights,-115,23.0,20260917193559929069
NCAAF,americanfootball_ncaaf,8b31d45a11a98ec8e6a9a9a5368a1bf4,2026-09-19T19:30:00Z,Rutgers Scarlet Knights,USC Trojans,bovada,Bovada,2026-09-17T19:35:03Z,spreads,2026-09-17T19:35:03Z,USC Trojans,-105,-23.0,20260917193559929069
NCAAF,americanfootball_ncaaf,8b31d45a11a98ec8e6a9a9a5368a1bf4,2026-09-19T19:30:00Z,Rutgers Scarlet Knights,USC Trojans,bovada,Bovada,2026-09-17T19:35:03Z,totals,2026-09-17T19:35:03Z,Over,-105,59.5,20260917193559929069
NCAAF,americanfootball_ncaaf,8b31d45a11a98ec8e6a9a9a5368a1bf4,2026-09-19T19:30:00Z,Rutgers Scarlet Knights,USC Trojans,bovada,Bovada,2026-09-17T19:35:03Z,totals,2026-09-17T19:35:03Z,Under,-115,59.5,20260917193559929069
NCAAF,americanfootball_ncaaf,a25ab1dfd8fdb11a06a6a4b5c707d266,2026-09-19T19:30:00Z,UMass Minutemen,Stonehill Skyhawks,fanduel,FanDuel,2026-09-17T19:35:46Z,spreads,2026-09-17T19:35:46Z,Stonehill Skyhawks,-112,33.5,20260917193559929069
NCAAF,americanfootball_ncaaf,a25ab1dfd8fdb11a06a6a4b5c707d266,2026-09-19T19:30:00Z,UMass Minutemen,Stonehill Skyhawks,fanduel,FanDuel,2026-09-17T19:35:46Z,spreads,2026-09-17T19:35:46Z,UMass Minutemen,-108,-33.5,20260917193559929069
NCAAF,americanfootball_ncaaf,a25ab1dfd8fdb11a06a6a4b5c707d266,2026-09-19T19:30:00Z,UMass Minutemen,Stonehill Skyhawks,fanduel,FanDuel,2026-09-17T19:35:46Z,totals,2026-09-17T19:35:46Z,Over,-115,49.5,20260917193559929069
NCAAF,americanfootball_ncaaf,a25ab1dfd8fdb11a06a6a4b5c707d266,2026-09-19T19:30:00Z,UMass Minutemen,Stonehill Skyhawks,fanduel,FanDuel,2026-09-17T19:35:46Z,totals,2026-09-17T19:35:46Z,Under,-105,49.5,20260917193559929069
NCAAF,americanfootball_ncaaf,a25ab1dfd8fdb11a06a6a4b5c707d266,2026-09-19T19:30:00Z,UMass Minutemen,Stonehill Skyhawks,draftkings,DraftKings,2026-09-17T19:34:58Z,spreads,2026-09-17T19:34:58Z,Stonehill Skyhawks,-112,33.5,20260917193559929069
NCAAF,americanfootball_ncaaf,a25ab1dfd8fdb11a06a6a4b5c707d266,2026-09-19T19:30:00Z,UMass Minutemen,Stonehill Skyhawks,draftkings,DraftKings,2026-09-17T19:34:58Z,spreads,2026-09-17T19:34:58Z,UMass Minutemen,-108,-33.5,20260917193559929069
NCAAF,americanfootball_ncaaf,a25ab1dfd8fdb11a06a6a4b5c707d266,2026-09-19T19:30:00Z,UMass Minutemen,Stonehill Skyhawks,draftkings,DraftKings,2026-09-17T19:34:58Z,totals,2026-09-17T19:34:58Z,Over,-115,49.5,20260917193559929069
NCAAF,americanfootball_ncaaf,a25ab1dfd8fdb11a06a6a4b5c707d266,2026-09-19T19:30:00Z,UMass Minutemen,Stonehill Skyhawks,draftkings,DraftKings,2026-09-17T19:34:58Z,totals,2026-09-17T19:34:58Z,Under,-105,49.5,20260917193559929069
NCAAF,americanfootball_ncaaf,a25ab1dfd8fdb11a06a6a4b5c707d266,2026-09-19T19:30:00Z,UMass Minutemen,Stonehill Skyhawks,betrivers,BetRivers,2026-09-17T19:34:38Z,spreads,2026-09-17T19:34:38Z,Stonehill Skyhawks,-110,34.0,20260917193559929069
NCAAF,americanfootball_ncaaf,a25ab1dfd8fdb11a06a6a4b5c707d266,2026-09-19T19:30:00Z,UMass Minutemen,Stonehill Skyhawks,betrivers,BetRivers,2026-09-17T19:34:38Z,spreads,2026-09-17T19:34:38Z,UMass Minutemen,-113,-34.0,20260917193559929069
NCAAF,americanfootball_ncaaf,a25ab1dfd8fdb11a06a6a4b5c707d266,2026-09-19T19:30:00Z,UMass Minutemen,Stonehill Skyhawks,betrivers,BetRivers,2026-09-17T19:34:38Z,totals,2026-09-17T19:34:38Z,Over,-113,49.5,20260917193559929069
NCAAF,americanfootball_ncaaf,a25ab1dfd8fdb11a06a6a4b5c707d266,2026-09-19T19:30:00Z,UMass Minutemen,Stonehill Skyhawks,betrivers,BetRivers,2026-09-17T19:34:38Z,totals,2026-09-17T19:34:38Z,Under,-113,49.5,20260917193559929069
NCAAF,americanfootball_ncaaf,a25ab1dfd8fdb11a06a6a4b5c707d266,2026-09-19T19:30:00Z,UMass Minutemen,Stonehill Skyhawks,lowvig,LowVig.ag,2026-09-17T19:35:22Z,spreads,2026-09-17T19:35:22Z,Stonehill Skyhawks,-115,33.5,20260917193559929069
NCAAF,americanfootball_ncaaf,a25ab1dfd8fdb11a06a6a4b5c707d266,2026-09-19T19:30:00Z,UMass Minutemen,Stonehill Skyhawks,lowvig,LowVig.ag,2026-09-17T19:35:22Z,spreads,2026-09-17T19:35:22Z,UMass Minutemen,-115,-33.5,20260917193559929069
NCAAF,americanfootball_ncaaf,a25ab1dfd8fdb11a06a6a4b5c707d266,2026-09-19T19:30:00Z,UMass Minutemen,Stonehill Skyhawks,lowvig,LowVig.ag,2026-09-17T19:35:22Z,totals,2026-09-17T19:35:22Z,Over,-120,49.5,20260917193559929069
NCAAF,americanfootball_ncaaf,a25ab1dfd8fdb11a06a6a4b5c707d266,2026-09-19T19:30:00Z,UMass Minutemen,Stonehill Skyhawks,lowvig,LowVig.ag,2026-09-17T19:35:22Z,totals,2026-09-17T19:35:22Z,Under,-110,49.5,20260917193559929069
NCAAF,americanfootball_ncaaf,a25ab1dfd8fdb11a06a6a4b5c707d266,2026-09-19T19:30:00Z,UMass Minutemen,Stonehill Skyhawks,betonlineag,BetOnline.ag,2026-09-17T19:35:23Z,spreads,2026-09-17T19:35:23Z,Stonehill Skyhawks,-115,33.5,20260917193559929069
NCAAF,americanfootball_ncaaf,a25ab1dfd8fdb11a06a6a4b5c707d266,2026-09-19T19:30:00Z,UMass Minutemen,Stonehill Skyhawks,betonlineag,BetOnline.ag,2026-09-17T19:35:23Z,spreads,2026-09-17T19:35:23Z,UMass Minutemen,-115,-33.5,20260917193559929069
NCAAF,americanfootball_ncaaf,a25ab1dfd8fdb11a06a6a4b5c707d266,2026-09-19T19:30:00Z,UMass Minutemen,Stonehill Skyhawks,betonlineag,BetOnline.ag,2026-09-17T19:35:23Z,totals,2026-09-17T19:35:23Z,Over,-120,49.5,20260917193559929069
NCAAF,americanfootball_ncaaf,a25ab1dfd8fdb11a06a6a4b5c707d266,2026-09-19T19:30:00Z,UMass Minutemen,Stonehill Skyhawks,betonlineag,BetOnline.ag,2026-09-17T19:35:23Z,totals,2026-09-17T19:35:23Z,Under,-110,49.5,20260917193559929069
NCAAF,americanfootball_ncaaf,9a94b95365b9c78fbfb612ce4c859eda,2026-09-19T19:30:00Z,Utah Utes,Utah State Aggies,fanduel,FanDuel,2026-09-17T19:35:46Z,h2h,2026-09-17T19:35:46Z,Utah State Aggies,2000,,20260917193559929069
NCAAF,americanfootball_ncaaf,9a94b95365b9c78fbfb612ce4c859eda,2026-09-19T19:30:00Z,Utah Utes,Utah State Aggies,fanduel,FanDuel,2026-09-17T19:35:46Z,h2h,2026-09-17T19:35:46Z,Utah Utes,-7000,,20260917193559929069
NCAAF,americanfootball_ncaaf,9a94b95365b9c78fbfb612ce4c859eda,2026-09-19T19:30:00Z,Utah Utes,Utah State Aggies,fanduel,FanDuel,2026-09-17T19:35:46Z,spreads,2026-09-17T19:35:46Z,Utah State Aggies,-102,27.5,20260917193559929069
NCAAF,americanfootball_ncaaf,9a94b95365b9c78fbfb612ce4c859eda,2026-09-19T19:30:00Z,Utah Utes,Utah State Aggies,fanduel,FanDuel,2026-09-17T19:35:46Z,spreads,2026-09-17T19:35:46Z,Utah Utes,-120,-27.5,20260917193559929069
NCAAF,americanfootball_ncaaf,9a94b95365b9c78fbfb612ce4c859eda,2026-09-19T19:30:00Z,Utah Utes,Utah State Aggies,fanduel,FanDuel,2026-09-17T19:35:46Z,totals,2026-09-17T19:35:46Z,Over,-115,56.5,20260917193559929069
NCAAF,americanfootball_ncaaf,9a94b95365b9c78fbfb612ce4c859eda,2026-09-19T19:30:00Z,Utah Utes,Utah State Aggies,fanduel,FanDuel,2026-09-17T19:35:46Z,totals,2026-09-17T19:35:46Z,Under,-105,56.5,20260917193559929069
NCAAF,americanfootball_ncaaf,9a94b95365b9c78fbfb612ce4c859eda,2026-09-19T19:30:00Z,Utah Utes,Utah State Aggies,betrivers,BetRivers,2026-09-17T19:34:38Z,spreads,2026-09-17T19:34:38Z,Utah State Aggies,-110,27.5,20260917193559929069
NCAAF,americanfootball_ncaaf,9a94b95365b9c78fbfb612ce4c859eda,2026-09-19T19:30:00Z,Utah Utes,Utah State Aggies,betrivers,BetRivers,2026-09-17T19:34:38Z,spreads,2026-09-17T19:34:38Z,Utah Utes,-113,-27.5,20260917193559929069
NCAAF,americanfootball_ncaaf,9a94b95365b9c78fbfb612ce4c859eda,2026-09-19T19:30:00Z,Utah Utes,Utah State Aggies,betrivers,BetRivers,2026-09-17T19:34:38Z,totals,2026-09-17T19:34:38Z,Over,-109,56.5,20260917193559929069
NCAAF,americanfootball_ncaaf,9a94b95365b9c78fbfb612ce4c859eda,2026-09-19T19:30:00Z,Utah Utes,Utah State Aggies,betrivers,BetRivers,2026-09-17T19:34:38Z,totals,2026-09-17T19:34:38Z,Under,-114,56.5,20260917193559929069
NCAAF,americanfootball_ncaaf,9a94b95365b9c78fbfb612ce4c859eda,2026-09-19T19:30:00Z,Utah Utes,Utah State Aggies,draftkings,DraftKings,2026-09-17T19:34:58Z,h2h,2026-09-17T19:34:58Z,Utah State Aggies,1800,,20260917193559929069
NCAAF,americanfootball_ncaaf,9a94b95365b9c78fbfb612ce4c859eda,2026-09-19T19:30:00Z,Utah Utes,Utah State Aggies,draftkings,DraftKings,2026-09-17T19:34:58Z,h2h,2026-09-17T19:34:58Z,Utah Utes,-5000,,20260917193559929069
NCAAF,americanfootball_ncaaf,9a94b95365b9c78fbfb612ce4c859eda,2026-09-19T19:30:00Z,Utah Utes,Utah State Aggies,draftkings,DraftKings,2026-09-17T19:34:58Z,spreads,2026-09-17T19:34:58Z,Utah State Aggies,-105,27.5,20260917193559929069
NCAAF,americanfootball_ncaaf,9a94b95365b9c78fbfb612ce4c859eda,2026-09-19T19:30:00Z,Utah Utes,Utah State Aggies,draftkings,DraftKings,2026-09-17T19:34:58Z,spreads,2026-09-17T19:34:58Z,Utah Utes,-115,-27.5,20260917193559929069
NCAAF,americanfootball_ncaaf,9a94b95365b9c78fbfb612ce4c859eda,2026-09-19T19:30:00Z,Utah Utes,Utah State Aggies,draftkings,DraftKings,2026-09-17T19:34:58Z,totals,2026-09-17T19:34:58Z,Over,-112,56.5,20260917193559929069
NCAAF,americanfootball_ncaaf,9a94b95365b9c78fbfb612ce4c859eda,2026-09-19T19:30:00Z,Utah Utes,Utah State Aggies,draftkings,DraftKings,2026-09-17T19:34:58Z,totals,2026-09-17T19:34:58Z,Under,-108,56.5,20260917193559929069
NCAAF,americanfootball_ncaaf,9a94b95365b9c78fbfb612ce4c859eda,2026-09-19T19:30:00Z,Utah Utes,Utah State Aggies,betonlineag,BetOnline.ag,2026-09-17T19:35:23Z,spreads,2026-09-17T19:35:23Z,Utah State Aggies,-113,28.0,20260917193559929069
NCAAF,americanfootball_ncaaf,9a94b95365b9c78fbfb612ce4c859eda,2026-09-19T19:30:00Z,Utah Utes,Utah State Aggies,betonlineag,BetOnline.ag,2026-09-17T19:35:23Z,spreads,2026-09-17T19:35:23Z,Utah Utes,-107,-28.0,20260917193559929069
NCAAF,americanfootball_ncaaf,9a94b95365b9c78fbfb612ce4c859eda,2026-09-19T19:30:00Z,Utah Utes,Utah State Aggies,betonlineag,BetOnline.ag,2026-09-17T19:35:23Z,totals,2026-09-17T19:35:23Z,Over,-110,57.0,20260917193559929069
NCAAF,americanfootball_ncaaf,9a94b95365b9c78fbfb612ce4c859eda,2026-09-19T19:30:00Z,Utah Utes,Utah State Aggies,betonlineag,BetOnline.ag,2026-09-17T19:35:23Z,totals,2026-09-17T19:35:23Z,Under,-110,57.0,20260917193559929069
NCAAF,americanfootball_ncaaf,9a94b95365b9c78fbfb612ce4c859eda,2026-09-19T19:30:00Z,Utah Utes,Utah State Aggies,betmgm,BetMGM,2026-09-17T19:35:24Z,h2h,2026-09-17T19:35:24Z,Utah State Aggies,2200,,20260917193559929069
NCAAF,americanfootball_ncaaf,9a94b95365b9c78fbfb612ce4c859eda,2026-09-19T19:30:00Z,Utah Utes,Utah State Aggies,betmgm,BetMGM,2026-09-17T19:35:24Z,h2h,2026-09-17T19:35:24Z,Utah Utes,-5000,,20260917193559929069
NCAAF,americanfootball_ncaaf,9a94b95365b9c78fbfb612ce4c859eda,2026-09-19T19:30:00Z,Utah Utes,Utah State Aggies,betmgm,BetMGM,2026-09-17T19:35:24Z,spreads,2026-09-17T19:35:24Z,Utah State Aggies,-110,28.0,20260917193559929069
NCAAF,americanfootball_ncaaf,9a94b95365b9c78fbfb612ce4c859eda,2026-09-19T19:30:00Z,Utah Utes,Utah State Aggies,betmgm,BetMGM,2026-09-17T19:35:24Z,spreads,2026-09-17T19:35:24Z,Utah Utes,-108,-28.0,20260917193559929069
NCAAF,americanfootball_ncaaf,9a94b95365b9c78fbfb612ce4c859eda,2026-09-19T19:30:00Z,Utah Utes,Utah State Aggies,betmgm,BetMGM,2026-09-17T19:35:24Z,totals,2026-09-17T19:35:24Z,Over,-115,56.5,20260917193559929069
NCAAF,americanfootball_ncaaf,9a94b95365b9c78fbfb612ce4c859eda,2026-09-19T19:30:00Z,Utah Utes,Utah State Aggies,betmgm,BetMGM,2026-09-17T19:35:24Z,totals,2026-09-17T19:35:24Z,Under,-115,56.5,20260917193559929069
NCAAF,americanfootball_ncaaf,9a94b95365b9c78fbfb612ce4c859eda,2026-09-19T19:30:00Z,Utah Utes,Utah State Aggies,betus,BetUS,2026-09-17T19:35:44Z,spreads,2026-09-17T19:35:44Z,Utah State Aggies,-110,28.0,20260917193559929069
NCAAF,americanfootball_ncaaf,9a94b95365b9c78fbfb612ce4c859eda,2026-09-19T19:30:00Z,Utah Utes,Utah State Aggies,betus,BetUS,2026-09-17T19:35:44Z,spreads,2026-09-17T19:35:44Z,Utah Utes,-110,-28.0,20260917193559929069
NCAAF,americanfootball_ncaaf,9a94b95365b9c78fbfb612ce4c859eda,2026-09-19T19:30:00Z,Utah Utes,Utah State Aggies,betus,BetUS,2026-09-17T19:35:44Z,totals,2026-09-17T19:35:44Z,Over,-110,57.0,20260917193559929069
NCAAF,americanfootball_ncaaf,9a94b95365b9c78fbfb612ce4c859eda,2026-09-19T19:30:00Z,Utah Utes,Utah State Aggies,betus,BetUS,2026-09-17T19:35:44Z,totals,2026-09-17T19:35:44Z,Under,-110,57.0,20260917193559929069
NCAAF,americanfootball_ncaaf,9a94b95365b9c78fbfb612ce4c859eda,2026-09-19T19:30:00Z,Utah Utes,Utah State Aggies,bovada,Bovada,2026-09-17T19:35:03Z,spreads,2026-09-17T19:35:03Z,Utah State Aggies,-110,28.0,20260917193559929069
NCAAF,americanfootball_ncaaf,9a94b95365b9c78fbfb612ce4c859eda,2026-09-19T19:30:00Z,Utah Utes,Utah State Aggies,bovada,Bovada,2026-09-17T19:35:03Z,spreads,2026-09-17T19:35:03Z,Utah Utes,-110,-28.0,20260917193559929069
NCAAF,americanfootball_ncaaf,9a94b95365b9c78fbfb612ce4c859eda,2026-09-19T19:30:00Z,Utah Utes,Utah State Aggies,bovada,Bovada,2026-09-17T19:35:03Z,totals,2026-09-17T19:35:03Z,Over,-110,57.0,20260917193559929069
NCAAF,americanfootball_ncaaf,9a94b95365b9c78fbfb612ce4c859eda,2026-09-19T19:30:00Z,Utah Utes,Utah State Aggies,bovada,Bovada,2026-09-17T19:35:03Z,totals,2026-09-17T19:35:03Z,Under,-110,57.0,20260917193559929069
NCAAF,americanfootball_ncaaf,089e1a60578160dd6828794656461ba5,2026-09-19T20:00:00Z,Liberty Flames,Ball State Cardinals,fanduel,FanDuel,2026-09-17T19:35:46Z,h2h,2026-09-17T19:35:46Z,Ball State Cardinals,540,,20260917193559929069
NCAAF,americanfootball_ncaaf,089e1a60578160dd6828794656461ba5,2026-09-19T20:00:00Z,Liberty Flames,Ball State Cardinals,fanduel,FanDuel,2026-09-17T19:35:46Z,h2h,2026-09-17T19:35:46Z,Liberty Flames,-800,,20260917193559929069
NCAAF,americanfootball_ncaaf,089e1a60578160dd6828794656461ba5,2026-09-19T20:00:00Z,Liberty Flames,Ball State Cardinals,fanduel,FanDuel,2026-09-17T19:35:46Z,spreads,2026-09-17T19:35:46Z,Ball State Cardinals,-115,14.5,20260917193559929069
NCAAF,americanfootball_ncaaf,089e1a60578160dd6828794656461ba5,2026-09-19T20:00:00Z,Liberty Flames,Ball State Cardinals,fanduel,FanDuel,2026-09-17T19:35:46Z,spreads,2026-09-17T19:35:46Z,Liberty Flames,-105,-14.5,20260917193559929069
NCAAF,americanfootball_ncaaf,089e1a60578160dd6828794656461ba5,2026-09-19T20:00:00Z,Liberty Flames,Ball State Cardinals,fanduel,FanDuel,2026-09-17T19:35:46Z,totals,2026-09-17T19:35:46Z,Over,-110,49.5,20260917193559929069
NCAAF,americanfootball_ncaaf,089e1a60578160dd6828794656461ba5,2026-09-19T20:00:00Z,Liberty Flames,Ball State Cardinals,fanduel,FanDuel,2026-09-17T19:35:46Z,totals,2026-09-17T19:35:46Z,Under,-110,49.5,20260917193559929069
NCAAF,americanfootball_ncaaf,089e1a60578160dd6828794656461ba5,2026-09-19T20:00:00Z,Liberty Flames,Ball State Cardinals,betrivers,BetRivers,2026-09-17T19:34:38Z,h2h,2026-09-17T19:34:38Z,Ball State Cardinals,525,,20260917193559929069
NCAAF,americanfootball_ncaaf,089e1a60578160dd6828794656461ba5,2026-09-19T20:00:00Z,Liberty Flames,Ball State Cardinals,betrivers,BetRivers,2026-09-17T19:34:38Z,h2h,2026-09-17T19:34:38Z,Liberty Flames,-835,,20260917193559929069
NCAAF,americanfootball_ncaaf,089e1a60578160dd6828794656461ba5,2026-09-19T20:00:00Z,Liberty Flames,Ball State Cardinals,betrivers,BetRivers,2026-09-17T19:34:38Z,spreads,2026-09-17T19:34:38Z,Ball State Cardinals,-108,14.0,20260917193559929069
NCAAF,americanfootball_ncaaf,089e1a60578160dd6828794656461ba5,2026-09-19T20:00:00Z,Liberty Flames,Ball State Cardinals,betrivers,BetRivers,2026-09-17T19:34:38Z,spreads,2026-09-17T19:34:38Z,Liberty Flames,-114,-14.0,20260917193559929069
NCAAF,americanfootball_ncaaf,089e1a60578160dd6828794656461ba5,2026-09-19T20:00:00Z,Liberty Flames,Ball State Cardinals,betrivers,BetRivers,2026-09-17T19:34:38Z,totals,2026-09-17T19:34:38Z,Over,-110,49.5,20260917193559929069
NCAAF,americanfootball_ncaaf,089e1a60578160dd6828794656461ba5,2026-09-19T20:00:00Z,Liberty Flames,Ball State Cardinals,betrivers,BetRivers,2026-09-17T19:34:38Z,totals,2026-09-17T19:34:38Z,Under,-115,49.5,20260917193559929069
NCAAF,americanfootball_ncaaf,089e1a60578160dd6828794656461ba5,2026-09-19T20:00:00Z,Liberty Flames,Ball State Cardinals,draftkings,DraftKings,2026-09-17T19:34:58Z,h2h,2026-09-17T19:34:58Z,Ball State Cardinals,425,,20260917193559929069
NCAAF,americanfootball_ncaaf,089e1a60578160dd6828794656461ba5,2026-09-19T20:00:00Z,Liberty Flames,Ball State Cardinals,draftkings,DraftKings,2026-09-17T19:34:58Z,h2h,2026-09-17T19:34:58Z,Liberty Flames,-575,,20260917193559929069
NCAAF,americanfootball_ncaaf,089e1a60578160dd6828794656461ba5,2026-09-19T20:00:00Z,Liberty Flames,Ball State Cardinals,draftkings,DraftKings,2026-09-17T19:34:58Z,spreads,2026-09-17T19:34:58Z,Ball State Cardinals,-108,14.0,20260917193559929069
NCAAF,americanfootball_ncaaf,089e1a60578160dd6828794656461ba5,2026-09-19T20:00:00Z,Liberty Flames,Ball State Cardinals,draftkings,DraftKings,2026-09-17T19:34:58Z,spreads,2026-09-17T19:34:58Z,Liberty Flames,-112,-14.0,20260917193559929069
NCAAF,americanfootball_ncaaf,089e1a60578160dd6828794656461ba5,2026-09-19T20:00:00Z,Liberty Flames,Ball State Cardinals,draftkings,DraftKings,2026-09-17T19:34:58Z,totals,2026-09-17T19:34:58Z,Over,-108,49.5,20260917193559929069
NCAAF,americanfootball_ncaaf,089e1a60578160dd6828794656461ba5,2026-09-19T20:00:00Z,Liberty Flames,Ball State Cardinals,draftkings,DraftKings,2026-09-17T19:34:58Z,totals,2026-09-17T19:34:58Z,Under,-112,49.5,20260917193559929069
NCAAF,americanfootball_ncaaf,089e1a60578160dd6828794656461ba5,2026-09-19T20:00:00Z,Liberty Flames,Ball State Cardinals,betonlineag,BetOnline.ag,2026-09-17T19:35:23Z,h2h,2026-09-17T19:35:23Z,Ball State Cardinals,476,,20260917193559929069
NCAAF,americanfootball_ncaaf,089e1a60578160dd6828794656461ba5,2026-09-19T20:00:00Z,Liberty Flames,Ball State Cardinals,betonlineag,BetOnline.ag,2026-09-17T19:35:23Z,h2h,2026-09-17T19:35:23Z,Liberty Flames,-650,,20260917193559929069
NCAAF,americanfootball_ncaaf,089e1a60578160dd6828794656461ba5,2026-09-19T20:00:00Z,Liberty Flames,Ball State Cardinals,betonlineag,BetOnline.ag,2026-09-17T19:35:23Z,spreads,2026-09-17T19:35:23Z,Ball State Cardinals,-105,14.0,20260917193559929069
NCAAF,americanfootball_ncaaf,089e1a60578160dd6828794656461ba5,2026-09-19T20:00:00Z,Liberty Flames,Ball State Cardinals,betonlineag,BetOnline.ag,2026-09-17T19:35:23Z,spreads,2026-09-17T19:35:23Z,Liberty Flames,-115,-14.0,20260917193559929069
NCAAF,americanfootball_ncaaf,089e1a60578160dd6828794656461ba5,2026-09-19T20:00:00Z,Liberty Flames,Ball State Cardinals,betonlineag,BetOnline.ag,2026-09-17T19:35:23Z,totals,2026-09-17T19:35:23Z,Over,-112,49.5,20260917193559929069
NCAAF,americanfootball_ncaaf,089e1a60578160dd6828794656461ba5,2026-09-19T20:00:00Z,Liberty Flames,Ball State Cardinals,betonlineag,BetOnline.ag,2026-09-17T19:35:23Z,totals,2026-09-17T19:35:23Z,Under,-108,49.5,20260917193559929069
NCAAF,americanfootball_ncaaf,089e1a60578160dd6828794656461ba5,2026-09-19T20:00:00Z,Liberty Flames,Ball State Cardinals,lowvig,LowVig.ag,2026-09-17T19:35:22Z,h2h,2026-09-17T19:35:22Z,Ball State Cardinals,476,,20260917193559929069
NCAAF,americanfootball_ncaaf,089e1a60578160dd6828794656461ba5,2026-09-19T20:00:00Z,Liberty Flames,Ball State Cardinals,lowvig,LowVig.ag,2026-09-17T19:35:22Z,h2h,2026-09-17T19:35:22Z,Liberty Flames,-650,,20260917193559929069
NCAAF,americanfootball_ncaaf,089e1a60578160dd6828794656461ba5,2026-09-19T20:00:00Z,Liberty Flames,Ball State Cardinals,lowvig,LowVig.ag,2026-09-17T19:35:22Z,spreads,2026-09-17T19:35:22Z,Ball State Cardinals,-101,14.0,20260917193559929069
NCAAF,americanfootball_ncaaf,089e1a60578160dd6828794656461ba5,2026-09-19T20:00:00Z,Liberty Flames,Ball State Cardinals,lowvig,LowVig.ag,2026-09-17T19:35:22Z,spreads,2026-09-17T19:35:22Z,Liberty Flames,-111,-14.0,20260917193559929069
NCAAF,americanfootball_ncaaf,089e1a60578160dd6828794656461ba5,2026-09-19T20:00:00Z,Liberty Flames,Ball State Cardinals,lowvig,LowVig.ag,2026-09-17T19:35:22Z,totals,2026-09-17T19:35:22Z,Over,-110,49.5,20260917193559929069
NCAAF,americanfootball_ncaaf,089e1a60578160dd6828794656461ba5,2026-09-19T20:00:00Z,Liberty Flames,Ball State Cardinals,lowvig,LowVig.ag,2026-09-17T19:35:22Z,totals,2026-09-17T19:35:22Z,Under,-106,49.5,20260917193559929069
NCAAF,americanfootball_ncaaf,089e1a60578160dd6828794656461ba5,2026-09-19T20:00:00Z,Liberty Flames,Ball State Cardinals,betmgm,BetMGM,2026-09-17T19:35:24Z,h2h,2026-09-17T19:35:24Z,Ball State Cardinals,500,,20260917193559929069
NCAAF,americanfootball_ncaaf,089e1a60578160dd6828794656461ba5,2026-09-19T20:00:00Z,Liberty Flames,Ball State Cardinals,betmgm,BetMGM,2026-09-17T19:35:24Z,h2h,2026-09-17T19:35:24Z,Liberty Flames,-650,,20260917193559929069
NCAAF,americanfootball_ncaaf,089e1a60578160dd6828794656461ba5,2026-09-19T20:00:00Z,Liberty Flames,Ball State Cardinals,betmgm,BetMGM,2026-09-17T19:35:24Z,spreads,2026-09-17T19:35:24Z,Ball State Cardinals,-105,14.0,20260917193559929069
NCAAF,americanfootball_ncaaf,089e1a60578160dd6828794656461ba5,2026-09-19T20:00:00Z,Liberty Flames,Ball State Cardinals,betmgm,BetMGM,2026-09-17T19:35:24Z,spreads,2026-09-17T19:35:24Z,Liberty Flames,-112,-14.0,20260917193559929069
NCAAF,americanfootball_ncaaf,089e1a60578160dd6828794656461ba5,2026-09-19T20:00:00Z,Liberty Flames,Ball State Cardinals,betmgm,BetMGM,2026-09-17T19:35:24Z,totals,2026-09-17T19:35:24Z,Over,-108,49.5,20260917193559929069
NCAAF,americanfootball_ncaaf,089e1a60578160dd6828794656461ba5,2026-09-19T20:00:00Z,Liberty Flames,Ball State Cardinals,betmgm,BetMGM,2026-09-17T19:35:24Z,totals,2026-09-17T19:35:24Z,Under,-110,49.5,20260917193559929069
NCAAF,americanfootball_ncaaf,089e1a60578160dd6828794656461ba5,2026-09-19T20:00:00Z,Liberty Flames,Ball State Cardinals,betus,BetUS,2026-09-17T19:35:44Z,h2h,2026-09-17T19:35:44Z,Ball State Cardinals,475,,20260917193559929069
NCAAF,americanfootball_ncaaf,089e1a60578160dd6828794656461ba5,2026-09-19T20:00:00Z,Liberty Flames,Ball State Cardinals,betus,BetUS,2026-09-17T19:35:44Z,h2h,2026-09-17T19:35:44Z,Liberty Flames,-650,,20260917193559929069
NCAAF,americanfootball_ncaaf,089e1a60578160dd6828794656461ba5,2026-09-19T20:00:00Z,Liberty Flames,Ball State Cardinals,betus,BetUS,2026-09-17T19:35:44Z,spreads,2026-09-17T19:35:44Z,Ball State Cardinals,-105,14.0,20260917193559929069
NCAAF,americanfootball_ncaaf,089e1a60578160dd6828794656461ba5,2026-09-19T20:00:00Z,Liberty Flames,Ball State Cardinals,betus,BetUS,2026-09-17T19:35:44Z,spreads,2026-09-17T19:35:44Z,Liberty Flames,-115,-14.0,20260917193559929069
NCAAF,americanfootball_ncaaf,089e1a60578160dd6828794656461ba5,2026-09-19T20:00:00Z,Liberty Flames,Ball State Cardinals,betus,BetUS,2026-09-17T19:35:44Z,totals,2026-09-17T19:35:44Z,Over,-110,49.5,20260917193559929069
NCAAF,americanfootball_ncaaf,089e1a60578160dd6828794656461ba5,2026-09-19T20:00:00Z,Liberty Flames,Ball State Cardinals,betus,BetUS,2026-09-17T19:35:44Z,totals,2026-09-17T19:35:44Z,Under,-110,49.5,20260917193559929069
NCAAF,americanfootball_ncaaf,089e1a60578160dd6828794656461ba5,2026-09-19T20:00:00Z,Liberty Flames,Ball State Cardinals,bovada,Bovada,2026-09-17T19:35:03Z,h2h,2026-09-17T19:35:03Z,Ball State Cardinals,450,,20260917193559929069
NCAAF,americanfootball_ncaaf,089e1a60578160dd6828794656461ba5,2026-09-19T20:00:00Z,Liberty Flames,Ball State Cardinals,bovada,Bovada,2026-09-17T19:35:03Z,h2h,2026-09-17T19:35:03Z,Liberty Flames,-650,,20260917193559929069
NCAAF,americanfootball_ncaaf,089e1a60578160dd6828794656461ba5,2026-09-19T20:00:00Z,Liberty Flames,Ball State Cardinals,bovada,Bovada,2026-09-17T19:35:03Z,spreads,2026-09-17T19:35:03Z,Ball State Cardinals,-105,14.0,20260917193559929069
NCAAF,americanfootball_ncaaf,089e1a60578160dd6828794656461ba5,2026-09-19T20:00:00Z,Liberty Flames,Ball State Cardinals,bovada,Bovada,2026-09-17T19:35:03Z,spreads,2026-09-17T19:35:03Z,Liberty Flames,-115,-14.0,20260917193559929069
NCAAF,americanfootball_ncaaf,089e1a60578160dd6828794656461ba5,2026-09-19T20:00:00Z,Liberty Flames,Ball State Cardinals,bovada,Bovada,2026-09-17T19:35:03Z,totals,2026-09-17T19:35:03Z,Over,-105,49.5,20260917193559929069
NCAAF,americanfootball_ncaaf,089e1a60578160dd6828794656461ba5,2026-09-19T20:00:00Z,Liberty Flames,Ball State Cardinals,bovada,Bovada,2026-09-17T19:35:03Z,totals,2026-09-17T19:35:03Z,Under,-115,49.5,20260917193559929069
NCAAF,americanfootball_ncaaf,790266884d07b6c2aeed8efc216ba610,2026-09-19T20:00:00Z,Baylor Bears,Louisiana Tech Bulldogs,fanduel,FanDuel,2026-09-17T19:35:46Z,h2h,2026-09-17T19:35:46Z,Baylor Bears,-1700,,20260917193559929069
NCAAF,americanfootball_ncaaf,790266884d07b6c2aeed8efc216ba610,2026-09-19T20:00:00Z,Baylor Bears,Louisiana Tech Bulldogs,fanduel,FanDuel,2026-09-17T19:35:46Z,h2h,2026-09-17T19:35:46Z,Louisiana Tech Bulldogs,890,,20260917193559929069
NCAAF,americanfootball_ncaaf,790266884d07b6c2aeed8efc216ba610,2026-09-19T20:00:00Z,Baylor Bears,Louisiana Tech Bulldogs,fanduel,FanDuel,2026-09-17T19:35:46Z,spreads,2026-09-17T19:35:46Z,Baylor Bears,-115,-19.5,20260917193559929069
NCAAF,americanfootball_ncaaf,790266884d07b6c2aeed8efc216ba610,2026-09-19T20:00:00Z,Baylor Bears,Louisiana Tech Bulldogs,fanduel,FanDuel,2026-09-17T19:35:46Z,spreads,2026-09-17T19:35:46Z,Louisiana Tech Bulldogs,-105,19.5,20260917193559929069
NCAAF,americanfootball_ncaaf,790266884d07b6c2aeed8efc216ba610,2026-09-19T20:00:00Z,Baylor Bears,Louisiana Tech Bulldogs,fanduel,FanDuel,2026-09-17T19:35:46Z,totals,2026-09-17T19:35:46Z,Over,-105,49.5,20260917193559929069
NCAAF,americanfootball_ncaaf,790266884d07b6c2aeed8efc216ba610,2026-09-19T20:00:00Z,Baylor Bears,Louisiana Tech Bulldogs,fanduel,FanDuel,2026-09-17T19:35:46Z,totals,2026-09-17T19:35:46Z,Under,-115,49.5,20260917193559929069
NCAAF,americanfootball_ncaaf,790266884d07b6c2aeed8efc216ba610,2026-09-19T20:00:00Z,Baylor Bears,Louisiana Tech Bulldogs,draftkings,DraftKings,2026-09-17T19:34:58Z,h2h,2026-09-17T19:34:58Z,Baylor Bears,-1200,,20260917193559929069
NCAAF,americanfootball_ncaaf,790266884d07b6c2aeed8efc216ba610,2026-09-19T20:00:00Z,Baylor Bears,Louisiana Tech Bulldogs,draftkings,DraftKings,2026-09-17T19:34:58Z,h2h,2026-09-17T19:34:58Z,Louisiana Tech Bulldogs,750,,20260917193559929069
NCAAF,americanfootball_ncaaf,790266884d07b6c2aeed8efc216ba610,2026-09-19T20:00:00Z,Baylor Bears,Louisiana Tech Bulldogs,draftkings,DraftKings,2026-09-17T19:34:58Z,spreads,2026-09-17T19:34:58Z,Baylor Bears,-110,-19.5,20260917193559929069
NCAAF,americanfootball_ncaaf,790266884d07b6c2aeed8efc216ba610,2026-09-19T20:00:00Z,Baylor Bears,Louisiana Tech Bulldogs,draftkings,DraftKings,2026-09-17T19:34:58Z,spreads,2026-09-17T19:34:58Z,Louisiana Tech Bulldogs,-110,19.5,20260917193559929069
NCAAF,americanfootball_ncaaf,790266884d07b6c2aeed8efc216ba610,2026-09-19T20:00:00Z,Baylor Bears,Louisiana Tech Bulldogs,draftkings,DraftKings,2026-09-17T19:34:58Z,totals,2026-09-17T19:34:58Z,Over,-110,49.5,20260917193559929069
NCAAF,americanfootball_ncaaf,790266884d07b6c2aeed8efc216ba610,2026-09-19T20:00:00Z,Baylor Bears,Louisiana Tech Bulldogs,draftkings,DraftKings,2026-09-17T19:34:58Z,totals,2026-09-17T19:34:58Z,Under,-110,49.5,20260917193559929069
NCAAF,americanfootball_ncaaf,790266884d07b6c2aeed8efc216ba610,2026-09-19T20:00:00Z,Baylor Bears,Louisiana Tech Bulldogs,lowvig,LowVig.ag,2026-09-17T19:35:22Z,spreads,2026-09-17T19:35:22Z,Baylor Bears,-127,-18.0,20260917193559929069
NCAAF,americanfootball_ncaaf,790266884d07b6c2aeed8efc216ba610,2026-09-19T20:00:00Z,Baylor Bears,Louisiana Tech Bulldogs,lowvig,LowVig.ag,2026-09-17T19:35:22Z,spreads,2026-09-17T19:35:22Z,Louisiana Tech Bulldogs,114,18.0,20260917193559929069
NCAAF,americanfootball_ncaaf,790266884d07b6c2aeed8efc216ba610,2026-09-19T20:00:00Z,Baylor Bears,Louisiana Tech Bulldogs,lowvig,LowVig.ag,2026-09-17T19:35:22Z,totals,2026-09-17T19:35:22Z,Over,-124,48.0,20260917193559929069
NCAAF,americanfootball_ncaaf,790266884d07b6c2aeed8efc216ba610,2026-09-19T20:00:00Z,Baylor Bears,Louisiana Tech Bulldogs,lowvig,LowVig.ag,2026-09-17T19:35:22Z,totals,2026-09-17T19:35:22Z,Under,106,48.0,20260917193559929069
NCAAF,americanfootball_ncaaf,790266884d07b6c2aeed8efc216ba610,2026-09-19T20:00:00Z,Baylor Bears,Louisiana Tech Bulldogs,betonlineag,BetOnline.ag,2026-09-17T19:35:23Z,spreads,2026-09-17T19:35:23Z,Baylor Bears,-130,-18.0,20260917193559929069
NCAAF,americanfootball_ncaaf,790266884d07b6c2aeed8efc216ba610,2026-09-19T20:00:00Z,Baylor Bears,Louisiana Tech Bulldogs,betonlineag,BetOnline.ag,2026-09-17T19:35:23Z,spreads,2026-09-17T19:35:23Z,Louisiana Tech Bulldogs,110,18.0,20260917193559929069
NCAAF,americanfootball_ncaaf,790266884d07b6c2aeed8efc216ba610,2026-09-19T20:00:00Z,Baylor Bears,Louisiana Tech Bulldogs,betonlineag,BetOnline.ag,2026-09-17T19:35:23Z,totals,2026-09-17T19:35:23Z,Over,-125,48.0,20260917193559929069
NCAAF,americanfootball_ncaaf,790266884d07b6c2aeed8efc216ba610,2026-09-19T20:00:00Z,Baylor Bears,Louisiana Tech Bulldogs,betonlineag,BetOnline.ag,2026-09-17T19:35:23Z,totals,2026-09-17T19:35:23Z,Under,105,48.0,20260917193559929069
NCAAF,americanfootball_ncaaf,790266884d07b6c2aeed8efc216ba610,2026-09-19T20:00:00Z,Baylor Bears,Louisiana Tech Bulldogs,betmgm,BetMGM,2026-09-17T19:35:24Z,h2h,2026-09-17T19:35:24Z,Baylor Bears,-1100,,20260917193559929069
NCAAF,americanfootball_ncaaf,790266884d07b6c2aeed8efc216ba610,2026-09-19T20:00:00Z,Baylor Bears,Louisiana Tech Bulldogs,betmgm,BetMGM,2026-09-17T19:35:24Z,h2h,2026-09-17T19:35:24Z,Louisiana Tech Bulldogs,775,,20260917193559929069
NCAAF,americanfootball_ncaaf,790266884d07b6c2aeed8efc216ba610,2026-09-19T20:00:00Z,Baylor Bears,Louisiana Tech Bulldogs,betmgm,BetMGM,2026-09-17T19:35:24Z,spreads,2026-09-17T19:35:24Z,Baylor Bears,-110,-19.5,20260917193559929069
NCAAF,americanfootball_ncaaf,790266884d07b6c2aeed8efc216ba610,2026-09-19T20:00:00Z,Baylor Bears,Louisiana Tech Bulldogs,betmgm,BetMGM,2026-09-17T19:35:24Z,spreads,2026-09-17T19:35:24Z,Louisiana Tech Bulldogs,-108,19.5,20260917193559929069
NCAAF,americanfootball_ncaaf,790266884d07b6c2aeed8efc216ba610,2026-09-19T20:00:00Z,Baylor Bears,Louisiana Tech Bulldogs,betmgm,BetMGM,2026-09-17T19:35:24Z,totals,2026-09-17T19:35:24Z,Over,-105,49.5,20260917193559929069
NCAAF,americanfootball_ncaaf,790266884d07b6c2aeed8efc216ba610,2026-09-19T20:00:00Z,Baylor Bears,Louisiana Tech Bulldogs,betmgm,BetMGM,2026-09-17T19:35:24Z,totals,2026-09-17T19:35:24Z,Under,-115,49.5,20260917193559929069
NCAAF,americanfootball_ncaaf,790266884d07b6c2aeed8efc216ba610,2026-09-19T20:00:00Z,Baylor Bears,Louisiana Tech Bulldogs,betrivers,BetRivers,2026-09-17T19:34:38Z,h2h,2026-09-17T19:34:38Z,Baylor Bears,-2000,,20260917193559929069
NCAAF,americanfootball_ncaaf,790266884d07b6c2aeed8efc216ba610,2026-09-19T20:00:00Z,Baylor Bears,Louisiana Tech Bulldogs,betrivers,BetRivers,2026-09-17T19:34:38Z,h2h,2026-09-17T19:34:38Z,Louisiana Tech Bulldogs,850,,20260917193559929069
NCAAF,americanfootball_ncaaf,790266884d07b6c2aeed8efc216ba610,2026-09-19T20:00:00Z,Baylor Bears,Louisiana Tech Bulldogs,betrivers,BetRivers,2026-09-17T19:34:38Z,spreads,2026-09-17T19:34:38Z,Baylor Bears,-109,-19.0,20260917193559929069
NCAAF,americanfootball_ncaaf,790266884d07b6c2aeed8efc216ba610,2026-09-19T20:00:00Z,Baylor Bears,Louisiana Tech Bulldogs,betrivers,BetRivers,2026-09-17T19:34:38Z,spreads,2026-09-17T19:34:38Z,Louisiana Tech Bulldogs,-114,19.0,20260917193559929069
NCAAF,americanfootball_ncaaf,790266884d07b6c2aeed8efc216ba610,2026-09-19T20:00:00Z,Baylor Bears,Louisiana Tech Bulldogs,betrivers,BetRivers,2026-09-17T19:34:38Z,totals,2026-09-17T19:34:38Z,Over,-112,50.5,20260917193559929069
NCAAF,americanfootball_ncaaf,790266884d07b6c2aeed8efc216ba610,2026-09-19T20:00:00Z,Baylor Bears,Louisiana Tech Bulldogs,betrivers,BetRivers,2026-09-17T19:34:38Z,totals,2026-09-17T19:34:38Z,Under,-114,50.5,20260917193559929069
NCAAF,americanfootball_ncaaf,790266884d07b6c2aeed8efc216ba610,2026-09-19T20:00:00Z,Baylor Bears,Louisiana Tech Bulldogs,betus,BetUS,2026-09-17T19:35:44Z,h2h,2026-09-17T19:35:44Z,Baylor Bears,-1300,,20260917193559929069
NCAAF,americanfootball_ncaaf,790266884d07b6c2aeed8efc216ba610,2026-09-19T20:00:00Z,Baylor Bears,Louisiana Tech Bulldogs,betus,BetUS,2026-09-17T19:35:44Z,h2h,2026-09-17T19:35:44Z,Louisiana Tech Bulldogs,780,,20260917193559929069
NCAAF,americanfootball_ncaaf,790266884d07b6c2aeed8efc216ba610,2026-09-19T20:00:00Z,Baylor Bears,Louisiana Tech Bulldogs,betus,BetUS,2026-09-17T19:35:44Z,spreads,2026-09-17T19:35:44Z,Baylor Bears,-110,-20.0,20260917193559929069
NCAAF,americanfootball_ncaaf,790266884d07b6c2aeed8efc216ba610,2026-09-19T20:00:00Z,Baylor Bears,Louisiana Tech Bulldogs,betus,BetUS,2026-09-17T19:35:44Z,spreads,2026-09-17T19:35:44Z,Louisiana Tech Bulldogs,-110,20.0,20260917193559929069
NCAAF,americanfootball_ncaaf,790266884d07b6c2aeed8efc216ba610,2026-09-19T20:00:00Z,Baylor Bears,Louisiana Tech Bulldogs,betus,BetUS,2026-09-17T19:35:44Z,totals,2026-09-17T19:35:44Z,Over,-105,49.5,20260917193559929069
NCAAF,americanfootball_ncaaf,790266884d07b6c2aeed8efc216ba610,2026-09-19T20:00:00Z,Baylor Bears,Louisiana Tech Bulldogs,betus,BetUS,2026-09-17T19:35:44Z,totals,2026-09-17T19:35:44Z,Under,-115,49.5,20260917193559929069
NCAAF,americanfootball_ncaaf,790266884d07b6c2aeed8efc216ba610,2026-09-19T20:00:00Z,Baylor Bears,Louisiana Tech Bulldogs,bovada,Bovada,2026-09-17T19:35:03Z,h2h,2026-09-17T19:35:03Z,Baylor Bears,-1100,,20260917193559929069
NCAAF,americanfootball_ncaaf,790266884d07b6c2aeed8efc216ba610,2026-09-19T20:00:00Z,Baylor Bears,Louisiana Tech Bulldogs,bovada,Bovada,2026-09-17T19:35:03Z,h2h,2026-09-17T19:35:03Z,Louisiana Tech Bulldogs,650,,20260917193559929069
NCAAF,americanfootball_ncaaf,790266884d07b6c2aeed8efc216ba610,2026-09-19T20:00:00Z,Baylor Bears,Louisiana Tech Bulldogs,bovada,Bovada,2026-09-17T19:35:03Z,spreads,2026-09-17T19:35:03Z,Baylor Bears,-110,-19.5,20260917193559929069
NCAAF,americanfootball_ncaaf,790266884d07b6c2aeed8efc216ba610,2026-09-19T20:00:00Z,Baylor Bears,Louisiana Tech Bulldogs,bovada,Bovada,2026-09-17T19:35:03Z,spreads,2026-09-17T19:35:03Z,Louisiana Tech Bulldogs,-110,19.5,20260917193559929069
NCAAF,americanfootball_ncaaf,790266884d07b6c2aeed8efc216ba610,2026-09-19T20:00:00Z,Baylor Bears,Louisiana Tech Bulldogs,bovada,Bovada,2026-09-17T19:35:03Z,totals,2026-09-17T19:35:03Z,Over,-105,49.5,20260917193559929069
NCAAF,americanfootball_ncaaf,790266884d07b6c2aeed8efc216ba610,2026-09-19T20:00:00Z,Baylor Bears,Louisiana Tech Bulldogs,bovada,Bovada,2026-09-17T19:35:03Z,totals,2026-09-17T19:35:03Z,Under,-115,49.5,20260917193559929069
NCAAF,americanfootball_ncaaf,3c742aa7dc1c1da030846964a72de370,2026-09-19T20:00:00Z,Duke Blue Devils,Stanford Cardinal,fanduel,FanDuel,2026-09-17T19:35:46Z,h2h,2026-09-17T19:35:46Z,Duke Blue Devils,-420,,20260917193559929069
NCAAF,americanfootball_ncaaf,3c742aa7dc1c1da030846964a72de370,2026-09-19T20:00:00Z,Duke Blue Devils,Stanford Cardinal,fanduel,FanDuel,2026-09-17T19:35:46Z,h2h,2026-09-17T19:35:46Z,Stanford Cardinal,320,,20260917193559929069
NCAAF,americanfootball_ncaaf,3c742aa7dc1c1da030846964a72de370,2026-09-19T20:00:00Z,Duke Blue Devils,Stanford Cardinal,fanduel,FanDuel,2026-09-17T19:35:46Z,spreads,2026-09-17T19:35:46Z,Duke Blue Devils,-110,-10.5,20260917193559929069
NCAAF,americanfootball_ncaaf,3c742aa7dc1c1da030846964a72de370,2026-09-19T20:00:00Z,Duke Blue Devils,Stanford Cardinal,fanduel,FanDuel,2026-09-17T19:35:46Z,spreads,2026-09-17T19:35:46Z,Stanford Cardinal,-110,10.5,20260917193559929069
NCAAF,americanfootball_ncaaf,3c742aa7dc1c1da030846964a72de370,2026-09-19T20:00:00Z,Duke Blue Devils,Stanford Cardinal,fanduel,FanDuel,2026-09-17T19:35:46Z,totals,2026-09-17T19:35:46Z,Over,-104,51.5,20260917193559929069
NCAAF,americanfootball_ncaaf,3c742aa7dc1c1da030846964a72de370,2026-09-19T20:00:00Z,Duke Blue Devils,Stanford Cardinal,fanduel,FanDuel,2026-09-17T19:35:46Z,totals,2026-09-17T19:35:46Z,Under,-118,51.5,20260917193559929069
NCAAF,americanfootball_ncaaf,3c742aa7dc1c1da030846964a72de370,2026-09-19T20:00:00Z,Duke Blue Devils,Stanford Cardinal,draftkings,DraftKings,2026-09-17T19:34:58Z,h2h,2026-09-17T19:34:58Z,Duke Blue Devils,-410,,20260917193559929069
NCAAF,americanfootball_ncaaf,3c742aa7dc1c1da030846964a72de370,2026-09-19T20:00:00Z,Duke Blue Devils,Stanford Cardinal,draftkings,DraftKings,2026-09-17T19:34:58Z,h2h,2026-09-17T19:34:58Z,Stanford Cardinal,320,,20260917193559929069
NCAAF,americanfootball_ncaaf,3c742aa7dc1c1da030846964a72de370,2026-09-19T20:00:00Z,Duke Blue Devils,Stanford Cardinal,draftkings,DraftKings,2026-09-17T19:34:58Z,spreads,2026-09-17T19:34:58Z,Duke Blue Devils,-112,-10.0,20260917193559929069
NCAAF,americanfootball_ncaaf,3c742aa7dc1c1da030846964a72de370,2026-09-19T20:00:00Z,Duke Blue Devils,Stanford Cardinal,draftkings,DraftKings,2026-09-17T19:34:58Z,spreads,2026-09-17T19:34:58Z,Stanford Cardinal,-108,10.0,20260917193559929069
NCAAF,americanfootball_ncaaf,3c742aa7dc1c1da030846964a72de370,2026-09-19T20:00:00Z,Duke Blue Devils,Stanford Cardinal,draftkings,DraftKings,2026-09-17T19:34:58Z,totals,2026-09-17T19:34:58Z,Over,-115,50.5,20260917193559929069
NCAAF,americanfootball_ncaaf,3c742aa7dc1c1da030846964a72de370,2026-09-19T20:00:00Z,Duke Blue Devils,Stanford Cardinal,draftkings,DraftKings,2026-09-17T19:34:58Z,totals,2026-09-17T19:34:58Z,Under,-105,50.5,20260917193559929069
NCAAF,americanfootball_ncaaf,3c742aa7dc1c1da030846964a72de370,2026-09-19T20:00:00Z,Duke Blue Devils,Stanford Cardinal,lowvig,LowVig.ag,2026-09-17T19:35:22Z,h2h,2026-09-17T19:35:22Z,Duke Blue Devils,-400,,20260917193559929069
NCAAF,americanfootball_ncaaf,3c742aa7dc1c1da030846964a72de370,2026-09-19T20:00:00Z,Duke Blue Devils,Stanford Cardinal,lowvig,LowVig.ag,2026-09-17T19:35:22Z,h2h,2026-09-17T19:35:22Z,Stanford Cardinal,316,,20260917193559929069
NCAAF,americanfootball_ncaaf,3c742aa7dc1c1da030846964a72de370,2026-09-19T20:00:00Z,Duke Blue Devils,Stanford Cardinal,lowvig,LowVig.ag,2026-09-17T19:35:22Z,spreads,2026-09-17T19:35:22Z,Duke Blue Devils,-108,-10.0,20260917193559929069
NCAAF,americanfootball_ncaaf,3c742aa7dc1c1da030846964a72de370,2026-09-19T20:00:00Z,Duke Blue Devils,Stanford Cardinal,lowvig,LowVig.ag,2026-09-17T19:35:22Z,spreads,2026-09-17T19:35:22Z,Stanford Cardinal,-104,10.0,20260917193559929069
NCAAF,americanfootball_ncaaf,3c742aa7dc1c1da030846964a72de370,2026-09-19T20:00:00Z,Duke Blue Devils,Stanford Cardinal,lowvig,LowVig.ag,2026-09-17T19:35:22Z,totals,2026-09-17T19:35:22Z,Over,-108,50.5,20260917193559929069
NCAAF,americanfootball_ncaaf,3c742aa7dc1c1da030846964a72de370,2026-09-19T20:00:00Z,Duke Blue Devils,Stanford Cardinal,lowvig,LowVig.ag,2026-09-17T19:35:22Z,totals,2026-09-17T19:35:22Z,Under,-108,50.5,20260917193559929069
NCAAF,americanfootball_ncaaf,3c742aa7dc1c1da030846964a72de370,2026-09-19T20:00:00Z,Duke Blue Devils,Stanford Cardinal,betonlineag,BetOnline.ag,2026-09-17T19:35:23Z,h2h,2026-09-17T19:35:23Z,Duke Blue Devils,-400,,20260917193559929069
NCAAF,americanfootball_ncaaf,3c742aa7dc1c1da030846964a72de370,2026-09-19T20:00:00Z,Duke Blue Devils,Stanford Cardinal,betonlineag,BetOnline.ag,2026-09-17T19:35:23Z,h2h,2026-09-17T19:35:23Z,Stanford Cardinal,316,,20260917193559929069
NCAAF,americanfootball_ncaaf,3c742aa7dc1c1da030846964a72de370,2026-09-19T20:00:00Z,Duke Blue Devils,Stanford Cardinal,betonlineag,BetOnline.ag,2026-09-17T19:35:23Z,spreads,2026-09-17T19:35:23Z,Duke Blue Devils,-112,-10.0,20260917193559929069
NCAAF,americanfootball_ncaaf,3c742aa7dc1c1da030846964a72de370,2026-09-19T20:00:00Z,Duke Blue Devils,Stanford Cardinal,betonlineag,BetOnline.ag,2026-09-17T19:35:23Z,spreads,2026-09-17T19:35:23Z,Stanford Cardinal,-108,10.0,20260917193559929069
NCAAF,americanfootball_ncaaf,3c742aa7dc1c1da030846964a72de370,2026-09-19T20:00:00Z,Duke Blue Devils,Stanford Cardinal,betonlineag,BetOnline.ag,2026-09-17T19:35:23Z,totals,2026-09-17T19:35:23Z,Over,-110,50.5,20260917193559929069
NCAAF,americanfootball_ncaaf,3c742aa7dc1c1da030846964a72de370,2026-09-19T20:00:00Z,Duke Blue Devils,Stanford Cardinal,betonlineag,BetOnline.ag,2026-09-17T19:35:23Z,totals,2026-09-17T19:35:23Z,Under,-110,50.5,20260917193559929069
NCAAF,americanfootball_ncaaf,3c742aa7dc1c1da030846964a72de370,2026-09-19T20:00:00Z,Duke Blue Devils,Stanford Cardinal,betmgm,BetMGM,2026-09-17T19:35:24Z,h2h,2026-09-17T19:35:24Z,Duke Blue Devils,-400,,20260917193559929069
NCAAF,americanfootball_ncaaf,3c742aa7dc1c1da030846964a72de370,2026-09-19T20:00:00Z,Duke Blue Devils,Stanford Cardinal,betmgm,BetMGM,2026-09-17T19:35:24Z,h2h,2026-09-17T19:35:24Z,Stanford Cardinal,320,,20260917193559929069
NCAAF,americanfootball_ncaaf,3c742aa7dc1c1da030846964a72de370,2026-09-19T20:00:00Z,Duke Blue Devils,Stanford Cardinal,betmgm,BetMGM,2026-09-17T19:35:24Z,spreads,2026-09-17T19:35:24Z,Duke Blue Devils,-110,-10.0,20260917193559929069
NCAAF,americanfootball_ncaaf,3c742aa7dc1c1da030846964a72de370,2026-09-19T20:00:00Z,Duke Blue Devils,Stanford Cardinal,betmgm,BetMGM,2026-09-17T19:35:24Z,spreads,2026-09-17T19:35:24Z,Stanford Cardinal,-108,10.0,20260917193559929069
NCAAF,americanfootball_ncaaf,3c742aa7dc1c1da030846964a72de370,2026-09-19T20:00:00Z,Duke Blue Devils,Stanford Cardinal,betmgm,BetMGM,2026-09-17T19:35:24Z,totals,2026-09-17T19:35:24Z,Over,-112,50.5,20260917193559929069
NCAAF,americanfootball_ncaaf,3c742aa7dc1c1da030846964a72de370,2026-09-19T20:00:00Z,Duke Blue Devils,Stanford Cardinal,betmgm,BetMGM,2026-09-17T19:35:24Z,totals,2026-09-17T19:35:24Z,Under,-105,50.5,20260917193559929069
NCAAF,americanfootball_ncaaf,3c742aa7dc1c1da030846964a72de370,2026-09-19T20:00:00Z,Duke Blue Devils,Stanford Cardinal,betrivers,BetRivers,2026-09-17T19:34:38Z,h2h,2026-09-17T19:34:38Z,Duke Blue Devils,-400,,20260917193559929069
NCAAF,americanfootball_ncaaf,3c742aa7dc1c1da030846964a72de370,2026-09-19T20:00:00Z,Duke Blue Devils,Stanford Cardinal,betrivers,BetRivers,2026-09-17T19:34:38Z,h2h,2026-09-17T19:34:38Z,Stanford Cardinal,295,,20260917193559929069
NCAAF,americanfootball_ncaaf,3c742aa7dc1c1da030846964a72de370,2026-09-19T20:00:00Z,Duke Blue Devils,Stanford Cardinal,betrivers,BetRivers,2026-09-17T19:34:38Z,spreads,2026-09-17T19:34:38Z,Duke Blue Devils,-114,-9.5,20260917193559929069
NCAAF,americanfootball_ncaaf,3c742aa7dc1c1da030846964a72de370,2026-09-19T20:00:00Z,Duke Blue Devils,Stanford Cardinal,betrivers,BetRivers,2026-09-17T19:34:38Z,spreads,2026-09-17T19:34:38Z,Stanford Cardinal,-109,9.5,20260917193559929069
NCAAF,americanfootball_ncaaf,3c742aa7dc1c1da030846964a72de370,2026-09-19T20:00:00Z,Duke Blue Devils,Stanford Cardinal,betrivers,BetRivers,2026-09-17T19:34:38Z,totals,2026-09-17T19:34:38Z,Over,-112,50.5,20260917193559929069
NCAAF,americanfootball_ncaaf,3c742aa7dc1c1da030846964a72de370,2026-09-19T20:00:00Z,Duke Blue Devils,Stanford Cardinal,betrivers,BetRivers,2026-09-17T19:34:38Z,totals,2026-09-17T19:34:38Z,Under,-112,50.5,20260917193559929069
NCAAF,americanfootball_ncaaf,3c742aa7dc1c1da030846964a72de370,2026-09-19T20:00:00Z,Duke Blue Devils,Stanford Cardinal,betus,BetUS,2026-09-17T19:35:44Z,h2h,2026-09-17T19:35:44Z,Duke Blue Devils,-400,,20260917193559929069
NCAAF,americanfootball_ncaaf,3c742aa7dc1c1da030846964a72de370,2026-09-19T20:00:00Z,Duke Blue Devils,Stanford Cardinal,betus,BetUS,2026-09-17T19:35:44Z,h2h,2026-09-17T19:35:44Z,Stanford Cardinal,320,,20260917193559929069
NCAAF,americanfootball_ncaaf,3c742aa7dc1c1da030846964a72de370,2026-09-19T20:00:00Z,Duke Blue Devils,Stanford Cardinal,betus,BetUS,2026-09-17T19:35:44Z,spreads,2026-09-17T19:35:44Z,Duke Blue Devils,-110,-10.0,20260917193559929069
NCAAF,americanfootball_ncaaf,3c742aa7dc1c1da030846964a72de370,2026-09-19T20:00:00Z,Duke Blue Devils,Stanford Cardinal,betus,BetUS,2026-09-17T19:35:44Z,spreads,2026-09-17T19:35:44Z,Stanford Cardinal,-110,10.0,20260917193559929069
NCAAF,americanfootball_ncaaf,3c742aa7dc1c1da030846964a72de370,2026-09-19T20:00:00Z,Duke Blue Devils,Stanford Cardinal,betus,BetUS,2026-09-17T19:35:44Z,totals,2026-09-17T19:35:44Z,Over,-110,50.5,20260917193559929069
NCAAF,americanfootball_ncaaf,3c742aa7dc1c1da030846964a72de370,2026-09-19T20:00:00Z,Duke Blue Devils,Stanford Cardinal,betus,BetUS,2026-09-17T19:35:44Z,totals,2026-09-17T19:35:44Z,Under,-110,50.5,20260917193559929069
NCAAF,americanfootball_ncaaf,3c742aa7dc1c1da030846964a72de370,2026-09-19T20:00:00Z,Duke Blue Devils,Stanford Cardinal,bovada,Bovada,2026-09-17T19:35:03Z,h2h,2026-09-17T19:35:03Z,Duke Blue Devils,-390,,20260917193559929069
NCAAF,americanfootball_ncaaf,3c742aa7dc1c1da030846964a72de370,2026-09-19T20:00:00Z,Duke Blue Devils,Stanford Cardinal,bovada,Bovada,2026-09-17T19:35:03Z,h2h,2026-09-17T19:35:03Z,Stanford Cardinal,295,,20260917193559929069
NCAAF,americanfootball_ncaaf,3c742aa7dc1c1da030846964a72de370,2026-09-19T20:00:00Z,Duke Blue Devils,Stanford Cardinal,bovada,Bovada,2026-09-17T19:35:03Z,spreads,2026-09-17T19:35:03Z,Duke Blue Devils,-105,-10.0,20260917193559929069
NCAAF,americanfootball_ncaaf,3c742aa7dc1c1da030846964a72de370,2026-09-19T20:00:00Z,Duke Blue Devils,Stanford Cardinal,bovada,Bovada,2026-09-17T19:35:03Z,spreads,2026-09-17T19:35:03Z,Stanford Cardinal,-115,10.0,20260917193559929069
NCAAF,americanfootball_ncaaf,3c742aa7dc1c1da030846964a72de370,2026-09-19T20:00:00Z,Duke Blue Devils,Stanford Cardinal,bovada,Bovada,2026-09-17T19:35:03Z,totals,2026-09-17T19:35:03Z,Over,-110,51.0,20260917193559929069
NCAAF,americanfootball_ncaaf,3c742aa7dc1c1da030846964a72de370,2026-09-19T20:00:00Z,Duke Blue Devils,Stanford Cardinal,bovada,Bovada,2026-09-17T19:35:03Z,totals,2026-09-17T19:35:03Z,Under,-110,51.0,20260917193559929069
NCAAF,americanfootball_ncaaf,f459decff5e212a417df01fead33b180,2026-09-19T20:00:00Z,Indiana Hoosiers,Western Kentucky Hilltoppers,draftkings,DraftKings,2026-09-17T19:34:58Z,spreads,2026-09-17T19:34:58Z,Indiana Hoosiers,-112,-44.5,20260917193559929069
NCAAF,americanfootball_ncaaf,f459decff5e212a417df01fead33b180,2026-09-19T20:00:00Z,Indiana Hoosiers,Western Kentucky Hilltoppers,draftkings,DraftKings,2026-09-17T19:34:58Z,spreads,2026-09-17T19:34:58Z,Western Kentucky Hilltoppers,-108,44.5,20260917193559929069
NCAAF,americanfootball_ncaaf,f459decff5e212a417df01fead33b180,2026-09-19T20:00:00Z,Indiana Hoosiers,Western Kentucky Hilltoppers,draftkings,DraftKings,2026-09-17T19:34:58Z,totals,2026-09-17T19:34:58Z,Over,-112,60.5,20260917193559929069
NCAAF,americanfootball_ncaaf,f459decff5e212a417df01fead33b180,2026-09-19T20:00:00Z,Indiana Hoosiers,Western Kentucky Hilltoppers,draftkings,DraftKings,2026-09-17T19:34:58Z,totals,2026-09-17T19:34:58Z,Under,-108,60.5,20260917193559929069
NCAAF,americanfootball_ncaaf,f459decff5e212a417df01fead33b180,2026-09-19T20:00:00Z,Indiana Hoosiers,Western Kentucky Hilltoppers,fanduel,FanDuel,2026-09-17T19:35:46Z,spreads,2026-09-17T19:35:46Z,Indiana Hoosiers,-115,-44.5,20260917193559929069
NCAAF,americanfootball_ncaaf,f459decff5e212a417df01fead33b180,2026-09-19T20:00:00Z,Indiana Hoosiers,Western Kentucky Hilltoppers,fanduel,FanDuel,2026-09-17T19:35:46Z,spreads,2026-09-17T19:35:46Z,Western Kentucky Hilltoppers,-105,44.5,20260917193559929069
NCAAF,americanfootball_ncaaf,f459decff5e212a417df01fead33b180,2026-09-19T20:00:00Z,Indiana Hoosiers,Western Kentucky Hilltoppers,fanduel,FanDuel,2026-09-17T19:35:46Z,totals,2026-09-17T19:35:46Z,Over,-114,60.5,20260917193559929069
NCAAF,americanfootball_ncaaf,f459decff5e212a417df01fead33b180,2026-09-19T20:00:00Z,Indiana Hoosiers,Western Kentucky Hilltoppers,fanduel,FanDuel,2026-09-17T19:35:46Z,totals,2026-09-17T19:35:46Z,Under,-106,60.5,20260917193559929069
NCAAF,americanfootball_ncaaf,f459decff5e212a417df01fead33b180,2026-09-19T20:00:00Z,Indiana Hoosiers,Western Kentucky Hilltoppers,betrivers,BetRivers,2026-09-17T19:34:38Z,spreads,2026-09-17T19:34:38Z,Indiana Hoosiers,-114,-44.5,20260917193559929069
NCAAF,americanfootball_ncaaf,f459decff5e212a417df01fead33b180,2026-09-19T20:00:00Z,Indiana Hoosiers,Western Kentucky Hilltoppers,betrivers,BetRivers,2026-09-17T19:34:38Z,spreads,2026-09-17T19:34:38Z,Western Kentucky Hilltoppers,-109,44.5,20260917193559929069
NCAAF,americanfootball_ncaaf,f459decff5e212a417df01fead33b180,2026-09-19T20:00:00Z,Indiana Hoosiers,Western Kentucky Hilltoppers,betrivers,BetRivers,2026-09-17T19:34:38Z,totals,2026-09-17T19:34:38Z,Over,-114,61.0,20260917193559929069
NCAAF,americanfootball_ncaaf,f459decff5e212a417df01fead33b180,2026-09-19T20:00:00Z,Indiana Hoosiers,Western Kentucky Hilltoppers,betrivers,BetRivers,2026-09-17T19:34:38Z,totals,2026-09-17T19:34:38Z,Under,-109,61.0,20260917193559929069
NCAAF,americanfootball_ncaaf,f459decff5e212a417df01fead33b180,2026-09-19T20:00:00Z,Indiana Hoosiers,Western Kentucky Hilltoppers,lowvig,LowVig.ag,2026-09-17T19:35:22Z,spreads,2026-09-17T19:35:22Z,Indiana Hoosiers,-106,-44.5,20260917193559929069
NCAAF,americanfootball_ncaaf,f459decff5e212a417df01fead33b180,2026-09-19T20:00:00Z,Indiana Hoosiers,Western Kentucky Hilltoppers,lowvig,LowVig.ag,2026-09-17T19:35:22Z,spreads,2026-09-17T19:35:22Z,Western Kentucky Hilltoppers,-106,44.5,20260917193559929069
NCAAF,americanfootball_ncaaf,f459decff5e212a417df01fead33b180,2026-09-19T20:00:00Z,Indiana Hoosiers,Western Kentucky Hilltoppers,lowvig,LowVig.ag,2026-09-17T19:35:22Z,totals,2026-09-17T19:35:22Z,Over,-108,61.0,20260917193559929069
NCAAF,americanfootball_ncaaf,f459decff5e212a417df01fead33b180,2026-09-19T20:00:00Z,Indiana Hoosiers,Western Kentucky Hilltoppers,lowvig,LowVig.ag,2026-09-17T19:35:22Z,totals,2026-09-17T19:35:22Z,Under,-108,61.0,20260917193559929069
NCAAF,americanfootball_ncaaf,f459decff5e212a417df01fead33b180,2026-09-19T20:00:00Z,Indiana Hoosiers,Western Kentucky Hilltoppers,betonlineag,BetOnline.ag,2026-09-17T19:35:23Z,spreads,2026-09-17T19:35:23Z,Indiana Hoosiers,-110,-44.5,20260917193559929069
NCAAF,americanfootball_ncaaf,f459decff5e212a417df01fead33b180,2026-09-19T20:00:00Z,Indiana Hoosiers,Western Kentucky Hilltoppers,betonlineag,BetOnline.ag,2026-09-17T19:35:23Z,spreads,2026-09-17T19:35:23Z,Western Kentucky Hilltoppers,-110,44.5,20260917193559929069
NCAAF,americanfootball_ncaaf,f459decff5e212a417df01fead33b180,2026-09-19T20:00:00Z,Indiana Hoosiers,Western Kentucky Hilltoppers,betonlineag,BetOnline.ag,2026-09-17T19:35:23Z,totals,2026-09-17T19:35:23Z,Over,-110,61.0,20260917193559929069
NCAAF,americanfootball_ncaaf,f459decff5e212a417df01fead33b180,2026-09-19T20:00:00Z,Indiana Hoosiers,Western Kentucky Hilltoppers,betonlineag,BetOnline.ag,2026-09-17T19:35:23Z,totals,2026-09-17T19:35:23Z,Under,-110,61.0,20260917193559929069
NCAAF,americanfootball_ncaaf,f459decff5e212a417df01fead33b180,2026-09-19T20:00:00Z,Indiana Hoosiers,Western Kentucky Hilltoppers,betus,BetUS,2026-09-17T19:35:44Z,spreads,2026-09-17T19:35:44Z,Indiana Hoosiers,-110,-44.5,20260917193559929069
NCAAF,americanfootball_ncaaf,f459decff5e212a417df01fead33b180,2026-09-19T20:00:00Z,Indiana Hoosiers,Western Kentucky Hilltoppers,betus,BetUS,2026-09-17T19:35:44Z,spreads,2026-09-17T19:35:44Z,Western Kentucky Hilltoppers,-110,44.5,20260917193559929069
NCAAF,americanfootball_ncaaf,f459decff5e212a417df01fead33b180,2026-09-19T20:00:00Z,Indiana Hoosiers,Western Kentucky Hilltoppers,betus,BetUS,2026-09-17T19:35:44Z,totals,2026-09-17T19:35:44Z,Over,-110,60.5,20260917193559929069
NCAAF,americanfootball_ncaaf,f459decff5e212a417df01fead33b180,2026-09-19T20:00:00Z,Indiana Hoosiers,Western Kentucky Hilltoppers,betus,BetUS,2026-09-17T19:35:44Z,totals,2026-09-17T19:35:44Z,Under,-110,60.5,20260917193559929069
NCAAF,americanfootball_ncaaf,f459decff5e212a417df01fead33b180,2026-09-19T20:00:00Z,Indiana Hoosiers,Western Kentucky Hilltoppers,bovada,Bovada,2026-09-17T19:35:03Z,spreads,2026-09-17T19:35:03Z,Indiana Hoosiers,-120,-44.0,20260917193559929069
NCAAF,americanfootball_ncaaf,f459decff5e212a417df01fead33b180,2026-09-19T20:00:00Z,Indiana Hoosiers,Western Kentucky Hilltoppers,bovada,Bovada,2026-09-17T19:35:03Z,spreads,2026-09-17T19:35:03Z,Western Kentucky Hilltoppers,100,44.0,20260917193559929069
NCAAF,americanfootball_ncaaf,f459decff5e212a417df01fead33b180,2026-09-19T20:00:00Z,Indiana Hoosiers,Western Kentucky Hilltoppers,bovada,Bovada,2026-09-17T19:35:03Z,totals,2026-09-17T19:35:03Z,Over,-115,60.0,20260917193559929069
NCAAF,americanfootball_ncaaf,f459decff5e212a417df01fead33b180,2026-09-19T20:00:00Z,Indiana Hoosiers,Western Kentucky Hilltoppers,bovada,Bovada,2026-09-17T19:35:03Z,totals,2026-09-17T19:35:03Z,Under,-105,60.0,20260917193559929069
NCAAF,americanfootball_ncaaf,f459decff5e212a417df01fead33b180,2026-09-19T20:00:00Z,Indiana Hoosiers,Western Kentucky Hilltoppers,betmgm,BetMGM,2026-09-17T19:35:24Z,spreads,2026-09-17T19:35:24Z,Indiana Hoosiers,-110,-44.5,20260917193559929069
NCAAF,americanfootball_ncaaf,f459decff5e212a417df01fead33b180,2026-09-19T20:00:00Z,Indiana Hoosiers,Western Kentucky Hilltoppers,betmgm,BetMGM,2026-09-17T19:35:24Z,spreads,2026-09-17T19:35:24Z,Western Kentucky Hilltoppers,-108,44.5,20260917193559929069
NCAAF,americanfootball_ncaaf,f459decff5e212a417df01fead33b180,2026-09-19T20:00:00Z,Indiana Hoosiers,Western Kentucky Hilltoppers,betmgm,BetMGM,2026-09-17T19:35:24Z,totals,2026-09-17T19:35:24Z,Over,-112,60.5,20260917193559929069
NCAAF,americanfootball_ncaaf,f459decff5e212a417df01fead33b180,2026-09-19T20:00:00Z,Indiana Hoosiers,Western Kentucky Hilltoppers,betmgm,BetMGM,2026-09-17T19:35:24Z,totals,2026-09-17T19:35:24Z,Under,-105,60.5,20260917193559929069
NCAAF,americanfootball_ncaaf,1d773c6e9934d12970ba222e96ec4c80,2026-09-19T20:00:00Z,Iowa Hawkeyes,Northern Iowa Panthers,fanduel,FanDuel,2026-09-17T19:35:46Z,spreads,2026-09-17T19:35:46Z,Iowa Hawkeyes,-110,-38.5,20260917193559929069
NCAAF,americanfootball_ncaaf,1d773c6e9934d12970ba222e96ec4c80,2026-09-19T20:00:00Z,Iowa Hawkeyes,Northern Iowa Panthers,fanduel,FanDuel,2026-09-17T19:35:46Z,spreads,2026-09-17T19:35:46Z,Northern Iowa Panthers,-110,38.5,20260917193559929069
NCAAF,americanfootball_ncaaf,1d773c6e9934d12970ba222e96ec4c80,2026-09-19T20:00:00Z,Iowa Hawkeyes,Northern Iowa Panthers,fanduel,FanDuel,2026-09-17T19:35:46Z,totals,2026-09-17T19:35:46Z,Over,-110,49.5,20260917193559929069
NCAAF,americanfootball_ncaaf,1d773c6e9934d12970ba222e96ec4c80,2026-09-19T20:00:00Z,Iowa Hawkeyes,Northern Iowa Panthers,fanduel,FanDuel,2026-09-17T19:35:46Z,totals,2026-09-17T19:35:46Z,Under,-110,49.5,20260917193559929069
NCAAF,americanfootball_ncaaf,1d773c6e9934d12970ba222e96ec4c80,2026-09-19T20:00:00Z,Iowa Hawkeyes,Northern Iowa Panthers,betrivers,BetRivers,2026-09-17T19:34:38Z,spreads,2026-09-17T19:34:38Z,Iowa Hawkeyes,-109,-39.0,20260917193559929069
NCAAF,americanfootball_ncaaf,1d773c6e9934d12970ba222e96ec4c80,2026-09-19T20:00:00Z,Iowa Hawkeyes,Northern Iowa Panthers,betrivers,BetRivers,2026-09-17T19:34:38Z,spreads,2026-09-17T19:34:38Z,Northern Iowa Panthers,-113,39.0,20260917193559929069
NCAAF,americanfootball_ncaaf,1d773c6e9934d12970ba222e96ec4c80,2026-09-19T20:00:00Z,Iowa Hawkeyes,Northern Iowa Panthers,betrivers,BetRivers,2026-09-17T19:34:38Z,totals,2026-09-17T19:34:38Z,Over,-109,49.5,20260917193559929069
NCAAF,americanfootball_ncaaf,1d773c6e9934d12970ba222e96ec4c80,2026-09-19T20:00:00Z,Iowa Hawkeyes,Northern Iowa Panthers,betrivers,BetRivers,2026-09-17T19:34:38Z,totals,2026-09-17T19:34:38Z,Under,-114,49.5,20260917193559929069
NCAAF,americanfootball_ncaaf,1d773c6e9934d12970ba222e96ec4c80,2026-09-19T20:00:00Z,Iowa Hawkeyes,Northern Iowa Panthers,draftkings,DraftKings,2026-09-17T19:34:58Z,spreads,2026-09-17T19:34:58Z,Iowa Hawkeyes,-108,-40.5,20260917193559929069
NCAAF,americanfootball_ncaaf,1d773c6e9934d12970ba222e96ec4c80,2026-09-19T20:00:00Z,Iowa Hawkeyes,Northern Iowa Panthers,draftkings,DraftKings,2026-09-17T19:34:58Z,spreads,2026-09-17T19:34:58Z,Northern Iowa Panthers,-112,40.5,20260917193559929069
NCAAF,americanfootball_ncaaf,1d773c6e9934d12970ba222e96ec4c80,2026-09-19T20:00:00Z,Iowa Hawkeyes,Northern Iowa Panthers,draftkings,DraftKings,2026-09-17T19:34:58Z,totals,2026-09-17T19:34:58Z,Over,-115,49.5,20260917193559929069
NCAAF,americanfootball_ncaaf,1d773c6e9934d12970ba222e96ec4c80,2026-09-19T20:00:00Z,Iowa Hawkeyes,Northern Iowa Panthers,draftkings,DraftKings,2026-09-17T19:34:58Z,totals,2026-09-17T19:34:58Z,Under,-105,49.5,20260917193559929069
NCAAF,americanfootball_ncaaf,1d773c6e9934d12970ba222e96ec4c80,2026-09-19T20:00:00Z,Iowa Hawkeyes,Northern Iowa Panthers,lowvig,LowVig.ag,2026-09-17T19:35:22Z,spreads,2026-09-17T19:35:22Z,Iowa Hawkeyes,-115,-40.5,20260917193559929069
NCAAF,americanfootball_ncaaf,1d773c6e9934d12970ba222e96ec4c80,2026-09-19T20:00:00Z,Iowa Hawkeyes,Northern Iowa Panthers,lowvig,LowVig.ag,2026-09-17T19:35:22Z,spreads,2026-09-17T19:35:22Z,Northern Iowa Panthers,-115,40.5,20260917193559929069
NCAAF,americanfootball_ncaaf,1d773c6e9934d12970ba222e96ec4c80,2026-09-19T20:00:00Z,Iowa Hawkeyes,Northern Iowa Panthers,lowvig,LowVig.ag,2026-09-17T19:35:22Z,totals,2026-09-17T19:35:22Z,Over,-120,51.0,20260917193559929069
NCAAF,americanfootball_ncaaf,1d773c6e9934d12970ba222e96ec4c80,2026-09-19T20:00:00Z,Iowa Hawkeyes,Northern Iowa Panthers,lowvig,LowVig.ag,2026-09-17T19:35:22Z,totals,2026-09-17T19:35:22Z,Under,-110,51.0,20260917193559929069
NCAAF,americanfootball_ncaaf,1d773c6e9934d12970ba222e96ec4c80,2026-09-19T20:00:00Z,Iowa Hawkeyes,Northern Iowa Panthers,betonlineag,BetOnline.ag,2026-09-17T19:35:23Z,spreads,2026-09-17T19:35:23Z,Iowa Hawkeyes,-115,-40.5,20260917193559929069
NCAAF,americanfootball_ncaaf,1d773c6e9934d12970ba222e96ec4c80,2026-09-19T20:00:00Z,Iowa Hawkeyes,Northern Iowa Panthers,betonlineag,BetOnline.ag,2026-09-17T19:35:23Z,spreads,2026-09-17T19:35:23Z,Northern Iowa Panthers,-115,40.5,20260917193559929069
NCAAF,americanfootball_ncaaf,1d773c6e9934d12970ba222e96ec4c80,2026-09-19T20:00:00Z,Iowa Hawkeyes,Northern Iowa Panthers,betonlineag,BetOnline.ag,2026-09-17T19:35:23Z,totals,2026-09-17T19:35:23Z,Over,-120,51.0,20260917193559929069
NCAAF,americanfootball_ncaaf,1d773c6e9934d12970ba222e96ec4c80,2026-09-19T20:00:00Z,Iowa Hawkeyes,Northern Iowa Panthers,betonlineag,BetOnline.ag,2026-09-17T19:35:23Z,totals,2026-09-17T19:35:23Z,Under,-110,51.0,20260917193559929069
NCAAF,americanfootball_ncaaf,a4e7771497976db67e6a81bc3700b32f,2026-09-19T20:15:00Z,South Carolina Gamecocks,Mississippi State Bulldogs,draftkings,DraftKings,2026-09-17T19:34:58Z,h2h,2026-09-17T19:34:58Z,Mississippi State Bulldogs,145,,20260917193559929069
NCAAF,americanfootball_ncaaf,a4e7771497976db67e6a81bc3700b32f,2026-09-19T20:15:00Z,South Carolina Gamecocks,Mississippi State Bulldogs,draftkings,DraftKings,2026-09-17T19:34:58Z,h2h,2026-09-17T19:34:58Z,South Carolina Gamecocks,-175,,20260917193559929069
NCAAF,americanfootball_ncaaf,a4e7771497976db67e6a81bc3700b32f,2026-09-19T20:15:00Z,South Carolina Gamecocks,Mississippi State Bulldogs,draftkings,DraftKings,2026-09-17T19:34:58Z,spreads,2026-09-17T19:34:58Z,Mississippi State Bulldogs,-112,4.0,20260917193559929069
NCAAF,americanfootball_ncaaf,a4e7771497976db67e6a81bc3700b32f,2026-09-19T20:15:00Z,South Carolina Gamecocks,Mississippi State Bulldogs,draftkings,DraftKings,2026-09-17T19:34:58Z,spreads,2026-09-17T19:34:58Z,South Carolina Gamecocks,-108,-4.0,20260917193559929069
NCAAF,americanfootball_ncaaf,a4e7771497976db67e6a81bc3700b32f,2026-09-19T20:15:00Z,South Carolina Gamecocks,Mississippi State Bulldogs,draftkings,DraftKings,2026-09-17T19:34:58Z,totals,2026-09-17T19:34:58Z,Over,-112,58.5,20260917193559929069
NCAAF,americanfootball_ncaaf,a4e7771497976db67e6a81bc3700b32f,2026-09-19T20:15:00Z,South Carolina Gamecocks,Mississippi State Bulldogs,draftkings,DraftKings,2026-09-17T19:34:58Z,totals,2026-09-17T19:34:58Z,Under,-108,58.5,20260917193559929069
NCAAF,americanfootball_ncaaf,a4e7771497976db67e6a81bc3700b32f,2026-09-19T20:15:00Z,South Carolina Gamecocks,Mississippi State Bulldogs,fanduel,FanDuel,2026-09-17T19:35:46Z,h2h,2026-09-17T19:35:46Z,Mississippi State Bulldogs,155,,20260917193559929069
NCAAF,americanfootball_ncaaf,a4e7771497976db67e6a81bc3700b32f,2026-09-19T20:15:00Z,South Carolina Gamecocks,Mississippi State Bulldogs,fanduel,FanDuel,2026-09-17T19:35:46Z,h2h,2026-09-17T19:35:46Z,South Carolina Gamecocks,-188,,20260917193559929069
NCAAF,americanfootball_ncaaf,a4e7771497976db67e6a81bc3700b32f,2026-09-19T20:15:00Z,South Carolina Gamecocks,Mississippi State Bulldogs,fanduel,FanDuel,2026-09-17T19:35:46Z,spreads,2026-09-17T19:35:46Z,Mississippi State Bulldogs,-105,3.5,20260917193559929069
NCAAF,americanfootball_ncaaf,a4e7771497976db67e6a81bc3700b32f,2026-09-19T20:15:00Z,South Carolina Gamecocks,Mississippi State Bulldogs,fanduel,FanDuel,2026-09-17T19:35:46Z,spreads,2026-09-17T19:35:46Z,South Carolina Gamecocks,-115,-3.5,20260917193559929069
NCAAF,americanfootball_ncaaf,a4e7771497976db67e6a81bc3700b32f,2026-09-19T20:15:00Z,South Carolina Gamecocks,Mississippi State Bulldogs,fanduel,FanDuel,2026-09-17T19:35:46Z,totals,2026-09-17T19:35:46Z,Over,-110,58.5,20260917193559929069
NCAAF,americanfootball_ncaaf,a4e7771497976db67e6a81bc3700b32f,2026-09-19T20:15:00Z,South Carolina Gamecocks,Mississippi State Bulldogs,fanduel,FanDuel,2026-09-17T19:35:46Z,totals,2026-09-17T19:35:46Z,Under,-110,58.5,20260917193559929069
NCAAF,americanfootball_ncaaf,a4e7771497976db67e6a81bc3700b32f,2026-09-19T20:15:00Z,South Carolina Gamecocks,Mississippi State Bulldogs,betrivers,BetRivers,2026-09-17T19:34:38Z,h2h,2026-09-17T19:34:38Z,Mississippi State Bulldogs,143,,20260917193559929069
NCAAF,americanfootball_ncaaf,a4e7771497976db67e6a81bc3700b32f,2026-09-19T20:15:00Z,South Carolina Gamecocks,Mississippi State Bulldogs,betrivers,BetRivers,2026-09-17T19:34:38Z,h2h,2026-09-17T19:34:38Z,South Carolina Gamecocks,-177,,20260917193559929069
NCAAF,americanfootball_ncaaf,a4e7771497976db67e6a81bc3700b32f,2026-09-19T20:15:00Z,South Carolina Gamecocks,Mississippi State Bulldogs,betrivers,BetRivers,2026-09-17T19:34:38Z,spreads,2026-09-17T19:34:38Z,Mississippi State Bulldogs,-110,3.5,20260917193559929069
NCAAF,americanfootball_ncaaf,a4e7771497976db67e6a81bc3700b32f,2026-09-19T20:15:00Z,South Carolina Gamecocks,Mississippi State Bulldogs,betrivers,BetRivers,2026-09-17T19:34:38Z,spreads,2026-09-17T19:34:38Z,South Carolina Gamecocks,-113,-3.5,20260917193559929069
NCAAF,americanfootball_ncaaf,a4e7771497976db67e6a81bc3700b32f,2026-09-19T20:15:00Z,South Carolina Gamecocks,Mississippi State Bulldogs,betrivers,BetRivers,2026-09-17T19:34:38Z,totals,2026-09-17T19:34:38Z,Over,-109,58.5,20260917193559929069
NCAAF,americanfootball_ncaaf,a4e7771497976db67e6a81bc3700b32f,2026-09-19T20:15:00Z,South Carolina Gamecocks,Mississippi State Bulldogs,betrivers,BetRivers,2026-09-17T19:34:38Z,totals,2026-09-17T19:34:38Z,Under,-114,58.5,20260917193559929069
NCAAF,americanfootball_ncaaf,a4e7771497976db67e6a81bc3700b32f,2026-09-19T20:15:00Z,South Carolina Gamecocks,Mississippi State Bulldogs,lowvig,LowVig.ag,2026-09-17T19:35:22Z,h2h,2026-09-17T19:35:22Z,Mississippi State Bulldogs,157,,20260917193559929069
NCAAF,americanfootball_ncaaf,a4e7771497976db67e6a81bc3700b32f,2026-09-19T20:15:00Z,South Carolina Gamecocks,Mississippi State Bulldogs,lowvig,LowVig.ag,2026-09-17T19:35:22Z,h2h,2026-09-17T19:35:22Z,South Carolina Gamecocks,-180,,20260917193559929069
NCAAF,americanfootball_ncaaf,a4e7771497976db67e6a81bc3700b32f,2026-09-19T20:15:00Z,South Carolina Gamecocks,Mississippi State Bulldogs,lowvig,LowVig.ag,2026-09-17T19:35:22Z,spreads,2026-09-17T19:35:22Z,Mississippi State Bulldogs,-101,3.5,20260917193559929069
NCAAF,americanfootball_ncaaf,a4e7771497976db67e6a81bc3700b32f,2026-09-19T20:15:00Z,South Carolina Gamecocks,Mississippi State Bulldogs,lowvig,LowVig.ag,2026-09-17T19:35:22Z,spreads,2026-09-17T19:35:22Z,South Carolina Gamecocks,-111,-3.5,20260917193559929069
NCAAF,americanfootball_ncaaf,a4e7771497976db67e6a81bc3700b32f,2026-09-19T20:15:00Z,South Carolina Gamecocks,Mississippi State Bulldogs,lowvig,LowVig.ag,2026-09-17T19:35:22Z,totals,2026-09-17T19:35:22Z,Over,-114,58.0,20260917193559929069
NCAAF,americanfootball_ncaaf,a4e7771497976db67e6a81bc3700b32f,2026-09-19T20:15:00Z,South Carolina Gamecocks,Mississippi State Bulldogs,lowvig,LowVig.ag,2026-09-17T19:35:22Z,totals,2026-09-17T19:35:22Z,Under,-103,58.0,20260917193559929069
NCAAF,americanfootball_ncaaf,a4e7771497976db67e6a81bc3700b32f,2026-09-19T20:15:00Z,South Carolina Gamecocks,Mississippi State Bulldogs,betonlineag,BetOnline.ag,2026-09-17T19:35:23Z,h2h,2026-09-17T19:35:23Z,Mississippi State Bulldogs,157,,20260917193559929069
NCAAF,americanfootball_ncaaf,a4e7771497976db67e6a81bc3700b32f,2026-09-19T20:15:00Z,South Carolina Gamecocks,Mississippi State Bulldogs,betonlineag,BetOnline.ag,2026-09-17T19:35:23Z,h2h,2026-09-17T19:35:23Z,South Carolina Gamecocks,-180,,20260917193559929069
NCAAF,americanfootball_ncaaf,a4e7771497976db67e6a81bc3700b32f,2026-09-19T20:15:00Z,South Carolina Gamecocks,Mississippi State Bulldogs,betonlineag,BetOnline.ag,2026-09-17T19:35:23Z,spreads,2026-09-17T19:35:23Z,Mississippi State Bulldogs,-105,3.5,20260917193559929069
NCAAF,americanfootball_ncaaf,a4e7771497976db67e6a81bc3700b32f,2026-09-19T20:15:00Z,South Carolina Gamecocks,Mississippi State Bulldogs,betonlineag,BetOnline.ag,2026-09-17T19:35:23Z,spreads,2026-09-17T19:35:23Z,South Carolina Gamecocks,-115,-3.5,20260917193559929069
NCAAF,americanfootball_ncaaf,a4e7771497976db67e6a81bc3700b32f,2026-09-19T20:15:00Z,South Carolina Gamecocks,Mississippi State Bulldogs,betonlineag,BetOnline.ag,2026-09-17T19:35:23Z,totals,2026-09-17T19:35:23Z,Over,-115,58.0,20260917193559929069
NCAAF,americanfootball_ncaaf,a4e7771497976db67e6a81bc3700b32f,2026-09-19T20:15:00Z,South Carolina Gamecocks,Mississippi State Bulldogs,betonlineag,BetOnline.ag,2026-09-17T19:35:23Z,totals,2026-09-17T19:35:23Z,Under,-105,58.0,20260917193559929069
NCAAF,americanfootball_ncaaf,a4e7771497976db67e6a81bc3700b32f,2026-09-19T20:15:00Z,South Carolina Gamecocks,Mississippi State Bulldogs,betmgm,BetMGM,2026-09-17T19:35:24Z,h2h,2026-09-17T19:35:24Z,Mississippi State Bulldogs,150,,20260917193559929069
NCAAF,americanfootball_ncaaf,a4e7771497976db67e6a81bc3700b32f,2026-09-19T20:15:00Z,South Carolina Gamecocks,Mississippi State Bulldogs,betmgm,BetMGM,2026-09-17T19:35:24Z,h2h,2026-09-17T19:35:24Z,South Carolina Gamecocks,-185,,20260917193559929069
NCAAF,americanfootball_ncaaf,a4e7771497976db67e6a81bc3700b32f,2026-09-19T20:15:00Z,South Carolina Gamecocks,Mississippi State Bulldogs,betmgm,BetMGM,2026-09-17T19:35:24Z,spreads,2026-09-17T19:35:24Z,Mississippi State Bulldogs,-110,4.0,20260917193559929069
NCAAF,americanfootball_ncaaf,a4e7771497976db67e6a81bc3700b32f,2026-09-19T20:15:00Z,South Carolina Gamecocks,Mississippi State Bulldogs,betmgm,BetMGM,2026-09-17T19:35:24Z,spreads,2026-09-17T19:35:24Z,South Carolina Gamecocks,-108,-4.0,20260917193559929069
NCAAF,americanfootball_ncaaf,a4e7771497976db67e6a81bc3700b32f,2026-09-19T20:15:00Z,South Carolina Gamecocks,Mississippi State Bulldogs,betmgm,BetMGM,2026-09-17T19:35:24Z,totals,2026-09-17T19:35:24Z,Over,-110,58.5,20260917193559929069
NCAAF,americanfootball_ncaaf,a4e7771497976db67e6a81bc3700b32f,2026-09-19T20:15:00Z,South Carolina Gamecocks,Mississippi State Bulldogs,betmgm,BetMGM,2026-09-17T19:35:24Z,totals,2026-09-17T19:35:24Z,Under,-108,58.5,20260917193559929069
NCAAF,americanfootball_ncaaf,a4e7771497976db67e6a81bc3700b32f,2026-09-19T20:15:00Z,South Carolina Gamecocks,Mississippi State Bulldogs,betus,BetUS,2026-09-17T19:35:44Z,h2h,2026-09-17T19:35:44Z,Mississippi State Bulldogs,155,,20260917193559929069
NCAAF,americanfootball_ncaaf,a4e7771497976db67e6a81bc3700b32f,2026-09-19T20:15:00Z,South Carolina Gamecocks,Mississippi State Bulldogs,betus,BetUS,2026-09-17T19:35:44Z,h2h,2026-09-17T19:35:44Z,South Carolina Gamecocks,-180,,20260917193559929069
NCAAF,americanfootball_ncaaf,a4e7771497976db67e6a81bc3700b32f,2026-09-19T20:15:00Z,South Carolina Gamecocks,Mississippi State Bulldogs,betus,BetUS,2026-09-17T19:35:44Z,spreads,2026-09-17T19:35:44Z,Mississippi State Bulldogs,-105,3.5,20260917193559929069
NCAAF,americanfootball_ncaaf,a4e7771497976db67e6a81bc3700b32f,2026-09-19T20:15:00Z,South Carolina Gamecocks,Mississippi State Bulldogs,betus,BetUS,2026-09-17T19:35:44Z,spreads,2026-09-17T19:35:44Z,South Carolina Gamecocks,-115,-3.5,20260917193559929069
NCAAF,americanfootball_ncaaf,a4e7771497976db67e6a81bc3700b32f,2026-09-19T20:15:00Z,South Carolina Gamecocks,Mississippi State Bulldogs,betus,BetUS,2026-09-17T19:35:44Z,totals,2026-09-17T19:35:44Z,Over,-115,58.0,20260917193559929069
NCAAF,americanfootball_ncaaf,a4e7771497976db67e6a81bc3700b32f,2026-09-19T20:15:00Z,South Carolina Gamecocks,Mississippi State Bulldogs,betus,BetUS,2026-09-17T19:35:44Z,totals,2026-09-17T19:35:44Z,Under,-105,58.0,20260917193559929069
NCAAF,americanfootball_ncaaf,a4e7771497976db67e6a81bc3700b32f,2026-09-19T20:15:00Z,South Carolina Gamecocks,Mississippi State Bulldogs,bovada,Bovada,2026-09-17T19:35:03Z,h2h,2026-09-17T19:35:03Z,Mississippi State Bulldogs,160,,20260917193559929069
NCAAF,americanfootball_ncaaf,a4e7771497976db67e6a81bc3700b32f,2026-09-19T20:15:00Z,South Carolina Gamecocks,Mississippi State Bulldogs,bovada,Bovada,2026-09-17T19:35:03Z,h2h,2026-09-17T19:35:03Z,South Carolina Gamecocks,-185,,20260917193559929069
NCAAF,americanfootball_ncaaf,a4e7771497976db67e6a81bc3700b32f,2026-09-19T20:15:00Z,South Carolina Gamecocks,Mississippi State Bulldogs,bovada,Bovada,2026-09-17T19:35:03Z,spreads,2026-09-17T19:35:03Z,Mississippi State Bulldogs,-110,4.0,20260917193559929069
NCAAF,americanfootball_ncaaf,a4e7771497976db67e6a81bc3700b32f,2026-09-19T20:15:00Z,South Carolina Gamecocks,Mississippi State Bulldogs,bovada,Bovada,2026-09-17T19:35:03Z,spreads,2026-09-17T19:35:03Z,South Carolina Gamecocks,-110,-4.0,20260917193559929069
NCAAF,americanfootball_ncaaf,a4e7771497976db67e6a81bc3700b32f,2026-09-19T20:15:00Z,South Carolina Gamecocks,Mississippi State Bulldogs,bovada,Bovada,2026-09-17T19:35:03Z,totals,2026-09-17T19:35:03Z,Over,-110,59.0,20260917193559929069
NCAAF,americanfootball_ncaaf,a4e7771497976db67e6a81bc3700b32f,2026-09-19T20:15:00Z,South Carolina Gamecocks,Mississippi State Bulldogs,bovada,Bovada,2026-09-17T19:35:03Z,totals,2026-09-17T19:35:03Z,Under,-110,59.0,20260917193559929069
NCAAF,americanfootball_ncaaf,09e86b2dd47d075b2fddb3174d21b1ac,2026-09-19T20:30:00Z,UL Monroe Warhawks,Southeastern Louisiana Lions,fanduel,FanDuel,2026-09-17T19:35:46Z,h2h,2026-09-17T19:35:46Z,Southeastern Louisiana Lions,400,,20260917193559929069
NCAAF,americanfootball_ncaaf,09e86b2dd47d075b2fddb3174d21b1ac,2026-09-19T20:30:00Z,UL Monroe Warhawks,Southeastern Louisiana Lions,fanduel,FanDuel,2026-09-17T19:35:46Z,h2h,2026-09-17T19:35:46Z,UL Monroe Warhawks,-550,,20260917193559929069
NCAAF,americanfootball_ncaaf,09e86b2dd47d075b2fddb3174d21b1ac,2026-09-19T20:30:00Z,UL Monroe Warhawks,Southeastern Louisiana Lions,fanduel,FanDuel,2026-09-17T19:35:46Z,spreads,2026-09-17T19:35:46Z,Southeastern Louisiana Lions,-108,11.5,20260917193559929069
NCAAF,americanfootball_ncaaf,09e86b2dd47d075b2fddb3174d21b1ac,2026-09-19T20:30:00Z,UL Monroe Warhawks,Southeastern Louisiana Lions,fanduel,FanDuel,2026-09-17T19:35:46Z,spreads,2026-09-17T19:35:46Z,UL Monroe Warhawks,-112,-11.5,20260917193559929069
NCAAF,americanfootball_ncaaf,09e86b2dd47d075b2fddb3174d21b1ac,2026-09-19T20:30:00Z,UL Monroe Warhawks,Southeastern Louisiana Lions,fanduel,FanDuel,2026-09-17T19:35:46Z,totals,2026-09-17T19:35:46Z,Over,-110,47.5,20260917193559929069
NCAAF,americanfootball_ncaaf,09e86b2dd47d075b2fddb3174d21b1ac,2026-09-19T20:30:00Z,UL Monroe Warhawks,Southeastern Louisiana Lions,fanduel,FanDuel,2026-09-17T19:35:46Z,totals,2026-09-17T19:35:46Z,Under,-110,47.5,20260917193559929069
NCAAF,americanfootball_ncaaf,09e86b2dd47d075b2fddb3174d21b1ac,2026-09-19T20:30:00Z,UL Monroe Warhawks,Southeastern Louisiana Lions,draftkings,DraftKings,2026-09-17T19:34:58Z,spreads,2026-09-17T19:34:58Z,Southeastern Louisiana Lions,-112,10.5,20260917193559929069
NCAAF,americanfootball_ncaaf,09e86b2dd47d075b2fddb3174d21b1ac,2026-09-19T20:30:00Z,UL Monroe Warhawks,Southeastern Louisiana Lions,draftkings,DraftKings,2026-09-17T19:34:58Z,spreads,2026-09-17T19:34:58Z,UL Monroe Warhawks,-108,-10.5,20260917193559929069
NCAAF,americanfootball_ncaaf,09e86b2dd47d075b2fddb3174d21b1ac,2026-09-19T20:30:00Z,UL Monroe Warhawks,Southeastern Louisiana Lions,draftkings,DraftKings,2026-09-17T19:34:58Z,totals,2026-09-17T19:34:58Z,Over,-112,48.5,20260917193559929069
NCAAF,americanfootball_ncaaf,09e86b2dd47d075b2fddb3174d21b1ac,2026-09-19T20:30:00Z,UL Monroe Warhawks,Southeastern Louisiana Lions,draftkings,DraftKings,2026-09-17T19:34:58Z,totals,2026-09-17T19:34:58Z,Under,-108,48.5,20260917193559929069
NCAAF,americanfootball_ncaaf,09e86b2dd47d075b2fddb3174d21b1ac,2026-09-19T20:30:00Z,UL Monroe Warhawks,Southeastern Louisiana Lions,betrivers,BetRivers,2026-09-17T19:34:38Z,h2h,2026-09-17T19:34:38Z,Southeastern Louisiana Lions,390,,20260917193559929069
NCAAF,americanfootball_ncaaf,09e86b2dd47d075b2fddb3174d21b1ac,2026-09-19T20:30:00Z,UL Monroe Warhawks,Southeastern Louisiana Lions,betrivers,BetRivers,2026-09-17T19:34:38Z,h2h,2026-09-17T19:34:38Z,UL Monroe Warhawks,-560,,20260917193559929069
NCAAF,americanfootball_ncaaf,09e86b2dd47d075b2fddb3174d21b1ac,2026-09-19T20:30:00Z,UL Monroe Warhawks,Southeastern Louisiana Lions,betrivers,BetRivers,2026-09-17T19:34:38Z,spreads,2026-09-17T19:34:38Z,Southeastern Louisiana Lions,-113,11.5,20260917193559929069
NCAAF,americanfootball_ncaaf,09e86b2dd47d075b2fddb3174d21b1ac,2026-09-19T20:30:00Z,UL Monroe Warhawks,Southeastern Louisiana Lions,betrivers,BetRivers,2026-09-17T19:34:38Z,spreads,2026-09-17T19:34:38Z,UL Monroe Warhawks,-110,-11.5,20260917193559929069
NCAAF,americanfootball_ncaaf,09e86b2dd47d075b2fddb3174d21b1ac,2026-09-19T20:30:00Z,UL Monroe Warhawks,Southeastern Louisiana Lions,betrivers,BetRivers,2026-09-17T19:34:38Z,totals,2026-09-17T19:34:38Z,Over,-117,47.5,20260917193559929069
NCAAF,americanfootball_ncaaf,09e86b2dd47d075b2fddb3174d21b1ac,2026-09-19T20:30:00Z,UL Monroe Warhawks,Southeastern Louisiana Lions,betrivers,BetRivers,2026-09-17T19:34:38Z,totals,2026-09-17T19:34:38Z,Under,-109,47.5,20260917193559929069
NCAAF,americanfootball_ncaaf,09e86b2dd47d075b2fddb3174d21b1ac,2026-09-19T20:30:00Z,UL Monroe Warhawks,Southeastern Louisiana Lions,lowvig,LowVig.ag,2026-09-17T19:35:22Z,spreads,2026-09-17T19:35:22Z,Southeastern Louisiana Lions,-115,10.5,20260917193559929069
NCAAF,americanfootball_ncaaf,09e86b2dd47d075b2fddb3174d21b1ac,2026-09-19T20:30:00Z,UL Monroe Warhawks,Southeastern Louisiana Lions,lowvig,LowVig.ag,2026-09-17T19:35:22Z,spreads,2026-09-17T19:35:22Z,UL Monroe Warhawks,-115,-10.5,20260917193559929069
NCAAF,americanfootball_ncaaf,09e86b2dd47d075b2fddb3174d21b1ac,2026-09-19T20:30:00Z,UL Monroe Warhawks,Southeastern Louisiana Lions,lowvig,LowVig.ag,2026-09-17T19:35:22Z,totals,2026-09-17T19:35:22Z,Over,-115,48.5,20260917193559929069
NCAAF,americanfootball_ncaaf,09e86b2dd47d075b2fddb3174d21b1ac,2026-09-19T20:30:00Z,UL Monroe Warhawks,Southeastern Louisiana Lions,lowvig,LowVig.ag,2026-09-17T19:35:22Z,totals,2026-09-17T19:35:22Z,Under,-115,48.5,20260917193559929069
NCAAF,americanfootball_ncaaf,09e86b2dd47d075b2fddb3174d21b1ac,2026-09-19T20:30:00Z,UL Monroe Warhawks,Southeastern Louisiana Lions,betonlineag,BetOnline.ag,2026-09-17T19:35:23Z,spreads,2026-09-17T19:35:23Z,Southeastern Louisiana Lions,-115,10.5,20260917193559929069
NCAAF,americanfootball_ncaaf,09e86b2dd47d075b2fddb3174d21b1ac,2026-09-19T20:30:00Z,UL Monroe Warhawks,Southeastern Louisiana Lions,betonlineag,BetOnline.ag,2026-09-17T19:35:23Z,spreads,2026-09-17T19:35:23Z,UL Monroe Warhawks,-115,-10.5,20260917193559929069
NCAAF,americanfootball_ncaaf,09e86b2dd47d075b2fddb3174d21b1ac,2026-09-19T20:30:00Z,UL Monroe Warhawks,Southeastern Louisiana Lions,betonlineag,BetOnline.ag,2026-09-17T19:35:23Z,totals,2026-09-17T19:35:23Z,Over,-115,48.5,20260917193559929069
NCAAF,americanfootball_ncaaf,09e86b2dd47d075b2fddb3174d21b1ac,2026-09-19T20:30:00Z,UL Monroe Warhawks,Southeastern Louisiana Lions,betonlineag,BetOnline.ag,2026-09-17T19:35:23Z,totals,2026-09-17T19:35:23Z,Under,-115,48.5,20260917193559929069
NCAAF,americanfootball_ncaaf,3db3de2fb9101f01f676c1f319837667,2026-09-19T22:00:00Z,Appalachian State Mountaineers,Charlotte 49ers,draftkings,DraftKings,2026-09-17T19:34:58Z,h2h,2026-09-17T19:34:58Z,Appalachian State Mountaineers,-1100,,20260917193559929069
NCAAF,americanfootball_ncaaf,3db3de2fb9101f01f676c1f319837667,2026-09-19T22:00:00Z,Appalachian State Mountaineers,Charlotte 49ers,draftkings,DraftKings,2026-09-17T19:34:58Z,h2h,2026-09-17T19:34:58Z,Charlotte 49ers,700,,20260917193559929069
NCAAF,americanfootball_ncaaf,3db3de2fb9101f01f676c1f319837667,2026-09-19T22:00:00Z,Appalachian State Mountaineers,Charlotte 49ers,draftkings,DraftKings,2026-09-17T19:34:58Z,spreads,2026-09-17T19:34:58Z,Appalachian State Mountaineers,-105,-17.5,20260917193559929069
NCAAF,americanfootball_ncaaf,3db3de2fb9101f01f676c1f319837667,2026-09-19T22:00:00Z,Appalachian State Mountaineers,Charlotte 49ers,draftkings,DraftKings,2026-09-17T19:34:58Z,spreads,2026-09-17T19:34:58Z,Charlotte 49ers,-115,17.5,20260917193559929069
NCAAF,americanfootball_ncaaf,3db3de2fb9101f01f676c1f319837667,2026-09-19T22:00:00Z,Appalachian State Mountaineers,Charlotte 49ers,draftkings,DraftKings,2026-09-17T19:34:58Z,totals,2026-09-17T19:34:58Z,Over,-112,51.5,20260917193559929069
NCAAF,americanfootball_ncaaf,3db3de2fb9101f01f676c1f319837667,2026-09-19T22:00:00Z,Appalachian State Mountaineers,Charlotte 49ers,draftkings,DraftKings,2026-09-17T19:34:58Z,totals,2026-09-17T19:34:58Z,Under,-108,51.5,20260917193559929069
NCAAF,americanfootball_ncaaf,3db3de2fb9101f01f676c1f319837667,2026-09-19T22:00:00Z,Appalachian State Mountaineers,Charlotte 49ers,betmgm,BetMGM,2026-09-17T19:35:24Z,h2h,2026-09-17T19:35:24Z,Appalachian State Mountaineers,-1100,,20260917193559929069
NCAAF,americanfootball_ncaaf,3db3de2fb9101f01f676c1f319837667,2026-09-19T22:00:00Z,Appalachian State Mountaineers,Charlotte 49ers,betmgm,BetMGM,2026-09-17T19:35:24Z,h2h,2026-09-17T19:35:24Z,Charlotte 49ers,750,,20260917193559929069
NCAAF,americanfootball_ncaaf,3db3de2fb9101f01f676c1f319837667,2026-09-19T22:00:00Z,Appalachian State Mountaineers,Charlotte 49ers,betmgm,BetMGM,2026-09-17T19:35:24Z,spreads,2026-09-17T19:35:24Z,Appalachian State Mountaineers,-110,-17.5,20260917193559929069
NCAAF,americanfootball_ncaaf,3db3de2fb9101f01f676c1f319837667,2026-09-19T22:00:00Z,Appalachian State Mountaineers,Charlotte 49ers,betmgm,BetMGM,2026-09-17T19:35:24Z,spreads,2026-09-17T19:35:24Z,Charlotte 49ers,-120,17.5,20260917193559929069
NCAAF,americanfootball_ncaaf,3db3de2fb9101f01f676c1f319837667,2026-09-19T22:00:00Z,Appalachian State Mountaineers,Charlotte 49ers,betmgm,BetMGM,2026-09-17T19:35:24Z,totals,2026-09-17T19:35:24Z,Over,-115,51.5,20260917193559929069
NCAAF,americanfootball_ncaaf,3db3de2fb9101f01f676c1f319837667,2026-09-19T22:00:00Z,Appalachian State Mountaineers,Charlotte 49ers,betmgm,BetMGM,2026-09-17T19:35:24Z,totals,2026-09-17T19:35:24Z,Under,-105,51.5,20260917193559929069
NCAAF,americanfootball_ncaaf,3db3de2fb9101f01f676c1f319837667,2026-09-19T22:00:00Z,Appalachian State Mountaineers,Charlotte 49ers,lowvig,LowVig.ag,2026-09-17T19:35:22Z,h2h,2026-09-17T19:35:22Z,Appalachian State Mountaineers,-1100,,20260917193559929069
NCAAF,americanfootball_ncaaf,3db3de2fb9101f01f676c1f319837667,2026-09-19T22:00:00Z,Appalachian State Mountaineers,Charlotte 49ers,lowvig,LowVig.ag,2026-09-17T19:35:22Z,h2h,2026-09-17T19:35:22Z,Charlotte 49ers,709,,20260917193559929069
NCAAF,americanfootball_ncaaf,3db3de2fb9101f01f676c1f319837667,2026-09-19T22:00:00Z,Appalachian State Mountaineers,Charlotte 49ers,lowvig,LowVig.ag,2026-09-17T19:35:22Z,spreads,2026-09-17T19:35:22Z,Appalachian State Mountaineers,-101,-17.5,20260917193559929069
NCAAF,americanfootball_ncaaf,3db3de2fb9101f01f676c1f319837667,2026-09-19T22:00:00Z,Appalachian State Mountaineers,Charlotte 49ers,lowvig,LowVig.ag,2026-09-17T19:35:22Z,spreads,2026-09-17T19:35:22Z,Charlotte 49ers,-111,17.5,20260917193559929069
NCAAF,americanfootball_ncaaf,3db3de2fb9101f01f676c1f319837667,2026-09-19T22:00:00Z,Appalachian State Mountaineers,Charlotte 49ers,lowvig,LowVig.ag,2026-09-17T19:35:22Z,totals,2026-09-17T19:35:22Z,Over,-108,52.0,20260917193559929069
NCAAF,americanfootball_ncaaf,3db3de2fb9101f01f676c1f319837667,2026-09-19T22:00:00Z,Appalachian State Mountaineers,Charlotte 49ers,lowvig,LowVig.ag,2026-09-17T19:35:22Z,totals,2026-09-17T19:35:22Z,Under,-108,52.0,20260917193559929069
NCAAF,americanfootball_ncaaf,3db3de2fb9101f01f676c1f319837667,2026-09-19T22:00:00Z,Appalachian State Mountaineers,Charlotte 49ers,betonlineag,BetOnline.ag,2026-09-17T19:35:23Z,h2h,2026-09-17T19:35:23Z,Appalachian State Mountaineers,-1100,,20260917193559929069
NCAAF,americanfootball_ncaaf,3db3de2fb9101f01f676c1f319837667,2026-09-19T22:00:00Z,Appalachian State Mountaineers,Charlotte 49ers,betonlineag,BetOnline.ag,2026-09-17T19:35:23Z,h2h,2026-09-17T19:35:23Z,Charlotte 49ers,709,,20260917193559929069
NCAAF,americanfootball_ncaaf,3db3de2fb9101f01f676c1f319837667,2026-09-19T22:00:00Z,Appalachian State Mountaineers,Charlotte 49ers,betonlineag,BetOnline.ag,2026-09-17T19:35:23Z,spreads,2026-09-17T19:35:23Z,Appalachian State Mountaineers,100,-17.5,20260917193559929069
NCAAF,americanfootball_ncaaf,3db3de2fb9101f01f676c1f319837667,2026-09-19T22:00:00Z,Appalachian State Mountaineers,Charlotte 49ers,betonlineag,BetOnline.ag,2026-09-17T19:35:23Z,spreads,2026-09-17T19:35:23Z,Charlotte 49ers,-120,17.5,20260917193559929069
NCAAF,americanfootball_ncaaf,3db3de2fb9101f01f676c1f319837667,2026-09-19T22:00:00Z,Appalachian State Mountaineers,Charlotte 49ers,betonlineag,BetOnline.ag,2026-09-17T19:35:23Z,totals,2026-09-17T19:35:23Z,Over,-110,52.0,20260917193559929069
NCAAF,americanfootball_ncaaf,3db3de2fb9101f01f676c1f319837667,2026-09-19T22:00:00Z,Appalachian State Mountaineers,Charlotte 49ers,betonlineag,BetOnline.ag,2026-09-17T19:35:23Z,totals,2026-09-17T19:35:23Z,Under,-110,52.0,20260917193559929069
NCAAF,americanfootball_ncaaf,3db3de2fb9101f01f676c1f319837667,2026-09-19T22:00:00Z,Appalachian State Mountaineers,Charlotte 49ers,fanduel,FanDuel,2026-09-17T19:35:46Z,h2h,2026-09-17T19:35:46Z,Appalachian State Mountaineers,-1250,,20260917193559929069
NCAAF,americanfootball_ncaaf,3db3de2fb9101f01f676c1f319837667,2026-09-19T22:00:00Z,Appalachian State Mountaineers,Charlotte 49ers,fanduel,FanDuel,2026-09-17T19:35:46Z,h2h,2026-09-17T19:35:46Z,Charlotte 49ers,740,,20260917193559929069
NCAAF,americanfootball_ncaaf,3db3de2fb9101f01f676c1f319837667,2026-09-19T22:00:00Z,Appalachian State Mountaineers,Charlotte 49ers,fanduel,FanDuel,2026-09-17T19:35:46Z,spreads,2026-09-17T19:35:46Z,Appalachian State Mountaineers,-110,-17.5,20260917193559929069
NCAAF,americanfootball_ncaaf,3db3de2fb9101f01f676c1f319837667,2026-09-19T22:00:00Z,Appalachian State Mountaineers,Charlotte 49ers,fanduel,FanDuel,2026-09-17T19:35:46Z,spreads,2026-09-17T19:35:46Z,Charlotte 49ers,-110,17.5,20260917193559929069
NCAAF,americanfootball_ncaaf,3db3de2fb9101f01f676c1f319837667,2026-09-19T22:00:00Z,Appalachian State Mountaineers,Charlotte 49ers,fanduel,FanDuel,2026-09-17T19:35:46Z,totals,2026-09-17T19:35:46Z,Over,-112,51.5,20260917193559929069
NCAAF,americanfootball_ncaaf,3db3de2fb9101f01f676c1f319837667,2026-09-19T22:00:00Z,Appalachian State Mountaineers,Charlotte 49ers,fanduel,FanDuel,2026-09-17T19:35:46Z,totals,2026-09-17T19:35:46Z,Under,-108,51.5,20260917193559929069
NCAAF,americanfootball_ncaaf,3db3de2fb9101f01f676c1f319837667,2026-09-19T22:00:00Z,Appalachian State Mountaineers,Charlotte 49ers,betrivers,BetRivers,2026-09-17T19:34:38Z,h2h,2026-09-17T19:34:38Z,Appalachian State Mountaineers,-1667,,20260917193559929069
NCAAF,americanfootball_ncaaf,3db3de2fb9101f01f676c1f319837667,2026-09-19T22:00:00Z,Appalachian State Mountaineers,Charlotte 49ers,betrivers,BetRivers,2026-09-17T19:34:38Z,h2h,2026-09-17T19:34:38Z,Charlotte 49ers,800,,20260917193559929069
NCAAF,americanfootball_ncaaf,3db3de2fb9101f01f676c1f319837667,2026-09-19T22:00:00Z,Appalachian State Mountaineers,Charlotte 49ers,betrivers,BetRivers,2026-09-17T19:34:38Z,spreads,2026-09-17T19:34:38Z,Appalachian State Mountaineers,-108,-18.0,20260917193559929069
NCAAF,americanfootball_ncaaf,3db3de2fb9101f01f676c1f319837667,2026-09-19T22:00:00Z,Appalachian State Mountaineers,Charlotte 49ers,betrivers,BetRivers,2026-09-17T19:34:38Z,spreads,2026-09-17T19:34:38Z,Charlotte 49ers,-115,18.0,20260917193559929069
NCAAF,americanfootball_ncaaf,3db3de2fb9101f01f676c1f319837667,2026-09-19T22:00:00Z,Appalachian State Mountaineers,Charlotte 49ers,betrivers,BetRivers,2026-09-17T19:34:38Z,totals,2026-09-17T19:34:38Z,Over,-112,51.5,20260917193559929069
NCAAF,americanfootball_ncaaf,3db3de2fb9101f01f676c1f319837667,2026-09-19T22:00:00Z,Appalachian State Mountaineers,Charlotte 49ers,betrivers,BetRivers,2026-09-17T19:34:38Z,totals,2026-09-17T19:34:38Z,Under,-114,51.5,20260917193559929069
NCAAF,americanfootball_ncaaf,3db3de2fb9101f01f676c1f319837667,2026-09-19T22:00:00Z,Appalachian State Mountaineers,Charlotte 49ers,betus,BetUS,2026-09-17T19:35:44Z,h2h,2026-09-17T19:35:44Z,Appalachian State Mountaineers,-1100,,20260917193559929069
NCAAF,americanfootball_ncaaf,3db3de2fb9101f01f676c1f319837667,2026-09-19T22:00:00Z,Appalachian State Mountaineers,Charlotte 49ers,betus,BetUS,2026-09-17T19:35:44Z,h2h,2026-09-17T19:35:44Z,Charlotte 49ers,700,,20260917193559929069
NCAAF,americanfootball_ncaaf,3db3de2fb9101f01f676c1f319837667,2026-09-19T22:00:00Z,Appalachian State Mountaineers,Charlotte 49ers,betus,BetUS,2026-09-17T19:35:44Z,spreads,2026-09-17T19:35:44Z,Appalachian State Mountaineers,-105,-17.5,20260917193559929069
NCAAF,americanfootball_ncaaf,3db3de2fb9101f01f676c1f319837667,2026-09-19T22:00:00Z,Appalachian State Mountaineers,Charlotte 49ers,betus,BetUS,2026-09-17T19:35:44Z,spreads,2026-09-17T19:35:44Z,Charlotte 49ers,-115,17.5,20260917193559929069
NCAAF,americanfootball_ncaaf,3db3de2fb9101f01f676c1f319837667,2026-09-19T22:00:00Z,Appalachian State Mountaineers,Charlotte 49ers,betus,BetUS,2026-09-17T19:35:44Z,totals,2026-09-17T19:35:44Z,Over,-110,52.0,20260917193559929069
NCAAF,americanfootball_ncaaf,3db3de2fb9101f01f676c1f319837667,2026-09-19T22:00:00Z,Appalachian State Mountaineers,Charlotte 49ers,betus,BetUS,2026-09-17T19:35:44Z,totals,2026-09-17T19:35:44Z,Under,-110,52.0,20260917193559929069
NCAAF,americanfootball_ncaaf,3db3de2fb9101f01f676c1f319837667,2026-09-19T22:00:00Z,Appalachian State Mountaineers,Charlotte 49ers,bovada,Bovada,2026-09-17T19:35:03Z,h2h,2026-09-17T19:35:03Z,Appalachian State Mountaineers,-1200,,20260917193559929069
NCAAF,americanfootball_ncaaf,3db3de2fb9101f01f676c1f319837667,2026-09-19T22:00:00Z,Appalachian State Mountaineers,Charlotte 49ers,bovada,Bovada,2026-09-17T19:35:03Z,h2h,2026-09-17T19:35:03Z,Charlotte 49ers,700,,20260917193559929069
NCAAF,americanfootball_ncaaf,3db3de2fb9101f01f676c1f319837667,2026-09-19T22:00:00Z,Appalachian State Mountaineers,Charlotte 49ers,bovada,Bovada,2026-09-17T19:35:03Z,spreads,2026-09-17T19:35:03Z,Appalachian State Mountaineers,-110,-17.0,20260917193559929069
NCAAF,americanfootball_ncaaf,3db3de2fb9101f01f676c1f319837667,2026-09-19T22:00:00Z,Appalachian State Mountaineers,Charlotte 49ers,bovada,Bovada,2026-09-17T19:35:03Z,spreads,2026-09-17T19:35:03Z,Charlotte 49ers,-110,17.0,20260917193559929069
NCAAF,americanfootball_ncaaf,3db3de2fb9101f01f676c1f319837667,2026-09-19T22:00:00Z,Appalachian State Mountaineers,Charlotte 49ers,bovada,Bovada,2026-09-17T19:35:03Z,totals,2026-09-17T19:35:03Z,Over,-110,52.0,20260917193559929069
NCAAF,americanfootball_ncaaf,3db3de2fb9101f01f676c1f319837667,2026-09-19T22:00:00Z,Appalachian State Mountaineers,Charlotte 49ers,bovada,Bovada,2026-09-17T19:35:03Z,totals,2026-09-17T19:35:03Z,Under,-110,52.0,20260917193559929069
NCAAF,americanfootball_ncaaf,436d9422da324c807b9d2fb50a2ef62a,2026-09-19T22:00:00Z,Old Dominion Monarchs,East Carolina Pirates,draftkings,DraftKings,2026-09-17T19:34:58Z,h2h,2026-09-17T19:34:58Z,East Carolina Pirates,124,,20260917193559929069
NCAAF,americanfootball_ncaaf,436d9422da324c807b9d2fb50a2ef62a,2026-09-19T22:00:00Z,Old Dominion Monarchs,East Carolina Pirates,draftkings,DraftKings,2026-09-17T19:34:58Z,h2h,2026-09-17T19:34:58Z,Old Dominion Monarchs,-148,,20260917193559929069
NCAAF,americanfootball_ncaaf,436d9422da324c807b9d2fb50a2ef62a,2026-09-19T22:00:00Z,Old Dominion Monarchs,East Carolina Pirates,draftkings,DraftKings,2026-09-17T19:34:58Z,spreads,2026-09-17T19:34:58Z,East Carolina Pirates,-115,3.0,20260917193559929069
NCAAF,americanfootball_ncaaf,436d9422da324c807b9d2fb50a2ef62a,2026-09-19T22:00:00Z,Old Dominion Monarchs,East Carolina Pirates,draftkings,DraftKings,2026-09-17T19:34:58Z,spreads,2026-09-17T19:34:58Z,Old Dominion Monarchs,-105,-3.0,20260917193559929069
NCAAF,americanfootball_ncaaf,436d9422da324c807b9d2fb50a2ef62a,2026-09-19T22:00:00Z,Old Dominion Monarchs,East Carolina Pirates,draftkings,DraftKings,2026-09-17T19:34:58Z,totals,2026-09-17T19:34:58Z,Over,-112,48.5,20260917193559929069
NCAAF,americanfootball_ncaaf,436d9422da324c807b9d2fb50a2ef62a,2026-09-19T22:00:00Z,Old Dominion Monarchs,East Carolina Pirates,draftkings,DraftKings,2026-09-17T19:34:58Z,totals,2026-09-17T19:34:58Z,Under,-108,48.5,20260917193559929069
NCAAF,americanfootball_ncaaf,436d9422da324c807b9d2fb50a2ef62a,2026-09-19T22:00:00Z,Old Dominion Monarchs,East Carolina Pirates,betonlineag,BetOnline.ag,2026-09-17T19:35:23Z,h2h,2026-09-17T19:35:23Z,East Carolina Pirates,127,,20260917193559929069
NCAAF,americanfootball_ncaaf,436d9422da324c807b9d2fb50a2ef62a,2026-09-19T22:00:00Z,Old Dominion Monarchs,East Carolina Pirates,betonlineag,BetOnline.ag,2026-09-17T19:35:23Z,h2h,2026-09-17T19:35:23Z,Old Dominion Monarchs,-147,,20260917193559929069
NCAAF,americanfootball_ncaaf,436d9422da324c807b9d2fb50a2ef62a,2026-09-19T22:00:00Z,Old Dominion Monarchs,East Carolina Pirates,betonlineag,BetOnline.ag,2026-09-17T19:35:23Z,spreads,2026-09-17T19:35:23Z,East Carolina Pirates,-115,3.0,20260917193559929069
NCAAF,americanfootball_ncaaf,436d9422da324c807b9d2fb50a2ef62a,2026-09-19T22:00:00Z,Old Dominion Monarchs,East Carolina Pirates,betonlineag,BetOnline.ag,2026-09-17T19:35:23Z,spreads,2026-09-17T19:35:23Z,Old Dominion Monarchs,-105,-3.0,20260917193559929069
NCAAF,americanfootball_ncaaf,436d9422da324c807b9d2fb50a2ef62a,2026-09-19T22:00:00Z,Old Dominion Monarchs,East Carolina Pirates,betonlineag,BetOnline.ag,2026-09-17T19:35:23Z,totals,2026-09-17T19:35:23Z,Over,-115,48.5,20260917193559929069
NCAAF,americanfootball_ncaaf,436d9422da324c807b9d2fb50a2ef62a,2026-09-19T22:00:00Z,Old Dominion Monarchs,East Carolina Pirates,betonlineag,BetOnline.ag,2026-09-17T19:35:23Z,totals,2026-09-17T19:35:23Z,Under,-105,48.5,20260917193559929069
NCAAF,americanfootball_ncaaf,436d9422da324c807b9d2fb50a2ef62a,2026-09-19T22:00:00Z,Old Dominion Monarchs,East Carolina Pirates,lowvig,LowVig.ag,2026-09-17T19:35:22Z,h2h,2026-09-17T19:35:22Z,East Carolina Pirates,127,,20260917193559929069
NCAAF,americanfootball_ncaaf,436d9422da324c807b9d2fb50a2ef62a,2026-09-19T22:00:00Z,Old Dominion Monarchs,East Carolina Pirates,lowvig,LowVig.ag,2026-09-17T19:35:22Z,h2h,2026-09-17T19:35:22Z,Old Dominion Monarchs,-147,,20260917193559929069
NCAAF,americanfootball_ncaaf,436d9422da324c807b9d2fb50a2ef62a,2026-09-19T22:00:00Z,Old Dominion Monarchs,East Carolina Pirates,lowvig,LowVig.ag,2026-09-17T19:35:22Z,spreads,2026-09-17T19:35:22Z,East Carolina Pirates,-111,3.0,20260917193559929069
NCAAF,americanfootball_ncaaf,436d9422da324c807b9d2fb50a2ef62a,2026-09-19T22:00:00Z,Old Dominion Monarchs,East Carolina Pirates,lowvig,LowVig.ag,2026-09-17T19:35:22Z,spreads,2026-09-17T19:35:22Z,Old Dominion Monarchs,-101,-3.0,20260917193559929069
NCAAF,americanfootball_ncaaf,436d9422da324c807b9d2fb50a2ef62a,2026-09-19T22:00:00Z,Old Dominion Monarchs,East Carolina Pirates,lowvig,LowVig.ag,2026-09-17T19:35:22Z,totals,2026-09-17T19:35:22Z,Over,-114,48.5,20260917193559929069
NCAAF,americanfootball_ncaaf,436d9422da324c807b9d2fb50a2ef62a,2026-09-19T22:00:00Z,Old Dominion Monarchs,East Carolina Pirates,lowvig,LowVig.ag,2026-09-17T19:35:22Z,totals,2026-09-17T19:35:22Z,Under,-103,48.5,20260917193559929069
NCAAF,americanfootball_ncaaf,436d9422da324c807b9d2fb50a2ef62a,2026-09-19T22:00:00Z,Old Dominion Monarchs,East Carolina Pirates,betmgm,BetMGM,2026-09-17T19:35:24Z,h2h,2026-09-17T19:35:24Z,East Carolina Pirates,120,,20260917193559929069
NCAAF,americanfootball_ncaaf,436d9422da324c807b9d2fb50a2ef62a,2026-09-19T22:00:00Z,Old Dominion Monarchs,East Carolina Pirates,betmgm,BetMGM,2026-09-17T19:35:24Z,h2h,2026-09-17T19:35:24Z,Old Dominion Monarchs,-145,,20260917193559929069
NCAAF,americanfootball_ncaaf,436d9422da324c807b9d2fb50a2ef62a,2026-09-19T22:00:00Z,Old Dominion Monarchs,East Carolina Pirates,betmgm,BetMGM,2026-09-17T19:35:24Z,spreads,2026-09-17T19:35:24Z,East Carolina Pirates,-115,3.0,20260917193559929069
NCAAF,americanfootball_ncaaf,436d9422da324c807b9d2fb50a2ef62a,2026-09-19T22:00:00Z,Old Dominion Monarchs,East Carolina Pirates,betmgm,BetMGM,2026-09-17T19:35:24Z,spreads,2026-09-17T19:35:24Z,Old Dominion Monarchs,-102,-3.0,20260917193559929069
NCAAF,americanfootball_ncaaf,436d9422da324c807b9d2fb50a2ef62a,2026-09-19T22:00:00Z,Old Dominion Monarchs,East Carolina Pirates,betmgm,BetMGM,2026-09-17T19:35:24Z,totals,2026-09-17T19:35:24Z,Over,-112,48.5,20260917193559929069
NCAAF,americanfootball_ncaaf,436d9422da324c807b9d2fb50a2ef62a,2026-09-19T22:00:00Z,Old Dominion Monarchs,East Carolina Pirates,betmgm,BetMGM,2026-09-17T19:35:24Z,totals,2026-09-17T19:35:24Z,Under,-105,48.5,20260917193559929069
NCAAF,americanfootball_ncaaf,436d9422da324c807b9d2fb50a2ef62a,2026-09-19T22:00:00Z,Old Dominion Monarchs,East Carolina Pirates,fanduel,FanDuel,2026-09-17T19:35:46Z,h2h,2026-09-17T19:35:46Z,East Carolina Pirates,118,,20260917193559929069
NCAAF,americanfootball_ncaaf,436d9422da324c807b9d2fb50a2ef62a,2026-09-19T22:00:00Z,Old Dominion Monarchs,East Carolina Pirates,fanduel,FanDuel,2026-09-17T19:35:46Z,h2h,2026-09-17T19:35:46Z,Old Dominion Monarchs,-142,,20260917193559929069
NCAAF,americanfootball_ncaaf,436d9422da324c807b9d2fb50a2ef62a,2026-09-19T22:00:00Z,Old Dominion Monarchs,East Carolina Pirates,fanduel,FanDuel,2026-09-17T19:35:46Z,spreads,2026-09-17T19:35:46Z,East Carolina Pirates,100,2.5,20260917193559929069
NCAAF,americanfootball_ncaaf,436d9422da324c807b9d2fb50a2ef62a,2026-09-19T22:00:00Z,Old Dominion Monarchs,East Carolina Pirates,fanduel,FanDuel,2026-09-17T19:35:46Z,spreads,2026-09-17T19:35:46Z,Old Dominion Monarchs,-122,-2.5,20260917193559929069
NCAAF,americanfootball_ncaaf,436d9422da324c807b9d2fb50a2ef62a,2026-09-19T22:00:00Z,Old Dominion Monarchs,East Carolina Pirates,fanduel,FanDuel,2026-09-17T19:35:46Z,totals,2026-09-17T19:35:46Z,Over,-105,49.5,20260917193559929069
NCAAF,americanfootball_ncaaf,436d9422da324c807b9d2fb50a2ef62a,2026-09-19T22:00:00Z,Old Dominion Monarchs,East Carolina Pirates,fanduel,FanDuel,2026-09-17T19:35:46Z,totals,2026-09-17T19:35:46Z,Under,-115,49.5,20260917193559929069
NCAAF,americanfootball_ncaaf,436d9422da324c807b9d2fb50a2ef62a,2026-09-19T22:00:00Z,Old Dominion Monarchs,East Carolina Pirates,betrivers,BetRivers,2026-09-17T19:34:38Z,h2h,2026-09-17T19:34:38Z,East Carolina Pirates,120,,20260917193559929069
NCAAF,americanfootball_ncaaf,436d9422da324c807b9d2fb50a2ef62a,2026-09-19T22:00:00Z,Old Dominion Monarchs,East Carolina Pirates,betrivers,BetRivers,2026-09-17T19:34:38Z,h2h,2026-09-17T19:34:38Z,Old Dominion Monarchs,-148,,20260917193559929069
NCAAF,americanfootball_ncaaf,436d9422da324c807b9d2fb50a2ef62a,2026-09-19T22:00:00Z,Old Dominion Monarchs,East Carolina Pirates,betrivers,BetRivers,2026-09-17T19:34:38Z,spreads,2026-09-17T19:34:38Z,East Carolina Pirates,-115,3.0,20260917193559929069
NCAAF,americanfootball_ncaaf,436d9422da324c807b9d2fb50a2ef62a,2026-09-19T22:00:00Z,Old Dominion Monarchs,East Carolina Pirates,betrivers,BetRivers,2026-09-17T19:34:38Z,spreads,2026-09-17T19:34:38Z,Old Dominion Monarchs,-107,-3.0,20260917193559929069
NCAAF,americanfootball_ncaaf,436d9422da324c807b9d2fb50a2ef62a,2026-09-19T22:00:00Z,Old Dominion Monarchs,East Carolina Pirates,betrivers,BetRivers,2026-09-17T19:34:38Z,totals,2026-09-17T19:34:38Z,Over,-109,49.5,20260917193559929069
NCAAF,americanfootball_ncaaf,436d9422da324c807b9d2fb50a2ef62a,2026-09-19T22:00:00Z,Old Dominion Monarchs,East Carolina Pirates,betrivers,BetRivers,2026-09-17T19:34:38Z,totals,2026-09-17T19:34:38Z,Under,-117,49.5,20260917193559929069
NCAAF,americanfootball_ncaaf,436d9422da324c807b9d2fb50a2ef62a,2026-09-19T22:00:00Z,Old Dominion Monarchs,East Carolina Pirates,betus,BetUS,2026-09-17T19:35:44Z,spreads,2026-09-17T19:35:44Z,East Carolina Pirates,-115,3.0,20260917193559929069
NCAAF,americanfootball_ncaaf,436d9422da324c807b9d2fb50a2ef62a,2026-09-19T22:00:00Z,Old Dominion Monarchs,East Carolina Pirates,betus,BetUS,2026-09-17T19:35:44Z,spreads,2026-09-17T19:35:44Z,Old Dominion Monarchs,-105,-3.0,20260917193559929069
NCAAF,americanfootball_ncaaf,436d9422da324c807b9d2fb50a2ef62a,2026-09-19T22:00:00Z,Old Dominion Monarchs,East Carolina Pirates,betus,BetUS,2026-09-17T19:35:44Z,totals,2026-09-17T19:35:44Z,Over,-115,48.5,20260917193559929069
NCAAF,americanfootball_ncaaf,436d9422da324c807b9d2fb50a2ef62a,2026-09-19T22:00:00Z,Old Dominion Monarchs,East Carolina Pirates,betus,BetUS,2026-09-17T19:35:44Z,totals,2026-09-17T19:35:44Z,Under,-105,48.5,20260917193559929069
NCAAF,americanfootball_ncaaf,436d9422da324c807b9d2fb50a2ef62a,2026-09-19T22:00:00Z,Old Dominion Monarchs,East Carolina Pirates,bovada,Bovada,2026-09-17T19:35:03Z,h2h,2026-09-17T19:35:03Z,East Carolina Pirates,120,,20260917193559929069
NCAAF,americanfootball_ncaaf,436d9422da324c807b9d2fb50a2ef62a,2026-09-19T22:00:00Z,Old Dominion Monarchs,East Carolina Pirates,bovada,Bovada,2026-09-17T19:35:03Z,h2h,2026-09-17T19:35:03Z,Old Dominion Monarchs,-140,,20260917193559929069
NCAAF,americanfootball_ncaaf,436d9422da324c807b9d2fb50a2ef62a,2026-09-19T22:00:00Z,Old Dominion Monarchs,East Carolina Pirates,bovada,Bovada,2026-09-17T19:35:03Z,spreads,2026-09-17T19:35:03Z,East Carolina Pirates,100,2.5,20260917193559929069
NCAAF,americanfootball_ncaaf,436d9422da324c807b9d2fb50a2ef62a,2026-09-19T22:00:00Z,Old Dominion Monarchs,East Carolina Pirates,bovada,Bovada,2026-09-17T19:35:03Z,spreads,2026-09-17T19:35:03Z,Old Dominion Monarchs,-120,-2.5,20260917193559929069
NCAAF,americanfootball_ncaaf,436d9422da324c807b9d2fb50a2ef62a,2026-09-19T22:00:00Z,Old Dominion Monarchs,East Carolina Pirates,bovada,Bovada,2026-09-17T19:35:03Z,totals,2026-09-17T19:35:03Z,Over,-110,49.0,20260917193559929069
NCAAF,americanfootball_ncaaf,436d9422da324c807b9d2fb50a2ef62a,2026-09-19T22:00:00Z,Old Dominion Monarchs,East Carolina Pirates,bovada,Bovada,2026-09-17T19:35:03Z,totals,2026-09-17T19:35:03Z,Under,-110,49.0,20260917193559929069
NCAAF,americanfootball_ncaaf,da4cee8b35281f4528d3dd939d42814d,2026-09-19T22:00:00Z,Florida Atlantic Owls,Florida International Panthers,fanduel,FanDuel,2026-09-17T19:35:46Z,h2h,2026-09-17T19:35:46Z,Florida Atlantic Owls,-255,,20260917193559929069
NCAAF,americanfootball_ncaaf,da4cee8b35281f4528d3dd939d42814d,2026-09-19T22:00:00Z,Florida Atlantic Owls,Florida International Panthers,fanduel,FanDuel,2026-09-17T19:35:46Z,h2h,2026-09-17T19:35:46Z,Florida International Panthers,205,,20260917193559929069
NCAAF,americanfootball_ncaaf,da4cee8b35281f4528d3dd939d42814d,2026-09-19T22:00:00Z,Florida Atlantic Owls,Florida International Panthers,fanduel,FanDuel,2026-09-17T19:35:46Z,spreads,2026-09-17T19:35:46Z,Florida Atlantic Owls,-114,-6.5,20260917193559929069
NCAAF,americanfootball_ncaaf,da4cee8b35281f4528d3dd939d42814d,2026-09-19T22:00:00Z,Florida Atlantic Owls,Florida International Panthers,fanduel,FanDuel,2026-09-17T19:35:46Z,spreads,2026-09-17T19:35:46Z,Florida International Panthers,-106,6.5,20260917193559929069
NCAAF,americanfootball_ncaaf,da4cee8b35281f4528d3dd939d42814d,2026-09-19T22:00:00Z,Florida Atlantic Owls,Florida International Panthers,fanduel,FanDuel,2026-09-17T19:35:46Z,totals,2026-09-17T19:35:46Z,Over,-114,62.5,20260917193559929069
NCAAF,americanfootball_ncaaf,da4cee8b35281f4528d3dd939d42814d,2026-09-19T22:00:00Z,Florida Atlantic Owls,Florida International Panthers,fanduel,FanDuel,2026-09-17T19:35:46Z,totals,2026-09-17T19:35:46Z,Under,-106,62.5,20260917193559929069
NCAAF,americanfootball_ncaaf,da4cee8b35281f4528d3dd939d42814d,2026-09-19T22:00:00Z,Florida Atlantic Owls,Florida International Panthers,draftkings,DraftKings,2026-09-17T19:34:58Z,h2h,2026-09-17T19:34:58Z,Florida Atlantic Owls,-265,,20260917193559929069
NCAAF,americanfootball_ncaaf,da4cee8b35281f4528d3dd939d42814d,2026-09-19T22:00:00Z,Florida Atlantic Owls,Florida International Panthers,draftkings,DraftKings,2026-09-17T19:34:58Z,h2h,2026-09-17T19:34:58Z,Florida International Panthers,215,,20260917193559929069
NCAAF,americanfootball_ncaaf,da4cee8b35281f4528d3dd939d42814d,2026-09-19T22:00:00Z,Florida Atlantic Owls,Florida International Panthers,draftkings,DraftKings,2026-09-17T19:34:58Z,spreads,2026-09-17T19:34:58Z,Florida Atlantic Owls,-112,-6.5,20260917193559929069
NCAAF,americanfootball_ncaaf,da4cee8b35281f4528d3dd939d42814d,2026-09-19T22:00:00Z,Florida Atlantic Owls,Florida International Panthers,draftkings,DraftKings,2026-09-17T19:34:58Z,spreads,2026-09-17T19:34:58Z,Florida International Panthers,-108,6.5,20260917193559929069
NCAAF,americanfootball_ncaaf,da4cee8b35281f4528d3dd939d42814d,2026-09-19T22:00:00Z,Florida Atlantic Owls,Florida International Panthers,draftkings,DraftKings,2026-09-17T19:34:58Z,totals,2026-09-17T19:34:58Z,Over,-112,62.5,20260917193559929069
NCAAF,americanfootball_ncaaf,da4cee8b35281f4528d3dd939d42814d,2026-09-19T22:00:00Z,Florida Atlantic Owls,Florida International Panthers,draftkings,DraftKings,2026-09-17T19:34:58Z,totals,2026-09-17T19:34:58Z,Under,-108,62.5,20260917193559929069
NCAAF,americanfootball_ncaaf,da4cee8b35281f4528d3dd939d42814d,2026-09-19T22:00:00Z,Florida Atlantic Owls,Florida International Panthers,lowvig,LowVig.ag,2026-09-17T19:35:22Z,h2h,2026-09-17T19:35:22Z,Florida Atlantic Owls,-250,,20260917193559929069
NCAAF,americanfootball_ncaaf,da4cee8b35281f4528d3dd939d42814d,2026-09-19T22:00:00Z,Florida Atlantic Owls,Florida International Panthers,lowvig,LowVig.ag,2026-09-17T19:35:22Z,h2h,2026-09-17T19:35:22Z,Florida International Panthers,207,,20260917193559929069
NCAAF,americanfootball_ncaaf,da4cee8b35281f4528d3dd939d42814d,2026-09-19T22:00:00Z,Florida Atlantic Owls,Florida International Panthers,lowvig,LowVig.ag,2026-09-17T19:35:22Z,spreads,2026-09-17T19:35:22Z,Florida Atlantic Owls,-107,-6.5,20260917193559929069
NCAAF,americanfootball_ncaaf,da4cee8b35281f4528d3dd939d42814d,2026-09-19T22:00:00Z,Florida Atlantic Owls,Florida International Panthers,lowvig,LowVig.ag,2026-09-17T19:35:22Z,spreads,2026-09-17T19:35:22Z,Florida International Panthers,-105,6.5,20260917193559929069
NCAAF,americanfootball_ncaaf,da4cee8b35281f4528d3dd939d42814d,2026-09-19T22:00:00Z,Florida Atlantic Owls,Florida International Panthers,lowvig,LowVig.ag,2026-09-17T19:35:22Z,totals,2026-09-17T19:35:22Z,Over,-110,62.5,20260917193559929069
NCAAF,americanfootball_ncaaf,da4cee8b35281f4528d3dd939d42814d,2026-09-19T22:00:00Z,Florida Atlantic Owls,Florida International Panthers,lowvig,LowVig.ag,2026-09-17T19:35:22Z,totals,2026-09-17T19:35:22Z,Under,-106,62.5,20260917193559929069
NCAAF,americanfootball_ncaaf,da4cee8b35281f4528d3dd939d42814d,2026-09-19T22:00:00Z,Florida Atlantic Owls,Florida International Panthers,betonlineag,BetOnline.ag,2026-09-17T19:35:23Z,h2h,2026-09-17T19:35:23Z,Florida Atlantic Owls,-250,,20260917193559929069
NCAAF,americanfootball_ncaaf,da4cee8b35281f4528d3dd939d42814d,2026-09-19T22:00:00Z,Florida Atlantic Owls,Florida International Panthers,betonlineag,BetOnline.ag,2026-09-17T19:35:23Z,h2h,2026-09-17T19:35:23Z,Florida International Panthers,207,,20260917193559929069
NCAAF,americanfootball_ncaaf,da4cee8b35281f4528d3dd939d42814d,2026-09-19T22:00:00Z,Florida Atlantic Owls,Florida International Panthers,betonlineag,BetOnline.ag,2026-09-17T19:35:23Z,spreads,2026-09-17T19:35:23Z,Florida Atlantic Owls,-111,-6.5,20260917193559929069
NCAAF,americanfootball_ncaaf,da4cee8b35281f4528d3dd939d42814d,2026-09-19T22:00:00Z,Florida Atlantic Owls,Florida International Panthers,betonlineag,BetOnline.ag,2026-09-17T19:35:23Z,spreads,2026-09-17T19:35:23Z,Florida International Panthers,-109,6.5,20260917193559929069
NCAAF,americanfootball_ncaaf,da4cee8b35281f4528d3dd939d42814d,2026-09-19T22:00:00Z,Florida Atlantic Owls,Florida International Panthers,betonlineag,BetOnline.ag,2026-09-17T19:35:23Z,totals,2026-09-17T19:35:23Z,Over,-112,62.5,20260917193559929069
NCAAF,americanfootball_ncaaf,da4cee8b35281f4528d3dd939d42814d,2026-09-19T22:00:00Z,Florida Atlantic Owls,Florida International Panthers,betonlineag,BetOnline.ag,2026-09-17T19:35:23Z,totals,2026-09-17T19:35:23Z,Under,-108,62.5,20260917193559929069
NCAAF,americanfootball_ncaaf,da4cee8b35281f4528d3dd939d42814d,2026-09-19T22:00:00Z,Florida Atlantic Owls,Florida International Panthers,betmgm,BetMGM,2026-09-17T19:35:24Z,h2h,2026-09-17T19:35:24Z,Florida Atlantic Owls,-235,,20260917193559929069
NCAAF,americanfootball_ncaaf,da4cee8b35281f4528d3dd939d42814d,2026-09-19T22:00:00Z,Florida Atlantic Owls,Florida International Panthers,betmgm,BetMGM,2026-09-17T19:35:24Z,h2h,2026-09-17T19:35:24Z,Florida International Panthers,200,,20260917193559929069
NCAAF,americanfootball_ncaaf,da4cee8b35281f4528d3dd939d42814d,2026-09-19T22:00:00Z,Florida Atlantic Owls,Florida International Panthers,betmgm,BetMGM,2026-09-17T19:35:24Z,spreads,2026-09-17T19:35:24Z,Florida Atlantic Owls,-110,-6.5,20260917193559929069
NCAAF,americanfootball_ncaaf,da4cee8b35281f4528d3dd939d42814d,2026-09-19T22:00:00Z,Florida Atlantic Owls,Florida International Panthers,betmgm,BetMGM,2026-09-17T19:35:24Z,spreads,2026-09-17T19:35:24Z,Florida International Panthers,-110,6.5,20260917193559929069
NCAAF,americanfootball_ncaaf,da4cee8b35281f4528d3dd939d42814d,2026-09-19T22:00:00Z,Florida Atlantic Owls,Florida International Panthers,betmgm,BetMGM,2026-09-17T19:35:24Z,totals,2026-09-17T19:35:24Z,Over,-110,62.5,20260917193559929069
NCAAF,americanfootball_ncaaf,da4cee8b35281f4528d3dd939d42814d,2026-09-19T22:00:00Z,Florida Atlantic Owls,Florida International Panthers,betmgm,BetMGM,2026-09-17T19:35:24Z,totals,2026-09-17T19:35:24Z,Under,-108,62.5,20260917193559929069
NCAAF,americanfootball_ncaaf,da4cee8b35281f4528d3dd939d42814d,2026-09-19T22:00:00Z,Florida Atlantic Owls,Florida International Panthers,betrivers,BetRivers,2026-09-17T19:34:38Z,h2h,2026-09-17T19:34:38Z,Florida Atlantic Owls,-305,,20260917193559929069
NCAAF,americanfootball_ncaaf,da4cee8b35281f4528d3dd939d42814d,2026-09-19T22:00:00Z,Florida Atlantic Owls,Florida International Panthers,betrivers,BetRivers,2026-09-17T19:34:38Z,h2h,2026-09-17T19:34:38Z,Florida International Panthers,230,,20260917193559929069
NCAAF,americanfootball_ncaaf,da4cee8b35281f4528d3dd939d42814d,2026-09-19T22:00:00Z,Florida Atlantic Owls,Florida International Panthers,betrivers,BetRivers,2026-09-17T19:34:38Z,spreads,2026-09-17T19:34:38Z,Florida Atlantic Owls,-109,-7.0,20260917193559929069
NCAAF,americanfootball_ncaaf,da4cee8b35281f4528d3dd939d42814d,2026-09-19T22:00:00Z,Florida Atlantic Owls,Florida International Panthers,betrivers,BetRivers,2026-09-17T19:34:38Z,spreads,2026-09-17T19:34:38Z,Florida International Panthers,-114,7.0,20260917193559929069
NCAAF,americanfootball_ncaaf,da4cee8b35281f4528d3dd939d42814d,2026-09-19T22:00:00Z,Florida Atlantic Owls,Florida International Panthers,betrivers,BetRivers,2026-09-17T19:34:38Z,totals,2026-09-17T19:34:38Z,Over,-108,62.5,20260917193559929069
NCAAF,americanfootball_ncaaf,da4cee8b35281f4528d3dd939d42814d,2026-09-19T22:00:00Z,Florida Atlantic Owls,Florida International Panthers,betrivers,BetRivers,2026-09-17T19:34:38Z,totals,2026-09-17T19:34:38Z,Under,-117,62.5,20260917193559929069
NCAAF,americanfootball_ncaaf,da4cee8b35281f4528d3dd939d42814d,2026-09-19T22:00:00Z,Florida Atlantic Owls,Florida International Panthers,betus,BetUS,2026-09-17T19:35:44Z,h2h,2026-09-17T19:35:44Z,Florida Atlantic Owls,-240,,20260917193559929069
NCAAF,americanfootball_ncaaf,da4cee8b35281f4528d3dd939d42814d,2026-09-19T22:00:00Z,Florida Atlantic Owls,Florida International Panthers,betus,BetUS,2026-09-17T19:35:44Z,h2h,2026-09-17T19:35:44Z,Florida International Panthers,203,,20260917193559929069
NCAAF,americanfootball_ncaaf,da4cee8b35281f4528d3dd939d42814d,2026-09-19T22:00:00Z,Florida Atlantic Owls,Florida International Panthers,betus,BetUS,2026-09-17T19:35:44Z,spreads,2026-09-17T19:35:44Z,Florida Atlantic Owls,-115,-6.0,20260917193559929069
NCAAF,americanfootball_ncaaf,da4cee8b35281f4528d3dd939d42814d,2026-09-19T22:00:00Z,Florida Atlantic Owls,Florida International Panthers,betus,BetUS,2026-09-17T19:35:44Z,spreads,2026-09-17T19:35:44Z,Florida International Panthers,-105,6.0,20260917193559929069
NCAAF,americanfootball_ncaaf,da4cee8b35281f4528d3dd939d42814d,2026-09-19T22:00:00Z,Florida Atlantic Owls,Florida International Panthers,betus,BetUS,2026-09-17T19:35:44Z,totals,2026-09-17T19:35:44Z,Over,-110,62.0,20260917193559929069
NCAAF,americanfootball_ncaaf,da4cee8b35281f4528d3dd939d42814d,2026-09-19T22:00:00Z,Florida Atlantic Owls,Florida International Panthers,betus,BetUS,2026-09-17T19:35:44Z,totals,2026-09-17T19:35:44Z,Under,-110,62.0,20260917193559929069
NCAAF,americanfootball_ncaaf,da4cee8b35281f4528d3dd939d42814d,2026-09-19T22:00:00Z,Florida Atlantic Owls,Florida International Panthers,bovada,Bovada,2026-09-17T19:35:03Z,h2h,2026-09-17T19:35:03Z,Florida Atlantic Owls,-240,,20260917193559929069
NCAAF,americanfootball_ncaaf,da4cee8b35281f4528d3dd939d42814d,2026-09-19T22:00:00Z,Florida Atlantic Owls,Florida International Panthers,bovada,Bovada,2026-09-17T19:35:03Z,h2h,2026-09-17T19:35:03Z,Florida International Panthers,200,,20260917193559929069
NCAAF,americanfootball_ncaaf,da4cee8b35281f4528d3dd939d42814d,2026-09-19T22:00:00Z,Florida Atlantic Owls,Florida International Panthers,bovada,Bovada,2026-09-17T19:35:03Z,spreads,2026-09-17T19:35:03Z,Florida Atlantic Owls,-110,-6.5,20260917193559929069
NCAAF,americanfootball_ncaaf,da4cee8b35281f4528d3dd939d42814d,2026-09-19T22:00:00Z,Florida Atlantic Owls,Florida International Panthers,bovada,Bovada,2026-09-17T19:35:03Z,spreads,2026-09-17T19:35:03Z,Florida International Panthers,-110,6.5,20260917193559929069
NCAAF,americanfootball_ncaaf,da4cee8b35281f4528d3dd939d42814d,2026-09-19T22:00:00Z,Florida Atlantic Owls,Florida International Panthers,bovada,Bovada,2026-09-17T19:35:03Z,totals,2026-09-17T19:35:03Z,Over,-110,62.0,20260917193559929069
NCAAF,americanfootball_ncaaf,da4cee8b35281f4528d3dd939d42814d,2026-09-19T22:00:00Z,Florida Atlantic Owls,Florida International Panthers,bovada,Bovada,2026-09-17T19:35:03Z,totals,2026-09-17T19:35:03Z,Under,-110,62.0,20260917193559929069
NCAAF,americanfootball_ncaaf,fa9113ed354c9a40e487f5b923b4238f,2026-09-19T22:30:00Z,Missouri State Bears,Marshall Thundering Herd,draftkings,DraftKings,2026-09-17T19:34:58Z,h2h,2026-09-17T19:34:58Z,Marshall Thundering Herd,-198,,20260917193559929069
NCAAF,americanfootball_ncaaf,fa9113ed354c9a40e487f5b923b4238f,2026-09-19T22:30:00Z,Missouri State Bears,Marshall Thundering Herd,draftkings,DraftKings,2026-09-17T19:34:58Z,h2h,2026-09-17T19:34:58Z,Missouri State Bears,164,,20260917193559929069
NCAAF,americanfootball_ncaaf,fa9113ed354c9a40e487f5b923b4238f,2026-09-19T22:30:00Z,Missouri State Bears,Marshall Thundering Herd,draftkings,DraftKings,2026-09-17T19:34:58Z,spreads,2026-09-17T19:34:58Z,Marshall Thundering Herd,-112,-4.0,20260917193559929069
NCAAF,americanfootball_ncaaf,fa9113ed354c9a40e487f5b923b4238f,2026-09-19T22:30:00Z,Missouri State Bears,Marshall Thundering Herd,draftkings,DraftKings,2026-09-17T19:34:58Z,spreads,2026-09-17T19:34:58Z,Missouri State Bears,-108,4.0,20260917193559929069
NCAAF,americanfootball_ncaaf,fa9113ed354c9a40e487f5b923b4238f,2026-09-19T22:30:00Z,Missouri State Bears,Marshall Thundering Herd,draftkings,DraftKings,2026-09-17T19:34:58Z,totals,2026-09-17T19:34:58Z,Over,-112,52.5,20260917193559929069
NCAAF,americanfootball_ncaaf,fa9113ed354c9a40e487f5b923b4238f,2026-09-19T22:30:00Z,Missouri State Bears,Marshall Thundering Herd,draftkings,DraftKings,2026-09-17T19:34:58Z,totals,2026-09-17T19:34:58Z,Under,-108,52.5,20260917193559929069
NCAAF,americanfootball_ncaaf,fa9113ed354c9a40e487f5b923b4238f,2026-09-19T22:30:00Z,Missouri State Bears,Marshall Thundering Herd,betonlineag,BetOnline.ag,2026-09-17T19:35:23Z,h2h,2026-09-17T19:35:23Z,Marshall Thundering Herd,-185,,20260917193559929069
NCAAF,americanfootball_ncaaf,fa9113ed354c9a40e487f5b923b4238f,2026-09-19T22:30:00Z,Missouri State Bears,Marshall Thundering Herd,betonlineag,BetOnline.ag,2026-09-17T19:35:23Z,h2h,2026-09-17T19:35:23Z,Missouri State Bears,161,,20260917193559929069
NCAAF,americanfootball_ncaaf,fa9113ed354c9a40e487f5b923b4238f,2026-09-19T22:30:00Z,Missouri State Bears,Marshall Thundering Herd,betonlineag,BetOnline.ag,2026-09-17T19:35:23Z,spreads,2026-09-17T19:35:23Z,Marshall Thundering Herd,-105,-4.5,20260917193559929069
NCAAF,americanfootball_ncaaf,fa9113ed354c9a40e487f5b923b4238f,2026-09-19T22:30:00Z,Missouri State Bears,Marshall Thundering Herd,betonlineag,BetOnline.ag,2026-09-17T19:35:23Z,spreads,2026-09-17T19:35:23Z,Missouri State Bears,-115,4.5,20260917193559929069
NCAAF,americanfootball_ncaaf,fa9113ed354c9a40e487f5b923b4238f,2026-09-19T22:30:00Z,Missouri State Bears,Marshall Thundering Herd,betonlineag,BetOnline.ag,2026-09-17T19:35:23Z,totals,2026-09-17T19:35:23Z,Over,-105,53.0,20260917193559929069
NCAAF,americanfootball_ncaaf,fa9113ed354c9a40e487f5b923b4238f,2026-09-19T22:30:00Z,Missouri State Bears,Marshall Thundering Herd,betonlineag,BetOnline.ag,2026-09-17T19:35:23Z,totals,2026-09-17T19:35:23Z,Under,-115,53.0,20260917193559929069
NCAAF,americanfootball_ncaaf,fa9113ed354c9a40e487f5b923b4238f,2026-09-19T22:30:00Z,Missouri State Bears,Marshall Thundering Herd,lowvig,LowVig.ag,2026-09-17T19:35:22Z,h2h,2026-09-17T19:35:22Z,Marshall Thundering Herd,-185,,20260917193559929069
NCAAF,americanfootball_ncaaf,fa9113ed354c9a40e487f5b923b4238f,2026-09-19T22:30:00Z,Missouri State Bears,Marshall Thundering Herd,lowvig,LowVig.ag,2026-09-17T19:35:22Z,h2h,2026-09-17T19:35:22Z,Missouri State Bears,161,,20260917193559929069
NCAAF,americanfootball_ncaaf,fa9113ed354c9a40e487f5b923b4238f,2026-09-19T22:30:00Z,Missouri State Bears,Marshall Thundering Herd,lowvig,LowVig.ag,2026-09-17T19:35:22Z,spreads,2026-09-17T19:35:22Z,Marshall Thundering Herd,-101,-4.5,20260917193559929069
NCAAF,americanfootball_ncaaf,fa9113ed354c9a40e487f5b923b4238f,2026-09-19T22:30:00Z,Missouri State Bears,Marshall Thundering Herd,lowvig,LowVig.ag,2026-09-17T19:35:22Z,spreads,2026-09-17T19:35:22Z,Missouri State Bears,-111,4.5,20260917193559929069
NCAAF,americanfootball_ncaaf,fa9113ed354c9a40e487f5b923b4238f,2026-09-19T22:30:00Z,Missouri State Bears,Marshall Thundering Herd,lowvig,LowVig.ag,2026-09-17T19:35:22Z,totals,2026-09-17T19:35:22Z,Over,-103,53.0,20260917193559929069
NCAAF,americanfootball_ncaaf,fa9113ed354c9a40e487f5b923b4238f,2026-09-19T22:30:00Z,Missouri State Bears,Marshall Thundering Herd,lowvig,LowVig.ag,2026-09-17T19:35:22Z,totals,2026-09-17T19:35:22Z,Under,-114,53.0,20260917193559929069
NCAAF,americanfootball_ncaaf,fa9113ed354c9a40e487f5b923b4238f,2026-09-19T22:30:00Z,Missouri State Bears,Marshall Thundering Herd,fanduel,FanDuel,2026-09-17T19:35:46Z,h2h,2026-09-17T19:35:46Z,Marshall Thundering Herd,-178,,20260917193559929069
NCAAF,americanfootball_ncaaf,fa9113ed354c9a40e487f5b923b4238f,2026-09-19T22:30:00Z,Missouri State Bears,Marshall Thundering Herd,fanduel,FanDuel,2026-09-17T19:35:46Z,h2h,2026-09-17T19:35:46Z,Missouri State Bears,146,,20260917193559929069
NCAAF,americanfootball_ncaaf,fa9113ed354c9a40e487f5b923b4238f,2026-09-19T22:30:00Z,Missouri State Bears,Marshall Thundering Herd,fanduel,FanDuel,2026-09-17T19:35:46Z,spreads,2026-09-17T19:35:46Z,Marshall Thundering Herd,-102,-4.5,20260917193559929069
NCAAF,americanfootball_ncaaf,fa9113ed354c9a40e487f5b923b4238f,2026-09-19T22:30:00Z,Missouri State Bears,Marshall Thundering Herd,fanduel,FanDuel,2026-09-17T19:35:46Z,spreads,2026-09-17T19:35:46Z,Missouri State Bears,-120,4.5,20260917193559929069
NCAAF,americanfootball_ncaaf,fa9113ed354c9a40e487f5b923b4238f,2026-09-19T22:30:00Z,Missouri State Bears,Marshall Thundering Herd,fanduel,FanDuel,2026-09-17T19:35:46Z,totals,2026-09-17T19:35:46Z,Over,-115,52.5,20260917193559929069
NCAAF,americanfootball_ncaaf,fa9113ed354c9a40e487f5b923b4238f,2026-09-19T22:30:00Z,Missouri State Bears,Marshall Thundering Herd,fanduel,FanDuel,2026-09-17T19:35:46Z,totals,2026-09-17T19:35:46Z,Under,-105,52.5,20260917193559929069
NCAAF,americanfootball_ncaaf,fa9113ed354c9a40e487f5b923b4238f,2026-09-19T22:30:00Z,Missouri State Bears,Marshall Thundering Herd,betrivers,BetRivers,2026-09-17T19:34:38Z,h2h,2026-09-17T19:34:38Z,Marshall Thundering Herd,-195,,20260917193559929069
NCAAF,americanfootball_ncaaf,fa9113ed354c9a40e487f5b923b4238f,2026-09-19T22:30:00Z,Missouri State Bears,Marshall Thundering Herd,betrivers,BetRivers,2026-09-17T19:34:38Z,h2h,2026-09-17T19:34:38Z,Missouri State Bears,155,,20260917193559929069
NCAAF,americanfootball_ncaaf,fa9113ed354c9a40e487f5b923b4238f,2026-09-19T22:30:00Z,Missouri State Bears,Marshall Thundering Herd,betrivers,BetRivers,2026-09-17T19:34:38Z,spreads,2026-09-17T19:34:38Z,Marshall Thundering Herd,-110,-4.5,20260917193559929069
NCAAF,americanfootball_ncaaf,fa9113ed354c9a40e487f5b923b4238f,2026-09-19T22:30:00Z,Missouri State Bears,Marshall Thundering Herd,betrivers,BetRivers,2026-09-17T19:34:38Z,spreads,2026-09-17T19:34:38Z,Missouri State Bears,-113,4.5,20260917193559929069
NCAAF,americanfootball_ncaaf,fa9113ed354c9a40e487f5b923b4238f,2026-09-19T22:30:00Z,Missouri State Bears,Marshall Thundering Herd,betrivers,BetRivers,2026-09-17T19:34:38Z,totals,2026-09-17T19:34:38Z,Over,-110,52.5,20260917193559929069
NCAAF,americanfootball_ncaaf,fa9113ed354c9a40e487f5b923b4238f,2026-09-19T22:30:00Z,Missouri State Bears,Marshall Thundering Herd,betrivers,BetRivers,2026-09-17T19:34:38Z,totals,2026-09-17T19:34:38Z,Under,-115,52.5,20260917193559929069
NCAAF,americanfootball_ncaaf,fa9113ed354c9a40e487f5b923b4238f,2026-09-19T22:30:00Z,Missouri State Bears,Marshall Thundering Herd,betus,BetUS,2026-09-17T19:35:44Z,h2h,2026-09-17T19:35:44Z,Marshall Thundering Herd,-185,,20260917193559929069
NCAAF,americanfootball_ncaaf,fa9113ed354c9a40e487f5b923b4238f,2026-09-19T22:30:00Z,Missouri State Bears,Marshall Thundering Herd,betus,BetUS,2026-09-17T19:35:44Z,h2h,2026-09-17T19:35:44Z,Missouri State Bears,159,,20260917193559929069
NCAAF,americanfootball_ncaaf,fa9113ed354c9a40e487f5b923b4238f,2026-09-19T22:30:00Z,Missouri State Bears,Marshall Thundering Herd,betus,BetUS,2026-09-17T19:35:44Z,spreads,2026-09-17T19:35:44Z,Marshall Thundering Herd,-110,-4.0,20260917193559929069
NCAAF,americanfootball_ncaaf,fa9113ed354c9a40e487f5b923b4238f,2026-09-19T22:30:00Z,Missouri State Bears,Marshall Thundering Herd,betus,BetUS,2026-09-17T19:35:44Z,spreads,2026-09-17T19:35:44Z,Missouri State Bears,-110,4.0,20260917193559929069
NCAAF,americanfootball_ncaaf,fa9113ed354c9a40e487f5b923b4238f,2026-09-19T22:30:00Z,Missouri State Bears,Marshall Thundering Herd,betus,BetUS,2026-09-17T19:35:44Z,totals,2026-09-17T19:35:44Z,Over,-110,52.5,20260917193559929069
NCAAF,americanfootball_ncaaf,fa9113ed354c9a40e487f5b923b4238f,2026-09-19T22:30:00Z,Missouri State Bears,Marshall Thundering Herd,betus,BetUS,2026-09-17T19:35:44Z,totals,2026-09-17T19:35:44Z,Under,-110,52.5,20260917193559929069
NCAAF,americanfootball_ncaaf,fa9113ed354c9a40e487f5b923b4238f,2026-09-19T22:30:00Z,Missouri State Bears,Marshall Thundering Herd,bovada,Bovada,2026-09-17T19:35:03Z,h2h,2026-09-17T19:35:03Z,Marshall Thundering Herd,-195,,20260917193559929069
NCAAF,americanfootball_ncaaf,fa9113ed354c9a40e487f5b923b4238f,2026-09-19T22:30:00Z,Missouri State Bears,Marshall Thundering Herd,bovada,Bovada,2026-09-17T19:35:03Z,h2h,2026-09-17T19:35:03Z,Missouri State Bears,165,,20260917193559929069
NCAAF,americanfootball_ncaaf,fa9113ed354c9a40e487f5b923b4238f,2026-09-19T22:30:00Z,Missouri State Bears,Marshall Thundering Herd,bovada,Bovada,2026-09-17T19:35:03Z,spreads,2026-09-17T19:35:03Z,Marshall Thundering Herd,-115,-4.0,20260917193559929069
NCAAF,americanfootball_ncaaf,fa9113ed354c9a40e487f5b923b4238f,2026-09-19T22:30:00Z,Missouri State Bears,Marshall Thundering Herd,bovada,Bovada,2026-09-17T19:35:03Z,spreads,2026-09-17T19:35:03Z,Missouri State Bears,-105,4.0,20260917193559929069
NCAAF,americanfootball_ncaaf,fa9113ed354c9a40e487f5b923b4238f,2026-09-19T22:30:00Z,Missouri State Bears,Marshall Thundering Herd,bovada,Bovada,2026-09-17T19:35:03Z,totals,2026-09-17T19:35:03Z,Over,-110,52.5,20260917193559929069
NCAAF,americanfootball_ncaaf,fa9113ed354c9a40e487f5b923b4238f,2026-09-19T22:30:00Z,Missouri State Bears,Marshall Thundering Herd,bovada,Bovada,2026-09-17T19:35:03Z,totals,2026-09-17T19:35:03Z,Under,-110,52.5,20260917193559929069
NCAAF,americanfootball_ncaaf,fa9113ed354c9a40e487f5b923b4238f,2026-09-19T22:30:00Z,Missouri State Bears,Marshall Thundering Herd,betmgm,BetMGM,2026-09-17T19:35:24Z,h2h,2026-09-17T19:35:24Z,Marshall Thundering Herd,-190,,20260917193559929069
NCAAF,americanfootball_ncaaf,fa9113ed354c9a40e487f5b923b4238f,2026-09-19T22:30:00Z,Missouri State Bears,Marshall Thundering Herd,betmgm,BetMGM,2026-09-17T19:35:24Z,h2h,2026-09-17T19:35:24Z,Missouri State Bears,155,,20260917193559929069
NCAAF,americanfootball_ncaaf,fa9113ed354c9a40e487f5b923b4238f,2026-09-19T22:30:00Z,Missouri State Bears,Marshall Thundering Herd,betmgm,BetMGM,2026-09-17T19:35:24Z,spreads,2026-09-17T19:35:24Z,Marshall Thundering Herd,-110,-4.0,20260917193559929069
NCAAF,americanfootball_ncaaf,fa9113ed354c9a40e487f5b923b4238f,2026-09-19T22:30:00Z,Missouri State Bears,Marshall Thundering Herd,betmgm,BetMGM,2026-09-17T19:35:24Z,spreads,2026-09-17T19:35:24Z,Missouri State Bears,-108,4.0,20260917193559929069
NCAAF,americanfootball_ncaaf,fa9113ed354c9a40e487f5b923b4238f,2026-09-19T22:30:00Z,Missouri State Bears,Marshall Thundering Herd,betmgm,BetMGM,2026-09-17T19:35:24Z,totals,2026-09-17T19:35:24Z,Over,-108,52.5,20260917193559929069
NCAAF,americanfootball_ncaaf,fa9113ed354c9a40e487f5b923b4238f,2026-09-19T22:30:00Z,Missouri State Bears,Marshall Thundering Herd,betmgm,BetMGM,2026-09-17T19:35:24Z,totals,2026-09-17T19:35:24Z,Under,-110,52.5,20260917193559929069
NCAAF,americanfootball_ncaaf,7ef3b27d15de635a3e05324f2b0c56cb,2026-09-19T23:00:00Z,Auburn Tigers,Florida Gators,draftkings,DraftKings,2026-09-17T19:34:58Z,h2h,2026-09-17T19:34:58Z,Auburn Tigers,110,,20260917193559929069
NCAAF,americanfootball_ncaaf,7ef3b27d15de635a3e05324f2b0c56cb,2026-09-19T23:00:00Z,Auburn Tigers,Florida Gators,draftkings,DraftKings,2026-09-17T19:34:58Z,h2h,2026-09-17T19:34:58Z,Florida Gators,-130,,20260917193559929069
NCAAF,americanfootball_ncaaf,7ef3b27d15de635a3e05324f2b0c56cb,2026-09-19T23:00:00Z,Auburn Tigers,Florida Gators,draftkings,DraftKings,2026-09-17T19:34:58Z,spreads,2026-09-17T19:34:58Z,Auburn Tigers,-115,2.5,20260917193559929069
NCAAF,americanfootball_ncaaf,7ef3b27d15de635a3e05324f2b0c56cb,2026-09-19T23:00:00Z,Auburn Tigers,Florida Gators,draftkings,DraftKings,2026-09-17T19:34:58Z,spreads,2026-09-17T19:34:58Z,Florida Gators,-105,-2.5,20260917193559929069
NCAAF,americanfootball_ncaaf,7ef3b27d15de635a3e05324f2b0c56cb,2026-09-19T23:00:00Z,Auburn Tigers,Florida Gators,draftkings,DraftKings,2026-09-17T19:34:58Z,totals,2026-09-17T19:34:58Z,Over,-102,53.5,20260917193559929069
NCAAF,americanfootball_ncaaf,7ef3b27d15de635a3e05324f2b0c56cb,2026-09-19T23:00:00Z,Auburn Tigers,Florida Gators,draftkings,DraftKings,2026-09-17T19:34:58Z,totals,2026-09-17T19:34:58Z,Under,-118,53.5,20260917193559929069
NCAAF,americanfootball_ncaaf,7ef3b27d15de635a3e05324f2b0c56cb,2026-09-19T23:00:00Z,Auburn Tigers,Florida Gators,fanduel,FanDuel,2026-09-17T19:35:46Z,h2h,2026-09-17T19:35:46Z,Auburn Tigers,105,,20260917193559929069
NCAAF,americanfootball_ncaaf,7ef3b27d15de635a3e05324f2b0c56cb,2026-09-19T23:00:00Z,Auburn Tigers,Florida Gators,fanduel,FanDuel,2026-09-17T19:35:46Z,h2h,2026-09-17T19:35:46Z,Florida Gators,-126,,20260917193559929069
NCAAF,americanfootball_ncaaf,7ef3b27d15de635a3e05324f2b0c56cb,2026-09-19T23:00:00Z,Auburn Tigers,Florida Gators,fanduel,FanDuel,2026-09-17T19:35:46Z,spreads,2026-09-17T19:35:46Z,Auburn Tigers,-115,2.5,20260917193559929069
NCAAF,americanfootball_ncaaf,7ef3b27d15de635a3e05324f2b0c56cb,2026-09-19T23:00:00Z,Auburn Tigers,Florida Gators,fanduel,FanDuel,2026-09-17T19:35:46Z,spreads,2026-09-17T19:35:46Z,Florida Gators,-105,-2.5,20260917193559929069
NCAAF,americanfootball_ncaaf,7ef3b27d15de635a3e05324f2b0c56cb,2026-09-19T23:00:00Z,Auburn Tigers,Florida Gators,fanduel,FanDuel,2026-09-17T19:35:46Z,totals,2026-09-17T19:35:46Z,Over,-105,53.5,20260917193559929069
NCAAF,americanfootball_ncaaf,7ef3b27d15de635a3e05324f2b0c56cb,2026-09-19T23:00:00Z,Auburn Tigers,Florida Gators,fanduel,FanDuel,2026-09-17T19:35:46Z,totals,2026-09-17T19:35:46Z,Under,-115,53.5,20260917193559929069
NCAAF,americanfootball_ncaaf,7ef3b27d15de635a3e05324f2b0c56cb,2026-09-19T23:00:00Z,Auburn Tigers,Florida Gators,betrivers,BetRivers,2026-09-17T19:34:38Z,h2h,2026-09-17T19:34:38Z,Auburn Tigers,114,,20260917193559929069
NCAAF,americanfootball_ncaaf,7ef3b27d15de635a3e05324f2b0c56cb,2026-09-19T23:00:00Z,Auburn Tigers,Florida Gators,betrivers,BetRivers,2026-09-17T19:34:38Z,h2h,2026-09-17T19:34:38Z,Florida Gators,-141,,20260917193559929069
NCAAF,americanfootball_ncaaf,7ef3b27d15de635a3e05324f2b0c56cb,2026-09-19T23:00:00Z,Auburn Tigers,Florida Gators,betrivers,BetRivers,2026-09-17T19:34:38Z,spreads,2026-09-17T19:34:38Z,Auburn Tigers,-109,2.5,20260917193559929069
NCAAF,americanfootball_ncaaf,7ef3b27d15de635a3e05324f2b0c56cb,2026-09-19T23:00:00Z,Auburn Tigers,Florida Gators,betrivers,BetRivers,2026-09-17T19:34:38Z,spreads,2026-09-17T19:34:38Z,Florida Gators,-114,-2.5,20260917193559929069
NCAAF,americanfootball_ncaaf,7ef3b27d15de635a3e05324f2b0c56cb,2026-09-19T23:00:00Z,Auburn Tigers,Florida Gators,betrivers,BetRivers,2026-09-17T19:34:38Z,totals,2026-09-17T19:34:38Z,Over,-109,53.5,20260917193559929069
NCAAF,americanfootball_ncaaf,7ef3b27d15de635a3e05324f2b0c56cb,2026-09-19T23:00:00Z,Auburn Tigers,Florida Gators,betrivers,BetRivers,2026-09-17T19:34:38Z,totals,2026-09-17T19:34:38Z,Under,-114,53.5,20260917193559929069
NCAAF,americanfootball_ncaaf,7ef3b27d15de635a3e05324f2b0c56cb,2026-09-19T23:00:00Z,Auburn Tigers,Florida Gators,lowvig,LowVig.ag,2026-09-17T19:35:22Z,h2h,2026-09-17T19:35:22Z,Auburn Tigers,103,,20260917193559929069
NCAAF,americanfootball_ncaaf,7ef3b27d15de635a3e05324f2b0c56cb,2026-09-19T23:00:00Z,Auburn Tigers,Florida Gators,lowvig,LowVig.ag,2026-09-17T19:35:22Z,h2h,2026-09-17T19:35:22Z,Florida Gators,-123,,20260917193559929069
NCAAF,americanfootball_ncaaf,7ef3b27d15de635a3e05324f2b0c56cb,2026-09-19T23:00:00Z,Auburn Tigers,Florida Gators,lowvig,LowVig.ag,2026-09-17T19:35:22Z,spreads,2026-09-17T19:35:22Z,Auburn Tigers,-106,1.5,20260917193559929069
NCAAF,americanfootball_ncaaf,7ef3b27d15de635a3e05324f2b0c56cb,2026-09-19T23:00:00Z,Auburn Tigers,Florida Gators,lowvig,LowVig.ag,2026-09-17T19:35:22Z,spreads,2026-09-17T19:35:22Z,Florida Gators,-106,-1.5,20260917193559929069
NCAAF,americanfootball_ncaaf,7ef3b27d15de635a3e05324f2b0c56cb,2026-09-19T23:00:00Z,Auburn Tigers,Florida Gators,lowvig,LowVig.ag,2026-09-17T19:35:22Z,totals,2026-09-17T19:35:22Z,Over,-103,53.5,20260917193559929069
NCAAF,americanfootball_ncaaf,7ef3b27d15de635a3e05324f2b0c56cb,2026-09-19T23:00:00Z,Auburn Tigers,Florida Gators,lowvig,LowVig.ag,2026-09-17T19:35:22Z,totals,2026-09-17T19:35:22Z,Under,-114,53.5,20260917193559929069
NCAAF,americanfootball_ncaaf,7ef3b27d15de635a3e05324f2b0c56cb,2026-09-19T23:00:00Z,Auburn Tigers,Florida Gators,betonlineag,BetOnline.ag,2026-09-17T19:35:23Z,h2h,2026-09-17T19:35:23Z,Auburn Tigers,103,,20260917193559929069
NCAAF,americanfootball_ncaaf,7ef3b27d15de635a3e05324f2b0c56cb,2026-09-19T23:00:00Z,Auburn Tigers,Florida Gators,betonlineag,BetOnline.ag,2026-09-17T19:35:23Z,h2h,2026-09-17T19:35:23Z,Florida Gators,-123,,20260917193559929069
NCAAF,americanfootball_ncaaf,7ef3b27d15de635a3e05324f2b0c56cb,2026-09-19T23:00:00Z,Auburn Tigers,Florida Gators,betonlineag,BetOnline.ag,2026-09-17T19:35:23Z,spreads,2026-09-17T19:35:23Z,Auburn Tigers,-105,1.0,20260917193559929069
NCAAF,americanfootball_ncaaf,7ef3b27d15de635a3e05324f2b0c56cb,2026-09-19T23:00:00Z,Auburn Tigers,Florida Gators,betonlineag,BetOnline.ag,2026-09-17T19:35:23Z,spreads,2026-09-17T19:35:23Z,Florida Gators,-115,-1.0,20260917193559929069
NCAAF,americanfootball_ncaaf,7ef3b27d15de635a3e05324f2b0c56cb,2026-09-19T23:00:00Z,Auburn Tigers,Florida Gators,betonlineag,BetOnline.ag,2026-09-17T19:35:23Z,totals,2026-09-17T19:35:23Z,Over,-105,53.5,20260917193559929069
NCAAF,americanfootball_ncaaf,7ef3b27d15de635a3e05324f2b0c56cb,2026-09-19T23:00:00Z,Auburn Tigers,Florida Gators,betonlineag,BetOnline.ag,2026-09-17T19:35:23Z,totals,2026-09-17T19:35:23Z,Under,-115,53.5,20260917193559929069
NCAAF,americanfootball_ncaaf,7ef3b27d15de635a3e05324f2b0c56cb,2026-09-19T23:00:00Z,Auburn Tigers,Florida Gators,betmgm,BetMGM,2026-09-17T19:35:24Z,h2h,2026-09-17T19:35:24Z,Auburn Tigers,105,,20260917193559929069
NCAAF,americanfootball_ncaaf,7ef3b27d15de635a3e05324f2b0c56cb,2026-09-19T23:00:00Z,Auburn Tigers,Florida Gators,betmgm,BetMGM,2026-09-17T19:35:24Z,h2h,2026-09-17T19:35:24Z,Florida Gators,-125,,20260917193559929069
NCAAF,americanfootball_ncaaf,7ef3b27d15de635a3e05324f2b0c56cb,2026-09-19T23:00:00Z,Auburn Tigers,Florida Gators,betmgm,BetMGM,2026-09-17T19:35:24Z,spreads,2026-09-17T19:35:24Z,Auburn Tigers,-108,2.0,20260917193559929069
NCAAF,americanfootball_ncaaf,7ef3b27d15de635a3e05324f2b0c56cb,2026-09-19T23:00:00Z,Auburn Tigers,Florida Gators,betmgm,BetMGM,2026-09-17T19:35:24Z,spreads,2026-09-17T19:35:24Z,Florida Gators,-110,-2.0,20260917193559929069
NCAAF,americanfootball_ncaaf,7ef3b27d15de635a3e05324f2b0c56cb,2026-09-19T23:00:00Z,Auburn Tigers,Florida Gators,betmgm,BetMGM,2026-09-17T19:35:24Z,totals,2026-09-17T19:35:24Z,Over,-110,52.5,20260917193559929069
NCAAF,americanfootball_ncaaf,7ef3b27d15de635a3e05324f2b0c56cb,2026-09-19T23:00:00Z,Auburn Tigers,Florida Gators,betmgm,BetMGM,2026-09-17T19:35:24Z,totals,2026-09-17T19:35:24Z,Under,-108,52.5,20260917193559929069
NCAAF,americanfootball_ncaaf,7ef3b27d15de635a3e05324f2b0c56cb,2026-09-19T23:00:00Z,Auburn Tigers,Florida Gators,betus,BetUS,2026-09-17T19:35:44Z,h2h,2026-09-17T19:35:44Z,Auburn Tigers,105,,20260917193559929069
NCAAF,americanfootball_ncaaf,7ef3b27d15de635a3e05324f2b0c56cb,2026-09-19T23:00:00Z,Auburn Tigers,Florida Gators,betus,BetUS,2026-09-17T19:35:44Z,h2h,2026-09-17T19:35:44Z,Florida Gators,-125,,20260917193559929069
NCAAF,americanfootball_ncaaf,7ef3b27d15de635a3e05324f2b0c56cb,2026-09-19T23:00:00Z,Auburn Tigers,Florida Gators,betus,BetUS,2026-09-17T19:35:44Z,spreads,2026-09-17T19:35:44Z,Auburn Tigers,-105,1.0,20260917193559929069
NCAAF,americanfootball_ncaaf,7ef3b27d15de635a3e05324f2b0c56cb,2026-09-19T23:00:00Z,Auburn Tigers,Florida Gators,betus,BetUS,2026-09-17T19:35:44Z,spreads,2026-09-17T19:35:44Z,Florida Gators,-115,-1.0,20260917193559929069
NCAAF,americanfootball_ncaaf,7ef3b27d15de635a3e05324f2b0c56cb,2026-09-19T23:00:00Z,Auburn Tigers,Florida Gators,betus,BetUS,2026-09-17T19:35:44Z,totals,2026-09-17T19:35:44Z,Over,-105,53.5,20260917193559929069
NCAAF,americanfootball_ncaaf,7ef3b27d15de635a3e05324f2b0c56cb,2026-09-19T23:00:00Z,Auburn Tigers,Florida Gators,betus,BetUS,2026-09-17T19:35:44Z,totals,2026-09-17T19:35:44Z,Under,-115,53.5,20260917193559929069
NCAAF,americanfootball_ncaaf,7ef3b27d15de635a3e05324f2b0c56cb,2026-09-19T23:00:00Z,Auburn Tigers,Florida Gators,bovada,Bovada,2026-09-17T19:35:03Z,h2h,2026-09-17T19:35:03Z,Auburn Tigers,110,,20260917193559929069
NCAAF,americanfootball_ncaaf,7ef3b27d15de635a3e05324f2b0c56cb,2026-09-19T23:00:00Z,Auburn Tigers,Florida Gators,bovada,Bovada,2026-09-17T19:35:03Z,h2h,2026-09-17T19:35:03Z,Florida Gators,-130,,20260917193559929069
NCAAF,americanfootball_ncaaf,7ef3b27d15de635a3e05324f2b0c56cb,2026-09-19T23:00:00Z,Auburn Tigers,Florida Gators,bovada,Bovada,2026-09-17T19:35:03Z,spreads,2026-09-17T19:35:03Z,Auburn Tigers,-110,2.0,20260917193559929069
NCAAF,americanfootball_ncaaf,7ef3b27d15de635a3e05324f2b0c56cb,2026-09-19T23:00:00Z,Auburn Tigers,Florida Gators,bovada,Bovada,2026-09-17T19:35:03Z,spreads,2026-09-17T19:35:03Z,Florida Gators,-110,-2.0,20260917193559929069
NCAAF,americanfootball_ncaaf,7ef3b27d15de635a3e05324f2b0c56cb,2026-09-19T23:00:00Z,Auburn Tigers,Florida Gators,bovada,Bovada,2026-09-17T19:35:03Z,totals,2026-09-17T19:35:03Z,Over,-110,53.0,20260917193559929069
NCAAF,americanfootball_ncaaf,7ef3b27d15de635a3e05324f2b0c56cb,2026-09-19T23:00:00Z,Auburn Tigers,Florida Gators,bovada,Bovada,2026-09-17T19:35:03Z,totals,2026-09-17T19:35:03Z,Under,-110,53.0,20260917193559929069
NCAAF,americanfootball_ncaaf,d72de7a6a2387f86edc530bbe90a7664,2026-09-19T23:00:00Z,South Florida Bulls,Delaware State Hornets,fanduel,FanDuel,2026-09-17T19:35:46Z,spreads,2026-09-17T19:35:46Z,Delaware State Hornets,-114,37.5,20260917193559929069
NCAAF,americanfootball_ncaaf,d72de7a6a2387f86edc530bbe90a7664,2026-09-19T23:00:00Z,South Florida Bulls,Delaware State Hornets,fanduel,FanDuel,2026-09-17T19:35:46Z,spreads,2026-09-17T19:35:46Z,South Florida Bulls,-106,-37.5,20260917193559929069
NCAAF,americanfootball_ncaaf,d72de7a6a2387f86edc530bbe90a7664,2026-09-19T23:00:00Z,South Florida Bulls,Delaware State Hornets,fanduel,FanDuel,2026-09-17T19:35:46Z,totals,2026-09-17T19:35:46Z,Over,-114,61.5,20260917193559929069
NCAAF,americanfootball_ncaaf,d72de7a6a2387f86edc530bbe90a7664,2026-09-19T23:00:00Z,South Florida Bulls,Delaware State Hornets,fanduel,FanDuel,2026-09-17T19:35:46Z,totals,2026-09-17T19:35:46Z,Under,-106,61.5,20260917193559929069
NCAAF,americanfootball_ncaaf,d72de7a6a2387f86edc530bbe90a7664,2026-09-19T23:00:00Z,South Florida Bulls,Delaware State Hornets,betrivers,BetRivers,2026-09-17T19:34:38Z,spreads,2026-09-17T19:34:38Z,Delaware State Hornets,-113,37.5,20260917193559929069
NCAAF,americanfootball_ncaaf,d72de7a6a2387f86edc530bbe90a7664,2026-09-19T23:00:00Z,South Florida Bulls,Delaware State Hornets,betrivers,BetRivers,2026-09-17T19:34:38Z,spreads,2026-09-17T19:34:38Z,South Florida Bulls,-110,-37.5,20260917193559929069
NCAAF,americanfootball_ncaaf,d72de7a6a2387f86edc530bbe90a7664,2026-09-19T23:00:00Z,South Florida Bulls,Delaware State Hornets,betrivers,BetRivers,2026-09-17T19:34:38Z,totals,2026-09-17T19:34:38Z,Over,-112,62.0,20260917193559929069
NCAAF,americanfootball_ncaaf,d72de7a6a2387f86edc530bbe90a7664,2026-09-19T23:00:00Z,South Florida Bulls,Delaware State Hornets,betrivers,BetRivers,2026-09-17T19:34:38Z,totals,2026-09-17T19:34:38Z,Under,-110,62.0,20260917193559929069
NCAAF,americanfootball_ncaaf,d72de7a6a2387f86edc530bbe90a7664,2026-09-19T23:00:00Z,South Florida Bulls,Delaware State Hornets,draftkings,DraftKings,2026-09-17T19:34:58Z,spreads,2026-09-17T19:34:58Z,Delaware State Hornets,-110,36.5,20260917193559929069
NCAAF,americanfootball_ncaaf,d72de7a6a2387f86edc530bbe90a7664,2026-09-19T23:00:00Z,South Florida Bulls,Delaware State Hornets,draftkings,DraftKings,2026-09-17T19:34:58Z,spreads,2026-09-17T19:34:58Z,South Florida Bulls,-110,-36.5,20260917193559929069
NCAAF,americanfootball_ncaaf,d72de7a6a2387f86edc530bbe90a7664,2026-09-19T23:00:00Z,South Florida Bulls,Delaware State Hornets,draftkings,DraftKings,2026-09-17T19:34:58Z,totals,2026-09-17T19:34:58Z,Over,-112,61.5,20260917193559929069
NCAAF,americanfootball_ncaaf,d72de7a6a2387f86edc530bbe90a7664,2026-09-19T23:00:00Z,South Florida Bulls,Delaware State Hornets,draftkings,DraftKings,2026-09-17T19:34:58Z,totals,2026-09-17T19:34:58Z,Under,-108,61.5,20260917193559929069
NCAAF,americanfootball_ncaaf,d72de7a6a2387f86edc530bbe90a7664,2026-09-19T23:00:00Z,South Florida Bulls,Delaware State Hornets,betonlineag,BetOnline.ag,2026-09-17T19:35:23Z,spreads,2026-09-17T19:35:23Z,Delaware State Hornets,-115,36.5,20260917193559929069
NCAAF,americanfootball_ncaaf,d72de7a6a2387f86edc530bbe90a7664,2026-09-19T23:00:00Z,South Florida Bulls,Delaware State Hornets,betonlineag,BetOnline.ag,2026-09-17T19:35:23Z,spreads,2026-09-17T19:35:23Z,South Florida Bulls,-115,-36.5,20260917193559929069
NCAAF,americanfootball_ncaaf,d72de7a6a2387f86edc530bbe90a7664,2026-09-19T23:00:00Z,South Florida Bulls,Delaware State Hornets,betonlineag,BetOnline.ag,2026-09-17T19:35:23Z,totals,2026-09-17T19:35:23Z,Over,-115,61.5,20260917193559929069
NCAAF,americanfootball_ncaaf,d72de7a6a2387f86edc530bbe90a7664,2026-09-19T23:00:00Z,South Florida Bulls,Delaware State Hornets,betonlineag,BetOnline.ag,2026-09-17T19:35:23Z,totals,2026-09-17T19:35:23Z,Under,-115,61.5,20260917193559929069
NCAAF,americanfootball_ncaaf,d72de7a6a2387f86edc530bbe90a7664,2026-09-19T23:00:00Z,South Florida Bulls,Delaware State Hornets,lowvig,LowVig.ag,2026-09-17T19:35:22Z,spreads,2026-09-17T19:35:22Z,Delaware State Hornets,-115,36.5,20260917193559929069
NCAAF,americanfootball_ncaaf,d72de7a6a2387f86edc530bbe90a7664,2026-09-19T23:00:00Z,South Florida Bulls,Delaware State Hornets,lowvig,LowVig.ag,2026-09-17T19:35:22Z,spreads,2026-09-17T19:35:22Z,South Florida Bulls,-115,-36.5,20260917193559929069
NCAAF,americanfootball_ncaaf,d72de7a6a2387f86edc530bbe90a7664,2026-09-19T23:00:00Z,South Florida Bulls,Delaware State Hornets,lowvig,LowVig.ag,2026-09-17T19:35:22Z,totals,2026-09-17T19:35:22Z,Over,-115,61.5,20260917193559929069
NCAAF,americanfootball_ncaaf,d72de7a6a2387f86edc530bbe90a7664,2026-09-19T23:00:00Z,South Florida Bulls,Delaware State Hornets,lowvig,LowVig.ag,2026-09-17T19:35:22Z,totals,2026-09-17T19:35:22Z,Under,-115,61.5,20260917193559929069
NCAAF,americanfootball_ncaaf,60c8d1fde1467bde9f2a20b5d4cb7c90,2026-09-19T23:00:00Z,Jacksonville State Gamecocks,Georgia Southern Eagles,draftkings,DraftKings,2026-09-17T19:34:58Z,h2h,2026-09-17T19:34:58Z,Georgia Southern Eagles,140,,20260917193559929069
NCAAF,americanfootball_ncaaf,60c8d1fde1467bde9f2a20b5d4cb7c90,2026-09-19T23:00:00Z,Jacksonville State Gamecocks,Georgia Southern Eagles,draftkings,DraftKings,2026-09-17T19:34:58Z,h2h,2026-09-17T19:34:58Z,Jacksonville State Gamecocks,-166,,20260917193559929069
NCAAF,americanfootball_ncaaf,60c8d1fde1467bde9f2a20b5d4cb7c90,2026-09-19T23:00:00Z,Jacksonville State Gamecocks,Georgia Southern Eagles,draftkings,DraftKings,2026-09-17T19:34:58Z,spreads,2026-09-17T19:34:58Z,Georgia Southern Eagles,-118,3.5,20260917193559929069
NCAAF,americanfootball_ncaaf,60c8d1fde1467bde9f2a20b5d4cb7c90,2026-09-19T23:00:00Z,Jacksonville State Gamecocks,Georgia Southern Eagles,draftkings,DraftKings,2026-09-17T19:34:58Z,spreads,2026-09-17T19:34:58Z,Jacksonville State Gamecocks,-102,-3.5,20260917193559929069
NCAAF,americanfootball_ncaaf,60c8d1fde1467bde9f2a20b5d4cb7c90,2026-09-19T23:00:00Z,Jacksonville State Gamecocks,Georgia Southern Eagles,draftkings,DraftKings,2026-09-17T19:34:58Z,totals,2026-09-17T19:34:58Z,Over,-115,52.5,20260917193559929069
NCAAF,americanfootball_ncaaf,60c8d1fde1467bde9f2a20b5d4cb7c90,2026-09-19T23:00:00Z,Jacksonville State Gamecocks,Georgia Southern Eagles,draftkings,DraftKings,2026-09-17T19:34:58Z,totals,2026-09-17T19:34:58Z,Under,-105,52.5,20260917193559929069
NCAAF,americanfootball_ncaaf,60c8d1fde1467bde9f2a20b5d4cb7c90,2026-09-19T23:00:00Z,Jacksonville State Gamecocks,Georgia Southern Eagles,lowvig,LowVig.ag,2026-09-17T19:35:22Z,h2h,2026-09-17T19:35:22Z,Georgia Southern Eagles,145,,20260917193559929069
NCAAF,americanfootball_ncaaf,60c8d1fde1467bde9f2a20b5d4cb7c90,2026-09-19T23:00:00Z,Jacksonville State Gamecocks,Georgia Southern Eagles,lowvig,LowVig.ag,2026-09-17T19:35:22Z,h2h,2026-09-17T19:35:22Z,Jacksonville State Gamecocks,-165,,20260917193559929069
NCAAF,americanfootball_ncaaf,60c8d1fde1467bde9f2a20b5d4cb7c90,2026-09-19T23:00:00Z,Jacksonville State Gamecocks,Georgia Southern Eagles,lowvig,LowVig.ag,2026-09-17T19:35:22Z,spreads,2026-09-17T19:35:22Z,Georgia Southern Eagles,104,3.0,20260917193559929069
NCAAF,americanfootball_ncaaf,60c8d1fde1467bde9f2a20b5d4cb7c90,2026-09-19T23:00:00Z,Jacksonville State Gamecocks,Georgia Southern Eagles,lowvig,LowVig.ag,2026-09-17T19:35:22Z,spreads,2026-09-17T19:35:22Z,Jacksonville State Gamecocks,-116,-3.0,20260917193559929069
NCAAF,americanfootball_ncaaf,60c8d1fde1467bde9f2a20b5d4cb7c90,2026-09-19T23:00:00Z,Jacksonville State Gamecocks,Georgia Southern Eagles,lowvig,LowVig.ag,2026-09-17T19:35:22Z,totals,2026-09-17T19:35:22Z,Over,-108,52.5,20260917193559929069
NCAAF,americanfootball_ncaaf,60c8d1fde1467bde9f2a20b5d4cb7c90,2026-09-19T23:00:00Z,Jacksonville State Gamecocks,Georgia Southern Eagles,lowvig,LowVig.ag,2026-09-17T19:35:22Z,totals,2026-09-17T19:35:22Z,Under,-108,52.5,20260917193559929069
NCAAF,americanfootball_ncaaf,60c8d1fde1467bde9f2a20b5d4cb7c90,2026-09-19T23:00:00Z,Jacksonville State Gamecocks,Georgia Southern Eagles,betonlineag,BetOnline.ag,2026-09-17T19:35:23Z,h2h,2026-09-17T19:35:23Z,Georgia Southern Eagles,145,,20260917193559929069
NCAAF,americanfootball_ncaaf,60c8d1fde1467bde9f2a20b5d4cb7c90,2026-09-19T23:00:00Z,Jacksonville State Gamecocks,Georgia Southern Eagles,betonlineag,BetOnline.ag,2026-09-17T19:35:23Z,h2h,2026-09-17T19:35:23Z,Jacksonville State Gamecocks,-165,,20260917193559929069
NCAAF,americanfootball_ncaaf,60c8d1fde1467bde9f2a20b5d4cb7c90,2026-09-19T23:00:00Z,Jacksonville State Gamecocks,Georgia Southern Eagles,betonlineag,BetOnline.ag,2026-09-17T19:35:23Z,spreads,2026-09-17T19:35:23Z,Georgia Southern Eagles,100,3.0,20260917193559929069
NCAAF,americanfootball_ncaaf,60c8d1fde1467bde9f2a20b5d4cb7c90,2026-09-19T23:00:00Z,Jacksonville State Gamecocks,Georgia Southern Eagles,betonlineag,BetOnline.ag,2026-09-17T19:35:23Z,spreads,2026-09-17T19:35:23Z,Jacksonville State Gamecocks,-120,-3.0,20260917193559929069
NCAAF,americanfootball_ncaaf,60c8d1fde1467bde9f2a20b5d4cb7c90,2026-09-19T23:00:00Z,Jacksonville State Gamecocks,Georgia Southern Eagles,betonlineag,BetOnline.ag,2026-09-17T19:35:23Z,totals,2026-09-17T19:35:23Z,Over,-110,52.5,20260917193559929069
NCAAF,americanfootball_ncaaf,60c8d1fde1467bde9f2a20b5d4cb7c90,2026-09-19T23:00:00Z,Jacksonville State Gamecocks,Georgia Southern Eagles,betonlineag,BetOnline.ag,2026-09-17T19:35:23Z,totals,2026-09-17T19:35:23Z,Under,-110,52.5,20260917193559929069
NCAAF,americanfootball_ncaaf,60c8d1fde1467bde9f2a20b5d4cb7c90,2026-09-19T23:00:00Z,Jacksonville State Gamecocks,Georgia Southern Eagles,betmgm,BetMGM,2026-09-17T19:35:24Z,h2h,2026-09-17T19:35:24Z,Georgia Southern Eagles,138,,20260917193559929069
NCAAF,americanfootball_ncaaf,60c8d1fde1467bde9f2a20b5d4cb7c90,2026-09-19T23:00:00Z,Jacksonville State Gamecocks,Georgia Southern Eagles,betmgm,BetMGM,2026-09-17T19:35:24Z,h2h,2026-09-17T19:35:24Z,Jacksonville State Gamecocks,-165,,20260917193559929069
NCAAF,americanfootball_ncaaf,60c8d1fde1467bde9f2a20b5d4cb7c90,2026-09-19T23:00:00Z,Jacksonville State Gamecocks,Georgia Southern Eagles,betmgm,BetMGM,2026-09-17T19:35:24Z,spreads,2026-09-17T19:35:24Z,Georgia Southern Eagles,-112,3.5,20260917193559929069
NCAAF,americanfootball_ncaaf,60c8d1fde1467bde9f2a20b5d4cb7c90,2026-09-19T23:00:00Z,Jacksonville State Gamecocks,Georgia Southern Eagles,betmgm,BetMGM,2026-09-17T19:35:24Z,spreads,2026-09-17T19:35:24Z,Jacksonville State Gamecocks,-105,-3.5,20260917193559929069
NCAAF,americanfootball_ncaaf,60c8d1fde1467bde9f2a20b5d4cb7c90,2026-09-19T23:00:00Z,Jacksonville State Gamecocks,Georgia Southern Eagles,betmgm,BetMGM,2026-09-17T19:35:24Z,totals,2026-09-17T19:35:24Z,Over,-110,53.5,20260917193559929069
NCAAF,americanfootball_ncaaf,60c8d1fde1467bde9f2a20b5d4cb7c90,2026-09-19T23:00:00Z,Jacksonville State Gamecocks,Georgia Southern Eagles,betmgm,BetMGM,2026-09-17T19:35:24Z,totals,2026-09-17T19:35:24Z,Under,-120,53.5,20260917193559929069
NCAAF,americanfootball_ncaaf,60c8d1fde1467bde9f2a20b5d4cb7c90,2026-09-19T23:00:00Z,Jacksonville State Gamecocks,Georgia Southern Eagles,fanduel,FanDuel,2026-09-17T19:35:46Z,h2h,2026-09-17T19:35:46Z,Georgia Southern Eagles,136,,20260917193559929069
NCAAF,americanfootball_ncaaf,60c8d1fde1467bde9f2a20b5d4cb7c90,2026-09-19T23:00:00Z,Jacksonville State Gamecocks,Georgia Southern Eagles,fanduel,FanDuel,2026-09-17T19:35:46Z,h2h,2026-09-17T19:35:46Z,Jacksonville State Gamecocks,-164,,20260917193559929069
NCAAF,americanfootball_ncaaf,60c8d1fde1467bde9f2a20b5d4cb7c90,2026-09-19T23:00:00Z,Jacksonville State Gamecocks,Georgia Southern Eagles,fanduel,FanDuel,2026-09-17T19:35:46Z,spreads,2026-09-17T19:35:46Z,Georgia Southern Eagles,-115,3.5,20260917193559929069
NCAAF,americanfootball_ncaaf,60c8d1fde1467bde9f2a20b5d4cb7c90,2026-09-19T23:00:00Z,Jacksonville State Gamecocks,Georgia Southern Eagles,fanduel,FanDuel,2026-09-17T19:35:46Z,spreads,2026-09-17T19:35:46Z,Jacksonville State Gamecocks,-105,-3.5,20260917193559929069
NCAAF,americanfootball_ncaaf,60c8d1fde1467bde9f2a20b5d4cb7c90,2026-09-19T23:00:00Z,Jacksonville State Gamecocks,Georgia Southern Eagles,fanduel,FanDuel,2026-09-17T19:35:46Z,totals,2026-09-17T19:35:46Z,Over,-112,52.5,20260917193559929069
NCAAF,americanfootball_ncaaf,60c8d1fde1467bde9f2a20b5d4cb7c90,2026-09-19T23:00:00Z,Jacksonville State Gamecocks,Georgia Southern Eagles,fanduel,FanDuel,2026-09-17T19:35:46Z,totals,2026-09-17T19:35:46Z,Under,-108,52.5,20260917193559929069
NCAAF,americanfootball_ncaaf,60c8d1fde1467bde9f2a20b5d4cb7c90,2026-09-19T23:00:00Z,Jacksonville State Gamecocks,Georgia Southern Eagles,betrivers,BetRivers,2026-09-17T19:34:38Z,h2h,2026-09-17T19:34:38Z,Georgia Southern Eagles,128,,20260917193559929069
NCAAF,americanfootball_ncaaf,60c8d1fde1467bde9f2a20b5d4cb7c90,2026-09-19T23:00:00Z,Jacksonville State Gamecocks,Georgia Southern Eagles,betrivers,BetRivers,2026-09-17T19:34:38Z,h2h,2026-09-17T19:34:38Z,Jacksonville State Gamecocks,-162,,20260917193559929069
NCAAF,americanfootball_ncaaf,60c8d1fde1467bde9f2a20b5d4cb7c90,2026-09-19T23:00:00Z,Jacksonville State Gamecocks,Georgia Southern Eagles,betrivers,BetRivers,2026-09-17T19:34:38Z,spreads,2026-09-17T19:34:38Z,Georgia Southern Eagles,-115,3.5,20260917193559929069
NCAAF,americanfootball_ncaaf,60c8d1fde1467bde9f2a20b5d4cb7c90,2026-09-19T23:00:00Z,Jacksonville State Gamecocks,Georgia Southern Eagles,betrivers,BetRivers,2026-09-17T19:34:38Z,spreads,2026-09-17T19:34:38Z,Jacksonville State Gamecocks,-108,-3.5,20260917193559929069
NCAAF,americanfootball_ncaaf,60c8d1fde1467bde9f2a20b5d4cb7c90,2026-09-19T23:00:00Z,Jacksonville State Gamecocks,Georgia Southern Eagles,betrivers,BetRivers,2026-09-17T19:34:38Z,totals,2026-09-17T19:34:38Z,Over,-110,53.5,20260917193559929069
NCAAF,americanfootball_ncaaf,60c8d1fde1467bde9f2a20b5d4cb7c90,2026-09-19T23:00:00Z,Jacksonville State Gamecocks,Georgia Southern Eagles,betrivers,BetRivers,2026-09-17T19:34:38Z,totals,2026-09-17T19:34:38Z,Under,-115,53.5,20260917193559929069
NCAAF,americanfootball_ncaaf,60c8d1fde1467bde9f2a20b5d4cb7c90,2026-09-19T23:00:00Z,Jacksonville State Gamecocks,Georgia Southern Eagles,betus,BetUS,2026-09-17T19:35:44Z,h2h,2026-09-17T19:35:44Z,Georgia Southern Eagles,142,,20260917193559929069
NCAAF,americanfootball_ncaaf,60c8d1fde1467bde9f2a20b5d4cb7c90,2026-09-19T23:00:00Z,Jacksonville State Gamecocks,Georgia Southern Eagles,betus,BetUS,2026-09-17T19:35:44Z,h2h,2026-09-17T19:35:44Z,Jacksonville State Gamecocks,-165,,20260917193559929069
NCAAF,americanfootball_ncaaf,60c8d1fde1467bde9f2a20b5d4cb7c90,2026-09-19T23:00:00Z,Jacksonville State Gamecocks,Georgia Southern Eagles,betus,BetUS,2026-09-17T19:35:44Z,spreads,2026-09-17T19:35:44Z,Georgia Southern Eagles,-110,3.5,20260917193559929069
NCAAF,americanfootball_ncaaf,60c8d1fde1467bde9f2a20b5d4cb7c90,2026-09-19T23:00:00Z,Jacksonville State Gamecocks,Georgia Southern Eagles,betus,BetUS,2026-09-17T19:35:44Z,spreads,2026-09-17T19:35:44Z,Jacksonville State Gamecocks,-110,-3.5,20260917193559929069
NCAAF,americanfootball_ncaaf,60c8d1fde1467bde9f2a20b5d4cb7c90,2026-09-19T23:00:00Z,Jacksonville State Gamecocks,Georgia Southern Eagles,betus,BetUS,2026-09-17T19:35:44Z,totals,2026-09-17T19:35:44Z,Over,-110,52.5,20260917193559929069
NCAAF,americanfootball_ncaaf,60c8d1fde1467bde9f2a20b5d4cb7c90,2026-09-19T23:00:00Z,Jacksonville State Gamecocks,Georgia Southern Eagles,betus,BetUS,2026-09-17T19:35:44Z,totals,2026-09-17T19:35:44Z,Under,-110,52.5,20260917193559929069
NCAAF,americanfootball_ncaaf,60c8d1fde1467bde9f2a20b5d4cb7c90,2026-09-19T23:00:00Z,Jacksonville State Gamecocks,Georgia Southern Eagles,bovada,Bovada,2026-09-17T19:35:03Z,h2h,2026-09-17T19:35:03Z,Georgia Southern Eagles,140,,20260917193559929069
NCAAF,americanfootball_ncaaf,60c8d1fde1467bde9f2a20b5d4cb7c90,2026-09-19T23:00:00Z,Jacksonville State Gamecocks,Georgia Southern Eagles,bovada,Bovada,2026-09-17T19:35:03Z,h2h,2026-09-17T19:35:03Z,Jacksonville State Gamecocks,-165,,20260917193559929069
NCAAF,americanfootball_ncaaf,60c8d1fde1467bde9f2a20b5d4cb7c90,2026-09-19T23:00:00Z,Jacksonville State Gamecocks,Georgia Southern Eagles,bovada,Bovada,2026-09-17T19:35:03Z,spreads,2026-09-17T19:35:03Z,Georgia Southern Eagles,100,3.0,20260917193559929069
NCAAF,americanfootball_ncaaf,60c8d1fde1467bde9f2a20b5d4cb7c90,2026-09-19T23:00:00Z,Jacksonville State Gamecocks,Georgia Southern Eagles,bovada,Bovada,2026-09-17T19:35:03Z,spreads,2026-09-17T19:35:03Z,Jacksonville State Gamecocks,-120,-3.0,20260917193559929069
NCAAF,americanfootball_ncaaf,60c8d1fde1467bde9f2a20b5d4cb7c90,2026-09-19T23:00:00Z,Jacksonville State Gamecocks,Georgia Southern Eagles,bovada,Bovada,2026-09-17T19:35:03Z,totals,2026-09-17T19:35:03Z,Over,-110,53.0,20260917193559929069
NCAAF,americanfootball_ncaaf,60c8d1fde1467bde9f2a20b5d4cb7c90,2026-09-19T23:00:00Z,Jacksonville State Gamecocks,Georgia Southern Eagles,bovada,Bovada,2026-09-17T19:35:03Z,totals,2026-09-17T19:35:03Z,Under,-110,53.0,20260917193559929069
NCAAF,americanfootball_ncaaf,4a9e833f32775e201ee648c51840df85,2026-09-19T23:00:00Z,UCF Knights,Georgia State Panthers,fanduel,FanDuel,2026-09-17T19:35:46Z,h2h,2026-09-17T19:35:46Z,Georgia State Panthers,740,,20260917193559929069
NCAAF,americanfootball_ncaaf,4a9e833f32775e201ee648c51840df85,2026-09-19T23:00:00Z,UCF Knights,Georgia State Panthers,fanduel,FanDuel,2026-09-17T19:35:46Z,h2h,2026-09-17T19:35:46Z,UCF Knights,-1250,,20260917193559929069
NCAAF,americanfootball_ncaaf,4a9e833f32775e201ee648c51840df85,2026-09-19T23:00:00Z,UCF Knights,Georgia State Panthers,fanduel,FanDuel,2026-09-17T19:35:46Z,spreads,2026-09-17T19:35:46Z,Georgia State Panthers,-110,17.5,20260917193559929069
NCAAF,americanfootball_ncaaf,4a9e833f32775e201ee648c51840df85,2026-09-19T23:00:00Z,UCF Knights,Georgia State Panthers,fanduel,FanDuel,2026-09-17T19:35:46Z,spreads,2026-09-17T19:35:46Z,UCF Knights,-110,-17.5,20260917193559929069
NCAAF,americanfootball_ncaaf,4a9e833f32775e201ee648c51840df85,2026-09-19T23:00:00Z,UCF Knights,Georgia State Panthers,fanduel,FanDuel,2026-09-17T19:35:46Z,totals,2026-09-17T19:35:46Z,Over,-105,50.5,20260917193559929069
NCAAF,americanfootball_ncaaf,4a9e833f32775e201ee648c51840df85,2026-09-19T23:00:00Z,UCF Knights,Georgia State Panthers,fanduel,FanDuel,2026-09-17T19:35:46Z,totals,2026-09-17T19:35:46Z,Under,-115,50.5,20260917193559929069
NCAAF,americanfootball_ncaaf,4a9e833f32775e201ee648c51840df85,2026-09-19T23:00:00Z,UCF Knights,Georgia State Panthers,draftkings,DraftKings,2026-09-17T19:34:58Z,h2h,2026-09-17T19:34:58Z,Georgia State Panthers,625,,20260917193559929069
NCAAF,americanfootball_ncaaf,4a9e833f32775e201ee648c51840df85,2026-09-19T23:00:00Z,UCF Knights,Georgia State Panthers,draftkings,DraftKings,2026-09-17T19:34:58Z,h2h,2026-09-17T19:34:58Z,UCF Knights,-950,,20260917193559929069
NCAAF,americanfootball_ncaaf,4a9e833f32775e201ee648c51840df85,2026-09-19T23:00:00Z,UCF Knights,Georgia State Panthers,draftkings,DraftKings,2026-09-17T19:34:58Z,spreads,2026-09-17T19:34:58Z,Georgia State Panthers,-110,17.5,20260917193559929069
NCAAF,americanfootball_ncaaf,4a9e833f32775e201ee648c51840df85,2026-09-19T23:00:00Z,UCF Knights,Georgia State Panthers,draftkings,DraftKings,2026-09-17T19:34:58Z,spreads,2026-09-17T19:34:58Z,UCF Knights,-110,-17.5,20260917193559929069
NCAAF,americanfootball_ncaaf,4a9e833f32775e201ee648c51840df85,2026-09-19T23:00:00Z,UCF Knights,Georgia State Panthers,draftkings,DraftKings,2026-09-17T19:34:58Z,totals,2026-09-17T19:34:58Z,Over,-110,50.5,20260917193559929069
NCAAF,americanfootball_ncaaf,4a9e833f32775e201ee648c51840df85,2026-09-19T23:00:00Z,UCF Knights,Georgia State Panthers,draftkings,DraftKings,2026-09-17T19:34:58Z,totals,2026-09-17T19:34:58Z,Under,-110,50.5,20260917193559929069
NCAAF,americanfootball_ncaaf,4a9e833f32775e201ee648c51840df85,2026-09-19T23:00:00Z,UCF Knights,Georgia State Panthers,lowvig,LowVig.ag,2026-09-17T19:35:22Z,h2h,2026-09-17T19:35:22Z,Georgia State Panthers,709,,20260917193559929069
NCAAF,americanfootball_ncaaf,4a9e833f32775e201ee648c51840df85,2026-09-19T23:00:00Z,UCF Knights,Georgia State Panthers,lowvig,LowVig.ag,2026-09-17T19:35:22Z,h2h,2026-09-17T19:35:22Z,UCF Knights,-1100,,20260917193559929069
NCAAF,americanfootball_ncaaf,4a9e833f32775e201ee648c51840df85,2026-09-19T23:00:00Z,UCF Knights,Georgia State Panthers,lowvig,LowVig.ag,2026-09-17T19:35:22Z,spreads,2026-09-17T19:35:22Z,Georgia State Panthers,-111,18.0,20260917193559929069
NCAAF,americanfootball_ncaaf,4a9e833f32775e201ee648c51840df85,2026-09-19T23:00:00Z,UCF Knights,Georgia State Panthers,lowvig,LowVig.ag,2026-09-17T19:35:22Z,spreads,2026-09-17T19:35:22Z,UCF Knights,-101,-18.0,20260917193559929069
NCAAF,americanfootball_ncaaf,4a9e833f32775e201ee648c51840df85,2026-09-19T23:00:00Z,UCF Knights,Georgia State Panthers,lowvig,LowVig.ag,2026-09-17T19:35:22Z,totals,2026-09-17T19:35:22Z,Over,-105,50.5,20260917193559929069
NCAAF,americanfootball_ncaaf,4a9e833f32775e201ee648c51840df85,2026-09-19T23:00:00Z,UCF Knights,Georgia State Panthers,lowvig,LowVig.ag,2026-09-17T19:35:22Z,totals,2026-09-17T19:35:22Z,Under,-112,50.5,20260917193559929069
NCAAF,americanfootball_ncaaf,4a9e833f32775e201ee648c51840df85,2026-09-19T23:00:00Z,UCF Knights,Georgia State Panthers,betonlineag,BetOnline.ag,2026-09-17T19:35:23Z,h2h,2026-09-17T19:35:23Z,Georgia State Panthers,709,,20260917193559929069
NCAAF,americanfootball_ncaaf,4a9e833f32775e201ee648c51840df85,2026-09-19T23:00:00Z,UCF Knights,Georgia State Panthers,betonlineag,BetOnline.ag,2026-09-17T19:35:23Z,h2h,2026-09-17T19:35:23Z,UCF Knights,-1100,,20260917193559929069
NCAAF,americanfootball_ncaaf,4a9e833f32775e201ee648c51840df85,2026-09-19T23:00:00Z,UCF Knights,Georgia State Panthers,betonlineag,BetOnline.ag,2026-09-17T19:35:23Z,spreads,2026-09-17T19:35:23Z,Georgia State Panthers,-115,18.0,20260917193559929069
NCAAF,americanfootball_ncaaf,4a9e833f32775e201ee648c51840df85,2026-09-19T23:00:00Z,UCF Knights,Georgia State Panthers,betonlineag,BetOnline.ag,2026-09-17T19:35:23Z,spreads,2026-09-17T19:35:23Z,UCF Knights,-105,-18.0,20260917193559929069
NCAAF,americanfootball_ncaaf,4a9e833f32775e201ee648c51840df85,2026-09-19T23:00:00Z,UCF Knights,Georgia State Panthers,betonlineag,BetOnline.ag,2026-09-17T19:35:23Z,totals,2026-09-17T19:35:23Z,Over,-107,50.5,20260917193559929069
NCAAF,americanfootball_ncaaf,4a9e833f32775e201ee648c51840df85,2026-09-19T23:00:00Z,UCF Knights,Georgia State Panthers,betonlineag,BetOnline.ag,2026-09-17T19:35:23Z,totals,2026-09-17T19:35:23Z,Under,-113,50.5,20260917193559929069
NCAAF,americanfootball_ncaaf,4a9e833f32775e201ee648c51840df85,2026-09-19T23:00:00Z,UCF Knights,Georgia State Panthers,betmgm,BetMGM,2026-09-17T19:35:24Z,h2h,2026-09-17T19:35:24Z,Georgia State Panthers,750,,20260917193559929069
NCAAF,americanfootball_ncaaf,4a9e833f32775e201ee648c51840df85,2026-09-19T23:00:00Z,UCF Knights,Georgia State Panthers,betmgm,BetMGM,2026-09-17T19:35:24Z,h2h,2026-09-17T19:35:24Z,UCF Knights,-1100,,20260917193559929069
NCAAF,americanfootball_ncaaf,4a9e833f32775e201ee648c51840df85,2026-09-19T23:00:00Z,UCF Knights,Georgia State Panthers,betmgm,BetMGM,2026-09-17T19:35:24Z,spreads,2026-09-17T19:35:24Z,Georgia State Panthers,-110,17.5,20260917193559929069
NCAAF,americanfootball_ncaaf,4a9e833f32775e201ee648c51840df85,2026-09-19T23:00:00Z,UCF Knights,Georgia State Panthers,betmgm,BetMGM,2026-09-17T19:35:24Z,spreads,2026-09-17T19:35:24Z,UCF Knights,-108,-17.5,20260917193559929069
NCAAF,americanfootball_ncaaf,4a9e833f32775e201ee648c51840df85,2026-09-19T23:00:00Z,UCF Knights,Georgia State Panthers,betmgm,BetMGM,2026-09-17T19:35:24Z,totals,2026-09-17T19:35:24Z,Over,-120,49.5,20260917193559929069
NCAAF,americanfootball_ncaaf,4a9e833f32775e201ee648c51840df85,2026-09-19T23:00:00Z,UCF Knights,Georgia State Panthers,betmgm,BetMGM,2026-09-17T19:35:24Z,totals,2026-09-17T19:35:24Z,Under,-110,49.5,20260917193559929069
NCAAF,americanfootball_ncaaf,4a9e833f32775e201ee648c51840df85,2026-09-19T23:00:00Z,UCF Knights,Georgia State Panthers,betrivers,BetRivers,2026-09-17T19:34:38Z,h2h,2026-09-17T19:34:38Z,Georgia State Panthers,650,,20260917193559929069
NCAAF,americanfootball_ncaaf,4a9e833f32775e201ee648c51840df85,2026-09-19T23:00:00Z,UCF Knights,Georgia State Panthers,betrivers,BetRivers,2026-09-17T19:34:38Z,h2h,2026-09-17T19:34:38Z,UCF Knights,-1115,,20260917193559929069
NCAAF,americanfootball_ncaaf,4a9e833f32775e201ee648c51840df85,2026-09-19T23:00:00Z,UCF Knights,Georgia State Panthers,betrivers,BetRivers,2026-09-17T19:34:38Z,spreads,2026-09-17T19:34:38Z,Georgia State Panthers,-114,17.5,20260917193559929069
NCAAF,americanfootball_ncaaf,4a9e833f32775e201ee648c51840df85,2026-09-19T23:00:00Z,UCF Knights,Georgia State Panthers,betrivers,BetRivers,2026-09-17T19:34:38Z,spreads,2026-09-17T19:34:38Z,UCF Knights,-109,-17.5,20260917193559929069
NCAAF,americanfootball_ncaaf,4a9e833f32775e201ee648c51840df85,2026-09-19T23:00:00Z,UCF Knights,Georgia State Panthers,betrivers,BetRivers,2026-09-17T19:34:38Z,totals,2026-09-17T19:34:38Z,Over,-109,50.5,20260917193559929069
NCAAF,americanfootball_ncaaf,4a9e833f32775e201ee648c51840df85,2026-09-19T23:00:00Z,UCF Knights,Georgia State Panthers,betrivers,BetRivers,2026-09-17T19:34:38Z,totals,2026-09-17T19:34:38Z,Under,-114,50.5,20260917193559929069
NCAAF,americanfootball_ncaaf,4a9e833f32775e201ee648c51840df85,2026-09-19T23:00:00Z,UCF Knights,Georgia State Panthers,betus,BetUS,2026-09-17T19:35:44Z,h2h,2026-09-17T19:35:44Z,Georgia State Panthers,700,,20260917193559929069
NCAAF,americanfootball_ncaaf,4a9e833f32775e201ee648c51840df85,2026-09-19T23:00:00Z,UCF Knights,Georgia State Panthers,betus,BetUS,2026-09-17T19:35:44Z,h2h,2026-09-17T19:35:44Z,UCF Knights,-1100,,20260917193559929069
NCAAF,americanfootball_ncaaf,4a9e833f32775e201ee648c51840df85,2026-09-19T23:00:00Z,UCF Knights,Georgia State Panthers,betus,BetUS,2026-09-17T19:35:44Z,spreads,2026-09-17T19:35:44Z,Georgia State Panthers,-110,17.0,20260917193559929069
NCAAF,americanfootball_ncaaf,4a9e833f32775e201ee648c51840df85,2026-09-19T23:00:00Z,UCF Knights,Georgia State Panthers,betus,BetUS,2026-09-17T19:35:44Z,spreads,2026-09-17T19:35:44Z,UCF Knights,-110,-17.0,20260917193559929069
NCAAF,americanfootball_ncaaf,4a9e833f32775e201ee648c51840df85,2026-09-19T23:00:00Z,UCF Knights,Georgia State Panthers,betus,BetUS,2026-09-17T19:35:44Z,totals,2026-09-17T19:35:44Z,Over,-110,50.0,20260917193559929069
NCAAF,americanfootball_ncaaf,4a9e833f32775e201ee648c51840df85,2026-09-19T23:00:00Z,UCF Knights,Georgia State Panthers,betus,BetUS,2026-09-17T19:35:44Z,totals,2026-09-17T19:35:44Z,Under,-110,50.0,20260917193559929069
NCAAF,americanfootball_ncaaf,4a9e833f32775e201ee648c51840df85,2026-09-19T23:00:00Z,UCF Knights,Georgia State Panthers,bovada,Bovada,2026-09-17T19:35:03Z,h2h,2026-09-17T19:35:03Z,Georgia State Panthers,700,,20260917193559929069
NCAAF,americanfootball_ncaaf,4a9e833f32775e201ee648c51840df85,2026-09-19T23:00:00Z,UCF Knights,Georgia State Panthers,bovada,Bovada,2026-09-17T19:35:03Z,h2h,2026-09-17T19:35:03Z,UCF Knights,-1200,,20260917193559929069
NCAAF,americanfootball_ncaaf,4a9e833f32775e201ee648c51840df85,2026-09-19T23:00:00Z,UCF Knights,Georgia State Panthers,bovada,Bovada,2026-09-17T19:35:03Z,spreads,2026-09-17T19:35:03Z,Georgia State Panthers,-110,18.0,20260917193559929069
NCAAF,americanfootball_ncaaf,4a9e833f32775e201ee648c51840df85,2026-09-19T23:00:00Z,UCF Knights,Georgia State Panthers,bovada,Bovada,2026-09-17T19:35:03Z,spreads,2026-09-17T19:35:03Z,UCF Knights,-110,-18.0,20260917193559929069
NCAAF,americanfootball_ncaaf,4a9e833f32775e201ee648c51840df85,2026-09-19T23:00:00Z,UCF Knights,Georgia State Panthers,bovada,Bovada,2026-09-17T19:35:03Z,totals,2026-09-17T19:35:03Z,Over,-110,50.0,20260917193559929069
NCAAF,americanfootball_ncaaf,4a9e833f32775e201ee648c51840df85,2026-09-19T23:00:00Z,UCF Knights,Georgia State Panthers,bovada,Bovada,2026-09-17T19:35:03Z,totals,2026-09-17T19:35:03Z,Under,-110,50.0,20260917193559929069
NCAAF,americanfootball_ncaaf,36bb6ea150432c9958bd533c49b06f23,2026-09-19T23:00:00Z,Memphis Tigers,UT Martin Skyhawks,fanduel,FanDuel,2026-09-17T19:35:46Z,spreads,2026-09-17T19:35:46Z,Memphis Tigers,-106,-35.5,20260917193559929069
NCAAF,americanfootball_ncaaf,36bb6ea150432c9958bd533c49b06f23,2026-09-19T23:00:00Z,Memphis Tigers,UT Martin Skyhawks,fanduel,FanDuel,2026-09-17T19:35:46Z,spreads,2026-09-17T19:35:46Z,UT Martin Skyhawks,-114,35.5,20260917193559929069
NCAAF,americanfootball_ncaaf,36bb6ea150432c9958bd533c49b06f23,2026-09-19T23:00:00Z,Memphis Tigers,UT Martin Skyhawks,fanduel,FanDuel,2026-09-17T19:35:46Z,totals,2026-09-17T19:35:46Z,Over,-108,56.5,20260917193559929069
NCAAF,americanfootball_ncaaf,36bb6ea150432c9958bd533c49b06f23,2026-09-19T23:00:00Z,Memphis Tigers,UT Martin Skyhawks,fanduel,FanDuel,2026-09-17T19:35:46Z,totals,2026-09-17T19:35:46Z,Under,-112,56.5,20260917193559929069
NCAAF,americanfootball_ncaaf,36bb6ea150432c9958bd533c49b06f23,2026-09-19T23:00:00Z,Memphis Tigers,UT Martin Skyhawks,betrivers,BetRivers,2026-09-17T19:34:38Z,spreads,2026-09-17T19:34:38Z,Memphis Tigers,-115,-35.0,20260917193559929069
NCAAF,americanfootball_ncaaf,36bb6ea150432c9958bd533c49b06f23,2026-09-19T23:00:00Z,Memphis Tigers,UT Martin Skyhawks,betrivers,BetRivers,2026-09-17T19:34:38Z,spreads,2026-09-17T19:34:38Z,UT Martin Skyhawks,-108,35.0,20260917193559929069
NCAAF,americanfootball_ncaaf,36bb6ea150432c9958bd533c49b06f23,2026-09-19T23:00:00Z,Memphis Tigers,UT Martin Skyhawks,betrivers,BetRivers,2026-09-17T19:34:38Z,totals,2026-09-17T19:34:38Z,Over,-113,56.5,20260917193559929069
NCAAF,americanfootball_ncaaf,36bb6ea150432c9958bd533c49b06f23,2026-09-19T23:00:00Z,Memphis Tigers,UT Martin Skyhawks,betrivers,BetRivers,2026-09-17T19:34:38Z,totals,2026-09-17T19:34:38Z,Under,-110,56.5,20260917193559929069
NCAAF,americanfootball_ncaaf,36bb6ea150432c9958bd533c49b06f23,2026-09-19T23:00:00Z,Memphis Tigers,UT Martin Skyhawks,draftkings,DraftKings,2026-09-17T19:34:58Z,h2h,2026-09-17T19:34:58Z,Memphis Tigers,-50000,,20260917193559929069
NCAAF,americanfootball_ncaaf,36bb6ea150432c9958bd533c49b06f23,2026-09-19T23:00:00Z,Memphis Tigers,UT Martin Skyhawks,draftkings,DraftKings,2026-09-17T19:34:58Z,h2h,2026-09-17T19:34:58Z,UT Martin Skyhawks,4000,,20260917193559929069
NCAAF,americanfootball_ncaaf,36bb6ea150432c9958bd533c49b06f23,2026-09-19T23:00:00Z,Memphis Tigers,UT Martin Skyhawks,draftkings,DraftKings,2026-09-17T19:34:58Z,spreads,2026-09-17T19:34:58Z,Memphis Tigers,-110,-34.5,20260917193559929069
NCAAF,americanfootball_ncaaf,36bb6ea150432c9958bd533c49b06f23,2026-09-19T23:00:00Z,Memphis Tigers,UT Martin Skyhawks,draftkings,DraftKings,2026-09-17T19:34:58Z,spreads,2026-09-17T19:34:58Z,UT Martin Skyhawks,-110,34.5,20260917193559929069
NCAAF,americanfootball_ncaaf,36bb6ea150432c9958bd533c49b06f23,2026-09-19T23:00:00Z,Memphis Tigers,UT Martin Skyhawks,draftkings,DraftKings,2026-09-17T19:34:58Z,totals,2026-09-17T19:34:58Z,Over,-110,57.5,20260917193559929069
NCAAF,americanfootball_ncaaf,36bb6ea150432c9958bd533c49b06f23,2026-09-19T23:00:00Z,Memphis Tigers,UT Martin Skyhawks,draftkings,DraftKings,2026-09-17T19:34:58Z,totals,2026-09-17T19:34:58Z,Under,-110,57.5,20260917193559929069
NCAAF,americanfootball_ncaaf,36bb6ea150432c9958bd533c49b06f23,2026-09-19T23:00:00Z,Memphis Tigers,UT Martin Skyhawks,betonlineag,BetOnline.ag,2026-09-17T19:35:23Z,spreads,2026-09-17T19:35:23Z,Memphis Tigers,-115,-34.5,20260917193559929069
NCAAF,americanfootball_ncaaf,36bb6ea150432c9958bd533c49b06f23,2026-09-19T23:00:00Z,Memphis Tigers,UT Martin Skyhawks,betonlineag,BetOnline.ag,2026-09-17T19:35:23Z,spreads,2026-09-17T19:35:23Z,UT Martin Skyhawks,-115,34.5,20260917193559929069
NCAAF,americanfootball_ncaaf,36bb6ea150432c9958bd533c49b06f23,2026-09-19T23:00:00Z,Memphis Tigers,UT Martin Skyhawks,betonlineag,BetOnline.ag,2026-09-17T19:35:23Z,totals,2026-09-17T19:35:23Z,Over,-120,57.5,20260917193559929069
NCAAF,americanfootball_ncaaf,36bb6ea150432c9958bd533c49b06f23,2026-09-19T23:00:00Z,Memphis Tigers,UT Martin Skyhawks,betonlineag,BetOnline.ag,2026-09-17T19:35:23Z,totals,2026-09-17T19:35:23Z,Under,-110,57.5,20260917193559929069
NCAAF,americanfootball_ncaaf,36bb6ea150432c9958bd533c49b06f23,2026-09-19T23:00:00Z,Memphis Tigers,UT Martin Skyhawks,lowvig,LowVig.ag,2026-09-17T19:35:22Z,spreads,2026-09-17T19:35:22Z,Memphis Tigers,-115,-34.5,20260917193559929069
NCAAF,americanfootball_ncaaf,36bb6ea150432c9958bd533c49b06f23,2026-09-19T23:00:00Z,Memphis Tigers,UT Martin Skyhawks,lowvig,LowVig.ag,2026-09-17T19:35:22Z,spreads,2026-09-17T19:35:22Z,UT Martin Skyhawks,-115,34.5,20260917193559929069
NCAAF,americanfootball_ncaaf,36bb6ea150432c9958bd533c49b06f23,2026-09-19T23:00:00Z,Memphis Tigers,UT Martin Skyhawks,lowvig,LowVig.ag,2026-09-17T19:35:22Z,totals,2026-09-17T19:35:22Z,Over,-120,57.5,20260917193559929069
NCAAF,americanfootball_ncaaf,36bb6ea150432c9958bd533c49b06f23,2026-09-19T23:00:00Z,Memphis Tigers,UT Martin Skyhawks,lowvig,LowVig.ag,2026-09-17T19:35:22Z,totals,2026-09-17T19:35:22Z,Under,-110,57.5,20260917193559929069
NCAAF,americanfootball_ncaaf,b8810f15896c1fbe1ca25054585612f0,2026-09-19T23:00:00Z,Middle Tennessee Blue Raiders,Nevada Wolf Pack,draftkings,DraftKings,2026-09-17T19:34:58Z,h2h,2026-09-17T19:34:58Z,Middle Tennessee Blue Raiders,150,,20260917193559929069
NCAAF,americanfootball_ncaaf,b8810f15896c1fbe1ca25054585612f0,2026-09-19T23:00:00Z,Middle Tennessee Blue Raiders,Nevada Wolf Pack,draftkings,DraftKings,2026-09-17T19:34:58Z,h2h,2026-09-17T19:34:58Z,Nevada Wolf Pack,-180,,20260917193559929069
NCAAF,americanfootball_ncaaf,b8810f15896c1fbe1ca25054585612f0,2026-09-19T23:00:00Z,Middle Tennessee Blue Raiders,Nevada Wolf Pack,draftkings,DraftKings,2026-09-17T19:34:58Z,spreads,2026-09-17T19:34:58Z,Middle Tennessee Blue Raiders,-108,3.5,20260917193559929069
NCAAF,americanfootball_ncaaf,b8810f15896c1fbe1ca25054585612f0,2026-09-19T23:00:00Z,Middle Tennessee Blue Raiders,Nevada Wolf Pack,draftkings,DraftKings,2026-09-17T19:34:58Z,spreads,2026-09-17T19:34:58Z,Nevada Wolf Pack,-112,-3.5,20260917193559929069
NCAAF,americanfootball_ncaaf,b8810f15896c1fbe1ca25054585612f0,2026-09-19T23:00:00Z,Middle Tennessee Blue Raiders,Nevada Wolf Pack,draftkings,DraftKings,2026-09-17T19:34:58Z,totals,2026-09-17T19:34:58Z,Over,-108,50.5,20260917193559929069
NCAAF,americanfootball_ncaaf,b8810f15896c1fbe1ca25054585612f0,2026-09-19T23:00:00Z,Middle Tennessee Blue Raiders,Nevada Wolf Pack,draftkings,DraftKings,2026-09-17T19:34:58Z,totals,2026-09-17T19:34:58Z,Under,-112,50.5,20260917193559929069
NCAAF,americanfootball_ncaaf,b8810f15896c1fbe1ca25054585612f0,2026-09-19T23:00:00Z,Middle Tennessee Blue Raiders,Nevada Wolf Pack,betmgm,BetMGM,2026-09-17T19:35:24Z,h2h,2026-09-17T19:35:24Z,Middle Tennessee Blue Raiders,150,,20260917193559929069
NCAAF,americanfootball_ncaaf,b8810f15896c1fbe1ca25054585612f0,2026-09-19T23:00:00Z,Middle Tennessee Blue Raiders,Nevada Wolf Pack,betmgm,BetMGM,2026-09-17T19:35:24Z,h2h,2026-09-17T19:35:24Z,Nevada Wolf Pack,-185,,20260917193559929069
NCAAF,americanfootball_ncaaf,b8810f15896c1fbe1ca25054585612f0,2026-09-19T23:00:00Z,Middle Tennessee Blue Raiders,Nevada Wolf Pack,betmgm,BetMGM,2026-09-17T19:35:24Z,spreads,2026-09-17T19:35:24Z,Middle Tennessee Blue Raiders,-108,3.5,20260917193559929069
NCAAF,americanfootball_ncaaf,b8810f15896c1fbe1ca25054585612f0,2026-09-19T23:00:00Z,Middle Tennessee Blue Raiders,Nevada Wolf Pack,betmgm,BetMGM,2026-09-17T19:35:24Z,spreads,2026-09-17T19:35:24Z,Nevada Wolf Pack,-110,-3.5,20260917193559929069
NCAAF,americanfootball_ncaaf,b8810f15896c1fbe1ca25054585612f0,2026-09-19T23:00:00Z,Middle Tennessee Blue Raiders,Nevada Wolf Pack,betmgm,BetMGM,2026-09-17T19:35:24Z,totals,2026-09-17T19:35:24Z,Over,-108,50.5,20260917193559929069
NCAAF,americanfootball_ncaaf,b8810f15896c1fbe1ca25054585612f0,2026-09-19T23:00:00Z,Middle Tennessee Blue Raiders,Nevada Wolf Pack,betmgm,BetMGM,2026-09-17T19:35:24Z,totals,2026-09-17T19:35:24Z,Under,-110,50.5,20260917193559929069
NCAAF,americanfootball_ncaaf,b8810f15896c1fbe1ca25054585612f0,2026-09-19T23:00:00Z,Middle Tennessee Blue Raiders,Nevada Wolf Pack,lowvig,LowVig.ag,2026-09-17T19:35:22Z,h2h,2026-09-17T19:35:22Z,Middle Tennessee Blue Raiders,149,,20260917193559929069
NCAAF,americanfootball_ncaaf,b8810f15896c1fbe1ca25054585612f0,2026-09-19T23:00:00Z,Middle Tennessee Blue Raiders,Nevada Wolf Pack,lowvig,LowVig.ag,2026-09-17T19:35:22Z,h2h,2026-09-17T19:35:22Z,Nevada Wolf Pack,-170,,20260917193559929069
NCAAF,americanfootball_ncaaf,b8810f15896c1fbe1ca25054585612f0,2026-09-19T23:00:00Z,Middle Tennessee Blue Raiders,Nevada Wolf Pack,lowvig,LowVig.ag,2026-09-17T19:35:22Z,spreads,2026-09-17T19:35:22Z,Middle Tennessee Blue Raiders,-101,3.5,20260917193559929069
NCAAF,americanfootball_ncaaf,b8810f15896c1fbe1ca25054585612f0,2026-09-19T23:00:00Z,Middle Tennessee Blue Raiders,Nevada Wolf Pack,lowvig,LowVig.ag,2026-09-17T19:35:22Z,spreads,2026-09-17T19:35:22Z,Nevada Wolf Pack,-111,-3.5,20260917193559929069
NCAAF,americanfootball_ncaaf,b8810f15896c1fbe1ca25054585612f0,2026-09-19T23:00:00Z,Middle Tennessee Blue Raiders,Nevada Wolf Pack,lowvig,LowVig.ag,2026-09-17T19:35:22Z,totals,2026-09-17T19:35:22Z,Over,-108,50.5,20260917193559929069
NCAAF,americanfootball_ncaaf,b8810f15896c1fbe1ca25054585612f0,2026-09-19T23:00:00Z,Middle Tennessee Blue Raiders,Nevada Wolf Pack,lowvig,LowVig.ag,2026-09-17T19:35:22Z,totals,2026-09-17T19:35:22Z,Under,-108,50.5,20260917193559929069
NCAAF,americanfootball_ncaaf,b8810f15896c1fbe1ca25054585612f0,2026-09-19T23:00:00Z,Middle Tennessee Blue Raiders,Nevada Wolf Pack,betonlineag,BetOnline.ag,2026-09-17T19:35:23Z,h2h,2026-09-17T19:35:23Z,Middle Tennessee Blue Raiders,149,,20260917193559929069
NCAAF,americanfootball_ncaaf,b8810f15896c1fbe1ca25054585612f0,2026-09-19T23:00:00Z,Middle Tennessee Blue Raiders,Nevada Wolf Pack,betonlineag,BetOnline.ag,2026-09-17T19:35:23Z,h2h,2026-09-17T19:35:23Z,Nevada Wolf Pack,-170,,20260917193559929069
NCAAF,americanfootball_ncaaf,b8810f15896c1fbe1ca25054585612f0,2026-09-19T23:00:00Z,Middle Tennessee Blue Raiders,Nevada Wolf Pack,betonlineag,BetOnline.ag,2026-09-17T19:35:23Z,spreads,2026-09-17T19:35:23Z,Middle Tennessee Blue Raiders,-105,3.5,20260917193559929069
NCAAF,americanfootball_ncaaf,b8810f15896c1fbe1ca25054585612f0,2026-09-19T23:00:00Z,Middle Tennessee Blue Raiders,Nevada Wolf Pack,betonlineag,BetOnline.ag,2026-09-17T19:35:23Z,spreads,2026-09-17T19:35:23Z,Nevada Wolf Pack,-115,-3.5,20260917193559929069
NCAAF,americanfootball_ncaaf,b8810f15896c1fbe1ca25054585612f0,2026-09-19T23:00:00Z,Middle Tennessee Blue Raiders,Nevada Wolf Pack,betonlineag,BetOnline.ag,2026-09-17T19:35:23Z,totals,2026-09-17T19:35:23Z,Over,-110,50.5,20260917193559929069
NCAAF,americanfootball_ncaaf,b8810f15896c1fbe1ca25054585612f0,2026-09-19T23:00:00Z,Middle Tennessee Blue Raiders,Nevada Wolf Pack,betonlineag,BetOnline.ag,2026-09-17T19:35:23Z,totals,2026-09-17T19:35:23Z,Under,-110,50.5,20260917193559929069
NCAAF,americanfootball_ncaaf,b8810f15896c1fbe1ca25054585612f0,2026-09-19T23:00:00Z,Middle Tennessee Blue Raiders,Nevada Wolf Pack,fanduel,FanDuel,2026-09-17T19:35:46Z,h2h,2026-09-17T19:35:46Z,Middle Tennessee Blue Raiders,146,,20260917193559929069
NCAAF,americanfootball_ncaaf,b8810f15896c1fbe1ca25054585612f0,2026-09-19T23:00:00Z,Middle Tennessee Blue Raiders,Nevada Wolf Pack,fanduel,FanDuel,2026-09-17T19:35:46Z,h2h,2026-09-17T19:35:46Z,Nevada Wolf Pack,-176,,20260917193559929069
NCAAF,americanfootball_ncaaf,b8810f15896c1fbe1ca25054585612f0,2026-09-19T23:00:00Z,Middle Tennessee Blue Raiders,Nevada Wolf Pack,fanduel,FanDuel,2026-09-17T19:35:46Z,spreads,2026-09-17T19:35:46Z,Middle Tennessee Blue Raiders,-105,3.5,20260917193559929069
NCAAF,americanfootball_ncaaf,b8810f15896c1fbe1ca25054585612f0,2026-09-19T23:00:00Z,Middle Tennessee Blue Raiders,Nevada Wolf Pack,fanduel,FanDuel,2026-09-17T19:35:46Z,spreads,2026-09-17T19:35:46Z,Nevada Wolf Pack,-115,-3.5,20260917193559929069
NCAAF,americanfootball_ncaaf,b8810f15896c1fbe1ca25054585612f0,2026-09-19T23:00:00Z,Middle Tennessee Blue Raiders,Nevada Wolf Pack,fanduel,FanDuel,2026-09-17T19:35:46Z,totals,2026-09-17T19:35:46Z,Over,-110,49.5,20260917193559929069
NCAAF,americanfootball_ncaaf,b8810f15896c1fbe1ca25054585612f0,2026-09-19T23:00:00Z,Middle Tennessee Blue Raiders,Nevada Wolf Pack,fanduel,FanDuel,2026-09-17T19:35:46Z,totals,2026-09-17T19:35:46Z,Under,-110,49.5,20260917193559929069
NCAAF,americanfootball_ncaaf,b8810f15896c1fbe1ca25054585612f0,2026-09-19T23:00:00Z,Middle Tennessee Blue Raiders,Nevada Wolf Pack,betrivers,BetRivers,2026-09-17T19:34:38Z,h2h,2026-09-17T19:34:38Z,Middle Tennessee Blue Raiders,140,,20260917193559929069
NCAAF,americanfootball_ncaaf,b8810f15896c1fbe1ca25054585612f0,2026-09-19T23:00:00Z,Middle Tennessee Blue Raiders,Nevada Wolf Pack,betrivers,BetRivers,2026-09-17T19:34:38Z,h2h,2026-09-17T19:34:38Z,Nevada Wolf Pack,-175,,20260917193559929069
NCAAF,americanfootball_ncaaf,b8810f15896c1fbe1ca25054585612f0,2026-09-19T23:00:00Z,Middle Tennessee Blue Raiders,Nevada Wolf Pack,betrivers,BetRivers,2026-09-17T19:34:38Z,spreads,2026-09-17T19:34:38Z,Middle Tennessee Blue Raiders,-115,4.0,20260917193559929069
NCAAF,americanfootball_ncaaf,b8810f15896c1fbe1ca25054585612f0,2026-09-19T23:00:00Z,Middle Tennessee Blue Raiders,Nevada Wolf Pack,betrivers,BetRivers,2026-09-17T19:34:38Z,spreads,2026-09-17T19:34:38Z,Nevada Wolf Pack,-108,-4.0,20260917193559929069
NCAAF,americanfootball_ncaaf,b8810f15896c1fbe1ca25054585612f0,2026-09-19T23:00:00Z,Middle Tennessee Blue Raiders,Nevada Wolf Pack,betrivers,BetRivers,2026-09-17T19:34:38Z,totals,2026-09-17T19:34:38Z,Over,-117,50.5,20260917193559929069
NCAAF,americanfootball_ncaaf,b8810f15896c1fbe1ca25054585612f0,2026-09-19T23:00:00Z,Middle Tennessee Blue Raiders,Nevada Wolf Pack,betrivers,BetRivers,2026-09-17T19:34:38Z,totals,2026-09-17T19:34:38Z,Under,-109,50.5,20260917193559929069
NCAAF,americanfootball_ncaaf,b8810f15896c1fbe1ca25054585612f0,2026-09-19T23:00:00Z,Middle Tennessee Blue Raiders,Nevada Wolf Pack,betus,BetUS,2026-09-17T19:35:44Z,h2h,2026-09-17T19:35:44Z,Middle Tennessee Blue Raiders,146,,20260917193559929069
NCAAF,americanfootball_ncaaf,b8810f15896c1fbe1ca25054585612f0,2026-09-19T23:00:00Z,Middle Tennessee Blue Raiders,Nevada Wolf Pack,betus,BetUS,2026-09-17T19:35:44Z,h2h,2026-09-17T19:35:44Z,Nevada Wolf Pack,-170,,20260917193559929069
NCAAF,americanfootball_ncaaf,b8810f15896c1fbe1ca25054585612f0,2026-09-19T23:00:00Z,Middle Tennessee Blue Raiders,Nevada Wolf Pack,betus,BetUS,2026-09-17T19:35:44Z,spreads,2026-09-17T19:35:44Z,Middle Tennessee Blue Raiders,-110,3.5,20260917193559929069
NCAAF,americanfootball_ncaaf,b8810f15896c1fbe1ca25054585612f0,2026-09-19T23:00:00Z,Middle Tennessee Blue Raiders,Nevada Wolf Pack,betus,BetUS,2026-09-17T19:35:44Z,spreads,2026-09-17T19:35:44Z,Nevada Wolf Pack,-110,-3.5,20260917193559929069
NCAAF,americanfootball_ncaaf,b8810f15896c1fbe1ca25054585612f0,2026-09-19T23:00:00Z,Middle Tennessee Blue Raiders,Nevada Wolf Pack,betus,BetUS,2026-09-17T19:35:44Z,totals,2026-09-17T19:35:44Z,Over,-110,50.5,20260917193559929069
NCAAF,americanfootball_ncaaf,b8810f15896c1fbe1ca25054585612f0,2026-09-19T23:00:00Z,Middle Tennessee Blue Raiders,Nevada Wolf Pack,betus,BetUS,2026-09-17T19:35:44Z,totals,2026-09-17T19:35:44Z,Under,-110,50.5,20260917193559929069
NCAAF,americanfootball_ncaaf,b8810f15896c1fbe1ca25054585612f0,2026-09-19T23:00:00Z,Middle Tennessee Blue Raiders,Nevada Wolf Pack,bovada,Bovada,2026-09-17T19:35:03Z,h2h,2026-09-17T19:35:03Z,Middle Tennessee Blue Raiders,155,,20260917193559929069
NCAAF,americanfootball_ncaaf,b8810f15896c1fbe1ca25054585612f0,2026-09-19T23:00:00Z,Middle Tennessee Blue Raiders,Nevada Wolf Pack,bovada,Bovada,2026-09-17T19:35:03Z,h2h,2026-09-17T19:35:03Z,Nevada Wolf Pack,-180,,20260917193559929069
NCAAF,americanfootball_ncaaf,b8810f15896c1fbe1ca25054585612f0,2026-09-19T23:00:00Z,Middle Tennessee Blue Raiders,Nevada Wolf Pack,bovada,Bovada,2026-09-17T19:35:03Z,spreads,2026-09-17T19:35:03Z,Middle Tennessee Blue Raiders,-115,4.0,20260917193559929069
NCAAF,americanfootball_ncaaf,b8810f15896c1fbe1ca25054585612f0,2026-09-19T23:00:00Z,Middle Tennessee Blue Raiders,Nevada Wolf Pack,bovada,Bovada,2026-09-17T19:35:03Z,spreads,2026-09-17T19:35:03Z,Nevada Wolf Pack,-105,-4.0,20260917193559929069
NCAAF,americanfootball_ncaaf,b8810f15896c1fbe1ca25054585612f0,2026-09-19T23:00:00Z,Middle Tennessee Blue Raiders,Nevada Wolf Pack,bovada,Bovada,2026-09-17T19:35:03Z,totals,2026-09-17T19:35:03Z,Over,-105,50.5,20260917193559929069
NCAAF,americanfootball_ncaaf,b8810f15896c1fbe1ca25054585612f0,2026-09-19T23:00:00Z,Middle Tennessee Blue Raiders,Nevada Wolf Pack,bovada,Bovada,2026-09-17T19:35:03Z,totals,2026-09-17T19:35:03Z,Under,-115,50.5,20260917193559929069
NCAAF,americanfootball_ncaaf,69164d1b806f25a76cdb6268e19d4365,2026-09-19T23:00:00Z,Missouri Tigers,Troy Trojans,draftkings,DraftKings,2026-09-17T19:34:58Z,h2h,2026-09-17T19:34:58Z,Missouri Tigers,-6500,,20260917193559929069
NCAAF,americanfootball_ncaaf,69164d1b806f25a76cdb6268e19d4365,2026-09-19T23:00:00Z,Missouri Tigers,Troy Trojans,draftkings,DraftKings,2026-09-17T19:34:58Z,h2h,2026-09-17T19:34:58Z,Troy Trojans,2000,,20260917193559929069
NCAAF,americanfootball_ncaaf,69164d1b806f25a76cdb6268e19d4365,2026-09-19T23:00:00Z,Missouri Tigers,Troy Trojans,draftkings,DraftKings,2026-09-17T19:34:58Z,spreads,2026-09-17T19:34:58Z,Missouri Tigers,-105,-27.5,20260917193559929069
NCAAF,americanfootball_ncaaf,69164d1b806f25a76cdb6268e19d4365,2026-09-19T23:00:00Z,Missouri Tigers,Troy Trojans,draftkings,DraftKings,2026-09-17T19:34:58Z,spreads,2026-09-17T19:34:58Z,Troy Trojans,-115,27.5,20260917193559929069
NCAAF,americanfootball_ncaaf,69164d1b806f25a76cdb6268e19d4365,2026-09-19T23:00:00Z,Missouri Tigers,Troy Trojans,draftkings,DraftKings,2026-09-17T19:34:58Z,totals,2026-09-17T19:34:58Z,Over,-112,49.5,20260917193559929069
NCAAF,americanfootball_ncaaf,69164d1b806f25a76cdb6268e19d4365,2026-09-19T23:00:00Z,Missouri Tigers,Troy Trojans,draftkings,DraftKings,2026-09-17T19:34:58Z,totals,2026-09-17T19:34:58Z,Under,-108,49.5,20260917193559929069
NCAAF,americanfootball_ncaaf,69164d1b806f25a76cdb6268e19d4365,2026-09-19T23:00:00Z,Missouri Tigers,Troy Trojans,lowvig,LowVig.ag,2026-09-17T19:35:22Z,h2h,2026-09-17T19:35:22Z,Missouri Tigers,-6000,,20260917193559929069
NCAAF,americanfootball_ncaaf,69164d1b806f25a76cdb6268e19d4365,2026-09-19T23:00:00Z,Missouri Tigers,Troy Trojans,lowvig,LowVig.ag,2026-09-17T19:35:22Z,h2h,2026-09-17T19:35:22Z,Troy Trojans,1592,,20260917193559929069
NCAAF,americanfootball_ncaaf,69164d1b806f25a76cdb6268e19d4365,2026-09-19T23:00:00Z,Missouri Tigers,Troy Trojans,lowvig,LowVig.ag,2026-09-17T19:35:22Z,spreads,2026-09-17T19:35:22Z,Missouri Tigers,-111,-27.0,20260917193559929069
NCAAF,americanfootball_ncaaf,69164d1b806f25a76cdb6268e19d4365,2026-09-19T23:00:00Z,Missouri Tigers,Troy Trojans,lowvig,LowVig.ag,2026-09-17T19:35:22Z,spreads,2026-09-17T19:35:22Z,Troy Trojans,-101,27.0,20260917193559929069
NCAAF,americanfootball_ncaaf,69164d1b806f25a76cdb6268e19d4365,2026-09-19T23:00:00Z,Missouri Tigers,Troy Trojans,lowvig,LowVig.ag,2026-09-17T19:35:22Z,totals,2026-09-17T19:35:22Z,Over,-114,49.5,20260917193559929069
NCAAF,americanfootball_ncaaf,69164d1b806f25a76cdb6268e19d4365,2026-09-19T23:00:00Z,Missouri Tigers,Troy Trojans,lowvig,LowVig.ag,2026-09-17T19:35:22Z,totals,2026-09-17T19:35:22Z,Under,-103,49.5,20260917193559929069
NCAAF,americanfootball_ncaaf,69164d1b806f25a76cdb6268e19d4365,2026-09-19T23:00:00Z,Missouri Tigers,Troy Trojans,betonlineag,BetOnline.ag,2026-09-17T19:35:23Z,h2h,2026-09-17T19:35:23Z,Missouri Tigers,-6000,,20260917193559929069
NCAAF,americanfootball_ncaaf,69164d1b806f25a76cdb6268e19d4365,2026-09-19T23:00:00Z,Missouri Tigers,Troy Trojans,betonlineag,BetOnline.ag,2026-09-17T19:35:23Z,h2h,2026-09-17T19:35:23Z,Troy Trojans,1592,,20260917193559929069
NCAAF,americanfootball_ncaaf,69164d1b806f25a76cdb6268e19d4365,2026-09-19T23:00:00Z,Missouri Tigers,Troy Trojans,betonlineag,BetOnline.ag,2026-09-17T19:35:23Z,spreads,2026-09-17T19:35:23Z,Missouri Tigers,-115,-27.0,20260917193559929069
NCAAF,americanfootball_ncaaf,69164d1b806f25a76cdb6268e19d4365,2026-09-19T23:00:00Z,Missouri Tigers,Troy Trojans,betonlineag,BetOnline.ag,2026-09-17T19:35:23Z,spreads,2026-09-17T19:35:23Z,Troy Trojans,-105,27.0,20260917193559929069
NCAAF,americanfootball_ncaaf,69164d1b806f25a76cdb6268e19d4365,2026-09-19T23:00:00Z,Missouri Tigers,Troy Trojans,betonlineag,BetOnline.ag,2026-09-17T19:35:23Z,totals,2026-09-17T19:35:23Z,Over,-115,49.5,20260917193559929069
NCAAF,americanfootball_ncaaf,69164d1b806f25a76cdb6268e19d4365,2026-09-19T23:00:00Z,Missouri Tigers,Troy Trojans,betonlineag,BetOnline.ag,2026-09-17T19:35:23Z,totals,2026-09-17T19:35:23Z,Under,-105,49.5,20260917193559929069
NCAAF,americanfootball_ncaaf,69164d1b806f25a76cdb6268e19d4365,2026-09-19T23:00:00Z,Missouri Tigers,Troy Trojans,betmgm,BetMGM,2026-09-17T19:35:24Z,h2h,2026-09-17T19:35:24Z,Missouri Tigers,-5000,,20260917193559929069
NCAAF,americanfootball_ncaaf,69164d1b806f25a76cdb6268e19d4365,2026-09-19T23:00:00Z,Missouri Tigers,Troy Trojans,betmgm,BetMGM,2026-09-17T19:35:24Z,h2h,2026-09-17T19:35:24Z,Troy Trojans,1900,,20260917193559929069
NCAAF,americanfootball_ncaaf,69164d1b806f25a76cdb6268e19d4365,2026-09-19T23:00:00Z,Missouri Tigers,Troy Trojans,betmgm,BetMGM,2026-09-17T19:35:24Z,spreads,2026-09-17T19:35:24Z,Missouri Tigers,-110,-27.0,20260917193559929069
NCAAF,americanfootball_ncaaf,69164d1b806f25a76cdb6268e19d4365,2026-09-19T23:00:00Z,Missouri Tigers,Troy Trojans,betmgm,BetMGM,2026-09-17T19:35:24Z,spreads,2026-09-17T19:35:24Z,Troy Trojans,-108,27.0,20260917193559929069
NCAAF,americanfootball_ncaaf,69164d1b806f25a76cdb6268e19d4365,2026-09-19T23:00:00Z,Missouri Tigers,Troy Trojans,betmgm,BetMGM,2026-09-17T19:35:24Z,totals,2026-09-17T19:35:24Z,Over,-118,49.5,20260917193559929069
NCAAF,americanfootball_ncaaf,69164d1b806f25a76cdb6268e19d4365,2026-09-19T23:00:00Z,Missouri Tigers,Troy Trojans,betmgm,BetMGM,2026-09-17T19:35:24Z,totals,2026-09-17T19:35:24Z,Under,-110,49.5,20260917193559929069
NCAAF,americanfootball_ncaaf,69164d1b806f25a76cdb6268e19d4365,2026-09-19T23:00:00Z,Missouri Tigers,Troy Trojans,fanduel,FanDuel,2026-09-17T19:35:46Z,h2h,2026-09-17T19:35:46Z,Missouri Tigers,-4500,,20260917193559929069
NCAAF,americanfootball_ncaaf,69164d1b806f25a76cdb6268e19d4365,2026-09-19T23:00:00Z,Missouri Tigers,Troy Trojans,fanduel,FanDuel,2026-09-17T19:35:46Z,h2h,2026-09-17T19:35:46Z,Troy Trojans,1600,,20260917193559929069
NCAAF,americanfootball_ncaaf,69164d1b806f25a76cdb6268e19d4365,2026-09-19T23:00:00Z,Missouri Tigers,Troy Trojans,fanduel,FanDuel,2026-09-17T19:35:46Z,spreads,2026-09-17T19:35:46Z,Missouri Tigers,-110,-26.5,20260917193559929069
NCAAF,americanfootball_ncaaf,69164d1b806f25a76cdb6268e19d4365,2026-09-19T23:00:00Z,Missouri Tigers,Troy Trojans,fanduel,FanDuel,2026-09-17T19:35:46Z,spreads,2026-09-17T19:35:46Z,Troy Trojans,-110,26.5,20260917193559929069
NCAAF,americanfootball_ncaaf,69164d1b806f25a76cdb6268e19d4365,2026-09-19T23:00:00Z,Missouri Tigers,Troy Trojans,fanduel,FanDuel,2026-09-17T19:35:46Z,totals,2026-09-17T19:35:46Z,Over,-106,50.5,20260917193559929069
NCAAF,americanfootball_ncaaf,69164d1b806f25a76cdb6268e19d4365,2026-09-19T23:00:00Z,Missouri Tigers,Troy Trojans,fanduel,FanDuel,2026-09-17T19:35:46Z,totals,2026-09-17T19:35:46Z,Under,-114,50.5,20260917193559929069
NCAAF,americanfootball_ncaaf,69164d1b806f25a76cdb6268e19d4365,2026-09-19T23:00:00Z,Missouri Tigers,Troy Trojans,betrivers,BetRivers,2026-09-17T19:34:38Z,h2h,2026-09-17T19:34:38Z,Missouri Tigers,-10000,,20260917193559929069
NCAAF,americanfootball_ncaaf,69164d1b806f25a76cdb6268e19d4365,2026-09-19T23:00:00Z,Missouri Tigers,Troy Trojans,betrivers,BetRivers,2026-09-17T19:34:38Z,h2h,2026-09-17T19:34:38Z,Troy Trojans,1700,,20260917193559929069
NCAAF,americanfootball_ncaaf,69164d1b806f25a76cdb6268e19d4365,2026-09-19T23:00:00Z,Missouri Tigers,Troy Trojans,betrivers,BetRivers,2026-09-17T19:34:38Z,spreads,2026-09-17T19:34:38Z,Missouri Tigers,-110,-26.5,20260917193559929069
NCAAF,americanfootball_ncaaf,69164d1b806f25a76cdb6268e19d4365,2026-09-19T23:00:00Z,Missouri Tigers,Troy Trojans,betrivers,BetRivers,2026-09-17T19:34:38Z,spreads,2026-09-17T19:34:38Z,Troy Trojans,-113,26.5,20260917193559929069
NCAAF,americanfootball_ncaaf,69164d1b806f25a76cdb6268e19d4365,2026-09-19T23:00:00Z,Missouri Tigers,Troy Trojans,betrivers,BetRivers,2026-09-17T19:34:38Z,totals,2026-09-17T19:34:38Z,Over,-109,50.5,20260917193559929069
NCAAF,americanfootball_ncaaf,69164d1b806f25a76cdb6268e19d4365,2026-09-19T23:00:00Z,Missouri Tigers,Troy Trojans,betrivers,BetRivers,2026-09-17T19:34:38Z,totals,2026-09-17T19:34:38Z,Under,-114,50.5,20260917193559929069
NCAAF,americanfootball_ncaaf,69164d1b806f25a76cdb6268e19d4365,2026-09-19T23:00:00Z,Missouri Tigers,Troy Trojans,betus,BetUS,2026-09-17T19:35:44Z,spreads,2026-09-17T19:35:44Z,Missouri Tigers,-115,-27.0,20260917193559929069
NCAAF,americanfootball_ncaaf,69164d1b806f25a76cdb6268e19d4365,2026-09-19T23:00:00Z,Missouri Tigers,Troy Trojans,betus,BetUS,2026-09-17T19:35:44Z,spreads,2026-09-17T19:35:44Z,Troy Trojans,-105,27.0,20260917193559929069
NCAAF,americanfootball_ncaaf,69164d1b806f25a76cdb6268e19d4365,2026-09-19T23:00:00Z,Missouri Tigers,Troy Trojans,betus,BetUS,2026-09-17T19:35:44Z,totals,2026-09-17T19:35:44Z,Over,-110,50.0,20260917193559929069
NCAAF,americanfootball_ncaaf,69164d1b806f25a76cdb6268e19d4365,2026-09-19T23:00:00Z,Missouri Tigers,Troy Trojans,betus,BetUS,2026-09-17T19:35:44Z,totals,2026-09-17T19:35:44Z,Under,-110,50.0,20260917193559929069
NCAAF,americanfootball_ncaaf,69164d1b806f25a76cdb6268e19d4365,2026-09-19T23:00:00Z,Missouri Tigers,Troy Trojans,bovada,Bovada,2026-09-17T19:35:03Z,h2h,2026-09-17T19:35:03Z,Missouri Tigers,-6500,,20260917193559929069
NCAAF,americanfootball_ncaaf,69164d1b806f25a76cdb6268e19d4365,2026-09-19T23:00:00Z,Missouri Tigers,Troy Trojans,bovada,Bovada,2026-09-17T19:35:03Z,h2h,2026-09-17T19:35:03Z,Troy Trojans,1300,,20260917193559929069
NCAAF,americanfootball_ncaaf,69164d1b806f25a76cdb6268e19d4365,2026-09-19T23:00:00Z,Missouri Tigers,Troy Trojans,bovada,Bovada,2026-09-17T19:35:03Z,spreads,2026-09-17T19:35:03Z,Missouri Tigers,-115,-27.0,20260917193559929069
NCAAF,americanfootball_ncaaf,69164d1b806f25a76cdb6268e19d4365,2026-09-19T23:00:00Z,Missouri Tigers,Troy Trojans,bovada,Bovada,2026-09-17T19:35:03Z,spreads,2026-09-17T19:35:03Z,Troy Trojans,-105,27.0,20260917193559929069
NCAAF,americanfootball_ncaaf,69164d1b806f25a76cdb6268e19d4365,2026-09-19T23:00:00Z,Missouri Tigers,Troy Trojans,bovada,Bovada,2026-09-17T19:35:03Z,totals,2026-09-17T19:35:03Z,Over,-110,49.5,20260917193559929069
NCAAF,americanfootball_ncaaf,69164d1b806f25a76cdb6268e19d4365,2026-09-19T23:00:00Z,Missouri Tigers,Troy Trojans,bovada,Bovada,2026-09-17T19:35:03Z,totals,2026-09-17T19:35:03Z,Under,-110,49.5,20260917193559929069
NCAAF,americanfootball_ncaaf,6c41bd5edc806bb66ae3038c8bfa3df0,2026-09-19T23:00:00Z,Oklahoma State Cowboys,Murray State Racers,fanduel,FanDuel,2026-09-17T19:35:46Z,spreads,2026-09-17T19:35:46Z,Murray State Racers,-110,55.5,20260917193559929069
NCAAF,americanfootball_ncaaf,6c41bd5edc806bb66ae3038c8bfa3df0,2026-09-19T23:00:00Z,Oklahoma State Cowboys,Murray State Racers,fanduel,FanDuel,2026-09-17T19:35:46Z,spreads,2026-09-17T19:35:46Z,Oklahoma State Cowboys,-110,-55.5,20260917193559929069
NCAAF,americanfootball_ncaaf,6c41bd5edc806bb66ae3038c8bfa3df0,2026-09-19T23:00:00Z,Oklahoma State Cowboys,Murray State Racers,fanduel,FanDuel,2026-09-17T19:35:46Z,totals,2026-09-17T19:35:46Z,Over,-114,70.5,20260917193559929069
NCAAF,americanfootball_ncaaf,6c41bd5edc806bb66ae3038c8bfa3df0,2026-09-19T23:00:00Z,Oklahoma State Cowboys,Murray State Racers,fanduel,FanDuel,2026-09-17T19:35:46Z,totals,2026-09-17T19:35:46Z,Under,-106,70.5,20260917193559929069
NCAAF,americanfootball_ncaaf,6c41bd5edc806bb66ae3038c8bfa3df0,2026-09-19T23:00:00Z,Oklahoma State Cowboys,Murray State Racers,betrivers,BetRivers,2026-09-17T19:34:38Z,spreads,2026-09-17T19:34:38Z,Murray State Racers,-113,55.5,20260917193559929069
NCAAF,americanfootball_ncaaf,6c41bd5edc806bb66ae3038c8bfa3df0,2026-09-19T23:00:00Z,Oklahoma State Cowboys,Murray State Racers,betrivers,BetRivers,2026-09-17T19:34:38Z,spreads,2026-09-17T19:34:38Z,Oklahoma State Cowboys,-110,-55.5,20260917193559929069
NCAAF,americanfootball_ncaaf,6c41bd5edc806bb66ae3038c8bfa3df0,2026-09-19T23:00:00Z,Oklahoma State Cowboys,Murray State Racers,betrivers,BetRivers,2026-09-17T19:34:38Z,totals,2026-09-17T19:34:38Z,Over,-110,70.5,20260917193559929069
NCAAF,americanfootball_ncaaf,6c41bd5edc806bb66ae3038c8bfa3df0,2026-09-19T23:00:00Z,Oklahoma State Cowboys,Murray State Racers,betrivers,BetRivers,2026-09-17T19:34:38Z,totals,2026-09-17T19:34:38Z,Under,-113,70.5,20260917193559929069
NCAAF,americanfootball_ncaaf,6c41bd5edc806bb66ae3038c8bfa3df0,2026-09-19T23:00:00Z,Oklahoma State Cowboys,Murray State Racers,draftkings,DraftKings,2026-09-17T19:34:58Z,spreads,2026-09-17T19:34:58Z,Murray State Racers,-112,56.5,20260917193559929069
NCAAF,americanfootball_ncaaf,6c41bd5edc806bb66ae3038c8bfa3df0,2026-09-19T23:00:00Z,Oklahoma State Cowboys,Murray State Racers,draftkings,DraftKings,2026-09-17T19:34:58Z,spreads,2026-09-17T19:34:58Z,Oklahoma State Cowboys,-108,-56.5,20260917193559929069
NCAAF,americanfootball_ncaaf,6c41bd5edc806bb66ae3038c8bfa3df0,2026-09-19T23:00:00Z,Oklahoma State Cowboys,Murray State Racers,draftkings,DraftKings,2026-09-17T19:34:58Z,totals,2026-09-17T19:34:58Z,Over,-115,70.5,20260917193559929069
NCAAF,americanfootball_ncaaf,6c41bd5edc806bb66ae3038c8bfa3df0,2026-09-19T23:00:00Z,Oklahoma State Cowboys,Murray State Racers,draftkings,DraftKings,2026-09-17T19:34:58Z,totals,2026-09-17T19:34:58Z,Under,-105,70.5,20260917193559929069
NCAAF,americanfootball_ncaaf,6c41bd5edc806bb66ae3038c8bfa3df0,2026-09-19T23:00:00Z,Oklahoma State Cowboys,Murray State Racers,betonlineag,BetOnline.ag,2026-09-17T19:35:23Z,spreads,2026-09-17T19:35:23Z,Murray State Racers,-115,56.5,20260917193559929069
NCAAF,americanfootball_ncaaf,6c41bd5edc806bb66ae3038c8bfa3df0,2026-09-19T23:00:00Z,Oklahoma State Cowboys,Murray State Racers,betonlineag,BetOnline.ag,2026-09-17T19:35:23Z,spreads,2026-09-17T19:35:23Z,Oklahoma State Cowboys,-115,-56.5,20260917193559929069
NCAAF,americanfootball_ncaaf,6c41bd5edc806bb66ae3038c8bfa3df0,2026-09-19T23:00:00Z,Oklahoma State Cowboys,Murray State Racers,betonlineag,BetOnline.ag,2026-09-17T19:35:23Z,totals,2026-09-17T19:35:23Z,Over,-115,70.5,20260917193559929069
NCAAF,americanfootball_ncaaf,6c41bd5edc806bb66ae3038c8bfa3df0,2026-09-19T23:00:00Z,Oklahoma State Cowboys,Murray State Racers,betonlineag,BetOnline.ag,2026-09-17T19:35:23Z,totals,2026-09-17T19:35:23Z,Under,-115,70.5,20260917193559929069
NCAAF,americanfootball_ncaaf,6c41bd5edc806bb66ae3038c8bfa3df0,2026-09-19T23:00:00Z,Oklahoma State Cowboys,Murray State Racers,lowvig,LowVig.ag,2026-09-17T19:35:22Z,spreads,2026-09-17T19:35:22Z,Murray State Racers,-115,56.5,20260917193559929069
NCAAF,americanfootball_ncaaf,6c41bd5edc806bb66ae3038c8bfa3df0,2026-09-19T23:00:00Z,Oklahoma State Cowboys,Murray State Racers,lowvig,LowVig.ag,2026-09-17T19:35:22Z,spreads,2026-09-17T19:35:22Z,Oklahoma State Cowboys,-115,-56.5,20260917193559929069
NCAAF,americanfootball_ncaaf,6c41bd5edc806bb66ae3038c8bfa3df0,2026-09-19T23:00:00Z,Oklahoma State Cowboys,Murray State Racers,lowvig,LowVig.ag,2026-09-17T19:35:22Z,totals,2026-09-17T19:35:22Z,Over,-115,70.5,20260917193559929069
NCAAF,americanfootball_ncaaf,6c41bd5edc806bb66ae3038c8bfa3df0,2026-09-19T23:00:00Z,Oklahoma State Cowboys,Murray State Racers,lowvig,LowVig.ag,2026-09-17T19:35:22Z,totals,2026-09-17T19:35:22Z,Under,-115,70.5,20260917193559929069
NCAAF,americanfootball_ncaaf,0ce2e66203e1c66f3f2687fdccd37408,2026-09-19T23:00:00Z,Sam Houston State Bearkats,Nicholls State Colonels,fanduel,FanDuel,2026-09-17T19:35:46Z,h2h,2026-09-17T19:35:46Z,Nicholls State Colonels,860,,20260917193559929069
NCAAF,americanfootball_ncaaf,0ce2e66203e1c66f3f2687fdccd37408,2026-09-19T23:00:00Z,Sam Houston State Bearkats,Nicholls State Colonels,fanduel,FanDuel,2026-09-17T19:35:46Z,h2h,2026-09-17T19:35:46Z,Sam Houston State Bearkats,-1600,,20260917193559929069
NCAAF,americanfootball_ncaaf,0ce2e66203e1c66f3f2687fdccd37408,2026-09-19T23:00:00Z,Sam Houston State Bearkats,Nicholls State Colonels,fanduel,FanDuel,2026-09-17T19:35:46Z,spreads,2026-09-17T19:35:46Z,Nicholls State Colonels,-110,18.5,20260917193559929069
NCAAF,americanfootball_ncaaf,0ce2e66203e1c66f3f2687fdccd37408,2026-09-19T23:00:00Z,Sam Houston State Bearkats,Nicholls State Colonels,fanduel,FanDuel,2026-09-17T19:35:46Z,spreads,2026-09-17T19:35:46Z,Sam Houston State Bearkats,-110,-18.5,20260917193559929069
NCAAF,americanfootball_ncaaf,0ce2e66203e1c66f3f2687fdccd37408,2026-09-19T23:00:00Z,Sam Houston State Bearkats,Nicholls State Colonels,fanduel,FanDuel,2026-09-17T19:35:46Z,totals,2026-09-17T19:35:46Z,Over,-110,50.5,20260917193559929069
NCAAF,americanfootball_ncaaf,0ce2e66203e1c66f3f2687fdccd37408,2026-09-19T23:00:00Z,Sam Houston State Bearkats,Nicholls State Colonels,fanduel,FanDuel,2026-09-17T19:35:46Z,totals,2026-09-17T19:35:46Z,Under,-110,50.5,20260917193559929069
NCAAF,americanfootball_ncaaf,0ce2e66203e1c66f3f2687fdccd37408,2026-09-19T23:00:00Z,Sam Houston State Bearkats,Nicholls State Colonels,draftkings,DraftKings,2026-09-17T19:34:58Z,spreads,2026-09-17T19:34:58Z,Nicholls State Colonels,-115,17.5,20260917193559929069
NCAAF,americanfootball_ncaaf,0ce2e66203e1c66f3f2687fdccd37408,2026-09-19T23:00:00Z,Sam Houston State Bearkats,Nicholls State Colonels,draftkings,DraftKings,2026-09-17T19:34:58Z,spreads,2026-09-17T19:34:58Z,Sam Houston State Bearkats,-105,-17.5,20260917193559929069
NCAAF,americanfootball_ncaaf,0ce2e66203e1c66f3f2687fdccd37408,2026-09-19T23:00:00Z,Sam Houston State Bearkats,Nicholls State Colonels,draftkings,DraftKings,2026-09-17T19:34:58Z,totals,2026-09-17T19:34:58Z,Over,-112,49.5,20260917193559929069
NCAAF,americanfootball_ncaaf,0ce2e66203e1c66f3f2687fdccd37408,2026-09-19T23:00:00Z,Sam Houston State Bearkats,Nicholls State Colonels,draftkings,DraftKings,2026-09-17T19:34:58Z,totals,2026-09-17T19:34:58Z,Under,-108,49.5,20260917193559929069
NCAAF,americanfootball_ncaaf,0ce2e66203e1c66f3f2687fdccd37408,2026-09-19T23:00:00Z,Sam Houston State Bearkats,Nicholls State Colonels,betrivers,BetRivers,2026-09-17T19:34:38Z,h2h,2026-09-17T19:34:38Z,Nicholls State Colonels,850,,20260917193559929069
NCAAF,americanfootball_ncaaf,0ce2e66203e1c66f3f2687fdccd37408,2026-09-19T23:00:00Z,Sam Houston State Bearkats,Nicholls State Colonels,betrivers,BetRivers,2026-09-17T19:34:38Z,h2h,2026-09-17T19:34:38Z,Sam Houston State Bearkats,-2000,,20260917193559929069
NCAAF,americanfootball_ncaaf,0ce2e66203e1c66f3f2687fdccd37408,2026-09-19T23:00:00Z,Sam Houston State Bearkats,Nicholls State Colonels,betrivers,BetRivers,2026-09-17T19:34:38Z,spreads,2026-09-17T19:34:38Z,Nicholls State Colonels,-113,19.0,20260917193559929069
NCAAF,americanfootball_ncaaf,0ce2e66203e1c66f3f2687fdccd37408,2026-09-19T23:00:00Z,Sam Houston State Bearkats,Nicholls State Colonels,betrivers,BetRivers,2026-09-17T19:34:38Z,spreads,2026-09-17T19:34:38Z,Sam Houston State Bearkats,-110,-19.0,20260917193559929069
NCAAF,americanfootball_ncaaf,0ce2e66203e1c66f3f2687fdccd37408,2026-09-19T23:00:00Z,Sam Houston State Bearkats,Nicholls State Colonels,betrivers,BetRivers,2026-09-17T19:34:38Z,totals,2026-09-17T19:34:38Z,Over,-112,50.5,20260917193559929069
NCAAF,americanfootball_ncaaf,0ce2e66203e1c66f3f2687fdccd37408,2026-09-19T23:00:00Z,Sam Houston State Bearkats,Nicholls State Colonels,betrivers,BetRivers,2026-09-17T19:34:38Z,totals,2026-09-17T19:34:38Z,Under,-114,50.5,20260917193559929069
NCAAF,americanfootball_ncaaf,0ce2e66203e1c66f3f2687fdccd37408,2026-09-19T23:00:00Z,Sam Houston State Bearkats,Nicholls State Colonels,betonlineag,BetOnline.ag,2026-09-17T19:35:23Z,spreads,2026-09-17T19:35:23Z,Nicholls State Colonels,-115,17.5,20260917193559929069
NCAAF,americanfootball_ncaaf,0ce2e66203e1c66f3f2687fdccd37408,2026-09-19T23:00:00Z,Sam Houston State Bearkats,Nicholls State Colonels,betonlineag,BetOnline.ag,2026-09-17T19:35:23Z,spreads,2026-09-17T19:35:23Z,Sam Houston State Bearkats,-115,-17.5,20260917193559929069
NCAAF,americanfootball_ncaaf,0ce2e66203e1c66f3f2687fdccd37408,2026-09-19T23:00:00Z,Sam Houston State Bearkats,Nicholls State Colonels,betonlineag,BetOnline.ag,2026-09-17T19:35:23Z,totals,2026-09-17T19:35:23Z,Over,-115,49.5,20260917193559929069
NCAAF,americanfootball_ncaaf,0ce2e66203e1c66f3f2687fdccd37408,2026-09-19T23:00:00Z,Sam Houston State Bearkats,Nicholls State Colonels,betonlineag,BetOnline.ag,2026-09-17T19:35:23Z,totals,2026-09-17T19:35:23Z,Under,-115,49.5,20260917193559929069
NCAAF,americanfootball_ncaaf,0ce2e66203e1c66f3f2687fdccd37408,2026-09-19T23:00:00Z,Sam Houston State Bearkats,Nicholls State Colonels,lowvig,LowVig.ag,2026-09-17T19:35:22Z,spreads,2026-09-17T19:35:22Z,Nicholls State Colonels,-115,17.5,20260917193559929069
NCAAF,americanfootball_ncaaf,0ce2e66203e1c66f3f2687fdccd37408,2026-09-19T23:00:00Z,Sam Houston State Bearkats,Nicholls State Colonels,lowvig,LowVig.ag,2026-09-17T19:35:22Z,spreads,2026-09-17T19:35:22Z,Sam Houston State Bearkats,-115,-17.5,20260917193559929069
NCAAF,americanfootball_ncaaf,0ce2e66203e1c66f3f2687fdccd37408,2026-09-19T23:00:00Z,Sam Houston State Bearkats,Nicholls State Colonels,lowvig,LowVig.ag,2026-09-17T19:35:22Z,totals,2026-09-17T19:35:22Z,Over,-115,49.5,20260917193559929069
NCAAF,americanfootball_ncaaf,0ce2e66203e1c66f3f2687fdccd37408,2026-09-19T23:00:00Z,Sam Houston State Bearkats,Nicholls State Colonels,lowvig,LowVig.ag,2026-09-17T19:35:22Z,totals,2026-09-17T19:35:22Z,Under,-115,49.5,20260917193559929069
NCAAF,americanfootball_ncaaf,bcc250cd218a520bcd287c120644ba05,2026-09-19T23:00:00Z,South Alabama Jaguars,Ohio Bobcats,draftkings,DraftKings,2026-09-17T19:34:58Z,h2h,2026-09-17T19:34:58Z,Ohio Bobcats,220,,20260917193559929069
NCAAF,americanfootball_ncaaf,bcc250cd218a520bcd287c120644ba05,2026-09-19T23:00:00Z,South Alabama Jaguars,Ohio Bobcats,draftkings,DraftKings,2026-09-17T19:34:58Z,h2h,2026-09-17T19:34:58Z,South Alabama Jaguars,-270,,20260917193559929069
NCAAF,americanfootball_ncaaf,bcc250cd218a520bcd287c120644ba05,2026-09-19T23:00:00Z,South Alabama Jaguars,Ohio Bobcats,draftkings,DraftKings,2026-09-17T19:34:58Z,spreads,2026-09-17T19:34:58Z,Ohio Bobcats,-112,7.0,20260917193559929069
NCAAF,americanfootball_ncaaf,bcc250cd218a520bcd287c120644ba05,2026-09-19T23:00:00Z,South Alabama Jaguars,Ohio Bobcats,draftkings,DraftKings,2026-09-17T19:34:58Z,spreads,2026-09-17T19:34:58Z,South Alabama Jaguars,-108,-7.0,20260917193559929069
NCAAF,americanfootball_ncaaf,bcc250cd218a520bcd287c120644ba05,2026-09-19T23:00:00Z,South Alabama Jaguars,Ohio Bobcats,draftkings,DraftKings,2026-09-17T19:34:58Z,totals,2026-09-17T19:34:58Z,Over,-105,49.5,20260917193559929069
NCAAF,americanfootball_ncaaf,bcc250cd218a520bcd287c120644ba05,2026-09-19T23:00:00Z,South Alabama Jaguars,Ohio Bobcats,draftkings,DraftKings,2026-09-17T19:34:58Z,totals,2026-09-17T19:34:58Z,Under,-115,49.5,20260917193559929069
NCAAF,americanfootball_ncaaf,bcc250cd218a520bcd287c120644ba05,2026-09-19T23:00:00Z,South Alabama Jaguars,Ohio Bobcats,lowvig,LowVig.ag,2026-09-17T19:35:22Z,h2h,2026-09-17T19:35:22Z,Ohio Bobcats,215,,20260917193559929069
NCAAF,americanfootball_ncaaf,bcc250cd218a520bcd287c120644ba05,2026-09-19T23:00:00Z,South Alabama Jaguars,Ohio Bobcats,lowvig,LowVig.ag,2026-09-17T19:35:22Z,h2h,2026-09-17T19:35:22Z,South Alabama Jaguars,-260,,20260917193559929069
NCAAF,americanfootball_ncaaf,bcc250cd218a520bcd287c120644ba05,2026-09-19T23:00:00Z,South Alabama Jaguars,Ohio Bobcats,lowvig,LowVig.ag,2026-09-17T19:35:22Z,spreads,2026-09-17T19:35:22Z,Ohio Bobcats,-108,7.0,20260917193559929069
NCAAF,americanfootball_ncaaf,bcc250cd218a520bcd287c120644ba05,2026-09-19T23:00:00Z,South Alabama Jaguars,Ohio Bobcats,lowvig,LowVig.ag,2026-09-17T19:35:22Z,spreads,2026-09-17T19:35:22Z,South Alabama Jaguars,-104,-7.0,20260917193559929069
NCAAF,americanfootball_ncaaf,bcc250cd218a520bcd287c120644ba05,2026-09-19T23:00:00Z,South Alabama Jaguars,Ohio Bobcats,lowvig,LowVig.ag,2026-09-17T19:35:22Z,totals,2026-09-17T19:35:22Z,Over,-108,49.0,20260917193559929069
NCAAF,americanfootball_ncaaf,bcc250cd218a520bcd287c120644ba05,2026-09-19T23:00:00Z,South Alabama Jaguars,Ohio Bobcats,lowvig,LowVig.ag,2026-09-17T19:35:22Z,totals,2026-09-17T19:35:22Z,Under,-108,49.0,20260917193559929069
NCAAF,americanfootball_ncaaf,bcc250cd218a520bcd287c120644ba05,2026-09-19T23:00:00Z,South Alabama Jaguars,Ohio Bobcats,betonlineag,BetOnline.ag,2026-09-17T19:35:23Z,h2h,2026-09-17T19:35:23Z,Ohio Bobcats,215,,20260917193559929069
NCAAF,americanfootball_ncaaf,bcc250cd218a520bcd287c120644ba05,2026-09-19T23:00:00Z,South Alabama Jaguars,Ohio Bobcats,betonlineag,BetOnline.ag,2026-09-17T19:35:23Z,h2h,2026-09-17T19:35:23Z,South Alabama Jaguars,-260,,20260917193559929069
NCAAF,americanfootball_ncaaf,bcc250cd218a520bcd287c120644ba05,2026-09-19T23:00:00Z,South Alabama Jaguars,Ohio Bobcats,betonlineag,BetOnline.ag,2026-09-17T19:35:23Z,spreads,2026-09-17T19:35:23Z,Ohio Bobcats,-112,7.0,20260917193559929069
NCAAF,americanfootball_ncaaf,bcc250cd218a520bcd287c120644ba05,2026-09-19T23:00:00Z,South Alabama Jaguars,Ohio Bobcats,betonlineag,BetOnline.ag,2026-09-17T19:35:23Z,spreads,2026-09-17T19:35:23Z,South Alabama Jaguars,-108,-7.0,20260917193559929069
NCAAF,americanfootball_ncaaf,bcc250cd218a520bcd287c120644ba05,2026-09-19T23:00:00Z,South Alabama Jaguars,Ohio Bobcats,betonlineag,BetOnline.ag,2026-09-17T19:35:23Z,totals,2026-09-17T19:35:23Z,Over,-110,49.0,20260917193559929069
NCAAF,americanfootball_ncaaf,bcc250cd218a520bcd287c120644ba05,2026-09-19T23:00:00Z,South Alabama Jaguars,Ohio Bobcats,betonlineag,BetOnline.ag,2026-09-17T19:35:23Z,totals,2026-09-17T19:35:23Z,Under,-110,49.0,20260917193559929069
NCAAF,americanfootball_ncaaf,bcc250cd218a520bcd287c120644ba05,2026-09-19T23:00:00Z,South Alabama Jaguars,Ohio Bobcats,betmgm,BetMGM,2026-09-17T19:35:24Z,h2h,2026-09-17T19:35:24Z,Ohio Bobcats,210,,20260917193559929069
NCAAF,americanfootball_ncaaf,bcc250cd218a520bcd287c120644ba05,2026-09-19T23:00:00Z,South Alabama Jaguars,Ohio Bobcats,betmgm,BetMGM,2026-09-17T19:35:24Z,h2h,2026-09-17T19:35:24Z,South Alabama Jaguars,-250,,20260917193559929069
NCAAF,americanfootball_ncaaf,bcc250cd218a520bcd287c120644ba05,2026-09-19T23:00:00Z,South Alabama Jaguars,Ohio Bobcats,betmgm,BetMGM,2026-09-17T19:35:24Z,spreads,2026-09-17T19:35:24Z,Ohio Bobcats,-112,7.0,20260917193559929069
NCAAF,americanfootball_ncaaf,bcc250cd218a520bcd287c120644ba05,2026-09-19T23:00:00Z,South Alabama Jaguars,Ohio Bobcats,betmgm,BetMGM,2026-09-17T19:35:24Z,spreads,2026-09-17T19:35:24Z,South Alabama Jaguars,-105,-7.0,20260917193559929069
NCAAF,americanfootball_ncaaf,bcc250cd218a520bcd287c120644ba05,2026-09-19T23:00:00Z,South Alabama Jaguars,Ohio Bobcats,betmgm,BetMGM,2026-09-17T19:35:24Z,totals,2026-09-17T19:35:24Z,Over,-112,48.5,20260917193559929069
NCAAF,americanfootball_ncaaf,bcc250cd218a520bcd287c120644ba05,2026-09-19T23:00:00Z,South Alabama Jaguars,Ohio Bobcats,betmgm,BetMGM,2026-09-17T19:35:24Z,totals,2026-09-17T19:35:24Z,Under,-105,48.5,20260917193559929069
NCAAF,americanfootball_ncaaf,bcc250cd218a520bcd287c120644ba05,2026-09-19T23:00:00Z,South Alabama Jaguars,Ohio Bobcats,fanduel,FanDuel,2026-09-17T19:35:46Z,h2h,2026-09-17T19:35:46Z,Ohio Bobcats,205,,20260917193559929069
NCAAF,americanfootball_ncaaf,bcc250cd218a520bcd287c120644ba05,2026-09-19T23:00:00Z,South Alabama Jaguars,Ohio Bobcats,fanduel,FanDuel,2026-09-17T19:35:46Z,h2h,2026-09-17T19:35:46Z,South Alabama Jaguars,-255,,20260917193559929069
NCAAF,americanfootball_ncaaf,bcc250cd218a520bcd287c120644ba05,2026-09-19T23:00:00Z,South Alabama Jaguars,Ohio Bobcats,fanduel,FanDuel,2026-09-17T19:35:46Z,spreads,2026-09-17T19:35:46Z,Ohio Bobcats,100,6.5,20260917193559929069
NCAAF,americanfootball_ncaaf,bcc250cd218a520bcd287c120644ba05,2026-09-19T23:00:00Z,South Alabama Jaguars,Ohio Bobcats,fanduel,FanDuel,2026-09-17T19:35:46Z,spreads,2026-09-17T19:35:46Z,South Alabama Jaguars,-122,-6.5,20260917193559929069
NCAAF,americanfootball_ncaaf,bcc250cd218a520bcd287c120644ba05,2026-09-19T23:00:00Z,South Alabama Jaguars,Ohio Bobcats,fanduel,FanDuel,2026-09-17T19:35:46Z,totals,2026-09-17T19:35:46Z,Over,-105,49.5,20260917193559929069
NCAAF,americanfootball_ncaaf,bcc250cd218a520bcd287c120644ba05,2026-09-19T23:00:00Z,South Alabama Jaguars,Ohio Bobcats,fanduel,FanDuel,2026-09-17T19:35:46Z,totals,2026-09-17T19:35:46Z,Under,-115,49.5,20260917193559929069
NCAAF,americanfootball_ncaaf,bcc250cd218a520bcd287c120644ba05,2026-09-19T23:00:00Z,South Alabama Jaguars,Ohio Bobcats,betrivers,BetRivers,2026-09-17T19:34:38Z,h2h,2026-09-17T19:34:38Z,Ohio Bobcats,195,,20260917193559929069
NCAAF,americanfootball_ncaaf,bcc250cd218a520bcd287c120644ba05,2026-09-19T23:00:00Z,South Alabama Jaguars,Ohio Bobcats,betrivers,BetRivers,2026-09-17T19:34:38Z,h2h,2026-09-17T19:34:38Z,South Alabama Jaguars,-250,,20260917193559929069
NCAAF,americanfootball_ncaaf,bcc250cd218a520bcd287c120644ba05,2026-09-19T23:00:00Z,South Alabama Jaguars,Ohio Bobcats,betrivers,BetRivers,2026-09-17T19:34:38Z,spreads,2026-09-17T19:34:38Z,Ohio Bobcats,-110,6.5,20260917193559929069
NCAAF,americanfootball_ncaaf,bcc250cd218a520bcd287c120644ba05,2026-09-19T23:00:00Z,South Alabama Jaguars,Ohio Bobcats,betrivers,BetRivers,2026-09-17T19:34:38Z,spreads,2026-09-17T19:34:38Z,South Alabama Jaguars,-112,-6.5,20260917193559929069
NCAAF,americanfootball_ncaaf,bcc250cd218a520bcd287c120644ba05,2026-09-19T23:00:00Z,South Alabama Jaguars,Ohio Bobcats,betrivers,BetRivers,2026-09-17T19:34:38Z,totals,2026-09-17T19:34:38Z,Over,-113,49.5,20260917193559929069
NCAAF,americanfootball_ncaaf,bcc250cd218a520bcd287c120644ba05,2026-09-19T23:00:00Z,South Alabama Jaguars,Ohio Bobcats,betrivers,BetRivers,2026-09-17T19:34:38Z,totals,2026-09-17T19:34:38Z,Under,-113,49.5,20260917193559929069
NCAAF,americanfootball_ncaaf,bcc250cd218a520bcd287c120644ba05,2026-09-19T23:00:00Z,South Alabama Jaguars,Ohio Bobcats,betus,BetUS,2026-09-17T19:35:44Z,h2h,2026-09-17T19:35:44Z,Ohio Bobcats,218,,20260917193559929069
NCAAF,americanfootball_ncaaf,bcc250cd218a520bcd287c120644ba05,2026-09-19T23:00:00Z,South Alabama Jaguars,Ohio Bobcats,betus,BetUS,2026-09-17T19:35:44Z,h2h,2026-09-17T19:35:44Z,South Alabama Jaguars,-260,,20260917193559929069
NCAAF,americanfootball_ncaaf,bcc250cd218a520bcd287c120644ba05,2026-09-19T23:00:00Z,South Alabama Jaguars,Ohio Bobcats,betus,BetUS,2026-09-17T19:35:44Z,spreads,2026-09-17T19:35:44Z,Ohio Bobcats,-110,7.0,20260917193559929069
NCAAF,americanfootball_ncaaf,bcc250cd218a520bcd287c120644ba05,2026-09-19T23:00:00Z,South Alabama Jaguars,Ohio Bobcats,betus,BetUS,2026-09-17T19:35:44Z,spreads,2026-09-17T19:35:44Z,South Alabama Jaguars,-110,-7.0,20260917193559929069
NCAAF,americanfootball_ncaaf,bcc250cd218a520bcd287c120644ba05,2026-09-19T23:00:00Z,South Alabama Jaguars,Ohio Bobcats,betus,BetUS,2026-09-17T19:35:44Z,totals,2026-09-17T19:35:44Z,Over,-110,49.0,20260917193559929069
NCAAF,americanfootball_ncaaf,bcc250cd218a520bcd287c120644ba05,2026-09-19T23:00:00Z,South Alabama Jaguars,Ohio Bobcats,betus,BetUS,2026-09-17T19:35:44Z,totals,2026-09-17T19:35:44Z,Under,-110,49.0,20260917193559929069
NCAAF,americanfootball_ncaaf,bcc250cd218a520bcd287c120644ba05,2026-09-19T23:00:00Z,South Alabama Jaguars,Ohio Bobcats,bovada,Bovada,2026-09-17T19:35:03Z,h2h,2026-09-17T19:35:03Z,Ohio Bobcats,210,,20260917193559929069
NCAAF,americanfootball_ncaaf,bcc250cd218a520bcd287c120644ba05,2026-09-19T23:00:00Z,South Alabama Jaguars,Ohio Bobcats,bovada,Bovada,2026-09-17T19:35:03Z,h2h,2026-09-17T19:35:03Z,South Alabama Jaguars,-250,,20260917193559929069
NCAAF,americanfootball_ncaaf,bcc250cd218a520bcd287c120644ba05,2026-09-19T23:00:00Z,South Alabama Jaguars,Ohio Bobcats,bovada,Bovada,2026-09-17T19:35:03Z,spreads,2026-09-17T19:35:03Z,Ohio Bobcats,100,6.5,20260917193559929069
NCAAF,americanfootball_ncaaf,bcc250cd218a520bcd287c120644ba05,2026-09-19T23:00:00Z,South Alabama Jaguars,Ohio Bobcats,bovada,Bovada,2026-09-17T19:35:03Z,spreads,2026-09-17T19:35:03Z,South Alabama Jaguars,-120,-6.5,20260917193559929069
NCAAF,americanfootball_ncaaf,bcc250cd218a520bcd287c120644ba05,2026-09-19T23:00:00Z,South Alabama Jaguars,Ohio Bobcats,bovada,Bovada,2026-09-17T19:35:03Z,totals,2026-09-17T19:35:03Z,Over,-115,48.5,20260917193559929069
NCAAF,americanfootball_ncaaf,bcc250cd218a520bcd287c120644ba05,2026-09-19T23:00:00Z,South Alabama Jaguars,Ohio Bobcats,bovada,Bovada,2026-09-17T19:35:03Z,totals,2026-09-17T19:35:03Z,Under,-105,48.5,20260917193559929069
NCAAF,americanfootball_ncaaf,be8b2e012b50c86775a87bb633e330e6,2026-09-19T23:00:00Z,Rice Owls,Western Michigan Broncos,fanduel,FanDuel,2026-09-17T19:35:46Z,h2h,2026-09-17T19:35:46Z,Rice Owls,290,,20260917193559929069
NCAAF,americanfootball_ncaaf,be8b2e012b50c86775a87bb633e330e6,2026-09-19T23:00:00Z,Rice Owls,Western Michigan Broncos,fanduel,FanDuel,2026-09-17T19:35:46Z,h2h,2026-09-17T19:35:46Z,Western Michigan Broncos,-375,,20260917193559929069
NCAAF,americanfootball_ncaaf,be8b2e012b50c86775a87bb633e330e6,2026-09-19T23:00:00Z,Rice Owls,Western Michigan Broncos,fanduel,FanDuel,2026-09-17T19:35:46Z,spreads,2026-09-17T19:35:46Z,Rice Owls,-110,9.5,20260917193559929069
NCAAF,americanfootball_ncaaf,be8b2e012b50c86775a87bb633e330e6,2026-09-19T23:00:00Z,Rice Owls,Western Michigan Broncos,fanduel,FanDuel,2026-09-17T19:35:46Z,spreads,2026-09-17T19:35:46Z,Western Michigan Broncos,-110,-9.5,20260917193559929069
NCAAF,americanfootball_ncaaf,be8b2e012b50c86775a87bb633e330e6,2026-09-19T23:00:00Z,Rice Owls,Western Michigan Broncos,fanduel,FanDuel,2026-09-17T19:35:46Z,totals,2026-09-17T19:35:46Z,Over,-114,43.5,20260917193559929069
NCAAF,americanfootball_ncaaf,be8b2e012b50c86775a87bb633e330e6,2026-09-19T23:00:00Z,Rice Owls,Western Michigan Broncos,fanduel,FanDuel,2026-09-17T19:35:46Z,totals,2026-09-17T19:35:46Z,Under,-106,43.5,20260917193559929069
NCAAF,americanfootball_ncaaf,be8b2e012b50c86775a87bb633e330e6,2026-09-19T23:00:00Z,Rice Owls,Western Michigan Broncos,draftkings,DraftKings,2026-09-17T19:34:58Z,h2h,2026-09-17T19:34:58Z,Rice Owls,270,,20260917193559929069
NCAAF,americanfootball_ncaaf,be8b2e012b50c86775a87bb633e330e6,2026-09-19T23:00:00Z,Rice Owls,Western Michigan Broncos,draftkings,DraftKings,2026-09-17T19:34:58Z,h2h,2026-09-17T19:34:58Z,Western Michigan Broncos,-340,,20260917193559929069
NCAAF,americanfootball_ncaaf,be8b2e012b50c86775a87bb633e330e6,2026-09-19T23:00:00Z,Rice Owls,Western Michigan Broncos,draftkings,DraftKings,2026-09-17T19:34:58Z,spreads,2026-09-17T19:34:58Z,Rice Owls,-112,9.5,20260917193559929069
NCAAF,americanfootball_ncaaf,be8b2e012b50c86775a87bb633e330e6,2026-09-19T23:00:00Z,Rice Owls,Western Michigan Broncos,draftkings,DraftKings,2026-09-17T19:34:58Z,spreads,2026-09-17T19:34:58Z,Western Michigan Broncos,-108,-9.5,20260917193559929069
NCAAF,americanfootball_ncaaf,be8b2e012b50c86775a87bb633e330e6,2026-09-19T23:00:00Z,Rice Owls,Western Michigan Broncos,draftkings,DraftKings,2026-09-17T19:34:58Z,totals,2026-09-17T19:34:58Z,Over,-118,43.5,20260917193559929069
NCAAF,americanfootball_ncaaf,be8b2e012b50c86775a87bb633e330e6,2026-09-19T23:00:00Z,Rice Owls,Western Michigan Broncos,draftkings,DraftKings,2026-09-17T19:34:58Z,totals,2026-09-17T19:34:58Z,Under,-102,43.5,20260917193559929069
NCAAF,americanfootball_ncaaf,be8b2e012b50c86775a87bb633e330e6,2026-09-19T23:00:00Z,Rice Owls,Western Michigan Broncos,betonlineag,BetOnline.ag,2026-09-17T19:35:23Z,h2h,2026-09-17T19:35:23Z,Rice Owls,285,,20260917193559929069
NCAAF,americanfootball_ncaaf,be8b2e012b50c86775a87bb633e330e6,2026-09-19T23:00:00Z,Rice Owls,Western Michigan Broncos,betonlineag,BetOnline.ag,2026-09-17T19:35:23Z,h2h,2026-09-17T19:35:23Z,Western Michigan Broncos,-355,,20260917193559929069
NCAAF,americanfootball_ncaaf,be8b2e012b50c86775a87bb633e330e6,2026-09-19T23:00:00Z,Rice Owls,Western Michigan Broncos,betonlineag,BetOnline.ag,2026-09-17T19:35:23Z,spreads,2026-09-17T19:35:23Z,Rice Owls,-110,9.5,20260917193559929069
NCAAF,americanfootball_ncaaf,be8b2e012b50c86775a87bb633e330e6,2026-09-19T23:00:00Z,Rice Owls,Western Michigan Broncos,betonlineag,BetOnline.ag,2026-09-17T19:35:23Z,spreads,2026-09-17T19:35:23Z,Western Michigan Broncos,-110,-9.5,20260917193559929069
NCAAF,americanfootball_ncaaf,be8b2e012b50c86775a87bb633e330e6,2026-09-19T23:00:00Z,Rice Owls,Western Michigan Broncos,betonlineag,BetOnline.ag,2026-09-17T19:35:23Z,totals,2026-09-17T19:35:23Z,Over,-115,43.5,20260917193559929069
NCAAF,americanfootball_ncaaf,be8b2e012b50c86775a87bb633e330e6,2026-09-19T23:00:00Z,Rice Owls,Western Michigan Broncos,betonlineag,BetOnline.ag,2026-09-17T19:35:23Z,totals,2026-09-17T19:35:23Z,Under,-105,43.5,20260917193559929069
NCAAF,americanfootball_ncaaf,be8b2e012b50c86775a87bb633e330e6,2026-09-19T23:00:00Z,Rice Owls,Western Michigan Broncos,lowvig,LowVig.ag,2026-09-17T19:35:22Z,h2h,2026-09-17T19:35:22Z,Rice Owls,285,,20260917193559929069
NCAAF,americanfootball_ncaaf,be8b2e012b50c86775a87bb633e330e6,2026-09-19T23:00:00Z,Rice Owls,Western Michigan Broncos,lowvig,LowVig.ag,2026-09-17T19:35:22Z,h2h,2026-09-17T19:35:22Z,Western Michigan Broncos,-355,,20260917193559929069
NCAAF,americanfootball_ncaaf,be8b2e012b50c86775a87bb633e330e6,2026-09-19T23:00:00Z,Rice Owls,Western Michigan Broncos,lowvig,LowVig.ag,2026-09-17T19:35:22Z,spreads,2026-09-17T19:35:22Z,Rice Owls,-106,9.5,20260917193559929069
NCAAF,americanfootball_ncaaf,be8b2e012b50c86775a87bb633e330e6,2026-09-19T23:00:00Z,Rice Owls,Western Michigan Broncos,lowvig,LowVig.ag,2026-09-17T19:35:22Z,spreads,2026-09-17T19:35:22Z,Western Michigan Broncos,-106,-9.5,20260917193559929069
NCAAF,americanfootball_ncaaf,be8b2e012b50c86775a87bb633e330e6,2026-09-19T23:00:00Z,Rice Owls,Western Michigan Broncos,lowvig,LowVig.ag,2026-09-17T19:35:22Z,totals,2026-09-17T19:35:22Z,Over,-114,43.5,20260917193559929069
NCAAF,americanfootball_ncaaf,be8b2e012b50c86775a87bb633e330e6,2026-09-19T23:00:00Z,Rice Owls,Western Michigan Broncos,lowvig,LowVig.ag,2026-09-17T19:35:22Z,totals,2026-09-17T19:35:22Z,Under,-103,43.5,20260917193559929069
NCAAF,americanfootball_ncaaf,be8b2e012b50c86775a87bb633e330e6,2026-09-19T23:00:00Z,Rice Owls,Western Michigan Broncos,betmgm,BetMGM,2026-09-17T19:35:24Z,h2h,2026-09-17T19:35:24Z,Rice Owls,290,,20260917193559929069
NCAAF,americanfootball_ncaaf,be8b2e012b50c86775a87bb633e330e6,2026-09-19T23:00:00Z,Rice Owls,Western Michigan Broncos,betmgm,BetMGM,2026-09-17T19:35:24Z,h2h,2026-09-17T19:35:24Z,Western Michigan Broncos,-375,,20260917193559929069
NCAAF,americanfootball_ncaaf,be8b2e012b50c86775a87bb633e330e6,2026-09-19T23:00:00Z,Rice Owls,Western Michigan Broncos,betmgm,BetMGM,2026-09-17T19:35:24Z,spreads,2026-09-17T19:35:24Z,Rice Owls,-108,9.5,20260917193559929069
NCAAF,americanfootball_ncaaf,be8b2e012b50c86775a87bb633e330e6,2026-09-19T23:00:00Z,Rice Owls,Western Michigan Broncos,betmgm,BetMGM,2026-09-17T19:35:24Z,spreads,2026-09-17T19:35:24Z,Western Michigan Broncos,-110,-9.5,20260917193559929069
NCAAF,americanfootball_ncaaf,be8b2e012b50c86775a87bb633e330e6,2026-09-19T23:00:00Z,Rice Owls,Western Michigan Broncos,betmgm,BetMGM,2026-09-17T19:35:24Z,totals,2026-09-17T19:35:24Z,Over,-112,43.5,20260917193559929069
NCAAF,americanfootball_ncaaf,be8b2e012b50c86775a87bb633e330e6,2026-09-19T23:00:00Z,Rice Owls,Western Michigan Broncos,betmgm,BetMGM,2026-09-17T19:35:24Z,totals,2026-09-17T19:35:24Z,Under,-105,43.5,20260917193559929069
NCAAF,americanfootball_ncaaf,be8b2e012b50c86775a87bb633e330e6,2026-09-19T23:00:00Z,Rice Owls,Western Michigan Broncos,betrivers,BetRivers,2026-09-17T19:34:38Z,h2h,2026-09-17T19:34:38Z,Rice Owls,295,,20260917193559929069
NCAAF,americanfootball_ncaaf,be8b2e012b50c86775a87bb633e330e6,2026-09-19T23:00:00Z,Rice Owls,Western Michigan Broncos,betrivers,BetRivers,2026-09-17T19:34:38Z,h2h,2026-09-17T19:34:38Z,Western Michigan Broncos,-400,,20260917193559929069
NCAAF,americanfootball_ncaaf,be8b2e012b50c86775a87bb633e330e6,2026-09-19T23:00:00Z,Rice Owls,Western Michigan Broncos,betrivers,BetRivers,2026-09-17T19:34:38Z,spreads,2026-09-17T19:34:38Z,Rice Owls,-110,8.5,20260917193559929069
NCAAF,americanfootball_ncaaf,be8b2e012b50c86775a87bb633e330e6,2026-09-19T23:00:00Z,Rice Owls,Western Michigan Broncos,betrivers,BetRivers,2026-09-17T19:34:38Z,spreads,2026-09-17T19:34:38Z,Western Michigan Broncos,-113,-8.5,20260917193559929069
NCAAF,americanfootball_ncaaf,be8b2e012b50c86775a87bb633e330e6,2026-09-19T23:00:00Z,Rice Owls,Western Michigan Broncos,betrivers,BetRivers,2026-09-17T19:34:38Z,totals,2026-09-17T19:34:38Z,Over,-120,43.5,20260917193559929069
NCAAF,americanfootball_ncaaf,be8b2e012b50c86775a87bb633e330e6,2026-09-19T23:00:00Z,Rice Owls,Western Michigan Broncos,betrivers,BetRivers,2026-09-17T19:34:38Z,totals,2026-09-17T19:34:38Z,Under,-106,43.5,20260917193559929069
NCAAF,americanfootball_ncaaf,be8b2e012b50c86775a87bb633e330e6,2026-09-19T23:00:00Z,Rice Owls,Western Michigan Broncos,betus,BetUS,2026-09-17T19:35:44Z,h2h,2026-09-17T19:35:44Z,Rice Owls,285,,20260917193559929069
NCAAF,americanfootball_ncaaf,be8b2e012b50c86775a87bb633e330e6,2026-09-19T23:00:00Z,Rice Owls,Western Michigan Broncos,betus,BetUS,2026-09-17T19:35:44Z,h2h,2026-09-17T19:35:44Z,Western Michigan Broncos,-355,,20260917193559929069
NCAAF,americanfootball_ncaaf,be8b2e012b50c86775a87bb633e330e6,2026-09-19T23:00:00Z,Rice Owls,Western Michigan Broncos,betus,BetUS,2026-09-17T19:35:44Z,spreads,2026-09-17T19:35:44Z,Rice Owls,-110,9.5,20260917193559929069
NCAAF,americanfootball_ncaaf,be8b2e012b50c86775a87bb633e330e6,2026-09-19T23:00:00Z,Rice Owls,Western Michigan Broncos,betus,BetUS,2026-09-17T19:35:44Z,spreads,2026-09-17T19:35:44Z,Western Michigan Broncos,-110,-9.5,20260917193559929069
NCAAF,americanfootball_ncaaf,be8b2e012b50c86775a87bb633e330e6,2026-09-19T23:00:00Z,Rice Owls,Western Michigan Broncos,betus,BetUS,2026-09-17T19:35:44Z,totals,2026-09-17T19:35:44Z,Over,-110,44.0,20260917193559929069
NCAAF,americanfootball_ncaaf,be8b2e012b50c86775a87bb633e330e6,2026-09-19T23:00:00Z,Rice Owls,Western Michigan Broncos,betus,BetUS,2026-09-17T19:35:44Z,totals,2026-09-17T19:35:44Z,Under,-110,44.0,20260917193559929069
NCAAF,americanfootball_ncaaf,be8b2e012b50c86775a87bb633e330e6,2026-09-19T23:00:00Z,Rice Owls,Western Michigan Broncos,bovada,Bovada,2026-09-17T19:35:03Z,h2h,2026-09-17T19:35:03Z,Rice Owls,300,,20260917193559929069
NCAAF,americanfootball_ncaaf,be8b2e012b50c86775a87bb633e330e6,2026-09-19T23:00:00Z,Rice Owls,Western Michigan Broncos,bovada,Bovada,2026-09-17T19:35:03Z,h2h,2026-09-17T19:35:03Z,Western Michigan Broncos,-400,,20260917193559929069
NCAAF,americanfootball_ncaaf,be8b2e012b50c86775a87bb633e330e6,2026-09-19T23:00:00Z,Rice Owls,Western Michigan Broncos,bovada,Bovada,2026-09-17T19:35:03Z,spreads,2026-09-17T19:35:03Z,Rice Owls,-110,9.5,20260917193559929069
NCAAF,americanfootball_ncaaf,be8b2e012b50c86775a87bb633e330e6,2026-09-19T23:00:00Z,Rice Owls,Western Michigan Broncos,bovada,Bovada,2026-09-17T19:35:03Z,spreads,2026-09-17T19:35:03Z,Western Michigan Broncos,-110,-9.5,20260917193559929069
NCAAF,americanfootball_ncaaf,be8b2e012b50c86775a87bb633e330e6,2026-09-19T23:00:00Z,Rice Owls,Western Michigan Broncos,bovada,Bovada,2026-09-17T19:35:03Z,totals,2026-09-17T19:35:03Z,Over,-115,43.5,20260917193559929069
NCAAF,americanfootball_ncaaf,be8b2e012b50c86775a87bb633e330e6,2026-09-19T23:00:00Z,Rice Owls,Western Michigan Broncos,bovada,Bovada,2026-09-17T19:35:03Z,totals,2026-09-17T19:35:03Z,Under,-105,43.5,20260917193559929069
NCAAF,americanfootball_ncaaf,1088ecb8a4c34880f9fb0b9274a8d3e4,2026-09-19T23:00:00Z,Southern Mississippi Golden Eagles,UConn Huskies,draftkings,DraftKings,2026-09-17T19:34:58Z,h2h,2026-09-17T19:34:58Z,Southern Mississippi Golden Eagles,136,,20260917193559929069
NCAAF,americanfootball_ncaaf,1088ecb8a4c34880f9fb0b9274a8d3e4,2026-09-19T23:00:00Z,Southern Mississippi Golden Eagles,UConn Huskies,draftkings,DraftKings,2026-09-17T19:34:58Z,h2h,2026-09-17T19:34:58Z,UConn Huskies,-162,,20260917193559929069
NCAAF,americanfootball_ncaaf,1088ecb8a4c34880f9fb0b9274a8d3e4,2026-09-19T23:00:00Z,Southern Mississippi Golden Eagles,UConn Huskies,draftkings,DraftKings,2026-09-17T19:34:58Z,spreads,2026-09-17T19:34:58Z,Southern Mississippi Golden Eagles,-105,3.0,20260917193559929069
NCAAF,americanfootball_ncaaf,1088ecb8a4c34880f9fb0b9274a8d3e4,2026-09-19T23:00:00Z,Southern Mississippi Golden Eagles,UConn Huskies,draftkings,DraftKings,2026-09-17T19:34:58Z,spreads,2026-09-17T19:34:58Z,UConn Huskies,-115,-3.0,20260917193559929069
NCAAF,americanfootball_ncaaf,1088ecb8a4c34880f9fb0b9274a8d3e4,2026-09-19T23:00:00Z,Southern Mississippi Golden Eagles,UConn Huskies,draftkings,DraftKings,2026-09-17T19:34:58Z,totals,2026-09-17T19:34:58Z,Over,-112,54.5,20260917193559929069
NCAAF,americanfootball_ncaaf,1088ecb8a4c34880f9fb0b9274a8d3e4,2026-09-19T23:00:00Z,Southern Mississippi Golden Eagles,UConn Huskies,draftkings,DraftKings,2026-09-17T19:34:58Z,totals,2026-09-17T19:34:58Z,Under,-108,54.5,20260917193559929069
NCAAF,americanfootball_ncaaf,1088ecb8a4c34880f9fb0b9274a8d3e4,2026-09-19T23:00:00Z,Southern Mississippi Golden Eagles,UConn Huskies,lowvig,LowVig.ag,2026-09-17T19:35:22Z,h2h,2026-09-17T19:35:22Z,Southern Mississippi Golden Eagles,140,,20260917193559929069
NCAAF,americanfootball_ncaaf,1088ecb8a4c34880f9fb0b9274a8d3e4,2026-09-19T23:00:00Z,Southern Mississippi Golden Eagles,UConn Huskies,lowvig,LowVig.ag,2026-09-17T19:35:22Z,h2h,2026-09-17T19:35:22Z,UConn Huskies,-160,,20260917193559929069
NCAAF,americanfootball_ncaaf,1088ecb8a4c34880f9fb0b9274a8d3e4,2026-09-19T23:00:00Z,Southern Mississippi Golden Eagles,UConn Huskies,lowvig,LowVig.ag,2026-09-17T19:35:22Z,spreads,2026-09-17T19:35:22Z,Southern Mississippi Golden Eagles,-101,3.0,20260917193559929069
NCAAF,americanfootball_ncaaf,1088ecb8a4c34880f9fb0b9274a8d3e4,2026-09-19T23:00:00Z,Southern Mississippi Golden Eagles,UConn Huskies,lowvig,LowVig.ag,2026-09-17T19:35:22Z,spreads,2026-09-17T19:35:22Z,UConn Huskies,-111,-3.0,20260917193559929069
NCAAF,americanfootball_ncaaf,1088ecb8a4c34880f9fb0b9274a8d3e4,2026-09-19T23:00:00Z,Southern Mississippi Golden Eagles,UConn Huskies,lowvig,LowVig.ag,2026-09-17T19:35:22Z,totals,2026-09-17T19:35:22Z,Over,-108,54.5,20260917193559929069
NCAAF,americanfootball_ncaaf,1088ecb8a4c34880f9fb0b9274a8d3e4,2026-09-19T23:00:00Z,Southern Mississippi Golden Eagles,UConn Huskies,lowvig,LowVig.ag,2026-09-17T19:35:22Z,totals,2026-09-17T19:35:22Z,Under,-108,54.5,20260917193559929069
NCAAF,americanfootball_ncaaf,1088ecb8a4c34880f9fb0b9274a8d3e4,2026-09-19T23:00:00Z,Southern Mississippi Golden Eagles,UConn Huskies,betonlineag,BetOnline.ag,2026-09-17T19:35:23Z,h2h,2026-09-17T19:35:23Z,Southern Mississippi Golden Eagles,140,,20260917193559929069
NCAAF,americanfootball_ncaaf,1088ecb8a4c34880f9fb0b9274a8d3e4,2026-09-19T23:00:00Z,Southern Mississippi Golden Eagles,UConn Huskies,betonlineag,BetOnline.ag,2026-09-17T19:35:23Z,h2h,2026-09-17T19:35:23Z,UConn Huskies,-160,,20260917193559929069
NCAAF,americanfootball_ncaaf,1088ecb8a4c34880f9fb0b9274a8d3e4,2026-09-19T23:00:00Z,Southern Mississippi Golden Eagles,UConn Huskies,betonlineag,BetOnline.ag,2026-09-17T19:35:23Z,spreads,2026-09-17T19:35:23Z,Southern Mississippi Golden Eagles,-105,3.0,20260917193559929069
NCAAF,americanfootball_ncaaf,1088ecb8a4c34880f9fb0b9274a8d3e4,2026-09-19T23:00:00Z,Southern Mississippi Golden Eagles,UConn Huskies,betonlineag,BetOnline.ag,2026-09-17T19:35:23Z,spreads,2026-09-17T19:35:23Z,UConn Huskies,-115,-3.0,20260917193559929069
NCAAF,americanfootball_ncaaf,1088ecb8a4c34880f9fb0b9274a8d3e4,2026-09-19T23:00:00Z,Southern Mississippi Golden Eagles,UConn Huskies,betonlineag,BetOnline.ag,2026-09-17T19:35:23Z,totals,2026-09-17T19:35:23Z,Over,-110,54.5,20260917193559929069
NCAAF,americanfootball_ncaaf,1088ecb8a4c34880f9fb0b9274a8d3e4,2026-09-19T23:00:00Z,Southern Mississippi Golden Eagles,UConn Huskies,betonlineag,BetOnline.ag,2026-09-17T19:35:23Z,totals,2026-09-17T19:35:23Z,Under,-110,54.5,20260917193559929069
NCAAF,americanfootball_ncaaf,1088ecb8a4c34880f9fb0b9274a8d3e4,2026-09-19T23:00:00Z,Southern Mississippi Golden Eagles,UConn Huskies,betmgm,BetMGM,2026-09-17T19:35:24Z,h2h,2026-09-17T19:35:24Z,Southern Mississippi Golden Eagles,138,,20260917193559929069
NCAAF,americanfootball_ncaaf,1088ecb8a4c34880f9fb0b9274a8d3e4,2026-09-19T23:00:00Z,Southern Mississippi Golden Eagles,UConn Huskies,betmgm,BetMGM,2026-09-17T19:35:24Z,h2h,2026-09-17T19:35:24Z,UConn Huskies,-165,,20260917193559929069
NCAAF,americanfootball_ncaaf,1088ecb8a4c34880f9fb0b9274a8d3e4,2026-09-19T23:00:00Z,Southern Mississippi Golden Eagles,UConn Huskies,betmgm,BetMGM,2026-09-17T19:35:24Z,spreads,2026-09-17T19:35:24Z,Southern Mississippi Golden Eagles,-105,3.0,20260917193559929069
NCAAF,americanfootball_ncaaf,1088ecb8a4c34880f9fb0b9274a8d3e4,2026-09-19T23:00:00Z,Southern Mississippi Golden Eagles,UConn Huskies,betmgm,BetMGM,2026-09-17T19:35:24Z,spreads,2026-09-17T19:35:24Z,UConn Huskies,-115,-3.0,20260917193559929069
NCAAF,americanfootball_ncaaf,1088ecb8a4c34880f9fb0b9274a8d3e4,2026-09-19T23:00:00Z,Southern Mississippi Golden Eagles,UConn Huskies,betmgm,BetMGM,2026-09-17T19:35:24Z,totals,2026-09-17T19:35:24Z,Over,-110,54.5,20260917193559929069
NCAAF,americanfootball_ncaaf,1088ecb8a4c34880f9fb0b9274a8d3e4,2026-09-19T23:00:00Z,Southern Mississippi Golden Eagles,UConn Huskies,betmgm,BetMGM,2026-09-17T19:35:24Z,totals,2026-09-17T19:35:24Z,Under,-108,54.5,20260917193559929069
NCAAF,americanfootball_ncaaf,1088ecb8a4c34880f9fb0b9274a8d3e4,2026-09-19T23:00:00Z,Southern Mississippi Golden Eagles,UConn Huskies,fanduel,FanDuel,2026-09-17T19:35:46Z,h2h,2026-09-17T19:35:46Z,Southern Mississippi Golden Eagles,136,,20260917193559929069
NCAAF,americanfootball_ncaaf,1088ecb8a4c34880f9fb0b9274a8d3e4,2026-09-19T23:00:00Z,Southern Mississippi Golden Eagles,UConn Huskies,fanduel,FanDuel,2026-09-17T19:35:46Z,h2h,2026-09-17T19:35:46Z,UConn Huskies,-164,,20260917193559929069
NCAAF,americanfootball_ncaaf,1088ecb8a4c34880f9fb0b9274a8d3e4,2026-09-19T23:00:00Z,Southern Mississippi Golden Eagles,UConn Huskies,fanduel,FanDuel,2026-09-17T19:35:46Z,spreads,2026-09-17T19:35:46Z,Southern Mississippi Golden Eagles,-120,3.5,20260917193559929069
NCAAF,americanfootball_ncaaf,1088ecb8a4c34880f9fb0b9274a8d3e4,2026-09-19T23:00:00Z,Southern Mississippi Golden Eagles,UConn Huskies,fanduel,FanDuel,2026-09-17T19:35:46Z,spreads,2026-09-17T19:35:46Z,UConn Huskies,-102,-3.5,20260917193559929069
NCAAF,americanfootball_ncaaf,1088ecb8a4c34880f9fb0b9274a8d3e4,2026-09-19T23:00:00Z,Southern Mississippi Golden Eagles,UConn Huskies,fanduel,FanDuel,2026-09-17T19:35:46Z,totals,2026-09-17T19:35:46Z,Over,-110,54.5,20260917193559929069
NCAAF,americanfootball_ncaaf,1088ecb8a4c34880f9fb0b9274a8d3e4,2026-09-19T23:00:00Z,Southern Mississippi Golden Eagles,UConn Huskies,fanduel,FanDuel,2026-09-17T19:35:46Z,totals,2026-09-17T19:35:46Z,Under,-110,54.5,20260917193559929069
NCAAF,americanfootball_ncaaf,1088ecb8a4c34880f9fb0b9274a8d3e4,2026-09-19T23:00:00Z,Southern Mississippi Golden Eagles,UConn Huskies,betrivers,BetRivers,2026-09-17T19:34:38Z,h2h,2026-09-17T19:34:38Z,Southern Mississippi Golden Eagles,133,,20260917193559929069
NCAAF,americanfootball_ncaaf,1088ecb8a4c34880f9fb0b9274a8d3e4,2026-09-19T23:00:00Z,Southern Mississippi Golden Eagles,UConn Huskies,betrivers,BetRivers,2026-09-17T19:34:38Z,h2h,2026-09-17T19:34:38Z,UConn Huskies,-167,,20260917193559929069
NCAAF,americanfootball_ncaaf,1088ecb8a4c34880f9fb0b9274a8d3e4,2026-09-19T23:00:00Z,Southern Mississippi Golden Eagles,UConn Huskies,betrivers,BetRivers,2026-09-17T19:34:38Z,spreads,2026-09-17T19:34:38Z,Southern Mississippi Golden Eagles,-115,3.5,20260917193559929069
NCAAF,americanfootball_ncaaf,1088ecb8a4c34880f9fb0b9274a8d3e4,2026-09-19T23:00:00Z,Southern Mississippi Golden Eagles,UConn Huskies,betrivers,BetRivers,2026-09-17T19:34:38Z,spreads,2026-09-17T19:34:38Z,UConn Huskies,-108,-3.5,20260917193559929069
NCAAF,americanfootball_ncaaf,1088ecb8a4c34880f9fb0b9274a8d3e4,2026-09-19T23:00:00Z,Southern Mississippi Golden Eagles,UConn Huskies,betrivers,BetRivers,2026-09-17T19:34:38Z,totals,2026-09-17T19:34:38Z,Over,-114,54.5,20260917193559929069
NCAAF,americanfootball_ncaaf,1088ecb8a4c34880f9fb0b9274a8d3e4,2026-09-19T23:00:00Z,Southern Mississippi Golden Eagles,UConn Huskies,betrivers,BetRivers,2026-09-17T19:34:38Z,totals,2026-09-17T19:34:38Z,Under,-112,54.5,20260917193559929069
NCAAF,americanfootball_ncaaf,1088ecb8a4c34880f9fb0b9274a8d3e4,2026-09-19T23:00:00Z,Southern Mississippi Golden Eagles,UConn Huskies,betus,BetUS,2026-09-17T19:35:44Z,h2h,2026-09-17T19:35:44Z,Southern Mississippi Golden Eagles,138,,20260917193559929069
NCAAF,americanfootball_ncaaf,1088ecb8a4c34880f9fb0b9274a8d3e4,2026-09-19T23:00:00Z,Southern Mississippi Golden Eagles,UConn Huskies,betus,BetUS,2026-09-17T19:35:44Z,h2h,2026-09-17T19:35:44Z,UConn Huskies,-160,,20260917193559929069
NCAAF,americanfootball_ncaaf,1088ecb8a4c34880f9fb0b9274a8d3e4,2026-09-19T23:00:00Z,Southern Mississippi Golden Eagles,UConn Huskies,betus,BetUS,2026-09-17T19:35:44Z,spreads,2026-09-17T19:35:44Z,Southern Mississippi Golden Eagles,-105,3.0,20260917193559929069
NCAAF,americanfootball_ncaaf,1088ecb8a4c34880f9fb0b9274a8d3e4,2026-09-19T23:00:00Z,Southern Mississippi Golden Eagles,UConn Huskies,betus,BetUS,2026-09-17T19:35:44Z,spreads,2026-09-17T19:35:44Z,UConn Huskies,-115,-3.0,20260917193559929069
NCAAF,americanfootball_ncaaf,1088ecb8a4c34880f9fb0b9274a8d3e4,2026-09-19T23:00:00Z,Southern Mississippi Golden Eagles,UConn Huskies,betus,BetUS,2026-09-17T19:35:44Z,totals,2026-09-17T19:35:44Z,Over,-110,54.5,20260917193559929069
NCAAF,americanfootball_ncaaf,1088ecb8a4c34880f9fb0b9274a8d3e4,2026-09-19T23:00:00Z,Southern Mississippi Golden Eagles,UConn Huskies,betus,BetUS,2026-09-17T19:35:44Z,totals,2026-09-17T19:35:44Z,Under,-110,54.5,20260917193559929069
NCAAF,americanfootball_ncaaf,1088ecb8a4c34880f9fb0b9274a8d3e4,2026-09-19T23:00:00Z,Southern Mississippi Golden Eagles,UConn Huskies,bovada,Bovada,2026-09-17T19:35:03Z,h2h,2026-09-17T19:35:03Z,Southern Mississippi Golden Eagles,130,,20260917193559929069
NCAAF,americanfootball_ncaaf,1088ecb8a4c34880f9fb0b9274a8d3e4,2026-09-19T23:00:00Z,Southern Mississippi Golden Eagles,UConn Huskies,bovada,Bovada,2026-09-17T19:35:03Z,h2h,2026-09-17T19:35:03Z,UConn Huskies,-150,,20260917193559929069
NCAAF,americanfootball_ncaaf,1088ecb8a4c34880f9fb0b9274a8d3e4,2026-09-19T23:00:00Z,Southern Mississippi Golden Eagles,UConn Huskies,bovada,Bovada,2026-09-17T19:35:03Z,spreads,2026-09-17T19:35:03Z,Southern Mississippi Golden Eagles,-110,3.0,20260917193559929069
NCAAF,americanfootball_ncaaf,1088ecb8a4c34880f9fb0b9274a8d3e4,2026-09-19T23:00:00Z,Southern Mississippi Golden Eagles,UConn Huskies,bovada,Bovada,2026-09-17T19:35:03Z,spreads,2026-09-17T19:35:03Z,UConn Huskies,-110,-3.0,20260917193559929069
NCAAF,americanfootball_ncaaf,1088ecb8a4c34880f9fb0b9274a8d3e4,2026-09-19T23:00:00Z,Southern Mississippi Golden Eagles,UConn Huskies,bovada,Bovada,2026-09-17T19:35:03Z,totals,2026-09-17T19:35:03Z,Over,-110,54.5,20260917193559929069
NCAAF,americanfootball_ncaaf,1088ecb8a4c34880f9fb0b9274a8d3e4,2026-09-19T23:00:00Z,Southern Mississippi Golden Eagles,UConn Huskies,bovada,Bovada,2026-09-17T19:35:03Z,totals,2026-09-17T19:35:03Z,Under,-110,54.5,20260917193559929069
NCAAF,americanfootball_ncaaf,e68b359be33a1855ff582d9dde87faac,2026-09-19T23:15:00Z,Washington Huskies,Eastern Washington Eagles,fanduel,FanDuel,2026-09-17T19:35:46Z,spreads,2026-09-17T19:35:46Z,Eastern Washington Eagles,-110,42.5,20260917193559929069
NCAAF,americanfootball_ncaaf,e68b359be33a1855ff582d9dde87faac,2026-09-19T23:15:00Z,Washington Huskies,Eastern Washington Eagles,fanduel,FanDuel,2026-09-17T19:35:46Z,spreads,2026-09-17T19:35:46Z,Washington Huskies,-110,-42.5,20260917193559929069
NCAAF,americanfootball_ncaaf,e68b359be33a1855ff582d9dde87faac,2026-09-19T23:15:00Z,Washington Huskies,Eastern Washington Eagles,fanduel,FanDuel,2026-09-17T19:35:46Z,totals,2026-09-17T19:35:46Z,Over,-110,57.5,20260917193559929069
NCAAF,americanfootball_ncaaf,e68b359be33a1855ff582d9dde87faac,2026-09-19T23:15:00Z,Washington Huskies,Eastern Washington Eagles,fanduel,FanDuel,2026-09-17T19:35:46Z,totals,2026-09-17T19:35:46Z,Under,-110,57.5,20260917193559929069
NCAAF,americanfootball_ncaaf,e68b359be33a1855ff582d9dde87faac,2026-09-19T23:15:00Z,Washington Huskies,Eastern Washington Eagles,betrivers,BetRivers,2026-09-17T19:34:38Z,spreads,2026-09-17T19:34:38Z,Eastern Washington Eagles,-112,42.5,20260917193559929069
NCAAF,americanfootball_ncaaf,e68b359be33a1855ff582d9dde87faac,2026-09-19T23:15:00Z,Washington Huskies,Eastern Washington Eagles,betrivers,BetRivers,2026-09-17T19:34:38Z,spreads,2026-09-17T19:34:38Z,Washington Huskies,-112,-42.5,20260917193559929069
NCAAF,americanfootball_ncaaf,e68b359be33a1855ff582d9dde87faac,2026-09-19T23:15:00Z,Washington Huskies,Eastern Washington Eagles,betrivers,BetRivers,2026-09-17T19:34:38Z,totals,2026-09-17T19:34:38Z,Over,-113,57.5,20260917193559929069
NCAAF,americanfootball_ncaaf,e68b359be33a1855ff582d9dde87faac,2026-09-19T23:15:00Z,Washington Huskies,Eastern Washington Eagles,betrivers,BetRivers,2026-09-17T19:34:38Z,totals,2026-09-17T19:34:38Z,Under,-110,57.5,20260917193559929069
NCAAF,americanfootball_ncaaf,e68b359be33a1855ff582d9dde87faac,2026-09-19T23:15:00Z,Washington Huskies,Eastern Washington Eagles,draftkings,DraftKings,2026-09-17T19:34:58Z,spreads,2026-09-17T19:34:58Z,Eastern Washington Eagles,-108,42.5,20260917193559929069
NCAAF,americanfootball_ncaaf,e68b359be33a1855ff582d9dde87faac,2026-09-19T23:15:00Z,Washington Huskies,Eastern Washington Eagles,draftkings,DraftKings,2026-09-17T19:34:58Z,spreads,2026-09-17T19:34:58Z,Washington Huskies,-112,-42.5,20260917193559929069
NCAAF,americanfootball_ncaaf,e68b359be33a1855ff582d9dde87faac,2026-09-19T23:15:00Z,Washington Huskies,Eastern Washington Eagles,draftkings,DraftKings,2026-09-17T19:34:58Z,totals,2026-09-17T19:34:58Z,Over,-112,56.5,20260917193559929069
NCAAF,americanfootball_ncaaf,e68b359be33a1855ff582d9dde87faac,2026-09-19T23:15:00Z,Washington Huskies,Eastern Washington Eagles,draftkings,DraftKings,2026-09-17T19:34:58Z,totals,2026-09-17T19:34:58Z,Under,-108,56.5,20260917193559929069
NCAAF,americanfootball_ncaaf,e68b359be33a1855ff582d9dde87faac,2026-09-19T23:15:00Z,Washington Huskies,Eastern Washington Eagles,lowvig,LowVig.ag,2026-09-17T19:35:22Z,spreads,2026-09-17T19:35:22Z,Eastern Washington Eagles,-115,42.5,20260917193559929069
NCAAF,americanfootball_ncaaf,e68b359be33a1855ff582d9dde87faac,2026-09-19T23:15:00Z,Washington Huskies,Eastern Washington Eagles,lowvig,LowVig.ag,2026-09-17T19:35:22Z,spreads,2026-09-17T19:35:22Z,Washington Huskies,-115,-42.5,20260917193559929069
NCAAF,americanfootball_ncaaf,e68b359be33a1855ff582d9dde87faac,2026-09-19T23:15:00Z,Washington Huskies,Eastern Washington Eagles,lowvig,LowVig.ag,2026-09-17T19:35:22Z,totals,2026-09-17T19:35:22Z,Over,-120,57.5,20260917193559929069
NCAAF,americanfootball_ncaaf,e68b359be33a1855ff582d9dde87faac,2026-09-19T23:15:00Z,Washington Huskies,Eastern Washington Eagles,lowvig,LowVig.ag,2026-09-17T19:35:22Z,totals,2026-09-17T19:35:22Z,Under,-110,57.5,20260917193559929069
NCAAF,americanfootball_ncaaf,e68b359be33a1855ff582d9dde87faac,2026-09-19T23:15:00Z,Washington Huskies,Eastern Washington Eagles,betonlineag,BetOnline.ag,2026-09-17T19:35:23Z,spreads,2026-09-17T19:35:23Z,Eastern Washington Eagles,-115,42.5,20260917193559929069
NCAAF,americanfootball_ncaaf,e68b359be33a1855ff582d9dde87faac,2026-09-19T23:15:00Z,Washington Huskies,Eastern Washington Eagles,betonlineag,BetOnline.ag,2026-09-17T19:35:23Z,spreads,2026-09-17T19:35:23Z,Washington Huskies,-115,-42.5,20260917193559929069
NCAAF,americanfootball_ncaaf,e68b359be33a1855ff582d9dde87faac,2026-09-19T23:15:00Z,Washington Huskies,Eastern Washington Eagles,betonlineag,BetOnline.ag,2026-09-17T19:35:23Z,totals,2026-09-17T19:35:23Z,Over,-120,57.5,20260917193559929069
NCAAF,americanfootball_ncaaf,e68b359be33a1855ff582d9dde87faac,2026-09-19T23:15:00Z,Washington Huskies,Eastern Washington Eagles,betonlineag,BetOnline.ag,2026-09-17T19:35:23Z,totals,2026-09-17T19:35:23Z,Under,-110,57.5,20260917193559929069
NCAAF,americanfootball_ncaaf,55699549855efd1bed7b9d6ae1c7aded,2026-09-19T23:15:00Z,Nebraska Cornhuskers,North Dakota Fighting Hawks,fanduel,FanDuel,2026-09-17T19:35:46Z,h2h,2026-09-17T19:35:46Z,Nebraska Cornhuskers,-4000,,20260917193559929069
NCAAF,americanfootball_ncaaf,55699549855efd1bed7b9d6ae1c7aded,2026-09-19T23:15:00Z,Nebraska Cornhuskers,North Dakota Fighting Hawks,fanduel,FanDuel,2026-09-17T19:35:46Z,h2h,2026-09-17T19:35:46Z,North Dakota Fighting Hawks,1400,,20260917193559929069
NCAAF,americanfootball_ncaaf,55699549855efd1bed7b9d6ae1c7aded,2026-09-19T23:15:00Z,Nebraska Cornhuskers,North Dakota Fighting Hawks,fanduel,FanDuel,2026-09-17T19:35:46Z,spreads,2026-09-17T19:35:46Z,Nebraska Cornhuskers,-110,-24.5,20260917193559929069
NCAAF,americanfootball_ncaaf,55699549855efd1bed7b9d6ae1c7aded,2026-09-19T23:15:00Z,Nebraska Cornhuskers,North Dakota Fighting Hawks,fanduel,FanDuel,2026-09-17T19:35:46Z,spreads,2026-09-17T19:35:46Z,North Dakota Fighting Hawks,-110,24.5,20260917193559929069
NCAAF,americanfootball_ncaaf,55699549855efd1bed7b9d6ae1c7aded,2026-09-19T23:15:00Z,Nebraska Cornhuskers,North Dakota Fighting Hawks,fanduel,FanDuel,2026-09-17T19:35:46Z,totals,2026-09-17T19:35:46Z,Over,-105,51.5,20260917193559929069
NCAAF,americanfootball_ncaaf,55699549855efd1bed7b9d6ae1c7aded,2026-09-19T23:15:00Z,Nebraska Cornhuskers,North Dakota Fighting Hawks,fanduel,FanDuel,2026-09-17T19:35:46Z,totals,2026-09-17T19:35:46Z,Under,-115,51.5,20260917193559929069
NCAAF,americanfootball_ncaaf,55699549855efd1bed7b9d6ae1c7aded,2026-09-19T23:15:00Z,Nebraska Cornhuskers,North Dakota Fighting Hawks,betrivers,BetRivers,2026-09-17T19:34:38Z,h2h,2026-09-17T19:34:38Z,Nebraska Cornhuskers,-10000,,20260917193559929069
NCAAF,americanfootball_ncaaf,55699549855efd1bed7b9d6ae1c7aded,2026-09-19T23:15:00Z,Nebraska Cornhuskers,North Dakota Fighting Hawks,betrivers,BetRivers,2026-09-17T19:34:38Z,h2h,2026-09-17T19:34:38Z,North Dakota Fighting Hawks,1500,,20260917193559929069
NCAAF,americanfootball_ncaaf,55699549855efd1bed7b9d6ae1c7aded,2026-09-19T23:15:00Z,Nebraska Cornhuskers,North Dakota Fighting Hawks,betrivers,BetRivers,2026-09-17T19:34:38Z,spreads,2026-09-17T19:34:38Z,Nebraska Cornhuskers,-110,-24.5,20260917193559929069
NCAAF,americanfootball_ncaaf,55699549855efd1bed7b9d6ae1c7aded,2026-09-19T23:15:00Z,Nebraska Cornhuskers,North Dakota Fighting Hawks,betrivers,BetRivers,2026-09-17T19:34:38Z,spreads,2026-09-17T19:34:38Z,North Dakota Fighting Hawks,-113,24.5,20260917193559929069
NCAAF,americanfootball_ncaaf,55699549855efd1bed7b9d6ae1c7aded,2026-09-19T23:15:00Z,Nebraska Cornhuskers,North Dakota Fighting Hawks,betrivers,BetRivers,2026-09-17T19:34:38Z,totals,2026-09-17T19:34:38Z,Over,-112,51.5,20260917193559929069
NCAAF,americanfootball_ncaaf,55699549855efd1bed7b9d6ae1c7aded,2026-09-19T23:15:00Z,Nebraska Cornhuskers,North Dakota Fighting Hawks,betrivers,BetRivers,2026-09-17T19:34:38Z,totals,2026-09-17T19:34:38Z,Under,-112,51.5,20260917193559929069
NCAAF,americanfootball_ncaaf,55699549855efd1bed7b9d6ae1c7aded,2026-09-19T23:15:00Z,Nebraska Cornhuskers,North Dakota Fighting Hawks,draftkings,DraftKings,2026-09-17T19:34:58Z,h2h,2026-09-17T19:34:58Z,Nebraska Cornhuskers,-3200,,20260917193559929069
NCAAF,americanfootball_ncaaf,55699549855efd1bed7b9d6ae1c7aded,2026-09-19T23:15:00Z,Nebraska Cornhuskers,North Dakota Fighting Hawks,draftkings,DraftKings,2026-09-17T19:34:58Z,h2h,2026-09-17T19:34:58Z,North Dakota Fighting Hawks,1400,,20260917193559929069
NCAAF,americanfootball_ncaaf,55699549855efd1bed7b9d6ae1c7aded,2026-09-19T23:15:00Z,Nebraska Cornhuskers,North Dakota Fighting Hawks,draftkings,DraftKings,2026-09-17T19:34:58Z,spreads,2026-09-17T19:34:58Z,Nebraska Cornhuskers,-105,-24.5,20260917193559929069
NCAAF,americanfootball_ncaaf,55699549855efd1bed7b9d6ae1c7aded,2026-09-19T23:15:00Z,Nebraska Cornhuskers,North Dakota Fighting Hawks,draftkings,DraftKings,2026-09-17T19:34:58Z,spreads,2026-09-17T19:34:58Z,North Dakota Fighting Hawks,-115,24.5,20260917193559929069
NCAAF,americanfootball_ncaaf,55699549855efd1bed7b9d6ae1c7aded,2026-09-19T23:15:00Z,Nebraska Cornhuskers,North Dakota Fighting Hawks,draftkings,DraftKings,2026-09-17T19:34:58Z,totals,2026-09-17T19:34:58Z,Over,-108,51.5,20260917193559929069
NCAAF,americanfootball_ncaaf,55699549855efd1bed7b9d6ae1c7aded,2026-09-19T23:15:00Z,Nebraska Cornhuskers,North Dakota Fighting Hawks,draftkings,DraftKings,2026-09-17T19:34:58Z,totals,2026-09-17T19:34:58Z,Under,-112,51.5,20260917193559929069
NCAAF,americanfootball_ncaaf,55699549855efd1bed7b9d6ae1c7aded,2026-09-19T23:15:00Z,Nebraska Cornhuskers,North Dakota Fighting Hawks,lowvig,LowVig.ag,2026-09-17T19:35:22Z,spreads,2026-09-17T19:35:22Z,Nebraska Cornhuskers,-105,-24.0,20260917193559929069
NCAAF,americanfootball_ncaaf,55699549855efd1bed7b9d6ae1c7aded,2026-09-19T23:15:00Z,Nebraska Cornhuskers,North Dakota Fighting Hawks,lowvig,LowVig.ag,2026-09-17T19:35:22Z,spreads,2026-09-17T19:35:22Z,North Dakota Fighting Hawks,-125,24.0,20260917193559929069
NCAAF,americanfootball_ncaaf,55699549855efd1bed7b9d6ae1c7aded,2026-09-19T23:15:00Z,Nebraska Cornhuskers,North Dakota Fighting Hawks,lowvig,LowVig.ag,2026-09-17T19:35:22Z,totals,2026-09-17T19:35:22Z,Over,-115,51.5,20260917193559929069
NCAAF,americanfootball_ncaaf,55699549855efd1bed7b9d6ae1c7aded,2026-09-19T23:15:00Z,Nebraska Cornhuskers,North Dakota Fighting Hawks,lowvig,LowVig.ag,2026-09-17T19:35:22Z,totals,2026-09-17T19:35:22Z,Under,-115,51.5,20260917193559929069
NCAAF,americanfootball_ncaaf,55699549855efd1bed7b9d6ae1c7aded,2026-09-19T23:15:00Z,Nebraska Cornhuskers,North Dakota Fighting Hawks,betonlineag,BetOnline.ag,2026-09-17T19:35:23Z,spreads,2026-09-17T19:35:23Z,Nebraska Cornhuskers,-105,-24.0,20260917193559929069
NCAAF,americanfootball_ncaaf,55699549855efd1bed7b9d6ae1c7aded,2026-09-19T23:15:00Z,Nebraska Cornhuskers,North Dakota Fighting Hawks,betonlineag,BetOnline.ag,2026-09-17T19:35:23Z,spreads,2026-09-17T19:35:23Z,North Dakota Fighting Hawks,-125,24.0,20260917193559929069
NCAAF,americanfootball_ncaaf,55699549855efd1bed7b9d6ae1c7aded,2026-09-19T23:15:00Z,Nebraska Cornhuskers,North Dakota Fighting Hawks,betonlineag,BetOnline.ag,2026-09-17T19:35:23Z,totals,2026-09-17T19:35:23Z,Over,-115,51.5,20260917193559929069
NCAAF,americanfootball_ncaaf,55699549855efd1bed7b9d6ae1c7aded,2026-09-19T23:15:00Z,Nebraska Cornhuskers,North Dakota Fighting Hawks,betonlineag,BetOnline.ag,2026-09-17T19:35:23Z,totals,2026-09-17T19:35:23Z,Under,-115,51.5,20260917193559929069
NCAAF,americanfootball_ncaaf,d3b7a8be0f6c9e50f7afd4005990228b,2026-09-19T23:30:00Z,Colorado State Rams,BYU Cougars,fanduel,FanDuel,2026-09-17T19:35:46Z,h2h,2026-09-17T19:35:46Z,BYU Cougars,-1250,,20260917193559929069
NCAAF,americanfootball_ncaaf,d3b7a8be0f6c9e50f7afd4005990228b,2026-09-19T23:30:00Z,Colorado State Rams,BYU Cougars,fanduel,FanDuel,2026-09-17T19:35:46Z,h2h,2026-09-17T19:35:46Z,Colorado State Rams,740,,20260917193559929069
NCAAF,americanfootball_ncaaf,d3b7a8be0f6c9e50f7afd4005990228b,2026-09-19T23:30:00Z,Colorado State Rams,BYU Cougars,fanduel,FanDuel,2026-09-17T19:35:46Z,spreads,2026-09-17T19:35:46Z,BYU Cougars,-114,-17.5,20260917193559929069
NCAAF,americanfootball_ncaaf,d3b7a8be0f6c9e50f7afd4005990228b,2026-09-19T23:30:00Z,Colorado State Rams,BYU Cougars,fanduel,FanDuel,2026-09-17T19:35:46Z,spreads,2026-09-17T19:35:46Z,Colorado State Rams,-106,17.5,20260917193559929069
NCAAF,americanfootball_ncaaf,d3b7a8be0f6c9e50f7afd4005990228b,2026-09-19T23:30:00Z,Colorado State Rams,BYU Cougars,fanduel,FanDuel,2026-09-17T19:35:46Z,totals,2026-09-17T19:35:46Z,Over,-112,52.5,20260917193559929069
NCAAF,americanfootball_ncaaf,d3b7a8be0f6c9e50f7afd4005990228b,2026-09-19T23:30:00Z,Colorado State Rams,BYU Cougars,fanduel,FanDuel,2026-09-17T19:35:46Z,totals,2026-09-17T19:35:46Z,Under,-108,52.5,20260917193559929069
NCAAF,americanfootball_ncaaf,d3b7a8be0f6c9e50f7afd4005990228b,2026-09-19T23:30:00Z,Colorado State Rams,BYU Cougars,draftkings,DraftKings,2026-09-17T19:34:58Z,h2h,2026-09-17T19:34:58Z,BYU Cougars,-1000,,20260917193559929069
NCAAF,americanfootball_ncaaf,d3b7a8be0f6c9e50f7afd4005990228b,2026-09-19T23:30:00Z,Colorado State Rams,BYU Cougars,draftkings,DraftKings,2026-09-17T19:34:58Z,h2h,2026-09-17T19:34:58Z,Colorado State Rams,650,,20260917193559929069
NCAAF,americanfootball_ncaaf,d3b7a8be0f6c9e50f7afd4005990228b,2026-09-19T23:30:00Z,Colorado State Rams,BYU Cougars,draftkings,DraftKings,2026-09-17T19:34:58Z,spreads,2026-09-17T19:34:58Z,BYU Cougars,-110,-17.5,20260917193559929069
NCAAF,americanfootball_ncaaf,d3b7a8be0f6c9e50f7afd4005990228b,2026-09-19T23:30:00Z,Colorado State Rams,BYU Cougars,draftkings,DraftKings,2026-09-17T19:34:58Z,spreads,2026-09-17T19:34:58Z,Colorado State Rams,-110,17.5,20260917193559929069
NCAAF,americanfootball_ncaaf,d3b7a8be0f6c9e50f7afd4005990228b,2026-09-19T23:30:00Z,Colorado State Rams,BYU Cougars,draftkings,DraftKings,2026-09-17T19:34:58Z,totals,2026-09-17T19:34:58Z,Over,-105,52.5,20260917193559929069
NCAAF,americanfootball_ncaaf,d3b7a8be0f6c9e50f7afd4005990228b,2026-09-19T23:30:00Z,Colorado State Rams,BYU Cougars,draftkings,DraftKings,2026-09-17T19:34:58Z,totals,2026-09-17T19:34:58Z,Under,-115,52.5,20260917193559929069
NCAAF,americanfootball_ncaaf,d3b7a8be0f6c9e50f7afd4005990228b,2026-09-19T23:30:00Z,Colorado State Rams,BYU Cougars,betonlineag,BetOnline.ag,2026-09-17T19:35:23Z,h2h,2026-09-17T19:35:23Z,BYU Cougars,-1100,,20260917193559929069
NCAAF,americanfootball_ncaaf,d3b7a8be0f6c9e50f7afd4005990228b,2026-09-19T23:30:00Z,Colorado State Rams,BYU Cougars,betonlineag,BetOnline.ag,2026-09-17T19:35:23Z,h2h,2026-09-17T19:35:23Z,Colorado State Rams,709,,20260917193559929069
NCAAF,americanfootball_ncaaf,d3b7a8be0f6c9e50f7afd4005990228b,2026-09-19T23:30:00Z,Colorado State Rams,BYU Cougars,betonlineag,BetOnline.ag,2026-09-17T19:35:23Z,spreads,2026-09-17T19:35:23Z,BYU Cougars,-115,-17.5,20260917193559929069
NCAAF,americanfootball_ncaaf,d3b7a8be0f6c9e50f7afd4005990228b,2026-09-19T23:30:00Z,Colorado State Rams,BYU Cougars,betonlineag,BetOnline.ag,2026-09-17T19:35:23Z,spreads,2026-09-17T19:35:23Z,Colorado State Rams,-105,17.5,20260917193559929069
NCAAF,americanfootball_ncaaf,d3b7a8be0f6c9e50f7afd4005990228b,2026-09-19T23:30:00Z,Colorado State Rams,BYU Cougars,betonlineag,BetOnline.ag,2026-09-17T19:35:23Z,totals,2026-09-17T19:35:23Z,Over,-105,52.5,20260917193559929069
NCAAF,americanfootball_ncaaf,d3b7a8be0f6c9e50f7afd4005990228b,2026-09-19T23:30:00Z,Colorado State Rams,BYU Cougars,betonlineag,BetOnline.ag,2026-09-17T19:35:23Z,totals,2026-09-17T19:35:23Z,Under,-115,52.5,20260917193559929069
NCAAF,americanfootball_ncaaf,d3b7a8be0f6c9e50f7afd4005990228b,2026-09-19T23:30:00Z,Colorado State Rams,BYU Cougars,lowvig,LowVig.ag,2026-09-17T19:35:22Z,h2h,2026-09-17T19:35:22Z,BYU Cougars,-1100,,20260917193559929069
NCAAF,americanfootball_ncaaf,d3b7a8be0f6c9e50f7afd4005990228b,2026-09-19T23:30:00Z,Colorado State Rams,BYU Cougars,lowvig,LowVig.ag,2026-09-17T19:35:22Z,h2h,2026-09-17T19:35:22Z,Colorado State Rams,709,,20260917193559929069
NCAAF,americanfootball_ncaaf,d3b7a8be0f6c9e50f7afd4005990228b,2026-09-19T23:30:00Z,Colorado State Rams,BYU Cougars,lowvig,LowVig.ag,2026-09-17T19:35:22Z,spreads,2026-09-17T19:35:22Z,BYU Cougars,-111,-17.5,20260917193559929069
NCAAF,americanfootball_ncaaf,d3b7a8be0f6c9e50f7afd4005990228b,2026-09-19T23:30:00Z,Colorado State Rams,BYU Cougars,lowvig,LowVig.ag,2026-09-17T19:35:22Z,spreads,2026-09-17T19:35:22Z,Colorado State Rams,-101,17.5,20260917193559929069
NCAAF,americanfootball_ncaaf,d3b7a8be0f6c9e50f7afd4005990228b,2026-09-19T23:30:00Z,Colorado State Rams,BYU Cougars,lowvig,LowVig.ag,2026-09-17T19:35:22Z,totals,2026-09-17T19:35:22Z,Over,-103,52.5,20260917193559929069
NCAAF,americanfootball_ncaaf,d3b7a8be0f6c9e50f7afd4005990228b,2026-09-19T23:30:00Z,Colorado State Rams,BYU Cougars,lowvig,LowVig.ag,2026-09-17T19:35:22Z,totals,2026-09-17T19:35:22Z,Under,-114,52.5,20260917193559929069
NCAAF,americanfootball_ncaaf,d3b7a8be0f6c9e50f7afd4005990228b,2026-09-19T23:30:00Z,Colorado State Rams,BYU Cougars,betmgm,BetMGM,2026-09-17T19:35:24Z,h2h,2026-09-17T19:35:24Z,BYU Cougars,-1000,,20260917193559929069
NCAAF,americanfootball_ncaaf,d3b7a8be0f6c9e50f7afd4005990228b,2026-09-19T23:30:00Z,Colorado State Rams,BYU Cougars,betmgm,BetMGM,2026-09-17T19:35:24Z,h2h,2026-09-17T19:35:24Z,Colorado State Rams,700,,20260917193559929069
NCAAF,americanfootball_ncaaf,d3b7a8be0f6c9e50f7afd4005990228b,2026-09-19T23:30:00Z,Colorado State Rams,BYU Cougars,betmgm,BetMGM,2026-09-17T19:35:24Z,spreads,2026-09-17T19:35:24Z,BYU Cougars,-110,-17.5,20260917193559929069
NCAAF,americanfootball_ncaaf,d3b7a8be0f6c9e50f7afd4005990228b,2026-09-19T23:30:00Z,Colorado State Rams,BYU Cougars,betmgm,BetMGM,2026-09-17T19:35:24Z,spreads,2026-09-17T19:35:24Z,Colorado State Rams,-108,17.5,20260917193559929069
NCAAF,americanfootball_ncaaf,d3b7a8be0f6c9e50f7afd4005990228b,2026-09-19T23:30:00Z,Colorado State Rams,BYU Cougars,betmgm,BetMGM,2026-09-17T19:35:24Z,totals,2026-09-17T19:35:24Z,Over,-105,52.5,20260917193559929069
NCAAF,americanfootball_ncaaf,d3b7a8be0f6c9e50f7afd4005990228b,2026-09-19T23:30:00Z,Colorado State Rams,BYU Cougars,betmgm,BetMGM,2026-09-17T19:35:24Z,totals,2026-09-17T19:35:24Z,Under,-112,52.5,20260917193559929069
NCAAF,americanfootball_ncaaf,d3b7a8be0f6c9e50f7afd4005990228b,2026-09-19T23:30:00Z,Colorado State Rams,BYU Cougars,betrivers,BetRivers,2026-09-17T19:34:38Z,h2h,2026-09-17T19:34:38Z,BYU Cougars,-1115,,20260917193559929069
NCAAF,americanfootball_ncaaf,d3b7a8be0f6c9e50f7afd4005990228b,2026-09-19T23:30:00Z,Colorado State Rams,BYU Cougars,betrivers,BetRivers,2026-09-17T19:34:38Z,h2h,2026-09-17T19:34:38Z,Colorado State Rams,600,,20260917193559929069
NCAAF,americanfootball_ncaaf,d3b7a8be0f6c9e50f7afd4005990228b,2026-09-19T23:30:00Z,Colorado State Rams,BYU Cougars,betrivers,BetRivers,2026-09-17T19:34:38Z,spreads,2026-09-17T19:34:38Z,BYU Cougars,-110,-18.0,20260917193559929069
NCAAF,americanfootball_ncaaf,d3b7a8be0f6c9e50f7afd4005990228b,2026-09-19T23:30:00Z,Colorado State Rams,BYU Cougars,betrivers,BetRivers,2026-09-17T19:34:38Z,spreads,2026-09-17T19:34:38Z,Colorado State Rams,-113,18.0,20260917193559929069
NCAAF,americanfootball_ncaaf,d3b7a8be0f6c9e50f7afd4005990228b,2026-09-19T23:30:00Z,Colorado State Rams,BYU Cougars,betrivers,BetRivers,2026-09-17T19:34:38Z,totals,2026-09-17T19:34:38Z,Over,-110,52.5,20260917193559929069
NCAAF,americanfootball_ncaaf,d3b7a8be0f6c9e50f7afd4005990228b,2026-09-19T23:30:00Z,Colorado State Rams,BYU Cougars,betrivers,BetRivers,2026-09-17T19:34:38Z,totals,2026-09-17T19:34:38Z,Under,-113,52.5,20260917193559929069
NCAAF,americanfootball_ncaaf,d3b7a8be0f6c9e50f7afd4005990228b,2026-09-19T23:30:00Z,Colorado State Rams,BYU Cougars,betus,BetUS,2026-09-17T19:35:44Z,h2h,2026-09-17T19:35:44Z,BYU Cougars,-1100,,20260917193559929069
NCAAF,americanfootball_ncaaf,d3b7a8be0f6c9e50f7afd4005990228b,2026-09-19T23:30:00Z,Colorado State Rams,BYU Cougars,betus,BetUS,2026-09-17T19:35:44Z,h2h,2026-09-17T19:35:44Z,Colorado State Rams,700,,20260917193559929069
NCAAF,americanfootball_ncaaf,d3b7a8be0f6c9e50f7afd4005990228b,2026-09-19T23:30:00Z,Colorado State Rams,BYU Cougars,betus,BetUS,2026-09-17T19:35:44Z,spreads,2026-09-17T19:35:44Z,BYU Cougars,-115,-17.5,20260917193559929069
NCAAF,americanfootball_ncaaf,d3b7a8be0f6c9e50f7afd4005990228b,2026-09-19T23:30:00Z,Colorado State Rams,BYU Cougars,betus,BetUS,2026-09-17T19:35:44Z,spreads,2026-09-17T19:35:44Z,Colorado State Rams,-105,17.5,20260917193559929069
NCAAF,americanfootball_ncaaf,d3b7a8be0f6c9e50f7afd4005990228b,2026-09-19T23:30:00Z,Colorado State Rams,BYU Cougars,betus,BetUS,2026-09-17T19:35:44Z,totals,2026-09-17T19:35:44Z,Over,-105,52.5,20260917193559929069
NCAAF,americanfootball_ncaaf,d3b7a8be0f6c9e50f7afd4005990228b,2026-09-19T23:30:00Z,Colorado State Rams,BYU Cougars,betus,BetUS,2026-09-17T19:35:44Z,totals,2026-09-17T19:35:44Z,Under,-115,52.5,20260917193559929069
NCAAF,americanfootball_ncaaf,d3b7a8be0f6c9e50f7afd4005990228b,2026-09-19T23:30:00Z,Colorado State Rams,BYU Cougars,bovada,Bovada,2026-09-17T19:35:03Z,h2h,2026-09-17T19:35:03Z,BYU Cougars,-1100,,20260917193559929069
NCAAF,americanfootball_ncaaf,d3b7a8be0f6c9e50f7afd4005990228b,2026-09-19T23:30:00Z,Colorado State Rams,BYU Cougars,bovada,Bovada,2026-09-17T19:35:03Z,h2h,2026-09-17T19:35:03Z,Colorado State Rams,650,,20260917193559929069
NCAAF,americanfootball_ncaaf,d3b7a8be0f6c9e50f7afd4005990228b,2026-09-19T23:30:00Z,Colorado State Rams,BYU Cougars,bovada,Bovada,2026-09-17T19:35:03Z,spreads,2026-09-17T19:35:03Z,BYU Cougars,-110,-17.5,20260917193559929069
NCAAF,americanfootball_ncaaf,d3b7a8be0f6c9e50f7afd4005990228b,2026-09-19T23:30:00Z,Colorado State Rams,BYU Cougars,bovada,Bovada,2026-09-17T19:35:03Z,spreads,2026-09-17T19:35:03Z,Colorado State Rams,-110,17.5,20260917193559929069
NCAAF,americanfootball_ncaaf,d3b7a8be0f6c9e50f7afd4005990228b,2026-09-19T23:30:00Z,Colorado State Rams,BYU Cougars,bovada,Bovada,2026-09-17T19:35:03Z,totals,2026-09-17T19:35:03Z,Over,-105,52.5,20260917193559929069
NCAAF,americanfootball_ncaaf,d3b7a8be0f6c9e50f7afd4005990228b,2026-09-19T23:30:00Z,Colorado State Rams,BYU Cougars,bovada,Bovada,2026-09-17T19:35:03Z,totals,2026-09-17T19:35:03Z,Under,-115,52.5,20260917193559929069
NCAAF,americanfootball_ncaaf,03297aa8a399c223aa1cc6aa923d9bc6,2026-09-19T23:30:00Z,Northwestern Wildcats,Colorado Buffaloes,fanduel,FanDuel,2026-09-17T19:35:46Z,h2h,2026-09-17T19:35:46Z,Colorado Buffaloes,146,,20260917193559929069
NCAAF,americanfootball_ncaaf,03297aa8a399c223aa1cc6aa923d9bc6,2026-09-19T23:30:00Z,Northwestern Wildcats,Colorado Buffaloes,fanduel,FanDuel,2026-09-17T19:35:46Z,h2h,2026-09-17T19:35:46Z,Northwestern Wildcats,-176,,20260917193559929069
NCAAF,americanfootball_ncaaf,03297aa8a399c223aa1cc6aa923d9bc6,2026-09-19T23:30:00Z,Northwestern Wildcats,Colorado Buffaloes,fanduel,FanDuel,2026-09-17T19:35:46Z,spreads,2026-09-17T19:35:46Z,Colorado Buffaloes,-110,3.5,20260917193559929069
NCAAF,americanfootball_ncaaf,03297aa8a399c223aa1cc6aa923d9bc6,2026-09-19T23:30:00Z,Northwestern Wildcats,Colorado Buffaloes,fanduel,FanDuel,2026-09-17T19:35:46Z,spreads,2026-09-17T19:35:46Z,Northwestern Wildcats,-110,-3.5,20260917193559929069
NCAAF,americanfootball_ncaaf,03297aa8a399c223aa1cc6aa923d9bc6,2026-09-19T23:30:00Z,Northwestern Wildcats,Colorado Buffaloes,fanduel,FanDuel,2026-09-17T19:35:46Z,totals,2026-09-17T19:35:46Z,Over,-105,48.5,20260917193559929069
NCAAF,americanfootball_ncaaf,03297aa8a399c223aa1cc6aa923d9bc6,2026-09-19T23:30:00Z,Northwestern Wildcats,Colorado Buffaloes,fanduel,FanDuel,2026-09-17T19:35:46Z,totals,2026-09-17T19:35:46Z,Under,-115,48.5,20260917193559929069
NCAAF,americanfootball_ncaaf,03297aa8a399c223aa1cc6aa923d9bc6,2026-09-19T23:30:00Z,Northwestern Wildcats,Colorado Buffaloes,draftkings,DraftKings,2026-09-17T19:34:58Z,h2h,2026-09-17T19:34:58Z,Colorado Buffaloes,145,,20260917193559929069
NCAAF,americanfootball_ncaaf,03297aa8a399c223aa1cc6aa923d9bc6,2026-09-19T23:30:00Z,Northwestern Wildcats,Colorado Buffaloes,draftkings,DraftKings,2026-09-17T19:34:58Z,h2h,2026-09-17T19:34:58Z,Northwestern Wildcats,-175,,20260917193559929069
NCAAF,americanfootball_ncaaf,03297aa8a399c223aa1cc6aa923d9bc6,2026-09-19T23:30:00Z,Northwestern Wildcats,Colorado Buffaloes,draftkings,DraftKings,2026-09-17T19:34:58Z,spreads,2026-09-17T19:34:58Z,Colorado Buffaloes,-115,3.5,20260917193559929069
NCAAF,americanfootball_ncaaf,03297aa8a399c223aa1cc6aa923d9bc6,2026-09-19T23:30:00Z,Northwestern Wildcats,Colorado Buffaloes,draftkings,DraftKings,2026-09-17T19:34:58Z,spreads,2026-09-17T19:34:58Z,Northwestern Wildcats,-105,-3.5,20260917193559929069
NCAAF,americanfootball_ncaaf,03297aa8a399c223aa1cc6aa923d9bc6,2026-09-19T23:30:00Z,Northwestern Wildcats,Colorado Buffaloes,draftkings,DraftKings,2026-09-17T19:34:58Z,totals,2026-09-17T19:34:58Z,Over,-115,47.5,20260917193559929069
NCAAF,americanfootball_ncaaf,03297aa8a399c223aa1cc6aa923d9bc6,2026-09-19T23:30:00Z,Northwestern Wildcats,Colorado Buffaloes,draftkings,DraftKings,2026-09-17T19:34:58Z,totals,2026-09-17T19:34:58Z,Under,-105,47.5,20260917193559929069
NCAAF,americanfootball_ncaaf,03297aa8a399c223aa1cc6aa923d9bc6,2026-09-19T23:30:00Z,Northwestern Wildcats,Colorado Buffaloes,lowvig,LowVig.ag,2026-09-17T19:35:22Z,h2h,2026-09-17T19:35:22Z,Colorado Buffaloes,149,,20260917193559929069
NCAAF,americanfootball_ncaaf,03297aa8a399c223aa1cc6aa923d9bc6,2026-09-19T23:30:00Z,Northwestern Wildcats,Colorado Buffaloes,lowvig,LowVig.ag,2026-09-17T19:35:22Z,h2h,2026-09-17T19:35:22Z,Northwestern Wildcats,-170,,20260917193559929069
NCAAF,americanfootball_ncaaf,03297aa8a399c223aa1cc6aa923d9bc6,2026-09-19T23:30:00Z,Northwestern Wildcats,Colorado Buffaloes,lowvig,LowVig.ag,2026-09-17T19:35:22Z,spreads,2026-09-17T19:35:22Z,Colorado Buffaloes,-114,3.5,20260917193559929069
NCAAF,americanfootball_ncaaf,03297aa8a399c223aa1cc6aa923d9bc6,2026-09-19T23:30:00Z,Northwestern Wildcats,Colorado Buffaloes,lowvig,LowVig.ag,2026-09-17T19:35:22Z,spreads,2026-09-17T19:35:22Z,Northwestern Wildcats,102,-3.5,20260917193559929069
NCAAF,americanfootball_ncaaf,03297aa8a399c223aa1cc6aa923d9bc6,2026-09-19T23:30:00Z,Northwestern Wildcats,Colorado Buffaloes,lowvig,LowVig.ag,2026-09-17T19:35:22Z,totals,2026-09-17T19:35:22Z,Over,-108,48.0,20260917193559929069
NCAAF,americanfootball_ncaaf,03297aa8a399c223aa1cc6aa923d9bc6,2026-09-19T23:30:00Z,Northwestern Wildcats,Colorado Buffaloes,lowvig,LowVig.ag,2026-09-17T19:35:22Z,totals,2026-09-17T19:35:22Z,Under,-108,48.0,20260917193559929069
NCAAF,americanfootball_ncaaf,03297aa8a399c223aa1cc6aa923d9bc6,2026-09-19T23:30:00Z,Northwestern Wildcats,Colorado Buffaloes,betonlineag,BetOnline.ag,2026-09-17T19:35:23Z,h2h,2026-09-17T19:35:23Z,Colorado Buffaloes,149,,20260917193559929069
NCAAF,americanfootball_ncaaf,03297aa8a399c223aa1cc6aa923d9bc6,2026-09-19T23:30:00Z,Northwestern Wildcats,Colorado Buffaloes,betonlineag,BetOnline.ag,2026-09-17T19:35:23Z,h2h,2026-09-17T19:35:23Z,Northwestern Wildcats,-170,,20260917193559929069
NCAAF,americanfootball_ncaaf,03297aa8a399c223aa1cc6aa923d9bc6,2026-09-19T23:30:00Z,Northwestern Wildcats,Colorado Buffaloes,betonlineag,BetOnline.ag,2026-09-17T19:35:23Z,spreads,2026-09-17T19:35:23Z,Colorado Buffaloes,-118,3.5,20260917193559929069
NCAAF,americanfootball_ncaaf,03297aa8a399c223aa1cc6aa923d9bc6,2026-09-19T23:30:00Z,Northwestern Wildcats,Colorado Buffaloes,betonlineag,BetOnline.ag,2026-09-17T19:35:23Z,spreads,2026-09-17T19:35:23Z,Northwestern Wildcats,-102,-3.5,20260917193559929069
NCAAF,americanfootball_ncaaf,03297aa8a399c223aa1cc6aa923d9bc6,2026-09-19T23:30:00Z,Northwestern Wildcats,Colorado Buffaloes,betonlineag,BetOnline.ag,2026-09-17T19:35:23Z,totals,2026-09-17T19:35:23Z,Over,-110,48.0,20260917193559929069
NCAAF,americanfootball_ncaaf,03297aa8a399c223aa1cc6aa923d9bc6,2026-09-19T23:30:00Z,Northwestern Wildcats,Colorado Buffaloes,betonlineag,BetOnline.ag,2026-09-17T19:35:23Z,totals,2026-09-17T19:35:23Z,Under,-110,48.0,20260917193559929069
NCAAF,americanfootball_ncaaf,03297aa8a399c223aa1cc6aa923d9bc6,2026-09-19T23:30:00Z,Northwestern Wildcats,Colorado Buffaloes,betmgm,BetMGM,2026-09-17T19:35:24Z,h2h,2026-09-17T19:35:24Z,Colorado Buffaloes,145,,20260917193559929069
NCAAF,americanfootball_ncaaf,03297aa8a399c223aa1cc6aa923d9bc6,2026-09-19T23:30:00Z,Northwestern Wildcats,Colorado Buffaloes,betmgm,BetMGM,2026-09-17T19:35:24Z,h2h,2026-09-17T19:35:24Z,Northwestern Wildcats,-175,,20260917193559929069
NCAAF,americanfootball_ncaaf,03297aa8a399c223aa1cc6aa923d9bc6,2026-09-19T23:30:00Z,Northwestern Wildcats,Colorado Buffaloes,betmgm,BetMGM,2026-09-17T19:35:24Z,spreads,2026-09-17T19:35:24Z,Colorado Buffaloes,-112,3.5,20260917193559929069
NCAAF,americanfootball_ncaaf,03297aa8a399c223aa1cc6aa923d9bc6,2026-09-19T23:30:00Z,Northwestern Wildcats,Colorado Buffaloes,betmgm,BetMGM,2026-09-17T19:35:24Z,spreads,2026-09-17T19:35:24Z,Northwestern Wildcats,-105,-3.5,20260917193559929069
NCAAF,americanfootball_ncaaf,03297aa8a399c223aa1cc6aa923d9bc6,2026-09-19T23:30:00Z,Northwestern Wildcats,Colorado Buffaloes,betmgm,BetMGM,2026-09-17T19:35:24Z,totals,2026-09-17T19:35:24Z,Over,-125,47.5,20260917193559929069
NCAAF,americanfootball_ncaaf,03297aa8a399c223aa1cc6aa923d9bc6,2026-09-19T23:30:00Z,Northwestern Wildcats,Colorado Buffaloes,betmgm,BetMGM,2026-09-17T19:35:24Z,totals,2026-09-17T19:35:24Z,Under,-108,47.5,20260917193559929069
NCAAF,americanfootball_ncaaf,03297aa8a399c223aa1cc6aa923d9bc6,2026-09-19T23:30:00Z,Northwestern Wildcats,Colorado Buffaloes,betrivers,BetRivers,2026-09-17T19:34:38Z,h2h,2026-09-17T19:34:38Z,Colorado Buffaloes,150,,20260917193559929069
NCAAF,americanfootball_ncaaf,03297aa8a399c223aa1cc6aa923d9bc6,2026-09-19T23:30:00Z,Northwestern Wildcats,Colorado Buffaloes,betrivers,BetRivers,2026-09-17T19:34:38Z,h2h,2026-09-17T19:34:38Z,Northwestern Wildcats,-190,,20260917193559929069
NCAAF,americanfootball_ncaaf,03297aa8a399c223aa1cc6aa923d9bc6,2026-09-19T23:30:00Z,Northwestern Wildcats,Colorado Buffaloes,betrivers,BetRivers,2026-09-17T19:34:38Z,spreads,2026-09-17T19:34:38Z,Colorado Buffaloes,-108,3.5,20260917193559929069
NCAAF,americanfootball_ncaaf,03297aa8a399c223aa1cc6aa923d9bc6,2026-09-19T23:30:00Z,Northwestern Wildcats,Colorado Buffaloes,betrivers,BetRivers,2026-09-17T19:34:38Z,spreads,2026-09-17T19:34:38Z,Northwestern Wildcats,-114,-3.5,20260917193559929069
NCAAF,americanfootball_ncaaf,03297aa8a399c223aa1cc6aa923d9bc6,2026-09-19T23:30:00Z,Northwestern Wildcats,Colorado Buffaloes,betrivers,BetRivers,2026-09-17T19:34:38Z,totals,2026-09-17T19:34:38Z,Over,-110,48.0,20260917193559929069
NCAAF,americanfootball_ncaaf,03297aa8a399c223aa1cc6aa923d9bc6,2026-09-19T23:30:00Z,Northwestern Wildcats,Colorado Buffaloes,betrivers,BetRivers,2026-09-17T19:34:38Z,totals,2026-09-17T19:34:38Z,Under,-113,48.0,20260917193559929069
NCAAF,americanfootball_ncaaf,03297aa8a399c223aa1cc6aa923d9bc6,2026-09-19T23:30:00Z,Northwestern Wildcats,Colorado Buffaloes,betus,BetUS,2026-09-17T19:35:44Z,h2h,2026-09-17T19:35:44Z,Colorado Buffaloes,146,,20260917193559929069
NCAAF,americanfootball_ncaaf,03297aa8a399c223aa1cc6aa923d9bc6,2026-09-19T23:30:00Z,Northwestern Wildcats,Colorado Buffaloes,betus,BetUS,2026-09-17T19:35:44Z,h2h,2026-09-17T19:35:44Z,Northwestern Wildcats,-170,,20260917193559929069
NCAAF,americanfootball_ncaaf,03297aa8a399c223aa1cc6aa923d9bc6,2026-09-19T23:30:00Z,Northwestern Wildcats,Colorado Buffaloes,betus,BetUS,2026-09-17T19:35:44Z,spreads,2026-09-17T19:35:44Z,Colorado Buffaloes,-110,3.5,20260917193559929069
NCAAF,americanfootball_ncaaf,03297aa8a399c223aa1cc6aa923d9bc6,2026-09-19T23:30:00Z,Northwestern Wildcats,Colorado Buffaloes,betus,BetUS,2026-09-17T19:35:44Z,spreads,2026-09-17T19:35:44Z,Northwestern Wildcats,-110,-3.5,20260917193559929069
NCAAF,americanfootball_ncaaf,03297aa8a399c223aa1cc6aa923d9bc6,2026-09-19T23:30:00Z,Northwestern Wildcats,Colorado Buffaloes,betus,BetUS,2026-09-17T19:35:44Z,totals,2026-09-17T19:35:44Z,Over,-110,48.0,20260917193559929069
NCAAF,americanfootball_ncaaf,03297aa8a399c223aa1cc6aa923d9bc6,2026-09-19T23:30:00Z,Northwestern Wildcats,Colorado Buffaloes,betus,BetUS,2026-09-17T19:35:44Z,totals,2026-09-17T19:35:44Z,Under,-110,48.0,20260917193559929069
NCAAF,americanfootball_ncaaf,03297aa8a399c223aa1cc6aa923d9bc6,2026-09-19T23:30:00Z,Northwestern Wildcats,Colorado Buffaloes,bovada,Bovada,2026-09-17T19:35:03Z,h2h,2026-09-17T19:35:03Z,Colorado Buffaloes,145,,20260917193559929069
NCAAF,americanfootball_ncaaf,03297aa8a399c223aa1cc6aa923d9bc6,2026-09-19T23:30:00Z,Northwestern Wildcats,Colorado Buffaloes,bovada,Bovada,2026-09-17T19:35:03Z,h2h,2026-09-17T19:35:03Z,Northwestern Wildcats,-170,,20260917193559929069
NCAAF,americanfootball_ncaaf,03297aa8a399c223aa1cc6aa923d9bc6,2026-09-19T23:30:00Z,Northwestern Wildcats,Colorado Buffaloes,bovada,Bovada,2026-09-17T19:35:03Z,spreads,2026-09-17T19:35:03Z,Colorado Buffaloes,-115,3.5,20260917193559929069
NCAAF,americanfootball_ncaaf,03297aa8a399c223aa1cc6aa923d9bc6,2026-09-19T23:30:00Z,Northwestern Wildcats,Colorado Buffaloes,bovada,Bovada,2026-09-17T19:35:03Z,spreads,2026-09-17T19:35:03Z,Northwestern Wildcats,-105,-3.5,20260917193559929069
NCAAF,americanfootball_ncaaf,03297aa8a399c223aa1cc6aa923d9bc6,2026-09-19T23:30:00Z,Northwestern Wildcats,Colorado Buffaloes,bovada,Bovada,2026-09-17T19:35:03Z,totals,2026-09-17T19:35:03Z,Over,-105,48.0,20260917193559929069
NCAAF,americanfootball_ncaaf,03297aa8a399c223aa1cc6aa923d9bc6,2026-09-19T23:30:00Z,Northwestern Wildcats,Colorado Buffaloes,bovada,Bovada,2026-09-17T19:35:03Z,totals,2026-09-17T19:35:03Z,Under,-115,48.0,20260917193559929069
NCAAF,americanfootball_ncaaf,65571f1cab1a260aae4a220e38dbbc1d,2026-09-19T23:30:00Z,Ole Miss Rebels,LSU Tigers,fanduel,FanDuel,2026-09-17T19:35:46Z,h2h,2026-09-17T19:35:46Z,LSU Tigers,-130,,20260917193559929069
NCAAF,americanfootball_ncaaf,65571f1cab1a260aae4a220e38dbbc1d,2026-09-19T23:30:00Z,Ole Miss Rebels,LSU Tigers,fanduel,FanDuel,2026-09-17T19:35:46Z,h2h,2026-09-17T19:35:46Z,Ole Miss Rebels,110,,20260917193559929069
NCAAF,americanfootball_ncaaf,65571f1cab1a260aae4a220e38dbbc1d,2026-09-19T23:30:00Z,Ole Miss Rebels,LSU Tigers,fanduel,FanDuel,2026-09-17T19:35:46Z,spreads,2026-09-17T19:35:46Z,LSU Tigers,-110,-2.5,20260917193559929069
NCAAF,americanfootball_ncaaf,65571f1cab1a260aae4a220e38dbbc1d,2026-09-19T23:30:00Z,Ole Miss Rebels,LSU Tigers,fanduel,FanDuel,2026-09-17T19:35:46Z,spreads,2026-09-17T19:35:46Z,Ole Miss Rebels,-110,2.5,20260917193559929069
NCAAF,americanfootball_ncaaf,65571f1cab1a260aae4a220e38dbbc1d,2026-09-19T23:30:00Z,Ole Miss Rebels,LSU Tigers,fanduel,FanDuel,2026-09-17T19:35:46Z,totals,2026-09-17T19:35:46Z,Over,-110,57.5,20260917193559929069
NCAAF,americanfootball_ncaaf,65571f1cab1a260aae4a220e38dbbc1d,2026-09-19T23:30:00Z,Ole Miss Rebels,LSU Tigers,fanduel,FanDuel,2026-09-17T19:35:46Z,totals,2026-09-17T19:35:46Z,Under,-110,57.5,20260917193559929069
NCAAF,americanfootball_ncaaf,65571f1cab1a260aae4a220e38dbbc1d,2026-09-19T23:30:00Z,Ole Miss Rebels,LSU Tigers,betmgm,BetMGM,2026-09-17T19:35:24Z,h2h,2026-09-17T19:35:24Z,LSU Tigers,-135,,20260917193559929069
NCAAF,americanfootball_ncaaf,65571f1cab1a260aae4a220e38dbbc1d,2026-09-19T23:30:00Z,Ole Miss Rebels,LSU Tigers,betmgm,BetMGM,2026-09-17T19:35:24Z,h2h,2026-09-17T19:35:24Z,Ole Miss Rebels,115,,20260917193559929069
NCAAF,americanfootball_ncaaf,65571f1cab1a260aae4a220e38dbbc1d,2026-09-19T23:30:00Z,Ole Miss Rebels,LSU Tigers,betmgm,BetMGM,2026-09-17T19:35:24Z,spreads,2026-09-17T19:35:24Z,LSU Tigers,-112,-2.5,20260917193559929069
NCAAF,americanfootball_ncaaf,65571f1cab1a260aae4a220e38dbbc1d,2026-09-19T23:30:00Z,Ole Miss Rebels,LSU Tigers,betmgm,BetMGM,2026-09-17T19:35:24Z,spreads,2026-09-17T19:35:24Z,Ole Miss Rebels,-105,2.5,20260917193559929069
NCAAF,americanfootball_ncaaf,65571f1cab1a260aae4a220e38dbbc1d,2026-09-19T23:30:00Z,Ole Miss Rebels,LSU Tigers,betmgm,BetMGM,2026-09-17T19:35:24Z,totals,2026-09-17T19:35:24Z,Over,-108,57.5,20260917193559929069
NCAAF,americanfootball_ncaaf,65571f1cab1a260aae4a220e38dbbc1d,2026-09-19T23:30:00Z,Ole Miss Rebels,LSU Tigers,betmgm,BetMGM,2026-09-17T19:35:24Z,totals,2026-09-17T19:35:24Z,Under,-110,57.5,20260917193559929069
NCAAF,americanfootball_ncaaf,65571f1cab1a260aae4a220e38dbbc1d,2026-09-19T23:30:00Z,Ole Miss Rebels,LSU Tigers,draftkings,DraftKings,2026-09-17T19:34:58Z,h2h,2026-09-17T19:34:58Z,LSU Tigers,-142,,20260917193559929069
NCAAF,americanfootball_ncaaf,65571f1cab1a260aae4a220e38dbbc1d,2026-09-19T23:30:00Z,Ole Miss Rebels,LSU Tigers,draftkings,DraftKings,2026-09-17T19:34:58Z,h2h,2026-09-17T19:34:58Z,Ole Miss Rebels,120,,20260917193559929069
NCAAF,americanfootball_ncaaf,65571f1cab1a260aae4a220e38dbbc1d,2026-09-19T23:30:00Z,Ole Miss Rebels,LSU Tigers,draftkings,DraftKings,2026-09-17T19:34:58Z,spreads,2026-09-17T19:34:58Z,LSU Tigers,-118,-2.5,20260917193559929069
NCAAF,americanfootball_ncaaf,65571f1cab1a260aae4a220e38dbbc1d,2026-09-19T23:30:00Z,Ole Miss Rebels,LSU Tigers,draftkings,DraftKings,2026-09-17T19:34:58Z,spreads,2026-09-17T19:34:58Z,Ole Miss Rebels,-102,2.5,20260917193559929069
NCAAF,americanfootball_ncaaf,65571f1cab1a260aae4a220e38dbbc1d,2026-09-19T23:30:00Z,Ole Miss Rebels,LSU Tigers,draftkings,DraftKings,2026-09-17T19:34:58Z,totals,2026-09-17T19:34:58Z,Over,-105,57.5,20260917193559929069
NCAAF,americanfootball_ncaaf,65571f1cab1a260aae4a220e38dbbc1d,2026-09-19T23:30:00Z,Ole Miss Rebels,LSU Tigers,draftkings,DraftKings,2026-09-17T19:34:58Z,totals,2026-09-17T19:34:58Z,Under,-115,57.5,20260917193559929069
NCAAF,americanfootball_ncaaf,65571f1cab1a260aae4a220e38dbbc1d,2026-09-19T23:30:00Z,Ole Miss Rebels,LSU Tigers,betrivers,BetRivers,2026-09-17T19:34:38Z,h2h,2026-09-17T19:34:38Z,LSU Tigers,-143,,20260917193559929069
NCAAF,americanfootball_ncaaf,65571f1cab1a260aae4a220e38dbbc1d,2026-09-19T23:30:00Z,Ole Miss Rebels,LSU Tigers,betrivers,BetRivers,2026-09-17T19:34:38Z,h2h,2026-09-17T19:34:38Z,Ole Miss Rebels,114,,20260917193559929069
NCAAF,americanfootball_ncaaf,65571f1cab1a260aae4a220e38dbbc1d,2026-09-19T23:30:00Z,Ole Miss Rebels,LSU Tigers,betrivers,BetRivers,2026-09-17T19:34:38Z,spreads,2026-09-17T19:34:38Z,LSU Tigers,-109,-2.5,20260917193559929069
NCAAF,americanfootball_ncaaf,65571f1cab1a260aae4a220e38dbbc1d,2026-09-19T23:30:00Z,Ole Miss Rebels,LSU Tigers,betrivers,BetRivers,2026-09-17T19:34:38Z,spreads,2026-09-17T19:34:38Z,Ole Miss Rebels,-114,2.5,20260917193559929069
NCAAF,americanfootball_ncaaf,65571f1cab1a260aae4a220e38dbbc1d,2026-09-19T23:30:00Z,Ole Miss Rebels,LSU Tigers,betrivers,BetRivers,2026-09-17T19:34:38Z,totals,2026-09-17T19:34:38Z,Over,-114,57.0,20260917193559929069
NCAAF,americanfootball_ncaaf,65571f1cab1a260aae4a220e38dbbc1d,2026-09-19T23:30:00Z,Ole Miss Rebels,LSU Tigers,betrivers,BetRivers,2026-09-17T19:34:38Z,totals,2026-09-17T19:34:38Z,Under,-109,57.0,20260917193559929069
NCAAF,americanfootball_ncaaf,65571f1cab1a260aae4a220e38dbbc1d,2026-09-19T23:30:00Z,Ole Miss Rebels,LSU Tigers,betonlineag,BetOnline.ag,2026-09-17T19:35:23Z,h2h,2026-09-17T19:35:23Z,LSU Tigers,-138,,20260917193559929069
NCAAF,americanfootball_ncaaf,65571f1cab1a260aae4a220e38dbbc1d,2026-09-19T23:30:00Z,Ole Miss Rebels,LSU Tigers,betonlineag,BetOnline.ag,2026-09-17T19:35:23Z,h2h,2026-09-17T19:35:23Z,Ole Miss Rebels,118,,20260917193559929069
NCAAF,americanfootball_ncaaf,65571f1cab1a260aae4a220e38dbbc1d,2026-09-19T23:30:00Z,Ole Miss Rebels,LSU Tigers,betonlineag,BetOnline.ag,2026-09-17T19:35:23Z,spreads,2026-09-17T19:35:23Z,LSU Tigers,-115,-2.5,20260917193559929069
NCAAF,americanfootball_ncaaf,65571f1cab1a260aae4a220e38dbbc1d,2026-09-19T23:30:00Z,Ole Miss Rebels,LSU Tigers,betonlineag,BetOnline.ag,2026-09-17T19:35:23Z,spreads,2026-09-17T19:35:23Z,Ole Miss Rebels,-105,2.5,20260917193559929069
NCAAF,americanfootball_ncaaf,65571f1cab1a260aae4a220e38dbbc1d,2026-09-19T23:30:00Z,Ole Miss Rebels,LSU Tigers,betonlineag,BetOnline.ag,2026-09-17T19:35:23Z,totals,2026-09-17T19:35:23Z,Over,-108,57.5,20260917193559929069
NCAAF,americanfootball_ncaaf,65571f1cab1a260aae4a220e38dbbc1d,2026-09-19T23:30:00Z,Ole Miss Rebels,LSU Tigers,betonlineag,BetOnline.ag,2026-09-17T19:35:23Z,totals,2026-09-17T19:35:23Z,Under,-112,57.5,20260917193559929069
NCAAF,americanfootball_ncaaf,65571f1cab1a260aae4a220e38dbbc1d,2026-09-19T23:30:00Z,Ole Miss Rebels,LSU Tigers,bovada,Bovada,2026-09-17T19:35:03Z,h2h,2026-09-17T19:35:03Z,LSU Tigers,-140,,20260917193559929069
NCAAF,americanfootball_ncaaf,65571f1cab1a260aae4a220e38dbbc1d,2026-09-19T23:30:00Z,Ole Miss Rebels,LSU Tigers,bovada,Bovada,2026-09-17T19:35:03Z,h2h,2026-09-17T19:35:03Z,Ole Miss Rebels,120,,20260917193559929069
NCAAF,americanfootball_ncaaf,65571f1cab1a260aae4a220e38dbbc1d,2026-09-19T23:30:00Z,Ole Miss Rebels,LSU Tigers,bovada,Bovada,2026-09-17T19:35:03Z,spreads,2026-09-17T19:35:03Z,LSU Tigers,-120,-2.5,20260917193559929069
NCAAF,americanfootball_ncaaf,65571f1cab1a260aae4a220e38dbbc1d,2026-09-19T23:30:00Z,Ole Miss Rebels,LSU Tigers,bovada,Bovada,2026-09-17T19:35:03Z,spreads,2026-09-17T19:35:03Z,Ole Miss Rebels,100,2.5,20260917193559929069
NCAAF,americanfootball_ncaaf,65571f1cab1a260aae4a220e38dbbc1d,2026-09-19T23:30:00Z,Ole Miss Rebels,LSU Tigers,bovada,Bovada,2026-09-17T19:35:03Z,totals,2026-09-17T19:35:03Z,Over,-110,57.5,20260917193559929069
NCAAF,americanfootball_ncaaf,65571f1cab1a260aae4a220e38dbbc1d,2026-09-19T23:30:00Z,Ole Miss Rebels,LSU Tigers,bovada,Bovada,2026-09-17T19:35:03Z,totals,2026-09-17T19:35:03Z,Under,-110,57.5,20260917193559929069
NCAAF,americanfootball_ncaaf,b7cdc05f280bede1f19b996cc9b95753,2026-09-19T23:30:00Z,Maryland Terrapins,Virginia Tech Hokies,draftkings,DraftKings,2026-09-17T19:34:58Z,h2h,2026-09-17T19:34:58Z,Maryland Terrapins,120,,20260917193559929069
NCAAF,americanfootball_ncaaf,b7cdc05f280bede1f19b996cc9b95753,2026-09-19T23:30:00Z,Maryland Terrapins,Virginia Tech Hokies,draftkings,DraftKings,2026-09-17T19:34:58Z,h2h,2026-09-17T19:34:58Z,Virginia Tech Hokies,-142,,20260917193559929069
NCAAF,americanfootball_ncaaf,b7cdc05f280bede1f19b996cc9b95753,2026-09-19T23:30:00Z,Maryland Terrapins,Virginia Tech Hokies,draftkings,DraftKings,2026-09-17T19:34:58Z,spreads,2026-09-17T19:34:58Z,Maryland Terrapins,-115,3.0,20260917193559929069
NCAAF,americanfootball_ncaaf,b7cdc05f280bede1f19b996cc9b95753,2026-09-19T23:30:00Z,Maryland Terrapins,Virginia Tech Hokies,draftkings,DraftKings,2026-09-17T19:34:58Z,spreads,2026-09-17T19:34:58Z,Virginia Tech Hokies,-105,-3.0,20260917193559929069
NCAAF,americanfootball_ncaaf,b7cdc05f280bede1f19b996cc9b95753,2026-09-19T23:30:00Z,Maryland Terrapins,Virginia Tech Hokies,draftkings,DraftKings,2026-09-17T19:34:58Z,totals,2026-09-17T19:34:58Z,Over,-112,53.5,20260917193559929069
NCAAF,americanfootball_ncaaf,b7cdc05f280bede1f19b996cc9b95753,2026-09-19T23:30:00Z,Maryland Terrapins,Virginia Tech Hokies,draftkings,DraftKings,2026-09-17T19:34:58Z,totals,2026-09-17T19:34:58Z,Under,-108,53.5,20260917193559929069
NCAAF,americanfootball_ncaaf,b7cdc05f280bede1f19b996cc9b95753,2026-09-19T23:30:00Z,Maryland Terrapins,Virginia Tech Hokies,fanduel,FanDuel,2026-09-17T19:35:46Z,h2h,2026-09-17T19:35:46Z,Maryland Terrapins,126,,20260917193559929069
NCAAF,americanfootball_ncaaf,b7cdc05f280bede1f19b996cc9b95753,2026-09-19T23:30:00Z,Maryland Terrapins,Virginia Tech Hokies,fanduel,FanDuel,2026-09-17T19:35:46Z,h2h,2026-09-17T19:35:46Z,Virginia Tech Hokies,-152,,20260917193559929069
NCAAF,americanfootball_ncaaf,b7cdc05f280bede1f19b996cc9b95753,2026-09-19T23:30:00Z,Maryland Terrapins,Virginia Tech Hokies,fanduel,FanDuel,2026-09-17T19:35:46Z,spreads,2026-09-17T19:35:46Z,Maryland Terrapins,100,2.5,20260917193559929069
NCAAF,americanfootball_ncaaf,b7cdc05f280bede1f19b996cc9b95753,2026-09-19T23:30:00Z,Maryland Terrapins,Virginia Tech Hokies,fanduel,FanDuel,2026-09-17T19:35:46Z,spreads,2026-09-17T19:35:46Z,Virginia Tech Hokies,-122,-2.5,20260917193559929069
NCAAF,americanfootball_ncaaf,b7cdc05f280bede1f19b996cc9b95753,2026-09-19T23:30:00Z,Maryland Terrapins,Virginia Tech Hokies,fanduel,FanDuel,2026-09-17T19:35:46Z,totals,2026-09-17T19:35:46Z,Over,-115,53.5,20260917193559929069
NCAAF,americanfootball_ncaaf,b7cdc05f280bede1f19b996cc9b95753,2026-09-19T23:30:00Z,Maryland Terrapins,Virginia Tech Hokies,fanduel,FanDuel,2026-09-17T19:35:46Z,totals,2026-09-17T19:35:46Z,Under,-105,53.5,20260917193559929069
NCAAF,americanfootball_ncaaf,b7cdc05f280bede1f19b996cc9b95753,2026-09-19T23:30:00Z,Maryland Terrapins,Virginia Tech Hokies,betrivers,BetRivers,2026-09-17T19:34:38Z,h2h,2026-09-17T19:34:38Z,Maryland Terrapins,125,,20260917193559929069
NCAAF,americanfootball_ncaaf,b7cdc05f280bede1f19b996cc9b95753,2026-09-19T23:30:00Z,Maryland Terrapins,Virginia Tech Hokies,betrivers,BetRivers,2026-09-17T19:34:38Z,h2h,2026-09-17T19:34:38Z,Virginia Tech Hokies,-159,,20260917193559929069
NCAAF,americanfootball_ncaaf,b7cdc05f280bede1f19b996cc9b95753,2026-09-19T23:30:00Z,Maryland Terrapins,Virginia Tech Hokies,betrivers,BetRivers,2026-09-17T19:34:38Z,spreads,2026-09-17T19:34:38Z,Maryland Terrapins,-112,3.0,20260917193559929069
NCAAF,americanfootball_ncaaf,b7cdc05f280bede1f19b996cc9b95753,2026-09-19T23:30:00Z,Maryland Terrapins,Virginia Tech Hokies,betrivers,BetRivers,2026-09-17T19:34:38Z,spreads,2026-09-17T19:34:38Z,Virginia Tech Hokies,-112,-3.0,20260917193559929069
NCAAF,americanfootball_ncaaf,b7cdc05f280bede1f19b996cc9b95753,2026-09-19T23:30:00Z,Maryland Terrapins,Virginia Tech Hokies,betrivers,BetRivers,2026-09-17T19:34:38Z,totals,2026-09-17T19:34:38Z,Over,-113,53.5,20260917193559929069
NCAAF,americanfootball_ncaaf,b7cdc05f280bede1f19b996cc9b95753,2026-09-19T23:30:00Z,Maryland Terrapins,Virginia Tech Hokies,betrivers,BetRivers,2026-09-17T19:34:38Z,totals,2026-09-17T19:34:38Z,Under,-110,53.5,20260917193559929069
NCAAF,americanfootball_ncaaf,b7cdc05f280bede1f19b996cc9b95753,2026-09-19T23:30:00Z,Maryland Terrapins,Virginia Tech Hokies,lowvig,LowVig.ag,2026-09-17T19:35:22Z,h2h,2026-09-17T19:35:22Z,Maryland Terrapins,130,,20260917193559929069
NCAAF,americanfootball_ncaaf,b7cdc05f280bede1f19b996cc9b95753,2026-09-19T23:30:00Z,Maryland Terrapins,Virginia Tech Hokies,lowvig,LowVig.ag,2026-09-17T19:35:22Z,h2h,2026-09-17T19:35:22Z,Virginia Tech Hokies,-150,,20260917193559929069
NCAAF,americanfootball_ncaaf,b7cdc05f280bede1f19b996cc9b95753,2026-09-19T23:30:00Z,Maryland Terrapins,Virginia Tech Hokies,lowvig,LowVig.ag,2026-09-17T19:35:22Z,spreads,2026-09-17T19:35:22Z,Maryland Terrapins,-106,3.0,20260917193559929069
NCAAF,americanfootball_ncaaf,b7cdc05f280bede1f19b996cc9b95753,2026-09-19T23:30:00Z,Maryland Terrapins,Virginia Tech Hokies,lowvig,LowVig.ag,2026-09-17T19:35:22Z,spreads,2026-09-17T19:35:22Z,Virginia Tech Hokies,-106,-3.0,20260917193559929069
NCAAF,americanfootball_ncaaf,b7cdc05f280bede1f19b996cc9b95753,2026-09-19T23:30:00Z,Maryland Terrapins,Virginia Tech Hokies,lowvig,LowVig.ag,2026-09-17T19:35:22Z,totals,2026-09-17T19:35:22Z,Over,-114,53.0,20260917193559929069
NCAAF,americanfootball_ncaaf,b7cdc05f280bede1f19b996cc9b95753,2026-09-19T23:30:00Z,Maryland Terrapins,Virginia Tech Hokies,lowvig,LowVig.ag,2026-09-17T19:35:22Z,totals,2026-09-17T19:35:22Z,Under,-103,53.0,20260917193559929069
NCAAF,americanfootball_ncaaf,b7cdc05f280bede1f19b996cc9b95753,2026-09-19T23:30:00Z,Maryland Terrapins,Virginia Tech Hokies,betonlineag,BetOnline.ag,2026-09-17T19:35:23Z,h2h,2026-09-17T19:35:23Z,Maryland Terrapins,130,,20260917193559929069
NCAAF,americanfootball_ncaaf,b7cdc05f280bede1f19b996cc9b95753,2026-09-19T23:30:00Z,Maryland Terrapins,Virginia Tech Hokies,betonlineag,BetOnline.ag,2026-09-17T19:35:23Z,h2h,2026-09-17T19:35:23Z,Virginia Tech Hokies,-150,,20260917193559929069
NCAAF,americanfootball_ncaaf,b7cdc05f280bede1f19b996cc9b95753,2026-09-19T23:30:00Z,Maryland Terrapins,Virginia Tech Hokies,betonlineag,BetOnline.ag,2026-09-17T19:35:23Z,spreads,2026-09-17T19:35:23Z,Maryland Terrapins,-115,3.0,20260917193559929069
NCAAF,americanfootball_ncaaf,b7cdc05f280bede1f19b996cc9b95753,2026-09-19T23:30:00Z,Maryland Terrapins,Virginia Tech Hokies,betonlineag,BetOnline.ag,2026-09-17T19:35:23Z,spreads,2026-09-17T19:35:23Z,Virginia Tech Hokies,-105,-3.0,20260917193559929069
NCAAF,americanfootball_ncaaf,b7cdc05f280bede1f19b996cc9b95753,2026-09-19T23:30:00Z,Maryland Terrapins,Virginia Tech Hokies,betonlineag,BetOnline.ag,2026-09-17T19:35:23Z,totals,2026-09-17T19:35:23Z,Over,-115,53.0,20260917193559929069
NCAAF,americanfootball_ncaaf,b7cdc05f280bede1f19b996cc9b95753,2026-09-19T23:30:00Z,Maryland Terrapins,Virginia Tech Hokies,betonlineag,BetOnline.ag,2026-09-17T19:35:23Z,totals,2026-09-17T19:35:23Z,Under,-105,53.0,20260917193559929069
NCAAF,americanfootball_ncaaf,b7cdc05f280bede1f19b996cc9b95753,2026-09-19T23:30:00Z,Maryland Terrapins,Virginia Tech Hokies,betmgm,BetMGM,2026-09-17T19:35:24Z,h2h,2026-09-17T19:35:24Z,Maryland Terrapins,125,,20260917193559929069
NCAAF,americanfootball_ncaaf,b7cdc05f280bede1f19b996cc9b95753,2026-09-19T23:30:00Z,Maryland Terrapins,Virginia Tech Hokies,betmgm,BetMGM,2026-09-17T19:35:24Z,h2h,2026-09-17T19:35:24Z,Virginia Tech Hokies,-150,,20260917193559929069
NCAAF,americanfootball_ncaaf,b7cdc05f280bede1f19b996cc9b95753,2026-09-19T23:30:00Z,Maryland Terrapins,Virginia Tech Hokies,betmgm,BetMGM,2026-09-17T19:35:24Z,spreads,2026-09-17T19:35:24Z,Maryland Terrapins,-115,3.0,20260917193559929069
NCAAF,americanfootball_ncaaf,b7cdc05f280bede1f19b996cc9b95753,2026-09-19T23:30:00Z,Maryland Terrapins,Virginia Tech Hokies,betmgm,BetMGM,2026-09-17T19:35:24Z,spreads,2026-09-17T19:35:24Z,Virginia Tech Hokies,-102,-3.0,20260917193559929069
NCAAF,americanfootball_ncaaf,b7cdc05f280bede1f19b996cc9b95753,2026-09-19T23:30:00Z,Maryland Terrapins,Virginia Tech Hokies,betmgm,BetMGM,2026-09-17T19:35:24Z,totals,2026-09-17T19:35:24Z,Over,-110,53.5,20260917193559929069
NCAAF,americanfootball_ncaaf,b7cdc05f280bede1f19b996cc9b95753,2026-09-19T23:30:00Z,Maryland Terrapins,Virginia Tech Hokies,betmgm,BetMGM,2026-09-17T19:35:24Z,totals,2026-09-17T19:35:24Z,Under,-108,53.5,20260917193559929069
NCAAF,americanfootball_ncaaf,b7cdc05f280bede1f19b996cc9b95753,2026-09-19T23:30:00Z,Maryland Terrapins,Virginia Tech Hokies,betus,BetUS,2026-09-17T19:35:44Z,h2h,2026-09-17T19:35:44Z,Maryland Terrapins,129,,20260917193559929069
NCAAF,americanfootball_ncaaf,b7cdc05f280bede1f19b996cc9b95753,2026-09-19T23:30:00Z,Maryland Terrapins,Virginia Tech Hokies,betus,BetUS,2026-09-17T19:35:44Z,h2h,2026-09-17T19:35:44Z,Virginia Tech Hokies,-150,,20260917193559929069
NCAAF,americanfootball_ncaaf,b7cdc05f280bede1f19b996cc9b95753,2026-09-19T23:30:00Z,Maryland Terrapins,Virginia Tech Hokies,betus,BetUS,2026-09-17T19:35:44Z,spreads,2026-09-17T19:35:44Z,Maryland Terrapins,-110,3.0,20260917193559929069
NCAAF,americanfootball_ncaaf,b7cdc05f280bede1f19b996cc9b95753,2026-09-19T23:30:00Z,Maryland Terrapins,Virginia Tech Hokies,betus,BetUS,2026-09-17T19:35:44Z,spreads,2026-09-17T19:35:44Z,Virginia Tech Hokies,-110,-3.0,20260917193559929069
NCAAF,americanfootball_ncaaf,b7cdc05f280bede1f19b996cc9b95753,2026-09-19T23:30:00Z,Maryland Terrapins,Virginia Tech Hokies,betus,BetUS,2026-09-17T19:35:44Z,totals,2026-09-17T19:35:44Z,Over,-115,53.0,20260917193559929069
NCAAF,americanfootball_ncaaf,b7cdc05f280bede1f19b996cc9b95753,2026-09-19T23:30:00Z,Maryland Terrapins,Virginia Tech Hokies,betus,BetUS,2026-09-17T19:35:44Z,totals,2026-09-17T19:35:44Z,Under,-105,53.0,20260917193559929069
NCAAF,americanfootball_ncaaf,b7cdc05f280bede1f19b996cc9b95753,2026-09-19T23:30:00Z,Maryland Terrapins,Virginia Tech Hokies,bovada,Bovada,2026-09-17T19:35:03Z,h2h,2026-09-17T19:35:03Z,Maryland Terrapins,130,,20260917193559929069
NCAAF,americanfootball_ncaaf,b7cdc05f280bede1f19b996cc9b95753,2026-09-19T23:30:00Z,Maryland Terrapins,Virginia Tech Hokies,bovada,Bovada,2026-09-17T19:35:03Z,h2h,2026-09-17T19:35:03Z,Virginia Tech Hokies,-150,,20260917193559929069
NCAAF,americanfootball_ncaaf,b7cdc05f280bede1f19b996cc9b95753,2026-09-19T23:30:00Z,Maryland Terrapins,Virginia Tech Hokies,bovada,Bovada,2026-09-17T19:35:03Z,spreads,2026-09-17T19:35:03Z,Maryland Terrapins,-115,3.0,20260917193559929069
NCAAF,americanfootball_ncaaf,b7cdc05f280bede1f19b996cc9b95753,2026-09-19T23:30:00Z,Maryland Terrapins,Virginia Tech Hokies,bovada,Bovada,2026-09-17T19:35:03Z,spreads,2026-09-17T19:35:03Z,Virginia Tech Hokies,-105,-3.0,20260917193559929069
NCAAF,americanfootball_ncaaf,b7cdc05f280bede1f19b996cc9b95753,2026-09-19T23:30:00Z,Maryland Terrapins,Virginia Tech Hokies,bovada,Bovada,2026-09-17T19:35:03Z,totals,2026-09-17T19:35:03Z,Over,-110,54.0,20260917193559929069
NCAAF,americanfootball_ncaaf,b7cdc05f280bede1f19b996cc9b95753,2026-09-19T23:30:00Z,Maryland Terrapins,Virginia Tech Hokies,bovada,Bovada,2026-09-17T19:35:03Z,totals,2026-09-17T19:35:03Z,Under,-110,54.0,20260917193559929069
NCAAF,americanfootball_ncaaf,7e3b8cd721f0817d0a6c3111221e8a91,2026-09-19T23:30:00Z,Notre Dame Fighting Irish,Michigan State Spartans,fanduel,FanDuel,2026-09-17T19:35:46Z,h2h,2026-09-17T19:35:46Z,Michigan State Spartans,2500,,20260917193559929069
NCAAF,americanfootball_ncaaf,7e3b8cd721f0817d0a6c3111221e8a91,2026-09-19T23:30:00Z,Notre Dame Fighting Irish,Michigan State Spartans,fanduel,FanDuel,2026-09-17T19:35:46Z,h2h,2026-09-17T19:35:46Z,Notre Dame Fighting Irish,-10000,,20260917193559929069
NCAAF,americanfootball_ncaaf,7e3b8cd721f0817d0a6c3111221e8a91,2026-09-19T23:30:00Z,Notre Dame Fighting Irish,Michigan State Spartans,fanduel,FanDuel,2026-09-17T19:35:46Z,spreads,2026-09-17T19:35:46Z,Michigan State Spartans,-110,29.5,20260917193559929069
NCAAF,americanfootball_ncaaf,7e3b8cd721f0817d0a6c3111221e8a91,2026-09-19T23:30:00Z,Notre Dame Fighting Irish,Michigan State Spartans,fanduel,FanDuel,2026-09-17T19:35:46Z,spreads,2026-09-17T19:35:46Z,Notre Dame Fighting Irish,-110,-29.5,20260917193559929069
NCAAF,americanfootball_ncaaf,7e3b8cd721f0817d0a6c3111221e8a91,2026-09-19T23:30:00Z,Notre Dame Fighting Irish,Michigan State Spartans,fanduel,FanDuel,2026-09-17T19:35:46Z,totals,2026-09-17T19:35:46Z,Over,-110,52.5,20260917193559929069
NCAAF,americanfootball_ncaaf,7e3b8cd721f0817d0a6c3111221e8a91,2026-09-19T23:30:00Z,Notre Dame Fighting Irish,Michigan State Spartans,fanduel,FanDuel,2026-09-17T19:35:46Z,totals,2026-09-17T19:35:46Z,Under,-110,52.5,20260917193559929069
NCAAF,americanfootball_ncaaf,7e3b8cd721f0817d0a6c3111221e8a91,2026-09-19T23:30:00Z,Notre Dame Fighting Irish,Michigan State Spartans,draftkings,DraftKings,2026-09-17T19:34:58Z,h2h,2026-09-17T19:34:58Z,Michigan State Spartans,1700,,20260917193559929069
NCAAF,americanfootball_ncaaf,7e3b8cd721f0817d0a6c3111221e8a91,2026-09-19T23:30:00Z,Notre Dame Fighting Irish,Michigan State Spartans,draftkings,DraftKings,2026-09-17T19:34:58Z,h2h,2026-09-17T19:34:58Z,Notre Dame Fighting Irish,-4500,,20260917193559929069
NCAAF,americanfootball_ncaaf,7e3b8cd721f0817d0a6c3111221e8a91,2026-09-19T23:30:00Z,Notre Dame Fighting Irish,Michigan State Spartans,draftkings,DraftKings,2026-09-17T19:34:58Z,spreads,2026-09-17T19:34:58Z,Michigan State Spartans,-110,29.5,20260917193559929069
NCAAF,americanfootball_ncaaf,7e3b8cd721f0817d0a6c3111221e8a91,2026-09-19T23:30:00Z,Notre Dame Fighting Irish,Michigan State Spartans,draftkings,DraftKings,2026-09-17T19:34:58Z,spreads,2026-09-17T19:34:58Z,Notre Dame Fighting Irish,-110,-29.5,20260917193559929069
NCAAF,americanfootball_ncaaf,7e3b8cd721f0817d0a6c3111221e8a91,2026-09-19T23:30:00Z,Notre Dame Fighting Irish,Michigan State Spartans,draftkings,DraftKings,2026-09-17T19:34:58Z,totals,2026-09-17T19:34:58Z,Over,-115,51.5,20260917193559929069
NCAAF,americanfootball_ncaaf,7e3b8cd721f0817d0a6c3111221e8a91,2026-09-19T23:30:00Z,Notre Dame Fighting Irish,Michigan State Spartans,draftkings,DraftKings,2026-09-17T19:34:58Z,totals,2026-09-17T19:34:58Z,Under,-105,51.5,20260917193559929069
NCAAF,americanfootball_ncaaf,7e3b8cd721f0817d0a6c3111221e8a91,2026-09-19T23:30:00Z,Notre Dame Fighting Irish,Michigan State Spartans,betmgm,BetMGM,2026-09-17T19:35:24Z,h2h,2026-09-17T19:35:24Z,Michigan State Spartans,2200,,20260917193559929069
NCAAF,americanfootball_ncaaf,7e3b8cd721f0817d0a6c3111221e8a91,2026-09-19T23:30:00Z,Notre Dame Fighting Irish,Michigan State Spartans,betmgm,BetMGM,2026-09-17T19:35:24Z,h2h,2026-09-17T19:35:24Z,Notre Dame Fighting Irish,-5000,,20260917193559929069
NCAAF,americanfootball_ncaaf,7e3b8cd721f0817d0a6c3111221e8a91,2026-09-19T23:30:00Z,Notre Dame Fighting Irish,Michigan State Spartans,betmgm,BetMGM,2026-09-17T19:35:24Z,spreads,2026-09-17T19:35:24Z,Michigan State Spartans,-108,29.0,20260917193559929069
NCAAF,americanfootball_ncaaf,7e3b8cd721f0817d0a6c3111221e8a91,2026-09-19T23:30:00Z,Notre Dame Fighting Irish,Michigan State Spartans,betmgm,BetMGM,2026-09-17T19:35:24Z,spreads,2026-09-17T19:35:24Z,Notre Dame Fighting Irish,-110,-29.0,20260917193559929069
NCAAF,americanfootball_ncaaf,7e3b8cd721f0817d0a6c3111221e8a91,2026-09-19T23:30:00Z,Notre Dame Fighting Irish,Michigan State Spartans,betmgm,BetMGM,2026-09-17T19:35:24Z,totals,2026-09-17T19:35:24Z,Over,-102,52.5,20260917193559929069
NCAAF,americanfootball_ncaaf,7e3b8cd721f0817d0a6c3111221e8a91,2026-09-19T23:30:00Z,Notre Dame Fighting Irish,Michigan State Spartans,betmgm,BetMGM,2026-09-17T19:35:24Z,totals,2026-09-17T19:35:24Z,Under,-118,52.5,20260917193559929069
NCAAF,americanfootball_ncaaf,7e3b8cd721f0817d0a6c3111221e8a91,2026-09-19T23:30:00Z,Notre Dame Fighting Irish,Michigan State Spartans,betrivers,BetRivers,2026-09-17T19:34:38Z,spreads,2026-09-17T19:34:38Z,Michigan State Spartans,-114,30.0,20260917193559929069
NCAAF,americanfootball_ncaaf,7e3b8cd721f0817d0a6c3111221e8a91,2026-09-19T23:30:00Z,Notre Dame Fighting Irish,Michigan State Spartans,betrivers,BetRivers,2026-09-17T19:34:38Z,spreads,2026-09-17T19:34:38Z,Notre Dame Fighting Irish,-109,-30.0,20260917193559929069
NCAAF,americanfootball_ncaaf,7e3b8cd721f0817d0a6c3111221e8a91,2026-09-19T23:30:00Z,Notre Dame Fighting Irish,Michigan State Spartans,betrivers,BetRivers,2026-09-17T19:34:38Z,totals,2026-09-17T19:34:38Z,Over,-110,52.0,20260917193559929069
NCAAF,americanfootball_ncaaf,7e3b8cd721f0817d0a6c3111221e8a91,2026-09-19T23:30:00Z,Notre Dame Fighting Irish,Michigan State Spartans,betrivers,BetRivers,2026-09-17T19:34:38Z,totals,2026-09-17T19:34:38Z,Under,-113,52.0,20260917193559929069
NCAAF,americanfootball_ncaaf,7e3b8cd721f0817d0a6c3111221e8a91,2026-09-19T23:30:00Z,Notre Dame Fighting Irish,Michigan State Spartans,lowvig,LowVig.ag,2026-09-17T19:35:22Z,spreads,2026-09-17T19:35:22Z,Michigan State Spartans,-106,29.0,20260917193559929069
NCAAF,americanfootball_ncaaf,7e3b8cd721f0817d0a6c3111221e8a91,2026-09-19T23:30:00Z,Notre Dame Fighting Irish,Michigan State Spartans,lowvig,LowVig.ag,2026-09-17T19:35:22Z,spreads,2026-09-17T19:35:22Z,Notre Dame Fighting Irish,-106,-29.0,20260917193559929069
NCAAF,americanfootball_ncaaf,7e3b8cd721f0817d0a6c3111221e8a91,2026-09-19T23:30:00Z,Notre Dame Fighting Irish,Michigan State Spartans,lowvig,LowVig.ag,2026-09-17T19:35:22Z,totals,2026-09-17T19:35:22Z,Over,-108,52.0,20260917193559929069
NCAAF,americanfootball_ncaaf,7e3b8cd721f0817d0a6c3111221e8a91,2026-09-19T23:30:00Z,Notre Dame Fighting Irish,Michigan State Spartans,lowvig,LowVig.ag,2026-09-17T19:35:22Z,totals,2026-09-17T19:35:22Z,Under,-108,52.0,20260917193559929069
NCAAF,americanfootball_ncaaf,7e3b8cd721f0817d0a6c3111221e8a91,2026-09-19T23:30:00Z,Notre Dame Fighting Irish,Michigan State Spartans,betonlineag,BetOnline.ag,2026-09-17T19:35:23Z,spreads,2026-09-17T19:35:23Z,Michigan State Spartans,-110,29.0,20260917193559929069
NCAAF,americanfootball_ncaaf,7e3b8cd721f0817d0a6c3111221e8a91,2026-09-19T23:30:00Z,Notre Dame Fighting Irish,Michigan State Spartans,betonlineag,BetOnline.ag,2026-09-17T19:35:23Z,spreads,2026-09-17T19:35:23Z,Notre Dame Fighting Irish,-110,-29.0,20260917193559929069
NCAAF,americanfootball_ncaaf,7e3b8cd721f0817d0a6c3111221e8a91,2026-09-19T23:30:00Z,Notre Dame Fighting Irish,Michigan State Spartans,betonlineag,BetOnline.ag,2026-09-17T19:35:23Z,totals,2026-09-17T19:35:23Z,Over,-110,52.0,20260917193559929069
NCAAF,americanfootball_ncaaf,7e3b8cd721f0817d0a6c3111221e8a91,2026-09-19T23:30:00Z,Notre Dame Fighting Irish,Michigan State Spartans,betonlineag,BetOnline.ag,2026-09-17T19:35:23Z,totals,2026-09-17T19:35:23Z,Under,-110,52.0,20260917193559929069
NCAAF,americanfootball_ncaaf,7e3b8cd721f0817d0a6c3111221e8a91,2026-09-19T23:30:00Z,Notre Dame Fighting Irish,Michigan State Spartans,betus,BetUS,2026-09-17T19:35:44Z,spreads,2026-09-17T19:35:44Z,Michigan State Spartans,-110,29.5,20260917193559929069
NCAAF,americanfootball_ncaaf,7e3b8cd721f0817d0a6c3111221e8a91,2026-09-19T23:30:00Z,Notre Dame Fighting Irish,Michigan State Spartans,betus,BetUS,2026-09-17T19:35:44Z,spreads,2026-09-17T19:35:44Z,Notre Dame Fighting Irish,-110,-29.5,20260917193559929069
NCAAF,americanfootball_ncaaf,7e3b8cd721f0817d0a6c3111221e8a91,2026-09-19T23:30:00Z,Notre Dame Fighting Irish,Michigan State Spartans,betus,BetUS,2026-09-17T19:35:44Z,totals,2026-09-17T19:35:44Z,Over,-110,52.0,20260917193559929069
NCAAF,americanfootball_ncaaf,7e3b8cd721f0817d0a6c3111221e8a91,2026-09-19T23:30:00Z,Notre Dame Fighting Irish,Michigan State Spartans,betus,BetUS,2026-09-17T19:35:44Z,totals,2026-09-17T19:35:44Z,Under,-110,52.0,20260917193559929069
NCAAF,americanfootball_ncaaf,7e3b8cd721f0817d0a6c3111221e8a91,2026-09-19T23:30:00Z,Notre Dame Fighting Irish,Michigan State Spartans,bovada,Bovada,2026-09-17T19:35:03Z,spreads,2026-09-17T19:35:03Z,Michigan State Spartans,-120,30.0,20260917193559929069
NCAAF,americanfootball_ncaaf,7e3b8cd721f0817d0a6c3111221e8a91,2026-09-19T23:30:00Z,Notre Dame Fighting Irish,Michigan State Spartans,bovada,Bovada,2026-09-17T19:35:03Z,spreads,2026-09-17T19:35:03Z,Notre Dame Fighting Irish,100,-30.0,20260917193559929069
NCAAF,americanfootball_ncaaf,7e3b8cd721f0817d0a6c3111221e8a91,2026-09-19T23:30:00Z,Notre Dame Fighting Irish,Michigan State Spartans,bovada,Bovada,2026-09-17T19:35:03Z,totals,2026-09-17T19:35:03Z,Over,-110,52.0,20260917193559929069
NCAAF,americanfootball_ncaaf,7e3b8cd721f0817d0a6c3111221e8a91,2026-09-19T23:30:00Z,Notre Dame Fighting Irish,Michigan State Spartans,bovada,Bovada,2026-09-17T19:35:03Z,totals,2026-09-17T19:35:03Z,Under,-110,52.0,20260917193559929069
NCAAF,americanfootball_ncaaf,47892b65c28a830d83bbe465b070ce01,2026-09-19T23:30:00Z,Oklahoma Sooners,New Mexico Lobos,fanduel,FanDuel,2026-09-17T19:35:46Z,h2h,2026-09-17T19:35:46Z,New Mexico Lobos,1200,,20260917193559929069
NCAAF,americanfootball_ncaaf,47892b65c28a830d83bbe465b070ce01,2026-09-19T23:30:00Z,Oklahoma Sooners,New Mexico Lobos,fanduel,FanDuel,2026-09-17T19:35:46Z,h2h,2026-09-17T19:35:46Z,Oklahoma Sooners,-3000,,20260917193559929069
NCAAF,americanfootball_ncaaf,47892b65c28a830d83bbe465b070ce01,2026-09-19T23:30:00Z,Oklahoma Sooners,New Mexico Lobos,fanduel,FanDuel,2026-09-17T19:35:46Z,spreads,2026-09-17T19:35:46Z,New Mexico Lobos,-115,21.5,20260917193559929069
NCAAF,americanfootball_ncaaf,47892b65c28a830d83bbe465b070ce01,2026-09-19T23:30:00Z,Oklahoma Sooners,New Mexico Lobos,fanduel,FanDuel,2026-09-17T19:35:46Z,spreads,2026-09-17T19:35:46Z,Oklahoma Sooners,-105,-21.5,20260917193559929069
NCAAF,americanfootball_ncaaf,47892b65c28a830d83bbe465b070ce01,2026-09-19T23:30:00Z,Oklahoma Sooners,New Mexico Lobos,fanduel,FanDuel,2026-09-17T19:35:46Z,totals,2026-09-17T19:35:46Z,Over,-108,46.5,20260917193559929069
NCAAF,americanfootball_ncaaf,47892b65c28a830d83bbe465b070ce01,2026-09-19T23:30:00Z,Oklahoma Sooners,New Mexico Lobos,fanduel,FanDuel,2026-09-17T19:35:46Z,totals,2026-09-17T19:35:46Z,Under,-112,46.5,20260917193559929069
NCAAF,americanfootball_ncaaf,47892b65c28a830d83bbe465b070ce01,2026-09-19T23:30:00Z,Oklahoma Sooners,New Mexico Lobos,draftkings,DraftKings,2026-09-17T19:34:58Z,h2h,2026-09-17T19:34:58Z,New Mexico Lobos,1000,,20260917193559929069
NCAAF,americanfootball_ncaaf,47892b65c28a830d83bbe465b070ce01,2026-09-19T23:30:00Z,Oklahoma Sooners,New Mexico Lobos,draftkings,DraftKings,2026-09-17T19:34:58Z,h2h,2026-09-17T19:34:58Z,Oklahoma Sooners,-1800,,20260917193559929069
NCAAF,americanfootball_ncaaf,47892b65c28a830d83bbe465b070ce01,2026-09-19T23:30:00Z,Oklahoma Sooners,New Mexico Lobos,draftkings,DraftKings,2026-09-17T19:34:58Z,spreads,2026-09-17T19:34:58Z,New Mexico Lobos,-112,21.5,20260917193559929069
NCAAF,americanfootball_ncaaf,47892b65c28a830d83bbe465b070ce01,2026-09-19T23:30:00Z,Oklahoma Sooners,New Mexico Lobos,draftkings,DraftKings,2026-09-17T19:34:58Z,spreads,2026-09-17T19:34:58Z,Oklahoma Sooners,-108,-21.5,20260917193559929069
NCAAF,americanfootball_ncaaf,47892b65c28a830d83bbe465b070ce01,2026-09-19T23:30:00Z,Oklahoma Sooners,New Mexico Lobos,draftkings,DraftKings,2026-09-17T19:34:58Z,totals,2026-09-17T19:34:58Z,Over,-112,46.5,20260917193559929069
NCAAF,americanfootball_ncaaf,47892b65c28a830d83bbe465b070ce01,2026-09-19T23:30:00Z,Oklahoma Sooners,New Mexico Lobos,draftkings,DraftKings,2026-09-17T19:34:58Z,totals,2026-09-17T19:34:58Z,Under,-108,46.5,20260917193559929069
NCAAF,americanfootball_ncaaf,47892b65c28a830d83bbe465b070ce01,2026-09-19T23:30:00Z,Oklahoma Sooners,New Mexico Lobos,lowvig,LowVig.ag,2026-09-17T19:35:22Z,h2h,2026-09-17T19:35:22Z,New Mexico Lobos,1096,,20260917193559929069
NCAAF,americanfootball_ncaaf,47892b65c28a830d83bbe465b070ce01,2026-09-19T23:30:00Z,Oklahoma Sooners,New Mexico Lobos,lowvig,LowVig.ag,2026-09-17T19:35:22Z,h2h,2026-09-17T19:35:22Z,Oklahoma Sooners,-2200,,20260917193559929069
NCAAF,americanfootball_ncaaf,47892b65c28a830d83bbe465b070ce01,2026-09-19T23:30:00Z,Oklahoma Sooners,New Mexico Lobos,lowvig,LowVig.ag,2026-09-17T19:35:22Z,spreads,2026-09-17T19:35:22Z,New Mexico Lobos,-106,21.5,20260917193559929069
NCAAF,americanfootball_ncaaf,47892b65c28a830d83bbe465b070ce01,2026-09-19T23:30:00Z,Oklahoma Sooners,New Mexico Lobos,lowvig,LowVig.ag,2026-09-17T19:35:22Z,spreads,2026-09-17T19:35:22Z,Oklahoma Sooners,-106,-21.5,20260917193559929069
NCAAF,americanfootball_ncaaf,47892b65c28a830d83bbe465b070ce01,2026-09-19T23:30:00Z,Oklahoma Sooners,New Mexico Lobos,lowvig,LowVig.ag,2026-09-17T19:35:22Z,totals,2026-09-17T19:35:22Z,Over,-108,46.5,20260917193559929069
NCAAF,americanfootball_ncaaf,47892b65c28a830d83bbe465b070ce01,2026-09-19T23:30:00Z,Oklahoma Sooners,New Mexico Lobos,lowvig,LowVig.ag,2026-09-17T19:35:22Z,totals,2026-09-17T19:35:22Z,Under,-108,46.5,20260917193559929069
NCAAF,americanfootball_ncaaf,47892b65c28a830d83bbe465b070ce01,2026-09-19T23:30:00Z,Oklahoma Sooners,New Mexico Lobos,betonlineag,BetOnline.ag,2026-09-17T19:35:23Z,h2h,2026-09-17T19:35:23Z,New Mexico Lobos,1096,,20260917193559929069
NCAAF,americanfootball_ncaaf,47892b65c28a830d83bbe465b070ce01,2026-09-19T23:30:00Z,Oklahoma Sooners,New Mexico Lobos,betonlineag,BetOnline.ag,2026-09-17T19:35:23Z,h2h,2026-09-17T19:35:23Z,Oklahoma Sooners,-2200,,20260917193559929069
NCAAF,americanfootball_ncaaf,47892b65c28a830d83bbe465b070ce01,2026-09-19T23:30:00Z,Oklahoma Sooners,New Mexico Lobos,betonlineag,BetOnline.ag,2026-09-17T19:35:23Z,spreads,2026-09-17T19:35:23Z,New Mexico Lobos,-110,21.5,20260917193559929069
NCAAF,americanfootball_ncaaf,47892b65c28a830d83bbe465b070ce01,2026-09-19T23:30:00Z,Oklahoma Sooners,New Mexico Lobos,betonlineag,BetOnline.ag,2026-09-17T19:35:23Z,spreads,2026-09-17T19:35:23Z,Oklahoma Sooners,-110,-21.5,20260917193559929069
NCAAF,americanfootball_ncaaf,47892b65c28a830d83bbe465b070ce01,2026-09-19T23:30:00Z,Oklahoma Sooners,New Mexico Lobos,betonlineag,BetOnline.ag,2026-09-17T19:35:23Z,totals,2026-09-17T19:35:23Z,Over,-110,46.5,20260917193559929069
NCAAF,americanfootball_ncaaf,47892b65c28a830d83bbe465b070ce01,2026-09-19T23:30:00Z,Oklahoma Sooners,New Mexico Lobos,betonlineag,BetOnline.ag,2026-09-17T19:35:23Z,totals,2026-09-17T19:35:23Z,Under,-110,46.5,20260917193559929069
NCAAF,americanfootball_ncaaf,47892b65c28a830d83bbe465b070ce01,2026-09-19T23:30:00Z,Oklahoma Sooners,New Mexico Lobos,betmgm,BetMGM,2026-09-17T19:35:24Z,h2h,2026-09-17T19:35:24Z,New Mexico Lobos,1150,,20260917193559929069
NCAAF,americanfootball_ncaaf,47892b65c28a830d83bbe465b070ce01,2026-09-19T23:30:00Z,Oklahoma Sooners,New Mexico Lobos,betmgm,BetMGM,2026-09-17T19:35:24Z,h2h,2026-09-17T19:35:24Z,Oklahoma Sooners,-2000,,20260917193559929069
NCAAF,americanfootball_ncaaf,47892b65c28a830d83bbe465b070ce01,2026-09-19T23:30:00Z,Oklahoma Sooners,New Mexico Lobos,betmgm,BetMGM,2026-09-17T19:35:24Z,spreads,2026-09-17T19:35:24Z,New Mexico Lobos,-110,21.5,20260917193559929069
NCAAF,americanfootball_ncaaf,47892b65c28a830d83bbe465b070ce01,2026-09-19T23:30:00Z,Oklahoma Sooners,New Mexico Lobos,betmgm,BetMGM,2026-09-17T19:35:24Z,spreads,2026-09-17T19:35:24Z,Oklahoma Sooners,-108,-21.5,20260917193559929069
NCAAF,americanfootball_ncaaf,47892b65c28a830d83bbe465b070ce01,2026-09-19T23:30:00Z,Oklahoma Sooners,New Mexico Lobos,betmgm,BetMGM,2026-09-17T19:35:24Z,totals,2026-09-17T19:35:24Z,Over,-110,46.5,20260917193559929069
NCAAF,americanfootball_ncaaf,47892b65c28a830d83bbe465b070ce01,2026-09-19T23:30:00Z,Oklahoma Sooners,New Mexico Lobos,betmgm,BetMGM,2026-09-17T19:35:24Z,totals,2026-09-17T19:35:24Z,Under,-108,46.5,20260917193559929069
NCAAF,americanfootball_ncaaf,47892b65c28a830d83bbe465b070ce01,2026-09-19T23:30:00Z,Oklahoma Sooners,New Mexico Lobos,betrivers,BetRivers,2026-09-17T19:34:38Z,h2h,2026-09-17T19:34:38Z,New Mexico Lobos,1300,,20260917193559929069
NCAAF,americanfootball_ncaaf,47892b65c28a830d83bbe465b070ce01,2026-09-19T23:30:00Z,Oklahoma Sooners,New Mexico Lobos,betrivers,BetRivers,2026-09-17T19:34:38Z,h2h,2026-09-17T19:34:38Z,Oklahoma Sooners,-5000,,20260917193559929069
NCAAF,americanfootball_ncaaf,47892b65c28a830d83bbe465b070ce01,2026-09-19T23:30:00Z,Oklahoma Sooners,New Mexico Lobos,betrivers,BetRivers,2026-09-17T19:34:38Z,spreads,2026-09-17T19:34:38Z,New Mexico Lobos,-115,21.5,20260917193559929069
NCAAF,americanfootball_ncaaf,47892b65c28a830d83bbe465b070ce01,2026-09-19T23:30:00Z,Oklahoma Sooners,New Mexico Lobos,betrivers,BetRivers,2026-09-17T19:34:38Z,spreads,2026-09-17T19:34:38Z,Oklahoma Sooners,-108,-21.5,20260917193559929069
NCAAF,americanfootball_ncaaf,47892b65c28a830d83bbe465b070ce01,2026-09-19T23:30:00Z,Oklahoma Sooners,New Mexico Lobos,betrivers,BetRivers,2026-09-17T19:34:38Z,totals,2026-09-17T19:34:38Z,Over,-109,46.5,20260917193559929069
NCAAF,americanfootball_ncaaf,47892b65c28a830d83bbe465b070ce01,2026-09-19T23:30:00Z,Oklahoma Sooners,New Mexico Lobos,betrivers,BetRivers,2026-09-17T19:34:38Z,totals,2026-09-17T19:34:38Z,Under,-114,46.5,20260917193559929069
NCAAF,americanfootball_ncaaf,47892b65c28a830d83bbe465b070ce01,2026-09-19T23:30:00Z,Oklahoma Sooners,New Mexico Lobos,betus,BetUS,2026-09-17T19:35:44Z,h2h,2026-09-17T19:35:44Z,New Mexico Lobos,1100,,20260917193559929069
NCAAF,americanfootball_ncaaf,47892b65c28a830d83bbe465b070ce01,2026-09-19T23:30:00Z,Oklahoma Sooners,New Mexico Lobos,betus,BetUS,2026-09-17T19:35:44Z,h2h,2026-09-17T19:35:44Z,Oklahoma Sooners,-2200,,20260917193559929069
NCAAF,americanfootball_ncaaf,47892b65c28a830d83bbe465b070ce01,2026-09-19T23:30:00Z,Oklahoma Sooners,New Mexico Lobos,betus,BetUS,2026-09-17T19:35:44Z,spreads,2026-09-17T19:35:44Z,New Mexico Lobos,-110,21.5,20260917193559929069
NCAAF,americanfootball_ncaaf,47892b65c28a830d83bbe465b070ce01,2026-09-19T23:30:00Z,Oklahoma Sooners,New Mexico Lobos,betus,BetUS,2026-09-17T19:35:44Z,spreads,2026-09-17T19:35:44Z,Oklahoma Sooners,-110,-21.5,20260917193559929069
NCAAF,americanfootball_ncaaf,47892b65c28a830d83bbe465b070ce01,2026-09-19T23:30:00Z,Oklahoma Sooners,New Mexico Lobos,betus,BetUS,2026-09-17T19:35:44Z,totals,2026-09-17T19:35:44Z,Over,-110,46.5,20260917193559929069
NCAAF,americanfootball_ncaaf,47892b65c28a830d83bbe465b070ce01,2026-09-19T23:30:00Z,Oklahoma Sooners,New Mexico Lobos,betus,BetUS,2026-09-17T19:35:44Z,totals,2026-09-17T19:35:44Z,Under,-110,46.5,20260917193559929069
NCAAF,americanfootball_ncaaf,47892b65c28a830d83bbe465b070ce01,2026-09-19T23:30:00Z,Oklahoma Sooners,New Mexico Lobos,bovada,Bovada,2026-09-17T19:35:03Z,h2h,2026-09-17T19:35:03Z,New Mexico Lobos,950,,20260917193559929069
NCAAF,americanfootball_ncaaf,47892b65c28a830d83bbe465b070ce01,2026-09-19T23:30:00Z,Oklahoma Sooners,New Mexico Lobos,bovada,Bovada,2026-09-17T19:35:03Z,h2h,2026-09-17T19:35:03Z,Oklahoma Sooners,-2000,,20260917193559929069
NCAAF,americanfootball_ncaaf,47892b65c28a830d83bbe465b070ce01,2026-09-19T23:30:00Z,Oklahoma Sooners,New Mexico Lobos,bovada,Bovada,2026-09-17T19:35:03Z,spreads,2026-09-17T19:35:03Z,New Mexico Lobos,-115,22.0,20260917193559929069
NCAAF,americanfootball_ncaaf,47892b65c28a830d83bbe465b070ce01,2026-09-19T23:30:00Z,Oklahoma Sooners,New Mexico Lobos,bovada,Bovada,2026-09-17T19:35:03Z,spreads,2026-09-17T19:35:03Z,Oklahoma Sooners,-105,-22.0,20260917193559929069
NCAAF,americanfootball_ncaaf,47892b65c28a830d83bbe465b070ce01,2026-09-19T23:30:00Z,Oklahoma Sooners,New Mexico Lobos,bovada,Bovada,2026-09-17T19:35:03Z,totals,2026-09-17T19:35:03Z,Over,-110,46.5,20260917193559929069
NCAAF,americanfootball_ncaaf,47892b65c28a830d83bbe465b070ce01,2026-09-19T23:30:00Z,Oklahoma Sooners,New Mexico Lobos,bovada,Bovada,2026-09-17T19:35:03Z,totals,2026-09-17T19:35:03Z,Under,-110,46.5,20260917193559929069
NCAAF,americanfootball_ncaaf,eda972dc55ded05916deafa37efab9c3,2026-09-19T23:30:00Z,West Virginia Mountaineers,Virginia Cavaliers,draftkings,DraftKings,2026-09-17T19:34:58Z,h2h,2026-09-17T19:34:58Z,Virginia Cavaliers,-395,,20260917193559929069
NCAAF,americanfootball_ncaaf,eda972dc55ded05916deafa37efab9c3,2026-09-19T23:30:00Z,West Virginia Mountaineers,Virginia Cavaliers,draftkings,DraftKings,2026-09-17T19:34:58Z,h2h,2026-09-17T19:34:58Z,West Virginia Mountaineers,310,,20260917193559929069
NCAAF,americanfootball_ncaaf,eda972dc55ded05916deafa37efab9c3,2026-09-19T23:30:00Z,West Virginia Mountaineers,Virginia Cavaliers,draftkings,DraftKings,2026-09-17T19:34:58Z,spreads,2026-09-17T19:34:58Z,Virginia Cavaliers,-108,-10.5,20260917193559929069
NCAAF,americanfootball_ncaaf,eda972dc55ded05916deafa37efab9c3,2026-09-19T23:30:00Z,West Virginia Mountaineers,Virginia Cavaliers,draftkings,DraftKings,2026-09-17T19:34:58Z,spreads,2026-09-17T19:34:58Z,West Virginia Mountaineers,-112,10.5,20260917193559929069
NCAAF,americanfootball_ncaaf,eda972dc55ded05916deafa37efab9c3,2026-09-19T23:30:00Z,West Virginia Mountaineers,Virginia Cavaliers,draftkings,DraftKings,2026-09-17T19:34:58Z,totals,2026-09-17T19:34:58Z,Over,-110,53.5,20260917193559929069
NCAAF,americanfootball_ncaaf,eda972dc55ded05916deafa37efab9c3,2026-09-19T23:30:00Z,West Virginia Mountaineers,Virginia Cavaliers,draftkings,DraftKings,2026-09-17T19:34:58Z,totals,2026-09-17T19:34:58Z,Under,-110,53.5,20260917193559929069
NCAAF,americanfootball_ncaaf,eda972dc55ded05916deafa37efab9c3,2026-09-19T23:30:00Z,West Virginia Mountaineers,Virginia Cavaliers,fanduel,FanDuel,2026-09-17T19:35:46Z,h2h,2026-09-17T19:35:46Z,Virginia Cavaliers,-410,,20260917193559929069
NCAAF,americanfootball_ncaaf,eda972dc55ded05916deafa37efab9c3,2026-09-19T23:30:00Z,West Virginia Mountaineers,Virginia Cavaliers,fanduel,FanDuel,2026-09-17T19:35:46Z,h2h,2026-09-17T19:35:46Z,West Virginia Mountaineers,315,,20260917193559929069
NCAAF,americanfootball_ncaaf,eda972dc55ded05916deafa37efab9c3,2026-09-19T23:30:00Z,West Virginia Mountaineers,Virginia Cavaliers,fanduel,FanDuel,2026-09-17T19:35:46Z,spreads,2026-09-17T19:35:46Z,Virginia Cavaliers,-104,-10.5,20260917193559929069
NCAAF,americanfootball_ncaaf,eda972dc55ded05916deafa37efab9c3,2026-09-19T23:30:00Z,West Virginia Mountaineers,Virginia Cavaliers,fanduel,FanDuel,2026-09-17T19:35:46Z,spreads,2026-09-17T19:35:46Z,West Virginia Mountaineers,-118,10.5,20260917193559929069
NCAAF,americanfootball_ncaaf,eda972dc55ded05916deafa37efab9c3,2026-09-19T23:30:00Z,West Virginia Mountaineers,Virginia Cavaliers,fanduel,FanDuel,2026-09-17T19:35:46Z,totals,2026-09-17T19:35:46Z,Over,-110,53.5,20260917193559929069
NCAAF,americanfootball_ncaaf,eda972dc55ded05916deafa37efab9c3,2026-09-19T23:30:00Z,West Virginia Mountaineers,Virginia Cavaliers,fanduel,FanDuel,2026-09-17T19:35:46Z,totals,2026-09-17T19:35:46Z,Under,-110,53.5,20260917193559929069
NCAAF,americanfootball_ncaaf,eda972dc55ded05916deafa37efab9c3,2026-09-19T23:30:00Z,West Virginia Mountaineers,Virginia Cavaliers,betrivers,BetRivers,2026-09-17T19:34:38Z,h2h,2026-09-17T19:34:38Z,Virginia Cavaliers,-420,,20260917193559929069
NCAAF,americanfootball_ncaaf,eda972dc55ded05916deafa37efab9c3,2026-09-19T23:30:00Z,West Virginia Mountaineers,Virginia Cavaliers,betrivers,BetRivers,2026-09-17T19:34:38Z,h2h,2026-09-17T19:34:38Z,West Virginia Mountaineers,310,,20260917193559929069
NCAAF,americanfootball_ncaaf,eda972dc55ded05916deafa37efab9c3,2026-09-19T23:30:00Z,West Virginia Mountaineers,Virginia Cavaliers,betrivers,BetRivers,2026-09-17T19:34:38Z,spreads,2026-09-17T19:34:38Z,Virginia Cavaliers,-112,-10.5,20260917193559929069
NCAAF,americanfootball_ncaaf,eda972dc55ded05916deafa37efab9c3,2026-09-19T23:30:00Z,West Virginia Mountaineers,Virginia Cavaliers,betrivers,BetRivers,2026-09-17T19:34:38Z,spreads,2026-09-17T19:34:38Z,West Virginia Mountaineers,-112,10.5,20260917193559929069
NCAAF,americanfootball_ncaaf,eda972dc55ded05916deafa37efab9c3,2026-09-19T23:30:00Z,West Virginia Mountaineers,Virginia Cavaliers,betrivers,BetRivers,2026-09-17T19:34:38Z,totals,2026-09-17T19:34:38Z,Over,-112,54.0,20260917193559929069
NCAAF,americanfootball_ncaaf,eda972dc55ded05916deafa37efab9c3,2026-09-19T23:30:00Z,West Virginia Mountaineers,Virginia Cavaliers,betrivers,BetRivers,2026-09-17T19:34:38Z,totals,2026-09-17T19:34:38Z,Under,-112,54.0,20260917193559929069
NCAAF,americanfootball_ncaaf,eda972dc55ded05916deafa37efab9c3,2026-09-19T23:30:00Z,West Virginia Mountaineers,Virginia Cavaliers,lowvig,LowVig.ag,2026-09-17T19:35:22Z,h2h,2026-09-17T19:35:22Z,Virginia Cavaliers,-400,,20260917193559929069
NCAAF,americanfootball_ncaaf,eda972dc55ded05916deafa37efab9c3,2026-09-19T23:30:00Z,West Virginia Mountaineers,Virginia Cavaliers,lowvig,LowVig.ag,2026-09-17T19:35:22Z,h2h,2026-09-17T19:35:22Z,West Virginia Mountaineers,316,,20260917193559929069
NCAAF,americanfootball_ncaaf,eda972dc55ded05916deafa37efab9c3,2026-09-19T23:30:00Z,West Virginia Mountaineers,Virginia Cavaliers,lowvig,LowVig.ag,2026-09-17T19:35:22Z,spreads,2026-09-17T19:35:22Z,Virginia Cavaliers,-104,-10.5,20260917193559929069
NCAAF,americanfootball_ncaaf,eda972dc55ded05916deafa37efab9c3,2026-09-19T23:30:00Z,West Virginia Mountaineers,Virginia Cavaliers,lowvig,LowVig.ag,2026-09-17T19:35:22Z,spreads,2026-09-17T19:35:22Z,West Virginia Mountaineers,-108,10.5,20260917193559929069
NCAAF,americanfootball_ncaaf,eda972dc55ded05916deafa37efab9c3,2026-09-19T23:30:00Z,West Virginia Mountaineers,Virginia Cavaliers,lowvig,LowVig.ag,2026-09-17T19:35:22Z,totals,2026-09-17T19:35:22Z,Over,-108,53.5,20260917193559929069
NCAAF,americanfootball_ncaaf,eda972dc55ded05916deafa37efab9c3,2026-09-19T23:30:00Z,West Virginia Mountaineers,Virginia Cavaliers,lowvig,LowVig.ag,2026-09-17T19:35:22Z,totals,2026-09-17T19:35:22Z,Under,-108,53.5,20260917193559929069
NCAAF,americanfootball_ncaaf,eda972dc55ded05916deafa37efab9c3,2026-09-19T23:30:00Z,West Virginia Mountaineers,Virginia Cavaliers,betonlineag,BetOnline.ag,2026-09-17T19:35:23Z,h2h,2026-09-17T19:35:23Z,Virginia Cavaliers,-400,,20260917193559929069
NCAAF,americanfootball_ncaaf,eda972dc55ded05916deafa37efab9c3,2026-09-19T23:30:00Z,West Virginia Mountaineers,Virginia Cavaliers,betonlineag,BetOnline.ag,2026-09-17T19:35:23Z,h2h,2026-09-17T19:35:23Z,West Virginia Mountaineers,316,,20260917193559929069
NCAAF,americanfootball_ncaaf,eda972dc55ded05916deafa37efab9c3,2026-09-19T23:30:00Z,West Virginia Mountaineers,Virginia Cavaliers,betonlineag,BetOnline.ag,2026-09-17T19:35:23Z,spreads,2026-09-17T19:35:23Z,Virginia Cavaliers,-108,-10.5,20260917193559929069
NCAAF,americanfootball_ncaaf,eda972dc55ded05916deafa37efab9c3,2026-09-19T23:30:00Z,West Virginia Mountaineers,Virginia Cavaliers,betonlineag,BetOnline.ag,2026-09-17T19:35:23Z,spreads,2026-09-17T19:35:23Z,West Virginia Mountaineers,-112,10.5,20260917193559929069
NCAAF,americanfootball_ncaaf,eda972dc55ded05916deafa37efab9c3,2026-09-19T23:30:00Z,West Virginia Mountaineers,Virginia Cavaliers,betonlineag,BetOnline.ag,2026-09-17T19:35:23Z,totals,2026-09-17T19:35:23Z,Over,-110,53.5,20260917193559929069
NCAAF,americanfootball_ncaaf,eda972dc55ded05916deafa37efab9c3,2026-09-19T23:30:00Z,West Virginia Mountaineers,Virginia Cavaliers,betonlineag,BetOnline.ag,2026-09-17T19:35:23Z,totals,2026-09-17T19:35:23Z,Under,-110,53.5,20260917193559929069
NCAAF,americanfootball_ncaaf,eda972dc55ded05916deafa37efab9c3,2026-09-19T23:30:00Z,West Virginia Mountaineers,Virginia Cavaliers,betmgm,BetMGM,2026-09-17T19:35:24Z,h2h,2026-09-17T19:35:24Z,Virginia Cavaliers,-400,,20260917193559929069
NCAAF,americanfootball_ncaaf,eda972dc55ded05916deafa37efab9c3,2026-09-19T23:30:00Z,West Virginia Mountaineers,Virginia Cavaliers,betmgm,BetMGM,2026-09-17T19:35:24Z,h2h,2026-09-17T19:35:24Z,West Virginia Mountaineers,310,,20260917193559929069
NCAAF,americanfootball_ncaaf,eda972dc55ded05916deafa37efab9c3,2026-09-19T23:30:00Z,West Virginia Mountaineers,Virginia Cavaliers,betmgm,BetMGM,2026-09-17T19:35:24Z,totals,2026-09-17T19:35:24Z,Over,-110,53.5,20260917193559929069
NCAAF,americanfootball_ncaaf,eda972dc55ded05916deafa37efab9c3,2026-09-19T23:30:00Z,West Virginia Mountaineers,Virginia Cavaliers,betmgm,BetMGM,2026-09-17T19:35:24Z,totals,2026-09-17T19:35:24Z,Under,-108,53.5,20260917193559929069
NCAAF,americanfootball_ncaaf,eda972dc55ded05916deafa37efab9c3,2026-09-19T23:30:00Z,West Virginia Mountaineers,Virginia Cavaliers,betus,BetUS,2026-09-17T19:35:44Z,h2h,2026-09-17T19:35:44Z,Virginia Cavaliers,-400,,20260917193559929069
NCAAF,americanfootball_ncaaf,eda972dc55ded05916deafa37efab9c3,2026-09-19T23:30:00Z,West Virginia Mountaineers,Virginia Cavaliers,betus,BetUS,2026-09-17T19:35:44Z,h2h,2026-09-17T19:35:44Z,West Virginia Mountaineers,320,,20260917193559929069
NCAAF,americanfootball_ncaaf,eda972dc55ded05916deafa37efab9c3,2026-09-19T23:30:00Z,West Virginia Mountaineers,Virginia Cavaliers,betus,BetUS,2026-09-17T19:35:44Z,spreads,2026-09-17T19:35:44Z,Virginia Cavaliers,-110,-11.0,20260917193559929069
NCAAF,americanfootball_ncaaf,eda972dc55ded05916deafa37efab9c3,2026-09-19T23:30:00Z,West Virginia Mountaineers,Virginia Cavaliers,betus,BetUS,2026-09-17T19:35:44Z,spreads,2026-09-17T19:35:44Z,West Virginia Mountaineers,-110,11.0,20260917193559929069
NCAAF,americanfootball_ncaaf,eda972dc55ded05916deafa37efab9c3,2026-09-19T23:30:00Z,West Virginia Mountaineers,Virginia Cavaliers,betus,BetUS,2026-09-17T19:35:44Z,totals,2026-09-17T19:35:44Z,Over,-105,53.5,20260917193559929069
NCAAF,americanfootball_ncaaf,eda972dc55ded05916deafa37efab9c3,2026-09-19T23:30:00Z,West Virginia Mountaineers,Virginia Cavaliers,betus,BetUS,2026-09-17T19:35:44Z,totals,2026-09-17T19:35:44Z,Under,-115,53.5,20260917193559929069
NCAAF,americanfootball_ncaaf,eda972dc55ded05916deafa37efab9c3,2026-09-19T23:30:00Z,West Virginia Mountaineers,Virginia Cavaliers,bovada,Bovada,2026-09-17T19:35:03Z,h2h,2026-09-17T19:35:03Z,Virginia Cavaliers,-430,,20260917193559929069
NCAAF,americanfootball_ncaaf,eda972dc55ded05916deafa37efab9c3,2026-09-19T23:30:00Z,West Virginia Mountaineers,Virginia Cavaliers,bovada,Bovada,2026-09-17T19:35:03Z,h2h,2026-09-17T19:35:03Z,West Virginia Mountaineers,320,,20260917193559929069
NCAAF,americanfootball_ncaaf,eda972dc55ded05916deafa37efab9c3,2026-09-19T23:30:00Z,West Virginia Mountaineers,Virginia Cavaliers,bovada,Bovada,2026-09-17T19:35:03Z,spreads,2026-09-17T19:35:03Z,Virginia Cavaliers,-110,-10.5,20260917193559929069
NCAAF,americanfootball_ncaaf,eda972dc55ded05916deafa37efab9c3,2026-09-19T23:30:00Z,West Virginia Mountaineers,Virginia Cavaliers,bovada,Bovada,2026-09-17T19:35:03Z,spreads,2026-09-17T19:35:03Z,West Virginia Mountaineers,-110,10.5,20260917193559929069
NCAAF,americanfootball_ncaaf,eda972dc55ded05916deafa37efab9c3,2026-09-19T23:30:00Z,West Virginia Mountaineers,Virginia Cavaliers,bovada,Bovada,2026-09-17T19:35:03Z,totals,2026-09-17T19:35:03Z,Over,100,54.0,20260917193559929069
NCAAF,americanfootball_ncaaf,eda972dc55ded05916deafa37efab9c3,2026-09-19T23:30:00Z,West Virginia Mountaineers,Virginia Cavaliers,bovada,Bovada,2026-09-17T19:35:03Z,totals,2026-09-17T19:35:03Z,Under,-120,54.0,20260917193559929069
NCAAF,americanfootball_ncaaf,cc6953f45fe5acfc853fdf5e5e28a0e7,2026-09-19T23:45:00Z,Tennessee Volunteers,Kennesaw State Owls,fanduel,FanDuel,2026-09-17T19:35:46Z,spreads,2026-09-17T19:35:46Z,Kennesaw State Owls,-120,35.5,20260917193559929069
NCAAF,americanfootball_ncaaf,cc6953f45fe5acfc853fdf5e5e28a0e7,2026-09-19T23:45:00Z,Tennessee Volunteers,Kennesaw State Owls,fanduel,FanDuel,2026-09-17T19:35:46Z,spreads,2026-09-17T19:35:46Z,Tennessee Volunteers,-102,-35.5,20260917193559929069
NCAAF,americanfootball_ncaaf,cc6953f45fe5acfc853fdf5e5e28a0e7,2026-09-19T23:45:00Z,Tennessee Volunteers,Kennesaw State Owls,fanduel,FanDuel,2026-09-17T19:35:46Z,totals,2026-09-17T19:35:46Z,Over,-105,59.5,20260917193559929069
NCAAF,americanfootball_ncaaf,cc6953f45fe5acfc853fdf5e5e28a0e7,2026-09-19T23:45:00Z,Tennessee Volunteers,Kennesaw State Owls,fanduel,FanDuel,2026-09-17T19:35:46Z,totals,2026-09-17T19:35:46Z,Under,-115,59.5,20260917193559929069
NCAAF,americanfootball_ncaaf,cc6953f45fe5acfc853fdf5e5e28a0e7,2026-09-19T23:45:00Z,Tennessee Volunteers,Kennesaw State Owls,draftkings,DraftKings,2026-09-17T19:34:58Z,h2h,2026-09-17T19:34:58Z,Kennesaw State Owls,4000,,20260917193559929069
NCAAF,americanfootball_ncaaf,cc6953f45fe5acfc853fdf5e5e28a0e7,2026-09-19T23:45:00Z,Tennessee Volunteers,Kennesaw State Owls,draftkings,DraftKings,2026-09-17T19:34:58Z,h2h,2026-09-17T19:34:58Z,Tennessee Volunteers,-50000,,20260917193559929069
NCAAF,americanfootball_ncaaf,cc6953f45fe5acfc853fdf5e5e28a0e7,2026-09-19T23:45:00Z,Tennessee Volunteers,Kennesaw State Owls,draftkings,DraftKings,2026-09-17T19:34:58Z,spreads,2026-09-17T19:34:58Z,Kennesaw State Owls,-118,35.5,20260917193559929069
NCAAF,americanfootball_ncaaf,cc6953f45fe5acfc853fdf5e5e28a0e7,2026-09-19T23:45:00Z,Tennessee Volunteers,Kennesaw State Owls,draftkings,DraftKings,2026-09-17T19:34:58Z,spreads,2026-09-17T19:34:58Z,Tennessee Volunteers,-102,-35.5,20260917193559929069
NCAAF,americanfootball_ncaaf,cc6953f45fe5acfc853fdf5e5e28a0e7,2026-09-19T23:45:00Z,Tennessee Volunteers,Kennesaw State Owls,draftkings,DraftKings,2026-09-17T19:34:58Z,totals,2026-09-17T19:34:58Z,Over,-105,59.5,20260917193559929069
NCAAF,americanfootball_ncaaf,cc6953f45fe5acfc853fdf5e5e28a0e7,2026-09-19T23:45:00Z,Tennessee Volunteers,Kennesaw State Owls,draftkings,DraftKings,2026-09-17T19:34:58Z,totals,2026-09-17T19:34:58Z,Under,-115,59.5,20260917193559929069
NCAAF,americanfootball_ncaaf,cc6953f45fe5acfc853fdf5e5e28a0e7,2026-09-19T23:45:00Z,Tennessee Volunteers,Kennesaw State Owls,lowvig,LowVig.ag,2026-09-17T19:35:22Z,spreads,2026-09-17T19:35:22Z,Kennesaw State Owls,-103,35.0,20260917193559929069
NCAAF,americanfootball_ncaaf,cc6953f45fe5acfc853fdf5e5e28a0e7,2026-09-19T23:45:00Z,Tennessee Volunteers,Kennesaw State Owls,lowvig,LowVig.ag,2026-09-17T19:35:22Z,spreads,2026-09-17T19:35:22Z,Tennessee Volunteers,-109,-35.0,20260917193559929069
NCAAF,americanfootball_ncaaf,cc6953f45fe5acfc853fdf5e5e28a0e7,2026-09-19T23:45:00Z,Tennessee Volunteers,Kennesaw State Owls,lowvig,LowVig.ag,2026-09-17T19:35:22Z,totals,2026-09-17T19:35:22Z,Over,-108,59.0,20260917193559929069
NCAAF,americanfootball_ncaaf,cc6953f45fe5acfc853fdf5e5e28a0e7,2026-09-19T23:45:00Z,Tennessee Volunteers,Kennesaw State Owls,lowvig,LowVig.ag,2026-09-17T19:35:22Z,totals,2026-09-17T19:35:22Z,Under,-108,59.0,20260917193559929069
NCAAF,americanfootball_ncaaf,cc6953f45fe5acfc853fdf5e5e28a0e7,2026-09-19T23:45:00Z,Tennessee Volunteers,Kennesaw State Owls,betonlineag,BetOnline.ag,2026-09-17T19:35:23Z,spreads,2026-09-17T19:35:23Z,Kennesaw State Owls,100,35.0,20260917193559929069
NCAAF,americanfootball_ncaaf,cc6953f45fe5acfc853fdf5e5e28a0e7,2026-09-19T23:45:00Z,Tennessee Volunteers,Kennesaw State Owls,betonlineag,BetOnline.ag,2026-09-17T19:35:23Z,spreads,2026-09-17T19:35:23Z,Tennessee Volunteers,-120,-35.0,20260917193559929069
NCAAF,americanfootball_ncaaf,cc6953f45fe5acfc853fdf5e5e28a0e7,2026-09-19T23:45:00Z,Tennessee Volunteers,Kennesaw State Owls,betonlineag,BetOnline.ag,2026-09-17T19:35:23Z,totals,2026-09-17T19:35:23Z,Over,-110,59.0,20260917193559929069
NCAAF,americanfootball_ncaaf,cc6953f45fe5acfc853fdf5e5e28a0e7,2026-09-19T23:45:00Z,Tennessee Volunteers,Kennesaw State Owls,betonlineag,BetOnline.ag,2026-09-17T19:35:23Z,totals,2026-09-17T19:35:23Z,Under,-110,59.0,20260917193559929069
NCAAF,americanfootball_ncaaf,cc6953f45fe5acfc853fdf5e5e28a0e7,2026-09-19T23:45:00Z,Tennessee Volunteers,Kennesaw State Owls,betmgm,BetMGM,2026-09-17T19:35:24Z,h2h,2026-09-17T19:35:24Z,Kennesaw State Owls,5000,,20260917193559929069
NCAAF,americanfootball_ncaaf,cc6953f45fe5acfc853fdf5e5e28a0e7,2026-09-19T23:45:00Z,Tennessee Volunteers,Kennesaw State Owls,betmgm,BetMGM,2026-09-17T19:35:24Z,h2h,2026-09-17T19:35:24Z,Tennessee Volunteers,-35000,,20260917193559929069
NCAAF,americanfootball_ncaaf,cc6953f45fe5acfc853fdf5e5e28a0e7,2026-09-19T23:45:00Z,Tennessee Volunteers,Kennesaw State Owls,betmgm,BetMGM,2026-09-17T19:35:24Z,spreads,2026-09-17T19:35:24Z,Kennesaw State Owls,-112,35.5,20260917193559929069
NCAAF,americanfootball_ncaaf,cc6953f45fe5acfc853fdf5e5e28a0e7,2026-09-19T23:45:00Z,Tennessee Volunteers,Kennesaw State Owls,betmgm,BetMGM,2026-09-17T19:35:24Z,spreads,2026-09-17T19:35:24Z,Tennessee Volunteers,-105,-35.5,20260917193559929069
NCAAF,americanfootball_ncaaf,cc6953f45fe5acfc853fdf5e5e28a0e7,2026-09-19T23:45:00Z,Tennessee Volunteers,Kennesaw State Owls,betmgm,BetMGM,2026-09-17T19:35:24Z,totals,2026-09-17T19:35:24Z,Over,-102,59.5,20260917193559929069
NCAAF,americanfootball_ncaaf,cc6953f45fe5acfc853fdf5e5e28a0e7,2026-09-19T23:45:00Z,Tennessee Volunteers,Kennesaw State Owls,betmgm,BetMGM,2026-09-17T19:35:24Z,totals,2026-09-17T19:35:24Z,Under,-118,59.5,20260917193559929069
NCAAF,americanfootball_ncaaf,cc6953f45fe5acfc853fdf5e5e28a0e7,2026-09-19T23:45:00Z,Tennessee Volunteers,Kennesaw State Owls,betrivers,BetRivers,2026-09-17T19:34:38Z,spreads,2026-09-17T19:34:38Z,Kennesaw State Owls,-113,35.5,20260917193559929069
NCAAF,americanfootball_ncaaf,cc6953f45fe5acfc853fdf5e5e28a0e7,2026-09-19T23:45:00Z,Tennessee Volunteers,Kennesaw State Owls,betrivers,BetRivers,2026-09-17T19:34:38Z,spreads,2026-09-17T19:34:38Z,Tennessee Volunteers,-110,-35.5,20260917193559929069
NCAAF,americanfootball_ncaaf,cc6953f45fe5acfc853fdf5e5e28a0e7,2026-09-19T23:45:00Z,Tennessee Volunteers,Kennesaw State Owls,betrivers,BetRivers,2026-09-17T19:34:38Z,totals,2026-09-17T19:34:38Z,Over,-112,60.0,20260917193559929069
NCAAF,americanfootball_ncaaf,cc6953f45fe5acfc853fdf5e5e28a0e7,2026-09-19T23:45:00Z,Tennessee Volunteers,Kennesaw State Owls,betrivers,BetRivers,2026-09-17T19:34:38Z,totals,2026-09-17T19:34:38Z,Under,-112,60.0,20260917193559929069
NCAAF,americanfootball_ncaaf,cc6953f45fe5acfc853fdf5e5e28a0e7,2026-09-19T23:45:00Z,Tennessee Volunteers,Kennesaw State Owls,betus,BetUS,2026-09-17T19:35:44Z,spreads,2026-09-17T19:35:44Z,Kennesaw State Owls,100,35.0,20260917193559929069
NCAAF,americanfootball_ncaaf,cc6953f45fe5acfc853fdf5e5e28a0e7,2026-09-19T23:45:00Z,Tennessee Volunteers,Kennesaw State Owls,betus,BetUS,2026-09-17T19:35:44Z,spreads,2026-09-17T19:35:44Z,Tennessee Volunteers,-120,-35.0,20260917193559929069
NCAAF,americanfootball_ncaaf,cc6953f45fe5acfc853fdf5e5e28a0e7,2026-09-19T23:45:00Z,Tennessee Volunteers,Kennesaw State Owls,betus,BetUS,2026-09-17T19:35:44Z,totals,2026-09-17T19:35:44Z,Over,-110,59.0,20260917193559929069
NCAAF,americanfootball_ncaaf,cc6953f45fe5acfc853fdf5e5e28a0e7,2026-09-19T23:45:00Z,Tennessee Volunteers,Kennesaw State Owls,betus,BetUS,2026-09-17T19:35:44Z,totals,2026-09-17T19:35:44Z,Under,-110,59.0,20260917193559929069
NCAAF,americanfootball_ncaaf,cc6953f45fe5acfc853fdf5e5e28a0e7,2026-09-19T23:45:00Z,Tennessee Volunteers,Kennesaw State Owls,bovada,Bovada,2026-09-17T19:35:03Z,spreads,2026-09-17T19:35:03Z,Kennesaw State Owls,-115,35.5,20260917193559929069
NCAAF,americanfootball_ncaaf,cc6953f45fe5acfc853fdf5e5e28a0e7,2026-09-19T23:45:00Z,Tennessee Volunteers,Kennesaw State Owls,bovada,Bovada,2026-09-17T19:35:03Z,spreads,2026-09-17T19:35:03Z,Tennessee Volunteers,-105,-35.5,20260917193559929069
NCAAF,americanfootball_ncaaf,cc6953f45fe5acfc853fdf5e5e28a0e7,2026-09-19T23:45:00Z,Tennessee Volunteers,Kennesaw State Owls,bovada,Bovada,2026-09-17T19:35:03Z,totals,2026-09-17T19:35:03Z,Over,-105,60.0,20260917193559929069
NCAAF,americanfootball_ncaaf,cc6953f45fe5acfc853fdf5e5e28a0e7,2026-09-19T23:45:00Z,Tennessee Volunteers,Kennesaw State Owls,bovada,Bovada,2026-09-17T19:35:03Z,totals,2026-09-17T19:35:03Z,Under,-115,60.0,20260917193559929069
NCAAF,americanfootball_ncaaf,a64b980a572375c0cc1adba3c3fc2811,2026-09-20T00:00:00Z,TCU Horned Frogs,Arkansas State Red Wolves,fanduel,FanDuel,2026-09-17T19:35:46Z,h2h,2026-09-17T19:35:46Z,Arkansas State Red Wolves,810,,20260917193559929069
NCAAF,americanfootball_ncaaf,a64b980a572375c0cc1adba3c3fc2811,2026-09-20T00:00:00Z,TCU Horned Frogs,Arkansas State Red Wolves,fanduel,FanDuel,2026-09-17T19:35:46Z,h2h,2026-09-17T19:35:46Z,TCU Horned Frogs,-1450,,20260917193559929069
NCAAF,americanfootball_ncaaf,a64b980a572375c0cc1adba3c3fc2811,2026-09-20T00:00:00Z,TCU Horned Frogs,Arkansas State Red Wolves,fanduel,FanDuel,2026-09-17T19:35:46Z,spreads,2026-09-17T19:35:46Z,Arkansas State Red Wolves,-110,19.5,20260917193559929069
NCAAF,americanfootball_ncaaf,a64b980a572375c0cc1adba3c3fc2811,2026-09-20T00:00:00Z,TCU Horned Frogs,Arkansas State Red Wolves,fanduel,FanDuel,2026-09-17T19:35:46Z,spreads,2026-09-17T19:35:46Z,TCU Horned Frogs,-110,-19.5,20260917193559929069
NCAAF,americanfootball_ncaaf,a64b980a572375c0cc1adba3c3fc2811,2026-09-20T00:00:00Z,TCU Horned Frogs,Arkansas State Red Wolves,fanduel,FanDuel,2026-09-17T19:35:46Z,totals,2026-09-17T19:35:46Z,Over,-112,56.5,20260917193559929069
NCAAF,americanfootball_ncaaf,a64b980a572375c0cc1adba3c3fc2811,2026-09-20T00:00:00Z,TCU Horned Frogs,Arkansas State Red Wolves,fanduel,FanDuel,2026-09-17T19:35:46Z,totals,2026-09-17T19:35:46Z,Under,-108,56.5,20260917193559929069
NCAAF,americanfootball_ncaaf,a64b980a572375c0cc1adba3c3fc2811,2026-09-20T00:00:00Z,TCU Horned Frogs,Arkansas State Red Wolves,draftkings,DraftKings,2026-09-17T19:34:58Z,h2h,2026-09-17T19:34:58Z,Arkansas State Red Wolves,850,,20260917193559929069
NCAAF,americanfootball_ncaaf,a64b980a572375c0cc1adba3c3fc2811,2026-09-20T00:00:00Z,TCU Horned Frogs,Arkansas State Red Wolves,draftkings,DraftKings,2026-09-17T19:34:58Z,h2h,2026-09-17T19:34:58Z,TCU Horned Frogs,-1450,,20260917193559929069
NCAAF,americanfootball_ncaaf,a64b980a572375c0cc1adba3c3fc2811,2026-09-20T00:00:00Z,TCU Horned Frogs,Arkansas State Red Wolves,draftkings,DraftKings,2026-09-17T19:34:58Z,spreads,2026-09-17T19:34:58Z,Arkansas State Red Wolves,-108,19.5,20260917193559929069
NCAAF,americanfootball_ncaaf,a64b980a572375c0cc1adba3c3fc2811,2026-09-20T00:00:00Z,TCU Horned Frogs,Arkansas State Red Wolves,draftkings,DraftKings,2026-09-17T19:34:58Z,spreads,2026-09-17T19:34:58Z,TCU Horned Frogs,-112,-19.5,20260917193559929069
NCAAF,americanfootball_ncaaf,a64b980a572375c0cc1adba3c3fc2811,2026-09-20T00:00:00Z,TCU Horned Frogs,Arkansas State Red Wolves,draftkings,DraftKings,2026-09-17T19:34:58Z,totals,2026-09-17T19:34:58Z,Over,-105,56.5,20260917193559929069
NCAAF,americanfootball_ncaaf,a64b980a572375c0cc1adba3c3fc2811,2026-09-20T00:00:00Z,TCU Horned Frogs,Arkansas State Red Wolves,draftkings,DraftKings,2026-09-17T19:34:58Z,totals,2026-09-17T19:34:58Z,Under,-115,56.5,20260917193559929069
NCAAF,americanfootball_ncaaf,a64b980a572375c0cc1adba3c3fc2811,2026-09-20T00:00:00Z,TCU Horned Frogs,Arkansas State Red Wolves,lowvig,LowVig.ag,2026-09-17T19:35:22Z,h2h,2026-09-17T19:35:22Z,Arkansas State Red Wolves,836,,20260917193559929069
NCAAF,americanfootball_ncaaf,a64b980a572375c0cc1adba3c3fc2811,2026-09-20T00:00:00Z,TCU Horned Frogs,Arkansas State Red Wolves,lowvig,LowVig.ag,2026-09-17T19:35:22Z,h2h,2026-09-17T19:35:22Z,TCU Horned Frogs,-1400,,20260917193559929069
NCAAF,americanfootball_ncaaf,a64b980a572375c0cc1adba3c3fc2811,2026-09-20T00:00:00Z,TCU Horned Frogs,Arkansas State Red Wolves,lowvig,LowVig.ag,2026-09-17T19:35:22Z,spreads,2026-09-17T19:35:22Z,Arkansas State Red Wolves,-106,19.5,20260917193559929069
NCAAF,americanfootball_ncaaf,a64b980a572375c0cc1adba3c3fc2811,2026-09-20T00:00:00Z,TCU Horned Frogs,Arkansas State Red Wolves,lowvig,LowVig.ag,2026-09-17T19:35:22Z,spreads,2026-09-17T19:35:22Z,TCU Horned Frogs,-106,-19.5,20260917193559929069
NCAAF,americanfootball_ncaaf,a64b980a572375c0cc1adba3c3fc2811,2026-09-20T00:00:00Z,TCU Horned Frogs,Arkansas State Red Wolves,lowvig,LowVig.ag,2026-09-17T19:35:22Z,totals,2026-09-17T19:35:22Z,Over,-101,57.0,20260917193559929069
NCAAF,americanfootball_ncaaf,a64b980a572375c0cc1adba3c3fc2811,2026-09-20T00:00:00Z,TCU Horned Frogs,Arkansas State Red Wolves,lowvig,LowVig.ag,2026-09-17T19:35:22Z,totals,2026-09-17T19:35:22Z,Under,-116,57.0,20260917193559929069
NCAAF,americanfootball_ncaaf,a64b980a572375c0cc1adba3c3fc2811,2026-09-20T00:00:00Z,TCU Horned Frogs,Arkansas State Red Wolves,betonlineag,BetOnline.ag,2026-09-17T19:35:23Z,h2h,2026-09-17T19:35:23Z,Arkansas State Red Wolves,836,,20260917193559929069
NCAAF,americanfootball_ncaaf,a64b980a572375c0cc1adba3c3fc2811,2026-09-20T00:00:00Z,TCU Horned Frogs,Arkansas State Red Wolves,betonlineag,BetOnline.ag,2026-09-17T19:35:23Z,h2h,2026-09-17T19:35:23Z,TCU Horned Frogs,-1400,,20260917193559929069
NCAAF,americanfootball_ncaaf,a64b980a572375c0cc1adba3c3fc2811,2026-09-20T00:00:00Z,TCU Horned Frogs,Arkansas State Red Wolves,betonlineag,BetOnline.ag,2026-09-17T19:35:23Z,spreads,2026-09-17T19:35:23Z,Arkansas State Red Wolves,-110,19.5,20260917193559929069
NCAAF,americanfootball_ncaaf,a64b980a572375c0cc1adba3c3fc2811,2026-09-20T00:00:00Z,TCU Horned Frogs,Arkansas State Red Wolves,betonlineag,BetOnline.ag,2026-09-17T19:35:23Z,spreads,2026-09-17T19:35:23Z,TCU Horned Frogs,-110,-19.5,20260917193559929069
NCAAF,americanfootball_ncaaf,a64b980a572375c0cc1adba3c3fc2811,2026-09-20T00:00:00Z,TCU Horned Frogs,Arkansas State Red Wolves,betonlineag,BetOnline.ag,2026-09-17T19:35:23Z,totals,2026-09-17T19:35:23Z,Over,-103,57.0,20260917193559929069
NCAAF,americanfootball_ncaaf,a64b980a572375c0cc1adba3c3fc2811,2026-09-20T00:00:00Z,TCU Horned Frogs,Arkansas State Red Wolves,betonlineag,BetOnline.ag,2026-09-17T19:35:23Z,totals,2026-09-17T19:35:23Z,Under,-117,57.0,20260917193559929069
NCAAF,americanfootball_ncaaf,a64b980a572375c0cc1adba3c3fc2811,2026-09-20T00:00:00Z,TCU Horned Frogs,Arkansas State Red Wolves,betmgm,BetMGM,2026-09-17T19:35:24Z,h2h,2026-09-17T19:35:24Z,Arkansas State Red Wolves,850,,20260917193559929069
NCAAF,americanfootball_ncaaf,a64b980a572375c0cc1adba3c3fc2811,2026-09-20T00:00:00Z,TCU Horned Frogs,Arkansas State Red Wolves,betmgm,BetMGM,2026-09-17T19:35:24Z,h2h,2026-09-17T19:35:24Z,TCU Horned Frogs,-1200,,20260917193559929069
NCAAF,americanfootball_ncaaf,a64b980a572375c0cc1adba3c3fc2811,2026-09-20T00:00:00Z,TCU Horned Frogs,Arkansas State Red Wolves,betmgm,BetMGM,2026-09-17T19:35:24Z,spreads,2026-09-17T19:35:24Z,Arkansas State Red Wolves,-110,19.5,20260917193559929069
NCAAF,americanfootball_ncaaf,a64b980a572375c0cc1adba3c3fc2811,2026-09-20T00:00:00Z,TCU Horned Frogs,Arkansas State Red Wolves,betmgm,BetMGM,2026-09-17T19:35:24Z,spreads,2026-09-17T19:35:24Z,TCU Horned Frogs,-108,-19.5,20260917193559929069
NCAAF,americanfootball_ncaaf,a64b980a572375c0cc1adba3c3fc2811,2026-09-20T00:00:00Z,TCU Horned Frogs,Arkansas State Red Wolves,betmgm,BetMGM,2026-09-17T19:35:24Z,totals,2026-09-17T19:35:24Z,Over,-108,56.5,20260917193559929069
NCAAF,americanfootball_ncaaf,a64b980a572375c0cc1adba3c3fc2811,2026-09-20T00:00:00Z,TCU Horned Frogs,Arkansas State Red Wolves,betmgm,BetMGM,2026-09-17T19:35:24Z,totals,2026-09-17T19:35:24Z,Under,-110,56.5,20260917193559929069
NCAAF,americanfootball_ncaaf,a64b980a572375c0cc1adba3c3fc2811,2026-09-20T00:00:00Z,TCU Horned Frogs,Arkansas State Red Wolves,betrivers,BetRivers,2026-09-17T19:34:38Z,h2h,2026-09-17T19:34:38Z,Arkansas State Red Wolves,800,,20260917193559929069
NCAAF,americanfootball_ncaaf,a64b980a572375c0cc1adba3c3fc2811,2026-09-20T00:00:00Z,TCU Horned Frogs,Arkansas State Red Wolves,betrivers,BetRivers,2026-09-17T19:34:38Z,h2h,2026-09-17T19:34:38Z,TCU Horned Frogs,-1667,,20260917193559929069
NCAAF,americanfootball_ncaaf,a64b980a572375c0cc1adba3c3fc2811,2026-09-20T00:00:00Z,TCU Horned Frogs,Arkansas State Red Wolves,betrivers,BetRivers,2026-09-17T19:34:38Z,spreads,2026-09-17T19:34:38Z,Arkansas State Red Wolves,-114,20.0,20260917193559929069
NCAAF,americanfootball_ncaaf,a64b980a572375c0cc1adba3c3fc2811,2026-09-20T00:00:00Z,TCU Horned Frogs,Arkansas State Red Wolves,betrivers,BetRivers,2026-09-17T19:34:38Z,spreads,2026-09-17T19:34:38Z,TCU Horned Frogs,-109,-20.0,20260917193559929069
NCAAF,americanfootball_ncaaf,a64b980a572375c0cc1adba3c3fc2811,2026-09-20T00:00:00Z,TCU Horned Frogs,Arkansas State Red Wolves,betrivers,BetRivers,2026-09-17T19:34:38Z,totals,2026-09-17T19:34:38Z,Over,-113,56.5,20260917193559929069
NCAAF,americanfootball_ncaaf,a64b980a572375c0cc1adba3c3fc2811,2026-09-20T00:00:00Z,TCU Horned Frogs,Arkansas State Red Wolves,betrivers,BetRivers,2026-09-17T19:34:38Z,totals,2026-09-17T19:34:38Z,Under,-110,56.5,20260917193559929069
NCAAF,americanfootball_ncaaf,a64b980a572375c0cc1adba3c3fc2811,2026-09-20T00:00:00Z,TCU Horned Frogs,Arkansas State Red Wolves,betus,BetUS,2026-09-17T19:35:44Z,h2h,2026-09-17T19:35:44Z,Arkansas State Red Wolves,825,,20260917193559929069
NCAAF,americanfootball_ncaaf,a64b980a572375c0cc1adba3c3fc2811,2026-09-20T00:00:00Z,TCU Horned Frogs,Arkansas State Red Wolves,betus,BetUS,2026-09-17T19:35:44Z,h2h,2026-09-17T19:35:44Z,TCU Horned Frogs,-1400,,20260917193559929069
NCAAF,americanfootball_ncaaf,a64b980a572375c0cc1adba3c3fc2811,2026-09-20T00:00:00Z,TCU Horned Frogs,Arkansas State Red Wolves,betus,BetUS,2026-09-17T19:35:44Z,spreads,2026-09-17T19:35:44Z,Arkansas State Red Wolves,-110,19.5,20260917193559929069
NCAAF,americanfootball_ncaaf,a64b980a572375c0cc1adba3c3fc2811,2026-09-20T00:00:00Z,TCU Horned Frogs,Arkansas State Red Wolves,betus,BetUS,2026-09-17T19:35:44Z,spreads,2026-09-17T19:35:44Z,TCU Horned Frogs,-110,-19.5,20260917193559929069
NCAAF,americanfootball_ncaaf,a64b980a572375c0cc1adba3c3fc2811,2026-09-20T00:00:00Z,TCU Horned Frogs,Arkansas State Red Wolves,betus,BetUS,2026-09-17T19:35:44Z,totals,2026-09-17T19:35:44Z,Over,-105,56.5,20260917193559929069
NCAAF,americanfootball_ncaaf,a64b980a572375c0cc1adba3c3fc2811,2026-09-20T00:00:00Z,TCU Horned Frogs,Arkansas State Red Wolves,betus,BetUS,2026-09-17T19:35:44Z,totals,2026-09-17T19:35:44Z,Under,-115,56.5,20260917193559929069
NCAAF,americanfootball_ncaaf,a64b980a572375c0cc1adba3c3fc2811,2026-09-20T00:00:00Z,TCU Horned Frogs,Arkansas State Red Wolves,bovada,Bovada,2026-09-17T19:35:03Z,h2h,2026-09-17T19:35:03Z,Arkansas State Red Wolves,725,,20260917193559929069
NCAAF,americanfootball_ncaaf,a64b980a572375c0cc1adba3c3fc2811,2026-09-20T00:00:00Z,TCU Horned Frogs,Arkansas State Red Wolves,bovada,Bovada,2026-09-17T19:35:03Z,h2h,2026-09-17T19:35:03Z,TCU Horned Frogs,-1300,,20260917193559929069
NCAAF,americanfootball_ncaaf,a64b980a572375c0cc1adba3c3fc2811,2026-09-20T00:00:00Z,TCU Horned Frogs,Arkansas State Red Wolves,bovada,Bovada,2026-09-17T19:35:03Z,spreads,2026-09-17T19:35:03Z,Arkansas State Red Wolves,-110,19.0,20260917193559929069
NCAAF,americanfootball_ncaaf,a64b980a572375c0cc1adba3c3fc2811,2026-09-20T00:00:00Z,TCU Horned Frogs,Arkansas State Red Wolves,bovada,Bovada,2026-09-17T19:35:03Z,spreads,2026-09-17T19:35:03Z,TCU Horned Frogs,-110,-19.0,20260917193559929069
NCAAF,americanfootball_ncaaf,a64b980a572375c0cc1adba3c3fc2811,2026-09-20T00:00:00Z,TCU Horned Frogs,Arkansas State Red Wolves,bovada,Bovada,2026-09-17T19:35:03Z,totals,2026-09-17T19:35:03Z,Over,-110,56.5,20260917193559929069
NCAAF,americanfootball_ncaaf,a64b980a572375c0cc1adba3c3fc2811,2026-09-20T00:00:00Z,TCU Horned Frogs,Arkansas State Red Wolves,bovada,Bovada,2026-09-17T19:35:03Z,totals,2026-09-17T19:35:03Z,Under,-110,56.5,20260917193559929069
NCAAF,americanfootball_ncaaf,0fff6569a000494c8821a53d886df670,2026-09-20T00:00:00Z,Tulsa Golden Hurricane,East Texas A&M Lions,fanduel,FanDuel,2026-09-17T19:35:46Z,spreads,2026-09-17T19:35:46Z,East Texas A&M Lions,-112,42.5,20260917193559929069
NCAAF,americanfootball_ncaaf,0fff6569a000494c8821a53d886df670,2026-09-20T00:00:00Z,Tulsa Golden Hurricane,East Texas A&M Lions,fanduel,FanDuel,2026-09-17T19:35:46Z,spreads,2026-09-17T19:35:46Z,Tulsa Golden Hurricane,-108,-42.5,20260917193559929069
NCAAF,americanfootball_ncaaf,0fff6569a000494c8821a53d886df670,2026-09-20T00:00:00Z,Tulsa Golden Hurricane,East Texas A&M Lions,fanduel,FanDuel,2026-09-17T19:35:46Z,totals,2026-09-17T19:35:46Z,Over,-114,56.5,20260917193559929069
NCAAF,americanfootball_ncaaf,0fff6569a000494c8821a53d886df670,2026-09-20T00:00:00Z,Tulsa Golden Hurricane,East Texas A&M Lions,fanduel,FanDuel,2026-09-17T19:35:46Z,totals,2026-09-17T19:35:46Z,Under,-106,56.5,20260917193559929069
NCAAF,americanfootball_ncaaf,0fff6569a000494c8821a53d886df670,2026-09-20T00:00:00Z,Tulsa Golden Hurricane,East Texas A&M Lions,draftkings,DraftKings,2026-09-17T19:34:58Z,spreads,2026-09-17T19:34:58Z,East Texas A&M Lions,-110,42.5,20260917193559929069
NCAAF,americanfootball_ncaaf,0fff6569a000494c8821a53d886df670,2026-09-20T00:00:00Z,Tulsa Golden Hurricane,East Texas A&M Lions,draftkings,DraftKings,2026-09-17T19:34:58Z,spreads,2026-09-17T19:34:58Z,Tulsa Golden Hurricane,-110,-42.5,20260917193559929069
NCAAF,americanfootball_ncaaf,0fff6569a000494c8821a53d886df670,2026-09-20T00:00:00Z,Tulsa Golden Hurricane,East Texas A&M Lions,draftkings,DraftKings,2026-09-17T19:34:58Z,totals,2026-09-17T19:34:58Z,Over,-112,56.5,20260917193559929069
NCAAF,americanfootball_ncaaf,0fff6569a000494c8821a53d886df670,2026-09-20T00:00:00Z,Tulsa Golden Hurricane,East Texas A&M Lions,draftkings,DraftKings,2026-09-17T19:34:58Z,totals,2026-09-17T19:34:58Z,Under,-108,56.5,20260917193559929069
NCAAF,americanfootball_ncaaf,0fff6569a000494c8821a53d886df670,2026-09-20T00:00:00Z,Tulsa Golden Hurricane,East Texas A&M Lions,lowvig,LowVig.ag,2026-09-17T19:35:22Z,spreads,2026-09-17T19:35:22Z,East Texas A&M Lions,-115,42.5,20260917193559929069
NCAAF,americanfootball_ncaaf,0fff6569a000494c8821a53d886df670,2026-09-20T00:00:00Z,Tulsa Golden Hurricane,East Texas A&M Lions,lowvig,LowVig.ag,2026-09-17T19:35:22Z,spreads,2026-09-17T19:35:22Z,Tulsa Golden Hurricane,-115,-42.5,20260917193559929069
NCAAF,americanfootball_ncaaf,0fff6569a000494c8821a53d886df670,2026-09-20T00:00:00Z,Tulsa Golden Hurricane,East Texas A&M Lions,lowvig,LowVig.ag,2026-09-17T19:35:22Z,totals,2026-09-17T19:35:22Z,Over,-120,57.5,20260917193559929069
NCAAF,americanfootball_ncaaf,0fff6569a000494c8821a53d886df670,2026-09-20T00:00:00Z,Tulsa Golden Hurricane,East Texas A&M Lions,lowvig,LowVig.ag,2026-09-17T19:35:22Z,totals,2026-09-17T19:35:22Z,Under,-110,57.5,20260917193559929069
NCAAF,americanfootball_ncaaf,0fff6569a000494c8821a53d886df670,2026-09-20T00:00:00Z,Tulsa Golden Hurricane,East Texas A&M Lions,betonlineag,BetOnline.ag,2026-09-17T19:35:23Z,spreads,2026-09-17T19:35:23Z,East Texas A&M Lions,-115,42.5,20260917193559929069
NCAAF,americanfootball_ncaaf,0fff6569a000494c8821a53d886df670,2026-09-20T00:00:00Z,Tulsa Golden Hurricane,East Texas A&M Lions,betonlineag,BetOnline.ag,2026-09-17T19:35:23Z,spreads,2026-09-17T19:35:23Z,Tulsa Golden Hurricane,-115,-42.5,20260917193559929069
NCAAF,americanfootball_ncaaf,0fff6569a000494c8821a53d886df670,2026-09-20T00:00:00Z,Tulsa Golden Hurricane,East Texas A&M Lions,betonlineag,BetOnline.ag,2026-09-17T19:35:23Z,totals,2026-09-17T19:35:23Z,Over,-120,57.5,20260917193559929069
NCAAF,americanfootball_ncaaf,0fff6569a000494c8821a53d886df670,2026-09-20T00:00:00Z,Tulsa Golden Hurricane,East Texas A&M Lions,betonlineag,BetOnline.ag,2026-09-17T19:35:23Z,totals,2026-09-17T19:35:23Z,Under,-110,57.5,20260917193559929069
NCAAF,americanfootball_ncaaf,828ceb39d7fd7da80c98174ae5f02dcd,2026-09-20T00:00:00Z,Louisiana Ragin Cajuns,UAB Blazers,fanduel,FanDuel,2026-09-17T19:35:46Z,h2h,2026-09-17T19:35:46Z,Louisiana Ragin Cajuns,-330,,20260917193559929069
NCAAF,americanfootball_ncaaf,828ceb39d7fd7da80c98174ae5f02dcd,2026-09-20T00:00:00Z,Louisiana Ragin Cajuns,UAB Blazers,fanduel,FanDuel,2026-09-17T19:35:46Z,h2h,2026-09-17T19:35:46Z,UAB Blazers,260,,20260917193559929069
NCAAF,americanfootball_ncaaf,828ceb39d7fd7da80c98174ae5f02dcd,2026-09-20T00:00:00Z,Louisiana Ragin Cajuns,UAB Blazers,fanduel,FanDuel,2026-09-17T19:35:46Z,spreads,2026-09-17T19:35:46Z,Louisiana Ragin Cajuns,-115,-7.5,20260917193559929069
NCAAF,americanfootball_ncaaf,828ceb39d7fd7da80c98174ae5f02dcd,2026-09-20T00:00:00Z,Louisiana Ragin Cajuns,UAB Blazers,fanduel,FanDuel,2026-09-17T19:35:46Z,spreads,2026-09-17T19:35:46Z,UAB Blazers,-105,7.5,20260917193559929069
NCAAF,americanfootball_ncaaf,828ceb39d7fd7da80c98174ae5f02dcd,2026-09-20T00:00:00Z,Louisiana Ragin Cajuns,UAB Blazers,fanduel,FanDuel,2026-09-17T19:35:46Z,totals,2026-09-17T19:35:46Z,Over,-108,56.5,20260917193559929069
NCAAF,americanfootball_ncaaf,828ceb39d7fd7da80c98174ae5f02dcd,2026-09-20T00:00:00Z,Louisiana Ragin Cajuns,UAB Blazers,fanduel,FanDuel,2026-09-17T19:35:46Z,totals,2026-09-17T19:35:46Z,Under,-112,56.5,20260917193559929069
NCAAF,americanfootball_ncaaf,828ceb39d7fd7da80c98174ae5f02dcd,2026-09-20T00:00:00Z,Louisiana Ragin Cajuns,UAB Blazers,draftkings,DraftKings,2026-09-17T19:34:58Z,h2h,2026-09-17T19:34:58Z,Louisiana Ragin Cajuns,-325,,20260917193559929069
NCAAF,americanfootball_ncaaf,828ceb39d7fd7da80c98174ae5f02dcd,2026-09-20T00:00:00Z,Louisiana Ragin Cajuns,UAB Blazers,draftkings,DraftKings,2026-09-17T19:34:58Z,h2h,2026-09-17T19:34:58Z,UAB Blazers,260,,20260917193559929069
NCAAF,americanfootball_ncaaf,828ceb39d7fd7da80c98174ae5f02dcd,2026-09-20T00:00:00Z,Louisiana Ragin Cajuns,UAB Blazers,draftkings,DraftKings,2026-09-17T19:34:58Z,spreads,2026-09-17T19:34:58Z,Louisiana Ragin Cajuns,-115,-7.5,20260917193559929069
NCAAF,americanfootball_ncaaf,828ceb39d7fd7da80c98174ae5f02dcd,2026-09-20T00:00:00Z,Louisiana Ragin Cajuns,UAB Blazers,draftkings,DraftKings,2026-09-17T19:34:58Z,spreads,2026-09-17T19:34:58Z,UAB Blazers,-105,7.5,20260917193559929069
NCAAF,americanfootball_ncaaf,828ceb39d7fd7da80c98174ae5f02dcd,2026-09-20T00:00:00Z,Louisiana Ragin Cajuns,UAB Blazers,draftkings,DraftKings,2026-09-17T19:34:58Z,totals,2026-09-17T19:34:58Z,Over,-115,55.5,20260917193559929069
NCAAF,americanfootball_ncaaf,828ceb39d7fd7da80c98174ae5f02dcd,2026-09-20T00:00:00Z,Louisiana Ragin Cajuns,UAB Blazers,draftkings,DraftKings,2026-09-17T19:34:58Z,totals,2026-09-17T19:34:58Z,Under,-105,55.5,20260917193559929069
NCAAF,americanfootball_ncaaf,828ceb39d7fd7da80c98174ae5f02dcd,2026-09-20T00:00:00Z,Louisiana Ragin Cajuns,UAB Blazers,lowvig,LowVig.ag,2026-09-17T19:35:22Z,h2h,2026-09-17T19:35:22Z,Louisiana Ragin Cajuns,-310,,20260917193559929069
NCAAF,americanfootball_ncaaf,828ceb39d7fd7da80c98174ae5f02dcd,2026-09-20T00:00:00Z,Louisiana Ragin Cajuns,UAB Blazers,lowvig,LowVig.ag,2026-09-17T19:35:22Z,h2h,2026-09-17T19:35:22Z,UAB Blazers,252,,20260917193559929069
NCAAF,americanfootball_ncaaf,828ceb39d7fd7da80c98174ae5f02dcd,2026-09-20T00:00:00Z,Louisiana Ragin Cajuns,UAB Blazers,lowvig,LowVig.ag,2026-09-17T19:35:22Z,spreads,2026-09-17T19:35:22Z,Louisiana Ragin Cajuns,-106,-8.0,20260917193559929069
NCAAF,americanfootball_ncaaf,828ceb39d7fd7da80c98174ae5f02dcd,2026-09-20T00:00:00Z,Louisiana Ragin Cajuns,UAB Blazers,lowvig,LowVig.ag,2026-09-17T19:35:22Z,spreads,2026-09-17T19:35:22Z,UAB Blazers,-106,8.0,20260917193559929069
NCAAF,americanfootball_ncaaf,828ceb39d7fd7da80c98174ae5f02dcd,2026-09-20T00:00:00Z,Louisiana Ragin Cajuns,UAB Blazers,lowvig,LowVig.ag,2026-09-17T19:35:22Z,totals,2026-09-17T19:35:22Z,Over,-108,56.5,20260917193559929069
NCAAF,americanfootball_ncaaf,828ceb39d7fd7da80c98174ae5f02dcd,2026-09-20T00:00:00Z,Louisiana Ragin Cajuns,UAB Blazers,lowvig,LowVig.ag,2026-09-17T19:35:22Z,totals,2026-09-17T19:35:22Z,Under,-108,56.5,20260917193559929069
NCAAF,americanfootball_ncaaf,828ceb39d7fd7da80c98174ae5f02dcd,2026-09-20T00:00:00Z,Louisiana Ragin Cajuns,UAB Blazers,betonlineag,BetOnline.ag,2026-09-17T19:35:23Z,h2h,2026-09-17T19:35:23Z,Louisiana Ragin Cajuns,-310,,20260917193559929069
NCAAF,americanfootball_ncaaf,828ceb39d7fd7da80c98174ae5f02dcd,2026-09-20T00:00:00Z,Louisiana Ragin Cajuns,UAB Blazers,betonlineag,BetOnline.ag,2026-09-17T19:35:23Z,h2h,2026-09-17T19:35:23Z,UAB Blazers,252,,20260917193559929069
NCAAF,americanfootball_ncaaf,828ceb39d7fd7da80c98174ae5f02dcd,2026-09-20T00:00:00Z,Louisiana Ragin Cajuns,UAB Blazers,betonlineag,BetOnline.ag,2026-09-17T19:35:23Z,spreads,2026-09-17T19:35:23Z,Louisiana Ragin Cajuns,-110,-8.0,20260917193559929069
NCAAF,americanfootball_ncaaf,828ceb39d7fd7da80c98174ae5f02dcd,2026-09-20T00:00:00Z,Louisiana Ragin Cajuns,UAB Blazers,betonlineag,BetOnline.ag,2026-09-17T19:35:23Z,spreads,2026-09-17T19:35:23Z,UAB Blazers,-110,8.0,20260917193559929069
NCAAF,americanfootball_ncaaf,828ceb39d7fd7da80c98174ae5f02dcd,2026-09-20T00:00:00Z,Louisiana Ragin Cajuns,UAB Blazers,betonlineag,BetOnline.ag,2026-09-17T19:35:23Z,totals,2026-09-17T19:35:23Z,Over,-110,56.5,20260917193559929069
NCAAF,americanfootball_ncaaf,828ceb39d7fd7da80c98174ae5f02dcd,2026-09-20T00:00:00Z,Louisiana Ragin Cajuns,UAB Blazers,betonlineag,BetOnline.ag,2026-09-17T19:35:23Z,totals,2026-09-17T19:35:23Z,Under,-110,56.5,20260917193559929069
NCAAF,americanfootball_ncaaf,828ceb39d7fd7da80c98174ae5f02dcd,2026-09-20T00:00:00Z,Louisiana Ragin Cajuns,UAB Blazers,betmgm,BetMGM,2026-09-17T19:35:24Z,h2h,2026-09-17T19:35:24Z,Louisiana Ragin Cajuns,-325,,20260917193559929069
NCAAF,americanfootball_ncaaf,828ceb39d7fd7da80c98174ae5f02dcd,2026-09-20T00:00:00Z,Louisiana Ragin Cajuns,UAB Blazers,betmgm,BetMGM,2026-09-17T19:35:24Z,h2h,2026-09-17T19:35:24Z,UAB Blazers,260,,20260917193559929069
NCAAF,americanfootball_ncaaf,828ceb39d7fd7da80c98174ae5f02dcd,2026-09-20T00:00:00Z,Louisiana Ragin Cajuns,UAB Blazers,betmgm,BetMGM,2026-09-17T19:35:24Z,spreads,2026-09-17T19:35:24Z,Louisiana Ragin Cajuns,-108,-8.0,20260917193559929069
NCAAF,americanfootball_ncaaf,828ceb39d7fd7da80c98174ae5f02dcd,2026-09-20T00:00:00Z,Louisiana Ragin Cajuns,UAB Blazers,betmgm,BetMGM,2026-09-17T19:35:24Z,spreads,2026-09-17T19:35:24Z,UAB Blazers,-110,8.0,20260917193559929069
NCAAF,americanfootball_ncaaf,828ceb39d7fd7da80c98174ae5f02dcd,2026-09-20T00:00:00Z,Louisiana Ragin Cajuns,UAB Blazers,betmgm,BetMGM,2026-09-17T19:35:24Z,totals,2026-09-17T19:35:24Z,Over,-108,56.5,20260917193559929069
NCAAF,americanfootball_ncaaf,828ceb39d7fd7da80c98174ae5f02dcd,2026-09-20T00:00:00Z,Louisiana Ragin Cajuns,UAB Blazers,betmgm,BetMGM,2026-09-17T19:35:24Z,totals,2026-09-17T19:35:24Z,Under,-110,56.5,20260917193559929069
NCAAF,americanfootball_ncaaf,828ceb39d7fd7da80c98174ae5f02dcd,2026-09-20T00:00:00Z,Louisiana Ragin Cajuns,UAB Blazers,betrivers,BetRivers,2026-09-17T19:34:38Z,h2h,2026-09-17T19:34:38Z,Louisiana Ragin Cajuns,-400,,20260917193559929069
NCAAF,americanfootball_ncaaf,828ceb39d7fd7da80c98174ae5f02dcd,2026-09-20T00:00:00Z,Louisiana Ragin Cajuns,UAB Blazers,betrivers,BetRivers,2026-09-17T19:34:38Z,h2h,2026-09-17T19:34:38Z,UAB Blazers,295,,20260917193559929069
NCAAF,americanfootball_ncaaf,828ceb39d7fd7da80c98174ae5f02dcd,2026-09-20T00:00:00Z,Louisiana Ragin Cajuns,UAB Blazers,betrivers,BetRivers,2026-09-17T19:34:38Z,spreads,2026-09-17T19:34:38Z,Louisiana Ragin Cajuns,-108,-8.5,20260917193559929069
NCAAF,americanfootball_ncaaf,828ceb39d7fd7da80c98174ae5f02dcd,2026-09-20T00:00:00Z,Louisiana Ragin Cajuns,UAB Blazers,betrivers,BetRivers,2026-09-17T19:34:38Z,spreads,2026-09-17T19:34:38Z,UAB Blazers,-115,8.5,20260917193559929069
NCAAF,americanfootball_ncaaf,828ceb39d7fd7da80c98174ae5f02dcd,2026-09-20T00:00:00Z,Louisiana Ragin Cajuns,UAB Blazers,betrivers,BetRivers,2026-09-17T19:34:38Z,totals,2026-09-17T19:34:38Z,Over,-115,56.5,20260917193559929069
NCAAF,americanfootball_ncaaf,828ceb39d7fd7da80c98174ae5f02dcd,2026-09-20T00:00:00Z,Louisiana Ragin Cajuns,UAB Blazers,betrivers,BetRivers,2026-09-17T19:34:38Z,totals,2026-09-17T19:34:38Z,Under,-110,56.5,20260917193559929069
NCAAF,americanfootball_ncaaf,828ceb39d7fd7da80c98174ae5f02dcd,2026-09-20T00:00:00Z,Louisiana Ragin Cajuns,UAB Blazers,betus,BetUS,2026-09-17T19:35:44Z,h2h,2026-09-17T19:35:44Z,Louisiana Ragin Cajuns,-310,,20260917193559929069
NCAAF,americanfootball_ncaaf,828ceb39d7fd7da80c98174ae5f02dcd,2026-09-20T00:00:00Z,Louisiana Ragin Cajuns,UAB Blazers,betus,BetUS,2026-09-17T19:35:44Z,h2h,2026-09-17T19:35:44Z,UAB Blazers,255,,20260917193559929069
NCAAF,americanfootball_ncaaf,828ceb39d7fd7da80c98174ae5f02dcd,2026-09-20T00:00:00Z,Louisiana Ragin Cajuns,UAB Blazers,betus,BetUS,2026-09-17T19:35:44Z,spreads,2026-09-17T19:35:44Z,Louisiana Ragin Cajuns,-115,-7.5,20260917193559929069
NCAAF,americanfootball_ncaaf,828ceb39d7fd7da80c98174ae5f02dcd,2026-09-20T00:00:00Z,Louisiana Ragin Cajuns,UAB Blazers,betus,BetUS,2026-09-17T19:35:44Z,spreads,2026-09-17T19:35:44Z,UAB Blazers,-105,7.5,20260917193559929069
NCAAF,americanfootball_ncaaf,828ceb39d7fd7da80c98174ae5f02dcd,2026-09-20T00:00:00Z,Louisiana Ragin Cajuns,UAB Blazers,betus,BetUS,2026-09-17T19:35:44Z,totals,2026-09-17T19:35:44Z,Over,-110,56.5,20260917193559929069
NCAAF,americanfootball_ncaaf,828ceb39d7fd7da80c98174ae5f02dcd,2026-09-20T00:00:00Z,Louisiana Ragin Cajuns,UAB Blazers,betus,BetUS,2026-09-17T19:35:44Z,totals,2026-09-17T19:35:44Z,Under,-110,56.5,20260917193559929069
NCAAF,americanfootball_ncaaf,828ceb39d7fd7da80c98174ae5f02dcd,2026-09-20T00:00:00Z,Louisiana Ragin Cajuns,UAB Blazers,bovada,Bovada,2026-09-17T19:35:03Z,h2h,2026-09-17T19:35:03Z,Louisiana Ragin Cajuns,-320,,20260917193559929069
NCAAF,americanfootball_ncaaf,828ceb39d7fd7da80c98174ae5f02dcd,2026-09-20T00:00:00Z,Louisiana Ragin Cajuns,UAB Blazers,bovada,Bovada,2026-09-17T19:35:03Z,h2h,2026-09-17T19:35:03Z,UAB Blazers,260,,20260917193559929069
NCAAF,americanfootball_ncaaf,828ceb39d7fd7da80c98174ae5f02dcd,2026-09-20T00:00:00Z,Louisiana Ragin Cajuns,UAB Blazers,bovada,Bovada,2026-09-17T19:35:03Z,spreads,2026-09-17T19:35:03Z,Louisiana Ragin Cajuns,-110,-8.0,20260917193559929069
NCAAF,americanfootball_ncaaf,828ceb39d7fd7da80c98174ae5f02dcd,2026-09-20T00:00:00Z,Louisiana Ragin Cajuns,UAB Blazers,bovada,Bovada,2026-09-17T19:35:03Z,spreads,2026-09-17T19:35:03Z,UAB Blazers,-110,8.0,20260917193559929069
NCAAF,americanfootball_ncaaf,828ceb39d7fd7da80c98174ae5f02dcd,2026-09-20T00:00:00Z,Louisiana Ragin Cajuns,UAB Blazers,bovada,Bovada,2026-09-17T19:35:03Z,totals,2026-09-17T19:35:03Z,Over,-110,56.5,20260917193559929069
NCAAF,americanfootball_ncaaf,828ceb39d7fd7da80c98174ae5f02dcd,2026-09-20T00:00:00Z,Louisiana Ragin Cajuns,UAB Blazers,bovada,Bovada,2026-09-17T19:35:03Z,totals,2026-09-17T19:35:03Z,Under,-110,56.5,20260917193559929069
NCAAF,americanfootball_ncaaf,6059b05ef23d08d9033bd7b5fe38e5d0,2026-09-20T00:00:00Z,Texas Longhorns,UTSA Roadrunners,draftkings,DraftKings,2026-09-17T19:34:58Z,h2h,2026-09-17T19:34:58Z,Texas Longhorns,-5000,,20260917193559929069
NCAAF,americanfootball_ncaaf,6059b05ef23d08d9033bd7b5fe38e5d0,2026-09-20T00:00:00Z,Texas Longhorns,UTSA Roadrunners,draftkings,DraftKings,2026-09-17T19:34:58Z,h2h,2026-09-17T19:34:58Z,UTSA Roadrunners,1800,,20260917193559929069
NCAAF,americanfootball_ncaaf,6059b05ef23d08d9033bd7b5fe38e5d0,2026-09-20T00:00:00Z,Texas Longhorns,UTSA Roadrunners,draftkings,DraftKings,2026-09-17T19:34:58Z,spreads,2026-09-17T19:34:58Z,Texas Longhorns,-115,-29.5,20260917193559929069
NCAAF,americanfootball_ncaaf,6059b05ef23d08d9033bd7b5fe38e5d0,2026-09-20T00:00:00Z,Texas Longhorns,UTSA Roadrunners,draftkings,DraftKings,2026-09-17T19:34:58Z,spreads,2026-09-17T19:34:58Z,UTSA Roadrunners,-105,29.5,20260917193559929069
NCAAF,americanfootball_ncaaf,6059b05ef23d08d9033bd7b5fe38e5d0,2026-09-20T00:00:00Z,Texas Longhorns,UTSA Roadrunners,draftkings,DraftKings,2026-09-17T19:34:58Z,totals,2026-09-17T19:34:58Z,Over,-105,58.5,20260917193559929069
NCAAF,americanfootball_ncaaf,6059b05ef23d08d9033bd7b5fe38e5d0,2026-09-20T00:00:00Z,Texas Longhorns,UTSA Roadrunners,draftkings,DraftKings,2026-09-17T19:34:58Z,totals,2026-09-17T19:34:58Z,Under,-115,58.5,20260917193559929069
NCAAF,americanfootball_ncaaf,6059b05ef23d08d9033bd7b5fe38e5d0,2026-09-20T00:00:00Z,Texas Longhorns,UTSA Roadrunners,fanduel,FanDuel,2026-09-17T19:35:46Z,h2h,2026-09-17T19:35:46Z,Texas Longhorns,-10000,,20260917193559929069
NCAAF,americanfootball_ncaaf,6059b05ef23d08d9033bd7b5fe38e5d0,2026-09-20T00:00:00Z,Texas Longhorns,UTSA Roadrunners,fanduel,FanDuel,2026-09-17T19:35:46Z,h2h,2026-09-17T19:35:46Z,UTSA Roadrunners,2400,,20260917193559929069
NCAAF,americanfootball_ncaaf,6059b05ef23d08d9033bd7b5fe38e5d0,2026-09-20T00:00:00Z,Texas Longhorns,UTSA Roadrunners,fanduel,FanDuel,2026-09-17T19:35:46Z,spreads,2026-09-17T19:35:46Z,Texas Longhorns,-102,-30.5,20260917193559929069
NCAAF,americanfootball_ncaaf,6059b05ef23d08d9033bd7b5fe38e5d0,2026-09-20T00:00:00Z,Texas Longhorns,UTSA Roadrunners,fanduel,FanDuel,2026-09-17T19:35:46Z,spreads,2026-09-17T19:35:46Z,UTSA Roadrunners,-120,30.5,20260917193559929069
NCAAF,americanfootball_ncaaf,6059b05ef23d08d9033bd7b5fe38e5d0,2026-09-20T00:00:00Z,Texas Longhorns,UTSA Roadrunners,fanduel,FanDuel,2026-09-17T19:35:46Z,totals,2026-09-17T19:35:46Z,Over,-105,58.5,20260917193559929069
NCAAF,americanfootball_ncaaf,6059b05ef23d08d9033bd7b5fe38e5d0,2026-09-20T00:00:00Z,Texas Longhorns,UTSA Roadrunners,fanduel,FanDuel,2026-09-17T19:35:46Z,totals,2026-09-17T19:35:46Z,Under,-115,58.5,20260917193559929069
NCAAF,americanfootball_ncaaf,6059b05ef23d08d9033bd7b5fe38e5d0,2026-09-20T00:00:00Z,Texas Longhorns,UTSA Roadrunners,betrivers,BetRivers,2026-09-17T19:34:38Z,spreads,2026-09-17T19:34:38Z,Texas Longhorns,-113,-30.5,20260917193559929069
NCAAF,americanfootball_ncaaf,6059b05ef23d08d9033bd7b5fe38e5d0,2026-09-20T00:00:00Z,Texas Longhorns,UTSA Roadrunners,betrivers,BetRivers,2026-09-17T19:34:38Z,spreads,2026-09-17T19:34:38Z,UTSA Roadrunners,-110,30.5,20260917193559929069
NCAAF,americanfootball_ncaaf,6059b05ef23d08d9033bd7b5fe38e5d0,2026-09-20T00:00:00Z,Texas Longhorns,UTSA Roadrunners,betrivers,BetRivers,2026-09-17T19:34:38Z,totals,2026-09-17T19:34:38Z,Over,-109,58.0,20260917193559929069
NCAAF,americanfootball_ncaaf,6059b05ef23d08d9033bd7b5fe38e5d0,2026-09-20T00:00:00Z,Texas Longhorns,UTSA Roadrunners,betrivers,BetRivers,2026-09-17T19:34:38Z,totals,2026-09-17T19:34:38Z,Under,-114,58.0,20260917193559929069
NCAAF,americanfootball_ncaaf,6059b05ef23d08d9033bd7b5fe38e5d0,2026-09-20T00:00:00Z,Texas Longhorns,UTSA Roadrunners,betonlineag,BetOnline.ag,2026-09-17T19:35:23Z,spreads,2026-09-17T19:35:23Z,Texas Longhorns,-110,-30.0,20260917193559929069
NCAAF,americanfootball_ncaaf,6059b05ef23d08d9033bd7b5fe38e5d0,2026-09-20T00:00:00Z,Texas Longhorns,UTSA Roadrunners,betonlineag,BetOnline.ag,2026-09-17T19:35:23Z,spreads,2026-09-17T19:35:23Z,UTSA Roadrunners,-110,30.0,20260917193559929069
NCAAF,americanfootball_ncaaf,6059b05ef23d08d9033bd7b5fe38e5d0,2026-09-20T00:00:00Z,Texas Longhorns,UTSA Roadrunners,betonlineag,BetOnline.ag,2026-09-17T19:35:23Z,totals,2026-09-17T19:35:23Z,Over,-112,58.0,20260917193559929069
NCAAF,americanfootball_ncaaf,6059b05ef23d08d9033bd7b5fe38e5d0,2026-09-20T00:00:00Z,Texas Longhorns,UTSA Roadrunners,betonlineag,BetOnline.ag,2026-09-17T19:35:23Z,totals,2026-09-17T19:35:23Z,Under,-108,58.0,20260917193559929069
NCAAF,americanfootball_ncaaf,6059b05ef23d08d9033bd7b5fe38e5d0,2026-09-20T00:00:00Z,Texas Longhorns,UTSA Roadrunners,lowvig,LowVig.ag,2026-09-17T19:35:22Z,spreads,2026-09-17T19:35:22Z,Texas Longhorns,-106,-30.0,20260917193559929069
NCAAF,americanfootball_ncaaf,6059b05ef23d08d9033bd7b5fe38e5d0,2026-09-20T00:00:00Z,Texas Longhorns,UTSA Roadrunners,lowvig,LowVig.ag,2026-09-17T19:35:22Z,spreads,2026-09-17T19:35:22Z,UTSA Roadrunners,-106,30.0,20260917193559929069
NCAAF,americanfootball_ncaaf,6059b05ef23d08d9033bd7b5fe38e5d0,2026-09-20T00:00:00Z,Texas Longhorns,UTSA Roadrunners,lowvig,LowVig.ag,2026-09-17T19:35:22Z,totals,2026-09-17T19:35:22Z,Over,-110,58.0,20260917193559929069
NCAAF,americanfootball_ncaaf,6059b05ef23d08d9033bd7b5fe38e5d0,2026-09-20T00:00:00Z,Texas Longhorns,UTSA Roadrunners,lowvig,LowVig.ag,2026-09-17T19:35:22Z,totals,2026-09-17T19:35:22Z,Under,-106,58.0,20260917193559929069
NCAAF,americanfootball_ncaaf,6059b05ef23d08d9033bd7b5fe38e5d0,2026-09-20T00:00:00Z,Texas Longhorns,UTSA Roadrunners,betmgm,BetMGM,2026-09-17T19:35:24Z,h2h,2026-09-17T19:35:24Z,Texas Longhorns,-5000,,20260917193559929069
NCAAF,americanfootball_ncaaf,6059b05ef23d08d9033bd7b5fe38e5d0,2026-09-20T00:00:00Z,Texas Longhorns,UTSA Roadrunners,betmgm,BetMGM,2026-09-17T19:35:24Z,h2h,2026-09-17T19:35:24Z,UTSA Roadrunners,2200,,20260917193559929069
NCAAF,americanfootball_ncaaf,6059b05ef23d08d9033bd7b5fe38e5d0,2026-09-20T00:00:00Z,Texas Longhorns,UTSA Roadrunners,betmgm,BetMGM,2026-09-17T19:35:24Z,spreads,2026-09-17T19:35:24Z,Texas Longhorns,-112,-30.0,20260917193559929069
NCAAF,americanfootball_ncaaf,6059b05ef23d08d9033bd7b5fe38e5d0,2026-09-20T00:00:00Z,Texas Longhorns,UTSA Roadrunners,betmgm,BetMGM,2026-09-17T19:35:24Z,spreads,2026-09-17T19:35:24Z,UTSA Roadrunners,-118,30.0,20260917193559929069
NCAAF,americanfootball_ncaaf,6059b05ef23d08d9033bd7b5fe38e5d0,2026-09-20T00:00:00Z,Texas Longhorns,UTSA Roadrunners,betmgm,BetMGM,2026-09-17T19:35:24Z,totals,2026-09-17T19:35:24Z,Over,-105,58.5,20260917193559929069
NCAAF,americanfootball_ncaaf,6059b05ef23d08d9033bd7b5fe38e5d0,2026-09-20T00:00:00Z,Texas Longhorns,UTSA Roadrunners,betmgm,BetMGM,2026-09-17T19:35:24Z,totals,2026-09-17T19:35:24Z,Under,-112,58.5,20260917193559929069
NCAAF,americanfootball_ncaaf,6059b05ef23d08d9033bd7b5fe38e5d0,2026-09-20T00:00:00Z,Texas Longhorns,UTSA Roadrunners,betus,BetUS,2026-09-17T19:35:44Z,spreads,2026-09-17T19:35:44Z,Texas Longhorns,-110,-30.0,20260917193559929069
NCAAF,americanfootball_ncaaf,6059b05ef23d08d9033bd7b5fe38e5d0,2026-09-20T00:00:00Z,Texas Longhorns,UTSA Roadrunners,betus,BetUS,2026-09-17T19:35:44Z,spreads,2026-09-17T19:35:44Z,UTSA Roadrunners,-110,30.0,20260917193559929069
NCAAF,americanfootball_ncaaf,6059b05ef23d08d9033bd7b5fe38e5d0,2026-09-20T00:00:00Z,Texas Longhorns,UTSA Roadrunners,betus,BetUS,2026-09-17T19:35:44Z,totals,2026-09-17T19:35:44Z,Over,-110,58.0,20260917193559929069
NCAAF,americanfootball_ncaaf,6059b05ef23d08d9033bd7b5fe38e5d0,2026-09-20T00:00:00Z,Texas Longhorns,UTSA Roadrunners,betus,BetUS,2026-09-17T19:35:44Z,totals,2026-09-17T19:35:44Z,Under,-110,58.0,20260917193559929069
NCAAF,americanfootball_ncaaf,6059b05ef23d08d9033bd7b5fe38e5d0,2026-09-20T00:00:00Z,Texas Longhorns,UTSA Roadrunners,bovada,Bovada,2026-09-17T19:35:03Z,spreads,2026-09-17T19:35:03Z,Texas Longhorns,-110,-30.0,20260917193559929069
NCAAF,americanfootball_ncaaf,6059b05ef23d08d9033bd7b5fe38e5d0,2026-09-20T00:00:00Z,Texas Longhorns,UTSA Roadrunners,bovada,Bovada,2026-09-17T19:35:03Z,spreads,2026-09-17T19:35:03Z,UTSA Roadrunners,-110,30.0,20260917193559929069
NCAAF,americanfootball_ncaaf,6059b05ef23d08d9033bd7b5fe38e5d0,2026-09-20T00:00:00Z,Texas Longhorns,UTSA Roadrunners,bovada,Bovada,2026-09-17T19:35:03Z,totals,2026-09-17T19:35:03Z,Over,-110,58.0,20260917193559929069
NCAAF,americanfootball_ncaaf,6059b05ef23d08d9033bd7b5fe38e5d0,2026-09-20T00:00:00Z,Texas Longhorns,UTSA Roadrunners,bovada,Bovada,2026-09-17T19:35:03Z,totals,2026-09-17T19:35:03Z,Under,-110,58.0,20260917193559929069
NCAAF,americanfootball_ncaaf,6d109b8538a3588ad21a393896d32efc,2026-09-20T02:00:00Z,Boise State Broncos,South Dakota Coyotes,fanduel,FanDuel,2026-09-17T19:35:46Z,h2h,2026-09-17T19:35:46Z,Boise State Broncos,-3500,,20260917193559929069
NCAAF,americanfootball_ncaaf,6d109b8538a3588ad21a393896d32efc,2026-09-20T02:00:00Z,Boise State Broncos,South Dakota Coyotes,fanduel,FanDuel,2026-09-17T19:35:46Z,h2h,2026-09-17T19:35:46Z,South Dakota Coyotes,1280,,20260917193559929069
NCAAF,americanfootball_ncaaf,6d109b8538a3588ad21a393896d32efc,2026-09-20T02:00:00Z,Boise State Broncos,South Dakota Coyotes,fanduel,FanDuel,2026-09-17T19:35:46Z,spreads,2026-09-17T19:35:46Z,Boise State Broncos,-104,-24.5,20260917193559929069
NCAAF,americanfootball_ncaaf,6d109b8538a3588ad21a393896d32efc,2026-09-20T02:00:00Z,Boise State Broncos,South Dakota Coyotes,fanduel,FanDuel,2026-09-17T19:35:46Z,spreads,2026-09-17T19:35:46Z,South Dakota Coyotes,-118,24.5,20260917193559929069
NCAAF,americanfootball_ncaaf,6d109b8538a3588ad21a393896d32efc,2026-09-20T02:00:00Z,Boise State Broncos,South Dakota Coyotes,fanduel,FanDuel,2026-09-17T19:35:46Z,totals,2026-09-17T19:35:46Z,Over,-115,55.5,20260917193559929069
NCAAF,americanfootball_ncaaf,6d109b8538a3588ad21a393896d32efc,2026-09-20T02:00:00Z,Boise State Broncos,South Dakota Coyotes,fanduel,FanDuel,2026-09-17T19:35:46Z,totals,2026-09-17T19:35:46Z,Under,-105,55.5,20260917193559929069
NCAAF,americanfootball_ncaaf,6d109b8538a3588ad21a393896d32efc,2026-09-20T02:00:00Z,Boise State Broncos,South Dakota Coyotes,betrivers,BetRivers,2026-09-17T19:34:38Z,h2h,2026-09-17T19:34:38Z,Boise State Broncos,-10000,,20260917193559929069
NCAAF,americanfootball_ncaaf,6d109b8538a3588ad21a393896d32efc,2026-09-20T02:00:00Z,Boise State Broncos,South Dakota Coyotes,betrivers,BetRivers,2026-09-17T19:34:38Z,h2h,2026-09-17T19:34:38Z,South Dakota Coyotes,1400,,20260917193559929069
NCAAF,americanfootball_ncaaf,6d109b8538a3588ad21a393896d32efc,2026-09-20T02:00:00Z,Boise State Broncos,South Dakota Coyotes,betrivers,BetRivers,2026-09-17T19:34:38Z,spreads,2026-09-17T19:34:38Z,Boise State Broncos,-114,-24.0,20260917193559929069
NCAAF,americanfootball_ncaaf,6d109b8538a3588ad21a393896d32efc,2026-09-20T02:00:00Z,Boise State Broncos,South Dakota Coyotes,betrivers,BetRivers,2026-09-17T19:34:38Z,spreads,2026-09-17T19:34:38Z,South Dakota Coyotes,-109,24.0,20260917193559929069
NCAAF,americanfootball_ncaaf,6d109b8538a3588ad21a393896d32efc,2026-09-20T02:00:00Z,Boise State Broncos,South Dakota Coyotes,betrivers,BetRivers,2026-09-17T19:34:38Z,totals,2026-09-17T19:34:38Z,Over,-113,55.5,20260917193559929069
NCAAF,americanfootball_ncaaf,6d109b8538a3588ad21a393896d32efc,2026-09-20T02:00:00Z,Boise State Broncos,South Dakota Coyotes,betrivers,BetRivers,2026-09-17T19:34:38Z,totals,2026-09-17T19:34:38Z,Under,-110,55.5,20260917193559929069
NCAAF,americanfootball_ncaaf,6d109b8538a3588ad21a393896d32efc,2026-09-20T02:00:00Z,Boise State Broncos,South Dakota Coyotes,draftkings,DraftKings,2026-09-17T19:34:58Z,h2h,2026-09-17T19:34:58Z,Boise State Broncos,-3200,,20260917193559929069
NCAAF,americanfootball_ncaaf,6d109b8538a3588ad21a393896d32efc,2026-09-20T02:00:00Z,Boise State Broncos,South Dakota Coyotes,draftkings,DraftKings,2026-09-17T19:34:58Z,h2h,2026-09-17T19:34:58Z,South Dakota Coyotes,1400,,20260917193559929069
NCAAF,americanfootball_ncaaf,6d109b8538a3588ad21a393896d32efc,2026-09-20T02:00:00Z,Boise State Broncos,South Dakota Coyotes,draftkings,DraftKings,2026-09-17T19:34:58Z,spreads,2026-09-17T19:34:58Z,Boise State Broncos,-112,-23.5,20260917193559929069
NCAAF,americanfootball_ncaaf,6d109b8538a3588ad21a393896d32efc,2026-09-20T02:00:00Z,Boise State Broncos,South Dakota Coyotes,draftkings,DraftKings,2026-09-17T19:34:58Z,spreads,2026-09-17T19:34:58Z,South Dakota Coyotes,-108,23.5,20260917193559929069
NCAAF,americanfootball_ncaaf,6d109b8538a3588ad21a393896d32efc,2026-09-20T02:00:00Z,Boise State Broncos,South Dakota Coyotes,draftkings,DraftKings,2026-09-17T19:34:58Z,totals,2026-09-17T19:34:58Z,Over,-108,56.5,20260917193559929069
NCAAF,americanfootball_ncaaf,6d109b8538a3588ad21a393896d32efc,2026-09-20T02:00:00Z,Boise State Broncos,South Dakota Coyotes,draftkings,DraftKings,2026-09-17T19:34:58Z,totals,2026-09-17T19:34:58Z,Under,-112,56.5,20260917193559929069
NCAAF,americanfootball_ncaaf,6d109b8538a3588ad21a393896d32efc,2026-09-20T02:00:00Z,Boise State Broncos,South Dakota Coyotes,betonlineag,BetOnline.ag,2026-09-17T19:35:23Z,spreads,2026-09-17T19:35:23Z,Boise State Broncos,-125,-24.0,20260917193559929069
NCAAF,americanfootball_ncaaf,6d109b8538a3588ad21a393896d32efc,2026-09-20T02:00:00Z,Boise State Broncos,South Dakota Coyotes,betonlineag,BetOnline.ag,2026-09-17T19:35:23Z,spreads,2026-09-17T19:35:23Z,South Dakota Coyotes,-105,24.0,20260917193559929069
NCAAF,americanfootball_ncaaf,6d109b8538a3588ad21a393896d32efc,2026-09-20T02:00:00Z,Boise State Broncos,South Dakota Coyotes,betonlineag,BetOnline.ag,2026-09-17T19:35:23Z,totals,2026-09-17T19:35:23Z,Over,-115,57.0,20260917193559929069
NCAAF,americanfootball_ncaaf,6d109b8538a3588ad21a393896d32efc,2026-09-20T02:00:00Z,Boise State Broncos,South Dakota Coyotes,betonlineag,BetOnline.ag,2026-09-17T19:35:23Z,totals,2026-09-17T19:35:23Z,Under,-115,57.0,20260917193559929069
NCAAF,americanfootball_ncaaf,0cdf27f150204b8512bca1e2d7cce051,2026-09-20T02:00:00Z,San Diego State Aztecs,James Madison Dukes,draftkings,DraftKings,2026-09-17T19:34:58Z,h2h,2026-09-17T19:34:58Z,James Madison Dukes,105,,20260917193559929069
NCAAF,americanfootball_ncaaf,0cdf27f150204b8512bca1e2d7cce051,2026-09-20T02:00:00Z,San Diego State Aztecs,James Madison Dukes,draftkings,DraftKings,2026-09-17T19:34:58Z,h2h,2026-09-17T19:34:58Z,San Diego State Aztecs,-125,,20260917193559929069
NCAAF,americanfootball_ncaaf,0cdf27f150204b8512bca1e2d7cce051,2026-09-20T02:00:00Z,San Diego State Aztecs,James Madison Dukes,draftkings,DraftKings,2026-09-17T19:34:58Z,spreads,2026-09-17T19:34:58Z,James Madison Dukes,-110,1.5,20260917193559929069
NCAAF,americanfootball_ncaaf,0cdf27f150204b8512bca1e2d7cce051,2026-09-20T02:00:00Z,San Diego State Aztecs,James Madison Dukes,draftkings,DraftKings,2026-09-17T19:34:58Z,spreads,2026-09-17T19:34:58Z,San Diego State Aztecs,-110,-1.5,20260917193559929069
NCAAF,americanfootball_ncaaf,0cdf27f150204b8512bca1e2d7cce051,2026-09-20T02:00:00Z,San Diego State Aztecs,James Madison Dukes,draftkings,DraftKings,2026-09-17T19:34:58Z,totals,2026-09-17T19:34:58Z,Over,-110,46.5,20260917193559929069
NCAAF,americanfootball_ncaaf,0cdf27f150204b8512bca1e2d7cce051,2026-09-20T02:00:00Z,San Diego State Aztecs,James Madison Dukes,draftkings,DraftKings,2026-09-17T19:34:58Z,totals,2026-09-17T19:34:58Z,Under,-110,46.5,20260917193559929069
NCAAF,americanfootball_ncaaf,0cdf27f150204b8512bca1e2d7cce051,2026-09-20T02:00:00Z,San Diego State Aztecs,James Madison Dukes,betonlineag,BetOnline.ag,2026-09-17T19:35:23Z,h2h,2026-09-17T19:35:23Z,James Madison Dukes,107,,20260917193559929069
NCAAF,americanfootball_ncaaf,0cdf27f150204b8512bca1e2d7cce051,2026-09-20T02:00:00Z,San Diego State Aztecs,James Madison Dukes,betonlineag,BetOnline.ag,2026-09-17T19:35:23Z,h2h,2026-09-17T19:35:23Z,San Diego State Aztecs,-127,,20260917193559929069
NCAAF,americanfootball_ncaaf,0cdf27f150204b8512bca1e2d7cce051,2026-09-20T02:00:00Z,San Diego State Aztecs,James Madison Dukes,betonlineag,BetOnline.ag,2026-09-17T19:35:23Z,spreads,2026-09-17T19:35:23Z,James Madison Dukes,-110,1.5,20260917193559929069
NCAAF,americanfootball_ncaaf,0cdf27f150204b8512bca1e2d7cce051,2026-09-20T02:00:00Z,San Diego State Aztecs,James Madison Dukes,betonlineag,BetOnline.ag,2026-09-17T19:35:23Z,spreads,2026-09-17T19:35:23Z,San Diego State Aztecs,-110,-1.5,20260917193559929069
NCAAF,americanfootball_ncaaf,0cdf27f150204b8512bca1e2d7cce051,2026-09-20T02:00:00Z,San Diego State Aztecs,James Madison Dukes,betonlineag,BetOnline.ag,2026-09-17T19:35:23Z,totals,2026-09-17T19:35:23Z,Over,-110,46.0,20260917193559929069
NCAAF,americanfootball_ncaaf,0cdf27f150204b8512bca1e2d7cce051,2026-09-20T02:00:00Z,San Diego State Aztecs,James Madison Dukes,betonlineag,BetOnline.ag,2026-09-17T19:35:23Z,totals,2026-09-17T19:35:23Z,Under,-110,46.0,20260917193559929069
NCAAF,americanfootball_ncaaf,0cdf27f150204b8512bca1e2d7cce051,2026-09-20T02:00:00Z,San Diego State Aztecs,James Madison Dukes,lowvig,LowVig.ag,2026-09-17T19:35:22Z,h2h,2026-09-17T19:35:22Z,James Madison Dukes,107,,20260917193559929069
NCAAF,americanfootball_ncaaf,0cdf27f150204b8512bca1e2d7cce051,2026-09-20T02:00:00Z,San Diego State Aztecs,James Madison Dukes,lowvig,LowVig.ag,2026-09-17T19:35:22Z,h2h,2026-09-17T19:35:22Z,San Diego State Aztecs,-127,,20260917193559929069
NCAAF,americanfootball_ncaaf,0cdf27f150204b8512bca1e2d7cce051,2026-09-20T02:00:00Z,San Diego State Aztecs,James Madison Dukes,lowvig,LowVig.ag,2026-09-17T19:35:22Z,spreads,2026-09-17T19:35:22Z,James Madison Dukes,-106,1.5,20260917193559929069
NCAAF,americanfootball_ncaaf,0cdf27f150204b8512bca1e2d7cce051,2026-09-20T02:00:00Z,San Diego State Aztecs,James Madison Dukes,lowvig,LowVig.ag,2026-09-17T19:35:22Z,spreads,2026-09-17T19:35:22Z,San Diego State Aztecs,-106,-1.5,20260917193559929069
NCAAF,americanfootball_ncaaf,0cdf27f150204b8512bca1e2d7cce051,2026-09-20T02:00:00Z,San Diego State Aztecs,James Madison Dukes,lowvig,LowVig.ag,2026-09-17T19:35:22Z,totals,2026-09-17T19:35:22Z,Over,-108,46.0,20260917193559929069
NCAAF,americanfootball_ncaaf,0cdf27f150204b8512bca1e2d7cce051,2026-09-20T02:00:00Z,San Diego State Aztecs,James Madison Dukes,lowvig,LowVig.ag,2026-09-17T19:35:22Z,totals,2026-09-17T19:35:22Z,Under,-108,46.0,20260917193559929069
NCAAF,americanfootball_ncaaf,0cdf27f150204b8512bca1e2d7cce051,2026-09-20T02:00:00Z,San Diego State Aztecs,James Madison Dukes,betmgm,BetMGM,2026-09-17T19:35:24Z,h2h,2026-09-17T19:35:24Z,James Madison Dukes,105,,20260917193559929069
NCAAF,americanfootball_ncaaf,0cdf27f150204b8512bca1e2d7cce051,2026-09-20T02:00:00Z,San Diego State Aztecs,James Madison Dukes,betmgm,BetMGM,2026-09-17T19:35:24Z,h2h,2026-09-17T19:35:24Z,San Diego State Aztecs,-125,,20260917193559929069
NCAAF,americanfootball_ncaaf,0cdf27f150204b8512bca1e2d7cce051,2026-09-20T02:00:00Z,San Diego State Aztecs,James Madison Dukes,betmgm,BetMGM,2026-09-17T19:35:24Z,spreads,2026-09-17T19:35:24Z,James Madison Dukes,-108,1.5,20260917193559929069
NCAAF,americanfootball_ncaaf,0cdf27f150204b8512bca1e2d7cce051,2026-09-20T02:00:00Z,San Diego State Aztecs,James Madison Dukes,betmgm,BetMGM,2026-09-17T19:35:24Z,spreads,2026-09-17T19:35:24Z,San Diego State Aztecs,-110,-1.5,20260917193559929069
NCAAF,americanfootball_ncaaf,0cdf27f150204b8512bca1e2d7cce051,2026-09-20T02:00:00Z,San Diego State Aztecs,James Madison Dukes,betmgm,BetMGM,2026-09-17T19:35:24Z,totals,2026-09-17T19:35:24Z,Over,-118,45.5,20260917193559929069
NCAAF,americanfootball_ncaaf,0cdf27f150204b8512bca1e2d7cce051,2026-09-20T02:00:00Z,San Diego State Aztecs,James Madison Dukes,betmgm,BetMGM,2026-09-17T19:35:24Z,totals,2026-09-17T19:35:24Z,Under,-110,45.5,20260917193559929069
NCAAF,americanfootball_ncaaf,0cdf27f150204b8512bca1e2d7cce051,2026-09-20T02:00:00Z,San Diego State Aztecs,James Madison Dukes,fanduel,FanDuel,2026-09-17T19:35:46Z,h2h,2026-09-17T19:35:46Z,James Madison Dukes,105,,20260917193559929069
NCAAF,americanfootball_ncaaf,0cdf27f150204b8512bca1e2d7cce051,2026-09-20T02:00:00Z,San Diego State Aztecs,James Madison Dukes,fanduel,FanDuel,2026-09-17T19:35:46Z,h2h,2026-09-17T19:35:46Z,San Diego State Aztecs,-126,,20260917193559929069
NCAAF,americanfootball_ncaaf,0cdf27f150204b8512bca1e2d7cce051,2026-09-20T02:00:00Z,San Diego State Aztecs,James Madison Dukes,fanduel,FanDuel,2026-09-17T19:35:46Z,spreads,2026-09-17T19:35:46Z,James Madison Dukes,-105,1.5,20260917193559929069
NCAAF,americanfootball_ncaaf,0cdf27f150204b8512bca1e2d7cce051,2026-09-20T02:00:00Z,San Diego State Aztecs,James Madison Dukes,fanduel,FanDuel,2026-09-17T19:35:46Z,spreads,2026-09-17T19:35:46Z,San Diego State Aztecs,-115,-1.5,20260917193559929069
NCAAF,americanfootball_ncaaf,0cdf27f150204b8512bca1e2d7cce051,2026-09-20T02:00:00Z,San Diego State Aztecs,James Madison Dukes,fanduel,FanDuel,2026-09-17T19:35:46Z,totals,2026-09-17T19:35:46Z,Over,-105,46.5,20260917193559929069
NCAAF,americanfootball_ncaaf,0cdf27f150204b8512bca1e2d7cce051,2026-09-20T02:00:00Z,San Diego State Aztecs,James Madison Dukes,fanduel,FanDuel,2026-09-17T19:35:46Z,totals,2026-09-17T19:35:46Z,Under,-115,46.5,20260917193559929069
NCAAF,americanfootball_ncaaf,0cdf27f150204b8512bca1e2d7cce051,2026-09-20T02:00:00Z,San Diego State Aztecs,James Madison Dukes,betrivers,BetRivers,2026-09-17T19:34:38Z,h2h,2026-09-17T19:34:38Z,James Madison Dukes,100,,20260917193559929069
NCAAF,americanfootball_ncaaf,0cdf27f150204b8512bca1e2d7cce051,2026-09-20T02:00:00Z,San Diego State Aztecs,James Madison Dukes,betrivers,BetRivers,2026-09-17T19:34:38Z,h2h,2026-09-17T19:34:38Z,San Diego State Aztecs,-122,,20260917193559929069
NCAAF,americanfootball_ncaaf,0cdf27f150204b8512bca1e2d7cce051,2026-09-20T02:00:00Z,San Diego State Aztecs,James Madison Dukes,betrivers,BetRivers,2026-09-17T19:34:38Z,spreads,2026-09-17T19:34:38Z,James Madison Dukes,-109,1.5,20260917193559929069
NCAAF,americanfootball_ncaaf,0cdf27f150204b8512bca1e2d7cce051,2026-09-20T02:00:00Z,San Diego State Aztecs,James Madison Dukes,betrivers,BetRivers,2026-09-17T19:34:38Z,spreads,2026-09-17T19:34:38Z,San Diego State Aztecs,-114,-1.5,20260917193559929069
NCAAF,americanfootball_ncaaf,0cdf27f150204b8512bca1e2d7cce051,2026-09-20T02:00:00Z,San Diego State Aztecs,James Madison Dukes,betrivers,BetRivers,2026-09-17T19:34:38Z,totals,2026-09-17T19:34:38Z,Over,-117,46.5,20260917193559929069
NCAAF,americanfootball_ncaaf,0cdf27f150204b8512bca1e2d7cce051,2026-09-20T02:00:00Z,San Diego State Aztecs,James Madison Dukes,betrivers,BetRivers,2026-09-17T19:34:38Z,totals,2026-09-17T19:34:38Z,Under,-109,46.5,20260917193559929069
NCAAF,americanfootball_ncaaf,0cdf27f150204b8512bca1e2d7cce051,2026-09-20T02:00:00Z,San Diego State Aztecs,James Madison Dukes,betus,BetUS,2026-09-17T19:35:44Z,h2h,2026-09-17T19:35:44Z,James Madison Dukes,105,,20260917193559929069
NCAAF,americanfootball_ncaaf,0cdf27f150204b8512bca1e2d7cce051,2026-09-20T02:00:00Z,San Diego State Aztecs,James Madison Dukes,betus,BetUS,2026-09-17T19:35:44Z,h2h,2026-09-17T19:35:44Z,San Diego State Aztecs,-125,,20260917193559929069
NCAAF,americanfootball_ncaaf,0cdf27f150204b8512bca1e2d7cce051,2026-09-20T02:00:00Z,San Diego State Aztecs,James Madison Dukes,betus,BetUS,2026-09-17T19:35:44Z,spreads,2026-09-17T19:35:44Z,James Madison Dukes,-110,1.5,20260917193559929069
NCAAF,americanfootball_ncaaf,0cdf27f150204b8512bca1e2d7cce051,2026-09-20T02:00:00Z,San Diego State Aztecs,James Madison Dukes,betus,BetUS,2026-09-17T19:35:44Z,spreads,2026-09-17T19:35:44Z,San Diego State Aztecs,-110,-1.5,20260917193559929069
NCAAF,americanfootball_ncaaf,0cdf27f150204b8512bca1e2d7cce051,2026-09-20T02:00:00Z,San Diego State Aztecs,James Madison Dukes,betus,BetUS,2026-09-17T19:35:44Z,totals,2026-09-17T19:35:44Z,Over,-110,46.0,20260917193559929069
NCAAF,americanfootball_ncaaf,0cdf27f150204b8512bca1e2d7cce051,2026-09-20T02:00:00Z,San Diego State Aztecs,James Madison Dukes,betus,BetUS,2026-09-17T19:35:44Z,totals,2026-09-17T19:35:44Z,Under,-110,46.0,20260917193559929069
NCAAF,americanfootball_ncaaf,0cdf27f150204b8512bca1e2d7cce051,2026-09-20T02:00:00Z,San Diego State Aztecs,James Madison Dukes,bovada,Bovada,2026-09-17T19:35:03Z,h2h,2026-09-17T19:35:03Z,James Madison Dukes,100,,20260917193559929069
NCAAF,americanfootball_ncaaf,0cdf27f150204b8512bca1e2d7cce051,2026-09-20T02:00:00Z,San Diego State Aztecs,James Madison Dukes,bovada,Bovada,2026-09-17T19:35:03Z,h2h,2026-09-17T19:35:03Z,San Diego State Aztecs,-120,,20260917193559929069
NCAAF,americanfootball_ncaaf,0cdf27f150204b8512bca1e2d7cce051,2026-09-20T02:00:00Z,San Diego State Aztecs,James Madison Dukes,bovada,Bovada,2026-09-17T19:35:03Z,spreads,2026-09-17T19:35:03Z,James Madison Dukes,-110,1.5,20260917193559929069
NCAAF,americanfootball_ncaaf,0cdf27f150204b8512bca1e2d7cce051,2026-09-20T02:00:00Z,San Diego State Aztecs,James Madison Dukes,bovada,Bovada,2026-09-17T19:35:03Z,spreads,2026-09-17T19:35:03Z,San Diego State Aztecs,-110,-1.5,20260917193559929069
NCAAF,americanfootball_ncaaf,0cdf27f150204b8512bca1e2d7cce051,2026-09-20T02:00:00Z,San Diego State Aztecs,James Madison Dukes,bovada,Bovada,2026-09-17T19:35:03Z,totals,2026-09-17T19:35:03Z,Over,-110,46.0,20260917193559929069
NCAAF,americanfootball_ncaaf,0cdf27f150204b8512bca1e2d7cce051,2026-09-20T02:00:00Z,San Diego State Aztecs,James Madison Dukes,bovada,Bovada,2026-09-17T19:35:03Z,totals,2026-09-17T19:35:03Z,Under,-110,46.0,20260917193559929069
NCAAF,americanfootball_ncaaf,93de8127b5d37170dff2b88deca0b95e,2026-09-20T02:30:00Z,Arizona Wildcats,Northern Illinois Huskies,fanduel,FanDuel,2026-09-17T19:35:46Z,h2h,2026-09-17T19:35:46Z,Arizona Wildcats,-50000,,20260917193559929069
NCAAF,americanfootball_ncaaf,93de8127b5d37170dff2b88deca0b95e,2026-09-20T02:30:00Z,Arizona Wildcats,Northern Illinois Huskies,fanduel,FanDuel,2026-09-17T19:35:46Z,h2h,2026-09-17T19:35:46Z,Northern Illinois Huskies,5500,,20260917193559929069
NCAAF,americanfootball_ncaaf,93de8127b5d37170dff2b88deca0b95e,2026-09-20T02:30:00Z,Arizona Wildcats,Northern Illinois Huskies,fanduel,FanDuel,2026-09-17T19:35:46Z,spreads,2026-09-17T19:35:46Z,Arizona Wildcats,-110,-33.5,20260917193559929069
NCAAF,americanfootball_ncaaf,93de8127b5d37170dff2b88deca0b95e,2026-09-20T02:30:00Z,Arizona Wildcats,Northern Illinois Huskies,fanduel,FanDuel,2026-09-17T19:35:46Z,spreads,2026-09-17T19:35:46Z,Northern Illinois Huskies,-110,33.5,20260917193559929069
NCAAF,americanfootball_ncaaf,93de8127b5d37170dff2b88deca0b95e,2026-09-20T02:30:00Z,Arizona Wildcats,Northern Illinois Huskies,fanduel,FanDuel,2026-09-17T19:35:46Z,totals,2026-09-17T19:35:46Z,Over,-115,49.5,20260917193559929069
NCAAF,americanfootball_ncaaf,93de8127b5d37170dff2b88deca0b95e,2026-09-20T02:30:00Z,Arizona Wildcats,Northern Illinois Huskies,fanduel,FanDuel,2026-09-17T19:35:46Z,totals,2026-09-17T19:35:46Z,Under,-105,49.5,20260917193559929069
NCAAF,americanfootball_ncaaf,93de8127b5d37170dff2b88deca0b95e,2026-09-20T02:30:00Z,Arizona Wildcats,Northern Illinois Huskies,draftkings,DraftKings,2026-09-17T19:34:58Z,h2h,2026-09-17T19:34:58Z,Arizona Wildcats,-10000,,20260917193559929069
NCAAF,americanfootball_ncaaf,93de8127b5d37170dff2b88deca0b95e,2026-09-20T02:30:00Z,Arizona Wildcats,Northern Illinois Huskies,draftkings,DraftKings,2026-09-17T19:34:58Z,h2h,2026-09-17T19:34:58Z,Northern Illinois Huskies,3000,,20260917193559929069
NCAAF,americanfootball_ncaaf,93de8127b5d37170dff2b88deca0b95e,2026-09-20T02:30:00Z,Arizona Wildcats,Northern Illinois Huskies,draftkings,DraftKings,2026-09-17T19:34:58Z,spreads,2026-09-17T19:34:58Z,Arizona Wildcats,-115,-33.5,20260917193559929069
NCAAF,americanfootball_ncaaf,93de8127b5d37170dff2b88deca0b95e,2026-09-20T02:30:00Z,Arizona Wildcats,Northern Illinois Huskies,draftkings,DraftKings,2026-09-17T19:34:58Z,spreads,2026-09-17T19:34:58Z,Northern Illinois Huskies,-105,33.5,20260917193559929069
NCAAF,americanfootball_ncaaf,93de8127b5d37170dff2b88deca0b95e,2026-09-20T02:30:00Z,Arizona Wildcats,Northern Illinois Huskies,draftkings,DraftKings,2026-09-17T19:34:58Z,totals,2026-09-17T19:34:58Z,Over,-108,50.5,20260917193559929069
NCAAF,americanfootball_ncaaf,93de8127b5d37170dff2b88deca0b95e,2026-09-20T02:30:00Z,Arizona Wildcats,Northern Illinois Huskies,draftkings,DraftKings,2026-09-17T19:34:58Z,totals,2026-09-17T19:34:58Z,Under,-112,50.5,20260917193559929069
NCAAF,americanfootball_ncaaf,93de8127b5d37170dff2b88deca0b95e,2026-09-20T02:30:00Z,Arizona Wildcats,Northern Illinois Huskies,lowvig,LowVig.ag,2026-09-17T19:35:22Z,spreads,2026-09-17T19:35:22Z,Arizona Wildcats,-111,-33.5,20260917193559929069
NCAAF,americanfootball_ncaaf,93de8127b5d37170dff2b88deca0b95e,2026-09-20T02:30:00Z,Arizona Wildcats,Northern Illinois Huskies,lowvig,LowVig.ag,2026-09-17T19:35:22Z,spreads,2026-09-17T19:35:22Z,Northern Illinois Huskies,-101,33.5,20260917193559929069
NCAAF,americanfootball_ncaaf,93de8127b5d37170dff2b88deca0b95e,2026-09-20T02:30:00Z,Arizona Wildcats,Northern Illinois Huskies,lowvig,LowVig.ag,2026-09-17T19:35:22Z,totals,2026-09-17T19:35:22Z,Over,-108,50.0,20260917193559929069
NCAAF,americanfootball_ncaaf,93de8127b5d37170dff2b88deca0b95e,2026-09-20T02:30:00Z,Arizona Wildcats,Northern Illinois Huskies,lowvig,LowVig.ag,2026-09-17T19:35:22Z,totals,2026-09-17T19:35:22Z,Under,-108,50.0,20260917193559929069
NCAAF,americanfootball_ncaaf,93de8127b5d37170dff2b88deca0b95e,2026-09-20T02:30:00Z,Arizona Wildcats,Northern Illinois Huskies,betonlineag,BetOnline.ag,2026-09-17T19:35:23Z,spreads,2026-09-17T19:35:23Z,Arizona Wildcats,-115,-33.5,20260917193559929069
NCAAF,americanfootball_ncaaf,93de8127b5d37170dff2b88deca0b95e,2026-09-20T02:30:00Z,Arizona Wildcats,Northern Illinois Huskies,betonlineag,BetOnline.ag,2026-09-17T19:35:23Z,spreads,2026-09-17T19:35:23Z,Northern Illinois Huskies,-105,33.5,20260917193559929069
NCAAF,americanfootball_ncaaf,93de8127b5d37170dff2b88deca0b95e,2026-09-20T02:30:00Z,Arizona Wildcats,Northern Illinois Huskies,betonlineag,BetOnline.ag,2026-09-17T19:35:23Z,totals,2026-09-17T19:35:23Z,Over,-110,50.0,20260917193559929069
NCAAF,americanfootball_ncaaf,93de8127b5d37170dff2b88deca0b95e,2026-09-20T02:30:00Z,Arizona Wildcats,Northern Illinois Huskies,betonlineag,BetOnline.ag,2026-09-17T19:35:23Z,totals,2026-09-17T19:35:23Z,Under,-110,50.0,20260917193559929069
NCAAF,americanfootball_ncaaf,93de8127b5d37170dff2b88deca0b95e,2026-09-20T02:30:00Z,Arizona Wildcats,Northern Illinois Huskies,betmgm,BetMGM,2026-09-17T19:35:24Z,h2h,2026-09-17T19:35:24Z,Arizona Wildcats,-25000,,20260917193559929069
NCAAF,americanfootball_ncaaf,93de8127b5d37170dff2b88deca0b95e,2026-09-20T02:30:00Z,Arizona Wildcats,Northern Illinois Huskies,betmgm,BetMGM,2026-09-17T19:35:24Z,h2h,2026-09-17T19:35:24Z,Northern Illinois Huskies,4500,,20260917193559929069
NCAAF,americanfootball_ncaaf,93de8127b5d37170dff2b88deca0b95e,2026-09-20T02:30:00Z,Arizona Wildcats,Northern Illinois Huskies,betmgm,BetMGM,2026-09-17T19:35:24Z,spreads,2026-09-17T19:35:24Z,Arizona Wildcats,-110,-33.5,20260917193559929069
NCAAF,americanfootball_ncaaf,93de8127b5d37170dff2b88deca0b95e,2026-09-20T02:30:00Z,Arizona Wildcats,Northern Illinois Huskies,betmgm,BetMGM,2026-09-17T19:35:24Z,spreads,2026-09-17T19:35:24Z,Northern Illinois Huskies,-108,33.5,20260917193559929069
NCAAF,americanfootball_ncaaf,93de8127b5d37170dff2b88deca0b95e,2026-09-20T02:30:00Z,Arizona Wildcats,Northern Illinois Huskies,betmgm,BetMGM,2026-09-17T19:35:24Z,totals,2026-09-17T19:35:24Z,Over,-108,50.5,20260917193559929069
NCAAF,americanfootball_ncaaf,93de8127b5d37170dff2b88deca0b95e,2026-09-20T02:30:00Z,Arizona Wildcats,Northern Illinois Huskies,betmgm,BetMGM,2026-09-17T19:35:24Z,totals,2026-09-17T19:35:24Z,Under,-110,50.5,20260917193559929069
NCAAF,americanfootball_ncaaf,93de8127b5d37170dff2b88deca0b95e,2026-09-20T02:30:00Z,Arizona Wildcats,Northern Illinois Huskies,betus,BetUS,2026-09-17T19:35:44Z,spreads,2026-09-17T19:35:44Z,Arizona Wildcats,-115,-33.5,20260917193559929069
NCAAF,americanfootball_ncaaf,93de8127b5d37170dff2b88deca0b95e,2026-09-20T02:30:00Z,Arizona Wildcats,Northern Illinois Huskies,betus,BetUS,2026-09-17T19:35:44Z,spreads,2026-09-17T19:35:44Z,Northern Illinois Huskies,-105,33.5,20260917193559929069
NCAAF,americanfootball_ncaaf,93de8127b5d37170dff2b88deca0b95e,2026-09-20T02:30:00Z,Arizona Wildcats,Northern Illinois Huskies,betus,BetUS,2026-09-17T19:35:44Z,totals,2026-09-17T19:35:44Z,Over,-110,50.0,20260917193559929069
NCAAF,americanfootball_ncaaf,93de8127b5d37170dff2b88deca0b95e,2026-09-20T02:30:00Z,Arizona Wildcats,Northern Illinois Huskies,betus,BetUS,2026-09-17T19:35:44Z,totals,2026-09-17T19:35:44Z,Under,-110,50.0,20260917193559929069
NCAAF,americanfootball_ncaaf,93de8127b5d37170dff2b88deca0b95e,2026-09-20T02:30:00Z,Arizona Wildcats,Northern Illinois Huskies,betrivers,BetRivers,2026-09-17T19:34:38Z,spreads,2026-09-17T19:34:38Z,Arizona Wildcats,-108,-34.0,20260917193559929069
NCAAF,americanfootball_ncaaf,93de8127b5d37170dff2b88deca0b95e,2026-09-20T02:30:00Z,Arizona Wildcats,Northern Illinois Huskies,betrivers,BetRivers,2026-09-17T19:34:38Z,spreads,2026-09-17T19:34:38Z,Northern Illinois Huskies,-115,34.0,20260917193559929069
NCAAF,americanfootball_ncaaf,93de8127b5d37170dff2b88deca0b95e,2026-09-20T02:30:00Z,Arizona Wildcats,Northern Illinois Huskies,betrivers,BetRivers,2026-09-17T19:34:38Z,totals,2026-09-17T19:34:38Z,Over,-109,50.5,20260917193559929069
NCAAF,americanfootball_ncaaf,93de8127b5d37170dff2b88deca0b95e,2026-09-20T02:30:00Z,Arizona Wildcats,Northern Illinois Huskies,betrivers,BetRivers,2026-09-17T19:34:38Z,totals,2026-09-17T19:34:38Z,Under,-114,50.5,20260917193559929069
NCAAF,americanfootball_ncaaf,93de8127b5d37170dff2b88deca0b95e,2026-09-20T02:30:00Z,Arizona Wildcats,Northern Illinois Huskies,bovada,Bovada,2026-09-17T19:35:03Z,spreads,2026-09-17T19:35:03Z,Arizona Wildcats,-105,-34.5,20260917193559929069
NCAAF,americanfootball_ncaaf,93de8127b5d37170dff2b88deca0b95e,2026-09-20T02:30:00Z,Arizona Wildcats,Northern Illinois Huskies,bovada,Bovada,2026-09-17T19:35:03Z,spreads,2026-09-17T19:35:03Z,Northern Illinois Huskies,-115,34.5,20260917193559929069
NCAAF,americanfootball_ncaaf,93de8127b5d37170dff2b88deca0b95e,2026-09-20T02:30:00Z,Arizona Wildcats,Northern Illinois Huskies,bovada,Bovada,2026-09-17T19:35:03Z,totals,2026-09-17T19:35:03Z,Over,-110,50.0,20260917193559929069
NCAAF,americanfootball_ncaaf,93de8127b5d37170dff2b88deca0b95e,2026-09-20T02:30:00Z,Arizona Wildcats,Northern Illinois Huskies,bovada,Bovada,2026-09-17T19:35:03Z,totals,2026-09-17T19:35:03Z,Under,-110,50.0,20260917193559929069
NCAAF,americanfootball_ncaaf,0c7583234f964dbb7d9803a27d6b6dae,2026-09-20T02:30:00Z,Sacramento State Hornets,North Dakota State Bison,draftkings,DraftKings,2026-09-17T19:34:58Z,h2h,2026-09-17T19:34:58Z,North Dakota State Bison,-8000,,20260917193559929069
NCAAF,americanfootball_ncaaf,0c7583234f964dbb7d9803a27d6b6dae,2026-09-20T02:30:00Z,Sacramento State Hornets,North Dakota State Bison,draftkings,DraftKings,2026-09-17T19:34:58Z,h2h,2026-09-17T19:34:58Z,Sacramento State Hornets,2200,,20260917193559929069
NCAAF,americanfootball_ncaaf,0c7583234f964dbb7d9803a27d6b6dae,2026-09-20T02:30:00Z,Sacramento State Hornets,North Dakota State Bison,draftkings,DraftKings,2026-09-17T19:34:58Z,spreads,2026-09-17T19:34:58Z,North Dakota State Bison,-118,-27.5,20260917193559929069
NCAAF,americanfootball_ncaaf,0c7583234f964dbb7d9803a27d6b6dae,2026-09-20T02:30:00Z,Sacramento State Hornets,North Dakota State Bison,draftkings,DraftKings,2026-09-17T19:34:58Z,spreads,2026-09-17T19:34:58Z,Sacramento State Hornets,-102,27.5,20260917193559929069
NCAAF,americanfootball_ncaaf,0c7583234f964dbb7d9803a27d6b6dae,2026-09-20T02:30:00Z,Sacramento State Hornets,North Dakota State Bison,draftkings,DraftKings,2026-09-17T19:34:58Z,totals,2026-09-17T19:34:58Z,Over,-118,50.5,20260917193559929069
NCAAF,americanfootball_ncaaf,0c7583234f964dbb7d9803a27d6b6dae,2026-09-20T02:30:00Z,Sacramento State Hornets,North Dakota State Bison,draftkings,DraftKings,2026-09-17T19:34:58Z,totals,2026-09-17T19:34:58Z,Under,-102,50.5,20260917193559929069
NCAAF,americanfootball_ncaaf,0c7583234f964dbb7d9803a27d6b6dae,2026-09-20T02:30:00Z,Sacramento State Hornets,North Dakota State Bison,lowvig,LowVig.ag,2026-09-17T19:35:22Z,spreads,2026-09-17T19:35:22Z,North Dakota State Bison,-103,-27.5,20260917193559929069
NCAAF,americanfootball_ncaaf,0c7583234f964dbb7d9803a27d6b6dae,2026-09-20T02:30:00Z,Sacramento State Hornets,North Dakota State Bison,lowvig,LowVig.ag,2026-09-17T19:35:22Z,spreads,2026-09-17T19:35:22Z,Sacramento State Hornets,-109,27.5,20260917193559929069
NCAAF,americanfootball_ncaaf,0c7583234f964dbb7d9803a27d6b6dae,2026-09-20T02:30:00Z,Sacramento State Hornets,North Dakota State Bison,lowvig,LowVig.ag,2026-09-17T19:35:22Z,totals,2026-09-17T19:35:22Z,Over,-108,50.5,20260917193559929069
NCAAF,americanfootball_ncaaf,0c7583234f964dbb7d9803a27d6b6dae,2026-09-20T02:30:00Z,Sacramento State Hornets,North Dakota State Bison,lowvig,LowVig.ag,2026-09-17T19:35:22Z,totals,2026-09-17T19:35:22Z,Under,-108,50.5,20260917193559929069
NCAAF,americanfootball_ncaaf,0c7583234f964dbb7d9803a27d6b6dae,2026-09-20T02:30:00Z,Sacramento State Hornets,North Dakota State Bison,betonlineag,BetOnline.ag,2026-09-17T19:35:23Z,spreads,2026-09-17T19:35:23Z,North Dakota State Bison,-107,-27.5,20260917193559929069
NCAAF,americanfootball_ncaaf,0c7583234f964dbb7d9803a27d6b6dae,2026-09-20T02:30:00Z,Sacramento State Hornets,North Dakota State Bison,betonlineag,BetOnline.ag,2026-09-17T19:35:23Z,spreads,2026-09-17T19:35:23Z,Sacramento State Hornets,-113,27.5,20260917193559929069
NCAAF,americanfootball_ncaaf,0c7583234f964dbb7d9803a27d6b6dae,2026-09-20T02:30:00Z,Sacramento State Hornets,North Dakota State Bison,betonlineag,BetOnline.ag,2026-09-17T19:35:23Z,totals,2026-09-17T19:35:23Z,Over,-110,50.5,20260917193559929069
NCAAF,americanfootball_ncaaf,0c7583234f964dbb7d9803a27d6b6dae,2026-09-20T02:30:00Z,Sacramento State Hornets,North Dakota State Bison,betonlineag,BetOnline.ag,2026-09-17T19:35:23Z,totals,2026-09-17T19:35:23Z,Under,-110,50.5,20260917193559929069
NCAAF,americanfootball_ncaaf,0c7583234f964dbb7d9803a27d6b6dae,2026-09-20T02:30:00Z,Sacramento State Hornets,North Dakota State Bison,betmgm,BetMGM,2026-09-17T19:35:24Z,h2h,2026-09-17T19:35:24Z,North Dakota State Bison,-5000,,20260917193559929069
NCAAF,americanfootball_ncaaf,0c7583234f964dbb7d9803a27d6b6dae,2026-09-20T02:30:00Z,Sacramento State Hornets,North Dakota State Bison,betmgm,BetMGM,2026-09-17T19:35:24Z,h2h,2026-09-17T19:35:24Z,Sacramento State Hornets,2200,,20260917193559929069
NCAAF,americanfootball_ncaaf,0c7583234f964dbb7d9803a27d6b6dae,2026-09-20T02:30:00Z,Sacramento State Hornets,North Dakota State Bison,betmgm,BetMGM,2026-09-17T19:35:24Z,spreads,2026-09-17T19:35:24Z,North Dakota State Bison,-108,-27.5,20260917193559929069
NCAAF,americanfootball_ncaaf,0c7583234f964dbb7d9803a27d6b6dae,2026-09-20T02:30:00Z,Sacramento State Hornets,North Dakota State Bison,betmgm,BetMGM,2026-09-17T19:35:24Z,spreads,2026-09-17T19:35:24Z,Sacramento State Hornets,-110,27.5,20260917193559929069
NCAAF,americanfootball_ncaaf,0c7583234f964dbb7d9803a27d6b6dae,2026-09-20T02:30:00Z,Sacramento State Hornets,North Dakota State Bison,betmgm,BetMGM,2026-09-17T19:35:24Z,totals,2026-09-17T19:35:24Z,Over,-115,50.5,20260917193559929069
NCAAF,americanfootball_ncaaf,0c7583234f964dbb7d9803a27d6b6dae,2026-09-20T02:30:00Z,Sacramento State Hornets,North Dakota State Bison,betmgm,BetMGM,2026-09-17T19:35:24Z,totals,2026-09-17T19:35:24Z,Under,-105,50.5,20260917193559929069
NCAAF,americanfootball_ncaaf,0c7583234f964dbb7d9803a27d6b6dae,2026-09-20T02:30:00Z,Sacramento State Hornets,North Dakota State Bison,fanduel,FanDuel,2026-09-17T19:35:46Z,h2h,2026-09-17T19:35:46Z,North Dakota State Bison,-7000,,20260917193559929069
NCAAF,americanfootball_ncaaf,0c7583234f964dbb7d9803a27d6b6dae,2026-09-20T02:30:00Z,Sacramento State Hornets,North Dakota State Bison,fanduel,FanDuel,2026-09-17T19:35:46Z,h2h,2026-09-17T19:35:46Z,Sacramento State Hornets,2000,,20260917193559929069
NCAAF,americanfootball_ncaaf,0c7583234f964dbb7d9803a27d6b6dae,2026-09-20T02:30:00Z,Sacramento State Hornets,North Dakota State Bison,fanduel,FanDuel,2026-09-17T19:35:46Z,spreads,2026-09-17T19:35:46Z,North Dakota State Bison,-110,-27.5,20260917193559929069
NCAAF,americanfootball_ncaaf,0c7583234f964dbb7d9803a27d6b6dae,2026-09-20T02:30:00Z,Sacramento State Hornets,North Dakota State Bison,fanduel,FanDuel,2026-09-17T19:35:46Z,spreads,2026-09-17T19:35:46Z,Sacramento State Hornets,-110,27.5,20260917193559929069
NCAAF,americanfootball_ncaaf,0c7583234f964dbb7d9803a27d6b6dae,2026-09-20T02:30:00Z,Sacramento State Hornets,North Dakota State Bison,fanduel,FanDuel,2026-09-17T19:35:46Z,totals,2026-09-17T19:35:46Z,Over,-115,50.5,20260917193559929069
NCAAF,americanfootball_ncaaf,0c7583234f964dbb7d9803a27d6b6dae,2026-09-20T02:30:00Z,Sacramento State Hornets,North Dakota State Bison,fanduel,FanDuel,2026-09-17T19:35:46Z,totals,2026-09-17T19:35:46Z,Under,-105,50.5,20260917193559929069
NCAAF,americanfootball_ncaaf,0c7583234f964dbb7d9803a27d6b6dae,2026-09-20T02:30:00Z,Sacramento State Hornets,North Dakota State Bison,betus,BetUS,2026-09-17T19:35:44Z,spreads,2026-09-17T19:35:44Z,North Dakota State Bison,-110,-27.5,20260917193559929069
NCAAF,americanfootball_ncaaf,0c7583234f964dbb7d9803a27d6b6dae,2026-09-20T02:30:00Z,Sacramento State Hornets,North Dakota State Bison,betus,BetUS,2026-09-17T19:35:44Z,spreads,2026-09-17T19:35:44Z,Sacramento State Hornets,-110,27.5,20260917193559929069
NCAAF,americanfootball_ncaaf,0c7583234f964dbb7d9803a27d6b6dae,2026-09-20T02:30:00Z,Sacramento State Hornets,North Dakota State Bison,betus,BetUS,2026-09-17T19:35:44Z,totals,2026-09-17T19:35:44Z,Over,-110,50.5,20260917193559929069
NCAAF,americanfootball_ncaaf,0c7583234f964dbb7d9803a27d6b6dae,2026-09-20T02:30:00Z,Sacramento State Hornets,North Dakota State Bison,betus,BetUS,2026-09-17T19:35:44Z,totals,2026-09-17T19:35:44Z,Under,-110,50.5,20260917193559929069
NCAAF,americanfootball_ncaaf,0c7583234f964dbb7d9803a27d6b6dae,2026-09-20T02:30:00Z,Sacramento State Hornets,North Dakota State Bison,betrivers,BetRivers,2026-09-17T19:34:38Z,spreads,2026-09-17T19:34:38Z,North Dakota State Bison,-112,-28.0,20260917193559929069
NCAAF,americanfootball_ncaaf,0c7583234f964dbb7d9803a27d6b6dae,2026-09-20T02:30:00Z,Sacramento State Hornets,North Dakota State Bison,betrivers,BetRivers,2026-09-17T19:34:38Z,spreads,2026-09-17T19:34:38Z,Sacramento State Hornets,-112,28.0,20260917193559929069
NCAAF,americanfootball_ncaaf,0c7583234f964dbb7d9803a27d6b6dae,2026-09-20T02:30:00Z,Sacramento State Hornets,North Dakota State Bison,betrivers,BetRivers,2026-09-17T19:34:38Z,totals,2026-09-17T19:34:38Z,Over,-114,51.5,20260917193559929069
NCAAF,americanfootball_ncaaf,0c7583234f964dbb7d9803a27d6b6dae,2026-09-20T02:30:00Z,Sacramento State Hornets,North Dakota State Bison,betrivers,BetRivers,2026-09-17T19:34:38Z,totals,2026-09-17T19:34:38Z,Under,-112,51.5,20260917193559929069
NCAAF,americanfootball_ncaaf,0c7583234f964dbb7d9803a27d6b6dae,2026-09-20T02:30:00Z,Sacramento State Hornets,North Dakota State Bison,bovada,Bovada,2026-09-17T19:35:03Z,h2h,2026-09-17T19:35:03Z,North Dakota State Bison,-6500,,20260917193559929069
NCAAF,americanfootball_ncaaf,0c7583234f964dbb7d9803a27d6b6dae,2026-09-20T02:30:00Z,Sacramento State Hornets,North Dakota State Bison,bovada,Bovada,2026-09-17T19:35:03Z,h2h,2026-09-17T19:35:03Z,Sacramento State Hornets,1300,,20260917193559929069
NCAAF,americanfootball_ncaaf,0c7583234f964dbb7d9803a27d6b6dae,2026-09-20T02:30:00Z,Sacramento State Hornets,North Dakota State Bison,bovada,Bovada,2026-09-17T19:35:03Z,spreads,2026-09-17T19:35:03Z,North Dakota State Bison,-105,-27.5,20260917193559929069
NCAAF,americanfootball_ncaaf,0c7583234f964dbb7d9803a27d6b6dae,2026-09-20T02:30:00Z,Sacramento State Hornets,North Dakota State Bison,bovada,Bovada,2026-09-17T19:35:03Z,spreads,2026-09-17T19:35:03Z,Sacramento State Hornets,-115,27.5,20260917193559929069
NCAAF,americanfootball_ncaaf,0c7583234f964dbb7d9803a27d6b6dae,2026-09-20T02:30:00Z,Sacramento State Hornets,North Dakota State Bison,bovada,Bovada,2026-09-17T19:35:03Z,totals,2026-09-17T19:35:03Z,Over,-105,51.5,20260917193559929069
NCAAF,americanfootball_ncaaf,0c7583234f964dbb7d9803a27d6b6dae,2026-09-20T02:30:00Z,Sacramento State Hornets,North Dakota State Bison,bovada,Bovada,2026-09-17T19:35:03Z,totals,2026-09-17T19:35:03Z,Under,-115,51.5,20260917193559929069
NCAAF,americanfootball_ncaaf,f6db4e789ff9341a9c94befc751c5f53,2026-09-20T03:00:00Z,San Jose State Spartans,Fresno State Bulldogs,fanduel,FanDuel,2026-09-17T19:35:46Z,h2h,2026-09-17T19:35:46Z,Fresno State Bulldogs,-240,,20260917193559929069
NCAAF,americanfootball_ncaaf,f6db4e789ff9341a9c94befc751c5f53,2026-09-20T03:00:00Z,San Jose State Spartans,Fresno State Bulldogs,fanduel,FanDuel,2026-09-17T19:35:46Z,h2h,2026-09-17T19:35:46Z,San Jose State Spartans,195,,20260917193559929069
NCAAF,americanfootball_ncaaf,f6db4e789ff9341a9c94befc751c5f53,2026-09-20T03:00:00Z,San Jose State Spartans,Fresno State Bulldogs,fanduel,FanDuel,2026-09-17T19:35:46Z,spreads,2026-09-17T19:35:46Z,Fresno State Bulldogs,-110,-6.5,20260917193559929069
NCAAF,americanfootball_ncaaf,f6db4e789ff9341a9c94befc751c5f53,2026-09-20T03:00:00Z,San Jose State Spartans,Fresno State Bulldogs,fanduel,FanDuel,2026-09-17T19:35:46Z,spreads,2026-09-17T19:35:46Z,San Jose State Spartans,-110,6.5,20260917193559929069
NCAAF,americanfootball_ncaaf,f6db4e789ff9341a9c94befc751c5f53,2026-09-20T03:00:00Z,San Jose State Spartans,Fresno State Bulldogs,fanduel,FanDuel,2026-09-17T19:35:46Z,totals,2026-09-17T19:35:46Z,Over,-104,50.5,20260917193559929069
NCAAF,americanfootball_ncaaf,f6db4e789ff9341a9c94befc751c5f53,2026-09-20T03:00:00Z,San Jose State Spartans,Fresno State Bulldogs,fanduel,FanDuel,2026-09-17T19:35:46Z,totals,2026-09-17T19:35:46Z,Under,-118,50.5,20260917193559929069
NCAAF,americanfootball_ncaaf,f6db4e789ff9341a9c94befc751c5f53,2026-09-20T03:00:00Z,San Jose State Spartans,Fresno State Bulldogs,draftkings,DraftKings,2026-09-17T19:34:58Z,h2h,2026-09-17T19:34:58Z,Fresno State Bulldogs,-250,,20260917193559929069
NCAAF,americanfootball_ncaaf,f6db4e789ff9341a9c94befc751c5f53,2026-09-20T03:00:00Z,San Jose State Spartans,Fresno State Bulldogs,draftkings,DraftKings,2026-09-17T19:34:58Z,h2h,2026-09-17T19:34:58Z,San Jose State Spartans,205,,20260917193559929069
NCAAF,americanfootball_ncaaf,f6db4e789ff9341a9c94befc751c5f53,2026-09-20T03:00:00Z,San Jose State Spartans,Fresno State Bulldogs,draftkings,DraftKings,2026-09-17T19:34:58Z,spreads,2026-09-17T19:34:58Z,Fresno State Bulldogs,-115,-6.5,20260917193559929069
NCAAF,americanfootball_ncaaf,f6db4e789ff9341a9c94befc751c5f53,2026-09-20T03:00:00Z,San Jose State Spartans,Fresno State Bulldogs,draftkings,DraftKings,2026-09-17T19:34:58Z,spreads,2026-09-17T19:34:58Z,San Jose State Spartans,-105,6.5,20260917193559929069
NCAAF,americanfootball_ncaaf,f6db4e789ff9341a9c94befc751c5f53,2026-09-20T03:00:00Z,San Jose State Spartans,Fresno State Bulldogs,draftkings,DraftKings,2026-09-17T19:34:58Z,totals,2026-09-17T19:34:58Z,Over,-112,49.5,20260917193559929069
NCAAF,americanfootball_ncaaf,f6db4e789ff9341a9c94befc751c5f53,2026-09-20T03:00:00Z,San Jose State Spartans,Fresno State Bulldogs,draftkings,DraftKings,2026-09-17T19:34:58Z,totals,2026-09-17T19:34:58Z,Under,-108,49.5,20260917193559929069
NCAAF,americanfootball_ncaaf,f6db4e789ff9341a9c94befc751c5f53,2026-09-20T03:00:00Z,San Jose State Spartans,Fresno State Bulldogs,lowvig,LowVig.ag,2026-09-17T19:35:22Z,h2h,2026-09-17T19:35:22Z,Fresno State Bulldogs,-240,,20260917193559929069
NCAAF,americanfootball_ncaaf,f6db4e789ff9341a9c94befc751c5f53,2026-09-20T03:00:00Z,San Jose State Spartans,Fresno State Bulldogs,lowvig,LowVig.ag,2026-09-17T19:35:22Z,h2h,2026-09-17T19:35:22Z,San Jose State Spartans,200,,20260917193559929069
NCAAF,americanfootball_ncaaf,f6db4e789ff9341a9c94befc751c5f53,2026-09-20T03:00:00Z,San Jose State Spartans,Fresno State Bulldogs,lowvig,LowVig.ag,2026-09-17T19:35:22Z,spreads,2026-09-17T19:35:22Z,Fresno State Bulldogs,-106,-6.5,20260917193559929069
NCAAF,americanfootball_ncaaf,f6db4e789ff9341a9c94befc751c5f53,2026-09-20T03:00:00Z,San Jose State Spartans,Fresno State Bulldogs,lowvig,LowVig.ag,2026-09-17T19:35:22Z,spreads,2026-09-17T19:35:22Z,San Jose State Spartans,-106,6.5,20260917193559929069
NCAAF,americanfootball_ncaaf,f6db4e789ff9341a9c94befc751c5f53,2026-09-20T03:00:00Z,San Jose State Spartans,Fresno State Bulldogs,lowvig,LowVig.ag,2026-09-17T19:35:22Z,totals,2026-09-17T19:35:22Z,Over,-108,50.0,20260917193559929069
NCAAF,americanfootball_ncaaf,f6db4e789ff9341a9c94befc751c5f53,2026-09-20T03:00:00Z,San Jose State Spartans,Fresno State Bulldogs,lowvig,LowVig.ag,2026-09-17T19:35:22Z,totals,2026-09-17T19:35:22Z,Under,-108,50.0,20260917193559929069
NCAAF,americanfootball_ncaaf,f6db4e789ff9341a9c94befc751c5f53,2026-09-20T03:00:00Z,San Jose State Spartans,Fresno State Bulldogs,betonlineag,BetOnline.ag,2026-09-17T19:35:23Z,h2h,2026-09-17T19:35:23Z,Fresno State Bulldogs,-240,,20260917193559929069
NCAAF,americanfootball_ncaaf,f6db4e789ff9341a9c94befc751c5f53,2026-09-20T03:00:00Z,San Jose State Spartans,Fresno State Bulldogs,betonlineag,BetOnline.ag,2026-09-17T19:35:23Z,h2h,2026-09-17T19:35:23Z,San Jose State Spartans,200,,20260917193559929069
NCAAF,americanfootball_ncaaf,f6db4e789ff9341a9c94befc751c5f53,2026-09-20T03:00:00Z,San Jose State Spartans,Fresno State Bulldogs,betonlineag,BetOnline.ag,2026-09-17T19:35:23Z,spreads,2026-09-17T19:35:23Z,Fresno State Bulldogs,-110,-6.5,20260917193559929069
NCAAF,americanfootball_ncaaf,f6db4e789ff9341a9c94befc751c5f53,2026-09-20T03:00:00Z,San Jose State Spartans,Fresno State Bulldogs,betonlineag,BetOnline.ag,2026-09-17T19:35:23Z,spreads,2026-09-17T19:35:23Z,San Jose State Spartans,-110,6.5,20260917193559929069
NCAAF,americanfootball_ncaaf,f6db4e789ff9341a9c94befc751c5f53,2026-09-20T03:00:00Z,San Jose State Spartans,Fresno State Bulldogs,betonlineag,BetOnline.ag,2026-09-17T19:35:23Z,totals,2026-09-17T19:35:23Z,Over,-110,50.0,20260917193559929069
NCAAF,americanfootball_ncaaf,f6db4e789ff9341a9c94befc751c5f53,2026-09-20T03:00:00Z,San Jose State Spartans,Fresno State Bulldogs,betonlineag,BetOnline.ag,2026-09-17T19:35:23Z,totals,2026-09-17T19:35:23Z,Under,-110,50.0,20260917193559929069
NCAAF,americanfootball_ncaaf,f6db4e789ff9341a9c94befc751c5f53,2026-09-20T03:00:00Z,San Jose State Spartans,Fresno State Bulldogs,betmgm,BetMGM,2026-09-17T19:35:24Z,h2h,2026-09-17T19:35:24Z,Fresno State Bulldogs,-235,,20260917193559929069
NCAAF,americanfootball_ncaaf,f6db4e789ff9341a9c94befc751c5f53,2026-09-20T03:00:00Z,San Jose State Spartans,Fresno State Bulldogs,betmgm,BetMGM,2026-09-17T19:35:24Z,h2h,2026-09-17T19:35:24Z,San Jose State Spartans,200,,20260917193559929069
NCAAF,americanfootball_ncaaf,f6db4e789ff9341a9c94befc751c5f53,2026-09-20T03:00:00Z,San Jose State Spartans,Fresno State Bulldogs,betmgm,BetMGM,2026-09-17T19:35:24Z,spreads,2026-09-17T19:35:24Z,Fresno State Bulldogs,-110,-6.5,20260917193559929069
NCAAF,americanfootball_ncaaf,f6db4e789ff9341a9c94befc751c5f53,2026-09-20T03:00:00Z,San Jose State Spartans,Fresno State Bulldogs,betmgm,BetMGM,2026-09-17T19:35:24Z,spreads,2026-09-17T19:35:24Z,San Jose State Spartans,-110,6.5,20260917193559929069
NCAAF,americanfootball_ncaaf,f6db4e789ff9341a9c94befc751c5f53,2026-09-20T03:00:00Z,San Jose State Spartans,Fresno State Bulldogs,betmgm,BetMGM,2026-09-17T19:35:24Z,totals,2026-09-17T19:35:24Z,Over,-105,50.5,20260917193559929069
NCAAF,americanfootball_ncaaf,f6db4e789ff9341a9c94befc751c5f53,2026-09-20T03:00:00Z,San Jose State Spartans,Fresno State Bulldogs,betmgm,BetMGM,2026-09-17T19:35:24Z,totals,2026-09-17T19:35:24Z,Under,-112,50.5,20260917193559929069
NCAAF,americanfootball_ncaaf,f6db4e789ff9341a9c94befc751c5f53,2026-09-20T03:00:00Z,San Jose State Spartans,Fresno State Bulldogs,betrivers,BetRivers,2026-09-17T19:34:38Z,h2h,2026-09-17T19:34:38Z,Fresno State Bulldogs,-278,,20260917193559929069
NCAAF,americanfootball_ncaaf,f6db4e789ff9341a9c94befc751c5f53,2026-09-20T03:00:00Z,San Jose State Spartans,Fresno State Bulldogs,betrivers,BetRivers,2026-09-17T19:34:38Z,h2h,2026-09-17T19:34:38Z,San Jose State Spartans,210,,20260917193559929069
NCAAF,americanfootball_ncaaf,f6db4e789ff9341a9c94befc751c5f53,2026-09-20T03:00:00Z,San Jose State Spartans,Fresno State Bulldogs,betrivers,BetRivers,2026-09-17T19:34:38Z,spreads,2026-09-17T19:34:38Z,Fresno State Bulldogs,-110,-6.5,20260917193559929069
NCAAF,americanfootball_ncaaf,f6db4e789ff9341a9c94befc751c5f53,2026-09-20T03:00:00Z,San Jose State Spartans,Fresno State Bulldogs,betrivers,BetRivers,2026-09-17T19:34:38Z,spreads,2026-09-17T19:34:38Z,San Jose State Spartans,-112,6.5,20260917193559929069
NCAAF,americanfootball_ncaaf,f6db4e789ff9341a9c94befc751c5f53,2026-09-20T03:00:00Z,San Jose State Spartans,Fresno State Bulldogs,betrivers,BetRivers,2026-09-17T19:34:38Z,totals,2026-09-17T19:34:38Z,Over,-120,49.5,20260917193559929069
NCAAF,americanfootball_ncaaf,f6db4e789ff9341a9c94befc751c5f53,2026-09-20T03:00:00Z,San Jose State Spartans,Fresno State Bulldogs,betrivers,BetRivers,2026-09-17T19:34:38Z,totals,2026-09-17T19:34:38Z,Under,-107,49.5,20260917193559929069
NCAAF,americanfootball_ncaaf,f6db4e789ff9341a9c94befc751c5f53,2026-09-20T03:00:00Z,San Jose State Spartans,Fresno State Bulldogs,betus,BetUS,2026-09-17T19:35:44Z,h2h,2026-09-17T19:35:44Z,Fresno State Bulldogs,-240,,20260917193559929069
NCAAF,americanfootball_ncaaf,f6db4e789ff9341a9c94befc751c5f53,2026-09-20T03:00:00Z,San Jose State Spartans,Fresno State Bulldogs,betus,BetUS,2026-09-17T19:35:44Z,h2h,2026-09-17T19:35:44Z,San Jose State Spartans,203,,20260917193559929069
NCAAF,americanfootball_ncaaf,f6db4e789ff9341a9c94befc751c5f53,2026-09-20T03:00:00Z,San Jose State Spartans,Fresno State Bulldogs,betus,BetUS,2026-09-17T19:35:44Z,spreads,2026-09-17T19:35:44Z,Fresno State Bulldogs,-110,-6.5,20260917193559929069
NCAAF,americanfootball_ncaaf,f6db4e789ff9341a9c94befc751c5f53,2026-09-20T03:00:00Z,San Jose State Spartans,Fresno State Bulldogs,betus,BetUS,2026-09-17T19:35:44Z,spreads,2026-09-17T19:35:44Z,San Jose State Spartans,-110,6.5,20260917193559929069
NCAAF,americanfootball_ncaaf,f6db4e789ff9341a9c94befc751c5f53,2026-09-20T03:00:00Z,San Jose State Spartans,Fresno State Bulldogs,betus,BetUS,2026-09-17T19:35:44Z,totals,2026-09-17T19:35:44Z,Over,-110,50.0,20260917193559929069
NCAAF,americanfootball_ncaaf,f6db4e789ff9341a9c94befc751c5f53,2026-09-20T03:00:00Z,San Jose State Spartans,Fresno State Bulldogs,betus,BetUS,2026-09-17T19:35:44Z,totals,2026-09-17T19:35:44Z,Under,-110,50.0,20260917193559929069
NCAAF,americanfootball_ncaaf,f6db4e789ff9341a9c94befc751c5f53,2026-09-20T03:00:00Z,San Jose State Spartans,Fresno State Bulldogs,bovada,Bovada,2026-09-17T19:35:03Z,h2h,2026-09-17T19:35:03Z,Fresno State Bulldogs,-245,,20260917193559929069
NCAAF,americanfootball_ncaaf,f6db4e789ff9341a9c94befc751c5f53,2026-09-20T03:00:00Z,San Jose State Spartans,Fresno State Bulldogs,bovada,Bovada,2026-09-17T19:35:03Z,h2h,2026-09-17T19:35:03Z,San Jose State Spartans,205,,20260917193559929069
NCAAF,americanfootball_ncaaf,f6db4e789ff9341a9c94befc751c5f53,2026-09-20T03:00:00Z,San Jose State Spartans,Fresno State Bulldogs,bovada,Bovada,2026-09-17T19:35:03Z,spreads,2026-09-17T19:35:03Z,Fresno State Bulldogs,-110,-6.5,20260917193559929069
NCAAF,americanfootball_ncaaf,f6db4e789ff9341a9c94befc751c5f53,2026-09-20T03:00:00Z,San Jose State Spartans,Fresno State Bulldogs,bovada,Bovada,2026-09-17T19:35:03Z,spreads,2026-09-17T19:35:03Z,San Jose State Spartans,-110,6.5,20260917193559929069
NCAAF,americanfootball_ncaaf,f6db4e789ff9341a9c94befc751c5f53,2026-09-20T03:00:00Z,San Jose State Spartans,Fresno State Bulldogs,bovada,Bovada,2026-09-17T19:35:03Z,totals,2026-09-17T19:35:03Z,Over,-110,50.0,20260917193559929069
NCAAF,americanfootball_ncaaf,f6db4e789ff9341a9c94befc751c5f53,2026-09-20T03:00:00Z,San Jose State Spartans,Fresno State Bulldogs,bovada,Bovada,2026-09-17T19:35:03Z,totals,2026-09-17T19:35:03Z,Under,-110,50.0,20260917193559929069
NCAAF,americanfootball_ncaaf,381e5c97af94a83e03eae0ac6f11ed38,2026-09-20T03:00:00Z,Oregon State Beavers,Montana Grizzlies,fanduel,FanDuel,2026-09-17T19:35:46Z,h2h,2026-09-17T19:35:46Z,Montana Grizzlies,640,,20260917193559929069
NCAAF,americanfootball_ncaaf,381e5c97af94a83e03eae0ac6f11ed38,2026-09-20T03:00:00Z,Oregon State Beavers,Montana Grizzlies,fanduel,FanDuel,2026-09-17T19:35:46Z,h2h,2026-09-17T19:35:46Z,Oregon State Beavers,-1000,,20260917193559929069
NCAAF,americanfootball_ncaaf,381e5c97af94a83e03eae0ac6f11ed38,2026-09-20T03:00:00Z,Oregon State Beavers,Montana Grizzlies,fanduel,FanDuel,2026-09-17T19:35:46Z,spreads,2026-09-17T19:35:46Z,Montana Grizzlies,-114,17.5,20260917193559929069
NCAAF,americanfootball_ncaaf,381e5c97af94a83e03eae0ac6f11ed38,2026-09-20T03:00:00Z,Oregon State Beavers,Montana Grizzlies,fanduel,FanDuel,2026-09-17T19:35:46Z,spreads,2026-09-17T19:35:46Z,Oregon State Beavers,-106,-17.5,20260917193559929069
NCAAF,americanfootball_ncaaf,381e5c97af94a83e03eae0ac6f11ed38,2026-09-20T03:00:00Z,Oregon State Beavers,Montana Grizzlies,fanduel,FanDuel,2026-09-17T19:35:46Z,totals,2026-09-17T19:35:46Z,Over,-110,52.5,20260917193559929069
NCAAF,americanfootball_ncaaf,381e5c97af94a83e03eae0ac6f11ed38,2026-09-20T03:00:00Z,Oregon State Beavers,Montana Grizzlies,fanduel,FanDuel,2026-09-17T19:35:46Z,totals,2026-09-17T19:35:46Z,Under,-110,52.5,20260917193559929069
NCAAF,americanfootball_ncaaf,381e5c97af94a83e03eae0ac6f11ed38,2026-09-20T03:00:00Z,Oregon State Beavers,Montana Grizzlies,betrivers,BetRivers,2026-09-17T19:34:38Z,h2h,2026-09-17T19:34:38Z,Montana Grizzlies,550,,20260917193559929069
NCAAF,americanfootball_ncaaf,381e5c97af94a83e03eae0ac6f11ed38,2026-09-20T03:00:00Z,Oregon State Beavers,Montana Grizzlies,betrivers,BetRivers,2026-09-17T19:34:38Z,h2h,2026-09-17T19:34:38Z,Oregon State Beavers,-1000,,20260917193559929069
NCAAF,americanfootball_ncaaf,381e5c97af94a83e03eae0ac6f11ed38,2026-09-20T03:00:00Z,Oregon State Beavers,Montana Grizzlies,betrivers,BetRivers,2026-09-17T19:34:38Z,spreads,2026-09-17T19:34:38Z,Montana Grizzlies,-112,17.0,20260917193559929069
NCAAF,americanfootball_ncaaf,381e5c97af94a83e03eae0ac6f11ed38,2026-09-20T03:00:00Z,Oregon State Beavers,Montana Grizzlies,betrivers,BetRivers,2026-09-17T19:34:38Z,spreads,2026-09-17T19:34:38Z,Oregon State Beavers,-112,-17.0,20260917193559929069
NCAAF,americanfootball_ncaaf,381e5c97af94a83e03eae0ac6f11ed38,2026-09-20T03:00:00Z,Oregon State Beavers,Montana Grizzlies,betrivers,BetRivers,2026-09-17T19:34:38Z,totals,2026-09-17T19:34:38Z,Over,-112,53.0,20260917193559929069
NCAAF,americanfootball_ncaaf,381e5c97af94a83e03eae0ac6f11ed38,2026-09-20T03:00:00Z,Oregon State Beavers,Montana Grizzlies,betrivers,BetRivers,2026-09-17T19:34:38Z,totals,2026-09-17T19:34:38Z,Under,-112,53.0,20260917193559929069
NCAAF,americanfootball_ncaaf,381e5c97af94a83e03eae0ac6f11ed38,2026-09-20T03:00:00Z,Oregon State Beavers,Montana Grizzlies,draftkings,DraftKings,2026-09-17T19:34:58Z,spreads,2026-09-17T19:34:58Z,Montana Grizzlies,-112,17.5,20260917193559929069
NCAAF,americanfootball_ncaaf,381e5c97af94a83e03eae0ac6f11ed38,2026-09-20T03:00:00Z,Oregon State Beavers,Montana Grizzlies,draftkings,DraftKings,2026-09-17T19:34:58Z,spreads,2026-09-17T19:34:58Z,Oregon State Beavers,-108,-17.5,20260917193559929069
NCAAF,americanfootball_ncaaf,381e5c97af94a83e03eae0ac6f11ed38,2026-09-20T03:00:00Z,Oregon State Beavers,Montana Grizzlies,draftkings,DraftKings,2026-09-17T19:34:58Z,totals,2026-09-17T19:34:58Z,Over,-115,52.5,20260917193559929069
NCAAF,americanfootball_ncaaf,381e5c97af94a83e03eae0ac6f11ed38,2026-09-20T03:00:00Z,Oregon State Beavers,Montana Grizzlies,draftkings,DraftKings,2026-09-17T19:34:58Z,totals,2026-09-17T19:34:58Z,Under,-105,52.5,20260917193559929069
NCAAF,americanfootball_ncaaf,381e5c97af94a83e03eae0ac6f11ed38,2026-09-20T03:00:00Z,Oregon State Beavers,Montana Grizzlies,lowvig,LowVig.ag,2026-09-17T19:35:22Z,spreads,2026-09-17T19:35:22Z,Montana Grizzlies,-120,17.0,20260917193559929069
NCAAF,americanfootball_ncaaf,381e5c97af94a83e03eae0ac6f11ed38,2026-09-20T03:00:00Z,Oregon State Beavers,Montana Grizzlies,lowvig,LowVig.ag,2026-09-17T19:35:22Z,spreads,2026-09-17T19:35:22Z,Oregon State Beavers,-110,-17.0,20260917193559929069
NCAAF,americanfootball_ncaaf,381e5c97af94a83e03eae0ac6f11ed38,2026-09-20T03:00:00Z,Oregon State Beavers,Montana Grizzlies,lowvig,LowVig.ag,2026-09-17T19:35:22Z,totals,2026-09-17T19:35:22Z,Over,-115,52.5,20260917193559929069
NCAAF,americanfootball_ncaaf,381e5c97af94a83e03eae0ac6f11ed38,2026-09-20T03:00:00Z,Oregon State Beavers,Montana Grizzlies,lowvig,LowVig.ag,2026-09-17T19:35:22Z,totals,2026-09-17T19:35:22Z,Under,-115,52.5,20260917193559929069
NCAAF,americanfootball_ncaaf,381e5c97af94a83e03eae0ac6f11ed38,2026-09-20T03:00:00Z,Oregon State Beavers,Montana Grizzlies,betonlineag,BetOnline.ag,2026-09-17T19:35:23Z,spreads,2026-09-17T19:35:23Z,Montana Grizzlies,-120,17.0,20260917193559929069
NCAAF,americanfootball_ncaaf,381e5c97af94a83e03eae0ac6f11ed38,2026-09-20T03:00:00Z,Oregon State Beavers,Montana Grizzlies,betonlineag,BetOnline.ag,2026-09-17T19:35:23Z,spreads,2026-09-17T19:35:23Z,Oregon State Beavers,-110,-17.0,20260917193559929069
NCAAF,americanfootball_ncaaf,381e5c97af94a83e03eae0ac6f11ed38,2026-09-20T03:00:00Z,Oregon State Beavers,Montana Grizzlies,betonlineag,BetOnline.ag,2026-09-17T19:35:23Z,totals,2026-09-17T19:35:23Z,Over,-115,52.5,20260917193559929069
NCAAF,americanfootball_ncaaf,381e5c97af94a83e03eae0ac6f11ed38,2026-09-20T03:00:00Z,Oregon State Beavers,Montana Grizzlies,betonlineag,BetOnline.ag,2026-09-17T19:35:23Z,totals,2026-09-17T19:35:23Z,Under,-115,52.5,20260917193559929069
NCAAF,americanfootball_ncaaf,7a6a2035bf5d7abd30d6cc8b76d59e3e,2026-09-20T03:00:00Z,UCLA Bruins,Purdue Boilermakers,fanduel,FanDuel,2026-09-17T19:35:46Z,h2h,2026-09-17T19:35:46Z,Purdue Boilermakers,460,,20260917193559929069
NCAAF,americanfootball_ncaaf,7a6a2035bf5d7abd30d6cc8b76d59e3e,2026-09-20T03:00:00Z,UCLA Bruins,Purdue Boilermakers,fanduel,FanDuel,2026-09-17T19:35:46Z,h2h,2026-09-17T19:35:46Z,UCLA Bruins,-650,,20260917193559929069
NCAAF,americanfootball_ncaaf,7a6a2035bf5d7abd30d6cc8b76d59e3e,2026-09-20T03:00:00Z,UCLA Bruins,Purdue Boilermakers,fanduel,FanDuel,2026-09-17T19:35:46Z,spreads,2026-09-17T19:35:46Z,Purdue Boilermakers,-122,14.5,20260917193559929069
NCAAF,americanfootball_ncaaf,7a6a2035bf5d7abd30d6cc8b76d59e3e,2026-09-20T03:00:00Z,UCLA Bruins,Purdue Boilermakers,fanduel,FanDuel,2026-09-17T19:35:46Z,spreads,2026-09-17T19:35:46Z,UCLA Bruins,100,-14.5,20260917193559929069
NCAAF,americanfootball_ncaaf,7a6a2035bf5d7abd30d6cc8b76d59e3e,2026-09-20T03:00:00Z,UCLA Bruins,Purdue Boilermakers,fanduel,FanDuel,2026-09-17T19:35:46Z,totals,2026-09-17T19:35:46Z,Over,-105,53.5,20260917193559929069
NCAAF,americanfootball_ncaaf,7a6a2035bf5d7abd30d6cc8b76d59e3e,2026-09-20T03:00:00Z,UCLA Bruins,Purdue Boilermakers,fanduel,FanDuel,2026-09-17T19:35:46Z,totals,2026-09-17T19:35:46Z,Under,-115,53.5,20260917193559929069
NCAAF,americanfootball_ncaaf,7a6a2035bf5d7abd30d6cc8b76d59e3e,2026-09-20T03:00:00Z,UCLA Bruins,Purdue Boilermakers,betrivers,BetRivers,2026-09-17T19:34:38Z,h2h,2026-09-17T19:34:38Z,Purdue Boilermakers,460,,20260917193559929069
NCAAF,americanfootball_ncaaf,7a6a2035bf5d7abd30d6cc8b76d59e3e,2026-09-20T03:00:00Z,UCLA Bruins,Purdue Boilermakers,betrivers,BetRivers,2026-09-17T19:34:38Z,h2h,2026-09-17T19:34:38Z,UCLA Bruins,-715,,20260917193559929069
NCAAF,americanfootball_ncaaf,7a6a2035bf5d7abd30d6cc8b76d59e3e,2026-09-20T03:00:00Z,UCLA Bruins,Purdue Boilermakers,betrivers,BetRivers,2026-09-17T19:34:38Z,spreads,2026-09-17T19:34:38Z,Purdue Boilermakers,-113,14.0,20260917193559929069
NCAAF,americanfootball_ncaaf,7a6a2035bf5d7abd30d6cc8b76d59e3e,2026-09-20T03:00:00Z,UCLA Bruins,Purdue Boilermakers,betrivers,BetRivers,2026-09-17T19:34:38Z,spreads,2026-09-17T19:34:38Z,UCLA Bruins,-109,-14.0,20260917193559929069
NCAAF,americanfootball_ncaaf,7a6a2035bf5d7abd30d6cc8b76d59e3e,2026-09-20T03:00:00Z,UCLA Bruins,Purdue Boilermakers,betrivers,BetRivers,2026-09-17T19:34:38Z,totals,2026-09-17T19:34:38Z,Over,-109,52.5,20260917193559929069
NCAAF,americanfootball_ncaaf,7a6a2035bf5d7abd30d6cc8b76d59e3e,2026-09-20T03:00:00Z,UCLA Bruins,Purdue Boilermakers,betrivers,BetRivers,2026-09-17T19:34:38Z,totals,2026-09-17T19:34:38Z,Under,-114,52.5,20260917193559929069
NCAAF,americanfootball_ncaaf,7a6a2035bf5d7abd30d6cc8b76d59e3e,2026-09-20T03:00:00Z,UCLA Bruins,Purdue Boilermakers,draftkings,DraftKings,2026-09-17T19:34:58Z,h2h,2026-09-17T19:34:58Z,Purdue Boilermakers,470,,20260917193559929069
NCAAF,americanfootball_ncaaf,7a6a2035bf5d7abd30d6cc8b76d59e3e,2026-09-20T03:00:00Z,UCLA Bruins,Purdue Boilermakers,draftkings,DraftKings,2026-09-17T19:34:58Z,h2h,2026-09-17T19:34:58Z,UCLA Bruins,-650,,20260917193559929069
NCAAF,americanfootball_ncaaf,7a6a2035bf5d7abd30d6cc8b76d59e3e,2026-09-20T03:00:00Z,UCLA Bruins,Purdue Boilermakers,draftkings,DraftKings,2026-09-17T19:34:58Z,spreads,2026-09-17T19:34:58Z,Purdue Boilermakers,-112,14.0,20260917193559929069
NCAAF,americanfootball_ncaaf,7a6a2035bf5d7abd30d6cc8b76d59e3e,2026-09-20T03:00:00Z,UCLA Bruins,Purdue Boilermakers,draftkings,DraftKings,2026-09-17T19:34:58Z,spreads,2026-09-17T19:34:58Z,UCLA Bruins,-108,-14.0,20260917193559929069
NCAAF,americanfootball_ncaaf,7a6a2035bf5d7abd30d6cc8b76d59e3e,2026-09-20T03:00:00Z,UCLA Bruins,Purdue Boilermakers,draftkings,DraftKings,2026-09-17T19:34:58Z,totals,2026-09-17T19:34:58Z,Over,-112,52.5,20260917193559929069
NCAAF,americanfootball_ncaaf,7a6a2035bf5d7abd30d6cc8b76d59e3e,2026-09-20T03:00:00Z,UCLA Bruins,Purdue Boilermakers,draftkings,DraftKings,2026-09-17T19:34:58Z,totals,2026-09-17T19:34:58Z,Under,-108,52.5,20260917193559929069
NCAAF,americanfootball_ncaaf,7a6a2035bf5d7abd30d6cc8b76d59e3e,2026-09-20T03:00:00Z,UCLA Bruins,Purdue Boilermakers,lowvig,LowVig.ag,2026-09-17T19:35:22Z,h2h,2026-09-17T19:35:22Z,Purdue Boilermakers,476,,20260917193559929069
NCAAF,americanfootball_ncaaf,7a6a2035bf5d7abd30d6cc8b76d59e3e,2026-09-20T03:00:00Z,UCLA Bruins,Purdue Boilermakers,lowvig,LowVig.ag,2026-09-17T19:35:22Z,h2h,2026-09-17T19:35:22Z,UCLA Bruins,-650,,20260917193559929069
NCAAF,americanfootball_ncaaf,7a6a2035bf5d7abd30d6cc8b76d59e3e,2026-09-20T03:00:00Z,UCLA Bruins,Purdue Boilermakers,lowvig,LowVig.ag,2026-09-17T19:35:22Z,spreads,2026-09-17T19:35:22Z,Purdue Boilermakers,-106,14.0,20260917193559929069
NCAAF,americanfootball_ncaaf,7a6a2035bf5d7abd30d6cc8b76d59e3e,2026-09-20T03:00:00Z,UCLA Bruins,Purdue Boilermakers,lowvig,LowVig.ag,2026-09-17T19:35:22Z,spreads,2026-09-17T19:35:22Z,UCLA Bruins,-106,-14.0,20260917193559929069
NCAAF,americanfootball_ncaaf,7a6a2035bf5d7abd30d6cc8b76d59e3e,2026-09-20T03:00:00Z,UCLA Bruins,Purdue Boilermakers,lowvig,LowVig.ag,2026-09-17T19:35:22Z,totals,2026-09-17T19:35:22Z,Over,-108,52.0,20260917193559929069
NCAAF,americanfootball_ncaaf,7a6a2035bf5d7abd30d6cc8b76d59e3e,2026-09-20T03:00:00Z,UCLA Bruins,Purdue Boilermakers,lowvig,LowVig.ag,2026-09-17T19:35:22Z,totals,2026-09-17T19:35:22Z,Under,-108,52.0,20260917193559929069
NCAAF,americanfootball_ncaaf,7a6a2035bf5d7abd30d6cc8b76d59e3e,2026-09-20T03:00:00Z,UCLA Bruins,Purdue Boilermakers,betonlineag,BetOnline.ag,2026-09-17T19:35:23Z,h2h,2026-09-17T19:35:23Z,Purdue Boilermakers,476,,20260917193559929069
NCAAF,americanfootball_ncaaf,7a6a2035bf5d7abd30d6cc8b76d59e3e,2026-09-20T03:00:00Z,UCLA Bruins,Purdue Boilermakers,betonlineag,BetOnline.ag,2026-09-17T19:35:23Z,h2h,2026-09-17T19:35:23Z,UCLA Bruins,-650,,20260917193559929069
NCAAF,americanfootball_ncaaf,7a6a2035bf5d7abd30d6cc8b76d59e3e,2026-09-20T03:00:00Z,UCLA Bruins,Purdue Boilermakers,betonlineag,BetOnline.ag,2026-09-17T19:35:23Z,spreads,2026-09-17T19:35:23Z,Purdue Boilermakers,-110,14.0,20260917193559929069
NCAAF,americanfootball_ncaaf,7a6a2035bf5d7abd30d6cc8b76d59e3e,2026-09-20T03:00:00Z,UCLA Bruins,Purdue Boilermakers,betonlineag,BetOnline.ag,2026-09-17T19:35:23Z,spreads,2026-09-17T19:35:23Z,UCLA Bruins,-110,-14.0,20260917193559929069
NCAAF,americanfootball_ncaaf,7a6a2035bf5d7abd30d6cc8b76d59e3e,2026-09-20T03:00:00Z,UCLA Bruins,Purdue Boilermakers,betonlineag,BetOnline.ag,2026-09-17T19:35:23Z,totals,2026-09-17T19:35:23Z,Over,-110,52.0,20260917193559929069
NCAAF,americanfootball_ncaaf,7a6a2035bf5d7abd30d6cc8b76d59e3e,2026-09-20T03:00:00Z,UCLA Bruins,Purdue Boilermakers,betonlineag,BetOnline.ag,2026-09-17T19:35:23Z,totals,2026-09-17T19:35:23Z,Under,-110,52.0,20260917193559929069
NCAAF,americanfootball_ncaaf,7a6a2035bf5d7abd30d6cc8b76d59e3e,2026-09-20T03:00:00Z,UCLA Bruins,Purdue Boilermakers,betmgm,BetMGM,2026-09-17T19:35:24Z,h2h,2026-09-17T19:35:24Z,Purdue Boilermakers,475,,20260917193559929069
NCAAF,americanfootball_ncaaf,7a6a2035bf5d7abd30d6cc8b76d59e3e,2026-09-20T03:00:00Z,UCLA Bruins,Purdue Boilermakers,betmgm,BetMGM,2026-09-17T19:35:24Z,h2h,2026-09-17T19:35:24Z,UCLA Bruins,-625,,20260917193559929069
NCAAF,americanfootball_ncaaf,7a6a2035bf5d7abd30d6cc8b76d59e3e,2026-09-20T03:00:00Z,UCLA Bruins,Purdue Boilermakers,betmgm,BetMGM,2026-09-17T19:35:24Z,spreads,2026-09-17T19:35:24Z,Purdue Boilermakers,-110,14.0,20260917193559929069
NCAAF,americanfootball_ncaaf,7a6a2035bf5d7abd30d6cc8b76d59e3e,2026-09-20T03:00:00Z,UCLA Bruins,Purdue Boilermakers,betmgm,BetMGM,2026-09-17T19:35:24Z,spreads,2026-09-17T19:35:24Z,UCLA Bruins,-108,-14.0,20260917193559929069
NCAAF,americanfootball_ncaaf,7a6a2035bf5d7abd30d6cc8b76d59e3e,2026-09-20T03:00:00Z,UCLA Bruins,Purdue Boilermakers,betmgm,BetMGM,2026-09-17T19:35:24Z,totals,2026-09-17T19:35:24Z,Over,-108,52.5,20260917193559929069
NCAAF,americanfootball_ncaaf,7a6a2035bf5d7abd30d6cc8b76d59e3e,2026-09-20T03:00:00Z,UCLA Bruins,Purdue Boilermakers,betmgm,BetMGM,2026-09-17T19:35:24Z,totals,2026-09-17T19:35:24Z,Under,-110,52.5,20260917193559929069
NCAAF,americanfootball_ncaaf,7a6a2035bf5d7abd30d6cc8b76d59e3e,2026-09-20T03:00:00Z,UCLA Bruins,Purdue Boilermakers,betus,BetUS,2026-09-17T19:35:44Z,h2h,2026-09-17T19:35:44Z,Purdue Boilermakers,475,,20260917193559929069
NCAAF,americanfootball_ncaaf,7a6a2035bf5d7abd30d6cc8b76d59e3e,2026-09-20T03:00:00Z,UCLA Bruins,Purdue Boilermakers,betus,BetUS,2026-09-17T19:35:44Z,h2h,2026-09-17T19:35:44Z,UCLA Bruins,-650,,20260917193559929069
NCAAF,americanfootball_ncaaf,7a6a2035bf5d7abd30d6cc8b76d59e3e,2026-09-20T03:00:00Z,UCLA Bruins,Purdue Boilermakers,betus,BetUS,2026-09-17T19:35:44Z,spreads,2026-09-17T19:35:44Z,Purdue Boilermakers,-110,14.0,20260917193559929069
NCAAF,americanfootball_ncaaf,7a6a2035bf5d7abd30d6cc8b76d59e3e,2026-09-20T03:00:00Z,UCLA Bruins,Purdue Boilermakers,betus,BetUS,2026-09-17T19:35:44Z,spreads,2026-09-17T19:35:44Z,UCLA Bruins,-110,-14.0,20260917193559929069
NCAAF,americanfootball_ncaaf,7a6a2035bf5d7abd30d6cc8b76d59e3e,2026-09-20T03:00:00Z,UCLA Bruins,Purdue Boilermakers,betus,BetUS,2026-09-17T19:35:44Z,totals,2026-09-17T19:35:44Z,Over,-110,52.0,20260917193559929069
NCAAF,americanfootball_ncaaf,7a6a2035bf5d7abd30d6cc8b76d59e3e,2026-09-20T03:00:00Z,UCLA Bruins,Purdue Boilermakers,betus,BetUS,2026-09-17T19:35:44Z,totals,2026-09-17T19:35:44Z,Under,-110,52.0,20260917193559929069
NCAAF,americanfootball_ncaaf,7a6a2035bf5d7abd30d6cc8b76d59e3e,2026-09-20T03:00:00Z,UCLA Bruins,Purdue Boilermakers,bovada,Bovada,2026-09-17T19:35:03Z,h2h,2026-09-17T19:35:03Z,Purdue Boilermakers,500,,20260917193559929069
NCAAF,americanfootball_ncaaf,7a6a2035bf5d7abd30d6cc8b76d59e3e,2026-09-20T03:00:00Z,UCLA Bruins,Purdue Boilermakers,bovada,Bovada,2026-09-17T19:35:03Z,h2h,2026-09-17T19:35:03Z,UCLA Bruins,-750,,20260917193559929069
NCAAF,americanfootball_ncaaf,7a6a2035bf5d7abd30d6cc8b76d59e3e,2026-09-20T03:00:00Z,UCLA Bruins,Purdue Boilermakers,bovada,Bovada,2026-09-17T19:35:03Z,spreads,2026-09-17T19:35:03Z,Purdue Boilermakers,-105,14.0,20260917193559929069
NCAAF,americanfootball_ncaaf,7a6a2035bf5d7abd30d6cc8b76d59e3e,2026-09-20T03:00:00Z,UCLA Bruins,Purdue Boilermakers,bovada,Bovada,2026-09-17T19:35:03Z,spreads,2026-09-17T19:35:03Z,UCLA Bruins,-115,-14.0,20260917193559929069
NCAAF,americanfootball_ncaaf,7a6a2035bf5d7abd30d6cc8b76d59e3e,2026-09-20T03:00:00Z,UCLA Bruins,Purdue Boilermakers,bovada,Bovada,2026-09-17T19:35:03Z,totals,2026-09-17T19:35:03Z,Over,-110,53.0,20260917193559929069
NCAAF,americanfootball_ncaaf,7a6a2035bf5d7abd30d6cc8b76d59e3e,2026-09-20T03:00:00Z,UCLA Bruins,Purdue Boilermakers,bovada,Bovada,2026-09-17T19:35:03Z,totals,2026-09-17T19:35:03Z,Under,-110,53.0,20260917193559929069
NCAAF,americanfootball_ncaaf,f0985218c2ed146bb0295c4e9c4a0dd7,2026-09-26T16:00:00Z,Western Michigan Broncos,Boise State Broncos,draftkings,DraftKings,2026-09-17T19:34:58Z,h2h,2026-09-17T19:34:58Z,Boise State Broncos,-298,,20260917193559929069
NCAAF,americanfootball_ncaaf,f0985218c2ed146bb0295c4e9c4a0dd7,2026-09-26T16:00:00Z,Western Michigan Broncos,Boise State Broncos,draftkings,DraftKings,2026-09-17T19:34:58Z,h2h,2026-09-17T19:34:58Z,Western Michigan Broncos,240,,20260917193559929069
NCAAF,americanfootball_ncaaf,f0985218c2ed146bb0295c4e9c4a0dd7,2026-09-26T16:00:00Z,Western Michigan Broncos,Boise State Broncos,draftkings,DraftKings,2026-09-17T19:34:58Z,spreads,2026-09-17T19:34:58Z,Boise State Broncos,-112,-7.5,20260917193559929069
NCAAF,americanfootball_ncaaf,f0985218c2ed146bb0295c4e9c4a0dd7,2026-09-26T16:00:00Z,Western Michigan Broncos,Boise State Broncos,draftkings,DraftKings,2026-09-17T19:34:58Z,spreads,2026-09-17T19:34:58Z,Western Michigan Broncos,-108,7.5,20260917193559929069
NCAAF,americanfootball_ncaaf,f0985218c2ed146bb0295c4e9c4a0dd7,2026-09-26T16:00:00Z,Western Michigan Broncos,Boise State Broncos,draftkings,DraftKings,2026-09-17T19:34:58Z,totals,2026-09-17T19:34:58Z,Over,-112,47.5,20260917193559929069
NCAAF,americanfootball_ncaaf,f0985218c2ed146bb0295c4e9c4a0dd7,2026-09-26T16:00:00Z,Western Michigan Broncos,Boise State Broncos,draftkings,DraftKings,2026-09-17T19:34:58Z,totals,2026-09-17T19:34:58Z,Under,-108,47.5,20260917193559929069
NCAAF,americanfootball_ncaaf,f0985218c2ed146bb0295c4e9c4a0dd7,2026-09-26T16:00:00Z,Western Michigan Broncos,Boise State Broncos,fanduel,FanDuel,2026-09-17T19:35:47Z,h2h,2026-09-17T19:35:46Z,Boise State Broncos,-285,,20260917193559929069
NCAAF,americanfootball_ncaaf,f0985218c2ed146bb0295c4e9c4a0dd7,2026-09-26T16:00:00Z,Western Michigan Broncos,Boise State Broncos,fanduel,FanDuel,2026-09-17T19:35:47Z,h2h,2026-09-17T19:35:46Z,Western Michigan Broncos,230,,20260917193559929069
NCAAF,americanfootball_ncaaf,f0985218c2ed146bb0295c4e9c4a0dd7,2026-09-26T16:00:00Z,Western Michigan Broncos,Boise State Broncos,fanduel,FanDuel,2026-09-17T19:35:47Z,spreads,2026-09-17T19:35:46Z,Boise State Broncos,-105,-7.5,20260917193559929069
NCAAF,americanfootball_ncaaf,f0985218c2ed146bb0295c4e9c4a0dd7,2026-09-26T16:00:00Z,Western Michigan Broncos,Boise State Broncos,fanduel,FanDuel,2026-09-17T19:35:47Z,spreads,2026-09-17T19:35:46Z,Western Michigan Broncos,-115,7.5,20260917193559929069
NCAAF,americanfootball_ncaaf,f0985218c2ed146bb0295c4e9c4a0dd7,2026-09-26T16:00:00Z,Western Michigan Broncos,Boise State Broncos,fanduel,FanDuel,2026-09-17T19:35:47Z,totals,2026-09-17T19:35:46Z,Over,-115,47.5,20260917193559929069
NCAAF,americanfootball_ncaaf,f0985218c2ed146bb0295c4e9c4a0dd7,2026-09-26T16:00:00Z,Western Michigan Broncos,Boise State Broncos,fanduel,FanDuel,2026-09-17T19:35:47Z,totals,2026-09-17T19:35:46Z,Under,-105,47.5,20260917193559929069
NCAAF,americanfootball_ncaaf,6de44361bd6b6afc20b9bbefcc219f2a,2026-09-26T16:00:00Z,Ohio State Buckeyes,Illinois Fighting Illini,fanduel,FanDuel,2026-09-17T19:35:46Z,h2h,2026-09-17T19:35:46Z,Illinois Fighting Illini,1600,,20260917193559929069
NCAAF,americanfootball_ncaaf,6de44361bd6b6afc20b9bbefcc219f2a,2026-09-26T16:00:00Z,Ohio State Buckeyes,Illinois Fighting Illini,fanduel,FanDuel,2026-09-17T19:35:46Z,h2h,2026-09-17T19:35:46Z,Ohio State Buckeyes,-4500,,20260917193559929069
NCAAF,americanfootball_ncaaf,6de44361bd6b6afc20b9bbefcc219f2a,2026-09-26T16:00:00Z,Ohio State Buckeyes,Illinois Fighting Illini,fanduel,FanDuel,2026-09-17T19:35:46Z,spreads,2026-09-17T19:35:46Z,Illinois Fighting Illini,-110,26.5,20260917193559929069
NCAAF,americanfootball_ncaaf,6de44361bd6b6afc20b9bbefcc219f2a,2026-09-26T16:00:00Z,Ohio State Buckeyes,Illinois Fighting Illini,fanduel,FanDuel,2026-09-17T19:35:46Z,spreads,2026-09-17T19:35:46Z,Ohio State Buckeyes,-110,-26.5,20260917193559929069
NCAAF,americanfootball_ncaaf,6de44361bd6b6afc20b9bbefcc219f2a,2026-09-26T16:00:00Z,Ohio State Buckeyes,Illinois Fighting Illini,fanduel,FanDuel,2026-09-17T19:35:46Z,totals,2026-09-17T19:35:46Z,Over,-105,52.5,20260917193559929069
NCAAF,americanfootball_ncaaf,6de44361bd6b6afc20b9bbefcc219f2a,2026-09-26T16:00:00Z,Ohio State Buckeyes,Illinois Fighting Illini,fanduel,FanDuel,2026-09-17T19:35:46Z,totals,2026-09-17T19:35:46Z,Under,-115,52.5,20260917193559929069
NCAAF,americanfootball_ncaaf,69b1a0ff5fb2c67c6627b5c8cf8368cb,2026-09-26T16:00:00Z,Tennessee Volunteers,Texas Longhorns,draftkings,DraftKings,2026-09-17T19:34:58Z,h2h,2026-09-17T19:34:58Z,Tennessee Volunteers,150,,20260917193559929069
NCAAF,americanfootball_ncaaf,69b1a0ff5fb2c67c6627b5c8cf8368cb,2026-09-26T16:00:00Z,Tennessee Volunteers,Texas Longhorns,draftkings,DraftKings,2026-09-17T19:34:58Z,h2h,2026-09-17T19:34:58Z,Texas Longhorns,-180,,20260917193559929069
NCAAF,americanfootball_ncaaf,69b1a0ff5fb2c67c6627b5c8cf8368cb,2026-09-26T16:00:00Z,Tennessee Volunteers,Texas Longhorns,draftkings,DraftKings,2026-09-17T19:34:58Z,spreads,2026-09-17T19:34:58Z,Tennessee Volunteers,-108,4.5,20260917193559929069
NCAAF,americanfootball_ncaaf,69b1a0ff5fb2c67c6627b5c8cf8368cb,2026-09-26T16:00:00Z,Tennessee Volunteers,Texas Longhorns,draftkings,DraftKings,2026-09-17T19:34:58Z,spreads,2026-09-17T19:34:58Z,Texas Longhorns,-112,-4.5,20260917193559929069
NCAAF,americanfootball_ncaaf,69b1a0ff5fb2c67c6627b5c8cf8368cb,2026-09-26T16:00:00Z,Tennessee Volunteers,Texas Longhorns,draftkings,DraftKings,2026-09-17T19:34:58Z,totals,2026-09-17T19:34:58Z,Over,-108,56.5,20260917193559929069
NCAAF,americanfootball_ncaaf,69b1a0ff5fb2c67c6627b5c8cf8368cb,2026-09-26T16:00:00Z,Tennessee Volunteers,Texas Longhorns,draftkings,DraftKings,2026-09-17T19:34:58Z,totals,2026-09-17T19:34:58Z,Under,-112,56.5,20260917193559929069
NCAAF,americanfootball_ncaaf,69b1a0ff5fb2c67c6627b5c8cf8368cb,2026-09-26T16:00:00Z,Tennessee Volunteers,Texas Longhorns,fanduel,FanDuel,2026-09-17T19:35:47Z,h2h,2026-09-17T19:35:46Z,Tennessee Volunteers,160,,20260917193559929069
NCAAF,americanfootball_ncaaf,69b1a0ff5fb2c67c6627b5c8cf8368cb,2026-09-26T16:00:00Z,Tennessee Volunteers,Texas Longhorns,fanduel,FanDuel,2026-09-17T19:35:47Z,h2h,2026-09-17T19:35:46Z,Texas Longhorns,-194,,20260917193559929069
NCAAF,americanfootball_ncaaf,69b1a0ff5fb2c67c6627b5c8cf8368cb,2026-09-26T16:00:00Z,Tennessee Volunteers,Texas Longhorns,fanduel,FanDuel,2026-09-17T19:35:47Z,spreads,2026-09-17T19:35:46Z,Tennessee Volunteers,-108,4.5,20260917193559929069
NCAAF,americanfootball_ncaaf,69b1a0ff5fb2c67c6627b5c8cf8368cb,2026-09-26T16:00:00Z,Tennessee Volunteers,Texas Longhorns,fanduel,FanDuel,2026-09-17T19:35:47Z,spreads,2026-09-17T19:35:46Z,Texas Longhorns,-112,-4.5,20260917193559929069
NCAAF,americanfootball_ncaaf,69b1a0ff5fb2c67c6627b5c8cf8368cb,2026-09-26T16:00:00Z,Tennessee Volunteers,Texas Longhorns,fanduel,FanDuel,2026-09-17T19:35:47Z,totals,2026-09-17T19:35:46Z,Over,-115,56.5,20260917193559929069
NCAAF,americanfootball_ncaaf,69b1a0ff5fb2c67c6627b5c8cf8368cb,2026-09-26T16:00:00Z,Tennessee Volunteers,Texas Longhorns,fanduel,FanDuel,2026-09-17T19:35:47Z,totals,2026-09-17T19:35:46Z,Under,-105,56.5,20260917193559929069
NCAAF,americanfootball_ncaaf,c48f042c91328d4d0c6351fc82286879,2026-09-26T17:30:00Z,Maryland Terrapins,UCLA Bruins,draftkings,DraftKings,2026-09-17T19:34:58Z,h2h,2026-09-17T19:34:58Z,Maryland Terrapins,-102,,20260917193559929069
NCAAF,americanfootball_ncaaf,c48f042c91328d4d0c6351fc82286879,2026-09-26T17:30:00Z,Maryland Terrapins,UCLA Bruins,draftkings,DraftKings,2026-09-17T19:34:58Z,h2h,2026-09-17T19:34:58Z,UCLA Bruins,-118,,20260917193559929069
NCAAF,americanfootball_ncaaf,c48f042c91328d4d0c6351fc82286879,2026-09-26T17:30:00Z,Maryland Terrapins,UCLA Bruins,draftkings,DraftKings,2026-09-17T19:34:58Z,spreads,2026-09-17T19:34:58Z,Maryland Terrapins,-112,1.5,20260917193559929069
NCAAF,americanfootball_ncaaf,c48f042c91328d4d0c6351fc82286879,2026-09-26T17:30:00Z,Maryland Terrapins,UCLA Bruins,draftkings,DraftKings,2026-09-17T19:34:58Z,spreads,2026-09-17T19:34:58Z,UCLA Bruins,-108,-1.5,20260917193559929069
NCAAF,americanfootball_ncaaf,c48f042c91328d4d0c6351fc82286879,2026-09-26T17:30:00Z,Maryland Terrapins,UCLA Bruins,draftkings,DraftKings,2026-09-17T19:34:58Z,totals,2026-09-17T19:34:58Z,Over,-112,51.5,20260917193559929069
NCAAF,americanfootball_ncaaf,c48f042c91328d4d0c6351fc82286879,2026-09-26T17:30:00Z,Maryland Terrapins,UCLA Bruins,draftkings,DraftKings,2026-09-17T19:34:58Z,totals,2026-09-17T19:34:58Z,Under,-108,51.5,20260917193559929069
NCAAF,americanfootball_ncaaf,886538e98f0884df3d655d9d2d2ca567,2026-09-26T19:30:00Z,Florida Gators,Ole Miss Rebels,draftkings,DraftKings,2026-09-17T19:34:58Z,h2h,2026-09-17T19:34:58Z,Florida Gators,-115,,20260917193559929069
NCAAF,americanfootball_ncaaf,886538e98f0884df3d655d9d2d2ca567,2026-09-26T19:30:00Z,Florida Gators,Ole Miss Rebels,draftkings,DraftKings,2026-09-17T19:34:58Z,h2h,2026-09-17T19:34:58Z,Ole Miss Rebels,-105,,20260917193559929069
NCAAF,americanfootball_ncaaf,886538e98f0884df3d655d9d2d2ca567,2026-09-26T19:30:00Z,Florida Gators,Ole Miss Rebels,draftkings,DraftKings,2026-09-17T19:34:58Z,spreads,2026-09-17T19:34:58Z,Florida Gators,-108,-1.5,20260917193559929069
NCAAF,americanfootball_ncaaf,886538e98f0884df3d655d9d2d2ca567,2026-09-26T19:30:00Z,Florida Gators,Ole Miss Rebels,draftkings,DraftKings,2026-09-17T19:34:58Z,spreads,2026-09-17T19:34:58Z,Ole Miss Rebels,-112,1.5,20260917193559929069
NCAAF,americanfootball_ncaaf,886538e98f0884df3d655d9d2d2ca567,2026-09-26T19:30:00Z,Florida Gators,Ole Miss Rebels,draftkings,DraftKings,2026-09-17T19:34:58Z,totals,2026-09-17T19:34:58Z,Over,-108,57.5,20260917193559929069
NCAAF,americanfootball_ncaaf,886538e98f0884df3d655d9d2d2ca567,2026-09-26T19:30:00Z,Florida Gators,Ole Miss Rebels,draftkings,DraftKings,2026-09-17T19:34:58Z,totals,2026-09-17T19:34:58Z,Under,-112,57.5,20260917193559929069
NCAAF,americanfootball_ncaaf,886538e98f0884df3d655d9d2d2ca567,2026-09-26T19:30:00Z,Florida Gators,Ole Miss Rebels,fanduel,FanDuel,2026-09-17T19:35:46Z,h2h,2026-09-17T19:35:46Z,Florida Gators,-115,,20260917193559929069
NCAAF,americanfootball_ncaaf,886538e98f0884df3d655d9d2d2ca567,2026-09-26T19:30:00Z,Florida Gators,Ole Miss Rebels,fanduel,FanDuel,2026-09-17T19:35:46Z,h2h,2026-09-17T19:35:46Z,Ole Miss Rebels,-104,,20260917193559929069
NCAAF,americanfootball_ncaaf,886538e98f0884df3d655d9d2d2ca567,2026-09-26T19:30:00Z,Florida Gators,Ole Miss Rebels,fanduel,FanDuel,2026-09-17T19:35:46Z,spreads,2026-09-17T19:35:46Z,Florida Gators,-106,-1.5,20260917193559929069
NCAAF,americanfootball_ncaaf,886538e98f0884df3d655d9d2d2ca567,2026-09-26T19:30:00Z,Florida Gators,Ole Miss Rebels,fanduel,FanDuel,2026-09-17T19:35:46Z,spreads,2026-09-17T19:35:46Z,Ole Miss Rebels,-114,1.5,20260917193559929069
NCAAF,americanfootball_ncaaf,886538e98f0884df3d655d9d2d2ca567,2026-09-26T19:30:00Z,Florida Gators,Ole Miss Rebels,fanduel,FanDuel,2026-09-17T19:35:46Z,totals,2026-09-17T19:35:46Z,Over,-110,58.5,20260917193559929069
NCAAF,americanfootball_ncaaf,886538e98f0884df3d655d9d2d2ca567,2026-09-26T19:30:00Z,Florida Gators,Ole Miss Rebels,fanduel,FanDuel,2026-09-17T19:35:46Z,totals,2026-09-17T19:35:46Z,Under,-110,58.5,20260917193559929069
NCAAF,americanfootball_ncaaf,3848eaee7484034f3604aed922649c4e,2026-09-26T19:30:00Z,Georgia Bulldogs,Oklahoma Sooners,draftkings,DraftKings,2026-09-17T19:34:58Z,h2h,2026-09-17T19:34:58Z,Georgia Bulldogs,-485,,20260917193559929069
NCAAF,americanfootball_ncaaf,3848eaee7484034f3604aed922649c4e,2026-09-26T19:30:00Z,Georgia Bulldogs,Oklahoma Sooners,draftkings,DraftKings,2026-09-17T19:34:58Z,h2h,2026-09-17T19:34:58Z,Oklahoma Sooners,370,,20260917193559929069
NCAAF,americanfootball_ncaaf,3848eaee7484034f3604aed922649c4e,2026-09-26T19:30:00Z,Georgia Bulldogs,Oklahoma Sooners,draftkings,DraftKings,2026-09-17T19:34:58Z,spreads,2026-09-17T19:34:58Z,Georgia Bulldogs,-108,-13.5,20260917193559929069
NCAAF,americanfootball_ncaaf,3848eaee7484034f3604aed922649c4e,2026-09-26T19:30:00Z,Georgia Bulldogs,Oklahoma Sooners,draftkings,DraftKings,2026-09-17T19:34:58Z,spreads,2026-09-17T19:34:58Z,Oklahoma Sooners,-112,13.5,20260917193559929069
NCAAF,americanfootball_ncaaf,3848eaee7484034f3604aed922649c4e,2026-09-26T19:30:00Z,Georgia Bulldogs,Oklahoma Sooners,draftkings,DraftKings,2026-09-17T19:34:58Z,totals,2026-09-17T19:34:58Z,Over,-108,47.5,20260917193559929069
NCAAF,americanfootball_ncaaf,3848eaee7484034f3604aed922649c4e,2026-09-26T19:30:00Z,Georgia Bulldogs,Oklahoma Sooners,draftkings,DraftKings,2026-09-17T19:34:58Z,totals,2026-09-17T19:34:58Z,Under,-112,47.5,20260917193559929069
NCAAF,americanfootball_ncaaf,3848eaee7484034f3604aed922649c4e,2026-09-26T19:30:00Z,Georgia Bulldogs,Oklahoma Sooners,fanduel,FanDuel,2026-09-17T19:35:46Z,h2h,2026-09-17T19:35:46Z,Georgia Bulldogs,-430,,20260917193559929069
NCAAF,americanfootball_ncaaf,3848eaee7484034f3604aed922649c4e,2026-09-26T19:30:00Z,Georgia Bulldogs,Oklahoma Sooners,fanduel,FanDuel,2026-09-17T19:35:46Z,h2h,2026-09-17T19:35:46Z,Oklahoma Sooners,330,,20260917193559929069
NCAAF,americanfootball_ncaaf,3848eaee7484034f3604aed922649c4e,2026-09-26T19:30:00Z,Georgia Bulldogs,Oklahoma Sooners,fanduel,FanDuel,2026-09-17T19:35:46Z,spreads,2026-09-17T19:35:46Z,Georgia Bulldogs,-110,-10.5,20260917193559929069
NCAAF,americanfootball_ncaaf,3848eaee7484034f3604aed922649c4e,2026-09-26T19:30:00Z,Georgia Bulldogs,Oklahoma Sooners,fanduel,FanDuel,2026-09-17T19:35:46Z,spreads,2026-09-17T19:35:46Z,Oklahoma Sooners,-110,10.5,20260917193559929069
NCAAF,americanfootball_ncaaf,3848eaee7484034f3604aed922649c4e,2026-09-26T19:30:00Z,Georgia Bulldogs,Oklahoma Sooners,fanduel,FanDuel,2026-09-17T19:35:46Z,totals,2026-09-17T19:35:46Z,Over,-105,46.5,20260917193559929069
NCAAF,americanfootball_ncaaf,3848eaee7484034f3604aed922649c4e,2026-09-26T19:30:00Z,Georgia Bulldogs,Oklahoma Sooners,fanduel,FanDuel,2026-09-17T19:35:46Z,totals,2026-09-17T19:35:46Z,Under,-115,46.5,20260917193559929069
NCAAF,americanfootball_ncaaf,39a3d3075172036a2b3f7d47913779b8,2026-09-26T19:30:00Z,Michigan Wolverines,Iowa Hawkeyes,draftkings,DraftKings,2026-09-17T19:34:58Z,h2h,2026-09-17T19:34:58Z,Iowa Hawkeyes,160,,20260917193559929069
NCAAF,americanfootball_ncaaf,39a3d3075172036a2b3f7d47913779b8,2026-09-26T19:30:00Z,Michigan Wolverines,Iowa Hawkeyes,draftkings,DraftKings,2026-09-17T19:34:58Z,h2h,2026-09-17T19:34:58Z,Michigan Wolverines,-192,,20260917193559929069
NCAAF,americanfootball_ncaaf,39a3d3075172036a2b3f7d47913779b8,2026-09-26T19:30:00Z,Michigan Wolverines,Iowa Hawkeyes,draftkings,DraftKings,2026-09-17T19:34:58Z,spreads,2026-09-17T19:34:58Z,Iowa Hawkeyes,-110,4.5,20260917193559929069
NCAAF,americanfootball_ncaaf,39a3d3075172036a2b3f7d47913779b8,2026-09-26T19:30:00Z,Michigan Wolverines,Iowa Hawkeyes,draftkings,DraftKings,2026-09-17T19:34:58Z,spreads,2026-09-17T19:34:58Z,Michigan Wolverines,-110,-4.5,20260917193559929069
NCAAF,americanfootball_ncaaf,39a3d3075172036a2b3f7d47913779b8,2026-09-26T19:30:00Z,Michigan Wolverines,Iowa Hawkeyes,draftkings,DraftKings,2026-09-17T19:34:58Z,totals,2026-09-17T19:34:58Z,Over,-112,39.5,20260917193559929069
NCAAF,americanfootball_ncaaf,39a3d3075172036a2b3f7d47913779b8,2026-09-26T19:30:00Z,Michigan Wolverines,Iowa Hawkeyes,draftkings,DraftKings,2026-09-17T19:34:58Z,totals,2026-09-17T19:34:58Z,Under,-108,39.5,20260917193559929069
NCAAF,americanfootball_ncaaf,39a3d3075172036a2b3f7d47913779b8,2026-09-26T19:30:00Z,Michigan Wolverines,Iowa Hawkeyes,fanduel,FanDuel,2026-09-17T19:35:47Z,h2h,2026-09-17T19:35:46Z,Iowa Hawkeyes,176,,20260917193559929069
NCAAF,americanfootball_ncaaf,39a3d3075172036a2b3f7d47913779b8,2026-09-26T19:30:00Z,Michigan Wolverines,Iowa Hawkeyes,fanduel,FanDuel,2026-09-17T19:35:47Z,h2h,2026-09-17T19:35:46Z,Michigan Wolverines,-215,,20260917193559929069
NCAAF,americanfootball_ncaaf,39a3d3075172036a2b3f7d47913779b8,2026-09-26T19:30:00Z,Michigan Wolverines,Iowa Hawkeyes,fanduel,FanDuel,2026-09-17T19:35:47Z,spreads,2026-09-17T19:35:46Z,Iowa Hawkeyes,-110,5.5,20260917193559929069
NCAAF,americanfootball_ncaaf,39a3d3075172036a2b3f7d47913779b8,2026-09-26T19:30:00Z,Michigan Wolverines,Iowa Hawkeyes,fanduel,FanDuel,2026-09-17T19:35:47Z,spreads,2026-09-17T19:35:46Z,Michigan Wolverines,-110,-5.5,20260917193559929069
NCAAF,americanfootball_ncaaf,39a3d3075172036a2b3f7d47913779b8,2026-09-26T19:30:00Z,Michigan Wolverines,Iowa Hawkeyes,fanduel,FanDuel,2026-09-17T19:35:47Z,totals,2026-09-17T19:35:46Z,Over,-105,38.5,20260917193559929069
NCAAF,americanfootball_ncaaf,39a3d3075172036a2b3f7d47913779b8,2026-09-26T19:30:00Z,Michigan Wolverines,Iowa Hawkeyes,fanduel,FanDuel,2026-09-17T19:35:47Z,totals,2026-09-17T19:35:46Z,Under,-115,38.5,20260917193559929069
NCAAF,americanfootball_ncaaf,e497e36c59bded468da11878568e7c80,2026-09-26T19:30:00Z,Washington Huskies,Minnesota Golden Gophers,fanduel,FanDuel,2026-09-17T19:35:47Z,h2h,2026-09-17T19:35:46Z,Minnesota Golden Gophers,255,,20260917193559929069
NCAAF,americanfootball_ncaaf,e497e36c59bded468da11878568e7c80,2026-09-26T19:30:00Z,Washington Huskies,Minnesota Golden Gophers,fanduel,FanDuel,2026-09-17T19:35:47Z,h2h,2026-09-17T19:35:46Z,Washington Huskies,-320,,20260917193559929069
NCAAF,americanfootball_ncaaf,e497e36c59bded468da11878568e7c80,2026-09-26T19:30:00Z,Washington Huskies,Minnesota Golden Gophers,fanduel,FanDuel,2026-09-17T19:35:47Z,spreads,2026-09-17T19:35:46Z,Minnesota Golden Gophers,-115,8.5,20260917193559929069
NCAAF,americanfootball_ncaaf,e497e36c59bded468da11878568e7c80,2026-09-26T19:30:00Z,Washington Huskies,Minnesota Golden Gophers,fanduel,FanDuel,2026-09-17T19:35:47Z,spreads,2026-09-17T19:35:46Z,Washington Huskies,-105,-8.5,20260917193559929069
NCAAF,americanfootball_ncaaf,e497e36c59bded468da11878568e7c80,2026-09-26T19:30:00Z,Washington Huskies,Minnesota Golden Gophers,fanduel,FanDuel,2026-09-17T19:35:47Z,totals,2026-09-17T19:35:46Z,Over,-110,46.5,20260917193559929069
NCAAF,americanfootball_ncaaf,e497e36c59bded468da11878568e7c80,2026-09-26T19:30:00Z,Washington Huskies,Minnesota Golden Gophers,fanduel,FanDuel,2026-09-17T19:35:47Z,totals,2026-09-17T19:35:46Z,Under,-110,46.5,20260917193559929069
NCAAF,americanfootball_ncaaf,edf8d3e3699aa5cb34c50ac7de992d37,2026-09-26T20:15:00Z,Auburn Tigers,Vanderbilt Commodores,draftkings,DraftKings,2026-09-17T19:34:58Z,h2h,2026-09-17T19:34:58Z,Auburn Tigers,-340,,20260917193559929069
NCAAF,americanfootball_ncaaf,edf8d3e3699aa5cb34c50ac7de992d37,2026-09-26T20:15:00Z,Auburn Tigers,Vanderbilt Commodores,draftkings,DraftKings,2026-09-17T19:34:58Z,h2h,2026-09-17T19:34:58Z,Vanderbilt Commodores,270,,20260917193559929069
NCAAF,americanfootball_ncaaf,edf8d3e3699aa5cb34c50ac7de992d37,2026-09-26T20:15:00Z,Auburn Tigers,Vanderbilt Commodores,draftkings,DraftKings,2026-09-17T19:34:58Z,spreads,2026-09-17T19:34:58Z,Auburn Tigers,-110,-8.5,20260917193559929069
NCAAF,americanfootball_ncaaf,edf8d3e3699aa5cb34c50ac7de992d37,2026-09-26T20:15:00Z,Auburn Tigers,Vanderbilt Commodores,draftkings,DraftKings,2026-09-17T19:34:58Z,spreads,2026-09-17T19:34:58Z,Vanderbilt Commodores,-110,8.5,20260917193559929069
NCAAF,americanfootball_ncaaf,edf8d3e3699aa5cb34c50ac7de992d37,2026-09-26T20:15:00Z,Auburn Tigers,Vanderbilt Commodores,draftkings,DraftKings,2026-09-17T19:34:58Z,totals,2026-09-17T19:34:58Z,Over,-112,50.5,20260917193559929069
NCAAF,americanfootball_ncaaf,edf8d3e3699aa5cb34c50ac7de992d37,2026-09-26T20:15:00Z,Auburn Tigers,Vanderbilt Commodores,draftkings,DraftKings,2026-09-17T19:34:58Z,totals,2026-09-17T19:34:58Z,Under,-108,50.5,20260917193559929069
NCAAF,americanfootball_ncaaf,023386f1b92db2259c7d52b2f244182f,2026-09-26T21:00:00Z,Michigan State Spartans,Nebraska Cornhuskers,draftkings,DraftKings,2026-09-17T19:34:58Z,h2h,2026-09-17T19:34:58Z,Michigan State Spartans,170,,20260917193559929069
NCAAF,americanfootball_ncaaf,023386f1b92db2259c7d52b2f244182f,2026-09-26T21:00:00Z,Michigan State Spartans,Nebraska Cornhuskers,draftkings,DraftKings,2026-09-17T19:34:58Z,h2h,2026-09-17T19:34:58Z,Nebraska Cornhuskers,-205,,20260917193559929069
NCAAF,americanfootball_ncaaf,023386f1b92db2259c7d52b2f244182f,2026-09-26T21:00:00Z,Michigan State Spartans,Nebraska Cornhuskers,draftkings,DraftKings,2026-09-17T19:34:58Z,spreads,2026-09-17T19:34:58Z,Michigan State Spartans,-110,5.5,20260917193559929069
NCAAF,americanfootball_ncaaf,023386f1b92db2259c7d52b2f244182f,2026-09-26T21:00:00Z,Michigan State Spartans,Nebraska Cornhuskers,draftkings,DraftKings,2026-09-17T19:34:58Z,spreads,2026-09-17T19:34:58Z,Nebraska Cornhuskers,-110,-5.5,20260917193559929069
NCAAF,americanfootball_ncaaf,023386f1b92db2259c7d52b2f244182f,2026-09-26T21:00:00Z,Michigan State Spartans,Nebraska Cornhuskers,draftkings,DraftKings,2026-09-17T19:34:58Z,totals,2026-09-17T19:34:58Z,Over,-112,52.5,20260917193559929069
NCAAF,americanfootball_ncaaf,023386f1b92db2259c7d52b2f244182f,2026-09-26T21:00:00Z,Michigan State Spartans,Nebraska Cornhuskers,draftkings,DraftKings,2026-09-17T19:34:58Z,totals,2026-09-17T19:34:58Z,Under,-108,52.5,20260917193559929069
NCAAF,americanfootball_ncaaf,9c5cf55e5371dd6178da97dcaef2bff5,2026-09-26T21:00:00Z,Penn State Nittany Lions,Wisconsin Badgers,draftkings,DraftKings,2026-09-17T19:34:58Z,h2h,2026-09-17T19:34:58Z,Penn State Nittany Lions,-455,,20260917193559929069
NCAAF,americanfootball_ncaaf,9c5cf55e5371dd6178da97dcaef2bff5,2026-09-26T21:00:00Z,Penn State Nittany Lions,Wisconsin Badgers,draftkings,DraftKings,2026-09-17T19:34:58Z,h2h,2026-09-17T19:34:58Z,Wisconsin Badgers,350,,20260917193559929069
NCAAF,americanfootball_ncaaf,9c5cf55e5371dd6178da97dcaef2bff5,2026-09-26T21:00:00Z,Penn State Nittany Lions,Wisconsin Badgers,draftkings,DraftKings,2026-09-17T19:34:58Z,spreads,2026-09-17T19:34:58Z,Penn State Nittany Lions,-105,-11.5,20260917193559929069
NCAAF,americanfootball_ncaaf,9c5cf55e5371dd6178da97dcaef2bff5,2026-09-26T21:00:00Z,Penn State Nittany Lions,Wisconsin Badgers,draftkings,DraftKings,2026-09-17T19:34:58Z,spreads,2026-09-17T19:34:58Z,Wisconsin Badgers,-115,11.5,20260917193559929069
NCAAF,americanfootball_ncaaf,9c5cf55e5371dd6178da97dcaef2bff5,2026-09-26T21:00:00Z,Penn State Nittany Lions,Wisconsin Badgers,draftkings,DraftKings,2026-09-17T19:34:58Z,totals,2026-09-17T19:34:58Z,Over,-112,42.5,20260917193559929069
NCAAF,americanfootball_ncaaf,9c5cf55e5371dd6178da97dcaef2bff5,2026-09-26T21:00:00Z,Penn State Nittany Lions,Wisconsin Badgers,draftkings,DraftKings,2026-09-17T19:34:58Z,totals,2026-09-17T19:34:58Z,Under,-108,42.5,20260917193559929069
NCAAF,americanfootball_ncaaf,9c5cf55e5371dd6178da97dcaef2bff5,2026-09-26T21:00:00Z,Penn State Nittany Lions,Wisconsin Badgers,fanduel,FanDuel,2026-09-17T19:35:46Z,h2h,2026-09-17T19:35:46Z,Penn State Nittany Lions,-520,,20260917193559929069
NCAAF,americanfootball_ncaaf,9c5cf55e5371dd6178da97dcaef2bff5,2026-09-26T21:00:00Z,Penn State Nittany Lions,Wisconsin Badgers,fanduel,FanDuel,2026-09-17T19:35:46Z,h2h,2026-09-17T19:35:46Z,Wisconsin Badgers,385,,20260917193559929069
NCAAF,americanfootball_ncaaf,9c5cf55e5371dd6178da97dcaef2bff5,2026-09-26T21:00:00Z,Penn State Nittany Lions,Wisconsin Badgers,fanduel,FanDuel,2026-09-17T19:35:46Z,spreads,2026-09-17T19:35:46Z,Penn State Nittany Lions,-110,-11.5,20260917193559929069
NCAAF,americanfootball_ncaaf,9c5cf55e5371dd6178da97dcaef2bff5,2026-09-26T21:00:00Z,Penn State Nittany Lions,Wisconsin Badgers,fanduel,FanDuel,2026-09-17T19:35:46Z,spreads,2026-09-17T19:35:46Z,Wisconsin Badgers,-110,11.5,20260917193559929069
NCAAF,americanfootball_ncaaf,9c5cf55e5371dd6178da97dcaef2bff5,2026-09-26T21:00:00Z,Penn State Nittany Lions,Wisconsin Badgers,fanduel,FanDuel,2026-09-17T19:35:46Z,totals,2026-09-17T19:35:46Z,Over,-105,43.5,20260917193559929069
NCAAF,americanfootball_ncaaf,9c5cf55e5371dd6178da97dcaef2bff5,2026-09-26T21:00:00Z,Penn State Nittany Lions,Wisconsin Badgers,fanduel,FanDuel,2026-09-17T19:35:46Z,totals,2026-09-17T19:35:46Z,Under,-115,43.5,20260917193559929069
NCAAF,americanfootball_ncaaf,c843a3f97a410eedafcfbad440774ad2,2026-09-26T23:00:00Z,Alabama Crimson Tide,South Carolina Gamecocks,draftkings,DraftKings,2026-09-17T19:34:58Z,h2h,2026-09-17T19:34:58Z,Alabama Crimson Tide,-455,,20260917193559929069
NCAAF,americanfootball_ncaaf,c843a3f97a410eedafcfbad440774ad2,2026-09-26T23:00:00Z,Alabama Crimson Tide,South Carolina Gamecocks,draftkings,DraftKings,2026-09-17T19:34:58Z,h2h,2026-09-17T19:34:58Z,South Carolina Gamecocks,350,,20260917193559929069
NCAAF,americanfootball_ncaaf,c843a3f97a410eedafcfbad440774ad2,2026-09-26T23:00:00Z,Alabama Crimson Tide,South Carolina Gamecocks,draftkings,DraftKings,2026-09-17T19:34:58Z,spreads,2026-09-17T19:34:58Z,Alabama Crimson Tide,-108,-11.5,20260917193559929069
NCAAF,americanfootball_ncaaf,c843a3f97a410eedafcfbad440774ad2,2026-09-26T23:00:00Z,Alabama Crimson Tide,South Carolina Gamecocks,draftkings,DraftKings,2026-09-17T19:34:58Z,spreads,2026-09-17T19:34:58Z,South Carolina Gamecocks,-112,11.5,20260917193559929069
NCAAF,americanfootball_ncaaf,c843a3f97a410eedafcfbad440774ad2,2026-09-26T23:00:00Z,Alabama Crimson Tide,South Carolina Gamecocks,draftkings,DraftKings,2026-09-17T19:34:58Z,totals,2026-09-17T19:34:58Z,Over,-115,46.5,20260917193559929069
NCAAF,americanfootball_ncaaf,c843a3f97a410eedafcfbad440774ad2,2026-09-26T23:00:00Z,Alabama Crimson Tide,South Carolina Gamecocks,draftkings,DraftKings,2026-09-17T19:34:58Z,totals,2026-09-17T19:34:58Z,Under,-105,46.5,20260917193559929069
NCAAF,americanfootball_ncaaf,c843a3f97a410eedafcfbad440774ad2,2026-09-26T23:00:00Z,Alabama Crimson Tide,South Carolina Gamecocks,fanduel,FanDuel,2026-09-17T19:35:47Z,h2h,2026-09-17T19:35:46Z,Alabama Crimson Tide,-450,,20260917193559929069
NCAAF,americanfootball_ncaaf,c843a3f97a410eedafcfbad440774ad2,2026-09-26T23:00:00Z,Alabama Crimson Tide,South Carolina Gamecocks,fanduel,FanDuel,2026-09-17T19:35:47Z,h2h,2026-09-17T19:35:46Z,South Carolina Gamecocks,340,,20260917193559929069
NCAAF,americanfootball_ncaaf,c843a3f97a410eedafcfbad440774ad2,2026-09-26T23:00:00Z,Alabama Crimson Tide,South Carolina Gamecocks,fanduel,FanDuel,2026-09-17T19:35:47Z,spreads,2026-09-17T19:35:46Z,Alabama Crimson Tide,-115,-10.5,20260917193559929069
NCAAF,americanfootball_ncaaf,c843a3f97a410eedafcfbad440774ad2,2026-09-26T23:00:00Z,Alabama Crimson Tide,South Carolina Gamecocks,fanduel,FanDuel,2026-09-17T19:35:47Z,spreads,2026-09-17T19:35:46Z,South Carolina Gamecocks,-105,10.5,20260917193559929069
NCAAF,americanfootball_ncaaf,c843a3f97a410eedafcfbad440774ad2,2026-09-26T23:00:00Z,Alabama Crimson Tide,South Carolina Gamecocks,fanduel,FanDuel,2026-09-17T19:35:47Z,totals,2026-09-17T19:35:46Z,Over,-105,50.5,20260917193559929069
NCAAF,americanfootball_ncaaf,c843a3f97a410eedafcfbad440774ad2,2026-09-26T23:00:00Z,Alabama Crimson Tide,South Carolina Gamecocks,fanduel,FanDuel,2026-09-17T19:35:47Z,totals,2026-09-17T19:35:46Z,Under,-115,50.5,20260917193559929069
NCAAF,americanfootball_ncaaf,6c95114d806556a04a0d719e62c042d7,2026-09-26T23:00:00Z,West Virginia Mountaineers,Oklahoma State Cowboys,draftkings,DraftKings,2026-09-17T19:34:58Z,h2h,2026-09-17T19:34:58Z,Oklahoma State Cowboys,-130,,20260917193559929069
NCAAF,americanfootball_ncaaf,6c95114d806556a04a0d719e62c042d7,2026-09-26T23:00:00Z,West Virginia Mountaineers,Oklahoma State Cowboys,draftkings,DraftKings,2026-09-17T19:34:58Z,h2h,2026-09-17T19:34:58Z,West Virginia Mountaineers,110,,20260917193559929069
NCAAF,americanfootball_ncaaf,6c95114d806556a04a0d719e62c042d7,2026-09-26T23:00:00Z,West Virginia Mountaineers,Oklahoma State Cowboys,draftkings,DraftKings,2026-09-17T19:34:58Z,spreads,2026-09-17T19:34:58Z,Oklahoma State Cowboys,-110,-2.5,20260917193559929069
NCAAF,americanfootball_ncaaf,6c95114d806556a04a0d719e62c042d7,2026-09-26T23:00:00Z,West Virginia Mountaineers,Oklahoma State Cowboys,draftkings,DraftKings,2026-09-17T19:34:58Z,spreads,2026-09-17T19:34:58Z,West Virginia Mountaineers,-110,2.5,20260917193559929069
NCAAF,americanfootball_ncaaf,6c95114d806556a04a0d719e62c042d7,2026-09-26T23:00:00Z,West Virginia Mountaineers,Oklahoma State Cowboys,draftkings,DraftKings,2026-09-17T19:34:58Z,totals,2026-09-17T19:34:58Z,Over,-110,57.5,20260917193559929069
NCAAF,americanfootball_ncaaf,6c95114d806556a04a0d719e62c042d7,2026-09-26T23:00:00Z,West Virginia Mountaineers,Oklahoma State Cowboys,draftkings,DraftKings,2026-09-17T19:34:58Z,totals,2026-09-17T19:34:58Z,Under,-110,57.5,20260917193559929069
NCAAF,americanfootball_ncaaf,83516ad7ba3e8ef9f90498cfcaf10eb5,2026-09-26T23:00:00Z,USC Trojans,Oregon Ducks,draftkings,DraftKings,2026-09-17T19:34:58Z,h2h,2026-09-17T19:34:58Z,Oregon Ducks,105,,20260917193559929069
NCAAF,americanfootball_ncaaf,83516ad7ba3e8ef9f90498cfcaf10eb5,2026-09-26T23:00:00Z,USC Trojans,Oregon Ducks,draftkings,DraftKings,2026-09-17T19:34:58Z,h2h,2026-09-17T19:34:58Z,USC Trojans,-125,,20260917193559929069
NCAAF,americanfootball_ncaaf,83516ad7ba3e8ef9f90498cfcaf10eb5,2026-09-26T23:00:00Z,USC Trojans,Oregon Ducks,draftkings,DraftKings,2026-09-17T19:34:58Z,spreads,2026-09-17T19:34:58Z,Oregon Ducks,-115,2.5,20260917193559929069
NCAAF,americanfootball_ncaaf,83516ad7ba3e8ef9f90498cfcaf10eb5,2026-09-26T23:00:00Z,USC Trojans,Oregon Ducks,draftkings,DraftKings,2026-09-17T19:34:58Z,spreads,2026-09-17T19:34:58Z,USC Trojans,-105,-2.5,20260917193559929069
NCAAF,americanfootball_ncaaf,83516ad7ba3e8ef9f90498cfcaf10eb5,2026-09-26T23:00:00Z,USC Trojans,Oregon Ducks,draftkings,DraftKings,2026-09-17T19:34:58Z,totals,2026-09-17T19:34:58Z,Over,-112,62.5,20260917193559929069
NCAAF,americanfootball_ncaaf,83516ad7ba3e8ef9f90498cfcaf10eb5,2026-09-26T23:00:00Z,USC Trojans,Oregon Ducks,draftkings,DraftKings,2026-09-17T19:34:58Z,totals,2026-09-17T19:34:58Z,Under,-108,62.5,20260917193559929069
NCAAF,americanfootball_ncaaf,83516ad7ba3e8ef9f90498cfcaf10eb5,2026-09-26T23:00:00Z,USC Trojans,Oregon Ducks,fanduel,FanDuel,2026-09-17T19:35:46Z,h2h,2026-09-17T19:35:46Z,Oregon Ducks,-105,,20260917193559929069
NCAAF,americanfootball_ncaaf,83516ad7ba3e8ef9f90498cfcaf10eb5,2026-09-26T23:00:00Z,USC Trojans,Oregon Ducks,fanduel,FanDuel,2026-09-17T19:35:46Z,h2h,2026-09-17T19:35:46Z,USC Trojans,-114,,20260917193559929069
NCAAF,americanfootball_ncaaf,83516ad7ba3e8ef9f90498cfcaf10eb5,2026-09-26T23:00:00Z,USC Trojans,Oregon Ducks,fanduel,FanDuel,2026-09-17T19:35:46Z,spreads,2026-09-17T19:35:46Z,Oregon Ducks,-118,1.5,20260917193559929069
NCAAF,americanfootball_ncaaf,83516ad7ba3e8ef9f90498cfcaf10eb5,2026-09-26T23:00:00Z,USC Trojans,Oregon Ducks,fanduel,FanDuel,2026-09-17T19:35:46Z,spreads,2026-09-17T19:35:46Z,USC Trojans,-104,-1.5,20260917193559929069
NCAAF,americanfootball_ncaaf,83516ad7ba3e8ef9f90498cfcaf10eb5,2026-09-26T23:00:00Z,USC Trojans,Oregon Ducks,fanduel,FanDuel,2026-09-17T19:35:46Z,totals,2026-09-17T19:35:46Z,Over,-110,60.5,20260917193559929069
NCAAF,americanfootball_ncaaf,83516ad7ba3e8ef9f90498cfcaf10eb5,2026-09-26T23:00:00Z,USC Trojans,Oregon Ducks,fanduel,FanDuel,2026-09-17T19:35:46Z,totals,2026-09-17T19:35:46Z,Under,-110,60.5,20260917193559929069
NCAAF,americanfootball_ncaaf,0c71c3230f930f30ac34160b38dbbaf0,2026-09-26T23:30:00Z,LSU Tigers,Texas A&M Aggies,draftkings,DraftKings,2026-09-17T19:34:58Z,h2h,2026-09-17T19:34:58Z,LSU Tigers,-205,,20260917193559929069
NCAAF,americanfootball_ncaaf,0c71c3230f930f30ac34160b38dbbaf0,2026-09-26T23:30:00Z,LSU Tigers,Texas A&M Aggies,draftkings,DraftKings,2026-09-17T19:34:58Z,h2h,2026-09-17T19:34:58Z,Texas A&M Aggies,170,,20260917193559929069
NCAAF,americanfootball_ncaaf,0c71c3230f930f30ac34160b38dbbaf0,2026-09-26T23:30:00Z,LSU Tigers,Texas A&M Aggies,draftkings,DraftKings,2026-09-17T19:34:58Z,spreads,2026-09-17T19:34:58Z,LSU Tigers,-112,-5.5,20260917193559929069
NCAAF,americanfootball_ncaaf,0c71c3230f930f30ac34160b38dbbaf0,2026-09-26T23:30:00Z,LSU Tigers,Texas A&M Aggies,draftkings,DraftKings,2026-09-17T19:34:58Z,spreads,2026-09-17T19:34:58Z,Texas A&M Aggies,-108,5.5,20260917193559929069
NCAAF,americanfootball_ncaaf,0c71c3230f930f30ac34160b38dbbaf0,2026-09-26T23:30:00Z,LSU Tigers,Texas A&M Aggies,draftkings,DraftKings,2026-09-17T19:34:58Z,totals,2026-09-17T19:34:58Z,Over,-115,54.5,20260917193559929069
NCAAF,americanfootball_ncaaf,0c71c3230f930f30ac34160b38dbbaf0,2026-09-26T23:30:00Z,LSU Tigers,Texas A&M Aggies,draftkings,DraftKings,2026-09-17T19:34:58Z,totals,2026-09-17T19:34:58Z,Under,-105,54.5,20260917193559929069
NCAAF,americanfootball_ncaaf,f154381c89953d3b0bd409a6bc4e28a6,2026-09-26T23:45:00Z,Mississippi State Bulldogs,Missouri Tigers,draftkings,DraftKings,2026-09-17T19:34:58Z,h2h,2026-09-17T19:34:58Z,Mississippi State Bulldogs,-115,,20260917193559929069
NCAAF,americanfootball_ncaaf,f154381c89953d3b0bd409a6bc4e28a6,2026-09-26T23:45:00Z,Mississippi State Bulldogs,Missouri Tigers,draftkings,DraftKings,2026-09-17T19:34:58Z,h2h,2026-09-17T19:34:58Z,Missouri Tigers,-105,,20260917193559929069
NCAAF,americanfootball_ncaaf,f154381c89953d3b0bd409a6bc4e28a6,2026-09-26T23:45:00Z,Mississippi State Bulldogs,Missouri Tigers,draftkings,DraftKings,2026-09-17T19:34:58Z,spreads,2026-09-17T19:34:58Z,Mississippi State Bulldogs,-105,-1.5,20260917193559929069
NCAAF,americanfootball_ncaaf,f154381c89953d3b0bd409a6bc4e28a6,2026-09-26T23:45:00Z,Mississippi State Bulldogs,Missouri Tigers,draftkings,DraftKings,2026-09-17T19:34:58Z,spreads,2026-09-17T19:34:58Z,Missouri Tigers,-115,1.5,20260917193559929069
NCAAF,americanfootball_ncaaf,f154381c89953d3b0bd409a6bc4e28a6,2026-09-26T23:45:00Z,Mississippi State Bulldogs,Missouri Tigers,draftkings,DraftKings,2026-09-17T19:34:58Z,totals,2026-09-17T19:34:58Z,Over,-110,56.5,20260917193559929069
NCAAF,americanfootball_ncaaf,f154381c89953d3b0bd409a6bc4e28a6,2026-09-26T23:45:00Z,Mississippi State Bulldogs,Missouri Tigers,draftkings,DraftKings,2026-09-17T19:34:58Z,totals,2026-09-17T19:34:58Z,Under,-110,56.5,20260917193559929069
NCAAF,americanfootball_ncaaf,f154381c89953d3b0bd409a6bc4e28a6,2026-09-26T23:45:00Z,Mississippi State Bulldogs,Missouri Tigers,fanduel,FanDuel,2026-09-17T19:35:47Z,h2h,2026-09-17T19:35:46Z,Mississippi State Bulldogs,-113,,20260917193559929069
NCAAF,americanfootball_ncaaf,f154381c89953d3b0bd409a6bc4e28a6,2026-09-26T23:45:00Z,Mississippi State Bulldogs,Missouri Tigers,fanduel,FanDuel,2026-09-17T19:35:47Z,h2h,2026-09-17T19:35:46Z,Missouri Tigers,-105,,20260917193559929069
NCAAF,americanfootball_ncaaf,f154381c89953d3b0bd409a6bc4e28a6,2026-09-26T23:45:00Z,Mississippi State Bulldogs,Missouri Tigers,fanduel,FanDuel,2026-09-17T19:35:47Z,spreads,2026-09-17T19:35:46Z,Mississippi State Bulldogs,-106,-1.5,20260917193559929069
NCAAF,americanfootball_ncaaf,f154381c89953d3b0bd409a6bc4e28a6,2026-09-26T23:45:00Z,Mississippi State Bulldogs,Missouri Tigers,fanduel,FanDuel,2026-09-17T19:35:47Z,spreads,2026-09-17T19:35:46Z,Missouri Tigers,-114,1.5,20260917193559929069
NCAAF,americanfootball_ncaaf,f154381c89953d3b0bd409a6bc4e28a6,2026-09-26T23:45:00Z,Mississippi State Bulldogs,Missouri Tigers,fanduel,FanDuel,2026-09-17T19:35:47Z,totals,2026-09-17T19:35:46Z,Over,-110,56.5,20260917193559929069
NCAAF,americanfootball_ncaaf,f154381c89953d3b0bd409a6bc4e28a6,2026-09-26T23:45:00Z,Mississippi State Bulldogs,Missouri Tigers,fanduel,FanDuel,2026-09-17T19:35:47Z,totals,2026-09-17T19:35:46Z,Under,-110,56.5,20260917193559929069
