sport,sport_key,game_id,game_time,home_team,away_team,bookmaker_key,bookmaker_title,bookmaker_last_update,market,market_last_update,team,price,point,query_time
NCAAF,americanfootball_ncaaf,5c60d6ce348eae3327bc83534dd7522b,2026-09-26T16:04:00Z,Texas Tech Red Raiders,Sam Houston State Bearkats,fanduel,FanDuel,2026-09-26T19:24:58Z,spreads,2026-09-26T19:24:57Z,Sam Houston State Bearkats,1000,34.5,20260926193526122038
NCAAF,americanfootball_ncaaf,5c60d6ce348eae3327bc83534dd7522b,2026-09-26T16:04:00Z,Texas Tech Red Raiders,Sam Houston State Bearkats,fanduel,FanDuel,2026-09-26T19:24:58Z,spreads,2026-09-26T19:24:57Z,Texas Tech Red Raiders,-4000,-34.5,20260926193526122038
NCAAF,americanfootball_ncaaf,5c60d6ce348eae3327bc83534dd7522b,2026-09-26T16:04:00Z,Texas Tech Red Raiders,Sam Houston State Bearkats,draftkings,DraftKings,2026-09-26T19:26:24Z,spreads,2026-09-26T19:26:24Z,Sam Houston State Bearkats,-6300,35.5,20260926193526122038
NCAAF,americanfootball_ncaaf,5c60d6ce348eae3327bc83534dd7522b,2026-09-26T16:04:00Z,Texas Tech Red Raiders,Sam Houston State Bearkats,draftkings,DraftKings,2026-09-26T19:26:24Z,spreads,2026-09-26T19:26:24Z,Texas Tech Red Raiders,2000,-35.5,20260926193526122038
NCAAF,americanfootball_ncaaf,5c60d6ce348eae3327bc83534dd7522b,2026-09-26T16:04:00Z,Texas Tech Red Raiders,Sam Houston State Bearkats,draftkings,DraftKings,2026-09-26T19:26:24Z,totals,2026-09-26T19:26:24Z,Over,1960,63.5,20260926193526122038
NCAAF,americanfootball_ncaaf,5c60d6ce348eae3327bc83534dd7522b,2026-09-26T16:04:00Z,Texas Tech Red Raiders,Sam Houston State Bearkats,draftkings,DraftKings,2026-09-26T19:26:24Z,totals,2026-09-26T19:26:24Z,Under,-5700,63.5,20260926193526122038
NCAAF,americanfootball_ncaaf,90cacdc25f25e1f13b13e031a7fee9b7,2026-09-26T16:05:00Z,Baylor Bears,Colorado Buffaloes,fanduel,FanDuel,2026-09-26T19:35:15Z,spreads,2026-09-26T19:35:15Z,Baylor Bears,154,-10.5,20260926193526122038
NCAAF,americanfootball_ncaaf,90cacdc25f25e1f13b13e031a7fee9b7,2026-09-26T16:05:00Z,Baylor Bears,Colorado Buffaloes,fanduel,FanDuel,2026-09-26T19:35:15Z,spreads,2026-09-26T19:35:15Z,Colorado Buffaloes,-210,10.5,20260926193526122038
NCAAF,americanfootball_ncaaf,90cacdc25f25e1f13b13e031a7fee9b7,2026-09-26T16:05:00Z,Baylor Bears,Colorado Buffaloes,draftkings,DraftKings,2026-09-26T19:34:04Z,spreads,2026-09-26T19:34:04Z,Baylor Bears,166,-10.5,20260926193526122038
NCAAF,americanfootball_ncaaf,90cacdc25f25e1f13b13e031a7fee9b7,2026-09-26T16:05:00Z,Baylor Bears,Colorado Buffaloes,draftkings,DraftKings,2026-09-26T19:34:04Z,spreads,2026-09-26T19:34:04Z,Colorado Buffaloes,-224,10.5,20260926193526122038
NCAAF,americanfootball_ncaaf,90cacdc25f25e1f13b13e031a7fee9b7,2026-09-26T16:05:00Z,Baylor Bears,Colorado Buffaloes,draftkings,DraftKings,2026-09-26T19:34:04Z,totals,2026-09-26T19:34:04Z,Over,136,36.5,20260926193526122038
NCAAF,americanfootball_ncaaf,90cacdc25f25e1f13b13e031a7fee9b7,2026-09-26T16:05:00Z,Baylor Bears,Colorado Buffaloes,draftkings,DraftKings,2026-09-26T19:34:04Z,totals,2026-09-26T19:34:04Z,Under,-181,36.5,20260926193526122038
NCAAF,americanfootball_ncaaf,90cacdc25f25e1f13b13e031a7fee9b7,2026-09-26T16:05:00Z,Baylor Bears,Colorado Buffaloes,betmgm,BetMGM,2026-09-26T19:31:18Z,spreads,2026-09-26T19:31:17Z,Baylor Bears,145,-11.5,20260926193526122038
NCAAF,americanfootball_ncaaf,90cacdc25f25e1f13b13e031a7fee9b7,2026-09-26T16:05:00Z,Baylor Bears,Colorado Buffaloes,betmgm,BetMGM,2026-09-26T19:31:18Z,spreads,2026-09-26T19:31:17Z,Colorado Buffaloes,-190,11.5,20260926193526122038
NCAAF,americanfootball_ncaaf,90cacdc25f25e1f13b13e031a7fee9b7,2026-09-26T16:05:00Z,Baylor Bears,Colorado Buffaloes,betmgm,BetMGM,2026-09-26T19:31:18Z,totals,2026-09-26T19:31:17Z,Over,105,37.5,20260926193526122038
NCAAF,americanfootball_ncaaf,90cacdc25f25e1f13b13e031a7fee9b7,2026-09-26T16:05:00Z,Baylor Bears,Colorado Buffaloes,betmgm,BetMGM,2026-09-26T19:31:18Z,totals,2026-09-26T19:31:17Z,Under,-140,37.5,20260926193526122038
NCAAF,americanfootball_ncaaf,90cacdc25f25e1f13b13e031a7fee9b7,2026-09-26T16:05:00Z,Baylor Bears,Colorado Buffaloes,bovada,Bovada,2026-09-26T19:34:42Z,spreads,2026-09-26T19:34:42Z,Baylor Bears,165,-10.5,20260926193526122038
NCAAF,americanfootball_ncaaf,90cacdc25f25e1f13b13e031a7fee9b7,2026-09-26T16:05:00Z,Baylor Bears,Colorado Buffaloes,bovada,Bovada,2026-09-26T19:34:42Z,spreads,2026-09-26T19:34:42Z,Colorado Buffaloes,-220,10.5,20260926193526122038
NCAAF,americanfootball_ncaaf,fb1e2c999364a411be347389aec1d827,2026-09-26T16:05:00Z,UTSA Roadrunners,Colorado State Rams,fanduel,FanDuel,2026-09-26T19:35:15Z,spreads,2026-09-26T19:35:15Z,Colorado State Rams,280,13.5,20260926193526122038
NCAAF,americanfootball_ncaaf,fb1e2c999364a411be347389aec1d827,2026-09-26T16:05:00Z,UTSA Roadrunners,Colorado State Rams,fanduel,FanDuel,2026-09-26T19:35:15Z,spreads,2026-09-26T19:35:15Z,UTSA Roadrunners,-420,-13.5,20260926193526122038
NCAAF,americanfootball_ncaaf,fb1e2c999364a411be347389aec1d827,2026-09-26T16:05:00Z,UTSA Roadrunners,Colorado State Rams,draftkings,DraftKings,2026-09-26T19:34:04Z,spreads,2026-09-26T19:34:04Z,Colorado State Rams,235,13.5,20260926193526122038
NCAAF,americanfootball_ncaaf,fb1e2c999364a411be347389aec1d827,2026-09-26T16:05:00Z,UTSA Roadrunners,Colorado State Rams,draftkings,DraftKings,2026-09-26T19:34:04Z,spreads,2026-09-26T19:34:04Z,UTSA Roadrunners,-326,-13.5,20260926193526122038
NCAAF,americanfootball_ncaaf,fb1e2c999364a411be347389aec1d827,2026-09-26T16:05:00Z,UTSA Roadrunners,Colorado State Rams,betmgm,BetMGM,2026-09-26T19:32:25Z,spreads,2026-09-26T19:32:24Z,Colorado State Rams,333,7.5,20260926193526122038
NCAAF,americanfootball_ncaaf,fb1e2c999364a411be347389aec1d827,2026-09-26T16:05:00Z,UTSA Roadrunners,Colorado State Rams,betmgm,BetMGM,2026-09-26T19:32:25Z,spreads,2026-09-26T19:32:24Z,UTSA Roadrunners,-450,-7.5,20260926193526122038
NCAAF,americanfootball_ncaaf,fb1e2c999364a411be347389aec1d827,2026-09-26T16:05:00Z,UTSA Roadrunners,Colorado State Rams,bovada,Bovada,2026-09-26T19:34:42Z,spreads,2026-09-26T19:34:42Z,Colorado State Rams,110,13.5,20260926193526122038
NCAAF,americanfootball_ncaaf,fb1e2c999364a411be347389aec1d827,2026-09-26T16:05:00Z,UTSA Roadrunners,Colorado State Rams,bovada,Bovada,2026-09-26T19:34:42Z,spreads,2026-09-26T19:34:42Z,UTSA Roadrunners,-145,-13.5,20260926193526122038
NCAAF,americanfootball_ncaaf,f6b6590d0b66bbb4fcbb391289794963,2026-09-26T16:07:22Z,Louisville Cardinals,Wake Forest Demon Deacons,draftkings,DraftKings,2026-09-26T19:34:04Z,h2h,2026-09-26T19:34:04Z,Louisville Cardinals,140,,20260926193526122038
NCAAF,americanfootball_ncaaf,f6b6590d0b66bbb4fcbb391289794963,2026-09-26T16:07:22Z,Louisville Cardinals,Wake Forest Demon Deacons,draftkings,DraftKings,2026-09-26T19:34:04Z,h2h,2026-09-26T19:34:04Z,Wake Forest Demon Deacons,-188,,20260926193526122038
NCAAF,americanfootball_ncaaf,f6b6590d0b66bbb4fcbb391289794963,2026-09-26T16:07:22Z,Louisville Cardinals,Wake Forest Demon Deacons,draftkings,DraftKings,2026-09-26T19:34:04Z,spreads,2026-09-26T19:34:04Z,Louisville Cardinals,107,2.5,20260926193526122038
NCAAF,americanfootball_ncaaf,f6b6590d0b66bbb4fcbb391289794963,2026-09-26T16:07:22Z,Louisville Cardinals,Wake Forest Demon Deacons,draftkings,DraftKings,2026-09-26T19:34:04Z,spreads,2026-09-26T19:34:04Z,Wake Forest Demon Deacons,-142,-2.5,20260926193526122038
NCAAF,americanfootball_ncaaf,f6b6590d0b66bbb4fcbb391289794963,2026-09-26T16:07:22Z,Louisville Cardinals,Wake Forest Demon Deacons,fanduel,FanDuel,2026-09-26T19:34:38Z,h2h,2026-09-26T19:34:38Z,Louisville Cardinals,134,,20260926193526122038
NCAAF,americanfootball_ncaaf,f6b6590d0b66bbb4fcbb391289794963,2026-09-26T16:07:22Z,Louisville Cardinals,Wake Forest Demon Deacons,fanduel,FanDuel,2026-09-26T19:34:38Z,h2h,2026-09-26T19:34:38Z,Wake Forest Demon Deacons,-172,,20260926193526122038
NCAAF,americanfootball_ncaaf,f6b6590d0b66bbb4fcbb391289794963,2026-09-26T16:07:22Z,Louisville Cardinals,Wake Forest Demon Deacons,betmgm,BetMGM,2026-09-26T19:34:43Z,h2h,2026-09-26T19:34:42Z,Louisville Cardinals,-155,,20260926193526122038
NCAAF,americanfootball_ncaaf,f6b6590d0b66bbb4fcbb391289794963,2026-09-26T16:07:22Z,Louisville Cardinals,Wake Forest Demon Deacons,betmgm,BetMGM,2026-09-26T19:34:43Z,h2h,2026-09-26T19:34:42Z,Wake Forest Demon Deacons,120,,20260926193526122038
NCAAF,americanfootball_ncaaf,6de44361bd6b6afc20b9bbefcc219f2a,2026-09-26T16:10:00Z,Ohio State Buckeyes,Illinois Fighting Illini,fanduel,FanDuel,2026-09-26T19:34:38Z,spreads,2026-09-26T19:34:38Z,Illinois Fighting Illini,470,22.5,20260926193526122038
NCAAF,americanfootball_ncaaf,6de44361bd6b6afc20b9bbefcc219f2a,2026-09-26T16:10:00Z,Ohio State Buckeyes,Illinois Fighting Illini,fanduel,FanDuel,2026-09-26T19:34:38Z,spreads,2026-09-26T19:34:38Z,Ohio State Buckeyes,-850,-22.5,20260926193526122038
NCAAF,americanfootball_ncaaf,6de44361bd6b6afc20b9bbefcc219f2a,2026-09-26T16:10:00Z,Ohio State Buckeyes,Illinois Fighting Illini,draftkings,DraftKings,2026-09-26T19:34:04Z,spreads,2026-09-26T19:34:04Z,Illinois Fighting Illini,482,22.5,20260926193526122038
NCAAF,americanfootball_ncaaf,6de44361bd6b6afc20b9bbefcc219f2a,2026-09-26T16:10:00Z,Ohio State Buckeyes,Illinois Fighting Illini,draftkings,DraftKings,2026-09-26T19:34:04Z,spreads,2026-09-26T19:34:04Z,Ohio State Buckeyes,-740,-22.5,20260926193526122038
NCAAF,americanfootball_ncaaf,6de44361bd6b6afc20b9bbefcc219f2a,2026-09-26T16:10:00Z,Ohio State Buckeyes,Illinois Fighting Illini,draftkings,DraftKings,2026-09-26T19:34:04Z,totals,2026-09-26T19:34:04Z,Over,475,61.5,20260926193526122038
NCAAF,americanfootball_ncaaf,6de44361bd6b6afc20b9bbefcc219f2a,2026-09-26T16:10:00Z,Ohio State Buckeyes,Illinois Fighting Illini,draftkings,DraftKings,2026-09-26T19:34:04Z,totals,2026-09-26T19:34:04Z,Under,-730,61.5,20260926193526122038
NCAAF,americanfootball_ncaaf,6de44361bd6b6afc20b9bbefcc219f2a,2026-09-26T16:10:00Z,Ohio State Buckeyes,Illinois Fighting Illini,betmgm,BetMGM,2026-09-26T19:29:03Z,spreads,2026-09-26T19:29:01Z,Illinois Fighting Illini,310,22.5,20260926193526122038
NCAAF,americanfootball_ncaaf,6de44361bd6b6afc20b9bbefcc219f2a,2026-09-26T16:10:00Z,Ohio State Buckeyes,Illinois Fighting Illini,betmgm,BetMGM,2026-09-26T19:29:03Z,spreads,2026-09-26T19:29:01Z,Ohio State Buckeyes,-375,-22.5,20260926193526122038
NCAAF,americanfootball_ncaaf,6de44361bd6b6afc20b9bbefcc219f2a,2026-09-26T16:10:00Z,Ohio State Buckeyes,Illinois Fighting Illini,betmgm,BetMGM,2026-09-26T19:29:03Z,totals,2026-09-26T19:29:01Z,Over,260,61.5,20260926193526122038
NCAAF,americanfootball_ncaaf,6de44361bd6b6afc20b9bbefcc219f2a,2026-09-26T16:10:00Z,Ohio State Buckeyes,Illinois Fighting Illini,betmgm,BetMGM,2026-09-26T19:29:03Z,totals,2026-09-26T19:29:01Z,Under,-350,61.5,20260926193526122038
NCAAF,americanfootball_ncaaf,6de44361bd6b6afc20b9bbefcc219f2a,2026-09-26T16:10:00Z,Ohio State Buckeyes,Illinois Fighting Illini,bovada,Bovada,2026-09-26T19:32:30Z,spreads,2026-09-26T19:32:29Z,Illinois Fighting Illini,400,22.5,20260926193526122038
NCAAF,americanfootball_ncaaf,6de44361bd6b6afc20b9bbefcc219f2a,2026-09-26T16:10:00Z,Ohio State Buckeyes,Illinois Fighting Illini,bovada,Bovada,2026-09-26T19:32:30Z,spreads,2026-09-26T19:32:29Z,Ohio State Buckeyes,-650,-22.5,20260926193526122038
NCAAF,americanfootball_ncaaf,6de44361bd6b6afc20b9bbefcc219f2a,2026-09-26T16:10:00Z,Ohio State Buckeyes,Illinois Fighting Illini,bovada,Bovada,2026-09-26T19:32:30Z,totals,2026-09-26T19:32:29Z,Over,350,61.5,20260926193526122038
NCAAF,americanfootball_ncaaf,6de44361bd6b6afc20b9bbefcc219f2a,2026-09-26T16:10:00Z,Ohio State Buckeyes,Illinois Fighting Illini,bovada,Bovada,2026-09-26T19:32:30Z,totals,2026-09-26T19:32:29Z,Under,-550,61.5,20260926193526122038
NCAAF,americanfootball_ncaaf,69b1a0ff5fb2c67c6627b5c8cf8368cb,2026-09-26T16:10:39Z,Tennessee Volunteers,Texas Longhorns,draftkings,DraftKings,2026-09-26T19:34:04Z,h2h,2026-09-26T19:34:04Z,Tennessee Volunteers,2600,,20260926193526122038
NCAAF,americanfootball_ncaaf,69b1a0ff5fb2c67c6627b5c8cf8368cb,2026-09-26T16:10:39Z,Tennessee Volunteers,Texas Longhorns,draftkings,DraftKings,2026-09-26T19:34:04Z,h2h,2026-09-26T19:34:04Z,Texas Longhorns,-10000,,20260926193526122038
NCAAF,americanfootball_ncaaf,69b1a0ff5fb2c67c6627b5c8cf8368cb,2026-09-26T16:10:39Z,Tennessee Volunteers,Texas Longhorns,draftkings,DraftKings,2026-09-26T19:34:04Z,spreads,2026-09-26T19:34:04Z,Tennessee Volunteers,2500,2.5,20260926193526122038
NCAAF,americanfootball_ncaaf,69b1a0ff5fb2c67c6627b5c8cf8368cb,2026-09-26T16:10:39Z,Tennessee Volunteers,Texas Longhorns,draftkings,DraftKings,2026-09-26T19:34:04Z,spreads,2026-09-26T19:34:04Z,Texas Longhorns,-9300,-2.5,20260926193526122038
NCAAF,americanfootball_ncaaf,69b1a0ff5fb2c67c6627b5c8cf8368cb,2026-09-26T16:10:39Z,Tennessee Volunteers,Texas Longhorns,draftkings,DraftKings,2026-09-26T19:34:04Z,totals,2026-09-26T19:34:04Z,Over,1540,37.5,20260926193526122038
NCAAF,americanfootball_ncaaf,69b1a0ff5fb2c67c6627b5c8cf8368cb,2026-09-26T16:10:39Z,Tennessee Volunteers,Texas Longhorns,draftkings,DraftKings,2026-09-26T19:34:04Z,totals,2026-09-26T19:34:04Z,Under,-3600,37.5,20260926193526122038
NCAAF,americanfootball_ncaaf,69b1a0ff5fb2c67c6627b5c8cf8368cb,2026-09-26T16:10:39Z,Tennessee Volunteers,Texas Longhorns,fanduel,FanDuel,2026-09-26T19:35:15Z,h2h,2026-09-26T19:35:15Z,Tennessee Volunteers,1800,,20260926193526122038
NCAAF,americanfootball_ncaaf,69b1a0ff5fb2c67c6627b5c8cf8368cb,2026-09-26T16:10:39Z,Tennessee Volunteers,Texas Longhorns,fanduel,FanDuel,2026-09-26T19:35:15Z,h2h,2026-09-26T19:35:15Z,Texas Longhorns,-10000,,20260926193526122038
NCAAF,americanfootball_ncaaf,69b1a0ff5fb2c67c6627b5c8cf8368cb,2026-09-26T16:10:39Z,Tennessee Volunteers,Texas Longhorns,fanduel,FanDuel,2026-09-26T19:35:15Z,spreads,2026-09-26T19:35:15Z,Tennessee Volunteers,880,2.5,20260926193526122038
NCAAF,americanfootball_ncaaf,69b1a0ff5fb2c67c6627b5c8cf8368cb,2026-09-26T16:10:39Z,Tennessee Volunteers,Texas Longhorns,fanduel,FanDuel,2026-09-26T19:35:15Z,spreads,2026-09-26T19:35:15Z,Texas Longhorns,-3000,-2.5,20260926193526122038
NCAAF,americanfootball_ncaaf,69b1a0ff5fb2c67c6627b5c8cf8368cb,2026-09-26T16:10:39Z,Tennessee Volunteers,Texas Longhorns,betmgm,BetMGM,2026-09-26T19:30:09Z,spreads,2026-09-26T19:30:09Z,Tennessee Volunteers,105,9.5,20260926193526122038
NCAAF,americanfootball_ncaaf,69b1a0ff5fb2c67c6627b5c8cf8368cb,2026-09-26T16:10:39Z,Tennessee Volunteers,Texas Longhorns,betmgm,BetMGM,2026-09-26T19:30:09Z,spreads,2026-09-26T19:30:09Z,Texas Longhorns,-120,-9.5,20260926193526122038
NCAAF,americanfootball_ncaaf,69b1a0ff5fb2c67c6627b5c8cf8368cb,2026-09-26T16:10:39Z,Tennessee Volunteers,Texas Longhorns,betmgm,BetMGM,2026-09-26T19:30:09Z,totals,2026-09-26T19:30:09Z,Over,-112,30.5,20260926193526122038
NCAAF,americanfootball_ncaaf,69b1a0ff5fb2c67c6627b5c8cf8368cb,2026-09-26T16:10:39Z,Tennessee Volunteers,Texas Longhorns,betmgm,BetMGM,2026-09-26T19:30:09Z,totals,2026-09-26T19:30:09Z,Under,-118,30.5,20260926193526122038
NCAAF,americanfootball_ncaaf,11c5e9c2cf899388abd0dae30ea71db9,2026-09-26T16:45:00Z,Kentucky Wildcats,South Alabama Jaguars,fanduel,FanDuel,2026-09-26T19:35:15Z,spreads,2026-09-26T19:35:15Z,Kentucky Wildcats,100,-18.5,20260926193526122038
NCAAF,americanfootball_ncaaf,11c5e9c2cf899388abd0dae30ea71db9,2026-09-26T16:45:00Z,Kentucky Wildcats,South Alabama Jaguars,fanduel,FanDuel,2026-09-26T19:35:15Z,spreads,2026-09-26T19:35:15Z,South Alabama Jaguars,-132,18.5,20260926193526122038
NCAAF,americanfootball_ncaaf,11c5e9c2cf899388abd0dae30ea71db9,2026-09-26T16:45:00Z,Kentucky Wildcats,South Alabama Jaguars,fanduel,FanDuel,2026-09-26T19:35:15Z,totals,2026-09-26T19:35:15Z,Over,-106,69.5,20260926193526122038
NCAAF,americanfootball_ncaaf,11c5e9c2cf899388abd0dae30ea71db9,2026-09-26T16:45:00Z,Kentucky Wildcats,South Alabama Jaguars,fanduel,FanDuel,2026-09-26T19:35:15Z,totals,2026-09-26T19:35:15Z,Under,-125,69.5,20260926193526122038
NCAAF,americanfootball_ncaaf,11c5e9c2cf899388abd0dae30ea71db9,2026-09-26T16:45:00Z,Kentucky Wildcats,South Alabama Jaguars,mybookieag,MyBookie.ag,2026-09-26T19:35:13Z,spreads,2026-09-26T19:35:13Z,Kentucky Wildcats,-118,-17.5,20260926193526122038
NCAAF,americanfootball_ncaaf,11c5e9c2cf899388abd0dae30ea71db9,2026-09-26T16:45:00Z,Kentucky Wildcats,South Alabama Jaguars,mybookieag,MyBookie.ag,2026-09-26T19:35:13Z,spreads,2026-09-26T19:35:13Z,South Alabama Jaguars,-105,17.5,20260926193526122038
NCAAF,americanfootball_ncaaf,11c5e9c2cf899388abd0dae30ea71db9,2026-09-26T16:45:00Z,Kentucky Wildcats,South Alabama Jaguars,mybookieag,MyBookie.ag,2026-09-26T19:35:13Z,totals,2026-09-26T19:35:13Z,Over,-111,68.5,20260926193526122038
NCAAF,americanfootball_ncaaf,11c5e9c2cf899388abd0dae30ea71db9,2026-09-26T16:45:00Z,Kentucky Wildcats,South Alabama Jaguars,mybookieag,MyBookie.ag,2026-09-26T19:35:13Z,totals,2026-09-26T19:35:13Z,Under,-111,68.5,20260926193526122038
NCAAF,americanfootball_ncaaf,11c5e9c2cf899388abd0dae30ea71db9,2026-09-26T16:45:00Z,Kentucky Wildcats,South Alabama Jaguars,draftkings,DraftKings,2026-09-26T19:34:04Z,spreads,2026-09-26T19:34:04Z,Kentucky Wildcats,-121,-19.5,20260926193526122038
NCAAF,americanfootball_ncaaf,11c5e9c2cf899388abd0dae30ea71db9,2026-09-26T16:45:00Z,Kentucky Wildcats,South Alabama Jaguars,draftkings,DraftKings,2026-09-26T19:34:04Z,spreads,2026-09-26T19:34:04Z,South Alabama Jaguars,-110,19.5,20260926193526122038
NCAAF,americanfootball_ncaaf,11c5e9c2cf899388abd0dae30ea71db9,2026-09-26T16:45:00Z,Kentucky Wildcats,South Alabama Jaguars,draftkings,DraftKings,2026-09-26T19:34:04Z,totals,2026-09-26T19:34:04Z,Over,-115,71.5,20260926193526122038
NCAAF,americanfootball_ncaaf,11c5e9c2cf899388abd0dae30ea71db9,2026-09-26T16:45:00Z,Kentucky Wildcats,South Alabama Jaguars,draftkings,DraftKings,2026-09-26T19:34:04Z,totals,2026-09-26T19:34:04Z,Under,-116,71.5,20260926193526122038
NCAAF,americanfootball_ncaaf,11c5e9c2cf899388abd0dae30ea71db9,2026-09-26T16:45:00Z,Kentucky Wildcats,South Alabama Jaguars,betmgm,BetMGM,2026-09-26T19:34:43Z,spreads,2026-09-26T19:34:42Z,Kentucky Wildcats,-108,-18.5,20260926193526122038
NCAAF,americanfootball_ncaaf,11c5e9c2cf899388abd0dae30ea71db9,2026-09-26T16:45:00Z,Kentucky Wildcats,South Alabama Jaguars,betmgm,BetMGM,2026-09-26T19:34:43Z,spreads,2026-09-26T19:34:42Z,South Alabama Jaguars,-120,18.5,20260926193526122038
NCAAF,americanfootball_ncaaf,11c5e9c2cf899388abd0dae30ea71db9,2026-09-26T16:45:00Z,Kentucky Wildcats,South Alabama Jaguars,betmgm,BetMGM,2026-09-26T19:34:43Z,totals,2026-09-26T19:34:42Z,Over,-135,68.5,20260926193526122038
NCAAF,americanfootball_ncaaf,11c5e9c2cf899388abd0dae30ea71db9,2026-09-26T16:45:00Z,Kentucky Wildcats,South Alabama Jaguars,betmgm,BetMGM,2026-09-26T19:34:43Z,totals,2026-09-26T19:34:42Z,Under,105,68.5,20260926193526122038
NCAAF,americanfootball_ncaaf,11c5e9c2cf899388abd0dae30ea71db9,2026-09-26T16:45:00Z,Kentucky Wildcats,South Alabama Jaguars,bovada,Bovada,2026-09-26T19:34:42Z,spreads,2026-09-26T19:34:42Z,Kentucky Wildcats,-120,-19.5,20260926193526122038
NCAAF,americanfootball_ncaaf,11c5e9c2cf899388abd0dae30ea71db9,2026-09-26T16:45:00Z,Kentucky Wildcats,South Alabama Jaguars,bovada,Bovada,2026-09-26T19:34:42Z,spreads,2026-09-26T19:34:42Z,South Alabama Jaguars,-110,19.5,20260926193526122038
NCAAF,americanfootball_ncaaf,11c5e9c2cf899388abd0dae30ea71db9,2026-09-26T16:45:00Z,Kentucky Wildcats,South Alabama Jaguars,bovada,Bovada,2026-09-26T19:34:42Z,totals,2026-09-26T19:34:42Z,Over,-115,71.5,20260926193526122038
NCAAF,americanfootball_ncaaf,11c5e9c2cf899388abd0dae30ea71db9,2026-09-26T16:45:00Z,Kentucky Wildcats,South Alabama Jaguars,bovada,Bovada,2026-09-26T19:34:42Z,totals,2026-09-26T19:34:42Z,Under,-115,71.5,20260926193526122038
NCAAF,americanfootball_ncaaf,145de4ffc7429aeb39cab1b17c223743,2026-09-26T17:00:00Z,Eastern Michigan Eagles,Lindenwood Lions,fanduel,FanDuel,2026-09-26T19:35:15Z,spreads,2026-09-26T19:35:15Z,Eastern Michigan Eagles,-114,-25.5,20260926193526122038
NCAAF,americanfootball_ncaaf,145de4ffc7429aeb39cab1b17c223743,2026-09-26T17:00:00Z,Eastern Michigan Eagles,Lindenwood Lions,fanduel,FanDuel,2026-09-26T19:35:15Z,spreads,2026-09-26T19:35:15Z,Lindenwood Lions,-114,25.5,20260926193526122038
NCAAF,americanfootball_ncaaf,145de4ffc7429aeb39cab1b17c223743,2026-09-26T17:00:00Z,Eastern Michigan Eagles,Lindenwood Lions,fanduel,FanDuel,2026-09-26T19:35:15Z,totals,2026-09-26T19:35:15Z,Over,-104,36.5,20260926193526122038
NCAAF,americanfootball_ncaaf,145de4ffc7429aeb39cab1b17c223743,2026-09-26T17:00:00Z,Eastern Michigan Eagles,Lindenwood Lions,fanduel,FanDuel,2026-09-26T19:35:15Z,totals,2026-09-26T19:35:15Z,Under,-128,36.5,20260926193526122038
NCAAF,americanfootball_ncaaf,145de4ffc7429aeb39cab1b17c223743,2026-09-26T17:00:00Z,Eastern Michigan Eagles,Lindenwood Lions,draftkings,DraftKings,2026-09-26T19:34:04Z,spreads,2026-09-26T19:34:04Z,Eastern Michigan Eagles,-115,-23.5,20260926193526122038
NCAAF,americanfootball_ncaaf,145de4ffc7429aeb39cab1b17c223743,2026-09-26T17:00:00Z,Eastern Michigan Eagles,Lindenwood Lions,draftkings,DraftKings,2026-09-26T19:34:04Z,spreads,2026-09-26T19:34:04Z,Lindenwood Lions,-116,23.5,20260926193526122038
NCAAF,americanfootball_ncaaf,145de4ffc7429aeb39cab1b17c223743,2026-09-26T17:00:00Z,Eastern Michigan Eagles,Lindenwood Lions,draftkings,DraftKings,2026-09-26T19:34:04Z,totals,2026-09-26T19:34:04Z,Over,-104,35.5,20260926193526122038
NCAAF,americanfootball_ncaaf,145de4ffc7429aeb39cab1b17c223743,2026-09-26T17:00:00Z,Eastern Michigan Eagles,Lindenwood Lions,draftkings,DraftKings,2026-09-26T19:34:04Z,totals,2026-09-26T19:34:04Z,Under,-128,35.5,20260926193526122038
NCAAF,americanfootball_ncaaf,145de4ffc7429aeb39cab1b17c223743,2026-09-26T17:00:00Z,Eastern Michigan Eagles,Lindenwood Lions,bovada,Bovada,2026-09-26T19:34:42Z,spreads,2026-09-26T19:34:42Z,Eastern Michigan Eagles,-115,-25.5,20260926193526122038
NCAAF,americanfootball_ncaaf,145de4ffc7429aeb39cab1b17c223743,2026-09-26T17:00:00Z,Eastern Michigan Eagles,Lindenwood Lions,bovada,Bovada,2026-09-26T19:34:42Z,spreads,2026-09-26T19:34:42Z,Lindenwood Lions,-115,25.5,20260926193526122038
NCAAF,americanfootball_ncaaf,145de4ffc7429aeb39cab1b17c223743,2026-09-26T17:00:00Z,Eastern Michigan Eagles,Lindenwood Lions,bovada,Bovada,2026-09-26T19:34:42Z,totals,2026-09-26T19:34:42Z,Over,100,35.5,20260926193526122038
NCAAF,americanfootball_ncaaf,145de4ffc7429aeb39cab1b17c223743,2026-09-26T17:00:00Z,Eastern Michigan Eagles,Lindenwood Lions,bovada,Bovada,2026-09-26T19:34:42Z,totals,2026-09-26T19:34:42Z,Under,-130,35.5,20260926193526122038
NCAAF,americanfootball_ncaaf,145de4ffc7429aeb39cab1b17c223743,2026-09-26T17:00:00Z,Eastern Michigan Eagles,Lindenwood Lions,mybookieag,MyBookie.ag,2026-09-26T19:35:13Z,spreads,2026-09-26T19:35:13Z,Eastern Michigan Eagles,-125,-24.5,20260926193526122038
NCAAF,americanfootball_ncaaf,145de4ffc7429aeb39cab1b17c223743,2026-09-26T17:00:00Z,Eastern Michigan Eagles,Lindenwood Lions,mybookieag,MyBookie.ag,2026-09-26T19:35:13Z,spreads,2026-09-26T19:35:13Z,Lindenwood Lions,-105,24.5,20260926193526122038
NCAAF,americanfootball_ncaaf,145de4ffc7429aeb39cab1b17c223743,2026-09-26T17:00:00Z,Eastern Michigan Eagles,Lindenwood Lions,mybookieag,MyBookie.ag,2026-09-26T19:35:13Z,totals,2026-09-26T19:35:13Z,Over,-125,34.5,20260926193526122038
NCAAF,americanfootball_ncaaf,145de4ffc7429aeb39cab1b17c223743,2026-09-26T17:00:00Z,Eastern Michigan Eagles,Lindenwood Lions,mybookieag,MyBookie.ag,2026-09-26T19:35:13Z,totals,2026-09-26T19:35:13Z,Under,100,34.5,20260926193526122038
NCAAF,americanfootball_ncaaf,c48f042c91328d4d0c6351fc82286879,2026-09-26T17:30:00Z,Maryland Terrapins,UCLA Bruins,draftkings,DraftKings,2026-09-26T19:34:04Z,h2h,2026-09-26T19:34:04Z,Maryland Terrapins,1840,,20260926193526122038
NCAAF,americanfootball_ncaaf,c48f042c91328d4d0c6351fc82286879,2026-09-26T17:30:00Z,Maryland Terrapins,UCLA Bruins,draftkings,DraftKings,2026-09-26T19:34:04Z,h2h,2026-09-26T19:34:04Z,UCLA Bruins,-4800,,20260926193526122038
NCAAF,americanfootball_ncaaf,c48f042c91328d4d0c6351fc82286879,2026-09-26T17:30:00Z,Maryland Terrapins,UCLA Bruins,draftkings,DraftKings,2026-09-26T19:34:04Z,spreads,2026-09-26T19:34:04Z,Maryland Terrapins,-106,16.5,20260926193526122038
NCAAF,americanfootball_ncaaf,c48f042c91328d4d0c6351fc82286879,2026-09-26T17:30:00Z,Maryland Terrapins,UCLA Bruins,draftkings,DraftKings,2026-09-26T19:34:04Z,spreads,2026-09-26T19:34:04Z,UCLA Bruins,-125,-16.5,20260926193526122038
NCAAF,americanfootball_ncaaf,c48f042c91328d4d0c6351fc82286879,2026-09-26T17:30:00Z,Maryland Terrapins,UCLA Bruins,draftkings,DraftKings,2026-09-26T19:34:04Z,totals,2026-09-26T19:34:04Z,Over,-116,45.5,20260926193526122038
NCAAF,americanfootball_ncaaf,c48f042c91328d4d0c6351fc82286879,2026-09-26T17:30:00Z,Maryland Terrapins,UCLA Bruins,draftkings,DraftKings,2026-09-26T19:34:04Z,totals,2026-09-26T19:34:04Z,Under,-114,45.5,20260926193526122038
NCAAF,americanfootball_ncaaf,c48f042c91328d4d0c6351fc82286879,2026-09-26T17:30:00Z,Maryland Terrapins,UCLA Bruins,fanduel,FanDuel,2026-09-26T19:35:15Z,h2h,2026-09-26T19:35:15Z,Maryland Terrapins,1200,,20260926193526122038
NCAAF,americanfootball_ncaaf,c48f042c91328d4d0c6351fc82286879,2026-09-26T17:30:00Z,Maryland Terrapins,UCLA Bruins,fanduel,FanDuel,2026-09-26T19:35:15Z,h2h,2026-09-26T19:35:15Z,UCLA Bruins,-4500,,20260926193526122038
NCAAF,americanfootball_ncaaf,c48f042c91328d4d0c6351fc82286879,2026-09-26T17:30:00Z,Maryland Terrapins,UCLA Bruins,fanduel,FanDuel,2026-09-26T19:35:15Z,spreads,2026-09-26T19:35:15Z,Maryland Terrapins,102,16.5,20260926193526122038
NCAAF,americanfootball_ncaaf,c48f042c91328d4d0c6351fc82286879,2026-09-26T17:30:00Z,Maryland Terrapins,UCLA Bruins,fanduel,FanDuel,2026-09-26T19:35:15Z,spreads,2026-09-26T19:35:15Z,UCLA Bruins,-136,-16.5,20260926193526122038
NCAAF,americanfootball_ncaaf,c48f042c91328d4d0c6351fc82286879,2026-09-26T17:30:00Z,Maryland Terrapins,UCLA Bruins,fanduel,FanDuel,2026-09-26T19:35:15Z,totals,2026-09-26T19:35:15Z,Over,-112,44.5,20260926193526122038
NCAAF,americanfootball_ncaaf,c48f042c91328d4d0c6351fc82286879,2026-09-26T17:30:00Z,Maryland Terrapins,UCLA Bruins,fanduel,FanDuel,2026-09-26T19:35:15Z,totals,2026-09-26T19:35:15Z,Under,-118,44.5,20260926193526122038
NCAAF,americanfootball_ncaaf,c48f042c91328d4d0c6351fc82286879,2026-09-26T17:30:00Z,Maryland Terrapins,UCLA Bruins,mybookieag,MyBookie.ag,2026-09-26T19:35:13Z,spreads,2026-09-26T19:35:13Z,Maryland Terrapins,-125,17.5,20260926193526122038
NCAAF,americanfootball_ncaaf,c48f042c91328d4d0c6351fc82286879,2026-09-26T17:30:00Z,Maryland Terrapins,UCLA Bruins,mybookieag,MyBookie.ag,2026-09-26T19:35:13Z,spreads,2026-09-26T19:35:13Z,UCLA Bruins,100,-17.5,20260926193526122038
NCAAF,americanfootball_ncaaf,c48f042c91328d4d0c6351fc82286879,2026-09-26T17:30:00Z,Maryland Terrapins,UCLA Bruins,mybookieag,MyBookie.ag,2026-09-26T19:35:13Z,totals,2026-09-26T19:35:13Z,Over,-111,45.5,20260926193526122038
NCAAF,americanfootball_ncaaf,c48f042c91328d4d0c6351fc82286879,2026-09-26T17:30:00Z,Maryland Terrapins,UCLA Bruins,mybookieag,MyBookie.ag,2026-09-26T19:35:13Z,totals,2026-09-26T19:35:13Z,Under,-111,45.5,20260926193526122038
NCAAF,americanfootball_ncaaf,c48f042c91328d4d0c6351fc82286879,2026-09-26T17:30:00Z,Maryland Terrapins,UCLA Bruins,betmgm,BetMGM,2026-09-26T19:34:43Z,h2h,2026-09-26T19:34:42Z,Maryland Terrapins,1050,,20260926193526122038
NCAAF,americanfootball_ncaaf,c48f042c91328d4d0c6351fc82286879,2026-09-26T17:30:00Z,Maryland Terrapins,UCLA Bruins,betmgm,BetMGM,2026-09-26T19:34:43Z,h2h,2026-09-26T19:34:42Z,UCLA Bruins,-2500,,20260926193526122038
NCAAF,americanfootball_ncaaf,c48f042c91328d4d0c6351fc82286879,2026-09-26T17:30:00Z,Maryland Terrapins,UCLA Bruins,betmgm,BetMGM,2026-09-26T19:34:43Z,spreads,2026-09-26T19:34:42Z,Maryland Terrapins,-105,16.5,20260926193526122038
NCAAF,americanfootball_ncaaf,c48f042c91328d4d0c6351fc82286879,2026-09-26T17:30:00Z,Maryland Terrapins,UCLA Bruins,betmgm,BetMGM,2026-09-26T19:34:43Z,spreads,2026-09-26T19:34:42Z,UCLA Bruins,-125,-16.5,20260926193526122038
NCAAF,americanfootball_ncaaf,c48f042c91328d4d0c6351fc82286879,2026-09-26T17:30:00Z,Maryland Terrapins,UCLA Bruins,betmgm,BetMGM,2026-09-26T19:34:43Z,totals,2026-09-26T19:34:42Z,Over,-120,45.5,20260926193526122038
NCAAF,americanfootball_ncaaf,c48f042c91328d4d0c6351fc82286879,2026-09-26T17:30:00Z,Maryland Terrapins,UCLA Bruins,betmgm,BetMGM,2026-09-26T19:34:43Z,totals,2026-09-26T19:34:42Z,Under,-110,45.5,20260926193526122038
NCAAF,americanfootball_ncaaf,c48f042c91328d4d0c6351fc82286879,2026-09-26T17:30:00Z,Maryland Terrapins,UCLA Bruins,bovada,Bovada,2026-09-26T19:32:30Z,spreads,2026-09-26T19:32:29Z,Maryland Terrapins,-125,17.0,20260926193526122038
NCAAF,americanfootball_ncaaf,c48f042c91328d4d0c6351fc82286879,2026-09-26T17:30:00Z,Maryland Terrapins,UCLA Bruins,bovada,Bovada,2026-09-26T19:32:30Z,spreads,2026-09-26T19:32:29Z,UCLA Bruins,-105,-17.0,20260926193526122038
NCAAF,americanfootball_ncaaf,c48f042c91328d4d0c6351fc82286879,2026-09-26T17:30:00Z,Maryland Terrapins,UCLA Bruins,bovada,Bovada,2026-09-26T19:32:30Z,totals,2026-09-26T19:32:29Z,Over,-110,46.0,20260926193526122038
NCAAF,americanfootball_ncaaf,c48f042c91328d4d0c6351fc82286879,2026-09-26T17:30:00Z,Maryland Terrapins,UCLA Bruins,bovada,Bovada,2026-09-26T19:32:30Z,totals,2026-09-26T19:32:29Z,Under,-120,46.0,20260926193526122038
NCAAF,americanfootball_ncaaf,bf2cffa30d89eb2ce1b4d0f91561f66d,2026-09-26T18:00:00Z,Purdue Boilermakers,Notre Dame Fighting Irish,fanduel,FanDuel,2026-09-26T19:35:15Z,spreads,2026-09-26T19:35:15Z,Notre Dame Fighting Irish,-110,-48.5,20260926193526122038
NCAAF,americanfootball_ncaaf,bf2cffa30d89eb2ce1b4d0f91561f66d,2026-09-26T18:00:00Z,Purdue Boilermakers,Notre Dame Fighting Irish,fanduel,FanDuel,2026-09-26T19:35:15Z,spreads,2026-09-26T19:35:15Z,Purdue Boilermakers,-120,48.5,20260926193526122038
NCAAF,americanfootball_ncaaf,bf2cffa30d89eb2ce1b4d0f91561f66d,2026-09-26T18:00:00Z,Purdue Boilermakers,Notre Dame Fighting Irish,fanduel,FanDuel,2026-09-26T19:35:15Z,totals,2026-09-26T19:35:15Z,Over,-132,58.5,20260926193526122038
NCAAF,americanfootball_ncaaf,bf2cffa30d89eb2ce1b4d0f91561f66d,2026-09-26T18:00:00Z,Purdue Boilermakers,Notre Dame Fighting Irish,fanduel,FanDuel,2026-09-26T19:35:15Z,totals,2026-09-26T19:35:15Z,Under,100,58.5,20260926193526122038
NCAAF,americanfootball_ncaaf,bf2cffa30d89eb2ce1b4d0f91561f66d,2026-09-26T18:00:00Z,Purdue Boilermakers,Notre Dame Fighting Irish,draftkings,DraftKings,2026-09-26T19:34:04Z,spreads,2026-09-26T19:34:04Z,Notre Dame Fighting Irish,-109,-48.5,20260926193526122038
NCAAF,americanfootball_ncaaf,bf2cffa30d89eb2ce1b4d0f91561f66d,2026-09-26T18:00:00Z,Purdue Boilermakers,Notre Dame Fighting Irish,draftkings,DraftKings,2026-09-26T19:34:04Z,spreads,2026-09-26T19:34:04Z,Purdue Boilermakers,-121,48.5,20260926193526122038
NCAAF,americanfootball_ncaaf,bf2cffa30d89eb2ce1b4d0f91561f66d,2026-09-26T18:00:00Z,Purdue Boilermakers,Notre Dame Fighting Irish,draftkings,DraftKings,2026-09-26T19:34:04Z,totals,2026-09-26T19:34:04Z,Over,-135,58.5,20260926193526122038
NCAAF,americanfootball_ncaaf,bf2cffa30d89eb2ce1b4d0f91561f66d,2026-09-26T18:00:00Z,Purdue Boilermakers,Notre Dame Fighting Irish,draftkings,DraftKings,2026-09-26T19:34:04Z,totals,2026-09-26T19:34:04Z,Under,101,58.5,20260926193526122038
NCAAF,americanfootball_ncaaf,bf2cffa30d89eb2ce1b4d0f91561f66d,2026-09-26T18:00:00Z,Purdue Boilermakers,Notre Dame Fighting Irish,mybookieag,MyBookie.ag,2026-09-26T19:35:13Z,spreads,2026-09-26T19:35:13Z,Notre Dame Fighting Irish,-118,-47.5,20260926193526122038
NCAAF,americanfootball_ncaaf,bf2cffa30d89eb2ce1b4d0f91561f66d,2026-09-26T18:00:00Z,Purdue Boilermakers,Notre Dame Fighting Irish,mybookieag,MyBookie.ag,2026-09-26T19:35:13Z,spreads,2026-09-26T19:35:13Z,Purdue Boilermakers,-111,47.5,20260926193526122038
NCAAF,americanfootball_ncaaf,bf2cffa30d89eb2ce1b4d0f91561f66d,2026-09-26T18:00:00Z,Purdue Boilermakers,Notre Dame Fighting Irish,mybookieag,MyBookie.ag,2026-09-26T19:35:13Z,totals,2026-09-26T19:35:13Z,Over,-105,59.5,20260926193526122038
NCAAF,americanfootball_ncaaf,bf2cffa30d89eb2ce1b4d0f91561f66d,2026-09-26T18:00:00Z,Purdue Boilermakers,Notre Dame Fighting Irish,mybookieag,MyBookie.ag,2026-09-26T19:35:13Z,totals,2026-09-26T19:35:13Z,Under,-118,59.5,20260926193526122038
NCAAF,americanfootball_ncaaf,bf2cffa30d89eb2ce1b4d0f91561f66d,2026-09-26T18:00:00Z,Purdue Boilermakers,Notre Dame Fighting Irish,betmgm,BetMGM,2026-09-26T19:34:43Z,spreads,2026-09-26T19:34:42Z,Notre Dame Fighting Irish,-118,-48.5,20260926193526122038
NCAAF,americanfootball_ncaaf,bf2cffa30d89eb2ce1b4d0f91561f66d,2026-09-26T18:00:00Z,Purdue Boilermakers,Notre Dame Fighting Irish,betmgm,BetMGM,2026-09-26T19:34:43Z,spreads,2026-09-26T19:34:42Z,Purdue Boilermakers,-112,48.5,20260926193526122038
NCAAF,americanfootball_ncaaf,bf2cffa30d89eb2ce1b4d0f91561f66d,2026-09-26T18:00:00Z,Purdue Boilermakers,Notre Dame Fighting Irish,betmgm,BetMGM,2026-09-26T19:34:43Z,totals,2026-09-26T19:34:42Z,Over,-112,58.5,20260926193526122038
NCAAF,americanfootball_ncaaf,bf2cffa30d89eb2ce1b4d0f91561f66d,2026-09-26T18:00:00Z,Purdue Boilermakers,Notre Dame Fighting Irish,betmgm,BetMGM,2026-09-26T19:34:43Z,totals,2026-09-26T19:34:42Z,Under,-115,58.5,20260926193526122038
NCAAF,americanfootball_ncaaf,bf2cffa30d89eb2ce1b4d0f91561f66d,2026-09-26T18:00:00Z,Purdue Boilermakers,Notre Dame Fighting Irish,bovada,Bovada,2026-09-26T19:34:42Z,spreads,2026-09-26T19:34:42Z,Notre Dame Fighting Irish,-110,-48.5,20260926193526122038
NCAAF,americanfootball_ncaaf,bf2cffa30d89eb2ce1b4d0f91561f66d,2026-09-26T18:00:00Z,Purdue Boilermakers,Notre Dame Fighting Irish,bovada,Bovada,2026-09-26T19:34:42Z,spreads,2026-09-26T19:34:42Z,Purdue Boilermakers,-120,48.5,20260926193526122038
NCAAF,americanfootball_ncaaf,bf2cffa30d89eb2ce1b4d0f91561f66d,2026-09-26T18:00:00Z,Purdue Boilermakers,Notre Dame Fighting Irish,bovada,Bovada,2026-09-26T19:34:42Z,totals,2026-09-26T19:34:42Z,Over,-135,58.5,20260926193526122038
NCAAF,americanfootball_ncaaf,bf2cffa30d89eb2ce1b4d0f91561f66d,2026-09-26T18:00:00Z,Purdue Boilermakers,Notre Dame Fighting Irish,bovada,Bovada,2026-09-26T19:34:42Z,totals,2026-09-26T19:34:42Z,Under,105,58.5,20260926193526122038
NCAAF,americanfootball_ncaaf,24fb2d1fd0598bde048322b6463e0c78,2026-09-26T18:02:28Z,Georgia State Panthers,Northern Illinois Huskies,mybookieag,MyBookie.ag,2026-09-26T19:35:13Z,h2h,2026-09-26T19:35:13Z,Georgia State Panthers,-333,,20260926193526122038
NCAAF,americanfootball_ncaaf,24fb2d1fd0598bde048322b6463e0c78,2026-09-26T18:02:28Z,Georgia State Panthers,Northern Illinois Huskies,mybookieag,MyBookie.ag,2026-09-26T19:35:13Z,h2h,2026-09-26T19:35:13Z,Northern Illinois Huskies,245,,20260926193526122038
NCAAF,americanfootball_ncaaf,24fb2d1fd0598bde048322b6463e0c78,2026-09-26T18:02:28Z,Georgia State Panthers,Northern Illinois Huskies,mybookieag,MyBookie.ag,2026-09-26T19:35:13Z,spreads,2026-09-26T19:35:13Z,Georgia State Panthers,-118,-6.5,20260926193526122038
NCAAF,americanfootball_ncaaf,24fb2d1fd0598bde048322b6463e0c78,2026-09-26T18:02:28Z,Georgia State Panthers,Northern Illinois Huskies,mybookieag,MyBookie.ag,2026-09-26T19:35:13Z,spreads,2026-09-26T19:35:13Z,Northern Illinois Huskies,-111,6.5,20260926193526122038
NCAAF,americanfootball_ncaaf,24fb2d1fd0598bde048322b6463e0c78,2026-09-26T18:02:28Z,Georgia State Panthers,Northern Illinois Huskies,mybookieag,MyBookie.ag,2026-09-26T19:35:13Z,totals,2026-09-26T19:35:13Z,Over,-118,61.5,20260926193526122038
NCAAF,americanfootball_ncaaf,24fb2d1fd0598bde048322b6463e0c78,2026-09-26T18:02:28Z,Georgia State Panthers,Northern Illinois Huskies,mybookieag,MyBookie.ag,2026-09-26T19:35:13Z,totals,2026-09-26T19:35:13Z,Under,-111,61.5,20260926193526122038
NCAAF,americanfootball_ncaaf,24fb2d1fd0598bde048322b6463e0c78,2026-09-26T18:02:28Z,Georgia State Panthers,Northern Illinois Huskies,draftkings,DraftKings,2026-09-26T19:34:04Z,h2h,2026-09-26T19:34:04Z,Georgia State Panthers,-342,,20260926193526122038
NCAAF,americanfootball_ncaaf,24fb2d1fd0598bde048322b6463e0c78,2026-09-26T18:02:28Z,Georgia State Panthers,Northern Illinois Huskies,draftkings,DraftKings,2026-09-26T19:34:04Z,h2h,2026-09-26T19:34:04Z,Northern Illinois Huskies,246,,20260926193526122038
NCAAF,americanfootball_ncaaf,24fb2d1fd0598bde048322b6463e0c78,2026-09-26T18:02:28Z,Georgia State Panthers,Northern Illinois Huskies,draftkings,DraftKings,2026-09-26T19:34:04Z,spreads,2026-09-26T19:34:04Z,Georgia State Panthers,-129,-6.5,20260926193526122038
NCAAF,americanfootball_ncaaf,24fb2d1fd0598bde048322b6463e0c78,2026-09-26T18:02:28Z,Georgia State Panthers,Northern Illinois Huskies,draftkings,DraftKings,2026-09-26T19:34:04Z,spreads,2026-09-26T19:34:04Z,Northern Illinois Huskies,-103,6.5,20260926193526122038
NCAAF,americanfootball_ncaaf,24fb2d1fd0598bde048322b6463e0c78,2026-09-26T18:02:28Z,Georgia State Panthers,Northern Illinois Huskies,draftkings,DraftKings,2026-09-26T19:34:04Z,totals,2026-09-26T19:34:04Z,Over,-108,62.5,20260926193526122038
NCAAF,americanfootball_ncaaf,24fb2d1fd0598bde048322b6463e0c78,2026-09-26T18:02:28Z,Georgia State Panthers,Northern Illinois Huskies,draftkings,DraftKings,2026-09-26T19:34:04Z,totals,2026-09-26T19:34:04Z,Under,-123,62.5,20260926193526122038
NCAAF,americanfootball_ncaaf,24fb2d1fd0598bde048322b6463e0c78,2026-09-26T18:02:28Z,Georgia State Panthers,Northern Illinois Huskies,betmgm,BetMGM,2026-09-26T19:34:43Z,h2h,2026-09-26T19:34:42Z,Georgia State Panthers,-400,,20260926193526122038
NCAAF,americanfootball_ncaaf,24fb2d1fd0598bde048322b6463e0c78,2026-09-26T18:02:28Z,Georgia State Panthers,Northern Illinois Huskies,betmgm,BetMGM,2026-09-26T19:34:43Z,h2h,2026-09-26T19:34:42Z,Northern Illinois Huskies,320,,20260926193526122038
NCAAF,americanfootball_ncaaf,24fb2d1fd0598bde048322b6463e0c78,2026-09-26T18:02:28Z,Georgia State Panthers,Northern Illinois Huskies,betmgm,BetMGM,2026-09-26T19:34:43Z,spreads,2026-09-26T19:34:42Z,Georgia State Panthers,115,-7.5,20260926193526122038
NCAAF,americanfootball_ncaaf,24fb2d1fd0598bde048322b6463e0c78,2026-09-26T18:02:28Z,Georgia State Panthers,Northern Illinois Huskies,betmgm,BetMGM,2026-09-26T19:34:43Z,spreads,2026-09-26T19:34:42Z,Northern Illinois Huskies,-135,7.5,20260926193526122038
NCAAF,americanfootball_ncaaf,24fb2d1fd0598bde048322b6463e0c78,2026-09-26T18:02:28Z,Georgia State Panthers,Northern Illinois Huskies,betmgm,BetMGM,2026-09-26T19:34:43Z,totals,2026-09-26T19:34:42Z,Over,-108,60.5,20260926193526122038
NCAAF,americanfootball_ncaaf,24fb2d1fd0598bde048322b6463e0c78,2026-09-26T18:02:28Z,Georgia State Panthers,Northern Illinois Huskies,betmgm,BetMGM,2026-09-26T19:34:43Z,totals,2026-09-26T19:34:42Z,Under,-110,60.5,20260926193526122038
NCAAF,americanfootball_ncaaf,24fb2d1fd0598bde048322b6463e0c78,2026-09-26T18:02:28Z,Georgia State Panthers,Northern Illinois Huskies,bovada,Bovada,2026-09-26T19:34:42Z,h2h,2026-09-26T19:34:42Z,Georgia State Panthers,-350,,20260926193526122038
NCAAF,americanfootball_ncaaf,24fb2d1fd0598bde048322b6463e0c78,2026-09-26T18:02:28Z,Georgia State Panthers,Northern Illinois Huskies,bovada,Bovada,2026-09-26T19:34:42Z,h2h,2026-09-26T19:34:42Z,Northern Illinois Huskies,250,,20260926193526122038
NCAAF,americanfootball_ncaaf,24fb2d1fd0598bde048322b6463e0c78,2026-09-26T18:02:28Z,Georgia State Panthers,Northern Illinois Huskies,bovada,Bovada,2026-09-26T19:34:42Z,spreads,2026-09-26T19:34:42Z,Georgia State Panthers,-130,-6.5,20260926193526122038
NCAAF,americanfootball_ncaaf,24fb2d1fd0598bde048322b6463e0c78,2026-09-26T18:02:28Z,Georgia State Panthers,Northern Illinois Huskies,bovada,Bovada,2026-09-26T19:34:42Z,spreads,2026-09-26T19:34:42Z,Northern Illinois Huskies,100,6.5,20260926193526122038
NCAAF,americanfootball_ncaaf,24fb2d1fd0598bde048322b6463e0c78,2026-09-26T18:02:28Z,Georgia State Panthers,Northern Illinois Huskies,bovada,Bovada,2026-09-26T19:34:42Z,totals,2026-09-26T19:34:42Z,Over,-110,62.5,20260926193526122038
NCAAF,americanfootball_ncaaf,24fb2d1fd0598bde048322b6463e0c78,2026-09-26T18:02:28Z,Georgia State Panthers,Northern Illinois Huskies,bovada,Bovada,2026-09-26T19:34:42Z,totals,2026-09-26T19:34:42Z,Under,-120,62.5,20260926193526122038
NCAAF,americanfootball_ncaaf,752cd9cc9331543601fd37f21b8c7430,2026-09-26T19:00:00Z,Florida State Seminoles,Central Arkansas Bears,fanduel,FanDuel,2026-09-26T19:35:15Z,spreads,2026-09-26T19:35:15Z,Central Arkansas Bears,100,48.5,20260926193526122038
NCAAF,americanfootball_ncaaf,752cd9cc9331543601fd37f21b8c7430,2026-09-26T19:00:00Z,Florida State Seminoles,Central Arkansas Bears,fanduel,FanDuel,2026-09-26T19:35:15Z,spreads,2026-09-26T19:35:15Z,Florida State Seminoles,-132,-48.5,20260926193526122038
NCAAF,americanfootball_ncaaf,752cd9cc9331543601fd37f21b8c7430,2026-09-26T19:00:00Z,Florida State Seminoles,Central Arkansas Bears,fanduel,FanDuel,2026-09-26T19:35:15Z,totals,2026-09-26T19:35:15Z,Over,-114,60.5,20260926193526122038
NCAAF,americanfootball_ncaaf,752cd9cc9331543601fd37f21b8c7430,2026-09-26T19:00:00Z,Florida State Seminoles,Central Arkansas Bears,fanduel,FanDuel,2026-09-26T19:35:15Z,totals,2026-09-26T19:35:15Z,Under,-114,60.5,20260926193526122038
NCAAF,americanfootball_ncaaf,752cd9cc9331543601fd37f21b8c7430,2026-09-26T19:00:00Z,Florida State Seminoles,Central Arkansas Bears,draftkings,DraftKings,2026-09-26T19:34:04Z,spreads,2026-09-26T19:34:04Z,Central Arkansas Bears,-114,49.5,20260926193526122038
NCAAF,americanfootball_ncaaf,752cd9cc9331543601fd37f21b8c7430,2026-09-26T19:00:00Z,Florida State Seminoles,Central Arkansas Bears,draftkings,DraftKings,2026-09-26T19:34:04Z,spreads,2026-09-26T19:34:04Z,Florida State Seminoles,-116,-49.5,20260926193526122038
NCAAF,americanfootball_ncaaf,752cd9cc9331543601fd37f21b8c7430,2026-09-26T19:00:00Z,Florida State Seminoles,Central Arkansas Bears,draftkings,DraftKings,2026-09-26T19:34:04Z,totals,2026-09-26T19:34:04Z,Over,-123,61.5,20260926193526122038
NCAAF,americanfootball_ncaaf,752cd9cc9331543601fd37f21b8c7430,2026-09-26T19:00:00Z,Florida State Seminoles,Central Arkansas Bears,draftkings,DraftKings,2026-09-26T19:34:04Z,totals,2026-09-26T19:34:04Z,Under,-108,61.5,20260926193526122038
NCAAF,americanfootball_ncaaf,752cd9cc9331543601fd37f21b8c7430,2026-09-26T19:00:00Z,Florida State Seminoles,Central Arkansas Bears,bovada,Bovada,2026-09-26T19:34:42Z,spreads,2026-09-26T19:34:42Z,Central Arkansas Bears,-115,49.5,20260926193526122038
NCAAF,americanfootball_ncaaf,752cd9cc9331543601fd37f21b8c7430,2026-09-26T19:00:00Z,Florida State Seminoles,Central Arkansas Bears,bovada,Bovada,2026-09-26T19:34:42Z,spreads,2026-09-26T19:34:42Z,Florida State Seminoles,-115,-49.5,20260926193526122038
NCAAF,americanfootball_ncaaf,752cd9cc9331543601fd37f21b8c7430,2026-09-26T19:00:00Z,Florida State Seminoles,Central Arkansas Bears,bovada,Bovada,2026-09-26T19:34:42Z,totals,2026-09-26T19:34:42Z,Over,-120,61.5,20260926193526122038
NCAAF,americanfootball_ncaaf,752cd9cc9331543601fd37f21b8c7430,2026-09-26T19:00:00Z,Florida State Seminoles,Central Arkansas Bears,bovada,Bovada,2026-09-26T19:34:42Z,totals,2026-09-26T19:34:42Z,Under,-110,61.5,20260926193526122038
NCAAF,americanfootball_ncaaf,752cd9cc9331543601fd37f21b8c7430,2026-09-26T19:00:00Z,Florida State Seminoles,Central Arkansas Bears,betmgm,BetMGM,2026-09-26T19:34:43Z,spreads,2026-09-26T19:34:42Z,Central Arkansas Bears,-125,49.5,20260926193526122038
NCAAF,americanfootball_ncaaf,752cd9cc9331543601fd37f21b8c7430,2026-09-26T19:00:00Z,Florida State Seminoles,Central Arkansas Bears,betmgm,BetMGM,2026-09-26T19:34:43Z,spreads,2026-09-26T19:34:42Z,Florida State Seminoles,-105,-49.5,20260926193526122038
NCAAF,americanfootball_ncaaf,752cd9cc9331543601fd37f21b8c7430,2026-09-26T19:00:00Z,Florida State Seminoles,Central Arkansas Bears,betmgm,BetMGM,2026-09-26T19:34:43Z,totals,2026-09-26T19:34:42Z,Over,-120,61.5,20260926193526122038
NCAAF,americanfootball_ncaaf,752cd9cc9331543601fd37f21b8c7430,2026-09-26T19:00:00Z,Florida State Seminoles,Central Arkansas Bears,betmgm,BetMGM,2026-09-26T19:34:43Z,totals,2026-09-26T19:34:42Z,Under,-110,61.5,20260926193526122038
NCAAF,americanfootball_ncaaf,752cd9cc9331543601fd37f21b8c7430,2026-09-26T19:00:00Z,Florida State Seminoles,Central Arkansas Bears,mybookieag,MyBookie.ag,2026-09-26T19:35:13Z,spreads,2026-09-26T19:35:13Z,Central Arkansas Bears,-111,49.5,20260926193526122038
NCAAF,americanfootball_ncaaf,752cd9cc9331543601fd37f21b8c7430,2026-09-26T19:00:00Z,Florida State Seminoles,Central Arkansas Bears,mybookieag,MyBookie.ag,2026-09-26T19:35:13Z,spreads,2026-09-26T19:35:13Z,Florida State Seminoles,-111,-49.5,20260926193526122038
NCAAF,americanfootball_ncaaf,752cd9cc9331543601fd37f21b8c7430,2026-09-26T19:00:00Z,Florida State Seminoles,Central Arkansas Bears,mybookieag,MyBookie.ag,2026-09-26T19:35:13Z,totals,2026-09-26T19:35:13Z,Over,-111,62.5,20260926193526122038
NCAAF,americanfootball_ncaaf,752cd9cc9331543601fd37f21b8c7430,2026-09-26T19:00:00Z,Florida State Seminoles,Central Arkansas Bears,mybookieag,MyBookie.ag,2026-09-26T19:35:13Z,totals,2026-09-26T19:35:13Z,Under,-111,62.5,20260926193526122038
NCAAF,americanfootball_ncaaf,fc7c77e060e8ba29a61de994be1497c0,2026-09-26T19:10:00Z,Wyoming Cowboys,Hawaii Rainbow Warriors,fanduel,FanDuel,2026-09-26T19:35:15Z,h2h,2026-09-26T19:35:15Z,Hawaii Rainbow Warriors,-132,,20260926193526122038
NCAAF,americanfootball_ncaaf,fc7c77e060e8ba29a61de994be1497c0,2026-09-26T19:10:00Z,Wyoming Cowboys,Hawaii Rainbow Warriors,fanduel,FanDuel,2026-09-26T19:35:15Z,h2h,2026-09-26T19:35:15Z,Wyoming Cowboys,104,,20260926193526122038
NCAAF,americanfootball_ncaaf,fc7c77e060e8ba29a61de994be1497c0,2026-09-26T19:10:00Z,Wyoming Cowboys,Hawaii Rainbow Warriors,fanduel,FanDuel,2026-09-26T19:35:15Z,spreads,2026-09-26T19:35:15Z,Hawaii Rainbow Warriors,-112,-2.5,20260926193526122038
NCAAF,americanfootball_ncaaf,fc7c77e060e8ba29a61de994be1497c0,2026-09-26T19:10:00Z,Wyoming Cowboys,Hawaii Rainbow Warriors,fanduel,FanDuel,2026-09-26T19:35:15Z,spreads,2026-09-26T19:35:15Z,Wyoming Cowboys,-118,2.5,20260926193526122038
NCAAF,americanfootball_ncaaf,fc7c77e060e8ba29a61de994be1497c0,2026-09-26T19:10:00Z,Wyoming Cowboys,Hawaii Rainbow Warriors,fanduel,FanDuel,2026-09-26T19:35:15Z,totals,2026-09-26T19:35:15Z,Over,-130,42.5,20260926193526122038
NCAAF,americanfootball_ncaaf,fc7c77e060e8ba29a61de994be1497c0,2026-09-26T19:10:00Z,Wyoming Cowboys,Hawaii Rainbow Warriors,fanduel,FanDuel,2026-09-26T19:35:15Z,totals,2026-09-26T19:35:15Z,Under,-102,42.5,20260926193526122038
NCAAF,americanfootball_ncaaf,fc7c77e060e8ba29a61de994be1497c0,2026-09-26T19:10:00Z,Wyoming Cowboys,Hawaii Rainbow Warriors,mybookieag,MyBookie.ag,2026-09-26T19:30:42Z,h2h,2026-09-26T19:30:42Z,Hawaii Rainbow Warriors,-133,,20260926193526122038
NCAAF,americanfootball_ncaaf,fc7c77e060e8ba29a61de994be1497c0,2026-09-26T19:10:00Z,Wyoming Cowboys,Hawaii Rainbow Warriors,mybookieag,MyBookie.ag,2026-09-26T19:30:42Z,h2h,2026-09-26T19:30:42Z,Wyoming Cowboys,110,,20260926193526122038
NCAAF,americanfootball_ncaaf,fc7c77e060e8ba29a61de994be1497c0,2026-09-26T19:10:00Z,Wyoming Cowboys,Hawaii Rainbow Warriors,mybookieag,MyBookie.ag,2026-09-26T19:30:42Z,spreads,2026-09-26T19:30:42Z,Hawaii Rainbow Warriors,-111,-2.5,20260926193526122038
NCAAF,americanfootball_ncaaf,fc7c77e060e8ba29a61de994be1497c0,2026-09-26T19:10:00Z,Wyoming Cowboys,Hawaii Rainbow Warriors,mybookieag,MyBookie.ag,2026-09-26T19:30:42Z,spreads,2026-09-26T19:30:42Z,Wyoming Cowboys,-118,2.5,20260926193526122038
NCAAF,americanfootball_ncaaf,fc7c77e060e8ba29a61de994be1497c0,2026-09-26T19:10:00Z,Wyoming Cowboys,Hawaii Rainbow Warriors,mybookieag,MyBookie.ag,2026-09-26T19:30:42Z,totals,2026-09-26T19:30:42Z,Over,-111,45.5,20260926193526122038
NCAAF,americanfootball_ncaaf,fc7c77e060e8ba29a61de994be1497c0,2026-09-26T19:10:00Z,Wyoming Cowboys,Hawaii Rainbow Warriors,mybookieag,MyBookie.ag,2026-09-26T19:30:42Z,totals,2026-09-26T19:30:42Z,Under,-118,45.5,20260926193526122038
NCAAF,americanfootball_ncaaf,fc7c77e060e8ba29a61de994be1497c0,2026-09-26T19:10:00Z,Wyoming Cowboys,Hawaii Rainbow Warriors,draftkings,DraftKings,2026-09-26T19:34:04Z,h2h,2026-09-26T19:34:04Z,Hawaii Rainbow Warriors,-137,,20260926193526122038
NCAAF,americanfootball_ncaaf,fc7c77e060e8ba29a61de994be1497c0,2026-09-26T19:10:00Z,Wyoming Cowboys,Hawaii Rainbow Warriors,draftkings,DraftKings,2026-09-26T19:34:04Z,h2h,2026-09-26T19:34:04Z,Wyoming Cowboys,103,,20260926193526122038
NCAAF,americanfootball_ncaaf,fc7c77e060e8ba29a61de994be1497c0,2026-09-26T19:10:00Z,Wyoming Cowboys,Hawaii Rainbow Warriors,draftkings,DraftKings,2026-09-26T19:34:04Z,spreads,2026-09-26T19:34:04Z,Hawaii Rainbow Warriors,-120,-1.5,20260926193526122038
NCAAF,americanfootball_ncaaf,fc7c77e060e8ba29a61de994be1497c0,2026-09-26T19:10:00Z,Wyoming Cowboys,Hawaii Rainbow Warriors,draftkings,DraftKings,2026-09-26T19:34:04Z,spreads,2026-09-26T19:34:04Z,Wyoming Cowboys,-110,1.5,20260926193526122038
NCAAF,americanfootball_ncaaf,fc7c77e060e8ba29a61de994be1497c0,2026-09-26T19:10:00Z,Wyoming Cowboys,Hawaii Rainbow Warriors,draftkings,DraftKings,2026-09-26T19:34:04Z,totals,2026-09-26T19:34:04Z,Over,-121,43.5,20260926193526122038
NCAAF,americanfootball_ncaaf,fc7c77e060e8ba29a61de994be1497c0,2026-09-26T19:10:00Z,Wyoming Cowboys,Hawaii Rainbow Warriors,draftkings,DraftKings,2026-09-26T19:34:04Z,totals,2026-09-26T19:34:04Z,Under,-110,43.5,20260926193526122038
NCAAF,americanfootball_ncaaf,fc7c77e060e8ba29a61de994be1497c0,2026-09-26T19:10:00Z,Wyoming Cowboys,Hawaii Rainbow Warriors,betmgm,BetMGM,2026-09-26T19:34:43Z,h2h,2026-09-26T19:34:42Z,Hawaii Rainbow Warriors,-110,,20260926193526122038
NCAAF,americanfootball_ncaaf,fc7c77e060e8ba29a61de994be1497c0,2026-09-26T19:10:00Z,Wyoming Cowboys,Hawaii Rainbow Warriors,betmgm,BetMGM,2026-09-26T19:34:43Z,h2h,2026-09-26T19:34:42Z,Wyoming Cowboys,-118,,20260926193526122038
NCAAF,americanfootball_ncaaf,fc7c77e060e8ba29a61de994be1497c0,2026-09-26T19:10:00Z,Wyoming Cowboys,Hawaii Rainbow Warriors,betmgm,BetMGM,2026-09-26T19:34:43Z,spreads,2026-09-26T19:34:42Z,Hawaii Rainbow Warriors,-120,1.5,20260926193526122038
NCAAF,americanfootball_ncaaf,fc7c77e060e8ba29a61de994be1497c0,2026-09-26T19:10:00Z,Wyoming Cowboys,Hawaii Rainbow Warriors,betmgm,BetMGM,2026-09-26T19:34:43Z,spreads,2026-09-26T19:34:42Z,Wyoming Cowboys,-108,-1.5,20260926193526122038
NCAAF,americanfootball_ncaaf,fc7c77e060e8ba29a61de994be1497c0,2026-09-26T19:10:00Z,Wyoming Cowboys,Hawaii Rainbow Warriors,betmgm,BetMGM,2026-09-26T19:34:43Z,totals,2026-09-26T19:34:42Z,Over,-120,42.5,20260926193526122038
NCAAF,americanfootball_ncaaf,fc7c77e060e8ba29a61de994be1497c0,2026-09-26T19:10:00Z,Wyoming Cowboys,Hawaii Rainbow Warriors,betmgm,BetMGM,2026-09-26T19:34:43Z,totals,2026-09-26T19:34:42Z,Under,-110,42.5,20260926193526122038
NCAAF,americanfootball_ncaaf,fc7c77e060e8ba29a61de994be1497c0,2026-09-26T19:10:00Z,Wyoming Cowboys,Hawaii Rainbow Warriors,bovada,Bovada,2026-09-26T19:32:30Z,h2h,2026-09-26T19:32:29Z,Hawaii Rainbow Warriors,-175,,20260926193526122038
NCAAF,americanfootball_ncaaf,fc7c77e060e8ba29a61de994be1497c0,2026-09-26T19:10:00Z,Wyoming Cowboys,Hawaii Rainbow Warriors,bovada,Bovada,2026-09-26T19:32:30Z,h2h,2026-09-26T19:32:29Z,Wyoming Cowboys,135,,20260926193526122038
NCAAF,americanfootball_ncaaf,fc7c77e060e8ba29a61de994be1497c0,2026-09-26T19:10:00Z,Wyoming Cowboys,Hawaii Rainbow Warriors,bovada,Bovada,2026-09-26T19:32:30Z,spreads,2026-09-26T19:32:29Z,Hawaii Rainbow Warriors,-120,-3.0,20260926193526122038
NCAAF,americanfootball_ncaaf,fc7c77e060e8ba29a61de994be1497c0,2026-09-26T19:10:00Z,Wyoming Cowboys,Hawaii Rainbow Warriors,bovada,Bovada,2026-09-26T19:32:30Z,spreads,2026-09-26T19:32:29Z,Wyoming Cowboys,-110,3.0,20260926193526122038
NCAAF,americanfootball_ncaaf,fc7c77e060e8ba29a61de994be1497c0,2026-09-26T19:10:00Z,Wyoming Cowboys,Hawaii Rainbow Warriors,bovada,Bovada,2026-09-26T19:32:30Z,totals,2026-09-26T19:32:29Z,Over,-120,44.0,20260926193526122038
NCAAF,americanfootball_ncaaf,fc7c77e060e8ba29a61de994be1497c0,2026-09-26T19:10:00Z,Wyoming Cowboys,Hawaii Rainbow Warriors,bovada,Bovada,2026-09-26T19:32:30Z,totals,2026-09-26T19:32:29Z,Under,-110,44.0,20260926193526122038
NCAAF,americanfootball_ncaaf,f0985218c2ed146bb0295c4e9c4a0dd7,2026-09-26T19:30:00Z,Western Michigan Broncos,Boise State Broncos,draftkings,DraftKings,2026-09-26T19:34:04Z,h2h,2026-09-26T19:34:04Z,Boise State Broncos,-298,,20260926193526122038
NCAAF,americanfootball_ncaaf,f0985218c2ed146bb0295c4e9c4a0dd7,2026-09-26T19:30:00Z,Western Michigan Broncos,Boise State Broncos,draftkings,DraftKings,2026-09-26T19:34:04Z,h2h,2026-09-26T19:34:04Z,Western Michigan Broncos,240,,20260926193526122038
NCAAF,americanfootball_ncaaf,f0985218c2ed146bb0295c4e9c4a0dd7,2026-09-26T19:30:00Z,Western Michigan Broncos,Boise State Broncos,draftkings,DraftKings,2026-09-26T19:34:04Z,spreads,2026-09-26T19:34:04Z,Boise State Broncos,-108,-8.5,20260926193526122038
NCAAF,americanfootball_ncaaf,f0985218c2ed146bb0295c4e9c4a0dd7,2026-09-26T19:30:00Z,Western Michigan Broncos,Boise State Broncos,draftkings,DraftKings,2026-09-26T19:34:04Z,spreads,2026-09-26T19:34:04Z,Western Michigan Broncos,-112,8.5,20260926193526122038
NCAAF,americanfootball_ncaaf,f0985218c2ed146bb0295c4e9c4a0dd7,2026-09-26T19:30:00Z,Western Michigan Broncos,Boise State Broncos,draftkings,DraftKings,2026-09-26T19:34:04Z,totals,2026-09-26T19:34:04Z,Over,-112,50.5,20260926193526122038
NCAAF,americanfootball_ncaaf,f0985218c2ed146bb0295c4e9c4a0dd7,2026-09-26T19:30:00Z,Western Michigan Broncos,Boise State Broncos,draftkings,DraftKings,2026-09-26T19:34:04Z,totals,2026-09-26T19:34:04Z,Under,-108,50.5,20260926193526122038
NCAAF,americanfootball_ncaaf,f0985218c2ed146bb0295c4e9c4a0dd7,2026-09-26T19:30:00Z,Western Michigan Broncos,Boise State Broncos,fanduel,FanDuel,2026-09-26T19:35:15Z,h2h,2026-09-26T19:35:15Z,Boise State Broncos,-320,,20260926193526122038
NCAAF,americanfootball_ncaaf,f0985218c2ed146bb0295c4e9c4a0dd7,2026-09-26T19:30:00Z,Western Michigan Broncos,Boise State Broncos,fanduel,FanDuel,2026-09-26T19:35:15Z,h2h,2026-09-26T19:35:15Z,Western Michigan Broncos,255,,20260926193526122038
NCAAF,americanfootball_ncaaf,f0985218c2ed146bb0295c4e9c4a0dd7,2026-09-26T19:30:00Z,Western Michigan Broncos,Boise State Broncos,fanduel,FanDuel,2026-09-26T19:35:15Z,spreads,2026-09-26T19:35:15Z,Boise State Broncos,-115,-7.5,20260926193526122038
NCAAF,americanfootball_ncaaf,f0985218c2ed146bb0295c4e9c4a0dd7,2026-09-26T19:30:00Z,Western Michigan Broncos,Boise State Broncos,fanduel,FanDuel,2026-09-26T19:35:15Z,spreads,2026-09-26T19:35:15Z,Western Michigan Broncos,-105,7.5,20260926193526122038
NCAAF,americanfootball_ncaaf,f0985218c2ed146bb0295c4e9c4a0dd7,2026-09-26T19:30:00Z,Western Michigan Broncos,Boise State Broncos,fanduel,FanDuel,2026-09-26T19:35:15Z,totals,2026-09-26T19:35:15Z,Over,-115,50.5,20260926193526122038
NCAAF,americanfootball_ncaaf,f0985218c2ed146bb0295c4e9c4a0dd7,2026-09-26T19:30:00Z,Western Michigan Broncos,Boise State Broncos,fanduel,FanDuel,2026-09-26T19:35:15Z,totals,2026-09-26T19:35:15Z,Under,-105,50.5,20260926193526122038
NCAAF,americanfootball_ncaaf,f0985218c2ed146bb0295c4e9c4a0dd7,2026-09-26T19:30:00Z,Western Michigan Broncos,Boise State Broncos,mybookieag,MyBookie.ag,2026-09-26T19:35:13Z,h2h,2026-09-26T19:35:13Z,Boise State Broncos,-333,,20260926193526122038
NCAAF,americanfootball_ncaaf,f0985218c2ed146bb0295c4e9c4a0dd7,2026-09-26T19:30:00Z,Western Michigan Broncos,Boise State Broncos,mybookieag,MyBookie.ag,2026-09-26T19:35:13Z,h2h,2026-09-26T19:35:13Z,Western Michigan Broncos,245,,20260926193526122038
NCAAF,americanfootball_ncaaf,f0985218c2ed146bb0295c4e9c4a0dd7,2026-09-26T19:30:00Z,Western Michigan Broncos,Boise State Broncos,mybookieag,MyBookie.ag,2026-09-26T19:35:13Z,spreads,2026-09-26T19:35:13Z,Boise State Broncos,-118,-8.5,20260926193526122038
NCAAF,americanfootball_ncaaf,f0985218c2ed146bb0295c4e9c4a0dd7,2026-09-26T19:30:00Z,Western Michigan Broncos,Boise State Broncos,mybookieag,MyBookie.ag,2026-09-26T19:35:13Z,spreads,2026-09-26T19:35:13Z,Western Michigan Broncos,-111,8.5,20260926193526122038
NCAAF,americanfootball_ncaaf,f0985218c2ed146bb0295c4e9c4a0dd7,2026-09-26T19:30:00Z,Western Michigan Broncos,Boise State Broncos,mybookieag,MyBookie.ag,2026-09-26T19:35:13Z,totals,2026-09-26T19:35:13Z,Over,-111,51.5,20260926193526122038
NCAAF,americanfootball_ncaaf,f0985218c2ed146bb0295c4e9c4a0dd7,2026-09-26T19:30:00Z,Western Michigan Broncos,Boise State Broncos,mybookieag,MyBookie.ag,2026-09-26T19:35:13Z,totals,2026-09-26T19:35:13Z,Under,-118,51.5,20260926193526122038
NCAAF,americanfootball_ncaaf,f0985218c2ed146bb0295c4e9c4a0dd7,2026-09-26T19:30:00Z,Western Michigan Broncos,Boise State Broncos,lowvig,LowVig.ag,2026-09-26T19:29:51Z,h2h,2026-09-26T19:29:51Z,Boise State Broncos,-315,,20260926193526122038
NCAAF,americanfootball_ncaaf,f0985218c2ed146bb0295c4e9c4a0dd7,2026-09-26T19:30:00Z,Western Michigan Broncos,Boise State Broncos,lowvig,LowVig.ag,2026-09-26T19:29:51Z,h2h,2026-09-26T19:29:51Z,Western Michigan Broncos,256,,20260926193526122038
NCAAF,americanfootball_ncaaf,f0985218c2ed146bb0295c4e9c4a0dd7,2026-09-26T19:30:00Z,Western Michigan Broncos,Boise State Broncos,lowvig,LowVig.ag,2026-09-26T19:29:51Z,spreads,2026-09-26T19:29:51Z,Boise State Broncos,100,-9.0,20260926193526122038
NCAAF,americanfootball_ncaaf,f0985218c2ed146bb0295c4e9c4a0dd7,2026-09-26T19:30:00Z,Western Michigan Broncos,Boise State Broncos,lowvig,LowVig.ag,2026-09-26T19:29:51Z,spreads,2026-09-26T19:29:51Z,Western Michigan Broncos,-112,9.0,20260926193526122038
NCAAF,americanfootball_ncaaf,f0985218c2ed146bb0295c4e9c4a0dd7,2026-09-26T19:30:00Z,Western Michigan Broncos,Boise State Broncos,lowvig,LowVig.ag,2026-09-26T19:29:51Z,totals,2026-09-26T19:29:51Z,Over,-114,50.0,20260926193526122038
NCAAF,americanfootball_ncaaf,f0985218c2ed146bb0295c4e9c4a0dd7,2026-09-26T19:30:00Z,Western Michigan Broncos,Boise State Broncos,lowvig,LowVig.ag,2026-09-26T19:29:51Z,totals,2026-09-26T19:29:51Z,Under,-103,50.0,20260926193526122038
NCAAF,americanfootball_ncaaf,f0985218c2ed146bb0295c4e9c4a0dd7,2026-09-26T19:30:00Z,Western Michigan Broncos,Boise State Broncos,betonlineag,BetOnline.ag,2026-09-26T19:30:23Z,h2h,2026-09-26T19:30:23Z,Boise State Broncos,-280,,20260926193526122038
NCAAF,americanfootball_ncaaf,f0985218c2ed146bb0295c4e9c4a0dd7,2026-09-26T19:30:00Z,Western Michigan Broncos,Boise State Broncos,betonlineag,BetOnline.ag,2026-09-26T19:30:23Z,h2h,2026-09-26T19:30:23Z,Western Michigan Broncos,230,,20260926193526122038
NCAAF,americanfootball_ncaaf,f0985218c2ed146bb0295c4e9c4a0dd7,2026-09-26T19:30:00Z,Western Michigan Broncos,Boise State Broncos,betonlineag,BetOnline.ag,2026-09-26T19:30:23Z,spreads,2026-09-26T19:30:23Z,Boise State Broncos,-110,-8.0,20260926193526122038
NCAAF,americanfootball_ncaaf,f0985218c2ed146bb0295c4e9c4a0dd7,2026-09-26T19:30:00Z,Western Michigan Broncos,Boise State Broncos,betonlineag,BetOnline.ag,2026-09-26T19:30:23Z,spreads,2026-09-26T19:30:23Z,Western Michigan Broncos,-110,8.0,20260926193526122038
NCAAF,americanfootball_ncaaf,f0985218c2ed146bb0295c4e9c4a0dd7,2026-09-26T19:30:00Z,Western Michigan Broncos,Boise State Broncos,betonlineag,BetOnline.ag,2026-09-26T19:30:23Z,totals,2026-09-26T19:30:23Z,Over,-115,50.0,20260926193526122038
NCAAF,americanfootball_ncaaf,f0985218c2ed146bb0295c4e9c4a0dd7,2026-09-26T19:30:00Z,Western Michigan Broncos,Boise State Broncos,betonlineag,BetOnline.ag,2026-09-26T19:30:23Z,totals,2026-09-26T19:30:23Z,Under,-105,50.0,20260926193526122038
NCAAF,americanfootball_ncaaf,f0985218c2ed146bb0295c4e9c4a0dd7,2026-09-26T19:30:00Z,Western Michigan Broncos,Boise State Broncos,betmgm,BetMGM,2026-09-26T19:34:43Z,h2h,2026-09-26T19:34:42Z,Boise State Broncos,-300,,20260926193526122038
NCAAF,americanfootball_ncaaf,f0985218c2ed146bb0295c4e9c4a0dd7,2026-09-26T19:30:00Z,Western Michigan Broncos,Boise State Broncos,betmgm,BetMGM,2026-09-26T19:34:43Z,h2h,2026-09-26T19:34:42Z,Western Michigan Broncos,250,,20260926193526122038
NCAAF,americanfootball_ncaaf,f0985218c2ed146bb0295c4e9c4a0dd7,2026-09-26T19:30:00Z,Western Michigan Broncos,Boise State Broncos,betmgm,BetMGM,2026-09-26T19:34:43Z,spreads,2026-09-26T19:34:42Z,Boise State Broncos,-110,-8.5,20260926193526122038
NCAAF,americanfootball_ncaaf,f0985218c2ed146bb0295c4e9c4a0dd7,2026-09-26T19:30:00Z,Western Michigan Broncos,Boise State Broncos,betmgm,BetMGM,2026-09-26T19:34:43Z,spreads,2026-09-26T19:34:42Z,Western Michigan Broncos,-108,8.5,20260926193526122038
NCAAF,americanfootball_ncaaf,f0985218c2ed146bb0295c4e9c4a0dd7,2026-09-26T19:30:00Z,Western Michigan Broncos,Boise State Broncos,betmgm,BetMGM,2026-09-26T19:34:43Z,totals,2026-09-26T19:34:42Z,Over,-110,50.5,20260926193526122038
NCAAF,americanfootball_ncaaf,f0985218c2ed146bb0295c4e9c4a0dd7,2026-09-26T19:30:00Z,Western Michigan Broncos,Boise State Broncos,betmgm,BetMGM,2026-09-26T19:34:43Z,totals,2026-09-26T19:34:42Z,Under,-108,50.5,20260926193526122038
NCAAF,americanfootball_ncaaf,f0985218c2ed146bb0295c4e9c4a0dd7,2026-09-26T19:30:00Z,Western Michigan Broncos,Boise State Broncos,betus,BetUS,2026-09-26T19:35:13Z,h2h,2026-09-26T19:35:12Z,Boise State Broncos,-280,,20260926193526122038
NCAAF,americanfootball_ncaaf,f0985218c2ed146bb0295c4e9c4a0dd7,2026-09-26T19:30:00Z,Western Michigan Broncos,Boise State Broncos,betus,BetUS,2026-09-26T19:35:13Z,h2h,2026-09-26T19:35:12Z,Western Michigan Broncos,235,,20260926193526122038
NCAAF,americanfootball_ncaaf,f0985218c2ed146bb0295c4e9c4a0dd7,2026-09-26T19:30:00Z,Western Michigan Broncos,Boise State Broncos,betus,BetUS,2026-09-26T19:35:13Z,spreads,2026-09-26T19:35:12Z,Boise State Broncos,-110,-8.0,20260926193526122038
NCAAF,americanfootball_ncaaf,f0985218c2ed146bb0295c4e9c4a0dd7,2026-09-26T19:30:00Z,Western Michigan Broncos,Boise State Broncos,betus,BetUS,2026-09-26T19:35:13Z,spreads,2026-09-26T19:35:12Z,Western Michigan Broncos,-110,8.0,20260926193526122038
NCAAF,americanfootball_ncaaf,f0985218c2ed146bb0295c4e9c4a0dd7,2026-09-26T19:30:00Z,Western Michigan Broncos,Boise State Broncos,betus,BetUS,2026-09-26T19:35:13Z,totals,2026-09-26T19:35:12Z,Over,-110,50.5,20260926193526122038
NCAAF,americanfootball_ncaaf,f0985218c2ed146bb0295c4e9c4a0dd7,2026-09-26T19:30:00Z,Western Michigan Broncos,Boise State Broncos,betus,BetUS,2026-09-26T19:35:13Z,totals,2026-09-26T19:35:12Z,Under,-110,50.5,20260926193526122038
NCAAF,americanfootball_ncaaf,f0985218c2ed146bb0295c4e9c4a0dd7,2026-09-26T19:30:00Z,Western Michigan Broncos,Boise State Broncos,bovada,Bovada,2026-09-26T19:34:42Z,h2h,2026-09-26T19:34:42Z,Boise State Broncos,-320,,20260926193526122038
NCAAF,americanfootball_ncaaf,f0985218c2ed146bb0295c4e9c4a0dd7,2026-09-26T19:30:00Z,Western Michigan Broncos,Boise State Broncos,bovada,Bovada,2026-09-26T19:34:42Z,h2h,2026-09-26T19:34:42Z,Western Michigan Broncos,260,,20260926193526122038
NCAAF,americanfootball_ncaaf,f0985218c2ed146bb0295c4e9c4a0dd7,2026-09-26T19:30:00Z,Western Michigan Broncos,Boise State Broncos,bovada,Bovada,2026-09-26T19:34:42Z,spreads,2026-09-26T19:34:42Z,Boise State Broncos,-110,-8.5,20260926193526122038
NCAAF,americanfootball_ncaaf,f0985218c2ed146bb0295c4e9c4a0dd7,2026-09-26T19:30:00Z,Western Michigan Broncos,Boise State Broncos,bovada,Bovada,2026-09-26T19:34:42Z,spreads,2026-09-26T19:34:42Z,Western Michigan Broncos,-110,8.5,20260926193526122038
NCAAF,americanfootball_ncaaf,f0985218c2ed146bb0295c4e9c4a0dd7,2026-09-26T19:30:00Z,Western Michigan Broncos,Boise State Broncos,bovada,Bovada,2026-09-26T19:34:42Z,totals,2026-09-26T19:34:42Z,Over,-110,50.5,20260926193526122038
NCAAF,americanfootball_ncaaf,f0985218c2ed146bb0295c4e9c4a0dd7,2026-09-26T19:30:00Z,Western Michigan Broncos,Boise State Broncos,bovada,Bovada,2026-09-26T19:34:42Z,totals,2026-09-26T19:34:42Z,Under,-110,50.5,20260926193526122038
NCAAF,americanfootball_ncaaf,cb572f5b26d6a57bdac171baff0aec1c,2026-09-26T19:30:00Z,Buffalo Bulls,Robert Morris Colonials,fanduel,FanDuel,2026-09-26T19:35:15Z,h2h,2026-09-26T19:35:15Z,Buffalo Bulls,-10000,,20260926193526122038
NCAAF,americanfootball_ncaaf,cb572f5b26d6a57bdac171baff0aec1c,2026-09-26T19:30:00Z,Buffalo Bulls,Robert Morris Colonials,fanduel,FanDuel,2026-09-26T19:35:15Z,h2h,2026-09-26T19:35:15Z,Robert Morris Colonials,1700,,20260926193526122038
NCAAF,americanfootball_ncaaf,cb572f5b26d6a57bdac171baff0aec1c,2026-09-26T19:30:00Z,Buffalo Bulls,Robert Morris Colonials,fanduel,FanDuel,2026-09-26T19:35:15Z,spreads,2026-09-26T19:35:15Z,Buffalo Bulls,-114,-27.5,20260926193526122038
NCAAF,americanfootball_ncaaf,cb572f5b26d6a57bdac171baff0aec1c,2026-09-26T19:30:00Z,Buffalo Bulls,Robert Morris Colonials,fanduel,FanDuel,2026-09-26T19:35:15Z,spreads,2026-09-26T19:35:15Z,Robert Morris Colonials,-114,27.5,20260926193526122038
NCAAF,americanfootball_ncaaf,cb572f5b26d6a57bdac171baff0aec1c,2026-09-26T19:30:00Z,Buffalo Bulls,Robert Morris Colonials,fanduel,FanDuel,2026-09-26T19:35:15Z,totals,2026-09-26T19:35:15Z,Over,102,46.5,20260926193526122038
NCAAF,americanfootball_ncaaf,cb572f5b26d6a57bdac171baff0aec1c,2026-09-26T19:30:00Z,Buffalo Bulls,Robert Morris Colonials,fanduel,FanDuel,2026-09-26T19:35:15Z,totals,2026-09-26T19:35:15Z,Under,-136,46.5,20260926193526122038
NCAAF,americanfootball_ncaaf,cb572f5b26d6a57bdac171baff0aec1c,2026-09-26T19:30:00Z,Buffalo Bulls,Robert Morris Colonials,draftkings,DraftKings,2026-09-26T19:34:04Z,h2h,2026-09-26T19:34:04Z,Buffalo Bulls,-6200,,20260926193526122038
NCAAF,americanfootball_ncaaf,cb572f5b26d6a57bdac171baff0aec1c,2026-09-26T19:30:00Z,Buffalo Bulls,Robert Morris Colonials,draftkings,DraftKings,2026-09-26T19:34:04Z,h2h,2026-09-26T19:34:04Z,Robert Morris Colonials,1840,,20260926193526122038
NCAAF,americanfootball_ncaaf,cb572f5b26d6a57bdac171baff0aec1c,2026-09-26T19:30:00Z,Buffalo Bulls,Robert Morris Colonials,draftkings,DraftKings,2026-09-26T19:34:04Z,spreads,2026-09-26T19:34:04Z,Buffalo Bulls,-111,-28.5,20260926193526122038
NCAAF,americanfootball_ncaaf,cb572f5b26d6a57bdac171baff0aec1c,2026-09-26T19:30:00Z,Buffalo Bulls,Robert Morris Colonials,draftkings,DraftKings,2026-09-26T19:34:04Z,spreads,2026-09-26T19:34:04Z,Robert Morris Colonials,-119,28.5,20260926193526122038
NCAAF,americanfootball_ncaaf,cb572f5b26d6a57bdac171baff0aec1c,2026-09-26T19:30:00Z,Buffalo Bulls,Robert Morris Colonials,draftkings,DraftKings,2026-09-26T19:34:04Z,totals,2026-09-26T19:34:04Z,Over,-112,46.5,20260926193526122038
NCAAF,americanfootball_ncaaf,cb572f5b26d6a57bdac171baff0aec1c,2026-09-26T19:30:00Z,Buffalo Bulls,Robert Morris Colonials,draftkings,DraftKings,2026-09-26T19:34:04Z,totals,2026-09-26T19:34:04Z,Under,-119,46.5,20260926193526122038
NCAAF,americanfootball_ncaaf,cb572f5b26d6a57bdac171baff0aec1c,2026-09-26T19:30:00Z,Buffalo Bulls,Robert Morris Colonials,lowvig,LowVig.ag,2026-09-26T19:29:51Z,spreads,2026-09-26T19:29:51Z,Buffalo Bulls,-110,-28.0,20260926193526122038
NCAAF,americanfootball_ncaaf,cb572f5b26d6a57bdac171baff0aec1c,2026-09-26T19:30:00Z,Buffalo Bulls,Robert Morris Colonials,lowvig,LowVig.ag,2026-09-26T19:29:51Z,spreads,2026-09-26T19:29:51Z,Robert Morris Colonials,-110,28.0,20260926193526122038
NCAAF,americanfootball_ncaaf,cb572f5b26d6a57bdac171baff0aec1c,2026-09-26T19:30:00Z,Buffalo Bulls,Robert Morris Colonials,lowvig,LowVig.ag,2026-09-26T19:29:51Z,totals,2026-09-26T19:29:51Z,Over,-105,46.5,20260926193526122038
NCAAF,americanfootball_ncaaf,cb572f5b26d6a57bdac171baff0aec1c,2026-09-26T19:30:00Z,Buffalo Bulls,Robert Morris Colonials,lowvig,LowVig.ag,2026-09-26T19:29:51Z,totals,2026-09-26T19:29:51Z,Under,-115,46.5,20260926193526122038
NCAAF,americanfootball_ncaaf,cb572f5b26d6a57bdac171baff0aec1c,2026-09-26T19:30:00Z,Buffalo Bulls,Robert Morris Colonials,betonlineag,BetOnline.ag,2026-09-26T19:30:23Z,spreads,2026-09-26T19:30:23Z,Buffalo Bulls,-110,-28.0,20260926193526122038
NCAAF,americanfootball_ncaaf,cb572f5b26d6a57bdac171baff0aec1c,2026-09-26T19:30:00Z,Buffalo Bulls,Robert Morris Colonials,betonlineag,BetOnline.ag,2026-09-26T19:30:23Z,spreads,2026-09-26T19:30:23Z,Robert Morris Colonials,-110,28.0,20260926193526122038
NCAAF,americanfootball_ncaaf,cb572f5b26d6a57bdac171baff0aec1c,2026-09-26T19:30:00Z,Buffalo Bulls,Robert Morris Colonials,betonlineag,BetOnline.ag,2026-09-26T19:30:23Z,totals,2026-09-26T19:30:23Z,Over,-105,46.5,20260926193526122038
NCAAF,americanfootball_ncaaf,cb572f5b26d6a57bdac171baff0aec1c,2026-09-26T19:30:00Z,Buffalo Bulls,Robert Morris Colonials,betonlineag,BetOnline.ag,2026-09-26T19:30:23Z,totals,2026-09-26T19:30:23Z,Under,-115,46.5,20260926193526122038
NCAAF,americanfootball_ncaaf,cb572f5b26d6a57bdac171baff0aec1c,2026-09-26T19:30:00Z,Buffalo Bulls,Robert Morris Colonials,bovada,Bovada,2026-09-26T19:34:42Z,spreads,2026-09-26T19:34:42Z,Buffalo Bulls,-120,-27.5,20260926193526122038
NCAAF,americanfootball_ncaaf,cb572f5b26d6a57bdac171baff0aec1c,2026-09-26T19:30:00Z,Buffalo Bulls,Robert Morris Colonials,bovada,Bovada,2026-09-26T19:34:42Z,spreads,2026-09-26T19:34:42Z,Robert Morris Colonials,-110,27.5,20260926193526122038
NCAAF,americanfootball_ncaaf,cb572f5b26d6a57bdac171baff0aec1c,2026-09-26T19:30:00Z,Buffalo Bulls,Robert Morris Colonials,bovada,Bovada,2026-09-26T19:34:42Z,totals,2026-09-26T19:34:42Z,Over,-110,45.5,20260926193526122038
NCAAF,americanfootball_ncaaf,cb572f5b26d6a57bdac171baff0aec1c,2026-09-26T19:30:00Z,Buffalo Bulls,Robert Morris Colonials,bovada,Bovada,2026-09-26T19:34:42Z,totals,2026-09-26T19:34:42Z,Under,-120,45.5,20260926193526122038
NCAAF,americanfootball_ncaaf,cb572f5b26d6a57bdac171baff0aec1c,2026-09-26T19:30:00Z,Buffalo Bulls,Robert Morris Colonials,betmgm,BetMGM,2026-09-26T19:34:43Z,h2h,2026-09-26T19:34:42Z,Buffalo Bulls,-5000,,20260926193526122038
NCAAF,americanfootball_ncaaf,cb572f5b26d6a57bdac171baff0aec1c,2026-09-26T19:30:00Z,Buffalo Bulls,Robert Morris Colonials,betmgm,BetMGM,2026-09-26T19:34:43Z,h2h,2026-09-26T19:34:42Z,Robert Morris Colonials,2200,,20260926193526122038
NCAAF,americanfootball_ncaaf,cb572f5b26d6a57bdac171baff0aec1c,2026-09-26T19:30:00Z,Buffalo Bulls,Robert Morris Colonials,betmgm,BetMGM,2026-09-26T19:34:43Z,spreads,2026-09-26T19:34:42Z,Buffalo Bulls,-110,-28.0,20260926193526122038
NCAAF,americanfootball_ncaaf,cb572f5b26d6a57bdac171baff0aec1c,2026-09-26T19:30:00Z,Buffalo Bulls,Robert Morris Colonials,betmgm,BetMGM,2026-09-26T19:34:43Z,spreads,2026-09-26T19:34:42Z,Robert Morris Colonials,-108,28.0,20260926193526122038
NCAAF,americanfootball_ncaaf,cb572f5b26d6a57bdac171baff0aec1c,2026-09-26T19:30:00Z,Buffalo Bulls,Robert Morris Colonials,betmgm,BetMGM,2026-09-26T19:34:43Z,totals,2026-09-26T19:34:42Z,Over,-108,45.5,20260926193526122038
NCAAF,americanfootball_ncaaf,cb572f5b26d6a57bdac171baff0aec1c,2026-09-26T19:30:00Z,Buffalo Bulls,Robert Morris Colonials,betmgm,BetMGM,2026-09-26T19:34:43Z,totals,2026-09-26T19:34:42Z,Under,-110,45.5,20260926193526122038
NCAAF,americanfootball_ncaaf,cb572f5b26d6a57bdac171baff0aec1c,2026-09-26T19:30:00Z,Buffalo Bulls,Robert Morris Colonials,mybookieag,MyBookie.ag,2026-09-26T19:35:13Z,spreads,2026-09-26T19:35:13Z,Buffalo Bulls,-111,-28.5,20260926193526122038
NCAAF,americanfootball_ncaaf,cb572f5b26d6a57bdac171baff0aec1c,2026-09-26T19:30:00Z,Buffalo Bulls,Robert Morris Colonials,mybookieag,MyBookie.ag,2026-09-26T19:35:13Z,spreads,2026-09-26T19:35:13Z,Robert Morris Colonials,-118,28.5,20260926193526122038
NCAAF,americanfootball_ncaaf,cb572f5b26d6a57bdac171baff0aec1c,2026-09-26T19:30:00Z,Buffalo Bulls,Robert Morris Colonials,mybookieag,MyBookie.ag,2026-09-26T19:35:13Z,totals,2026-09-26T19:35:13Z,Over,-111,46.5,20260926193526122038
NCAAF,americanfootball_ncaaf,cb572f5b26d6a57bdac171baff0aec1c,2026-09-26T19:30:00Z,Buffalo Bulls,Robert Morris Colonials,mybookieag,MyBookie.ag,2026-09-26T19:35:13Z,totals,2026-09-26T19:35:13Z,Under,-118,46.5,20260926193526122038
NCAAF,americanfootball_ncaaf,3085dd56723d1a49474711989dcda5bd,2026-09-26T19:30:00Z,Marshall Thundering Herd,Gardner-Webb Runnin Bulldogs,fanduel,FanDuel,2026-09-26T19:35:15Z,h2h,2026-09-26T19:35:15Z,Gardner-Webb Runnin Bulldogs,1300,,20260926193526122038
NCAAF,americanfootball_ncaaf,3085dd56723d1a49474711989dcda5bd,2026-09-26T19:30:00Z,Marshall Thundering Herd,Gardner-Webb Runnin Bulldogs,fanduel,FanDuel,2026-09-26T19:35:15Z,h2h,2026-09-26T19:35:15Z,Marshall Thundering Herd,-5000,,20260926193526122038
NCAAF,americanfootball_ncaaf,3085dd56723d1a49474711989dcda5bd,2026-09-26T19:30:00Z,Marshall Thundering Herd,Gardner-Webb Runnin Bulldogs,fanduel,FanDuel,2026-09-26T19:35:15Z,spreads,2026-09-26T19:35:15Z,Gardner-Webb Runnin Bulldogs,-122,24.5,20260926193526122038
NCAAF,americanfootball_ncaaf,3085dd56723d1a49474711989dcda5bd,2026-09-26T19:30:00Z,Marshall Thundering Herd,Gardner-Webb Runnin Bulldogs,fanduel,FanDuel,2026-09-26T19:35:15Z,spreads,2026-09-26T19:35:15Z,Marshall Thundering Herd,-108,-24.5,20260926193526122038
NCAAF,americanfootball_ncaaf,3085dd56723d1a49474711989dcda5bd,2026-09-26T19:30:00Z,Marshall Thundering Herd,Gardner-Webb Runnin Bulldogs,fanduel,FanDuel,2026-09-26T19:35:15Z,totals,2026-09-26T19:35:15Z,Over,-104,56.5,20260926193526122038
NCAAF,americanfootball_ncaaf,3085dd56723d1a49474711989dcda5bd,2026-09-26T19:30:00Z,Marshall Thundering Herd,Gardner-Webb Runnin Bulldogs,fanduel,FanDuel,2026-09-26T19:35:15Z,totals,2026-09-26T19:35:15Z,Under,-128,56.5,20260926193526122038
NCAAF,americanfootball_ncaaf,3085dd56723d1a49474711989dcda5bd,2026-09-26T19:30:00Z,Marshall Thundering Herd,Gardner-Webb Runnin Bulldogs,draftkings,DraftKings,2026-09-26T19:34:04Z,h2h,2026-09-26T19:34:04Z,Gardner-Webb Runnin Bulldogs,2200,,20260926193526122038
NCAAF,americanfootball_ncaaf,3085dd56723d1a49474711989dcda5bd,2026-09-26T19:30:00Z,Marshall Thundering Herd,Gardner-Webb Runnin Bulldogs,draftkings,DraftKings,2026-09-26T19:34:04Z,h2h,2026-09-26T19:34:04Z,Marshall Thundering Herd,-10000,,20260926193526122038
NCAAF,americanfootball_ncaaf,3085dd56723d1a49474711989dcda5bd,2026-09-26T19:30:00Z,Marshall Thundering Herd,Gardner-Webb Runnin Bulldogs,draftkings,DraftKings,2026-09-26T19:34:04Z,spreads,2026-09-26T19:34:04Z,Gardner-Webb Runnin Bulldogs,-115,29.5,20260926193526122038
NCAAF,americanfootball_ncaaf,3085dd56723d1a49474711989dcda5bd,2026-09-26T19:30:00Z,Marshall Thundering Herd,Gardner-Webb Runnin Bulldogs,draftkings,DraftKings,2026-09-26T19:34:04Z,spreads,2026-09-26T19:34:04Z,Marshall Thundering Herd,-115,-29.5,20260926193526122038
NCAAF,americanfootball_ncaaf,3085dd56723d1a49474711989dcda5bd,2026-09-26T19:30:00Z,Marshall Thundering Herd,Gardner-Webb Runnin Bulldogs,draftkings,DraftKings,2026-09-26T19:34:04Z,totals,2026-09-26T19:34:04Z,Over,-123,58.5,20260926193526122038
NCAAF,americanfootball_ncaaf,3085dd56723d1a49474711989dcda5bd,2026-09-26T19:30:00Z,Marshall Thundering Herd,Gardner-Webb Runnin Bulldogs,draftkings,DraftKings,2026-09-26T19:34:04Z,totals,2026-09-26T19:34:04Z,Under,-108,58.5,20260926193526122038
NCAAF,americanfootball_ncaaf,3085dd56723d1a49474711989dcda5bd,2026-09-26T19:30:00Z,Marshall Thundering Herd,Gardner-Webb Runnin Bulldogs,lowvig,LowVig.ag,2026-09-26T19:29:51Z,spreads,2026-09-26T19:29:51Z,Gardner-Webb Runnin Bulldogs,-110,25.0,20260926193526122038
NCAAF,americanfootball_ncaaf,3085dd56723d1a49474711989dcda5bd,2026-09-26T19:30:00Z,Marshall Thundering Herd,Gardner-Webb Runnin Bulldogs,lowvig,LowVig.ag,2026-09-26T19:29:51Z,spreads,2026-09-26T19:29:51Z,Marshall Thundering Herd,-110,-25.0,20260926193526122038
NCAAF,americanfootball_ncaaf,3085dd56723d1a49474711989dcda5bd,2026-09-26T19:30:00Z,Marshall Thundering Herd,Gardner-Webb Runnin Bulldogs,lowvig,LowVig.ag,2026-09-26T19:29:51Z,totals,2026-09-26T19:29:51Z,Over,-115,56.0,20260926193526122038
NCAAF,americanfootball_ncaaf,3085dd56723d1a49474711989dcda5bd,2026-09-26T19:30:00Z,Marshall Thundering Herd,Gardner-Webb Runnin Bulldogs,lowvig,LowVig.ag,2026-09-26T19:29:51Z,totals,2026-09-26T19:29:51Z,Under,-105,56.0,20260926193526122038
NCAAF,americanfootball_ncaaf,3085dd56723d1a49474711989dcda5bd,2026-09-26T19:30:00Z,Marshall Thundering Herd,Gardner-Webb Runnin Bulldogs,betonlineag,BetOnline.ag,2026-09-26T19:30:23Z,spreads,2026-09-26T19:30:23Z,Gardner-Webb Runnin Bulldogs,-110,25.0,20260926193526122038
NCAAF,americanfootball_ncaaf,3085dd56723d1a49474711989dcda5bd,2026-09-26T19:30:00Z,Marshall Thundering Herd,Gardner-Webb Runnin Bulldogs,betonlineag,BetOnline.ag,2026-09-26T19:30:23Z,spreads,2026-09-26T19:30:23Z,Marshall Thundering Herd,-110,-25.0,20260926193526122038
NCAAF,americanfootball_ncaaf,3085dd56723d1a49474711989dcda5bd,2026-09-26T19:30:00Z,Marshall Thundering Herd,Gardner-Webb Runnin Bulldogs,betonlineag,BetOnline.ag,2026-09-26T19:30:23Z,totals,2026-09-26T19:30:23Z,Over,-115,56.0,20260926193526122038
NCAAF,americanfootball_ncaaf,3085dd56723d1a49474711989dcda5bd,2026-09-26T19:30:00Z,Marshall Thundering Herd,Gardner-Webb Runnin Bulldogs,betonlineag,BetOnline.ag,2026-09-26T19:30:23Z,totals,2026-09-26T19:30:23Z,Under,-105,56.0,20260926193526122038
NCAAF,americanfootball_ncaaf,3085dd56723d1a49474711989dcda5bd,2026-09-26T19:30:00Z,Marshall Thundering Herd,Gardner-Webb Runnin Bulldogs,bovada,Bovada,2026-09-26T19:34:42Z,h2h,2026-09-26T19:34:42Z,Gardner-Webb Runnin Bulldogs,1100,,20260926193526122038
NCAAF,americanfootball_ncaaf,3085dd56723d1a49474711989dcda5bd,2026-09-26T19:30:00Z,Marshall Thundering Herd,Gardner-Webb Runnin Bulldogs,bovada,Bovada,2026-09-26T19:34:42Z,h2h,2026-09-26T19:34:42Z,Marshall Thundering Herd,-3300,,20260926193526122038
NCAAF,americanfootball_ncaaf,3085dd56723d1a49474711989dcda5bd,2026-09-26T19:30:00Z,Marshall Thundering Herd,Gardner-Webb Runnin Bulldogs,bovada,Bovada,2026-09-26T19:34:42Z,spreads,2026-09-26T19:34:42Z,Gardner-Webb Runnin Bulldogs,-115,25.5,20260926193526122038
NCAAF,americanfootball_ncaaf,3085dd56723d1a49474711989dcda5bd,2026-09-26T19:30:00Z,Marshall Thundering Herd,Gardner-Webb Runnin Bulldogs,bovada,Bovada,2026-09-26T19:34:42Z,spreads,2026-09-26T19:34:42Z,Marshall Thundering Herd,-105,-25.5,20260926193526122038
NCAAF,americanfootball_ncaaf,3085dd56723d1a49474711989dcda5bd,2026-09-26T19:30:00Z,Marshall Thundering Herd,Gardner-Webb Runnin Bulldogs,bovada,Bovada,2026-09-26T19:34:42Z,totals,2026-09-26T19:34:42Z,Over,-110,56.0,20260926193526122038
NCAAF,americanfootball_ncaaf,3085dd56723d1a49474711989dcda5bd,2026-09-26T19:30:00Z,Marshall Thundering Herd,Gardner-Webb Runnin Bulldogs,bovada,Bovada,2026-09-26T19:34:42Z,totals,2026-09-26T19:34:42Z,Under,-110,56.0,20260926193526122038
NCAAF,americanfootball_ncaaf,3085dd56723d1a49474711989dcda5bd,2026-09-26T19:30:00Z,Marshall Thundering Herd,Gardner-Webb Runnin Bulldogs,betmgm,BetMGM,2026-09-26T19:34:43Z,h2h,2026-09-26T19:34:42Z,Gardner-Webb Runnin Bulldogs,1250,,20260926193526122038
NCAAF,americanfootball_ncaaf,3085dd56723d1a49474711989dcda5bd,2026-09-26T19:30:00Z,Marshall Thundering Herd,Gardner-Webb Runnin Bulldogs,betmgm,BetMGM,2026-09-26T19:34:43Z,h2h,2026-09-26T19:34:42Z,Marshall Thundering Herd,-2500,,20260926193526122038
NCAAF,americanfootball_ncaaf,3085dd56723d1a49474711989dcda5bd,2026-09-26T19:30:00Z,Marshall Thundering Herd,Gardner-Webb Runnin Bulldogs,betmgm,BetMGM,2026-09-26T19:34:43Z,spreads,2026-09-26T19:34:42Z,Gardner-Webb Runnin Bulldogs,-112,24.5,20260926193526122038
NCAAF,americanfootball_ncaaf,3085dd56723d1a49474711989dcda5bd,2026-09-26T19:30:00Z,Marshall Thundering Herd,Gardner-Webb Runnin Bulldogs,betmgm,BetMGM,2026-09-26T19:34:43Z,spreads,2026-09-26T19:34:42Z,Marshall Thundering Herd,-115,-24.5,20260926193526122038
NCAAF,americanfootball_ncaaf,3085dd56723d1a49474711989dcda5bd,2026-09-26T19:30:00Z,Marshall Thundering Herd,Gardner-Webb Runnin Bulldogs,betmgm,BetMGM,2026-09-26T19:34:43Z,totals,2026-09-26T19:34:42Z,Over,-108,56.5,20260926193526122038
NCAAF,americanfootball_ncaaf,3085dd56723d1a49474711989dcda5bd,2026-09-26T19:30:00Z,Marshall Thundering Herd,Gardner-Webb Runnin Bulldogs,betmgm,BetMGM,2026-09-26T19:34:43Z,totals,2026-09-26T19:34:42Z,Under,-110,56.5,20260926193526122038
NCAAF,americanfootball_ncaaf,3085dd56723d1a49474711989dcda5bd,2026-09-26T19:30:00Z,Marshall Thundering Herd,Gardner-Webb Runnin Bulldogs,mybookieag,MyBookie.ag,2026-09-26T19:35:13Z,h2h,2026-09-26T19:35:13Z,Gardner-Webb Runnin Bulldogs,1075,,20260926193526122038
NCAAF,americanfootball_ncaaf,3085dd56723d1a49474711989dcda5bd,2026-09-26T19:30:00Z,Marshall Thundering Herd,Gardner-Webb Runnin Bulldogs,mybookieag,MyBookie.ag,2026-09-26T19:35:13Z,h2h,2026-09-26T19:35:13Z,Marshall Thundering Herd,-2500,,20260926193526122038
NCAAF,americanfootball_ncaaf,3085dd56723d1a49474711989dcda5bd,2026-09-26T19:30:00Z,Marshall Thundering Herd,Gardner-Webb Runnin Bulldogs,mybookieag,MyBookie.ag,2026-09-26T19:35:13Z,spreads,2026-09-26T19:35:13Z,Gardner-Webb Runnin Bulldogs,-118,25.5,20260926193526122038
NCAAF,americanfootball_ncaaf,3085dd56723d1a49474711989dcda5bd,2026-09-26T19:30:00Z,Marshall Thundering Herd,Gardner-Webb Runnin Bulldogs,mybookieag,MyBookie.ag,2026-09-26T19:35:13Z,spreads,2026-09-26T19:35:13Z,Marshall Thundering Herd,-111,-25.5,20260926193526122038
NCAAF,americanfootball_ncaaf,3085dd56723d1a49474711989dcda5bd,2026-09-26T19:30:00Z,Marshall Thundering Herd,Gardner-Webb Runnin Bulldogs,mybookieag,MyBookie.ag,2026-09-26T19:35:13Z,totals,2026-09-26T19:35:13Z,Over,-118,56.5,20260926193526122038
NCAAF,americanfootball_ncaaf,3085dd56723d1a49474711989dcda5bd,2026-09-26T19:30:00Z,Marshall Thundering Herd,Gardner-Webb Runnin Bulldogs,mybookieag,MyBookie.ag,2026-09-26T19:35:13Z,totals,2026-09-26T19:35:13Z,Under,-111,56.5,20260926193526122038
NCAAF,americanfootball_ncaaf,9fe2a7b54748dc10ff57743cdd1b041c,2026-09-26T19:30:00Z,New Mexico State Aggies,New Mexico Lobos,fanduel,FanDuel,2026-09-26T19:35:15Z,h2h,2026-09-26T19:35:15Z,New Mexico Lobos,-500,,20260926193526122038
NCAAF,americanfootball_ncaaf,9fe2a7b54748dc10ff57743cdd1b041c,2026-09-26T19:30:00Z,New Mexico State Aggies,New Mexico Lobos,fanduel,FanDuel,2026-09-26T19:35:15Z,h2h,2026-09-26T19:35:15Z,New Mexico State Aggies,375,,20260926193526122038
NCAAF,americanfootball_ncaaf,9fe2a7b54748dc10ff57743cdd1b041c,2026-09-26T19:30:00Z,New Mexico State Aggies,New Mexico Lobos,fanduel,FanDuel,2026-09-26T19:35:15Z,spreads,2026-09-26T19:35:15Z,New Mexico Lobos,-110,-11.5,20260926193526122038
NCAAF,americanfootball_ncaaf,9fe2a7b54748dc10ff57743cdd1b041c,2026-09-26T19:30:00Z,New Mexico State Aggies,New Mexico Lobos,fanduel,FanDuel,2026-09-26T19:35:15Z,spreads,2026-09-26T19:35:15Z,New Mexico State Aggies,-110,11.5,20260926193526122038
NCAAF,americanfootball_ncaaf,9fe2a7b54748dc10ff57743cdd1b041c,2026-09-26T19:30:00Z,New Mexico State Aggies,New Mexico Lobos,fanduel,FanDuel,2026-09-26T19:35:15Z,totals,2026-09-26T19:35:15Z,Over,-115,47.5,20260926193526122038
NCAAF,americanfootball_ncaaf,9fe2a7b54748dc10ff57743cdd1b041c,2026-09-26T19:30:00Z,New Mexico State Aggies,New Mexico Lobos,fanduel,FanDuel,2026-09-26T19:35:15Z,totals,2026-09-26T19:35:15Z,Under,-105,47.5,20260926193526122038
NCAAF,americanfootball_ncaaf,9fe2a7b54748dc10ff57743cdd1b041c,2026-09-26T19:30:00Z,New Mexico State Aggies,New Mexico Lobos,mybookieag,MyBookie.ag,2026-09-26T19:35:13Z,h2h,2026-09-26T19:35:13Z,New Mexico Lobos,-455,,20260926193526122038
NCAAF,americanfootball_ncaaf,9fe2a7b54748dc10ff57743cdd1b041c,2026-09-26T19:30:00Z,New Mexico State Aggies,New Mexico Lobos,mybookieag,MyBookie.ag,2026-09-26T19:35:13Z,h2h,2026-09-26T19:35:13Z,New Mexico State Aggies,320,,20260926193526122038
NCAAF,americanfootball_ncaaf,9fe2a7b54748dc10ff57743cdd1b041c,2026-09-26T19:30:00Z,New Mexico State Aggies,New Mexico Lobos,mybookieag,MyBookie.ag,2026-09-26T19:35:13Z,spreads,2026-09-26T19:35:13Z,New Mexico Lobos,-111,-11.5,20260926193526122038
NCAAF,americanfootball_ncaaf,9fe2a7b54748dc10ff57743cdd1b041c,2026-09-26T19:30:00Z,New Mexico State Aggies,New Mexico Lobos,mybookieag,MyBookie.ag,2026-09-26T19:35:13Z,spreads,2026-09-26T19:35:13Z,New Mexico State Aggies,-111,11.5,20260926193526122038
NCAAF,americanfootball_ncaaf,9fe2a7b54748dc10ff57743cdd1b041c,2026-09-26T19:30:00Z,New Mexico State Aggies,New Mexico Lobos,mybookieag,MyBookie.ag,2026-09-26T19:35:13Z,totals,2026-09-26T19:35:13Z,Over,-111,48.5,20260926193526122038
NCAAF,americanfootball_ncaaf,9fe2a7b54748dc10ff57743cdd1b041c,2026-09-26T19:30:00Z,New Mexico State Aggies,New Mexico Lobos,mybookieag,MyBookie.ag,2026-09-26T19:35:13Z,totals,2026-09-26T19:35:13Z,Under,-111,48.5,20260926193526122038
NCAAF,americanfootball_ncaaf,9fe2a7b54748dc10ff57743cdd1b041c,2026-09-26T19:30:00Z,New Mexico State Aggies,New Mexico Lobos,draftkings,DraftKings,2026-09-26T19:34:04Z,h2h,2026-09-26T19:34:04Z,New Mexico Lobos,-455,,20260926193526122038
NCAAF,americanfootball_ncaaf,9fe2a7b54748dc10ff57743cdd1b041c,2026-09-26T19:30:00Z,New Mexico State Aggies,New Mexico Lobos,draftkings,DraftKings,2026-09-26T19:34:04Z,h2h,2026-09-26T19:34:04Z,New Mexico State Aggies,350,,20260926193526122038
NCAAF,americanfootball_ncaaf,9fe2a7b54748dc10ff57743cdd1b041c,2026-09-26T19:30:00Z,New Mexico State Aggies,New Mexico Lobos,draftkings,DraftKings,2026-09-26T19:34:04Z,spreads,2026-09-26T19:34:04Z,New Mexico Lobos,-110,-11.5,20260926193526122038
NCAAF,americanfootball_ncaaf,9fe2a7b54748dc10ff57743cdd1b041c,2026-09-26T19:30:00Z,New Mexico State Aggies,New Mexico Lobos,draftkings,DraftKings,2026-09-26T19:34:04Z,spreads,2026-09-26T19:34:04Z,New Mexico State Aggies,-110,11.5,20260926193526122038
NCAAF,americanfootball_ncaaf,9fe2a7b54748dc10ff57743cdd1b041c,2026-09-26T19:30:00Z,New Mexico State Aggies,New Mexico Lobos,draftkings,DraftKings,2026-09-26T19:34:04Z,totals,2026-09-26T19:34:04Z,Over,-112,47.5,20260926193526122038
NCAAF,americanfootball_ncaaf,9fe2a7b54748dc10ff57743cdd1b041c,2026-09-26T19:30:00Z,New Mexico State Aggies,New Mexico Lobos,draftkings,DraftKings,2026-09-26T19:34:04Z,totals,2026-09-26T19:34:04Z,Under,-108,47.5,20260926193526122038
NCAAF,americanfootball_ncaaf,9fe2a7b54748dc10ff57743cdd1b041c,2026-09-26T19:30:00Z,New Mexico State Aggies,New Mexico Lobos,lowvig,LowVig.ag,2026-09-26T19:29:51Z,h2h,2026-09-26T19:29:51Z,New Mexico Lobos,-450,,20260926193526122038
NCAAF,americanfootball_ncaaf,9fe2a7b54748dc10ff57743cdd1b041c,2026-09-26T19:30:00Z,New Mexico State Aggies,New Mexico Lobos,lowvig,LowVig.ag,2026-09-26T19:29:51Z,h2h,2026-09-26T19:29:51Z,New Mexico State Aggies,350,,20260926193526122038
NCAAF,americanfootball_ncaaf,9fe2a7b54748dc10ff57743cdd1b041c,2026-09-26T19:30:00Z,New Mexico State Aggies,New Mexico Lobos,lowvig,LowVig.ag,2026-09-26T19:29:51Z,spreads,2026-09-26T19:29:51Z,New Mexico Lobos,-101,-11.5,20260926193526122038
NCAAF,americanfootball_ncaaf,9fe2a7b54748dc10ff57743cdd1b041c,2026-09-26T19:30:00Z,New Mexico State Aggies,New Mexico Lobos,lowvig,LowVig.ag,2026-09-26T19:29:51Z,spreads,2026-09-26T19:29:51Z,New Mexico State Aggies,-111,11.5,20260926193526122038
NCAAF,americanfootball_ncaaf,9fe2a7b54748dc10ff57743cdd1b041c,2026-09-26T19:30:00Z,New Mexico State Aggies,New Mexico Lobos,lowvig,LowVig.ag,2026-09-26T19:29:51Z,totals,2026-09-26T19:29:51Z,Over,-108,47.5,20260926193526122038
NCAAF,americanfootball_ncaaf,9fe2a7b54748dc10ff57743cdd1b041c,2026-09-26T19:30:00Z,New Mexico State Aggies,New Mexico Lobos,lowvig,LowVig.ag,2026-09-26T19:29:51Z,totals,2026-09-26T19:29:51Z,Under,-108,47.5,20260926193526122038
NCAAF,americanfootball_ncaaf,9fe2a7b54748dc10ff57743cdd1b041c,2026-09-26T19:30:00Z,New Mexico State Aggies,New Mexico Lobos,betonlineag,BetOnline.ag,2026-09-26T19:30:23Z,h2h,2026-09-26T19:30:23Z,New Mexico Lobos,-450,,20260926193526122038
NCAAF,americanfootball_ncaaf,9fe2a7b54748dc10ff57743cdd1b041c,2026-09-26T19:30:00Z,New Mexico State Aggies,New Mexico Lobos,betonlineag,BetOnline.ag,2026-09-26T19:30:23Z,h2h,2026-09-26T19:30:23Z,New Mexico State Aggies,350,,20260926193526122038
NCAAF,americanfootball_ncaaf,9fe2a7b54748dc10ff57743cdd1b041c,2026-09-26T19:30:00Z,New Mexico State Aggies,New Mexico Lobos,betonlineag,BetOnline.ag,2026-09-26T19:30:23Z,spreads,2026-09-26T19:30:23Z,New Mexico Lobos,-105,-11.5,20260926193526122038
NCAAF,americanfootball_ncaaf,9fe2a7b54748dc10ff57743cdd1b041c,2026-09-26T19:30:00Z,New Mexico State Aggies,New Mexico Lobos,betonlineag,BetOnline.ag,2026-09-26T19:30:23Z,spreads,2026-09-26T19:30:23Z,New Mexico State Aggies,-115,11.5,20260926193526122038
NCAAF,americanfootball_ncaaf,9fe2a7b54748dc10ff57743cdd1b041c,2026-09-26T19:30:00Z,New Mexico State Aggies,New Mexico Lobos,betonlineag,BetOnline.ag,2026-09-26T19:30:23Z,totals,2026-09-26T19:30:23Z,Over,-110,47.5,20260926193526122038
NCAAF,americanfootball_ncaaf,9fe2a7b54748dc10ff57743cdd1b041c,2026-09-26T19:30:00Z,New Mexico State Aggies,New Mexico Lobos,betonlineag,BetOnline.ag,2026-09-26T19:30:23Z,totals,2026-09-26T19:30:23Z,Under,-110,47.5,20260926193526122038
NCAAF,americanfootball_ncaaf,9fe2a7b54748dc10ff57743cdd1b041c,2026-09-26T19:30:00Z,New Mexico State Aggies,New Mexico Lobos,betmgm,BetMGM,2026-09-26T19:34:43Z,h2h,2026-09-26T19:34:42Z,New Mexico Lobos,-475,,20260926193526122038
NCAAF,americanfootball_ncaaf,9fe2a7b54748dc10ff57743cdd1b041c,2026-09-26T19:30:00Z,New Mexico State Aggies,New Mexico Lobos,betmgm,BetMGM,2026-09-26T19:34:43Z,h2h,2026-09-26T19:34:42Z,New Mexico State Aggies,375,,20260926193526122038
NCAAF,americanfootball_ncaaf,9fe2a7b54748dc10ff57743cdd1b041c,2026-09-26T19:30:00Z,New Mexico State Aggies,New Mexico Lobos,betmgm,BetMGM,2026-09-26T19:34:43Z,spreads,2026-09-26T19:34:42Z,New Mexico Lobos,-110,-11.0,20260926193526122038
NCAAF,americanfootball_ncaaf,9fe2a7b54748dc10ff57743cdd1b041c,2026-09-26T19:30:00Z,New Mexico State Aggies,New Mexico Lobos,betmgm,BetMGM,2026-09-26T19:34:43Z,spreads,2026-09-26T19:34:42Z,New Mexico State Aggies,-108,11.0,20260926193526122038
NCAAF,americanfootball_ncaaf,9fe2a7b54748dc10ff57743cdd1b041c,2026-09-26T19:30:00Z,New Mexico State Aggies,New Mexico Lobos,betmgm,BetMGM,2026-09-26T19:34:43Z,totals,2026-09-26T19:34:42Z,Over,-110,47.5,20260926193526122038
NCAAF,americanfootball_ncaaf,9fe2a7b54748dc10ff57743cdd1b041c,2026-09-26T19:30:00Z,New Mexico State Aggies,New Mexico Lobos,betmgm,BetMGM,2026-09-26T19:34:43Z,totals,2026-09-26T19:34:42Z,Under,-108,47.5,20260926193526122038
NCAAF,americanfootball_ncaaf,9fe2a7b54748dc10ff57743cdd1b041c,2026-09-26T19:30:00Z,New Mexico State Aggies,New Mexico Lobos,betus,BetUS,2026-09-26T19:35:13Z,h2h,2026-09-26T19:35:13Z,New Mexico Lobos,-450,,20260926193526122038
NCAAF,americanfootball_ncaaf,9fe2a7b54748dc10ff57743cdd1b041c,2026-09-26T19:30:00Z,New Mexico State Aggies,New Mexico Lobos,betus,BetUS,2026-09-26T19:35:13Z,h2h,2026-09-26T19:35:13Z,New Mexico State Aggies,355,,20260926193526122038
NCAAF,americanfootball_ncaaf,9fe2a7b54748dc10ff57743cdd1b041c,2026-09-26T19:30:00Z,New Mexico State Aggies,New Mexico Lobos,betus,BetUS,2026-09-26T19:35:13Z,spreads,2026-09-26T19:35:13Z,New Mexico Lobos,-110,-11.5,20260926193526122038
NCAAF,americanfootball_ncaaf,9fe2a7b54748dc10ff57743cdd1b041c,2026-09-26T19:30:00Z,New Mexico State Aggies,New Mexico Lobos,betus,BetUS,2026-09-26T19:35:13Z,spreads,2026-09-26T19:35:13Z,New Mexico State Aggies,-110,11.5,20260926193526122038
NCAAF,americanfootball_ncaaf,9fe2a7b54748dc10ff57743cdd1b041c,2026-09-26T19:30:00Z,New Mexico State Aggies,New Mexico Lobos,betus,BetUS,2026-09-26T19:35:13Z,totals,2026-09-26T19:35:13Z,Over,-110,48.0,20260926193526122038
NCAAF,americanfootball_ncaaf,9fe2a7b54748dc10ff57743cdd1b041c,2026-09-26T19:30:00Z,New Mexico State Aggies,New Mexico Lobos,betus,BetUS,2026-09-26T19:35:13Z,totals,2026-09-26T19:35:13Z,Under,-110,48.0,20260926193526122038
NCAAF,americanfootball_ncaaf,9fe2a7b54748dc10ff57743cdd1b041c,2026-09-26T19:30:00Z,New Mexico State Aggies,New Mexico Lobos,bovada,Bovada,2026-09-26T19:34:42Z,h2h,2026-09-26T19:34:42Z,New Mexico Lobos,-500,,20260926193526122038
NCAAF,americanfootball_ncaaf,9fe2a7b54748dc10ff57743cdd1b041c,2026-09-26T19:30:00Z,New Mexico State Aggies,New Mexico Lobos,bovada,Bovada,2026-09-26T19:34:42Z,h2h,2026-09-26T19:34:42Z,New Mexico State Aggies,360,,20260926193526122038
NCAAF,americanfootball_ncaaf,9fe2a7b54748dc10ff57743cdd1b041c,2026-09-26T19:30:00Z,New Mexico State Aggies,New Mexico Lobos,bovada,Bovada,2026-09-26T19:34:42Z,spreads,2026-09-26T19:34:42Z,New Mexico Lobos,-110,-11.5,20260926193526122038
NCAAF,americanfootball_ncaaf,9fe2a7b54748dc10ff57743cdd1b041c,2026-09-26T19:30:00Z,New Mexico State Aggies,New Mexico Lobos,bovada,Bovada,2026-09-26T19:34:42Z,spreads,2026-09-26T19:34:42Z,New Mexico State Aggies,-110,11.5,20260926193526122038
NCAAF,americanfootball_ncaaf,9fe2a7b54748dc10ff57743cdd1b041c,2026-09-26T19:30:00Z,New Mexico State Aggies,New Mexico Lobos,bovada,Bovada,2026-09-26T19:34:42Z,totals,2026-09-26T19:34:42Z,Over,-115,47.5,20260926193526122038
NCAAF,americanfootball_ncaaf,9fe2a7b54748dc10ff57743cdd1b041c,2026-09-26T19:30:00Z,New Mexico State Aggies,New Mexico Lobos,bovada,Bovada,2026-09-26T19:34:42Z,totals,2026-09-26T19:34:42Z,Under,-105,47.5,20260926193526122038
NCAAF,americanfootball_ncaaf,de2c67844370661f124fd07aef585366,2026-09-26T19:30:00Z,Ohio Bobcats,Stonehill Skyhawks,fanduel,FanDuel,2026-09-26T19:35:15Z,spreads,2026-09-26T19:35:15Z,Ohio Bobcats,-106,-34.5,20260926193526122038
NCAAF,americanfootball_ncaaf,de2c67844370661f124fd07aef585366,2026-09-26T19:30:00Z,Ohio Bobcats,Stonehill Skyhawks,fanduel,FanDuel,2026-09-26T19:35:15Z,spreads,2026-09-26T19:35:15Z,Stonehill Skyhawks,-122,34.5,20260926193526122038
NCAAF,americanfootball_ncaaf,de2c67844370661f124fd07aef585366,2026-09-26T19:30:00Z,Ohio Bobcats,Stonehill Skyhawks,fanduel,FanDuel,2026-09-26T19:35:15Z,totals,2026-09-26T19:35:15Z,Over,-118,53.5,20260926193526122038
NCAAF,americanfootball_ncaaf,de2c67844370661f124fd07aef585366,2026-09-26T19:30:00Z,Ohio Bobcats,Stonehill Skyhawks,fanduel,FanDuel,2026-09-26T19:35:15Z,totals,2026-09-26T19:35:15Z,Under,-112,53.5,20260926193526122038
NCAAF,americanfootball_ncaaf,de2c67844370661f124fd07aef585366,2026-09-26T19:30:00Z,Ohio Bobcats,Stonehill Skyhawks,draftkings,DraftKings,2026-09-26T19:34:04Z,spreads,2026-09-26T19:34:04Z,Ohio Bobcats,-122,-37.5,20260926193526122038
NCAAF,americanfootball_ncaaf,de2c67844370661f124fd07aef585366,2026-09-26T19:30:00Z,Ohio Bobcats,Stonehill Skyhawks,draftkings,DraftKings,2026-09-26T19:34:04Z,spreads,2026-09-26T19:34:04Z,Stonehill Skyhawks,-109,37.5,20260926193526122038
NCAAF,americanfootball_ncaaf,de2c67844370661f124fd07aef585366,2026-09-26T19:30:00Z,Ohio Bobcats,Stonehill Skyhawks,draftkings,DraftKings,2026-09-26T19:34:04Z,totals,2026-09-26T19:34:04Z,Over,-107,58.5,20260926193526122038
NCAAF,americanfootball_ncaaf,de2c67844370661f124fd07aef585366,2026-09-26T19:30:00Z,Ohio Bobcats,Stonehill Skyhawks,draftkings,DraftKings,2026-09-26T19:34:04Z,totals,2026-09-26T19:34:04Z,Under,-124,58.5,20260926193526122038
NCAAF,americanfootball_ncaaf,de2c67844370661f124fd07aef585366,2026-09-26T19:30:00Z,Ohio Bobcats,Stonehill Skyhawks,lowvig,LowVig.ag,2026-09-26T19:29:51Z,spreads,2026-09-26T19:29:51Z,Ohio Bobcats,-115,-32.0,20260926193526122038
NCAAF,americanfootball_ncaaf,de2c67844370661f124fd07aef585366,2026-09-26T19:30:00Z,Ohio Bobcats,Stonehill Skyhawks,lowvig,LowVig.ag,2026-09-26T19:29:51Z,spreads,2026-09-26T19:29:51Z,Stonehill Skyhawks,-105,32.0,20260926193526122038
NCAAF,americanfootball_ncaaf,de2c67844370661f124fd07aef585366,2026-09-26T19:30:00Z,Ohio Bobcats,Stonehill Skyhawks,lowvig,LowVig.ag,2026-09-26T19:29:51Z,totals,2026-09-26T19:29:51Z,Over,-110,53.5,20260926193526122038
NCAAF,americanfootball_ncaaf,de2c67844370661f124fd07aef585366,2026-09-26T19:30:00Z,Ohio Bobcats,Stonehill Skyhawks,lowvig,LowVig.ag,2026-09-26T19:29:51Z,totals,2026-09-26T19:29:51Z,Under,-110,53.5,20260926193526122038
NCAAF,americanfootball_ncaaf,de2c67844370661f124fd07aef585366,2026-09-26T19:30:00Z,Ohio Bobcats,Stonehill Skyhawks,betonlineag,BetOnline.ag,2026-09-26T19:30:23Z,spreads,2026-09-26T19:30:23Z,Ohio Bobcats,-115,-32.0,20260926193526122038
NCAAF,americanfootball_ncaaf,de2c67844370661f124fd07aef585366,2026-09-26T19:30:00Z,Ohio Bobcats,Stonehill Skyhawks,betonlineag,BetOnline.ag,2026-09-26T19:30:23Z,spreads,2026-09-26T19:30:23Z,Stonehill Skyhawks,-105,32.0,20260926193526122038
NCAAF,americanfootball_ncaaf,de2c67844370661f124fd07aef585366,2026-09-26T19:30:00Z,Ohio Bobcats,Stonehill Skyhawks,betonlineag,BetOnline.ag,2026-09-26T19:30:23Z,totals,2026-09-26T19:30:23Z,Over,-110,53.5,20260926193526122038
NCAAF,americanfootball_ncaaf,de2c67844370661f124fd07aef585366,2026-09-26T19:30:00Z,Ohio Bobcats,Stonehill Skyhawks,betonlineag,BetOnline.ag,2026-09-26T19:30:23Z,totals,2026-09-26T19:30:23Z,Under,-110,53.5,20260926193526122038
NCAAF,americanfootball_ncaaf,de2c67844370661f124fd07aef585366,2026-09-26T19:30:00Z,Ohio Bobcats,Stonehill Skyhawks,bovada,Bovada,2026-09-26T19:34:42Z,spreads,2026-09-26T19:34:42Z,Ohio Bobcats,-105,-35.5,20260926193526122038
NCAAF,americanfootball_ncaaf,de2c67844370661f124fd07aef585366,2026-09-26T19:30:00Z,Ohio Bobcats,Stonehill Skyhawks,bovada,Bovada,2026-09-26T19:34:42Z,spreads,2026-09-26T19:34:42Z,Stonehill Skyhawks,-125,35.5,20260926193526122038
NCAAF,americanfootball_ncaaf,de2c67844370661f124fd07aef585366,2026-09-26T19:30:00Z,Ohio Bobcats,Stonehill Skyhawks,bovada,Bovada,2026-09-26T19:34:42Z,totals,2026-09-26T19:34:42Z,Over,-115,55.5,20260926193526122038
NCAAF,americanfootball_ncaaf,de2c67844370661f124fd07aef585366,2026-09-26T19:30:00Z,Ohio Bobcats,Stonehill Skyhawks,bovada,Bovada,2026-09-26T19:34:42Z,totals,2026-09-26T19:34:42Z,Under,-115,55.5,20260926193526122038
NCAAF,americanfootball_ncaaf,de2c67844370661f124fd07aef585366,2026-09-26T19:30:00Z,Ohio Bobcats,Stonehill Skyhawks,betmgm,BetMGM,2026-09-26T19:34:43Z,spreads,2026-09-26T19:34:42Z,Ohio Bobcats,-120,-34.5,20260926193526122038
NCAAF,americanfootball_ncaaf,de2c67844370661f124fd07aef585366,2026-09-26T19:30:00Z,Ohio Bobcats,Stonehill Skyhawks,betmgm,BetMGM,2026-09-26T19:34:43Z,spreads,2026-09-26T19:34:42Z,Stonehill Skyhawks,-108,34.5,20260926193526122038
NCAAF,americanfootball_ncaaf,de2c67844370661f124fd07aef585366,2026-09-26T19:30:00Z,Ohio Bobcats,Stonehill Skyhawks,betmgm,BetMGM,2026-09-26T19:34:43Z,totals,2026-09-26T19:34:42Z,Over,-115,54.5,20260926193526122038
NCAAF,americanfootball_ncaaf,de2c67844370661f124fd07aef585366,2026-09-26T19:30:00Z,Ohio Bobcats,Stonehill Skyhawks,betmgm,BetMGM,2026-09-26T19:34:43Z,totals,2026-09-26T19:34:42Z,Under,-115,54.5,20260926193526122038
NCAAF,americanfootball_ncaaf,de2c67844370661f124fd07aef585366,2026-09-26T19:30:00Z,Ohio Bobcats,Stonehill Skyhawks,mybookieag,MyBookie.ag,2026-09-26T19:35:13Z,totals,2026-09-26T19:35:13Z,Over,-118,53.5,20260926193526122038
NCAAF,americanfootball_ncaaf,de2c67844370661f124fd07aef585366,2026-09-26T19:30:00Z,Ohio Bobcats,Stonehill Skyhawks,mybookieag,MyBookie.ag,2026-09-26T19:35:13Z,totals,2026-09-26T19:35:13Z,Under,-111,53.5,20260926193526122038
NCAAF,americanfootball_ncaaf,32171e03f5df71b5c9057bcba40030a7,2026-09-26T19:30:00Z,UCF Knights,TCU Horned Frogs,fanduel,FanDuel,2026-09-26T19:35:15Z,h2h,2026-09-26T19:35:15Z,TCU Horned Frogs,-162,,20260926193526122038
NCAAF,americanfootball_ncaaf,32171e03f5df71b5c9057bcba40030a7,2026-09-26T19:30:00Z,UCF Knights,TCU Horned Frogs,fanduel,FanDuel,2026-09-26T19:35:15Z,h2h,2026-09-26T19:35:15Z,UCF Knights,128,,20260926193526122038
NCAAF,americanfootball_ncaaf,32171e03f5df71b5c9057bcba40030a7,2026-09-26T19:30:00Z,UCF Knights,TCU Horned Frogs,fanduel,FanDuel,2026-09-26T19:35:15Z,spreads,2026-09-26T19:35:15Z,TCU Horned Frogs,-104,-3.5,20260926193526122038
NCAAF,americanfootball_ncaaf,32171e03f5df71b5c9057bcba40030a7,2026-09-26T19:30:00Z,UCF Knights,TCU Horned Frogs,fanduel,FanDuel,2026-09-26T19:35:15Z,spreads,2026-09-26T19:35:15Z,UCF Knights,-128,3.5,20260926193526122038
NCAAF,americanfootball_ncaaf,32171e03f5df71b5c9057bcba40030a7,2026-09-26T19:30:00Z,UCF Knights,TCU Horned Frogs,fanduel,FanDuel,2026-09-26T19:35:15Z,totals,2026-09-26T19:35:15Z,Over,-108,48.5,20260926193526122038
NCAAF,americanfootball_ncaaf,32171e03f5df71b5c9057bcba40030a7,2026-09-26T19:30:00Z,UCF Knights,TCU Horned Frogs,fanduel,FanDuel,2026-09-26T19:35:15Z,totals,2026-09-26T19:35:15Z,Under,-122,48.5,20260926193526122038
NCAAF,americanfootball_ncaaf,32171e03f5df71b5c9057bcba40030a7,2026-09-26T19:30:00Z,UCF Knights,TCU Horned Frogs,mybookieag,MyBookie.ag,2026-09-26T19:35:13Z,h2h,2026-09-26T19:35:13Z,TCU Horned Frogs,-167,,20260926193526122038
NCAAF,americanfootball_ncaaf,32171e03f5df71b5c9057bcba40030a7,2026-09-26T19:30:00Z,UCF Knights,TCU Horned Frogs,mybookieag,MyBookie.ag,2026-09-26T19:35:13Z,h2h,2026-09-26T19:35:13Z,UCF Knights,135,,20260926193526122038
NCAAF,americanfootball_ncaaf,32171e03f5df71b5c9057bcba40030a7,2026-09-26T19:30:00Z,UCF Knights,TCU Horned Frogs,mybookieag,MyBookie.ag,2026-09-26T19:35:13Z,spreads,2026-09-26T19:35:13Z,TCU Horned Frogs,-111,-3.5,20260926193526122038
NCAAF,americanfootball_ncaaf,32171e03f5df71b5c9057bcba40030a7,2026-09-26T19:30:00Z,UCF Knights,TCU Horned Frogs,mybookieag,MyBookie.ag,2026-09-26T19:35:13Z,spreads,2026-09-26T19:35:13Z,UCF Knights,-111,3.5,20260926193526122038
NCAAF,americanfootball_ncaaf,32171e03f5df71b5c9057bcba40030a7,2026-09-26T19:30:00Z,UCF Knights,TCU Horned Frogs,mybookieag,MyBookie.ag,2026-09-26T19:35:13Z,totals,2026-09-26T19:35:13Z,Over,-111,48.5,20260926193526122038
NCAAF,americanfootball_ncaaf,32171e03f5df71b5c9057bcba40030a7,2026-09-26T19:30:00Z,UCF Knights,TCU Horned Frogs,mybookieag,MyBookie.ag,2026-09-26T19:35:13Z,totals,2026-09-26T19:35:13Z,Under,-118,48.5,20260926193526122038
NCAAF,americanfootball_ncaaf,32171e03f5df71b5c9057bcba40030a7,2026-09-26T19:30:00Z,UCF Knights,TCU Horned Frogs,betrivers,BetRivers,2026-09-26T19:27:50Z,h2h,2026-09-26T19:27:50Z,TCU Horned Frogs,-175,,20260926193526122038
NCAAF,americanfootball_ncaaf,32171e03f5df71b5c9057bcba40030a7,2026-09-26T19:30:00Z,UCF Knights,TCU Horned Frogs,betrivers,BetRivers,2026-09-26T19:27:50Z,h2h,2026-09-26T19:27:50Z,UCF Knights,138,,20260926193526122038
NCAAF,americanfootball_ncaaf,32171e03f5df71b5c9057bcba40030a7,2026-09-26T19:30:00Z,UCF Knights,TCU Horned Frogs,betrivers,BetRivers,2026-09-26T19:27:50Z,spreads,2026-09-26T19:27:50Z,TCU Horned Frogs,-109,-3.5,20260926193526122038
NCAAF,americanfootball_ncaaf,32171e03f5df71b5c9057bcba40030a7,2026-09-26T19:30:00Z,UCF Knights,TCU Horned Frogs,betrivers,BetRivers,2026-09-26T19:27:50Z,spreads,2026-09-26T19:27:50Z,UCF Knights,-113,3.5,20260926193526122038
NCAAF,americanfootball_ncaaf,32171e03f5df71b5c9057bcba40030a7,2026-09-26T19:30:00Z,UCF Knights,TCU Horned Frogs,betrivers,BetRivers,2026-09-26T19:27:50Z,totals,2026-09-26T19:27:50Z,Over,-110,48.5,20260926193526122038
NCAAF,americanfootball_ncaaf,32171e03f5df71b5c9057bcba40030a7,2026-09-26T19:30:00Z,UCF Knights,TCU Horned Frogs,betrivers,BetRivers,2026-09-26T19:27:50Z,totals,2026-09-26T19:27:50Z,Under,-113,48.5,20260926193526122038
NCAAF,americanfootball_ncaaf,32171e03f5df71b5c9057bcba40030a7,2026-09-26T19:30:00Z,UCF Knights,TCU Horned Frogs,draftkings,DraftKings,2026-09-26T19:34:04Z,h2h,2026-09-26T19:34:04Z,TCU Horned Frogs,-170,,20260926193526122038
NCAAF,americanfootball_ncaaf,32171e03f5df71b5c9057bcba40030a7,2026-09-26T19:30:00Z,UCF Knights,TCU Horned Frogs,draftkings,DraftKings,2026-09-26T19:34:04Z,h2h,2026-09-26T19:34:04Z,UCF Knights,142,,20260926193526122038
NCAAF,americanfootball_ncaaf,32171e03f5df71b5c9057bcba40030a7,2026-09-26T19:30:00Z,UCF Knights,TCU Horned Frogs,draftkings,DraftKings,2026-09-26T19:34:04Z,spreads,2026-09-26T19:34:04Z,TCU Horned Frogs,-108,-3.5,20260926193526122038
NCAAF,americanfootball_ncaaf,32171e03f5df71b5c9057bcba40030a7,2026-09-26T19:30:00Z,UCF Knights,TCU Horned Frogs,draftkings,DraftKings,2026-09-26T19:34:04Z,spreads,2026-09-26T19:34:04Z,UCF Knights,-112,3.5,20260926193526122038
NCAAF,americanfootball_ncaaf,32171e03f5df71b5c9057bcba40030a7,2026-09-26T19:30:00Z,UCF Knights,TCU Horned Frogs,draftkings,DraftKings,2026-09-26T19:34:04Z,totals,2026-09-26T19:34:04Z,Over,-105,48.5,20260926193526122038
NCAAF,americanfootball_ncaaf,32171e03f5df71b5c9057bcba40030a7,2026-09-26T19:30:00Z,UCF Knights,TCU Horned Frogs,draftkings,DraftKings,2026-09-26T19:34:04Z,totals,2026-09-26T19:34:04Z,Under,-115,48.5,20260926193526122038
NCAAF,americanfootball_ncaaf,32171e03f5df71b5c9057bcba40030a7,2026-09-26T19:30:00Z,UCF Knights,TCU Horned Frogs,betonlineag,BetOnline.ag,2026-09-26T19:30:23Z,h2h,2026-09-26T19:30:23Z,TCU Horned Frogs,-170,,20260926193526122038
NCAAF,americanfootball_ncaaf,32171e03f5df71b5c9057bcba40030a7,2026-09-26T19:30:00Z,UCF Knights,TCU Horned Frogs,betonlineag,BetOnline.ag,2026-09-26T19:30:23Z,h2h,2026-09-26T19:30:23Z,UCF Knights,149,,20260926193526122038
NCAAF,americanfootball_ncaaf,32171e03f5df71b5c9057bcba40030a7,2026-09-26T19:30:00Z,UCF Knights,TCU Horned Frogs,betonlineag,BetOnline.ag,2026-09-26T19:30:23Z,spreads,2026-09-26T19:30:23Z,TCU Horned Frogs,-110,-3.5,20260926193526122038
NCAAF,americanfootball_ncaaf,32171e03f5df71b5c9057bcba40030a7,2026-09-26T19:30:00Z,UCF Knights,TCU Horned Frogs,betonlineag,BetOnline.ag,2026-09-26T19:30:23Z,spreads,2026-09-26T19:30:23Z,UCF Knights,-110,3.5,20260926193526122038
NCAAF,americanfootball_ncaaf,32171e03f5df71b5c9057bcba40030a7,2026-09-26T19:30:00Z,UCF Knights,TCU Horned Frogs,betonlineag,BetOnline.ag,2026-09-26T19:30:23Z,totals,2026-09-26T19:30:23Z,Over,-112,48.0,20260926193526122038
NCAAF,americanfootball_ncaaf,32171e03f5df71b5c9057bcba40030a7,2026-09-26T19:30:00Z,UCF Knights,TCU Horned Frogs,betonlineag,BetOnline.ag,2026-09-26T19:30:23Z,totals,2026-09-26T19:30:23Z,Under,-108,48.0,20260926193526122038
NCAAF,americanfootball_ncaaf,32171e03f5df71b5c9057bcba40030a7,2026-09-26T19:30:00Z,UCF Knights,TCU Horned Frogs,lowvig,LowVig.ag,2026-09-26T19:29:51Z,h2h,2026-09-26T19:29:51Z,TCU Horned Frogs,-170,,20260926193526122038
NCAAF,americanfootball_ncaaf,32171e03f5df71b5c9057bcba40030a7,2026-09-26T19:30:00Z,UCF Knights,TCU Horned Frogs,lowvig,LowVig.ag,2026-09-26T19:29:51Z,h2h,2026-09-26T19:29:51Z,UCF Knights,149,,20260926193526122038
NCAAF,americanfootball_ncaaf,32171e03f5df71b5c9057bcba40030a7,2026-09-26T19:30:00Z,UCF Knights,TCU Horned Frogs,lowvig,LowVig.ag,2026-09-26T19:29:51Z,spreads,2026-09-26T19:29:51Z,TCU Horned Frogs,-106,-3.5,20260926193526122038
NCAAF,americanfootball_ncaaf,32171e03f5df71b5c9057bcba40030a7,2026-09-26T19:30:00Z,UCF Knights,TCU Horned Frogs,lowvig,LowVig.ag,2026-09-26T19:29:51Z,spreads,2026-09-26T19:29:51Z,UCF Knights,-106,3.5,20260926193526122038
NCAAF,americanfootball_ncaaf,32171e03f5df71b5c9057bcba40030a7,2026-09-26T19:30:00Z,UCF Knights,TCU Horned Frogs,lowvig,LowVig.ag,2026-09-26T19:29:51Z,totals,2026-09-26T19:29:51Z,Over,-110,48.0,20260926193526122038
NCAAF,americanfootball_ncaaf,32171e03f5df71b5c9057bcba40030a7,2026-09-26T19:30:00Z,UCF Knights,TCU Horned Frogs,lowvig,LowVig.ag,2026-09-26T19:29:51Z,totals,2026-09-26T19:29:51Z,Under,-106,48.0,20260926193526122038
NCAAF,americanfootball_ncaaf,32171e03f5df71b5c9057bcba40030a7,2026-09-26T19:30:00Z,UCF Knights,TCU Horned Frogs,betus,BetUS,2026-09-26T19:35:13Z,h2h,2026-09-26T19:35:12Z,TCU Horned Frogs,-170,,20260926193526122038
NCAAF,americanfootball_ncaaf,32171e03f5df71b5c9057bcba40030a7,2026-09-26T19:30:00Z,UCF Knights,TCU Horned Frogs,betus,BetUS,2026-09-26T19:35:13Z,h2h,2026-09-26T19:35:12Z,UCF Knights,146,,20260926193526122038
NCAAF,americanfootball_ncaaf,32171e03f5df71b5c9057bcba40030a7,2026-09-26T19:30:00Z,UCF Knights,TCU Horned Frogs,betus,BetUS,2026-09-26T19:35:13Z,spreads,2026-09-26T19:35:12Z,TCU Horned Frogs,-110,-3.5,20260926193526122038
NCAAF,americanfootball_ncaaf,32171e03f5df71b5c9057bcba40030a7,2026-09-26T19:30:00Z,UCF Knights,TCU Horned Frogs,betus,BetUS,2026-09-26T19:35:13Z,spreads,2026-09-26T19:35:12Z,UCF Knights,-110,3.5,20260926193526122038
NCAAF,americanfootball_ncaaf,32171e03f5df71b5c9057bcba40030a7,2026-09-26T19:30:00Z,UCF Knights,TCU Horned Frogs,betus,BetUS,2026-09-26T19:35:13Z,totals,2026-09-26T19:35:12Z,Over,-110,48.0,20260926193526122038
NCAAF,americanfootball_ncaaf,32171e03f5df71b5c9057bcba40030a7,2026-09-26T19:30:00Z,UCF Knights,TCU Horned Frogs,betus,BetUS,2026-09-26T19:35:13Z,totals,2026-09-26T19:35:12Z,Under,-110,48.0,20260926193526122038
NCAAF,americanfootball_ncaaf,32171e03f5df71b5c9057bcba40030a7,2026-09-26T19:30:00Z,UCF Knights,TCU Horned Frogs,betmgm,BetMGM,2026-09-26T19:34:43Z,h2h,2026-09-26T19:34:42Z,TCU Horned Frogs,-175,,20260926193526122038
NCAAF,americanfootball_ncaaf,32171e03f5df71b5c9057bcba40030a7,2026-09-26T19:30:00Z,UCF Knights,TCU Horned Frogs,betmgm,BetMGM,2026-09-26T19:34:43Z,h2h,2026-09-26T19:34:42Z,UCF Knights,150,,20260926193526122038
NCAAF,americanfootball_ncaaf,32171e03f5df71b5c9057bcba40030a7,2026-09-26T19:30:00Z,UCF Knights,TCU Horned Frogs,betmgm,BetMGM,2026-09-26T19:34:43Z,totals,2026-09-26T19:34:42Z,Over,-102,48.5,20260926193526122038
NCAAF,americanfootball_ncaaf,32171e03f5df71b5c9057bcba40030a7,2026-09-26T19:30:00Z,UCF Knights,TCU Horned Frogs,betmgm,BetMGM,2026-09-26T19:34:43Z,totals,2026-09-26T19:34:42Z,Under,-115,48.5,20260926193526122038
NCAAF,americanfootball_ncaaf,32171e03f5df71b5c9057bcba40030a7,2026-09-26T19:30:00Z,UCF Knights,TCU Horned Frogs,bovada,Bovada,2026-09-26T19:34:42Z,h2h,2026-09-26T19:34:42Z,TCU Horned Frogs,-175,,20260926193526122038
NCAAF,americanfootball_ncaaf,32171e03f5df71b5c9057bcba40030a7,2026-09-26T19:30:00Z,UCF Knights,TCU Horned Frogs,bovada,Bovada,2026-09-26T19:34:42Z,h2h,2026-09-26T19:34:42Z,UCF Knights,150,,20260926193526122038
NCAAF,americanfootball_ncaaf,32171e03f5df71b5c9057bcba40030a7,2026-09-26T19:30:00Z,UCF Knights,TCU Horned Frogs,bovada,Bovada,2026-09-26T19:34:42Z,spreads,2026-09-26T19:34:42Z,TCU Horned Frogs,-110,-3.5,20260926193526122038
NCAAF,americanfootball_ncaaf,32171e03f5df71b5c9057bcba40030a7,2026-09-26T19:30:00Z,UCF Knights,TCU Horned Frogs,bovada,Bovada,2026-09-26T19:34:42Z,spreads,2026-09-26T19:34:42Z,UCF Knights,-110,3.5,20260926193526122038
NCAAF,americanfootball_ncaaf,32171e03f5df71b5c9057bcba40030a7,2026-09-26T19:30:00Z,UCF Knights,TCU Horned Frogs,bovada,Bovada,2026-09-26T19:34:42Z,totals,2026-09-26T19:34:42Z,Over,-115,48.0,20260926193526122038
NCAAF,americanfootball_ncaaf,32171e03f5df71b5c9057bcba40030a7,2026-09-26T19:30:00Z,UCF Knights,TCU Horned Frogs,bovada,Bovada,2026-09-26T19:34:42Z,totals,2026-09-26T19:34:42Z,Under,-105,48.0,20260926193526122038
NCAAF,americanfootball_ncaaf,e7aa82b55e371e67938eb4c52562f155,2026-09-26T19:32:00Z,Duke Blue Devils,William and Mary Tribe,fanduel,FanDuel,2026-09-26T19:35:15Z,spreads,2026-09-26T19:35:15Z,Duke Blue Devils,-130,-41.5,20260926193526122038
NCAAF,americanfootball_ncaaf,e7aa82b55e371e67938eb4c52562f155,2026-09-26T19:32:00Z,Duke Blue Devils,William and Mary Tribe,fanduel,FanDuel,2026-09-26T19:35:15Z,spreads,2026-09-26T19:35:15Z,William and Mary Tribe,-102,41.5,20260926193526122038
NCAAF,americanfootball_ncaaf,e7aa82b55e371e67938eb4c52562f155,2026-09-26T19:32:00Z,Duke Blue Devils,William and Mary Tribe,fanduel,FanDuel,2026-09-26T19:35:15Z,totals,2026-09-26T19:35:15Z,Over,-118,58.5,20260926193526122038
NCAAF,americanfootball_ncaaf,e7aa82b55e371e67938eb4c52562f155,2026-09-26T19:32:00Z,Duke Blue Devils,William and Mary Tribe,fanduel,FanDuel,2026-09-26T19:35:15Z,totals,2026-09-26T19:35:15Z,Under,-112,58.5,20260926193526122038
NCAAF,americanfootball_ncaaf,e7aa82b55e371e67938eb4c52562f155,2026-09-26T19:32:00Z,Duke Blue Devils,William and Mary Tribe,betrivers,BetRivers,2026-09-26T19:27:50Z,spreads,2026-09-26T19:27:50Z,Duke Blue Devils,-113,-43.0,20260926193526122038
NCAAF,americanfootball_ncaaf,e7aa82b55e371e67938eb4c52562f155,2026-09-26T19:32:00Z,Duke Blue Devils,William and Mary Tribe,betrivers,BetRivers,2026-09-26T19:27:50Z,spreads,2026-09-26T19:27:50Z,William and Mary Tribe,-110,43.0,20260926193526122038
NCAAF,americanfootball_ncaaf,e7aa82b55e371e67938eb4c52562f155,2026-09-26T19:32:00Z,Duke Blue Devils,William and Mary Tribe,betrivers,BetRivers,2026-09-26T19:27:50Z,totals,2026-09-26T19:27:50Z,Over,-110,62.0,20260926193526122038
NCAAF,americanfootball_ncaaf,e7aa82b55e371e67938eb4c52562f155,2026-09-26T19:32:00Z,Duke Blue Devils,William and Mary Tribe,betrivers,BetRivers,2026-09-26T19:27:50Z,totals,2026-09-26T19:27:50Z,Under,-113,62.0,20260926193526122038
NCAAF,americanfootball_ncaaf,e7aa82b55e371e67938eb4c52562f155,2026-09-26T19:32:00Z,Duke Blue Devils,William and Mary Tribe,draftkings,DraftKings,2026-09-26T19:34:04Z,spreads,2026-09-26T19:34:04Z,Duke Blue Devils,-114,-44.5,20260926193526122038
NCAAF,americanfootball_ncaaf,e7aa82b55e371e67938eb4c52562f155,2026-09-26T19:32:00Z,Duke Blue Devils,William and Mary Tribe,draftkings,DraftKings,2026-09-26T19:34:04Z,spreads,2026-09-26T19:34:04Z,William and Mary Tribe,-116,44.5,20260926193526122038
NCAAF,americanfootball_ncaaf,e7aa82b55e371e67938eb4c52562f155,2026-09-26T19:32:00Z,Duke Blue Devils,William and Mary Tribe,draftkings,DraftKings,2026-09-26T19:34:04Z,totals,2026-09-26T19:34:04Z,Over,-106,62.5,20260926193526122038
NCAAF,americanfootball_ncaaf,e7aa82b55e371e67938eb4c52562f155,2026-09-26T19:32:00Z,Duke Blue Devils,William and Mary Tribe,draftkings,DraftKings,2026-09-26T19:34:04Z,totals,2026-09-26T19:34:04Z,Under,-125,62.5,20260926193526122038
NCAAF,americanfootball_ncaaf,e7aa82b55e371e67938eb4c52562f155,2026-09-26T19:32:00Z,Duke Blue Devils,William and Mary Tribe,lowvig,LowVig.ag,2026-09-26T19:29:51Z,spreads,2026-09-26T19:29:51Z,Duke Blue Devils,-105,-43.5,20260926193526122038
NCAAF,americanfootball_ncaaf,e7aa82b55e371e67938eb4c52562f155,2026-09-26T19:32:00Z,Duke Blue Devils,William and Mary Tribe,lowvig,LowVig.ag,2026-09-26T19:29:51Z,spreads,2026-09-26T19:29:51Z,William and Mary Tribe,-115,43.5,20260926193526122038
NCAAF,americanfootball_ncaaf,e7aa82b55e371e67938eb4c52562f155,2026-09-26T19:32:00Z,Duke Blue Devils,William and Mary Tribe,lowvig,LowVig.ag,2026-09-26T19:29:51Z,totals,2026-09-26T19:29:51Z,Over,-110,61.5,20260926193526122038
NCAAF,americanfootball_ncaaf,e7aa82b55e371e67938eb4c52562f155,2026-09-26T19:32:00Z,Duke Blue Devils,William and Mary Tribe,lowvig,LowVig.ag,2026-09-26T19:29:51Z,totals,2026-09-26T19:29:51Z,Under,-110,61.5,20260926193526122038
NCAAF,americanfootball_ncaaf,e7aa82b55e371e67938eb4c52562f155,2026-09-26T19:32:00Z,Duke Blue Devils,William and Mary Tribe,betonlineag,BetOnline.ag,2026-09-26T19:30:23Z,spreads,2026-09-26T19:30:23Z,Duke Blue Devils,-105,-43.5,20260926193526122038
NCAAF,americanfootball_ncaaf,e7aa82b55e371e67938eb4c52562f155,2026-09-26T19:32:00Z,Duke Blue Devils,William and Mary Tribe,betonlineag,BetOnline.ag,2026-09-26T19:30:23Z,spreads,2026-09-26T19:30:23Z,William and Mary Tribe,-115,43.5,20260926193526122038
NCAAF,americanfootball_ncaaf,e7aa82b55e371e67938eb4c52562f155,2026-09-26T19:32:00Z,Duke Blue Devils,William and Mary Tribe,betonlineag,BetOnline.ag,2026-09-26T19:30:23Z,totals,2026-09-26T19:30:23Z,Over,-110,61.5,20260926193526122038
NCAAF,americanfootball_ncaaf,e7aa82b55e371e67938eb4c52562f155,2026-09-26T19:32:00Z,Duke Blue Devils,William and Mary Tribe,betonlineag,BetOnline.ag,2026-09-26T19:30:23Z,totals,2026-09-26T19:30:23Z,Under,-110,61.5,20260926193526122038
NCAAF,americanfootball_ncaaf,e7aa82b55e371e67938eb4c52562f155,2026-09-26T19:32:00Z,Duke Blue Devils,William and Mary Tribe,bovada,Bovada,2026-09-26T19:34:42Z,spreads,2026-09-26T19:34:42Z,Duke Blue Devils,-115,-43.5,20260926193526122038
NCAAF,americanfootball_ncaaf,e7aa82b55e371e67938eb4c52562f155,2026-09-26T19:32:00Z,Duke Blue Devils,William and Mary Tribe,bovada,Bovada,2026-09-26T19:34:42Z,spreads,2026-09-26T19:34:42Z,William and Mary Tribe,-115,43.5,20260926193526122038
NCAAF,americanfootball_ncaaf,e7aa82b55e371e67938eb4c52562f155,2026-09-26T19:32:00Z,Duke Blue Devils,William and Mary Tribe,bovada,Bovada,2026-09-26T19:34:42Z,totals,2026-09-26T19:34:42Z,Over,-120,61.5,20260926193526122038
NCAAF,americanfootball_ncaaf,e7aa82b55e371e67938eb4c52562f155,2026-09-26T19:32:00Z,Duke Blue Devils,William and Mary Tribe,bovada,Bovada,2026-09-26T19:34:42Z,totals,2026-09-26T19:34:42Z,Under,-110,61.5,20260926193526122038
NCAAF,americanfootball_ncaaf,e7aa82b55e371e67938eb4c52562f155,2026-09-26T19:32:00Z,Duke Blue Devils,William and Mary Tribe,betmgm,BetMGM,2026-09-26T19:34:43Z,spreads,2026-09-26T19:34:42Z,Duke Blue Devils,100,-42.5,20260926193526122038
NCAAF,americanfootball_ncaaf,e7aa82b55e371e67938eb4c52562f155,2026-09-26T19:32:00Z,Duke Blue Devils,William and Mary Tribe,betmgm,BetMGM,2026-09-26T19:34:43Z,spreads,2026-09-26T19:34:42Z,William and Mary Tribe,-120,42.5,20260926193526122038
NCAAF,americanfootball_ncaaf,e7aa82b55e371e67938eb4c52562f155,2026-09-26T19:32:00Z,Duke Blue Devils,William and Mary Tribe,betmgm,BetMGM,2026-09-26T19:34:43Z,totals,2026-09-26T19:34:42Z,Over,-112,59.5,20260926193526122038
NCAAF,americanfootball_ncaaf,e7aa82b55e371e67938eb4c52562f155,2026-09-26T19:32:00Z,Duke Blue Devils,William and Mary Tribe,betmgm,BetMGM,2026-09-26T19:34:43Z,totals,2026-09-26T19:34:42Z,Under,-115,59.5,20260926193526122038
NCAAF,americanfootball_ncaaf,b77eb4a9bc3086105491e736c1458112,2026-09-26T19:35:00Z,Miami (OH) RedHawks,UConn Huskies,fanduel,FanDuel,2026-09-26T19:35:15Z,h2h,2026-09-26T19:35:15Z,Miami (OH) RedHawks,-148,,20260926193526122038
NCAAF,americanfootball_ncaaf,b77eb4a9bc3086105491e736c1458112,2026-09-26T19:35:00Z,Miami (OH) RedHawks,UConn Huskies,fanduel,FanDuel,2026-09-26T19:35:15Z,h2h,2026-09-26T19:35:15Z,UConn Huskies,116,,20260926193526122038
NCAAF,americanfootball_ncaaf,b77eb4a9bc3086105491e736c1458112,2026-09-26T19:35:00Z,Miami (OH) RedHawks,UConn Huskies,fanduel,FanDuel,2026-09-26T19:35:15Z,spreads,2026-09-26T19:35:15Z,Miami (OH) RedHawks,-125,-2.5,20260926193526122038
NCAAF,americanfootball_ncaaf,b77eb4a9bc3086105491e736c1458112,2026-09-26T19:35:00Z,Miami (OH) RedHawks,UConn Huskies,fanduel,FanDuel,2026-09-26T19:35:15Z,spreads,2026-09-26T19:35:15Z,UConn Huskies,-106,2.5,20260926193526122038
NCAAF,americanfootball_ncaaf,b77eb4a9bc3086105491e736c1458112,2026-09-26T19:35:00Z,Miami (OH) RedHawks,UConn Huskies,fanduel,FanDuel,2026-09-26T19:35:15Z,totals,2026-09-26T19:35:15Z,Over,100,52.5,20260926193526122038
NCAAF,americanfootball_ncaaf,b77eb4a9bc3086105491e736c1458112,2026-09-26T19:35:00Z,Miami (OH) RedHawks,UConn Huskies,fanduel,FanDuel,2026-09-26T19:35:15Z,totals,2026-09-26T19:35:15Z,Under,-132,52.5,20260926193526122038
NCAAF,americanfootball_ncaaf,b77eb4a9bc3086105491e736c1458112,2026-09-26T19:35:00Z,Miami (OH) RedHawks,UConn Huskies,mybookieag,MyBookie.ag,2026-09-26T19:35:13Z,h2h,2026-09-26T19:35:13Z,Miami (OH) RedHawks,-133,,20260926193526122038
NCAAF,americanfootball_ncaaf,b77eb4a9bc3086105491e736c1458112,2026-09-26T19:35:00Z,Miami (OH) RedHawks,UConn Huskies,mybookieag,MyBookie.ag,2026-09-26T19:35:13Z,h2h,2026-09-26T19:35:13Z,UConn Huskies,110,,20260926193526122038
NCAAF,americanfootball_ncaaf,b77eb4a9bc3086105491e736c1458112,2026-09-26T19:35:00Z,Miami (OH) RedHawks,UConn Huskies,mybookieag,MyBookie.ag,2026-09-26T19:35:13Z,spreads,2026-09-26T19:35:13Z,Miami (OH) RedHawks,-111,-2.5,20260926193526122038
NCAAF,americanfootball_ncaaf,b77eb4a9bc3086105491e736c1458112,2026-09-26T19:35:00Z,Miami (OH) RedHawks,UConn Huskies,mybookieag,MyBookie.ag,2026-09-26T19:35:13Z,spreads,2026-09-26T19:35:13Z,UConn Huskies,-111,2.5,20260926193526122038
NCAAF,americanfootball_ncaaf,b77eb4a9bc3086105491e736c1458112,2026-09-26T19:35:00Z,Miami (OH) RedHawks,UConn Huskies,mybookieag,MyBookie.ag,2026-09-26T19:35:13Z,totals,2026-09-26T19:35:13Z,Over,-118,52.5,20260926193526122038
NCAAF,americanfootball_ncaaf,b77eb4a9bc3086105491e736c1458112,2026-09-26T19:35:00Z,Miami (OH) RedHawks,UConn Huskies,mybookieag,MyBookie.ag,2026-09-26T19:35:13Z,totals,2026-09-26T19:35:13Z,Under,-111,52.5,20260926193526122038
NCAAF,americanfootball_ncaaf,b77eb4a9bc3086105491e736c1458112,2026-09-26T19:35:00Z,Miami (OH) RedHawks,UConn Huskies,draftkings,DraftKings,2026-09-26T19:34:04Z,h2h,2026-09-26T19:34:04Z,Miami (OH) RedHawks,-146,,20260926193526122038
NCAAF,americanfootball_ncaaf,b77eb4a9bc3086105491e736c1458112,2026-09-26T19:35:00Z,Miami (OH) RedHawks,UConn Huskies,draftkings,DraftKings,2026-09-26T19:34:04Z,h2h,2026-09-26T19:34:04Z,UConn Huskies,110,,20260926193526122038
NCAAF,americanfootball_ncaaf,b77eb4a9bc3086105491e736c1458112,2026-09-26T19:35:00Z,Miami (OH) RedHawks,UConn Huskies,draftkings,DraftKings,2026-09-26T19:34:04Z,spreads,2026-09-26T19:34:04Z,Miami (OH) RedHawks,-116,-2.5,20260926193526122038
NCAAF,americanfootball_ncaaf,b77eb4a9bc3086105491e736c1458112,2026-09-26T19:35:00Z,Miami (OH) RedHawks,UConn Huskies,draftkings,DraftKings,2026-09-26T19:34:04Z,spreads,2026-09-26T19:34:04Z,UConn Huskies,-115,2.5,20260926193526122038
NCAAF,americanfootball_ncaaf,b77eb4a9bc3086105491e736c1458112,2026-09-26T19:35:00Z,Miami (OH) RedHawks,UConn Huskies,draftkings,DraftKings,2026-09-26T19:34:04Z,totals,2026-09-26T19:34:04Z,Over,-114,52.5,20260926193526122038
NCAAF,americanfootball_ncaaf,b77eb4a9bc3086105491e736c1458112,2026-09-26T19:35:00Z,Miami (OH) RedHawks,UConn Huskies,draftkings,DraftKings,2026-09-26T19:34:04Z,totals,2026-09-26T19:34:04Z,Under,-116,52.5,20260926193526122038
NCAAF,americanfootball_ncaaf,b77eb4a9bc3086105491e736c1458112,2026-09-26T19:35:00Z,Miami (OH) RedHawks,UConn Huskies,betonlineag,BetOnline.ag,2026-09-26T19:30:58Z,h2h,2026-09-26T19:30:58Z,Miami (OH) RedHawks,-140,,20260926193526122038
NCAAF,americanfootball_ncaaf,b77eb4a9bc3086105491e736c1458112,2026-09-26T19:35:00Z,Miami (OH) RedHawks,UConn Huskies,betonlineag,BetOnline.ag,2026-09-26T19:30:58Z,h2h,2026-09-26T19:30:58Z,UConn Huskies,120,,20260926193526122038
NCAAF,americanfootball_ncaaf,b77eb4a9bc3086105491e736c1458112,2026-09-26T19:35:00Z,Miami (OH) RedHawks,UConn Huskies,betonlineag,BetOnline.ag,2026-09-26T19:30:58Z,spreads,2026-09-26T19:30:58Z,Miami (OH) RedHawks,-115,-2.5,20260926193526122038
NCAAF,americanfootball_ncaaf,b77eb4a9bc3086105491e736c1458112,2026-09-26T19:35:00Z,Miami (OH) RedHawks,UConn Huskies,betonlineag,BetOnline.ag,2026-09-26T19:30:58Z,spreads,2026-09-26T19:30:58Z,UConn Huskies,-105,2.5,20260926193526122038
NCAAF,americanfootball_ncaaf,b77eb4a9bc3086105491e736c1458112,2026-09-26T19:35:00Z,Miami (OH) RedHawks,UConn Huskies,betonlineag,BetOnline.ag,2026-09-26T19:30:58Z,totals,2026-09-26T19:30:58Z,Over,-110,52.5,20260926193526122038
NCAAF,americanfootball_ncaaf,b77eb4a9bc3086105491e736c1458112,2026-09-26T19:35:00Z,Miami (OH) RedHawks,UConn Huskies,betonlineag,BetOnline.ag,2026-09-26T19:30:58Z,totals,2026-09-26T19:30:58Z,Under,-110,52.5,20260926193526122038
NCAAF,americanfootball_ncaaf,b77eb4a9bc3086105491e736c1458112,2026-09-26T19:35:00Z,Miami (OH) RedHawks,UConn Huskies,lowvig,LowVig.ag,2026-09-26T19:30:58Z,h2h,2026-09-26T19:30:57Z,Miami (OH) RedHawks,-140,,20260926193526122038
NCAAF,americanfootball_ncaaf,b77eb4a9bc3086105491e736c1458112,2026-09-26T19:35:00Z,Miami (OH) RedHawks,UConn Huskies,lowvig,LowVig.ag,2026-09-26T19:30:58Z,h2h,2026-09-26T19:30:57Z,UConn Huskies,120,,20260926193526122038
NCAAF,americanfootball_ncaaf,b77eb4a9bc3086105491e736c1458112,2026-09-26T19:35:00Z,Miami (OH) RedHawks,UConn Huskies,lowvig,LowVig.ag,2026-09-26T19:30:58Z,spreads,2026-09-26T19:30:57Z,Miami (OH) RedHawks,-111,-2.5,20260926193526122038
NCAAF,americanfootball_ncaaf,b77eb4a9bc3086105491e736c1458112,2026-09-26T19:35:00Z,Miami (OH) RedHawks,UConn Huskies,lowvig,LowVig.ag,2026-09-26T19:30:58Z,spreads,2026-09-26T19:30:57Z,UConn Huskies,-101,2.5,20260926193526122038
NCAAF,americanfootball_ncaaf,b77eb4a9bc3086105491e736c1458112,2026-09-26T19:35:00Z,Miami (OH) RedHawks,UConn Huskies,lowvig,LowVig.ag,2026-09-26T19:30:58Z,totals,2026-09-26T19:30:57Z,Over,-108,52.5,20260926193526122038
NCAAF,americanfootball_ncaaf,b77eb4a9bc3086105491e736c1458112,2026-09-26T19:35:00Z,Miami (OH) RedHawks,UConn Huskies,lowvig,LowVig.ag,2026-09-26T19:30:58Z,totals,2026-09-26T19:30:57Z,Under,-108,52.5,20260926193526122038
NCAAF,americanfootball_ncaaf,b77eb4a9bc3086105491e736c1458112,2026-09-26T19:35:00Z,Miami (OH) RedHawks,UConn Huskies,betmgm,BetMGM,2026-09-26T19:34:43Z,h2h,2026-09-26T19:34:42Z,Miami (OH) RedHawks,-125,,20260926193526122038
NCAAF,americanfootball_ncaaf,b77eb4a9bc3086105491e736c1458112,2026-09-26T19:35:00Z,Miami (OH) RedHawks,UConn Huskies,betmgm,BetMGM,2026-09-26T19:34:43Z,h2h,2026-09-26T19:34:42Z,UConn Huskies,105,,20260926193526122038
NCAAF,americanfootball_ncaaf,b77eb4a9bc3086105491e736c1458112,2026-09-26T19:35:00Z,Miami (OH) RedHawks,UConn Huskies,betmgm,BetMGM,2026-09-26T19:34:43Z,spreads,2026-09-26T19:34:42Z,Miami (OH) RedHawks,-108,-2.5,20260926193526122038
NCAAF,americanfootball_ncaaf,b77eb4a9bc3086105491e736c1458112,2026-09-26T19:35:00Z,Miami (OH) RedHawks,UConn Huskies,betmgm,BetMGM,2026-09-26T19:34:43Z,spreads,2026-09-26T19:34:42Z,UConn Huskies,-120,2.5,20260926193526122038
NCAAF,americanfootball_ncaaf,b77eb4a9bc3086105491e736c1458112,2026-09-26T19:35:00Z,Miami (OH) RedHawks,UConn Huskies,betmgm,BetMGM,2026-09-26T19:34:43Z,totals,2026-09-26T19:34:42Z,Over,-112,51.5,20260926193526122038
NCAAF,americanfootball_ncaaf,b77eb4a9bc3086105491e736c1458112,2026-09-26T19:35:00Z,Miami (OH) RedHawks,UConn Huskies,betmgm,BetMGM,2026-09-26T19:34:43Z,totals,2026-09-26T19:34:42Z,Under,-105,51.5,20260926193526122038
NCAAF,americanfootball_ncaaf,b77eb4a9bc3086105491e736c1458112,2026-09-26T19:35:00Z,Miami (OH) RedHawks,UConn Huskies,betus,BetUS,2026-09-26T19:35:13Z,h2h,2026-09-26T19:35:12Z,Miami (OH) RedHawks,-140,,20260926193526122038
NCAAF,americanfootball_ncaaf,b77eb4a9bc3086105491e736c1458112,2026-09-26T19:35:00Z,Miami (OH) RedHawks,UConn Huskies,betus,BetUS,2026-09-26T19:35:13Z,h2h,2026-09-26T19:35:12Z,UConn Huskies,120,,20260926193526122038
NCAAF,americanfootball_ncaaf,b77eb4a9bc3086105491e736c1458112,2026-09-26T19:35:00Z,Miami (OH) RedHawks,UConn Huskies,betus,BetUS,2026-09-26T19:35:13Z,spreads,2026-09-26T19:35:12Z,Miami (OH) RedHawks,-115,-2.5,20260926193526122038
NCAAF,americanfootball_ncaaf,b77eb4a9bc3086105491e736c1458112,2026-09-26T19:35:00Z,Miami (OH) RedHawks,UConn Huskies,betus,BetUS,2026-09-26T19:35:13Z,spreads,2026-09-26T19:35:12Z,UConn Huskies,-105,2.5,20260926193526122038
NCAAF,americanfootball_ncaaf,b77eb4a9bc3086105491e736c1458112,2026-09-26T19:35:00Z,Miami (OH) RedHawks,UConn Huskies,betus,BetUS,2026-09-26T19:35:13Z,totals,2026-09-26T19:35:12Z,Over,-110,52.5,20260926193526122038
NCAAF,americanfootball_ncaaf,b77eb4a9bc3086105491e736c1458112,2026-09-26T19:35:00Z,Miami (OH) RedHawks,UConn Huskies,betus,BetUS,2026-09-26T19:35:13Z,totals,2026-09-26T19:35:12Z,Under,-110,52.5,20260926193526122038
NCAAF,americanfootball_ncaaf,b77eb4a9bc3086105491e736c1458112,2026-09-26T19:35:00Z,Miami (OH) RedHawks,UConn Huskies,bovada,Bovada,2026-09-26T19:34:42Z,h2h,2026-09-26T19:34:42Z,Miami (OH) RedHawks,-125,,20260926193526122038
NCAAF,americanfootball_ncaaf,b77eb4a9bc3086105491e736c1458112,2026-09-26T19:35:00Z,Miami (OH) RedHawks,UConn Huskies,bovada,Bovada,2026-09-26T19:34:42Z,h2h,2026-09-26T19:34:42Z,UConn Huskies,-105,,20260926193526122038
NCAAF,americanfootball_ncaaf,b77eb4a9bc3086105491e736c1458112,2026-09-26T19:35:00Z,Miami (OH) RedHawks,UConn Huskies,bovada,Bovada,2026-09-26T19:34:42Z,spreads,2026-09-26T19:34:42Z,Miami (OH) RedHawks,-110,-1.5,20260926193526122038
NCAAF,americanfootball_ncaaf,b77eb4a9bc3086105491e736c1458112,2026-09-26T19:35:00Z,Miami (OH) RedHawks,UConn Huskies,bovada,Bovada,2026-09-26T19:34:42Z,spreads,2026-09-26T19:34:42Z,UConn Huskies,-120,1.5,20260926193526122038
NCAAF,americanfootball_ncaaf,b77eb4a9bc3086105491e736c1458112,2026-09-26T19:35:00Z,Miami (OH) RedHawks,UConn Huskies,bovada,Bovada,2026-09-26T19:34:42Z,totals,2026-09-26T19:34:42Z,Over,-115,52.5,20260926193526122038
NCAAF,americanfootball_ncaaf,b77eb4a9bc3086105491e736c1458112,2026-09-26T19:35:00Z,Miami (OH) RedHawks,UConn Huskies,bovada,Bovada,2026-09-26T19:34:42Z,totals,2026-09-26T19:34:42Z,Under,-115,52.5,20260926193526122038
NCAAF,americanfootball_ncaaf,3848eaee7484034f3604aed922649c4e,2026-09-26T19:40:00Z,Georgia Bulldogs,Oklahoma Sooners,draftkings,DraftKings,2026-09-26T19:34:04Z,h2h,2026-09-26T19:34:04Z,Georgia Bulldogs,-520,,20260926193526122038
NCAAF,americanfootball_ncaaf,3848eaee7484034f3604aed922649c4e,2026-09-26T19:40:00Z,Georgia Bulldogs,Oklahoma Sooners,draftkings,DraftKings,2026-09-26T19:34:04Z,h2h,2026-09-26T19:34:04Z,Oklahoma Sooners,390,,20260926193526122038
NCAAF,americanfootball_ncaaf,3848eaee7484034f3604aed922649c4e,2026-09-26T19:40:00Z,Georgia Bulldogs,Oklahoma Sooners,draftkings,DraftKings,2026-09-26T19:34:04Z,spreads,2026-09-26T19:34:04Z,Georgia Bulldogs,-108,-11.5,20260926193526122038
NCAAF,americanfootball_ncaaf,3848eaee7484034f3604aed922649c4e,2026-09-26T19:40:00Z,Georgia Bulldogs,Oklahoma Sooners,draftkings,DraftKings,2026-09-26T19:34:04Z,spreads,2026-09-26T19:34:04Z,Oklahoma Sooners,-112,11.5,20260926193526122038
NCAAF,americanfootball_ncaaf,3848eaee7484034f3604aed922649c4e,2026-09-26T19:40:00Z,Georgia Bulldogs,Oklahoma Sooners,draftkings,DraftKings,2026-09-26T19:34:04Z,totals,2026-09-26T19:34:04Z,Over,-118,43.5,20260926193526122038
NCAAF,americanfootball_ncaaf,3848eaee7484034f3604aed922649c4e,2026-09-26T19:40:00Z,Georgia Bulldogs,Oklahoma Sooners,draftkings,DraftKings,2026-09-26T19:34:04Z,totals,2026-09-26T19:34:04Z,Under,-102,43.5,20260926193526122038
NCAAF,americanfootball_ncaaf,3848eaee7484034f3604aed922649c4e,2026-09-26T19:40:00Z,Georgia Bulldogs,Oklahoma Sooners,mybookieag,MyBookie.ag,2026-09-26T19:35:13Z,h2h,2026-09-26T19:35:13Z,Georgia Bulldogs,-455,,20260926193526122038
NCAAF,americanfootball_ncaaf,3848eaee7484034f3604aed922649c4e,2026-09-26T19:40:00Z,Georgia Bulldogs,Oklahoma Sooners,mybookieag,MyBookie.ag,2026-09-26T19:35:13Z,h2h,2026-09-26T19:35:13Z,Oklahoma Sooners,345,,20260926193526122038
NCAAF,americanfootball_ncaaf,3848eaee7484034f3604aed922649c4e,2026-09-26T19:40:00Z,Georgia Bulldogs,Oklahoma Sooners,fanduel,FanDuel,2026-09-26T19:35:15Z,h2h,2026-09-26T19:35:15Z,Georgia Bulldogs,-530,,20260926193526122038
NCAAF,americanfootball_ncaaf,3848eaee7484034f3604aed922649c4e,2026-09-26T19:40:00Z,Georgia Bulldogs,Oklahoma Sooners,fanduel,FanDuel,2026-09-26T19:35:15Z,h2h,2026-09-26T19:35:15Z,Oklahoma Sooners,390,,20260926193526122038
NCAAF,americanfootball_ncaaf,3848eaee7484034f3604aed922649c4e,2026-09-26T19:40:00Z,Georgia Bulldogs,Oklahoma Sooners,fanduel,FanDuel,2026-09-26T19:35:15Z,spreads,2026-09-26T19:35:15Z,Georgia Bulldogs,-120,-11.5,20260926193526122038
NCAAF,americanfootball_ncaaf,3848eaee7484034f3604aed922649c4e,2026-09-26T19:40:00Z,Georgia Bulldogs,Oklahoma Sooners,fanduel,FanDuel,2026-09-26T19:35:15Z,spreads,2026-09-26T19:35:15Z,Oklahoma Sooners,-102,11.5,20260926193526122038
NCAAF,americanfootball_ncaaf,3848eaee7484034f3604aed922649c4e,2026-09-26T19:40:00Z,Georgia Bulldogs,Oklahoma Sooners,fanduel,FanDuel,2026-09-26T19:35:15Z,totals,2026-09-26T19:35:15Z,Over,-102,44.5,20260926193526122038
NCAAF,americanfootball_ncaaf,3848eaee7484034f3604aed922649c4e,2026-09-26T19:40:00Z,Georgia Bulldogs,Oklahoma Sooners,fanduel,FanDuel,2026-09-26T19:35:15Z,totals,2026-09-26T19:35:15Z,Under,-120,44.5,20260926193526122038
NCAAF,americanfootball_ncaaf,3848eaee7484034f3604aed922649c4e,2026-09-26T19:40:00Z,Georgia Bulldogs,Oklahoma Sooners,betrivers,BetRivers,2026-09-26T19:28:42Z,h2h,2026-09-26T19:28:41Z,Georgia Bulldogs,-560,,20260926193526122038
NCAAF,americanfootball_ncaaf,3848eaee7484034f3604aed922649c4e,2026-09-26T19:40:00Z,Georgia Bulldogs,Oklahoma Sooners,betrivers,BetRivers,2026-09-26T19:28:42Z,h2h,2026-09-26T19:28:41Z,Oklahoma Sooners,390,,20260926193526122038
NCAAF,americanfootball_ncaaf,3848eaee7484034f3604aed922649c4e,2026-09-26T19:40:00Z,Georgia Bulldogs,Oklahoma Sooners,betrivers,BetRivers,2026-09-26T19:28:42Z,spreads,2026-09-26T19:28:41Z,Georgia Bulldogs,-112,-12.5,20260926193526122038
NCAAF,americanfootball_ncaaf,3848eaee7484034f3604aed922649c4e,2026-09-26T19:40:00Z,Georgia Bulldogs,Oklahoma Sooners,betrivers,BetRivers,2026-09-26T19:28:42Z,spreads,2026-09-26T19:28:41Z,Oklahoma Sooners,-112,12.5,20260926193526122038
NCAAF,americanfootball_ncaaf,3848eaee7484034f3604aed922649c4e,2026-09-26T19:40:00Z,Georgia Bulldogs,Oklahoma Sooners,betrivers,BetRivers,2026-09-26T19:28:42Z,totals,2026-09-26T19:28:41Z,Over,-110,44.0,20260926193526122038
NCAAF,americanfootball_ncaaf,3848eaee7484034f3604aed922649c4e,2026-09-26T19:40:00Z,Georgia Bulldogs,Oklahoma Sooners,betrivers,BetRivers,2026-09-26T19:28:42Z,totals,2026-09-26T19:28:41Z,Under,-113,44.0,20260926193526122038
NCAAF,americanfootball_ncaaf,3848eaee7484034f3604aed922649c4e,2026-09-26T19:40:00Z,Georgia Bulldogs,Oklahoma Sooners,betmgm,BetMGM,2026-09-26T19:34:43Z,h2h,2026-09-26T19:34:42Z,Georgia Bulldogs,-500,,20260926193526122038
NCAAF,americanfootball_ncaaf,3848eaee7484034f3604aed922649c4e,2026-09-26T19:40:00Z,Georgia Bulldogs,Oklahoma Sooners,betmgm,BetMGM,2026-09-26T19:34:43Z,h2h,2026-09-26T19:34:42Z,Oklahoma Sooners,380,,20260926193526122038
NCAAF,americanfootball_ncaaf,3848eaee7484034f3604aed922649c4e,2026-09-26T19:40:00Z,Georgia Bulldogs,Oklahoma Sooners,betmgm,BetMGM,2026-09-26T19:34:43Z,spreads,2026-09-26T19:34:42Z,Georgia Bulldogs,-108,-11.5,20260926193526122038
NCAAF,americanfootball_ncaaf,3848eaee7484034f3604aed922649c4e,2026-09-26T19:40:00Z,Georgia Bulldogs,Oklahoma Sooners,betmgm,BetMGM,2026-09-26T19:34:43Z,spreads,2026-09-26T19:34:42Z,Oklahoma Sooners,-110,11.5,20260926193526122038
NCAAF,americanfootball_ncaaf,3848eaee7484034f3604aed922649c4e,2026-09-26T19:40:00Z,Georgia Bulldogs,Oklahoma Sooners,betmgm,BetMGM,2026-09-26T19:34:43Z,totals,2026-09-26T19:34:42Z,Over,-120,43.5,20260926193526122038
NCAAF,americanfootball_ncaaf,3848eaee7484034f3604aed922649c4e,2026-09-26T19:40:00Z,Georgia Bulldogs,Oklahoma Sooners,betmgm,BetMGM,2026-09-26T19:34:43Z,totals,2026-09-26T19:34:42Z,Under,-108,43.5,20260926193526122038
NCAAF,americanfootball_ncaaf,3848eaee7484034f3604aed922649c4e,2026-09-26T19:40:00Z,Georgia Bulldogs,Oklahoma Sooners,betonlineag,BetOnline.ag,2026-09-26T19:30:23Z,h2h,2026-09-26T19:30:23Z,Georgia Bulldogs,-455,,20260926193526122038
NCAAF,americanfootball_ncaaf,3848eaee7484034f3604aed922649c4e,2026-09-26T19:40:00Z,Georgia Bulldogs,Oklahoma Sooners,betonlineag,BetOnline.ag,2026-09-26T19:30:23Z,h2h,2026-09-26T19:30:23Z,Oklahoma Sooners,354,,20260926193526122038
NCAAF,americanfootball_ncaaf,3848eaee7484034f3604aed922649c4e,2026-09-26T19:40:00Z,Georgia Bulldogs,Oklahoma Sooners,betonlineag,BetOnline.ag,2026-09-26T19:30:23Z,spreads,2026-09-26T19:30:23Z,Georgia Bulldogs,-109,-10.5,20260926193526122038
NCAAF,americanfootball_ncaaf,3848eaee7484034f3604aed922649c4e,2026-09-26T19:40:00Z,Georgia Bulldogs,Oklahoma Sooners,betonlineag,BetOnline.ag,2026-09-26T19:30:23Z,spreads,2026-09-26T19:30:23Z,Oklahoma Sooners,-111,10.5,20260926193526122038
NCAAF,americanfootball_ncaaf,3848eaee7484034f3604aed922649c4e,2026-09-26T19:40:00Z,Georgia Bulldogs,Oklahoma Sooners,betonlineag,BetOnline.ag,2026-09-26T19:30:23Z,totals,2026-09-26T19:30:23Z,Over,-110,44.0,20260926193526122038
NCAAF,americanfootball_ncaaf,3848eaee7484034f3604aed922649c4e,2026-09-26T19:40:00Z,Georgia Bulldogs,Oklahoma Sooners,betonlineag,BetOnline.ag,2026-09-26T19:30:23Z,totals,2026-09-26T19:30:23Z,Under,-110,44.0,20260926193526122038
NCAAF,americanfootball_ncaaf,3848eaee7484034f3604aed922649c4e,2026-09-26T19:40:00Z,Georgia Bulldogs,Oklahoma Sooners,lowvig,LowVig.ag,2026-09-26T19:29:51Z,h2h,2026-09-26T19:29:51Z,Georgia Bulldogs,-455,,20260926193526122038
NCAAF,americanfootball_ncaaf,3848eaee7484034f3604aed922649c4e,2026-09-26T19:40:00Z,Georgia Bulldogs,Oklahoma Sooners,lowvig,LowVig.ag,2026-09-26T19:29:51Z,h2h,2026-09-26T19:29:51Z,Oklahoma Sooners,354,,20260926193526122038
NCAAF,americanfootball_ncaaf,3848eaee7484034f3604aed922649c4e,2026-09-26T19:40:00Z,Georgia Bulldogs,Oklahoma Sooners,lowvig,LowVig.ag,2026-09-26T19:29:51Z,spreads,2026-09-26T19:29:51Z,Georgia Bulldogs,-106,-10.5,20260926193526122038
NCAAF,americanfootball_ncaaf,3848eaee7484034f3604aed922649c4e,2026-09-26T19:40:00Z,Georgia Bulldogs,Oklahoma Sooners,lowvig,LowVig.ag,2026-09-26T19:29:51Z,spreads,2026-09-26T19:29:51Z,Oklahoma Sooners,-106,10.5,20260926193526122038
NCAAF,americanfootball_ncaaf,3848eaee7484034f3604aed922649c4e,2026-09-26T19:40:00Z,Georgia Bulldogs,Oklahoma Sooners,lowvig,LowVig.ag,2026-09-26T19:29:51Z,totals,2026-09-26T19:29:51Z,Over,-108,44.0,20260926193526122038
NCAAF,americanfootball_ncaaf,3848eaee7484034f3604aed922649c4e,2026-09-26T19:40:00Z,Georgia Bulldogs,Oklahoma Sooners,lowvig,LowVig.ag,2026-09-26T19:29:51Z,totals,2026-09-26T19:29:51Z,Under,-108,44.0,20260926193526122038
NCAAF,americanfootball_ncaaf,3848eaee7484034f3604aed922649c4e,2026-09-26T19:40:00Z,Georgia Bulldogs,Oklahoma Sooners,betus,BetUS,2026-09-26T19:35:13Z,h2h,2026-09-26T19:35:12Z,Georgia Bulldogs,-455,,20260926193526122038
NCAAF,americanfootball_ncaaf,3848eaee7484034f3604aed922649c4e,2026-09-26T19:40:00Z,Georgia Bulldogs,Oklahoma Sooners,betus,BetUS,2026-09-26T19:35:13Z,h2h,2026-09-26T19:35:12Z,Oklahoma Sooners,360,,20260926193526122038
NCAAF,americanfootball_ncaaf,3848eaee7484034f3604aed922649c4e,2026-09-26T19:40:00Z,Georgia Bulldogs,Oklahoma Sooners,betus,BetUS,2026-09-26T19:35:13Z,spreads,2026-09-26T19:35:12Z,Georgia Bulldogs,-110,-11.5,20260926193526122038
NCAAF,americanfootball_ncaaf,3848eaee7484034f3604aed922649c4e,2026-09-26T19:40:00Z,Georgia Bulldogs,Oklahoma Sooners,betus,BetUS,2026-09-26T19:35:13Z,spreads,2026-09-26T19:35:12Z,Oklahoma Sooners,-110,11.5,20260926193526122038
NCAAF,americanfootball_ncaaf,3848eaee7484034f3604aed922649c4e,2026-09-26T19:40:00Z,Georgia Bulldogs,Oklahoma Sooners,betus,BetUS,2026-09-26T19:35:13Z,totals,2026-09-26T19:35:12Z,Over,-110,44.0,20260926193526122038
NCAAF,americanfootball_ncaaf,3848eaee7484034f3604aed922649c4e,2026-09-26T19:40:00Z,Georgia Bulldogs,Oklahoma Sooners,betus,BetUS,2026-09-26T19:35:13Z,totals,2026-09-26T19:35:12Z,Under,-110,44.0,20260926193526122038
NCAAF,americanfootball_ncaaf,3848eaee7484034f3604aed922649c4e,2026-09-26T19:40:00Z,Georgia Bulldogs,Oklahoma Sooners,bovada,Bovada,2026-09-26T19:34:42Z,h2h,2026-09-26T19:34:42Z,Georgia Bulldogs,-525,,20260926193526122038
NCAAF,americanfootball_ncaaf,3848eaee7484034f3604aed922649c4e,2026-09-26T19:40:00Z,Georgia Bulldogs,Oklahoma Sooners,bovada,Bovada,2026-09-26T19:34:42Z,h2h,2026-09-26T19:34:42Z,Oklahoma Sooners,375,,20260926193526122038
NCAAF,americanfootball_ncaaf,3848eaee7484034f3604aed922649c4e,2026-09-26T19:40:00Z,Georgia Bulldogs,Oklahoma Sooners,bovada,Bovada,2026-09-26T19:34:42Z,spreads,2026-09-26T19:34:42Z,Georgia Bulldogs,-115,-11.5,20260926193526122038
NCAAF,americanfootball_ncaaf,3848eaee7484034f3604aed922649c4e,2026-09-26T19:40:00Z,Georgia Bulldogs,Oklahoma Sooners,bovada,Bovada,2026-09-26T19:34:42Z,spreads,2026-09-26T19:34:42Z,Oklahoma Sooners,-105,11.5,20260926193526122038
NCAAF,americanfootball_ncaaf,3848eaee7484034f3604aed922649c4e,2026-09-26T19:40:00Z,Georgia Bulldogs,Oklahoma Sooners,bovada,Bovada,2026-09-26T19:34:42Z,totals,2026-09-26T19:34:42Z,Over,-110,44.0,20260926193526122038
NCAAF,americanfootball_ncaaf,3848eaee7484034f3604aed922649c4e,2026-09-26T19:40:00Z,Georgia Bulldogs,Oklahoma Sooners,bovada,Bovada,2026-09-26T19:34:42Z,totals,2026-09-26T19:34:42Z,Under,-110,44.0,20260926193526122038
NCAAF,americanfootball_ncaaf,39a3d3075172036a2b3f7d47913779b8,2026-09-26T19:40:00Z,Michigan Wolverines,Iowa Hawkeyes,draftkings,DraftKings,2026-09-26T19:34:04Z,h2h,2026-09-26T19:34:04Z,Iowa Hawkeyes,170,,20260926193526122038
NCAAF,americanfootball_ncaaf,39a3d3075172036a2b3f7d47913779b8,2026-09-26T19:40:00Z,Michigan Wolverines,Iowa Hawkeyes,draftkings,DraftKings,2026-09-26T19:34:04Z,h2h,2026-09-26T19:34:04Z,Michigan Wolverines,-205,,20260926193526122038
NCAAF,americanfootball_ncaaf,39a3d3075172036a2b3f7d47913779b8,2026-09-26T19:40:00Z,Michigan Wolverines,Iowa Hawkeyes,draftkings,DraftKings,2026-09-26T19:34:04Z,spreads,2026-09-26T19:34:04Z,Iowa Hawkeyes,-105,4.5,20260926193526122038
NCAAF,americanfootball_ncaaf,39a3d3075172036a2b3f7d47913779b8,2026-09-26T19:40:00Z,Michigan Wolverines,Iowa Hawkeyes,draftkings,DraftKings,2026-09-26T19:34:04Z,spreads,2026-09-26T19:34:04Z,Michigan Wolverines,-115,-4.5,20260926193526122038
NCAAF,americanfootball_ncaaf,39a3d3075172036a2b3f7d47913779b8,2026-09-26T19:40:00Z,Michigan Wolverines,Iowa Hawkeyes,draftkings,DraftKings,2026-09-26T19:34:04Z,totals,2026-09-26T19:34:04Z,Over,-102,40.5,20260926193526122038
NCAAF,americanfootball_ncaaf,39a3d3075172036a2b3f7d47913779b8,2026-09-26T19:40:00Z,Michigan Wolverines,Iowa Hawkeyes,draftkings,DraftKings,2026-09-26T19:34:04Z,totals,2026-09-26T19:34:04Z,Under,-118,40.5,20260926193526122038
NCAAF,americanfootball_ncaaf,39a3d3075172036a2b3f7d47913779b8,2026-09-26T19:40:00Z,Michigan Wolverines,Iowa Hawkeyes,fanduel,FanDuel,2026-09-26T19:35:15Z,h2h,2026-09-26T19:35:15Z,Iowa Hawkeyes,162,,20260926193526122038
NCAAF,americanfootball_ncaaf,39a3d3075172036a2b3f7d47913779b8,2026-09-26T19:40:00Z,Michigan Wolverines,Iowa Hawkeyes,fanduel,FanDuel,2026-09-26T19:35:15Z,h2h,2026-09-26T19:35:15Z,Michigan Wolverines,-196,,20260926193526122038
NCAAF,americanfootball_ncaaf,39a3d3075172036a2b3f7d47913779b8,2026-09-26T19:40:00Z,Michigan Wolverines,Iowa Hawkeyes,fanduel,FanDuel,2026-09-26T19:35:15Z,spreads,2026-09-26T19:35:15Z,Iowa Hawkeyes,-112,5.5,20260926193526122038
NCAAF,americanfootball_ncaaf,39a3d3075172036a2b3f7d47913779b8,2026-09-26T19:40:00Z,Michigan Wolverines,Iowa Hawkeyes,fanduel,FanDuel,2026-09-26T19:35:15Z,spreads,2026-09-26T19:35:15Z,Michigan Wolverines,-108,-5.5,20260926193526122038
NCAAF,americanfootball_ncaaf,39a3d3075172036a2b3f7d47913779b8,2026-09-26T19:40:00Z,Michigan Wolverines,Iowa Hawkeyes,fanduel,FanDuel,2026-09-26T19:35:15Z,totals,2026-09-26T19:35:15Z,Over,-106,40.5,20260926193526122038
NCAAF,americanfootball_ncaaf,39a3d3075172036a2b3f7d47913779b8,2026-09-26T19:40:00Z,Michigan Wolverines,Iowa Hawkeyes,fanduel,FanDuel,2026-09-26T19:35:15Z,totals,2026-09-26T19:35:15Z,Under,-114,40.5,20260926193526122038
NCAAF,americanfootball_ncaaf,39a3d3075172036a2b3f7d47913779b8,2026-09-26T19:40:00Z,Michigan Wolverines,Iowa Hawkeyes,mybookieag,MyBookie.ag,2026-09-26T19:35:13Z,h2h,2026-09-26T19:35:13Z,Iowa Hawkeyes,160,,20260926193526122038
NCAAF,americanfootball_ncaaf,39a3d3075172036a2b3f7d47913779b8,2026-09-26T19:40:00Z,Michigan Wolverines,Iowa Hawkeyes,mybookieag,MyBookie.ag,2026-09-26T19:35:13Z,h2h,2026-09-26T19:35:13Z,Michigan Wolverines,-200,,20260926193526122038
NCAAF,americanfootball_ncaaf,39a3d3075172036a2b3f7d47913779b8,2026-09-26T19:40:00Z,Michigan Wolverines,Iowa Hawkeyes,mybookieag,MyBookie.ag,2026-09-26T19:35:13Z,spreads,2026-09-26T19:35:13Z,Iowa Hawkeyes,-111,4.5,20260926193526122038
NCAAF,americanfootball_ncaaf,39a3d3075172036a2b3f7d47913779b8,2026-09-26T19:40:00Z,Michigan Wolverines,Iowa Hawkeyes,mybookieag,MyBookie.ag,2026-09-26T19:35:13Z,spreads,2026-09-26T19:35:13Z,Michigan Wolverines,-118,-4.5,20260926193526122038
NCAAF,americanfootball_ncaaf,39a3d3075172036a2b3f7d47913779b8,2026-09-26T19:40:00Z,Michigan Wolverines,Iowa Hawkeyes,mybookieag,MyBookie.ag,2026-09-26T19:35:13Z,totals,2026-09-26T19:35:13Z,Over,-111,40.5,20260926193526122038
NCAAF,americanfootball_ncaaf,39a3d3075172036a2b3f7d47913779b8,2026-09-26T19:40:00Z,Michigan Wolverines,Iowa Hawkeyes,mybookieag,MyBookie.ag,2026-09-26T19:35:13Z,totals,2026-09-26T19:35:13Z,Under,-118,40.5,20260926193526122038
NCAAF,americanfootball_ncaaf,39a3d3075172036a2b3f7d47913779b8,2026-09-26T19:40:00Z,Michigan Wolverines,Iowa Hawkeyes,betrivers,BetRivers,2026-09-26T19:28:42Z,h2h,2026-09-26T19:28:41Z,Iowa Hawkeyes,170,,20260926193526122038
NCAAF,americanfootball_ncaaf,39a3d3075172036a2b3f7d47913779b8,2026-09-26T19:40:00Z,Michigan Wolverines,Iowa Hawkeyes,betrivers,BetRivers,2026-09-26T19:28:42Z,h2h,2026-09-26T19:28:41Z,Michigan Wolverines,-215,,20260926193526122038
NCAAF,americanfootball_ncaaf,39a3d3075172036a2b3f7d47913779b8,2026-09-26T19:40:00Z,Michigan Wolverines,Iowa Hawkeyes,betrivers,BetRivers,2026-09-26T19:28:42Z,spreads,2026-09-26T19:28:41Z,Iowa Hawkeyes,-112,5.5,20260926193526122038
NCAAF,americanfootball_ncaaf,39a3d3075172036a2b3f7d47913779b8,2026-09-26T19:40:00Z,Michigan Wolverines,Iowa Hawkeyes,betrivers,BetRivers,2026-09-26T19:28:42Z,spreads,2026-09-26T19:28:41Z,Michigan Wolverines,-112,-5.5,20260926193526122038
NCAAF,americanfootball_ncaaf,39a3d3075172036a2b3f7d47913779b8,2026-09-26T19:40:00Z,Michigan Wolverines,Iowa Hawkeyes,betrivers,BetRivers,2026-09-26T19:28:42Z,totals,2026-09-26T19:28:41Z,Over,-110,39.5,20260926193526122038
NCAAF,americanfootball_ncaaf,39a3d3075172036a2b3f7d47913779b8,2026-09-26T19:40:00Z,Michigan Wolverines,Iowa Hawkeyes,betrivers,BetRivers,2026-09-26T19:28:42Z,totals,2026-09-26T19:28:41Z,Under,-113,39.5,20260926193526122038
NCAAF,americanfootball_ncaaf,39a3d3075172036a2b3f7d47913779b8,2026-09-26T19:40:00Z,Michigan Wolverines,Iowa Hawkeyes,betonlineag,BetOnline.ag,2026-09-26T19:30:58Z,h2h,2026-09-26T19:30:58Z,Iowa Hawkeyes,174,,20260926193526122038
NCAAF,americanfootball_ncaaf,39a3d3075172036a2b3f7d47913779b8,2026-09-26T19:40:00Z,Michigan Wolverines,Iowa Hawkeyes,betonlineag,BetOnline.ag,2026-09-26T19:30:58Z,h2h,2026-09-26T19:30:58Z,Michigan Wolverines,-200,,20260926193526122038
NCAAF,americanfootball_ncaaf,39a3d3075172036a2b3f7d47913779b8,2026-09-26T19:40:00Z,Michigan Wolverines,Iowa Hawkeyes,betonlineag,BetOnline.ag,2026-09-26T19:30:58Z,spreads,2026-09-26T19:30:58Z,Iowa Hawkeyes,-112,5.0,20260926193526122038
NCAAF,americanfootball_ncaaf,39a3d3075172036a2b3f7d47913779b8,2026-09-26T19:40:00Z,Michigan Wolverines,Iowa Hawkeyes,betonlineag,BetOnline.ag,2026-09-26T19:30:58Z,spreads,2026-09-26T19:30:58Z,Michigan Wolverines,-108,-5.0,20260926193526122038
NCAAF,americanfootball_ncaaf,39a3d3075172036a2b3f7d47913779b8,2026-09-26T19:40:00Z,Michigan Wolverines,Iowa Hawkeyes,betonlineag,BetOnline.ag,2026-09-26T19:30:58Z,totals,2026-09-26T19:30:58Z,Over,-110,40.0,20260926193526122038
NCAAF,americanfootball_ncaaf,39a3d3075172036a2b3f7d47913779b8,2026-09-26T19:40:00Z,Michigan Wolverines,Iowa Hawkeyes,betonlineag,BetOnline.ag,2026-09-26T19:30:58Z,totals,2026-09-26T19:30:58Z,Under,-110,40.0,20260926193526122038
NCAAF,americanfootball_ncaaf,39a3d3075172036a2b3f7d47913779b8,2026-09-26T19:40:00Z,Michigan Wolverines,Iowa Hawkeyes,lowvig,LowVig.ag,2026-09-26T19:29:51Z,h2h,2026-09-26T19:29:51Z,Iowa Hawkeyes,174,,20260926193526122038
NCAAF,americanfootball_ncaaf,39a3d3075172036a2b3f7d47913779b8,2026-09-26T19:40:00Z,Michigan Wolverines,Iowa Hawkeyes,lowvig,LowVig.ag,2026-09-26T19:29:51Z,h2h,2026-09-26T19:29:51Z,Michigan Wolverines,-200,,20260926193526122038
NCAAF,americanfootball_ncaaf,39a3d3075172036a2b3f7d47913779b8,2026-09-26T19:40:00Z,Michigan Wolverines,Iowa Hawkeyes,lowvig,LowVig.ag,2026-09-26T19:29:51Z,spreads,2026-09-26T19:29:51Z,Iowa Hawkeyes,-108,5.0,20260926193526122038
NCAAF,americanfootball_ncaaf,39a3d3075172036a2b3f7d47913779b8,2026-09-26T19:40:00Z,Michigan Wolverines,Iowa Hawkeyes,lowvig,LowVig.ag,2026-09-26T19:29:51Z,spreads,2026-09-26T19:29:51Z,Michigan Wolverines,-104,-5.0,20260926193526122038
NCAAF,americanfootball_ncaaf,39a3d3075172036a2b3f7d47913779b8,2026-09-26T19:40:00Z,Michigan Wolverines,Iowa Hawkeyes,lowvig,LowVig.ag,2026-09-26T19:29:51Z,totals,2026-09-26T19:29:51Z,Over,-108,40.0,20260926193526122038
NCAAF,americanfootball_ncaaf,39a3d3075172036a2b3f7d47913779b8,2026-09-26T19:40:00Z,Michigan Wolverines,Iowa Hawkeyes,lowvig,LowVig.ag,2026-09-26T19:29:51Z,totals,2026-09-26T19:29:51Z,Under,-108,40.0,20260926193526122038
NCAAF,americanfootball_ncaaf,39a3d3075172036a2b3f7d47913779b8,2026-09-26T19:40:00Z,Michigan Wolverines,Iowa Hawkeyes,betmgm,BetMGM,2026-09-26T19:34:43Z,h2h,2026-09-26T19:34:42Z,Iowa Hawkeyes,170,,20260926193526122038
NCAAF,americanfootball_ncaaf,39a3d3075172036a2b3f7d47913779b8,2026-09-26T19:40:00Z,Michigan Wolverines,Iowa Hawkeyes,betmgm,BetMGM,2026-09-26T19:34:43Z,h2h,2026-09-26T19:34:42Z,Michigan Wolverines,-210,,20260926193526122038
NCAAF,americanfootball_ncaaf,39a3d3075172036a2b3f7d47913779b8,2026-09-26T19:40:00Z,Michigan Wolverines,Iowa Hawkeyes,betmgm,BetMGM,2026-09-26T19:34:43Z,spreads,2026-09-26T19:34:42Z,Iowa Hawkeyes,-108,4.5,20260926193526122038
NCAAF,americanfootball_ncaaf,39a3d3075172036a2b3f7d47913779b8,2026-09-26T19:40:00Z,Michigan Wolverines,Iowa Hawkeyes,betmgm,BetMGM,2026-09-26T19:34:43Z,spreads,2026-09-26T19:34:42Z,Michigan Wolverines,-110,-4.5,20260926193526122038
NCAAF,americanfootball_ncaaf,39a3d3075172036a2b3f7d47913779b8,2026-09-26T19:40:00Z,Michigan Wolverines,Iowa Hawkeyes,betmgm,BetMGM,2026-09-26T19:34:43Z,totals,2026-09-26T19:34:42Z,Over,-105,40.5,20260926193526122038
NCAAF,americanfootball_ncaaf,39a3d3075172036a2b3f7d47913779b8,2026-09-26T19:40:00Z,Michigan Wolverines,Iowa Hawkeyes,betmgm,BetMGM,2026-09-26T19:34:43Z,totals,2026-09-26T19:34:42Z,Under,-112,40.5,20260926193526122038
NCAAF,americanfootball_ncaaf,39a3d3075172036a2b3f7d47913779b8,2026-09-26T19:40:00Z,Michigan Wolverines,Iowa Hawkeyes,betus,BetUS,2026-09-26T19:35:13Z,h2h,2026-09-26T19:35:12Z,Iowa Hawkeyes,163,,20260926193526122038
NCAAF,americanfootball_ncaaf,39a3d3075172036a2b3f7d47913779b8,2026-09-26T19:40:00Z,Michigan Wolverines,Iowa Hawkeyes,betus,BetUS,2026-09-26T19:35:13Z,h2h,2026-09-26T19:35:12Z,Michigan Wolverines,-190,,20260926193526122038
NCAAF,americanfootball_ncaaf,39a3d3075172036a2b3f7d47913779b8,2026-09-26T19:40:00Z,Michigan Wolverines,Iowa Hawkeyes,betus,BetUS,2026-09-26T19:35:13Z,spreads,2026-09-26T19:35:12Z,Iowa Hawkeyes,-110,4.0,20260926193526122038
NCAAF,americanfootball_ncaaf,39a3d3075172036a2b3f7d47913779b8,2026-09-26T19:40:00Z,Michigan Wolverines,Iowa Hawkeyes,betus,BetUS,2026-09-26T19:35:13Z,spreads,2026-09-26T19:35:12Z,Michigan Wolverines,-110,-4.0,20260926193526122038
NCAAF,americanfootball_ncaaf,39a3d3075172036a2b3f7d47913779b8,2026-09-26T19:40:00Z,Michigan Wolverines,Iowa Hawkeyes,betus,BetUS,2026-09-26T19:35:13Z,totals,2026-09-26T19:35:12Z,Over,-110,40.0,20260926193526122038
NCAAF,americanfootball_ncaaf,39a3d3075172036a2b3f7d47913779b8,2026-09-26T19:40:00Z,Michigan Wolverines,Iowa Hawkeyes,betus,BetUS,2026-09-26T19:35:13Z,totals,2026-09-26T19:35:12Z,Under,-110,40.0,20260926193526122038
NCAAF,americanfootball_ncaaf,39a3d3075172036a2b3f7d47913779b8,2026-09-26T19:40:00Z,Michigan Wolverines,Iowa Hawkeyes,bovada,Bovada,2026-09-26T19:34:42Z,h2h,2026-09-26T19:34:42Z,Iowa Hawkeyes,175,,20260926193526122038
NCAAF,americanfootball_ncaaf,39a3d3075172036a2b3f7d47913779b8,2026-09-26T19:40:00Z,Michigan Wolverines,Iowa Hawkeyes,bovada,Bovada,2026-09-26T19:34:42Z,h2h,2026-09-26T19:34:42Z,Michigan Wolverines,-210,,20260926193526122038
NCAAF,americanfootball_ncaaf,39a3d3075172036a2b3f7d47913779b8,2026-09-26T19:40:00Z,Michigan Wolverines,Iowa Hawkeyes,bovada,Bovada,2026-09-26T19:34:42Z,spreads,2026-09-26T19:34:42Z,Iowa Hawkeyes,-110,4.5,20260926193526122038
NCAAF,americanfootball_ncaaf,39a3d3075172036a2b3f7d47913779b8,2026-09-26T19:40:00Z,Michigan Wolverines,Iowa Hawkeyes,bovada,Bovada,2026-09-26T19:34:42Z,spreads,2026-09-26T19:34:42Z,Michigan Wolverines,-110,-4.5,20260926193526122038
NCAAF,americanfootball_ncaaf,39a3d3075172036a2b3f7d47913779b8,2026-09-26T19:40:00Z,Michigan Wolverines,Iowa Hawkeyes,bovada,Bovada,2026-09-26T19:34:42Z,totals,2026-09-26T19:34:42Z,Over,-110,40.0,20260926193526122038
NCAAF,americanfootball_ncaaf,39a3d3075172036a2b3f7d47913779b8,2026-09-26T19:40:00Z,Michigan Wolverines,Iowa Hawkeyes,bovada,Bovada,2026-09-26T19:34:42Z,totals,2026-09-26T19:34:42Z,Under,-110,40.0,20260926193526122038
NCAAF,americanfootball_ncaaf,0dcea769daace0b6c76434589c639b11,2026-09-26T19:40:00Z,Iowa State Cyclones,Utah Utes,draftkings,DraftKings,2026-09-26T19:34:04Z,h2h,2026-09-26T19:34:04Z,Iowa State Cyclones,260,,20260926193526122038
NCAAF,americanfootball_ncaaf,0dcea769daace0b6c76434589c639b11,2026-09-26T19:40:00Z,Iowa State Cyclones,Utah Utes,draftkings,DraftKings,2026-09-26T19:34:04Z,h2h,2026-09-26T19:34:04Z,Utah Utes,-325,,20260926193526122038
NCAAF,americanfootball_ncaaf,0dcea769daace0b6c76434589c639b11,2026-09-26T19:40:00Z,Iowa State Cyclones,Utah Utes,draftkings,DraftKings,2026-09-26T19:34:04Z,spreads,2026-09-26T19:34:04Z,Iowa State Cyclones,-112,7.5,20260926193526122038
NCAAF,americanfootball_ncaaf,0dcea769daace0b6c76434589c639b11,2026-09-26T19:40:00Z,Iowa State Cyclones,Utah Utes,draftkings,DraftKings,2026-09-26T19:34:04Z,spreads,2026-09-26T19:34:04Z,Utah Utes,-108,-7.5,20260926193526122038
NCAAF,americanfootball_ncaaf,0dcea769daace0b6c76434589c639b11,2026-09-26T19:40:00Z,Iowa State Cyclones,Utah Utes,draftkings,DraftKings,2026-09-26T19:34:04Z,totals,2026-09-26T19:34:04Z,Over,-112,46.5,20260926193526122038
NCAAF,americanfootball_ncaaf,0dcea769daace0b6c76434589c639b11,2026-09-26T19:40:00Z,Iowa State Cyclones,Utah Utes,draftkings,DraftKings,2026-09-26T19:34:04Z,totals,2026-09-26T19:34:04Z,Under,-108,46.5,20260926193526122038
NCAAF,americanfootball_ncaaf,0dcea769daace0b6c76434589c639b11,2026-09-26T19:40:00Z,Iowa State Cyclones,Utah Utes,mybookieag,MyBookie.ag,2026-09-26T19:35:13Z,h2h,2026-09-26T19:35:13Z,Iowa State Cyclones,220,,20260926193526122038
NCAAF,americanfootball_ncaaf,0dcea769daace0b6c76434589c639b11,2026-09-26T19:40:00Z,Iowa State Cyclones,Utah Utes,mybookieag,MyBookie.ag,2026-09-26T19:35:13Z,h2h,2026-09-26T19:35:13Z,Utah Utes,-286,,20260926193526122038
NCAAF,americanfootball_ncaaf,0dcea769daace0b6c76434589c639b11,2026-09-26T19:40:00Z,Iowa State Cyclones,Utah Utes,mybookieag,MyBookie.ag,2026-09-26T19:35:13Z,spreads,2026-09-26T19:35:13Z,Iowa State Cyclones,-118,7.5,20260926193526122038
NCAAF,americanfootball_ncaaf,0dcea769daace0b6c76434589c639b11,2026-09-26T19:40:00Z,Iowa State Cyclones,Utah Utes,mybookieag,MyBookie.ag,2026-09-26T19:35:13Z,spreads,2026-09-26T19:35:13Z,Utah Utes,-111,-7.5,20260926193526122038
NCAAF,americanfootball_ncaaf,0dcea769daace0b6c76434589c639b11,2026-09-26T19:40:00Z,Iowa State Cyclones,Utah Utes,mybookieag,MyBookie.ag,2026-09-26T19:35:13Z,totals,2026-09-26T19:35:13Z,Over,-118,46.5,20260926193526122038
NCAAF,americanfootball_ncaaf,0dcea769daace0b6c76434589c639b11,2026-09-26T19:40:00Z,Iowa State Cyclones,Utah Utes,mybookieag,MyBookie.ag,2026-09-26T19:35:13Z,totals,2026-09-26T19:35:13Z,Under,-105,46.5,20260926193526122038
NCAAF,americanfootball_ncaaf,0dcea769daace0b6c76434589c639b11,2026-09-26T19:40:00Z,Iowa State Cyclones,Utah Utes,fanduel,FanDuel,2026-09-26T19:35:15Z,h2h,2026-09-26T19:35:15Z,Iowa State Cyclones,250,,20260926193526122038
NCAAF,americanfootball_ncaaf,0dcea769daace0b6c76434589c639b11,2026-09-26T19:40:00Z,Iowa State Cyclones,Utah Utes,fanduel,FanDuel,2026-09-26T19:35:15Z,h2h,2026-09-26T19:35:15Z,Utah Utes,-315,,20260926193526122038
NCAAF,americanfootball_ncaaf,0dcea769daace0b6c76434589c639b11,2026-09-26T19:40:00Z,Iowa State Cyclones,Utah Utes,fanduel,FanDuel,2026-09-26T19:35:15Z,spreads,2026-09-26T19:35:15Z,Iowa State Cyclones,-110,7.5,20260926193526122038
NCAAF,americanfootball_ncaaf,0dcea769daace0b6c76434589c639b11,2026-09-26T19:40:00Z,Iowa State Cyclones,Utah Utes,fanduel,FanDuel,2026-09-26T19:35:15Z,spreads,2026-09-26T19:35:15Z,Utah Utes,-110,-7.5,20260926193526122038
NCAAF,americanfootball_ncaaf,0dcea769daace0b6c76434589c639b11,2026-09-26T19:40:00Z,Iowa State Cyclones,Utah Utes,fanduel,FanDuel,2026-09-26T19:35:15Z,totals,2026-09-26T19:35:15Z,Over,-112,46.5,20260926193526122038
NCAAF,americanfootball_ncaaf,0dcea769daace0b6c76434589c639b11,2026-09-26T19:40:00Z,Iowa State Cyclones,Utah Utes,fanduel,FanDuel,2026-09-26T19:35:15Z,totals,2026-09-26T19:35:15Z,Under,-108,46.5,20260926193526122038
NCAAF,americanfootball_ncaaf,0dcea769daace0b6c76434589c639b11,2026-09-26T19:40:00Z,Iowa State Cyclones,Utah Utes,betrivers,BetRivers,2026-09-26T19:27:50Z,h2h,2026-09-26T19:27:50Z,Iowa State Cyclones,255,,20260926193526122038
NCAAF,americanfootball_ncaaf,0dcea769daace0b6c76434589c639b11,2026-09-26T19:40:00Z,Iowa State Cyclones,Utah Utes,betrivers,BetRivers,2026-09-26T19:27:50Z,h2h,2026-09-26T19:27:50Z,Utah Utes,-335,,20260926193526122038
NCAAF,americanfootball_ncaaf,0dcea769daace0b6c76434589c639b11,2026-09-26T19:40:00Z,Iowa State Cyclones,Utah Utes,betrivers,BetRivers,2026-09-26T19:27:50Z,spreads,2026-09-26T19:27:50Z,Iowa State Cyclones,-114,7.5,20260926193526122038
NCAAF,americanfootball_ncaaf,0dcea769daace0b6c76434589c639b11,2026-09-26T19:40:00Z,Iowa State Cyclones,Utah Utes,betrivers,BetRivers,2026-09-26T19:27:50Z,spreads,2026-09-26T19:27:50Z,Utah Utes,-109,-7.5,20260926193526122038
NCAAF,americanfootball_ncaaf,0dcea769daace0b6c76434589c639b11,2026-09-26T19:40:00Z,Iowa State Cyclones,Utah Utes,betrivers,BetRivers,2026-09-26T19:27:50Z,totals,2026-09-26T19:27:50Z,Over,-113,46.5,20260926193526122038
NCAAF,americanfootball_ncaaf,0dcea769daace0b6c76434589c639b11,2026-09-26T19:40:00Z,Iowa State Cyclones,Utah Utes,betrivers,BetRivers,2026-09-26T19:27:50Z,totals,2026-09-26T19:27:50Z,Under,-110,46.5,20260926193526122038
NCAAF,americanfootball_ncaaf,0dcea769daace0b6c76434589c639b11,2026-09-26T19:40:00Z,Iowa State Cyclones,Utah Utes,betonlineag,BetOnline.ag,2026-09-26T19:30:23Z,h2h,2026-09-26T19:30:23Z,Iowa State Cyclones,263,,20260926193526122038
NCAAF,americanfootball_ncaaf,0dcea769daace0b6c76434589c639b11,2026-09-26T19:40:00Z,Iowa State Cyclones,Utah Utes,betonlineag,BetOnline.ag,2026-09-26T19:30:23Z,h2h,2026-09-26T19:30:23Z,Utah Utes,-325,,20260926193526122038
NCAAF,americanfootball_ncaaf,0dcea769daace0b6c76434589c639b11,2026-09-26T19:40:00Z,Iowa State Cyclones,Utah Utes,betonlineag,BetOnline.ag,2026-09-26T19:30:23Z,spreads,2026-09-26T19:30:23Z,Iowa State Cyclones,-112,7.5,20260926193526122038
NCAAF,americanfootball_ncaaf,0dcea769daace0b6c76434589c639b11,2026-09-26T19:40:00Z,Iowa State Cyclones,Utah Utes,betonlineag,BetOnline.ag,2026-09-26T19:30:23Z,spreads,2026-09-26T19:30:23Z,Utah Utes,-108,-7.5,20260926193526122038
NCAAF,americanfootball_ncaaf,0dcea769daace0b6c76434589c639b11,2026-09-26T19:40:00Z,Iowa State Cyclones,Utah Utes,betonlineag,BetOnline.ag,2026-09-26T19:30:23Z,totals,2026-09-26T19:30:23Z,Over,-110,47.0,20260926193526122038
NCAAF,americanfootball_ncaaf,0dcea769daace0b6c76434589c639b11,2026-09-26T19:40:00Z,Iowa State Cyclones,Utah Utes,betonlineag,BetOnline.ag,2026-09-26T19:30:23Z,totals,2026-09-26T19:30:23Z,Under,-110,47.0,20260926193526122038
NCAAF,americanfootball_ncaaf,0dcea769daace0b6c76434589c639b11,2026-09-26T19:40:00Z,Iowa State Cyclones,Utah Utes,betus,BetUS,2026-09-26T19:35:13Z,h2h,2026-09-26T19:35:13Z,Iowa State Cyclones,265,,20260926193526122038
NCAAF,americanfootball_ncaaf,0dcea769daace0b6c76434589c639b11,2026-09-26T19:40:00Z,Iowa State Cyclones,Utah Utes,betus,BetUS,2026-09-26T19:35:13Z,h2h,2026-09-26T19:35:13Z,Utah Utes,-325,,20260926193526122038
NCAAF,americanfootball_ncaaf,0dcea769daace0b6c76434589c639b11,2026-09-26T19:40:00Z,Iowa State Cyclones,Utah Utes,betus,BetUS,2026-09-26T19:35:13Z,spreads,2026-09-26T19:35:13Z,Iowa State Cyclones,-115,7.5,20260926193526122038
NCAAF,americanfootball_ncaaf,0dcea769daace0b6c76434589c639b11,2026-09-26T19:40:00Z,Iowa State Cyclones,Utah Utes,betus,BetUS,2026-09-26T19:35:13Z,spreads,2026-09-26T19:35:13Z,Utah Utes,-105,-7.5,20260926193526122038
NCAAF,americanfootball_ncaaf,0dcea769daace0b6c76434589c639b11,2026-09-26T19:40:00Z,Iowa State Cyclones,Utah Utes,betus,BetUS,2026-09-26T19:35:13Z,totals,2026-09-26T19:35:13Z,Over,-110,47.0,20260926193526122038
NCAAF,americanfootball_ncaaf,0dcea769daace0b6c76434589c639b11,2026-09-26T19:40:00Z,Iowa State Cyclones,Utah Utes,betus,BetUS,2026-09-26T19:35:13Z,totals,2026-09-26T19:35:13Z,Under,-110,47.0,20260926193526122038
NCAAF,americanfootball_ncaaf,0dcea769daace0b6c76434589c639b11,2026-09-26T19:40:00Z,Iowa State Cyclones,Utah Utes,betmgm,BetMGM,2026-09-26T19:34:43Z,h2h,2026-09-26T19:34:42Z,Iowa State Cyclones,260,,20260926193526122038
NCAAF,americanfootball_ncaaf,0dcea769daace0b6c76434589c639b11,2026-09-26T19:40:00Z,Iowa State Cyclones,Utah Utes,betmgm,BetMGM,2026-09-26T19:34:43Z,h2h,2026-09-26T19:34:42Z,Utah Utes,-325,,20260926193526122038
NCAAF,americanfootball_ncaaf,0dcea769daace0b6c76434589c639b11,2026-09-26T19:40:00Z,Iowa State Cyclones,Utah Utes,betmgm,BetMGM,2026-09-26T19:34:43Z,spreads,2026-09-26T19:34:42Z,Iowa State Cyclones,-110,7.5,20260926193526122038
NCAAF,americanfootball_ncaaf,0dcea769daace0b6c76434589c639b11,2026-09-26T19:40:00Z,Iowa State Cyclones,Utah Utes,betmgm,BetMGM,2026-09-26T19:34:43Z,spreads,2026-09-26T19:34:42Z,Utah Utes,-108,-7.5,20260926193526122038
NCAAF,americanfootball_ncaaf,0dcea769daace0b6c76434589c639b11,2026-09-26T19:40:00Z,Iowa State Cyclones,Utah Utes,betmgm,BetMGM,2026-09-26T19:34:43Z,totals,2026-09-26T19:34:42Z,Over,-110,46.5,20260926193526122038
NCAAF,americanfootball_ncaaf,0dcea769daace0b6c76434589c639b11,2026-09-26T19:40:00Z,Iowa State Cyclones,Utah Utes,betmgm,BetMGM,2026-09-26T19:34:43Z,totals,2026-09-26T19:34:42Z,Under,-108,46.5,20260926193526122038
NCAAF,americanfootball_ncaaf,0dcea769daace0b6c76434589c639b11,2026-09-26T19:40:00Z,Iowa State Cyclones,Utah Utes,bovada,Bovada,2026-09-26T19:34:42Z,h2h,2026-09-26T19:34:42Z,Iowa State Cyclones,265,,20260926193526122038
NCAAF,americanfootball_ncaaf,0dcea769daace0b6c76434589c639b11,2026-09-26T19:40:00Z,Iowa State Cyclones,Utah Utes,bovada,Bovada,2026-09-26T19:34:42Z,h2h,2026-09-26T19:34:42Z,Utah Utes,-330,,20260926193526122038
NCAAF,americanfootball_ncaaf,0dcea769daace0b6c76434589c639b11,2026-09-26T19:40:00Z,Iowa State Cyclones,Utah Utes,bovada,Bovada,2026-09-26T19:34:42Z,spreads,2026-09-26T19:34:42Z,Iowa State Cyclones,-115,7.5,20260926193526122038
NCAAF,americanfootball_ncaaf,0dcea769daace0b6c76434589c639b11,2026-09-26T19:40:00Z,Iowa State Cyclones,Utah Utes,bovada,Bovada,2026-09-26T19:34:42Z,spreads,2026-09-26T19:34:42Z,Utah Utes,-105,-7.5,20260926193526122038
NCAAF,americanfootball_ncaaf,0dcea769daace0b6c76434589c639b11,2026-09-26T19:40:00Z,Iowa State Cyclones,Utah Utes,bovada,Bovada,2026-09-26T19:34:42Z,totals,2026-09-26T19:34:42Z,Over,-110,47.0,20260926193526122038
NCAAF,americanfootball_ncaaf,0dcea769daace0b6c76434589c639b11,2026-09-26T19:40:00Z,Iowa State Cyclones,Utah Utes,bovada,Bovada,2026-09-26T19:34:42Z,totals,2026-09-26T19:34:42Z,Under,-110,47.0,20260926193526122038
NCAAF,americanfootball_ncaaf,886538e98f0884df3d655d9d2d2ca567,2026-09-26T19:50:00Z,Florida Gators,Ole Miss Rebels,draftkings,DraftKings,2026-09-26T19:34:04Z,h2h,2026-09-26T19:34:04Z,Florida Gators,-175,,20260926193526122038
NCAAF,americanfootball_ncaaf,886538e98f0884df3d655d9d2d2ca567,2026-09-26T19:50:00Z,Florida Gators,Ole Miss Rebels,draftkings,DraftKings,2026-09-26T19:34:04Z,h2h,2026-09-26T19:34:04Z,Ole Miss Rebels,145,,20260926193526122038
NCAAF,americanfootball_ncaaf,886538e98f0884df3d655d9d2d2ca567,2026-09-26T19:50:00Z,Florida Gators,Ole Miss Rebels,draftkings,DraftKings,2026-09-26T19:34:04Z,spreads,2026-09-26T19:34:04Z,Florida Gators,-112,-4.0,20260926193526122038
NCAAF,americanfootball_ncaaf,886538e98f0884df3d655d9d2d2ca567,2026-09-26T19:50:00Z,Florida Gators,Ole Miss Rebels,draftkings,DraftKings,2026-09-26T19:34:04Z,spreads,2026-09-26T19:34:04Z,Ole Miss Rebels,-108,4.0,20260926193526122038
NCAAF,americanfootball_ncaaf,886538e98f0884df3d655d9d2d2ca567,2026-09-26T19:50:00Z,Florida Gators,Ole Miss Rebels,draftkings,DraftKings,2026-09-26T19:34:04Z,totals,2026-09-26T19:34:04Z,Over,-115,58.5,20260926193526122038
NCAAF,americanfootball_ncaaf,886538e98f0884df3d655d9d2d2ca567,2026-09-26T19:50:00Z,Florida Gators,Ole Miss Rebels,draftkings,DraftKings,2026-09-26T19:34:04Z,totals,2026-09-26T19:34:04Z,Under,-105,58.5,20260926193526122038
NCAAF,americanfootball_ncaaf,886538e98f0884df3d655d9d2d2ca567,2026-09-26T19:50:00Z,Florida Gators,Ole Miss Rebels,fanduel,FanDuel,2026-09-26T19:35:15Z,h2h,2026-09-26T19:35:15Z,Florida Gators,-188,,20260926193526122038
NCAAF,americanfootball_ncaaf,886538e98f0884df3d655d9d2d2ca567,2026-09-26T19:50:00Z,Florida Gators,Ole Miss Rebels,fanduel,FanDuel,2026-09-26T19:35:15Z,h2h,2026-09-26T19:35:15Z,Ole Miss Rebels,155,,20260926193526122038
NCAAF,americanfootball_ncaaf,886538e98f0884df3d655d9d2d2ca567,2026-09-26T19:50:00Z,Florida Gators,Ole Miss Rebels,fanduel,FanDuel,2026-09-26T19:35:15Z,spreads,2026-09-26T19:35:15Z,Florida Gators,-118,-3.5,20260926193526122038
NCAAF,americanfootball_ncaaf,886538e98f0884df3d655d9d2d2ca567,2026-09-26T19:50:00Z,Florida Gators,Ole Miss Rebels,fanduel,FanDuel,2026-09-26T19:35:15Z,spreads,2026-09-26T19:35:15Z,Ole Miss Rebels,-104,3.5,20260926193526122038
NCAAF,americanfootball_ncaaf,886538e98f0884df3d655d9d2d2ca567,2026-09-26T19:50:00Z,Florida Gators,Ole Miss Rebels,fanduel,FanDuel,2026-09-26T19:35:15Z,totals,2026-09-26T19:35:15Z,Over,-105,59.5,20260926193526122038
NCAAF,americanfootball_ncaaf,886538e98f0884df3d655d9d2d2ca567,2026-09-26T19:50:00Z,Florida Gators,Ole Miss Rebels,fanduel,FanDuel,2026-09-26T19:35:15Z,totals,2026-09-26T19:35:15Z,Under,-115,59.5,20260926193526122038
NCAAF,americanfootball_ncaaf,886538e98f0884df3d655d9d2d2ca567,2026-09-26T19:50:00Z,Florida Gators,Ole Miss Rebels,mybookieag,MyBookie.ag,2026-09-26T19:35:13Z,h2h,2026-09-26T19:35:13Z,Florida Gators,-167,,20260926193526122038
NCAAF,americanfootball_ncaaf,886538e98f0884df3d655d9d2d2ca567,2026-09-26T19:50:00Z,Florida Gators,Ole Miss Rebels,mybookieag,MyBookie.ag,2026-09-26T19:35:13Z,h2h,2026-09-26T19:35:13Z,Ole Miss Rebels,140,,20260926193526122038
NCAAF,americanfootball_ncaaf,886538e98f0884df3d655d9d2d2ca567,2026-09-26T19:50:00Z,Florida Gators,Ole Miss Rebels,mybookieag,MyBookie.ag,2026-09-26T19:35:13Z,spreads,2026-09-26T19:35:13Z,Florida Gators,-118,-3.5,20260926193526122038
NCAAF,americanfootball_ncaaf,886538e98f0884df3d655d9d2d2ca567,2026-09-26T19:50:00Z,Florida Gators,Ole Miss Rebels,mybookieag,MyBookie.ag,2026-09-26T19:35:13Z,spreads,2026-09-26T19:35:13Z,Ole Miss Rebels,-111,3.5,20260926193526122038
NCAAF,americanfootball_ncaaf,886538e98f0884df3d655d9d2d2ca567,2026-09-26T19:50:00Z,Florida Gators,Ole Miss Rebels,mybookieag,MyBookie.ag,2026-09-26T19:35:13Z,totals,2026-09-26T19:35:13Z,Over,-111,58.5,20260926193526122038
NCAAF,americanfootball_ncaaf,886538e98f0884df3d655d9d2d2ca567,2026-09-26T19:50:00Z,Florida Gators,Ole Miss Rebels,mybookieag,MyBookie.ag,2026-09-26T19:35:13Z,totals,2026-09-26T19:35:13Z,Under,-118,58.5,20260926193526122038
NCAAF,americanfootball_ncaaf,886538e98f0884df3d655d9d2d2ca567,2026-09-26T19:50:00Z,Florida Gators,Ole Miss Rebels,betmgm,BetMGM,2026-09-26T19:34:43Z,h2h,2026-09-26T19:34:42Z,Florida Gators,-190,,20260926193526122038
NCAAF,americanfootball_ncaaf,886538e98f0884df3d655d9d2d2ca567,2026-09-26T19:50:00Z,Florida Gators,Ole Miss Rebels,betmgm,BetMGM,2026-09-26T19:34:43Z,h2h,2026-09-26T19:34:42Z,Ole Miss Rebels,155,,20260926193526122038
NCAAF,americanfootball_ncaaf,886538e98f0884df3d655d9d2d2ca567,2026-09-26T19:50:00Z,Florida Gators,Ole Miss Rebels,betmgm,BetMGM,2026-09-26T19:34:43Z,spreads,2026-09-26T19:34:42Z,Florida Gators,-105,-4.0,20260926193526122038
NCAAF,americanfootball_ncaaf,886538e98f0884df3d655d9d2d2ca567,2026-09-26T19:50:00Z,Florida Gators,Ole Miss Rebels,betmgm,BetMGM,2026-09-26T19:34:43Z,spreads,2026-09-26T19:34:42Z,Ole Miss Rebels,-108,4.0,20260926193526122038
NCAAF,americanfootball_ncaaf,886538e98f0884df3d655d9d2d2ca567,2026-09-26T19:50:00Z,Florida Gators,Ole Miss Rebels,betmgm,BetMGM,2026-09-26T19:34:43Z,totals,2026-09-26T19:34:42Z,Over,-110,58.5,20260926193526122038
NCAAF,americanfootball_ncaaf,886538e98f0884df3d655d9d2d2ca567,2026-09-26T19:50:00Z,Florida Gators,Ole Miss Rebels,betmgm,BetMGM,2026-09-26T19:34:43Z,totals,2026-09-26T19:34:42Z,Under,-108,58.5,20260926193526122038
NCAAF,americanfootball_ncaaf,886538e98f0884df3d655d9d2d2ca567,2026-09-26T19:50:00Z,Florida Gators,Ole Miss Rebels,betrivers,BetRivers,2026-09-26T19:27:50Z,h2h,2026-09-26T19:27:50Z,Florida Gators,-200,,20260926193526122038
NCAAF,americanfootball_ncaaf,886538e98f0884df3d655d9d2d2ca567,2026-09-26T19:50:00Z,Florida Gators,Ole Miss Rebels,betrivers,BetRivers,2026-09-26T19:27:50Z,h2h,2026-09-26T19:27:50Z,Ole Miss Rebels,155,,20260926193526122038
NCAAF,americanfootball_ncaaf,886538e98f0884df3d655d9d2d2ca567,2026-09-26T19:50:00Z,Florida Gators,Ole Miss Rebels,betrivers,BetRivers,2026-09-26T19:27:50Z,spreads,2026-09-26T19:27:50Z,Florida Gators,-109,-4.0,20260926193526122038
NCAAF,americanfootball_ncaaf,886538e98f0884df3d655d9d2d2ca567,2026-09-26T19:50:00Z,Florida Gators,Ole Miss Rebels,betrivers,BetRivers,2026-09-26T19:27:50Z,spreads,2026-09-26T19:27:50Z,Ole Miss Rebels,-114,4.0,20260926193526122038
NCAAF,americanfootball_ncaaf,886538e98f0884df3d655d9d2d2ca567,2026-09-26T19:50:00Z,Florida Gators,Ole Miss Rebels,betrivers,BetRivers,2026-09-26T19:27:50Z,totals,2026-09-26T19:27:50Z,Over,-112,59.0,20260926193526122038
NCAAF,americanfootball_ncaaf,886538e98f0884df3d655d9d2d2ca567,2026-09-26T19:50:00Z,Florida Gators,Ole Miss Rebels,betrivers,BetRivers,2026-09-26T19:27:50Z,totals,2026-09-26T19:27:50Z,Under,-112,59.0,20260926193526122038
NCAAF,americanfootball_ncaaf,886538e98f0884df3d655d9d2d2ca567,2026-09-26T19:50:00Z,Florida Gators,Ole Miss Rebels,betonlineag,BetOnline.ag,2026-09-26T19:34:56Z,h2h,2026-09-26T19:34:54Z,Florida Gators,-180,,20260926193526122038
NCAAF,americanfootball_ncaaf,886538e98f0884df3d655d9d2d2ca567,2026-09-26T19:50:00Z,Florida Gators,Ole Miss Rebels,betonlineag,BetOnline.ag,2026-09-26T19:34:56Z,h2h,2026-09-26T19:34:54Z,Ole Miss Rebels,157,,20260926193526122038
NCAAF,americanfootball_ncaaf,886538e98f0884df3d655d9d2d2ca567,2026-09-26T19:50:00Z,Florida Gators,Ole Miss Rebels,betonlineag,BetOnline.ag,2026-09-26T19:34:56Z,spreads,2026-09-26T19:34:54Z,Florida Gators,-112,-3.5,20260926193526122038
NCAAF,americanfootball_ncaaf,886538e98f0884df3d655d9d2d2ca567,2026-09-26T19:50:00Z,Florida Gators,Ole Miss Rebels,betonlineag,BetOnline.ag,2026-09-26T19:34:56Z,spreads,2026-09-26T19:34:54Z,Ole Miss Rebels,-108,3.5,20260926193526122038
NCAAF,americanfootball_ncaaf,886538e98f0884df3d655d9d2d2ca567,2026-09-26T19:50:00Z,Florida Gators,Ole Miss Rebels,betonlineag,BetOnline.ag,2026-09-26T19:34:56Z,totals,2026-09-26T19:34:54Z,Over,-110,59.0,20260926193526122038
NCAAF,americanfootball_ncaaf,886538e98f0884df3d655d9d2d2ca567,2026-09-26T19:50:00Z,Florida Gators,Ole Miss Rebels,betonlineag,BetOnline.ag,2026-09-26T19:34:56Z,totals,2026-09-26T19:34:54Z,Under,-110,59.0,20260926193526122038
NCAAF,americanfootball_ncaaf,886538e98f0884df3d655d9d2d2ca567,2026-09-26T19:50:00Z,Florida Gators,Ole Miss Rebels,betus,BetUS,2026-09-26T19:35:13Z,h2h,2026-09-26T19:35:12Z,Florida Gators,-190,,20260926193526122038
NCAAF,americanfootball_ncaaf,886538e98f0884df3d655d9d2d2ca567,2026-09-26T19:50:00Z,Florida Gators,Ole Miss Rebels,betus,BetUS,2026-09-26T19:35:13Z,h2h,2026-09-26T19:35:12Z,Ole Miss Rebels,163,,20260926193526122038
NCAAF,americanfootball_ncaaf,886538e98f0884df3d655d9d2d2ca567,2026-09-26T19:50:00Z,Florida Gators,Ole Miss Rebels,betus,BetUS,2026-09-26T19:35:13Z,spreads,2026-09-26T19:35:12Z,Florida Gators,-110,-4.0,20260926193526122038
NCAAF,americanfootball_ncaaf,886538e98f0884df3d655d9d2d2ca567,2026-09-26T19:50:00Z,Florida Gators,Ole Miss Rebels,betus,BetUS,2026-09-26T19:35:13Z,spreads,2026-09-26T19:35:12Z,Ole Miss Rebels,-110,4.0,20260926193526122038
NCAAF,americanfootball_ncaaf,886538e98f0884df3d655d9d2d2ca567,2026-09-26T19:50:00Z,Florida Gators,Ole Miss Rebels,betus,BetUS,2026-09-26T19:35:13Z,totals,2026-09-26T19:35:12Z,Over,-110,59.5,20260926193526122038
NCAAF,americanfootball_ncaaf,886538e98f0884df3d655d9d2d2ca567,2026-09-26T19:50:00Z,Florida Gators,Ole Miss Rebels,betus,BetUS,2026-09-26T19:35:13Z,totals,2026-09-26T19:35:12Z,Under,-110,59.5,20260926193526122038
NCAAF,americanfootball_ncaaf,886538e98f0884df3d655d9d2d2ca567,2026-09-26T19:50:00Z,Florida Gators,Ole Miss Rebels,bovada,Bovada,2026-09-26T19:34:42Z,h2h,2026-09-26T19:34:42Z,Florida Gators,-180,,20260926193526122038
NCAAF,americanfootball_ncaaf,886538e98f0884df3d655d9d2d2ca567,2026-09-26T19:50:00Z,Florida Gators,Ole Miss Rebels,bovada,Bovada,2026-09-26T19:34:42Z,h2h,2026-09-26T19:34:42Z,Ole Miss Rebels,155,,20260926193526122038
NCAAF,americanfootball_ncaaf,886538e98f0884df3d655d9d2d2ca567,2026-09-26T19:50:00Z,Florida Gators,Ole Miss Rebels,bovada,Bovada,2026-09-26T19:34:42Z,spreads,2026-09-26T19:34:42Z,Florida Gators,-115,-4.0,20260926193526122038
NCAAF,americanfootball_ncaaf,886538e98f0884df3d655d9d2d2ca567,2026-09-26T19:50:00Z,Florida Gators,Ole Miss Rebels,bovada,Bovada,2026-09-26T19:34:42Z,spreads,2026-09-26T19:34:42Z,Ole Miss Rebels,-105,4.0,20260926193526122038
NCAAF,americanfootball_ncaaf,886538e98f0884df3d655d9d2d2ca567,2026-09-26T19:50:00Z,Florida Gators,Ole Miss Rebels,bovada,Bovada,2026-09-26T19:34:42Z,totals,2026-09-26T19:34:42Z,Over,-115,58.5,20260926193526122038
NCAAF,americanfootball_ncaaf,886538e98f0884df3d655d9d2d2ca567,2026-09-26T19:50:00Z,Florida Gators,Ole Miss Rebels,bovada,Bovada,2026-09-26T19:34:42Z,totals,2026-09-26T19:34:42Z,Under,-105,58.5,20260926193526122038
NCAAF,americanfootball_ncaaf,e3228af38572d15da53fab3ec97742a2,2026-09-26T20:00:00Z,East Carolina Pirates,North Carolina Central Eagles,fanduel,FanDuel,2026-09-26T19:35:15Z,h2h,2026-09-26T19:35:15Z,East Carolina Pirates,-10000,,20260926193526122038
NCAAF,americanfootball_ncaaf,e3228af38572d15da53fab3ec97742a2,2026-09-26T20:00:00Z,East Carolina Pirates,North Carolina Central Eagles,fanduel,FanDuel,2026-09-26T19:35:15Z,h2h,2026-09-26T19:35:15Z,North Carolina Central Eagles,2500,,20260926193526122038
NCAAF,americanfootball_ncaaf,e3228af38572d15da53fab3ec97742a2,2026-09-26T20:00:00Z,East Carolina Pirates,North Carolina Central Eagles,fanduel,FanDuel,2026-09-26T19:35:15Z,spreads,2026-09-26T19:35:15Z,East Carolina Pirates,-118,-37.5,20260926193526122038
NCAAF,americanfootball_ncaaf,e3228af38572d15da53fab3ec97742a2,2026-09-26T20:00:00Z,East Carolina Pirates,North Carolina Central Eagles,fanduel,FanDuel,2026-09-26T19:35:15Z,spreads,2026-09-26T19:35:15Z,North Carolina Central Eagles,-104,37.5,20260926193526122038
NCAAF,americanfootball_ncaaf,e3228af38572d15da53fab3ec97742a2,2026-09-26T20:00:00Z,East Carolina Pirates,North Carolina Central Eagles,fanduel,FanDuel,2026-09-26T19:35:15Z,totals,2026-09-26T19:35:15Z,Over,-106,58.5,20260926193526122038
NCAAF,americanfootball_ncaaf,e3228af38572d15da53fab3ec97742a2,2026-09-26T20:00:00Z,East Carolina Pirates,North Carolina Central Eagles,fanduel,FanDuel,2026-09-26T19:35:15Z,totals,2026-09-26T19:35:15Z,Under,-114,58.5,20260926193526122038
NCAAF,americanfootball_ncaaf,e3228af38572d15da53fab3ec97742a2,2026-09-26T20:00:00Z,East Carolina Pirates,North Carolina Central Eagles,betrivers,BetRivers,2026-09-26T19:34:38Z,spreads,2026-09-26T19:34:38Z,East Carolina Pirates,-115,-37.5,20260926193526122038
NCAAF,americanfootball_ncaaf,e3228af38572d15da53fab3ec97742a2,2026-09-26T20:00:00Z,East Carolina Pirates,North Carolina Central Eagles,betrivers,BetRivers,2026-09-26T19:34:38Z,spreads,2026-09-26T19:34:38Z,North Carolina Central Eagles,-107,37.5,20260926193526122038
NCAAF,americanfootball_ncaaf,e3228af38572d15da53fab3ec97742a2,2026-09-26T20:00:00Z,East Carolina Pirates,North Carolina Central Eagles,betrivers,BetRivers,2026-09-26T19:34:38Z,totals,2026-09-26T19:34:38Z,Over,-110,57.5,20260926193526122038
NCAAF,americanfootball_ncaaf,e3228af38572d15da53fab3ec97742a2,2026-09-26T20:00:00Z,East Carolina Pirates,North Carolina Central Eagles,betrivers,BetRivers,2026-09-26T19:34:38Z,totals,2026-09-26T19:34:38Z,Under,-112,57.5,20260926193526122038
NCAAF,americanfootball_ncaaf,e3228af38572d15da53fab3ec97742a2,2026-09-26T20:00:00Z,East Carolina Pirates,North Carolina Central Eagles,draftkings,DraftKings,2026-09-26T19:34:04Z,h2h,2026-09-26T19:34:04Z,East Carolina Pirates,-100000,,20260926193526122038
NCAAF,americanfootball_ncaaf,e3228af38572d15da53fab3ec97742a2,2026-09-26T20:00:00Z,East Carolina Pirates,North Carolina Central Eagles,draftkings,DraftKings,2026-09-26T19:34:04Z,h2h,2026-09-26T19:34:04Z,North Carolina Central Eagles,5000,,20260926193526122038
NCAAF,americanfootball_ncaaf,e3228af38572d15da53fab3ec97742a2,2026-09-26T20:00:00Z,East Carolina Pirates,North Carolina Central Eagles,draftkings,DraftKings,2026-09-26T19:34:04Z,spreads,2026-09-26T19:34:04Z,East Carolina Pirates,-110,-37.5,20260926193526122038
NCAAF,americanfootball_ncaaf,e3228af38572d15da53fab3ec97742a2,2026-09-26T20:00:00Z,East Carolina Pirates,North Carolina Central Eagles,draftkings,DraftKings,2026-09-26T19:34:04Z,spreads,2026-09-26T19:34:04Z,North Carolina Central Eagles,-110,37.5,20260926193526122038
NCAAF,americanfootball_ncaaf,e3228af38572d15da53fab3ec97742a2,2026-09-26T20:00:00Z,East Carolina Pirates,North Carolina Central Eagles,draftkings,DraftKings,2026-09-26T19:34:04Z,totals,2026-09-26T19:34:04Z,Over,-110,57.5,20260926193526122038
NCAAF,americanfootball_ncaaf,e3228af38572d15da53fab3ec97742a2,2026-09-26T20:00:00Z,East Carolina Pirates,North Carolina Central Eagles,draftkings,DraftKings,2026-09-26T19:34:04Z,totals,2026-09-26T19:34:04Z,Under,-110,57.5,20260926193526122038
NCAAF,americanfootball_ncaaf,e3228af38572d15da53fab3ec97742a2,2026-09-26T20:00:00Z,East Carolina Pirates,North Carolina Central Eagles,lowvig,LowVig.ag,2026-09-26T19:34:21Z,spreads,2026-09-26T19:34:21Z,East Carolina Pirates,-110,-37.5,20260926193526122038
NCAAF,americanfootball_ncaaf,e3228af38572d15da53fab3ec97742a2,2026-09-26T20:00:00Z,East Carolina Pirates,North Carolina Central Eagles,lowvig,LowVig.ag,2026-09-26T19:34:21Z,spreads,2026-09-26T19:34:21Z,North Carolina Central Eagles,-110,37.5,20260926193526122038
NCAAF,americanfootball_ncaaf,e3228af38572d15da53fab3ec97742a2,2026-09-26T20:00:00Z,East Carolina Pirates,North Carolina Central Eagles,lowvig,LowVig.ag,2026-09-26T19:34:21Z,totals,2026-09-26T19:34:21Z,Over,-115,57.0,20260926193526122038
NCAAF,americanfootball_ncaaf,e3228af38572d15da53fab3ec97742a2,2026-09-26T20:00:00Z,East Carolina Pirates,North Carolina Central Eagles,lowvig,LowVig.ag,2026-09-26T19:34:21Z,totals,2026-09-26T19:34:21Z,Under,-105,57.0,20260926193526122038
NCAAF,americanfootball_ncaaf,e3228af38572d15da53fab3ec97742a2,2026-09-26T20:00:00Z,East Carolina Pirates,North Carolina Central Eagles,betonlineag,BetOnline.ag,2026-09-26T19:34:56Z,spreads,2026-09-26T19:34:55Z,East Carolina Pirates,-110,-37.5,20260926193526122038
NCAAF,americanfootball_ncaaf,e3228af38572d15da53fab3ec97742a2,2026-09-26T20:00:00Z,East Carolina Pirates,North Carolina Central Eagles,betonlineag,BetOnline.ag,2026-09-26T19:34:56Z,spreads,2026-09-26T19:34:55Z,North Carolina Central Eagles,-110,37.5,20260926193526122038
NCAAF,americanfootball_ncaaf,e3228af38572d15da53fab3ec97742a2,2026-09-26T20:00:00Z,East Carolina Pirates,North Carolina Central Eagles,betonlineag,BetOnline.ag,2026-09-26T19:34:56Z,totals,2026-09-26T19:34:55Z,Over,-115,57.0,20260926193526122038
NCAAF,americanfootball_ncaaf,e3228af38572d15da53fab3ec97742a2,2026-09-26T20:00:00Z,East Carolina Pirates,North Carolina Central Eagles,betonlineag,BetOnline.ag,2026-09-26T19:34:56Z,totals,2026-09-26T19:34:55Z,Under,-105,57.0,20260926193526122038
NCAAF,americanfootball_ncaaf,e3228af38572d15da53fab3ec97742a2,2026-09-26T20:00:00Z,East Carolina Pirates,North Carolina Central Eagles,bovada,Bovada,2026-09-26T19:34:42Z,spreads,2026-09-26T19:34:42Z,East Carolina Pirates,-115,-37.5,20260926193526122038
NCAAF,americanfootball_ncaaf,e3228af38572d15da53fab3ec97742a2,2026-09-26T20:00:00Z,East Carolina Pirates,North Carolina Central Eagles,bovada,Bovada,2026-09-26T19:34:42Z,spreads,2026-09-26T19:34:42Z,North Carolina Central Eagles,-105,37.5,20260926193526122038
NCAAF,americanfootball_ncaaf,e3228af38572d15da53fab3ec97742a2,2026-09-26T20:00:00Z,East Carolina Pirates,North Carolina Central Eagles,bovada,Bovada,2026-09-26T19:34:42Z,totals,2026-09-26T19:34:42Z,Over,-110,58.5,20260926193526122038
NCAAF,americanfootball_ncaaf,e3228af38572d15da53fab3ec97742a2,2026-09-26T20:00:00Z,East Carolina Pirates,North Carolina Central Eagles,bovada,Bovada,2026-09-26T19:34:42Z,totals,2026-09-26T19:34:42Z,Under,-110,58.5,20260926193526122038
NCAAF,americanfootball_ncaaf,e3228af38572d15da53fab3ec97742a2,2026-09-26T20:00:00Z,East Carolina Pirates,North Carolina Central Eagles,betmgm,BetMGM,2026-09-26T19:34:43Z,h2h,2026-09-26T19:34:42Z,East Carolina Pirates,-100000,,20260926193526122038
NCAAF,americanfootball_ncaaf,e3228af38572d15da53fab3ec97742a2,2026-09-26T20:00:00Z,East Carolina Pirates,North Carolina Central Eagles,betmgm,BetMGM,2026-09-26T19:34:43Z,h2h,2026-09-26T19:34:42Z,North Carolina Central Eagles,5500,,20260926193526122038
NCAAF,americanfootball_ncaaf,e3228af38572d15da53fab3ec97742a2,2026-09-26T20:00:00Z,East Carolina Pirates,North Carolina Central Eagles,betmgm,BetMGM,2026-09-26T19:34:43Z,spreads,2026-09-26T19:34:42Z,East Carolina Pirates,-110,-37.5,20260926193526122038
NCAAF,americanfootball_ncaaf,e3228af38572d15da53fab3ec97742a2,2026-09-26T20:00:00Z,East Carolina Pirates,North Carolina Central Eagles,betmgm,BetMGM,2026-09-26T19:34:43Z,spreads,2026-09-26T19:34:42Z,North Carolina Central Eagles,-108,37.5,20260926193526122038
NCAAF,americanfootball_ncaaf,e3228af38572d15da53fab3ec97742a2,2026-09-26T20:00:00Z,East Carolina Pirates,North Carolina Central Eagles,betmgm,BetMGM,2026-09-26T19:34:43Z,totals,2026-09-26T19:34:42Z,Over,-115,57.5,20260926193526122038
NCAAF,americanfootball_ncaaf,e3228af38572d15da53fab3ec97742a2,2026-09-26T20:00:00Z,East Carolina Pirates,North Carolina Central Eagles,betmgm,BetMGM,2026-09-26T19:34:43Z,totals,2026-09-26T19:34:42Z,Under,-105,57.5,20260926193526122038
NCAAF,americanfootball_ncaaf,b1cdf3ac97be67ee00a53e437e4bfa78,2026-09-26T20:00:00Z,Georgia Southern Eagles,Houston Cougars,fanduel,FanDuel,2026-09-26T19:35:15Z,h2h,2026-09-26T19:35:15Z,Georgia Southern Eagles,640,,20260926193526122038
NCAAF,americanfootball_ncaaf,b1cdf3ac97be67ee00a53e437e4bfa78,2026-09-26T20:00:00Z,Georgia Southern Eagles,Houston Cougars,fanduel,FanDuel,2026-09-26T19:35:15Z,h2h,2026-09-26T19:35:15Z,Houston Cougars,-1050,,20260926193526122038
NCAAF,americanfootball_ncaaf,b1cdf3ac97be67ee00a53e437e4bfa78,2026-09-26T20:00:00Z,Georgia Southern Eagles,Houston Cougars,fanduel,FanDuel,2026-09-26T19:35:15Z,spreads,2026-09-26T19:35:15Z,Georgia Southern Eagles,-110,17.5,20260926193526122038
NCAAF,americanfootball_ncaaf,b1cdf3ac97be67ee00a53e437e4bfa78,2026-09-26T20:00:00Z,Georgia Southern Eagles,Houston Cougars,fanduel,FanDuel,2026-09-26T19:35:15Z,spreads,2026-09-26T19:35:15Z,Houston Cougars,-110,-17.5,20260926193526122038
NCAAF,americanfootball_ncaaf,b1cdf3ac97be67ee00a53e437e4bfa78,2026-09-26T20:00:00Z,Georgia Southern Eagles,Houston Cougars,fanduel,FanDuel,2026-09-26T19:35:15Z,totals,2026-09-26T19:35:15Z,Over,-110,56.5,20260926193526122038
NCAAF,americanfootball_ncaaf,b1cdf3ac97be67ee00a53e437e4bfa78,2026-09-26T20:00:00Z,Georgia Southern Eagles,Houston Cougars,fanduel,FanDuel,2026-09-26T19:35:15Z,totals,2026-09-26T19:35:15Z,Under,-110,56.5,20260926193526122038
NCAAF,americanfootball_ncaaf,b1cdf3ac97be67ee00a53e437e4bfa78,2026-09-26T20:00:00Z,Georgia Southern Eagles,Houston Cougars,mybookieag,MyBookie.ag,2026-09-26T19:35:13Z,h2h,2026-09-26T19:35:13Z,Georgia Southern Eagles,590,,20260926193526122038
NCAAF,americanfootball_ncaaf,b1cdf3ac97be67ee00a53e437e4bfa78,2026-09-26T20:00:00Z,Georgia Southern Eagles,Houston Cougars,mybookieag,MyBookie.ag,2026-09-26T19:35:13Z,h2h,2026-09-26T19:35:13Z,Houston Cougars,-918,,20260926193526122038
NCAAF,americanfootball_ncaaf,b1cdf3ac97be67ee00a53e437e4bfa78,2026-09-26T20:00:00Z,Georgia Southern Eagles,Houston Cougars,mybookieag,MyBookie.ag,2026-09-26T19:35:13Z,spreads,2026-09-26T19:35:13Z,Georgia Southern Eagles,-110,17.0,20260926193526122038
NCAAF,americanfootball_ncaaf,b1cdf3ac97be67ee00a53e437e4bfa78,2026-09-26T20:00:00Z,Georgia Southern Eagles,Houston Cougars,mybookieag,MyBookie.ag,2026-09-26T19:35:13Z,spreads,2026-09-26T19:35:13Z,Houston Cougars,-110,-17.0,20260926193526122038
NCAAF,americanfootball_ncaaf,b1cdf3ac97be67ee00a53e437e4bfa78,2026-09-26T20:00:00Z,Georgia Southern Eagles,Houston Cougars,mybookieag,MyBookie.ag,2026-09-26T19:35:13Z,totals,2026-09-26T19:35:13Z,Over,-110,56.5,20260926193526122038
NCAAF,americanfootball_ncaaf,b1cdf3ac97be67ee00a53e437e4bfa78,2026-09-26T20:00:00Z,Georgia Southern Eagles,Houston Cougars,mybookieag,MyBookie.ag,2026-09-26T19:35:13Z,totals,2026-09-26T19:35:13Z,Under,-110,56.5,20260926193526122038
NCAAF,americanfootball_ncaaf,b1cdf3ac97be67ee00a53e437e4bfa78,2026-09-26T20:00:00Z,Georgia Southern Eagles,Houston Cougars,draftkings,DraftKings,2026-09-26T19:34:04Z,h2h,2026-09-26T19:34:04Z,Georgia Southern Eagles,625,,20260926193526122038
NCAAF,americanfootball_ncaaf,b1cdf3ac97be67ee00a53e437e4bfa78,2026-09-26T20:00:00Z,Georgia Southern Eagles,Houston Cougars,draftkings,DraftKings,2026-09-26T19:34:04Z,h2h,2026-09-26T19:34:04Z,Houston Cougars,-950,,20260926193526122038
NCAAF,americanfootball_ncaaf,b1cdf3ac97be67ee00a53e437e4bfa78,2026-09-26T20:00:00Z,Georgia Southern Eagles,Houston Cougars,draftkings,DraftKings,2026-09-26T19:34:04Z,spreads,2026-09-26T19:34:04Z,Georgia Southern Eagles,-112,17.5,20260926193526122038
NCAAF,americanfootball_ncaaf,b1cdf3ac97be67ee00a53e437e4bfa78,2026-09-26T20:00:00Z,Georgia Southern Eagles,Houston Cougars,draftkings,DraftKings,2026-09-26T19:34:04Z,spreads,2026-09-26T19:34:04Z,Houston Cougars,-108,-17.5,20260926193526122038
NCAAF,americanfootball_ncaaf,b1cdf3ac97be67ee00a53e437e4bfa78,2026-09-26T20:00:00Z,Georgia Southern Eagles,Houston Cougars,draftkings,DraftKings,2026-09-26T19:34:04Z,totals,2026-09-26T19:34:04Z,Over,-110,56.5,20260926193526122038
NCAAF,americanfootball_ncaaf,b1cdf3ac97be67ee00a53e437e4bfa78,2026-09-26T20:00:00Z,Georgia Southern Eagles,Houston Cougars,draftkings,DraftKings,2026-09-26T19:34:04Z,totals,2026-09-26T19:34:04Z,Under,-110,56.5,20260926193526122038
NCAAF,americanfootball_ncaaf,b1cdf3ac97be67ee00a53e437e4bfa78,2026-09-26T20:00:00Z,Georgia Southern Eagles,Houston Cougars,betrivers,BetRivers,2026-09-26T19:34:38Z,h2h,2026-09-26T19:34:38Z,Georgia Southern Eagles,600,,20260926193526122038
NCAAF,americanfootball_ncaaf,b1cdf3ac97be67ee00a53e437e4bfa78,2026-09-26T20:00:00Z,Georgia Southern Eagles,Houston Cougars,betrivers,BetRivers,2026-09-26T19:34:38Z,h2h,2026-09-26T19:34:38Z,Houston Cougars,-1115,,20260926193526122038
NCAAF,americanfootball_ncaaf,b1cdf3ac97be67ee00a53e437e4bfa78,2026-09-26T20:00:00Z,Georgia Southern Eagles,Houston Cougars,betrivers,BetRivers,2026-09-26T19:34:38Z,spreads,2026-09-26T19:34:38Z,Georgia Southern Eagles,-110,17.5,20260926193526122038
NCAAF,americanfootball_ncaaf,b1cdf3ac97be67ee00a53e437e4bfa78,2026-09-26T20:00:00Z,Georgia Southern Eagles,Houston Cougars,betrivers,BetRivers,2026-09-26T19:34:38Z,spreads,2026-09-26T19:34:38Z,Houston Cougars,-114,-17.5,20260926193526122038
NCAAF,americanfootball_ncaaf,b1cdf3ac97be67ee00a53e437e4bfa78,2026-09-26T20:00:00Z,Georgia Southern Eagles,Houston Cougars,betrivers,BetRivers,2026-09-26T19:34:38Z,totals,2026-09-26T19:34:38Z,Over,-109,56.5,20260926193526122038
NCAAF,americanfootball_ncaaf,b1cdf3ac97be67ee00a53e437e4bfa78,2026-09-26T20:00:00Z,Georgia Southern Eagles,Houston Cougars,betrivers,BetRivers,2026-09-26T19:34:38Z,totals,2026-09-26T19:34:38Z,Under,-114,56.5,20260926193526122038
NCAAF,americanfootball_ncaaf,b1cdf3ac97be67ee00a53e437e4bfa78,2026-09-26T20:00:00Z,Georgia Southern Eagles,Houston Cougars,betonlineag,BetOnline.ag,2026-09-26T19:34:56Z,h2h,2026-09-26T19:34:54Z,Georgia Southern Eagles,661,,20260926193526122038
NCAAF,americanfootball_ncaaf,b1cdf3ac97be67ee00a53e437e4bfa78,2026-09-26T20:00:00Z,Georgia Southern Eagles,Houston Cougars,betonlineag,BetOnline.ag,2026-09-26T19:34:56Z,h2h,2026-09-26T19:34:54Z,Houston Cougars,-1000,,20260926193526122038
NCAAF,americanfootball_ncaaf,b1cdf3ac97be67ee00a53e437e4bfa78,2026-09-26T20:00:00Z,Georgia Southern Eagles,Houston Cougars,betonlineag,BetOnline.ag,2026-09-26T19:34:56Z,spreads,2026-09-26T19:34:54Z,Georgia Southern Eagles,-110,17.0,20260926193526122038
NCAAF,americanfootball_ncaaf,b1cdf3ac97be67ee00a53e437e4bfa78,2026-09-26T20:00:00Z,Georgia Southern Eagles,Houston Cougars,betonlineag,BetOnline.ag,2026-09-26T19:34:56Z,spreads,2026-09-26T19:34:54Z,Houston Cougars,-110,-17.0,20260926193526122038
NCAAF,americanfootball_ncaaf,b1cdf3ac97be67ee00a53e437e4bfa78,2026-09-26T20:00:00Z,Georgia Southern Eagles,Houston Cougars,betonlineag,BetOnline.ag,2026-09-26T19:34:56Z,totals,2026-09-26T19:34:54Z,Over,-110,56.5,20260926193526122038
NCAAF,americanfootball_ncaaf,b1cdf3ac97be67ee00a53e437e4bfa78,2026-09-26T20:00:00Z,Georgia Southern Eagles,Houston Cougars,betonlineag,BetOnline.ag,2026-09-26T19:34:56Z,totals,2026-09-26T19:34:54Z,Under,-110,56.5,20260926193526122038
NCAAF,americanfootball_ncaaf,b1cdf3ac97be67ee00a53e437e4bfa78,2026-09-26T20:00:00Z,Georgia Southern Eagles,Houston Cougars,lowvig,LowVig.ag,2026-09-26T19:34:21Z,h2h,2026-09-26T19:34:21Z,Georgia Southern Eagles,661,,20260926193526122038
NCAAF,americanfootball_ncaaf,b1cdf3ac97be67ee00a53e437e4bfa78,2026-09-26T20:00:00Z,Georgia Southern Eagles,Houston Cougars,lowvig,LowVig.ag,2026-09-26T19:34:21Z,h2h,2026-09-26T19:34:21Z,Houston Cougars,-1000,,20260926193526122038
NCAAF,americanfootball_ncaaf,b1cdf3ac97be67ee00a53e437e4bfa78,2026-09-26T20:00:00Z,Georgia Southern Eagles,Houston Cougars,lowvig,LowVig.ag,2026-09-26T19:34:21Z,spreads,2026-09-26T19:34:21Z,Georgia Southern Eagles,-106,17.0,20260926193526122038
NCAAF,americanfootball_ncaaf,b1cdf3ac97be67ee00a53e437e4bfa78,2026-09-26T20:00:00Z,Georgia Southern Eagles,Houston Cougars,lowvig,LowVig.ag,2026-09-26T19:34:21Z,spreads,2026-09-26T19:34:21Z,Houston Cougars,-106,-17.0,20260926193526122038
NCAAF,americanfootball_ncaaf,b1cdf3ac97be67ee00a53e437e4bfa78,2026-09-26T20:00:00Z,Georgia Southern Eagles,Houston Cougars,lowvig,LowVig.ag,2026-09-26T19:34:21Z,totals,2026-09-26T19:34:21Z,Over,-108,56.5,20260926193526122038
NCAAF,americanfootball_ncaaf,b1cdf3ac97be67ee00a53e437e4bfa78,2026-09-26T20:00:00Z,Georgia Southern Eagles,Houston Cougars,lowvig,LowVig.ag,2026-09-26T19:34:21Z,totals,2026-09-26T19:34:21Z,Under,-108,56.5,20260926193526122038
NCAAF,americanfootball_ncaaf,b1cdf3ac97be67ee00a53e437e4bfa78,2026-09-26T20:00:00Z,Georgia Southern Eagles,Houston Cougars,betmgm,BetMGM,2026-09-26T19:34:43Z,h2h,2026-09-26T19:34:42Z,Georgia Southern Eagles,650,,20260926193526122038
NCAAF,americanfootball_ncaaf,b1cdf3ac97be67ee00a53e437e4bfa78,2026-09-26T20:00:00Z,Georgia Southern Eagles,Houston Cougars,betmgm,BetMGM,2026-09-26T19:34:43Z,h2h,2026-09-26T19:34:42Z,Houston Cougars,-900,,20260926193526122038
NCAAF,americanfootball_ncaaf,b1cdf3ac97be67ee00a53e437e4bfa78,2026-09-26T20:00:00Z,Georgia Southern Eagles,Houston Cougars,betmgm,BetMGM,2026-09-26T19:34:43Z,spreads,2026-09-26T19:34:42Z,Georgia Southern Eagles,-120,17.5,20260926193526122038
NCAAF,americanfootball_ncaaf,b1cdf3ac97be67ee00a53e437e4bfa78,2026-09-26T20:00:00Z,Georgia Southern Eagles,Houston Cougars,betmgm,BetMGM,2026-09-26T19:34:43Z,spreads,2026-09-26T19:34:42Z,Houston Cougars,-110,-17.5,20260926193526122038
NCAAF,americanfootball_ncaaf,b1cdf3ac97be67ee00a53e437e4bfa78,2026-09-26T20:00:00Z,Georgia Southern Eagles,Houston Cougars,betmgm,BetMGM,2026-09-26T19:34:43Z,totals,2026-09-26T19:34:42Z,Over,-108,56.5,20260926193526122038
NCAAF,americanfootball_ncaaf,b1cdf3ac97be67ee00a53e437e4bfa78,2026-09-26T20:00:00Z,Georgia Southern Eagles,Houston Cougars,betmgm,BetMGM,2026-09-26T19:34:43Z,totals,2026-09-26T19:34:42Z,Under,-110,56.5,20260926193526122038
NCAAF,americanfootball_ncaaf,b1cdf3ac97be67ee00a53e437e4bfa78,2026-09-26T20:00:00Z,Georgia Southern Eagles,Houston Cougars,betus,BetUS,2026-09-26T19:35:13Z,h2h,2026-09-26T19:35:12Z,Georgia Southern Eagles,600,,20260926193526122038
NCAAF,americanfootball_ncaaf,b1cdf3ac97be67ee00a53e437e4bfa78,2026-09-26T20:00:00Z,Georgia Southern Eagles,Houston Cougars,betus,BetUS,2026-09-26T19:35:13Z,h2h,2026-09-26T19:35:12Z,Houston Cougars,-900,,20260926193526122038
NCAAF,americanfootball_ncaaf,b1cdf3ac97be67ee00a53e437e4bfa78,2026-09-26T20:00:00Z,Georgia Southern Eagles,Houston Cougars,betus,BetUS,2026-09-26T19:35:13Z,spreads,2026-09-26T19:35:12Z,Georgia Southern Eagles,-110,17.0,20260926193526122038
NCAAF,americanfootball_ncaaf,b1cdf3ac97be67ee00a53e437e4bfa78,2026-09-26T20:00:00Z,Georgia Southern Eagles,Houston Cougars,betus,BetUS,2026-09-26T19:35:13Z,spreads,2026-09-26T19:35:12Z,Houston Cougars,-110,-17.0,20260926193526122038
NCAAF,americanfootball_ncaaf,b1cdf3ac97be67ee00a53e437e4bfa78,2026-09-26T20:00:00Z,Georgia Southern Eagles,Houston Cougars,betus,BetUS,2026-09-26T19:35:13Z,totals,2026-09-26T19:35:12Z,Over,-110,56.5,20260926193526122038
NCAAF,americanfootball_ncaaf,b1cdf3ac97be67ee00a53e437e4bfa78,2026-09-26T20:00:00Z,Georgia Southern Eagles,Houston Cougars,betus,BetUS,2026-09-26T19:35:13Z,totals,2026-09-26T19:35:12Z,Under,-110,56.5,20260926193526122038
NCAAF,americanfootball_ncaaf,b1cdf3ac97be67ee00a53e437e4bfa78,2026-09-26T20:00:00Z,Georgia Southern Eagles,Houston Cougars,bovada,Bovada,2026-09-26T19:34:42Z,h2h,2026-09-26T19:34:42Z,Georgia Southern Eagles,600,,20260926193526122038
NCAAF,americanfootball_ncaaf,b1cdf3ac97be67ee00a53e437e4bfa78,2026-09-26T20:00:00Z,Georgia Southern Eagles,Houston Cougars,bovada,Bovada,2026-09-26T19:34:42Z,h2h,2026-09-26T19:34:42Z,Houston Cougars,-950,,20260926193526122038
NCAAF,americanfootball_ncaaf,b1cdf3ac97be67ee00a53e437e4bfa78,2026-09-26T20:00:00Z,Georgia Southern Eagles,Houston Cougars,bovada,Bovada,2026-09-26T19:34:42Z,spreads,2026-09-26T19:34:42Z,Georgia Southern Eagles,-110,17.0,20260926193526122038
NCAAF,americanfootball_ncaaf,b1cdf3ac97be67ee00a53e437e4bfa78,2026-09-26T20:00:00Z,Georgia Southern Eagles,Houston Cougars,bovada,Bovada,2026-09-26T19:34:42Z,spreads,2026-09-26T19:34:42Z,Houston Cougars,-110,-17.0,20260926193526122038
NCAAF,americanfootball_ncaaf,b1cdf3ac97be67ee00a53e437e4bfa78,2026-09-26T20:00:00Z,Georgia Southern Eagles,Houston Cougars,bovada,Bovada,2026-09-26T19:34:42Z,totals,2026-09-26T19:34:42Z,Over,-105,56.5,20260926193526122038
NCAAF,americanfootball_ncaaf,b1cdf3ac97be67ee00a53e437e4bfa78,2026-09-26T20:00:00Z,Georgia Southern Eagles,Houston Cougars,bovada,Bovada,2026-09-26T19:34:42Z,totals,2026-09-26T19:34:42Z,Under,-115,56.5,20260926193526122038
NCAAF,americanfootball_ncaaf,edf8d3e3699aa5cb34c50ac7de992d37,2026-09-26T20:15:00Z,Auburn Tigers,Vanderbilt Commodores,draftkings,DraftKings,2026-09-26T19:34:04Z,h2h,2026-09-26T19:34:04Z,Auburn Tigers,-395,,20260926193526122038
NCAAF,americanfootball_ncaaf,edf8d3e3699aa5cb34c50ac7de992d37,2026-09-26T20:15:00Z,Auburn Tigers,Vanderbilt Commodores,draftkings,DraftKings,2026-09-26T19:34:04Z,h2h,2026-09-26T19:34:04Z,Vanderbilt Commodores,310,,20260926193526122038
NCAAF,americanfootball_ncaaf,edf8d3e3699aa5cb34c50ac7de992d37,2026-09-26T20:15:00Z,Auburn Tigers,Vanderbilt Commodores,draftkings,DraftKings,2026-09-26T19:34:04Z,spreads,2026-09-26T19:34:04Z,Auburn Tigers,-110,-10.0,20260926193526122038
NCAAF,americanfootball_ncaaf,edf8d3e3699aa5cb34c50ac7de992d37,2026-09-26T20:15:00Z,Auburn Tigers,Vanderbilt Commodores,draftkings,DraftKings,2026-09-26T19:34:04Z,spreads,2026-09-26T19:34:04Z,Vanderbilt Commodores,-110,10.0,20260926193526122038
NCAAF,americanfootball_ncaaf,edf8d3e3699aa5cb34c50ac7de992d37,2026-09-26T20:15:00Z,Auburn Tigers,Vanderbilt Commodores,draftkings,DraftKings,2026-09-26T19:34:04Z,totals,2026-09-26T19:34:04Z,Over,-110,54.5,20260926193526122038
NCAAF,americanfootball_ncaaf,edf8d3e3699aa5cb34c50ac7de992d37,2026-09-26T20:15:00Z,Auburn Tigers,Vanderbilt Commodores,draftkings,DraftKings,2026-09-26T19:34:04Z,totals,2026-09-26T19:34:04Z,Under,-110,54.5,20260926193526122038
NCAAF,americanfootball_ncaaf,edf8d3e3699aa5cb34c50ac7de992d37,2026-09-26T20:15:00Z,Auburn Tigers,Vanderbilt Commodores,mybookieag,MyBookie.ag,2026-09-26T19:35:13Z,h2h,2026-09-26T19:35:13Z,Auburn Tigers,-410,,20260926193526122038
NCAAF,americanfootball_ncaaf,edf8d3e3699aa5cb34c50ac7de992d37,2026-09-26T20:15:00Z,Auburn Tigers,Vanderbilt Commodores,mybookieag,MyBookie.ag,2026-09-26T19:35:13Z,h2h,2026-09-26T19:35:13Z,Vanderbilt Commodores,300,,20260926193526122038
NCAAF,americanfootball_ncaaf,edf8d3e3699aa5cb34c50ac7de992d37,2026-09-26T20:15:00Z,Auburn Tigers,Vanderbilt Commodores,mybookieag,MyBookie.ag,2026-09-26T19:35:13Z,spreads,2026-09-26T19:35:13Z,Auburn Tigers,-110,-10.0,20260926193526122038
NCAAF,americanfootball_ncaaf,edf8d3e3699aa5cb34c50ac7de992d37,2026-09-26T20:15:00Z,Auburn Tigers,Vanderbilt Commodores,mybookieag,MyBookie.ag,2026-09-26T19:35:13Z,spreads,2026-09-26T19:35:13Z,Vanderbilt Commodores,-110,10.0,20260926193526122038
NCAAF,americanfootball_ncaaf,edf8d3e3699aa5cb34c50ac7de992d37,2026-09-26T20:15:00Z,Auburn Tigers,Vanderbilt Commodores,mybookieag,MyBookie.ag,2026-09-26T19:35:13Z,totals,2026-09-26T19:35:13Z,Over,-110,54.5,20260926193526122038
NCAAF,americanfootball_ncaaf,edf8d3e3699aa5cb34c50ac7de992d37,2026-09-26T20:15:00Z,Auburn Tigers,Vanderbilt Commodores,mybookieag,MyBookie.ag,2026-09-26T19:35:13Z,totals,2026-09-26T19:35:13Z,Under,-110,54.5,20260926193526122038
NCAAF,americanfootball_ncaaf,edf8d3e3699aa5cb34c50ac7de992d37,2026-09-26T20:15:00Z,Auburn Tigers,Vanderbilt Commodores,fanduel,FanDuel,2026-09-26T19:35:15Z,h2h,2026-09-26T19:35:15Z,Auburn Tigers,-385,,20260926193526122038
NCAAF,americanfootball_ncaaf,edf8d3e3699aa5cb34c50ac7de992d37,2026-09-26T20:15:00Z,Auburn Tigers,Vanderbilt Commodores,fanduel,FanDuel,2026-09-26T19:35:15Z,h2h,2026-09-26T19:35:15Z,Vanderbilt Commodores,300,,20260926193526122038
NCAAF,americanfootball_ncaaf,edf8d3e3699aa5cb34c50ac7de992d37,2026-09-26T20:15:00Z,Auburn Tigers,Vanderbilt Commodores,fanduel,FanDuel,2026-09-26T19:35:15Z,spreads,2026-09-26T19:35:15Z,Auburn Tigers,-122,-9.5,20260926193526122038
NCAAF,americanfootball_ncaaf,edf8d3e3699aa5cb34c50ac7de992d37,2026-09-26T20:15:00Z,Auburn Tigers,Vanderbilt Commodores,fanduel,FanDuel,2026-09-26T19:35:15Z,spreads,2026-09-26T19:35:15Z,Vanderbilt Commodores,100,9.5,20260926193526122038
NCAAF,americanfootball_ncaaf,edf8d3e3699aa5cb34c50ac7de992d37,2026-09-26T20:15:00Z,Auburn Tigers,Vanderbilt Commodores,fanduel,FanDuel,2026-09-26T19:35:15Z,totals,2026-09-26T19:35:15Z,Over,-112,54.5,20260926193526122038
NCAAF,americanfootball_ncaaf,edf8d3e3699aa5cb34c50ac7de992d37,2026-09-26T20:15:00Z,Auburn Tigers,Vanderbilt Commodores,fanduel,FanDuel,2026-09-26T19:35:15Z,totals,2026-09-26T19:35:15Z,Under,-108,54.5,20260926193526122038
NCAAF,americanfootball_ncaaf,edf8d3e3699aa5cb34c50ac7de992d37,2026-09-26T20:15:00Z,Auburn Tigers,Vanderbilt Commodores,betrivers,BetRivers,2026-09-26T19:34:38Z,h2h,2026-09-26T19:34:38Z,Auburn Tigers,-400,,20260926193526122038
NCAAF,americanfootball_ncaaf,edf8d3e3699aa5cb34c50ac7de992d37,2026-09-26T20:15:00Z,Auburn Tigers,Vanderbilt Commodores,betrivers,BetRivers,2026-09-26T19:34:38Z,h2h,2026-09-26T19:34:38Z,Vanderbilt Commodores,295,,20260926193526122038
NCAAF,americanfootball_ncaaf,edf8d3e3699aa5cb34c50ac7de992d37,2026-09-26T20:15:00Z,Auburn Tigers,Vanderbilt Commodores,betrivers,BetRivers,2026-09-26T19:34:38Z,spreads,2026-09-26T19:34:38Z,Auburn Tigers,-108,-10.0,20260926193526122038
NCAAF,americanfootball_ncaaf,edf8d3e3699aa5cb34c50ac7de992d37,2026-09-26T20:15:00Z,Auburn Tigers,Vanderbilt Commodores,betrivers,BetRivers,2026-09-26T19:34:38Z,spreads,2026-09-26T19:34:38Z,Vanderbilt Commodores,-115,10.0,20260926193526122038
NCAAF,americanfootball_ncaaf,edf8d3e3699aa5cb34c50ac7de992d37,2026-09-26T20:15:00Z,Auburn Tigers,Vanderbilt Commodores,betrivers,BetRivers,2026-09-26T19:34:38Z,totals,2026-09-26T19:34:38Z,Over,-110,54.5,20260926193526122038
NCAAF,americanfootball_ncaaf,edf8d3e3699aa5cb34c50ac7de992d37,2026-09-26T20:15:00Z,Auburn Tigers,Vanderbilt Commodores,betrivers,BetRivers,2026-09-26T19:34:38Z,totals,2026-09-26T19:34:38Z,Under,-113,54.5,20260926193526122038
NCAAF,americanfootball_ncaaf,edf8d3e3699aa5cb34c50ac7de992d37,2026-09-26T20:15:00Z,Auburn Tigers,Vanderbilt Commodores,lowvig,LowVig.ag,2026-09-26T19:34:21Z,h2h,2026-09-26T19:34:21Z,Auburn Tigers,-400,,20260926193526122038
NCAAF,americanfootball_ncaaf,edf8d3e3699aa5cb34c50ac7de992d37,2026-09-26T20:15:00Z,Auburn Tigers,Vanderbilt Commodores,lowvig,LowVig.ag,2026-09-26T19:34:21Z,h2h,2026-09-26T19:34:21Z,Vanderbilt Commodores,316,,20260926193526122038
NCAAF,americanfootball_ncaaf,edf8d3e3699aa5cb34c50ac7de992d37,2026-09-26T20:15:00Z,Auburn Tigers,Vanderbilt Commodores,lowvig,LowVig.ag,2026-09-26T19:34:21Z,spreads,2026-09-26T19:34:21Z,Auburn Tigers,-106,-10.0,20260926193526122038
NCAAF,americanfootball_ncaaf,edf8d3e3699aa5cb34c50ac7de992d37,2026-09-26T20:15:00Z,Auburn Tigers,Vanderbilt Commodores,lowvig,LowVig.ag,2026-09-26T19:34:21Z,spreads,2026-09-26T19:34:21Z,Vanderbilt Commodores,-106,10.0,20260926193526122038
NCAAF,americanfootball_ncaaf,edf8d3e3699aa5cb34c50ac7de992d37,2026-09-26T20:15:00Z,Auburn Tigers,Vanderbilt Commodores,lowvig,LowVig.ag,2026-09-26T19:34:21Z,totals,2026-09-26T19:34:21Z,Over,-108,54.5,20260926193526122038
NCAAF,americanfootball_ncaaf,edf8d3e3699aa5cb34c50ac7de992d37,2026-09-26T20:15:00Z,Auburn Tigers,Vanderbilt Commodores,lowvig,LowVig.ag,2026-09-26T19:34:21Z,totals,2026-09-26T19:34:21Z,Under,-108,54.5,20260926193526122038
NCAAF,americanfootball_ncaaf,edf8d3e3699aa5cb34c50ac7de992d37,2026-09-26T20:15:00Z,Auburn Tigers,Vanderbilt Commodores,betonlineag,BetOnline.ag,2026-09-26T19:34:56Z,h2h,2026-09-26T19:34:54Z,Auburn Tigers,-400,,20260926193526122038
NCAAF,americanfootball_ncaaf,edf8d3e3699aa5cb34c50ac7de992d37,2026-09-26T20:15:00Z,Auburn Tigers,Vanderbilt Commodores,betonlineag,BetOnline.ag,2026-09-26T19:34:56Z,h2h,2026-09-26T19:34:54Z,Vanderbilt Commodores,316,,20260926193526122038
NCAAF,americanfootball_ncaaf,edf8d3e3699aa5cb34c50ac7de992d37,2026-09-26T20:15:00Z,Auburn Tigers,Vanderbilt Commodores,betonlineag,BetOnline.ag,2026-09-26T19:34:56Z,spreads,2026-09-26T19:34:54Z,Auburn Tigers,-110,-10.0,20260926193526122038
NCAAF,americanfootball_ncaaf,edf8d3e3699aa5cb34c50ac7de992d37,2026-09-26T20:15:00Z,Auburn Tigers,Vanderbilt Commodores,betonlineag,BetOnline.ag,2026-09-26T19:34:56Z,spreads,2026-09-26T19:34:54Z,Vanderbilt Commodores,-110,10.0,20260926193526122038
NCAAF,americanfootball_ncaaf,edf8d3e3699aa5cb34c50ac7de992d37,2026-09-26T20:15:00Z,Auburn Tigers,Vanderbilt Commodores,betonlineag,BetOnline.ag,2026-09-26T19:34:56Z,totals,2026-09-26T19:34:54Z,Over,-110,54.5,20260926193526122038
NCAAF,americanfootball_ncaaf,edf8d3e3699aa5cb34c50ac7de992d37,2026-09-26T20:15:00Z,Auburn Tigers,Vanderbilt Commodores,betonlineag,BetOnline.ag,2026-09-26T19:34:56Z,totals,2026-09-26T19:34:54Z,Under,-110,54.5,20260926193526122038
NCAAF,americanfootball_ncaaf,edf8d3e3699aa5cb34c50ac7de992d37,2026-09-26T20:15:00Z,Auburn Tigers,Vanderbilt Commodores,betus,BetUS,2026-09-26T19:35:13Z,h2h,2026-09-26T19:35:13Z,Auburn Tigers,-385,,20260926193526122038
NCAAF,americanfootball_ncaaf,edf8d3e3699aa5cb34c50ac7de992d37,2026-09-26T20:15:00Z,Auburn Tigers,Vanderbilt Commodores,betus,BetUS,2026-09-26T19:35:13Z,h2h,2026-09-26T19:35:13Z,Vanderbilt Commodores,308,,20260926193526122038
NCAAF,americanfootball_ncaaf,edf8d3e3699aa5cb34c50ac7de992d37,2026-09-26T20:15:00Z,Auburn Tigers,Vanderbilt Commodores,betus,BetUS,2026-09-26T19:35:13Z,spreads,2026-09-26T19:35:13Z,Auburn Tigers,-110,-10.0,20260926193526122038
NCAAF,americanfootball_ncaaf,edf8d3e3699aa5cb34c50ac7de992d37,2026-09-26T20:15:00Z,Auburn Tigers,Vanderbilt Commodores,betus,BetUS,2026-09-26T19:35:13Z,spreads,2026-09-26T19:35:13Z,Vanderbilt Commodores,-110,10.0,20260926193526122038
NCAAF,americanfootball_ncaaf,edf8d3e3699aa5cb34c50ac7de992d37,2026-09-26T20:15:00Z,Auburn Tigers,Vanderbilt Commodores,betus,BetUS,2026-09-26T19:35:13Z,totals,2026-09-26T19:35:13Z,Over,-110,54.5,20260926193526122038
NCAAF,americanfootball_ncaaf,edf8d3e3699aa5cb34c50ac7de992d37,2026-09-26T20:15:00Z,Auburn Tigers,Vanderbilt Commodores,betus,BetUS,2026-09-26T19:35:13Z,totals,2026-09-26T19:35:13Z,Under,-110,54.5,20260926193526122038
NCAAF,americanfootball_ncaaf,edf8d3e3699aa5cb34c50ac7de992d37,2026-09-26T20:15:00Z,Auburn Tigers,Vanderbilt Commodores,betmgm,BetMGM,2026-09-26T19:34:43Z,h2h,2026-09-26T19:34:42Z,Auburn Tigers,-375,,20260926193526122038
NCAAF,americanfootball_ncaaf,edf8d3e3699aa5cb34c50ac7de992d37,2026-09-26T20:15:00Z,Auburn Tigers,Vanderbilt Commodores,betmgm,BetMGM,2026-09-26T19:34:43Z,h2h,2026-09-26T19:34:42Z,Vanderbilt Commodores,300,,20260926193526122038
NCAAF,americanfootball_ncaaf,edf8d3e3699aa5cb34c50ac7de992d37,2026-09-26T20:15:00Z,Auburn Tigers,Vanderbilt Commodores,betmgm,BetMGM,2026-09-26T19:34:43Z,spreads,2026-09-26T19:34:42Z,Auburn Tigers,-108,-10.0,20260926193526122038
NCAAF,americanfootball_ncaaf,edf8d3e3699aa5cb34c50ac7de992d37,2026-09-26T20:15:00Z,Auburn Tigers,Vanderbilt Commodores,betmgm,BetMGM,2026-09-26T19:34:43Z,spreads,2026-09-26T19:34:42Z,Vanderbilt Commodores,-110,10.0,20260926193526122038
NCAAF,americanfootball_ncaaf,edf8d3e3699aa5cb34c50ac7de992d37,2026-09-26T20:15:00Z,Auburn Tigers,Vanderbilt Commodores,betmgm,BetMGM,2026-09-26T19:34:43Z,totals,2026-09-26T19:34:42Z,Over,-110,54.5,20260926193526122038
NCAAF,americanfootball_ncaaf,edf8d3e3699aa5cb34c50ac7de992d37,2026-09-26T20:15:00Z,Auburn Tigers,Vanderbilt Commodores,betmgm,BetMGM,2026-09-26T19:34:43Z,totals,2026-09-26T19:34:42Z,Under,-110,54.5,20260926193526122038
NCAAF,americanfootball_ncaaf,edf8d3e3699aa5cb34c50ac7de992d37,2026-09-26T20:15:00Z,Auburn Tigers,Vanderbilt Commodores,bovada,Bovada,2026-09-26T19:34:42Z,h2h,2026-09-26T19:34:42Z,Auburn Tigers,-390,,20260926193526122038
NCAAF,americanfootball_ncaaf,edf8d3e3699aa5cb34c50ac7de992d37,2026-09-26T20:15:00Z,Auburn Tigers,Vanderbilt Commodores,bovada,Bovada,2026-09-26T19:34:42Z,h2h,2026-09-26T19:34:42Z,Vanderbilt Commodores,295,,20260926193526122038
NCAAF,americanfootball_ncaaf,edf8d3e3699aa5cb34c50ac7de992d37,2026-09-26T20:15:00Z,Auburn Tigers,Vanderbilt Commodores,bovada,Bovada,2026-09-26T19:34:42Z,spreads,2026-09-26T19:34:42Z,Auburn Tigers,-110,-10.0,20260926193526122038
NCAAF,americanfootball_ncaaf,edf8d3e3699aa5cb34c50ac7de992d37,2026-09-26T20:15:00Z,Auburn Tigers,Vanderbilt Commodores,bovada,Bovada,2026-09-26T19:34:42Z,spreads,2026-09-26T19:34:42Z,Vanderbilt Commodores,-110,10.0,20260926193526122038
NCAAF,americanfootball_ncaaf,edf8d3e3699aa5cb34c50ac7de992d37,2026-09-26T20:15:00Z,Auburn Tigers,Vanderbilt Commodores,bovada,Bovada,2026-09-26T19:34:42Z,totals,2026-09-26T19:34:42Z,Over,-110,54.5,20260926193526122038
NCAAF,americanfootball_ncaaf,edf8d3e3699aa5cb34c50ac7de992d37,2026-09-26T20:15:00Z,Auburn Tigers,Vanderbilt Commodores,bovada,Bovada,2026-09-26T19:34:42Z,totals,2026-09-26T19:34:42Z,Under,-110,54.5,20260926193526122038
NCAAF,americanfootball_ncaaf,10078e86207d952986707c1ad7dc9331,2026-09-26T21:00:00Z,Bowling Green Falcons,South Florida Bulls,fanduel,FanDuel,2026-09-26T19:35:15Z,h2h,2026-09-26T19:35:15Z,Bowling Green Falcons,680,,20260926193526122038
NCAAF,americanfootball_ncaaf,10078e86207d952986707c1ad7dc9331,2026-09-26T21:00:00Z,Bowling Green Falcons,South Florida Bulls,fanduel,FanDuel,2026-09-26T19:35:15Z,h2h,2026-09-26T19:35:15Z,South Florida Bulls,-1100,,20260926193526122038
NCAAF,americanfootball_ncaaf,10078e86207d952986707c1ad7dc9331,2026-09-26T21:00:00Z,Bowling Green Falcons,South Florida Bulls,fanduel,FanDuel,2026-09-26T19:35:15Z,spreads,2026-09-26T19:35:15Z,Bowling Green Falcons,-114,18.5,20260926193526122038
NCAAF,americanfootball_ncaaf,10078e86207d952986707c1ad7dc9331,2026-09-26T21:00:00Z,Bowling Green Falcons,South Florida Bulls,fanduel,FanDuel,2026-09-26T19:35:15Z,spreads,2026-09-26T19:35:15Z,South Florida Bulls,-106,-18.5,20260926193526122038
NCAAF,americanfootball_ncaaf,10078e86207d952986707c1ad7dc9331,2026-09-26T21:00:00Z,Bowling Green Falcons,South Florida Bulls,fanduel,FanDuel,2026-09-26T19:35:15Z,totals,2026-09-26T19:35:15Z,Over,-112,48.5,20260926193526122038
NCAAF,americanfootball_ncaaf,10078e86207d952986707c1ad7dc9331,2026-09-26T21:00:00Z,Bowling Green Falcons,South Florida Bulls,fanduel,FanDuel,2026-09-26T19:35:15Z,totals,2026-09-26T19:35:15Z,Under,-108,48.5,20260926193526122038
NCAAF,americanfootball_ncaaf,10078e86207d952986707c1ad7dc9331,2026-09-26T21:00:00Z,Bowling Green Falcons,South Florida Bulls,mybookieag,MyBookie.ag,2026-09-26T19:35:13Z,h2h,2026-09-26T19:35:13Z,Bowling Green Falcons,680,,20260926193526122038
NCAAF,americanfootball_ncaaf,10078e86207d952986707c1ad7dc9331,2026-09-26T21:00:00Z,Bowling Green Falcons,South Florida Bulls,mybookieag,MyBookie.ag,2026-09-26T19:35:13Z,h2h,2026-09-26T19:35:13Z,South Florida Bulls,-1205,,20260926193526122038
NCAAF,americanfootball_ncaaf,10078e86207d952986707c1ad7dc9331,2026-09-26T21:00:00Z,Bowling Green Falcons,South Florida Bulls,mybookieag,MyBookie.ag,2026-09-26T19:35:13Z,spreads,2026-09-26T19:35:13Z,Bowling Green Falcons,-110,18.5,20260926193526122038
NCAAF,americanfootball_ncaaf,10078e86207d952986707c1ad7dc9331,2026-09-26T21:00:00Z,Bowling Green Falcons,South Florida Bulls,mybookieag,MyBookie.ag,2026-09-26T19:35:13Z,spreads,2026-09-26T19:35:13Z,South Florida Bulls,-110,-18.5,20260926193526122038
NCAAF,americanfootball_ncaaf,10078e86207d952986707c1ad7dc9331,2026-09-26T21:00:00Z,Bowling Green Falcons,South Florida Bulls,mybookieag,MyBookie.ag,2026-09-26T19:35:13Z,totals,2026-09-26T19:35:13Z,Over,-110,49.0,20260926193526122038
NCAAF,americanfootball_ncaaf,10078e86207d952986707c1ad7dc9331,2026-09-26T21:00:00Z,Bowling Green Falcons,South Florida Bulls,mybookieag,MyBookie.ag,2026-09-26T19:35:13Z,totals,2026-09-26T19:35:13Z,Under,-110,49.0,20260926193526122038
NCAAF,americanfootball_ncaaf,10078e86207d952986707c1ad7dc9331,2026-09-26T21:00:00Z,Bowling Green Falcons,South Florida Bulls,betrivers,BetRivers,2026-09-26T19:34:38Z,h2h,2026-09-26T19:34:38Z,Bowling Green Falcons,800,,20260926193526122038
NCAAF,americanfootball_ncaaf,10078e86207d952986707c1ad7dc9331,2026-09-26T21:00:00Z,Bowling Green Falcons,South Florida Bulls,betrivers,BetRivers,2026-09-26T19:34:38Z,h2h,2026-09-26T19:34:38Z,South Florida Bulls,-1667,,20260926193526122038
NCAAF,americanfootball_ncaaf,10078e86207d952986707c1ad7dc9331,2026-09-26T21:00:00Z,Bowling Green Falcons,South Florida Bulls,betrivers,BetRivers,2026-09-26T19:34:38Z,spreads,2026-09-26T19:34:38Z,Bowling Green Falcons,-110,18.5,20260926193526122038
NCAAF,americanfootball_ncaaf,10078e86207d952986707c1ad7dc9331,2026-09-26T21:00:00Z,Bowling Green Falcons,South Florida Bulls,betrivers,BetRivers,2026-09-26T19:34:38Z,spreads,2026-09-26T19:34:38Z,South Florida Bulls,-112,-18.5,20260926193526122038
NCAAF,americanfootball_ncaaf,10078e86207d952986707c1ad7dc9331,2026-09-26T21:00:00Z,Bowling Green Falcons,South Florida Bulls,betrivers,BetRivers,2026-09-26T19:34:38Z,totals,2026-09-26T19:34:38Z,Over,-110,49.5,20260926193526122038
NCAAF,americanfootball_ncaaf,10078e86207d952986707c1ad7dc9331,2026-09-26T21:00:00Z,Bowling Green Falcons,South Florida Bulls,betrivers,BetRivers,2026-09-26T19:34:38Z,totals,2026-09-26T19:34:38Z,Under,-117,49.5,20260926193526122038
NCAAF,americanfootball_ncaaf,10078e86207d952986707c1ad7dc9331,2026-09-26T21:00:00Z,Bowling Green Falcons,South Florida Bulls,draftkings,DraftKings,2026-09-26T19:34:04Z,h2h,2026-09-26T19:34:04Z,Bowling Green Falcons,675,,20260926193526122038
NCAAF,americanfootball_ncaaf,10078e86207d952986707c1ad7dc9331,2026-09-26T21:00:00Z,Bowling Green Falcons,South Florida Bulls,draftkings,DraftKings,2026-09-26T19:34:04Z,h2h,2026-09-26T19:34:04Z,South Florida Bulls,-1050,,20260926193526122038
NCAAF,americanfootball_ncaaf,10078e86207d952986707c1ad7dc9331,2026-09-26T21:00:00Z,Bowling Green Falcons,South Florida Bulls,draftkings,DraftKings,2026-09-26T19:34:04Z,spreads,2026-09-26T19:34:04Z,Bowling Green Falcons,-115,18.5,20260926193526122038
NCAAF,americanfootball_ncaaf,10078e86207d952986707c1ad7dc9331,2026-09-26T21:00:00Z,Bowling Green Falcons,South Florida Bulls,draftkings,DraftKings,2026-09-26T19:34:04Z,spreads,2026-09-26T19:34:04Z,South Florida Bulls,-105,-18.5,20260926193526122038
NCAAF,americanfootball_ncaaf,10078e86207d952986707c1ad7dc9331,2026-09-26T21:00:00Z,Bowling Green Falcons,South Florida Bulls,draftkings,DraftKings,2026-09-26T19:34:04Z,totals,2026-09-26T19:34:04Z,Over,-112,48.5,20260926193526122038
NCAAF,americanfootball_ncaaf,10078e86207d952986707c1ad7dc9331,2026-09-26T21:00:00Z,Bowling Green Falcons,South Florida Bulls,draftkings,DraftKings,2026-09-26T19:34:04Z,totals,2026-09-26T19:34:04Z,Under,-108,48.5,20260926193526122038
NCAAF,americanfootball_ncaaf,10078e86207d952986707c1ad7dc9331,2026-09-26T21:00:00Z,Bowling Green Falcons,South Florida Bulls,lowvig,LowVig.ag,2026-09-26T19:34:21Z,h2h,2026-09-26T19:34:21Z,Bowling Green Falcons,686,,20260926193526122038
NCAAF,americanfootball_ncaaf,10078e86207d952986707c1ad7dc9331,2026-09-26T21:00:00Z,Bowling Green Falcons,South Florida Bulls,lowvig,LowVig.ag,2026-09-26T19:34:21Z,h2h,2026-09-26T19:34:21Z,South Florida Bulls,-1050,,20260926193526122038
NCAAF,americanfootball_ncaaf,10078e86207d952986707c1ad7dc9331,2026-09-26T21:00:00Z,Bowling Green Falcons,South Florida Bulls,lowvig,LowVig.ag,2026-09-26T19:34:21Z,spreads,2026-09-26T19:34:21Z,Bowling Green Falcons,-110,18.5,20260926193526122038
NCAAF,americanfootball_ncaaf,10078e86207d952986707c1ad7dc9331,2026-09-26T21:00:00Z,Bowling Green Falcons,South Florida Bulls,lowvig,LowVig.ag,2026-09-26T19:34:21Z,spreads,2026-09-26T19:34:21Z,South Florida Bulls,-102,-18.5,20260926193526122038
NCAAF,americanfootball_ncaaf,10078e86207d952986707c1ad7dc9331,2026-09-26T21:00:00Z,Bowling Green Falcons,South Florida Bulls,lowvig,LowVig.ag,2026-09-26T19:34:21Z,totals,2026-09-26T19:34:21Z,Over,-102,49.5,20260926193526122038
NCAAF,americanfootball_ncaaf,10078e86207d952986707c1ad7dc9331,2026-09-26T21:00:00Z,Bowling Green Falcons,South Florida Bulls,lowvig,LowVig.ag,2026-09-26T19:34:21Z,totals,2026-09-26T19:34:21Z,Under,-115,49.5,20260926193526122038
NCAAF,americanfootball_ncaaf,10078e86207d952986707c1ad7dc9331,2026-09-26T21:00:00Z,Bowling Green Falcons,South Florida Bulls,betonlineag,BetOnline.ag,2026-09-26T19:34:56Z,h2h,2026-09-26T19:34:54Z,Bowling Green Falcons,686,,20260926193526122038
NCAAF,americanfootball_ncaaf,10078e86207d952986707c1ad7dc9331,2026-09-26T21:00:00Z,Bowling Green Falcons,South Florida Bulls,betonlineag,BetOnline.ag,2026-09-26T19:34:56Z,h2h,2026-09-26T19:34:54Z,South Florida Bulls,-1050,,20260926193526122038
NCAAF,americanfootball_ncaaf,10078e86207d952986707c1ad7dc9331,2026-09-26T21:00:00Z,Bowling Green Falcons,South Florida Bulls,betonlineag,BetOnline.ag,2026-09-26T19:34:56Z,spreads,2026-09-26T19:34:54Z,Bowling Green Falcons,-114,18.5,20260926193526122038
NCAAF,americanfootball_ncaaf,10078e86207d952986707c1ad7dc9331,2026-09-26T21:00:00Z,Bowling Green Falcons,South Florida Bulls,betonlineag,BetOnline.ag,2026-09-26T19:34:56Z,spreads,2026-09-26T19:34:54Z,South Florida Bulls,-106,-18.5,20260926193526122038
NCAAF,americanfootball_ncaaf,10078e86207d952986707c1ad7dc9331,2026-09-26T21:00:00Z,Bowling Green Falcons,South Florida Bulls,betonlineag,BetOnline.ag,2026-09-26T19:34:56Z,totals,2026-09-26T19:34:54Z,Over,-104,49.5,20260926193526122038
NCAAF,americanfootball_ncaaf,10078e86207d952986707c1ad7dc9331,2026-09-26T21:00:00Z,Bowling Green Falcons,South Florida Bulls,betonlineag,BetOnline.ag,2026-09-26T19:34:56Z,totals,2026-09-26T19:34:54Z,Under,-116,49.5,20260926193526122038
NCAAF,americanfootball_ncaaf,10078e86207d952986707c1ad7dc9331,2026-09-26T21:00:00Z,Bowling Green Falcons,South Florida Bulls,betus,BetUS,2026-09-26T19:35:13Z,h2h,2026-09-26T19:35:12Z,Bowling Green Falcons,700,,20260926193526122038
NCAAF,americanfootball_ncaaf,10078e86207d952986707c1ad7dc9331,2026-09-26T21:00:00Z,Bowling Green Falcons,South Florida Bulls,betus,BetUS,2026-09-26T19:35:13Z,h2h,2026-09-26T19:35:12Z,South Florida Bulls,-1100,,20260926193526122038
NCAAF,americanfootball_ncaaf,10078e86207d952986707c1ad7dc9331,2026-09-26T21:00:00Z,Bowling Green Falcons,South Florida Bulls,betus,BetUS,2026-09-26T19:35:13Z,spreads,2026-09-26T19:35:12Z,Bowling Green Falcons,-110,18.5,20260926193526122038
NCAAF,americanfootball_ncaaf,10078e86207d952986707c1ad7dc9331,2026-09-26T21:00:00Z,Bowling Green Falcons,South Florida Bulls,betus,BetUS,2026-09-26T19:35:13Z,spreads,2026-09-26T19:35:12Z,South Florida Bulls,-110,-18.5,20260926193526122038
NCAAF,americanfootball_ncaaf,10078e86207d952986707c1ad7dc9331,2026-09-26T21:00:00Z,Bowling Green Falcons,South Florida Bulls,betus,BetUS,2026-09-26T19:35:13Z,totals,2026-09-26T19:35:12Z,Over,-110,49.0,20260926193526122038
NCAAF,americanfootball_ncaaf,10078e86207d952986707c1ad7dc9331,2026-09-26T21:00:00Z,Bowling Green Falcons,South Florida Bulls,betus,BetUS,2026-09-26T19:35:13Z,totals,2026-09-26T19:35:12Z,Under,-110,49.0,20260926193526122038
NCAAF,americanfootball_ncaaf,10078e86207d952986707c1ad7dc9331,2026-09-26T21:00:00Z,Bowling Green Falcons,South Florida Bulls,betmgm,BetMGM,2026-09-26T19:34:43Z,h2h,2026-09-26T19:34:42Z,Bowling Green Falcons,725,,20260926193526122038
NCAAF,americanfootball_ncaaf,10078e86207d952986707c1ad7dc9331,2026-09-26T21:00:00Z,Bowling Green Falcons,South Florida Bulls,betmgm,BetMGM,2026-09-26T19:34:43Z,h2h,2026-09-26T19:34:42Z,South Florida Bulls,-1000,,20260926193526122038
NCAAF,americanfootball_ncaaf,10078e86207d952986707c1ad7dc9331,2026-09-26T21:00:00Z,Bowling Green Falcons,South Florida Bulls,betmgm,BetMGM,2026-09-26T19:34:43Z,spreads,2026-09-26T19:34:42Z,Bowling Green Falcons,-108,18.0,20260926193526122038
NCAAF,americanfootball_ncaaf,10078e86207d952986707c1ad7dc9331,2026-09-26T21:00:00Z,Bowling Green Falcons,South Florida Bulls,betmgm,BetMGM,2026-09-26T19:34:43Z,spreads,2026-09-26T19:34:42Z,South Florida Bulls,-110,-18.0,20260926193526122038
NCAAF,americanfootball_ncaaf,10078e86207d952986707c1ad7dc9331,2026-09-26T21:00:00Z,Bowling Green Falcons,South Florida Bulls,betmgm,BetMGM,2026-09-26T19:34:43Z,totals,2026-09-26T19:34:42Z,Over,-115,48.5,20260926193526122038
NCAAF,americanfootball_ncaaf,10078e86207d952986707c1ad7dc9331,2026-09-26T21:00:00Z,Bowling Green Falcons,South Florida Bulls,betmgm,BetMGM,2026-09-26T19:34:43Z,totals,2026-09-26T19:34:42Z,Under,-105,48.5,20260926193526122038
NCAAF,americanfootball_ncaaf,10078e86207d952986707c1ad7dc9331,2026-09-26T21:00:00Z,Bowling Green Falcons,South Florida Bulls,bovada,Bovada,2026-09-26T19:34:42Z,h2h,2026-09-26T19:34:42Z,Bowling Green Falcons,625,,20260926193526122038
NCAAF,americanfootball_ncaaf,10078e86207d952986707c1ad7dc9331,2026-09-26T21:00:00Z,Bowling Green Falcons,South Florida Bulls,bovada,Bovada,2026-09-26T19:34:42Z,h2h,2026-09-26T19:34:42Z,South Florida Bulls,-1000,,20260926193526122038
NCAAF,americanfootball_ncaaf,10078e86207d952986707c1ad7dc9331,2026-09-26T21:00:00Z,Bowling Green Falcons,South Florida Bulls,bovada,Bovada,2026-09-26T19:34:42Z,spreads,2026-09-26T19:34:42Z,Bowling Green Falcons,-110,18.0,20260926193526122038
NCAAF,americanfootball_ncaaf,10078e86207d952986707c1ad7dc9331,2026-09-26T21:00:00Z,Bowling Green Falcons,South Florida Bulls,bovada,Bovada,2026-09-26T19:34:42Z,spreads,2026-09-26T19:34:42Z,South Florida Bulls,-110,-18.0,20260926193526122038
NCAAF,americanfootball_ncaaf,10078e86207d952986707c1ad7dc9331,2026-09-26T21:00:00Z,Bowling Green Falcons,South Florida Bulls,bovada,Bovada,2026-09-26T19:34:42Z,totals,2026-09-26T19:34:42Z,Over,-110,49.0,20260926193526122038
NCAAF,americanfootball_ncaaf,10078e86207d952986707c1ad7dc9331,2026-09-26T21:00:00Z,Bowling Green Falcons,South Florida Bulls,bovada,Bovada,2026-09-26T19:34:42Z,totals,2026-09-26T19:34:42Z,Under,-110,49.0,20260926193526122038
NCAAF,americanfootball_ncaaf,023386f1b92db2259c7d52b2f244182f,2026-09-26T21:00:00Z,Michigan State Spartans,Nebraska Cornhuskers,draftkings,DraftKings,2026-09-26T19:34:04Z,h2h,2026-09-26T19:34:04Z,Michigan State Spartans,185,,20260926193526122038
NCAAF,americanfootball_ncaaf,023386f1b92db2259c7d52b2f244182f,2026-09-26T21:00:00Z,Michigan State Spartans,Nebraska Cornhuskers,draftkings,DraftKings,2026-09-26T19:34:04Z,h2h,2026-09-26T19:34:04Z,Nebraska Cornhuskers,-225,,20260926193526122038
NCAAF,americanfootball_ncaaf,023386f1b92db2259c7d52b2f244182f,2026-09-26T21:00:00Z,Michigan State Spartans,Nebraska Cornhuskers,draftkings,DraftKings,2026-09-26T19:34:04Z,spreads,2026-09-26T19:34:04Z,Michigan State Spartans,-108,5.5,20260926193526122038
NCAAF,americanfootball_ncaaf,023386f1b92db2259c7d52b2f244182f,2026-09-26T21:00:00Z,Michigan State Spartans,Nebraska Cornhuskers,draftkings,DraftKings,2026-09-26T19:34:04Z,spreads,2026-09-26T19:34:04Z,Nebraska Cornhuskers,-112,-5.5,20260926193526122038
NCAAF,americanfootball_ncaaf,023386f1b92db2259c7d52b2f244182f,2026-09-26T21:00:00Z,Michigan State Spartans,Nebraska Cornhuskers,draftkings,DraftKings,2026-09-26T19:34:04Z,totals,2026-09-26T19:34:04Z,Over,-108,49.5,20260926193526122038
NCAAF,americanfootball_ncaaf,023386f1b92db2259c7d52b2f244182f,2026-09-26T21:00:00Z,Michigan State Spartans,Nebraska Cornhuskers,draftkings,DraftKings,2026-09-26T19:34:04Z,totals,2026-09-26T19:34:04Z,Under,-112,49.5,20260926193526122038
NCAAF,americanfootball_ncaaf,023386f1b92db2259c7d52b2f244182f,2026-09-26T21:00:00Z,Michigan State Spartans,Nebraska Cornhuskers,mybookieag,MyBookie.ag,2026-09-26T19:35:13Z,h2h,2026-09-26T19:35:13Z,Michigan State Spartans,194,,20260926193526122038
NCAAF,americanfootball_ncaaf,023386f1b92db2259c7d52b2f244182f,2026-09-26T21:00:00Z,Michigan State Spartans,Nebraska Cornhuskers,mybookieag,MyBookie.ag,2026-09-26T19:35:13Z,h2h,2026-09-26T19:35:13Z,Nebraska Cornhuskers,-244,,20260926193526122038
NCAAF,americanfootball_ncaaf,023386f1b92db2259c7d52b2f244182f,2026-09-26T21:00:00Z,Michigan State Spartans,Nebraska Cornhuskers,mybookieag,MyBookie.ag,2026-09-26T19:35:13Z,spreads,2026-09-26T19:35:13Z,Michigan State Spartans,-110,6.0,20260926193526122038
NCAAF,americanfootball_ncaaf,023386f1b92db2259c7d52b2f244182f,2026-09-26T21:00:00Z,Michigan State Spartans,Nebraska Cornhuskers,mybookieag,MyBookie.ag,2026-09-26T19:35:13Z,spreads,2026-09-26T19:35:13Z,Nebraska Cornhuskers,-110,-6.0,20260926193526122038
NCAAF,americanfootball_ncaaf,023386f1b92db2259c7d52b2f244182f,2026-09-26T21:00:00Z,Michigan State Spartans,Nebraska Cornhuskers,mybookieag,MyBookie.ag,2026-09-26T19:35:13Z,totals,2026-09-26T19:35:13Z,Over,-110,49.0,20260926193526122038
NCAAF,americanfootball_ncaaf,023386f1b92db2259c7d52b2f244182f,2026-09-26T21:00:00Z,Michigan State Spartans,Nebraska Cornhuskers,mybookieag,MyBookie.ag,2026-09-26T19:35:13Z,totals,2026-09-26T19:35:13Z,Under,-110,49.0,20260926193526122038
NCAAF,americanfootball_ncaaf,023386f1b92db2259c7d52b2f244182f,2026-09-26T21:00:00Z,Michigan State Spartans,Nebraska Cornhuskers,fanduel,FanDuel,2026-09-26T19:35:15Z,h2h,2026-09-26T19:35:15Z,Michigan State Spartans,188,,20260926193526122038
NCAAF,americanfootball_ncaaf,023386f1b92db2259c7d52b2f244182f,2026-09-26T21:00:00Z,Michigan State Spartans,Nebraska Cornhuskers,fanduel,FanDuel,2026-09-26T19:35:15Z,h2h,2026-09-26T19:35:15Z,Nebraska Cornhuskers,-230,,20260926193526122038
NCAAF,americanfootball_ncaaf,023386f1b92db2259c7d52b2f244182f,2026-09-26T21:00:00Z,Michigan State Spartans,Nebraska Cornhuskers,fanduel,FanDuel,2026-09-26T19:35:15Z,spreads,2026-09-26T19:35:15Z,Michigan State Spartans,-102,5.5,20260926193526122038
NCAAF,americanfootball_ncaaf,023386f1b92db2259c7d52b2f244182f,2026-09-26T21:00:00Z,Michigan State Spartans,Nebraska Cornhuskers,fanduel,FanDuel,2026-09-26T19:35:15Z,spreads,2026-09-26T19:35:15Z,Nebraska Cornhuskers,-120,-5.5,20260926193526122038
NCAAF,americanfootball_ncaaf,023386f1b92db2259c7d52b2f244182f,2026-09-26T21:00:00Z,Michigan State Spartans,Nebraska Cornhuskers,fanduel,FanDuel,2026-09-26T19:35:15Z,totals,2026-09-26T19:35:15Z,Over,-112,48.5,20260926193526122038
NCAAF,americanfootball_ncaaf,023386f1b92db2259c7d52b2f244182f,2026-09-26T21:00:00Z,Michigan State Spartans,Nebraska Cornhuskers,fanduel,FanDuel,2026-09-26T19:35:15Z,totals,2026-09-26T19:35:15Z,Under,-108,48.5,20260926193526122038
NCAAF,americanfootball_ncaaf,023386f1b92db2259c7d52b2f244182f,2026-09-26T21:00:00Z,Michigan State Spartans,Nebraska Cornhuskers,betrivers,BetRivers,2026-09-26T19:34:38Z,h2h,2026-09-26T19:34:38Z,Michigan State Spartans,175,,20260926193526122038
NCAAF,americanfootball_ncaaf,023386f1b92db2259c7d52b2f244182f,2026-09-26T21:00:00Z,Michigan State Spartans,Nebraska Cornhuskers,betrivers,BetRivers,2026-09-26T19:34:38Z,h2h,2026-09-26T19:34:38Z,Nebraska Cornhuskers,-225,,20260926193526122038
NCAAF,americanfootball_ncaaf,023386f1b92db2259c7d52b2f244182f,2026-09-26T21:00:00Z,Michigan State Spartans,Nebraska Cornhuskers,betrivers,BetRivers,2026-09-26T19:34:38Z,spreads,2026-09-26T19:34:38Z,Michigan State Spartans,-113,6.0,20260926193526122038
NCAAF,americanfootball_ncaaf,023386f1b92db2259c7d52b2f244182f,2026-09-26T21:00:00Z,Michigan State Spartans,Nebraska Cornhuskers,betrivers,BetRivers,2026-09-26T19:34:38Z,spreads,2026-09-26T19:34:38Z,Nebraska Cornhuskers,-110,-6.0,20260926193526122038
NCAAF,americanfootball_ncaaf,023386f1b92db2259c7d52b2f244182f,2026-09-26T21:00:00Z,Michigan State Spartans,Nebraska Cornhuskers,betrivers,BetRivers,2026-09-26T19:34:38Z,totals,2026-09-26T19:34:38Z,Over,-110,48.5,20260926193526122038
NCAAF,americanfootball_ncaaf,023386f1b92db2259c7d52b2f244182f,2026-09-26T21:00:00Z,Michigan State Spartans,Nebraska Cornhuskers,betrivers,BetRivers,2026-09-26T19:34:38Z,totals,2026-09-26T19:34:38Z,Under,-113,48.5,20260926193526122038
NCAAF,americanfootball_ncaaf,023386f1b92db2259c7d52b2f244182f,2026-09-26T21:00:00Z,Michigan State Spartans,Nebraska Cornhuskers,betonlineag,BetOnline.ag,2026-09-26T19:34:56Z,h2h,2026-09-26T19:34:54Z,Michigan State Spartans,189,,20260926193526122038
NCAAF,americanfootball_ncaaf,023386f1b92db2259c7d52b2f244182f,2026-09-26T21:00:00Z,Michigan State Spartans,Nebraska Cornhuskers,betonlineag,BetOnline.ag,2026-09-26T19:34:56Z,h2h,2026-09-26T19:34:54Z,Nebraska Cornhuskers,-225,,20260926193526122038
NCAAF,americanfootball_ncaaf,023386f1b92db2259c7d52b2f244182f,2026-09-26T21:00:00Z,Michigan State Spartans,Nebraska Cornhuskers,betonlineag,BetOnline.ag,2026-09-26T19:34:56Z,spreads,2026-09-26T19:34:54Z,Michigan State Spartans,-105,5.5,20260926193526122038
NCAAF,americanfootball_ncaaf,023386f1b92db2259c7d52b2f244182f,2026-09-26T21:00:00Z,Michigan State Spartans,Nebraska Cornhuskers,betonlineag,BetOnline.ag,2026-09-26T19:34:56Z,spreads,2026-09-26T19:34:54Z,Nebraska Cornhuskers,-115,-5.5,20260926193526122038
NCAAF,americanfootball_ncaaf,023386f1b92db2259c7d52b2f244182f,2026-09-26T21:00:00Z,Michigan State Spartans,Nebraska Cornhuskers,betonlineag,BetOnline.ag,2026-09-26T19:34:56Z,totals,2026-09-26T19:34:54Z,Over,-108,49.5,20260926193526122038
NCAAF,americanfootball_ncaaf,023386f1b92db2259c7d52b2f244182f,2026-09-26T21:00:00Z,Michigan State Spartans,Nebraska Cornhuskers,betonlineag,BetOnline.ag,2026-09-26T19:34:56Z,totals,2026-09-26T19:34:54Z,Under,-112,49.5,20260926193526122038
NCAAF,americanfootball_ncaaf,023386f1b92db2259c7d52b2f244182f,2026-09-26T21:00:00Z,Michigan State Spartans,Nebraska Cornhuskers,lowvig,LowVig.ag,2026-09-26T19:34:21Z,h2h,2026-09-26T19:34:21Z,Michigan State Spartans,189,,20260926193526122038
NCAAF,americanfootball_ncaaf,023386f1b92db2259c7d52b2f244182f,2026-09-26T21:00:00Z,Michigan State Spartans,Nebraska Cornhuskers,lowvig,LowVig.ag,2026-09-26T19:34:21Z,h2h,2026-09-26T19:34:21Z,Nebraska Cornhuskers,-225,,20260926193526122038
NCAAF,americanfootball_ncaaf,023386f1b92db2259c7d52b2f244182f,2026-09-26T21:00:00Z,Michigan State Spartans,Nebraska Cornhuskers,lowvig,LowVig.ag,2026-09-26T19:34:21Z,spreads,2026-09-26T19:34:21Z,Michigan State Spartans,-101,5.5,20260926193526122038
NCAAF,americanfootball_ncaaf,023386f1b92db2259c7d52b2f244182f,2026-09-26T21:00:00Z,Michigan State Spartans,Nebraska Cornhuskers,lowvig,LowVig.ag,2026-09-26T19:34:21Z,spreads,2026-09-26T19:34:21Z,Nebraska Cornhuskers,-111,-5.5,20260926193526122038
NCAAF,americanfootball_ncaaf,023386f1b92db2259c7d52b2f244182f,2026-09-26T21:00:00Z,Michigan State Spartans,Nebraska Cornhuskers,lowvig,LowVig.ag,2026-09-26T19:34:21Z,totals,2026-09-26T19:34:21Z,Over,-106,49.5,20260926193526122038
NCAAF,americanfootball_ncaaf,023386f1b92db2259c7d52b2f244182f,2026-09-26T21:00:00Z,Michigan State Spartans,Nebraska Cornhuskers,lowvig,LowVig.ag,2026-09-26T19:34:21Z,totals,2026-09-26T19:34:21Z,Under,-110,49.5,20260926193526122038
NCAAF,americanfootball_ncaaf,023386f1b92db2259c7d52b2f244182f,2026-09-26T21:00:00Z,Michigan State Spartans,Nebraska Cornhuskers,betmgm,BetMGM,2026-09-26T19:34:43Z,h2h,2026-09-26T19:34:42Z,Michigan State Spartans,185,,20260926193526122038
NCAAF,americanfootball_ncaaf,023386f1b92db2259c7d52b2f244182f,2026-09-26T21:00:00Z,Michigan State Spartans,Nebraska Cornhuskers,betmgm,BetMGM,2026-09-26T19:34:43Z,h2h,2026-09-26T19:34:42Z,Nebraska Cornhuskers,-225,,20260926193526122038
NCAAF,americanfootball_ncaaf,023386f1b92db2259c7d52b2f244182f,2026-09-26T21:00:00Z,Michigan State Spartans,Nebraska Cornhuskers,betmgm,BetMGM,2026-09-26T19:34:43Z,spreads,2026-09-26T19:34:42Z,Michigan State Spartans,-110,6.0,20260926193526122038
NCAAF,americanfootball_ncaaf,023386f1b92db2259c7d52b2f244182f,2026-09-26T21:00:00Z,Michigan State Spartans,Nebraska Cornhuskers,betmgm,BetMGM,2026-09-26T19:34:43Z,spreads,2026-09-26T19:34:42Z,Nebraska Cornhuskers,-108,-6.0,20260926193526122038
NCAAF,americanfootball_ncaaf,023386f1b92db2259c7d52b2f244182f,2026-09-26T21:00:00Z,Michigan State Spartans,Nebraska Cornhuskers,betmgm,BetMGM,2026-09-26T19:34:43Z,totals,2026-09-26T19:34:42Z,Over,-105,49.5,20260926193526122038
NCAAF,americanfootball_ncaaf,023386f1b92db2259c7d52b2f244182f,2026-09-26T21:00:00Z,Michigan State Spartans,Nebraska Cornhuskers,betmgm,BetMGM,2026-09-26T19:34:43Z,totals,2026-09-26T19:34:42Z,Under,-112,49.5,20260926193526122038
NCAAF,americanfootball_ncaaf,023386f1b92db2259c7d52b2f244182f,2026-09-26T21:00:00Z,Michigan State Spartans,Nebraska Cornhuskers,betus,BetUS,2026-09-26T19:35:13Z,h2h,2026-09-26T19:35:12Z,Michigan State Spartans,185,,20260926193526122038
NCAAF,americanfootball_ncaaf,023386f1b92db2259c7d52b2f244182f,2026-09-26T21:00:00Z,Michigan State Spartans,Nebraska Cornhuskers,betus,BetUS,2026-09-26T19:35:13Z,h2h,2026-09-26T19:35:12Z,Nebraska Cornhuskers,-220,,20260926193526122038
NCAAF,americanfootball_ncaaf,023386f1b92db2259c7d52b2f244182f,2026-09-26T21:00:00Z,Michigan State Spartans,Nebraska Cornhuskers,betus,BetUS,2026-09-26T19:35:13Z,spreads,2026-09-26T19:35:12Z,Michigan State Spartans,-105,5.5,20260926193526122038
NCAAF,americanfootball_ncaaf,023386f1b92db2259c7d52b2f244182f,2026-09-26T21:00:00Z,Michigan State Spartans,Nebraska Cornhuskers,betus,BetUS,2026-09-26T19:35:13Z,spreads,2026-09-26T19:35:12Z,Nebraska Cornhuskers,-115,-5.5,20260926193526122038
NCAAF,americanfootball_ncaaf,023386f1b92db2259c7d52b2f244182f,2026-09-26T21:00:00Z,Michigan State Spartans,Nebraska Cornhuskers,betus,BetUS,2026-09-26T19:35:13Z,totals,2026-09-26T19:35:12Z,Over,-110,49.0,20260926193526122038
NCAAF,americanfootball_ncaaf,023386f1b92db2259c7d52b2f244182f,2026-09-26T21:00:00Z,Michigan State Spartans,Nebraska Cornhuskers,betus,BetUS,2026-09-26T19:35:13Z,totals,2026-09-26T19:35:12Z,Under,-110,49.0,20260926193526122038
NCAAF,americanfootball_ncaaf,023386f1b92db2259c7d52b2f244182f,2026-09-26T21:00:00Z,Michigan State Spartans,Nebraska Cornhuskers,bovada,Bovada,2026-09-26T19:34:42Z,h2h,2026-09-26T19:34:42Z,Michigan State Spartans,190,,20260926193526122038
NCAAF,americanfootball_ncaaf,023386f1b92db2259c7d52b2f244182f,2026-09-26T21:00:00Z,Michigan State Spartans,Nebraska Cornhuskers,bovada,Bovada,2026-09-26T19:34:42Z,h2h,2026-09-26T19:34:42Z,Nebraska Cornhuskers,-230,,20260926193526122038
NCAAF,americanfootball_ncaaf,023386f1b92db2259c7d52b2f244182f,2026-09-26T21:00:00Z,Michigan State Spartans,Nebraska Cornhuskers,bovada,Bovada,2026-09-26T19:34:42Z,spreads,2026-09-26T19:34:42Z,Michigan State Spartans,-115,6.0,20260926193526122038
NCAAF,americanfootball_ncaaf,023386f1b92db2259c7d52b2f244182f,2026-09-26T21:00:00Z,Michigan State Spartans,Nebraska Cornhuskers,bovada,Bovada,2026-09-26T19:34:42Z,spreads,2026-09-26T19:34:42Z,Nebraska Cornhuskers,-105,-6.0,20260926193526122038
NCAAF,americanfootball_ncaaf,023386f1b92db2259c7d52b2f244182f,2026-09-26T21:00:00Z,Michigan State Spartans,Nebraska Cornhuskers,bovada,Bovada,2026-09-26T19:34:42Z,totals,2026-09-26T19:34:42Z,Over,-110,49.0,20260926193526122038
NCAAF,americanfootball_ncaaf,023386f1b92db2259c7d52b2f244182f,2026-09-26T21:00:00Z,Michigan State Spartans,Nebraska Cornhuskers,bovada,Bovada,2026-09-26T19:34:42Z,totals,2026-09-26T19:34:42Z,Under,-110,49.0,20260926193526122038
NCAAF,americanfootball_ncaaf,9c5cf55e5371dd6178da97dcaef2bff5,2026-09-26T21:00:00Z,Penn State Nittany Lions,Wisconsin Badgers,draftkings,DraftKings,2026-09-26T19:34:04Z,h2h,2026-09-26T19:34:04Z,Penn State Nittany Lions,-380,,20260926193526122038
NCAAF,americanfootball_ncaaf,9c5cf55e5371dd6178da97dcaef2bff5,2026-09-26T21:00:00Z,Penn State Nittany Lions,Wisconsin Badgers,draftkings,DraftKings,2026-09-26T19:34:04Z,h2h,2026-09-26T19:34:04Z,Wisconsin Badgers,300,,20260926193526122038
NCAAF,americanfootball_ncaaf,9c5cf55e5371dd6178da97dcaef2bff5,2026-09-26T21:00:00Z,Penn State Nittany Lions,Wisconsin Badgers,draftkings,DraftKings,2026-09-26T19:34:04Z,spreads,2026-09-26T19:34:04Z,Penn State Nittany Lions,-110,-10.0,20260926193526122038
NCAAF,americanfootball_ncaaf,9c5cf55e5371dd6178da97dcaef2bff5,2026-09-26T21:00:00Z,Penn State Nittany Lions,Wisconsin Badgers,draftkings,DraftKings,2026-09-26T19:34:04Z,spreads,2026-09-26T19:34:04Z,Wisconsin Badgers,-110,10.0,20260926193526122038
NCAAF,americanfootball_ncaaf,9c5cf55e5371dd6178da97dcaef2bff5,2026-09-26T21:00:00Z,Penn State Nittany Lions,Wisconsin Badgers,draftkings,DraftKings,2026-09-26T19:34:04Z,totals,2026-09-26T19:34:04Z,Over,-115,43.5,20260926193526122038
NCAAF,americanfootball_ncaaf,9c5cf55e5371dd6178da97dcaef2bff5,2026-09-26T21:00:00Z,Penn State Nittany Lions,Wisconsin Badgers,draftkings,DraftKings,2026-09-26T19:34:04Z,totals,2026-09-26T19:34:04Z,Under,-105,43.5,20260926193526122038
NCAAF,americanfootball_ncaaf,9c5cf55e5371dd6178da97dcaef2bff5,2026-09-26T21:00:00Z,Penn State Nittany Lions,Wisconsin Badgers,fanduel,FanDuel,2026-09-26T19:35:15Z,h2h,2026-09-26T19:35:15Z,Penn State Nittany Lions,-400,,20260926193526122038
NCAAF,americanfootball_ncaaf,9c5cf55e5371dd6178da97dcaef2bff5,2026-09-26T21:00:00Z,Penn State Nittany Lions,Wisconsin Badgers,fanduel,FanDuel,2026-09-26T19:35:15Z,h2h,2026-09-26T19:35:15Z,Wisconsin Badgers,310,,20260926193526122038
NCAAF,americanfootball_ncaaf,9c5cf55e5371dd6178da97dcaef2bff5,2026-09-26T21:00:00Z,Penn State Nittany Lions,Wisconsin Badgers,fanduel,FanDuel,2026-09-26T19:35:15Z,spreads,2026-09-26T19:35:15Z,Penn State Nittany Lions,-120,-9.5,20260926193526122038
NCAAF,americanfootball_ncaaf,9c5cf55e5371dd6178da97dcaef2bff5,2026-09-26T21:00:00Z,Penn State Nittany Lions,Wisconsin Badgers,fanduel,FanDuel,2026-09-26T19:35:15Z,spreads,2026-09-26T19:35:15Z,Wisconsin Badgers,-102,9.5,20260926193526122038
NCAAF,americanfootball_ncaaf,9c5cf55e5371dd6178da97dcaef2bff5,2026-09-26T21:00:00Z,Penn State Nittany Lions,Wisconsin Badgers,fanduel,FanDuel,2026-09-26T19:35:15Z,totals,2026-09-26T19:35:15Z,Over,-115,43.5,20260926193526122038
NCAAF,americanfootball_ncaaf,9c5cf55e5371dd6178da97dcaef2bff5,2026-09-26T21:00:00Z,Penn State Nittany Lions,Wisconsin Badgers,fanduel,FanDuel,2026-09-26T19:35:15Z,totals,2026-09-26T19:35:15Z,Under,-105,43.5,20260926193526122038
NCAAF,americanfootball_ncaaf,9c5cf55e5371dd6178da97dcaef2bff5,2026-09-26T21:00:00Z,Penn State Nittany Lions,Wisconsin Badgers,betrivers,BetRivers,2026-09-26T19:34:38Z,h2h,2026-09-26T19:34:38Z,Penn State Nittany Lions,-480,,20260926193526122038
NCAAF,americanfootball_ncaaf,9c5cf55e5371dd6178da97dcaef2bff5,2026-09-26T21:00:00Z,Penn State Nittany Lions,Wisconsin Badgers,betrivers,BetRivers,2026-09-26T19:34:38Z,h2h,2026-09-26T19:34:38Z,Wisconsin Badgers,335,,20260926193526122038
NCAAF,americanfootball_ncaaf,9c5cf55e5371dd6178da97dcaef2bff5,2026-09-26T21:00:00Z,Penn State Nittany Lions,Wisconsin Badgers,betrivers,BetRivers,2026-09-26T19:34:38Z,spreads,2026-09-26T19:34:38Z,Penn State Nittany Lions,-114,-10.0,20260926193526122038
NCAAF,americanfootball_ncaaf,9c5cf55e5371dd6178da97dcaef2bff5,2026-09-26T21:00:00Z,Penn State Nittany Lions,Wisconsin Badgers,betrivers,BetRivers,2026-09-26T19:34:38Z,spreads,2026-09-26T19:34:38Z,Wisconsin Badgers,-109,10.0,20260926193526122038
NCAAF,americanfootball_ncaaf,9c5cf55e5371dd6178da97dcaef2bff5,2026-09-26T21:00:00Z,Penn State Nittany Lions,Wisconsin Badgers,betrivers,BetRivers,2026-09-26T19:34:38Z,totals,2026-09-26T19:34:38Z,Over,-109,44.0,20260926193526122038
NCAAF,americanfootball_ncaaf,9c5cf55e5371dd6178da97dcaef2bff5,2026-09-26T21:00:00Z,Penn State Nittany Lions,Wisconsin Badgers,betrivers,BetRivers,2026-09-26T19:34:38Z,totals,2026-09-26T19:34:38Z,Under,-114,44.0,20260926193526122038
NCAAF,americanfootball_ncaaf,9c5cf55e5371dd6178da97dcaef2bff5,2026-09-26T21:00:00Z,Penn State Nittany Lions,Wisconsin Badgers,mybookieag,MyBookie.ag,2026-09-26T19:35:13Z,h2h,2026-09-26T19:35:13Z,Penn State Nittany Lions,-421,,20260926193526122038
NCAAF,americanfootball_ncaaf,9c5cf55e5371dd6178da97dcaef2bff5,2026-09-26T21:00:00Z,Penn State Nittany Lions,Wisconsin Badgers,mybookieag,MyBookie.ag,2026-09-26T19:35:13Z,h2h,2026-09-26T19:35:13Z,Wisconsin Badgers,319,,20260926193526122038
NCAAF,americanfootball_ncaaf,9c5cf55e5371dd6178da97dcaef2bff5,2026-09-26T21:00:00Z,Penn State Nittany Lions,Wisconsin Badgers,mybookieag,MyBookie.ag,2026-09-26T19:35:13Z,spreads,2026-09-26T19:35:13Z,Penn State Nittany Lions,-110,-10.0,20260926193526122038
NCAAF,americanfootball_ncaaf,9c5cf55e5371dd6178da97dcaef2bff5,2026-09-26T21:00:00Z,Penn State Nittany Lions,Wisconsin Badgers,mybookieag,MyBookie.ag,2026-09-26T19:35:13Z,spreads,2026-09-26T19:35:13Z,Wisconsin Badgers,-110,10.0,20260926193526122038
NCAAF,americanfootball_ncaaf,9c5cf55e5371dd6178da97dcaef2bff5,2026-09-26T21:00:00Z,Penn State Nittany Lions,Wisconsin Badgers,mybookieag,MyBookie.ag,2026-09-26T19:35:13Z,totals,2026-09-26T19:35:13Z,Over,-110,44.0,20260926193526122038
NCAAF,americanfootball_ncaaf,9c5cf55e5371dd6178da97dcaef2bff5,2026-09-26T21:00:00Z,Penn State Nittany Lions,Wisconsin Badgers,mybookieag,MyBookie.ag,2026-09-26T19:35:13Z,totals,2026-09-26T19:35:13Z,Under,-110,44.0,20260926193526122038
NCAAF,americanfootball_ncaaf,9c5cf55e5371dd6178da97dcaef2bff5,2026-09-26T21:00:00Z,Penn State Nittany Lions,Wisconsin Badgers,betmgm,BetMGM,2026-09-26T19:34:43Z,h2h,2026-09-26T19:34:42Z,Penn State Nittany Lions,-375,,20260926193526122038
NCAAF,americanfootball_ncaaf,9c5cf55e5371dd6178da97dcaef2bff5,2026-09-26T21:00:00Z,Penn State Nittany Lions,Wisconsin Badgers,betmgm,BetMGM,2026-09-26T19:34:43Z,h2h,2026-09-26T19:34:42Z,Wisconsin Badgers,310,,20260926193526122038
NCAAF,americanfootball_ncaaf,9c5cf55e5371dd6178da97dcaef2bff5,2026-09-26T21:00:00Z,Penn State Nittany Lions,Wisconsin Badgers,betmgm,BetMGM,2026-09-26T19:34:43Z,spreads,2026-09-26T19:34:42Z,Penn State Nittany Lions,-112,-10.0,20260926193526122038
NCAAF,americanfootball_ncaaf,9c5cf55e5371dd6178da97dcaef2bff5,2026-09-26T21:00:00Z,Penn State Nittany Lions,Wisconsin Badgers,betmgm,BetMGM,2026-09-26T19:34:43Z,spreads,2026-09-26T19:34:42Z,Wisconsin Badgers,-105,10.0,20260926193526122038
NCAAF,americanfootball_ncaaf,9c5cf55e5371dd6178da97dcaef2bff5,2026-09-26T21:00:00Z,Penn State Nittany Lions,Wisconsin Badgers,betmgm,BetMGM,2026-09-26T19:34:43Z,totals,2026-09-26T19:34:42Z,Over,-115,43.5,20260926193526122038
NCAAF,americanfootball_ncaaf,9c5cf55e5371dd6178da97dcaef2bff5,2026-09-26T21:00:00Z,Penn State Nittany Lions,Wisconsin Badgers,betmgm,BetMGM,2026-09-26T19:34:43Z,totals,2026-09-26T19:34:42Z,Under,-102,43.5,20260926193526122038
NCAAF,americanfootball_ncaaf,9c5cf55e5371dd6178da97dcaef2bff5,2026-09-26T21:00:00Z,Penn State Nittany Lions,Wisconsin Badgers,lowvig,LowVig.ag,2026-09-26T19:34:21Z,h2h,2026-09-26T19:34:21Z,Penn State Nittany Lions,-390,,20260926193526122038
NCAAF,americanfootball_ncaaf,9c5cf55e5371dd6178da97dcaef2bff5,2026-09-26T21:00:00Z,Penn State Nittany Lions,Wisconsin Badgers,lowvig,LowVig.ag,2026-09-26T19:34:21Z,h2h,2026-09-26T19:34:21Z,Wisconsin Badgers,310,,20260926193526122038
NCAAF,americanfootball_ncaaf,9c5cf55e5371dd6178da97dcaef2bff5,2026-09-26T21:00:00Z,Penn State Nittany Lions,Wisconsin Badgers,lowvig,LowVig.ag,2026-09-26T19:34:21Z,spreads,2026-09-26T19:34:21Z,Penn State Nittany Lions,-109,-10.0,20260926193526122038
NCAAF,americanfootball_ncaaf,9c5cf55e5371dd6178da97dcaef2bff5,2026-09-26T21:00:00Z,Penn State Nittany Lions,Wisconsin Badgers,lowvig,LowVig.ag,2026-09-26T19:34:21Z,spreads,2026-09-26T19:34:21Z,Wisconsin Badgers,-103,10.0,20260926193526122038
NCAAF,americanfootball_ncaaf,9c5cf55e5371dd6178da97dcaef2bff5,2026-09-26T21:00:00Z,Penn State Nittany Lions,Wisconsin Badgers,lowvig,LowVig.ag,2026-09-26T19:34:21Z,totals,2026-09-26T19:34:21Z,Over,-108,44.0,20260926193526122038
NCAAF,americanfootball_ncaaf,9c5cf55e5371dd6178da97dcaef2bff5,2026-09-26T21:00:00Z,Penn State Nittany Lions,Wisconsin Badgers,lowvig,LowVig.ag,2026-09-26T19:34:21Z,totals,2026-09-26T19:34:21Z,Under,-108,44.0,20260926193526122038
NCAAF,americanfootball_ncaaf,9c5cf55e5371dd6178da97dcaef2bff5,2026-09-26T21:00:00Z,Penn State Nittany Lions,Wisconsin Badgers,betonlineag,BetOnline.ag,2026-09-26T19:34:56Z,h2h,2026-09-26T19:34:54Z,Penn State Nittany Lions,-390,,20260926193526122038
NCAAF,americanfootball_ncaaf,9c5cf55e5371dd6178da97dcaef2bff5,2026-09-26T21:00:00Z,Penn State Nittany Lions,Wisconsin Badgers,betonlineag,BetOnline.ag,2026-09-26T19:34:56Z,h2h,2026-09-26T19:34:54Z,Wisconsin Badgers,310,,20260926193526122038
NCAAF,americanfootball_ncaaf,9c5cf55e5371dd6178da97dcaef2bff5,2026-09-26T21:00:00Z,Penn State Nittany Lions,Wisconsin Badgers,betonlineag,BetOnline.ag,2026-09-26T19:34:56Z,spreads,2026-09-26T19:34:54Z,Penn State Nittany Lions,-116,-10.0,20260926193526122038
NCAAF,americanfootball_ncaaf,9c5cf55e5371dd6178da97dcaef2bff5,2026-09-26T21:00:00Z,Penn State Nittany Lions,Wisconsin Badgers,betonlineag,BetOnline.ag,2026-09-26T19:34:56Z,spreads,2026-09-26T19:34:54Z,Wisconsin Badgers,-104,10.0,20260926193526122038
NCAAF,americanfootball_ncaaf,9c5cf55e5371dd6178da97dcaef2bff5,2026-09-26T21:00:00Z,Penn State Nittany Lions,Wisconsin Badgers,betonlineag,BetOnline.ag,2026-09-26T19:34:56Z,totals,2026-09-26T19:34:54Z,Over,-105,44.0,20260926193526122038
NCAAF,americanfootball_ncaaf,9c5cf55e5371dd6178da97dcaef2bff5,2026-09-26T21:00:00Z,Penn State Nittany Lions,Wisconsin Badgers,betonlineag,BetOnline.ag,2026-09-26T19:34:56Z,totals,2026-09-26T19:34:54Z,Under,-115,44.0,20260926193526122038
NCAAF,americanfootball_ncaaf,9c5cf55e5371dd6178da97dcaef2bff5,2026-09-26T21:00:00Z,Penn State Nittany Lions,Wisconsin Badgers,betus,BetUS,2026-09-26T19:35:13Z,h2h,2026-09-26T19:35:12Z,Penn State Nittany Lions,-390,,20260926193526122038
NCAAF,americanfootball_ncaaf,9c5cf55e5371dd6178da97dcaef2bff5,2026-09-26T21:00:00Z,Penn State Nittany Lions,Wisconsin Badgers,betus,BetUS,2026-09-26T19:35:13Z,h2h,2026-09-26T19:35:12Z,Wisconsin Badgers,312,,20260926193526122038
NCAAF,americanfootball_ncaaf,9c5cf55e5371dd6178da97dcaef2bff5,2026-09-26T21:00:00Z,Penn State Nittany Lions,Wisconsin Badgers,betus,BetUS,2026-09-26T19:35:13Z,spreads,2026-09-26T19:35:12Z,Penn State Nittany Lions,-110,-10.0,20260926193526122038
NCAAF,americanfootball_ncaaf,9c5cf55e5371dd6178da97dcaef2bff5,2026-09-26T21:00:00Z,Penn State Nittany Lions,Wisconsin Badgers,betus,BetUS,2026-09-26T19:35:13Z,spreads,2026-09-26T19:35:12Z,Wisconsin Badgers,-110,10.0,20260926193526122038
NCAAF,americanfootball_ncaaf,9c5cf55e5371dd6178da97dcaef2bff5,2026-09-26T21:00:00Z,Penn State Nittany Lions,Wisconsin Badgers,betus,BetUS,2026-09-26T19:35:13Z,totals,2026-09-26T19:35:12Z,Over,-110,44.0,20260926193526122038
NCAAF,americanfootball_ncaaf,9c5cf55e5371dd6178da97dcaef2bff5,2026-09-26T21:00:00Z,Penn State Nittany Lions,Wisconsin Badgers,betus,BetUS,2026-09-26T19:35:13Z,totals,2026-09-26T19:35:12Z,Under,-110,44.0,20260926193526122038
NCAAF,americanfootball_ncaaf,9c5cf55e5371dd6178da97dcaef2bff5,2026-09-26T21:00:00Z,Penn State Nittany Lions,Wisconsin Badgers,bovada,Bovada,2026-09-26T19:34:42Z,h2h,2026-09-26T19:34:42Z,Penn State Nittany Lions,-410,,20260926193526122038
NCAAF,americanfootball_ncaaf,9c5cf55e5371dd6178da97dcaef2bff5,2026-09-26T21:00:00Z,Penn State Nittany Lions,Wisconsin Badgers,bovada,Bovada,2026-09-26T19:34:42Z,h2h,2026-09-26T19:34:42Z,Wisconsin Badgers,305,,20260926193526122038
NCAAF,americanfootball_ncaaf,9c5cf55e5371dd6178da97dcaef2bff5,2026-09-26T21:00:00Z,Penn State Nittany Lions,Wisconsin Badgers,bovada,Bovada,2026-09-26T19:34:42Z,spreads,2026-09-26T19:34:42Z,Penn State Nittany Lions,-110,-10.0,20260926193526122038
NCAAF,americanfootball_ncaaf,9c5cf55e5371dd6178da97dcaef2bff5,2026-09-26T21:00:00Z,Penn State Nittany Lions,Wisconsin Badgers,bovada,Bovada,2026-09-26T19:34:42Z,spreads,2026-09-26T19:34:42Z,Wisconsin Badgers,-110,10.0,20260926193526122038
NCAAF,americanfootball_ncaaf,9c5cf55e5371dd6178da97dcaef2bff5,2026-09-26T21:00:00Z,Penn State Nittany Lions,Wisconsin Badgers,bovada,Bovada,2026-09-26T19:34:42Z,totals,2026-09-26T19:34:42Z,Over,-105,44.0,20260926193526122038
NCAAF,americanfootball_ncaaf,9c5cf55e5371dd6178da97dcaef2bff5,2026-09-26T21:00:00Z,Penn State Nittany Lions,Wisconsin Badgers,bovada,Bovada,2026-09-26T19:34:42Z,totals,2026-09-26T19:34:42Z,Under,-115,44.0,20260926193526122038
NCAAF,americanfootball_ncaaf,ce4578738432ad6327f4e3a4909ddcb5,2026-09-26T22:00:00Z,Virginia Cavaliers,Delaware Blue Hens,fanduel,FanDuel,2026-09-26T19:35:15Z,h2h,2026-09-26T19:35:15Z,Delaware Blue Hens,890,,20260926193526122038
NCAAF,americanfootball_ncaaf,ce4578738432ad6327f4e3a4909ddcb5,2026-09-26T22:00:00Z,Virginia Cavaliers,Delaware Blue Hens,fanduel,FanDuel,2026-09-26T19:35:15Z,h2h,2026-09-26T19:35:15Z,Virginia Cavaliers,-1700,,20260926193526122038
NCAAF,americanfootball_ncaaf,ce4578738432ad6327f4e3a4909ddcb5,2026-09-26T22:00:00Z,Virginia Cavaliers,Delaware Blue Hens,fanduel,FanDuel,2026-09-26T19:35:15Z,spreads,2026-09-26T19:35:15Z,Delaware Blue Hens,-110,20.5,20260926193526122038
NCAAF,americanfootball_ncaaf,ce4578738432ad6327f4e3a4909ddcb5,2026-09-26T22:00:00Z,Virginia Cavaliers,Delaware Blue Hens,fanduel,FanDuel,2026-09-26T19:35:15Z,spreads,2026-09-26T19:35:15Z,Virginia Cavaliers,-110,-20.5,20260926193526122038
NCAAF,americanfootball_ncaaf,ce4578738432ad6327f4e3a4909ddcb5,2026-09-26T22:00:00Z,Virginia Cavaliers,Delaware Blue Hens,fanduel,FanDuel,2026-09-26T19:35:15Z,totals,2026-09-26T19:35:15Z,Over,-110,52.5,20260926193526122038
NCAAF,americanfootball_ncaaf,ce4578738432ad6327f4e3a4909ddcb5,2026-09-26T22:00:00Z,Virginia Cavaliers,Delaware Blue Hens,fanduel,FanDuel,2026-09-26T19:35:15Z,totals,2026-09-26T19:35:15Z,Under,-110,52.5,20260926193526122038
NCAAF,americanfootball_ncaaf,ce4578738432ad6327f4e3a4909ddcb5,2026-09-26T22:00:00Z,Virginia Cavaliers,Delaware Blue Hens,mybookieag,MyBookie.ag,2026-09-26T19:35:13Z,h2h,2026-09-26T19:35:13Z,Delaware Blue Hens,880,,20260926193526122038
NCAAF,americanfootball_ncaaf,ce4578738432ad6327f4e3a4909ddcb5,2026-09-26T22:00:00Z,Virginia Cavaliers,Delaware Blue Hens,mybookieag,MyBookie.ag,2026-09-26T19:35:13Z,h2h,2026-09-26T19:35:13Z,Virginia Cavaliers,-1699,,20260926193526122038
NCAAF,americanfootball_ncaaf,ce4578738432ad6327f4e3a4909ddcb5,2026-09-26T22:00:00Z,Virginia Cavaliers,Delaware Blue Hens,mybookieag,MyBookie.ag,2026-09-26T19:35:13Z,spreads,2026-09-26T19:35:13Z,Delaware Blue Hens,-110,20.5,20260926193526122038
NCAAF,americanfootball_ncaaf,ce4578738432ad6327f4e3a4909ddcb5,2026-09-26T22:00:00Z,Virginia Cavaliers,Delaware Blue Hens,mybookieag,MyBookie.ag,2026-09-26T19:35:13Z,spreads,2026-09-26T19:35:13Z,Virginia Cavaliers,-110,-20.5,20260926193526122038
NCAAF,americanfootball_ncaaf,ce4578738432ad6327f4e3a4909ddcb5,2026-09-26T22:00:00Z,Virginia Cavaliers,Delaware Blue Hens,mybookieag,MyBookie.ag,2026-09-26T19:35:13Z,totals,2026-09-26T19:35:13Z,Over,-110,52.5,20260926193526122038
NCAAF,americanfootball_ncaaf,ce4578738432ad6327f4e3a4909ddcb5,2026-09-26T22:00:00Z,Virginia Cavaliers,Delaware Blue Hens,mybookieag,MyBookie.ag,2026-09-26T19:35:13Z,totals,2026-09-26T19:35:13Z,Under,-110,52.5,20260926193526122038
NCAAF,americanfootball_ncaaf,ce4578738432ad6327f4e3a4909ddcb5,2026-09-26T22:00:00Z,Virginia Cavaliers,Delaware Blue Hens,draftkings,DraftKings,2026-09-26T19:34:04Z,h2h,2026-09-26T19:34:04Z,Delaware Blue Hens,850,,20260926193526122038
NCAAF,americanfootball_ncaaf,ce4578738432ad6327f4e3a4909ddcb5,2026-09-26T22:00:00Z,Virginia Cavaliers,Delaware Blue Hens,draftkings,DraftKings,2026-09-26T19:34:04Z,h2h,2026-09-26T19:34:04Z,Virginia Cavaliers,-1450,,20260926193526122038
NCAAF,americanfootball_ncaaf,ce4578738432ad6327f4e3a4909ddcb5,2026-09-26T22:00:00Z,Virginia Cavaliers,Delaware Blue Hens,draftkings,DraftKings,2026-09-26T19:34:04Z,spreads,2026-09-26T19:34:04Z,Delaware Blue Hens,-105,19.5,20260926193526122038
NCAAF,americanfootball_ncaaf,ce4578738432ad6327f4e3a4909ddcb5,2026-09-26T22:00:00Z,Virginia Cavaliers,Delaware Blue Hens,draftkings,DraftKings,2026-09-26T19:34:04Z,spreads,2026-09-26T19:34:04Z,Virginia Cavaliers,-115,-19.5,20260926193526122038
NCAAF,americanfootball_ncaaf,ce4578738432ad6327f4e3a4909ddcb5,2026-09-26T22:00:00Z,Virginia Cavaliers,Delaware Blue Hens,draftkings,DraftKings,2026-09-26T19:34:04Z,totals,2026-09-26T19:34:04Z,Over,-112,52.5,20260926193526122038
NCAAF,americanfootball_ncaaf,ce4578738432ad6327f4e3a4909ddcb5,2026-09-26T22:00:00Z,Virginia Cavaliers,Delaware Blue Hens,draftkings,DraftKings,2026-09-26T19:34:04Z,totals,2026-09-26T19:34:04Z,Under,-108,52.5,20260926193526122038
NCAAF,americanfootball_ncaaf,ce4578738432ad6327f4e3a4909ddcb5,2026-09-26T22:00:00Z,Virginia Cavaliers,Delaware Blue Hens,betrivers,BetRivers,2026-09-26T19:34:38Z,h2h,2026-09-26T19:34:38Z,Delaware Blue Hens,800,,20260926193526122038
NCAAF,americanfootball_ncaaf,ce4578738432ad6327f4e3a4909ddcb5,2026-09-26T22:00:00Z,Virginia Cavaliers,Delaware Blue Hens,betrivers,BetRivers,2026-09-26T19:34:38Z,h2h,2026-09-26T19:34:38Z,Virginia Cavaliers,-1667,,20260926193526122038
NCAAF,americanfootball_ncaaf,ce4578738432ad6327f4e3a4909ddcb5,2026-09-26T22:00:00Z,Virginia Cavaliers,Delaware Blue Hens,betrivers,BetRivers,2026-09-26T19:34:38Z,spreads,2026-09-26T19:34:38Z,Delaware Blue Hens,-110,19.5,20260926193526122038
NCAAF,americanfootball_ncaaf,ce4578738432ad6327f4e3a4909ddcb5,2026-09-26T22:00:00Z,Virginia Cavaliers,Delaware Blue Hens,betrivers,BetRivers,2026-09-26T19:34:38Z,spreads,2026-09-26T19:34:38Z,Virginia Cavaliers,-113,-19.5,20260926193526122038
NCAAF,americanfootball_ncaaf,ce4578738432ad6327f4e3a4909ddcb5,2026-09-26T22:00:00Z,Virginia Cavaliers,Delaware Blue Hens,betrivers,BetRivers,2026-09-26T19:34:38Z,totals,2026-09-26T19:34:38Z,Over,-112,52.5,20260926193526122038
NCAAF,americanfootball_ncaaf,ce4578738432ad6327f4e3a4909ddcb5,2026-09-26T22:00:00Z,Virginia Cavaliers,Delaware Blue Hens,betrivers,BetRivers,2026-09-26T19:34:38Z,totals,2026-09-26T19:34:38Z,Under,-112,52.5,20260926193526122038
NCAAF,americanfootball_ncaaf,ce4578738432ad6327f4e3a4909ddcb5,2026-09-26T22:00:00Z,Virginia Cavaliers,Delaware Blue Hens,lowvig,LowVig.ag,2026-09-26T19:34:21Z,h2h,2026-09-26T19:34:21Z,Delaware Blue Hens,836,,20260926193526122038
NCAAF,americanfootball_ncaaf,ce4578738432ad6327f4e3a4909ddcb5,2026-09-26T22:00:00Z,Virginia Cavaliers,Delaware Blue Hens,lowvig,LowVig.ag,2026-09-26T19:34:21Z,h2h,2026-09-26T19:34:21Z,Virginia Cavaliers,-1400,,20260926193526122038
NCAAF,americanfootball_ncaaf,ce4578738432ad6327f4e3a4909ddcb5,2026-09-26T22:00:00Z,Virginia Cavaliers,Delaware Blue Hens,lowvig,LowVig.ag,2026-09-26T19:34:21Z,spreads,2026-09-26T19:34:21Z,Delaware Blue Hens,-106,20.0,20260926193526122038
NCAAF,americanfootball_ncaaf,ce4578738432ad6327f4e3a4909ddcb5,2026-09-26T22:00:00Z,Virginia Cavaliers,Delaware Blue Hens,lowvig,LowVig.ag,2026-09-26T19:34:21Z,spreads,2026-09-26T19:34:21Z,Virginia Cavaliers,-106,-20.0,20260926193526122038
NCAAF,americanfootball_ncaaf,ce4578738432ad6327f4e3a4909ddcb5,2026-09-26T22:00:00Z,Virginia Cavaliers,Delaware Blue Hens,lowvig,LowVig.ag,2026-09-26T19:34:21Z,totals,2026-09-26T19:34:21Z,Over,-106,52.5,20260926193526122038
NCAAF,americanfootball_ncaaf,ce4578738432ad6327f4e3a4909ddcb5,2026-09-26T22:00:00Z,Virginia Cavaliers,Delaware Blue Hens,lowvig,LowVig.ag,2026-09-26T19:34:21Z,totals,2026-09-26T19:34:21Z,Under,-110,52.5,20260926193526122038
NCAAF,americanfootball_ncaaf,ce4578738432ad6327f4e3a4909ddcb5,2026-09-26T22:00:00Z,Virginia Cavaliers,Delaware Blue Hens,betonlineag,BetOnline.ag,2026-09-26T19:34:56Z,h2h,2026-09-26T19:34:54Z,Delaware Blue Hens,836,,20260926193526122038
NCAAF,americanfootball_ncaaf,ce4578738432ad6327f4e3a4909ddcb5,2026-09-26T22:00:00Z,Virginia Cavaliers,Delaware Blue Hens,betonlineag,BetOnline.ag,2026-09-26T19:34:56Z,h2h,2026-09-26T19:34:54Z,Virginia Cavaliers,-1400,,20260926193526122038
NCAAF,americanfootball_ncaaf,ce4578738432ad6327f4e3a4909ddcb5,2026-09-26T22:00:00Z,Virginia Cavaliers,Delaware Blue Hens,betonlineag,BetOnline.ag,2026-09-26T19:34:56Z,spreads,2026-09-26T19:34:54Z,Delaware Blue Hens,-110,20.0,20260926193526122038
NCAAF,americanfootball_ncaaf,ce4578738432ad6327f4e3a4909ddcb5,2026-09-26T22:00:00Z,Virginia Cavaliers,Delaware Blue Hens,betonlineag,BetOnline.ag,2026-09-26T19:34:56Z,spreads,2026-09-26T19:34:54Z,Virginia Cavaliers,-110,-20.0,20260926193526122038
NCAAF,americanfootball_ncaaf,ce4578738432ad6327f4e3a4909ddcb5,2026-09-26T22:00:00Z,Virginia Cavaliers,Delaware Blue Hens,betonlineag,BetOnline.ag,2026-09-26T19:34:56Z,totals,2026-09-26T19:34:54Z,Over,-108,52.5,20260926193526122038
NCAAF,americanfootball_ncaaf,ce4578738432ad6327f4e3a4909ddcb5,2026-09-26T22:00:00Z,Virginia Cavaliers,Delaware Blue Hens,betonlineag,BetOnline.ag,2026-09-26T19:34:56Z,totals,2026-09-26T19:34:54Z,Under,-112,52.5,20260926193526122038
NCAAF,americanfootball_ncaaf,ce4578738432ad6327f4e3a4909ddcb5,2026-09-26T22:00:00Z,Virginia Cavaliers,Delaware Blue Hens,betmgm,BetMGM,2026-09-26T19:34:43Z,h2h,2026-09-26T19:34:42Z,Delaware Blue Hens,950,,20260926193526122038
NCAAF,americanfootball_ncaaf,ce4578738432ad6327f4e3a4909ddcb5,2026-09-26T22:00:00Z,Virginia Cavaliers,Delaware Blue Hens,betmgm,BetMGM,2026-09-26T19:34:43Z,h2h,2026-09-26T19:34:42Z,Virginia Cavaliers,-1400,,20260926193526122038
NCAAF,americanfootball_ncaaf,ce4578738432ad6327f4e3a4909ddcb5,2026-09-26T22:00:00Z,Virginia Cavaliers,Delaware Blue Hens,betmgm,BetMGM,2026-09-26T19:34:43Z,spreads,2026-09-26T19:34:42Z,Delaware Blue Hens,-108,20.0,20260926193526122038
NCAAF,americanfootball_ncaaf,ce4578738432ad6327f4e3a4909ddcb5,2026-09-26T22:00:00Z,Virginia Cavaliers,Delaware Blue Hens,betmgm,BetMGM,2026-09-26T19:34:43Z,spreads,2026-09-26T19:34:42Z,Virginia Cavaliers,-110,-20.0,20260926193526122038
NCAAF,americanfootball_ncaaf,ce4578738432ad6327f4e3a4909ddcb5,2026-09-26T22:00:00Z,Virginia Cavaliers,Delaware Blue Hens,betmgm,BetMGM,2026-09-26T19:34:43Z,totals,2026-09-26T19:34:42Z,Over,-108,52.5,20260926193526122038
NCAAF,americanfootball_ncaaf,ce4578738432ad6327f4e3a4909ddcb5,2026-09-26T22:00:00Z,Virginia Cavaliers,Delaware Blue Hens,betmgm,BetMGM,2026-09-26T19:34:43Z,totals,2026-09-26T19:34:42Z,Under,-110,52.5,20260926193526122038
NCAAF,americanfootball_ncaaf,ce4578738432ad6327f4e3a4909ddcb5,2026-09-26T22:00:00Z,Virginia Cavaliers,Delaware Blue Hens,betus,BetUS,2026-09-26T19:35:13Z,h2h,2026-09-26T19:35:12Z,Delaware Blue Hens,825,,20260926193526122038
NCAAF,americanfootball_ncaaf,ce4578738432ad6327f4e3a4909ddcb5,2026-09-26T22:00:00Z,Virginia Cavaliers,Delaware Blue Hens,betus,BetUS,2026-09-26T19:35:13Z,h2h,2026-09-26T19:35:12Z,Virginia Cavaliers,-1400,,20260926193526122038
NCAAF,americanfootball_ncaaf,ce4578738432ad6327f4e3a4909ddcb5,2026-09-26T22:00:00Z,Virginia Cavaliers,Delaware Blue Hens,betus,BetUS,2026-09-26T19:35:13Z,spreads,2026-09-26T19:35:12Z,Delaware Blue Hens,-110,20.0,20260926193526122038
NCAAF,americanfootball_ncaaf,ce4578738432ad6327f4e3a4909ddcb5,2026-09-26T22:00:00Z,Virginia Cavaliers,Delaware Blue Hens,betus,BetUS,2026-09-26T19:35:13Z,spreads,2026-09-26T19:35:12Z,Virginia Cavaliers,-110,-20.0,20260926193526122038
NCAAF,americanfootball_ncaaf,ce4578738432ad6327f4e3a4909ddcb5,2026-09-26T22:00:00Z,Virginia Cavaliers,Delaware Blue Hens,betus,BetUS,2026-09-26T19:35:13Z,totals,2026-09-26T19:35:12Z,Over,-110,52.0,20260926193526122038
NCAAF,americanfootball_ncaaf,ce4578738432ad6327f4e3a4909ddcb5,2026-09-26T22:00:00Z,Virginia Cavaliers,Delaware Blue Hens,betus,BetUS,2026-09-26T19:35:13Z,totals,2026-09-26T19:35:12Z,Under,-110,52.0,20260926193526122038
NCAAF,americanfootball_ncaaf,ce4578738432ad6327f4e3a4909ddcb5,2026-09-26T22:00:00Z,Virginia Cavaliers,Delaware Blue Hens,bovada,Bovada,2026-09-26T19:34:42Z,h2h,2026-09-26T19:34:42Z,Delaware Blue Hens,750,,20260926193526122038
NCAAF,americanfootball_ncaaf,ce4578738432ad6327f4e3a4909ddcb5,2026-09-26T22:00:00Z,Virginia Cavaliers,Delaware Blue Hens,bovada,Bovada,2026-09-26T19:34:42Z,h2h,2026-09-26T19:34:42Z,Virginia Cavaliers,-1400,,20260926193526122038
NCAAF,americanfootball_ncaaf,ce4578738432ad6327f4e3a4909ddcb5,2026-09-26T22:00:00Z,Virginia Cavaliers,Delaware Blue Hens,bovada,Bovada,2026-09-26T19:34:42Z,spreads,2026-09-26T19:34:42Z,Delaware Blue Hens,-110,20.0,20260926193526122038
NCAAF,americanfootball_ncaaf,ce4578738432ad6327f4e3a4909ddcb5,2026-09-26T22:00:00Z,Virginia Cavaliers,Delaware Blue Hens,bovada,Bovada,2026-09-26T19:34:42Z,spreads,2026-09-26T19:34:42Z,Virginia Cavaliers,-110,-20.0,20260926193526122038
NCAAF,americanfootball_ncaaf,ce4578738432ad6327f4e3a4909ddcb5,2026-09-26T22:00:00Z,Virginia Cavaliers,Delaware Blue Hens,bovada,Bovada,2026-09-26T19:34:42Z,totals,2026-09-26T19:34:42Z,Over,-110,52.5,20260926193526122038
NCAAF,americanfootball_ncaaf,ce4578738432ad6327f4e3a4909ddcb5,2026-09-26T22:00:00Z,Virginia Cavaliers,Delaware Blue Hens,bovada,Bovada,2026-09-26T19:34:42Z,totals,2026-09-26T19:34:42Z,Under,-110,52.5,20260926193526122038
NCAAF,americanfootball_ncaaf,520a355fd43b2cfb7aed527eee4345e0,2026-09-26T22:00:00Z,Florida International Panthers,LIU Sharks,fanduel,FanDuel,2026-09-26T19:35:15Z,h2h,2026-09-26T19:35:15Z,Florida International Panthers,-20000,,20260926193526122038
NCAAF,americanfootball_ncaaf,520a355fd43b2cfb7aed527eee4345e0,2026-09-26T22:00:00Z,Florida International Panthers,LIU Sharks,fanduel,FanDuel,2026-09-26T19:35:15Z,h2h,2026-09-26T19:35:15Z,LIU Sharks,3500,,20260926193526122038
NCAAF,americanfootball_ncaaf,520a355fd43b2cfb7aed527eee4345e0,2026-09-26T22:00:00Z,Florida International Panthers,LIU Sharks,fanduel,FanDuel,2026-09-26T19:35:15Z,spreads,2026-09-26T19:35:15Z,Florida International Panthers,-110,-37.5,20260926193526122038
NCAAF,americanfootball_ncaaf,520a355fd43b2cfb7aed527eee4345e0,2026-09-26T22:00:00Z,Florida International Panthers,LIU Sharks,fanduel,FanDuel,2026-09-26T19:35:15Z,spreads,2026-09-26T19:35:15Z,LIU Sharks,-110,37.5,20260926193526122038
NCAAF,americanfootball_ncaaf,520a355fd43b2cfb7aed527eee4345e0,2026-09-26T22:00:00Z,Florida International Panthers,LIU Sharks,fanduel,FanDuel,2026-09-26T19:35:15Z,totals,2026-09-26T19:35:15Z,Over,-115,53.5,20260926193526122038
NCAAF,americanfootball_ncaaf,520a355fd43b2cfb7aed527eee4345e0,2026-09-26T22:00:00Z,Florida International Panthers,LIU Sharks,fanduel,FanDuel,2026-09-26T19:35:15Z,totals,2026-09-26T19:35:15Z,Under,-105,53.5,20260926193526122038
NCAAF,americanfootball_ncaaf,520a355fd43b2cfb7aed527eee4345e0,2026-09-26T22:00:00Z,Florida International Panthers,LIU Sharks,draftkings,DraftKings,2026-09-26T19:34:04Z,h2h,2026-09-26T19:34:04Z,Florida International Panthers,-4500,,20260926193526122038
NCAAF,americanfootball_ncaaf,520a355fd43b2cfb7aed527eee4345e0,2026-09-26T22:00:00Z,Florida International Panthers,LIU Sharks,draftkings,DraftKings,2026-09-26T19:34:04Z,h2h,2026-09-26T19:34:04Z,LIU Sharks,1700,,20260926193526122038
NCAAF,americanfootball_ncaaf,520a355fd43b2cfb7aed527eee4345e0,2026-09-26T22:00:00Z,Florida International Panthers,LIU Sharks,draftkings,DraftKings,2026-09-26T19:34:04Z,spreads,2026-09-26T19:34:04Z,Florida International Panthers,-108,-37.5,20260926193526122038
NCAAF,americanfootball_ncaaf,520a355fd43b2cfb7aed527eee4345e0,2026-09-26T22:00:00Z,Florida International Panthers,LIU Sharks,draftkings,DraftKings,2026-09-26T19:34:04Z,spreads,2026-09-26T19:34:04Z,LIU Sharks,-112,37.5,20260926193526122038
NCAAF,americanfootball_ncaaf,520a355fd43b2cfb7aed527eee4345e0,2026-09-26T22:00:00Z,Florida International Panthers,LIU Sharks,draftkings,DraftKings,2026-09-26T19:34:04Z,totals,2026-09-26T19:34:04Z,Over,-105,54.5,20260926193526122038
NCAAF,americanfootball_ncaaf,520a355fd43b2cfb7aed527eee4345e0,2026-09-26T22:00:00Z,Florida International Panthers,LIU Sharks,draftkings,DraftKings,2026-09-26T19:34:04Z,totals,2026-09-26T19:34:04Z,Under,-115,54.5,20260926193526122038
NCAAF,americanfootball_ncaaf,520a355fd43b2cfb7aed527eee4345e0,2026-09-26T22:00:00Z,Florida International Panthers,LIU Sharks,betrivers,BetRivers,2026-09-26T19:34:38Z,spreads,2026-09-26T19:34:38Z,Florida International Panthers,-112,-37.5,20260926193526122038
NCAAF,americanfootball_ncaaf,520a355fd43b2cfb7aed527eee4345e0,2026-09-26T22:00:00Z,Florida International Panthers,LIU Sharks,betrivers,BetRivers,2026-09-26T19:34:38Z,spreads,2026-09-26T19:34:38Z,LIU Sharks,-110,37.5,20260926193526122038
NCAAF,americanfootball_ncaaf,520a355fd43b2cfb7aed527eee4345e0,2026-09-26T22:00:00Z,Florida International Panthers,LIU Sharks,betrivers,BetRivers,2026-09-26T19:34:38Z,totals,2026-09-26T19:34:38Z,Over,-113,53.5,20260926193526122038
NCAAF,americanfootball_ncaaf,520a355fd43b2cfb7aed527eee4345e0,2026-09-26T22:00:00Z,Florida International Panthers,LIU Sharks,betrivers,BetRivers,2026-09-26T19:34:38Z,totals,2026-09-26T19:34:38Z,Under,-109,53.5,20260926193526122038
NCAAF,americanfootball_ncaaf,520a355fd43b2cfb7aed527eee4345e0,2026-09-26T22:00:00Z,Florida International Panthers,LIU Sharks,lowvig,LowVig.ag,2026-09-26T19:34:21Z,spreads,2026-09-26T19:34:21Z,Florida International Panthers,-110,-37.5,20260926193526122038
NCAAF,americanfootball_ncaaf,520a355fd43b2cfb7aed527eee4345e0,2026-09-26T22:00:00Z,Florida International Panthers,LIU Sharks,lowvig,LowVig.ag,2026-09-26T19:34:21Z,spreads,2026-09-26T19:34:21Z,LIU Sharks,-110,37.5,20260926193526122038
NCAAF,americanfootball_ncaaf,520a355fd43b2cfb7aed527eee4345e0,2026-09-26T22:00:00Z,Florida International Panthers,LIU Sharks,lowvig,LowVig.ag,2026-09-26T19:34:21Z,totals,2026-09-26T19:34:21Z,Over,-110,54.0,20260926193526122038
NCAAF,americanfootball_ncaaf,520a355fd43b2cfb7aed527eee4345e0,2026-09-26T22:00:00Z,Florida International Panthers,LIU Sharks,lowvig,LowVig.ag,2026-09-26T19:34:21Z,totals,2026-09-26T19:34:21Z,Under,-110,54.0,20260926193526122038
NCAAF,americanfootball_ncaaf,520a355fd43b2cfb7aed527eee4345e0,2026-09-26T22:00:00Z,Florida International Panthers,LIU Sharks,betonlineag,BetOnline.ag,2026-09-26T19:34:56Z,spreads,2026-09-26T19:34:55Z,Florida International Panthers,-110,-37.5,20260926193526122038
NCAAF,americanfootball_ncaaf,520a355fd43b2cfb7aed527eee4345e0,2026-09-26T22:00:00Z,Florida International Panthers,LIU Sharks,betonlineag,BetOnline.ag,2026-09-26T19:34:56Z,spreads,2026-09-26T19:34:55Z,LIU Sharks,-110,37.5,20260926193526122038
NCAAF,americanfootball_ncaaf,520a355fd43b2cfb7aed527eee4345e0,2026-09-26T22:00:00Z,Florida International Panthers,LIU Sharks,betonlineag,BetOnline.ag,2026-09-26T19:34:56Z,totals,2026-09-26T19:34:55Z,Over,-110,54.0,20260926193526122038
NCAAF,americanfootball_ncaaf,520a355fd43b2cfb7aed527eee4345e0,2026-09-26T22:00:00Z,Florida International Panthers,LIU Sharks,betonlineag,BetOnline.ag,2026-09-26T19:34:56Z,totals,2026-09-26T19:34:55Z,Under,-110,54.0,20260926193526122038
NCAAF,americanfootball_ncaaf,520a355fd43b2cfb7aed527eee4345e0,2026-09-26T22:00:00Z,Florida International Panthers,LIU Sharks,bovada,Bovada,2026-09-26T19:34:42Z,spreads,2026-09-26T19:34:42Z,Florida International Panthers,-105,-37.5,20260926193526122038
NCAAF,americanfootball_ncaaf,520a355fd43b2cfb7aed527eee4345e0,2026-09-26T22:00:00Z,Florida International Panthers,LIU Sharks,bovada,Bovada,2026-09-26T19:34:42Z,spreads,2026-09-26T19:34:42Z,LIU Sharks,-115,37.5,20260926193526122038
NCAAF,americanfootball_ncaaf,520a355fd43b2cfb7aed527eee4345e0,2026-09-26T22:00:00Z,Florida International Panthers,LIU Sharks,bovada,Bovada,2026-09-26T19:34:42Z,totals,2026-09-26T19:34:42Z,Over,-110,54.5,20260926193526122038
NCAAF,americanfootball_ncaaf,520a355fd43b2cfb7aed527eee4345e0,2026-09-26T22:00:00Z,Florida International Panthers,LIU Sharks,bovada,Bovada,2026-09-26T19:34:42Z,totals,2026-09-26T19:34:42Z,Under,-110,54.5,20260926193526122038
NCAAF,americanfootball_ncaaf,520a355fd43b2cfb7aed527eee4345e0,2026-09-26T22:00:00Z,Florida International Panthers,LIU Sharks,betmgm,BetMGM,2026-09-26T19:34:43Z,spreads,2026-09-26T19:34:43Z,Florida International Panthers,-110,-37.0,20260926193526122038
NCAAF,americanfootball_ncaaf,520a355fd43b2cfb7aed527eee4345e0,2026-09-26T22:00:00Z,Florida International Panthers,LIU Sharks,betmgm,BetMGM,2026-09-26T19:34:43Z,spreads,2026-09-26T19:34:43Z,LIU Sharks,-108,37.0,20260926193526122038
NCAAF,americanfootball_ncaaf,520a355fd43b2cfb7aed527eee4345e0,2026-09-26T22:00:00Z,Florida International Panthers,LIU Sharks,betmgm,BetMGM,2026-09-26T19:34:43Z,totals,2026-09-26T19:34:43Z,Over,-105,54.5,20260926193526122038
NCAAF,americanfootball_ncaaf,520a355fd43b2cfb7aed527eee4345e0,2026-09-26T22:00:00Z,Florida International Panthers,LIU Sharks,betmgm,BetMGM,2026-09-26T19:34:43Z,totals,2026-09-26T19:34:43Z,Under,-112,54.5,20260926193526122038
NCAAF,americanfootball_ncaaf,ed1c259773ba7494570a1611b44adb30,2026-09-26T22:00:00Z,Texas State Bobcats,Incarnate Word Cardinals,fanduel,FanDuel,2026-09-26T19:35:15Z,h2h,2026-09-26T19:35:15Z,Incarnate Word Cardinals,1600,,20260926193526122038
NCAAF,americanfootball_ncaaf,ed1c259773ba7494570a1611b44adb30,2026-09-26T22:00:00Z,Texas State Bobcats,Incarnate Word Cardinals,fanduel,FanDuel,2026-09-26T19:35:15Z,h2h,2026-09-26T19:35:15Z,Texas State Bobcats,-4500,,20260926193526122038
NCAAF,americanfootball_ncaaf,ed1c259773ba7494570a1611b44adb30,2026-09-26T22:00:00Z,Texas State Bobcats,Incarnate Word Cardinals,fanduel,FanDuel,2026-09-26T19:35:15Z,spreads,2026-09-26T19:35:15Z,Incarnate Word Cardinals,-115,30.5,20260926193526122038
NCAAF,americanfootball_ncaaf,ed1c259773ba7494570a1611b44adb30,2026-09-26T22:00:00Z,Texas State Bobcats,Incarnate Word Cardinals,fanduel,FanDuel,2026-09-26T19:35:15Z,spreads,2026-09-26T19:35:15Z,Texas State Bobcats,-105,-30.5,20260926193526122038
NCAAF,americanfootball_ncaaf,ed1c259773ba7494570a1611b44adb30,2026-09-26T22:00:00Z,Texas State Bobcats,Incarnate Word Cardinals,fanduel,FanDuel,2026-09-26T19:35:15Z,totals,2026-09-26T19:35:15Z,Over,-115,65.5,20260926193526122038
NCAAF,americanfootball_ncaaf,ed1c259773ba7494570a1611b44adb30,2026-09-26T22:00:00Z,Texas State Bobcats,Incarnate Word Cardinals,fanduel,FanDuel,2026-09-26T19:35:15Z,totals,2026-09-26T19:35:15Z,Under,-105,65.5,20260926193526122038
NCAAF,americanfootball_ncaaf,ed1c259773ba7494570a1611b44adb30,2026-09-26T22:00:00Z,Texas State Bobcats,Incarnate Word Cardinals,draftkings,DraftKings,2026-09-26T19:34:04Z,h2h,2026-09-26T19:34:04Z,Incarnate Word Cardinals,1400,,20260926193526122038
NCAAF,americanfootball_ncaaf,ed1c259773ba7494570a1611b44adb30,2026-09-26T22:00:00Z,Texas State Bobcats,Incarnate Word Cardinals,draftkings,DraftKings,2026-09-26T19:34:04Z,h2h,2026-09-26T19:34:04Z,Texas State Bobcats,-3200,,20260926193526122038
NCAAF,americanfootball_ncaaf,ed1c259773ba7494570a1611b44adb30,2026-09-26T22:00:00Z,Texas State Bobcats,Incarnate Word Cardinals,draftkings,DraftKings,2026-09-26T19:34:04Z,spreads,2026-09-26T19:34:04Z,Incarnate Word Cardinals,-102,30.5,20260926193526122038
NCAAF,americanfootball_ncaaf,ed1c259773ba7494570a1611b44adb30,2026-09-26T22:00:00Z,Texas State Bobcats,Incarnate Word Cardinals,draftkings,DraftKings,2026-09-26T19:34:04Z,spreads,2026-09-26T19:34:04Z,Texas State Bobcats,-118,-30.5,20260926193526122038
NCAAF,americanfootball_ncaaf,ed1c259773ba7494570a1611b44adb30,2026-09-26T22:00:00Z,Texas State Bobcats,Incarnate Word Cardinals,draftkings,DraftKings,2026-09-26T19:34:04Z,totals,2026-09-26T19:34:04Z,Over,-112,65.5,20260926193526122038
NCAAF,americanfootball_ncaaf,ed1c259773ba7494570a1611b44adb30,2026-09-26T22:00:00Z,Texas State Bobcats,Incarnate Word Cardinals,draftkings,DraftKings,2026-09-26T19:34:04Z,totals,2026-09-26T19:34:04Z,Under,-108,65.5,20260926193526122038
NCAAF,americanfootball_ncaaf,ed1c259773ba7494570a1611b44adb30,2026-09-26T22:00:00Z,Texas State Bobcats,Incarnate Word Cardinals,betrivers,BetRivers,2026-09-26T19:34:38Z,spreads,2026-09-26T19:34:38Z,Incarnate Word Cardinals,-141,32.0,20260926193526122038
NCAAF,americanfootball_ncaaf,ed1c259773ba7494570a1611b44adb30,2026-09-26T22:00:00Z,Texas State Bobcats,Incarnate Word Cardinals,betrivers,BetRivers,2026-09-26T19:34:38Z,spreads,2026-09-26T19:34:38Z,Texas State Bobcats,-103,-32.0,20260926193526122038
NCAAF,americanfootball_ncaaf,ed1c259773ba7494570a1611b44adb30,2026-09-26T22:00:00Z,Texas State Bobcats,Incarnate Word Cardinals,betrivers,BetRivers,2026-09-26T19:34:38Z,totals,2026-09-26T19:34:38Z,Over,-104,65.5,20260926193526122038
NCAAF,americanfootball_ncaaf,ed1c259773ba7494570a1611b44adb30,2026-09-26T22:00:00Z,Texas State Bobcats,Incarnate Word Cardinals,betrivers,BetRivers,2026-09-26T19:34:38Z,totals,2026-09-26T19:34:38Z,Under,-120,65.5,20260926193526122038
NCAAF,americanfootball_ncaaf,ed1c259773ba7494570a1611b44adb30,2026-09-26T22:00:00Z,Texas State Bobcats,Incarnate Word Cardinals,lowvig,LowVig.ag,2026-09-26T19:34:21Z,spreads,2026-09-26T19:34:21Z,Incarnate Word Cardinals,-110,30.0,20260926193526122038
NCAAF,americanfootball_ncaaf,ed1c259773ba7494570a1611b44adb30,2026-09-26T22:00:00Z,Texas State Bobcats,Incarnate Word Cardinals,lowvig,LowVig.ag,2026-09-26T19:34:21Z,spreads,2026-09-26T19:34:21Z,Texas State Bobcats,-110,-30.0,20260926193526122038
NCAAF,americanfootball_ncaaf,ed1c259773ba7494570a1611b44adb30,2026-09-26T22:00:00Z,Texas State Bobcats,Incarnate Word Cardinals,lowvig,LowVig.ag,2026-09-26T19:34:21Z,totals,2026-09-26T19:34:21Z,Over,-110,66.5,20260926193526122038
NCAAF,americanfootball_ncaaf,ed1c259773ba7494570a1611b44adb30,2026-09-26T22:00:00Z,Texas State Bobcats,Incarnate Word Cardinals,lowvig,LowVig.ag,2026-09-26T19:34:21Z,totals,2026-09-26T19:34:21Z,Under,-110,66.5,20260926193526122038
NCAAF,americanfootball_ncaaf,ed1c259773ba7494570a1611b44adb30,2026-09-26T22:00:00Z,Texas State Bobcats,Incarnate Word Cardinals,betonlineag,BetOnline.ag,2026-09-26T19:34:56Z,spreads,2026-09-26T19:34:55Z,Incarnate Word Cardinals,-110,30.0,20260926193526122038
NCAAF,americanfootball_ncaaf,ed1c259773ba7494570a1611b44adb30,2026-09-26T22:00:00Z,Texas State Bobcats,Incarnate Word Cardinals,betonlineag,BetOnline.ag,2026-09-26T19:34:56Z,spreads,2026-09-26T19:34:55Z,Texas State Bobcats,-110,-30.0,20260926193526122038
NCAAF,americanfootball_ncaaf,ed1c259773ba7494570a1611b44adb30,2026-09-26T22:00:00Z,Texas State Bobcats,Incarnate Word Cardinals,betonlineag,BetOnline.ag,2026-09-26T19:34:56Z,totals,2026-09-26T19:34:55Z,Over,-110,66.5,20260926193526122038
NCAAF,americanfootball_ncaaf,ed1c259773ba7494570a1611b44adb30,2026-09-26T22:00:00Z,Texas State Bobcats,Incarnate Word Cardinals,betonlineag,BetOnline.ag,2026-09-26T19:34:56Z,totals,2026-09-26T19:34:55Z,Under,-110,66.5,20260926193526122038
NCAAF,americanfootball_ncaaf,ed1c259773ba7494570a1611b44adb30,2026-09-26T22:00:00Z,Texas State Bobcats,Incarnate Word Cardinals,bovada,Bovada,2026-09-26T19:34:42Z,spreads,2026-09-26T19:34:42Z,Incarnate Word Cardinals,-110,31.0,20260926193526122038
NCAAF,americanfootball_ncaaf,ed1c259773ba7494570a1611b44adb30,2026-09-26T22:00:00Z,Texas State Bobcats,Incarnate Word Cardinals,bovada,Bovada,2026-09-26T19:34:42Z,spreads,2026-09-26T19:34:42Z,Texas State Bobcats,-110,-31.0,20260926193526122038
NCAAF,americanfootball_ncaaf,ed1c259773ba7494570a1611b44adb30,2026-09-26T22:00:00Z,Texas State Bobcats,Incarnate Word Cardinals,bovada,Bovada,2026-09-26T19:34:42Z,totals,2026-09-26T19:34:42Z,Over,-110,66.0,20260926193526122038
NCAAF,americanfootball_ncaaf,ed1c259773ba7494570a1611b44adb30,2026-09-26T22:00:00Z,Texas State Bobcats,Incarnate Word Cardinals,bovada,Bovada,2026-09-26T19:34:42Z,totals,2026-09-26T19:34:42Z,Under,-110,66.0,20260926193526122038
NCAAF,americanfootball_ncaaf,ed1c259773ba7494570a1611b44adb30,2026-09-26T22:00:00Z,Texas State Bobcats,Incarnate Word Cardinals,betmgm,BetMGM,2026-09-26T19:34:43Z,h2h,2026-09-26T19:34:43Z,Incarnate Word Cardinals,2200,,20260926193526122038
NCAAF,americanfootball_ncaaf,ed1c259773ba7494570a1611b44adb30,2026-09-26T22:00:00Z,Texas State Bobcats,Incarnate Word Cardinals,betmgm,BetMGM,2026-09-26T19:34:43Z,h2h,2026-09-26T19:34:43Z,Texas State Bobcats,-5000,,20260926193526122038
NCAAF,americanfootball_ncaaf,ed1c259773ba7494570a1611b44adb30,2026-09-26T22:00:00Z,Texas State Bobcats,Incarnate Word Cardinals,betmgm,BetMGM,2026-09-26T19:34:43Z,spreads,2026-09-26T19:34:43Z,Incarnate Word Cardinals,-108,30.5,20260926193526122038
NCAAF,americanfootball_ncaaf,ed1c259773ba7494570a1611b44adb30,2026-09-26T22:00:00Z,Texas State Bobcats,Incarnate Word Cardinals,betmgm,BetMGM,2026-09-26T19:34:43Z,spreads,2026-09-26T19:34:43Z,Texas State Bobcats,-110,-30.5,20260926193526122038
NCAAF,americanfootball_ncaaf,ed1c259773ba7494570a1611b44adb30,2026-09-26T22:00:00Z,Texas State Bobcats,Incarnate Word Cardinals,betmgm,BetMGM,2026-09-26T19:34:43Z,totals,2026-09-26T19:34:43Z,Over,-102,66.5,20260926193526122038
NCAAF,americanfootball_ncaaf,ed1c259773ba7494570a1611b44adb30,2026-09-26T22:00:00Z,Texas State Bobcats,Incarnate Word Cardinals,betmgm,BetMGM,2026-09-26T19:34:43Z,totals,2026-09-26T19:34:43Z,Under,-118,66.5,20260926193526122038
NCAAF,americanfootball_ncaaf,008dd61e19c2456760593773da6a88ef,2026-09-26T22:00:00Z,Old Dominion Monarchs,James Madison Dukes,fanduel,FanDuel,2026-09-26T19:35:15Z,h2h,2026-09-26T19:35:15Z,James Madison Dukes,-275,,20260926193526122038
NCAAF,americanfootball_ncaaf,008dd61e19c2456760593773da6a88ef,2026-09-26T22:00:00Z,Old Dominion Monarchs,James Madison Dukes,fanduel,FanDuel,2026-09-26T19:35:15Z,h2h,2026-09-26T19:35:15Z,Old Dominion Monarchs,220,,20260926193526122038
NCAAF,americanfootball_ncaaf,008dd61e19c2456760593773da6a88ef,2026-09-26T22:00:00Z,Old Dominion Monarchs,James Madison Dukes,fanduel,FanDuel,2026-09-26T19:35:15Z,spreads,2026-09-26T19:35:15Z,James Madison Dukes,-122,-6.5,20260926193526122038
NCAAF,americanfootball_ncaaf,008dd61e19c2456760593773da6a88ef,2026-09-26T22:00:00Z,Old Dominion Monarchs,James Madison Dukes,fanduel,FanDuel,2026-09-26T19:35:15Z,spreads,2026-09-26T19:35:15Z,Old Dominion Monarchs,100,6.5,20260926193526122038
NCAAF,americanfootball_ncaaf,008dd61e19c2456760593773da6a88ef,2026-09-26T22:00:00Z,Old Dominion Monarchs,James Madison Dukes,fanduel,FanDuel,2026-09-26T19:35:15Z,totals,2026-09-26T19:35:15Z,Over,-110,43.5,20260926193526122038
NCAAF,americanfootball_ncaaf,008dd61e19c2456760593773da6a88ef,2026-09-26T22:00:00Z,Old Dominion Monarchs,James Madison Dukes,fanduel,FanDuel,2026-09-26T19:35:15Z,totals,2026-09-26T19:35:15Z,Under,-110,43.5,20260926193526122038
NCAAF,americanfootball_ncaaf,008dd61e19c2456760593773da6a88ef,2026-09-26T22:00:00Z,Old Dominion Monarchs,James Madison Dukes,mybookieag,MyBookie.ag,2026-09-26T19:35:13Z,h2h,2026-09-26T19:35:13Z,James Madison Dukes,-280,,20260926193526122038
NCAAF,americanfootball_ncaaf,008dd61e19c2456760593773da6a88ef,2026-09-26T22:00:00Z,Old Dominion Monarchs,James Madison Dukes,mybookieag,MyBookie.ag,2026-09-26T19:35:13Z,h2h,2026-09-26T19:35:13Z,Old Dominion Monarchs,220,,20260926193526122038
NCAAF,americanfootball_ncaaf,008dd61e19c2456760593773da6a88ef,2026-09-26T22:00:00Z,Old Dominion Monarchs,James Madison Dukes,mybookieag,MyBookie.ag,2026-09-26T19:35:13Z,spreads,2026-09-26T19:35:13Z,James Madison Dukes,-110,-7.0,20260926193526122038
NCAAF,americanfootball_ncaaf,008dd61e19c2456760593773da6a88ef,2026-09-26T22:00:00Z,Old Dominion Monarchs,James Madison Dukes,mybookieag,MyBookie.ag,2026-09-26T19:35:13Z,spreads,2026-09-26T19:35:13Z,Old Dominion Monarchs,-110,7.0,20260926193526122038
NCAAF,americanfootball_ncaaf,008dd61e19c2456760593773da6a88ef,2026-09-26T22:00:00Z,Old Dominion Monarchs,James Madison Dukes,mybookieag,MyBookie.ag,2026-09-26T19:35:13Z,totals,2026-09-26T19:35:13Z,Over,-110,43.5,20260926193526122038
NCAAF,americanfootball_ncaaf,008dd61e19c2456760593773da6a88ef,2026-09-26T22:00:00Z,Old Dominion Monarchs,James Madison Dukes,mybookieag,MyBookie.ag,2026-09-26T19:35:13Z,totals,2026-09-26T19:35:13Z,Under,-110,43.5,20260926193526122038
NCAAF,americanfootball_ncaaf,008dd61e19c2456760593773da6a88ef,2026-09-26T22:00:00Z,Old Dominion Monarchs,James Madison Dukes,betrivers,BetRivers,2026-09-26T19:34:38Z,h2h,2026-09-26T19:34:38Z,James Madison Dukes,-250,,20260926193526122038
NCAAF,americanfootball_ncaaf,008dd61e19c2456760593773da6a88ef,2026-09-26T22:00:00Z,Old Dominion Monarchs,James Madison Dukes,betrivers,BetRivers,2026-09-26T19:34:38Z,h2h,2026-09-26T19:34:38Z,Old Dominion Monarchs,190,,20260926193526122038
NCAAF,americanfootball_ncaaf,008dd61e19c2456760593773da6a88ef,2026-09-26T22:00:00Z,Old Dominion Monarchs,James Madison Dukes,betrivers,BetRivers,2026-09-26T19:34:38Z,spreads,2026-09-26T19:34:38Z,James Madison Dukes,-113,-6.5,20260926193526122038
NCAAF,americanfootball_ncaaf,008dd61e19c2456760593773da6a88ef,2026-09-26T22:00:00Z,Old Dominion Monarchs,James Madison Dukes,betrivers,BetRivers,2026-09-26T19:34:38Z,spreads,2026-09-26T19:34:38Z,Old Dominion Monarchs,-110,6.5,20260926193526122038
NCAAF,americanfootball_ncaaf,008dd61e19c2456760593773da6a88ef,2026-09-26T22:00:00Z,Old Dominion Monarchs,James Madison Dukes,betrivers,BetRivers,2026-09-26T19:34:38Z,totals,2026-09-26T19:34:38Z,Over,-109,43.0,20260926193526122038
NCAAF,americanfootball_ncaaf,008dd61e19c2456760593773da6a88ef,2026-09-26T22:00:00Z,Old Dominion Monarchs,James Madison Dukes,betrivers,BetRivers,2026-09-26T19:34:38Z,totals,2026-09-26T19:34:38Z,Under,-114,43.0,20260926193526122038
NCAAF,americanfootball_ncaaf,008dd61e19c2456760593773da6a88ef,2026-09-26T22:00:00Z,Old Dominion Monarchs,James Madison Dukes,draftkings,DraftKings,2026-09-26T19:34:04Z,h2h,2026-09-26T19:34:04Z,James Madison Dukes,-245,,20260926193526122038
NCAAF,americanfootball_ncaaf,008dd61e19c2456760593773da6a88ef,2026-09-26T22:00:00Z,Old Dominion Monarchs,James Madison Dukes,draftkings,DraftKings,2026-09-26T19:34:04Z,h2h,2026-09-26T19:34:04Z,Old Dominion Monarchs,200,,20260926193526122038
NCAAF,americanfootball_ncaaf,008dd61e19c2456760593773da6a88ef,2026-09-26T22:00:00Z,Old Dominion Monarchs,James Madison Dukes,draftkings,DraftKings,2026-09-26T19:34:04Z,spreads,2026-09-26T19:34:04Z,James Madison Dukes,-118,-6.5,20260926193526122038
NCAAF,americanfootball_ncaaf,008dd61e19c2456760593773da6a88ef,2026-09-26T22:00:00Z,Old Dominion Monarchs,James Madison Dukes,draftkings,DraftKings,2026-09-26T19:34:04Z,spreads,2026-09-26T19:34:04Z,Old Dominion Monarchs,-102,6.5,20260926193526122038
NCAAF,americanfootball_ncaaf,008dd61e19c2456760593773da6a88ef,2026-09-26T22:00:00Z,Old Dominion Monarchs,James Madison Dukes,draftkings,DraftKings,2026-09-26T19:34:04Z,totals,2026-09-26T19:34:04Z,Over,-108,43.5,20260926193526122038
NCAAF,americanfootball_ncaaf,008dd61e19c2456760593773da6a88ef,2026-09-26T22:00:00Z,Old Dominion Monarchs,James Madison Dukes,draftkings,DraftKings,2026-09-26T19:34:04Z,totals,2026-09-26T19:34:04Z,Under,-112,43.5,20260926193526122038
NCAAF,americanfootball_ncaaf,008dd61e19c2456760593773da6a88ef,2026-09-26T22:00:00Z,Old Dominion Monarchs,James Madison Dukes,lowvig,LowVig.ag,2026-09-26T19:34:21Z,h2h,2026-09-26T19:34:21Z,James Madison Dukes,-250,,20260926193526122038
NCAAF,americanfootball_ncaaf,008dd61e19c2456760593773da6a88ef,2026-09-26T22:00:00Z,Old Dominion Monarchs,James Madison Dukes,lowvig,LowVig.ag,2026-09-26T19:34:21Z,h2h,2026-09-26T19:34:21Z,Old Dominion Monarchs,207,,20260926193526122038
NCAAF,americanfootball_ncaaf,008dd61e19c2456760593773da6a88ef,2026-09-26T22:00:00Z,Old Dominion Monarchs,James Madison Dukes,lowvig,LowVig.ag,2026-09-26T19:34:21Z,spreads,2026-09-26T19:34:21Z,James Madison Dukes,-111,-6.5,20260926193526122038
NCAAF,americanfootball_ncaaf,008dd61e19c2456760593773da6a88ef,2026-09-26T22:00:00Z,Old Dominion Monarchs,James Madison Dukes,lowvig,LowVig.ag,2026-09-26T19:34:21Z,spreads,2026-09-26T19:34:21Z,Old Dominion Monarchs,-101,6.5,20260926193526122038
NCAAF,americanfootball_ncaaf,008dd61e19c2456760593773da6a88ef,2026-09-26T22:00:00Z,Old Dominion Monarchs,James Madison Dukes,lowvig,LowVig.ag,2026-09-26T19:34:21Z,totals,2026-09-26T19:34:21Z,Over,-108,43.5,20260926193526122038
NCAAF,americanfootball_ncaaf,008dd61e19c2456760593773da6a88ef,2026-09-26T22:00:00Z,Old Dominion Monarchs,James Madison Dukes,lowvig,LowVig.ag,2026-09-26T19:34:21Z,totals,2026-09-26T19:34:21Z,Under,-108,43.5,20260926193526122038
NCAAF,americanfootball_ncaaf,008dd61e19c2456760593773da6a88ef,2026-09-26T22:00:00Z,Old Dominion Monarchs,James Madison Dukes,betonlineag,BetOnline.ag,2026-09-26T19:34:56Z,h2h,2026-09-26T19:34:54Z,James Madison Dukes,-250,,20260926193526122038
NCAAF,americanfootball_ncaaf,008dd61e19c2456760593773da6a88ef,2026-09-26T22:00:00Z,Old Dominion Monarchs,James Madison Dukes,betonlineag,BetOnline.ag,2026-09-26T19:34:56Z,h2h,2026-09-26T19:34:54Z,Old Dominion Monarchs,207,,20260926193526122038
NCAAF,americanfootball_ncaaf,008dd61e19c2456760593773da6a88ef,2026-09-26T22:00:00Z,Old Dominion Monarchs,James Madison Dukes,betonlineag,BetOnline.ag,2026-09-26T19:34:56Z,spreads,2026-09-26T19:34:54Z,James Madison Dukes,-115,-6.5,20260926193526122038
NCAAF,americanfootball_ncaaf,008dd61e19c2456760593773da6a88ef,2026-09-26T22:00:00Z,Old Dominion Monarchs,James Madison Dukes,betonlineag,BetOnline.ag,2026-09-26T19:34:56Z,spreads,2026-09-26T19:34:54Z,Old Dominion Monarchs,-105,6.5,20260926193526122038
NCAAF,americanfootball_ncaaf,008dd61e19c2456760593773da6a88ef,2026-09-26T22:00:00Z,Old Dominion Monarchs,James Madison Dukes,betonlineag,BetOnline.ag,2026-09-26T19:34:56Z,totals,2026-09-26T19:34:54Z,Over,-110,43.5,20260926193526122038
NCAAF,americanfootball_ncaaf,008dd61e19c2456760593773da6a88ef,2026-09-26T22:00:00Z,Old Dominion Monarchs,James Madison Dukes,betonlineag,BetOnline.ag,2026-09-26T19:34:56Z,totals,2026-09-26T19:34:54Z,Under,-110,43.5,20260926193526122038
NCAAF,americanfootball_ncaaf,008dd61e19c2456760593773da6a88ef,2026-09-26T22:00:00Z,Old Dominion Monarchs,James Madison Dukes,betmgm,BetMGM,2026-09-26T19:34:43Z,h2h,2026-09-26T19:34:43Z,James Madison Dukes,-250,,20260926193526122038
NCAAF,americanfootball_ncaaf,008dd61e19c2456760593773da6a88ef,2026-09-26T22:00:00Z,Old Dominion Monarchs,James Madison Dukes,betmgm,BetMGM,2026-09-26T19:34:43Z,h2h,2026-09-26T19:34:43Z,Old Dominion Monarchs,200,,20260926193526122038
NCAAF,americanfootball_ncaaf,008dd61e19c2456760593773da6a88ef,2026-09-26T22:00:00Z,Old Dominion Monarchs,James Madison Dukes,betmgm,BetMGM,2026-09-26T19:34:43Z,spreads,2026-09-26T19:34:43Z,James Madison Dukes,-120,-6.5,20260926193526122038
NCAAF,americanfootball_ncaaf,008dd61e19c2456760593773da6a88ef,2026-09-26T22:00:00Z,Old Dominion Monarchs,James Madison Dukes,betmgm,BetMGM,2026-09-26T19:34:43Z,spreads,2026-09-26T19:34:43Z,Old Dominion Monarchs,-108,6.5,20260926193526122038
NCAAF,americanfootball_ncaaf,008dd61e19c2456760593773da6a88ef,2026-09-26T22:00:00Z,Old Dominion Monarchs,James Madison Dukes,betmgm,BetMGM,2026-09-26T19:34:43Z,totals,2026-09-26T19:34:43Z,Over,-110,43.5,20260926193526122038
NCAAF,americanfootball_ncaaf,008dd61e19c2456760593773da6a88ef,2026-09-26T22:00:00Z,Old Dominion Monarchs,James Madison Dukes,betmgm,BetMGM,2026-09-26T19:34:43Z,totals,2026-09-26T19:34:43Z,Under,-108,43.5,20260926193526122038
NCAAF,americanfootball_ncaaf,008dd61e19c2456760593773da6a88ef,2026-09-26T22:00:00Z,Old Dominion Monarchs,James Madison Dukes,betus,BetUS,2026-09-26T19:35:13Z,h2h,2026-09-26T19:35:12Z,James Madison Dukes,-250,,20260926193526122038
NCAAF,americanfootball_ncaaf,008dd61e19c2456760593773da6a88ef,2026-09-26T22:00:00Z,Old Dominion Monarchs,James Madison Dukes,betus,BetUS,2026-09-26T19:35:13Z,h2h,2026-09-26T19:35:12Z,Old Dominion Monarchs,210,,20260926193526122038
NCAAF,americanfootball_ncaaf,008dd61e19c2456760593773da6a88ef,2026-09-26T22:00:00Z,Old Dominion Monarchs,James Madison Dukes,betus,BetUS,2026-09-26T19:35:13Z,spreads,2026-09-26T19:35:12Z,James Madison Dukes,-105,-7.0,20260926193526122038
NCAAF,americanfootball_ncaaf,008dd61e19c2456760593773da6a88ef,2026-09-26T22:00:00Z,Old Dominion Monarchs,James Madison Dukes,betus,BetUS,2026-09-26T19:35:13Z,spreads,2026-09-26T19:35:12Z,Old Dominion Monarchs,-115,7.0,20260926193526122038
NCAAF,americanfootball_ncaaf,008dd61e19c2456760593773da6a88ef,2026-09-26T22:00:00Z,Old Dominion Monarchs,James Madison Dukes,betus,BetUS,2026-09-26T19:35:13Z,totals,2026-09-26T19:35:12Z,Over,-110,43.5,20260926193526122038
NCAAF,americanfootball_ncaaf,008dd61e19c2456760593773da6a88ef,2026-09-26T22:00:00Z,Old Dominion Monarchs,James Madison Dukes,betus,BetUS,2026-09-26T19:35:13Z,totals,2026-09-26T19:35:12Z,Under,-110,43.5,20260926193526122038
NCAAF,americanfootball_ncaaf,008dd61e19c2456760593773da6a88ef,2026-09-26T22:00:00Z,Old Dominion Monarchs,James Madison Dukes,bovada,Bovada,2026-09-26T19:34:42Z,h2h,2026-09-26T19:34:42Z,James Madison Dukes,-240,,20260926193526122038
NCAAF,americanfootball_ncaaf,008dd61e19c2456760593773da6a88ef,2026-09-26T22:00:00Z,Old Dominion Monarchs,James Madison Dukes,bovada,Bovada,2026-09-26T19:34:42Z,h2h,2026-09-26T19:34:42Z,Old Dominion Monarchs,200,,20260926193526122038
NCAAF,americanfootball_ncaaf,008dd61e19c2456760593773da6a88ef,2026-09-26T22:00:00Z,Old Dominion Monarchs,James Madison Dukes,bovada,Bovada,2026-09-26T19:34:42Z,spreads,2026-09-26T19:34:42Z,James Madison Dukes,-115,-6.5,20260926193526122038
NCAAF,americanfootball_ncaaf,008dd61e19c2456760593773da6a88ef,2026-09-26T22:00:00Z,Old Dominion Monarchs,James Madison Dukes,bovada,Bovada,2026-09-26T19:34:42Z,spreads,2026-09-26T19:34:42Z,Old Dominion Monarchs,-105,6.5,20260926193526122038
NCAAF,americanfootball_ncaaf,008dd61e19c2456760593773da6a88ef,2026-09-26T22:00:00Z,Old Dominion Monarchs,James Madison Dukes,bovada,Bovada,2026-09-26T19:34:42Z,totals,2026-09-26T19:34:42Z,Over,-110,43.5,20260926193526122038
NCAAF,americanfootball_ncaaf,008dd61e19c2456760593773da6a88ef,2026-09-26T22:00:00Z,Old Dominion Monarchs,James Madison Dukes,bovada,Bovada,2026-09-26T19:34:42Z,totals,2026-09-26T19:34:42Z,Under,-110,43.5,20260926193526122038
NCAAF,americanfootball_ncaaf,1f0c9cd1941cbfe5c5ca28fa42e387d8,2026-09-26T22:30:00Z,Miami Hurricanes,Central Michigan Chippewas,draftkings,DraftKings,2026-09-26T19:34:04Z,spreads,2026-09-26T19:34:04Z,Central Michigan Chippewas,-108,41.5,20260926193526122038
NCAAF,americanfootball_ncaaf,1f0c9cd1941cbfe5c5ca28fa42e387d8,2026-09-26T22:30:00Z,Miami Hurricanes,Central Michigan Chippewas,draftkings,DraftKings,2026-09-26T19:34:04Z,spreads,2026-09-26T19:34:04Z,Miami Hurricanes,-112,-41.5,20260926193526122038
NCAAF,americanfootball_ncaaf,1f0c9cd1941cbfe5c5ca28fa42e387d8,2026-09-26T22:30:00Z,Miami Hurricanes,Central Michigan Chippewas,draftkings,DraftKings,2026-09-26T19:34:04Z,totals,2026-09-26T19:34:04Z,Over,-112,52.5,20260926193526122038
NCAAF,americanfootball_ncaaf,1f0c9cd1941cbfe5c5ca28fa42e387d8,2026-09-26T22:30:00Z,Miami Hurricanes,Central Michigan Chippewas,draftkings,DraftKings,2026-09-26T19:34:04Z,totals,2026-09-26T19:34:04Z,Under,-108,52.5,20260926193526122038
NCAAF,americanfootball_ncaaf,1f0c9cd1941cbfe5c5ca28fa42e387d8,2026-09-26T22:30:00Z,Miami Hurricanes,Central Michigan Chippewas,fanduel,FanDuel,2026-09-26T19:35:15Z,spreads,2026-09-26T19:35:15Z,Central Michigan Chippewas,-106,41.5,20260926193526122038
NCAAF,americanfootball_ncaaf,1f0c9cd1941cbfe5c5ca28fa42e387d8,2026-09-26T22:30:00Z,Miami Hurricanes,Central Michigan Chippewas,fanduel,FanDuel,2026-09-26T19:35:15Z,spreads,2026-09-26T19:35:15Z,Miami Hurricanes,-114,-41.5,20260926193526122038
NCAAF,americanfootball_ncaaf,1f0c9cd1941cbfe5c5ca28fa42e387d8,2026-09-26T22:30:00Z,Miami Hurricanes,Central Michigan Chippewas,fanduel,FanDuel,2026-09-26T19:35:15Z,totals,2026-09-26T19:35:15Z,Over,-114,52.5,20260926193526122038
NCAAF,americanfootball_ncaaf,1f0c9cd1941cbfe5c5ca28fa42e387d8,2026-09-26T22:30:00Z,Miami Hurricanes,Central Michigan Chippewas,fanduel,FanDuel,2026-09-26T19:35:15Z,totals,2026-09-26T19:35:15Z,Under,-106,52.5,20260926193526122038
NCAAF,americanfootball_ncaaf,1f0c9cd1941cbfe5c5ca28fa42e387d8,2026-09-26T22:30:00Z,Miami Hurricanes,Central Michigan Chippewas,betrivers,BetRivers,2026-09-26T19:34:38Z,spreads,2026-09-26T19:34:38Z,Central Michigan Chippewas,-110,40.5,20260926193526122038
NCAAF,americanfootball_ncaaf,1f0c9cd1941cbfe5c5ca28fa42e387d8,2026-09-26T22:30:00Z,Miami Hurricanes,Central Michigan Chippewas,betrivers,BetRivers,2026-09-26T19:34:38Z,spreads,2026-09-26T19:34:38Z,Miami Hurricanes,-113,-40.5,20260926193526122038
NCAAF,americanfootball_ncaaf,1f0c9cd1941cbfe5c5ca28fa42e387d8,2026-09-26T22:30:00Z,Miami Hurricanes,Central Michigan Chippewas,betrivers,BetRivers,2026-09-26T19:34:38Z,totals,2026-09-26T19:34:38Z,Over,-112,53.0,20260926193526122038
NCAAF,americanfootball_ncaaf,1f0c9cd1941cbfe5c5ca28fa42e387d8,2026-09-26T22:30:00Z,Miami Hurricanes,Central Michigan Chippewas,betrivers,BetRivers,2026-09-26T19:34:38Z,totals,2026-09-26T19:34:38Z,Under,-112,53.0,20260926193526122038
NCAAF,americanfootball_ncaaf,1f0c9cd1941cbfe5c5ca28fa42e387d8,2026-09-26T22:30:00Z,Miami Hurricanes,Central Michigan Chippewas,lowvig,LowVig.ag,2026-09-26T19:34:21Z,spreads,2026-09-26T19:34:21Z,Central Michigan Chippewas,-101,41.5,20260926193526122038
NCAAF,americanfootball_ncaaf,1f0c9cd1941cbfe5c5ca28fa42e387d8,2026-09-26T22:30:00Z,Miami Hurricanes,Central Michigan Chippewas,lowvig,LowVig.ag,2026-09-26T19:34:21Z,spreads,2026-09-26T19:34:21Z,Miami Hurricanes,-111,-41.5,20260926193526122038
NCAAF,americanfootball_ncaaf,1f0c9cd1941cbfe5c5ca28fa42e387d8,2026-09-26T22:30:00Z,Miami Hurricanes,Central Michigan Chippewas,lowvig,LowVig.ag,2026-09-26T19:34:21Z,totals,2026-09-26T19:34:21Z,Over,-108,52.5,20260926193526122038
NCAAF,americanfootball_ncaaf,1f0c9cd1941cbfe5c5ca28fa42e387d8,2026-09-26T22:30:00Z,Miami Hurricanes,Central Michigan Chippewas,lowvig,LowVig.ag,2026-09-26T19:34:21Z,totals,2026-09-26T19:34:21Z,Under,-108,52.5,20260926193526122038
NCAAF,americanfootball_ncaaf,1f0c9cd1941cbfe5c5ca28fa42e387d8,2026-09-26T22:30:00Z,Miami Hurricanes,Central Michigan Chippewas,betonlineag,BetOnline.ag,2026-09-26T19:34:56Z,spreads,2026-09-26T19:34:54Z,Central Michigan Chippewas,-105,41.5,20260926193526122038
NCAAF,americanfootball_ncaaf,1f0c9cd1941cbfe5c5ca28fa42e387d8,2026-09-26T22:30:00Z,Miami Hurricanes,Central Michigan Chippewas,betonlineag,BetOnline.ag,2026-09-26T19:34:56Z,spreads,2026-09-26T19:34:54Z,Miami Hurricanes,-115,-41.5,20260926193526122038
NCAAF,americanfootball_ncaaf,1f0c9cd1941cbfe5c5ca28fa42e387d8,2026-09-26T22:30:00Z,Miami Hurricanes,Central Michigan Chippewas,betonlineag,BetOnline.ag,2026-09-26T19:34:56Z,totals,2026-09-26T19:34:54Z,Over,-110,52.5,20260926193526122038
NCAAF,americanfootball_ncaaf,1f0c9cd1941cbfe5c5ca28fa42e387d8,2026-09-26T22:30:00Z,Miami Hurricanes,Central Michigan Chippewas,betonlineag,BetOnline.ag,2026-09-26T19:34:56Z,totals,2026-09-26T19:34:54Z,Under,-110,52.5,20260926193526122038
NCAAF,americanfootball_ncaaf,1f0c9cd1941cbfe5c5ca28fa42e387d8,2026-09-26T22:30:00Z,Miami Hurricanes,Central Michigan Chippewas,betmgm,BetMGM,2026-09-26T19:34:43Z,spreads,2026-09-26T19:34:43Z,Central Michigan Chippewas,-108,41.5,20260926193526122038
NCAAF,americanfootball_ncaaf,1f0c9cd1941cbfe5c5ca28fa42e387d8,2026-09-26T22:30:00Z,Miami Hurricanes,Central Michigan Chippewas,betmgm,BetMGM,2026-09-26T19:34:43Z,spreads,2026-09-26T19:34:43Z,Miami Hurricanes,-110,-41.5,20260926193526122038
NCAAF,americanfootball_ncaaf,1f0c9cd1941cbfe5c5ca28fa42e387d8,2026-09-26T22:30:00Z,Miami Hurricanes,Central Michigan Chippewas,betmgm,BetMGM,2026-09-26T19:34:43Z,totals,2026-09-26T19:34:43Z,Over,-110,52.5,20260926193526122038
NCAAF,americanfootball_ncaaf,1f0c9cd1941cbfe5c5ca28fa42e387d8,2026-09-26T22:30:00Z,Miami Hurricanes,Central Michigan Chippewas,betmgm,BetMGM,2026-09-26T19:34:43Z,totals,2026-09-26T19:34:43Z,Under,-108,52.5,20260926193526122038
NCAAF,americanfootball_ncaaf,1f0c9cd1941cbfe5c5ca28fa42e387d8,2026-09-26T22:30:00Z,Miami Hurricanes,Central Michigan Chippewas,betus,BetUS,2026-09-26T19:35:13Z,spreads,2026-09-26T19:35:13Z,Central Michigan Chippewas,-110,42.0,20260926193526122038
NCAAF,americanfootball_ncaaf,1f0c9cd1941cbfe5c5ca28fa42e387d8,2026-09-26T22:30:00Z,Miami Hurricanes,Central Michigan Chippewas,betus,BetUS,2026-09-26T19:35:13Z,spreads,2026-09-26T19:35:13Z,Miami Hurricanes,-110,-42.0,20260926193526122038
NCAAF,americanfootball_ncaaf,1f0c9cd1941cbfe5c5ca28fa42e387d8,2026-09-26T22:30:00Z,Miami Hurricanes,Central Michigan Chippewas,betus,BetUS,2026-09-26T19:35:13Z,totals,2026-09-26T19:35:13Z,Over,-110,52.5,20260926193526122038
NCAAF,americanfootball_ncaaf,1f0c9cd1941cbfe5c5ca28fa42e387d8,2026-09-26T22:30:00Z,Miami Hurricanes,Central Michigan Chippewas,betus,BetUS,2026-09-26T19:35:13Z,totals,2026-09-26T19:35:13Z,Under,-110,52.5,20260926193526122038
NCAAF,americanfootball_ncaaf,1f0c9cd1941cbfe5c5ca28fa42e387d8,2026-09-26T22:30:00Z,Miami Hurricanes,Central Michigan Chippewas,bovada,Bovada,2026-09-26T19:34:42Z,spreads,2026-09-26T19:34:42Z,Central Michigan Chippewas,-110,41.0,20260926193526122038
NCAAF,americanfootball_ncaaf,1f0c9cd1941cbfe5c5ca28fa42e387d8,2026-09-26T22:30:00Z,Miami Hurricanes,Central Michigan Chippewas,bovada,Bovada,2026-09-26T19:34:42Z,spreads,2026-09-26T19:34:42Z,Miami Hurricanes,-110,-41.0,20260926193526122038
NCAAF,americanfootball_ncaaf,1f0c9cd1941cbfe5c5ca28fa42e387d8,2026-09-26T22:30:00Z,Miami Hurricanes,Central Michigan Chippewas,bovada,Bovada,2026-09-26T19:34:42Z,totals,2026-09-26T19:34:42Z,Over,-105,52.5,20260926193526122038
NCAAF,americanfootball_ncaaf,1f0c9cd1941cbfe5c5ca28fa42e387d8,2026-09-26T22:30:00Z,Miami Hurricanes,Central Michigan Chippewas,bovada,Bovada,2026-09-26T19:34:42Z,totals,2026-09-26T19:34:42Z,Under,-115,52.5,20260926193526122038
NCAAF,americanfootball_ncaaf,c80f5f34b99b9346f4e40cf5304d941d,2026-09-26T22:30:00Z,Charlotte 49ers,Louisiana Ragin Cajuns,fanduel,FanDuel,2026-09-26T19:35:15Z,h2h,2026-09-26T19:35:15Z,Charlotte 49ers,310,,20260926193526122038
NCAAF,americanfootball_ncaaf,c80f5f34b99b9346f4e40cf5304d941d,2026-09-26T22:30:00Z,Charlotte 49ers,Louisiana Ragin Cajuns,fanduel,FanDuel,2026-09-26T19:35:15Z,h2h,2026-09-26T19:35:15Z,Louisiana Ragin Cajuns,-400,,20260926193526122038
NCAAF,americanfootball_ncaaf,c80f5f34b99b9346f4e40cf5304d941d,2026-09-26T22:30:00Z,Charlotte 49ers,Louisiana Ragin Cajuns,fanduel,FanDuel,2026-09-26T19:35:15Z,spreads,2026-09-26T19:35:15Z,Charlotte 49ers,-122,10.5,20260926193526122038
NCAAF,americanfootball_ncaaf,c80f5f34b99b9346f4e40cf5304d941d,2026-09-26T22:30:00Z,Charlotte 49ers,Louisiana Ragin Cajuns,fanduel,FanDuel,2026-09-26T19:35:15Z,spreads,2026-09-26T19:35:15Z,Louisiana Ragin Cajuns,100,-10.5,20260926193526122038
NCAAF,americanfootball_ncaaf,c80f5f34b99b9346f4e40cf5304d941d,2026-09-26T22:30:00Z,Charlotte 49ers,Louisiana Ragin Cajuns,fanduel,FanDuel,2026-09-26T19:35:15Z,totals,2026-09-26T19:35:15Z,Over,-104,49.5,20260926193526122038
NCAAF,americanfootball_ncaaf,c80f5f34b99b9346f4e40cf5304d941d,2026-09-26T22:30:00Z,Charlotte 49ers,Louisiana Ragin Cajuns,fanduel,FanDuel,2026-09-26T19:35:15Z,totals,2026-09-26T19:35:15Z,Under,-118,49.5,20260926193526122038
NCAAF,americanfootball_ncaaf,c80f5f34b99b9346f4e40cf5304d941d,2026-09-26T22:30:00Z,Charlotte 49ers,Louisiana Ragin Cajuns,mybookieag,MyBookie.ag,2026-09-26T19:35:13Z,h2h,2026-09-26T19:35:13Z,Charlotte 49ers,282,,20260926193526122038
NCAAF,americanfootball_ncaaf,c80f5f34b99b9346f4e40cf5304d941d,2026-09-26T22:30:00Z,Charlotte 49ers,Louisiana Ragin Cajuns,mybookieag,MyBookie.ag,2026-09-26T19:35:13Z,h2h,2026-09-26T19:35:13Z,Louisiana Ragin Cajuns,-372,,20260926193526122038
NCAAF,americanfootball_ncaaf,c80f5f34b99b9346f4e40cf5304d941d,2026-09-26T22:30:00Z,Charlotte 49ers,Louisiana Ragin Cajuns,mybookieag,MyBookie.ag,2026-09-26T19:35:13Z,spreads,2026-09-26T19:35:13Z,Charlotte 49ers,-110,9.5,20260926193526122038
NCAAF,americanfootball_ncaaf,c80f5f34b99b9346f4e40cf5304d941d,2026-09-26T22:30:00Z,Charlotte 49ers,Louisiana Ragin Cajuns,mybookieag,MyBookie.ag,2026-09-26T19:35:13Z,spreads,2026-09-26T19:35:13Z,Louisiana Ragin Cajuns,-110,-9.5,20260926193526122038
NCAAF,americanfootball_ncaaf,c80f5f34b99b9346f4e40cf5304d941d,2026-09-26T22:30:00Z,Charlotte 49ers,Louisiana Ragin Cajuns,mybookieag,MyBookie.ag,2026-09-26T19:35:13Z,totals,2026-09-26T19:35:13Z,Over,-110,49.0,20260926193526122038
NCAAF,americanfootball_ncaaf,c80f5f34b99b9346f4e40cf5304d941d,2026-09-26T22:30:00Z,Charlotte 49ers,Louisiana Ragin Cajuns,mybookieag,MyBookie.ag,2026-09-26T19:35:13Z,totals,2026-09-26T19:35:13Z,Under,-110,49.0,20260926193526122038
NCAAF,americanfootball_ncaaf,c80f5f34b99b9346f4e40cf5304d941d,2026-09-26T22:30:00Z,Charlotte 49ers,Louisiana Ragin Cajuns,draftkings,DraftKings,2026-09-26T19:34:04Z,h2h,2026-09-26T19:34:04Z,Charlotte 49ers,295,,20260926193526122038
NCAAF,americanfootball_ncaaf,c80f5f34b99b9346f4e40cf5304d941d,2026-09-26T22:30:00Z,Charlotte 49ers,Louisiana Ragin Cajuns,draftkings,DraftKings,2026-09-26T19:34:04Z,h2h,2026-09-26T19:34:04Z,Louisiana Ragin Cajuns,-375,,20260926193526122038
NCAAF,americanfootball_ncaaf,c80f5f34b99b9346f4e40cf5304d941d,2026-09-26T22:30:00Z,Charlotte 49ers,Louisiana Ragin Cajuns,draftkings,DraftKings,2026-09-26T19:34:04Z,spreads,2026-09-26T19:34:04Z,Charlotte 49ers,-110,9.5,20260926193526122038
NCAAF,americanfootball_ncaaf,c80f5f34b99b9346f4e40cf5304d941d,2026-09-26T22:30:00Z,Charlotte 49ers,Louisiana Ragin Cajuns,draftkings,DraftKings,2026-09-26T19:34:04Z,spreads,2026-09-26T19:34:04Z,Louisiana Ragin Cajuns,-110,-9.5,20260926193526122038
NCAAF,americanfootball_ncaaf,c80f5f34b99b9346f4e40cf5304d941d,2026-09-26T22:30:00Z,Charlotte 49ers,Louisiana Ragin Cajuns,draftkings,DraftKings,2026-09-26T19:34:04Z,totals,2026-09-26T19:34:04Z,Over,-105,49.5,20260926193526122038
NCAAF,americanfootball_ncaaf,c80f5f34b99b9346f4e40cf5304d941d,2026-09-26T22:30:00Z,Charlotte 49ers,Louisiana Ragin Cajuns,draftkings,DraftKings,2026-09-26T19:34:04Z,totals,2026-09-26T19:34:04Z,Under,-115,49.5,20260926193526122038
NCAAF,americanfootball_ncaaf,c80f5f34b99b9346f4e40cf5304d941d,2026-09-26T22:30:00Z,Charlotte 49ers,Louisiana Ragin Cajuns,betrivers,BetRivers,2026-09-26T19:34:38Z,h2h,2026-09-26T19:34:38Z,Charlotte 49ers,300,,20260926193526122038
NCAAF,americanfootball_ncaaf,c80f5f34b99b9346f4e40cf5304d941d,2026-09-26T22:30:00Z,Charlotte 49ers,Louisiana Ragin Cajuns,betrivers,BetRivers,2026-09-26T19:34:38Z,h2h,2026-09-26T19:34:38Z,Louisiana Ragin Cajuns,-420,,20260926193526122038
NCAAF,americanfootball_ncaaf,c80f5f34b99b9346f4e40cf5304d941d,2026-09-26T22:30:00Z,Charlotte 49ers,Louisiana Ragin Cajuns,betrivers,BetRivers,2026-09-26T19:34:38Z,spreads,2026-09-26T19:34:38Z,Charlotte 49ers,-112,9.5,20260926193526122038
NCAAF,americanfootball_ncaaf,c80f5f34b99b9346f4e40cf5304d941d,2026-09-26T22:30:00Z,Charlotte 49ers,Louisiana Ragin Cajuns,betrivers,BetRivers,2026-09-26T19:34:38Z,spreads,2026-09-26T19:34:38Z,Louisiana Ragin Cajuns,-110,-9.5,20260926193526122038
NCAAF,americanfootball_ncaaf,c80f5f34b99b9346f4e40cf5304d941d,2026-09-26T22:30:00Z,Charlotte 49ers,Louisiana Ragin Cajuns,betrivers,BetRivers,2026-09-26T19:34:38Z,totals,2026-09-26T19:34:38Z,Over,-115,48.5,20260926193526122038
NCAAF,americanfootball_ncaaf,c80f5f34b99b9346f4e40cf5304d941d,2026-09-26T22:30:00Z,Charlotte 49ers,Louisiana Ragin Cajuns,betrivers,BetRivers,2026-09-26T19:34:38Z,totals,2026-09-26T19:34:38Z,Under,-112,48.5,20260926193526122038
NCAAF,americanfootball_ncaaf,c80f5f34b99b9346f4e40cf5304d941d,2026-09-26T22:30:00Z,Charlotte 49ers,Louisiana Ragin Cajuns,lowvig,LowVig.ag,2026-09-26T19:34:21Z,h2h,2026-09-26T19:34:21Z,Charlotte 49ers,306,,20260926193526122038
NCAAF,americanfootball_ncaaf,c80f5f34b99b9346f4e40cf5304d941d,2026-09-26T22:30:00Z,Charlotte 49ers,Louisiana Ragin Cajuns,lowvig,LowVig.ag,2026-09-26T19:34:21Z,h2h,2026-09-26T19:34:21Z,Louisiana Ragin Cajuns,-385,,20260926193526122038
NCAAF,americanfootball_ncaaf,c80f5f34b99b9346f4e40cf5304d941d,2026-09-26T22:30:00Z,Charlotte 49ers,Louisiana Ragin Cajuns,lowvig,LowVig.ag,2026-09-26T19:34:21Z,spreads,2026-09-26T19:34:21Z,Charlotte 49ers,-106,9.5,20260926193526122038
NCAAF,americanfootball_ncaaf,c80f5f34b99b9346f4e40cf5304d941d,2026-09-26T22:30:00Z,Charlotte 49ers,Louisiana Ragin Cajuns,lowvig,LowVig.ag,2026-09-26T19:34:21Z,spreads,2026-09-26T19:34:21Z,Louisiana Ragin Cajuns,-106,-9.5,20260926193526122038
NCAAF,americanfootball_ncaaf,c80f5f34b99b9346f4e40cf5304d941d,2026-09-26T22:30:00Z,Charlotte 49ers,Louisiana Ragin Cajuns,lowvig,LowVig.ag,2026-09-26T19:34:21Z,totals,2026-09-26T19:34:21Z,Over,-114,49.0,20260926193526122038
NCAAF,americanfootball_ncaaf,c80f5f34b99b9346f4e40cf5304d941d,2026-09-26T22:30:00Z,Charlotte 49ers,Louisiana Ragin Cajuns,lowvig,LowVig.ag,2026-09-26T19:34:21Z,totals,2026-09-26T19:34:21Z,Under,-103,49.0,20260926193526122038
NCAAF,americanfootball_ncaaf,c80f5f34b99b9346f4e40cf5304d941d,2026-09-26T22:30:00Z,Charlotte 49ers,Louisiana Ragin Cajuns,betonlineag,BetOnline.ag,2026-09-26T19:34:56Z,h2h,2026-09-26T19:34:54Z,Charlotte 49ers,306,,20260926193526122038
NCAAF,americanfootball_ncaaf,c80f5f34b99b9346f4e40cf5304d941d,2026-09-26T22:30:00Z,Charlotte 49ers,Louisiana Ragin Cajuns,betonlineag,BetOnline.ag,2026-09-26T19:34:56Z,h2h,2026-09-26T19:34:54Z,Louisiana Ragin Cajuns,-385,,20260926193526122038
NCAAF,americanfootball_ncaaf,c80f5f34b99b9346f4e40cf5304d941d,2026-09-26T22:30:00Z,Charlotte 49ers,Louisiana Ragin Cajuns,betonlineag,BetOnline.ag,2026-09-26T19:34:56Z,spreads,2026-09-26T19:34:54Z,Charlotte 49ers,-110,9.5,20260926193526122038
NCAAF,americanfootball_ncaaf,c80f5f34b99b9346f4e40cf5304d941d,2026-09-26T22:30:00Z,Charlotte 49ers,Louisiana Ragin Cajuns,betonlineag,BetOnline.ag,2026-09-26T19:34:56Z,spreads,2026-09-26T19:34:54Z,Louisiana Ragin Cajuns,-110,-9.5,20260926193526122038
NCAAF,americanfootball_ncaaf,c80f5f34b99b9346f4e40cf5304d941d,2026-09-26T22:30:00Z,Charlotte 49ers,Louisiana Ragin Cajuns,betonlineag,BetOnline.ag,2026-09-26T19:34:56Z,totals,2026-09-26T19:34:54Z,Over,-115,49.0,20260926193526122038
NCAAF,americanfootball_ncaaf,c80f5f34b99b9346f4e40cf5304d941d,2026-09-26T22:30:00Z,Charlotte 49ers,Louisiana Ragin Cajuns,betonlineag,BetOnline.ag,2026-09-26T19:34:56Z,totals,2026-09-26T19:34:54Z,Under,-105,49.0,20260926193526122038
NCAAF,americanfootball_ncaaf,c80f5f34b99b9346f4e40cf5304d941d,2026-09-26T22:30:00Z,Charlotte 49ers,Louisiana Ragin Cajuns,betmgm,BetMGM,2026-09-26T19:34:43Z,h2h,2026-09-26T19:34:43Z,Charlotte 49ers,300,,20260926193526122038
NCAAF,americanfootball_ncaaf,c80f5f34b99b9346f4e40cf5304d941d,2026-09-26T22:30:00Z,Charlotte 49ers,Louisiana Ragin Cajuns,betmgm,BetMGM,2026-09-26T19:34:43Z,h2h,2026-09-26T19:34:43Z,Louisiana Ragin Cajuns,-375,,20260926193526122038
NCAAF,americanfootball_ncaaf,c80f5f34b99b9346f4e40cf5304d941d,2026-09-26T22:30:00Z,Charlotte 49ers,Louisiana Ragin Cajuns,betmgm,BetMGM,2026-09-26T19:34:43Z,spreads,2026-09-26T19:34:43Z,Charlotte 49ers,-108,9.5,20260926193526122038
NCAAF,americanfootball_ncaaf,c80f5f34b99b9346f4e40cf5304d941d,2026-09-26T22:30:00Z,Charlotte 49ers,Louisiana Ragin Cajuns,betmgm,BetMGM,2026-09-26T19:34:43Z,spreads,2026-09-26T19:34:43Z,Louisiana Ragin Cajuns,-110,-9.5,20260926193526122038
NCAAF,americanfootball_ncaaf,c80f5f34b99b9346f4e40cf5304d941d,2026-09-26T22:30:00Z,Charlotte 49ers,Louisiana Ragin Cajuns,betmgm,BetMGM,2026-09-26T19:34:43Z,totals,2026-09-26T19:34:43Z,Over,-120,48.5,20260926193526122038
NCAAF,americanfootball_ncaaf,c80f5f34b99b9346f4e40cf5304d941d,2026-09-26T22:30:00Z,Charlotte 49ers,Louisiana Ragin Cajuns,betmgm,BetMGM,2026-09-26T19:34:43Z,totals,2026-09-26T19:34:43Z,Under,-110,48.5,20260926193526122038
NCAAF,americanfootball_ncaaf,c80f5f34b99b9346f4e40cf5304d941d,2026-09-26T22:30:00Z,Charlotte 49ers,Louisiana Ragin Cajuns,betus,BetUS,2026-09-26T19:35:13Z,h2h,2026-09-26T19:35:12Z,Charlotte 49ers,280,,20260926193526122038
NCAAF,americanfootball_ncaaf,c80f5f34b99b9346f4e40cf5304d941d,2026-09-26T22:30:00Z,Charlotte 49ers,Louisiana Ragin Cajuns,betus,BetUS,2026-09-26T19:35:13Z,h2h,2026-09-26T19:35:12Z,Louisiana Ragin Cajuns,-350,,20260926193526122038
NCAAF,americanfootball_ncaaf,c80f5f34b99b9346f4e40cf5304d941d,2026-09-26T22:30:00Z,Charlotte 49ers,Louisiana Ragin Cajuns,betus,BetUS,2026-09-26T19:35:13Z,spreads,2026-09-26T19:35:12Z,Charlotte 49ers,-110,9.5,20260926193526122038
NCAAF,americanfootball_ncaaf,c80f5f34b99b9346f4e40cf5304d941d,2026-09-26T22:30:00Z,Charlotte 49ers,Louisiana Ragin Cajuns,betus,BetUS,2026-09-26T19:35:13Z,spreads,2026-09-26T19:35:12Z,Louisiana Ragin Cajuns,-110,-9.5,20260926193526122038
NCAAF,americanfootball_ncaaf,c80f5f34b99b9346f4e40cf5304d941d,2026-09-26T22:30:00Z,Charlotte 49ers,Louisiana Ragin Cajuns,betus,BetUS,2026-09-26T19:35:13Z,totals,2026-09-26T19:35:12Z,Over,-115,49.0,20260926193526122038
NCAAF,americanfootball_ncaaf,c80f5f34b99b9346f4e40cf5304d941d,2026-09-26T22:30:00Z,Charlotte 49ers,Louisiana Ragin Cajuns,betus,BetUS,2026-09-26T19:35:13Z,totals,2026-09-26T19:35:12Z,Under,-105,49.0,20260926193526122038
NCAAF,americanfootball_ncaaf,c80f5f34b99b9346f4e40cf5304d941d,2026-09-26T22:30:00Z,Charlotte 49ers,Louisiana Ragin Cajuns,bovada,Bovada,2026-09-26T19:34:42Z,h2h,2026-09-26T19:34:42Z,Charlotte 49ers,300,,20260926193526122038
NCAAF,americanfootball_ncaaf,c80f5f34b99b9346f4e40cf5304d941d,2026-09-26T22:30:00Z,Charlotte 49ers,Louisiana Ragin Cajuns,bovada,Bovada,2026-09-26T19:34:42Z,h2h,2026-09-26T19:34:42Z,Louisiana Ragin Cajuns,-400,,20260926193526122038
NCAAF,americanfootball_ncaaf,c80f5f34b99b9346f4e40cf5304d941d,2026-09-26T22:30:00Z,Charlotte 49ers,Louisiana Ragin Cajuns,bovada,Bovada,2026-09-26T19:34:42Z,spreads,2026-09-26T19:34:42Z,Charlotte 49ers,-110,9.0,20260926193526122038
NCAAF,americanfootball_ncaaf,c80f5f34b99b9346f4e40cf5304d941d,2026-09-26T22:30:00Z,Charlotte 49ers,Louisiana Ragin Cajuns,bovada,Bovada,2026-09-26T19:34:42Z,spreads,2026-09-26T19:34:42Z,Louisiana Ragin Cajuns,-110,-9.0,20260926193526122038
NCAAF,americanfootball_ncaaf,c80f5f34b99b9346f4e40cf5304d941d,2026-09-26T22:30:00Z,Charlotte 49ers,Louisiana Ragin Cajuns,bovada,Bovada,2026-09-26T19:34:42Z,totals,2026-09-26T19:34:42Z,Over,-105,49.5,20260926193526122038
NCAAF,americanfootball_ncaaf,c80f5f34b99b9346f4e40cf5304d941d,2026-09-26T22:30:00Z,Charlotte 49ers,Louisiana Ragin Cajuns,bovada,Bovada,2026-09-26T19:34:42Z,totals,2026-09-26T19:34:42Z,Under,-115,49.5,20260926193526122038
NCAAF,americanfootball_ncaaf,c843a3f97a410eedafcfbad440774ad2,2026-09-26T23:00:00Z,Alabama Crimson Tide,South Carolina Gamecocks,draftkings,DraftKings,2026-09-26T19:34:04Z,h2h,2026-09-26T19:34:04Z,Alabama Crimson Tide,-520,,20260926193526122038
NCAAF,americanfootball_ncaaf,c843a3f97a410eedafcfbad440774ad2,2026-09-26T23:00:00Z,Alabama Crimson Tide,South Carolina Gamecocks,draftkings,DraftKings,2026-09-26T19:34:04Z,h2h,2026-09-26T19:34:04Z,South Carolina Gamecocks,390,,20260926193526122038
NCAAF,americanfootball_ncaaf,c843a3f97a410eedafcfbad440774ad2,2026-09-26T23:00:00Z,Alabama Crimson Tide,South Carolina Gamecocks,draftkings,DraftKings,2026-09-26T19:34:04Z,spreads,2026-09-26T19:34:04Z,Alabama Crimson Tide,-110,-12.5,20260926193526122038
NCAAF,americanfootball_ncaaf,c843a3f97a410eedafcfbad440774ad2,2026-09-26T23:00:00Z,Alabama Crimson Tide,South Carolina Gamecocks,draftkings,DraftKings,2026-09-26T19:34:04Z,spreads,2026-09-26T19:34:04Z,South Carolina Gamecocks,-110,12.5,20260926193526122038
NCAAF,americanfootball_ncaaf,c843a3f97a410eedafcfbad440774ad2,2026-09-26T23:00:00Z,Alabama Crimson Tide,South Carolina Gamecocks,draftkings,DraftKings,2026-09-26T19:34:04Z,totals,2026-09-26T19:34:04Z,Over,-108,54.5,20260926193526122038
NCAAF,americanfootball_ncaaf,c843a3f97a410eedafcfbad440774ad2,2026-09-26T23:00:00Z,Alabama Crimson Tide,South Carolina Gamecocks,draftkings,DraftKings,2026-09-26T19:34:04Z,totals,2026-09-26T19:34:04Z,Under,-112,54.5,20260926193526122038
NCAAF,americanfootball_ncaaf,c843a3f97a410eedafcfbad440774ad2,2026-09-26T23:00:00Z,Alabama Crimson Tide,South Carolina Gamecocks,fanduel,FanDuel,2026-09-26T19:35:15Z,h2h,2026-09-26T19:35:15Z,Alabama Crimson Tide,-530,,20260926193526122038
NCAAF,americanfootball_ncaaf,c843a3f97a410eedafcfbad440774ad2,2026-09-26T23:00:00Z,Alabama Crimson Tide,South Carolina Gamecocks,fanduel,FanDuel,2026-09-26T19:35:15Z,h2h,2026-09-26T19:35:15Z,South Carolina Gamecocks,390,,20260926193526122038
NCAAF,americanfootball_ncaaf,c843a3f97a410eedafcfbad440774ad2,2026-09-26T23:00:00Z,Alabama Crimson Tide,South Carolina Gamecocks,fanduel,FanDuel,2026-09-26T19:35:15Z,spreads,2026-09-26T19:35:15Z,Alabama Crimson Tide,-110,-12.5,20260926193526122038
NCAAF,americanfootball_ncaaf,c843a3f97a410eedafcfbad440774ad2,2026-09-26T23:00:00Z,Alabama Crimson Tide,South Carolina Gamecocks,fanduel,FanDuel,2026-09-26T19:35:15Z,spreads,2026-09-26T19:35:15Z,South Carolina Gamecocks,-110,12.5,20260926193526122038
NCAAF,americanfootball_ncaaf,c843a3f97a410eedafcfbad440774ad2,2026-09-26T23:00:00Z,Alabama Crimson Tide,South Carolina Gamecocks,fanduel,FanDuel,2026-09-26T19:35:15Z,totals,2026-09-26T19:35:15Z,Over,-106,54.5,20260926193526122038
NCAAF,americanfootball_ncaaf,c843a3f97a410eedafcfbad440774ad2,2026-09-26T23:00:00Z,Alabama Crimson Tide,South Carolina Gamecocks,fanduel,FanDuel,2026-09-26T19:35:15Z,totals,2026-09-26T19:35:15Z,Under,-114,54.5,20260926193526122038
NCAAF,americanfootball_ncaaf,c843a3f97a410eedafcfbad440774ad2,2026-09-26T23:00:00Z,Alabama Crimson Tide,South Carolina Gamecocks,mybookieag,MyBookie.ag,2026-09-26T19:35:13Z,h2h,2026-09-26T19:35:13Z,Alabama Crimson Tide,-526,,20260926193526122038
NCAAF,americanfootball_ncaaf,c843a3f97a410eedafcfbad440774ad2,2026-09-26T23:00:00Z,Alabama Crimson Tide,South Carolina Gamecocks,mybookieag,MyBookie.ag,2026-09-26T19:35:13Z,h2h,2026-09-26T19:35:13Z,South Carolina Gamecocks,370,,20260926193526122038
NCAAF,americanfootball_ncaaf,c843a3f97a410eedafcfbad440774ad2,2026-09-26T23:00:00Z,Alabama Crimson Tide,South Carolina Gamecocks,mybookieag,MyBookie.ag,2026-09-26T19:35:13Z,spreads,2026-09-26T19:35:13Z,Alabama Crimson Tide,-110,-12.5,20260926193526122038
NCAAF,americanfootball_ncaaf,c843a3f97a410eedafcfbad440774ad2,2026-09-26T23:00:00Z,Alabama Crimson Tide,South Carolina Gamecocks,mybookieag,MyBookie.ag,2026-09-26T19:35:13Z,spreads,2026-09-26T19:35:13Z,South Carolina Gamecocks,-110,12.5,20260926193526122038
NCAAF,americanfootball_ncaaf,c843a3f97a410eedafcfbad440774ad2,2026-09-26T23:00:00Z,Alabama Crimson Tide,South Carolina Gamecocks,mybookieag,MyBookie.ag,2026-09-26T19:35:13Z,totals,2026-09-26T19:35:13Z,Over,-110,54.0,20260926193526122038
NCAAF,americanfootball_ncaaf,c843a3f97a410eedafcfbad440774ad2,2026-09-26T23:00:00Z,Alabama Crimson Tide,South Carolina Gamecocks,mybookieag,MyBookie.ag,2026-09-26T19:35:13Z,totals,2026-09-26T19:35:13Z,Under,-110,54.0,20260926193526122038
NCAAF,americanfootball_ncaaf,c843a3f97a410eedafcfbad440774ad2,2026-09-26T23:00:00Z,Alabama Crimson Tide,South Carolina Gamecocks,betrivers,BetRivers,2026-09-26T19:34:38Z,h2h,2026-09-26T19:34:38Z,Alabama Crimson Tide,-590,,20260926193526122038
NCAAF,americanfootball_ncaaf,c843a3f97a410eedafcfbad440774ad2,2026-09-26T23:00:00Z,Alabama Crimson Tide,South Carolina Gamecocks,betrivers,BetRivers,2026-09-26T19:34:38Z,h2h,2026-09-26T19:34:38Z,South Carolina Gamecocks,400,,20260926193526122038
NCAAF,americanfootball_ncaaf,c843a3f97a410eedafcfbad440774ad2,2026-09-26T23:00:00Z,Alabama Crimson Tide,South Carolina Gamecocks,betrivers,BetRivers,2026-09-26T19:34:38Z,spreads,2026-09-26T19:34:38Z,Alabama Crimson Tide,-113,-12.0,20260926193526122038
NCAAF,americanfootball_ncaaf,c843a3f97a410eedafcfbad440774ad2,2026-09-26T23:00:00Z,Alabama Crimson Tide,South Carolina Gamecocks,betrivers,BetRivers,2026-09-26T19:34:38Z,spreads,2026-09-26T19:34:38Z,South Carolina Gamecocks,-110,12.0,20260926193526122038
NCAAF,americanfootball_ncaaf,c843a3f97a410eedafcfbad440774ad2,2026-09-26T23:00:00Z,Alabama Crimson Tide,South Carolina Gamecocks,betrivers,BetRivers,2026-09-26T19:34:38Z,totals,2026-09-26T19:34:38Z,Over,-114,53.5,20260926193526122038
NCAAF,americanfootball_ncaaf,c843a3f97a410eedafcfbad440774ad2,2026-09-26T23:00:00Z,Alabama Crimson Tide,South Carolina Gamecocks,betrivers,BetRivers,2026-09-26T19:34:38Z,totals,2026-09-26T19:34:38Z,Under,-109,53.5,20260926193526122038
NCAAF,americanfootball_ncaaf,c843a3f97a410eedafcfbad440774ad2,2026-09-26T23:00:00Z,Alabama Crimson Tide,South Carolina Gamecocks,lowvig,LowVig.ag,2026-09-26T19:34:21Z,h2h,2026-09-26T19:34:21Z,Alabama Crimson Tide,-515,,20260926193526122038
NCAAF,americanfootball_ncaaf,c843a3f97a410eedafcfbad440774ad2,2026-09-26T23:00:00Z,Alabama Crimson Tide,South Carolina Gamecocks,lowvig,LowVig.ag,2026-09-26T19:34:21Z,h2h,2026-09-26T19:34:21Z,South Carolina Gamecocks,393,,20260926193526122038
NCAAF,americanfootball_ncaaf,c843a3f97a410eedafcfbad440774ad2,2026-09-26T23:00:00Z,Alabama Crimson Tide,South Carolina Gamecocks,lowvig,LowVig.ag,2026-09-26T19:34:21Z,spreads,2026-09-26T19:34:21Z,Alabama Crimson Tide,-106,-12.5,20260926193526122038
NCAAF,americanfootball_ncaaf,c843a3f97a410eedafcfbad440774ad2,2026-09-26T23:00:00Z,Alabama Crimson Tide,South Carolina Gamecocks,lowvig,LowVig.ag,2026-09-26T19:34:21Z,spreads,2026-09-26T19:34:21Z,South Carolina Gamecocks,-106,12.5,20260926193526122038
NCAAF,americanfootball_ncaaf,c843a3f97a410eedafcfbad440774ad2,2026-09-26T23:00:00Z,Alabama Crimson Tide,South Carolina Gamecocks,lowvig,LowVig.ag,2026-09-26T19:34:21Z,totals,2026-09-26T19:34:21Z,Over,-108,54.0,20260926193526122038
NCAAF,americanfootball_ncaaf,c843a3f97a410eedafcfbad440774ad2,2026-09-26T23:00:00Z,Alabama Crimson Tide,South Carolina Gamecocks,lowvig,LowVig.ag,2026-09-26T19:34:21Z,totals,2026-09-26T19:34:21Z,Under,-108,54.0,20260926193526122038
NCAAF,americanfootball_ncaaf,c843a3f97a410eedafcfbad440774ad2,2026-09-26T23:00:00Z,Alabama Crimson Tide,South Carolina Gamecocks,betonlineag,BetOnline.ag,2026-09-26T19:34:56Z,h2h,2026-09-26T19:34:54Z,Alabama Crimson Tide,-515,,20260926193526122038
NCAAF,americanfootball_ncaaf,c843a3f97a410eedafcfbad440774ad2,2026-09-26T23:00:00Z,Alabama Crimson Tide,South Carolina Gamecocks,betonlineag,BetOnline.ag,2026-09-26T19:34:56Z,h2h,2026-09-26T19:34:54Z,South Carolina Gamecocks,393,,20260926193526122038
NCAAF,americanfootball_ncaaf,c843a3f97a410eedafcfbad440774ad2,2026-09-26T23:00:00Z,Alabama Crimson Tide,South Carolina Gamecocks,betonlineag,BetOnline.ag,2026-09-26T19:34:56Z,spreads,2026-09-26T19:34:54Z,Alabama Crimson Tide,-110,-12.5,20260926193526122038
NCAAF,americanfootball_ncaaf,c843a3f97a410eedafcfbad440774ad2,2026-09-26T23:00:00Z,Alabama Crimson Tide,South Carolina Gamecocks,betonlineag,BetOnline.ag,2026-09-26T19:34:56Z,spreads,2026-09-26T19:34:54Z,South Carolina Gamecocks,-110,12.5,20260926193526122038
NCAAF,americanfootball_ncaaf,c843a3f97a410eedafcfbad440774ad2,2026-09-26T23:00:00Z,Alabama Crimson Tide,South Carolina Gamecocks,betonlineag,BetOnline.ag,2026-09-26T19:34:56Z,totals,2026-09-26T19:34:54Z,Over,-110,54.0,20260926193526122038
NCAAF,americanfootball_ncaaf,c843a3f97a410eedafcfbad440774ad2,2026-09-26T23:00:00Z,Alabama Crimson Tide,South Carolina Gamecocks,betonlineag,BetOnline.ag,2026-09-26T19:34:56Z,totals,2026-09-26T19:34:54Z,Under,-110,54.0,20260926193526122038
NCAAF,americanfootball_ncaaf,c843a3f97a410eedafcfbad440774ad2,2026-09-26T23:00:00Z,Alabama Crimson Tide,South Carolina Gamecocks,betus,BetUS,2026-09-26T19:35:13Z,h2h,2026-09-26T19:35:13Z,Alabama Crimson Tide,-485,,20260926193526122038
NCAAF,americanfootball_ncaaf,c843a3f97a410eedafcfbad440774ad2,2026-09-26T23:00:00Z,Alabama Crimson Tide,South Carolina Gamecocks,betus,BetUS,2026-09-26T19:35:13Z,h2h,2026-09-26T19:35:13Z,South Carolina Gamecocks,380,,20260926193526122038
NCAAF,americanfootball_ncaaf,c843a3f97a410eedafcfbad440774ad2,2026-09-26T23:00:00Z,Alabama Crimson Tide,South Carolina Gamecocks,betus,BetUS,2026-09-26T19:35:13Z,spreads,2026-09-26T19:35:13Z,Alabama Crimson Tide,-110,-12.5,20260926193526122038
NCAAF,americanfootball_ncaaf,c843a3f97a410eedafcfbad440774ad2,2026-09-26T23:00:00Z,Alabama Crimson Tide,South Carolina Gamecocks,betus,BetUS,2026-09-26T19:35:13Z,spreads,2026-09-26T19:35:13Z,South Carolina Gamecocks,-110,12.5,20260926193526122038
NCAAF,americanfootball_ncaaf,c843a3f97a410eedafcfbad440774ad2,2026-09-26T23:00:00Z,Alabama Crimson Tide,South Carolina Gamecocks,betus,BetUS,2026-09-26T19:35:13Z,totals,2026-09-26T19:35:13Z,Over,-110,54.0,20260926193526122038
NCAAF,americanfootball_ncaaf,c843a3f97a410eedafcfbad440774ad2,2026-09-26T23:00:00Z,Alabama Crimson Tide,South Carolina Gamecocks,betus,BetUS,2026-09-26T19:35:13Z,totals,2026-09-26T19:35:13Z,Under,-110,54.0,20260926193526122038
NCAAF,americanfootball_ncaaf,c843a3f97a410eedafcfbad440774ad2,2026-09-26T23:00:00Z,Alabama Crimson Tide,South Carolina Gamecocks,betmgm,BetMGM,2026-09-26T19:34:43Z,h2h,2026-09-26T19:34:43Z,Alabama Crimson Tide,-525,,20260926193526122038
NCAAF,americanfootball_ncaaf,c843a3f97a410eedafcfbad440774ad2,2026-09-26T23:00:00Z,Alabama Crimson Tide,South Carolina Gamecocks,betmgm,BetMGM,2026-09-26T19:34:43Z,h2h,2026-09-26T19:34:43Z,South Carolina Gamecocks,400,,20260926193526122038
NCAAF,americanfootball_ncaaf,c843a3f97a410eedafcfbad440774ad2,2026-09-26T23:00:00Z,Alabama Crimson Tide,South Carolina Gamecocks,betmgm,BetMGM,2026-09-26T19:34:43Z,spreads,2026-09-26T19:34:43Z,Alabama Crimson Tide,-112,-13.0,20260926193526122038
NCAAF,americanfootball_ncaaf,c843a3f97a410eedafcfbad440774ad2,2026-09-26T23:00:00Z,Alabama Crimson Tide,South Carolina Gamecocks,betmgm,BetMGM,2026-09-26T19:34:43Z,spreads,2026-09-26T19:34:43Z,South Carolina Gamecocks,-118,13.0,20260926193526122038
NCAAF,americanfootball_ncaaf,c843a3f97a410eedafcfbad440774ad2,2026-09-26T23:00:00Z,Alabama Crimson Tide,South Carolina Gamecocks,betmgm,BetMGM,2026-09-26T19:34:43Z,totals,2026-09-26T19:34:43Z,Over,-105,54.5,20260926193526122038
NCAAF,americanfootball_ncaaf,c843a3f97a410eedafcfbad440774ad2,2026-09-26T23:00:00Z,Alabama Crimson Tide,South Carolina Gamecocks,betmgm,BetMGM,2026-09-26T19:34:43Z,totals,2026-09-26T19:34:43Z,Under,-112,54.5,20260926193526122038
NCAAF,americanfootball_ncaaf,c843a3f97a410eedafcfbad440774ad2,2026-09-26T23:00:00Z,Alabama Crimson Tide,South Carolina Gamecocks,bovada,Bovada,2026-09-26T19:34:42Z,h2h,2026-09-26T19:34:42Z,Alabama Crimson Tide,-525,,20260926193526122038
NCAAF,americanfootball_ncaaf,c843a3f97a410eedafcfbad440774ad2,2026-09-26T23:00:00Z,Alabama Crimson Tide,South Carolina Gamecocks,bovada,Bovada,2026-09-26T19:34:42Z,h2h,2026-09-26T19:34:42Z,South Carolina Gamecocks,375,,20260926193526122038
NCAAF,americanfootball_ncaaf,c843a3f97a410eedafcfbad440774ad2,2026-09-26T23:00:00Z,Alabama Crimson Tide,South Carolina Gamecocks,bovada,Bovada,2026-09-26T19:34:42Z,spreads,2026-09-26T19:34:42Z,Alabama Crimson Tide,-110,-12.5,20260926193526122038
NCAAF,americanfootball_ncaaf,c843a3f97a410eedafcfbad440774ad2,2026-09-26T23:00:00Z,Alabama Crimson Tide,South Carolina Gamecocks,bovada,Bovada,2026-09-26T19:34:42Z,spreads,2026-09-26T19:34:42Z,South Carolina Gamecocks,-110,12.5,20260926193526122038
NCAAF,americanfootball_ncaaf,c843a3f97a410eedafcfbad440774ad2,2026-09-26T23:00:00Z,Alabama Crimson Tide,South Carolina Gamecocks,bovada,Bovada,2026-09-26T19:34:42Z,totals,2026-09-26T19:34:42Z,Over,-110,54.0,20260926193526122038
NCAAF,americanfootball_ncaaf,c843a3f97a410eedafcfbad440774ad2,2026-09-26T23:00:00Z,Alabama Crimson Tide,South Carolina Gamecocks,bovada,Bovada,2026-09-26T19:34:42Z,totals,2026-09-26T19:34:42Z,Under,-110,54.0,20260926193526122038
NCAAF,americanfootball_ncaaf,77c3435e651e2d615870c2c25c8dbf71,2026-09-26T23:00:00Z,Arkansas State Red Wolves,Kennesaw State Owls,fanduel,FanDuel,2026-09-26T19:35:15Z,h2h,2026-09-26T19:35:15Z,Arkansas State Red Wolves,-240,,20260926193526122038
NCAAF,americanfootball_ncaaf,77c3435e651e2d615870c2c25c8dbf71,2026-09-26T23:00:00Z,Arkansas State Red Wolves,Kennesaw State Owls,fanduel,FanDuel,2026-09-26T19:35:15Z,h2h,2026-09-26T19:35:15Z,Kennesaw State Owls,195,,20260926193526122038
NCAAF,americanfootball_ncaaf,77c3435e651e2d615870c2c25c8dbf71,2026-09-26T23:00:00Z,Arkansas State Red Wolves,Kennesaw State Owls,fanduel,FanDuel,2026-09-26T19:35:15Z,spreads,2026-09-26T19:35:15Z,Arkansas State Red Wolves,-110,-6.5,20260926193526122038
NCAAF,americanfootball_ncaaf,77c3435e651e2d615870c2c25c8dbf71,2026-09-26T23:00:00Z,Arkansas State Red Wolves,Kennesaw State Owls,fanduel,FanDuel,2026-09-26T19:35:15Z,spreads,2026-09-26T19:35:15Z,Kennesaw State Owls,-110,6.5,20260926193526122038
NCAAF,americanfootball_ncaaf,77c3435e651e2d615870c2c25c8dbf71,2026-09-26T23:00:00Z,Arkansas State Red Wolves,Kennesaw State Owls,fanduel,FanDuel,2026-09-26T19:35:15Z,totals,2026-09-26T19:35:15Z,Over,-115,52.5,20260926193526122038
NCAAF,americanfootball_ncaaf,77c3435e651e2d615870c2c25c8dbf71,2026-09-26T23:00:00Z,Arkansas State Red Wolves,Kennesaw State Owls,fanduel,FanDuel,2026-09-26T19:35:15Z,totals,2026-09-26T19:35:15Z,Under,-105,52.5,20260926193526122038
NCAAF,americanfootball_ncaaf,77c3435e651e2d615870c2c25c8dbf71,2026-09-26T23:00:00Z,Arkansas State Red Wolves,Kennesaw State Owls,mybookieag,MyBookie.ag,2026-09-26T19:35:13Z,h2h,2026-09-26T19:35:13Z,Arkansas State Red Wolves,-255,,20260926193526122038
NCAAF,americanfootball_ncaaf,77c3435e651e2d615870c2c25c8dbf71,2026-09-26T23:00:00Z,Arkansas State Red Wolves,Kennesaw State Owls,mybookieag,MyBookie.ag,2026-09-26T19:35:13Z,h2h,2026-09-26T19:35:13Z,Kennesaw State Owls,200,,20260926193526122038
NCAAF,americanfootball_ncaaf,77c3435e651e2d615870c2c25c8dbf71,2026-09-26T23:00:00Z,Arkansas State Red Wolves,Kennesaw State Owls,mybookieag,MyBookie.ag,2026-09-26T19:35:13Z,spreads,2026-09-26T19:35:13Z,Arkansas State Red Wolves,-110,-6.5,20260926193526122038
NCAAF,americanfootball_ncaaf,77c3435e651e2d615870c2c25c8dbf71,2026-09-26T23:00:00Z,Arkansas State Red Wolves,Kennesaw State Owls,mybookieag,MyBookie.ag,2026-09-26T19:35:13Z,spreads,2026-09-26T19:35:13Z,Kennesaw State Owls,-110,6.5,20260926193526122038
NCAAF,americanfootball_ncaaf,77c3435e651e2d615870c2c25c8dbf71,2026-09-26T23:00:00Z,Arkansas State Red Wolves,Kennesaw State Owls,mybookieag,MyBookie.ag,2026-09-26T19:35:13Z,totals,2026-09-26T19:35:13Z,Over,-110,53.0,20260926193526122038
NCAAF,americanfootball_ncaaf,77c3435e651e2d615870c2c25c8dbf71,2026-09-26T23:00:00Z,Arkansas State Red Wolves,Kennesaw State Owls,mybookieag,MyBookie.ag,2026-09-26T19:35:13Z,totals,2026-09-26T19:35:13Z,Under,-110,53.0,20260926193526122038
NCAAF,americanfootball_ncaaf,77c3435e651e2d615870c2c25c8dbf71,2026-09-26T23:00:00Z,Arkansas State Red Wolves,Kennesaw State Owls,betrivers,BetRivers,2026-09-26T19:34:38Z,h2h,2026-09-26T19:34:38Z,Arkansas State Red Wolves,-265,,20260926193526122038
NCAAF,americanfootball_ncaaf,77c3435e651e2d615870c2c25c8dbf71,2026-09-26T23:00:00Z,Arkansas State Red Wolves,Kennesaw State Owls,betrivers,BetRivers,2026-09-26T19:34:38Z,h2h,2026-09-26T19:34:38Z,Kennesaw State Owls,200,,20260926193526122038
NCAAF,americanfootball_ncaaf,77c3435e651e2d615870c2c25c8dbf71,2026-09-26T23:00:00Z,Arkansas State Red Wolves,Kennesaw State Owls,betrivers,BetRivers,2026-09-26T19:34:38Z,spreads,2026-09-26T19:34:38Z,Arkansas State Red Wolves,-114,-6.5,20260926193526122038
NCAAF,americanfootball_ncaaf,77c3435e651e2d615870c2c25c8dbf71,2026-09-26T23:00:00Z,Arkansas State Red Wolves,Kennesaw State Owls,betrivers,BetRivers,2026-09-26T19:34:38Z,spreads,2026-09-26T19:34:38Z,Kennesaw State Owls,-108,6.5,20260926193526122038
NCAAF,americanfootball_ncaaf,77c3435e651e2d615870c2c25c8dbf71,2026-09-26T23:00:00Z,Arkansas State Red Wolves,Kennesaw State Owls,betrivers,BetRivers,2026-09-26T19:34:38Z,totals,2026-09-26T19:34:38Z,Over,-113,52.5,20260926193526122038
NCAAF,americanfootball_ncaaf,77c3435e651e2d615870c2c25c8dbf71,2026-09-26T23:00:00Z,Arkansas State Red Wolves,Kennesaw State Owls,betrivers,BetRivers,2026-09-26T19:34:38Z,totals,2026-09-26T19:34:38Z,Under,-114,52.5,20260926193526122038
NCAAF,americanfootball_ncaaf,77c3435e651e2d615870c2c25c8dbf71,2026-09-26T23:00:00Z,Arkansas State Red Wolves,Kennesaw State Owls,draftkings,DraftKings,2026-09-26T19:34:04Z,h2h,2026-09-26T19:34:04Z,Arkansas State Red Wolves,-238,,20260926193526122038
NCAAF,americanfootball_ncaaf,77c3435e651e2d615870c2c25c8dbf71,2026-09-26T23:00:00Z,Arkansas State Red Wolves,Kennesaw State Owls,draftkings,DraftKings,2026-09-26T19:34:04Z,h2h,2026-09-26T19:34:04Z,Kennesaw State Owls,195,,20260926193526122038
NCAAF,americanfootball_ncaaf,77c3435e651e2d615870c2c25c8dbf71,2026-09-26T23:00:00Z,Arkansas State Red Wolves,Kennesaw State Owls,draftkings,DraftKings,2026-09-26T19:34:04Z,spreads,2026-09-26T19:34:04Z,Arkansas State Red Wolves,-108,-6.5,20260926193526122038
NCAAF,americanfootball_ncaaf,77c3435e651e2d615870c2c25c8dbf71,2026-09-26T23:00:00Z,Arkansas State Red Wolves,Kennesaw State Owls,draftkings,DraftKings,2026-09-26T19:34:04Z,spreads,2026-09-26T19:34:04Z,Kennesaw State Owls,-112,6.5,20260926193526122038
NCAAF,americanfootball_ncaaf,77c3435e651e2d615870c2c25c8dbf71,2026-09-26T23:00:00Z,Arkansas State Red Wolves,Kennesaw State Owls,draftkings,DraftKings,2026-09-26T19:34:04Z,totals,2026-09-26T19:34:04Z,Over,-105,53.5,20260926193526122038
NCAAF,americanfootball_ncaaf,77c3435e651e2d615870c2c25c8dbf71,2026-09-26T23:00:00Z,Arkansas State Red Wolves,Kennesaw State Owls,draftkings,DraftKings,2026-09-26T19:34:04Z,totals,2026-09-26T19:34:04Z,Under,-115,53.5,20260926193526122038
NCAAF,americanfootball_ncaaf,77c3435e651e2d615870c2c25c8dbf71,2026-09-26T23:00:00Z,Arkansas State Red Wolves,Kennesaw State Owls,lowvig,LowVig.ag,2026-09-26T19:34:21Z,h2h,2026-09-26T19:34:21Z,Arkansas State Red Wolves,-250,,20260926193526122038
NCAAF,americanfootball_ncaaf,77c3435e651e2d615870c2c25c8dbf71,2026-09-26T23:00:00Z,Arkansas State Red Wolves,Kennesaw State Owls,lowvig,LowVig.ag,2026-09-26T19:34:21Z,h2h,2026-09-26T19:34:21Z,Kennesaw State Owls,207,,20260926193526122038
NCAAF,americanfootball_ncaaf,77c3435e651e2d615870c2c25c8dbf71,2026-09-26T23:00:00Z,Arkansas State Red Wolves,Kennesaw State Owls,lowvig,LowVig.ag,2026-09-26T19:34:21Z,spreads,2026-09-26T19:34:21Z,Arkansas State Red Wolves,-106,-6.5,20260926193526122038
NCAAF,americanfootball_ncaaf,77c3435e651e2d615870c2c25c8dbf71,2026-09-26T23:00:00Z,Arkansas State Red Wolves,Kennesaw State Owls,lowvig,LowVig.ag,2026-09-26T19:34:21Z,spreads,2026-09-26T19:34:21Z,Kennesaw State Owls,-106,6.5,20260926193526122038
NCAAF,americanfootball_ncaaf,77c3435e651e2d615870c2c25c8dbf71,2026-09-26T23:00:00Z,Arkansas State Red Wolves,Kennesaw State Owls,lowvig,LowVig.ag,2026-09-26T19:34:21Z,totals,2026-09-26T19:34:21Z,Over,-110,53.0,20260926193526122038
NCAAF,americanfootball_ncaaf,77c3435e651e2d615870c2c25c8dbf71,2026-09-26T23:00:00Z,Arkansas State Red Wolves,Kennesaw State Owls,lowvig,LowVig.ag,2026-09-26T19:34:21Z,totals,2026-09-26T19:34:21Z,Under,-106,53.0,20260926193526122038
NCAAF,americanfootball_ncaaf,77c3435e651e2d615870c2c25c8dbf71,2026-09-26T23:00:00Z,Arkansas State Red Wolves,Kennesaw State Owls,betonlineag,BetOnline.ag,2026-09-26T19:34:56Z,h2h,2026-09-26T19:34:54Z,Arkansas State Red Wolves,-250,,20260926193526122038
NCAAF,americanfootball_ncaaf,77c3435e651e2d615870c2c25c8dbf71,2026-09-26T23:00:00Z,Arkansas State Red Wolves,Kennesaw State Owls,betonlineag,BetOnline.ag,2026-09-26T19:34:56Z,h2h,2026-09-26T19:34:54Z,Kennesaw State Owls,207,,20260926193526122038
NCAAF,americanfootball_ncaaf,77c3435e651e2d615870c2c25c8dbf71,2026-09-26T23:00:00Z,Arkansas State Red Wolves,Kennesaw State Owls,betonlineag,BetOnline.ag,2026-09-26T19:34:56Z,spreads,2026-09-26T19:34:54Z,Arkansas State Red Wolves,-110,-6.5,20260926193526122038
NCAAF,americanfootball_ncaaf,77c3435e651e2d615870c2c25c8dbf71,2026-09-26T23:00:00Z,Arkansas State Red Wolves,Kennesaw State Owls,betonlineag,BetOnline.ag,2026-09-26T19:34:56Z,spreads,2026-09-26T19:34:54Z,Kennesaw State Owls,-110,6.5,20260926193526122038
NCAAF,americanfootball_ncaaf,77c3435e651e2d615870c2c25c8dbf71,2026-09-26T23:00:00Z,Arkansas State Red Wolves,Kennesaw State Owls,betonlineag,BetOnline.ag,2026-09-26T19:34:56Z,totals,2026-09-26T19:34:54Z,Over,-112,53.0,20260926193526122038
NCAAF,americanfootball_ncaaf,77c3435e651e2d615870c2c25c8dbf71,2026-09-26T23:00:00Z,Arkansas State Red Wolves,Kennesaw State Owls,betonlineag,BetOnline.ag,2026-09-26T19:34:56Z,totals,2026-09-26T19:34:54Z,Under,-108,53.0,20260926193526122038
NCAAF,americanfootball_ncaaf,77c3435e651e2d615870c2c25c8dbf71,2026-09-26T23:00:00Z,Arkansas State Red Wolves,Kennesaw State Owls,betmgm,BetMGM,2026-09-26T19:34:43Z,h2h,2026-09-26T19:34:43Z,Arkansas State Red Wolves,-235,,20260926193526122038
NCAAF,americanfootball_ncaaf,77c3435e651e2d615870c2c25c8dbf71,2026-09-26T23:00:00Z,Arkansas State Red Wolves,Kennesaw State Owls,betmgm,BetMGM,2026-09-26T19:34:43Z,h2h,2026-09-26T19:34:43Z,Kennesaw State Owls,200,,20260926193526122038
NCAAF,americanfootball_ncaaf,77c3435e651e2d615870c2c25c8dbf71,2026-09-26T23:00:00Z,Arkansas State Red Wolves,Kennesaw State Owls,betmgm,BetMGM,2026-09-26T19:34:43Z,spreads,2026-09-26T19:34:43Z,Arkansas State Red Wolves,-110,-6.0,20260926193526122038
NCAAF,americanfootball_ncaaf,77c3435e651e2d615870c2c25c8dbf71,2026-09-26T23:00:00Z,Arkansas State Red Wolves,Kennesaw State Owls,betmgm,BetMGM,2026-09-26T19:34:43Z,spreads,2026-09-26T19:34:43Z,Kennesaw State Owls,-108,6.0,20260926193526122038
NCAAF,americanfootball_ncaaf,77c3435e651e2d615870c2c25c8dbf71,2026-09-26T23:00:00Z,Arkansas State Red Wolves,Kennesaw State Owls,betmgm,BetMGM,2026-09-26T19:34:43Z,totals,2026-09-26T19:34:43Z,Over,-110,52.5,20260926193526122038
NCAAF,americanfootball_ncaaf,77c3435e651e2d615870c2c25c8dbf71,2026-09-26T23:00:00Z,Arkansas State Red Wolves,Kennesaw State Owls,betmgm,BetMGM,2026-09-26T19:34:43Z,totals,2026-09-26T19:34:43Z,Under,-108,52.5,20260926193526122038
NCAAF,americanfootball_ncaaf,77c3435e651e2d615870c2c25c8dbf71,2026-09-26T23:00:00Z,Arkansas State Red Wolves,Kennesaw State Owls,betus,BetUS,2026-09-26T19:35:13Z,h2h,2026-09-26T19:35:13Z,Arkansas State Red Wolves,-250,,20260926193526122038
NCAAF,americanfootball_ncaaf,77c3435e651e2d615870c2c25c8dbf71,2026-09-26T23:00:00Z,Arkansas State Red Wolves,Kennesaw State Owls,betus,BetUS,2026-09-26T19:35:13Z,h2h,2026-09-26T19:35:13Z,Kennesaw State Owls,210,,20260926193526122038
NCAAF,americanfootball_ncaaf,77c3435e651e2d615870c2c25c8dbf71,2026-09-26T23:00:00Z,Arkansas State Red Wolves,Kennesaw State Owls,betus,BetUS,2026-09-26T19:35:13Z,spreads,2026-09-26T19:35:13Z,Arkansas State Red Wolves,-110,-6.5,20260926193526122038
NCAAF,americanfootball_ncaaf,77c3435e651e2d615870c2c25c8dbf71,2026-09-26T23:00:00Z,Arkansas State Red Wolves,Kennesaw State Owls,betus,BetUS,2026-09-26T19:35:13Z,spreads,2026-09-26T19:35:13Z,Kennesaw State Owls,-110,6.5,20260926193526122038
NCAAF,americanfootball_ncaaf,77c3435e651e2d615870c2c25c8dbf71,2026-09-26T23:00:00Z,Arkansas State Red Wolves,Kennesaw State Owls,betus,BetUS,2026-09-26T19:35:13Z,totals,2026-09-26T19:35:13Z,Over,-110,53.0,20260926193526122038
NCAAF,americanfootball_ncaaf,77c3435e651e2d615870c2c25c8dbf71,2026-09-26T23:00:00Z,Arkansas State Red Wolves,Kennesaw State Owls,betus,BetUS,2026-09-26T19:35:13Z,totals,2026-09-26T19:35:13Z,Under,-110,53.0,20260926193526122038
NCAAF,americanfootball_ncaaf,77c3435e651e2d615870c2c25c8dbf71,2026-09-26T23:00:00Z,Arkansas State Red Wolves,Kennesaw State Owls,bovada,Bovada,2026-09-26T19:34:42Z,h2h,2026-09-26T19:34:42Z,Arkansas State Red Wolves,-240,,20260926193526122038
NCAAF,americanfootball_ncaaf,77c3435e651e2d615870c2c25c8dbf71,2026-09-26T23:00:00Z,Arkansas State Red Wolves,Kennesaw State Owls,bovada,Bovada,2026-09-26T19:34:42Z,h2h,2026-09-26T19:34:42Z,Kennesaw State Owls,200,,20260926193526122038
NCAAF,americanfootball_ncaaf,77c3435e651e2d615870c2c25c8dbf71,2026-09-26T23:00:00Z,Arkansas State Red Wolves,Kennesaw State Owls,bovada,Bovada,2026-09-26T19:34:42Z,spreads,2026-09-26T19:34:42Z,Arkansas State Red Wolves,-105,-6.5,20260926193526122038
NCAAF,americanfootball_ncaaf,77c3435e651e2d615870c2c25c8dbf71,2026-09-26T23:00:00Z,Arkansas State Red Wolves,Kennesaw State Owls,bovada,Bovada,2026-09-26T19:34:42Z,spreads,2026-09-26T19:34:42Z,Kennesaw State Owls,-115,6.5,20260926193526122038
NCAAF,americanfootball_ncaaf,77c3435e651e2d615870c2c25c8dbf71,2026-09-26T23:00:00Z,Arkansas State Red Wolves,Kennesaw State Owls,bovada,Bovada,2026-09-26T19:34:42Z,totals,2026-09-26T19:34:42Z,Over,-115,52.5,20260926193526122038
NCAAF,americanfootball_ncaaf,77c3435e651e2d615870c2c25c8dbf71,2026-09-26T23:00:00Z,Arkansas State Red Wolves,Kennesaw State Owls,bovada,Bovada,2026-09-26T19:34:42Z,totals,2026-09-26T19:34:42Z,Under,-105,52.5,20260926193526122038
NCAAF,americanfootball_ncaaf,058628758b85b178ffc5fa09416f3991,2026-09-26T23:00:00Z,Cincinnati Bearcats,Kansas State Wildcats,fanduel,FanDuel,2026-09-26T19:35:15Z,h2h,2026-09-26T19:35:15Z,Cincinnati Bearcats,188,,20260926193526122038
NCAAF,americanfootball_ncaaf,058628758b85b178ffc5fa09416f3991,2026-09-26T23:00:00Z,Cincinnati Bearcats,Kansas State Wildcats,fanduel,FanDuel,2026-09-26T19:35:15Z,h2h,2026-09-26T19:35:15Z,Kansas State Wildcats,-230,,20260926193526122038
NCAAF,americanfootball_ncaaf,058628758b85b178ffc5fa09416f3991,2026-09-26T23:00:00Z,Cincinnati Bearcats,Kansas State Wildcats,fanduel,FanDuel,2026-09-26T19:35:15Z,spreads,2026-09-26T19:35:15Z,Cincinnati Bearcats,-102,5.5,20260926193526122038
NCAAF,americanfootball_ncaaf,058628758b85b178ffc5fa09416f3991,2026-09-26T23:00:00Z,Cincinnati Bearcats,Kansas State Wildcats,fanduel,FanDuel,2026-09-26T19:35:15Z,spreads,2026-09-26T19:35:15Z,Kansas State Wildcats,-120,-5.5,20260926193526122038
NCAAF,americanfootball_ncaaf,058628758b85b178ffc5fa09416f3991,2026-09-26T23:00:00Z,Cincinnati Bearcats,Kansas State Wildcats,fanduel,FanDuel,2026-09-26T19:35:15Z,totals,2026-09-26T19:35:15Z,Over,-105,55.5,20260926193526122038
NCAAF,americanfootball_ncaaf,058628758b85b178ffc5fa09416f3991,2026-09-26T23:00:00Z,Cincinnati Bearcats,Kansas State Wildcats,fanduel,FanDuel,2026-09-26T19:35:15Z,totals,2026-09-26T19:35:15Z,Under,-115,55.5,20260926193526122038
NCAAF,americanfootball_ncaaf,058628758b85b178ffc5fa09416f3991,2026-09-26T23:00:00Z,Cincinnati Bearcats,Kansas State Wildcats,mybookieag,MyBookie.ag,2026-09-26T19:35:13Z,h2h,2026-09-26T19:35:13Z,Cincinnati Bearcats,189,,20260926193526122038
NCAAF,americanfootball_ncaaf,058628758b85b178ffc5fa09416f3991,2026-09-26T23:00:00Z,Cincinnati Bearcats,Kansas State Wildcats,mybookieag,MyBookie.ag,2026-09-26T19:35:13Z,h2h,2026-09-26T19:35:13Z,Kansas State Wildcats,-238,,20260926193526122038
NCAAF,americanfootball_ncaaf,058628758b85b178ffc5fa09416f3991,2026-09-26T23:00:00Z,Cincinnati Bearcats,Kansas State Wildcats,mybookieag,MyBookie.ag,2026-09-26T19:35:13Z,spreads,2026-09-26T19:35:13Z,Cincinnati Bearcats,-110,6.0,20260926193526122038
NCAAF,americanfootball_ncaaf,058628758b85b178ffc5fa09416f3991,2026-09-26T23:00:00Z,Cincinnati Bearcats,Kansas State Wildcats,mybookieag,MyBookie.ag,2026-09-26T19:35:13Z,spreads,2026-09-26T19:35:13Z,Kansas State Wildcats,-110,-6.0,20260926193526122038
NCAAF,americanfootball_ncaaf,058628758b85b178ffc5fa09416f3991,2026-09-26T23:00:00Z,Cincinnati Bearcats,Kansas State Wildcats,mybookieag,MyBookie.ag,2026-09-26T19:35:13Z,totals,2026-09-26T19:35:13Z,Over,-110,55.0,20260926193526122038
NCAAF,americanfootball_ncaaf,058628758b85b178ffc5fa09416f3991,2026-09-26T23:00:00Z,Cincinnati Bearcats,Kansas State Wildcats,mybookieag,MyBookie.ag,2026-09-26T19:35:13Z,totals,2026-09-26T19:35:13Z,Under,-110,55.0,20260926193526122038
NCAAF,americanfootball_ncaaf,058628758b85b178ffc5fa09416f3991,2026-09-26T23:00:00Z,Cincinnati Bearcats,Kansas State Wildcats,betrivers,BetRivers,2026-09-26T19:34:38Z,h2h,2026-09-26T19:34:38Z,Cincinnati Bearcats,195,,20260926193526122038
NCAAF,americanfootball_ncaaf,058628758b85b178ffc5fa09416f3991,2026-09-26T23:00:00Z,Cincinnati Bearcats,Kansas State Wildcats,betrivers,BetRivers,2026-09-26T19:34:38Z,h2h,2026-09-26T19:34:38Z,Kansas State Wildcats,-250,,20260926193526122038
NCAAF,americanfootball_ncaaf,058628758b85b178ffc5fa09416f3991,2026-09-26T23:00:00Z,Cincinnati Bearcats,Kansas State Wildcats,betrivers,BetRivers,2026-09-26T19:34:38Z,spreads,2026-09-26T19:34:38Z,Cincinnati Bearcats,-113,6.0,20260926193526122038
NCAAF,americanfootball_ncaaf,058628758b85b178ffc5fa09416f3991,2026-09-26T23:00:00Z,Cincinnati Bearcats,Kansas State Wildcats,betrivers,BetRivers,2026-09-26T19:34:38Z,spreads,2026-09-26T19:34:38Z,Kansas State Wildcats,-109,-6.0,20260926193526122038
NCAAF,americanfootball_ncaaf,058628758b85b178ffc5fa09416f3991,2026-09-26T23:00:00Z,Cincinnati Bearcats,Kansas State Wildcats,betrivers,BetRivers,2026-09-26T19:34:38Z,totals,2026-09-26T19:34:38Z,Over,-113,55.5,20260926193526122038
NCAAF,americanfootball_ncaaf,058628758b85b178ffc5fa09416f3991,2026-09-26T23:00:00Z,Cincinnati Bearcats,Kansas State Wildcats,betrivers,BetRivers,2026-09-26T19:34:38Z,totals,2026-09-26T19:34:38Z,Under,-109,55.5,20260926193526122038
NCAAF,americanfootball_ncaaf,058628758b85b178ffc5fa09416f3991,2026-09-26T23:00:00Z,Cincinnati Bearcats,Kansas State Wildcats,draftkings,DraftKings,2026-09-26T19:34:04Z,h2h,2026-09-26T19:34:04Z,Cincinnati Bearcats,185,,20260926193526122038
NCAAF,americanfootball_ncaaf,058628758b85b178ffc5fa09416f3991,2026-09-26T23:00:00Z,Cincinnati Bearcats,Kansas State Wildcats,draftkings,DraftKings,2026-09-26T19:34:04Z,h2h,2026-09-26T19:34:04Z,Kansas State Wildcats,-225,,20260926193526122038
NCAAF,americanfootball_ncaaf,058628758b85b178ffc5fa09416f3991,2026-09-26T23:00:00Z,Cincinnati Bearcats,Kansas State Wildcats,draftkings,DraftKings,2026-09-26T19:34:04Z,spreads,2026-09-26T19:34:04Z,Cincinnati Bearcats,-112,6.0,20260926193526122038
NCAAF,americanfootball_ncaaf,058628758b85b178ffc5fa09416f3991,2026-09-26T23:00:00Z,Cincinnati Bearcats,Kansas State Wildcats,draftkings,DraftKings,2026-09-26T19:34:04Z,spreads,2026-09-26T19:34:04Z,Kansas State Wildcats,-108,-6.0,20260926193526122038
NCAAF,americanfootball_ncaaf,058628758b85b178ffc5fa09416f3991,2026-09-26T23:00:00Z,Cincinnati Bearcats,Kansas State Wildcats,draftkings,DraftKings,2026-09-26T19:34:04Z,totals,2026-09-26T19:34:04Z,Over,-105,55.5,20260926193526122038
NCAAF,americanfootball_ncaaf,058628758b85b178ffc5fa09416f3991,2026-09-26T23:00:00Z,Cincinnati Bearcats,Kansas State Wildcats,draftkings,DraftKings,2026-09-26T19:34:04Z,totals,2026-09-26T19:34:04Z,Under,-115,55.5,20260926193526122038
NCAAF,americanfootball_ncaaf,058628758b85b178ffc5fa09416f3991,2026-09-26T23:00:00Z,Cincinnati Bearcats,Kansas State Wildcats,lowvig,LowVig.ag,2026-09-26T19:34:21Z,h2h,2026-09-26T19:34:21Z,Cincinnati Bearcats,192,,20260926193526122038
NCAAF,americanfootball_ncaaf,058628758b85b178ffc5fa09416f3991,2026-09-26T23:00:00Z,Cincinnati Bearcats,Kansas State Wildcats,lowvig,LowVig.ag,2026-09-26T19:34:21Z,h2h,2026-09-26T19:34:21Z,Kansas State Wildcats,-230,,20260926193526122038
NCAAF,americanfootball_ncaaf,058628758b85b178ffc5fa09416f3991,2026-09-26T23:00:00Z,Cincinnati Bearcats,Kansas State Wildcats,lowvig,LowVig.ag,2026-09-26T19:34:21Z,spreads,2026-09-26T19:34:21Z,Cincinnati Bearcats,-112,6.5,20260926193526122038
NCAAF,americanfootball_ncaaf,058628758b85b178ffc5fa09416f3991,2026-09-26T23:00:00Z,Cincinnati Bearcats,Kansas State Wildcats,lowvig,LowVig.ag,2026-09-26T19:34:21Z,spreads,2026-09-26T19:34:21Z,Kansas State Wildcats,100,-6.5,20260926193526122038
NCAAF,americanfootball_ncaaf,058628758b85b178ffc5fa09416f3991,2026-09-26T23:00:00Z,Cincinnati Bearcats,Kansas State Wildcats,lowvig,LowVig.ag,2026-09-26T19:34:21Z,totals,2026-09-26T19:34:21Z,Over,-110,55.0,20260926193526122038
NCAAF,americanfootball_ncaaf,058628758b85b178ffc5fa09416f3991,2026-09-26T23:00:00Z,Cincinnati Bearcats,Kansas State Wildcats,lowvig,LowVig.ag,2026-09-26T19:34:21Z,totals,2026-09-26T19:34:21Z,Under,-106,55.0,20260926193526122038
NCAAF,americanfootball_ncaaf,058628758b85b178ffc5fa09416f3991,2026-09-26T23:00:00Z,Cincinnati Bearcats,Kansas State Wildcats,betonlineag,BetOnline.ag,2026-09-26T19:34:56Z,h2h,2026-09-26T19:34:54Z,Cincinnati Bearcats,192,,20260926193526122038
NCAAF,americanfootball_ncaaf,058628758b85b178ffc5fa09416f3991,2026-09-26T23:00:00Z,Cincinnati Bearcats,Kansas State Wildcats,betonlineag,BetOnline.ag,2026-09-26T19:34:56Z,h2h,2026-09-26T19:34:54Z,Kansas State Wildcats,-230,,20260926193526122038
NCAAF,americanfootball_ncaaf,058628758b85b178ffc5fa09416f3991,2026-09-26T23:00:00Z,Cincinnati Bearcats,Kansas State Wildcats,betonlineag,BetOnline.ag,2026-09-26T19:34:56Z,spreads,2026-09-26T19:34:54Z,Cincinnati Bearcats,-116,6.5,20260926193526122038
NCAAF,americanfootball_ncaaf,058628758b85b178ffc5fa09416f3991,2026-09-26T23:00:00Z,Cincinnati Bearcats,Kansas State Wildcats,betonlineag,BetOnline.ag,2026-09-26T19:34:56Z,spreads,2026-09-26T19:34:54Z,Kansas State Wildcats,-104,-6.5,20260926193526122038
NCAAF,americanfootball_ncaaf,058628758b85b178ffc5fa09416f3991,2026-09-26T23:00:00Z,Cincinnati Bearcats,Kansas State Wildcats,betonlineag,BetOnline.ag,2026-09-26T19:34:56Z,totals,2026-09-26T19:34:54Z,Over,-112,55.0,20260926193526122038
NCAAF,americanfootball_ncaaf,058628758b85b178ffc5fa09416f3991,2026-09-26T23:00:00Z,Cincinnati Bearcats,Kansas State Wildcats,betonlineag,BetOnline.ag,2026-09-26T19:34:56Z,totals,2026-09-26T19:34:54Z,Under,-108,55.0,20260926193526122038
NCAAF,americanfootball_ncaaf,058628758b85b178ffc5fa09416f3991,2026-09-26T23:00:00Z,Cincinnati Bearcats,Kansas State Wildcats,betmgm,BetMGM,2026-09-26T19:34:43Z,h2h,2026-09-26T19:34:43Z,Cincinnati Bearcats,190,,20260926193526122038
NCAAF,americanfootball_ncaaf,058628758b85b178ffc5fa09416f3991,2026-09-26T23:00:00Z,Cincinnati Bearcats,Kansas State Wildcats,betmgm,BetMGM,2026-09-26T19:34:43Z,h2h,2026-09-26T19:34:43Z,Kansas State Wildcats,-235,,20260926193526122038
NCAAF,americanfootball_ncaaf,058628758b85b178ffc5fa09416f3991,2026-09-26T23:00:00Z,Cincinnati Bearcats,Kansas State Wildcats,betmgm,BetMGM,2026-09-26T19:34:43Z,spreads,2026-09-26T19:34:43Z,Cincinnati Bearcats,-112,6.0,20260926193526122038
NCAAF,americanfootball_ncaaf,058628758b85b178ffc5fa09416f3991,2026-09-26T23:00:00Z,Cincinnati Bearcats,Kansas State Wildcats,betmgm,BetMGM,2026-09-26T19:34:43Z,spreads,2026-09-26T19:34:43Z,Kansas State Wildcats,-115,-6.0,20260926193526122038
NCAAF,americanfootball_ncaaf,058628758b85b178ffc5fa09416f3991,2026-09-26T23:00:00Z,Cincinnati Bearcats,Kansas State Wildcats,betmgm,BetMGM,2026-09-26T19:34:43Z,totals,2026-09-26T19:34:43Z,Over,-108,55.5,20260926193526122038
NCAAF,americanfootball_ncaaf,058628758b85b178ffc5fa09416f3991,2026-09-26T23:00:00Z,Cincinnati Bearcats,Kansas State Wildcats,betmgm,BetMGM,2026-09-26T19:34:43Z,totals,2026-09-26T19:34:43Z,Under,-125,55.5,20260926193526122038
NCAAF,americanfootball_ncaaf,058628758b85b178ffc5fa09416f3991,2026-09-26T23:00:00Z,Cincinnati Bearcats,Kansas State Wildcats,betus,BetUS,2026-09-26T19:35:13Z,h2h,2026-09-26T19:35:12Z,Cincinnati Bearcats,185,,20260926193526122038
NCAAF,americanfootball_ncaaf,058628758b85b178ffc5fa09416f3991,2026-09-26T23:00:00Z,Cincinnati Bearcats,Kansas State Wildcats,betus,BetUS,2026-09-26T19:35:13Z,h2h,2026-09-26T19:35:12Z,Kansas State Wildcats,-220,,20260926193526122038
NCAAF,americanfootball_ncaaf,058628758b85b178ffc5fa09416f3991,2026-09-26T23:00:00Z,Cincinnati Bearcats,Kansas State Wildcats,betus,BetUS,2026-09-26T19:35:13Z,spreads,2026-09-26T19:35:12Z,Cincinnati Bearcats,-110,6.0,20260926193526122038
NCAAF,americanfootball_ncaaf,058628758b85b178ffc5fa09416f3991,2026-09-26T23:00:00Z,Cincinnati Bearcats,Kansas State Wildcats,betus,BetUS,2026-09-26T19:35:13Z,spreads,2026-09-26T19:35:12Z,Kansas State Wildcats,-110,-6.0,20260926193526122038
NCAAF,americanfootball_ncaaf,058628758b85b178ffc5fa09416f3991,2026-09-26T23:00:00Z,Cincinnati Bearcats,Kansas State Wildcats,betus,BetUS,2026-09-26T19:35:13Z,totals,2026-09-26T19:35:12Z,Over,-110,55.0,20260926193526122038
NCAAF,americanfootball_ncaaf,058628758b85b178ffc5fa09416f3991,2026-09-26T23:00:00Z,Cincinnati Bearcats,Kansas State Wildcats,betus,BetUS,2026-09-26T19:35:13Z,totals,2026-09-26T19:35:12Z,Under,-110,55.0,20260926193526122038
NCAAF,americanfootball_ncaaf,058628758b85b178ffc5fa09416f3991,2026-09-26T23:00:00Z,Cincinnati Bearcats,Kansas State Wildcats,bovada,Bovada,2026-09-26T19:34:42Z,h2h,2026-09-26T19:34:42Z,Cincinnati Bearcats,190,,20260926193526122038
NCAAF,americanfootball_ncaaf,058628758b85b178ffc5fa09416f3991,2026-09-26T23:00:00Z,Cincinnati Bearcats,Kansas State Wildcats,bovada,Bovada,2026-09-26T19:34:42Z,h2h,2026-09-26T19:34:42Z,Kansas State Wildcats,-230,,20260926193526122038
NCAAF,americanfootball_ncaaf,058628758b85b178ffc5fa09416f3991,2026-09-26T23:00:00Z,Cincinnati Bearcats,Kansas State Wildcats,bovada,Bovada,2026-09-26T19:34:42Z,spreads,2026-09-26T19:34:42Z,Cincinnati Bearcats,-110,6.0,20260926193526122038
NCAAF,americanfootball_ncaaf,058628758b85b178ffc5fa09416f3991,2026-09-26T23:00:00Z,Cincinnati Bearcats,Kansas State Wildcats,bovada,Bovada,2026-09-26T19:34:42Z,spreads,2026-09-26T19:34:42Z,Kansas State Wildcats,-110,-6.0,20260926193526122038
NCAAF,americanfootball_ncaaf,058628758b85b178ffc5fa09416f3991,2026-09-26T23:00:00Z,Cincinnati Bearcats,Kansas State Wildcats,bovada,Bovada,2026-09-26T19:34:42Z,totals,2026-09-26T19:34:42Z,Over,-105,55.5,20260926193526122038
NCAAF,americanfootball_ncaaf,058628758b85b178ffc5fa09416f3991,2026-09-26T23:00:00Z,Cincinnati Bearcats,Kansas State Wildcats,bovada,Bovada,2026-09-26T19:34:42Z,totals,2026-09-26T19:34:42Z,Under,-115,55.5,20260926193526122038
NCAAF,americanfootball_ncaaf,fe0fb2e29062d93898ebdd583329194d,2026-09-26T23:00:00Z,Jacksonville State Gamecocks,Middle Tennessee Blue Raiders,fanduel,FanDuel,2026-09-26T19:35:15Z,h2h,2026-09-26T19:35:15Z,Jacksonville State Gamecocks,-295,,20260926193526122038
NCAAF,americanfootball_ncaaf,fe0fb2e29062d93898ebdd583329194d,2026-09-26T23:00:00Z,Jacksonville State Gamecocks,Middle Tennessee Blue Raiders,fanduel,FanDuel,2026-09-26T19:35:15Z,h2h,2026-09-26T19:35:15Z,Middle Tennessee Blue Raiders,235,,20260926193526122038
NCAAF,americanfootball_ncaaf,fe0fb2e29062d93898ebdd583329194d,2026-09-26T23:00:00Z,Jacksonville State Gamecocks,Middle Tennessee Blue Raiders,fanduel,FanDuel,2026-09-26T19:35:15Z,spreads,2026-09-26T19:35:15Z,Jacksonville State Gamecocks,-104,-7.5,20260926193526122038
NCAAF,americanfootball_ncaaf,fe0fb2e29062d93898ebdd583329194d,2026-09-26T23:00:00Z,Jacksonville State Gamecocks,Middle Tennessee Blue Raiders,fanduel,FanDuel,2026-09-26T19:35:15Z,spreads,2026-09-26T19:35:15Z,Middle Tennessee Blue Raiders,-118,7.5,20260926193526122038
NCAAF,americanfootball_ncaaf,fe0fb2e29062d93898ebdd583329194d,2026-09-26T23:00:00Z,Jacksonville State Gamecocks,Middle Tennessee Blue Raiders,fanduel,FanDuel,2026-09-26T19:35:15Z,totals,2026-09-26T19:35:15Z,Over,-110,51.5,20260926193526122038
NCAAF,americanfootball_ncaaf,fe0fb2e29062d93898ebdd583329194d,2026-09-26T23:00:00Z,Jacksonville State Gamecocks,Middle Tennessee Blue Raiders,fanduel,FanDuel,2026-09-26T19:35:15Z,totals,2026-09-26T19:35:15Z,Under,-110,51.5,20260926193526122038
NCAAF,americanfootball_ncaaf,fe0fb2e29062d93898ebdd583329194d,2026-09-26T23:00:00Z,Jacksonville State Gamecocks,Middle Tennessee Blue Raiders,mybookieag,MyBookie.ag,2026-09-26T19:35:13Z,h2h,2026-09-26T19:35:13Z,Jacksonville State Gamecocks,-310,,20260926193526122038
NCAAF,americanfootball_ncaaf,fe0fb2e29062d93898ebdd583329194d,2026-09-26T23:00:00Z,Jacksonville State Gamecocks,Middle Tennessee Blue Raiders,mybookieag,MyBookie.ag,2026-09-26T19:35:13Z,h2h,2026-09-26T19:35:13Z,Middle Tennessee Blue Raiders,242,,20260926193526122038
NCAAF,americanfootball_ncaaf,fe0fb2e29062d93898ebdd583329194d,2026-09-26T23:00:00Z,Jacksonville State Gamecocks,Middle Tennessee Blue Raiders,mybookieag,MyBookie.ag,2026-09-26T19:35:13Z,spreads,2026-09-26T19:35:13Z,Jacksonville State Gamecocks,-110,-7.5,20260926193526122038
NCAAF,americanfootball_ncaaf,fe0fb2e29062d93898ebdd583329194d,2026-09-26T23:00:00Z,Jacksonville State Gamecocks,Middle Tennessee Blue Raiders,mybookieag,MyBookie.ag,2026-09-26T19:35:13Z,spreads,2026-09-26T19:35:13Z,Middle Tennessee Blue Raiders,-110,7.5,20260926193526122038
NCAAF,americanfootball_ncaaf,fe0fb2e29062d93898ebdd583329194d,2026-09-26T23:00:00Z,Jacksonville State Gamecocks,Middle Tennessee Blue Raiders,mybookieag,MyBookie.ag,2026-09-26T19:35:13Z,totals,2026-09-26T19:35:13Z,Over,-110,51.0,20260926193526122038
NCAAF,americanfootball_ncaaf,fe0fb2e29062d93898ebdd583329194d,2026-09-26T23:00:00Z,Jacksonville State Gamecocks,Middle Tennessee Blue Raiders,mybookieag,MyBookie.ag,2026-09-26T19:35:13Z,totals,2026-09-26T19:35:13Z,Under,-110,51.0,20260926193526122038
NCAAF,americanfootball_ncaaf,fe0fb2e29062d93898ebdd583329194d,2026-09-26T23:00:00Z,Jacksonville State Gamecocks,Middle Tennessee Blue Raiders,betrivers,BetRivers,2026-09-26T19:34:38Z,h2h,2026-09-26T19:34:38Z,Jacksonville State Gamecocks,-286,,20260926193526122038
NCAAF,americanfootball_ncaaf,fe0fb2e29062d93898ebdd583329194d,2026-09-26T23:00:00Z,Jacksonville State Gamecocks,Middle Tennessee Blue Raiders,betrivers,BetRivers,2026-09-26T19:34:38Z,h2h,2026-09-26T19:34:38Z,Middle Tennessee Blue Raiders,220,,20260926193526122038
NCAAF,americanfootball_ncaaf,fe0fb2e29062d93898ebdd583329194d,2026-09-26T23:00:00Z,Jacksonville State Gamecocks,Middle Tennessee Blue Raiders,betrivers,BetRivers,2026-09-26T19:34:38Z,spreads,2026-09-26T19:34:38Z,Jacksonville State Gamecocks,-113,-7.0,20260926193526122038
NCAAF,americanfootball_ncaaf,fe0fb2e29062d93898ebdd583329194d,2026-09-26T23:00:00Z,Jacksonville State Gamecocks,Middle Tennessee Blue Raiders,betrivers,BetRivers,2026-09-26T19:34:38Z,spreads,2026-09-26T19:34:38Z,Middle Tennessee Blue Raiders,-109,7.0,20260926193526122038
NCAAF,americanfootball_ncaaf,fe0fb2e29062d93898ebdd583329194d,2026-09-26T23:00:00Z,Jacksonville State Gamecocks,Middle Tennessee Blue Raiders,betrivers,BetRivers,2026-09-26T19:34:38Z,totals,2026-09-26T19:34:38Z,Over,-109,51.5,20260926193526122038
NCAAF,americanfootball_ncaaf,fe0fb2e29062d93898ebdd583329194d,2026-09-26T23:00:00Z,Jacksonville State Gamecocks,Middle Tennessee Blue Raiders,betrivers,BetRivers,2026-09-26T19:34:38Z,totals,2026-09-26T19:34:38Z,Under,-118,51.5,20260926193526122038
NCAAF,americanfootball_ncaaf,fe0fb2e29062d93898ebdd583329194d,2026-09-26T23:00:00Z,Jacksonville State Gamecocks,Middle Tennessee Blue Raiders,draftkings,DraftKings,2026-09-26T19:34:04Z,h2h,2026-09-26T19:34:04Z,Jacksonville State Gamecocks,-285,,20260926193526122038
NCAAF,americanfootball_ncaaf,fe0fb2e29062d93898ebdd583329194d,2026-09-26T23:00:00Z,Jacksonville State Gamecocks,Middle Tennessee Blue Raiders,draftkings,DraftKings,2026-09-26T19:34:04Z,h2h,2026-09-26T19:34:04Z,Middle Tennessee Blue Raiders,230,,20260926193526122038
NCAAF,americanfootball_ncaaf,fe0fb2e29062d93898ebdd583329194d,2026-09-26T23:00:00Z,Jacksonville State Gamecocks,Middle Tennessee Blue Raiders,draftkings,DraftKings,2026-09-26T19:34:04Z,spreads,2026-09-26T19:34:04Z,Jacksonville State Gamecocks,-102,-7.5,20260926193526122038
NCAAF,americanfootball_ncaaf,fe0fb2e29062d93898ebdd583329194d,2026-09-26T23:00:00Z,Jacksonville State Gamecocks,Middle Tennessee Blue Raiders,draftkings,DraftKings,2026-09-26T19:34:04Z,spreads,2026-09-26T19:34:04Z,Middle Tennessee Blue Raiders,-118,7.5,20260926193526122038
NCAAF,americanfootball_ncaaf,fe0fb2e29062d93898ebdd583329194d,2026-09-26T23:00:00Z,Jacksonville State Gamecocks,Middle Tennessee Blue Raiders,draftkings,DraftKings,2026-09-26T19:34:04Z,totals,2026-09-26T19:34:04Z,Over,-110,51.5,20260926193526122038
NCAAF,americanfootball_ncaaf,fe0fb2e29062d93898ebdd583329194d,2026-09-26T23:00:00Z,Jacksonville State Gamecocks,Middle Tennessee Blue Raiders,draftkings,DraftKings,2026-09-26T19:34:04Z,totals,2026-09-26T19:34:04Z,Under,-110,51.5,20260926193526122038
NCAAF,americanfootball_ncaaf,fe0fb2e29062d93898ebdd583329194d,2026-09-26T23:00:00Z,Jacksonville State Gamecocks,Middle Tennessee Blue Raiders,lowvig,LowVig.ag,2026-09-26T19:34:21Z,h2h,2026-09-26T19:34:21Z,Jacksonville State Gamecocks,-285,,20260926193526122038
NCAAF,americanfootball_ncaaf,fe0fb2e29062d93898ebdd583329194d,2026-09-26T23:00:00Z,Jacksonville State Gamecocks,Middle Tennessee Blue Raiders,lowvig,LowVig.ag,2026-09-26T19:34:21Z,h2h,2026-09-26T19:34:21Z,Middle Tennessee Blue Raiders,234,,20260926193526122038
NCAAF,americanfootball_ncaaf,fe0fb2e29062d93898ebdd583329194d,2026-09-26T23:00:00Z,Jacksonville State Gamecocks,Middle Tennessee Blue Raiders,lowvig,LowVig.ag,2026-09-26T19:34:21Z,spreads,2026-09-26T19:34:21Z,Jacksonville State Gamecocks,-112,-7.0,20260926193526122038
NCAAF,americanfootball_ncaaf,fe0fb2e29062d93898ebdd583329194d,2026-09-26T23:00:00Z,Jacksonville State Gamecocks,Middle Tennessee Blue Raiders,lowvig,LowVig.ag,2026-09-26T19:34:21Z,spreads,2026-09-26T19:34:21Z,Middle Tennessee Blue Raiders,100,7.0,20260926193526122038
NCAAF,americanfootball_ncaaf,fe0fb2e29062d93898ebdd583329194d,2026-09-26T23:00:00Z,Jacksonville State Gamecocks,Middle Tennessee Blue Raiders,lowvig,LowVig.ag,2026-09-26T19:34:21Z,totals,2026-09-26T19:34:21Z,Over,-108,51.5,20260926193526122038
NCAAF,americanfootball_ncaaf,fe0fb2e29062d93898ebdd583329194d,2026-09-26T23:00:00Z,Jacksonville State Gamecocks,Middle Tennessee Blue Raiders,lowvig,LowVig.ag,2026-09-26T19:34:21Z,totals,2026-09-26T19:34:21Z,Under,-108,51.5,20260926193526122038
NCAAF,americanfootball_ncaaf,fe0fb2e29062d93898ebdd583329194d,2026-09-26T23:00:00Z,Jacksonville State Gamecocks,Middle Tennessee Blue Raiders,betonlineag,BetOnline.ag,2026-09-26T19:34:56Z,h2h,2026-09-26T19:34:54Z,Jacksonville State Gamecocks,-285,,20260926193526122038
NCAAF,americanfootball_ncaaf,fe0fb2e29062d93898ebdd583329194d,2026-09-26T23:00:00Z,Jacksonville State Gamecocks,Middle Tennessee Blue Raiders,betonlineag,BetOnline.ag,2026-09-26T19:34:56Z,h2h,2026-09-26T19:34:54Z,Middle Tennessee Blue Raiders,234,,20260926193526122038
NCAAF,americanfootball_ncaaf,fe0fb2e29062d93898ebdd583329194d,2026-09-26T23:00:00Z,Jacksonville State Gamecocks,Middle Tennessee Blue Raiders,betonlineag,BetOnline.ag,2026-09-26T19:34:56Z,spreads,2026-09-26T19:34:54Z,Jacksonville State Gamecocks,-116,-7.0,20260926193526122038
NCAAF,americanfootball_ncaaf,fe0fb2e29062d93898ebdd583329194d,2026-09-26T23:00:00Z,Jacksonville State Gamecocks,Middle Tennessee Blue Raiders,betonlineag,BetOnline.ag,2026-09-26T19:34:56Z,spreads,2026-09-26T19:34:54Z,Middle Tennessee Blue Raiders,-104,7.0,20260926193526122038
NCAAF,americanfootball_ncaaf,fe0fb2e29062d93898ebdd583329194d,2026-09-26T23:00:00Z,Jacksonville State Gamecocks,Middle Tennessee Blue Raiders,betonlineag,BetOnline.ag,2026-09-26T19:34:56Z,totals,2026-09-26T19:34:54Z,Over,-110,51.5,20260926193526122038
NCAAF,americanfootball_ncaaf,fe0fb2e29062d93898ebdd583329194d,2026-09-26T23:00:00Z,Jacksonville State Gamecocks,Middle Tennessee Blue Raiders,betonlineag,BetOnline.ag,2026-09-26T19:34:56Z,totals,2026-09-26T19:34:54Z,Under,-110,51.5,20260926193526122038
NCAAF,americanfootball_ncaaf,fe0fb2e29062d93898ebdd583329194d,2026-09-26T23:00:00Z,Jacksonville State Gamecocks,Middle Tennessee Blue Raiders,betmgm,BetMGM,2026-09-26T19:34:43Z,h2h,2026-09-26T19:34:43Z,Jacksonville State Gamecocks,-285,,20260926193526122038
NCAAF,americanfootball_ncaaf,fe0fb2e29062d93898ebdd583329194d,2026-09-26T23:00:00Z,Jacksonville State Gamecocks,Middle Tennessee Blue Raiders,betmgm,BetMGM,2026-09-26T19:34:43Z,h2h,2026-09-26T19:34:43Z,Middle Tennessee Blue Raiders,230,,20260926193526122038
NCAAF,americanfootball_ncaaf,fe0fb2e29062d93898ebdd583329194d,2026-09-26T23:00:00Z,Jacksonville State Gamecocks,Middle Tennessee Blue Raiders,betmgm,BetMGM,2026-09-26T19:34:43Z,spreads,2026-09-26T19:34:43Z,Jacksonville State Gamecocks,-108,-7.5,20260926193526122038
NCAAF,americanfootball_ncaaf,fe0fb2e29062d93898ebdd583329194d,2026-09-26T23:00:00Z,Jacksonville State Gamecocks,Middle Tennessee Blue Raiders,betmgm,BetMGM,2026-09-26T19:34:43Z,spreads,2026-09-26T19:34:43Z,Middle Tennessee Blue Raiders,-120,7.5,20260926193526122038
NCAAF,americanfootball_ncaaf,fe0fb2e29062d93898ebdd583329194d,2026-09-26T23:00:00Z,Jacksonville State Gamecocks,Middle Tennessee Blue Raiders,betmgm,BetMGM,2026-09-26T19:34:43Z,totals,2026-09-26T19:34:43Z,Over,-108,51.5,20260926193526122038
NCAAF,americanfootball_ncaaf,fe0fb2e29062d93898ebdd583329194d,2026-09-26T23:00:00Z,Jacksonville State Gamecocks,Middle Tennessee Blue Raiders,betmgm,BetMGM,2026-09-26T19:34:43Z,totals,2026-09-26T19:34:43Z,Under,-110,51.5,20260926193526122038
NCAAF,americanfootball_ncaaf,fe0fb2e29062d93898ebdd583329194d,2026-09-26T23:00:00Z,Jacksonville State Gamecocks,Middle Tennessee Blue Raiders,betus,BetUS,2026-09-26T19:35:13Z,h2h,2026-09-26T19:35:13Z,Jacksonville State Gamecocks,-285,,20260926193526122038
NCAAF,americanfootball_ncaaf,fe0fb2e29062d93898ebdd583329194d,2026-09-26T23:00:00Z,Jacksonville State Gamecocks,Middle Tennessee Blue Raiders,betus,BetUS,2026-09-26T19:35:13Z,h2h,2026-09-26T19:35:13Z,Middle Tennessee Blue Raiders,238,,20260926193526122038
NCAAF,americanfootball_ncaaf,fe0fb2e29062d93898ebdd583329194d,2026-09-26T23:00:00Z,Jacksonville State Gamecocks,Middle Tennessee Blue Raiders,betus,BetUS,2026-09-26T19:35:13Z,spreads,2026-09-26T19:35:13Z,Jacksonville State Gamecocks,-115,-7.0,20260926193526122038
NCAAF,americanfootball_ncaaf,fe0fb2e29062d93898ebdd583329194d,2026-09-26T23:00:00Z,Jacksonville State Gamecocks,Middle Tennessee Blue Raiders,betus,BetUS,2026-09-26T19:35:13Z,spreads,2026-09-26T19:35:13Z,Middle Tennessee Blue Raiders,-105,7.0,20260926193526122038
NCAAF,americanfootball_ncaaf,fe0fb2e29062d93898ebdd583329194d,2026-09-26T23:00:00Z,Jacksonville State Gamecocks,Middle Tennessee Blue Raiders,betus,BetUS,2026-09-26T19:35:13Z,totals,2026-09-26T19:35:13Z,Over,-110,51.0,20260926193526122038
NCAAF,americanfootball_ncaaf,fe0fb2e29062d93898ebdd583329194d,2026-09-26T23:00:00Z,Jacksonville State Gamecocks,Middle Tennessee Blue Raiders,betus,BetUS,2026-09-26T19:35:13Z,totals,2026-09-26T19:35:13Z,Under,-110,51.0,20260926193526122038
NCAAF,americanfootball_ncaaf,fe0fb2e29062d93898ebdd583329194d,2026-09-26T23:00:00Z,Jacksonville State Gamecocks,Middle Tennessee Blue Raiders,bovada,Bovada,2026-09-26T19:34:42Z,h2h,2026-09-26T19:34:42Z,Jacksonville State Gamecocks,-300,,20260926193526122038
NCAAF,americanfootball_ncaaf,fe0fb2e29062d93898ebdd583329194d,2026-09-26T23:00:00Z,Jacksonville State Gamecocks,Middle Tennessee Blue Raiders,bovada,Bovada,2026-09-26T19:34:42Z,h2h,2026-09-26T19:34:42Z,Middle Tennessee Blue Raiders,250,,20260926193526122038
NCAAF,americanfootball_ncaaf,fe0fb2e29062d93898ebdd583329194d,2026-09-26T23:00:00Z,Jacksonville State Gamecocks,Middle Tennessee Blue Raiders,bovada,Bovada,2026-09-26T19:34:42Z,spreads,2026-09-26T19:34:42Z,Jacksonville State Gamecocks,-120,-7.0,20260926193526122038
NCAAF,americanfootball_ncaaf,fe0fb2e29062d93898ebdd583329194d,2026-09-26T23:00:00Z,Jacksonville State Gamecocks,Middle Tennessee Blue Raiders,bovada,Bovada,2026-09-26T19:34:42Z,spreads,2026-09-26T19:34:42Z,Middle Tennessee Blue Raiders,100,7.0,20260926193526122038
NCAAF,americanfootball_ncaaf,fe0fb2e29062d93898ebdd583329194d,2026-09-26T23:00:00Z,Jacksonville State Gamecocks,Middle Tennessee Blue Raiders,bovada,Bovada,2026-09-26T19:34:42Z,totals,2026-09-26T19:34:42Z,Over,-110,51.5,20260926193526122038
NCAAF,americanfootball_ncaaf,fe0fb2e29062d93898ebdd583329194d,2026-09-26T23:00:00Z,Jacksonville State Gamecocks,Middle Tennessee Blue Raiders,bovada,Bovada,2026-09-26T19:34:42Z,totals,2026-09-26T19:34:42Z,Under,-110,51.5,20260926193526122038
NCAAF,americanfootball_ncaaf,4d7e7ede70991b52414228a5fd0b303d,2026-09-26T23:00:00Z,Western Kentucky Hilltoppers,Mercyhurst Lakers,fanduel,FanDuel,2026-09-26T19:35:15Z,h2h,2026-09-26T19:35:15Z,Mercyhurst Lakers,3500,,20260926193526122038
NCAAF,americanfootball_ncaaf,4d7e7ede70991b52414228a5fd0b303d,2026-09-26T23:00:00Z,Western Kentucky Hilltoppers,Mercyhurst Lakers,fanduel,FanDuel,2026-09-26T19:35:15Z,h2h,2026-09-26T19:35:15Z,Western Kentucky Hilltoppers,-20000,,20260926193526122038
NCAAF,americanfootball_ncaaf,4d7e7ede70991b52414228a5fd0b303d,2026-09-26T23:00:00Z,Western Kentucky Hilltoppers,Mercyhurst Lakers,fanduel,FanDuel,2026-09-26T19:35:15Z,spreads,2026-09-26T19:35:15Z,Mercyhurst Lakers,-110,40.5,20260926193526122038
NCAAF,americanfootball_ncaaf,4d7e7ede70991b52414228a5fd0b303d,2026-09-26T23:00:00Z,Western Kentucky Hilltoppers,Mercyhurst Lakers,fanduel,FanDuel,2026-09-26T19:35:15Z,spreads,2026-09-26T19:35:15Z,Western Kentucky Hilltoppers,-110,-40.5,20260926193526122038
NCAAF,americanfootball_ncaaf,4d7e7ede70991b52414228a5fd0b303d,2026-09-26T23:00:00Z,Western Kentucky Hilltoppers,Mercyhurst Lakers,fanduel,FanDuel,2026-09-26T19:35:15Z,totals,2026-09-26T19:35:15Z,Over,-118,58.5,20260926193526122038
NCAAF,americanfootball_ncaaf,4d7e7ede70991b52414228a5fd0b303d,2026-09-26T23:00:00Z,Western Kentucky Hilltoppers,Mercyhurst Lakers,fanduel,FanDuel,2026-09-26T19:35:15Z,totals,2026-09-26T19:35:15Z,Under,-104,58.5,20260926193526122038
NCAAF,americanfootball_ncaaf,4d7e7ede70991b52414228a5fd0b303d,2026-09-26T23:00:00Z,Western Kentucky Hilltoppers,Mercyhurst Lakers,draftkings,DraftKings,2026-09-26T19:34:04Z,spreads,2026-09-26T19:34:04Z,Mercyhurst Lakers,-110,40.5,20260926193526122038
NCAAF,americanfootball_ncaaf,4d7e7ede70991b52414228a5fd0b303d,2026-09-26T23:00:00Z,Western Kentucky Hilltoppers,Mercyhurst Lakers,draftkings,DraftKings,2026-09-26T19:34:04Z,spreads,2026-09-26T19:34:04Z,Western Kentucky Hilltoppers,-110,-40.5,20260926193526122038
NCAAF,americanfootball_ncaaf,4d7e7ede70991b52414228a5fd0b303d,2026-09-26T23:00:00Z,Western Kentucky Hilltoppers,Mercyhurst Lakers,draftkings,DraftKings,2026-09-26T19:34:04Z,totals,2026-09-26T19:34:04Z,Over,-112,58.5,20260926193526122038
NCAAF,americanfootball_ncaaf,4d7e7ede70991b52414228a5fd0b303d,2026-09-26T23:00:00Z,Western Kentucky Hilltoppers,Mercyhurst Lakers,draftkings,DraftKings,2026-09-26T19:34:04Z,totals,2026-09-26T19:34:04Z,Under,-108,58.5,20260926193526122038
NCAAF,americanfootball_ncaaf,4d7e7ede70991b52414228a5fd0b303d,2026-09-26T23:00:00Z,Western Kentucky Hilltoppers,Mercyhurst Lakers,betrivers,BetRivers,2026-09-26T19:34:38Z,spreads,2026-09-26T19:34:38Z,Mercyhurst Lakers,-121,42.0,20260926193526122038
NCAAF,americanfootball_ncaaf,4d7e7ede70991b52414228a5fd0b303d,2026-09-26T23:00:00Z,Western Kentucky Hilltoppers,Mercyhurst Lakers,betrivers,BetRivers,2026-09-26T19:34:38Z,spreads,2026-09-26T19:34:38Z,Western Kentucky Hilltoppers,-120,-42.0,20260926193526122038
NCAAF,americanfootball_ncaaf,4d7e7ede70991b52414228a5fd0b303d,2026-09-26T23:00:00Z,Western Kentucky Hilltoppers,Mercyhurst Lakers,betrivers,BetRivers,2026-09-26T19:34:38Z,totals,2026-09-26T19:34:38Z,Over,-112,57.5,20260926193526122038
NCAAF,americanfootball_ncaaf,4d7e7ede70991b52414228a5fd0b303d,2026-09-26T23:00:00Z,Western Kentucky Hilltoppers,Mercyhurst Lakers,betrivers,BetRivers,2026-09-26T19:34:38Z,totals,2026-09-26T19:34:38Z,Under,-110,57.5,20260926193526122038
NCAAF,americanfootball_ncaaf,4d7e7ede70991b52414228a5fd0b303d,2026-09-26T23:00:00Z,Western Kentucky Hilltoppers,Mercyhurst Lakers,lowvig,LowVig.ag,2026-09-26T19:34:21Z,spreads,2026-09-26T19:34:21Z,Mercyhurst Lakers,-115,40.0,20260926193526122038
NCAAF,americanfootball_ncaaf,4d7e7ede70991b52414228a5fd0b303d,2026-09-26T23:00:00Z,Western Kentucky Hilltoppers,Mercyhurst Lakers,lowvig,LowVig.ag,2026-09-26T19:34:21Z,spreads,2026-09-26T19:34:21Z,Western Kentucky Hilltoppers,-105,-40.0,20260926193526122038
NCAAF,americanfootball_ncaaf,4d7e7ede70991b52414228a5fd0b303d,2026-09-26T23:00:00Z,Western Kentucky Hilltoppers,Mercyhurst Lakers,lowvig,LowVig.ag,2026-09-26T19:34:21Z,totals,2026-09-26T19:34:21Z,Over,-110,58.5,20260926193526122038
NCAAF,americanfootball_ncaaf,4d7e7ede70991b52414228a5fd0b303d,2026-09-26T23:00:00Z,Western Kentucky Hilltoppers,Mercyhurst Lakers,lowvig,LowVig.ag,2026-09-26T19:34:21Z,totals,2026-09-26T19:34:21Z,Under,-110,58.5,20260926193526122038
NCAAF,americanfootball_ncaaf,4d7e7ede70991b52414228a5fd0b303d,2026-09-26T23:00:00Z,Western Kentucky Hilltoppers,Mercyhurst Lakers,betonlineag,BetOnline.ag,2026-09-26T19:34:56Z,spreads,2026-09-26T19:34:55Z,Mercyhurst Lakers,-115,40.0,20260926193526122038
NCAAF,americanfootball_ncaaf,4d7e7ede70991b52414228a5fd0b303d,2026-09-26T23:00:00Z,Western Kentucky Hilltoppers,Mercyhurst Lakers,betonlineag,BetOnline.ag,2026-09-26T19:34:56Z,spreads,2026-09-26T19:34:55Z,Western Kentucky Hilltoppers,-105,-40.0,20260926193526122038
NCAAF,americanfootball_ncaaf,4d7e7ede70991b52414228a5fd0b303d,2026-09-26T23:00:00Z,Western Kentucky Hilltoppers,Mercyhurst Lakers,betonlineag,BetOnline.ag,2026-09-26T19:34:56Z,totals,2026-09-26T19:34:55Z,Over,-110,58.5,20260926193526122038
NCAAF,americanfootball_ncaaf,4d7e7ede70991b52414228a5fd0b303d,2026-09-26T23:00:00Z,Western Kentucky Hilltoppers,Mercyhurst Lakers,betonlineag,BetOnline.ag,2026-09-26T19:34:56Z,totals,2026-09-26T19:34:55Z,Under,-110,58.5,20260926193526122038
NCAAF,americanfootball_ncaaf,4d7e7ede70991b52414228a5fd0b303d,2026-09-26T23:00:00Z,Western Kentucky Hilltoppers,Mercyhurst Lakers,bovada,Bovada,2026-09-26T19:34:42Z,spreads,2026-09-26T19:34:42Z,Mercyhurst Lakers,100,40.5,20260926193526122038
NCAAF,americanfootball_ncaaf,4d7e7ede70991b52414228a5fd0b303d,2026-09-26T23:00:00Z,Western Kentucky Hilltoppers,Mercyhurst Lakers,bovada,Bovada,2026-09-26T19:34:42Z,spreads,2026-09-26T19:34:42Z,Western Kentucky Hilltoppers,-120,-40.5,20260926193526122038
NCAAF,americanfootball_ncaaf,4d7e7ede70991b52414228a5fd0b303d,2026-09-26T23:00:00Z,Western Kentucky Hilltoppers,Mercyhurst Lakers,bovada,Bovada,2026-09-26T19:34:42Z,totals,2026-09-26T19:34:42Z,Over,-110,59.0,20260926193526122038
NCAAF,americanfootball_ncaaf,4d7e7ede70991b52414228a5fd0b303d,2026-09-26T23:00:00Z,Western Kentucky Hilltoppers,Mercyhurst Lakers,bovada,Bovada,2026-09-26T19:34:42Z,totals,2026-09-26T19:34:42Z,Under,-110,59.0,20260926193526122038
NCAAF,americanfootball_ncaaf,4d7e7ede70991b52414228a5fd0b303d,2026-09-26T23:00:00Z,Western Kentucky Hilltoppers,Mercyhurst Lakers,betmgm,BetMGM,2026-09-26T19:34:43Z,spreads,2026-09-26T19:34:43Z,Mercyhurst Lakers,-108,40.0,20260926193526122038
NCAAF,americanfootball_ncaaf,4d7e7ede70991b52414228a5fd0b303d,2026-09-26T23:00:00Z,Western Kentucky Hilltoppers,Mercyhurst Lakers,betmgm,BetMGM,2026-09-26T19:34:43Z,spreads,2026-09-26T19:34:43Z,Western Kentucky Hilltoppers,-110,-40.0,20260926193526122038
NCAAF,americanfootball_ncaaf,4d7e7ede70991b52414228a5fd0b303d,2026-09-26T23:00:00Z,Western Kentucky Hilltoppers,Mercyhurst Lakers,betmgm,BetMGM,2026-09-26T19:34:43Z,totals,2026-09-26T19:34:43Z,Over,-112,58.5,20260926193526122038
NCAAF,americanfootball_ncaaf,4d7e7ede70991b52414228a5fd0b303d,2026-09-26T23:00:00Z,Western Kentucky Hilltoppers,Mercyhurst Lakers,betmgm,BetMGM,2026-09-26T19:34:43Z,totals,2026-09-26T19:34:43Z,Under,-108,58.5,20260926193526122038
NCAAF,americanfootball_ncaaf,6c95114d806556a04a0d719e62c042d7,2026-09-26T23:00:00Z,West Virginia Mountaineers,Oklahoma State Cowboys,draftkings,DraftKings,2026-09-26T19:34:04Z,h2h,2026-09-26T19:34:04Z,Oklahoma State Cowboys,105,,20260926193526122038
NCAAF,americanfootball_ncaaf,6c95114d806556a04a0d719e62c042d7,2026-09-26T23:00:00Z,West Virginia Mountaineers,Oklahoma State Cowboys,draftkings,DraftKings,2026-09-26T19:34:04Z,h2h,2026-09-26T19:34:04Z,West Virginia Mountaineers,-125,,20260926193526122038
NCAAF,americanfootball_ncaaf,6c95114d806556a04a0d719e62c042d7,2026-09-26T23:00:00Z,West Virginia Mountaineers,Oklahoma State Cowboys,draftkings,DraftKings,2026-09-26T19:34:04Z,spreads,2026-09-26T19:34:04Z,Oklahoma State Cowboys,-108,1.5,20260926193526122038
NCAAF,americanfootball_ncaaf,6c95114d806556a04a0d719e62c042d7,2026-09-26T23:00:00Z,West Virginia Mountaineers,Oklahoma State Cowboys,draftkings,DraftKings,2026-09-26T19:34:04Z,spreads,2026-09-26T19:34:04Z,West Virginia Mountaineers,-112,-1.5,20260926193526122038
NCAAF,americanfootball_ncaaf,6c95114d806556a04a0d719e62c042d7,2026-09-26T23:00:00Z,West Virginia Mountaineers,Oklahoma State Cowboys,draftkings,DraftKings,2026-09-26T19:34:04Z,totals,2026-09-26T19:34:04Z,Over,-108,60.5,20260926193526122038
NCAAF,americanfootball_ncaaf,6c95114d806556a04a0d719e62c042d7,2026-09-26T23:00:00Z,West Virginia Mountaineers,Oklahoma State Cowboys,draftkings,DraftKings,2026-09-26T19:34:04Z,totals,2026-09-26T19:34:04Z,Under,-112,60.5,20260926193526122038
NCAAF,americanfootball_ncaaf,6c95114d806556a04a0d719e62c042d7,2026-09-26T23:00:00Z,West Virginia Mountaineers,Oklahoma State Cowboys,mybookieag,MyBookie.ag,2026-09-26T19:35:13Z,h2h,2026-09-26T19:35:13Z,Oklahoma State Cowboys,106,,20260926193526122038
NCAAF,americanfootball_ncaaf,6c95114d806556a04a0d719e62c042d7,2026-09-26T23:00:00Z,West Virginia Mountaineers,Oklahoma State Cowboys,mybookieag,MyBookie.ag,2026-09-26T19:35:13Z,h2h,2026-09-26T19:35:13Z,West Virginia Mountaineers,-129,,20260926193526122038
NCAAF,americanfootball_ncaaf,6c95114d806556a04a0d719e62c042d7,2026-09-26T23:00:00Z,West Virginia Mountaineers,Oklahoma State Cowboys,mybookieag,MyBookie.ag,2026-09-26T19:35:13Z,spreads,2026-09-26T19:35:13Z,Oklahoma State Cowboys,-110,2.0,20260926193526122038
NCAAF,americanfootball_ncaaf,6c95114d806556a04a0d719e62c042d7,2026-09-26T23:00:00Z,West Virginia Mountaineers,Oklahoma State Cowboys,mybookieag,MyBookie.ag,2026-09-26T19:35:13Z,spreads,2026-09-26T19:35:13Z,West Virginia Mountaineers,-110,-2.0,20260926193526122038
NCAAF,americanfootball_ncaaf,6c95114d806556a04a0d719e62c042d7,2026-09-26T23:00:00Z,West Virginia Mountaineers,Oklahoma State Cowboys,mybookieag,MyBookie.ag,2026-09-26T19:35:13Z,totals,2026-09-26T19:35:13Z,Over,-110,60.0,20260926193526122038
NCAAF,americanfootball_ncaaf,6c95114d806556a04a0d719e62c042d7,2026-09-26T23:00:00Z,West Virginia Mountaineers,Oklahoma State Cowboys,mybookieag,MyBookie.ag,2026-09-26T19:35:13Z,totals,2026-09-26T19:35:13Z,Under,-110,60.0,20260926193526122038
NCAAF,americanfootball_ncaaf,6c95114d806556a04a0d719e62c042d7,2026-09-26T23:00:00Z,West Virginia Mountaineers,Oklahoma State Cowboys,fanduel,FanDuel,2026-09-26T19:35:15Z,h2h,2026-09-26T19:35:15Z,Oklahoma State Cowboys,104,,20260926193526122038
NCAAF,americanfootball_ncaaf,6c95114d806556a04a0d719e62c042d7,2026-09-26T23:00:00Z,West Virginia Mountaineers,Oklahoma State Cowboys,fanduel,FanDuel,2026-09-26T19:35:15Z,h2h,2026-09-26T19:35:15Z,West Virginia Mountaineers,-125,,20260926193526122038
NCAAF,americanfootball_ncaaf,6c95114d806556a04a0d719e62c042d7,2026-09-26T23:00:00Z,West Virginia Mountaineers,Oklahoma State Cowboys,fanduel,FanDuel,2026-09-26T19:35:15Z,spreads,2026-09-26T19:35:15Z,Oklahoma State Cowboys,-105,1.5,20260926193526122038
NCAAF,americanfootball_ncaaf,6c95114d806556a04a0d719e62c042d7,2026-09-26T23:00:00Z,West Virginia Mountaineers,Oklahoma State Cowboys,fanduel,FanDuel,2026-09-26T19:35:15Z,spreads,2026-09-26T19:35:15Z,West Virginia Mountaineers,-115,-1.5,20260926193526122038
NCAAF,americanfootball_ncaaf,6c95114d806556a04a0d719e62c042d7,2026-09-26T23:00:00Z,West Virginia Mountaineers,Oklahoma State Cowboys,fanduel,FanDuel,2026-09-26T19:35:15Z,totals,2026-09-26T19:35:15Z,Over,-110,60.5,20260926193526122038
NCAAF,americanfootball_ncaaf,6c95114d806556a04a0d719e62c042d7,2026-09-26T23:00:00Z,West Virginia Mountaineers,Oklahoma State Cowboys,fanduel,FanDuel,2026-09-26T19:35:15Z,totals,2026-09-26T19:35:15Z,Under,-110,60.5,20260926193526122038
NCAAF,americanfootball_ncaaf,6c95114d806556a04a0d719e62c042d7,2026-09-26T23:00:00Z,West Virginia Mountaineers,Oklahoma State Cowboys,betrivers,BetRivers,2026-09-26T19:34:38Z,h2h,2026-09-26T19:34:38Z,Oklahoma State Cowboys,102,,20260926193526122038
NCAAF,americanfootball_ncaaf,6c95114d806556a04a0d719e62c042d7,2026-09-26T23:00:00Z,West Virginia Mountaineers,Oklahoma State Cowboys,betrivers,BetRivers,2026-09-26T19:34:38Z,h2h,2026-09-26T19:34:38Z,West Virginia Mountaineers,-127,,20260926193526122038
NCAAF,americanfootball_ncaaf,6c95114d806556a04a0d719e62c042d7,2026-09-26T23:00:00Z,West Virginia Mountaineers,Oklahoma State Cowboys,betrivers,BetRivers,2026-09-26T19:34:38Z,spreads,2026-09-26T19:34:38Z,Oklahoma State Cowboys,-113,2.0,20260926193526122038
NCAAF,americanfootball_ncaaf,6c95114d806556a04a0d719e62c042d7,2026-09-26T23:00:00Z,West Virginia Mountaineers,Oklahoma State Cowboys,betrivers,BetRivers,2026-09-26T19:34:38Z,spreads,2026-09-26T19:34:38Z,West Virginia Mountaineers,-110,-2.0,20260926193526122038
NCAAF,americanfootball_ncaaf,6c95114d806556a04a0d719e62c042d7,2026-09-26T23:00:00Z,West Virginia Mountaineers,Oklahoma State Cowboys,betrivers,BetRivers,2026-09-26T19:34:38Z,totals,2026-09-26T19:34:38Z,Over,-113,60.5,20260926193526122038
NCAAF,americanfootball_ncaaf,6c95114d806556a04a0d719e62c042d7,2026-09-26T23:00:00Z,West Virginia Mountaineers,Oklahoma State Cowboys,betrivers,BetRivers,2026-09-26T19:34:38Z,totals,2026-09-26T19:34:38Z,Under,-110,60.5,20260926193526122038
NCAAF,americanfootball_ncaaf,6c95114d806556a04a0d719e62c042d7,2026-09-26T23:00:00Z,West Virginia Mountaineers,Oklahoma State Cowboys,lowvig,LowVig.ag,2026-09-26T19:34:21Z,h2h,2026-09-26T19:34:21Z,Oklahoma State Cowboys,107,,20260926193526122038
NCAAF,americanfootball_ncaaf,6c95114d806556a04a0d719e62c042d7,2026-09-26T23:00:00Z,West Virginia Mountaineers,Oklahoma State Cowboys,lowvig,LowVig.ag,2026-09-26T19:34:21Z,h2h,2026-09-26T19:34:21Z,West Virginia Mountaineers,-127,,20260926193526122038
NCAAF,americanfootball_ncaaf,6c95114d806556a04a0d719e62c042d7,2026-09-26T23:00:00Z,West Virginia Mountaineers,Oklahoma State Cowboys,lowvig,LowVig.ag,2026-09-26T19:34:21Z,spreads,2026-09-26T19:34:21Z,Oklahoma State Cowboys,-111,2.0,20260926193526122038
NCAAF,americanfootball_ncaaf,6c95114d806556a04a0d719e62c042d7,2026-09-26T23:00:00Z,West Virginia Mountaineers,Oklahoma State Cowboys,lowvig,LowVig.ag,2026-09-26T19:34:21Z,spreads,2026-09-26T19:34:21Z,West Virginia Mountaineers,-101,-2.0,20260926193526122038
NCAAF,americanfootball_ncaaf,6c95114d806556a04a0d719e62c042d7,2026-09-26T23:00:00Z,West Virginia Mountaineers,Oklahoma State Cowboys,lowvig,LowVig.ag,2026-09-26T19:34:21Z,totals,2026-09-26T19:34:21Z,Over,-108,60.0,20260926193526122038
NCAAF,americanfootball_ncaaf,6c95114d806556a04a0d719e62c042d7,2026-09-26T23:00:00Z,West Virginia Mountaineers,Oklahoma State Cowboys,lowvig,LowVig.ag,2026-09-26T19:34:21Z,totals,2026-09-26T19:34:21Z,Under,-108,60.0,20260926193526122038
NCAAF,americanfootball_ncaaf,6c95114d806556a04a0d719e62c042d7,2026-09-26T23:00:00Z,West Virginia Mountaineers,Oklahoma State Cowboys,betonlineag,BetOnline.ag,2026-09-26T19:34:56Z,h2h,2026-09-26T19:34:54Z,Oklahoma State Cowboys,107,,20260926193526122038
NCAAF,americanfootball_ncaaf,6c95114d806556a04a0d719e62c042d7,2026-09-26T23:00:00Z,West Virginia Mountaineers,Oklahoma State Cowboys,betonlineag,BetOnline.ag,2026-09-26T19:34:56Z,h2h,2026-09-26T19:34:54Z,West Virginia Mountaineers,-127,,20260926193526122038
NCAAF,americanfootball_ncaaf,6c95114d806556a04a0d719e62c042d7,2026-09-26T23:00:00Z,West Virginia Mountaineers,Oklahoma State Cowboys,betonlineag,BetOnline.ag,2026-09-26T19:34:56Z,spreads,2026-09-26T19:34:54Z,Oklahoma State Cowboys,-115,2.0,20260926193526122038
NCAAF,americanfootball_ncaaf,6c95114d806556a04a0d719e62c042d7,2026-09-26T23:00:00Z,West Virginia Mountaineers,Oklahoma State Cowboys,betonlineag,BetOnline.ag,2026-09-26T19:34:56Z,spreads,2026-09-26T19:34:54Z,West Virginia Mountaineers,-105,-2.0,20260926193526122038
NCAAF,americanfootball_ncaaf,6c95114d806556a04a0d719e62c042d7,2026-09-26T23:00:00Z,West Virginia Mountaineers,Oklahoma State Cowboys,betonlineag,BetOnline.ag,2026-09-26T19:34:56Z,totals,2026-09-26T19:34:54Z,Over,-110,60.0,20260926193526122038
NCAAF,americanfootball_ncaaf,6c95114d806556a04a0d719e62c042d7,2026-09-26T23:00:00Z,West Virginia Mountaineers,Oklahoma State Cowboys,betonlineag,BetOnline.ag,2026-09-26T19:34:56Z,totals,2026-09-26T19:34:54Z,Under,-110,60.0,20260926193526122038
NCAAF,americanfootball_ncaaf,6c95114d806556a04a0d719e62c042d7,2026-09-26T23:00:00Z,West Virginia Mountaineers,Oklahoma State Cowboys,betus,BetUS,2026-09-26T19:35:13Z,h2h,2026-09-26T19:35:12Z,Oklahoma State Cowboys,110,,20260926193526122038
NCAAF,americanfootball_ncaaf,6c95114d806556a04a0d719e62c042d7,2026-09-26T23:00:00Z,West Virginia Mountaineers,Oklahoma State Cowboys,betus,BetUS,2026-09-26T19:35:13Z,h2h,2026-09-26T19:35:12Z,West Virginia Mountaineers,-130,,20260926193526122038
NCAAF,americanfootball_ncaaf,6c95114d806556a04a0d719e62c042d7,2026-09-26T23:00:00Z,West Virginia Mountaineers,Oklahoma State Cowboys,betus,BetUS,2026-09-26T19:35:13Z,spreads,2026-09-26T19:35:12Z,Oklahoma State Cowboys,-115,2.0,20260926193526122038
NCAAF,americanfootball_ncaaf,6c95114d806556a04a0d719e62c042d7,2026-09-26T23:00:00Z,West Virginia Mountaineers,Oklahoma State Cowboys,betus,BetUS,2026-09-26T19:35:13Z,spreads,2026-09-26T19:35:12Z,West Virginia Mountaineers,-105,-2.0,20260926193526122038
NCAAF,americanfootball_ncaaf,6c95114d806556a04a0d719e62c042d7,2026-09-26T23:00:00Z,West Virginia Mountaineers,Oklahoma State Cowboys,betus,BetUS,2026-09-26T19:35:13Z,totals,2026-09-26T19:35:12Z,Over,-110,60.5,20260926193526122038
NCAAF,americanfootball_ncaaf,6c95114d806556a04a0d719e62c042d7,2026-09-26T23:00:00Z,West Virginia Mountaineers,Oklahoma State Cowboys,betus,BetUS,2026-09-26T19:35:13Z,totals,2026-09-26T19:35:12Z,Under,-110,60.5,20260926193526122038
NCAAF,americanfootball_ncaaf,6c95114d806556a04a0d719e62c042d7,2026-09-26T23:00:00Z,West Virginia Mountaineers,Oklahoma State Cowboys,betmgm,BetMGM,2026-09-26T19:34:43Z,h2h,2026-09-26T19:34:43Z,Oklahoma State Cowboys,105,,20260926193526122038
NCAAF,americanfootball_ncaaf,6c95114d806556a04a0d719e62c042d7,2026-09-26T23:00:00Z,West Virginia Mountaineers,Oklahoma State Cowboys,betmgm,BetMGM,2026-09-26T19:34:43Z,h2h,2026-09-26T19:34:43Z,West Virginia Mountaineers,-125,,20260926193526122038
NCAAF,americanfootball_ncaaf,6c95114d806556a04a0d719e62c042d7,2026-09-26T23:00:00Z,West Virginia Mountaineers,Oklahoma State Cowboys,betmgm,BetMGM,2026-09-26T19:34:43Z,spreads,2026-09-26T19:34:43Z,Oklahoma State Cowboys,-110,2.0,20260926193526122038
NCAAF,americanfootball_ncaaf,6c95114d806556a04a0d719e62c042d7,2026-09-26T23:00:00Z,West Virginia Mountaineers,Oklahoma State Cowboys,betmgm,BetMGM,2026-09-26T19:34:43Z,spreads,2026-09-26T19:34:43Z,West Virginia Mountaineers,-108,-2.0,20260926193526122038
NCAAF,americanfootball_ncaaf,6c95114d806556a04a0d719e62c042d7,2026-09-26T23:00:00Z,West Virginia Mountaineers,Oklahoma State Cowboys,betmgm,BetMGM,2026-09-26T19:34:43Z,totals,2026-09-26T19:34:43Z,Over,-108,60.5,20260926193526122038
NCAAF,americanfootball_ncaaf,6c95114d806556a04a0d719e62c042d7,2026-09-26T23:00:00Z,West Virginia Mountaineers,Oklahoma State Cowboys,betmgm,BetMGM,2026-09-26T19:34:43Z,totals,2026-09-26T19:34:43Z,Under,-110,60.5,20260926193526122038
NCAAF,americanfootball_ncaaf,6c95114d806556a04a0d719e62c042d7,2026-09-26T23:00:00Z,West Virginia Mountaineers,Oklahoma State Cowboys,bovada,Bovada,2026-09-26T19:34:42Z,h2h,2026-09-26T19:34:42Z,Oklahoma State Cowboys,100,,20260926193526122038
NCAAF,americanfootball_ncaaf,6c95114d806556a04a0d719e62c042d7,2026-09-26T23:00:00Z,West Virginia Mountaineers,Oklahoma State Cowboys,bovada,Bovada,2026-09-26T19:34:42Z,h2h,2026-09-26T19:34:42Z,West Virginia Mountaineers,-120,,20260926193526122038
NCAAF,americanfootball_ncaaf,6c95114d806556a04a0d719e62c042d7,2026-09-26T23:00:00Z,West Virginia Mountaineers,Oklahoma State Cowboys,bovada,Bovada,2026-09-26T19:34:42Z,spreads,2026-09-26T19:34:42Z,Oklahoma State Cowboys,-110,1.5,20260926193526122038
NCAAF,americanfootball_ncaaf,6c95114d806556a04a0d719e62c042d7,2026-09-26T23:00:00Z,West Virginia Mountaineers,Oklahoma State Cowboys,bovada,Bovada,2026-09-26T19:34:42Z,spreads,2026-09-26T19:34:42Z,West Virginia Mountaineers,-110,-1.5,20260926193526122038
NCAAF,americanfootball_ncaaf,6c95114d806556a04a0d719e62c042d7,2026-09-26T23:00:00Z,West Virginia Mountaineers,Oklahoma State Cowboys,bovada,Bovada,2026-09-26T19:34:42Z,totals,2026-09-26T19:34:42Z,Over,-110,60.0,20260926193526122038
NCAAF,americanfootball_ncaaf,6c95114d806556a04a0d719e62c042d7,2026-09-26T23:00:00Z,West Virginia Mountaineers,Oklahoma State Cowboys,bovada,Bovada,2026-09-26T19:34:42Z,totals,2026-09-26T19:34:42Z,Under,-110,60.0,20260926193526122038
NCAAF,americanfootball_ncaaf,3281b4e05dfe8a0a41afe9868a9094fa,2026-09-26T23:00:00Z,Tulane Green Wave,Southern Mississippi Golden Eagles,fanduel,FanDuel,2026-09-26T19:35:15Z,h2h,2026-09-26T19:35:15Z,Southern Mississippi Golden Eagles,680,,20260926193526122038
NCAAF,americanfootball_ncaaf,3281b4e05dfe8a0a41afe9868a9094fa,2026-09-26T23:00:00Z,Tulane Green Wave,Southern Mississippi Golden Eagles,fanduel,FanDuel,2026-09-26T19:35:15Z,h2h,2026-09-26T19:35:15Z,Tulane Green Wave,-1100,,20260926193526122038
NCAAF,americanfootball_ncaaf,3281b4e05dfe8a0a41afe9868a9094fa,2026-09-26T23:00:00Z,Tulane Green Wave,Southern Mississippi Golden Eagles,fanduel,FanDuel,2026-09-26T19:35:15Z,spreads,2026-09-26T19:35:15Z,Southern Mississippi Golden Eagles,-112,18.5,20260926193526122038
NCAAF,americanfootball_ncaaf,3281b4e05dfe8a0a41afe9868a9094fa,2026-09-26T23:00:00Z,Tulane Green Wave,Southern Mississippi Golden Eagles,fanduel,FanDuel,2026-09-26T19:35:15Z,spreads,2026-09-26T19:35:15Z,Tulane Green Wave,-108,-18.5,20260926193526122038
NCAAF,americanfootball_ncaaf,3281b4e05dfe8a0a41afe9868a9094fa,2026-09-26T23:00:00Z,Tulane Green Wave,Southern Mississippi Golden Eagles,fanduel,FanDuel,2026-09-26T19:35:15Z,totals,2026-09-26T19:35:15Z,Over,-110,52.5,20260926193526122038
NCAAF,americanfootball_ncaaf,3281b4e05dfe8a0a41afe9868a9094fa,2026-09-26T23:00:00Z,Tulane Green Wave,Southern Mississippi Golden Eagles,fanduel,FanDuel,2026-09-26T19:35:15Z,totals,2026-09-26T19:35:15Z,Under,-110,52.5,20260926193526122038
NCAAF,americanfootball_ncaaf,3281b4e05dfe8a0a41afe9868a9094fa,2026-09-26T23:00:00Z,Tulane Green Wave,Southern Mississippi Golden Eagles,mybookieag,MyBookie.ag,2026-09-26T19:35:13Z,h2h,2026-09-26T19:35:13Z,Southern Mississippi Golden Eagles,630,,20260926193526122038
NCAAF,americanfootball_ncaaf,3281b4e05dfe8a0a41afe9868a9094fa,2026-09-26T23:00:00Z,Tulane Green Wave,Southern Mississippi Golden Eagles,mybookieag,MyBookie.ag,2026-09-26T19:35:13Z,h2h,2026-09-26T19:35:13Z,Tulane Green Wave,-1099,,20260926193526122038
NCAAF,americanfootball_ncaaf,3281b4e05dfe8a0a41afe9868a9094fa,2026-09-26T23:00:00Z,Tulane Green Wave,Southern Mississippi Golden Eagles,mybookieag,MyBookie.ag,2026-09-26T19:35:13Z,spreads,2026-09-26T19:35:13Z,Southern Mississippi Golden Eagles,-110,18.0,20260926193526122038
NCAAF,americanfootball_ncaaf,3281b4e05dfe8a0a41afe9868a9094fa,2026-09-26T23:00:00Z,Tulane Green Wave,Southern Mississippi Golden Eagles,mybookieag,MyBookie.ag,2026-09-26T19:35:13Z,spreads,2026-09-26T19:35:13Z,Tulane Green Wave,-110,-18.0,20260926193526122038
NCAAF,americanfootball_ncaaf,3281b4e05dfe8a0a41afe9868a9094fa,2026-09-26T23:00:00Z,Tulane Green Wave,Southern Mississippi Golden Eagles,mybookieag,MyBookie.ag,2026-09-26T19:35:13Z,totals,2026-09-26T19:35:13Z,Over,-110,52.5,20260926193526122038
NCAAF,americanfootball_ncaaf,3281b4e05dfe8a0a41afe9868a9094fa,2026-09-26T23:00:00Z,Tulane Green Wave,Southern Mississippi Golden Eagles,mybookieag,MyBookie.ag,2026-09-26T19:35:13Z,totals,2026-09-26T19:35:13Z,Under,-110,52.5,20260926193526122038
NCAAF,americanfootball_ncaaf,3281b4e05dfe8a0a41afe9868a9094fa,2026-09-26T23:00:00Z,Tulane Green Wave,Southern Mississippi Golden Eagles,betrivers,BetRivers,2026-09-26T19:34:38Z,h2h,2026-09-26T19:34:38Z,Southern Mississippi Golden Eagles,800,,20260926193526122038
NCAAF,americanfootball_ncaaf,3281b4e05dfe8a0a41afe9868a9094fa,2026-09-26T23:00:00Z,Tulane Green Wave,Southern Mississippi Golden Eagles,betrivers,BetRivers,2026-09-26T19:34:38Z,h2h,2026-09-26T19:34:38Z,Tulane Green Wave,-1667,,20260926193526122038
NCAAF,americanfootball_ncaaf,3281b4e05dfe8a0a41afe9868a9094fa,2026-09-26T23:00:00Z,Tulane Green Wave,Southern Mississippi Golden Eagles,betrivers,BetRivers,2026-09-26T19:34:38Z,spreads,2026-09-26T19:34:38Z,Southern Mississippi Golden Eagles,-112,18.0,20260926193526122038
NCAAF,americanfootball_ncaaf,3281b4e05dfe8a0a41afe9868a9094fa,2026-09-26T23:00:00Z,Tulane Green Wave,Southern Mississippi Golden Eagles,betrivers,BetRivers,2026-09-26T19:34:38Z,spreads,2026-09-26T19:34:38Z,Tulane Green Wave,-110,-18.0,20260926193526122038
NCAAF,americanfootball_ncaaf,3281b4e05dfe8a0a41afe9868a9094fa,2026-09-26T23:00:00Z,Tulane Green Wave,Southern Mississippi Golden Eagles,betrivers,BetRivers,2026-09-26T19:34:38Z,totals,2026-09-26T19:34:38Z,Over,-109,52.5,20260926193526122038
NCAAF,americanfootball_ncaaf,3281b4e05dfe8a0a41afe9868a9094fa,2026-09-26T23:00:00Z,Tulane Green Wave,Southern Mississippi Golden Eagles,betrivers,BetRivers,2026-09-26T19:34:38Z,totals,2026-09-26T19:34:38Z,Under,-118,52.5,20260926193526122038
NCAAF,americanfootball_ncaaf,3281b4e05dfe8a0a41afe9868a9094fa,2026-09-26T23:00:00Z,Tulane Green Wave,Southern Mississippi Golden Eagles,draftkings,DraftKings,2026-09-26T19:34:04Z,h2h,2026-09-26T19:34:04Z,Southern Mississippi Golden Eagles,700,,20260926193526122038
NCAAF,americanfootball_ncaaf,3281b4e05dfe8a0a41afe9868a9094fa,2026-09-26T23:00:00Z,Tulane Green Wave,Southern Mississippi Golden Eagles,draftkings,DraftKings,2026-09-26T19:34:04Z,h2h,2026-09-26T19:34:04Z,Tulane Green Wave,-1100,,20260926193526122038
NCAAF,americanfootball_ncaaf,3281b4e05dfe8a0a41afe9868a9094fa,2026-09-26T23:00:00Z,Tulane Green Wave,Southern Mississippi Golden Eagles,draftkings,DraftKings,2026-09-26T19:34:04Z,spreads,2026-09-26T19:34:04Z,Southern Mississippi Golden Eagles,-105,17.5,20260926193526122038
NCAAF,americanfootball_ncaaf,3281b4e05dfe8a0a41afe9868a9094fa,2026-09-26T23:00:00Z,Tulane Green Wave,Southern Mississippi Golden Eagles,draftkings,DraftKings,2026-09-26T19:34:04Z,spreads,2026-09-26T19:34:04Z,Tulane Green Wave,-115,-17.5,20260926193526122038
NCAAF,americanfootball_ncaaf,3281b4e05dfe8a0a41afe9868a9094fa,2026-09-26T23:00:00Z,Tulane Green Wave,Southern Mississippi Golden Eagles,draftkings,DraftKings,2026-09-26T19:34:04Z,totals,2026-09-26T19:34:04Z,Over,-108,52.5,20260926193526122038
NCAAF,americanfootball_ncaaf,3281b4e05dfe8a0a41afe9868a9094fa,2026-09-26T23:00:00Z,Tulane Green Wave,Southern Mississippi Golden Eagles,draftkings,DraftKings,2026-09-26T19:34:04Z,totals,2026-09-26T19:34:04Z,Under,-112,52.5,20260926193526122038
NCAAF,americanfootball_ncaaf,3281b4e05dfe8a0a41afe9868a9094fa,2026-09-26T23:00:00Z,Tulane Green Wave,Southern Mississippi Golden Eagles,lowvig,LowVig.ag,2026-09-26T19:34:21Z,h2h,2026-09-26T19:34:21Z,Southern Mississippi Golden Eagles,709,,20260926193526122038
NCAAF,americanfootball_ncaaf,3281b4e05dfe8a0a41afe9868a9094fa,2026-09-26T23:00:00Z,Tulane Green Wave,Southern Mississippi Golden Eagles,lowvig,LowVig.ag,2026-09-26T19:34:21Z,h2h,2026-09-26T19:34:21Z,Tulane Green Wave,-1100,,20260926193526122038
NCAAF,americanfootball_ncaaf,3281b4e05dfe8a0a41afe9868a9094fa,2026-09-26T23:00:00Z,Tulane Green Wave,Southern Mississippi Golden Eagles,lowvig,LowVig.ag,2026-09-26T19:34:21Z,spreads,2026-09-26T19:34:21Z,Southern Mississippi Golden Eagles,-106,18.0,20260926193526122038
NCAAF,americanfootball_ncaaf,3281b4e05dfe8a0a41afe9868a9094fa,2026-09-26T23:00:00Z,Tulane Green Wave,Southern Mississippi Golden Eagles,lowvig,LowVig.ag,2026-09-26T19:34:21Z,spreads,2026-09-26T19:34:21Z,Tulane Green Wave,-106,-18.0,20260926193526122038
NCAAF,americanfootball_ncaaf,3281b4e05dfe8a0a41afe9868a9094fa,2026-09-26T23:00:00Z,Tulane Green Wave,Southern Mississippi Golden Eagles,lowvig,LowVig.ag,2026-09-26T19:34:21Z,totals,2026-09-26T19:34:21Z,Over,-108,52.5,20260926193526122038
NCAAF,americanfootball_ncaaf,3281b4e05dfe8a0a41afe9868a9094fa,2026-09-26T23:00:00Z,Tulane Green Wave,Southern Mississippi Golden Eagles,lowvig,LowVig.ag,2026-09-26T19:34:21Z,totals,2026-09-26T19:34:21Z,Under,-108,52.5,20260926193526122038
NCAAF,americanfootball_ncaaf,3281b4e05dfe8a0a41afe9868a9094fa,2026-09-26T23:00:00Z,Tulane Green Wave,Southern Mississippi Golden Eagles,betonlineag,BetOnline.ag,2026-09-26T19:34:56Z,h2h,2026-09-26T19:34:54Z,Southern Mississippi Golden Eagles,709,,20260926193526122038
NCAAF,americanfootball_ncaaf,3281b4e05dfe8a0a41afe9868a9094fa,2026-09-26T23:00:00Z,Tulane Green Wave,Southern Mississippi Golden Eagles,betonlineag,BetOnline.ag,2026-09-26T19:34:56Z,h2h,2026-09-26T19:34:54Z,Tulane Green Wave,-1100,,20260926193526122038
NCAAF,americanfootball_ncaaf,3281b4e05dfe8a0a41afe9868a9094fa,2026-09-26T23:00:00Z,Tulane Green Wave,Southern Mississippi Golden Eagles,betonlineag,BetOnline.ag,2026-09-26T19:34:56Z,spreads,2026-09-26T19:34:54Z,Southern Mississippi Golden Eagles,-110,18.0,20260926193526122038
NCAAF,americanfootball_ncaaf,3281b4e05dfe8a0a41afe9868a9094fa,2026-09-26T23:00:00Z,Tulane Green Wave,Southern Mississippi Golden Eagles,betonlineag,BetOnline.ag,2026-09-26T19:34:56Z,spreads,2026-09-26T19:34:54Z,Tulane Green Wave,-110,-18.0,20260926193526122038
NCAAF,americanfootball_ncaaf,3281b4e05dfe8a0a41afe9868a9094fa,2026-09-26T23:00:00Z,Tulane Green Wave,Southern Mississippi Golden Eagles,betonlineag,BetOnline.ag,2026-09-26T19:34:56Z,totals,2026-09-26T19:34:54Z,Over,-110,52.5,20260926193526122038
NCAAF,americanfootball_ncaaf,3281b4e05dfe8a0a41afe9868a9094fa,2026-09-26T23:00:00Z,Tulane Green Wave,Southern Mississippi Golden Eagles,betonlineag,BetOnline.ag,2026-09-26T19:34:56Z,totals,2026-09-26T19:34:54Z,Under,-110,52.5,20260926193526122038
NCAAF,americanfootball_ncaaf,3281b4e05dfe8a0a41afe9868a9094fa,2026-09-26T23:00:00Z,Tulane Green Wave,Southern Mississippi Golden Eagles,betus,BetUS,2026-09-26T19:35:13Z,h2h,2026-09-26T19:35:13Z,Southern Mississippi Golden Eagles,700,,20260926193526122038
NCAAF,americanfootball_ncaaf,3281b4e05dfe8a0a41afe9868a9094fa,2026-09-26T23:00:00Z,Tulane Green Wave,Southern Mississippi Golden Eagles,betus,BetUS,2026-09-26T19:35:13Z,h2h,2026-09-26T19:35:13Z,Tulane Green Wave,-1100,,20260926193526122038
NCAAF,americanfootball_ncaaf,3281b4e05dfe8a0a41afe9868a9094fa,2026-09-26T23:00:00Z,Tulane Green Wave,Southern Mississippi Golden Eagles,betus,BetUS,2026-09-26T19:35:13Z,spreads,2026-09-26T19:35:13Z,Southern Mississippi Golden Eagles,-110,18.0,20260926193526122038
NCAAF,americanfootball_ncaaf,3281b4e05dfe8a0a41afe9868a9094fa,2026-09-26T23:00:00Z,Tulane Green Wave,Southern Mississippi Golden Eagles,betus,BetUS,2026-09-26T19:35:13Z,spreads,2026-09-26T19:35:13Z,Tulane Green Wave,-110,-18.0,20260926193526122038
NCAAF,americanfootball_ncaaf,3281b4e05dfe8a0a41afe9868a9094fa,2026-09-26T23:00:00Z,Tulane Green Wave,Southern Mississippi Golden Eagles,betus,BetUS,2026-09-26T19:35:13Z,totals,2026-09-26T19:35:13Z,Over,-110,52.5,20260926193526122038
NCAAF,americanfootball_ncaaf,3281b4e05dfe8a0a41afe9868a9094fa,2026-09-26T23:00:00Z,Tulane Green Wave,Southern Mississippi Golden Eagles,betus,BetUS,2026-09-26T19:35:13Z,totals,2026-09-26T19:35:13Z,Under,-110,52.5,20260926193526122038
NCAAF,americanfootball_ncaaf,3281b4e05dfe8a0a41afe9868a9094fa,2026-09-26T23:00:00Z,Tulane Green Wave,Southern Mississippi Golden Eagles,betmgm,BetMGM,2026-09-26T19:34:43Z,h2h,2026-09-26T19:34:43Z,Southern Mississippi Golden Eagles,700,,20260926193526122038
NCAAF,americanfootball_ncaaf,3281b4e05dfe8a0a41afe9868a9094fa,2026-09-26T23:00:00Z,Tulane Green Wave,Southern Mississippi Golden Eagles,betmgm,BetMGM,2026-09-26T19:34:43Z,h2h,2026-09-26T19:34:43Z,Tulane Green Wave,-1000,,20260926193526122038
NCAAF,americanfootball_ncaaf,3281b4e05dfe8a0a41afe9868a9094fa,2026-09-26T23:00:00Z,Tulane Green Wave,Southern Mississippi Golden Eagles,betmgm,BetMGM,2026-09-26T19:34:43Z,spreads,2026-09-26T19:34:43Z,Southern Mississippi Golden Eagles,-110,18.0,20260926193526122038
NCAAF,americanfootball_ncaaf,3281b4e05dfe8a0a41afe9868a9094fa,2026-09-26T23:00:00Z,Tulane Green Wave,Southern Mississippi Golden Eagles,betmgm,BetMGM,2026-09-26T19:34:43Z,spreads,2026-09-26T19:34:43Z,Tulane Green Wave,-108,-18.0,20260926193526122038
NCAAF,americanfootball_ncaaf,3281b4e05dfe8a0a41afe9868a9094fa,2026-09-26T23:00:00Z,Tulane Green Wave,Southern Mississippi Golden Eagles,betmgm,BetMGM,2026-09-26T19:34:43Z,totals,2026-09-26T19:34:43Z,Over,-108,52.5,20260926193526122038
NCAAF,americanfootball_ncaaf,3281b4e05dfe8a0a41afe9868a9094fa,2026-09-26T23:00:00Z,Tulane Green Wave,Southern Mississippi Golden Eagles,betmgm,BetMGM,2026-09-26T19:34:43Z,totals,2026-09-26T19:34:43Z,Under,-110,52.5,20260926193526122038
NCAAF,americanfootball_ncaaf,3281b4e05dfe8a0a41afe9868a9094fa,2026-09-26T23:00:00Z,Tulane Green Wave,Southern Mississippi Golden Eagles,bovada,Bovada,2026-09-26T19:34:42Z,h2h,2026-09-26T19:34:42Z,Southern Mississippi Golden Eagles,650,,20260926193526122038
NCAAF,americanfootball_ncaaf,3281b4e05dfe8a0a41afe9868a9094fa,2026-09-26T23:00:00Z,Tulane Green Wave,Southern Mississippi Golden Eagles,bovada,Bovada,2026-09-26T19:34:42Z,h2h,2026-09-26T19:34:42Z,Tulane Green Wave,-1100,,20260926193526122038
NCAAF,americanfootball_ncaaf,3281b4e05dfe8a0a41afe9868a9094fa,2026-09-26T23:00:00Z,Tulane Green Wave,Southern Mississippi Golden Eagles,bovada,Bovada,2026-09-26T19:34:42Z,spreads,2026-09-26T19:34:42Z,Southern Mississippi Golden Eagles,-110,17.5,20260926193526122038
NCAAF,americanfootball_ncaaf,3281b4e05dfe8a0a41afe9868a9094fa,2026-09-26T23:00:00Z,Tulane Green Wave,Southern Mississippi Golden Eagles,bovada,Bovada,2026-09-26T19:34:42Z,spreads,2026-09-26T19:34:42Z,Tulane Green Wave,-110,-17.5,20260926193526122038
NCAAF,americanfootball_ncaaf,3281b4e05dfe8a0a41afe9868a9094fa,2026-09-26T23:00:00Z,Tulane Green Wave,Southern Mississippi Golden Eagles,bovada,Bovada,2026-09-26T19:34:42Z,totals,2026-09-26T19:34:42Z,Over,-110,52.5,20260926193526122038
NCAAF,americanfootball_ncaaf,3281b4e05dfe8a0a41afe9868a9094fa,2026-09-26T23:00:00Z,Tulane Green Wave,Southern Mississippi Golden Eagles,bovada,Bovada,2026-09-26T19:34:42Z,totals,2026-09-26T19:34:42Z,Under,-110,52.5,20260926193526122038
NCAAF,americanfootball_ncaaf,d4cee1a13bc1d87828ec7809d56b9496,2026-09-26T23:30:00Z,NC State Wolfpack,Appalachian State Mountaineers,fanduel,FanDuel,2026-09-26T19:35:15Z,h2h,2026-09-26T19:35:15Z,Appalachian State Mountaineers,400,,20260926193526122038
NCAAF,americanfootball_ncaaf,d4cee1a13bc1d87828ec7809d56b9496,2026-09-26T23:30:00Z,NC State Wolfpack,Appalachian State Mountaineers,fanduel,FanDuel,2026-09-26T19:35:15Z,h2h,2026-09-26T19:35:15Z,NC State Wolfpack,-550,,20260926193526122038
NCAAF,americanfootball_ncaaf,d4cee1a13bc1d87828ec7809d56b9496,2026-09-26T23:30:00Z,NC State Wolfpack,Appalachian State Mountaineers,fanduel,FanDuel,2026-09-26T19:35:15Z,spreads,2026-09-26T19:35:15Z,Appalachian State Mountaineers,-114,13.5,20260926193526122038
NCAAF,americanfootball_ncaaf,d4cee1a13bc1d87828ec7809d56b9496,2026-09-26T23:30:00Z,NC State Wolfpack,Appalachian State Mountaineers,fanduel,FanDuel,2026-09-26T19:35:15Z,spreads,2026-09-26T19:35:15Z,NC State Wolfpack,-106,-13.5,20260926193526122038
NCAAF,americanfootball_ncaaf,d4cee1a13bc1d87828ec7809d56b9496,2026-09-26T23:30:00Z,NC State Wolfpack,Appalachian State Mountaineers,fanduel,FanDuel,2026-09-26T19:35:15Z,totals,2026-09-26T19:35:15Z,Over,-110,55.5,20260926193526122038
NCAAF,americanfootball_ncaaf,d4cee1a13bc1d87828ec7809d56b9496,2026-09-26T23:30:00Z,NC State Wolfpack,Appalachian State Mountaineers,fanduel,FanDuel,2026-09-26T19:35:15Z,totals,2026-09-26T19:35:15Z,Under,-110,55.5,20260926193526122038
NCAAF,americanfootball_ncaaf,d4cee1a13bc1d87828ec7809d56b9496,2026-09-26T23:30:00Z,NC State Wolfpack,Appalachian State Mountaineers,mybookieag,MyBookie.ag,2026-09-26T19:35:13Z,h2h,2026-09-26T19:35:13Z,Appalachian State Mountaineers,390,,20260926193526122038
NCAAF,americanfootball_ncaaf,d4cee1a13bc1d87828ec7809d56b9496,2026-09-26T23:30:00Z,NC State Wolfpack,Appalachian State Mountaineers,mybookieag,MyBookie.ag,2026-09-26T19:35:13Z,h2h,2026-09-26T19:35:13Z,NC State Wolfpack,-549,,20260926193526122038
NCAAF,americanfootball_ncaaf,d4cee1a13bc1d87828ec7809d56b9496,2026-09-26T23:30:00Z,NC State Wolfpack,Appalachian State Mountaineers,mybookieag,MyBookie.ag,2026-09-26T19:35:13Z,spreads,2026-09-26T19:35:13Z,Appalachian State Mountaineers,-110,13.0,20260926193526122038
NCAAF,americanfootball_ncaaf,d4cee1a13bc1d87828ec7809d56b9496,2026-09-26T23:30:00Z,NC State Wolfpack,Appalachian State Mountaineers,mybookieag,MyBookie.ag,2026-09-26T19:35:13Z,spreads,2026-09-26T19:35:13Z,NC State Wolfpack,-110,-13.0,20260926193526122038
NCAAF,americanfootball_ncaaf,d4cee1a13bc1d87828ec7809d56b9496,2026-09-26T23:30:00Z,NC State Wolfpack,Appalachian State Mountaineers,mybookieag,MyBookie.ag,2026-09-26T19:35:13Z,totals,2026-09-26T19:35:13Z,Over,-110,55.5,20260926193526122038
NCAAF,americanfootball_ncaaf,d4cee1a13bc1d87828ec7809d56b9496,2026-09-26T23:30:00Z,NC State Wolfpack,Appalachian State Mountaineers,mybookieag,MyBookie.ag,2026-09-26T19:35:13Z,totals,2026-09-26T19:35:13Z,Under,-110,55.5,20260926193526122038
NCAAF,americanfootball_ncaaf,d4cee1a13bc1d87828ec7809d56b9496,2026-09-26T23:30:00Z,NC State Wolfpack,Appalachian State Mountaineers,betrivers,BetRivers,2026-09-26T19:34:38Z,h2h,2026-09-26T19:34:38Z,Appalachian State Mountaineers,410,,20260926193526122038
NCAAF,americanfootball_ncaaf,d4cee1a13bc1d87828ec7809d56b9496,2026-09-26T23:30:00Z,NC State Wolfpack,Appalachian State Mountaineers,betrivers,BetRivers,2026-09-26T19:34:38Z,h2h,2026-09-26T19:34:38Z,NC State Wolfpack,-590,,20260926193526122038
NCAAF,americanfootball_ncaaf,d4cee1a13bc1d87828ec7809d56b9496,2026-09-26T23:30:00Z,NC State Wolfpack,Appalachian State Mountaineers,betrivers,BetRivers,2026-09-26T19:34:38Z,spreads,2026-09-26T19:34:38Z,Appalachian State Mountaineers,-110,13.5,20260926193526122038
NCAAF,americanfootball_ncaaf,d4cee1a13bc1d87828ec7809d56b9496,2026-09-26T23:30:00Z,NC State Wolfpack,Appalachian State Mountaineers,betrivers,BetRivers,2026-09-26T19:34:38Z,spreads,2026-09-26T19:34:38Z,NC State Wolfpack,-113,-13.5,20260926193526122038
NCAAF,americanfootball_ncaaf,d4cee1a13bc1d87828ec7809d56b9496,2026-09-26T23:30:00Z,NC State Wolfpack,Appalachian State Mountaineers,betrivers,BetRivers,2026-09-26T19:34:38Z,totals,2026-09-26T19:34:38Z,Over,-112,55.5,20260926193526122038
NCAAF,americanfootball_ncaaf,d4cee1a13bc1d87828ec7809d56b9496,2026-09-26T23:30:00Z,NC State Wolfpack,Appalachian State Mountaineers,betrivers,BetRivers,2026-09-26T19:34:38Z,totals,2026-09-26T19:34:38Z,Under,-112,55.5,20260926193526122038
NCAAF,americanfootball_ncaaf,d4cee1a13bc1d87828ec7809d56b9496,2026-09-26T23:30:00Z,NC State Wolfpack,Appalachian State Mountaineers,draftkings,DraftKings,2026-09-26T19:34:04Z,h2h,2026-09-26T19:34:04Z,Appalachian State Mountaineers,400,,20260926193526122038
NCAAF,americanfootball_ncaaf,d4cee1a13bc1d87828ec7809d56b9496,2026-09-26T23:30:00Z,NC State Wolfpack,Appalachian State Mountaineers,draftkings,DraftKings,2026-09-26T19:34:04Z,h2h,2026-09-26T19:34:04Z,NC State Wolfpack,-535,,20260926193526122038
NCAAF,americanfootball_ncaaf,d4cee1a13bc1d87828ec7809d56b9496,2026-09-26T23:30:00Z,NC State Wolfpack,Appalachian State Mountaineers,draftkings,DraftKings,2026-09-26T19:34:04Z,spreads,2026-09-26T19:34:04Z,Appalachian State Mountaineers,-108,12.5,20260926193526122038
NCAAF,americanfootball_ncaaf,d4cee1a13bc1d87828ec7809d56b9496,2026-09-26T23:30:00Z,NC State Wolfpack,Appalachian State Mountaineers,draftkings,DraftKings,2026-09-26T19:34:04Z,spreads,2026-09-26T19:34:04Z,NC State Wolfpack,-112,-12.5,20260926193526122038
NCAAF,americanfootball_ncaaf,d4cee1a13bc1d87828ec7809d56b9496,2026-09-26T23:30:00Z,NC State Wolfpack,Appalachian State Mountaineers,draftkings,DraftKings,2026-09-26T19:34:04Z,totals,2026-09-26T19:34:04Z,Over,-110,55.5,20260926193526122038
NCAAF,americanfootball_ncaaf,d4cee1a13bc1d87828ec7809d56b9496,2026-09-26T23:30:00Z,NC State Wolfpack,Appalachian State Mountaineers,draftkings,DraftKings,2026-09-26T19:34:04Z,totals,2026-09-26T19:34:04Z,Under,-110,55.5,20260926193526122038
NCAAF,americanfootball_ncaaf,d4cee1a13bc1d87828ec7809d56b9496,2026-09-26T23:30:00Z,NC State Wolfpack,Appalachian State Mountaineers,betonlineag,BetOnline.ag,2026-09-26T19:34:56Z,h2h,2026-09-26T19:34:54Z,Appalachian State Mountaineers,400,,20260926193526122038
NCAAF,americanfootball_ncaaf,d4cee1a13bc1d87828ec7809d56b9496,2026-09-26T23:30:00Z,NC State Wolfpack,Appalachian State Mountaineers,betonlineag,BetOnline.ag,2026-09-26T19:34:56Z,h2h,2026-09-26T19:34:54Z,NC State Wolfpack,-525,,20260926193526122038
NCAAF,americanfootball_ncaaf,d4cee1a13bc1d87828ec7809d56b9496,2026-09-26T23:30:00Z,NC State Wolfpack,Appalachian State Mountaineers,betonlineag,BetOnline.ag,2026-09-26T19:34:56Z,spreads,2026-09-26T19:34:54Z,Appalachian State Mountaineers,-110,13.0,20260926193526122038
NCAAF,americanfootball_ncaaf,d4cee1a13bc1d87828ec7809d56b9496,2026-09-26T23:30:00Z,NC State Wolfpack,Appalachian State Mountaineers,betonlineag,BetOnline.ag,2026-09-26T19:34:56Z,spreads,2026-09-26T19:34:54Z,NC State Wolfpack,-110,-13.0,20260926193526122038
NCAAF,americanfootball_ncaaf,d4cee1a13bc1d87828ec7809d56b9496,2026-09-26T23:30:00Z,NC State Wolfpack,Appalachian State Mountaineers,betonlineag,BetOnline.ag,2026-09-26T19:34:56Z,totals,2026-09-26T19:34:54Z,Over,-110,55.5,20260926193526122038
NCAAF,americanfootball_ncaaf,d4cee1a13bc1d87828ec7809d56b9496,2026-09-26T23:30:00Z,NC State Wolfpack,Appalachian State Mountaineers,betonlineag,BetOnline.ag,2026-09-26T19:34:56Z,totals,2026-09-26T19:34:54Z,Under,-110,55.5,20260926193526122038
NCAAF,americanfootball_ncaaf,d4cee1a13bc1d87828ec7809d56b9496,2026-09-26T23:30:00Z,NC State Wolfpack,Appalachian State Mountaineers,lowvig,LowVig.ag,2026-09-26T19:34:21Z,h2h,2026-09-26T19:34:21Z,Appalachian State Mountaineers,400,,20260926193526122038
NCAAF,americanfootball_ncaaf,d4cee1a13bc1d87828ec7809d56b9496,2026-09-26T23:30:00Z,NC State Wolfpack,Appalachian State Mountaineers,lowvig,LowVig.ag,2026-09-26T19:34:21Z,h2h,2026-09-26T19:34:21Z,NC State Wolfpack,-525,,20260926193526122038
NCAAF,americanfootball_ncaaf,d4cee1a13bc1d87828ec7809d56b9496,2026-09-26T23:30:00Z,NC State Wolfpack,Appalachian State Mountaineers,lowvig,LowVig.ag,2026-09-26T19:34:21Z,spreads,2026-09-26T19:34:21Z,Appalachian State Mountaineers,-104,13.0,20260926193526122038
NCAAF,americanfootball_ncaaf,d4cee1a13bc1d87828ec7809d56b9496,2026-09-26T23:30:00Z,NC State Wolfpack,Appalachian State Mountaineers,lowvig,LowVig.ag,2026-09-26T19:34:21Z,spreads,2026-09-26T19:34:21Z,NC State Wolfpack,-108,-13.0,20260926193526122038
NCAAF,americanfootball_ncaaf,d4cee1a13bc1d87828ec7809d56b9496,2026-09-26T23:30:00Z,NC State Wolfpack,Appalachian State Mountaineers,lowvig,LowVig.ag,2026-09-26T19:34:21Z,totals,2026-09-26T19:34:21Z,Over,-108,55.5,20260926193526122038
NCAAF,americanfootball_ncaaf,d4cee1a13bc1d87828ec7809d56b9496,2026-09-26T23:30:00Z,NC State Wolfpack,Appalachian State Mountaineers,lowvig,LowVig.ag,2026-09-26T19:34:21Z,totals,2026-09-26T19:34:21Z,Under,-108,55.5,20260926193526122038
NCAAF,americanfootball_ncaaf,d4cee1a13bc1d87828ec7809d56b9496,2026-09-26T23:30:00Z,NC State Wolfpack,Appalachian State Mountaineers,betmgm,BetMGM,2026-09-26T19:34:43Z,h2h,2026-09-26T19:34:43Z,Appalachian State Mountaineers,400,,20260926193526122038
NCAAF,americanfootball_ncaaf,d4cee1a13bc1d87828ec7809d56b9496,2026-09-26T23:30:00Z,NC State Wolfpack,Appalachian State Mountaineers,betmgm,BetMGM,2026-09-26T19:34:43Z,h2h,2026-09-26T19:34:43Z,NC State Wolfpack,-525,,20260926193526122038
NCAAF,americanfootball_ncaaf,d4cee1a13bc1d87828ec7809d56b9496,2026-09-26T23:30:00Z,NC State Wolfpack,Appalachian State Mountaineers,betmgm,BetMGM,2026-09-26T19:34:43Z,spreads,2026-09-26T19:34:43Z,Appalachian State Mountaineers,-110,13.0,20260926193526122038
NCAAF,americanfootball_ncaaf,d4cee1a13bc1d87828ec7809d56b9496,2026-09-26T23:30:00Z,NC State Wolfpack,Appalachian State Mountaineers,betmgm,BetMGM,2026-09-26T19:34:43Z,spreads,2026-09-26T19:34:43Z,NC State Wolfpack,-108,-13.0,20260926193526122038
NCAAF,americanfootball_ncaaf,d4cee1a13bc1d87828ec7809d56b9496,2026-09-26T23:30:00Z,NC State Wolfpack,Appalachian State Mountaineers,betmgm,BetMGM,2026-09-26T19:34:43Z,totals,2026-09-26T19:34:43Z,Over,-110,55.5,20260926193526122038
NCAAF,americanfootball_ncaaf,d4cee1a13bc1d87828ec7809d56b9496,2026-09-26T23:30:00Z,NC State Wolfpack,Appalachian State Mountaineers,betmgm,BetMGM,2026-09-26T19:34:43Z,totals,2026-09-26T19:34:43Z,Under,-108,55.5,20260926193526122038
NCAAF,americanfootball_ncaaf,d4cee1a13bc1d87828ec7809d56b9496,2026-09-26T23:30:00Z,NC State Wolfpack,Appalachian State Mountaineers,betus,BetUS,2026-09-26T19:35:13Z,h2h,2026-09-26T19:35:12Z,Appalachian State Mountaineers,405,,20260926193526122038
NCAAF,americanfootball_ncaaf,d4cee1a13bc1d87828ec7809d56b9496,2026-09-26T23:30:00Z,NC State Wolfpack,Appalachian State Mountaineers,betus,BetUS,2026-09-26T19:35:13Z,h2h,2026-09-26T19:35:12Z,NC State Wolfpack,-525,,20260926193526122038
NCAAF,americanfootball_ncaaf,d4cee1a13bc1d87828ec7809d56b9496,2026-09-26T23:30:00Z,NC State Wolfpack,Appalachian State Mountaineers,betus,BetUS,2026-09-26T19:35:13Z,spreads,2026-09-26T19:35:12Z,Appalachian State Mountaineers,-110,13.0,20260926193526122038
NCAAF,americanfootball_ncaaf,d4cee1a13bc1d87828ec7809d56b9496,2026-09-26T23:30:00Z,NC State Wolfpack,Appalachian State Mountaineers,betus,BetUS,2026-09-26T19:35:13Z,spreads,2026-09-26T19:35:12Z,NC State Wolfpack,-110,-13.0,20260926193526122038
NCAAF,americanfootball_ncaaf,d4cee1a13bc1d87828ec7809d56b9496,2026-09-26T23:30:00Z,NC State Wolfpack,Appalachian State Mountaineers,betus,BetUS,2026-09-26T19:35:13Z,totals,2026-09-26T19:35:12Z,Over,-110,55.5,20260926193526122038
NCAAF,americanfootball_ncaaf,d4cee1a13bc1d87828ec7809d56b9496,2026-09-26T23:30:00Z,NC State Wolfpack,Appalachian State Mountaineers,betus,BetUS,2026-09-26T19:35:13Z,totals,2026-09-26T19:35:12Z,Under,-110,55.5,20260926193526122038
NCAAF,americanfootball_ncaaf,d4cee1a13bc1d87828ec7809d56b9496,2026-09-26T23:30:00Z,NC State Wolfpack,Appalachian State Mountaineers,bovada,Bovada,2026-09-26T19:34:42Z,h2h,2026-09-26T19:34:42Z,Appalachian State Mountaineers,390,,20260926193526122038
NCAAF,americanfootball_ncaaf,d4cee1a13bc1d87828ec7809d56b9496,2026-09-26T23:30:00Z,NC State Wolfpack,Appalachian State Mountaineers,bovada,Bovada,2026-09-26T19:34:42Z,h2h,2026-09-26T19:34:42Z,NC State Wolfpack,-550,,20260926193526122038
NCAAF,americanfootball_ncaaf,d4cee1a13bc1d87828ec7809d56b9496,2026-09-26T23:30:00Z,NC State Wolfpack,Appalachian State Mountaineers,bovada,Bovada,2026-09-26T19:34:42Z,spreads,2026-09-26T19:34:42Z,Appalachian State Mountaineers,-105,12.5,20260926193526122038
NCAAF,americanfootball_ncaaf,d4cee1a13bc1d87828ec7809d56b9496,2026-09-26T23:30:00Z,NC State Wolfpack,Appalachian State Mountaineers,bovada,Bovada,2026-09-26T19:34:42Z,spreads,2026-09-26T19:34:42Z,NC State Wolfpack,-115,-12.5,20260926193526122038
NCAAF,americanfootball_ncaaf,d4cee1a13bc1d87828ec7809d56b9496,2026-09-26T23:30:00Z,NC State Wolfpack,Appalachian State Mountaineers,bovada,Bovada,2026-09-26T19:34:42Z,totals,2026-09-26T19:34:42Z,Over,-110,55.5,20260926193526122038
NCAAF,americanfootball_ncaaf,d4cee1a13bc1d87828ec7809d56b9496,2026-09-26T23:30:00Z,NC State Wolfpack,Appalachian State Mountaineers,bovada,Bovada,2026-09-26T19:34:42Z,totals,2026-09-26T19:34:42Z,Under,-110,55.5,20260926193526122038
NCAAF,americanfootball_ncaaf,b8ee197b0b6ebb070f0f4b4a94a31bae,2026-09-26T23:30:00Z,Washington State Cougars,Arizona Wildcats,fanduel,FanDuel,2026-09-26T19:35:15Z,h2h,2026-09-26T19:35:15Z,Arizona Wildcats,-430,,20260926193526122038
NCAAF,americanfootball_ncaaf,b8ee197b0b6ebb070f0f4b4a94a31bae,2026-09-26T23:30:00Z,Washington State Cougars,Arizona Wildcats,fanduel,FanDuel,2026-09-26T19:35:15Z,h2h,2026-09-26T19:35:15Z,Washington State Cougars,330,,20260926193526122038
NCAAF,americanfootball_ncaaf,b8ee197b0b6ebb070f0f4b4a94a31bae,2026-09-26T23:30:00Z,Washington State Cougars,Arizona Wildcats,fanduel,FanDuel,2026-09-26T19:35:15Z,spreads,2026-09-26T19:35:15Z,Arizona Wildcats,-110,-10.5,20260926193526122038
NCAAF,americanfootball_ncaaf,b8ee197b0b6ebb070f0f4b4a94a31bae,2026-09-26T23:30:00Z,Washington State Cougars,Arizona Wildcats,fanduel,FanDuel,2026-09-26T19:35:15Z,spreads,2026-09-26T19:35:15Z,Washington State Cougars,-110,10.5,20260926193526122038
NCAAF,americanfootball_ncaaf,b8ee197b0b6ebb070f0f4b4a94a31bae,2026-09-26T23:30:00Z,Washington State Cougars,Arizona Wildcats,fanduel,FanDuel,2026-09-26T19:35:15Z,totals,2026-09-26T19:35:15Z,Over,-106,48.5,20260926193526122038
NCAAF,americanfootball_ncaaf,b8ee197b0b6ebb070f0f4b4a94a31bae,2026-09-26T23:30:00Z,Washington State Cougars,Arizona Wildcats,fanduel,FanDuel,2026-09-26T19:35:15Z,totals,2026-09-26T19:35:15Z,Under,-114,48.5,20260926193526122038
NCAAF,americanfootball_ncaaf,b8ee197b0b6ebb070f0f4b4a94a31bae,2026-09-26T23:30:00Z,Washington State Cougars,Arizona Wildcats,mybookieag,MyBookie.ag,2026-09-26T19:35:13Z,h2h,2026-09-26T19:35:13Z,Arizona Wildcats,-463,,20260926193526122038
NCAAF,americanfootball_ncaaf,b8ee197b0b6ebb070f0f4b4a94a31bae,2026-09-26T23:30:00Z,Washington State Cougars,Arizona Wildcats,mybookieag,MyBookie.ag,2026-09-26T19:35:13Z,h2h,2026-09-26T19:35:13Z,Washington State Cougars,338,,20260926193526122038
NCAAF,americanfootball_ncaaf,b8ee197b0b6ebb070f0f4b4a94a31bae,2026-09-26T23:30:00Z,Washington State Cougars,Arizona Wildcats,mybookieag,MyBookie.ag,2026-09-26T19:35:13Z,spreads,2026-09-26T19:35:13Z,Arizona Wildcats,-110,-11.0,20260926193526122038
NCAAF,americanfootball_ncaaf,b8ee197b0b6ebb070f0f4b4a94a31bae,2026-09-26T23:30:00Z,Washington State Cougars,Arizona Wildcats,mybookieag,MyBookie.ag,2026-09-26T19:35:13Z,spreads,2026-09-26T19:35:13Z,Washington State Cougars,-110,11.0,20260926193526122038
NCAAF,americanfootball_ncaaf,b8ee197b0b6ebb070f0f4b4a94a31bae,2026-09-26T23:30:00Z,Washington State Cougars,Arizona Wildcats,mybookieag,MyBookie.ag,2026-09-26T19:35:13Z,totals,2026-09-26T19:35:13Z,Over,-110,48.0,20260926193526122038
NCAAF,americanfootball_ncaaf,b8ee197b0b6ebb070f0f4b4a94a31bae,2026-09-26T23:30:00Z,Washington State Cougars,Arizona Wildcats,mybookieag,MyBookie.ag,2026-09-26T19:35:13Z,totals,2026-09-26T19:35:13Z,Under,-110,48.0,20260926193526122038
NCAAF,americanfootball_ncaaf,b8ee197b0b6ebb070f0f4b4a94a31bae,2026-09-26T23:30:00Z,Washington State Cougars,Arizona Wildcats,betrivers,BetRivers,2026-09-26T19:34:38Z,h2h,2026-09-26T19:34:38Z,Arizona Wildcats,-435,,20260926193526122038
NCAAF,americanfootball_ncaaf,b8ee197b0b6ebb070f0f4b4a94a31bae,2026-09-26T23:30:00Z,Washington State Cougars,Arizona Wildcats,betrivers,BetRivers,2026-09-26T19:34:38Z,h2h,2026-09-26T19:34:38Z,Washington State Cougars,310,,20260926193526122038
NCAAF,americanfootball_ncaaf,b8ee197b0b6ebb070f0f4b4a94a31bae,2026-09-26T23:30:00Z,Washington State Cougars,Arizona Wildcats,betrivers,BetRivers,2026-09-26T19:34:38Z,spreads,2026-09-26T19:34:38Z,Arizona Wildcats,-112,-10.5,20260926193526122038
NCAAF,americanfootball_ncaaf,b8ee197b0b6ebb070f0f4b4a94a31bae,2026-09-26T23:30:00Z,Washington State Cougars,Arizona Wildcats,betrivers,BetRivers,2026-09-26T19:34:38Z,spreads,2026-09-26T19:34:38Z,Washington State Cougars,-112,10.5,20260926193526122038
NCAAF,americanfootball_ncaaf,b8ee197b0b6ebb070f0f4b4a94a31bae,2026-09-26T23:30:00Z,Washington State Cougars,Arizona Wildcats,betrivers,BetRivers,2026-09-26T19:34:38Z,totals,2026-09-26T19:34:38Z,Over,-113,47.5,20260926193526122038
NCAAF,americanfootball_ncaaf,b8ee197b0b6ebb070f0f4b4a94a31bae,2026-09-26T23:30:00Z,Washington State Cougars,Arizona Wildcats,betrivers,BetRivers,2026-09-26T19:34:38Z,totals,2026-09-26T19:34:38Z,Under,-110,47.5,20260926193526122038
NCAAF,americanfootball_ncaaf,b8ee197b0b6ebb070f0f4b4a94a31bae,2026-09-26T23:30:00Z,Washington State Cougars,Arizona Wildcats,draftkings,DraftKings,2026-09-26T19:34:04Z,h2h,2026-09-26T19:34:04Z,Arizona Wildcats,-410,,20260926193526122038
NCAAF,americanfootball_ncaaf,b8ee197b0b6ebb070f0f4b4a94a31bae,2026-09-26T23:30:00Z,Washington State Cougars,Arizona Wildcats,draftkings,DraftKings,2026-09-26T19:34:04Z,h2h,2026-09-26T19:34:04Z,Washington State Cougars,320,,20260926193526122038
NCAAF,americanfootball_ncaaf,b8ee197b0b6ebb070f0f4b4a94a31bae,2026-09-26T23:30:00Z,Washington State Cougars,Arizona Wildcats,draftkings,DraftKings,2026-09-26T19:34:04Z,spreads,2026-09-26T19:34:04Z,Arizona Wildcats,-110,-10.5,20260926193526122038
NCAAF,americanfootball_ncaaf,b8ee197b0b6ebb070f0f4b4a94a31bae,2026-09-26T23:30:00Z,Washington State Cougars,Arizona Wildcats,draftkings,DraftKings,2026-09-26T19:34:04Z,spreads,2026-09-26T19:34:04Z,Washington State Cougars,-110,10.5,20260926193526122038
NCAAF,americanfootball_ncaaf,b8ee197b0b6ebb070f0f4b4a94a31bae,2026-09-26T23:30:00Z,Washington State Cougars,Arizona Wildcats,draftkings,DraftKings,2026-09-26T19:34:04Z,totals,2026-09-26T19:34:04Z,Over,-105,48.5,20260926193526122038
NCAAF,americanfootball_ncaaf,b8ee197b0b6ebb070f0f4b4a94a31bae,2026-09-26T23:30:00Z,Washington State Cougars,Arizona Wildcats,draftkings,DraftKings,2026-09-26T19:34:04Z,totals,2026-09-26T19:34:04Z,Under,-115,48.5,20260926193526122038
NCAAF,americanfootball_ncaaf,b8ee197b0b6ebb070f0f4b4a94a31bae,2026-09-26T23:30:00Z,Washington State Cougars,Arizona Wildcats,lowvig,LowVig.ag,2026-09-26T19:34:21Z,h2h,2026-09-26T19:34:21Z,Arizona Wildcats,-415,,20260926193526122038
NCAAF,americanfootball_ncaaf,b8ee197b0b6ebb070f0f4b4a94a31bae,2026-09-26T23:30:00Z,Washington State Cougars,Arizona Wildcats,lowvig,LowVig.ag,2026-09-26T19:34:21Z,h2h,2026-09-26T19:34:21Z,Washington State Cougars,327,,20260926193526122038
NCAAF,americanfootball_ncaaf,b8ee197b0b6ebb070f0f4b4a94a31bae,2026-09-26T23:30:00Z,Washington State Cougars,Arizona Wildcats,lowvig,LowVig.ag,2026-09-26T19:34:21Z,spreads,2026-09-26T19:34:21Z,Arizona Wildcats,-111,-10.5,20260926193526122038
NCAAF,americanfootball_ncaaf,b8ee197b0b6ebb070f0f4b4a94a31bae,2026-09-26T23:30:00Z,Washington State Cougars,Arizona Wildcats,lowvig,LowVig.ag,2026-09-26T19:34:21Z,spreads,2026-09-26T19:34:21Z,Washington State Cougars,-101,10.5,20260926193526122038
NCAAF,americanfootball_ncaaf,b8ee197b0b6ebb070f0f4b4a94a31bae,2026-09-26T23:30:00Z,Washington State Cougars,Arizona Wildcats,lowvig,LowVig.ag,2026-09-26T19:34:21Z,totals,2026-09-26T19:34:21Z,Over,-114,48.0,20260926193526122038
NCAAF,americanfootball_ncaaf,b8ee197b0b6ebb070f0f4b4a94a31bae,2026-09-26T23:30:00Z,Washington State Cougars,Arizona Wildcats,lowvig,LowVig.ag,2026-09-26T19:34:21Z,totals,2026-09-26T19:34:21Z,Under,-103,48.0,20260926193526122038
NCAAF,americanfootball_ncaaf,b8ee197b0b6ebb070f0f4b4a94a31bae,2026-09-26T23:30:00Z,Washington State Cougars,Arizona Wildcats,betonlineag,BetOnline.ag,2026-09-26T19:34:56Z,h2h,2026-09-26T19:34:54Z,Arizona Wildcats,-415,,20260926193526122038
NCAAF,americanfootball_ncaaf,b8ee197b0b6ebb070f0f4b4a94a31bae,2026-09-26T23:30:00Z,Washington State Cougars,Arizona Wildcats,betonlineag,BetOnline.ag,2026-09-26T19:34:56Z,h2h,2026-09-26T19:34:54Z,Washington State Cougars,327,,20260926193526122038
NCAAF,americanfootball_ncaaf,b8ee197b0b6ebb070f0f4b4a94a31bae,2026-09-26T23:30:00Z,Washington State Cougars,Arizona Wildcats,betonlineag,BetOnline.ag,2026-09-26T19:34:56Z,spreads,2026-09-26T19:34:54Z,Arizona Wildcats,-115,-10.5,20260926193526122038
NCAAF,americanfootball_ncaaf,b8ee197b0b6ebb070f0f4b4a94a31bae,2026-09-26T23:30:00Z,Washington State Cougars,Arizona Wildcats,betonlineag,BetOnline.ag,2026-09-26T19:34:56Z,spreads,2026-09-26T19:34:54Z,Washington State Cougars,-105,10.5,20260926193526122038
NCAAF,americanfootball_ncaaf,b8ee197b0b6ebb070f0f4b4a94a31bae,2026-09-26T23:30:00Z,Washington State Cougars,Arizona Wildcats,betonlineag,BetOnline.ag,2026-09-26T19:34:56Z,totals,2026-09-26T19:34:54Z,Over,-115,48.0,20260926193526122038
NCAAF,americanfootball_ncaaf,b8ee197b0b6ebb070f0f4b4a94a31bae,2026-09-26T23:30:00Z,Washington State Cougars,Arizona Wildcats,betonlineag,BetOnline.ag,2026-09-26T19:34:56Z,totals,2026-09-26T19:34:54Z,Under,-105,48.0,20260926193526122038
NCAAF,americanfootball_ncaaf,b8ee197b0b6ebb070f0f4b4a94a31bae,2026-09-26T23:30:00Z,Washington State Cougars,Arizona Wildcats,betmgm,BetMGM,2026-09-26T19:34:43Z,h2h,2026-09-26T19:34:43Z,Arizona Wildcats,-425,,20260926193526122038
NCAAF,americanfootball_ncaaf,b8ee197b0b6ebb070f0f4b4a94a31bae,2026-09-26T23:30:00Z,Washington State Cougars,Arizona Wildcats,betmgm,BetMGM,2026-09-26T19:34:43Z,h2h,2026-09-26T19:34:43Z,Washington State Cougars,320,,20260926193526122038
NCAAF,americanfootball_ncaaf,b8ee197b0b6ebb070f0f4b4a94a31bae,2026-09-26T23:30:00Z,Washington State Cougars,Arizona Wildcats,betmgm,BetMGM,2026-09-26T19:34:43Z,spreads,2026-09-26T19:34:43Z,Arizona Wildcats,-112,-11.0,20260926193526122038
NCAAF,americanfootball_ncaaf,b8ee197b0b6ebb070f0f4b4a94a31bae,2026-09-26T23:30:00Z,Washington State Cougars,Arizona Wildcats,betmgm,BetMGM,2026-09-26T19:34:43Z,spreads,2026-09-26T19:34:43Z,Washington State Cougars,-118,11.0,20260926193526122038
NCAAF,americanfootball_ncaaf,b8ee197b0b6ebb070f0f4b4a94a31bae,2026-09-26T23:30:00Z,Washington State Cougars,Arizona Wildcats,betmgm,BetMGM,2026-09-26T19:34:43Z,totals,2026-09-26T19:34:43Z,Over,-105,48.5,20260926193526122038
NCAAF,americanfootball_ncaaf,b8ee197b0b6ebb070f0f4b4a94a31bae,2026-09-26T23:30:00Z,Washington State Cougars,Arizona Wildcats,betmgm,BetMGM,2026-09-26T19:34:43Z,totals,2026-09-26T19:34:43Z,Under,-115,48.5,20260926193526122038
NCAAF,americanfootball_ncaaf,b8ee197b0b6ebb070f0f4b4a94a31bae,2026-09-26T23:30:00Z,Washington State Cougars,Arizona Wildcats,betus,BetUS,2026-09-26T19:35:13Z,h2h,2026-09-26T19:35:13Z,Arizona Wildcats,-415,,20260926193526122038
NCAAF,americanfootball_ncaaf,b8ee197b0b6ebb070f0f4b4a94a31bae,2026-09-26T23:30:00Z,Washington State Cougars,Arizona Wildcats,betus,BetUS,2026-09-26T19:35:13Z,h2h,2026-09-26T19:35:13Z,Washington State Cougars,330,,20260926193526122038
NCAAF,americanfootball_ncaaf,b8ee197b0b6ebb070f0f4b4a94a31bae,2026-09-26T23:30:00Z,Washington State Cougars,Arizona Wildcats,betus,BetUS,2026-09-26T19:35:13Z,spreads,2026-09-26T19:35:13Z,Arizona Wildcats,-110,-10.5,20260926193526122038
NCAAF,americanfootball_ncaaf,b8ee197b0b6ebb070f0f4b4a94a31bae,2026-09-26T23:30:00Z,Washington State Cougars,Arizona Wildcats,betus,BetUS,2026-09-26T19:35:13Z,spreads,2026-09-26T19:35:13Z,Washington State Cougars,-110,10.5,20260926193526122038
NCAAF,americanfootball_ncaaf,b8ee197b0b6ebb070f0f4b4a94a31bae,2026-09-26T23:30:00Z,Washington State Cougars,Arizona Wildcats,betus,BetUS,2026-09-26T19:35:13Z,totals,2026-09-26T19:35:13Z,Over,-115,48.0,20260926193526122038
NCAAF,americanfootball_ncaaf,b8ee197b0b6ebb070f0f4b4a94a31bae,2026-09-26T23:30:00Z,Washington State Cougars,Arizona Wildcats,betus,BetUS,2026-09-26T19:35:13Z,totals,2026-09-26T19:35:13Z,Under,-105,48.0,20260926193526122038
NCAAF,americanfootball_ncaaf,b8ee197b0b6ebb070f0f4b4a94a31bae,2026-09-26T23:30:00Z,Washington State Cougars,Arizona Wildcats,bovada,Bovada,2026-09-26T19:34:42Z,h2h,2026-09-26T19:34:42Z,Arizona Wildcats,-480,,20260926193526122038
NCAAF,americanfootball_ncaaf,b8ee197b0b6ebb070f0f4b4a94a31bae,2026-09-26T23:30:00Z,Washington State Cougars,Arizona Wildcats,bovada,Bovada,2026-09-26T19:34:42Z,h2h,2026-09-26T19:34:42Z,Washington State Cougars,350,,20260926193526122038
NCAAF,americanfootball_ncaaf,b8ee197b0b6ebb070f0f4b4a94a31bae,2026-09-26T23:30:00Z,Washington State Cougars,Arizona Wildcats,bovada,Bovada,2026-09-26T19:34:42Z,spreads,2026-09-26T19:34:42Z,Arizona Wildcats,-110,-11.0,20260926193526122038
NCAAF,americanfootball_ncaaf,b8ee197b0b6ebb070f0f4b4a94a31bae,2026-09-26T23:30:00Z,Washington State Cougars,Arizona Wildcats,bovada,Bovada,2026-09-26T19:34:42Z,spreads,2026-09-26T19:34:42Z,Washington State Cougars,-110,11.0,20260926193526122038
NCAAF,americanfootball_ncaaf,b8ee197b0b6ebb070f0f4b4a94a31bae,2026-09-26T23:30:00Z,Washington State Cougars,Arizona Wildcats,bovada,Bovada,2026-09-26T19:34:42Z,totals,2026-09-26T19:34:42Z,Over,-115,48.0,20260926193526122038
NCAAF,americanfootball_ncaaf,b8ee197b0b6ebb070f0f4b4a94a31bae,2026-09-26T23:30:00Z,Washington State Cougars,Arizona Wildcats,bovada,Bovada,2026-09-26T19:34:42Z,totals,2026-09-26T19:34:42Z,Under,-105,48.0,20260926193526122038
NCAAF,americanfootball_ncaaf,bbaf150e48844a489d679cb09de02aa9,2026-09-26T23:30:00Z,North Texas Mean Green,Houston Baptist Huskies,fanduel,FanDuel,2026-09-26T19:35:15Z,spreads,2026-09-26T19:35:15Z,Houston Baptist Huskies,-110,38.5,20260926193526122038
NCAAF,americanfootball_ncaaf,bbaf150e48844a489d679cb09de02aa9,2026-09-26T23:30:00Z,North Texas Mean Green,Houston Baptist Huskies,fanduel,FanDuel,2026-09-26T19:35:15Z,spreads,2026-09-26T19:35:15Z,North Texas Mean Green,-110,-38.5,20260926193526122038
NCAAF,americanfootball_ncaaf,bbaf150e48844a489d679cb09de02aa9,2026-09-26T23:30:00Z,North Texas Mean Green,Houston Baptist Huskies,fanduel,FanDuel,2026-09-26T19:35:15Z,totals,2026-09-26T19:35:15Z,Over,-112,60.5,20260926193526122038
NCAAF,americanfootball_ncaaf,bbaf150e48844a489d679cb09de02aa9,2026-09-26T23:30:00Z,North Texas Mean Green,Houston Baptist Huskies,fanduel,FanDuel,2026-09-26T19:35:15Z,totals,2026-09-26T19:35:15Z,Under,-108,60.5,20260926193526122038
NCAAF,americanfootball_ncaaf,bbaf150e48844a489d679cb09de02aa9,2026-09-26T23:30:00Z,North Texas Mean Green,Houston Baptist Huskies,draftkings,DraftKings,2026-09-26T19:34:04Z,spreads,2026-09-26T19:34:04Z,Houston Baptist Huskies,-115,38.5,20260926193526122038
NCAAF,americanfootball_ncaaf,bbaf150e48844a489d679cb09de02aa9,2026-09-26T23:30:00Z,North Texas Mean Green,Houston Baptist Huskies,draftkings,DraftKings,2026-09-26T19:34:04Z,spreads,2026-09-26T19:34:04Z,North Texas Mean Green,-105,-38.5,20260926193526122038
NCAAF,americanfootball_ncaaf,bbaf150e48844a489d679cb09de02aa9,2026-09-26T23:30:00Z,North Texas Mean Green,Houston Baptist Huskies,draftkings,DraftKings,2026-09-26T19:34:04Z,totals,2026-09-26T19:34:04Z,Over,-112,60.5,20260926193526122038
NCAAF,americanfootball_ncaaf,bbaf150e48844a489d679cb09de02aa9,2026-09-26T23:30:00Z,North Texas Mean Green,Houston Baptist Huskies,draftkings,DraftKings,2026-09-26T19:34:04Z,totals,2026-09-26T19:34:04Z,Under,-108,60.5,20260926193526122038
NCAAF,americanfootball_ncaaf,bbaf150e48844a489d679cb09de02aa9,2026-09-26T23:30:00Z,North Texas Mean Green,Houston Baptist Huskies,betrivers,BetRivers,2026-09-26T19:34:38Z,spreads,2026-09-26T19:34:38Z,Houston Baptist Huskies,-120,40.0,20260926193526122038
NCAAF,americanfootball_ncaaf,bbaf150e48844a489d679cb09de02aa9,2026-09-26T23:30:00Z,North Texas Mean Green,Houston Baptist Huskies,betrivers,BetRivers,2026-09-26T19:34:38Z,spreads,2026-09-26T19:34:38Z,North Texas Mean Green,-121,-40.0,20260926193526122038
NCAAF,americanfootball_ncaaf,bbaf150e48844a489d679cb09de02aa9,2026-09-26T23:30:00Z,North Texas Mean Green,Houston Baptist Huskies,betrivers,BetRivers,2026-09-26T19:34:38Z,totals,2026-09-26T19:34:38Z,Over,-106,59.5,20260926193526122038
NCAAF,americanfootball_ncaaf,bbaf150e48844a489d679cb09de02aa9,2026-09-26T23:30:00Z,North Texas Mean Green,Houston Baptist Huskies,betrivers,BetRivers,2026-09-26T19:34:38Z,totals,2026-09-26T19:34:38Z,Under,-117,59.5,20260926193526122038
NCAAF,americanfootball_ncaaf,bbaf150e48844a489d679cb09de02aa9,2026-09-26T23:30:00Z,North Texas Mean Green,Houston Baptist Huskies,lowvig,LowVig.ag,2026-09-26T19:34:21Z,spreads,2026-09-26T19:34:21Z,Houston Baptist Huskies,-115,39.0,20260926193526122038
NCAAF,americanfootball_ncaaf,bbaf150e48844a489d679cb09de02aa9,2026-09-26T23:30:00Z,North Texas Mean Green,Houston Baptist Huskies,lowvig,LowVig.ag,2026-09-26T19:34:21Z,spreads,2026-09-26T19:34:21Z,North Texas Mean Green,-105,-39.0,20260926193526122038
NCAAF,americanfootball_ncaaf,bbaf150e48844a489d679cb09de02aa9,2026-09-26T23:30:00Z,North Texas Mean Green,Houston Baptist Huskies,lowvig,LowVig.ag,2026-09-26T19:34:21Z,totals,2026-09-26T19:34:21Z,Over,-120,59.5,20260926193526122038
NCAAF,americanfootball_ncaaf,bbaf150e48844a489d679cb09de02aa9,2026-09-26T23:30:00Z,North Texas Mean Green,Houston Baptist Huskies,lowvig,LowVig.ag,2026-09-26T19:34:21Z,totals,2026-09-26T19:34:21Z,Under,100,59.5,20260926193526122038
NCAAF,americanfootball_ncaaf,bbaf150e48844a489d679cb09de02aa9,2026-09-26T23:30:00Z,North Texas Mean Green,Houston Baptist Huskies,betonlineag,BetOnline.ag,2026-09-26T19:34:56Z,spreads,2026-09-26T19:34:55Z,Houston Baptist Huskies,-115,39.0,20260926193526122038
NCAAF,americanfootball_ncaaf,bbaf150e48844a489d679cb09de02aa9,2026-09-26T23:30:00Z,North Texas Mean Green,Houston Baptist Huskies,betonlineag,BetOnline.ag,2026-09-26T19:34:56Z,spreads,2026-09-26T19:34:55Z,North Texas Mean Green,-105,-39.0,20260926193526122038
NCAAF,americanfootball_ncaaf,bbaf150e48844a489d679cb09de02aa9,2026-09-26T23:30:00Z,North Texas Mean Green,Houston Baptist Huskies,betonlineag,BetOnline.ag,2026-09-26T19:34:56Z,totals,2026-09-26T19:34:55Z,Over,-120,59.5,20260926193526122038
NCAAF,americanfootball_ncaaf,bbaf150e48844a489d679cb09de02aa9,2026-09-26T23:30:00Z,North Texas Mean Green,Houston Baptist Huskies,betonlineag,BetOnline.ag,2026-09-26T19:34:56Z,totals,2026-09-26T19:34:55Z,Under,100,59.5,20260926193526122038
NCAAF,americanfootball_ncaaf,bbaf150e48844a489d679cb09de02aa9,2026-09-26T23:30:00Z,North Texas Mean Green,Houston Baptist Huskies,bovada,Bovada,2026-09-26T19:34:42Z,spreads,2026-09-26T19:34:42Z,Houston Baptist Huskies,-105,38.0,20260926193526122038
NCAAF,americanfootball_ncaaf,bbaf150e48844a489d679cb09de02aa9,2026-09-26T23:30:00Z,North Texas Mean Green,Houston Baptist Huskies,bovada,Bovada,2026-09-26T19:34:42Z,spreads,2026-09-26T19:34:42Z,North Texas Mean Green,-115,-38.0,20260926193526122038
NCAAF,americanfootball_ncaaf,bbaf150e48844a489d679cb09de02aa9,2026-09-26T23:30:00Z,North Texas Mean Green,Houston Baptist Huskies,bovada,Bovada,2026-09-26T19:34:42Z,totals,2026-09-26T19:34:42Z,Over,-110,60.5,20260926193526122038
NCAAF,americanfootball_ncaaf,bbaf150e48844a489d679cb09de02aa9,2026-09-26T23:30:00Z,North Texas Mean Green,Houston Baptist Huskies,bovada,Bovada,2026-09-26T19:34:42Z,totals,2026-09-26T19:34:42Z,Under,-110,60.5,20260926193526122038
NCAAF,americanfootball_ncaaf,bbaf150e48844a489d679cb09de02aa9,2026-09-26T23:30:00Z,North Texas Mean Green,Houston Baptist Huskies,betmgm,BetMGM,2026-09-26T19:34:43Z,spreads,2026-09-26T19:34:43Z,Houston Baptist Huskies,-110,38.5,20260926193526122038
NCAAF,americanfootball_ncaaf,bbaf150e48844a489d679cb09de02aa9,2026-09-26T23:30:00Z,North Texas Mean Green,Houston Baptist Huskies,betmgm,BetMGM,2026-09-26T19:34:43Z,spreads,2026-09-26T19:34:43Z,North Texas Mean Green,-108,-38.5,20260926193526122038
NCAAF,americanfootball_ncaaf,bbaf150e48844a489d679cb09de02aa9,2026-09-26T23:30:00Z,North Texas Mean Green,Houston Baptist Huskies,betmgm,BetMGM,2026-09-26T19:34:43Z,totals,2026-09-26T19:34:43Z,Over,-110,60.5,20260926193526122038
NCAAF,americanfootball_ncaaf,bbaf150e48844a489d679cb09de02aa9,2026-09-26T23:30:00Z,North Texas Mean Green,Houston Baptist Huskies,betmgm,BetMGM,2026-09-26T19:34:43Z,totals,2026-09-26T19:34:43Z,Under,-108,60.5,20260926193526122038
NCAAF,americanfootball_ncaaf,0c71c3230f930f30ac34160b38dbbaf0,2026-09-26T23:30:00Z,LSU Tigers,Texas A&M Aggies,draftkings,DraftKings,2026-09-26T19:34:04Z,h2h,2026-09-26T19:34:04Z,LSU Tigers,-345,,20260926193526122038
NCAAF,americanfootball_ncaaf,0c71c3230f930f30ac34160b38dbbaf0,2026-09-26T23:30:00Z,LSU Tigers,Texas A&M Aggies,draftkings,DraftKings,2026-09-26T19:34:04Z,h2h,2026-09-26T19:34:04Z,Texas A&M Aggies,275,,20260926193526122038
NCAAF,americanfootball_ncaaf,0c71c3230f930f30ac34160b38dbbaf0,2026-09-26T23:30:00Z,LSU Tigers,Texas A&M Aggies,draftkings,DraftKings,2026-09-26T19:34:04Z,spreads,2026-09-26T19:34:04Z,LSU Tigers,-108,-8.5,20260926193526122038
NCAAF,americanfootball_ncaaf,0c71c3230f930f30ac34160b38dbbaf0,2026-09-26T23:30:00Z,LSU Tigers,Texas A&M Aggies,draftkings,DraftKings,2026-09-26T19:34:04Z,spreads,2026-09-26T19:34:04Z,Texas A&M Aggies,-112,8.5,20260926193526122038
NCAAF,americanfootball_ncaaf,0c71c3230f930f30ac34160b38dbbaf0,2026-09-26T23:30:00Z,LSU Tigers,Texas A&M Aggies,draftkings,DraftKings,2026-09-26T19:34:04Z,totals,2026-09-26T19:34:04Z,Over,-105,52.5,20260926193526122038
NCAAF,americanfootball_ncaaf,0c71c3230f930f30ac34160b38dbbaf0,2026-09-26T23:30:00Z,LSU Tigers,Texas A&M Aggies,draftkings,DraftKings,2026-09-26T19:34:04Z,totals,2026-09-26T19:34:04Z,Under,-115,52.5,20260926193526122038
NCAAF,americanfootball_ncaaf,0c71c3230f930f30ac34160b38dbbaf0,2026-09-26T23:30:00Z,LSU Tigers,Texas A&M Aggies,mybookieag,MyBookie.ag,2026-09-26T19:35:13Z,h2h,2026-09-26T19:35:13Z,LSU Tigers,-340,,20260926193526122038
NCAAF,americanfootball_ncaaf,0c71c3230f930f30ac34160b38dbbaf0,2026-09-26T23:30:00Z,LSU Tigers,Texas A&M Aggies,mybookieag,MyBookie.ag,2026-09-26T19:35:13Z,h2h,2026-09-26T19:35:13Z,Texas A&M Aggies,265,,20260926193526122038
NCAAF,americanfootball_ncaaf,0c71c3230f930f30ac34160b38dbbaf0,2026-09-26T23:30:00Z,LSU Tigers,Texas A&M Aggies,mybookieag,MyBookie.ag,2026-09-26T19:35:13Z,spreads,2026-09-26T19:35:13Z,LSU Tigers,-110,-8.0,20260926193526122038
NCAAF,americanfootball_ncaaf,0c71c3230f930f30ac34160b38dbbaf0,2026-09-26T23:30:00Z,LSU Tigers,Texas A&M Aggies,mybookieag,MyBookie.ag,2026-09-26T19:35:13Z,spreads,2026-09-26T19:35:13Z,Texas A&M Aggies,-110,8.0,20260926193526122038
NCAAF,americanfootball_ncaaf,0c71c3230f930f30ac34160b38dbbaf0,2026-09-26T23:30:00Z,LSU Tigers,Texas A&M Aggies,mybookieag,MyBookie.ag,2026-09-26T19:35:13Z,totals,2026-09-26T19:35:13Z,Over,-110,52.0,20260926193526122038
NCAAF,americanfootball_ncaaf,0c71c3230f930f30ac34160b38dbbaf0,2026-09-26T23:30:00Z,LSU Tigers,Texas A&M Aggies,mybookieag,MyBookie.ag,2026-09-26T19:35:13Z,totals,2026-09-26T19:35:13Z,Under,-110,52.0,20260926193526122038
NCAAF,americanfootball_ncaaf,0c71c3230f930f30ac34160b38dbbaf0,2026-09-26T23:30:00Z,LSU Tigers,Texas A&M Aggies,fanduel,FanDuel,2026-09-26T19:35:15Z,h2h,2026-09-26T19:35:15Z,LSU Tigers,-320,,20260926193526122038
NCAAF,americanfootball_ncaaf,0c71c3230f930f30ac34160b38dbbaf0,2026-09-26T23:30:00Z,LSU Tigers,Texas A&M Aggies,fanduel,FanDuel,2026-09-26T19:35:15Z,h2h,2026-09-26T19:35:15Z,Texas A&M Aggies,255,,20260926193526122038
NCAAF,americanfootball_ncaaf,0c71c3230f930f30ac34160b38dbbaf0,2026-09-26T23:30:00Z,LSU Tigers,Texas A&M Aggies,fanduel,FanDuel,2026-09-26T19:35:15Z,spreads,2026-09-26T19:35:15Z,LSU Tigers,-105,-8.5,20260926193526122038
NCAAF,americanfootball_ncaaf,0c71c3230f930f30ac34160b38dbbaf0,2026-09-26T23:30:00Z,LSU Tigers,Texas A&M Aggies,fanduel,FanDuel,2026-09-26T19:35:15Z,spreads,2026-09-26T19:35:15Z,Texas A&M Aggies,-115,8.5,20260926193526122038
NCAAF,americanfootball_ncaaf,0c71c3230f930f30ac34160b38dbbaf0,2026-09-26T23:30:00Z,LSU Tigers,Texas A&M Aggies,fanduel,FanDuel,2026-09-26T19:35:15Z,totals,2026-09-26T19:35:15Z,Over,-108,52.5,20260926193526122038
NCAAF,americanfootball_ncaaf,0c71c3230f930f30ac34160b38dbbaf0,2026-09-26T23:30:00Z,LSU Tigers,Texas A&M Aggies,fanduel,FanDuel,2026-09-26T19:35:15Z,totals,2026-09-26T19:35:15Z,Under,-112,52.5,20260926193526122038
NCAAF,americanfootball_ncaaf,0c71c3230f930f30ac34160b38dbbaf0,2026-09-26T23:30:00Z,LSU Tigers,Texas A&M Aggies,betmgm,BetMGM,2026-09-26T19:34:43Z,h2h,2026-09-26T19:34:43Z,LSU Tigers,-325,,20260926193526122038
NCAAF,americanfootball_ncaaf,0c71c3230f930f30ac34160b38dbbaf0,2026-09-26T23:30:00Z,LSU Tigers,Texas A&M Aggies,betmgm,BetMGM,2026-09-26T19:34:43Z,h2h,2026-09-26T19:34:43Z,Texas A&M Aggies,270,,20260926193526122038
NCAAF,americanfootball_ncaaf,0c71c3230f930f30ac34160b38dbbaf0,2026-09-26T23:30:00Z,LSU Tigers,Texas A&M Aggies,betmgm,BetMGM,2026-09-26T19:34:43Z,spreads,2026-09-26T19:34:43Z,LSU Tigers,-110,-8.0,20260926193526122038
NCAAF,americanfootball_ncaaf,0c71c3230f930f30ac34160b38dbbaf0,2026-09-26T23:30:00Z,LSU Tigers,Texas A&M Aggies,betmgm,BetMGM,2026-09-26T19:34:43Z,spreads,2026-09-26T19:34:43Z,Texas A&M Aggies,-108,8.0,20260926193526122038
NCAAF,americanfootball_ncaaf,0c71c3230f930f30ac34160b38dbbaf0,2026-09-26T23:30:00Z,LSU Tigers,Texas A&M Aggies,betmgm,BetMGM,2026-09-26T19:34:43Z,totals,2026-09-26T19:34:43Z,Over,-108,52.5,20260926193526122038
NCAAF,americanfootball_ncaaf,0c71c3230f930f30ac34160b38dbbaf0,2026-09-26T23:30:00Z,LSU Tigers,Texas A&M Aggies,betmgm,BetMGM,2026-09-26T19:34:43Z,totals,2026-09-26T19:34:43Z,Under,-120,52.5,20260926193526122038
NCAAF,americanfootball_ncaaf,0c71c3230f930f30ac34160b38dbbaf0,2026-09-26T23:30:00Z,LSU Tigers,Texas A&M Aggies,betrivers,BetRivers,2026-09-26T19:34:38Z,h2h,2026-09-26T19:34:38Z,LSU Tigers,-335,,20260926193526122038
NCAAF,americanfootball_ncaaf,0c71c3230f930f30ac34160b38dbbaf0,2026-09-26T23:30:00Z,LSU Tigers,Texas A&M Aggies,betrivers,BetRivers,2026-09-26T19:34:38Z,h2h,2026-09-26T19:34:38Z,Texas A&M Aggies,250,,20260926193526122038
NCAAF,americanfootball_ncaaf,0c71c3230f930f30ac34160b38dbbaf0,2026-09-26T23:30:00Z,LSU Tigers,Texas A&M Aggies,betrivers,BetRivers,2026-09-26T19:34:38Z,spreads,2026-09-26T19:34:38Z,LSU Tigers,-113,-8.0,20260926193526122038
NCAAF,americanfootball_ncaaf,0c71c3230f930f30ac34160b38dbbaf0,2026-09-26T23:30:00Z,LSU Tigers,Texas A&M Aggies,betrivers,BetRivers,2026-09-26T19:34:38Z,spreads,2026-09-26T19:34:38Z,Texas A&M Aggies,-110,8.0,20260926193526122038
NCAAF,americanfootball_ncaaf,0c71c3230f930f30ac34160b38dbbaf0,2026-09-26T23:30:00Z,LSU Tigers,Texas A&M Aggies,betrivers,BetRivers,2026-09-26T19:34:38Z,totals,2026-09-26T19:34:38Z,Over,-112,52.5,20260926193526122038
NCAAF,americanfootball_ncaaf,0c71c3230f930f30ac34160b38dbbaf0,2026-09-26T23:30:00Z,LSU Tigers,Texas A&M Aggies,betrivers,BetRivers,2026-09-26T19:34:38Z,totals,2026-09-26T19:34:38Z,Under,-112,52.5,20260926193526122038
NCAAF,americanfootball_ncaaf,0c71c3230f930f30ac34160b38dbbaf0,2026-09-26T23:30:00Z,LSU Tigers,Texas A&M Aggies,betonlineag,BetOnline.ag,2026-09-26T19:34:56Z,h2h,2026-09-26T19:34:54Z,LSU Tigers,-345,,20260926193526122038
NCAAF,americanfootball_ncaaf,0c71c3230f930f30ac34160b38dbbaf0,2026-09-26T23:30:00Z,LSU Tigers,Texas A&M Aggies,betonlineag,BetOnline.ag,2026-09-26T19:34:56Z,h2h,2026-09-26T19:34:54Z,Texas A&M Aggies,278,,20260926193526122038
NCAAF,americanfootball_ncaaf,0c71c3230f930f30ac34160b38dbbaf0,2026-09-26T23:30:00Z,LSU Tigers,Texas A&M Aggies,betonlineag,BetOnline.ag,2026-09-26T19:34:56Z,spreads,2026-09-26T19:34:54Z,LSU Tigers,-110,-8.0,20260926193526122038
NCAAF,americanfootball_ncaaf,0c71c3230f930f30ac34160b38dbbaf0,2026-09-26T23:30:00Z,LSU Tigers,Texas A&M Aggies,betonlineag,BetOnline.ag,2026-09-26T19:34:56Z,spreads,2026-09-26T19:34:54Z,Texas A&M Aggies,-110,8.0,20260926193526122038
NCAAF,americanfootball_ncaaf,0c71c3230f930f30ac34160b38dbbaf0,2026-09-26T23:30:00Z,LSU Tigers,Texas A&M Aggies,betonlineag,BetOnline.ag,2026-09-26T19:34:56Z,totals,2026-09-26T19:34:54Z,Over,-110,52.0,20260926193526122038
NCAAF,americanfootball_ncaaf,0c71c3230f930f30ac34160b38dbbaf0,2026-09-26T23:30:00Z,LSU Tigers,Texas A&M Aggies,betonlineag,BetOnline.ag,2026-09-26T19:34:56Z,totals,2026-09-26T19:34:54Z,Under,-110,52.0,20260926193526122038
NCAAF,americanfootball_ncaaf,0c71c3230f930f30ac34160b38dbbaf0,2026-09-26T23:30:00Z,LSU Tigers,Texas A&M Aggies,lowvig,LowVig.ag,2026-09-26T19:34:21Z,h2h,2026-09-26T19:34:21Z,LSU Tigers,-345,,20260926193526122038
NCAAF,americanfootball_ncaaf,0c71c3230f930f30ac34160b38dbbaf0,2026-09-26T23:30:00Z,LSU Tigers,Texas A&M Aggies,lowvig,LowVig.ag,2026-09-26T19:34:21Z,h2h,2026-09-26T19:34:21Z,Texas A&M Aggies,278,,20260926193526122038
NCAAF,americanfootball_ncaaf,0c71c3230f930f30ac34160b38dbbaf0,2026-09-26T23:30:00Z,LSU Tigers,Texas A&M Aggies,lowvig,LowVig.ag,2026-09-26T19:34:21Z,spreads,2026-09-26T19:34:21Z,LSU Tigers,-106,-8.0,20260926193526122038
NCAAF,americanfootball_ncaaf,0c71c3230f930f30ac34160b38dbbaf0,2026-09-26T23:30:00Z,LSU Tigers,Texas A&M Aggies,lowvig,LowVig.ag,2026-09-26T19:34:21Z,spreads,2026-09-26T19:34:21Z,Texas A&M Aggies,-106,8.0,20260926193526122038
NCAAF,americanfootball_ncaaf,0c71c3230f930f30ac34160b38dbbaf0,2026-09-26T23:30:00Z,LSU Tigers,Texas A&M Aggies,lowvig,LowVig.ag,2026-09-26T19:34:21Z,totals,2026-09-26T19:34:21Z,Over,-108,52.0,20260926193526122038
NCAAF,americanfootball_ncaaf,0c71c3230f930f30ac34160b38dbbaf0,2026-09-26T23:30:00Z,LSU Tigers,Texas A&M Aggies,lowvig,LowVig.ag,2026-09-26T19:34:21Z,totals,2026-09-26T19:34:21Z,Under,-108,52.0,20260926193526122038
NCAAF,americanfootball_ncaaf,0c71c3230f930f30ac34160b38dbbaf0,2026-09-26T23:30:00Z,LSU Tigers,Texas A&M Aggies,betus,BetUS,2026-09-26T19:35:13Z,h2h,2026-09-26T19:35:13Z,LSU Tigers,-345,,20260926193526122038
NCAAF,americanfootball_ncaaf,0c71c3230f930f30ac34160b38dbbaf0,2026-09-26T23:30:00Z,LSU Tigers,Texas A&M Aggies,betus,BetUS,2026-09-26T19:35:13Z,h2h,2026-09-26T19:35:13Z,Texas A&M Aggies,278,,20260926193526122038
NCAAF,americanfootball_ncaaf,0c71c3230f930f30ac34160b38dbbaf0,2026-09-26T23:30:00Z,LSU Tigers,Texas A&M Aggies,betus,BetUS,2026-09-26T19:35:13Z,spreads,2026-09-26T19:35:13Z,LSU Tigers,-110,-8.0,20260926193526122038
NCAAF,americanfootball_ncaaf,0c71c3230f930f30ac34160b38dbbaf0,2026-09-26T23:30:00Z,LSU Tigers,Texas A&M Aggies,betus,BetUS,2026-09-26T19:35:13Z,spreads,2026-09-26T19:35:13Z,Texas A&M Aggies,-110,8.0,20260926193526122038
NCAAF,americanfootball_ncaaf,0c71c3230f930f30ac34160b38dbbaf0,2026-09-26T23:30:00Z,LSU Tigers,Texas A&M Aggies,betus,BetUS,2026-09-26T19:35:13Z,totals,2026-09-26T19:35:13Z,Over,-110,52.0,20260926193526122038
NCAAF,americanfootball_ncaaf,0c71c3230f930f30ac34160b38dbbaf0,2026-09-26T23:30:00Z,LSU Tigers,Texas A&M Aggies,betus,BetUS,2026-09-26T19:35:13Z,totals,2026-09-26T19:35:13Z,Under,-110,52.0,20260926193526122038
NCAAF,americanfootball_ncaaf,0c71c3230f930f30ac34160b38dbbaf0,2026-09-26T23:30:00Z,LSU Tigers,Texas A&M Aggies,bovada,Bovada,2026-09-26T19:34:42Z,h2h,2026-09-26T19:34:42Z,LSU Tigers,-340,,20260926193526122038
NCAAF,americanfootball_ncaaf,0c71c3230f930f30ac34160b38dbbaf0,2026-09-26T23:30:00Z,LSU Tigers,Texas A&M Aggies,bovada,Bovada,2026-09-26T19:34:42Z,h2h,2026-09-26T19:34:42Z,Texas A&M Aggies,270,,20260926193526122038
NCAAF,americanfootball_ncaaf,0c71c3230f930f30ac34160b38dbbaf0,2026-09-26T23:30:00Z,LSU Tigers,Texas A&M Aggies,bovada,Bovada,2026-09-26T19:34:42Z,spreads,2026-09-26T19:34:42Z,LSU Tigers,-110,-7.5,20260926193526122038
NCAAF,americanfootball_ncaaf,0c71c3230f930f30ac34160b38dbbaf0,2026-09-26T23:30:00Z,LSU Tigers,Texas A&M Aggies,bovada,Bovada,2026-09-26T19:34:42Z,spreads,2026-09-26T19:34:42Z,Texas A&M Aggies,-110,7.5,20260926193526122038
NCAAF,americanfootball_ncaaf,0c71c3230f930f30ac34160b38dbbaf0,2026-09-26T23:30:00Z,LSU Tigers,Texas A&M Aggies,bovada,Bovada,2026-09-26T19:34:42Z,totals,2026-09-26T19:34:42Z,Over,-110,52.0,20260926193526122038
NCAAF,americanfootball_ncaaf,0c71c3230f930f30ac34160b38dbbaf0,2026-09-26T23:30:00Z,LSU Tigers,Texas A&M Aggies,bovada,Bovada,2026-09-26T19:34:42Z,totals,2026-09-26T19:34:42Z,Under,-110,52.0,20260926193526122038
NCAAF,americanfootball_ncaaf,83516ad7ba3e8ef9f90498cfcaf10eb5,2026-09-26T23:30:00Z,USC Trojans,Oregon Ducks,draftkings,DraftKings,2026-09-26T19:34:04Z,h2h,2026-09-26T19:34:04Z,Oregon Ducks,-180,,20260926193526122038
NCAAF,americanfootball_ncaaf,83516ad7ba3e8ef9f90498cfcaf10eb5,2026-09-26T23:30:00Z,USC Trojans,Oregon Ducks,draftkings,DraftKings,2026-09-26T19:34:04Z,h2h,2026-09-26T19:34:04Z,USC Trojans,150,,20260926193526122038
NCAAF,americanfootball_ncaaf,83516ad7ba3e8ef9f90498cfcaf10eb5,2026-09-26T23:30:00Z,USC Trojans,Oregon Ducks,draftkings,DraftKings,2026-09-26T19:34:04Z,spreads,2026-09-26T19:34:04Z,Oregon Ducks,-110,-3.5,20260926193526122038
NCAAF,americanfootball_ncaaf,83516ad7ba3e8ef9f90498cfcaf10eb5,2026-09-26T23:30:00Z,USC Trojans,Oregon Ducks,draftkings,DraftKings,2026-09-26T19:34:04Z,spreads,2026-09-26T19:34:04Z,USC Trojans,-110,3.5,20260926193526122038
NCAAF,americanfootball_ncaaf,83516ad7ba3e8ef9f90498cfcaf10eb5,2026-09-26T23:30:00Z,USC Trojans,Oregon Ducks,draftkings,DraftKings,2026-09-26T19:34:04Z,totals,2026-09-26T19:34:04Z,Over,-115,60.5,20260926193526122038
NCAAF,americanfootball_ncaaf,83516ad7ba3e8ef9f90498cfcaf10eb5,2026-09-26T23:30:00Z,USC Trojans,Oregon Ducks,draftkings,DraftKings,2026-09-26T19:34:04Z,totals,2026-09-26T19:34:04Z,Under,-105,60.5,20260926193526122038
NCAAF,americanfootball_ncaaf,83516ad7ba3e8ef9f90498cfcaf10eb5,2026-09-26T23:30:00Z,USC Trojans,Oregon Ducks,mybookieag,MyBookie.ag,2026-09-26T19:35:13Z,h2h,2026-09-26T19:35:13Z,Oregon Ducks,-182,,20260926193526122038
NCAAF,americanfootball_ncaaf,83516ad7ba3e8ef9f90498cfcaf10eb5,2026-09-26T23:30:00Z,USC Trojans,Oregon Ducks,mybookieag,MyBookie.ag,2026-09-26T19:35:13Z,h2h,2026-09-26T19:35:13Z,USC Trojans,147,,20260926193526122038
NCAAF,americanfootball_ncaaf,83516ad7ba3e8ef9f90498cfcaf10eb5,2026-09-26T23:30:00Z,USC Trojans,Oregon Ducks,mybookieag,MyBookie.ag,2026-09-26T19:35:13Z,spreads,2026-09-26T19:35:13Z,Oregon Ducks,-110,-3.5,20260926193526122038
NCAAF,americanfootball_ncaaf,83516ad7ba3e8ef9f90498cfcaf10eb5,2026-09-26T23:30:00Z,USC Trojans,Oregon Ducks,mybookieag,MyBookie.ag,2026-09-26T19:35:13Z,spreads,2026-09-26T19:35:13Z,USC Trojans,-110,3.5,20260926193526122038
NCAAF,americanfootball_ncaaf,83516ad7ba3e8ef9f90498cfcaf10eb5,2026-09-26T23:30:00Z,USC Trojans,Oregon Ducks,mybookieag,MyBookie.ag,2026-09-26T19:35:13Z,totals,2026-09-26T19:35:13Z,Over,-110,61.0,20260926193526122038
NCAAF,americanfootball_ncaaf,83516ad7ba3e8ef9f90498cfcaf10eb5,2026-09-26T23:30:00Z,USC Trojans,Oregon Ducks,mybookieag,MyBookie.ag,2026-09-26T19:35:13Z,totals,2026-09-26T19:35:13Z,Under,-110,61.0,20260926193526122038
NCAAF,americanfootball_ncaaf,83516ad7ba3e8ef9f90498cfcaf10eb5,2026-09-26T23:30:00Z,USC Trojans,Oregon Ducks,fanduel,FanDuel,2026-09-26T19:35:15Z,h2h,2026-09-26T19:35:15Z,Oregon Ducks,-170,,20260926193526122038
NCAAF,americanfootball_ncaaf,83516ad7ba3e8ef9f90498cfcaf10eb5,2026-09-26T23:30:00Z,USC Trojans,Oregon Ducks,fanduel,FanDuel,2026-09-26T19:35:15Z,h2h,2026-09-26T19:35:15Z,USC Trojans,140,,20260926193526122038
NCAAF,americanfootball_ncaaf,83516ad7ba3e8ef9f90498cfcaf10eb5,2026-09-26T23:30:00Z,USC Trojans,Oregon Ducks,fanduel,FanDuel,2026-09-26T19:35:15Z,spreads,2026-09-26T19:35:15Z,Oregon Ducks,-106,-3.5,20260926193526122038
NCAAF,americanfootball_ncaaf,83516ad7ba3e8ef9f90498cfcaf10eb5,2026-09-26T23:30:00Z,USC Trojans,Oregon Ducks,fanduel,FanDuel,2026-09-26T19:35:15Z,spreads,2026-09-26T19:35:15Z,USC Trojans,-114,3.5,20260926193526122038
NCAAF,americanfootball_ncaaf,83516ad7ba3e8ef9f90498cfcaf10eb5,2026-09-26T23:30:00Z,USC Trojans,Oregon Ducks,fanduel,FanDuel,2026-09-26T19:35:15Z,totals,2026-09-26T19:35:15Z,Over,-110,61.5,20260926193526122038
NCAAF,americanfootball_ncaaf,83516ad7ba3e8ef9f90498cfcaf10eb5,2026-09-26T23:30:00Z,USC Trojans,Oregon Ducks,fanduel,FanDuel,2026-09-26T19:35:15Z,totals,2026-09-26T19:35:15Z,Under,-110,61.5,20260926193526122038
NCAAF,americanfootball_ncaaf,83516ad7ba3e8ef9f90498cfcaf10eb5,2026-09-26T23:30:00Z,USC Trojans,Oregon Ducks,betrivers,BetRivers,2026-09-26T19:34:38Z,h2h,2026-09-26T19:34:38Z,Oregon Ducks,-180,,20260926193526122038
NCAAF,americanfootball_ncaaf,83516ad7ba3e8ef9f90498cfcaf10eb5,2026-09-26T23:30:00Z,USC Trojans,Oregon Ducks,betrivers,BetRivers,2026-09-26T19:34:38Z,h2h,2026-09-26T19:34:38Z,USC Trojans,143,,20260926193526122038
NCAAF,americanfootball_ncaaf,83516ad7ba3e8ef9f90498cfcaf10eb5,2026-09-26T23:30:00Z,USC Trojans,Oregon Ducks,betrivers,BetRivers,2026-09-26T19:34:38Z,spreads,2026-09-26T19:34:38Z,Oregon Ducks,-113,-3.5,20260926193526122038
NCAAF,americanfootball_ncaaf,83516ad7ba3e8ef9f90498cfcaf10eb5,2026-09-26T23:30:00Z,USC Trojans,Oregon Ducks,betrivers,BetRivers,2026-09-26T19:34:38Z,spreads,2026-09-26T19:34:38Z,USC Trojans,-110,3.5,20260926193526122038
NCAAF,americanfootball_ncaaf,83516ad7ba3e8ef9f90498cfcaf10eb5,2026-09-26T23:30:00Z,USC Trojans,Oregon Ducks,betrivers,BetRivers,2026-09-26T19:34:38Z,totals,2026-09-26T19:34:38Z,Over,-113,61.0,20260926193526122038
NCAAF,americanfootball_ncaaf,83516ad7ba3e8ef9f90498cfcaf10eb5,2026-09-26T23:30:00Z,USC Trojans,Oregon Ducks,betrivers,BetRivers,2026-09-26T19:34:38Z,totals,2026-09-26T19:34:38Z,Under,-110,61.0,20260926193526122038
NCAAF,americanfootball_ncaaf,83516ad7ba3e8ef9f90498cfcaf10eb5,2026-09-26T23:30:00Z,USC Trojans,Oregon Ducks,betmgm,BetMGM,2026-09-26T19:34:43Z,h2h,2026-09-26T19:34:43Z,Oregon Ducks,-185,,20260926193526122038
NCAAF,americanfootball_ncaaf,83516ad7ba3e8ef9f90498cfcaf10eb5,2026-09-26T23:30:00Z,USC Trojans,Oregon Ducks,betmgm,BetMGM,2026-09-26T19:34:43Z,h2h,2026-09-26T19:34:43Z,USC Trojans,150,,20260926193526122038
NCAAF,americanfootball_ncaaf,83516ad7ba3e8ef9f90498cfcaf10eb5,2026-09-26T23:30:00Z,USC Trojans,Oregon Ducks,betmgm,BetMGM,2026-09-26T19:34:43Z,spreads,2026-09-26T19:34:43Z,Oregon Ducks,-108,-3.5,20260926193526122038
NCAAF,americanfootball_ncaaf,83516ad7ba3e8ef9f90498cfcaf10eb5,2026-09-26T23:30:00Z,USC Trojans,Oregon Ducks,betmgm,BetMGM,2026-09-26T19:34:43Z,spreads,2026-09-26T19:34:43Z,USC Trojans,-112,3.5,20260926193526122038
NCAAF,americanfootball_ncaaf,83516ad7ba3e8ef9f90498cfcaf10eb5,2026-09-26T23:30:00Z,USC Trojans,Oregon Ducks,betmgm,BetMGM,2026-09-26T19:34:43Z,totals,2026-09-26T19:34:43Z,Over,-108,61.5,20260926193526122038
NCAAF,americanfootball_ncaaf,83516ad7ba3e8ef9f90498cfcaf10eb5,2026-09-26T23:30:00Z,USC Trojans,Oregon Ducks,betmgm,BetMGM,2026-09-26T19:34:43Z,totals,2026-09-26T19:34:43Z,Under,-112,61.5,20260926193526122038
NCAAF,americanfootball_ncaaf,83516ad7ba3e8ef9f90498cfcaf10eb5,2026-09-26T23:30:00Z,USC Trojans,Oregon Ducks,lowvig,LowVig.ag,2026-09-26T19:34:21Z,h2h,2026-09-26T19:34:21Z,Oregon Ducks,-170,,20260926193526122038
NCAAF,americanfootball_ncaaf,83516ad7ba3e8ef9f90498cfcaf10eb5,2026-09-26T23:30:00Z,USC Trojans,Oregon Ducks,lowvig,LowVig.ag,2026-09-26T19:34:21Z,h2h,2026-09-26T19:34:21Z,USC Trojans,149,,20260926193526122038
NCAAF,americanfootball_ncaaf,83516ad7ba3e8ef9f90498cfcaf10eb5,2026-09-26T23:30:00Z,USC Trojans,Oregon Ducks,lowvig,LowVig.ag,2026-09-26T19:34:21Z,spreads,2026-09-26T19:34:21Z,Oregon Ducks,-102,-3.5,20260926193526122038
NCAAF,americanfootball_ncaaf,83516ad7ba3e8ef9f90498cfcaf10eb5,2026-09-26T23:30:00Z,USC Trojans,Oregon Ducks,lowvig,LowVig.ag,2026-09-26T19:34:21Z,spreads,2026-09-26T19:34:21Z,USC Trojans,-110,3.5,20260926193526122038
NCAAF,americanfootball_ncaaf,83516ad7ba3e8ef9f90498cfcaf10eb5,2026-09-26T23:30:00Z,USC Trojans,Oregon Ducks,lowvig,LowVig.ag,2026-09-26T19:34:21Z,totals,2026-09-26T19:34:21Z,Over,-108,61.0,20260926193526122038
NCAAF,americanfootball_ncaaf,83516ad7ba3e8ef9f90498cfcaf10eb5,2026-09-26T23:30:00Z,USC Trojans,Oregon Ducks,lowvig,LowVig.ag,2026-09-26T19:34:21Z,totals,2026-09-26T19:34:21Z,Under,-108,61.0,20260926193526122038
NCAAF,americanfootball_ncaaf,83516ad7ba3e8ef9f90498cfcaf10eb5,2026-09-26T23:30:00Z,USC Trojans,Oregon Ducks,betonlineag,BetOnline.ag,2026-09-26T19:34:56Z,h2h,2026-09-26T19:34:54Z,Oregon Ducks,-170,,20260926193526122038
NCAAF,americanfootball_ncaaf,83516ad7ba3e8ef9f90498cfcaf10eb5,2026-09-26T23:30:00Z,USC Trojans,Oregon Ducks,betonlineag,BetOnline.ag,2026-09-26T19:34:56Z,h2h,2026-09-26T19:34:54Z,USC Trojans,149,,20260926193526122038
NCAAF,americanfootball_ncaaf,83516ad7ba3e8ef9f90498cfcaf10eb5,2026-09-26T23:30:00Z,USC Trojans,Oregon Ducks,betonlineag,BetOnline.ag,2026-09-26T19:34:56Z,spreads,2026-09-26T19:34:54Z,Oregon Ducks,-110,-3.5,20260926193526122038
NCAAF,americanfootball_ncaaf,83516ad7ba3e8ef9f90498cfcaf10eb5,2026-09-26T23:30:00Z,USC Trojans,Oregon Ducks,betonlineag,BetOnline.ag,2026-09-26T19:34:56Z,spreads,2026-09-26T19:34:54Z,USC Trojans,-110,3.5,20260926193526122038
NCAAF,americanfootball_ncaaf,83516ad7ba3e8ef9f90498cfcaf10eb5,2026-09-26T23:30:00Z,USC Trojans,Oregon Ducks,betonlineag,BetOnline.ag,2026-09-26T19:34:56Z,totals,2026-09-26T19:34:54Z,Over,-112,61.5,20260926193526122038
NCAAF,americanfootball_ncaaf,83516ad7ba3e8ef9f90498cfcaf10eb5,2026-09-26T23:30:00Z,USC Trojans,Oregon Ducks,betonlineag,BetOnline.ag,2026-09-26T19:34:56Z,totals,2026-09-26T19:34:54Z,Under,-108,61.5,20260926193526122038
NCAAF,americanfootball_ncaaf,83516ad7ba3e8ef9f90498cfcaf10eb5,2026-09-26T23:30:00Z,USC Trojans,Oregon Ducks,betus,BetUS,2026-09-26T19:35:13Z,h2h,2026-09-26T19:35:13Z,Oregon Ducks,-170,,20260926193526122038
NCAAF,americanfootball_ncaaf,83516ad7ba3e8ef9f90498cfcaf10eb5,2026-09-26T23:30:00Z,USC Trojans,Oregon Ducks,betus,BetUS,2026-09-26T19:35:13Z,h2h,2026-09-26T19:35:13Z,USC Trojans,146,,20260926193526122038
NCAAF,americanfootball_ncaaf,83516ad7ba3e8ef9f90498cfcaf10eb5,2026-09-26T23:30:00Z,USC Trojans,Oregon Ducks,betus,BetUS,2026-09-26T19:35:13Z,spreads,2026-09-26T19:35:13Z,Oregon Ducks,-110,-3.5,20260926193526122038
NCAAF,americanfootball_ncaaf,83516ad7ba3e8ef9f90498cfcaf10eb5,2026-09-26T23:30:00Z,USC Trojans,Oregon Ducks,betus,BetUS,2026-09-26T19:35:13Z,spreads,2026-09-26T19:35:13Z,USC Trojans,-110,3.5,20260926193526122038
NCAAF,americanfootball_ncaaf,83516ad7ba3e8ef9f90498cfcaf10eb5,2026-09-26T23:30:00Z,USC Trojans,Oregon Ducks,betus,BetUS,2026-09-26T19:35:13Z,totals,2026-09-26T19:35:13Z,Over,-110,61.5,20260926193526122038
NCAAF,americanfootball_ncaaf,83516ad7ba3e8ef9f90498cfcaf10eb5,2026-09-26T23:30:00Z,USC Trojans,Oregon Ducks,betus,BetUS,2026-09-26T19:35:13Z,totals,2026-09-26T19:35:13Z,Under,-110,61.5,20260926193526122038
NCAAF,americanfootball_ncaaf,83516ad7ba3e8ef9f90498cfcaf10eb5,2026-09-26T23:30:00Z,USC Trojans,Oregon Ducks,bovada,Bovada,2026-09-26T19:34:42Z,h2h,2026-09-26T19:34:42Z,Oregon Ducks,-185,,20260926193526122038
NCAAF,americanfootball_ncaaf,83516ad7ba3e8ef9f90498cfcaf10eb5,2026-09-26T23:30:00Z,USC Trojans,Oregon Ducks,bovada,Bovada,2026-09-26T19:34:42Z,h2h,2026-09-26T19:34:42Z,USC Trojans,160,,20260926193526122038
NCAAF,americanfootball_ncaaf,83516ad7ba3e8ef9f90498cfcaf10eb5,2026-09-26T23:30:00Z,USC Trojans,Oregon Ducks,bovada,Bovada,2026-09-26T19:34:42Z,spreads,2026-09-26T19:34:42Z,Oregon Ducks,-110,-3.5,20260926193526122038
NCAAF,americanfootball_ncaaf,83516ad7ba3e8ef9f90498cfcaf10eb5,2026-09-26T23:30:00Z,USC Trojans,Oregon Ducks,bovada,Bovada,2026-09-26T19:34:42Z,spreads,2026-09-26T19:34:42Z,USC Trojans,-110,3.5,20260926193526122038
NCAAF,americanfootball_ncaaf,83516ad7ba3e8ef9f90498cfcaf10eb5,2026-09-26T23:30:00Z,USC Trojans,Oregon Ducks,bovada,Bovada,2026-09-26T19:34:42Z,totals,2026-09-26T19:34:42Z,Over,-110,60.5,20260926193526122038
NCAAF,americanfootball_ncaaf,83516ad7ba3e8ef9f90498cfcaf10eb5,2026-09-26T23:30:00Z,USC Trojans,Oregon Ducks,bovada,Bovada,2026-09-26T19:34:42Z,totals,2026-09-26T19:34:42Z,Under,-110,60.5,20260926193526122038
NCAAF,americanfootball_ncaaf,dbc89703b51acf3b8818134a1a2a0dc2,2026-09-26T23:30:00Z,Utah State Aggies,Troy Trojans,fanduel,FanDuel,2026-09-26T19:35:15Z,h2h,2026-09-26T19:35:15Z,Troy Trojans,120,,20260926193526122038
NCAAF,americanfootball_ncaaf,dbc89703b51acf3b8818134a1a2a0dc2,2026-09-26T23:30:00Z,Utah State Aggies,Troy Trojans,fanduel,FanDuel,2026-09-26T19:35:15Z,h2h,2026-09-26T19:35:15Z,Utah State Aggies,-144,,20260926193526122038
NCAAF,americanfootball_ncaaf,dbc89703b51acf3b8818134a1a2a0dc2,2026-09-26T23:30:00Z,Utah State Aggies,Troy Trojans,fanduel,FanDuel,2026-09-26T19:35:15Z,spreads,2026-09-26T19:35:15Z,Troy Trojans,100,2.5,20260926193526122038
NCAAF,americanfootball_ncaaf,dbc89703b51acf3b8818134a1a2a0dc2,2026-09-26T23:30:00Z,Utah State Aggies,Troy Trojans,fanduel,FanDuel,2026-09-26T19:35:15Z,spreads,2026-09-26T19:35:15Z,Utah State Aggies,-122,-2.5,20260926193526122038
NCAAF,americanfootball_ncaaf,dbc89703b51acf3b8818134a1a2a0dc2,2026-09-26T23:30:00Z,Utah State Aggies,Troy Trojans,fanduel,FanDuel,2026-09-26T19:35:15Z,totals,2026-09-26T19:35:15Z,Over,-105,47.5,20260926193526122038
NCAAF,americanfootball_ncaaf,dbc89703b51acf3b8818134a1a2a0dc2,2026-09-26T23:30:00Z,Utah State Aggies,Troy Trojans,fanduel,FanDuel,2026-09-26T19:35:15Z,totals,2026-09-26T19:35:15Z,Under,-115,47.5,20260926193526122038
NCAAF,americanfootball_ncaaf,dbc89703b51acf3b8818134a1a2a0dc2,2026-09-26T23:30:00Z,Utah State Aggies,Troy Trojans,mybookieag,MyBookie.ag,2026-09-26T19:35:13Z,h2h,2026-09-26T19:35:13Z,Troy Trojans,122,,20260926193526122038
NCAAF,americanfootball_ncaaf,dbc89703b51acf3b8818134a1a2a0dc2,2026-09-26T23:30:00Z,Utah State Aggies,Troy Trojans,mybookieag,MyBookie.ag,2026-09-26T19:35:13Z,h2h,2026-09-26T19:35:13Z,Utah State Aggies,-149,,20260926193526122038
NCAAF,americanfootball_ncaaf,dbc89703b51acf3b8818134a1a2a0dc2,2026-09-26T23:30:00Z,Utah State Aggies,Troy Trojans,mybookieag,MyBookie.ag,2026-09-26T19:35:13Z,spreads,2026-09-26T19:35:13Z,Troy Trojans,-110,3.0,20260926193526122038
NCAAF,americanfootball_ncaaf,dbc89703b51acf3b8818134a1a2a0dc2,2026-09-26T23:30:00Z,Utah State Aggies,Troy Trojans,mybookieag,MyBookie.ag,2026-09-26T19:35:13Z,spreads,2026-09-26T19:35:13Z,Utah State Aggies,-110,-3.0,20260926193526122038
NCAAF,americanfootball_ncaaf,dbc89703b51acf3b8818134a1a2a0dc2,2026-09-26T23:30:00Z,Utah State Aggies,Troy Trojans,mybookieag,MyBookie.ag,2026-09-26T19:35:13Z,totals,2026-09-26T19:35:13Z,Over,-110,47.0,20260926193526122038
NCAAF,americanfootball_ncaaf,dbc89703b51acf3b8818134a1a2a0dc2,2026-09-26T23:30:00Z,Utah State Aggies,Troy Trojans,mybookieag,MyBookie.ag,2026-09-26T19:35:13Z,totals,2026-09-26T19:35:13Z,Under,-110,47.0,20260926193526122038
NCAAF,americanfootball_ncaaf,dbc89703b51acf3b8818134a1a2a0dc2,2026-09-26T23:30:00Z,Utah State Aggies,Troy Trojans,betrivers,BetRivers,2026-09-26T19:34:38Z,h2h,2026-09-26T19:34:38Z,Troy Trojans,110,,20260926193526122038
NCAAF,americanfootball_ncaaf,dbc89703b51acf3b8818134a1a2a0dc2,2026-09-26T23:30:00Z,Utah State Aggies,Troy Trojans,betrivers,BetRivers,2026-09-26T19:34:38Z,h2h,2026-09-26T19:34:38Z,Utah State Aggies,-137,,20260926193526122038
NCAAF,americanfootball_ncaaf,dbc89703b51acf3b8818134a1a2a0dc2,2026-09-26T23:30:00Z,Utah State Aggies,Troy Trojans,betrivers,BetRivers,2026-09-26T19:34:38Z,spreads,2026-09-26T19:34:38Z,Troy Trojans,-110,2.5,20260926193526122038
NCAAF,americanfootball_ncaaf,dbc89703b51acf3b8818134a1a2a0dc2,2026-09-26T23:30:00Z,Utah State Aggies,Troy Trojans,betrivers,BetRivers,2026-09-26T19:34:38Z,spreads,2026-09-26T19:34:38Z,Utah State Aggies,-112,-2.5,20260926193526122038
NCAAF,americanfootball_ncaaf,dbc89703b51acf3b8818134a1a2a0dc2,2026-09-26T23:30:00Z,Utah State Aggies,Troy Trojans,betrivers,BetRivers,2026-09-26T19:34:38Z,totals,2026-09-26T19:34:38Z,Over,-122,46.5,20260926193526122038
NCAAF,americanfootball_ncaaf,dbc89703b51acf3b8818134a1a2a0dc2,2026-09-26T23:30:00Z,Utah State Aggies,Troy Trojans,betrivers,BetRivers,2026-09-26T19:34:38Z,totals,2026-09-26T19:34:38Z,Under,-106,46.5,20260926193526122038
NCAAF,americanfootball_ncaaf,dbc89703b51acf3b8818134a1a2a0dc2,2026-09-26T23:30:00Z,Utah State Aggies,Troy Trojans,draftkings,DraftKings,2026-09-26T19:34:04Z,h2h,2026-09-26T19:34:04Z,Troy Trojans,124,,20260926193526122038
NCAAF,americanfootball_ncaaf,dbc89703b51acf3b8818134a1a2a0dc2,2026-09-26T23:30:00Z,Utah State Aggies,Troy Trojans,draftkings,DraftKings,2026-09-26T19:34:04Z,h2h,2026-09-26T19:34:04Z,Utah State Aggies,-148,,20260926193526122038
NCAAF,americanfootball_ncaaf,dbc89703b51acf3b8818134a1a2a0dc2,2026-09-26T23:30:00Z,Utah State Aggies,Troy Trojans,draftkings,DraftKings,2026-09-26T19:34:04Z,spreads,2026-09-26T19:34:04Z,Troy Trojans,-112,3.0,20260926193526122038
NCAAF,americanfootball_ncaaf,dbc89703b51acf3b8818134a1a2a0dc2,2026-09-26T23:30:00Z,Utah State Aggies,Troy Trojans,draftkings,DraftKings,2026-09-26T19:34:04Z,spreads,2026-09-26T19:34:04Z,Utah State Aggies,-108,-3.0,20260926193526122038
NCAAF,americanfootball_ncaaf,dbc89703b51acf3b8818134a1a2a0dc2,2026-09-26T23:30:00Z,Utah State Aggies,Troy Trojans,draftkings,DraftKings,2026-09-26T19:34:04Z,totals,2026-09-26T19:34:04Z,Over,-102,47.5,20260926193526122038
NCAAF,americanfootball_ncaaf,dbc89703b51acf3b8818134a1a2a0dc2,2026-09-26T23:30:00Z,Utah State Aggies,Troy Trojans,draftkings,DraftKings,2026-09-26T19:34:04Z,totals,2026-09-26T19:34:04Z,Under,-118,47.5,20260926193526122038
NCAAF,americanfootball_ncaaf,dbc89703b51acf3b8818134a1a2a0dc2,2026-09-26T23:30:00Z,Utah State Aggies,Troy Trojans,lowvig,LowVig.ag,2026-09-26T19:34:21Z,h2h,2026-09-26T19:34:21Z,Troy Trojans,127,,20260926193526122038
NCAAF,americanfootball_ncaaf,dbc89703b51acf3b8818134a1a2a0dc2,2026-09-26T23:30:00Z,Utah State Aggies,Troy Trojans,lowvig,LowVig.ag,2026-09-26T19:34:21Z,h2h,2026-09-26T19:34:21Z,Utah State Aggies,-147,,20260926193526122038
NCAAF,americanfootball_ncaaf,dbc89703b51acf3b8818134a1a2a0dc2,2026-09-26T23:30:00Z,Utah State Aggies,Troy Trojans,lowvig,LowVig.ag,2026-09-26T19:34:21Z,spreads,2026-09-26T19:34:21Z,Troy Trojans,-110,3.0,20260926193526122038
NCAAF,americanfootball_ncaaf,dbc89703b51acf3b8818134a1a2a0dc2,2026-09-26T23:30:00Z,Utah State Aggies,Troy Trojans,lowvig,LowVig.ag,2026-09-26T19:34:21Z,spreads,2026-09-26T19:34:21Z,Utah State Aggies,-102,-3.0,20260926193526122038
NCAAF,americanfootball_ncaaf,dbc89703b51acf3b8818134a1a2a0dc2,2026-09-26T23:30:00Z,Utah State Aggies,Troy Trojans,lowvig,LowVig.ag,2026-09-26T19:34:21Z,totals,2026-09-26T19:34:21Z,Over,-108,47.0,20260926193526122038
NCAAF,americanfootball_ncaaf,dbc89703b51acf3b8818134a1a2a0dc2,2026-09-26T23:30:00Z,Utah State Aggies,Troy Trojans,lowvig,LowVig.ag,2026-09-26T19:34:21Z,totals,2026-09-26T19:34:21Z,Under,-108,47.0,20260926193526122038
NCAAF,americanfootball_ncaaf,dbc89703b51acf3b8818134a1a2a0dc2,2026-09-26T23:30:00Z,Utah State Aggies,Troy Trojans,betonlineag,BetOnline.ag,2026-09-26T19:34:56Z,h2h,2026-09-26T19:34:54Z,Troy Trojans,127,,20260926193526122038
NCAAF,americanfootball_ncaaf,dbc89703b51acf3b8818134a1a2a0dc2,2026-09-26T23:30:00Z,Utah State Aggies,Troy Trojans,betonlineag,BetOnline.ag,2026-09-26T19:34:56Z,h2h,2026-09-26T19:34:54Z,Utah State Aggies,-147,,20260926193526122038
NCAAF,americanfootball_ncaaf,dbc89703b51acf3b8818134a1a2a0dc2,2026-09-26T23:30:00Z,Utah State Aggies,Troy Trojans,betonlineag,BetOnline.ag,2026-09-26T19:34:56Z,spreads,2026-09-26T19:34:54Z,Troy Trojans,-114,3.0,20260926193526122038
NCAAF,americanfootball_ncaaf,dbc89703b51acf3b8818134a1a2a0dc2,2026-09-26T23:30:00Z,Utah State Aggies,Troy Trojans,betonlineag,BetOnline.ag,2026-09-26T19:34:56Z,spreads,2026-09-26T19:34:54Z,Utah State Aggies,-106,-3.0,20260926193526122038
NCAAF,americanfootball_ncaaf,dbc89703b51acf3b8818134a1a2a0dc2,2026-09-26T23:30:00Z,Utah State Aggies,Troy Trojans,betonlineag,BetOnline.ag,2026-09-26T19:34:56Z,totals,2026-09-26T19:34:54Z,Over,-110,47.0,20260926193526122038
NCAAF,americanfootball_ncaaf,dbc89703b51acf3b8818134a1a2a0dc2,2026-09-26T23:30:00Z,Utah State Aggies,Troy Trojans,betonlineag,BetOnline.ag,2026-09-26T19:34:56Z,totals,2026-09-26T19:34:54Z,Under,-110,47.0,20260926193526122038
NCAAF,americanfootball_ncaaf,dbc89703b51acf3b8818134a1a2a0dc2,2026-09-26T23:30:00Z,Utah State Aggies,Troy Trojans,betus,BetUS,2026-09-26T19:35:13Z,h2h,2026-09-26T19:35:13Z,Troy Trojans,125,,20260926193526122038
NCAAF,americanfootball_ncaaf,dbc89703b51acf3b8818134a1a2a0dc2,2026-09-26T23:30:00Z,Utah State Aggies,Troy Trojans,betus,BetUS,2026-09-26T19:35:13Z,h2h,2026-09-26T19:35:13Z,Utah State Aggies,-145,,20260926193526122038
NCAAF,americanfootball_ncaaf,dbc89703b51acf3b8818134a1a2a0dc2,2026-09-26T23:30:00Z,Utah State Aggies,Troy Trojans,betus,BetUS,2026-09-26T19:35:13Z,spreads,2026-09-26T19:35:13Z,Troy Trojans,-115,3.0,20260926193526122038
NCAAF,americanfootball_ncaaf,dbc89703b51acf3b8818134a1a2a0dc2,2026-09-26T23:30:00Z,Utah State Aggies,Troy Trojans,betus,BetUS,2026-09-26T19:35:13Z,spreads,2026-09-26T19:35:13Z,Utah State Aggies,-105,-3.0,20260926193526122038
NCAAF,americanfootball_ncaaf,dbc89703b51acf3b8818134a1a2a0dc2,2026-09-26T23:30:00Z,Utah State Aggies,Troy Trojans,betus,BetUS,2026-09-26T19:35:13Z,totals,2026-09-26T19:35:13Z,Over,-110,47.0,20260926193526122038
NCAAF,americanfootball_ncaaf,dbc89703b51acf3b8818134a1a2a0dc2,2026-09-26T23:30:00Z,Utah State Aggies,Troy Trojans,betus,BetUS,2026-09-26T19:35:13Z,totals,2026-09-26T19:35:13Z,Under,-110,47.0,20260926193526122038
NCAAF,americanfootball_ncaaf,dbc89703b51acf3b8818134a1a2a0dc2,2026-09-26T23:30:00Z,Utah State Aggies,Troy Trojans,betmgm,BetMGM,2026-09-26T19:34:43Z,h2h,2026-09-26T19:34:43Z,Troy Trojans,125,,20260926193526122038
NCAAF,americanfootball_ncaaf,dbc89703b51acf3b8818134a1a2a0dc2,2026-09-26T23:30:00Z,Utah State Aggies,Troy Trojans,betmgm,BetMGM,2026-09-26T19:34:43Z,h2h,2026-09-26T19:34:43Z,Utah State Aggies,-150,,20260926193526122038
NCAAF,americanfootball_ncaaf,dbc89703b51acf3b8818134a1a2a0dc2,2026-09-26T23:30:00Z,Utah State Aggies,Troy Trojans,betmgm,BetMGM,2026-09-26T19:34:43Z,spreads,2026-09-26T19:34:43Z,Troy Trojans,-110,3.0,20260926193526122038
NCAAF,americanfootball_ncaaf,dbc89703b51acf3b8818134a1a2a0dc2,2026-09-26T23:30:00Z,Utah State Aggies,Troy Trojans,betmgm,BetMGM,2026-09-26T19:34:43Z,spreads,2026-09-26T19:34:43Z,Utah State Aggies,-108,-3.0,20260926193526122038
NCAAF,americanfootball_ncaaf,dbc89703b51acf3b8818134a1a2a0dc2,2026-09-26T23:30:00Z,Utah State Aggies,Troy Trojans,betmgm,BetMGM,2026-09-26T19:34:43Z,totals,2026-09-26T19:34:43Z,Over,-105,47.5,20260926193526122038
NCAAF,americanfootball_ncaaf,dbc89703b51acf3b8818134a1a2a0dc2,2026-09-26T23:30:00Z,Utah State Aggies,Troy Trojans,betmgm,BetMGM,2026-09-26T19:34:43Z,totals,2026-09-26T19:34:43Z,Under,-115,47.5,20260926193526122038
NCAAF,americanfootball_ncaaf,dbc89703b51acf3b8818134a1a2a0dc2,2026-09-26T23:30:00Z,Utah State Aggies,Troy Trojans,bovada,Bovada,2026-09-26T19:34:42Z,h2h,2026-09-26T19:34:42Z,Troy Trojans,125,,20260926193526122038
NCAAF,americanfootball_ncaaf,dbc89703b51acf3b8818134a1a2a0dc2,2026-09-26T23:30:00Z,Utah State Aggies,Troy Trojans,bovada,Bovada,2026-09-26T19:34:42Z,h2h,2026-09-26T19:34:42Z,Utah State Aggies,-145,,20260926193526122038
NCAAF,americanfootball_ncaaf,dbc89703b51acf3b8818134a1a2a0dc2,2026-09-26T23:30:00Z,Utah State Aggies,Troy Trojans,bovada,Bovada,2026-09-26T19:34:42Z,spreads,2026-09-26T19:34:42Z,Troy Trojans,-110,3.0,20260926193526122038
NCAAF,americanfootball_ncaaf,dbc89703b51acf3b8818134a1a2a0dc2,2026-09-26T23:30:00Z,Utah State Aggies,Troy Trojans,bovada,Bovada,2026-09-26T19:34:42Z,spreads,2026-09-26T19:34:42Z,Utah State Aggies,-110,-3.0,20260926193526122038
NCAAF,americanfootball_ncaaf,dbc89703b51acf3b8818134a1a2a0dc2,2026-09-26T23:30:00Z,Utah State Aggies,Troy Trojans,bovada,Bovada,2026-09-26T19:34:42Z,totals,2026-09-26T19:34:42Z,Over,-110,47.0,20260926193526122038
NCAAF,americanfootball_ncaaf,dbc89703b51acf3b8818134a1a2a0dc2,2026-09-26T23:30:00Z,Utah State Aggies,Troy Trojans,bovada,Bovada,2026-09-26T19:34:42Z,totals,2026-09-26T19:34:42Z,Under,-110,47.0,20260926193526122038
NCAAF,americanfootball_ncaaf,f154381c89953d3b0bd409a6bc4e28a6,2026-09-26T23:45:00Z,Mississippi State Bulldogs,Missouri Tigers,draftkings,DraftKings,2026-09-26T19:34:04Z,h2h,2026-09-26T19:34:04Z,Mississippi State Bulldogs,-218,,20260926193526122038
NCAAF,americanfootball_ncaaf,f154381c89953d3b0bd409a6bc4e28a6,2026-09-26T23:45:00Z,Mississippi State Bulldogs,Missouri Tigers,draftkings,DraftKings,2026-09-26T19:34:04Z,h2h,2026-09-26T19:34:04Z,Missouri Tigers,180,,20260926193526122038
NCAAF,americanfootball_ncaaf,f154381c89953d3b0bd409a6bc4e28a6,2026-09-26T23:45:00Z,Mississippi State Bulldogs,Missouri Tigers,draftkings,DraftKings,2026-09-26T19:34:04Z,spreads,2026-09-26T19:34:04Z,Mississippi State Bulldogs,-115,-4.5,20260926193526122038
NCAAF,americanfootball_ncaaf,f154381c89953d3b0bd409a6bc4e28a6,2026-09-26T23:45:00Z,Mississippi State Bulldogs,Missouri Tigers,draftkings,DraftKings,2026-09-26T19:34:04Z,spreads,2026-09-26T19:34:04Z,Missouri Tigers,-105,4.5,20260926193526122038
NCAAF,americanfootball_ncaaf,f154381c89953d3b0bd409a6bc4e28a6,2026-09-26T23:45:00Z,Mississippi State Bulldogs,Missouri Tigers,draftkings,DraftKings,2026-09-26T19:34:04Z,totals,2026-09-26T19:34:04Z,Over,-112,58.5,20260926193526122038
NCAAF,americanfootball_ncaaf,f154381c89953d3b0bd409a6bc4e28a6,2026-09-26T23:45:00Z,Mississippi State Bulldogs,Missouri Tigers,draftkings,DraftKings,2026-09-26T19:34:04Z,totals,2026-09-26T19:34:04Z,Under,-108,58.5,20260926193526122038
NCAAF,americanfootball_ncaaf,f154381c89953d3b0bd409a6bc4e28a6,2026-09-26T23:45:00Z,Mississippi State Bulldogs,Missouri Tigers,fanduel,FanDuel,2026-09-26T19:35:15Z,h2h,2026-09-26T19:35:15Z,Mississippi State Bulldogs,-200,,20260926193526122038
NCAAF,americanfootball_ncaaf,f154381c89953d3b0bd409a6bc4e28a6,2026-09-26T23:45:00Z,Mississippi State Bulldogs,Missouri Tigers,fanduel,FanDuel,2026-09-26T19:35:15Z,h2h,2026-09-26T19:35:15Z,Missouri Tigers,164,,20260926193526122038
NCAAF,americanfootball_ncaaf,f154381c89953d3b0bd409a6bc4e28a6,2026-09-26T23:45:00Z,Mississippi State Bulldogs,Missouri Tigers,fanduel,FanDuel,2026-09-26T19:35:15Z,spreads,2026-09-26T19:35:15Z,Mississippi State Bulldogs,-110,-4.5,20260926193526122038
NCAAF,americanfootball_ncaaf,f154381c89953d3b0bd409a6bc4e28a6,2026-09-26T23:45:00Z,Mississippi State Bulldogs,Missouri Tigers,fanduel,FanDuel,2026-09-26T19:35:15Z,spreads,2026-09-26T19:35:15Z,Missouri Tigers,-110,4.5,20260926193526122038
NCAAF,americanfootball_ncaaf,f154381c89953d3b0bd409a6bc4e28a6,2026-09-26T23:45:00Z,Mississippi State Bulldogs,Missouri Tigers,fanduel,FanDuel,2026-09-26T19:35:15Z,totals,2026-09-26T19:35:15Z,Over,-106,58.5,20260926193526122038
NCAAF,americanfootball_ncaaf,f154381c89953d3b0bd409a6bc4e28a6,2026-09-26T23:45:00Z,Mississippi State Bulldogs,Missouri Tigers,fanduel,FanDuel,2026-09-26T19:35:15Z,totals,2026-09-26T19:35:15Z,Under,-114,58.5,20260926193526122038
NCAAF,americanfootball_ncaaf,f154381c89953d3b0bd409a6bc4e28a6,2026-09-26T23:45:00Z,Mississippi State Bulldogs,Missouri Tigers,mybookieag,MyBookie.ag,2026-09-26T19:35:13Z,h2h,2026-09-26T19:35:13Z,Mississippi State Bulldogs,-212,,20260926193526122038
NCAAF,americanfootball_ncaaf,f154381c89953d3b0bd409a6bc4e28a6,2026-09-26T23:45:00Z,Mississippi State Bulldogs,Missouri Tigers,mybookieag,MyBookie.ag,2026-09-26T19:35:13Z,h2h,2026-09-26T19:35:13Z,Missouri Tigers,170,,20260926193526122038
NCAAF,americanfootball_ncaaf,f154381c89953d3b0bd409a6bc4e28a6,2026-09-26T23:45:00Z,Mississippi State Bulldogs,Missouri Tigers,mybookieag,MyBookie.ag,2026-09-26T19:35:13Z,spreads,2026-09-26T19:35:13Z,Mississippi State Bulldogs,-110,-5.0,20260926193526122038
NCAAF,americanfootball_ncaaf,f154381c89953d3b0bd409a6bc4e28a6,2026-09-26T23:45:00Z,Mississippi State Bulldogs,Missouri Tigers,mybookieag,MyBookie.ag,2026-09-26T19:35:13Z,spreads,2026-09-26T19:35:13Z,Missouri Tigers,-110,5.0,20260926193526122038
NCAAF,americanfootball_ncaaf,f154381c89953d3b0bd409a6bc4e28a6,2026-09-26T23:45:00Z,Mississippi State Bulldogs,Missouri Tigers,mybookieag,MyBookie.ag,2026-09-26T19:35:13Z,totals,2026-09-26T19:35:13Z,Over,-110,58.5,20260926193526122038
NCAAF,americanfootball_ncaaf,f154381c89953d3b0bd409a6bc4e28a6,2026-09-26T23:45:00Z,Mississippi State Bulldogs,Missouri Tigers,mybookieag,MyBookie.ag,2026-09-26T19:35:13Z,totals,2026-09-26T19:35:13Z,Under,-110,58.5,20260926193526122038
NCAAF,americanfootball_ncaaf,f154381c89953d3b0bd409a6bc4e28a6,2026-09-26T23:45:00Z,Mississippi State Bulldogs,Missouri Tigers,betrivers,BetRivers,2026-09-26T19:34:38Z,h2h,2026-09-26T19:34:38Z,Mississippi State Bulldogs,-235,,20260926193526122038
NCAAF,americanfootball_ncaaf,f154381c89953d3b0bd409a6bc4e28a6,2026-09-26T23:45:00Z,Mississippi State Bulldogs,Missouri Tigers,betrivers,BetRivers,2026-09-26T19:34:38Z,h2h,2026-09-26T19:34:38Z,Missouri Tigers,180,,20260926193526122038
NCAAF,americanfootball_ncaaf,f154381c89953d3b0bd409a6bc4e28a6,2026-09-26T23:45:00Z,Mississippi State Bulldogs,Missouri Tigers,betrivers,BetRivers,2026-09-26T19:34:38Z,spreads,2026-09-26T19:34:38Z,Mississippi State Bulldogs,-109,-6.0,20260926193526122038
NCAAF,americanfootball_ncaaf,f154381c89953d3b0bd409a6bc4e28a6,2026-09-26T23:45:00Z,Mississippi State Bulldogs,Missouri Tigers,betrivers,BetRivers,2026-09-26T19:34:38Z,spreads,2026-09-26T19:34:38Z,Missouri Tigers,-114,6.0,20260926193526122038
NCAAF,americanfootball_ncaaf,f154381c89953d3b0bd409a6bc4e28a6,2026-09-26T23:45:00Z,Mississippi State Bulldogs,Missouri Tigers,betrivers,BetRivers,2026-09-26T19:34:38Z,totals,2026-09-26T19:34:38Z,Over,-112,58.5,20260926193526122038
NCAAF,americanfootball_ncaaf,f154381c89953d3b0bd409a6bc4e28a6,2026-09-26T23:45:00Z,Mississippi State Bulldogs,Missouri Tigers,betrivers,BetRivers,2026-09-26T19:34:38Z,totals,2026-09-26T19:34:38Z,Under,-112,58.5,20260926193526122038
NCAAF,americanfootball_ncaaf,f154381c89953d3b0bd409a6bc4e28a6,2026-09-26T23:45:00Z,Mississippi State Bulldogs,Missouri Tigers,lowvig,LowVig.ag,2026-09-26T19:34:21Z,h2h,2026-09-26T19:34:21Z,Mississippi State Bulldogs,-210,,20260926193526122038
NCAAF,americanfootball_ncaaf,f154381c89953d3b0bd409a6bc4e28a6,2026-09-26T23:45:00Z,Mississippi State Bulldogs,Missouri Tigers,lowvig,LowVig.ag,2026-09-26T19:34:21Z,h2h,2026-09-26T19:34:21Z,Missouri Tigers,180,,20260926193526122038
NCAAF,americanfootball_ncaaf,f154381c89953d3b0bd409a6bc4e28a6,2026-09-26T23:45:00Z,Mississippi State Bulldogs,Missouri Tigers,lowvig,LowVig.ag,2026-09-26T19:34:21Z,spreads,2026-09-26T19:34:21Z,Mississippi State Bulldogs,-106,-5.5,20260926193526122038
NCAAF,americanfootball_ncaaf,f154381c89953d3b0bd409a6bc4e28a6,2026-09-26T23:45:00Z,Mississippi State Bulldogs,Missouri Tigers,lowvig,LowVig.ag,2026-09-26T19:34:21Z,spreads,2026-09-26T19:34:21Z,Missouri Tigers,-106,5.5,20260926193526122038
NCAAF,americanfootball_ncaaf,f154381c89953d3b0bd409a6bc4e28a6,2026-09-26T23:45:00Z,Mississippi State Bulldogs,Missouri Tigers,lowvig,LowVig.ag,2026-09-26T19:34:21Z,totals,2026-09-26T19:34:21Z,Over,-114,58.5,20260926193526122038
NCAAF,americanfootball_ncaaf,f154381c89953d3b0bd409a6bc4e28a6,2026-09-26T23:45:00Z,Mississippi State Bulldogs,Missouri Tigers,lowvig,LowVig.ag,2026-09-26T19:34:21Z,totals,2026-09-26T19:34:21Z,Under,-103,58.5,20260926193526122038
NCAAF,americanfootball_ncaaf,f154381c89953d3b0bd409a6bc4e28a6,2026-09-26T23:45:00Z,Mississippi State Bulldogs,Missouri Tigers,betonlineag,BetOnline.ag,2026-09-26T19:34:56Z,h2h,2026-09-26T19:34:54Z,Mississippi State Bulldogs,-210,,20260926193526122038
NCAAF,americanfootball_ncaaf,f154381c89953d3b0bd409a6bc4e28a6,2026-09-26T23:45:00Z,Mississippi State Bulldogs,Missouri Tigers,betonlineag,BetOnline.ag,2026-09-26T19:34:56Z,h2h,2026-09-26T19:34:54Z,Missouri Tigers,180,,20260926193526122038
NCAAF,americanfootball_ncaaf,f154381c89953d3b0bd409a6bc4e28a6,2026-09-26T23:45:00Z,Mississippi State Bulldogs,Missouri Tigers,betonlineag,BetOnline.ag,2026-09-26T19:34:56Z,spreads,2026-09-26T19:34:54Z,Mississippi State Bulldogs,-105,-5.5,20260926193526122038
NCAAF,americanfootball_ncaaf,f154381c89953d3b0bd409a6bc4e28a6,2026-09-26T23:45:00Z,Mississippi State Bulldogs,Missouri Tigers,betonlineag,BetOnline.ag,2026-09-26T19:34:56Z,spreads,2026-09-26T19:34:54Z,Missouri Tigers,-115,5.5,20260926193526122038
NCAAF,americanfootball_ncaaf,f154381c89953d3b0bd409a6bc4e28a6,2026-09-26T23:45:00Z,Mississippi State Bulldogs,Missouri Tigers,betonlineag,BetOnline.ag,2026-09-26T19:34:56Z,totals,2026-09-26T19:34:54Z,Over,-115,58.5,20260926193526122038
NCAAF,americanfootball_ncaaf,f154381c89953d3b0bd409a6bc4e28a6,2026-09-26T23:45:00Z,Mississippi State Bulldogs,Missouri Tigers,betonlineag,BetOnline.ag,2026-09-26T19:34:56Z,totals,2026-09-26T19:34:54Z,Under,-105,58.5,20260926193526122038
NCAAF,americanfootball_ncaaf,f154381c89953d3b0bd409a6bc4e28a6,2026-09-26T23:45:00Z,Mississippi State Bulldogs,Missouri Tigers,betmgm,BetMGM,2026-09-26T19:34:43Z,h2h,2026-09-26T19:34:43Z,Mississippi State Bulldogs,-210,,20260926193526122038
NCAAF,americanfootball_ncaaf,f154381c89953d3b0bd409a6bc4e28a6,2026-09-26T23:45:00Z,Mississippi State Bulldogs,Missouri Tigers,betmgm,BetMGM,2026-09-26T19:34:43Z,h2h,2026-09-26T19:34:43Z,Missouri Tigers,170,,20260926193526122038
NCAAF,americanfootball_ncaaf,f154381c89953d3b0bd409a6bc4e28a6,2026-09-26T23:45:00Z,Mississippi State Bulldogs,Missouri Tigers,betmgm,BetMGM,2026-09-26T19:34:43Z,spreads,2026-09-26T19:34:43Z,Mississippi State Bulldogs,-110,-4.5,20260926193526122038
NCAAF,americanfootball_ncaaf,f154381c89953d3b0bd409a6bc4e28a6,2026-09-26T23:45:00Z,Mississippi State Bulldogs,Missouri Tigers,betmgm,BetMGM,2026-09-26T19:34:43Z,spreads,2026-09-26T19:34:43Z,Missouri Tigers,-108,4.5,20260926193526122038
NCAAF,americanfootball_ncaaf,f154381c89953d3b0bd409a6bc4e28a6,2026-09-26T23:45:00Z,Mississippi State Bulldogs,Missouri Tigers,betmgm,BetMGM,2026-09-26T19:34:43Z,totals,2026-09-26T19:34:43Z,Over,-108,58.5,20260926193526122038
NCAAF,americanfootball_ncaaf,f154381c89953d3b0bd409a6bc4e28a6,2026-09-26T23:45:00Z,Mississippi State Bulldogs,Missouri Tigers,betmgm,BetMGM,2026-09-26T19:34:43Z,totals,2026-09-26T19:34:43Z,Under,-110,58.5,20260926193526122038
NCAAF,americanfootball_ncaaf,f154381c89953d3b0bd409a6bc4e28a6,2026-09-26T23:45:00Z,Mississippi State Bulldogs,Missouri Tigers,betus,BetUS,2026-09-26T19:35:13Z,h2h,2026-09-26T19:35:13Z,Mississippi State Bulldogs,-210,,20260926193526122038
NCAAF,americanfootball_ncaaf,f154381c89953d3b0bd409a6bc4e28a6,2026-09-26T23:45:00Z,Mississippi State Bulldogs,Missouri Tigers,betus,BetUS,2026-09-26T19:35:13Z,h2h,2026-09-26T19:35:13Z,Missouri Tigers,180,,20260926193526122038
NCAAF,americanfootball_ncaaf,f154381c89953d3b0bd409a6bc4e28a6,2026-09-26T23:45:00Z,Mississippi State Bulldogs,Missouri Tigers,betus,BetUS,2026-09-26T19:35:13Z,spreads,2026-09-26T19:35:13Z,Mississippi State Bulldogs,-110,-4.5,20260926193526122038
NCAAF,americanfootball_ncaaf,f154381c89953d3b0bd409a6bc4e28a6,2026-09-26T23:45:00Z,Mississippi State Bulldogs,Missouri Tigers,betus,BetUS,2026-09-26T19:35:13Z,spreads,2026-09-26T19:35:13Z,Missouri Tigers,-110,4.5,20260926193526122038
NCAAF,americanfootball_ncaaf,f154381c89953d3b0bd409a6bc4e28a6,2026-09-26T23:45:00Z,Mississippi State Bulldogs,Missouri Tigers,betus,BetUS,2026-09-26T19:35:13Z,totals,2026-09-26T19:35:13Z,Over,-110,58.5,20260926193526122038
NCAAF,americanfootball_ncaaf,f154381c89953d3b0bd409a6bc4e28a6,2026-09-26T23:45:00Z,Mississippi State Bulldogs,Missouri Tigers,betus,BetUS,2026-09-26T19:35:13Z,totals,2026-09-26T19:35:13Z,Under,-110,58.5,20260926193526122038
NCAAF,americanfootball_ncaaf,f154381c89953d3b0bd409a6bc4e28a6,2026-09-26T23:45:00Z,Mississippi State Bulldogs,Missouri Tigers,bovada,Bovada,2026-09-26T19:34:42Z,h2h,2026-09-26T19:34:42Z,Mississippi State Bulldogs,-210,,20260926193526122038
NCAAF,americanfootball_ncaaf,f154381c89953d3b0bd409a6bc4e28a6,2026-09-26T23:45:00Z,Mississippi State Bulldogs,Missouri Tigers,bovada,Bovada,2026-09-26T19:34:42Z,h2h,2026-09-26T19:34:42Z,Missouri Tigers,175,,20260926193526122038
NCAAF,americanfootball_ncaaf,f154381c89953d3b0bd409a6bc4e28a6,2026-09-26T23:45:00Z,Mississippi State Bulldogs,Missouri Tigers,bovada,Bovada,2026-09-26T19:34:42Z,spreads,2026-09-26T19:34:42Z,Mississippi State Bulldogs,-110,-5.0,20260926193526122038
NCAAF,americanfootball_ncaaf,f154381c89953d3b0bd409a6bc4e28a6,2026-09-26T23:45:00Z,Mississippi State Bulldogs,Missouri Tigers,bovada,Bovada,2026-09-26T19:34:42Z,spreads,2026-09-26T19:34:42Z,Missouri Tigers,-110,5.0,20260926193526122038
NCAAF,americanfootball_ncaaf,f154381c89953d3b0bd409a6bc4e28a6,2026-09-26T23:45:00Z,Mississippi State Bulldogs,Missouri Tigers,bovada,Bovada,2026-09-26T19:34:42Z,totals,2026-09-26T19:34:42Z,Over,-110,58.5,20260926193526122038
NCAAF,americanfootball_ncaaf,f154381c89953d3b0bd409a6bc4e28a6,2026-09-26T23:45:00Z,Mississippi State Bulldogs,Missouri Tigers,bovada,Bovada,2026-09-26T19:34:42Z,totals,2026-09-26T19:34:42Z,Under,-110,58.5,20260926193526122038
NCAAF,americanfootball_ncaaf,891673ae39457f51a701ca482c2f7280,2026-09-27T00:00:00Z,Arkansas Razorbacks,Tulsa Golden Hurricane,fanduel,FanDuel,2026-09-26T19:35:15Z,h2h,2026-09-26T19:35:15Z,Arkansas Razorbacks,-295,,20260926193526122038
NCAAF,americanfootball_ncaaf,891673ae39457f51a701ca482c2f7280,2026-09-27T00:00:00Z,Arkansas Razorbacks,Tulsa Golden Hurricane,fanduel,FanDuel,2026-09-26T19:35:15Z,h2h,2026-09-26T19:35:15Z,Tulsa Golden Hurricane,235,,20260926193526122038
NCAAF,americanfootball_ncaaf,891673ae39457f51a701ca482c2f7280,2026-09-27T00:00:00Z,Arkansas Razorbacks,Tulsa Golden Hurricane,fanduel,FanDuel,2026-09-26T19:35:15Z,spreads,2026-09-26T19:35:15Z,Arkansas Razorbacks,100,-7.5,20260926193526122038
NCAAF,americanfootball_ncaaf,891673ae39457f51a701ca482c2f7280,2026-09-27T00:00:00Z,Arkansas Razorbacks,Tulsa Golden Hurricane,fanduel,FanDuel,2026-09-26T19:35:15Z,spreads,2026-09-26T19:35:15Z,Tulsa Golden Hurricane,-122,7.5,20260926193526122038
NCAAF,americanfootball_ncaaf,891673ae39457f51a701ca482c2f7280,2026-09-27T00:00:00Z,Arkansas Razorbacks,Tulsa Golden Hurricane,fanduel,FanDuel,2026-09-26T19:35:15Z,totals,2026-09-26T19:35:15Z,Over,-110,50.5,20260926193526122038
NCAAF,americanfootball_ncaaf,891673ae39457f51a701ca482c2f7280,2026-09-27T00:00:00Z,Arkansas Razorbacks,Tulsa Golden Hurricane,fanduel,FanDuel,2026-09-26T19:35:15Z,totals,2026-09-26T19:35:15Z,Under,-110,50.5,20260926193526122038
NCAAF,americanfootball_ncaaf,891673ae39457f51a701ca482c2f7280,2026-09-27T00:00:00Z,Arkansas Razorbacks,Tulsa Golden Hurricane,mybookieag,MyBookie.ag,2026-09-26T19:35:13Z,h2h,2026-09-26T19:35:13Z,Arkansas Razorbacks,-280,,20260926193526122038
NCAAF,americanfootball_ncaaf,891673ae39457f51a701ca482c2f7280,2026-09-27T00:00:00Z,Arkansas Razorbacks,Tulsa Golden Hurricane,mybookieag,MyBookie.ag,2026-09-26T19:35:13Z,h2h,2026-09-26T19:35:13Z,Tulsa Golden Hurricane,220,,20260926193526122038
NCAAF,americanfootball_ncaaf,891673ae39457f51a701ca482c2f7280,2026-09-27T00:00:00Z,Arkansas Razorbacks,Tulsa Golden Hurricane,mybookieag,MyBookie.ag,2026-09-26T19:35:13Z,spreads,2026-09-26T19:35:13Z,Arkansas Razorbacks,-110,-7.0,20260926193526122038
NCAAF,americanfootball_ncaaf,891673ae39457f51a701ca482c2f7280,2026-09-27T00:00:00Z,Arkansas Razorbacks,Tulsa Golden Hurricane,mybookieag,MyBookie.ag,2026-09-26T19:35:13Z,spreads,2026-09-26T19:35:13Z,Tulsa Golden Hurricane,-110,7.0,20260926193526122038
NCAAF,americanfootball_ncaaf,891673ae39457f51a701ca482c2f7280,2026-09-27T00:00:00Z,Arkansas Razorbacks,Tulsa Golden Hurricane,mybookieag,MyBookie.ag,2026-09-26T19:35:13Z,totals,2026-09-26T19:35:13Z,Over,-110,50.5,20260926193526122038
NCAAF,americanfootball_ncaaf,891673ae39457f51a701ca482c2f7280,2026-09-27T00:00:00Z,Arkansas Razorbacks,Tulsa Golden Hurricane,mybookieag,MyBookie.ag,2026-09-26T19:35:13Z,totals,2026-09-26T19:35:13Z,Under,-110,50.5,20260926193526122038
NCAAF,americanfootball_ncaaf,891673ae39457f51a701ca482c2f7280,2026-09-27T00:00:00Z,Arkansas Razorbacks,Tulsa Golden Hurricane,betrivers,BetRivers,2026-09-26T19:34:38Z,h2h,2026-09-26T19:34:38Z,Arkansas Razorbacks,-305,,20260926193526122038
NCAAF,americanfootball_ncaaf,891673ae39457f51a701ca482c2f7280,2026-09-27T00:00:00Z,Arkansas Razorbacks,Tulsa Golden Hurricane,betrivers,BetRivers,2026-09-26T19:34:38Z,h2h,2026-09-26T19:34:38Z,Tulsa Golden Hurricane,230,,20260926193526122038
NCAAF,americanfootball_ncaaf,891673ae39457f51a701ca482c2f7280,2026-09-27T00:00:00Z,Arkansas Razorbacks,Tulsa Golden Hurricane,betrivers,BetRivers,2026-09-26T19:34:38Z,spreads,2026-09-26T19:34:38Z,Arkansas Razorbacks,-112,-7.0,20260926193526122038
NCAAF,americanfootball_ncaaf,891673ae39457f51a701ca482c2f7280,2026-09-27T00:00:00Z,Arkansas Razorbacks,Tulsa Golden Hurricane,betrivers,BetRivers,2026-09-26T19:34:38Z,spreads,2026-09-26T19:34:38Z,Tulsa Golden Hurricane,-112,7.0,20260926193526122038
NCAAF,americanfootball_ncaaf,891673ae39457f51a701ca482c2f7280,2026-09-27T00:00:00Z,Arkansas Razorbacks,Tulsa Golden Hurricane,betrivers,BetRivers,2026-09-26T19:34:38Z,totals,2026-09-26T19:34:38Z,Over,-112,50.5,20260926193526122038
NCAAF,americanfootball_ncaaf,891673ae39457f51a701ca482c2f7280,2026-09-27T00:00:00Z,Arkansas Razorbacks,Tulsa Golden Hurricane,betrivers,BetRivers,2026-09-26T19:34:38Z,totals,2026-09-26T19:34:38Z,Under,-112,50.5,20260926193526122038
NCAAF,americanfootball_ncaaf,891673ae39457f51a701ca482c2f7280,2026-09-27T00:00:00Z,Arkansas Razorbacks,Tulsa Golden Hurricane,draftkings,DraftKings,2026-09-26T19:34:04Z,h2h,2026-09-26T19:34:04Z,Arkansas Razorbacks,-270,,20260926193526122038
NCAAF,americanfootball_ncaaf,891673ae39457f51a701ca482c2f7280,2026-09-27T00:00:00Z,Arkansas Razorbacks,Tulsa Golden Hurricane,draftkings,DraftKings,2026-09-26T19:34:04Z,h2h,2026-09-26T19:34:04Z,Tulsa Golden Hurricane,220,,20260926193526122038
NCAAF,americanfootball_ncaaf,891673ae39457f51a701ca482c2f7280,2026-09-27T00:00:00Z,Arkansas Razorbacks,Tulsa Golden Hurricane,draftkings,DraftKings,2026-09-26T19:34:04Z,spreads,2026-09-26T19:34:04Z,Arkansas Razorbacks,-110,-7.0,20260926193526122038
NCAAF,americanfootball_ncaaf,891673ae39457f51a701ca482c2f7280,2026-09-27T00:00:00Z,Arkansas Razorbacks,Tulsa Golden Hurricane,draftkings,DraftKings,2026-09-26T19:34:04Z,spreads,2026-09-26T19:34:04Z,Tulsa Golden Hurricane,-110,7.0,20260926193526122038
NCAAF,americanfootball_ncaaf,891673ae39457f51a701ca482c2f7280,2026-09-27T00:00:00Z,Arkansas Razorbacks,Tulsa Golden Hurricane,draftkings,DraftKings,2026-09-26T19:34:04Z,totals,2026-09-26T19:34:04Z,Over,-115,50.5,20260926193526122038
NCAAF,americanfootball_ncaaf,891673ae39457f51a701ca482c2f7280,2026-09-27T00:00:00Z,Arkansas Razorbacks,Tulsa Golden Hurricane,draftkings,DraftKings,2026-09-26T19:34:04Z,totals,2026-09-26T19:34:04Z,Under,-105,50.5,20260926193526122038
NCAAF,americanfootball_ncaaf,891673ae39457f51a701ca482c2f7280,2026-09-27T00:00:00Z,Arkansas Razorbacks,Tulsa Golden Hurricane,betonlineag,BetOnline.ag,2026-09-26T19:34:56Z,h2h,2026-09-26T19:34:54Z,Arkansas Razorbacks,-270,,20260926193526122038
NCAAF,americanfootball_ncaaf,891673ae39457f51a701ca482c2f7280,2026-09-27T00:00:00Z,Arkansas Razorbacks,Tulsa Golden Hurricane,betonlineag,BetOnline.ag,2026-09-26T19:34:56Z,h2h,2026-09-26T19:34:54Z,Tulsa Golden Hurricane,222,,20260926193526122038
NCAAF,americanfootball_ncaaf,891673ae39457f51a701ca482c2f7280,2026-09-27T00:00:00Z,Arkansas Razorbacks,Tulsa Golden Hurricane,betonlineag,BetOnline.ag,2026-09-26T19:34:56Z,spreads,2026-09-26T19:34:54Z,Arkansas Razorbacks,-112,-7.0,20260926193526122038
NCAAF,americanfootball_ncaaf,891673ae39457f51a701ca482c2f7280,2026-09-27T00:00:00Z,Arkansas Razorbacks,Tulsa Golden Hurricane,betonlineag,BetOnline.ag,2026-09-26T19:34:56Z,spreads,2026-09-26T19:34:54Z,Tulsa Golden Hurricane,-108,7.0,20260926193526122038
NCAAF,americanfootball_ncaaf,891673ae39457f51a701ca482c2f7280,2026-09-27T00:00:00Z,Arkansas Razorbacks,Tulsa Golden Hurricane,betonlineag,BetOnline.ag,2026-09-26T19:34:56Z,totals,2026-09-26T19:34:54Z,Over,-115,50.5,20260926193526122038
NCAAF,americanfootball_ncaaf,891673ae39457f51a701ca482c2f7280,2026-09-27T00:00:00Z,Arkansas Razorbacks,Tulsa Golden Hurricane,betonlineag,BetOnline.ag,2026-09-26T19:34:56Z,totals,2026-09-26T19:34:54Z,Under,-105,50.5,20260926193526122038
NCAAF,americanfootball_ncaaf,891673ae39457f51a701ca482c2f7280,2026-09-27T00:00:00Z,Arkansas Razorbacks,Tulsa Golden Hurricane,lowvig,LowVig.ag,2026-09-26T19:34:21Z,h2h,2026-09-26T19:34:21Z,Arkansas Razorbacks,-270,,20260926193526122038
NCAAF,americanfootball_ncaaf,891673ae39457f51a701ca482c2f7280,2026-09-27T00:00:00Z,Arkansas Razorbacks,Tulsa Golden Hurricane,lowvig,LowVig.ag,2026-09-26T19:34:21Z,h2h,2026-09-26T19:34:21Z,Tulsa Golden Hurricane,222,,20260926193526122038
NCAAF,americanfootball_ncaaf,891673ae39457f51a701ca482c2f7280,2026-09-27T00:00:00Z,Arkansas Razorbacks,Tulsa Golden Hurricane,lowvig,LowVig.ag,2026-09-26T19:34:21Z,spreads,2026-09-26T19:34:21Z,Arkansas Razorbacks,-108,-7.0,20260926193526122038
NCAAF,americanfootball_ncaaf,891673ae39457f51a701ca482c2f7280,2026-09-27T00:00:00Z,Arkansas Razorbacks,Tulsa Golden Hurricane,lowvig,LowVig.ag,2026-09-26T19:34:21Z,spreads,2026-09-26T19:34:21Z,Tulsa Golden Hurricane,-104,7.0,20260926193526122038
NCAAF,americanfootball_ncaaf,891673ae39457f51a701ca482c2f7280,2026-09-27T00:00:00Z,Arkansas Razorbacks,Tulsa Golden Hurricane,lowvig,LowVig.ag,2026-09-26T19:34:21Z,totals,2026-09-26T19:34:21Z,Over,-114,50.5,20260926193526122038
NCAAF,americanfootball_ncaaf,891673ae39457f51a701ca482c2f7280,2026-09-27T00:00:00Z,Arkansas Razorbacks,Tulsa Golden Hurricane,lowvig,LowVig.ag,2026-09-26T19:34:21Z,totals,2026-09-26T19:34:21Z,Under,-103,50.5,20260926193526122038
NCAAF,americanfootball_ncaaf,891673ae39457f51a701ca482c2f7280,2026-09-27T00:00:00Z,Arkansas Razorbacks,Tulsa Golden Hurricane,betus,BetUS,2026-09-26T19:35:13Z,h2h,2026-09-26T19:35:13Z,Arkansas Razorbacks,-260,,20260926193526122038
NCAAF,americanfootball_ncaaf,891673ae39457f51a701ca482c2f7280,2026-09-27T00:00:00Z,Arkansas Razorbacks,Tulsa Golden Hurricane,betus,BetUS,2026-09-26T19:35:13Z,h2h,2026-09-26T19:35:13Z,Tulsa Golden Hurricane,218,,20260926193526122038
NCAAF,americanfootball_ncaaf,891673ae39457f51a701ca482c2f7280,2026-09-27T00:00:00Z,Arkansas Razorbacks,Tulsa Golden Hurricane,betus,BetUS,2026-09-26T19:35:13Z,spreads,2026-09-26T19:35:13Z,Arkansas Razorbacks,-105,-7.0,20260926193526122038
NCAAF,americanfootball_ncaaf,891673ae39457f51a701ca482c2f7280,2026-09-27T00:00:00Z,Arkansas Razorbacks,Tulsa Golden Hurricane,betus,BetUS,2026-09-26T19:35:13Z,spreads,2026-09-26T19:35:13Z,Tulsa Golden Hurricane,-115,7.0,20260926193526122038
NCAAF,americanfootball_ncaaf,891673ae39457f51a701ca482c2f7280,2026-09-27T00:00:00Z,Arkansas Razorbacks,Tulsa Golden Hurricane,betus,BetUS,2026-09-26T19:35:13Z,totals,2026-09-26T19:35:13Z,Over,-110,50.5,20260926193526122038
NCAAF,americanfootball_ncaaf,891673ae39457f51a701ca482c2f7280,2026-09-27T00:00:00Z,Arkansas Razorbacks,Tulsa Golden Hurricane,betus,BetUS,2026-09-26T19:35:13Z,totals,2026-09-26T19:35:13Z,Under,-110,50.5,20260926193526122038
NCAAF,americanfootball_ncaaf,891673ae39457f51a701ca482c2f7280,2026-09-27T00:00:00Z,Arkansas Razorbacks,Tulsa Golden Hurricane,betmgm,BetMGM,2026-09-26T19:34:43Z,h2h,2026-09-26T19:34:43Z,Arkansas Razorbacks,-275,,20260926193526122038
NCAAF,americanfootball_ncaaf,891673ae39457f51a701ca482c2f7280,2026-09-27T00:00:00Z,Arkansas Razorbacks,Tulsa Golden Hurricane,betmgm,BetMGM,2026-09-26T19:34:43Z,h2h,2026-09-26T19:34:43Z,Tulsa Golden Hurricane,225,,20260926193526122038
NCAAF,americanfootball_ncaaf,891673ae39457f51a701ca482c2f7280,2026-09-27T00:00:00Z,Arkansas Razorbacks,Tulsa Golden Hurricane,betmgm,BetMGM,2026-09-26T19:34:43Z,spreads,2026-09-26T19:34:43Z,Arkansas Razorbacks,-112,-7.0,20260926193526122038
NCAAF,americanfootball_ncaaf,891673ae39457f51a701ca482c2f7280,2026-09-27T00:00:00Z,Arkansas Razorbacks,Tulsa Golden Hurricane,betmgm,BetMGM,2026-09-26T19:34:43Z,spreads,2026-09-26T19:34:43Z,Tulsa Golden Hurricane,-108,7.0,20260926193526122038
NCAAF,americanfootball_ncaaf,891673ae39457f51a701ca482c2f7280,2026-09-27T00:00:00Z,Arkansas Razorbacks,Tulsa Golden Hurricane,betmgm,BetMGM,2026-09-26T19:34:43Z,totals,2026-09-26T19:34:43Z,Over,-110,50.5,20260926193526122038
NCAAF,americanfootball_ncaaf,891673ae39457f51a701ca482c2f7280,2026-09-27T00:00:00Z,Arkansas Razorbacks,Tulsa Golden Hurricane,betmgm,BetMGM,2026-09-26T19:34:43Z,totals,2026-09-26T19:34:43Z,Under,-108,50.5,20260926193526122038
NCAAF,americanfootball_ncaaf,891673ae39457f51a701ca482c2f7280,2026-09-27T00:00:00Z,Arkansas Razorbacks,Tulsa Golden Hurricane,bovada,Bovada,2026-09-26T19:34:42Z,h2h,2026-09-26T19:34:42Z,Arkansas Razorbacks,-275,,20260926193526122038
NCAAF,americanfootball_ncaaf,891673ae39457f51a701ca482c2f7280,2026-09-27T00:00:00Z,Arkansas Razorbacks,Tulsa Golden Hurricane,bovada,Bovada,2026-09-26T19:34:42Z,h2h,2026-09-26T19:34:42Z,Tulsa Golden Hurricane,225,,20260926193526122038
NCAAF,americanfootball_ncaaf,891673ae39457f51a701ca482c2f7280,2026-09-27T00:00:00Z,Arkansas Razorbacks,Tulsa Golden Hurricane,bovada,Bovada,2026-09-26T19:34:42Z,spreads,2026-09-26T19:34:42Z,Arkansas Razorbacks,-110,-7.0,20260926193526122038
NCAAF,americanfootball_ncaaf,891673ae39457f51a701ca482c2f7280,2026-09-27T00:00:00Z,Arkansas Razorbacks,Tulsa Golden Hurricane,bovada,Bovada,2026-09-26T19:34:42Z,spreads,2026-09-26T19:34:42Z,Tulsa Golden Hurricane,-110,7.0,20260926193526122038
NCAAF,americanfootball_ncaaf,891673ae39457f51a701ca482c2f7280,2026-09-27T00:00:00Z,Arkansas Razorbacks,Tulsa Golden Hurricane,bovada,Bovada,2026-09-26T19:34:42Z,totals,2026-09-26T19:34:42Z,Over,-110,50.5,20260926193526122038
NCAAF,americanfootball_ncaaf,891673ae39457f51a701ca482c2f7280,2026-09-27T00:00:00Z,Arkansas Razorbacks,Tulsa Golden Hurricane,bovada,Bovada,2026-09-26T19:34:42Z,totals,2026-09-26T19:34:42Z,Under,-110,50.5,20260926193526122038
NCAAF,americanfootball_ncaaf,8fd491e65439f5d6b6a1edc9da7f036b,2026-09-27T00:00:00Z,UL Monroe Warhawks,Florida Atlantic Owls,fanduel,FanDuel,2026-09-26T19:35:15Z,h2h,2026-09-26T19:35:15Z,Florida Atlantic Owls,-500,,20260926193526122038
NCAAF,americanfootball_ncaaf,8fd491e65439f5d6b6a1edc9da7f036b,2026-09-27T00:00:00Z,UL Monroe Warhawks,Florida Atlantic Owls,fanduel,FanDuel,2026-09-26T19:35:15Z,h2h,2026-09-26T19:35:15Z,UL Monroe Warhawks,375,,20260926193526122038
NCAAF,americanfootball_ncaaf,8fd491e65439f5d6b6a1edc9da7f036b,2026-09-27T00:00:00Z,UL Monroe Warhawks,Florida Atlantic Owls,fanduel,FanDuel,2026-09-26T19:35:15Z,spreads,2026-09-26T19:35:15Z,Florida Atlantic Owls,-114,-11.5,20260926193526122038
NCAAF,americanfootball_ncaaf,8fd491e65439f5d6b6a1edc9da7f036b,2026-09-27T00:00:00Z,UL Monroe Warhawks,Florida Atlantic Owls,fanduel,FanDuel,2026-09-26T19:35:15Z,spreads,2026-09-26T19:35:15Z,UL Monroe Warhawks,-106,11.5,20260926193526122038
NCAAF,americanfootball_ncaaf,8fd491e65439f5d6b6a1edc9da7f036b,2026-09-27T00:00:00Z,UL Monroe Warhawks,Florida Atlantic Owls,fanduel,FanDuel,2026-09-26T19:35:15Z,totals,2026-09-26T19:35:15Z,Over,-108,58.5,20260926193526122038
NCAAF,americanfootball_ncaaf,8fd491e65439f5d6b6a1edc9da7f036b,2026-09-27T00:00:00Z,UL Monroe Warhawks,Florida Atlantic Owls,fanduel,FanDuel,2026-09-26T19:35:15Z,totals,2026-09-26T19:35:15Z,Under,-112,58.5,20260926193526122038
NCAAF,americanfootball_ncaaf,8fd491e65439f5d6b6a1edc9da7f036b,2026-09-27T00:00:00Z,UL Monroe Warhawks,Florida Atlantic Owls,mybookieag,MyBookie.ag,2026-09-26T19:35:13Z,h2h,2026-09-26T19:35:13Z,Florida Atlantic Owls,-481,,20260926193526122038
NCAAF,americanfootball_ncaaf,8fd491e65439f5d6b6a1edc9da7f036b,2026-09-27T00:00:00Z,UL Monroe Warhawks,Florida Atlantic Owls,mybookieag,MyBookie.ag,2026-09-26T19:35:13Z,h2h,2026-09-26T19:35:13Z,UL Monroe Warhawks,350,,20260926193526122038
NCAAF,americanfootball_ncaaf,8fd491e65439f5d6b6a1edc9da7f036b,2026-09-27T00:00:00Z,UL Monroe Warhawks,Florida Atlantic Owls,mybookieag,MyBookie.ag,2026-09-26T19:35:13Z,spreads,2026-09-26T19:35:13Z,Florida Atlantic Owls,-110,-11.5,20260926193526122038
NCAAF,americanfootball_ncaaf,8fd491e65439f5d6b6a1edc9da7f036b,2026-09-27T00:00:00Z,UL Monroe Warhawks,Florida Atlantic Owls,mybookieag,MyBookie.ag,2026-09-26T19:35:13Z,spreads,2026-09-26T19:35:13Z,UL Monroe Warhawks,-110,11.5,20260926193526122038
NCAAF,americanfootball_ncaaf,8fd491e65439f5d6b6a1edc9da7f036b,2026-09-27T00:00:00Z,UL Monroe Warhawks,Florida Atlantic Owls,mybookieag,MyBookie.ag,2026-09-26T19:35:13Z,totals,2026-09-26T19:35:13Z,Over,-110,58.0,20260926193526122038
NCAAF,americanfootball_ncaaf,8fd491e65439f5d6b6a1edc9da7f036b,2026-09-27T00:00:00Z,UL Monroe Warhawks,Florida Atlantic Owls,mybookieag,MyBookie.ag,2026-09-26T19:35:13Z,totals,2026-09-26T19:35:13Z,Under,-110,58.0,20260926193526122038
NCAAF,americanfootball_ncaaf,8fd491e65439f5d6b6a1edc9da7f036b,2026-09-27T00:00:00Z,UL Monroe Warhawks,Florida Atlantic Owls,betrivers,BetRivers,2026-09-26T19:34:38Z,h2h,2026-09-26T19:34:38Z,Florida Atlantic Owls,-560,,20260926193526122038
NCAAF,americanfootball_ncaaf,8fd491e65439f5d6b6a1edc9da7f036b,2026-09-27T00:00:00Z,UL Monroe Warhawks,Florida Atlantic Owls,betrivers,BetRivers,2026-09-26T19:34:38Z,h2h,2026-09-26T19:34:38Z,UL Monroe Warhawks,360,,20260926193526122038
NCAAF,americanfootball_ncaaf,8fd491e65439f5d6b6a1edc9da7f036b,2026-09-27T00:00:00Z,UL Monroe Warhawks,Florida Atlantic Owls,betrivers,BetRivers,2026-09-26T19:34:38Z,spreads,2026-09-26T19:34:38Z,Florida Atlantic Owls,-110,-11.5,20260926193526122038
NCAAF,americanfootball_ncaaf,8fd491e65439f5d6b6a1edc9da7f036b,2026-09-27T00:00:00Z,UL Monroe Warhawks,Florida Atlantic Owls,betrivers,BetRivers,2026-09-26T19:34:38Z,spreads,2026-09-26T19:34:38Z,UL Monroe Warhawks,-112,11.5,20260926193526122038
NCAAF,americanfootball_ncaaf,8fd491e65439f5d6b6a1edc9da7f036b,2026-09-27T00:00:00Z,UL Monroe Warhawks,Florida Atlantic Owls,betrivers,BetRivers,2026-09-26T19:34:38Z,totals,2026-09-26T19:34:38Z,Over,-112,58.5,20260926193526122038
NCAAF,americanfootball_ncaaf,8fd491e65439f5d6b6a1edc9da7f036b,2026-09-27T00:00:00Z,UL Monroe Warhawks,Florida Atlantic Owls,betrivers,BetRivers,2026-09-26T19:34:38Z,totals,2026-09-26T19:34:38Z,Under,-115,58.5,20260926193526122038
NCAAF,americanfootball_ncaaf,8fd491e65439f5d6b6a1edc9da7f036b,2026-09-27T00:00:00Z,UL Monroe Warhawks,Florida Atlantic Owls,draftkings,DraftKings,2026-09-26T19:34:04Z,h2h,2026-09-26T19:34:04Z,Florida Atlantic Owls,-485,,20260926193526122038
NCAAF,americanfootball_ncaaf,8fd491e65439f5d6b6a1edc9da7f036b,2026-09-27T00:00:00Z,UL Monroe Warhawks,Florida Atlantic Owls,draftkings,DraftKings,2026-09-26T19:34:04Z,h2h,2026-09-26T19:34:04Z,UL Monroe Warhawks,370,,20260926193526122038
NCAAF,americanfootball_ncaaf,8fd491e65439f5d6b6a1edc9da7f036b,2026-09-27T00:00:00Z,UL Monroe Warhawks,Florida Atlantic Owls,draftkings,DraftKings,2026-09-26T19:34:04Z,spreads,2026-09-26T19:34:04Z,Florida Atlantic Owls,-112,-11.5,20260926193526122038
NCAAF,americanfootball_ncaaf,8fd491e65439f5d6b6a1edc9da7f036b,2026-09-27T00:00:00Z,UL Monroe Warhawks,Florida Atlantic Owls,draftkings,DraftKings,2026-09-26T19:34:04Z,spreads,2026-09-26T19:34:04Z,UL Monroe Warhawks,-108,11.5,20260926193526122038
NCAAF,americanfootball_ncaaf,8fd491e65439f5d6b6a1edc9da7f036b,2026-09-27T00:00:00Z,UL Monroe Warhawks,Florida Atlantic Owls,draftkings,DraftKings,2026-09-26T19:34:04Z,totals,2026-09-26T19:34:04Z,Over,-105,58.5,20260926193526122038
NCAAF,americanfootball_ncaaf,8fd491e65439f5d6b6a1edc9da7f036b,2026-09-27T00:00:00Z,UL Monroe Warhawks,Florida Atlantic Owls,draftkings,DraftKings,2026-09-26T19:34:04Z,totals,2026-09-26T19:34:04Z,Under,-115,58.5,20260926193526122038
NCAAF,americanfootball_ncaaf,8fd491e65439f5d6b6a1edc9da7f036b,2026-09-27T00:00:00Z,UL Monroe Warhawks,Florida Atlantic Owls,lowvig,LowVig.ag,2026-09-26T19:34:21Z,h2h,2026-09-26T19:34:21Z,Florida Atlantic Owls,-460,,20260926193526122038
NCAAF,americanfootball_ncaaf,8fd491e65439f5d6b6a1edc9da7f036b,2026-09-27T00:00:00Z,UL Monroe Warhawks,Florida Atlantic Owls,lowvig,LowVig.ag,2026-09-26T19:34:21Z,h2h,2026-09-26T19:34:21Z,UL Monroe Warhawks,358,,20260926193526122038
NCAAF,americanfootball_ncaaf,8fd491e65439f5d6b6a1edc9da7f036b,2026-09-27T00:00:00Z,UL Monroe Warhawks,Florida Atlantic Owls,lowvig,LowVig.ag,2026-09-26T19:34:21Z,spreads,2026-09-26T19:34:21Z,Florida Atlantic Owls,-109,-11.5,20260926193526122038
NCAAF,americanfootball_ncaaf,8fd491e65439f5d6b6a1edc9da7f036b,2026-09-27T00:00:00Z,UL Monroe Warhawks,Florida Atlantic Owls,lowvig,LowVig.ag,2026-09-26T19:34:21Z,spreads,2026-09-26T19:34:21Z,UL Monroe Warhawks,-103,11.5,20260926193526122038
NCAAF,americanfootball_ncaaf,8fd491e65439f5d6b6a1edc9da7f036b,2026-09-27T00:00:00Z,UL Monroe Warhawks,Florida Atlantic Owls,lowvig,LowVig.ag,2026-09-26T19:34:21Z,totals,2026-09-26T19:34:21Z,Over,-114,58.0,20260926193526122038
NCAAF,americanfootball_ncaaf,8fd491e65439f5d6b6a1edc9da7f036b,2026-09-27T00:00:00Z,UL Monroe Warhawks,Florida Atlantic Owls,lowvig,LowVig.ag,2026-09-26T19:34:21Z,totals,2026-09-26T19:34:21Z,Under,-103,58.0,20260926193526122038
NCAAF,americanfootball_ncaaf,8fd491e65439f5d6b6a1edc9da7f036b,2026-09-27T00:00:00Z,UL Monroe Warhawks,Florida Atlantic Owls,betonlineag,BetOnline.ag,2026-09-26T19:34:56Z,h2h,2026-09-26T19:34:54Z,Florida Atlantic Owls,-460,,20260926193526122038
NCAAF,americanfootball_ncaaf,8fd491e65439f5d6b6a1edc9da7f036b,2026-09-27T00:00:00Z,UL Monroe Warhawks,Florida Atlantic Owls,betonlineag,BetOnline.ag,2026-09-26T19:34:56Z,h2h,2026-09-26T19:34:54Z,UL Monroe Warhawks,358,,20260926193526122038
NCAAF,americanfootball_ncaaf,8fd491e65439f5d6b6a1edc9da7f036b,2026-09-27T00:00:00Z,UL Monroe Warhawks,Florida Atlantic Owls,betonlineag,BetOnline.ag,2026-09-26T19:34:56Z,spreads,2026-09-26T19:34:54Z,Florida Atlantic Owls,-113,-11.5,20260926193526122038
NCAAF,americanfootball_ncaaf,8fd491e65439f5d6b6a1edc9da7f036b,2026-09-27T00:00:00Z,UL Monroe Warhawks,Florida Atlantic Owls,betonlineag,BetOnline.ag,2026-09-26T19:34:56Z,spreads,2026-09-26T19:34:54Z,UL Monroe Warhawks,-107,11.5,20260926193526122038
NCAAF,americanfootball_ncaaf,8fd491e65439f5d6b6a1edc9da7f036b,2026-09-27T00:00:00Z,UL Monroe Warhawks,Florida Atlantic Owls,betonlineag,BetOnline.ag,2026-09-26T19:34:56Z,totals,2026-09-26T19:34:54Z,Over,-115,58.0,20260926193526122038
NCAAF,americanfootball_ncaaf,8fd491e65439f5d6b6a1edc9da7f036b,2026-09-27T00:00:00Z,UL Monroe Warhawks,Florida Atlantic Owls,betonlineag,BetOnline.ag,2026-09-26T19:34:56Z,totals,2026-09-26T19:34:54Z,Under,-105,58.0,20260926193526122038
NCAAF,americanfootball_ncaaf,8fd491e65439f5d6b6a1edc9da7f036b,2026-09-27T00:00:00Z,UL Monroe Warhawks,Florida Atlantic Owls,betmgm,BetMGM,2026-09-26T19:34:43Z,h2h,2026-09-26T19:34:43Z,Florida Atlantic Owls,-475,,20260926193526122038
NCAAF,americanfootball_ncaaf,8fd491e65439f5d6b6a1edc9da7f036b,2026-09-27T00:00:00Z,UL Monroe Warhawks,Florida Atlantic Owls,betmgm,BetMGM,2026-09-26T19:34:43Z,h2h,2026-09-26T19:34:43Z,UL Monroe Warhawks,375,,20260926193526122038
NCAAF,americanfootball_ncaaf,8fd491e65439f5d6b6a1edc9da7f036b,2026-09-27T00:00:00Z,UL Monroe Warhawks,Florida Atlantic Owls,betmgm,BetMGM,2026-09-26T19:34:43Z,spreads,2026-09-26T19:34:43Z,Florida Atlantic Owls,-108,-12.0,20260926193526122038
NCAAF,americanfootball_ncaaf,8fd491e65439f5d6b6a1edc9da7f036b,2026-09-27T00:00:00Z,UL Monroe Warhawks,Florida Atlantic Owls,betmgm,BetMGM,2026-09-26T19:34:43Z,spreads,2026-09-26T19:34:43Z,UL Monroe Warhawks,-110,12.0,20260926193526122038
NCAAF,americanfootball_ncaaf,8fd491e65439f5d6b6a1edc9da7f036b,2026-09-27T00:00:00Z,UL Monroe Warhawks,Florida Atlantic Owls,betmgm,BetMGM,2026-09-26T19:34:43Z,totals,2026-09-26T19:34:43Z,Over,-105,58.5,20260926193526122038
NCAAF,americanfootball_ncaaf,8fd491e65439f5d6b6a1edc9da7f036b,2026-09-27T00:00:00Z,UL Monroe Warhawks,Florida Atlantic Owls,betmgm,BetMGM,2026-09-26T19:34:43Z,totals,2026-09-26T19:34:43Z,Under,-112,58.5,20260926193526122038
NCAAF,americanfootball_ncaaf,8fd491e65439f5d6b6a1edc9da7f036b,2026-09-27T00:00:00Z,UL Monroe Warhawks,Florida Atlantic Owls,betus,BetUS,2026-09-26T19:35:13Z,h2h,2026-09-26T19:35:13Z,Florida Atlantic Owls,-460,,20260926193526122038
NCAAF,americanfootball_ncaaf,8fd491e65439f5d6b6a1edc9da7f036b,2026-09-27T00:00:00Z,UL Monroe Warhawks,Florida Atlantic Owls,betus,BetUS,2026-09-26T19:35:13Z,h2h,2026-09-26T19:35:13Z,UL Monroe Warhawks,360,,20260926193526122038
NCAAF,americanfootball_ncaaf,8fd491e65439f5d6b6a1edc9da7f036b,2026-09-27T00:00:00Z,UL Monroe Warhawks,Florida Atlantic Owls,betus,BetUS,2026-09-26T19:35:13Z,spreads,2026-09-26T19:35:13Z,Florida Atlantic Owls,-110,-11.5,20260926193526122038
NCAAF,americanfootball_ncaaf,8fd491e65439f5d6b6a1edc9da7f036b,2026-09-27T00:00:00Z,UL Monroe Warhawks,Florida Atlantic Owls,betus,BetUS,2026-09-26T19:35:13Z,spreads,2026-09-26T19:35:13Z,UL Monroe Warhawks,-110,11.5,20260926193526122038
NCAAF,americanfootball_ncaaf,8fd491e65439f5d6b6a1edc9da7f036b,2026-09-27T00:00:00Z,UL Monroe Warhawks,Florida Atlantic Owls,betus,BetUS,2026-09-26T19:35:13Z,totals,2026-09-26T19:35:13Z,Over,-115,58.0,20260926193526122038
NCAAF,americanfootball_ncaaf,8fd491e65439f5d6b6a1edc9da7f036b,2026-09-27T00:00:00Z,UL Monroe Warhawks,Florida Atlantic Owls,betus,BetUS,2026-09-26T19:35:13Z,totals,2026-09-26T19:35:13Z,Under,-105,58.0,20260926193526122038
NCAAF,americanfootball_ncaaf,8fd491e65439f5d6b6a1edc9da7f036b,2026-09-27T00:00:00Z,UL Monroe Warhawks,Florida Atlantic Owls,bovada,Bovada,2026-09-26T19:34:42Z,h2h,2026-09-26T19:34:42Z,Florida Atlantic Owls,-500,,20260926193526122038
NCAAF,americanfootball_ncaaf,8fd491e65439f5d6b6a1edc9da7f036b,2026-09-27T00:00:00Z,UL Monroe Warhawks,Florida Atlantic Owls,bovada,Bovada,2026-09-26T19:34:42Z,h2h,2026-09-26T19:34:42Z,UL Monroe Warhawks,360,,20260926193526122038
NCAAF,americanfootball_ncaaf,8fd491e65439f5d6b6a1edc9da7f036b,2026-09-27T00:00:00Z,UL Monroe Warhawks,Florida Atlantic Owls,bovada,Bovada,2026-09-26T19:34:42Z,spreads,2026-09-26T19:34:42Z,Florida Atlantic Owls,-110,-11.5,20260926193526122038
NCAAF,americanfootball_ncaaf,8fd491e65439f5d6b6a1edc9da7f036b,2026-09-27T00:00:00Z,UL Monroe Warhawks,Florida Atlantic Owls,bovada,Bovada,2026-09-26T19:34:42Z,spreads,2026-09-26T19:34:42Z,UL Monroe Warhawks,-110,11.5,20260926193526122038
NCAAF,americanfootball_ncaaf,8fd491e65439f5d6b6a1edc9da7f036b,2026-09-27T00:00:00Z,UL Monroe Warhawks,Florida Atlantic Owls,bovada,Bovada,2026-09-26T19:34:42Z,totals,2026-09-26T19:34:42Z,Over,-115,58.0,20260926193526122038
NCAAF,americanfootball_ncaaf,8fd491e65439f5d6b6a1edc9da7f036b,2026-09-27T00:00:00Z,UL Monroe Warhawks,Florida Atlantic Owls,bovada,Bovada,2026-09-26T19:34:42Z,totals,2026-09-26T19:34:42Z,Under,-105,58.0,20260926193526122038
NCAAF,americanfootball_ncaaf,4d76388c84fc859e6bae8ff267266872,2026-09-27T01:00:00Z,SMU Mustangs,Missouri State Bears,fanduel,FanDuel,2026-09-26T19:35:15Z,h2h,2026-09-26T19:35:15Z,Missouri State Bears,3000,,20260926193526122038
NCAAF,americanfootball_ncaaf,4d76388c84fc859e6bae8ff267266872,2026-09-27T01:00:00Z,SMU Mustangs,Missouri State Bears,fanduel,FanDuel,2026-09-26T19:35:15Z,h2h,2026-09-26T19:35:15Z,SMU Mustangs,-10000,,20260926193526122038
NCAAF,americanfootball_ncaaf,4d76388c84fc859e6bae8ff267266872,2026-09-27T01:00:00Z,SMU Mustangs,Missouri State Bears,fanduel,FanDuel,2026-09-26T19:35:15Z,spreads,2026-09-26T19:35:15Z,Missouri State Bears,-115,32.5,20260926193526122038
NCAAF,americanfootball_ncaaf,4d76388c84fc859e6bae8ff267266872,2026-09-27T01:00:00Z,SMU Mustangs,Missouri State Bears,fanduel,FanDuel,2026-09-26T19:35:15Z,spreads,2026-09-26T19:35:15Z,SMU Mustangs,-105,-32.5,20260926193526122038
NCAAF,americanfootball_ncaaf,4d76388c84fc859e6bae8ff267266872,2026-09-27T01:00:00Z,SMU Mustangs,Missouri State Bears,fanduel,FanDuel,2026-09-26T19:35:15Z,totals,2026-09-26T19:35:15Z,Over,-110,60.5,20260926193526122038
NCAAF,americanfootball_ncaaf,4d76388c84fc859e6bae8ff267266872,2026-09-27T01:00:00Z,SMU Mustangs,Missouri State Bears,fanduel,FanDuel,2026-09-26T19:35:15Z,totals,2026-09-26T19:35:15Z,Under,-110,60.5,20260926193526122038
NCAAF,americanfootball_ncaaf,4d76388c84fc859e6bae8ff267266872,2026-09-27T01:00:00Z,SMU Mustangs,Missouri State Bears,betrivers,BetRivers,2026-09-26T19:34:38Z,spreads,2026-09-26T19:34:38Z,Missouri State Bears,-110,32.0,20260926193526122038
NCAAF,americanfootball_ncaaf,4d76388c84fc859e6bae8ff267266872,2026-09-27T01:00:00Z,SMU Mustangs,Missouri State Bears,betrivers,BetRivers,2026-09-26T19:34:38Z,spreads,2026-09-26T19:34:38Z,SMU Mustangs,-113,-32.0,20260926193526122038
NCAAF,americanfootball_ncaaf,4d76388c84fc859e6bae8ff267266872,2026-09-27T01:00:00Z,SMU Mustangs,Missouri State Bears,betrivers,BetRivers,2026-09-26T19:34:38Z,totals,2026-09-26T19:34:38Z,Over,-110,60.0,20260926193526122038
NCAAF,americanfootball_ncaaf,4d76388c84fc859e6bae8ff267266872,2026-09-27T01:00:00Z,SMU Mustangs,Missouri State Bears,betrivers,BetRivers,2026-09-26T19:34:38Z,totals,2026-09-26T19:34:38Z,Under,-113,60.0,20260926193526122038
NCAAF,americanfootball_ncaaf,4d76388c84fc859e6bae8ff267266872,2026-09-27T01:00:00Z,SMU Mustangs,Missouri State Bears,draftkings,DraftKings,2026-09-26T19:34:04Z,h2h,2026-09-26T19:34:04Z,Missouri State Bears,2500,,20260926193526122038
NCAAF,americanfootball_ncaaf,4d76388c84fc859e6bae8ff267266872,2026-09-27T01:00:00Z,SMU Mustangs,Missouri State Bears,draftkings,DraftKings,2026-09-26T19:34:04Z,h2h,2026-09-26T19:34:04Z,SMU Mustangs,-9000,,20260926193526122038
NCAAF,americanfootball_ncaaf,4d76388c84fc859e6bae8ff267266872,2026-09-27T01:00:00Z,SMU Mustangs,Missouri State Bears,draftkings,DraftKings,2026-09-26T19:34:04Z,spreads,2026-09-26T19:34:04Z,Missouri State Bears,-115,32.5,20260926193526122038
NCAAF,americanfootball_ncaaf,4d76388c84fc859e6bae8ff267266872,2026-09-27T01:00:00Z,SMU Mustangs,Missouri State Bears,draftkings,DraftKings,2026-09-26T19:34:04Z,spreads,2026-09-26T19:34:04Z,SMU Mustangs,-105,-32.5,20260926193526122038
NCAAF,americanfootball_ncaaf,4d76388c84fc859e6bae8ff267266872,2026-09-27T01:00:00Z,SMU Mustangs,Missouri State Bears,draftkings,DraftKings,2026-09-26T19:34:04Z,totals,2026-09-26T19:34:04Z,Over,-108,60.5,20260926193526122038
NCAAF,americanfootball_ncaaf,4d76388c84fc859e6bae8ff267266872,2026-09-27T01:00:00Z,SMU Mustangs,Missouri State Bears,draftkings,DraftKings,2026-09-26T19:34:04Z,totals,2026-09-26T19:34:04Z,Under,-112,60.5,20260926193526122038
NCAAF,americanfootball_ncaaf,4d76388c84fc859e6bae8ff267266872,2026-09-27T01:00:00Z,SMU Mustangs,Missouri State Bears,lowvig,LowVig.ag,2026-09-26T19:34:21Z,spreads,2026-09-26T19:34:21Z,Missouri State Bears,-101,32.0,20260926193526122038
NCAAF,americanfootball_ncaaf,4d76388c84fc859e6bae8ff267266872,2026-09-27T01:00:00Z,SMU Mustangs,Missouri State Bears,lowvig,LowVig.ag,2026-09-26T19:34:21Z,spreads,2026-09-26T19:34:21Z,SMU Mustangs,-111,-32.0,20260926193526122038
NCAAF,americanfootball_ncaaf,4d76388c84fc859e6bae8ff267266872,2026-09-27T01:00:00Z,SMU Mustangs,Missouri State Bears,lowvig,LowVig.ag,2026-09-26T19:34:21Z,totals,2026-09-26T19:34:21Z,Over,-114,59.5,20260926193526122038
NCAAF,americanfootball_ncaaf,4d76388c84fc859e6bae8ff267266872,2026-09-27T01:00:00Z,SMU Mustangs,Missouri State Bears,lowvig,LowVig.ag,2026-09-26T19:34:21Z,totals,2026-09-26T19:34:21Z,Under,-103,59.5,20260926193526122038
NCAAF,americanfootball_ncaaf,4d76388c84fc859e6bae8ff267266872,2026-09-27T01:00:00Z,SMU Mustangs,Missouri State Bears,betonlineag,BetOnline.ag,2026-09-26T19:34:56Z,spreads,2026-09-26T19:34:54Z,Missouri State Bears,-105,32.0,20260926193526122038
NCAAF,americanfootball_ncaaf,4d76388c84fc859e6bae8ff267266872,2026-09-27T01:00:00Z,SMU Mustangs,Missouri State Bears,betonlineag,BetOnline.ag,2026-09-26T19:34:56Z,spreads,2026-09-26T19:34:54Z,SMU Mustangs,-115,-32.0,20260926193526122038
NCAAF,americanfootball_ncaaf,4d76388c84fc859e6bae8ff267266872,2026-09-27T01:00:00Z,SMU Mustangs,Missouri State Bears,betonlineag,BetOnline.ag,2026-09-26T19:34:56Z,totals,2026-09-26T19:34:54Z,Over,-115,59.5,20260926193526122038
NCAAF,americanfootball_ncaaf,4d76388c84fc859e6bae8ff267266872,2026-09-27T01:00:00Z,SMU Mustangs,Missouri State Bears,betonlineag,BetOnline.ag,2026-09-26T19:34:56Z,totals,2026-09-26T19:34:54Z,Under,-105,59.5,20260926193526122038
NCAAF,americanfootball_ncaaf,4d76388c84fc859e6bae8ff267266872,2026-09-27T01:00:00Z,SMU Mustangs,Missouri State Bears,betmgm,BetMGM,2026-09-26T19:34:43Z,h2h,2026-09-26T19:34:43Z,Missouri State Bears,2800,,20260926193526122038
NCAAF,americanfootball_ncaaf,4d76388c84fc859e6bae8ff267266872,2026-09-27T01:00:00Z,SMU Mustangs,Missouri State Bears,betmgm,BetMGM,2026-09-26T19:34:43Z,h2h,2026-09-26T19:34:43Z,SMU Mustangs,-10000,,20260926193526122038
NCAAF,americanfootball_ncaaf,4d76388c84fc859e6bae8ff267266872,2026-09-27T01:00:00Z,SMU Mustangs,Missouri State Bears,betmgm,BetMGM,2026-09-26T19:34:43Z,spreads,2026-09-26T19:34:43Z,Missouri State Bears,-110,32.0,20260926193526122038
NCAAF,americanfootball_ncaaf,4d76388c84fc859e6bae8ff267266872,2026-09-27T01:00:00Z,SMU Mustangs,Missouri State Bears,betmgm,BetMGM,2026-09-26T19:34:43Z,spreads,2026-09-26T19:34:43Z,SMU Mustangs,-108,-32.0,20260926193526122038
NCAAF,americanfootball_ncaaf,4d76388c84fc859e6bae8ff267266872,2026-09-27T01:00:00Z,SMU Mustangs,Missouri State Bears,betmgm,BetMGM,2026-09-26T19:34:43Z,totals,2026-09-26T19:34:43Z,Over,-118,59.5,20260926193526122038
NCAAF,americanfootball_ncaaf,4d76388c84fc859e6bae8ff267266872,2026-09-27T01:00:00Z,SMU Mustangs,Missouri State Bears,betmgm,BetMGM,2026-09-26T19:34:43Z,totals,2026-09-26T19:34:43Z,Under,-112,59.5,20260926193526122038
NCAAF,americanfootball_ncaaf,4d76388c84fc859e6bae8ff267266872,2026-09-27T01:00:00Z,SMU Mustangs,Missouri State Bears,betus,BetUS,2026-09-26T19:35:13Z,spreads,2026-09-26T19:35:13Z,Missouri State Bears,-110,32.0,20260926193526122038
NCAAF,americanfootball_ncaaf,4d76388c84fc859e6bae8ff267266872,2026-09-27T01:00:00Z,SMU Mustangs,Missouri State Bears,betus,BetUS,2026-09-26T19:35:13Z,spreads,2026-09-26T19:35:13Z,SMU Mustangs,-110,-32.0,20260926193526122038
NCAAF,americanfootball_ncaaf,4d76388c84fc859e6bae8ff267266872,2026-09-27T01:00:00Z,SMU Mustangs,Missouri State Bears,betus,BetUS,2026-09-26T19:35:13Z,totals,2026-09-26T19:35:13Z,Over,-110,60.0,20260926193526122038
NCAAF,americanfootball_ncaaf,4d76388c84fc859e6bae8ff267266872,2026-09-27T01:00:00Z,SMU Mustangs,Missouri State Bears,betus,BetUS,2026-09-26T19:35:13Z,totals,2026-09-26T19:35:13Z,Under,-110,60.0,20260926193526122038
NCAAF,americanfootball_ncaaf,4d76388c84fc859e6bae8ff267266872,2026-09-27T01:00:00Z,SMU Mustangs,Missouri State Bears,bovada,Bovada,2026-09-26T19:34:42Z,spreads,2026-09-26T19:34:42Z,Missouri State Bears,-105,31.5,20260926193526122038
NCAAF,americanfootball_ncaaf,4d76388c84fc859e6bae8ff267266872,2026-09-27T01:00:00Z,SMU Mustangs,Missouri State Bears,bovada,Bovada,2026-09-26T19:34:42Z,spreads,2026-09-26T19:34:42Z,SMU Mustangs,-115,-31.5,20260926193526122038
NCAAF,americanfootball_ncaaf,4d76388c84fc859e6bae8ff267266872,2026-09-27T01:00:00Z,SMU Mustangs,Missouri State Bears,bovada,Bovada,2026-09-26T19:34:42Z,totals,2026-09-26T19:34:42Z,Over,-110,60.0,20260926193526122038
NCAAF,americanfootball_ncaaf,4d76388c84fc859e6bae8ff267266872,2026-09-27T01:00:00Z,SMU Mustangs,Missouri State Bears,bovada,Bovada,2026-09-26T19:34:42Z,totals,2026-09-26T19:34:42Z,Under,-110,60.0,20260926193526122038
NCAAF,americanfootball_ncaaf,4d76388c84fc859e6bae8ff267266872,2026-09-27T01:00:00Z,SMU Mustangs,Missouri State Bears,mybookieag,MyBookie.ag,2026-09-26T19:35:13Z,h2h,2026-09-26T19:35:13Z,Missouri State Bears,1801,,20260926193526122038
NCAAF,americanfootball_ncaaf,4d76388c84fc859e6bae8ff267266872,2026-09-27T01:00:00Z,SMU Mustangs,Missouri State Bears,mybookieag,MyBookie.ag,2026-09-26T19:35:13Z,h2h,2026-09-26T19:35:13Z,SMU Mustangs,-2147483648,,20260926193526122038
NCAAF,americanfootball_ncaaf,4d76388c84fc859e6bae8ff267266872,2026-09-27T01:00:00Z,SMU Mustangs,Missouri State Bears,mybookieag,MyBookie.ag,2026-09-26T19:35:13Z,spreads,2026-09-26T19:35:13Z,Missouri State Bears,-110,32.0,20260926193526122038
NCAAF,americanfootball_ncaaf,4d76388c84fc859e6bae8ff267266872,2026-09-27T01:00:00Z,SMU Mustangs,Missouri State Bears,mybookieag,MyBookie.ag,2026-09-26T19:35:13Z,spreads,2026-09-26T19:35:13Z,SMU Mustangs,-110,-32.0,20260926193526122038
NCAAF,americanfootball_ncaaf,4d76388c84fc859e6bae8ff267266872,2026-09-27T01:00:00Z,SMU Mustangs,Missouri State Bears,mybookieag,MyBookie.ag,2026-09-26T19:35:13Z,totals,2026-09-26T19:35:13Z,Over,-110,60.5,20260926193526122038
NCAAF,americanfootball_ncaaf,4d76388c84fc859e6bae8ff267266872,2026-09-27T01:00:00Z,SMU Mustangs,Missouri State Bears,mybookieag,MyBookie.ag,2026-09-26T19:35:13Z,totals,2026-09-26T19:35:13Z,Under,-110,60.5,20260926193526122038
NCAAF,americanfootball_ncaaf,a48c4a759a03a93bf42e23d2f8bf769e,2026-09-27T01:00:00Z,UTEP Miners,Oregon State Beavers,fanduel,FanDuel,2026-09-26T19:35:15Z,h2h,2026-09-26T19:35:15Z,Oregon State Beavers,-430,,20260926193526122038
NCAAF,americanfootball_ncaaf,a48c4a759a03a93bf42e23d2f8bf769e,2026-09-27T01:00:00Z,UTEP Miners,Oregon State Beavers,fanduel,FanDuel,2026-09-26T19:35:15Z,h2h,2026-09-26T19:35:15Z,UTEP Miners,330,,20260926193526122038
NCAAF,americanfootball_ncaaf,a48c4a759a03a93bf42e23d2f8bf769e,2026-09-27T01:00:00Z,UTEP Miners,Oregon State Beavers,fanduel,FanDuel,2026-09-26T19:35:15Z,spreads,2026-09-26T19:35:15Z,Oregon State Beavers,-114,-10.5,20260926193526122038
NCAAF,americanfootball_ncaaf,a48c4a759a03a93bf42e23d2f8bf769e,2026-09-27T01:00:00Z,UTEP Miners,Oregon State Beavers,fanduel,FanDuel,2026-09-26T19:35:15Z,spreads,2026-09-26T19:35:15Z,UTEP Miners,-106,10.5,20260926193526122038
NCAAF,americanfootball_ncaaf,a48c4a759a03a93bf42e23d2f8bf769e,2026-09-27T01:00:00Z,UTEP Miners,Oregon State Beavers,fanduel,FanDuel,2026-09-26T19:35:15Z,totals,2026-09-26T19:35:15Z,Over,-106,56.5,20260926193526122038
NCAAF,americanfootball_ncaaf,a48c4a759a03a93bf42e23d2f8bf769e,2026-09-27T01:00:00Z,UTEP Miners,Oregon State Beavers,fanduel,FanDuel,2026-09-26T19:35:15Z,totals,2026-09-26T19:35:15Z,Under,-114,56.5,20260926193526122038
NCAAF,americanfootball_ncaaf,a48c4a759a03a93bf42e23d2f8bf769e,2026-09-27T01:00:00Z,UTEP Miners,Oregon State Beavers,mybookieag,MyBookie.ag,2026-09-26T19:35:13Z,h2h,2026-09-26T19:35:13Z,Oregon State Beavers,-481,,20260926193526122038
NCAAF,americanfootball_ncaaf,a48c4a759a03a93bf42e23d2f8bf769e,2026-09-27T01:00:00Z,UTEP Miners,Oregon State Beavers,mybookieag,MyBookie.ag,2026-09-26T19:35:13Z,h2h,2026-09-26T19:35:13Z,UTEP Miners,350,,20260926193526122038
NCAAF,americanfootball_ncaaf,a48c4a759a03a93bf42e23d2f8bf769e,2026-09-27T01:00:00Z,UTEP Miners,Oregon State Beavers,mybookieag,MyBookie.ag,2026-09-26T19:35:13Z,spreads,2026-09-26T19:35:13Z,Oregon State Beavers,-110,-11.0,20260926193526122038
NCAAF,americanfootball_ncaaf,a48c4a759a03a93bf42e23d2f8bf769e,2026-09-27T01:00:00Z,UTEP Miners,Oregon State Beavers,mybookieag,MyBookie.ag,2026-09-26T19:35:13Z,spreads,2026-09-26T19:35:13Z,UTEP Miners,-110,11.0,20260926193526122038
NCAAF,americanfootball_ncaaf,a48c4a759a03a93bf42e23d2f8bf769e,2026-09-27T01:00:00Z,UTEP Miners,Oregon State Beavers,mybookieag,MyBookie.ag,2026-09-26T19:35:13Z,totals,2026-09-26T19:35:13Z,Over,-110,56.0,20260926193526122038
NCAAF,americanfootball_ncaaf,a48c4a759a03a93bf42e23d2f8bf769e,2026-09-27T01:00:00Z,UTEP Miners,Oregon State Beavers,mybookieag,MyBookie.ag,2026-09-26T19:35:13Z,totals,2026-09-26T19:35:13Z,Under,-110,56.0,20260926193526122038
NCAAF,americanfootball_ncaaf,a48c4a759a03a93bf42e23d2f8bf769e,2026-09-27T01:00:00Z,UTEP Miners,Oregon State Beavers,betrivers,BetRivers,2026-09-26T19:34:38Z,h2h,2026-09-26T19:34:38Z,Oregon State Beavers,-500,,20260926193526122038
NCAAF,americanfootball_ncaaf,a48c4a759a03a93bf42e23d2f8bf769e,2026-09-27T01:00:00Z,UTEP Miners,Oregon State Beavers,betrivers,BetRivers,2026-09-26T19:34:38Z,h2h,2026-09-26T19:34:38Z,UTEP Miners,350,,20260926193526122038
NCAAF,americanfootball_ncaaf,a48c4a759a03a93bf42e23d2f8bf769e,2026-09-27T01:00:00Z,UTEP Miners,Oregon State Beavers,betrivers,BetRivers,2026-09-26T19:34:38Z,spreads,2026-09-26T19:34:38Z,Oregon State Beavers,-114,-11.0,20260926193526122038
NCAAF,americanfootball_ncaaf,a48c4a759a03a93bf42e23d2f8bf769e,2026-09-27T01:00:00Z,UTEP Miners,Oregon State Beavers,betrivers,BetRivers,2026-09-26T19:34:38Z,spreads,2026-09-26T19:34:38Z,UTEP Miners,-109,11.0,20260926193526122038
NCAAF,americanfootball_ncaaf,a48c4a759a03a93bf42e23d2f8bf769e,2026-09-27T01:00:00Z,UTEP Miners,Oregon State Beavers,betrivers,BetRivers,2026-09-26T19:34:38Z,totals,2026-09-26T19:34:38Z,Over,-110,56.0,20260926193526122038
NCAAF,americanfootball_ncaaf,a48c4a759a03a93bf42e23d2f8bf769e,2026-09-27T01:00:00Z,UTEP Miners,Oregon State Beavers,betrivers,BetRivers,2026-09-26T19:34:38Z,totals,2026-09-26T19:34:38Z,Under,-113,56.0,20260926193526122038
NCAAF,americanfootball_ncaaf,a48c4a759a03a93bf42e23d2f8bf769e,2026-09-27T01:00:00Z,UTEP Miners,Oregon State Beavers,draftkings,DraftKings,2026-09-26T19:34:04Z,h2h,2026-09-26T19:34:04Z,Oregon State Beavers,-440,,20260926193526122038
NCAAF,americanfootball_ncaaf,a48c4a759a03a93bf42e23d2f8bf769e,2026-09-27T01:00:00Z,UTEP Miners,Oregon State Beavers,draftkings,DraftKings,2026-09-26T19:34:04Z,h2h,2026-09-26T19:34:04Z,UTEP Miners,340,,20260926193526122038
NCAAF,americanfootball_ncaaf,a48c4a759a03a93bf42e23d2f8bf769e,2026-09-27T01:00:00Z,UTEP Miners,Oregon State Beavers,draftkings,DraftKings,2026-09-26T19:34:04Z,spreads,2026-09-26T19:34:04Z,Oregon State Beavers,-108,-11.5,20260926193526122038
NCAAF,americanfootball_ncaaf,a48c4a759a03a93bf42e23d2f8bf769e,2026-09-27T01:00:00Z,UTEP Miners,Oregon State Beavers,draftkings,DraftKings,2026-09-26T19:34:04Z,spreads,2026-09-26T19:34:04Z,UTEP Miners,-112,11.5,20260926193526122038
NCAAF,americanfootball_ncaaf,a48c4a759a03a93bf42e23d2f8bf769e,2026-09-27T01:00:00Z,UTEP Miners,Oregon State Beavers,draftkings,DraftKings,2026-09-26T19:34:04Z,totals,2026-09-26T19:34:04Z,Over,-105,56.5,20260926193526122038
NCAAF,americanfootball_ncaaf,a48c4a759a03a93bf42e23d2f8bf769e,2026-09-27T01:00:00Z,UTEP Miners,Oregon State Beavers,draftkings,DraftKings,2026-09-26T19:34:04Z,totals,2026-09-26T19:34:04Z,Under,-115,56.5,20260926193526122038
NCAAF,americanfootball_ncaaf,a48c4a759a03a93bf42e23d2f8bf769e,2026-09-27T01:00:00Z,UTEP Miners,Oregon State Beavers,lowvig,LowVig.ag,2026-09-26T19:34:21Z,h2h,2026-09-26T19:34:21Z,Oregon State Beavers,-450,,20260926193526122038
NCAAF,americanfootball_ncaaf,a48c4a759a03a93bf42e23d2f8bf769e,2026-09-27T01:00:00Z,UTEP Miners,Oregon State Beavers,lowvig,LowVig.ag,2026-09-26T19:34:21Z,h2h,2026-09-26T19:34:21Z,UTEP Miners,350,,20260926193526122038
NCAAF,americanfootball_ncaaf,a48c4a759a03a93bf42e23d2f8bf769e,2026-09-27T01:00:00Z,UTEP Miners,Oregon State Beavers,lowvig,LowVig.ag,2026-09-26T19:34:21Z,spreads,2026-09-26T19:34:21Z,Oregon State Beavers,-106,-11.0,20260926193526122038
NCAAF,americanfootball_ncaaf,a48c4a759a03a93bf42e23d2f8bf769e,2026-09-27T01:00:00Z,UTEP Miners,Oregon State Beavers,lowvig,LowVig.ag,2026-09-26T19:34:21Z,spreads,2026-09-26T19:34:21Z,UTEP Miners,-106,11.0,20260926193526122038
NCAAF,americanfootball_ncaaf,a48c4a759a03a93bf42e23d2f8bf769e,2026-09-27T01:00:00Z,UTEP Miners,Oregon State Beavers,lowvig,LowVig.ag,2026-09-26T19:34:21Z,totals,2026-09-26T19:34:21Z,Over,-108,56.0,20260926193526122038
NCAAF,americanfootball_ncaaf,a48c4a759a03a93bf42e23d2f8bf769e,2026-09-27T01:00:00Z,UTEP Miners,Oregon State Beavers,lowvig,LowVig.ag,2026-09-26T19:34:21Z,totals,2026-09-26T19:34:21Z,Under,-108,56.0,20260926193526122038
NCAAF,americanfootball_ncaaf,a48c4a759a03a93bf42e23d2f8bf769e,2026-09-27T01:00:00Z,UTEP Miners,Oregon State Beavers,betonlineag,BetOnline.ag,2026-09-26T19:34:56Z,h2h,2026-09-26T19:34:55Z,Oregon State Beavers,-450,,20260926193526122038
NCAAF,americanfootball_ncaaf,a48c4a759a03a93bf42e23d2f8bf769e,2026-09-27T01:00:00Z,UTEP Miners,Oregon State Beavers,betonlineag,BetOnline.ag,2026-09-26T19:34:56Z,h2h,2026-09-26T19:34:55Z,UTEP Miners,350,,20260926193526122038
NCAAF,americanfootball_ncaaf,a48c4a759a03a93bf42e23d2f8bf769e,2026-09-27T01:00:00Z,UTEP Miners,Oregon State Beavers,betonlineag,BetOnline.ag,2026-09-26T19:34:56Z,spreads,2026-09-26T19:34:55Z,Oregon State Beavers,-110,-11.0,20260926193526122038
NCAAF,americanfootball_ncaaf,a48c4a759a03a93bf42e23d2f8bf769e,2026-09-27T01:00:00Z,UTEP Miners,Oregon State Beavers,betonlineag,BetOnline.ag,2026-09-26T19:34:56Z,spreads,2026-09-26T19:34:55Z,UTEP Miners,-110,11.0,20260926193526122038
NCAAF,americanfootball_ncaaf,a48c4a759a03a93bf42e23d2f8bf769e,2026-09-27T01:00:00Z,UTEP Miners,Oregon State Beavers,betonlineag,BetOnline.ag,2026-09-26T19:34:56Z,totals,2026-09-26T19:34:55Z,Over,-110,56.0,20260926193526122038
NCAAF,americanfootball_ncaaf,a48c4a759a03a93bf42e23d2f8bf769e,2026-09-27T01:00:00Z,UTEP Miners,Oregon State Beavers,betonlineag,BetOnline.ag,2026-09-26T19:34:56Z,totals,2026-09-26T19:34:55Z,Under,-110,56.0,20260926193526122038
NCAAF,americanfootball_ncaaf,a48c4a759a03a93bf42e23d2f8bf769e,2026-09-27T01:00:00Z,UTEP Miners,Oregon State Beavers,betus,BetUS,2026-09-26T19:35:13Z,h2h,2026-09-26T19:35:13Z,Oregon State Beavers,-450,,20260926193526122038
NCAAF,americanfootball_ncaaf,a48c4a759a03a93bf42e23d2f8bf769e,2026-09-27T01:00:00Z,UTEP Miners,Oregon State Beavers,betus,BetUS,2026-09-26T19:35:13Z,h2h,2026-09-26T19:35:13Z,UTEP Miners,355,,20260926193526122038
NCAAF,americanfootball_ncaaf,a48c4a759a03a93bf42e23d2f8bf769e,2026-09-27T01:00:00Z,UTEP Miners,Oregon State Beavers,betus,BetUS,2026-09-26T19:35:13Z,spreads,2026-09-26T19:35:13Z,Oregon State Beavers,-110,-11.5,20260926193526122038
NCAAF,americanfootball_ncaaf,a48c4a759a03a93bf42e23d2f8bf769e,2026-09-27T01:00:00Z,UTEP Miners,Oregon State Beavers,betus,BetUS,2026-09-26T19:35:13Z,spreads,2026-09-26T19:35:13Z,UTEP Miners,-110,11.5,20260926193526122038
NCAAF,americanfootball_ncaaf,a48c4a759a03a93bf42e23d2f8bf769e,2026-09-27T01:00:00Z,UTEP Miners,Oregon State Beavers,betus,BetUS,2026-09-26T19:35:13Z,totals,2026-09-26T19:35:13Z,Over,-110,56.0,20260926193526122038
NCAAF,americanfootball_ncaaf,a48c4a759a03a93bf42e23d2f8bf769e,2026-09-27T01:00:00Z,UTEP Miners,Oregon State Beavers,betus,BetUS,2026-09-26T19:35:13Z,totals,2026-09-26T19:35:13Z,Under,-110,56.0,20260926193526122038
NCAAF,americanfootball_ncaaf,a48c4a759a03a93bf42e23d2f8bf769e,2026-09-27T01:00:00Z,UTEP Miners,Oregon State Beavers,betmgm,BetMGM,2026-09-26T19:34:43Z,h2h,2026-09-26T19:34:43Z,Oregon State Beavers,-450,,20260926193526122038
NCAAF,americanfootball_ncaaf,a48c4a759a03a93bf42e23d2f8bf769e,2026-09-27T01:00:00Z,UTEP Miners,Oregon State Beavers,betmgm,BetMGM,2026-09-26T19:34:43Z,h2h,2026-09-26T19:34:43Z,UTEP Miners,360,,20260926193526122038
NCAAF,americanfootball_ncaaf,a48c4a759a03a93bf42e23d2f8bf769e,2026-09-27T01:00:00Z,UTEP Miners,Oregon State Beavers,betmgm,BetMGM,2026-09-26T19:34:43Z,spreads,2026-09-26T19:34:43Z,Oregon State Beavers,-110,-11.0,20260926193526122038
NCAAF,americanfootball_ncaaf,a48c4a759a03a93bf42e23d2f8bf769e,2026-09-27T01:00:00Z,UTEP Miners,Oregon State Beavers,betmgm,BetMGM,2026-09-26T19:34:43Z,spreads,2026-09-26T19:34:43Z,UTEP Miners,-108,11.0,20260926193526122038
NCAAF,americanfootball_ncaaf,a48c4a759a03a93bf42e23d2f8bf769e,2026-09-27T01:00:00Z,UTEP Miners,Oregon State Beavers,betmgm,BetMGM,2026-09-26T19:34:43Z,totals,2026-09-26T19:34:43Z,Over,-112,55.5,20260926193526122038
NCAAF,americanfootball_ncaaf,a48c4a759a03a93bf42e23d2f8bf769e,2026-09-27T01:00:00Z,UTEP Miners,Oregon State Beavers,betmgm,BetMGM,2026-09-26T19:34:43Z,totals,2026-09-26T19:34:43Z,Under,-108,55.5,20260926193526122038
NCAAF,americanfootball_ncaaf,a48c4a759a03a93bf42e23d2f8bf769e,2026-09-27T01:00:00Z,UTEP Miners,Oregon State Beavers,bovada,Bovada,2026-09-26T19:34:42Z,h2h,2026-09-26T19:34:42Z,Oregon State Beavers,-500,,20260926193526122038
NCAAF,americanfootball_ncaaf,a48c4a759a03a93bf42e23d2f8bf769e,2026-09-27T01:00:00Z,UTEP Miners,Oregon State Beavers,bovada,Bovada,2026-09-26T19:34:42Z,h2h,2026-09-26T19:34:42Z,UTEP Miners,360,,20260926193526122038
NCAAF,americanfootball_ncaaf,a48c4a759a03a93bf42e23d2f8bf769e,2026-09-27T01:00:00Z,UTEP Miners,Oregon State Beavers,bovada,Bovada,2026-09-26T19:34:42Z,spreads,2026-09-26T19:34:42Z,Oregon State Beavers,-115,-11.0,20260926193526122038
NCAAF,americanfootball_ncaaf,a48c4a759a03a93bf42e23d2f8bf769e,2026-09-27T01:00:00Z,UTEP Miners,Oregon State Beavers,bovada,Bovada,2026-09-26T19:34:42Z,spreads,2026-09-26T19:34:42Z,UTEP Miners,-105,11.0,20260926193526122038
NCAAF,americanfootball_ncaaf,a48c4a759a03a93bf42e23d2f8bf769e,2026-09-27T01:00:00Z,UTEP Miners,Oregon State Beavers,bovada,Bovada,2026-09-26T19:34:42Z,totals,2026-09-26T19:34:42Z,Over,-110,56.0,20260926193526122038
NCAAF,americanfootball_ncaaf,a48c4a759a03a93bf42e23d2f8bf769e,2026-09-27T01:00:00Z,UTEP Miners,Oregon State Beavers,bovada,Bovada,2026-09-26T19:34:42Z,totals,2026-09-26T19:34:42Z,Under,-110,56.0,20260926193526122038
NCAAF,americanfootball_ncaaf,dc2fd7526ea0bba9adc09a5627b637bf,2026-09-27T01:00:00Z,Sacramento State Hornets,UMass Minutemen,fanduel,FanDuel,2026-09-26T19:35:15Z,h2h,2026-09-26T19:35:15Z,Sacramento State Hornets,160,,20260926193526122038
NCAAF,americanfootball_ncaaf,dc2fd7526ea0bba9adc09a5627b637bf,2026-09-27T01:00:00Z,Sacramento State Hornets,UMass Minutemen,fanduel,FanDuel,2026-09-26T19:35:15Z,h2h,2026-09-26T19:35:15Z,UMass Minutemen,-194,,20260926193526122038
NCAAF,americanfootball_ncaaf,dc2fd7526ea0bba9adc09a5627b637bf,2026-09-27T01:00:00Z,Sacramento State Hornets,UMass Minutemen,fanduel,FanDuel,2026-09-26T19:35:15Z,spreads,2026-09-26T19:35:15Z,Sacramento State Hornets,-110,4.5,20260926193526122038
NCAAF,americanfootball_ncaaf,dc2fd7526ea0bba9adc09a5627b637bf,2026-09-27T01:00:00Z,Sacramento State Hornets,UMass Minutemen,fanduel,FanDuel,2026-09-26T19:35:15Z,spreads,2026-09-26T19:35:15Z,UMass Minutemen,-110,-4.5,20260926193526122038
NCAAF,americanfootball_ncaaf,dc2fd7526ea0bba9adc09a5627b637bf,2026-09-27T01:00:00Z,Sacramento State Hornets,UMass Minutemen,fanduel,FanDuel,2026-09-26T19:35:15Z,totals,2026-09-26T19:35:15Z,Over,-115,48.5,20260926193526122038
NCAAF,americanfootball_ncaaf,dc2fd7526ea0bba9adc09a5627b637bf,2026-09-27T01:00:00Z,Sacramento State Hornets,UMass Minutemen,fanduel,FanDuel,2026-09-26T19:35:15Z,totals,2026-09-26T19:35:15Z,Under,-105,48.5,20260926193526122038
NCAAF,americanfootball_ncaaf,dc2fd7526ea0bba9adc09a5627b637bf,2026-09-27T01:00:00Z,Sacramento State Hornets,UMass Minutemen,draftkings,DraftKings,2026-09-26T19:34:04Z,h2h,2026-09-26T19:34:04Z,Sacramento State Hornets,160,,20260926193526122038
NCAAF,americanfootball_ncaaf,dc2fd7526ea0bba9adc09a5627b637bf,2026-09-27T01:00:00Z,Sacramento State Hornets,UMass Minutemen,draftkings,DraftKings,2026-09-26T19:34:04Z,h2h,2026-09-26T19:34:04Z,UMass Minutemen,-192,,20260926193526122038
NCAAF,americanfootball_ncaaf,dc2fd7526ea0bba9adc09a5627b637bf,2026-09-27T01:00:00Z,Sacramento State Hornets,UMass Minutemen,draftkings,DraftKings,2026-09-26T19:34:04Z,spreads,2026-09-26T19:34:04Z,Sacramento State Hornets,-110,4.5,20260926193526122038
NCAAF,americanfootball_ncaaf,dc2fd7526ea0bba9adc09a5627b637bf,2026-09-27T01:00:00Z,Sacramento State Hornets,UMass Minutemen,draftkings,DraftKings,2026-09-26T19:34:04Z,spreads,2026-09-26T19:34:04Z,UMass Minutemen,-110,-4.5,20260926193526122038
NCAAF,americanfootball_ncaaf,dc2fd7526ea0bba9adc09a5627b637bf,2026-09-27T01:00:00Z,Sacramento State Hornets,UMass Minutemen,draftkings,DraftKings,2026-09-26T19:34:04Z,totals,2026-09-26T19:34:04Z,Over,-115,48.5,20260926193526122038
NCAAF,americanfootball_ncaaf,dc2fd7526ea0bba9adc09a5627b637bf,2026-09-27T01:00:00Z,Sacramento State Hornets,UMass Minutemen,draftkings,DraftKings,2026-09-26T19:34:04Z,totals,2026-09-26T19:34:04Z,Under,-105,48.5,20260926193526122038
NCAAF,americanfootball_ncaaf,dc2fd7526ea0bba9adc09a5627b637bf,2026-09-27T01:00:00Z,Sacramento State Hornets,UMass Minutemen,betonlineag,BetOnline.ag,2026-09-26T19:34:56Z,h2h,2026-09-26T19:34:54Z,Sacramento State Hornets,165,,20260926193526122038
NCAAF,americanfootball_ncaaf,dc2fd7526ea0bba9adc09a5627b637bf,2026-09-27T01:00:00Z,Sacramento State Hornets,UMass Minutemen,betonlineag,BetOnline.ag,2026-09-26T19:34:56Z,h2h,2026-09-26T19:34:54Z,UMass Minutemen,-190,,20260926193526122038
NCAAF,americanfootball_ncaaf,dc2fd7526ea0bba9adc09a5627b637bf,2026-09-27T01:00:00Z,Sacramento State Hornets,UMass Minutemen,betonlineag,BetOnline.ag,2026-09-26T19:34:56Z,spreads,2026-09-26T19:34:54Z,Sacramento State Hornets,-108,4.5,20260926193526122038
NCAAF,americanfootball_ncaaf,dc2fd7526ea0bba9adc09a5627b637bf,2026-09-27T01:00:00Z,Sacramento State Hornets,UMass Minutemen,betonlineag,BetOnline.ag,2026-09-26T19:34:56Z,spreads,2026-09-26T19:34:54Z,UMass Minutemen,-112,-4.5,20260926193526122038
NCAAF,americanfootball_ncaaf,dc2fd7526ea0bba9adc09a5627b637bf,2026-09-27T01:00:00Z,Sacramento State Hornets,UMass Minutemen,betonlineag,BetOnline.ag,2026-09-26T19:34:56Z,totals,2026-09-26T19:34:54Z,Over,-110,49.0,20260926193526122038
NCAAF,americanfootball_ncaaf,dc2fd7526ea0bba9adc09a5627b637bf,2026-09-27T01:00:00Z,Sacramento State Hornets,UMass Minutemen,betonlineag,BetOnline.ag,2026-09-26T19:34:56Z,totals,2026-09-26T19:34:54Z,Under,-110,49.0,20260926193526122038
NCAAF,americanfootball_ncaaf,dc2fd7526ea0bba9adc09a5627b637bf,2026-09-27T01:00:00Z,Sacramento State Hornets,UMass Minutemen,lowvig,LowVig.ag,2026-09-26T19:34:21Z,h2h,2026-09-26T19:34:21Z,Sacramento State Hornets,165,,20260926193526122038
NCAAF,americanfootball_ncaaf,dc2fd7526ea0bba9adc09a5627b637bf,2026-09-27T01:00:00Z,Sacramento State Hornets,UMass Minutemen,lowvig,LowVig.ag,2026-09-26T19:34:21Z,h2h,2026-09-26T19:34:21Z,UMass Minutemen,-190,,20260926193526122038
NCAAF,americanfootball_ncaaf,dc2fd7526ea0bba9adc09a5627b637bf,2026-09-27T01:00:00Z,Sacramento State Hornets,UMass Minutemen,lowvig,LowVig.ag,2026-09-26T19:34:21Z,spreads,2026-09-26T19:34:21Z,Sacramento State Hornets,-104,4.5,20260926193526122038
NCAAF,americanfootball_ncaaf,dc2fd7526ea0bba9adc09a5627b637bf,2026-09-27T01:00:00Z,Sacramento State Hornets,UMass Minutemen,lowvig,LowVig.ag,2026-09-26T19:34:21Z,spreads,2026-09-26T19:34:21Z,UMass Minutemen,-108,-4.5,20260926193526122038
NCAAF,americanfootball_ncaaf,dc2fd7526ea0bba9adc09a5627b637bf,2026-09-27T01:00:00Z,Sacramento State Hornets,UMass Minutemen,lowvig,LowVig.ag,2026-09-26T19:34:21Z,totals,2026-09-26T19:34:21Z,Over,-108,49.0,20260926193526122038
NCAAF,americanfootball_ncaaf,dc2fd7526ea0bba9adc09a5627b637bf,2026-09-27T01:00:00Z,Sacramento State Hornets,UMass Minutemen,lowvig,LowVig.ag,2026-09-26T19:34:21Z,totals,2026-09-26T19:34:21Z,Under,-108,49.0,20260926193526122038
NCAAF,americanfootball_ncaaf,dc2fd7526ea0bba9adc09a5627b637bf,2026-09-27T01:00:00Z,Sacramento State Hornets,UMass Minutemen,betus,BetUS,2026-09-26T19:35:13Z,h2h,2026-09-26T19:35:13Z,Sacramento State Hornets,163,,20260926193526122038
NCAAF,americanfootball_ncaaf,dc2fd7526ea0bba9adc09a5627b637bf,2026-09-27T01:00:00Z,Sacramento State Hornets,UMass Minutemen,betus,BetUS,2026-09-26T19:35:13Z,h2h,2026-09-26T19:35:13Z,UMass Minutemen,-190,,20260926193526122038
NCAAF,americanfootball_ncaaf,dc2fd7526ea0bba9adc09a5627b637bf,2026-09-27T01:00:00Z,Sacramento State Hornets,UMass Minutemen,betus,BetUS,2026-09-26T19:35:13Z,spreads,2026-09-26T19:35:13Z,Sacramento State Hornets,-110,4.5,20260926193526122038
NCAAF,americanfootball_ncaaf,dc2fd7526ea0bba9adc09a5627b637bf,2026-09-27T01:00:00Z,Sacramento State Hornets,UMass Minutemen,betus,BetUS,2026-09-26T19:35:13Z,spreads,2026-09-26T19:35:13Z,UMass Minutemen,-110,-4.5,20260926193526122038
NCAAF,americanfootball_ncaaf,dc2fd7526ea0bba9adc09a5627b637bf,2026-09-27T01:00:00Z,Sacramento State Hornets,UMass Minutemen,betus,BetUS,2026-09-26T19:35:13Z,totals,2026-09-26T19:35:13Z,Over,-110,49.0,20260926193526122038
NCAAF,americanfootball_ncaaf,dc2fd7526ea0bba9adc09a5627b637bf,2026-09-27T01:00:00Z,Sacramento State Hornets,UMass Minutemen,betus,BetUS,2026-09-26T19:35:13Z,totals,2026-09-26T19:35:13Z,Under,-110,49.0,20260926193526122038
NCAAF,americanfootball_ncaaf,dc2fd7526ea0bba9adc09a5627b637bf,2026-09-27T01:00:00Z,Sacramento State Hornets,UMass Minutemen,betmgm,BetMGM,2026-09-26T19:34:43Z,h2h,2026-09-26T19:34:43Z,Sacramento State Hornets,160,,20260926193526122038
NCAAF,americanfootball_ncaaf,dc2fd7526ea0bba9adc09a5627b637bf,2026-09-27T01:00:00Z,Sacramento State Hornets,UMass Minutemen,betmgm,BetMGM,2026-09-26T19:34:43Z,h2h,2026-09-26T19:34:43Z,UMass Minutemen,-200,,20260926193526122038
NCAAF,americanfootball_ncaaf,dc2fd7526ea0bba9adc09a5627b637bf,2026-09-27T01:00:00Z,Sacramento State Hornets,UMass Minutemen,betmgm,BetMGM,2026-09-26T19:34:43Z,spreads,2026-09-26T19:34:43Z,Sacramento State Hornets,-110,5.0,20260926193526122038
NCAAF,americanfootball_ncaaf,dc2fd7526ea0bba9adc09a5627b637bf,2026-09-27T01:00:00Z,Sacramento State Hornets,UMass Minutemen,betmgm,BetMGM,2026-09-26T19:34:43Z,spreads,2026-09-26T19:34:43Z,UMass Minutemen,-108,-5.0,20260926193526122038
NCAAF,americanfootball_ncaaf,dc2fd7526ea0bba9adc09a5627b637bf,2026-09-27T01:00:00Z,Sacramento State Hornets,UMass Minutemen,betmgm,BetMGM,2026-09-26T19:34:43Z,totals,2026-09-26T19:34:43Z,Over,-108,49.5,20260926193526122038
NCAAF,americanfootball_ncaaf,dc2fd7526ea0bba9adc09a5627b637bf,2026-09-27T01:00:00Z,Sacramento State Hornets,UMass Minutemen,betmgm,BetMGM,2026-09-26T19:34:43Z,totals,2026-09-26T19:34:43Z,Under,-110,49.5,20260926193526122038
NCAAF,americanfootball_ncaaf,dc2fd7526ea0bba9adc09a5627b637bf,2026-09-27T01:00:00Z,Sacramento State Hornets,UMass Minutemen,mybookieag,MyBookie.ag,2026-09-26T19:35:13Z,totals,2026-09-26T19:35:13Z,Over,-110,49.0,20260926193526122038
NCAAF,americanfootball_ncaaf,dc2fd7526ea0bba9adc09a5627b637bf,2026-09-27T01:00:00Z,Sacramento State Hornets,UMass Minutemen,mybookieag,MyBookie.ag,2026-09-26T19:35:13Z,totals,2026-09-26T19:35:13Z,Under,-110,49.0,20260926193526122038
NCAAF,americanfootball_ncaaf,dc2fd7526ea0bba9adc09a5627b637bf,2026-09-27T01:00:00Z,Sacramento State Hornets,UMass Minutemen,betrivers,BetRivers,2026-09-26T19:34:38Z,h2h,2026-09-26T19:34:38Z,Sacramento State Hornets,165,,20260926193526122038
NCAAF,americanfootball_ncaaf,dc2fd7526ea0bba9adc09a5627b637bf,2026-09-27T01:00:00Z,Sacramento State Hornets,UMass Minutemen,betrivers,BetRivers,2026-09-26T19:34:38Z,h2h,2026-09-26T19:34:38Z,UMass Minutemen,-210,,20260926193526122038
NCAAF,americanfootball_ncaaf,dc2fd7526ea0bba9adc09a5627b637bf,2026-09-27T01:00:00Z,Sacramento State Hornets,UMass Minutemen,betrivers,BetRivers,2026-09-26T19:34:38Z,spreads,2026-09-26T19:34:38Z,Sacramento State Hornets,-109,5.0,20260926193526122038
NCAAF,americanfootball_ncaaf,dc2fd7526ea0bba9adc09a5627b637bf,2026-09-27T01:00:00Z,Sacramento State Hornets,UMass Minutemen,betrivers,BetRivers,2026-09-26T19:34:38Z,spreads,2026-09-26T19:34:38Z,UMass Minutemen,-113,-5.0,20260926193526122038
NCAAF,americanfootball_ncaaf,dc2fd7526ea0bba9adc09a5627b637bf,2026-09-27T01:00:00Z,Sacramento State Hornets,UMass Minutemen,betrivers,BetRivers,2026-09-26T19:34:38Z,totals,2026-09-26T19:34:38Z,Over,-113,48.5,20260926193526122038
NCAAF,americanfootball_ncaaf,dc2fd7526ea0bba9adc09a5627b637bf,2026-09-27T01:00:00Z,Sacramento State Hornets,UMass Minutemen,betrivers,BetRivers,2026-09-26T19:34:38Z,totals,2026-09-26T19:34:38Z,Under,-114,48.5,20260926193526122038
NCAAF,americanfootball_ncaaf,dc2fd7526ea0bba9adc09a5627b637bf,2026-09-27T01:00:00Z,Sacramento State Hornets,UMass Minutemen,bovada,Bovada,2026-09-26T19:34:42Z,h2h,2026-09-26T19:34:42Z,Sacramento State Hornets,165,,20260926193526122038
NCAAF,americanfootball_ncaaf,dc2fd7526ea0bba9adc09a5627b637bf,2026-09-27T01:00:00Z,Sacramento State Hornets,UMass Minutemen,bovada,Bovada,2026-09-26T19:34:42Z,h2h,2026-09-26T19:34:42Z,UMass Minutemen,-195,,20260926193526122038
NCAAF,americanfootball_ncaaf,dc2fd7526ea0bba9adc09a5627b637bf,2026-09-27T01:00:00Z,Sacramento State Hornets,UMass Minutemen,bovada,Bovada,2026-09-26T19:34:42Z,spreads,2026-09-26T19:34:42Z,Sacramento State Hornets,-110,4.5,20260926193526122038
NCAAF,americanfootball_ncaaf,dc2fd7526ea0bba9adc09a5627b637bf,2026-09-27T01:00:00Z,Sacramento State Hornets,UMass Minutemen,bovada,Bovada,2026-09-26T19:34:42Z,spreads,2026-09-26T19:34:42Z,UMass Minutemen,-110,-4.5,20260926193526122038
NCAAF,americanfootball_ncaaf,dc2fd7526ea0bba9adc09a5627b637bf,2026-09-27T01:00:00Z,Sacramento State Hornets,UMass Minutemen,bovada,Bovada,2026-09-26T19:34:42Z,totals,2026-09-26T19:34:42Z,Over,-110,49.0,20260926193526122038
NCAAF,americanfootball_ncaaf,dc2fd7526ea0bba9adc09a5627b637bf,2026-09-27T01:00:00Z,Sacramento State Hornets,UMass Minutemen,bovada,Bovada,2026-09-26T19:34:42Z,totals,2026-09-26T19:34:42Z,Under,-110,49.0,20260926193526122038
NCAAF,americanfootball_ncaaf,271438149d3f0afb2ff01736101b5e20,2026-09-27T02:00:00Z,Fresno State Bulldogs,Rice Owls,fanduel,FanDuel,2026-09-26T19:35:15Z,h2h,2026-09-26T19:35:15Z,Fresno State Bulldogs,-600,,20260926193526122038
NCAAF,americanfootball_ncaaf,271438149d3f0afb2ff01736101b5e20,2026-09-27T02:00:00Z,Fresno State Bulldogs,Rice Owls,fanduel,FanDuel,2026-09-26T19:35:15Z,h2h,2026-09-26T19:35:15Z,Rice Owls,430,,20260926193526122038
NCAAF,americanfootball_ncaaf,271438149d3f0afb2ff01736101b5e20,2026-09-27T02:00:00Z,Fresno State Bulldogs,Rice Owls,fanduel,FanDuel,2026-09-26T19:35:15Z,spreads,2026-09-26T19:35:15Z,Fresno State Bulldogs,100,-13.5,20260926193526122038
NCAAF,americanfootball_ncaaf,271438149d3f0afb2ff01736101b5e20,2026-09-27T02:00:00Z,Fresno State Bulldogs,Rice Owls,fanduel,FanDuel,2026-09-26T19:35:15Z,spreads,2026-09-26T19:35:15Z,Rice Owls,-122,13.5,20260926193526122038
NCAAF,americanfootball_ncaaf,271438149d3f0afb2ff01736101b5e20,2026-09-27T02:00:00Z,Fresno State Bulldogs,Rice Owls,fanduel,FanDuel,2026-09-26T19:35:15Z,totals,2026-09-26T19:35:15Z,Over,-110,43.5,20260926193526122038
NCAAF,americanfootball_ncaaf,271438149d3f0afb2ff01736101b5e20,2026-09-27T02:00:00Z,Fresno State Bulldogs,Rice Owls,fanduel,FanDuel,2026-09-26T19:35:15Z,totals,2026-09-26T19:35:15Z,Under,-110,43.5,20260926193526122038
NCAAF,americanfootball_ncaaf,271438149d3f0afb2ff01736101b5e20,2026-09-27T02:00:00Z,Fresno State Bulldogs,Rice Owls,mybookieag,MyBookie.ag,2026-09-26T19:35:13Z,h2h,2026-09-26T19:35:13Z,Fresno State Bulldogs,-589,,20260926193526122038
NCAAF,americanfootball_ncaaf,271438149d3f0afb2ff01736101b5e20,2026-09-27T02:00:00Z,Fresno State Bulldogs,Rice Owls,mybookieag,MyBookie.ag,2026-09-26T19:35:13Z,h2h,2026-09-26T19:35:13Z,Rice Owls,409,,20260926193526122038
NCAAF,americanfootball_ncaaf,271438149d3f0afb2ff01736101b5e20,2026-09-27T02:00:00Z,Fresno State Bulldogs,Rice Owls,mybookieag,MyBookie.ag,2026-09-26T19:35:13Z,spreads,2026-09-26T19:35:13Z,Fresno State Bulldogs,-110,-13.0,20260926193526122038
NCAAF,americanfootball_ncaaf,271438149d3f0afb2ff01736101b5e20,2026-09-27T02:00:00Z,Fresno State Bulldogs,Rice Owls,mybookieag,MyBookie.ag,2026-09-26T19:35:13Z,spreads,2026-09-26T19:35:13Z,Rice Owls,-110,13.0,20260926193526122038
NCAAF,americanfootball_ncaaf,271438149d3f0afb2ff01736101b5e20,2026-09-27T02:00:00Z,Fresno State Bulldogs,Rice Owls,mybookieag,MyBookie.ag,2026-09-26T19:35:13Z,totals,2026-09-26T19:35:13Z,Over,-110,44.0,20260926193526122038
NCAAF,americanfootball_ncaaf,271438149d3f0afb2ff01736101b5e20,2026-09-27T02:00:00Z,Fresno State Bulldogs,Rice Owls,mybookieag,MyBookie.ag,2026-09-26T19:35:13Z,totals,2026-09-26T19:35:13Z,Under,-110,44.0,20260926193526122038
NCAAF,americanfootball_ncaaf,271438149d3f0afb2ff01736101b5e20,2026-09-27T02:00:00Z,Fresno State Bulldogs,Rice Owls,draftkings,DraftKings,2026-09-26T19:34:04Z,h2h,2026-09-26T19:34:04Z,Fresno State Bulldogs,-535,,20260926193526122038
NCAAF,americanfootball_ncaaf,271438149d3f0afb2ff01736101b5e20,2026-09-27T02:00:00Z,Fresno State Bulldogs,Rice Owls,draftkings,DraftKings,2026-09-26T19:34:04Z,h2h,2026-09-26T19:34:04Z,Rice Owls,400,,20260926193526122038
NCAAF,americanfootball_ncaaf,271438149d3f0afb2ff01736101b5e20,2026-09-27T02:00:00Z,Fresno State Bulldogs,Rice Owls,draftkings,DraftKings,2026-09-26T19:34:04Z,spreads,2026-09-26T19:34:04Z,Fresno State Bulldogs,-105,-13.5,20260926193526122038
NCAAF,americanfootball_ncaaf,271438149d3f0afb2ff01736101b5e20,2026-09-27T02:00:00Z,Fresno State Bulldogs,Rice Owls,draftkings,DraftKings,2026-09-26T19:34:04Z,spreads,2026-09-26T19:34:04Z,Rice Owls,-115,13.5,20260926193526122038
NCAAF,americanfootball_ncaaf,271438149d3f0afb2ff01736101b5e20,2026-09-27T02:00:00Z,Fresno State Bulldogs,Rice Owls,draftkings,DraftKings,2026-09-26T19:34:04Z,totals,2026-09-26T19:34:04Z,Over,-115,43.5,20260926193526122038
NCAAF,americanfootball_ncaaf,271438149d3f0afb2ff01736101b5e20,2026-09-27T02:00:00Z,Fresno State Bulldogs,Rice Owls,draftkings,DraftKings,2026-09-26T19:34:04Z,totals,2026-09-26T19:34:04Z,Under,-105,43.5,20260926193526122038
NCAAF,americanfootball_ncaaf,271438149d3f0afb2ff01736101b5e20,2026-09-27T02:00:00Z,Fresno State Bulldogs,Rice Owls,betonlineag,BetOnline.ag,2026-09-26T19:34:56Z,h2h,2026-09-26T19:34:55Z,Fresno State Bulldogs,-530,,20260926193526122038
NCAAF,americanfootball_ncaaf,271438149d3f0afb2ff01736101b5e20,2026-09-27T02:00:00Z,Fresno State Bulldogs,Rice Owls,betonlineag,BetOnline.ag,2026-09-26T19:34:56Z,h2h,2026-09-26T19:34:55Z,Rice Owls,403,,20260926193526122038
NCAAF,americanfootball_ncaaf,271438149d3f0afb2ff01736101b5e20,2026-09-27T02:00:00Z,Fresno State Bulldogs,Rice Owls,betonlineag,BetOnline.ag,2026-09-26T19:34:56Z,spreads,2026-09-26T19:34:55Z,Fresno State Bulldogs,-105,-13.5,20260926193526122038
NCAAF,americanfootball_ncaaf,271438149d3f0afb2ff01736101b5e20,2026-09-27T02:00:00Z,Fresno State Bulldogs,Rice Owls,betonlineag,BetOnline.ag,2026-09-26T19:34:56Z,spreads,2026-09-26T19:34:55Z,Rice Owls,-115,13.5,20260926193526122038
NCAAF,americanfootball_ncaaf,271438149d3f0afb2ff01736101b5e20,2026-09-27T02:00:00Z,Fresno State Bulldogs,Rice Owls,betonlineag,BetOnline.ag,2026-09-26T19:34:56Z,totals,2026-09-26T19:34:55Z,Over,-115,43.0,20260926193526122038
NCAAF,americanfootball_ncaaf,271438149d3f0afb2ff01736101b5e20,2026-09-27T02:00:00Z,Fresno State Bulldogs,Rice Owls,betonlineag,BetOnline.ag,2026-09-26T19:34:56Z,totals,2026-09-26T19:34:55Z,Under,-105,43.0,20260926193526122038
NCAAF,americanfootball_ncaaf,271438149d3f0afb2ff01736101b5e20,2026-09-27T02:00:00Z,Fresno State Bulldogs,Rice Owls,lowvig,LowVig.ag,2026-09-26T19:34:21Z,h2h,2026-09-26T19:34:21Z,Fresno State Bulldogs,-530,,20260926193526122038
NCAAF,americanfootball_ncaaf,271438149d3f0afb2ff01736101b5e20,2026-09-27T02:00:00Z,Fresno State Bulldogs,Rice Owls,lowvig,LowVig.ag,2026-09-26T19:34:21Z,h2h,2026-09-26T19:34:21Z,Rice Owls,403,,20260926193526122038
NCAAF,americanfootball_ncaaf,271438149d3f0afb2ff01736101b5e20,2026-09-27T02:00:00Z,Fresno State Bulldogs,Rice Owls,lowvig,LowVig.ag,2026-09-26T19:34:21Z,spreads,2026-09-26T19:34:21Z,Fresno State Bulldogs,-101,-13.5,20260926193526122038
NCAAF,americanfootball_ncaaf,271438149d3f0afb2ff01736101b5e20,2026-09-27T02:00:00Z,Fresno State Bulldogs,Rice Owls,lowvig,LowVig.ag,2026-09-26T19:34:21Z,spreads,2026-09-26T19:34:21Z,Rice Owls,-111,13.5,20260926193526122038
NCAAF,americanfootball_ncaaf,271438149d3f0afb2ff01736101b5e20,2026-09-27T02:00:00Z,Fresno State Bulldogs,Rice Owls,lowvig,LowVig.ag,2026-09-26T19:34:21Z,totals,2026-09-26T19:34:21Z,Over,-114,43.0,20260926193526122038
NCAAF,americanfootball_ncaaf,271438149d3f0afb2ff01736101b5e20,2026-09-27T02:00:00Z,Fresno State Bulldogs,Rice Owls,lowvig,LowVig.ag,2026-09-26T19:34:21Z,totals,2026-09-26T19:34:21Z,Under,-103,43.0,20260926193526122038
NCAAF,americanfootball_ncaaf,271438149d3f0afb2ff01736101b5e20,2026-09-27T02:00:00Z,Fresno State Bulldogs,Rice Owls,betus,BetUS,2026-09-26T19:35:13Z,h2h,2026-09-26T19:35:13Z,Fresno State Bulldogs,-530,,20260926193526122038
NCAAF,americanfootball_ncaaf,271438149d3f0afb2ff01736101b5e20,2026-09-27T02:00:00Z,Fresno State Bulldogs,Rice Owls,betus,BetUS,2026-09-26T19:35:13Z,h2h,2026-09-26T19:35:13Z,Rice Owls,410,,20260926193526122038
NCAAF,americanfootball_ncaaf,271438149d3f0afb2ff01736101b5e20,2026-09-27T02:00:00Z,Fresno State Bulldogs,Rice Owls,betus,BetUS,2026-09-26T19:35:13Z,spreads,2026-09-26T19:35:13Z,Fresno State Bulldogs,-105,-13.5,20260926193526122038
NCAAF,americanfootball_ncaaf,271438149d3f0afb2ff01736101b5e20,2026-09-27T02:00:00Z,Fresno State Bulldogs,Rice Owls,betus,BetUS,2026-09-26T19:35:13Z,spreads,2026-09-26T19:35:13Z,Rice Owls,-115,13.5,20260926193526122038
NCAAF,americanfootball_ncaaf,271438149d3f0afb2ff01736101b5e20,2026-09-27T02:00:00Z,Fresno State Bulldogs,Rice Owls,betus,BetUS,2026-09-26T19:35:13Z,totals,2026-09-26T19:35:13Z,Over,-115,43.0,20260926193526122038
NCAAF,americanfootball_ncaaf,271438149d3f0afb2ff01736101b5e20,2026-09-27T02:00:00Z,Fresno State Bulldogs,Rice Owls,betus,BetUS,2026-09-26T19:35:13Z,totals,2026-09-26T19:35:13Z,Under,-105,43.0,20260926193526122038
NCAAF,americanfootball_ncaaf,271438149d3f0afb2ff01736101b5e20,2026-09-27T02:00:00Z,Fresno State Bulldogs,Rice Owls,betmgm,BetMGM,2026-09-26T19:34:43Z,h2h,2026-09-26T19:34:43Z,Fresno State Bulldogs,-525,,20260926193526122038
NCAAF,americanfootball_ncaaf,271438149d3f0afb2ff01736101b5e20,2026-09-27T02:00:00Z,Fresno State Bulldogs,Rice Owls,betmgm,BetMGM,2026-09-26T19:34:43Z,h2h,2026-09-26T19:34:43Z,Rice Owls,400,,20260926193526122038
NCAAF,americanfootball_ncaaf,271438149d3f0afb2ff01736101b5e20,2026-09-27T02:00:00Z,Fresno State Bulldogs,Rice Owls,betmgm,BetMGM,2026-09-26T19:34:43Z,spreads,2026-09-26T19:34:43Z,Fresno State Bulldogs,-110,-12.5,20260926193526122038
NCAAF,americanfootball_ncaaf,271438149d3f0afb2ff01736101b5e20,2026-09-27T02:00:00Z,Fresno State Bulldogs,Rice Owls,betmgm,BetMGM,2026-09-26T19:34:43Z,spreads,2026-09-26T19:34:43Z,Rice Owls,-110,12.5,20260926193526122038
NCAAF,americanfootball_ncaaf,271438149d3f0afb2ff01736101b5e20,2026-09-27T02:00:00Z,Fresno State Bulldogs,Rice Owls,betmgm,BetMGM,2026-09-26T19:34:43Z,totals,2026-09-26T19:34:43Z,Over,-110,43.5,20260926193526122038
NCAAF,americanfootball_ncaaf,271438149d3f0afb2ff01736101b5e20,2026-09-27T02:00:00Z,Fresno State Bulldogs,Rice Owls,betmgm,BetMGM,2026-09-26T19:34:43Z,totals,2026-09-26T19:34:43Z,Under,-108,43.5,20260926193526122038
NCAAF,americanfootball_ncaaf,271438149d3f0afb2ff01736101b5e20,2026-09-27T02:00:00Z,Fresno State Bulldogs,Rice Owls,betrivers,BetRivers,2026-09-26T19:34:38Z,h2h,2026-09-26T19:34:38Z,Fresno State Bulldogs,-625,,20260926193526122038
NCAAF,americanfootball_ncaaf,271438149d3f0afb2ff01736101b5e20,2026-09-27T02:00:00Z,Fresno State Bulldogs,Rice Owls,betrivers,BetRivers,2026-09-26T19:34:38Z,h2h,2026-09-26T19:34:38Z,Rice Owls,430,,20260926193526122038
NCAAF,americanfootball_ncaaf,271438149d3f0afb2ff01736101b5e20,2026-09-27T02:00:00Z,Fresno State Bulldogs,Rice Owls,betrivers,BetRivers,2026-09-26T19:34:38Z,spreads,2026-09-26T19:34:38Z,Fresno State Bulldogs,-112,-12.0,20260926193526122038
NCAAF,americanfootball_ncaaf,271438149d3f0afb2ff01736101b5e20,2026-09-27T02:00:00Z,Fresno State Bulldogs,Rice Owls,betrivers,BetRivers,2026-09-26T19:34:38Z,spreads,2026-09-26T19:34:38Z,Rice Owls,-110,12.0,20260926193526122038
NCAAF,americanfootball_ncaaf,271438149d3f0afb2ff01736101b5e20,2026-09-27T02:00:00Z,Fresno State Bulldogs,Rice Owls,betrivers,BetRivers,2026-09-26T19:34:38Z,totals,2026-09-26T19:34:38Z,Over,-107,44.5,20260926193526122038
NCAAF,americanfootball_ncaaf,271438149d3f0afb2ff01736101b5e20,2026-09-27T02:00:00Z,Fresno State Bulldogs,Rice Owls,betrivers,BetRivers,2026-09-26T19:34:38Z,totals,2026-09-26T19:34:38Z,Under,-121,44.5,20260926193526122038
NCAAF,americanfootball_ncaaf,271438149d3f0afb2ff01736101b5e20,2026-09-27T02:00:00Z,Fresno State Bulldogs,Rice Owls,bovada,Bovada,2026-09-26T19:34:42Z,h2h,2026-09-26T19:34:42Z,Fresno State Bulldogs,-550,,20260926193526122038
NCAAF,americanfootball_ncaaf,271438149d3f0afb2ff01736101b5e20,2026-09-27T02:00:00Z,Fresno State Bulldogs,Rice Owls,bovada,Bovada,2026-09-26T19:34:42Z,h2h,2026-09-26T19:34:42Z,Rice Owls,390,,20260926193526122038
NCAAF,americanfootball_ncaaf,271438149d3f0afb2ff01736101b5e20,2026-09-27T02:00:00Z,Fresno State Bulldogs,Rice Owls,bovada,Bovada,2026-09-26T19:34:42Z,spreads,2026-09-26T19:34:42Z,Fresno State Bulldogs,-110,-13.0,20260926193526122038
NCAAF,americanfootball_ncaaf,271438149d3f0afb2ff01736101b5e20,2026-09-27T02:00:00Z,Fresno State Bulldogs,Rice Owls,bovada,Bovada,2026-09-26T19:34:42Z,spreads,2026-09-26T19:34:42Z,Rice Owls,-110,13.0,20260926193526122038
NCAAF,americanfootball_ncaaf,271438149d3f0afb2ff01736101b5e20,2026-09-27T02:00:00Z,Fresno State Bulldogs,Rice Owls,bovada,Bovada,2026-09-26T19:34:42Z,totals,2026-09-26T19:34:42Z,Over,-115,43.5,20260926193526122038
NCAAF,americanfootball_ncaaf,271438149d3f0afb2ff01736101b5e20,2026-09-27T02:00:00Z,Fresno State Bulldogs,Rice Owls,bovada,Bovada,2026-09-26T19:34:42Z,totals,2026-09-26T19:34:42Z,Under,-105,43.5,20260926193526122038
NCAAF,americanfootball_ncaaf,e972bb2c0291b991de32cc0188c9d338,2026-09-27T02:30:00Z,Nevada Wolf Pack,Air Force Falcons,fanduel,FanDuel,2026-09-26T19:35:15Z,h2h,2026-09-26T19:35:15Z,Air Force Falcons,-230,,20260926193526122038
NCAAF,americanfootball_ncaaf,e972bb2c0291b991de32cc0188c9d338,2026-09-27T02:30:00Z,Nevada Wolf Pack,Air Force Falcons,fanduel,FanDuel,2026-09-26T19:35:15Z,h2h,2026-09-26T19:35:15Z,Nevada Wolf Pack,188,,20260926193526122038
NCAAF,americanfootball_ncaaf,e972bb2c0291b991de32cc0188c9d338,2026-09-27T02:30:00Z,Nevada Wolf Pack,Air Force Falcons,fanduel,FanDuel,2026-09-26T19:35:15Z,spreads,2026-09-26T19:35:15Z,Air Force Falcons,-114,-5.5,20260926193526122038
NCAAF,americanfootball_ncaaf,e972bb2c0291b991de32cc0188c9d338,2026-09-27T02:30:00Z,Nevada Wolf Pack,Air Force Falcons,fanduel,FanDuel,2026-09-26T19:35:15Z,spreads,2026-09-26T19:35:15Z,Nevada Wolf Pack,-106,5.5,20260926193526122038
NCAAF,americanfootball_ncaaf,e972bb2c0291b991de32cc0188c9d338,2026-09-27T02:30:00Z,Nevada Wolf Pack,Air Force Falcons,fanduel,FanDuel,2026-09-26T19:35:15Z,totals,2026-09-26T19:35:15Z,Over,-112,50.5,20260926193526122038
NCAAF,americanfootball_ncaaf,e972bb2c0291b991de32cc0188c9d338,2026-09-27T02:30:00Z,Nevada Wolf Pack,Air Force Falcons,fanduel,FanDuel,2026-09-26T19:35:15Z,totals,2026-09-26T19:35:15Z,Under,-108,50.5,20260926193526122038
NCAAF,americanfootball_ncaaf,e972bb2c0291b991de32cc0188c9d338,2026-09-27T02:30:00Z,Nevada Wolf Pack,Air Force Falcons,mybookieag,MyBookie.ag,2026-09-26T19:35:13Z,h2h,2026-09-26T19:35:13Z,Air Force Falcons,-242,,20260926193526122038
NCAAF,americanfootball_ncaaf,e972bb2c0291b991de32cc0188c9d338,2026-09-27T02:30:00Z,Nevada Wolf Pack,Air Force Falcons,mybookieag,MyBookie.ag,2026-09-26T19:35:13Z,h2h,2026-09-26T19:35:13Z,Nevada Wolf Pack,192,,20260926193526122038
NCAAF,americanfootball_ncaaf,e972bb2c0291b991de32cc0188c9d338,2026-09-27T02:30:00Z,Nevada Wolf Pack,Air Force Falcons,mybookieag,MyBookie.ag,2026-09-26T19:35:13Z,spreads,2026-09-26T19:35:13Z,Air Force Falcons,-110,-6.0,20260926193526122038
NCAAF,americanfootball_ncaaf,e972bb2c0291b991de32cc0188c9d338,2026-09-27T02:30:00Z,Nevada Wolf Pack,Air Force Falcons,mybookieag,MyBookie.ag,2026-09-26T19:35:13Z,spreads,2026-09-26T19:35:13Z,Nevada Wolf Pack,-110,6.0,20260926193526122038
NCAAF,americanfootball_ncaaf,e972bb2c0291b991de32cc0188c9d338,2026-09-27T02:30:00Z,Nevada Wolf Pack,Air Force Falcons,mybookieag,MyBookie.ag,2026-09-26T19:35:13Z,totals,2026-09-26T19:35:13Z,Over,-110,50.5,20260926193526122038
NCAAF,americanfootball_ncaaf,e972bb2c0291b991de32cc0188c9d338,2026-09-27T02:30:00Z,Nevada Wolf Pack,Air Force Falcons,mybookieag,MyBookie.ag,2026-09-26T19:35:13Z,totals,2026-09-26T19:35:13Z,Under,-110,50.5,20260926193526122038
NCAAF,americanfootball_ncaaf,e972bb2c0291b991de32cc0188c9d338,2026-09-27T02:30:00Z,Nevada Wolf Pack,Air Force Falcons,draftkings,DraftKings,2026-09-26T19:34:04Z,h2h,2026-09-26T19:34:04Z,Air Force Falcons,-238,,20260926193526122038
NCAAF,americanfootball_ncaaf,e972bb2c0291b991de32cc0188c9d338,2026-09-27T02:30:00Z,Nevada Wolf Pack,Air Force Falcons,draftkings,DraftKings,2026-09-26T19:34:04Z,h2h,2026-09-26T19:34:04Z,Nevada Wolf Pack,195,,20260926193526122038
NCAAF,americanfootball_ncaaf,e972bb2c0291b991de32cc0188c9d338,2026-09-27T02:30:00Z,Nevada Wolf Pack,Air Force Falcons,draftkings,DraftKings,2026-09-26T19:34:04Z,spreads,2026-09-26T19:34:04Z,Air Force Falcons,-112,-5.5,20260926193526122038
NCAAF,americanfootball_ncaaf,e972bb2c0291b991de32cc0188c9d338,2026-09-27T02:30:00Z,Nevada Wolf Pack,Air Force Falcons,draftkings,DraftKings,2026-09-26T19:34:04Z,spreads,2026-09-26T19:34:04Z,Nevada Wolf Pack,-108,5.5,20260926193526122038
NCAAF,americanfootball_ncaaf,e972bb2c0291b991de32cc0188c9d338,2026-09-27T02:30:00Z,Nevada Wolf Pack,Air Force Falcons,draftkings,DraftKings,2026-09-26T19:34:04Z,totals,2026-09-26T19:34:04Z,Over,-110,50.5,20260926193526122038
NCAAF,americanfootball_ncaaf,e972bb2c0291b991de32cc0188c9d338,2026-09-27T02:30:00Z,Nevada Wolf Pack,Air Force Falcons,draftkings,DraftKings,2026-09-26T19:34:04Z,totals,2026-09-26T19:34:04Z,Under,-110,50.5,20260926193526122038
NCAAF,americanfootball_ncaaf,e972bb2c0291b991de32cc0188c9d338,2026-09-27T02:30:00Z,Nevada Wolf Pack,Air Force Falcons,betonlineag,BetOnline.ag,2026-09-26T19:34:56Z,h2h,2026-09-26T19:34:55Z,Air Force Falcons,-230,,20260926193526122038
NCAAF,americanfootball_ncaaf,e972bb2c0291b991de32cc0188c9d338,2026-09-27T02:30:00Z,Nevada Wolf Pack,Air Force Falcons,betonlineag,BetOnline.ag,2026-09-26T19:34:56Z,h2h,2026-09-26T19:34:55Z,Nevada Wolf Pack,192,,20260926193526122038
NCAAF,americanfootball_ncaaf,e972bb2c0291b991de32cc0188c9d338,2026-09-27T02:30:00Z,Nevada Wolf Pack,Air Force Falcons,betonlineag,BetOnline.ag,2026-09-26T19:34:56Z,spreads,2026-09-26T19:34:55Z,Air Force Falcons,-105,-6.0,20260926193526122038
NCAAF,americanfootball_ncaaf,e972bb2c0291b991de32cc0188c9d338,2026-09-27T02:30:00Z,Nevada Wolf Pack,Air Force Falcons,betonlineag,BetOnline.ag,2026-09-26T19:34:56Z,spreads,2026-09-26T19:34:55Z,Nevada Wolf Pack,-115,6.0,20260926193526122038
NCAAF,americanfootball_ncaaf,e972bb2c0291b991de32cc0188c9d338,2026-09-27T02:30:00Z,Nevada Wolf Pack,Air Force Falcons,betonlineag,BetOnline.ag,2026-09-26T19:34:56Z,totals,2026-09-26T19:34:55Z,Over,-110,50.5,20260926193526122038
NCAAF,americanfootball_ncaaf,e972bb2c0291b991de32cc0188c9d338,2026-09-27T02:30:00Z,Nevada Wolf Pack,Air Force Falcons,betonlineag,BetOnline.ag,2026-09-26T19:34:56Z,totals,2026-09-26T19:34:55Z,Under,-110,50.5,20260926193526122038
NCAAF,americanfootball_ncaaf,e972bb2c0291b991de32cc0188c9d338,2026-09-27T02:30:00Z,Nevada Wolf Pack,Air Force Falcons,lowvig,LowVig.ag,2026-09-26T19:34:21Z,h2h,2026-09-26T19:34:21Z,Air Force Falcons,-230,,20260926193526122038
NCAAF,americanfootball_ncaaf,e972bb2c0291b991de32cc0188c9d338,2026-09-27T02:30:00Z,Nevada Wolf Pack,Air Force Falcons,lowvig,LowVig.ag,2026-09-26T19:34:21Z,h2h,2026-09-26T19:34:21Z,Nevada Wolf Pack,192,,20260926193526122038
NCAAF,americanfootball_ncaaf,e972bb2c0291b991de32cc0188c9d338,2026-09-27T02:30:00Z,Nevada Wolf Pack,Air Force Falcons,lowvig,LowVig.ag,2026-09-26T19:34:21Z,spreads,2026-09-26T19:34:21Z,Air Force Falcons,-101,-6.0,20260926193526122038
NCAAF,americanfootball_ncaaf,e972bb2c0291b991de32cc0188c9d338,2026-09-27T02:30:00Z,Nevada Wolf Pack,Air Force Falcons,lowvig,LowVig.ag,2026-09-26T19:34:21Z,spreads,2026-09-26T19:34:21Z,Nevada Wolf Pack,-111,6.0,20260926193526122038
NCAAF,americanfootball_ncaaf,e972bb2c0291b991de32cc0188c9d338,2026-09-27T02:30:00Z,Nevada Wolf Pack,Air Force Falcons,lowvig,LowVig.ag,2026-09-26T19:34:21Z,totals,2026-09-26T19:34:21Z,Over,-108,50.5,20260926193526122038
NCAAF,americanfootball_ncaaf,e972bb2c0291b991de32cc0188c9d338,2026-09-27T02:30:00Z,Nevada Wolf Pack,Air Force Falcons,lowvig,LowVig.ag,2026-09-26T19:34:21Z,totals,2026-09-26T19:34:21Z,Under,-108,50.5,20260926193526122038
NCAAF,americanfootball_ncaaf,e972bb2c0291b991de32cc0188c9d338,2026-09-27T02:30:00Z,Nevada Wolf Pack,Air Force Falcons,betmgm,BetMGM,2026-09-26T19:34:43Z,h2h,2026-09-26T19:34:43Z,Air Force Falcons,-235,,20260926193526122038
NCAAF,americanfootball_ncaaf,e972bb2c0291b991de32cc0188c9d338,2026-09-27T02:30:00Z,Nevada Wolf Pack,Air Force Falcons,betmgm,BetMGM,2026-09-26T19:34:43Z,h2h,2026-09-26T19:34:43Z,Nevada Wolf Pack,190,,20260926193526122038
NCAAF,americanfootball_ncaaf,e972bb2c0291b991de32cc0188c9d338,2026-09-27T02:30:00Z,Nevada Wolf Pack,Air Force Falcons,betmgm,BetMGM,2026-09-26T19:34:43Z,spreads,2026-09-26T19:34:43Z,Air Force Falcons,-108,-6.0,20260926193526122038
NCAAF,americanfootball_ncaaf,e972bb2c0291b991de32cc0188c9d338,2026-09-27T02:30:00Z,Nevada Wolf Pack,Air Force Falcons,betmgm,BetMGM,2026-09-26T19:34:43Z,spreads,2026-09-26T19:34:43Z,Nevada Wolf Pack,-110,6.0,20260926193526122038
NCAAF,americanfootball_ncaaf,e972bb2c0291b991de32cc0188c9d338,2026-09-27T02:30:00Z,Nevada Wolf Pack,Air Force Falcons,betmgm,BetMGM,2026-09-26T19:34:43Z,totals,2026-09-26T19:34:43Z,Over,-110,50.5,20260926193526122038
NCAAF,americanfootball_ncaaf,e972bb2c0291b991de32cc0188c9d338,2026-09-27T02:30:00Z,Nevada Wolf Pack,Air Force Falcons,betmgm,BetMGM,2026-09-26T19:34:43Z,totals,2026-09-26T19:34:43Z,Under,-108,50.5,20260926193526122038
NCAAF,americanfootball_ncaaf,e972bb2c0291b991de32cc0188c9d338,2026-09-27T02:30:00Z,Nevada Wolf Pack,Air Force Falcons,betus,BetUS,2026-09-26T19:35:13Z,h2h,2026-09-26T19:35:12Z,Air Force Falcons,-230,,20260926193526122038
NCAAF,americanfootball_ncaaf,e972bb2c0291b991de32cc0188c9d338,2026-09-27T02:30:00Z,Nevada Wolf Pack,Air Force Falcons,betus,BetUS,2026-09-26T19:35:13Z,h2h,2026-09-26T19:35:12Z,Nevada Wolf Pack,195,,20260926193526122038
NCAAF,americanfootball_ncaaf,e972bb2c0291b991de32cc0188c9d338,2026-09-27T02:30:00Z,Nevada Wolf Pack,Air Force Falcons,betus,BetUS,2026-09-26T19:35:13Z,spreads,2026-09-26T19:35:12Z,Air Force Falcons,-105,-6.0,20260926193526122038
NCAAF,americanfootball_ncaaf,e972bb2c0291b991de32cc0188c9d338,2026-09-27T02:30:00Z,Nevada Wolf Pack,Air Force Falcons,betus,BetUS,2026-09-26T19:35:13Z,spreads,2026-09-26T19:35:12Z,Nevada Wolf Pack,-115,6.0,20260926193526122038
NCAAF,americanfootball_ncaaf,e972bb2c0291b991de32cc0188c9d338,2026-09-27T02:30:00Z,Nevada Wolf Pack,Air Force Falcons,betus,BetUS,2026-09-26T19:35:13Z,totals,2026-09-26T19:35:12Z,Over,-110,50.5,20260926193526122038
NCAAF,americanfootball_ncaaf,e972bb2c0291b991de32cc0188c9d338,2026-09-27T02:30:00Z,Nevada Wolf Pack,Air Force Falcons,betus,BetUS,2026-09-26T19:35:13Z,totals,2026-09-26T19:35:12Z,Under,-110,50.5,20260926193526122038
NCAAF,americanfootball_ncaaf,e972bb2c0291b991de32cc0188c9d338,2026-09-27T02:30:00Z,Nevada Wolf Pack,Air Force Falcons,betrivers,BetRivers,2026-09-26T19:34:38Z,h2h,2026-09-26T19:34:38Z,Air Force Falcons,-265,,20260926193526122038
NCAAF,americanfootball_ncaaf,e972bb2c0291b991de32cc0188c9d338,2026-09-27T02:30:00Z,Nevada Wolf Pack,Air Force Falcons,betrivers,BetRivers,2026-09-26T19:34:38Z,h2h,2026-09-26T19:34:38Z,Nevada Wolf Pack,205,,20260926193526122038
NCAAF,americanfootball_ncaaf,e972bb2c0291b991de32cc0188c9d338,2026-09-27T02:30:00Z,Nevada Wolf Pack,Air Force Falcons,betrivers,BetRivers,2026-09-26T19:34:38Z,spreads,2026-09-26T19:34:38Z,Air Force Falcons,-113,-6.0,20260926193526122038
NCAAF,americanfootball_ncaaf,e972bb2c0291b991de32cc0188c9d338,2026-09-27T02:30:00Z,Nevada Wolf Pack,Air Force Falcons,betrivers,BetRivers,2026-09-26T19:34:38Z,spreads,2026-09-26T19:34:38Z,Nevada Wolf Pack,-109,6.0,20260926193526122038
NCAAF,americanfootball_ncaaf,e972bb2c0291b991de32cc0188c9d338,2026-09-27T02:30:00Z,Nevada Wolf Pack,Air Force Falcons,betrivers,BetRivers,2026-09-26T19:34:38Z,totals,2026-09-26T19:34:38Z,Over,-108,50.5,20260926193526122038
NCAAF,americanfootball_ncaaf,e972bb2c0291b991de32cc0188c9d338,2026-09-27T02:30:00Z,Nevada Wolf Pack,Air Force Falcons,betrivers,BetRivers,2026-09-26T19:34:38Z,totals,2026-09-26T19:34:38Z,Under,-120,50.5,20260926193526122038
NCAAF,americanfootball_ncaaf,e972bb2c0291b991de32cc0188c9d338,2026-09-27T02:30:00Z,Nevada Wolf Pack,Air Force Falcons,bovada,Bovada,2026-09-26T19:34:42Z,h2h,2026-09-26T19:34:42Z,Air Force Falcons,-230,,20260926193526122038
NCAAF,americanfootball_ncaaf,e972bb2c0291b991de32cc0188c9d338,2026-09-27T02:30:00Z,Nevada Wolf Pack,Air Force Falcons,bovada,Bovada,2026-09-26T19:34:42Z,h2h,2026-09-26T19:34:42Z,Nevada Wolf Pack,190,,20260926193526122038
NCAAF,americanfootball_ncaaf,e972bb2c0291b991de32cc0188c9d338,2026-09-27T02:30:00Z,Nevada Wolf Pack,Air Force Falcons,bovada,Bovada,2026-09-26T19:34:42Z,spreads,2026-09-26T19:34:42Z,Air Force Falcons,-115,-5.5,20260926193526122038
NCAAF,americanfootball_ncaaf,e972bb2c0291b991de32cc0188c9d338,2026-09-27T02:30:00Z,Nevada Wolf Pack,Air Force Falcons,bovada,Bovada,2026-09-26T19:34:42Z,spreads,2026-09-26T19:34:42Z,Nevada Wolf Pack,-105,5.5,20260926193526122038
NCAAF,americanfootball_ncaaf,e972bb2c0291b991de32cc0188c9d338,2026-09-27T02:30:00Z,Nevada Wolf Pack,Air Force Falcons,bovada,Bovada,2026-09-26T19:34:42Z,totals,2026-09-26T19:34:42Z,Over,-110,50.5,20260926193526122038
NCAAF,americanfootball_ncaaf,e972bb2c0291b991de32cc0188c9d338,2026-09-27T02:30:00Z,Nevada Wolf Pack,Air Force Falcons,bovada,Bovada,2026-09-26T19:34:42Z,totals,2026-09-26T19:34:42Z,Under,-110,50.5,20260926193526122038
NCAAF,americanfootball_ncaaf,0c86537a10b805d25a4ab4f4efdd4c30,2026-09-27T02:30:00Z,Stanford Cardinal,Georgia Tech Yellow Jackets,fanduel,FanDuel,2026-09-26T19:35:15Z,h2h,2026-09-26T19:35:15Z,Georgia Tech Yellow Jackets,-144,,20260926193526122038
NCAAF,americanfootball_ncaaf,0c86537a10b805d25a4ab4f4efdd4c30,2026-09-27T02:30:00Z,Stanford Cardinal,Georgia Tech Yellow Jackets,fanduel,FanDuel,2026-09-26T19:35:15Z,h2h,2026-09-26T19:35:15Z,Stanford Cardinal,120,,20260926193526122038
NCAAF,americanfootball_ncaaf,0c86537a10b805d25a4ab4f4efdd4c30,2026-09-27T02:30:00Z,Stanford Cardinal,Georgia Tech Yellow Jackets,fanduel,FanDuel,2026-09-26T19:35:15Z,spreads,2026-09-26T19:35:15Z,Georgia Tech Yellow Jackets,-124,-2.5,20260926193526122038
NCAAF,americanfootball_ncaaf,0c86537a10b805d25a4ab4f4efdd4c30,2026-09-27T02:30:00Z,Stanford Cardinal,Georgia Tech Yellow Jackets,fanduel,FanDuel,2026-09-26T19:35:15Z,spreads,2026-09-26T19:35:15Z,Stanford Cardinal,102,2.5,20260926193526122038
NCAAF,americanfootball_ncaaf,0c86537a10b805d25a4ab4f4efdd4c30,2026-09-27T02:30:00Z,Stanford Cardinal,Georgia Tech Yellow Jackets,fanduel,FanDuel,2026-09-26T19:35:15Z,totals,2026-09-26T19:35:15Z,Over,-106,48.5,20260926193526122038
NCAAF,americanfootball_ncaaf,0c86537a10b805d25a4ab4f4efdd4c30,2026-09-27T02:30:00Z,Stanford Cardinal,Georgia Tech Yellow Jackets,fanduel,FanDuel,2026-09-26T19:35:15Z,totals,2026-09-26T19:35:15Z,Under,-114,48.5,20260926193526122038
NCAAF,americanfootball_ncaaf,0c86537a10b805d25a4ab4f4efdd4c30,2026-09-27T02:30:00Z,Stanford Cardinal,Georgia Tech Yellow Jackets,mybookieag,MyBookie.ag,2026-09-26T19:35:13Z,h2h,2026-09-26T19:35:13Z,Georgia Tech Yellow Jackets,-158,,20260926193526122038
NCAAF,americanfootball_ncaaf,0c86537a10b805d25a4ab4f4efdd4c30,2026-09-27T02:30:00Z,Stanford Cardinal,Georgia Tech Yellow Jackets,mybookieag,MyBookie.ag,2026-09-26T19:35:13Z,h2h,2026-09-26T19:35:13Z,Stanford Cardinal,129,,20260926193526122038
NCAAF,americanfootball_ncaaf,0c86537a10b805d25a4ab4f4efdd4c30,2026-09-27T02:30:00Z,Stanford Cardinal,Georgia Tech Yellow Jackets,mybookieag,MyBookie.ag,2026-09-26T19:35:13Z,spreads,2026-09-26T19:35:13Z,Georgia Tech Yellow Jackets,-110,-3.0,20260926193526122038
NCAAF,americanfootball_ncaaf,0c86537a10b805d25a4ab4f4efdd4c30,2026-09-27T02:30:00Z,Stanford Cardinal,Georgia Tech Yellow Jackets,mybookieag,MyBookie.ag,2026-09-26T19:35:13Z,spreads,2026-09-26T19:35:13Z,Stanford Cardinal,-110,3.0,20260926193526122038
NCAAF,americanfootball_ncaaf,0c86537a10b805d25a4ab4f4efdd4c30,2026-09-27T02:30:00Z,Stanford Cardinal,Georgia Tech Yellow Jackets,mybookieag,MyBookie.ag,2026-09-26T19:35:13Z,totals,2026-09-26T19:35:13Z,Over,-110,48.5,20260926193526122038
NCAAF,americanfootball_ncaaf,0c86537a10b805d25a4ab4f4efdd4c30,2026-09-27T02:30:00Z,Stanford Cardinal,Georgia Tech Yellow Jackets,mybookieag,MyBookie.ag,2026-09-26T19:35:13Z,totals,2026-09-26T19:35:13Z,Under,-110,48.5,20260926193526122038
NCAAF,americanfootball_ncaaf,0c86537a10b805d25a4ab4f4efdd4c30,2026-09-27T02:30:00Z,Stanford Cardinal,Georgia Tech Yellow Jackets,draftkings,DraftKings,2026-09-26T19:34:04Z,h2h,2026-09-26T19:34:04Z,Georgia Tech Yellow Jackets,-155,,20260926193526122038
NCAAF,americanfootball_ncaaf,0c86537a10b805d25a4ab4f4efdd4c30,2026-09-27T02:30:00Z,Stanford Cardinal,Georgia Tech Yellow Jackets,draftkings,DraftKings,2026-09-26T19:34:04Z,h2h,2026-09-26T19:34:04Z,Stanford Cardinal,130,,20260926193526122038
NCAAF,americanfootball_ncaaf,0c86537a10b805d25a4ab4f4efdd4c30,2026-09-27T02:30:00Z,Stanford Cardinal,Georgia Tech Yellow Jackets,draftkings,DraftKings,2026-09-26T19:34:04Z,spreads,2026-09-26T19:34:04Z,Georgia Tech Yellow Jackets,-110,-3.0,20260926193526122038
NCAAF,americanfootball_ncaaf,0c86537a10b805d25a4ab4f4efdd4c30,2026-09-27T02:30:00Z,Stanford Cardinal,Georgia Tech Yellow Jackets,draftkings,DraftKings,2026-09-26T19:34:04Z,spreads,2026-09-26T19:34:04Z,Stanford Cardinal,-110,3.0,20260926193526122038
NCAAF,americanfootball_ncaaf,0c86537a10b805d25a4ab4f4efdd4c30,2026-09-27T02:30:00Z,Stanford Cardinal,Georgia Tech Yellow Jackets,draftkings,DraftKings,2026-09-26T19:34:04Z,totals,2026-09-26T19:34:04Z,Over,-115,48.5,20260926193526122038
NCAAF,americanfootball_ncaaf,0c86537a10b805d25a4ab4f4efdd4c30,2026-09-27T02:30:00Z,Stanford Cardinal,Georgia Tech Yellow Jackets,draftkings,DraftKings,2026-09-26T19:34:04Z,totals,2026-09-26T19:34:04Z,Under,-105,48.5,20260926193526122038
NCAAF,americanfootball_ncaaf,0c86537a10b805d25a4ab4f4efdd4c30,2026-09-27T02:30:00Z,Stanford Cardinal,Georgia Tech Yellow Jackets,betonlineag,BetOnline.ag,2026-09-26T19:34:56Z,h2h,2026-09-26T19:34:55Z,Georgia Tech Yellow Jackets,-152,,20260926193526122038
NCAAF,americanfootball_ncaaf,0c86537a10b805d25a4ab4f4efdd4c30,2026-09-27T02:30:00Z,Stanford Cardinal,Georgia Tech Yellow Jackets,betonlineag,BetOnline.ag,2026-09-26T19:34:56Z,h2h,2026-09-26T19:34:55Z,Stanford Cardinal,132,,20260926193526122038
NCAAF,americanfootball_ncaaf,0c86537a10b805d25a4ab4f4efdd4c30,2026-09-27T02:30:00Z,Stanford Cardinal,Georgia Tech Yellow Jackets,betonlineag,BetOnline.ag,2026-09-26T19:34:56Z,spreads,2026-09-26T19:34:55Z,Georgia Tech Yellow Jackets,-108,-3.0,20260926193526122038
NCAAF,americanfootball_ncaaf,0c86537a10b805d25a4ab4f4efdd4c30,2026-09-27T02:30:00Z,Stanford Cardinal,Georgia Tech Yellow Jackets,betonlineag,BetOnline.ag,2026-09-26T19:34:56Z,spreads,2026-09-26T19:34:55Z,Stanford Cardinal,-112,3.0,20260926193526122038
NCAAF,americanfootball_ncaaf,0c86537a10b805d25a4ab4f4efdd4c30,2026-09-27T02:30:00Z,Stanford Cardinal,Georgia Tech Yellow Jackets,betonlineag,BetOnline.ag,2026-09-26T19:34:56Z,totals,2026-09-26T19:34:55Z,Over,-108,49.5,20260926193526122038
NCAAF,americanfootball_ncaaf,0c86537a10b805d25a4ab4f4efdd4c30,2026-09-27T02:30:00Z,Stanford Cardinal,Georgia Tech Yellow Jackets,betonlineag,BetOnline.ag,2026-09-26T19:34:56Z,totals,2026-09-26T19:34:55Z,Under,-112,49.5,20260926193526122038
NCAAF,americanfootball_ncaaf,0c86537a10b805d25a4ab4f4efdd4c30,2026-09-27T02:30:00Z,Stanford Cardinal,Georgia Tech Yellow Jackets,lowvig,LowVig.ag,2026-09-26T19:34:21Z,h2h,2026-09-26T19:34:21Z,Georgia Tech Yellow Jackets,-152,,20260926193526122038
NCAAF,americanfootball_ncaaf,0c86537a10b805d25a4ab4f4efdd4c30,2026-09-27T02:30:00Z,Stanford Cardinal,Georgia Tech Yellow Jackets,lowvig,LowVig.ag,2026-09-26T19:34:21Z,h2h,2026-09-26T19:34:21Z,Stanford Cardinal,132,,20260926193526122038
NCAAF,americanfootball_ncaaf,0c86537a10b805d25a4ab4f4efdd4c30,2026-09-27T02:30:00Z,Stanford Cardinal,Georgia Tech Yellow Jackets,lowvig,LowVig.ag,2026-09-26T19:34:21Z,spreads,2026-09-26T19:34:21Z,Georgia Tech Yellow Jackets,-104,-3.0,20260926193526122038
NCAAF,americanfootball_ncaaf,0c86537a10b805d25a4ab4f4efdd4c30,2026-09-27T02:30:00Z,Stanford Cardinal,Georgia Tech Yellow Jackets,lowvig,LowVig.ag,2026-09-26T19:34:21Z,spreads,2026-09-26T19:34:21Z,Stanford Cardinal,-108,3.0,20260926193526122038
NCAAF,americanfootball_ncaaf,0c86537a10b805d25a4ab4f4efdd4c30,2026-09-27T02:30:00Z,Stanford Cardinal,Georgia Tech Yellow Jackets,lowvig,LowVig.ag,2026-09-26T19:34:21Z,totals,2026-09-26T19:34:21Z,Over,-106,49.5,20260926193526122038
NCAAF,americanfootball_ncaaf,0c86537a10b805d25a4ab4f4efdd4c30,2026-09-27T02:30:00Z,Stanford Cardinal,Georgia Tech Yellow Jackets,lowvig,LowVig.ag,2026-09-26T19:34:21Z,totals,2026-09-26T19:34:21Z,Under,-110,49.5,20260926193526122038
NCAAF,americanfootball_ncaaf,0c86537a10b805d25a4ab4f4efdd4c30,2026-09-27T02:30:00Z,Stanford Cardinal,Georgia Tech Yellow Jackets,betmgm,BetMGM,2026-09-26T19:34:43Z,h2h,2026-09-26T19:34:43Z,Georgia Tech Yellow Jackets,-150,,20260926193526122038
NCAAF,americanfootball_ncaaf,0c86537a10b805d25a4ab4f4efdd4c30,2026-09-27T02:30:00Z,Stanford Cardinal,Georgia Tech Yellow Jackets,betmgm,BetMGM,2026-09-26T19:34:43Z,h2h,2026-09-26T19:34:43Z,Stanford Cardinal,125,,20260926193526122038
NCAAF,americanfootball_ncaaf,0c86537a10b805d25a4ab4f4efdd4c30,2026-09-27T02:30:00Z,Stanford Cardinal,Georgia Tech Yellow Jackets,betmgm,BetMGM,2026-09-26T19:34:43Z,spreads,2026-09-26T19:34:43Z,Georgia Tech Yellow Jackets,-108,-3.0,20260926193526122038
NCAAF,americanfootball_ncaaf,0c86537a10b805d25a4ab4f4efdd4c30,2026-09-27T02:30:00Z,Stanford Cardinal,Georgia Tech Yellow Jackets,betmgm,BetMGM,2026-09-26T19:34:43Z,spreads,2026-09-26T19:34:43Z,Stanford Cardinal,-110,3.0,20260926193526122038
NCAAF,americanfootball_ncaaf,0c86537a10b805d25a4ab4f4efdd4c30,2026-09-27T02:30:00Z,Stanford Cardinal,Georgia Tech Yellow Jackets,betmgm,BetMGM,2026-09-26T19:34:43Z,totals,2026-09-26T19:34:43Z,Over,-112,48.5,20260926193526122038
NCAAF,americanfootball_ncaaf,0c86537a10b805d25a4ab4f4efdd4c30,2026-09-27T02:30:00Z,Stanford Cardinal,Georgia Tech Yellow Jackets,betmgm,BetMGM,2026-09-26T19:34:43Z,totals,2026-09-26T19:34:43Z,Under,-105,48.5,20260926193526122038
NCAAF,americanfootball_ncaaf,0c86537a10b805d25a4ab4f4efdd4c30,2026-09-27T02:30:00Z,Stanford Cardinal,Georgia Tech Yellow Jackets,betus,BetUS,2026-09-26T19:35:13Z,h2h,2026-09-26T19:35:13Z,Georgia Tech Yellow Jackets,-150,,20260926193526122038
NCAAF,americanfootball_ncaaf,0c86537a10b805d25a4ab4f4efdd4c30,2026-09-27T02:30:00Z,Stanford Cardinal,Georgia Tech Yellow Jackets,betus,BetUS,2026-09-26T19:35:13Z,h2h,2026-09-26T19:35:13Z,Stanford Cardinal,129,,20260926193526122038
NCAAF,americanfootball_ncaaf,0c86537a10b805d25a4ab4f4efdd4c30,2026-09-27T02:30:00Z,Stanford Cardinal,Georgia Tech Yellow Jackets,betus,BetUS,2026-09-26T19:35:13Z,spreads,2026-09-26T19:35:13Z,Georgia Tech Yellow Jackets,-110,-3.0,20260926193526122038
NCAAF,americanfootball_ncaaf,0c86537a10b805d25a4ab4f4efdd4c30,2026-09-27T02:30:00Z,Stanford Cardinal,Georgia Tech Yellow Jackets,betus,BetUS,2026-09-26T19:35:13Z,spreads,2026-09-26T19:35:13Z,Stanford Cardinal,-110,3.0,20260926193526122038
NCAAF,americanfootball_ncaaf,0c86537a10b805d25a4ab4f4efdd4c30,2026-09-27T02:30:00Z,Stanford Cardinal,Georgia Tech Yellow Jackets,betus,BetUS,2026-09-26T19:35:13Z,totals,2026-09-26T19:35:13Z,Over,-110,49.5,20260926193526122038
NCAAF,americanfootball_ncaaf,0c86537a10b805d25a4ab4f4efdd4c30,2026-09-27T02:30:00Z,Stanford Cardinal,Georgia Tech Yellow Jackets,betus,BetUS,2026-09-26T19:35:13Z,totals,2026-09-26T19:35:13Z,Under,-110,49.5,20260926193526122038
NCAAF,americanfootball_ncaaf,0c86537a10b805d25a4ab4f4efdd4c30,2026-09-27T02:30:00Z,Stanford Cardinal,Georgia Tech Yellow Jackets,betrivers,BetRivers,2026-09-26T19:34:38Z,h2h,2026-09-26T19:34:38Z,Georgia Tech Yellow Jackets,-165,,20260926193526122038
NCAAF,americanfootball_ncaaf,0c86537a10b805d25a4ab4f4efdd4c30,2026-09-27T02:30:00Z,Stanford Cardinal,Georgia Tech Yellow Jackets,betrivers,BetRivers,2026-09-26T19:34:38Z,h2h,2026-09-26T19:34:38Z,Stanford Cardinal,130,,20260926193526122038
NCAAF,americanfootball_ncaaf,0c86537a10b805d25a4ab4f4efdd4c30,2026-09-27T02:30:00Z,Stanford Cardinal,Georgia Tech Yellow Jackets,betrivers,BetRivers,2026-09-26T19:34:38Z,spreads,2026-09-26T19:34:38Z,Georgia Tech Yellow Jackets,-110,-3.0,20260926193526122038
NCAAF,americanfootball_ncaaf,0c86537a10b805d25a4ab4f4efdd4c30,2026-09-27T02:30:00Z,Stanford Cardinal,Georgia Tech Yellow Jackets,betrivers,BetRivers,2026-09-26T19:34:38Z,spreads,2026-09-26T19:34:38Z,Stanford Cardinal,-113,3.0,20260926193526122038
NCAAF,americanfootball_ncaaf,0c86537a10b805d25a4ab4f4efdd4c30,2026-09-27T02:30:00Z,Stanford Cardinal,Georgia Tech Yellow Jackets,betrivers,BetRivers,2026-09-26T19:34:38Z,totals,2026-09-26T19:34:38Z,Over,-112,48.0,20260926193526122038
NCAAF,americanfootball_ncaaf,0c86537a10b805d25a4ab4f4efdd4c30,2026-09-27T02:30:00Z,Stanford Cardinal,Georgia Tech Yellow Jackets,betrivers,BetRivers,2026-09-26T19:34:38Z,totals,2026-09-26T19:34:38Z,Under,-112,48.0,20260926193526122038
NCAAF,americanfootball_ncaaf,0c86537a10b805d25a4ab4f4efdd4c30,2026-09-27T02:30:00Z,Stanford Cardinal,Georgia Tech Yellow Jackets,bovada,Bovada,2026-09-26T19:34:42Z,h2h,2026-09-26T19:34:42Z,Georgia Tech Yellow Jackets,-150,,20260926193526122038
NCAAF,americanfootball_ncaaf,0c86537a10b805d25a4ab4f4efdd4c30,2026-09-27T02:30:00Z,Stanford Cardinal,Georgia Tech Yellow Jackets,bovada,Bovada,2026-09-26T19:34:42Z,h2h,2026-09-26T19:34:42Z,Stanford Cardinal,130,,20260926193526122038
NCAAF,americanfootball_ncaaf,0c86537a10b805d25a4ab4f4efdd4c30,2026-09-27T02:30:00Z,Stanford Cardinal,Georgia Tech Yellow Jackets,bovada,Bovada,2026-09-26T19:34:42Z,spreads,2026-09-26T19:34:42Z,Georgia Tech Yellow Jackets,-105,-3.0,20260926193526122038
NCAAF,americanfootball_ncaaf,0c86537a10b805d25a4ab4f4efdd4c30,2026-09-27T02:30:00Z,Stanford Cardinal,Georgia Tech Yellow Jackets,bovada,Bovada,2026-09-26T19:34:42Z,spreads,2026-09-26T19:34:42Z,Stanford Cardinal,-115,3.0,20260926193526122038
NCAAF,americanfootball_ncaaf,0c86537a10b805d25a4ab4f4efdd4c30,2026-09-27T02:30:00Z,Stanford Cardinal,Georgia Tech Yellow Jackets,bovada,Bovada,2026-09-26T19:34:42Z,totals,2026-09-26T19:34:42Z,Over,-105,49.0,20260926193526122038
NCAAF,americanfootball_ncaaf,0c86537a10b805d25a4ab4f4efdd4c30,2026-09-27T02:30:00Z,Stanford Cardinal,Georgia Tech Yellow Jackets,bovada,Bovada,2026-09-26T19:34:42Z,totals,2026-09-26T19:34:42Z,Under,-115,49.0,20260926193526122038
NCAAF,americanfootball_ncaaf,e497e36c59bded468da11878568e7c80,2026-09-27T03:00:00Z,Washington Huskies,Minnesota Golden Gophers,fanduel,FanDuel,2026-09-26T19:35:15Z,h2h,2026-09-26T19:35:15Z,Minnesota Golden Gophers,300,,20260926193526122038
NCAAF,americanfootball_ncaaf,e497e36c59bded468da11878568e7c80,2026-09-27T03:00:00Z,Washington Huskies,Minnesota Golden Gophers,fanduel,FanDuel,2026-09-26T19:35:15Z,h2h,2026-09-26T19:35:15Z,Washington Huskies,-385,,20260926193526122038
NCAAF,americanfootball_ncaaf,e497e36c59bded468da11878568e7c80,2026-09-27T03:00:00Z,Washington Huskies,Minnesota Golden Gophers,fanduel,FanDuel,2026-09-26T19:35:15Z,spreads,2026-09-26T19:35:15Z,Minnesota Golden Gophers,-115,10.5,20260926193526122038
NCAAF,americanfootball_ncaaf,e497e36c59bded468da11878568e7c80,2026-09-27T03:00:00Z,Washington Huskies,Minnesota Golden Gophers,fanduel,FanDuel,2026-09-26T19:35:15Z,spreads,2026-09-26T19:35:15Z,Washington Huskies,-105,-10.5,20260926193526122038
NCAAF,americanfootball_ncaaf,e497e36c59bded468da11878568e7c80,2026-09-27T03:00:00Z,Washington Huskies,Minnesota Golden Gophers,fanduel,FanDuel,2026-09-26T19:35:15Z,totals,2026-09-26T19:35:15Z,Over,-115,45.5,20260926193526122038
NCAAF,americanfootball_ncaaf,e497e36c59bded468da11878568e7c80,2026-09-27T03:00:00Z,Washington Huskies,Minnesota Golden Gophers,fanduel,FanDuel,2026-09-26T19:35:15Z,totals,2026-09-26T19:35:15Z,Under,-105,45.5,20260926193526122038
NCAAF,americanfootball_ncaaf,e497e36c59bded468da11878568e7c80,2026-09-27T03:00:00Z,Washington Huskies,Minnesota Golden Gophers,draftkings,DraftKings,2026-09-26T19:34:04Z,h2h,2026-09-26T19:34:04Z,Minnesota Golden Gophers,320,,20260926193526122038
NCAAF,americanfootball_ncaaf,e497e36c59bded468da11878568e7c80,2026-09-27T03:00:00Z,Washington Huskies,Minnesota Golden Gophers,draftkings,DraftKings,2026-09-26T19:34:04Z,h2h,2026-09-26T19:34:04Z,Washington Huskies,-410,,20260926193526122038
NCAAF,americanfootball_ncaaf,e497e36c59bded468da11878568e7c80,2026-09-27T03:00:00Z,Washington Huskies,Minnesota Golden Gophers,draftkings,DraftKings,2026-09-26T19:34:04Z,spreads,2026-09-26T19:34:04Z,Minnesota Golden Gophers,-112,10.5,20260926193526122038
NCAAF,americanfootball_ncaaf,e497e36c59bded468da11878568e7c80,2026-09-27T03:00:00Z,Washington Huskies,Minnesota Golden Gophers,draftkings,DraftKings,2026-09-26T19:34:04Z,spreads,2026-09-26T19:34:04Z,Washington Huskies,-108,-10.5,20260926193526122038
NCAAF,americanfootball_ncaaf,e497e36c59bded468da11878568e7c80,2026-09-27T03:00:00Z,Washington Huskies,Minnesota Golden Gophers,draftkings,DraftKings,2026-09-26T19:34:04Z,totals,2026-09-26T19:34:04Z,Over,-105,46.5,20260926193526122038
NCAAF,americanfootball_ncaaf,e497e36c59bded468da11878568e7c80,2026-09-27T03:00:00Z,Washington Huskies,Minnesota Golden Gophers,draftkings,DraftKings,2026-09-26T19:34:04Z,totals,2026-09-26T19:34:04Z,Under,-115,46.5,20260926193526122038
NCAAF,americanfootball_ncaaf,e497e36c59bded468da11878568e7c80,2026-09-27T03:00:00Z,Washington Huskies,Minnesota Golden Gophers,mybookieag,MyBookie.ag,2026-09-26T19:35:13Z,h2h,2026-09-26T19:35:13Z,Minnesota Golden Gophers,328,,20260926193526122038
NCAAF,americanfootball_ncaaf,e497e36c59bded468da11878568e7c80,2026-09-27T03:00:00Z,Washington Huskies,Minnesota Golden Gophers,mybookieag,MyBookie.ag,2026-09-26T19:35:13Z,h2h,2026-09-26T19:35:13Z,Washington Huskies,-462,,20260926193526122038
NCAAF,americanfootball_ncaaf,e497e36c59bded468da11878568e7c80,2026-09-27T03:00:00Z,Washington Huskies,Minnesota Golden Gophers,mybookieag,MyBookie.ag,2026-09-26T19:35:13Z,spreads,2026-09-26T19:35:13Z,Minnesota Golden Gophers,-110,10.5,20260926193526122038
NCAAF,americanfootball_ncaaf,e497e36c59bded468da11878568e7c80,2026-09-27T03:00:00Z,Washington Huskies,Minnesota Golden Gophers,mybookieag,MyBookie.ag,2026-09-26T19:35:13Z,spreads,2026-09-26T19:35:13Z,Washington Huskies,-110,-10.5,20260926193526122038
NCAAF,americanfootball_ncaaf,e497e36c59bded468da11878568e7c80,2026-09-27T03:00:00Z,Washington Huskies,Minnesota Golden Gophers,mybookieag,MyBookie.ag,2026-09-26T19:35:13Z,totals,2026-09-26T19:35:13Z,Over,-110,46.0,20260926193526122038
NCAAF,americanfootball_ncaaf,e497e36c59bded468da11878568e7c80,2026-09-27T03:00:00Z,Washington Huskies,Minnesota Golden Gophers,mybookieag,MyBookie.ag,2026-09-26T19:35:13Z,totals,2026-09-26T19:35:13Z,Under,-110,46.0,20260926193526122038
NCAAF,americanfootball_ncaaf,e497e36c59bded468da11878568e7c80,2026-09-27T03:00:00Z,Washington Huskies,Minnesota Golden Gophers,betonlineag,BetOnline.ag,2026-09-26T19:34:56Z,h2h,2026-09-26T19:34:55Z,Minnesota Golden Gophers,324,,20260926193526122038
NCAAF,americanfootball_ncaaf,e497e36c59bded468da11878568e7c80,2026-09-27T03:00:00Z,Washington Huskies,Minnesota Golden Gophers,betonlineag,BetOnline.ag,2026-09-26T19:34:56Z,h2h,2026-09-26T19:34:55Z,Washington Huskies,-410,,20260926193526122038
NCAAF,americanfootball_ncaaf,e497e36c59bded468da11878568e7c80,2026-09-27T03:00:00Z,Washington Huskies,Minnesota Golden Gophers,betonlineag,BetOnline.ag,2026-09-26T19:34:56Z,spreads,2026-09-26T19:34:55Z,Minnesota Golden Gophers,-112,10.5,20260926193526122038
NCAAF,americanfootball_ncaaf,e497e36c59bded468da11878568e7c80,2026-09-27T03:00:00Z,Washington Huskies,Minnesota Golden Gophers,betonlineag,BetOnline.ag,2026-09-26T19:34:56Z,spreads,2026-09-26T19:34:55Z,Washington Huskies,-108,-10.5,20260926193526122038
NCAAF,americanfootball_ncaaf,e497e36c59bded468da11878568e7c80,2026-09-27T03:00:00Z,Washington Huskies,Minnesota Golden Gophers,betonlineag,BetOnline.ag,2026-09-26T19:34:56Z,totals,2026-09-26T19:34:55Z,Over,-110,46.5,20260926193526122038
NCAAF,americanfootball_ncaaf,e497e36c59bded468da11878568e7c80,2026-09-27T03:00:00Z,Washington Huskies,Minnesota Golden Gophers,betonlineag,BetOnline.ag,2026-09-26T19:34:56Z,totals,2026-09-26T19:34:55Z,Under,-110,46.5,20260926193526122038
NCAAF,americanfootball_ncaaf,e497e36c59bded468da11878568e7c80,2026-09-27T03:00:00Z,Washington Huskies,Minnesota Golden Gophers,lowvig,LowVig.ag,2026-09-26T19:34:21Z,h2h,2026-09-26T19:34:21Z,Minnesota Golden Gophers,324,,20260926193526122038
NCAAF,americanfootball_ncaaf,e497e36c59bded468da11878568e7c80,2026-09-27T03:00:00Z,Washington Huskies,Minnesota Golden Gophers,lowvig,LowVig.ag,2026-09-26T19:34:21Z,h2h,2026-09-26T19:34:21Z,Washington Huskies,-410,,20260926193526122038
NCAAF,americanfootball_ncaaf,e497e36c59bded468da11878568e7c80,2026-09-27T03:00:00Z,Washington Huskies,Minnesota Golden Gophers,lowvig,LowVig.ag,2026-09-26T19:34:21Z,spreads,2026-09-26T19:34:21Z,Minnesota Golden Gophers,-111,10.5,20260926193526122038
NCAAF,americanfootball_ncaaf,e497e36c59bded468da11878568e7c80,2026-09-27T03:00:00Z,Washington Huskies,Minnesota Golden Gophers,lowvig,LowVig.ag,2026-09-26T19:34:21Z,spreads,2026-09-26T19:34:21Z,Washington Huskies,-101,-10.5,20260926193526122038
NCAAF,americanfootball_ncaaf,e497e36c59bded468da11878568e7c80,2026-09-27T03:00:00Z,Washington Huskies,Minnesota Golden Gophers,lowvig,LowVig.ag,2026-09-26T19:34:21Z,totals,2026-09-26T19:34:21Z,Over,-105,46.5,20260926193526122038
NCAAF,americanfootball_ncaaf,e497e36c59bded468da11878568e7c80,2026-09-27T03:00:00Z,Washington Huskies,Minnesota Golden Gophers,lowvig,LowVig.ag,2026-09-26T19:34:21Z,totals,2026-09-26T19:34:21Z,Under,-111,46.5,20260926193526122038
NCAAF,americanfootball_ncaaf,e497e36c59bded468da11878568e7c80,2026-09-27T03:00:00Z,Washington Huskies,Minnesota Golden Gophers,betmgm,BetMGM,2026-09-26T19:34:43Z,h2h,2026-09-26T19:34:43Z,Minnesota Golden Gophers,310,,20260926193526122038
NCAAF,americanfootball_ncaaf,e497e36c59bded468da11878568e7c80,2026-09-27T03:00:00Z,Washington Huskies,Minnesota Golden Gophers,betmgm,BetMGM,2026-09-26T19:34:43Z,h2h,2026-09-26T19:34:43Z,Washington Huskies,-400,,20260926193526122038
NCAAF,americanfootball_ncaaf,e497e36c59bded468da11878568e7c80,2026-09-27T03:00:00Z,Washington Huskies,Minnesota Golden Gophers,betmgm,BetMGM,2026-09-26T19:34:43Z,spreads,2026-09-26T19:34:43Z,Minnesota Golden Gophers,-110,10.5,20260926193526122038
NCAAF,americanfootball_ncaaf,e497e36c59bded468da11878568e7c80,2026-09-27T03:00:00Z,Washington Huskies,Minnesota Golden Gophers,betmgm,BetMGM,2026-09-26T19:34:43Z,spreads,2026-09-26T19:34:43Z,Washington Huskies,-108,-10.5,20260926193526122038
NCAAF,americanfootball_ncaaf,e497e36c59bded468da11878568e7c80,2026-09-27T03:00:00Z,Washington Huskies,Minnesota Golden Gophers,betmgm,BetMGM,2026-09-26T19:34:43Z,totals,2026-09-26T19:34:43Z,Over,-108,46.5,20260926193526122038
NCAAF,americanfootball_ncaaf,e497e36c59bded468da11878568e7c80,2026-09-27T03:00:00Z,Washington Huskies,Minnesota Golden Gophers,betmgm,BetMGM,2026-09-26T19:34:43Z,totals,2026-09-26T19:34:43Z,Under,-110,46.5,20260926193526122038
NCAAF,americanfootball_ncaaf,e497e36c59bded468da11878568e7c80,2026-09-27T03:00:00Z,Washington Huskies,Minnesota Golden Gophers,betus,BetUS,2026-09-26T19:35:13Z,h2h,2026-09-26T19:35:12Z,Minnesota Golden Gophers,325,,20260926193526122038
NCAAF,americanfootball_ncaaf,e497e36c59bded468da11878568e7c80,2026-09-27T03:00:00Z,Washington Huskies,Minnesota Golden Gophers,betus,BetUS,2026-09-26T19:35:13Z,h2h,2026-09-26T19:35:12Z,Washington Huskies,-410,,20260926193526122038
NCAAF,americanfootball_ncaaf,e497e36c59bded468da11878568e7c80,2026-09-27T03:00:00Z,Washington Huskies,Minnesota Golden Gophers,betus,BetUS,2026-09-26T19:35:13Z,spreads,2026-09-26T19:35:12Z,Minnesota Golden Gophers,-110,10.5,20260926193526122038
NCAAF,americanfootball_ncaaf,e497e36c59bded468da11878568e7c80,2026-09-27T03:00:00Z,Washington Huskies,Minnesota Golden Gophers,betus,BetUS,2026-09-26T19:35:13Z,spreads,2026-09-26T19:35:12Z,Washington Huskies,-110,-10.5,20260926193526122038
NCAAF,americanfootball_ncaaf,e497e36c59bded468da11878568e7c80,2026-09-27T03:00:00Z,Washington Huskies,Minnesota Golden Gophers,betus,BetUS,2026-09-26T19:35:13Z,totals,2026-09-26T19:35:12Z,Over,-110,46.0,20260926193526122038
NCAAF,americanfootball_ncaaf,e497e36c59bded468da11878568e7c80,2026-09-27T03:00:00Z,Washington Huskies,Minnesota Golden Gophers,betus,BetUS,2026-09-26T19:35:13Z,totals,2026-09-26T19:35:12Z,Under,-110,46.0,20260926193526122038
NCAAF,americanfootball_ncaaf,e497e36c59bded468da11878568e7c80,2026-09-27T03:00:00Z,Washington Huskies,Minnesota Golden Gophers,betrivers,BetRivers,2026-09-26T19:34:38Z,h2h,2026-09-26T19:34:38Z,Minnesota Golden Gophers,330,,20260926193526122038
NCAAF,americanfootball_ncaaf,e497e36c59bded468da11878568e7c80,2026-09-27T03:00:00Z,Washington Huskies,Minnesota Golden Gophers,betrivers,BetRivers,2026-09-26T19:34:38Z,h2h,2026-09-26T19:34:38Z,Washington Huskies,-500,,20260926193526122038
NCAAF,americanfootball_ncaaf,e497e36c59bded468da11878568e7c80,2026-09-27T03:00:00Z,Washington Huskies,Minnesota Golden Gophers,betrivers,BetRivers,2026-09-26T19:34:38Z,spreads,2026-09-26T19:34:38Z,Minnesota Golden Gophers,-110,10.0,20260926193526122038
NCAAF,americanfootball_ncaaf,e497e36c59bded468da11878568e7c80,2026-09-27T03:00:00Z,Washington Huskies,Minnesota Golden Gophers,betrivers,BetRivers,2026-09-26T19:34:38Z,spreads,2026-09-26T19:34:38Z,Washington Huskies,-113,-10.0,20260926193526122038
NCAAF,americanfootball_ncaaf,e497e36c59bded468da11878568e7c80,2026-09-27T03:00:00Z,Washington Huskies,Minnesota Golden Gophers,betrivers,BetRivers,2026-09-26T19:34:38Z,totals,2026-09-26T19:34:38Z,Over,-113,45.5,20260926193526122038
NCAAF,americanfootball_ncaaf,e497e36c59bded468da11878568e7c80,2026-09-27T03:00:00Z,Washington Huskies,Minnesota Golden Gophers,betrivers,BetRivers,2026-09-26T19:34:38Z,totals,2026-09-26T19:34:38Z,Under,-110,45.5,20260926193526122038
NCAAF,americanfootball_ncaaf,e497e36c59bded468da11878568e7c80,2026-09-27T03:00:00Z,Washington Huskies,Minnesota Golden Gophers,bovada,Bovada,2026-09-26T19:34:42Z,h2h,2026-09-26T19:34:42Z,Minnesota Golden Gophers,310,,20260926193526122038
NCAAF,americanfootball_ncaaf,e497e36c59bded468da11878568e7c80,2026-09-27T03:00:00Z,Washington Huskies,Minnesota Golden Gophers,bovada,Bovada,2026-09-26T19:34:42Z,h2h,2026-09-26T19:34:42Z,Washington Huskies,-415,,20260926193526122038
NCAAF,americanfootball_ncaaf,e497e36c59bded468da11878568e7c80,2026-09-27T03:00:00Z,Washington Huskies,Minnesota Golden Gophers,bovada,Bovada,2026-09-26T19:34:42Z,spreads,2026-09-26T19:34:42Z,Minnesota Golden Gophers,-115,10.5,20260926193526122038
NCAAF,americanfootball_ncaaf,e497e36c59bded468da11878568e7c80,2026-09-27T03:00:00Z,Washington Huskies,Minnesota Golden Gophers,bovada,Bovada,2026-09-26T19:34:42Z,spreads,2026-09-26T19:34:42Z,Washington Huskies,-105,-10.5,20260926193526122038
NCAAF,americanfootball_ncaaf,e497e36c59bded468da11878568e7c80,2026-09-27T03:00:00Z,Washington Huskies,Minnesota Golden Gophers,bovada,Bovada,2026-09-26T19:34:42Z,totals,2026-09-26T19:34:42Z,Over,-105,46.0,20260926193526122038
NCAAF,americanfootball_ncaaf,e497e36c59bded468da11878568e7c80,2026-09-27T03:00:00Z,Washington Huskies,Minnesota Golden Gophers,bovada,Bovada,2026-09-26T19:34:42Z,totals,2026-09-26T19:34:42Z,Under,-115,46.0,20260926193526122038
