sport,sport_key,game_id,game_time,home_team,away_team,bookmaker_key,bookmaker_title,bookmaker_last_update,market,market_last_update,team,price,point,query_time
NCAAF,americanfootball_ncaaf,a4e7771497976db67e6a81bc3700b32f,2026-09-19T21:35:13Z,South Carolina Gamecocks,Mississippi State Bulldogs,draftkings,DraftKings,2026-09-20T01:18:17Z,spreads,2026-09-20T01:18:17Z,Mississippi State Bulldogs,-261,-9.5,20260920012635862581
NCAAF,americanfootball_ncaaf,a4e7771497976db67e6a81bc3700b32f,2026-09-19T21:35:13Z,South Carolina Gamecocks,Mississippi State Bulldogs,draftkings,DraftKings,2026-09-20T01:18:17Z,spreads,2026-09-20T01:18:17Z,South Carolina Gamecocks,192,9.5,20260920012635862581
NCAAF,americanfootball_ncaaf,a4e7771497976db67e6a81bc3700b32f,2026-09-19T21:35:13Z,South Carolina Gamecocks,Mississippi State Bulldogs,fanduel,FanDuel,2026-09-20T01:17:56Z,spreads,2026-09-20T01:17:56Z,Mississippi State Bulldogs,-114,-9.5,20260920012635862581
NCAAF,americanfootball_ncaaf,a4e7771497976db67e6a81bc3700b32f,2026-09-19T21:35:13Z,South Carolina Gamecocks,Mississippi State Bulldogs,fanduel,FanDuel,2026-09-20T01:17:56Z,spreads,2026-09-20T01:17:56Z,South Carolina Gamecocks,-114,9.5,20260920012635862581
NCAAF,americanfootball_ncaaf,a4e7771497976db67e6a81bc3700b32f,2026-09-19T21:35:13Z,South Carolina Gamecocks,Mississippi State Bulldogs,betmgm,BetMGM,2026-09-20T01:19:42Z,spreads,2026-09-20T01:19:42Z,Mississippi State Bulldogs,850,-9.5,20260920012635862581
NCAAF,americanfootball_ncaaf,a4e7771497976db67e6a81bc3700b32f,2026-09-19T21:35:13Z,South Carolina Gamecocks,Mississippi State Bulldogs,betmgm,BetMGM,2026-09-20T01:19:42Z,spreads,2026-09-20T01:19:42Z,South Carolina Gamecocks,-1200,9.5,20260920012635862581
NCAAF,americanfootball_ncaaf,da4cee8b35281f4528d3dd939d42814d,2026-09-19T22:00:00Z,Florida Atlantic Owls,Florida International Panthers,fanduel,FanDuel,2026-09-20T01:24:26Z,h2h,2026-09-20T01:24:26Z,Florida Atlantic Owls,-1000,,20260920012635862581
NCAAF,americanfootball_ncaaf,da4cee8b35281f4528d3dd939d42814d,2026-09-19T22:00:00Z,Florida Atlantic Owls,Florida International Panthers,fanduel,FanDuel,2026-09-20T01:24:26Z,h2h,2026-09-20T01:24:26Z,Florida International Panthers,560,,20260920012635862581
NCAAF,americanfootball_ncaaf,da4cee8b35281f4528d3dd939d42814d,2026-09-19T22:00:00Z,Florida Atlantic Owls,Florida International Panthers,draftkings,DraftKings,2026-09-20T01:23:20Z,h2h,2026-09-20T01:23:20Z,Florida Atlantic Owls,-1020,,20260920012635862581
NCAAF,americanfootball_ncaaf,da4cee8b35281f4528d3dd939d42814d,2026-09-19T22:00:00Z,Florida Atlantic Owls,Florida International Panthers,draftkings,DraftKings,2026-09-20T01:23:20Z,h2h,2026-09-20T01:23:20Z,Florida International Panthers,620,,20260920012635862581
NCAAF,americanfootball_ncaaf,da4cee8b35281f4528d3dd939d42814d,2026-09-19T22:00:00Z,Florida Atlantic Owls,Florida International Panthers,draftkings,DraftKings,2026-09-20T01:23:20Z,spreads,2026-09-20T01:23:20Z,Florida Atlantic Owls,-980,-5.5,20260920012635862581
NCAAF,americanfootball_ncaaf,da4cee8b35281f4528d3dd939d42814d,2026-09-19T22:00:00Z,Florida Atlantic Owls,Florida International Panthers,draftkings,DraftKings,2026-09-20T01:23:20Z,spreads,2026-09-20T01:23:20Z,Florida International Panthers,600,5.5,20260920012635862581
NCAAF,americanfootball_ncaaf,da4cee8b35281f4528d3dd939d42814d,2026-09-19T22:00:00Z,Florida Atlantic Owls,Florida International Panthers,draftkings,DraftKings,2026-09-20T01:23:20Z,totals,2026-09-20T01:23:20Z,Over,596,26.5,20260920012635862581
NCAAF,americanfootball_ncaaf,da4cee8b35281f4528d3dd939d42814d,2026-09-19T22:00:00Z,Florida Atlantic Owls,Florida International Panthers,draftkings,DraftKings,2026-09-20T01:23:20Z,totals,2026-09-20T01:23:20Z,Under,-960,26.5,20260920012635862581
NCAAF,americanfootball_ncaaf,da4cee8b35281f4528d3dd939d42814d,2026-09-19T22:00:00Z,Florida Atlantic Owls,Florida International Panthers,betmgm,BetMGM,2026-09-20T01:21:52Z,h2h,2026-09-20T01:21:52Z,Florida Atlantic Owls,-1100,,20260920012635862581
NCAAF,americanfootball_ncaaf,da4cee8b35281f4528d3dd939d42814d,2026-09-19T22:00:00Z,Florida Atlantic Owls,Florida International Panthers,betmgm,BetMGM,2026-09-20T01:21:52Z,h2h,2026-09-20T01:21:52Z,Florida International Panthers,675,,20260920012635862581
NCAAF,americanfootball_ncaaf,da4cee8b35281f4528d3dd939d42814d,2026-09-19T22:00:00Z,Florida Atlantic Owls,Florida International Panthers,bovada,Bovada,2026-09-20T01:23:00Z,h2h,2026-09-20T01:23:00Z,Florida Atlantic Owls,-750,,20260920012635862581
NCAAF,americanfootball_ncaaf,da4cee8b35281f4528d3dd939d42814d,2026-09-19T22:00:00Z,Florida Atlantic Owls,Florida International Panthers,bovada,Bovada,2026-09-20T01:23:00Z,h2h,2026-09-20T01:23:00Z,Florida International Panthers,450,,20260920012635862581
NCAAF,americanfootball_ncaaf,da4cee8b35281f4528d3dd939d42814d,2026-09-19T22:00:00Z,Florida Atlantic Owls,Florida International Panthers,bovada,Bovada,2026-09-20T01:23:00Z,spreads,2026-09-20T01:23:00Z,Florida Atlantic Owls,-700,-5.5,20260920012635862581
NCAAF,americanfootball_ncaaf,da4cee8b35281f4528d3dd939d42814d,2026-09-19T22:00:00Z,Florida Atlantic Owls,Florida International Panthers,bovada,Bovada,2026-09-20T01:23:00Z,spreads,2026-09-20T01:23:00Z,Florida International Panthers,425,5.5,20260920012635862581
NCAAF,americanfootball_ncaaf,da4cee8b35281f4528d3dd939d42814d,2026-09-19T22:00:00Z,Florida Atlantic Owls,Florida International Panthers,bovada,Bovada,2026-09-20T01:23:00Z,totals,2026-09-20T01:23:00Z,Over,425,26.5,20260920012635862581
NCAAF,americanfootball_ncaaf,da4cee8b35281f4528d3dd939d42814d,2026-09-19T22:00:00Z,Florida Atlantic Owls,Florida International Panthers,bovada,Bovada,2026-09-20T01:23:00Z,totals,2026-09-20T01:23:00Z,Under,-700,26.5,20260920012635862581
NCAAF,americanfootball_ncaaf,436d9422da324c807b9d2fb50a2ef62a,2026-09-19T22:02:30Z,Old Dominion Monarchs,East Carolina Pirates,draftkings,DraftKings,2026-09-20T01:25:53Z,h2h,2026-09-20T01:25:53Z,East Carolina Pirates,-5000,,20260920012635862581
NCAAF,americanfootball_ncaaf,436d9422da324c807b9d2fb50a2ef62a,2026-09-19T22:02:30Z,Old Dominion Monarchs,East Carolina Pirates,draftkings,DraftKings,2026-09-20T01:25:53Z,h2h,2026-09-20T01:25:53Z,Old Dominion Monarchs,1820,,20260920012635862581
NCAAF,americanfootball_ncaaf,436d9422da324c807b9d2fb50a2ef62a,2026-09-19T22:02:30Z,Old Dominion Monarchs,East Carolina Pirates,draftkings,DraftKings,2026-09-20T01:25:53Z,spreads,2026-09-20T01:25:53Z,East Carolina Pirates,-4200,-2.5,20260920012635862581
NCAAF,americanfootball_ncaaf,436d9422da324c807b9d2fb50a2ef62a,2026-09-19T22:02:30Z,Old Dominion Monarchs,East Carolina Pirates,draftkings,DraftKings,2026-09-20T01:25:53Z,spreads,2026-09-20T01:25:53Z,Old Dominion Monarchs,1660,2.5,20260920012635862581
NCAAF,americanfootball_ncaaf,436d9422da324c807b9d2fb50a2ef62a,2026-09-19T22:02:30Z,Old Dominion Monarchs,East Carolina Pirates,draftkings,DraftKings,2026-09-20T01:25:53Z,totals,2026-09-20T01:25:53Z,Over,960,37.5,20260920012635862581
NCAAF,americanfootball_ncaaf,436d9422da324c807b9d2fb50a2ef62a,2026-09-19T22:02:30Z,Old Dominion Monarchs,East Carolina Pirates,draftkings,DraftKings,2026-09-20T01:25:53Z,totals,2026-09-20T01:25:53Z,Under,-1820,37.5,20260920012635862581
NCAAF,americanfootball_ncaaf,436d9422da324c807b9d2fb50a2ef62a,2026-09-19T22:02:30Z,Old Dominion Monarchs,East Carolina Pirates,betmgm,BetMGM,2026-09-20T01:25:09Z,spreads,2026-09-20T01:25:09Z,East Carolina Pirates,270,-4.5,20260920012635862581
NCAAF,americanfootball_ncaaf,436d9422da324c807b9d2fb50a2ef62a,2026-09-19T22:02:30Z,Old Dominion Monarchs,East Carolina Pirates,betmgm,BetMGM,2026-09-20T01:25:09Z,spreads,2026-09-20T01:25:09Z,Old Dominion Monarchs,-375,4.5,20260920012635862581
NCAAF,americanfootball_ncaaf,436d9422da324c807b9d2fb50a2ef62a,2026-09-19T22:02:30Z,Old Dominion Monarchs,East Carolina Pirates,betmgm,BetMGM,2026-09-20T01:25:09Z,totals,2026-09-20T01:25:09Z,Over,200,38.5,20260920012635862581
NCAAF,americanfootball_ncaaf,436d9422da324c807b9d2fb50a2ef62a,2026-09-19T22:02:30Z,Old Dominion Monarchs,East Carolina Pirates,betmgm,BetMGM,2026-09-20T01:25:09Z,totals,2026-09-20T01:25:09Z,Under,-275,38.5,20260920012635862581
NCAAF,americanfootball_ncaaf,436d9422da324c807b9d2fb50a2ef62a,2026-09-19T22:02:30Z,Old Dominion Monarchs,East Carolina Pirates,fanduel,FanDuel,2026-09-20T01:26:17Z,h2h,2026-09-20T01:26:17Z,East Carolina Pirates,-6000,,20260920012635862581
NCAAF,americanfootball_ncaaf,436d9422da324c807b9d2fb50a2ef62a,2026-09-19T22:02:30Z,Old Dominion Monarchs,East Carolina Pirates,fanduel,FanDuel,2026-09-20T01:26:17Z,h2h,2026-09-20T01:26:17Z,Old Dominion Monarchs,1400,,20260920012635862581
NCAAF,americanfootball_ncaaf,436d9422da324c807b9d2fb50a2ef62a,2026-09-19T22:02:30Z,Old Dominion Monarchs,East Carolina Pirates,fanduel,FanDuel,2026-09-20T01:26:17Z,spreads,2026-09-20T01:26:17Z,East Carolina Pirates,-7000,-2.5,20260920012635862581
NCAAF,americanfootball_ncaaf,436d9422da324c807b9d2fb50a2ef62a,2026-09-19T22:02:30Z,Old Dominion Monarchs,East Carolina Pirates,fanduel,FanDuel,2026-09-20T01:26:17Z,spreads,2026-09-20T01:26:17Z,Old Dominion Monarchs,1280,2.5,20260920012635862581
NCAAF,americanfootball_ncaaf,436d9422da324c807b9d2fb50a2ef62a,2026-09-19T22:02:30Z,Old Dominion Monarchs,East Carolina Pirates,bovada,Bovada,2026-09-20T01:25:13Z,h2h,2026-09-20T01:25:13Z,East Carolina Pirates,-2800,,20260920012635862581
NCAAF,americanfootball_ncaaf,436d9422da324c807b9d2fb50a2ef62a,2026-09-19T22:02:30Z,Old Dominion Monarchs,East Carolina Pirates,bovada,Bovada,2026-09-20T01:25:13Z,h2h,2026-09-20T01:25:13Z,Old Dominion Monarchs,1100,,20260920012635862581
NCAAF,americanfootball_ncaaf,436d9422da324c807b9d2fb50a2ef62a,2026-09-19T22:02:30Z,Old Dominion Monarchs,East Carolina Pirates,bovada,Bovada,2026-09-20T01:25:13Z,spreads,2026-09-20T01:25:13Z,East Carolina Pirates,425,-3.5,20260920012635862581
NCAAF,americanfootball_ncaaf,436d9422da324c807b9d2fb50a2ef62a,2026-09-19T22:02:30Z,Old Dominion Monarchs,East Carolina Pirates,bovada,Bovada,2026-09-20T01:25:13Z,spreads,2026-09-20T01:25:13Z,Old Dominion Monarchs,-700,3.5,20260920012635862581
NCAAF,americanfootball_ncaaf,436d9422da324c807b9d2fb50a2ef62a,2026-09-19T22:02:30Z,Old Dominion Monarchs,East Carolina Pirates,bovada,Bovada,2026-09-20T01:25:13Z,totals,2026-09-20T01:25:13Z,Over,240,37.5,20260920012635862581
NCAAF,americanfootball_ncaaf,436d9422da324c807b9d2fb50a2ef62a,2026-09-19T22:02:30Z,Old Dominion Monarchs,East Carolina Pirates,bovada,Bovada,2026-09-20T01:25:13Z,totals,2026-09-20T01:25:13Z,Under,-335,37.5,20260920012635862581
NCAAF,americanfootball_ncaaf,fa9113ed354c9a40e487f5b923b4238f,2026-09-19T22:32:25Z,Missouri State Bears,Marshall Thundering Herd,draftkings,DraftKings,2026-09-20T01:25:53Z,h2h,2026-09-20T01:25:53Z,Marshall Thundering Herd,-335,,20260920012635862581
NCAAF,americanfootball_ncaaf,fa9113ed354c9a40e487f5b923b4238f,2026-09-19T22:32:25Z,Missouri State Bears,Marshall Thundering Herd,draftkings,DraftKings,2026-09-20T01:25:53Z,h2h,2026-09-20T01:25:53Z,Missouri State Bears,241,,20260920012635862581
NCAAF,americanfootball_ncaaf,fa9113ed354c9a40e487f5b923b4238f,2026-09-19T22:32:25Z,Missouri State Bears,Marshall Thundering Herd,draftkings,DraftKings,2026-09-20T01:25:53Z,spreads,2026-09-20T01:25:53Z,Marshall Thundering Herd,-124,-5.5,20260920012635862581
NCAAF,americanfootball_ncaaf,fa9113ed354c9a40e487f5b923b4238f,2026-09-19T22:32:25Z,Missouri State Bears,Marshall Thundering Herd,draftkings,DraftKings,2026-09-20T01:25:53Z,spreads,2026-09-20T01:25:53Z,Missouri State Bears,-107,5.5,20260920012635862581
NCAAF,americanfootball_ncaaf,fa9113ed354c9a40e487f5b923b4238f,2026-09-19T22:32:25Z,Missouri State Bears,Marshall Thundering Herd,draftkings,DraftKings,2026-09-20T01:25:53Z,totals,2026-09-20T01:25:53Z,Over,-115,61.5,20260920012635862581
NCAAF,americanfootball_ncaaf,fa9113ed354c9a40e487f5b923b4238f,2026-09-19T22:32:25Z,Missouri State Bears,Marshall Thundering Herd,draftkings,DraftKings,2026-09-20T01:25:53Z,totals,2026-09-20T01:25:53Z,Under,-115,61.5,20260920012635862581
NCAAF,americanfootball_ncaaf,fa9113ed354c9a40e487f5b923b4238f,2026-09-19T22:32:25Z,Missouri State Bears,Marshall Thundering Herd,fanduel,FanDuel,2026-09-20T01:26:17Z,h2h,2026-09-20T01:26:17Z,Marshall Thundering Herd,-280,,20260920012635862581
NCAAF,americanfootball_ncaaf,fa9113ed354c9a40e487f5b923b4238f,2026-09-19T22:32:25Z,Missouri State Bears,Marshall Thundering Herd,fanduel,FanDuel,2026-09-20T01:26:17Z,h2h,2026-09-20T01:26:17Z,Missouri State Bears,210,,20260920012635862581
NCAAF,americanfootball_ncaaf,fa9113ed354c9a40e487f5b923b4238f,2026-09-19T22:32:25Z,Missouri State Bears,Marshall Thundering Herd,fanduel,FanDuel,2026-09-20T01:26:17Z,spreads,2026-09-20T01:26:17Z,Marshall Thundering Herd,-118,-5.5,20260920012635862581
NCAAF,americanfootball_ncaaf,fa9113ed354c9a40e487f5b923b4238f,2026-09-19T22:32:25Z,Missouri State Bears,Marshall Thundering Herd,fanduel,FanDuel,2026-09-20T01:26:17Z,spreads,2026-09-20T01:26:17Z,Missouri State Bears,-112,5.5,20260920012635862581
NCAAF,americanfootball_ncaaf,fa9113ed354c9a40e487f5b923b4238f,2026-09-19T22:32:25Z,Missouri State Bears,Marshall Thundering Herd,fanduel,FanDuel,2026-09-20T01:26:17Z,totals,2026-09-20T01:26:17Z,Over,-110,61.5,20260920012635862581
NCAAF,americanfootball_ncaaf,fa9113ed354c9a40e487f5b923b4238f,2026-09-19T22:32:25Z,Missouri State Bears,Marshall Thundering Herd,fanduel,FanDuel,2026-09-20T01:26:17Z,totals,2026-09-20T01:26:17Z,Under,-122,61.5,20260920012635862581
NCAAF,americanfootball_ncaaf,fa9113ed354c9a40e487f5b923b4238f,2026-09-19T22:32:25Z,Missouri State Bears,Marshall Thundering Herd,mybookieag,MyBookie.ag,2026-09-20T01:24:47Z,h2h,2026-09-20T01:24:47Z,Marshall Thundering Herd,-419,,20260920012635862581
NCAAF,americanfootball_ncaaf,fa9113ed354c9a40e487f5b923b4238f,2026-09-19T22:32:25Z,Missouri State Bears,Marshall Thundering Herd,mybookieag,MyBookie.ag,2026-09-20T01:24:47Z,h2h,2026-09-20T01:24:47Z,Missouri State Bears,282,,20260920012635862581
NCAAF,americanfootball_ncaaf,fa9113ed354c9a40e487f5b923b4238f,2026-09-19T22:32:25Z,Missouri State Bears,Marshall Thundering Herd,mybookieag,MyBookie.ag,2026-09-20T01:24:47Z,spreads,2026-09-20T01:24:47Z,Marshall Thundering Herd,-143,-5.5,20260920012635862581
NCAAF,americanfootball_ncaaf,fa9113ed354c9a40e487f5b923b4238f,2026-09-19T22:32:25Z,Missouri State Bears,Marshall Thundering Herd,mybookieag,MyBookie.ag,2026-09-20T01:24:47Z,spreads,2026-09-20T01:24:47Z,Missouri State Bears,105,5.5,20260920012635862581
NCAAF,americanfootball_ncaaf,fa9113ed354c9a40e487f5b923b4238f,2026-09-19T22:32:25Z,Missouri State Bears,Marshall Thundering Herd,bovada,Bovada,2026-09-20T01:25:13Z,h2h,2026-09-20T01:25:13Z,Marshall Thundering Herd,-375,,20260920012635862581
NCAAF,americanfootball_ncaaf,fa9113ed354c9a40e487f5b923b4238f,2026-09-19T22:32:25Z,Missouri State Bears,Marshall Thundering Herd,bovada,Bovada,2026-09-20T01:25:13Z,h2h,2026-09-20T01:25:13Z,Missouri State Bears,260,,20260920012635862581
NCAAF,americanfootball_ncaaf,fa9113ed354c9a40e487f5b923b4238f,2026-09-19T22:32:25Z,Missouri State Bears,Marshall Thundering Herd,bovada,Bovada,2026-09-20T01:25:13Z,spreads,2026-09-20T01:25:13Z,Marshall Thundering Herd,-135,-5.5,20260920012635862581
NCAAF,americanfootball_ncaaf,fa9113ed354c9a40e487f5b923b4238f,2026-09-19T22:32:25Z,Missouri State Bears,Marshall Thundering Herd,bovada,Bovada,2026-09-20T01:25:13Z,spreads,2026-09-20T01:25:13Z,Missouri State Bears,105,5.5,20260920012635862581
NCAAF,americanfootball_ncaaf,fa9113ed354c9a40e487f5b923b4238f,2026-09-19T22:32:25Z,Missouri State Bears,Marshall Thundering Herd,bovada,Bovada,2026-09-20T01:25:13Z,totals,2026-09-20T01:25:13Z,Over,-115,61.5,20260920012635862581
NCAAF,americanfootball_ncaaf,fa9113ed354c9a40e487f5b923b4238f,2026-09-19T22:32:25Z,Missouri State Bears,Marshall Thundering Herd,bovada,Bovada,2026-09-20T01:25:13Z,totals,2026-09-20T01:25:13Z,Under,-115,61.5,20260920012635862581
NCAAF,americanfootball_ncaaf,fa9113ed354c9a40e487f5b923b4238f,2026-09-19T22:32:25Z,Missouri State Bears,Marshall Thundering Herd,betmgm,BetMGM,2026-09-20T01:26:14Z,h2h,2026-09-20T01:26:14Z,Marshall Thundering Herd,-235,,20260920012635862581
NCAAF,americanfootball_ncaaf,fa9113ed354c9a40e487f5b923b4238f,2026-09-19T22:32:25Z,Missouri State Bears,Marshall Thundering Herd,betmgm,BetMGM,2026-09-20T01:26:14Z,h2h,2026-09-20T01:26:14Z,Missouri State Bears,200,,20260920012635862581
NCAAF,americanfootball_ncaaf,fa9113ed354c9a40e487f5b923b4238f,2026-09-19T22:32:25Z,Missouri State Bears,Marshall Thundering Herd,betmgm,BetMGM,2026-09-20T01:26:14Z,spreads,2026-09-20T01:26:14Z,Marshall Thundering Herd,105,-5.5,20260920012635862581
NCAAF,americanfootball_ncaaf,fa9113ed354c9a40e487f5b923b4238f,2026-09-19T22:32:25Z,Missouri State Bears,Marshall Thundering Herd,betmgm,BetMGM,2026-09-20T01:26:14Z,spreads,2026-09-20T01:26:14Z,Missouri State Bears,-125,5.5,20260920012635862581
NCAAF,americanfootball_ncaaf,fa9113ed354c9a40e487f5b923b4238f,2026-09-19T22:32:25Z,Missouri State Bears,Marshall Thundering Herd,betmgm,BetMGM,2026-09-20T01:26:14Z,totals,2026-09-20T01:26:14Z,Over,-105,62.5,20260920012635862581
NCAAF,americanfootball_ncaaf,fa9113ed354c9a40e487f5b923b4238f,2026-09-19T22:32:25Z,Missouri State Bears,Marshall Thundering Herd,betmgm,BetMGM,2026-09-20T01:26:14Z,totals,2026-09-20T01:26:14Z,Under,-115,62.5,20260920012635862581
NCAAF,americanfootball_ncaaf,4a9e833f32775e201ee648c51840df85,2026-09-19T23:02:00Z,UCF Knights,Georgia State Panthers,fanduel,FanDuel,2026-09-20T01:26:17Z,h2h,2026-09-20T01:26:17Z,Georgia State Panthers,430,,20260920012635862581
NCAAF,americanfootball_ncaaf,4a9e833f32775e201ee648c51840df85,2026-09-19T23:02:00Z,UCF Knights,Georgia State Panthers,fanduel,FanDuel,2026-09-20T01:26:17Z,h2h,2026-09-20T01:26:17Z,UCF Knights,-670,,20260920012635862581
NCAAF,americanfootball_ncaaf,4a9e833f32775e201ee648c51840df85,2026-09-19T23:02:00Z,UCF Knights,Georgia State Panthers,fanduel,FanDuel,2026-09-20T01:26:17Z,spreads,2026-09-20T01:26:17Z,Georgia State Panthers,122,6.5,20260920012635862581
NCAAF,americanfootball_ncaaf,4a9e833f32775e201ee648c51840df85,2026-09-19T23:02:00Z,UCF Knights,Georgia State Panthers,fanduel,FanDuel,2026-09-20T01:26:17Z,spreads,2026-09-20T01:26:17Z,UCF Knights,-162,-6.5,20260920012635862581
NCAAF,americanfootball_ncaaf,4a9e833f32775e201ee648c51840df85,2026-09-19T23:02:00Z,UCF Knights,Georgia State Panthers,fanduel,FanDuel,2026-09-20T01:26:17Z,totals,2026-09-20T01:26:17Z,Over,102,72.5,20260920012635862581
NCAAF,americanfootball_ncaaf,4a9e833f32775e201ee648c51840df85,2026-09-19T23:02:00Z,UCF Knights,Georgia State Panthers,fanduel,FanDuel,2026-09-20T01:26:17Z,totals,2026-09-20T01:26:17Z,Under,-136,72.5,20260920012635862581
NCAAF,americanfootball_ncaaf,4a9e833f32775e201ee648c51840df85,2026-09-19T23:02:00Z,UCF Knights,Georgia State Panthers,draftkings,DraftKings,2026-09-20T01:25:53Z,h2h,2026-09-20T01:25:53Z,Georgia State Panthers,567,,20260920012635862581
NCAAF,americanfootball_ncaaf,4a9e833f32775e201ee648c51840df85,2026-09-19T23:02:00Z,UCF Knights,Georgia State Panthers,draftkings,DraftKings,2026-09-20T01:25:53Z,h2h,2026-09-20T01:25:53Z,UCF Knights,-900,,20260920012635862581
NCAAF,americanfootball_ncaaf,4a9e833f32775e201ee648c51840df85,2026-09-19T23:02:00Z,UCF Knights,Georgia State Panthers,draftkings,DraftKings,2026-09-20T01:25:53Z,spreads,2026-09-20T01:25:53Z,Georgia State Panthers,-132,7.5,20260920012635862581
NCAAF,americanfootball_ncaaf,4a9e833f32775e201ee648c51840df85,2026-09-19T23:02:00Z,UCF Knights,Georgia State Panthers,draftkings,DraftKings,2026-09-20T01:25:53Z,spreads,2026-09-20T01:25:53Z,UCF Knights,-101,-7.5,20260920012635862581
NCAAF,americanfootball_ncaaf,4a9e833f32775e201ee648c51840df85,2026-09-19T23:02:00Z,UCF Knights,Georgia State Panthers,draftkings,DraftKings,2026-09-20T01:25:53Z,totals,2026-09-20T01:25:53Z,Over,-154,70.5,20260920012635862581
NCAAF,americanfootball_ncaaf,4a9e833f32775e201ee648c51840df85,2026-09-19T23:02:00Z,UCF Knights,Georgia State Panthers,draftkings,DraftKings,2026-09-20T01:25:53Z,totals,2026-09-20T01:25:53Z,Under,116,70.5,20260920012635862581
NCAAF,americanfootball_ncaaf,4a9e833f32775e201ee648c51840df85,2026-09-19T23:02:00Z,UCF Knights,Georgia State Panthers,betmgm,BetMGM,2026-09-20T01:26:14Z,h2h,2026-09-20T01:26:14Z,Georgia State Panthers,650,,20260920012635862581
NCAAF,americanfootball_ncaaf,4a9e833f32775e201ee648c51840df85,2026-09-19T23:02:00Z,UCF Knights,Georgia State Panthers,betmgm,BetMGM,2026-09-20T01:26:14Z,h2h,2026-09-20T01:26:14Z,UCF Knights,-1100,,20260920012635862581
NCAAF,americanfootball_ncaaf,4a9e833f32775e201ee648c51840df85,2026-09-19T23:02:00Z,UCF Knights,Georgia State Panthers,betmgm,BetMGM,2026-09-20T01:26:14Z,spreads,2026-09-20T01:26:14Z,Georgia State Panthers,-160,7.5,20260920012635862581
NCAAF,americanfootball_ncaaf,4a9e833f32775e201ee648c51840df85,2026-09-19T23:02:00Z,UCF Knights,Georgia State Panthers,betmgm,BetMGM,2026-09-20T01:26:14Z,spreads,2026-09-20T01:26:14Z,UCF Knights,120,-7.5,20260920012635862581
NCAAF,americanfootball_ncaaf,4a9e833f32775e201ee648c51840df85,2026-09-19T23:02:00Z,UCF Knights,Georgia State Panthers,betmgm,BetMGM,2026-09-20T01:26:14Z,totals,2026-09-20T01:26:14Z,Over,-145,70.5,20260920012635862581
NCAAF,americanfootball_ncaaf,4a9e833f32775e201ee648c51840df85,2026-09-19T23:02:00Z,UCF Knights,Georgia State Panthers,betmgm,BetMGM,2026-09-20T01:26:14Z,totals,2026-09-20T01:26:14Z,Under,110,70.5,20260920012635862581
NCAAF,americanfootball_ncaaf,4a9e833f32775e201ee648c51840df85,2026-09-19T23:02:00Z,UCF Knights,Georgia State Panthers,mybookieag,MyBookie.ag,2026-09-20T01:24:47Z,h2h,2026-09-20T01:24:47Z,Georgia State Panthers,400,,20260920012635862581
NCAAF,americanfootball_ncaaf,4a9e833f32775e201ee648c51840df85,2026-09-19T23:02:00Z,UCF Knights,Georgia State Panthers,mybookieag,MyBookie.ag,2026-09-20T01:24:47Z,h2h,2026-09-20T01:24:47Z,UCF Knights,-556,,20260920012635862581
NCAAF,americanfootball_ncaaf,4a9e833f32775e201ee648c51840df85,2026-09-19T23:02:00Z,UCF Knights,Georgia State Panthers,mybookieag,MyBookie.ag,2026-09-20T01:24:47Z,totals,2026-09-20T01:24:47Z,Over,105,71.5,20260920012635862581
NCAAF,americanfootball_ncaaf,4a9e833f32775e201ee648c51840df85,2026-09-19T23:02:00Z,UCF Knights,Georgia State Panthers,mybookieag,MyBookie.ag,2026-09-20T01:24:47Z,totals,2026-09-20T01:24:47Z,Under,-133,71.5,20260920012635862581
NCAAF,americanfootball_ncaaf,4a9e833f32775e201ee648c51840df85,2026-09-19T23:02:00Z,UCF Knights,Georgia State Panthers,bovada,Bovada,2026-09-20T01:25:13Z,h2h,2026-09-20T01:25:13Z,Georgia State Panthers,450,,20260920012635862581
NCAAF,americanfootball_ncaaf,4a9e833f32775e201ee648c51840df85,2026-09-19T23:02:00Z,UCF Knights,Georgia State Panthers,bovada,Bovada,2026-09-20T01:25:13Z,h2h,2026-09-20T01:25:13Z,UCF Knights,-750,,20260920012635862581
NCAAF,americanfootball_ncaaf,4a9e833f32775e201ee648c51840df85,2026-09-19T23:02:00Z,UCF Knights,Georgia State Panthers,bovada,Bovada,2026-09-20T01:25:13Z,spreads,2026-09-20T01:25:13Z,Georgia State Panthers,-150,7.5,20260920012635862581
NCAAF,americanfootball_ncaaf,4a9e833f32775e201ee648c51840df85,2026-09-19T23:02:00Z,UCF Knights,Georgia State Panthers,bovada,Bovada,2026-09-20T01:25:13Z,spreads,2026-09-20T01:25:13Z,UCF Knights,115,-7.5,20260920012635862581
NCAAF,americanfootball_ncaaf,4a9e833f32775e201ee648c51840df85,2026-09-19T23:02:00Z,UCF Knights,Georgia State Panthers,bovada,Bovada,2026-09-20T01:25:13Z,totals,2026-09-20T01:25:13Z,Over,-145,70.5,20260920012635862581
NCAAF,americanfootball_ncaaf,4a9e833f32775e201ee648c51840df85,2026-09-19T23:02:00Z,UCF Knights,Georgia State Panthers,bovada,Bovada,2026-09-20T01:25:13Z,totals,2026-09-20T01:25:13Z,Under,110,70.5,20260920012635862581
NCAAF,americanfootball_ncaaf,6c41bd5edc806bb66ae3038c8bfa3df0,2026-09-19T23:02:00Z,Oklahoma State Cowboys,Murray State Racers,fanduel,FanDuel,2026-09-20T01:26:17Z,spreads,2026-09-20T01:26:17Z,Murray State Racers,168,65.5,20260920012635862581
NCAAF,americanfootball_ncaaf,6c41bd5edc806bb66ae3038c8bfa3df0,2026-09-19T23:02:00Z,Oklahoma State Cowboys,Murray State Racers,fanduel,FanDuel,2026-09-20T01:26:17Z,spreads,2026-09-20T01:26:17Z,Oklahoma State Cowboys,-230,-65.5,20260920012635862581
NCAAF,americanfootball_ncaaf,6c41bd5edc806bb66ae3038c8bfa3df0,2026-09-19T23:02:00Z,Oklahoma State Cowboys,Murray State Racers,fanduel,FanDuel,2026-09-20T01:26:17Z,totals,2026-09-20T01:26:17Z,Over,-114,68.5,20260920012635862581
NCAAF,americanfootball_ncaaf,6c41bd5edc806bb66ae3038c8bfa3df0,2026-09-19T23:02:00Z,Oklahoma State Cowboys,Murray State Racers,fanduel,FanDuel,2026-09-20T01:26:17Z,totals,2026-09-20T01:26:17Z,Under,-114,68.5,20260920012635862581
NCAAF,americanfootball_ncaaf,6c41bd5edc806bb66ae3038c8bfa3df0,2026-09-19T23:02:00Z,Oklahoma State Cowboys,Murray State Racers,draftkings,DraftKings,2026-09-20T01:25:53Z,spreads,2026-09-20T01:25:53Z,Murray State Racers,-102,61.5,20260920012635862581
NCAAF,americanfootball_ncaaf,6c41bd5edc806bb66ae3038c8bfa3df0,2026-09-19T23:02:00Z,Oklahoma State Cowboys,Murray State Racers,draftkings,DraftKings,2026-09-20T01:25:53Z,spreads,2026-09-20T01:25:53Z,Oklahoma State Cowboys,-130,-61.5,20260920012635862581
NCAAF,americanfootball_ncaaf,6c41bd5edc806bb66ae3038c8bfa3df0,2026-09-19T23:02:00Z,Oklahoma State Cowboys,Murray State Racers,draftkings,DraftKings,2026-09-20T01:25:53Z,totals,2026-09-20T01:25:53Z,Over,-196,65.5,20260920012635862581
NCAAF,americanfootball_ncaaf,6c41bd5edc806bb66ae3038c8bfa3df0,2026-09-19T23:02:00Z,Oklahoma State Cowboys,Murray State Racers,draftkings,DraftKings,2026-09-20T01:25:53Z,totals,2026-09-20T01:25:53Z,Under,146,65.5,20260920012635862581
NCAAF,americanfootball_ncaaf,6c41bd5edc806bb66ae3038c8bfa3df0,2026-09-19T23:02:00Z,Oklahoma State Cowboys,Murray State Racers,bovada,Bovada,2026-09-20T01:25:13Z,spreads,2026-09-20T01:25:13Z,Murray State Racers,100,61.5,20260920012635862581
NCAAF,americanfootball_ncaaf,6c41bd5edc806bb66ae3038c8bfa3df0,2026-09-19T23:02:00Z,Oklahoma State Cowboys,Murray State Racers,bovada,Bovada,2026-09-20T01:25:13Z,spreads,2026-09-20T01:25:13Z,Oklahoma State Cowboys,-130,-61.5,20260920012635862581
NCAAF,americanfootball_ncaaf,6c41bd5edc806bb66ae3038c8bfa3df0,2026-09-19T23:02:00Z,Oklahoma State Cowboys,Murray State Racers,bovada,Bovada,2026-09-20T01:25:13Z,totals,2026-09-20T01:25:13Z,Over,-190,65.5,20260920012635862581
NCAAF,americanfootball_ncaaf,6c41bd5edc806bb66ae3038c8bfa3df0,2026-09-19T23:02:00Z,Oklahoma State Cowboys,Murray State Racers,bovada,Bovada,2026-09-20T01:25:13Z,totals,2026-09-20T01:25:13Z,Under,145,65.5,20260920012635862581
NCAAF,americanfootball_ncaaf,6c41bd5edc806bb66ae3038c8bfa3df0,2026-09-19T23:02:00Z,Oklahoma State Cowboys,Murray State Racers,mybookieag,MyBookie.ag,2026-09-20T01:24:47Z,spreads,2026-09-20T01:24:47Z,Murray State Racers,-125,62.5,20260920012635862581
NCAAF,americanfootball_ncaaf,6c41bd5edc806bb66ae3038c8bfa3df0,2026-09-19T23:02:00Z,Oklahoma State Cowboys,Murray State Racers,mybookieag,MyBookie.ag,2026-09-20T01:24:47Z,spreads,2026-09-20T01:24:47Z,Oklahoma State Cowboys,100,-62.5,20260920012635862581
NCAAF,americanfootball_ncaaf,6c41bd5edc806bb66ae3038c8bfa3df0,2026-09-19T23:02:00Z,Oklahoma State Cowboys,Murray State Racers,mybookieag,MyBookie.ag,2026-09-20T01:24:47Z,totals,2026-09-20T01:24:47Z,Over,115,66.5,20260920012635862581
NCAAF,americanfootball_ncaaf,6c41bd5edc806bb66ae3038c8bfa3df0,2026-09-19T23:02:00Z,Oklahoma State Cowboys,Murray State Racers,mybookieag,MyBookie.ag,2026-09-20T01:24:47Z,totals,2026-09-20T01:24:47Z,Under,-143,66.5,20260920012635862581
NCAAF,americanfootball_ncaaf,0ce2e66203e1c66f3f2687fdccd37408,2026-09-19T23:02:00Z,Sam Houston State Bearkats,Nicholls State Colonels,fanduel,FanDuel,2026-09-20T01:26:17Z,spreads,2026-09-20T01:26:17Z,Nicholls State Colonels,-136,48.5,20260920012635862581
NCAAF,americanfootball_ncaaf,0ce2e66203e1c66f3f2687fdccd37408,2026-09-19T23:02:00Z,Sam Houston State Bearkats,Nicholls State Colonels,fanduel,FanDuel,2026-09-20T01:26:17Z,spreads,2026-09-20T01:26:17Z,Sam Houston State Bearkats,102,-48.5,20260920012635862581
NCAAF,americanfootball_ncaaf,0ce2e66203e1c66f3f2687fdccd37408,2026-09-19T23:02:00Z,Sam Houston State Bearkats,Nicholls State Colonels,fanduel,FanDuel,2026-09-20T01:26:17Z,totals,2026-09-20T01:26:17Z,Over,-122,57.5,20260920012635862581
NCAAF,americanfootball_ncaaf,0ce2e66203e1c66f3f2687fdccd37408,2026-09-19T23:02:00Z,Sam Houston State Bearkats,Nicholls State Colonels,fanduel,FanDuel,2026-09-20T01:26:17Z,totals,2026-09-20T01:26:17Z,Under,-108,57.5,20260920012635862581
NCAAF,americanfootball_ncaaf,0ce2e66203e1c66f3f2687fdccd37408,2026-09-19T23:02:00Z,Sam Houston State Bearkats,Nicholls State Colonels,draftkings,DraftKings,2026-09-20T01:25:53Z,spreads,2026-09-20T01:25:53Z,Nicholls State Colonels,-134,45.5,20260920012635862581
NCAAF,americanfootball_ncaaf,0ce2e66203e1c66f3f2687fdccd37408,2026-09-19T23:02:00Z,Sam Houston State Bearkats,Nicholls State Colonels,draftkings,DraftKings,2026-09-20T01:25:53Z,spreads,2026-09-20T01:25:53Z,Sam Houston State Bearkats,101,-45.5,20260920012635862581
NCAAF,americanfootball_ncaaf,0ce2e66203e1c66f3f2687fdccd37408,2026-09-19T23:02:00Z,Sam Houston State Bearkats,Nicholls State Colonels,draftkings,DraftKings,2026-09-20T01:25:53Z,totals,2026-09-20T01:25:53Z,Over,-120,57.5,20260920012635862581
NCAAF,americanfootball_ncaaf,0ce2e66203e1c66f3f2687fdccd37408,2026-09-19T23:02:00Z,Sam Houston State Bearkats,Nicholls State Colonels,draftkings,DraftKings,2026-09-20T01:25:53Z,totals,2026-09-20T01:25:53Z,Under,-111,57.5,20260920012635862581
NCAAF,americanfootball_ncaaf,0ce2e66203e1c66f3f2687fdccd37408,2026-09-19T23:02:00Z,Sam Houston State Bearkats,Nicholls State Colonels,bovada,Bovada,2026-09-20T01:25:13Z,spreads,2026-09-20T01:25:13Z,Nicholls State Colonels,-120,46.5,20260920012635862581
NCAAF,americanfootball_ncaaf,0ce2e66203e1c66f3f2687fdccd37408,2026-09-19T23:02:00Z,Sam Houston State Bearkats,Nicholls State Colonels,bovada,Bovada,2026-09-20T01:25:13Z,spreads,2026-09-20T01:25:13Z,Sam Houston State Bearkats,-110,-46.5,20260920012635862581
NCAAF,americanfootball_ncaaf,0ce2e66203e1c66f3f2687fdccd37408,2026-09-19T23:02:00Z,Sam Houston State Bearkats,Nicholls State Colonels,bovada,Bovada,2026-09-20T01:25:13Z,totals,2026-09-20T01:25:13Z,Over,-115,58.5,20260920012635862581
NCAAF,americanfootball_ncaaf,0ce2e66203e1c66f3f2687fdccd37408,2026-09-19T23:02:00Z,Sam Houston State Bearkats,Nicholls State Colonels,bovada,Bovada,2026-09-20T01:25:13Z,totals,2026-09-20T01:25:13Z,Under,-115,58.5,20260920012635862581
NCAAF,americanfootball_ncaaf,0ce2e66203e1c66f3f2687fdccd37408,2026-09-19T23:02:00Z,Sam Houston State Bearkats,Nicholls State Colonels,mybookieag,MyBookie.ag,2026-09-20T01:24:47Z,spreads,2026-09-20T01:24:47Z,Nicholls State Colonels,105,44.5,20260920012635862581
NCAAF,americanfootball_ncaaf,0ce2e66203e1c66f3f2687fdccd37408,2026-09-19T23:02:00Z,Sam Houston State Bearkats,Nicholls State Colonels,mybookieag,MyBookie.ag,2026-09-20T01:24:47Z,spreads,2026-09-20T01:24:47Z,Sam Houston State Bearkats,-133,-44.5,20260920012635862581
NCAAF,americanfootball_ncaaf,0ce2e66203e1c66f3f2687fdccd37408,2026-09-19T23:02:00Z,Sam Houston State Bearkats,Nicholls State Colonels,mybookieag,MyBookie.ag,2026-09-20T01:24:47Z,totals,2026-09-20T01:24:47Z,Over,-125,57.5,20260920012635862581
NCAAF,americanfootball_ncaaf,0ce2e66203e1c66f3f2687fdccd37408,2026-09-19T23:02:00Z,Sam Houston State Bearkats,Nicholls State Colonels,mybookieag,MyBookie.ag,2026-09-20T01:24:47Z,totals,2026-09-20T01:24:47Z,Under,100,57.5,20260920012635862581
NCAAF,americanfootball_ncaaf,be8b2e012b50c86775a87bb633e330e6,2026-09-19T23:02:00Z,Rice Owls,Western Michigan Broncos,fanduel,FanDuel,2026-09-20T01:26:17Z,h2h,2026-09-20T01:26:17Z,Rice Owls,340,,20260920012635862581
NCAAF,americanfootball_ncaaf,be8b2e012b50c86775a87bb633e330e6,2026-09-19T23:02:00Z,Rice Owls,Western Michigan Broncos,fanduel,FanDuel,2026-09-20T01:26:17Z,h2h,2026-09-20T01:26:17Z,Western Michigan Broncos,-500,,20260920012635862581
NCAAF,americanfootball_ncaaf,be8b2e012b50c86775a87bb633e330e6,2026-09-19T23:02:00Z,Rice Owls,Western Michigan Broncos,fanduel,FanDuel,2026-09-20T01:26:17Z,spreads,2026-09-20T01:26:17Z,Rice Owls,-125,6.5,20260920012635862581
NCAAF,americanfootball_ncaaf,be8b2e012b50c86775a87bb633e330e6,2026-09-19T23:02:00Z,Rice Owls,Western Michigan Broncos,fanduel,FanDuel,2026-09-20T01:26:17Z,spreads,2026-09-20T01:26:17Z,Western Michigan Broncos,-106,-6.5,20260920012635862581
NCAAF,americanfootball_ncaaf,be8b2e012b50c86775a87bb633e330e6,2026-09-19T23:02:00Z,Rice Owls,Western Michigan Broncos,fanduel,FanDuel,2026-09-20T01:26:17Z,totals,2026-09-20T01:26:17Z,Over,102,44.5,20260920012635862581
NCAAF,americanfootball_ncaaf,be8b2e012b50c86775a87bb633e330e6,2026-09-19T23:02:00Z,Rice Owls,Western Michigan Broncos,fanduel,FanDuel,2026-09-20T01:26:17Z,totals,2026-09-20T01:26:17Z,Under,-136,44.5,20260920012635862581
NCAAF,americanfootball_ncaaf,be8b2e012b50c86775a87bb633e330e6,2026-09-19T23:02:00Z,Rice Owls,Western Michigan Broncos,draftkings,DraftKings,2026-09-20T01:25:53Z,h2h,2026-09-20T01:25:53Z,Rice Owls,399,,20260920012635862581
NCAAF,americanfootball_ncaaf,be8b2e012b50c86775a87bb633e330e6,2026-09-19T23:02:00Z,Rice Owls,Western Michigan Broncos,draftkings,DraftKings,2026-09-20T01:25:53Z,h2h,2026-09-20T01:25:53Z,Western Michigan Broncos,-591,,20260920012635862581
NCAAF,americanfootball_ncaaf,be8b2e012b50c86775a87bb633e330e6,2026-09-19T23:02:00Z,Rice Owls,Western Michigan Broncos,draftkings,DraftKings,2026-09-20T01:25:53Z,spreads,2026-09-20T01:25:53Z,Rice Owls,111,6.5,20260920012635862581
NCAAF,americanfootball_ncaaf,be8b2e012b50c86775a87bb633e330e6,2026-09-19T23:02:00Z,Rice Owls,Western Michigan Broncos,draftkings,DraftKings,2026-09-20T01:25:53Z,spreads,2026-09-20T01:25:53Z,Western Michigan Broncos,-147,-6.5,20260920012635862581
NCAAF,americanfootball_ncaaf,be8b2e012b50c86775a87bb633e330e6,2026-09-19T23:02:00Z,Rice Owls,Western Michigan Broncos,draftkings,DraftKings,2026-09-20T01:25:53Z,totals,2026-09-20T01:25:53Z,Over,-125,44.5,20260920012635862581
NCAAF,americanfootball_ncaaf,be8b2e012b50c86775a87bb633e330e6,2026-09-19T23:02:00Z,Rice Owls,Western Michigan Broncos,draftkings,DraftKings,2026-09-20T01:25:53Z,totals,2026-09-20T01:25:53Z,Under,-106,44.5,20260920012635862581
NCAAF,americanfootball_ncaaf,be8b2e012b50c86775a87bb633e330e6,2026-09-19T23:02:00Z,Rice Owls,Western Michigan Broncos,betmgm,BetMGM,2026-09-20T01:26:14Z,h2h,2026-09-20T01:26:14Z,Rice Owls,190,,20260920012635862581
NCAAF,americanfootball_ncaaf,be8b2e012b50c86775a87bb633e330e6,2026-09-19T23:02:00Z,Rice Owls,Western Michigan Broncos,betmgm,BetMGM,2026-09-20T01:26:14Z,h2h,2026-09-20T01:26:14Z,Western Michigan Broncos,-235,,20260920012635862581
NCAAF,americanfootball_ncaaf,be8b2e012b50c86775a87bb633e330e6,2026-09-19T23:02:00Z,Rice Owls,Western Michigan Broncos,betmgm,BetMGM,2026-09-20T01:26:14Z,spreads,2026-09-20T01:26:14Z,Rice Owls,-135,3.5,20260920012635862581
NCAAF,americanfootball_ncaaf,be8b2e012b50c86775a87bb633e330e6,2026-09-19T23:02:00Z,Rice Owls,Western Michigan Broncos,betmgm,BetMGM,2026-09-20T01:26:14Z,spreads,2026-09-20T01:26:14Z,Western Michigan Broncos,105,-3.5,20260920012635862581
NCAAF,americanfootball_ncaaf,be8b2e012b50c86775a87bb633e330e6,2026-09-19T23:02:00Z,Rice Owls,Western Michigan Broncos,betmgm,BetMGM,2026-09-20T01:26:14Z,totals,2026-09-20T01:26:14Z,Over,120,38.5,20260920012635862581
NCAAF,americanfootball_ncaaf,be8b2e012b50c86775a87bb633e330e6,2026-09-19T23:02:00Z,Rice Owls,Western Michigan Broncos,betmgm,BetMGM,2026-09-20T01:26:14Z,totals,2026-09-20T01:26:14Z,Under,-145,38.5,20260920012635862581
NCAAF,americanfootball_ncaaf,be8b2e012b50c86775a87bb633e330e6,2026-09-19T23:02:00Z,Rice Owls,Western Michigan Broncos,mybookieag,MyBookie.ag,2026-09-20T01:22:36Z,h2h,2026-09-20T01:22:35Z,Rice Owls,290,,20260920012635862581
NCAAF,americanfootball_ncaaf,be8b2e012b50c86775a87bb633e330e6,2026-09-19T23:02:00Z,Rice Owls,Western Michigan Broncos,mybookieag,MyBookie.ag,2026-09-20T01:22:36Z,h2h,2026-09-20T01:22:35Z,Western Michigan Broncos,-400,,20260920012635862581
NCAAF,americanfootball_ncaaf,be8b2e012b50c86775a87bb633e330e6,2026-09-19T23:02:00Z,Rice Owls,Western Michigan Broncos,mybookieag,MyBookie.ag,2026-09-20T01:22:36Z,spreads,2026-09-20T01:22:35Z,Rice Owls,100,6.5,20260920012635862581
NCAAF,americanfootball_ncaaf,be8b2e012b50c86775a87bb633e330e6,2026-09-19T23:02:00Z,Rice Owls,Western Michigan Broncos,mybookieag,MyBookie.ag,2026-09-20T01:22:36Z,spreads,2026-09-20T01:22:35Z,Western Michigan Broncos,-125,-6.5,20260920012635862581
NCAAF,americanfootball_ncaaf,be8b2e012b50c86775a87bb633e330e6,2026-09-19T23:02:00Z,Rice Owls,Western Michigan Broncos,mybookieag,MyBookie.ag,2026-09-20T01:22:36Z,totals,2026-09-20T01:22:35Z,Over,-105,45.5,20260920012635862581
NCAAF,americanfootball_ncaaf,be8b2e012b50c86775a87bb633e330e6,2026-09-19T23:02:00Z,Rice Owls,Western Michigan Broncos,mybookieag,MyBookie.ag,2026-09-20T01:22:36Z,totals,2026-09-20T01:22:35Z,Under,-118,45.5,20260920012635862581
NCAAF,americanfootball_ncaaf,be8b2e012b50c86775a87bb633e330e6,2026-09-19T23:02:00Z,Rice Owls,Western Michigan Broncos,bovada,Bovada,2026-09-20T01:25:13Z,h2h,2026-09-20T01:25:13Z,Rice Owls,290,,20260920012635862581
NCAAF,americanfootball_ncaaf,be8b2e012b50c86775a87bb633e330e6,2026-09-19T23:02:00Z,Rice Owls,Western Michigan Broncos,bovada,Bovada,2026-09-20T01:25:13Z,h2h,2026-09-20T01:25:13Z,Western Michigan Broncos,-435,,20260920012635862581
NCAAF,americanfootball_ncaaf,be8b2e012b50c86775a87bb633e330e6,2026-09-19T23:02:00Z,Rice Owls,Western Michigan Broncos,bovada,Bovada,2026-09-20T01:25:13Z,spreads,2026-09-20T01:25:13Z,Rice Owls,-105,5.5,20260920012635862581
NCAAF,americanfootball_ncaaf,be8b2e012b50c86775a87bb633e330e6,2026-09-19T23:02:00Z,Rice Owls,Western Michigan Broncos,bovada,Bovada,2026-09-20T01:25:13Z,spreads,2026-09-20T01:25:13Z,Western Michigan Broncos,-125,-5.5,20260920012635862581
NCAAF,americanfootball_ncaaf,be8b2e012b50c86775a87bb633e330e6,2026-09-19T23:02:00Z,Rice Owls,Western Michigan Broncos,bovada,Bovada,2026-09-20T01:25:13Z,totals,2026-09-20T01:25:13Z,Over,-115,42.5,20260920012635862581
NCAAF,americanfootball_ncaaf,be8b2e012b50c86775a87bb633e330e6,2026-09-19T23:02:00Z,Rice Owls,Western Michigan Broncos,bovada,Bovada,2026-09-20T01:25:13Z,totals,2026-09-20T01:25:13Z,Under,-115,42.5,20260920012635862581
NCAAF,americanfootball_ncaaf,1088ecb8a4c34880f9fb0b9274a8d3e4,2026-09-19T23:02:16Z,Southern Mississippi Golden Eagles,UConn Huskies,draftkings,DraftKings,2026-09-20T01:25:53Z,spreads,2026-09-20T01:25:53Z,Southern Mississippi Golden Eagles,-109,30.5,20260920012635862581
NCAAF,americanfootball_ncaaf,1088ecb8a4c34880f9fb0b9274a8d3e4,2026-09-19T23:02:16Z,Southern Mississippi Golden Eagles,UConn Huskies,draftkings,DraftKings,2026-09-20T01:25:53Z,spreads,2026-09-20T01:25:53Z,UConn Huskies,-121,-30.5,20260920012635862581
NCAAF,americanfootball_ncaaf,1088ecb8a4c34880f9fb0b9274a8d3e4,2026-09-19T23:02:16Z,Southern Mississippi Golden Eagles,UConn Huskies,draftkings,DraftKings,2026-09-20T01:25:53Z,totals,2026-09-20T01:25:53Z,Over,-132,67.5,20260920012635862581
NCAAF,americanfootball_ncaaf,1088ecb8a4c34880f9fb0b9274a8d3e4,2026-09-19T23:02:16Z,Southern Mississippi Golden Eagles,UConn Huskies,draftkings,DraftKings,2026-09-20T01:25:53Z,totals,2026-09-20T01:25:53Z,Under,-101,67.5,20260920012635862581
NCAAF,americanfootball_ncaaf,1088ecb8a4c34880f9fb0b9274a8d3e4,2026-09-19T23:02:16Z,Southern Mississippi Golden Eagles,UConn Huskies,mybookieag,MyBookie.ag,2026-09-20T01:24:47Z,spreads,2026-09-20T01:24:47Z,Southern Mississippi Golden Eagles,-105,34.5,20260920012635862581
NCAAF,americanfootball_ncaaf,1088ecb8a4c34880f9fb0b9274a8d3e4,2026-09-19T23:02:16Z,Southern Mississippi Golden Eagles,UConn Huskies,mybookieag,MyBookie.ag,2026-09-20T01:24:47Z,spreads,2026-09-20T01:24:47Z,UConn Huskies,-118,-34.5,20260920012635862581
NCAAF,americanfootball_ncaaf,1088ecb8a4c34880f9fb0b9274a8d3e4,2026-09-19T23:02:16Z,Southern Mississippi Golden Eagles,UConn Huskies,mybookieag,MyBookie.ag,2026-09-20T01:24:47Z,totals,2026-09-20T01:24:47Z,Over,-105,64.5,20260920012635862581
NCAAF,americanfootball_ncaaf,1088ecb8a4c34880f9fb0b9274a8d3e4,2026-09-19T23:02:16Z,Southern Mississippi Golden Eagles,UConn Huskies,mybookieag,MyBookie.ag,2026-09-20T01:24:47Z,totals,2026-09-20T01:24:47Z,Under,-125,64.5,20260920012635862581
NCAAF,americanfootball_ncaaf,1088ecb8a4c34880f9fb0b9274a8d3e4,2026-09-19T23:02:16Z,Southern Mississippi Golden Eagles,UConn Huskies,fanduel,FanDuel,2026-09-20T01:26:17Z,spreads,2026-09-20T01:26:17Z,Southern Mississippi Golden Eagles,108,34.5,20260920012635862581
NCAAF,americanfootball_ncaaf,1088ecb8a4c34880f9fb0b9274a8d3e4,2026-09-19T23:02:16Z,Southern Mississippi Golden Eagles,UConn Huskies,fanduel,FanDuel,2026-09-20T01:26:17Z,spreads,2026-09-20T01:26:17Z,UConn Huskies,-144,-34.5,20260920012635862581
NCAAF,americanfootball_ncaaf,1088ecb8a4c34880f9fb0b9274a8d3e4,2026-09-19T23:02:16Z,Southern Mississippi Golden Eagles,UConn Huskies,fanduel,FanDuel,2026-09-20T01:26:17Z,totals,2026-09-20T01:26:17Z,Over,-125,63.5,20260920012635862581
NCAAF,americanfootball_ncaaf,1088ecb8a4c34880f9fb0b9274a8d3e4,2026-09-19T23:02:16Z,Southern Mississippi Golden Eagles,UConn Huskies,fanduel,FanDuel,2026-09-20T01:26:17Z,totals,2026-09-20T01:26:17Z,Under,-106,63.5,20260920012635862581
NCAAF,americanfootball_ncaaf,1088ecb8a4c34880f9fb0b9274a8d3e4,2026-09-19T23:02:16Z,Southern Mississippi Golden Eagles,UConn Huskies,bovada,Bovada,2026-09-20T01:25:13Z,spreads,2026-09-20T01:25:13Z,Southern Mississippi Golden Eagles,-115,34.5,20260920012635862581
NCAAF,americanfootball_ncaaf,1088ecb8a4c34880f9fb0b9274a8d3e4,2026-09-19T23:02:16Z,Southern Mississippi Golden Eagles,UConn Huskies,bovada,Bovada,2026-09-20T01:25:13Z,spreads,2026-09-20T01:25:13Z,UConn Huskies,-115,-34.5,20260920012635862581
NCAAF,americanfootball_ncaaf,1088ecb8a4c34880f9fb0b9274a8d3e4,2026-09-19T23:02:16Z,Southern Mississippi Golden Eagles,UConn Huskies,bovada,Bovada,2026-09-20T01:25:13Z,totals,2026-09-20T01:25:13Z,Over,100,64.5,20260920012635862581
NCAAF,americanfootball_ncaaf,1088ecb8a4c34880f9fb0b9274a8d3e4,2026-09-19T23:02:16Z,Southern Mississippi Golden Eagles,UConn Huskies,bovada,Bovada,2026-09-20T01:25:13Z,totals,2026-09-20T01:25:13Z,Under,-130,64.5,20260920012635862581
NCAAF,americanfootball_ncaaf,b8810f15896c1fbe1ca25054585612f0,2026-09-19T23:02:19Z,Middle Tennessee Blue Raiders,Nevada Wolf Pack,draftkings,DraftKings,2026-09-20T01:25:53Z,h2h,2026-09-20T01:25:53Z,Middle Tennessee Blue Raiders,216,,20260920012635862581
NCAAF,americanfootball_ncaaf,b8810f15896c1fbe1ca25054585612f0,2026-09-19T23:02:19Z,Middle Tennessee Blue Raiders,Nevada Wolf Pack,draftkings,DraftKings,2026-09-20T01:25:53Z,h2h,2026-09-20T01:25:53Z,Nevada Wolf Pack,-297,,20260920012635862581
NCAAF,americanfootball_ncaaf,b8810f15896c1fbe1ca25054585612f0,2026-09-19T23:02:19Z,Middle Tennessee Blue Raiders,Nevada Wolf Pack,draftkings,DraftKings,2026-09-20T01:25:53Z,spreads,2026-09-20T01:25:53Z,Middle Tennessee Blue Raiders,-123,3.5,20260920012635862581
NCAAF,americanfootball_ncaaf,b8810f15896c1fbe1ca25054585612f0,2026-09-19T23:02:19Z,Middle Tennessee Blue Raiders,Nevada Wolf Pack,draftkings,DraftKings,2026-09-20T01:25:53Z,spreads,2026-09-20T01:25:53Z,Nevada Wolf Pack,-108,-3.5,20260920012635862581
NCAAF,americanfootball_ncaaf,b8810f15896c1fbe1ca25054585612f0,2026-09-19T23:02:19Z,Middle Tennessee Blue Raiders,Nevada Wolf Pack,draftkings,DraftKings,2026-09-20T01:25:53Z,totals,2026-09-20T01:25:53Z,Over,-147,50.5,20260920012635862581
NCAAF,americanfootball_ncaaf,b8810f15896c1fbe1ca25054585612f0,2026-09-19T23:02:19Z,Middle Tennessee Blue Raiders,Nevada Wolf Pack,draftkings,DraftKings,2026-09-20T01:25:53Z,totals,2026-09-20T01:25:53Z,Under,111,50.5,20260920012635862581
NCAAF,americanfootball_ncaaf,b8810f15896c1fbe1ca25054585612f0,2026-09-19T23:02:19Z,Middle Tennessee Blue Raiders,Nevada Wolf Pack,betmgm,BetMGM,2026-09-20T01:26:14Z,h2h,2026-09-20T01:26:14Z,Middle Tennessee Blue Raiders,250,,20260920012635862581
NCAAF,americanfootball_ncaaf,b8810f15896c1fbe1ca25054585612f0,2026-09-19T23:02:19Z,Middle Tennessee Blue Raiders,Nevada Wolf Pack,betmgm,BetMGM,2026-09-20T01:26:14Z,h2h,2026-09-20T01:26:14Z,Nevada Wolf Pack,-350,,20260920012635862581
NCAAF,americanfootball_ncaaf,b8810f15896c1fbe1ca25054585612f0,2026-09-19T23:02:19Z,Middle Tennessee Blue Raiders,Nevada Wolf Pack,betmgm,BetMGM,2026-09-20T01:26:14Z,spreads,2026-09-20T01:26:14Z,Middle Tennessee Blue Raiders,-108,4.5,20260920012635862581
NCAAF,americanfootball_ncaaf,b8810f15896c1fbe1ca25054585612f0,2026-09-19T23:02:19Z,Middle Tennessee Blue Raiders,Nevada Wolf Pack,betmgm,BetMGM,2026-09-20T01:26:14Z,spreads,2026-09-20T01:26:14Z,Nevada Wolf Pack,-110,-4.5,20260920012635862581
NCAAF,americanfootball_ncaaf,b8810f15896c1fbe1ca25054585612f0,2026-09-19T23:02:19Z,Middle Tennessee Blue Raiders,Nevada Wolf Pack,betmgm,BetMGM,2026-09-20T01:26:14Z,totals,2026-09-20T01:26:14Z,Over,-145,50.5,20260920012635862581
NCAAF,americanfootball_ncaaf,b8810f15896c1fbe1ca25054585612f0,2026-09-19T23:02:19Z,Middle Tennessee Blue Raiders,Nevada Wolf Pack,betmgm,BetMGM,2026-09-20T01:26:14Z,totals,2026-09-20T01:26:14Z,Under,110,50.5,20260920012635862581
NCAAF,americanfootball_ncaaf,b8810f15896c1fbe1ca25054585612f0,2026-09-19T23:02:19Z,Middle Tennessee Blue Raiders,Nevada Wolf Pack,mybookieag,MyBookie.ag,2026-09-20T01:24:47Z,h2h,2026-09-20T01:24:47Z,Middle Tennessee Blue Raiders,240,,20260920012635862581
NCAAF,americanfootball_ncaaf,b8810f15896c1fbe1ca25054585612f0,2026-09-19T23:02:19Z,Middle Tennessee Blue Raiders,Nevada Wolf Pack,mybookieag,MyBookie.ag,2026-09-20T01:24:47Z,h2h,2026-09-20T01:24:47Z,Nevada Wolf Pack,-333,,20260920012635862581
NCAAF,americanfootball_ncaaf,b8810f15896c1fbe1ca25054585612f0,2026-09-19T23:02:19Z,Middle Tennessee Blue Raiders,Nevada Wolf Pack,mybookieag,MyBookie.ag,2026-09-20T01:24:47Z,spreads,2026-09-20T01:24:47Z,Middle Tennessee Blue Raiders,-118,5.5,20260920012635862581
NCAAF,americanfootball_ncaaf,b8810f15896c1fbe1ca25054585612f0,2026-09-19T23:02:19Z,Middle Tennessee Blue Raiders,Nevada Wolf Pack,mybookieag,MyBookie.ag,2026-09-20T01:24:47Z,spreads,2026-09-20T01:24:47Z,Nevada Wolf Pack,-111,-5.5,20260920012635862581
NCAAF,americanfootball_ncaaf,b8810f15896c1fbe1ca25054585612f0,2026-09-19T23:02:19Z,Middle Tennessee Blue Raiders,Nevada Wolf Pack,mybookieag,MyBookie.ag,2026-09-20T01:24:47Z,totals,2026-09-20T01:24:47Z,Over,-111,51.5,20260920012635862581
NCAAF,americanfootball_ncaaf,b8810f15896c1fbe1ca25054585612f0,2026-09-19T23:02:19Z,Middle Tennessee Blue Raiders,Nevada Wolf Pack,mybookieag,MyBookie.ag,2026-09-20T01:24:47Z,totals,2026-09-20T01:24:47Z,Under,-118,51.5,20260920012635862581
NCAAF,americanfootball_ncaaf,b8810f15896c1fbe1ca25054585612f0,2026-09-19T23:02:19Z,Middle Tennessee Blue Raiders,Nevada Wolf Pack,fanduel,FanDuel,2026-09-20T01:26:17Z,h2h,2026-09-20T01:26:17Z,Middle Tennessee Blue Raiders,250,,20260920012635862581
NCAAF,americanfootball_ncaaf,b8810f15896c1fbe1ca25054585612f0,2026-09-19T23:02:19Z,Middle Tennessee Blue Raiders,Nevada Wolf Pack,fanduel,FanDuel,2026-09-20T01:26:17Z,h2h,2026-09-20T01:26:17Z,Nevada Wolf Pack,-340,,20260920012635862581
NCAAF,americanfootball_ncaaf,b8810f15896c1fbe1ca25054585612f0,2026-09-19T23:02:19Z,Middle Tennessee Blue Raiders,Nevada Wolf Pack,fanduel,FanDuel,2026-09-20T01:26:17Z,spreads,2026-09-20T01:26:17Z,Middle Tennessee Blue Raiders,-114,5.5,20260920012635862581
NCAAF,americanfootball_ncaaf,b8810f15896c1fbe1ca25054585612f0,2026-09-19T23:02:19Z,Middle Tennessee Blue Raiders,Nevada Wolf Pack,fanduel,FanDuel,2026-09-20T01:26:17Z,spreads,2026-09-20T01:26:17Z,Nevada Wolf Pack,-114,-5.5,20260920012635862581
NCAAF,americanfootball_ncaaf,b8810f15896c1fbe1ca25054585612f0,2026-09-19T23:02:19Z,Middle Tennessee Blue Raiders,Nevada Wolf Pack,fanduel,FanDuel,2026-09-20T01:26:17Z,totals,2026-09-20T01:26:17Z,Over,-108,51.5,20260920012635862581
NCAAF,americanfootball_ncaaf,b8810f15896c1fbe1ca25054585612f0,2026-09-19T23:02:19Z,Middle Tennessee Blue Raiders,Nevada Wolf Pack,fanduel,FanDuel,2026-09-20T01:26:17Z,totals,2026-09-20T01:26:17Z,Under,-122,51.5,20260920012635862581
NCAAF,americanfootball_ncaaf,b8810f15896c1fbe1ca25054585612f0,2026-09-19T23:02:19Z,Middle Tennessee Blue Raiders,Nevada Wolf Pack,bovada,Bovada,2026-09-20T01:25:13Z,h2h,2026-09-20T01:25:13Z,Middle Tennessee Blue Raiders,250,,20260920012635862581
NCAAF,americanfootball_ncaaf,b8810f15896c1fbe1ca25054585612f0,2026-09-19T23:02:19Z,Middle Tennessee Blue Raiders,Nevada Wolf Pack,bovada,Bovada,2026-09-20T01:25:13Z,h2h,2026-09-20T01:25:13Z,Nevada Wolf Pack,-350,,20260920012635862581
NCAAF,americanfootball_ncaaf,b8810f15896c1fbe1ca25054585612f0,2026-09-19T23:02:19Z,Middle Tennessee Blue Raiders,Nevada Wolf Pack,bovada,Bovada,2026-09-20T01:25:13Z,spreads,2026-09-20T01:25:13Z,Middle Tennessee Blue Raiders,-115,4.5,20260920012635862581
NCAAF,americanfootball_ncaaf,b8810f15896c1fbe1ca25054585612f0,2026-09-19T23:02:19Z,Middle Tennessee Blue Raiders,Nevada Wolf Pack,bovada,Bovada,2026-09-20T01:25:13Z,spreads,2026-09-20T01:25:13Z,Nevada Wolf Pack,-115,-4.5,20260920012635862581
NCAAF,americanfootball_ncaaf,b8810f15896c1fbe1ca25054585612f0,2026-09-19T23:02:19Z,Middle Tennessee Blue Raiders,Nevada Wolf Pack,bovada,Bovada,2026-09-20T01:25:13Z,totals,2026-09-20T01:25:13Z,Over,105,51.5,20260920012635862581
NCAAF,americanfootball_ncaaf,b8810f15896c1fbe1ca25054585612f0,2026-09-19T23:02:19Z,Middle Tennessee Blue Raiders,Nevada Wolf Pack,bovada,Bovada,2026-09-20T01:25:13Z,totals,2026-09-20T01:25:13Z,Under,-135,51.5,20260920012635862581
NCAAF,americanfootball_ncaaf,69164d1b806f25a76cdb6268e19d4365,2026-09-19T23:02:20Z,Missouri Tigers,Troy Trojans,draftkings,DraftKings,2026-09-20T01:25:53Z,h2h,2026-09-20T01:25:53Z,Missouri Tigers,-3200,,20260920012635862581
NCAAF,americanfootball_ncaaf,69164d1b806f25a76cdb6268e19d4365,2026-09-19T23:02:20Z,Missouri Tigers,Troy Trojans,draftkings,DraftKings,2026-09-20T01:25:53Z,h2h,2026-09-20T01:25:53Z,Troy Trojans,1400,,20260920012635862581
NCAAF,americanfootball_ncaaf,69164d1b806f25a76cdb6268e19d4365,2026-09-19T23:02:20Z,Missouri Tigers,Troy Trojans,draftkings,DraftKings,2026-09-20T01:25:53Z,spreads,2026-09-20T01:25:53Z,Missouri Tigers,107,-14.5,20260920012635862581
NCAAF,americanfootball_ncaaf,69164d1b806f25a76cdb6268e19d4365,2026-09-19T23:02:20Z,Missouri Tigers,Troy Trojans,draftkings,DraftKings,2026-09-20T01:25:53Z,spreads,2026-09-20T01:25:53Z,Troy Trojans,-142,14.5,20260920012635862581
NCAAF,americanfootball_ncaaf,69164d1b806f25a76cdb6268e19d4365,2026-09-19T23:02:20Z,Missouri Tigers,Troy Trojans,draftkings,DraftKings,2026-09-20T01:25:53Z,totals,2026-09-20T01:25:53Z,Over,-115,55.5,20260920012635862581
NCAAF,americanfootball_ncaaf,69164d1b806f25a76cdb6268e19d4365,2026-09-19T23:02:20Z,Missouri Tigers,Troy Trojans,draftkings,DraftKings,2026-09-20T01:25:53Z,totals,2026-09-20T01:25:53Z,Under,-115,55.5,20260920012635862581
NCAAF,americanfootball_ncaaf,69164d1b806f25a76cdb6268e19d4365,2026-09-19T23:02:20Z,Missouri Tigers,Troy Trojans,betmgm,BetMGM,2026-09-20T01:26:14Z,h2h,2026-09-20T01:26:14Z,Missouri Tigers,-3000,,20260920012635862581
NCAAF,americanfootball_ncaaf,69164d1b806f25a76cdb6268e19d4365,2026-09-19T23:02:20Z,Missouri Tigers,Troy Trojans,betmgm,BetMGM,2026-09-20T01:26:14Z,h2h,2026-09-20T01:26:14Z,Troy Trojans,1250,,20260920012635862581
NCAAF,americanfootball_ncaaf,69164d1b806f25a76cdb6268e19d4365,2026-09-19T23:02:20Z,Missouri Tigers,Troy Trojans,betmgm,BetMGM,2026-09-20T01:26:14Z,spreads,2026-09-20T01:26:14Z,Missouri Tigers,115,-14.5,20260920012635862581
NCAAF,americanfootball_ncaaf,69164d1b806f25a76cdb6268e19d4365,2026-09-19T23:02:20Z,Missouri Tigers,Troy Trojans,betmgm,BetMGM,2026-09-20T01:26:14Z,spreads,2026-09-20T01:26:14Z,Troy Trojans,-150,14.5,20260920012635862581
NCAAF,americanfootball_ncaaf,69164d1b806f25a76cdb6268e19d4365,2026-09-19T23:02:20Z,Missouri Tigers,Troy Trojans,betmgm,BetMGM,2026-09-20T01:26:14Z,totals,2026-09-20T01:26:14Z,Over,-105,55.5,20260920012635862581
NCAAF,americanfootball_ncaaf,69164d1b806f25a76cdb6268e19d4365,2026-09-19T23:02:20Z,Missouri Tigers,Troy Trojans,betmgm,BetMGM,2026-09-20T01:26:14Z,totals,2026-09-20T01:26:14Z,Under,-125,55.5,20260920012635862581
NCAAF,americanfootball_ncaaf,69164d1b806f25a76cdb6268e19d4365,2026-09-19T23:02:20Z,Missouri Tigers,Troy Trojans,mybookieag,MyBookie.ag,2026-09-20T01:22:36Z,h2h,2026-09-20T01:22:36Z,Missouri Tigers,-5000,,20260920012635862581
NCAAF,americanfootball_ncaaf,69164d1b806f25a76cdb6268e19d4365,2026-09-19T23:02:20Z,Missouri Tigers,Troy Trojans,mybookieag,MyBookie.ag,2026-09-20T01:22:36Z,h2h,2026-09-20T01:22:36Z,Troy Trojans,1350,,20260920012635862581
NCAAF,americanfootball_ncaaf,69164d1b806f25a76cdb6268e19d4365,2026-09-19T23:02:20Z,Missouri Tigers,Troy Trojans,mybookieag,MyBookie.ag,2026-09-20T01:22:36Z,totals,2026-09-20T01:22:36Z,Over,-118,60.5,20260920012635862581
NCAAF,americanfootball_ncaaf,69164d1b806f25a76cdb6268e19d4365,2026-09-19T23:02:20Z,Missouri Tigers,Troy Trojans,mybookieag,MyBookie.ag,2026-09-20T01:22:36Z,totals,2026-09-20T01:22:36Z,Under,-105,60.5,20260920012635862581
NCAAF,americanfootball_ncaaf,69164d1b806f25a76cdb6268e19d4365,2026-09-19T23:02:20Z,Missouri Tigers,Troy Trojans,fanduel,FanDuel,2026-09-20T01:26:17Z,h2h,2026-09-20T01:26:17Z,Missouri Tigers,-10000,,20260920012635862581
NCAAF,americanfootball_ncaaf,69164d1b806f25a76cdb6268e19d4365,2026-09-19T23:02:20Z,Missouri Tigers,Troy Trojans,fanduel,FanDuel,2026-09-20T01:26:17Z,h2h,2026-09-20T01:26:17Z,Troy Trojans,1700,,20260920012635862581
NCAAF,americanfootball_ncaaf,69164d1b806f25a76cdb6268e19d4365,2026-09-19T23:02:20Z,Missouri Tigers,Troy Trojans,fanduel,FanDuel,2026-09-20T01:26:17Z,spreads,2026-09-20T01:26:17Z,Missouri Tigers,-102,-14.5,20260920012635862581
NCAAF,americanfootball_ncaaf,69164d1b806f25a76cdb6268e19d4365,2026-09-19T23:02:20Z,Missouri Tigers,Troy Trojans,fanduel,FanDuel,2026-09-20T01:26:17Z,spreads,2026-09-20T01:26:17Z,Troy Trojans,-128,14.5,20260920012635862581
NCAAF,americanfootball_ncaaf,69164d1b806f25a76cdb6268e19d4365,2026-09-19T23:02:20Z,Missouri Tigers,Troy Trojans,fanduel,FanDuel,2026-09-20T01:26:17Z,totals,2026-09-20T01:26:17Z,Over,-108,57.5,20260920012635862581
NCAAF,americanfootball_ncaaf,69164d1b806f25a76cdb6268e19d4365,2026-09-19T23:02:20Z,Missouri Tigers,Troy Trojans,fanduel,FanDuel,2026-09-20T01:26:17Z,totals,2026-09-20T01:26:17Z,Under,-122,57.5,20260920012635862581
NCAAF,americanfootball_ncaaf,69164d1b806f25a76cdb6268e19d4365,2026-09-19T23:02:20Z,Missouri Tigers,Troy Trojans,bovada,Bovada,2026-09-20T01:25:13Z,spreads,2026-09-20T01:25:13Z,Missouri Tigers,110,-14.5,20260920012635862581
NCAAF,americanfootball_ncaaf,69164d1b806f25a76cdb6268e19d4365,2026-09-19T23:02:20Z,Missouri Tigers,Troy Trojans,bovada,Bovada,2026-09-20T01:25:13Z,spreads,2026-09-20T01:25:13Z,Troy Trojans,-145,14.5,20260920012635862581
NCAAF,americanfootball_ncaaf,69164d1b806f25a76cdb6268e19d4365,2026-09-19T23:02:20Z,Missouri Tigers,Troy Trojans,bovada,Bovada,2026-09-20T01:25:13Z,totals,2026-09-20T01:25:13Z,Over,-115,55.5,20260920012635862581
NCAAF,americanfootball_ncaaf,69164d1b806f25a76cdb6268e19d4365,2026-09-19T23:02:20Z,Missouri Tigers,Troy Trojans,bovada,Bovada,2026-09-20T01:25:13Z,totals,2026-09-20T01:25:13Z,Under,-115,55.5,20260920012635862581
NCAAF,americanfootball_ncaaf,60c8d1fde1467bde9f2a20b5d4cb7c90,2026-09-19T23:02:23Z,Jacksonville State Gamecocks,Georgia Southern Eagles,draftkings,DraftKings,2026-09-20T01:25:53Z,h2h,2026-09-20T01:25:53Z,Georgia Southern Eagles,-740,,20260920012635862581
NCAAF,americanfootball_ncaaf,60c8d1fde1467bde9f2a20b5d4cb7c90,2026-09-19T23:02:23Z,Jacksonville State Gamecocks,Georgia Southern Eagles,draftkings,DraftKings,2026-09-20T01:25:53Z,h2h,2026-09-20T01:25:53Z,Jacksonville State Gamecocks,478,,20260920012635862581
NCAAF,americanfootball_ncaaf,60c8d1fde1467bde9f2a20b5d4cb7c90,2026-09-19T23:02:23Z,Jacksonville State Gamecocks,Georgia Southern Eagles,draftkings,DraftKings,2026-09-20T01:25:53Z,spreads,2026-09-20T01:25:53Z,Georgia Southern Eagles,-135,-6.5,20260920012635862581
NCAAF,americanfootball_ncaaf,60c8d1fde1467bde9f2a20b5d4cb7c90,2026-09-19T23:02:23Z,Jacksonville State Gamecocks,Georgia Southern Eagles,draftkings,DraftKings,2026-09-20T01:25:53Z,spreads,2026-09-20T01:25:53Z,Jacksonville State Gamecocks,101,6.5,20260920012635862581
NCAAF,americanfootball_ncaaf,60c8d1fde1467bde9f2a20b5d4cb7c90,2026-09-19T23:02:23Z,Jacksonville State Gamecocks,Georgia Southern Eagles,draftkings,DraftKings,2026-09-20T01:25:53Z,totals,2026-09-20T01:25:53Z,Over,-117,56.5,20260920012635862581
NCAAF,americanfootball_ncaaf,60c8d1fde1467bde9f2a20b5d4cb7c90,2026-09-19T23:02:23Z,Jacksonville State Gamecocks,Georgia Southern Eagles,draftkings,DraftKings,2026-09-20T01:25:53Z,totals,2026-09-20T01:25:53Z,Under,-114,56.5,20260920012635862581
NCAAF,americanfootball_ncaaf,60c8d1fde1467bde9f2a20b5d4cb7c90,2026-09-19T23:02:23Z,Jacksonville State Gamecocks,Georgia Southern Eagles,betmgm,BetMGM,2026-09-20T01:26:14Z,h2h,2026-09-20T01:26:14Z,Georgia Southern Eagles,-700,,20260920012635862581
NCAAF,americanfootball_ncaaf,60c8d1fde1467bde9f2a20b5d4cb7c90,2026-09-19T23:02:23Z,Jacksonville State Gamecocks,Georgia Southern Eagles,betmgm,BetMGM,2026-09-20T01:26:14Z,h2h,2026-09-20T01:26:14Z,Jacksonville State Gamecocks,525,,20260920012635862581
NCAAF,americanfootball_ncaaf,60c8d1fde1467bde9f2a20b5d4cb7c90,2026-09-19T23:02:23Z,Jacksonville State Gamecocks,Georgia Southern Eagles,betmgm,BetMGM,2026-09-20T01:26:14Z,spreads,2026-09-20T01:26:14Z,Georgia Southern Eagles,110,-7.5,20260920012635862581
NCAAF,americanfootball_ncaaf,60c8d1fde1467bde9f2a20b5d4cb7c90,2026-09-19T23:02:23Z,Jacksonville State Gamecocks,Georgia Southern Eagles,betmgm,BetMGM,2026-09-20T01:26:14Z,spreads,2026-09-20T01:26:14Z,Jacksonville State Gamecocks,-135,7.5,20260920012635862581
NCAAF,americanfootball_ncaaf,60c8d1fde1467bde9f2a20b5d4cb7c90,2026-09-19T23:02:23Z,Jacksonville State Gamecocks,Georgia Southern Eagles,betmgm,BetMGM,2026-09-20T01:26:14Z,totals,2026-09-20T01:26:14Z,Over,-115,56.5,20260920012635862581
NCAAF,americanfootball_ncaaf,60c8d1fde1467bde9f2a20b5d4cb7c90,2026-09-19T23:02:23Z,Jacksonville State Gamecocks,Georgia Southern Eagles,betmgm,BetMGM,2026-09-20T01:26:14Z,totals,2026-09-20T01:26:14Z,Under,-115,56.5,20260920012635862581
NCAAF,americanfootball_ncaaf,60c8d1fde1467bde9f2a20b5d4cb7c90,2026-09-19T23:02:23Z,Jacksonville State Gamecocks,Georgia Southern Eagles,mybookieag,MyBookie.ag,2026-09-20T01:24:47Z,h2h,2026-09-20T01:24:47Z,Georgia Southern Eagles,-1111,,20260920012635862581
NCAAF,americanfootball_ncaaf,60c8d1fde1467bde9f2a20b5d4cb7c90,2026-09-19T23:02:23Z,Jacksonville State Gamecocks,Georgia Southern Eagles,mybookieag,MyBookie.ag,2026-09-20T01:24:47Z,h2h,2026-09-20T01:24:47Z,Jacksonville State Gamecocks,675,,20260920012635862581
NCAAF,americanfootball_ncaaf,60c8d1fde1467bde9f2a20b5d4cb7c90,2026-09-19T23:02:23Z,Jacksonville State Gamecocks,Georgia Southern Eagles,mybookieag,MyBookie.ag,2026-09-20T01:24:47Z,spreads,2026-09-20T01:24:47Z,Georgia Southern Eagles,-105,-7.5,20260920012635862581
NCAAF,americanfootball_ncaaf,60c8d1fde1467bde9f2a20b5d4cb7c90,2026-09-19T23:02:23Z,Jacksonville State Gamecocks,Georgia Southern Eagles,mybookieag,MyBookie.ag,2026-09-20T01:24:47Z,spreads,2026-09-20T01:24:47Z,Jacksonville State Gamecocks,-125,7.5,20260920012635862581
NCAAF,americanfootball_ncaaf,60c8d1fde1467bde9f2a20b5d4cb7c90,2026-09-19T23:02:23Z,Jacksonville State Gamecocks,Georgia Southern Eagles,mybookieag,MyBookie.ag,2026-09-20T01:24:47Z,totals,2026-09-20T01:24:47Z,Over,-125,56.5,20260920012635862581
NCAAF,americanfootball_ncaaf,60c8d1fde1467bde9f2a20b5d4cb7c90,2026-09-19T23:02:23Z,Jacksonville State Gamecocks,Georgia Southern Eagles,mybookieag,MyBookie.ag,2026-09-20T01:24:47Z,totals,2026-09-20T01:24:47Z,Under,-105,56.5,20260920012635862581
NCAAF,americanfootball_ncaaf,60c8d1fde1467bde9f2a20b5d4cb7c90,2026-09-19T23:02:23Z,Jacksonville State Gamecocks,Georgia Southern Eagles,fanduel,FanDuel,2026-09-20T01:24:26Z,h2h,2026-09-20T01:24:26Z,Georgia Southern Eagles,-1200,,20260920012635862581
NCAAF,americanfootball_ncaaf,60c8d1fde1467bde9f2a20b5d4cb7c90,2026-09-19T23:02:23Z,Jacksonville State Gamecocks,Georgia Southern Eagles,fanduel,FanDuel,2026-09-20T01:24:26Z,h2h,2026-09-20T01:24:26Z,Jacksonville State Gamecocks,630,,20260920012635862581
NCAAF,americanfootball_ncaaf,60c8d1fde1467bde9f2a20b5d4cb7c90,2026-09-19T23:02:23Z,Jacksonville State Gamecocks,Georgia Southern Eagles,fanduel,FanDuel,2026-09-20T01:24:26Z,spreads,2026-09-20T01:24:26Z,Georgia Southern Eagles,-122,-9.5,20260920012635862581
NCAAF,americanfootball_ncaaf,60c8d1fde1467bde9f2a20b5d4cb7c90,2026-09-19T23:02:23Z,Jacksonville State Gamecocks,Georgia Southern Eagles,fanduel,FanDuel,2026-09-20T01:24:26Z,spreads,2026-09-20T01:24:26Z,Jacksonville State Gamecocks,-108,9.5,20260920012635862581
NCAAF,americanfootball_ncaaf,60c8d1fde1467bde9f2a20b5d4cb7c90,2026-09-19T23:02:23Z,Jacksonville State Gamecocks,Georgia Southern Eagles,fanduel,FanDuel,2026-09-20T01:24:26Z,totals,2026-09-20T01:24:26Z,Over,-130,56.5,20260920012635862581
NCAAF,americanfootball_ncaaf,60c8d1fde1467bde9f2a20b5d4cb7c90,2026-09-19T23:02:23Z,Jacksonville State Gamecocks,Georgia Southern Eagles,fanduel,FanDuel,2026-09-20T01:24:26Z,totals,2026-09-20T01:24:26Z,Under,-102,56.5,20260920012635862581
NCAAF,americanfootball_ncaaf,60c8d1fde1467bde9f2a20b5d4cb7c90,2026-09-19T23:02:23Z,Jacksonville State Gamecocks,Georgia Southern Eagles,bovada,Bovada,2026-09-20T01:25:13Z,h2h,2026-09-20T01:25:13Z,Georgia Southern Eagles,-800,,20260920012635862581
NCAAF,americanfootball_ncaaf,60c8d1fde1467bde9f2a20b5d4cb7c90,2026-09-19T23:02:23Z,Jacksonville State Gamecocks,Georgia Southern Eagles,bovada,Bovada,2026-09-20T01:25:13Z,h2h,2026-09-20T01:25:13Z,Jacksonville State Gamecocks,475,,20260920012635862581
NCAAF,americanfootball_ncaaf,60c8d1fde1467bde9f2a20b5d4cb7c90,2026-09-19T23:02:23Z,Jacksonville State Gamecocks,Georgia Southern Eagles,bovada,Bovada,2026-09-20T01:25:13Z,spreads,2026-09-20T01:25:13Z,Georgia Southern Eagles,105,-7.5,20260920012635862581
NCAAF,americanfootball_ncaaf,60c8d1fde1467bde9f2a20b5d4cb7c90,2026-09-19T23:02:23Z,Jacksonville State Gamecocks,Georgia Southern Eagles,bovada,Bovada,2026-09-20T01:25:13Z,spreads,2026-09-20T01:25:13Z,Jacksonville State Gamecocks,-135,7.5,20260920012635862581
NCAAF,americanfootball_ncaaf,60c8d1fde1467bde9f2a20b5d4cb7c90,2026-09-19T23:02:23Z,Jacksonville State Gamecocks,Georgia Southern Eagles,bovada,Bovada,2026-09-20T01:25:13Z,totals,2026-09-20T01:25:13Z,Over,-110,54.5,20260920012635862581
NCAAF,americanfootball_ncaaf,60c8d1fde1467bde9f2a20b5d4cb7c90,2026-09-19T23:02:23Z,Jacksonville State Gamecocks,Georgia Southern Eagles,bovada,Bovada,2026-09-20T01:25:13Z,totals,2026-09-20T01:25:13Z,Under,-120,54.5,20260920012635862581
NCAAF,americanfootball_ncaaf,bcc250cd218a520bcd287c120644ba05,2026-09-19T23:02:36Z,South Alabama Jaguars,Ohio Bobcats,draftkings,DraftKings,2026-09-20T01:25:53Z,h2h,2026-09-20T01:25:53Z,Ohio Bobcats,1140,,20260920012635862581
NCAAF,americanfootball_ncaaf,bcc250cd218a520bcd287c120644ba05,2026-09-19T23:02:36Z,South Alabama Jaguars,Ohio Bobcats,draftkings,DraftKings,2026-09-20T01:25:53Z,h2h,2026-09-20T01:25:53Z,South Alabama Jaguars,-2300,,20260920012635862581
NCAAF,americanfootball_ncaaf,bcc250cd218a520bcd287c120644ba05,2026-09-19T23:02:36Z,South Alabama Jaguars,Ohio Bobcats,draftkings,DraftKings,2026-09-20T01:25:53Z,spreads,2026-09-20T01:25:53Z,Ohio Bobcats,-116,12.5,20260920012635862581
NCAAF,americanfootball_ncaaf,bcc250cd218a520bcd287c120644ba05,2026-09-19T23:02:36Z,South Alabama Jaguars,Ohio Bobcats,draftkings,DraftKings,2026-09-20T01:25:53Z,spreads,2026-09-20T01:25:53Z,South Alabama Jaguars,-114,-12.5,20260920012635862581
NCAAF,americanfootball_ncaaf,bcc250cd218a520bcd287c120644ba05,2026-09-19T23:02:36Z,South Alabama Jaguars,Ohio Bobcats,draftkings,DraftKings,2026-09-20T01:25:53Z,totals,2026-09-20T01:25:53Z,Over,-106,69.5,20260920012635862581
NCAAF,americanfootball_ncaaf,bcc250cd218a520bcd287c120644ba05,2026-09-19T23:02:36Z,South Alabama Jaguars,Ohio Bobcats,draftkings,DraftKings,2026-09-20T01:25:53Z,totals,2026-09-20T01:25:53Z,Under,-125,69.5,20260920012635862581
NCAAF,americanfootball_ncaaf,bcc250cd218a520bcd287c120644ba05,2026-09-19T23:02:36Z,South Alabama Jaguars,Ohio Bobcats,betmgm,BetMGM,2026-09-20T01:26:14Z,h2h,2026-09-20T01:26:14Z,Ohio Bobcats,825,,20260920012635862581
NCAAF,americanfootball_ncaaf,bcc250cd218a520bcd287c120644ba05,2026-09-19T23:02:36Z,South Alabama Jaguars,Ohio Bobcats,betmgm,BetMGM,2026-09-20T01:26:14Z,h2h,2026-09-20T01:26:14Z,South Alabama Jaguars,-1400,,20260920012635862581
NCAAF,americanfootball_ncaaf,bcc250cd218a520bcd287c120644ba05,2026-09-19T23:02:36Z,South Alabama Jaguars,Ohio Bobcats,betmgm,BetMGM,2026-09-20T01:26:14Z,spreads,2026-09-20T01:26:14Z,Ohio Bobcats,-135,10.5,20260920012635862581
NCAAF,americanfootball_ncaaf,bcc250cd218a520bcd287c120644ba05,2026-09-19T23:02:36Z,South Alabama Jaguars,Ohio Bobcats,betmgm,BetMGM,2026-09-20T01:26:14Z,spreads,2026-09-20T01:26:14Z,South Alabama Jaguars,100,-10.5,20260920012635862581
NCAAF,americanfootball_ncaaf,bcc250cd218a520bcd287c120644ba05,2026-09-19T23:02:36Z,South Alabama Jaguars,Ohio Bobcats,betmgm,BetMGM,2026-09-20T01:26:14Z,totals,2026-09-20T01:26:14Z,Over,-110,69.5,20260920012635862581
NCAAF,americanfootball_ncaaf,bcc250cd218a520bcd287c120644ba05,2026-09-19T23:02:36Z,South Alabama Jaguars,Ohio Bobcats,betmgm,BetMGM,2026-09-20T01:26:14Z,totals,2026-09-20T01:26:14Z,Under,-120,69.5,20260920012635862581
NCAAF,americanfootball_ncaaf,bcc250cd218a520bcd287c120644ba05,2026-09-19T23:02:36Z,South Alabama Jaguars,Ohio Bobcats,mybookieag,MyBookie.ag,2026-09-20T01:24:47Z,h2h,2026-09-20T01:24:47Z,Ohio Bobcats,550,,20260920012635862581
NCAAF,americanfootball_ncaaf,bcc250cd218a520bcd287c120644ba05,2026-09-19T23:02:36Z,South Alabama Jaguars,Ohio Bobcats,mybookieag,MyBookie.ag,2026-09-20T01:24:47Z,h2h,2026-09-20T01:24:47Z,South Alabama Jaguars,-833,,20260920012635862581
NCAAF,americanfootball_ncaaf,bcc250cd218a520bcd287c120644ba05,2026-09-19T23:02:36Z,South Alabama Jaguars,Ohio Bobcats,mybookieag,MyBookie.ag,2026-09-20T01:24:47Z,spreads,2026-09-20T01:24:47Z,Ohio Bobcats,100,9.5,20260920012635862581
NCAAF,americanfootball_ncaaf,bcc250cd218a520bcd287c120644ba05,2026-09-19T23:02:36Z,South Alabama Jaguars,Ohio Bobcats,mybookieag,MyBookie.ag,2026-09-20T01:24:47Z,spreads,2026-09-20T01:24:47Z,South Alabama Jaguars,-125,-9.5,20260920012635862581
NCAAF,americanfootball_ncaaf,bcc250cd218a520bcd287c120644ba05,2026-09-19T23:02:36Z,South Alabama Jaguars,Ohio Bobcats,mybookieag,MyBookie.ag,2026-09-20T01:24:47Z,totals,2026-09-20T01:24:47Z,Over,-111,71.5,20260920012635862581
NCAAF,americanfootball_ncaaf,bcc250cd218a520bcd287c120644ba05,2026-09-19T23:02:36Z,South Alabama Jaguars,Ohio Bobcats,mybookieag,MyBookie.ag,2026-09-20T01:24:47Z,totals,2026-09-20T01:24:47Z,Under,-111,71.5,20260920012635862581
NCAAF,americanfootball_ncaaf,bcc250cd218a520bcd287c120644ba05,2026-09-19T23:02:36Z,South Alabama Jaguars,Ohio Bobcats,fanduel,FanDuel,2026-09-20T01:26:17Z,h2h,2026-09-20T01:26:17Z,Ohio Bobcats,900,,20260920012635862581
NCAAF,americanfootball_ncaaf,bcc250cd218a520bcd287c120644ba05,2026-09-19T23:02:36Z,South Alabama Jaguars,Ohio Bobcats,fanduel,FanDuel,2026-09-20T01:26:17Z,h2h,2026-09-20T01:26:17Z,South Alabama Jaguars,-2500,,20260920012635862581
NCAAF,americanfootball_ncaaf,bcc250cd218a520bcd287c120644ba05,2026-09-19T23:02:36Z,South Alabama Jaguars,Ohio Bobcats,fanduel,FanDuel,2026-09-20T01:26:17Z,spreads,2026-09-20T01:26:17Z,Ohio Bobcats,-118,11.5,20260920012635862581
NCAAF,americanfootball_ncaaf,bcc250cd218a520bcd287c120644ba05,2026-09-19T23:02:36Z,South Alabama Jaguars,Ohio Bobcats,fanduel,FanDuel,2026-09-20T01:26:17Z,spreads,2026-09-20T01:26:17Z,South Alabama Jaguars,-112,-11.5,20260920012635862581
NCAAF,americanfootball_ncaaf,bcc250cd218a520bcd287c120644ba05,2026-09-19T23:02:36Z,South Alabama Jaguars,Ohio Bobcats,fanduel,FanDuel,2026-09-20T01:26:17Z,totals,2026-09-20T01:26:17Z,Over,-102,71.5,20260920012635862581
NCAAF,americanfootball_ncaaf,bcc250cd218a520bcd287c120644ba05,2026-09-19T23:02:36Z,South Alabama Jaguars,Ohio Bobcats,fanduel,FanDuel,2026-09-20T01:26:17Z,totals,2026-09-20T01:26:17Z,Under,-130,71.5,20260920012635862581
NCAAF,americanfootball_ncaaf,bcc250cd218a520bcd287c120644ba05,2026-09-19T23:02:36Z,South Alabama Jaguars,Ohio Bobcats,bovada,Bovada,2026-09-20T01:25:13Z,h2h,2026-09-20T01:25:13Z,Ohio Bobcats,1200,,20260920012635862581
NCAAF,americanfootball_ncaaf,bcc250cd218a520bcd287c120644ba05,2026-09-19T23:02:36Z,South Alabama Jaguars,Ohio Bobcats,bovada,Bovada,2026-09-20T01:25:13Z,h2h,2026-09-20T01:25:13Z,South Alabama Jaguars,-3300,,20260920012635862581
NCAAF,americanfootball_ncaaf,bcc250cd218a520bcd287c120644ba05,2026-09-19T23:02:36Z,South Alabama Jaguars,Ohio Bobcats,bovada,Bovada,2026-09-20T01:25:13Z,spreads,2026-09-20T01:25:13Z,Ohio Bobcats,-115,12.5,20260920012635862581
NCAAF,americanfootball_ncaaf,bcc250cd218a520bcd287c120644ba05,2026-09-19T23:02:36Z,South Alabama Jaguars,Ohio Bobcats,bovada,Bovada,2026-09-20T01:25:13Z,spreads,2026-09-20T01:25:13Z,South Alabama Jaguars,-115,-12.5,20260920012635862581
NCAAF,americanfootball_ncaaf,bcc250cd218a520bcd287c120644ba05,2026-09-19T23:02:36Z,South Alabama Jaguars,Ohio Bobcats,bovada,Bovada,2026-09-20T01:25:13Z,totals,2026-09-20T01:25:13Z,Over,-105,69.5,20260920012635862581
NCAAF,americanfootball_ncaaf,bcc250cd218a520bcd287c120644ba05,2026-09-19T23:02:36Z,South Alabama Jaguars,Ohio Bobcats,bovada,Bovada,2026-09-20T01:25:13Z,totals,2026-09-20T01:25:13Z,Under,-125,69.5,20260920012635862581
NCAAF,americanfootball_ncaaf,7ef3b27d15de635a3e05324f2b0c56cb,2026-09-19T23:07:00Z,Auburn Tigers,Florida Gators,draftkings,DraftKings,2026-09-20T01:25:53Z,h2h,2026-09-20T01:25:53Z,Auburn Tigers,1940,,20260920012635862581
NCAAF,americanfootball_ncaaf,7ef3b27d15de635a3e05324f2b0c56cb,2026-09-19T23:07:00Z,Auburn Tigers,Florida Gators,draftkings,DraftKings,2026-09-20T01:25:53Z,h2h,2026-09-20T01:25:53Z,Florida Gators,-5400,,20260920012635862581
NCAAF,americanfootball_ncaaf,7ef3b27d15de635a3e05324f2b0c56cb,2026-09-19T23:07:00Z,Auburn Tigers,Florida Gators,draftkings,DraftKings,2026-09-20T01:25:53Z,spreads,2026-09-20T01:25:53Z,Auburn Tigers,-124,16.5,20260920012635862581
NCAAF,americanfootball_ncaaf,7ef3b27d15de635a3e05324f2b0c56cb,2026-09-19T23:07:00Z,Auburn Tigers,Florida Gators,draftkings,DraftKings,2026-09-20T01:25:53Z,spreads,2026-09-20T01:25:53Z,Florida Gators,-107,-16.5,20260920012635862581
NCAAF,americanfootball_ncaaf,7ef3b27d15de635a3e05324f2b0c56cb,2026-09-19T23:07:00Z,Auburn Tigers,Florida Gators,draftkings,DraftKings,2026-09-20T01:25:53Z,totals,2026-09-20T01:25:53Z,Over,-130,71.5,20260920012635862581
NCAAF,americanfootball_ncaaf,7ef3b27d15de635a3e05324f2b0c56cb,2026-09-19T23:07:00Z,Auburn Tigers,Florida Gators,draftkings,DraftKings,2026-09-20T01:25:53Z,totals,2026-09-20T01:25:53Z,Under,-102,71.5,20260920012635862581
NCAAF,americanfootball_ncaaf,7ef3b27d15de635a3e05324f2b0c56cb,2026-09-19T23:07:00Z,Auburn Tigers,Florida Gators,mybookieag,MyBookie.ag,2026-09-20T01:24:47Z,h2h,2026-09-20T01:24:47Z,Auburn Tigers,875,,20260920012635862581
NCAAF,americanfootball_ncaaf,7ef3b27d15de635a3e05324f2b0c56cb,2026-09-19T23:07:00Z,Auburn Tigers,Florida Gators,mybookieag,MyBookie.ag,2026-09-20T01:24:47Z,h2h,2026-09-20T01:24:47Z,Florida Gators,-1667,,20260920012635862581
NCAAF,americanfootball_ncaaf,7ef3b27d15de635a3e05324f2b0c56cb,2026-09-19T23:07:00Z,Auburn Tigers,Florida Gators,mybookieag,MyBookie.ag,2026-09-20T01:24:47Z,spreads,2026-09-20T01:24:47Z,Auburn Tigers,-125,13.5,20260920012635862581
NCAAF,americanfootball_ncaaf,7ef3b27d15de635a3e05324f2b0c56cb,2026-09-19T23:07:00Z,Auburn Tigers,Florida Gators,mybookieag,MyBookie.ag,2026-09-20T01:24:47Z,spreads,2026-09-20T01:24:47Z,Florida Gators,-125,-13.5,20260920012635862581
NCAAF,americanfootball_ncaaf,7ef3b27d15de635a3e05324f2b0c56cb,2026-09-19T23:07:00Z,Auburn Tigers,Florida Gators,fanduel,FanDuel,2026-09-20T01:26:17Z,h2h,2026-09-20T01:26:17Z,Auburn Tigers,1100,,20260920012635862581
NCAAF,americanfootball_ncaaf,7ef3b27d15de635a3e05324f2b0c56cb,2026-09-19T23:07:00Z,Auburn Tigers,Florida Gators,fanduel,FanDuel,2026-09-20T01:26:17Z,h2h,2026-09-20T01:26:17Z,Florida Gators,-4000,,20260920012635862581
NCAAF,americanfootball_ncaaf,7ef3b27d15de635a3e05324f2b0c56cb,2026-09-19T23:07:00Z,Auburn Tigers,Florida Gators,fanduel,FanDuel,2026-09-20T01:26:17Z,spreads,2026-09-20T01:26:17Z,Auburn Tigers,-112,15.5,20260920012635862581
NCAAF,americanfootball_ncaaf,7ef3b27d15de635a3e05324f2b0c56cb,2026-09-19T23:07:00Z,Auburn Tigers,Florida Gators,fanduel,FanDuel,2026-09-20T01:26:17Z,spreads,2026-09-20T01:26:17Z,Florida Gators,-118,-15.5,20260920012635862581
NCAAF,americanfootball_ncaaf,7ef3b27d15de635a3e05324f2b0c56cb,2026-09-19T23:07:00Z,Auburn Tigers,Florida Gators,fanduel,FanDuel,2026-09-20T01:26:17Z,totals,2026-09-20T01:26:17Z,Over,-112,71.5,20260920012635862581
NCAAF,americanfootball_ncaaf,7ef3b27d15de635a3e05324f2b0c56cb,2026-09-19T23:07:00Z,Auburn Tigers,Florida Gators,fanduel,FanDuel,2026-09-20T01:26:17Z,totals,2026-09-20T01:26:17Z,Under,-118,71.5,20260920012635862581
NCAAF,americanfootball_ncaaf,7ef3b27d15de635a3e05324f2b0c56cb,2026-09-19T23:07:00Z,Auburn Tigers,Florida Gators,betmgm,BetMGM,2026-09-20T01:26:14Z,h2h,2026-09-20T01:26:14Z,Auburn Tigers,1100,,20260920012635862581
NCAAF,americanfootball_ncaaf,7ef3b27d15de635a3e05324f2b0c56cb,2026-09-19T23:07:00Z,Auburn Tigers,Florida Gators,betmgm,BetMGM,2026-09-20T01:26:14Z,h2h,2026-09-20T01:26:14Z,Florida Gators,-2500,,20260920012635862581
NCAAF,americanfootball_ncaaf,7ef3b27d15de635a3e05324f2b0c56cb,2026-09-19T23:07:00Z,Auburn Tigers,Florida Gators,betmgm,BetMGM,2026-09-20T01:26:14Z,spreads,2026-09-20T01:26:14Z,Auburn Tigers,-110,13.5,20260920012635862581
NCAAF,americanfootball_ncaaf,7ef3b27d15de635a3e05324f2b0c56cb,2026-09-19T23:07:00Z,Auburn Tigers,Florida Gators,betmgm,BetMGM,2026-09-20T01:26:14Z,spreads,2026-09-20T01:26:14Z,Florida Gators,-118,-13.5,20260920012635862581
NCAAF,americanfootball_ncaaf,7ef3b27d15de635a3e05324f2b0c56cb,2026-09-19T23:07:00Z,Auburn Tigers,Florida Gators,betmgm,BetMGM,2026-09-20T01:26:14Z,totals,2026-09-20T01:26:14Z,Over,-102,71.5,20260920012635862581
NCAAF,americanfootball_ncaaf,7ef3b27d15de635a3e05324f2b0c56cb,2026-09-19T23:07:00Z,Auburn Tigers,Florida Gators,betmgm,BetMGM,2026-09-20T01:26:14Z,totals,2026-09-20T01:26:14Z,Under,-130,71.5,20260920012635862581
NCAAF,americanfootball_ncaaf,7ef3b27d15de635a3e05324f2b0c56cb,2026-09-19T23:07:00Z,Auburn Tigers,Florida Gators,bovada,Bovada,2026-09-20T01:16:28Z,h2h,2026-09-20T01:16:28Z,Auburn Tigers,500,,20260920012635862581
NCAAF,americanfootball_ncaaf,7ef3b27d15de635a3e05324f2b0c56cb,2026-09-19T23:07:00Z,Auburn Tigers,Florida Gators,bovada,Bovada,2026-09-20T01:16:28Z,h2h,2026-09-20T01:16:28Z,Florida Gators,-900,,20260920012635862581
NCAAF,americanfootball_ncaaf,7ef3b27d15de635a3e05324f2b0c56cb,2026-09-19T23:07:00Z,Auburn Tigers,Florida Gators,bovada,Bovada,2026-09-20T01:16:28Z,spreads,2026-09-20T01:16:28Z,Auburn Tigers,-115,12.0,20260920012635862581
NCAAF,americanfootball_ncaaf,7ef3b27d15de635a3e05324f2b0c56cb,2026-09-19T23:07:00Z,Auburn Tigers,Florida Gators,bovada,Bovada,2026-09-20T01:16:28Z,spreads,2026-09-20T01:16:28Z,Florida Gators,-115,-12.0,20260920012635862581
NCAAF,americanfootball_ncaaf,7ef3b27d15de635a3e05324f2b0c56cb,2026-09-19T23:07:00Z,Auburn Tigers,Florida Gators,bovada,Bovada,2026-09-20T01:16:28Z,totals,2026-09-20T01:16:28Z,Over,-115,69.5,20260920012635862581
NCAAF,americanfootball_ncaaf,7ef3b27d15de635a3e05324f2b0c56cb,2026-09-19T23:07:00Z,Auburn Tigers,Florida Gators,bovada,Bovada,2026-09-20T01:16:28Z,totals,2026-09-20T01:16:28Z,Under,-115,69.5,20260920012635862581
NCAAF,americanfootball_ncaaf,36bb6ea150432c9958bd533c49b06f23,2026-09-19T23:10:00Z,Memphis Tigers,UT Martin Skyhawks,fanduel,FanDuel,2026-09-20T01:26:17Z,spreads,2026-09-20T01:26:17Z,Memphis Tigers,102,-34.5,20260920012635862581
NCAAF,americanfootball_ncaaf,36bb6ea150432c9958bd533c49b06f23,2026-09-19T23:10:00Z,Memphis Tigers,UT Martin Skyhawks,fanduel,FanDuel,2026-09-20T01:26:17Z,spreads,2026-09-20T01:26:17Z,UT Martin Skyhawks,-136,34.5,20260920012635862581
NCAAF,americanfootball_ncaaf,36bb6ea150432c9958bd533c49b06f23,2026-09-19T23:10:00Z,Memphis Tigers,UT Martin Skyhawks,fanduel,FanDuel,2026-09-20T01:26:17Z,totals,2026-09-20T01:26:17Z,Over,-104,55.5,20260920012635862581
NCAAF,americanfootball_ncaaf,36bb6ea150432c9958bd533c49b06f23,2026-09-19T23:10:00Z,Memphis Tigers,UT Martin Skyhawks,fanduel,FanDuel,2026-09-20T01:26:17Z,totals,2026-09-20T01:26:17Z,Under,-128,55.5,20260920012635862581
NCAAF,americanfootball_ncaaf,36bb6ea150432c9958bd533c49b06f23,2026-09-19T23:10:00Z,Memphis Tigers,UT Martin Skyhawks,draftkings,DraftKings,2026-09-20T01:25:53Z,spreads,2026-09-20T01:25:53Z,Memphis Tigers,-105,-34.5,20260920012635862581
NCAAF,americanfootball_ncaaf,36bb6ea150432c9958bd533c49b06f23,2026-09-19T23:10:00Z,Memphis Tigers,UT Martin Skyhawks,draftkings,DraftKings,2026-09-20T01:25:53Z,spreads,2026-09-20T01:25:53Z,UT Martin Skyhawks,-127,34.5,20260920012635862581
NCAAF,americanfootball_ncaaf,36bb6ea150432c9958bd533c49b06f23,2026-09-19T23:10:00Z,Memphis Tigers,UT Martin Skyhawks,draftkings,DraftKings,2026-09-20T01:25:53Z,totals,2026-09-20T01:25:53Z,Over,-113,55.5,20260920012635862581
NCAAF,americanfootball_ncaaf,36bb6ea150432c9958bd533c49b06f23,2026-09-19T23:10:00Z,Memphis Tigers,UT Martin Skyhawks,draftkings,DraftKings,2026-09-20T01:25:53Z,totals,2026-09-20T01:25:53Z,Under,-118,55.5,20260920012635862581
NCAAF,americanfootball_ncaaf,36bb6ea150432c9958bd533c49b06f23,2026-09-19T23:10:00Z,Memphis Tigers,UT Martin Skyhawks,bovada,Bovada,2026-09-20T01:25:13Z,spreads,2026-09-20T01:25:13Z,Memphis Tigers,-115,-35.5,20260920012635862581
NCAAF,americanfootball_ncaaf,36bb6ea150432c9958bd533c49b06f23,2026-09-19T23:10:00Z,Memphis Tigers,UT Martin Skyhawks,bovada,Bovada,2026-09-20T01:25:13Z,spreads,2026-09-20T01:25:13Z,UT Martin Skyhawks,-115,35.5,20260920012635862581
NCAAF,americanfootball_ncaaf,36bb6ea150432c9958bd533c49b06f23,2026-09-19T23:10:00Z,Memphis Tigers,UT Martin Skyhawks,bovada,Bovada,2026-09-20T01:25:13Z,totals,2026-09-20T01:25:13Z,Over,-125,57.5,20260920012635862581
NCAAF,americanfootball_ncaaf,36bb6ea150432c9958bd533c49b06f23,2026-09-19T23:10:00Z,Memphis Tigers,UT Martin Skyhawks,bovada,Bovada,2026-09-20T01:25:13Z,totals,2026-09-20T01:25:13Z,Under,-105,57.5,20260920012635862581
NCAAF,americanfootball_ncaaf,36bb6ea150432c9958bd533c49b06f23,2026-09-19T23:10:00Z,Memphis Tigers,UT Martin Skyhawks,mybookieag,MyBookie.ag,2026-09-20T01:24:47Z,spreads,2026-09-20T01:24:47Z,Memphis Tigers,-118,-37.5,20260920012635862581
NCAAF,americanfootball_ncaaf,36bb6ea150432c9958bd533c49b06f23,2026-09-19T23:10:00Z,Memphis Tigers,UT Martin Skyhawks,mybookieag,MyBookie.ag,2026-09-20T01:24:47Z,spreads,2026-09-20T01:24:47Z,UT Martin Skyhawks,-105,37.5,20260920012635862581
NCAAF,americanfootball_ncaaf,36bb6ea150432c9958bd533c49b06f23,2026-09-19T23:10:00Z,Memphis Tigers,UT Martin Skyhawks,mybookieag,MyBookie.ag,2026-09-20T01:24:47Z,totals,2026-09-20T01:24:47Z,Over,-118,58.5,20260920012635862581
NCAAF,americanfootball_ncaaf,36bb6ea150432c9958bd533c49b06f23,2026-09-19T23:10:00Z,Memphis Tigers,UT Martin Skyhawks,mybookieag,MyBookie.ag,2026-09-20T01:24:47Z,totals,2026-09-20T01:24:47Z,Under,-105,58.5,20260920012635862581
NCAAF,americanfootball_ncaaf,e68b359be33a1855ff582d9dde87faac,2026-09-19T23:20:00Z,Washington Huskies,Eastern Washington Eagles,fanduel,FanDuel,2026-09-20T01:26:17Z,spreads,2026-09-20T01:26:17Z,Eastern Washington Eagles,124,31.5,20260920012635862581
NCAAF,americanfootball_ncaaf,e68b359be33a1855ff582d9dde87faac,2026-09-19T23:20:00Z,Washington Huskies,Eastern Washington Eagles,fanduel,FanDuel,2026-09-20T01:26:17Z,spreads,2026-09-20T01:26:17Z,Washington Huskies,-166,-31.5,20260920012635862581
NCAAF,americanfootball_ncaaf,e68b359be33a1855ff582d9dde87faac,2026-09-19T23:20:00Z,Washington Huskies,Eastern Washington Eagles,fanduel,FanDuel,2026-09-20T01:26:17Z,totals,2026-09-20T01:26:17Z,Over,-138,64.5,20260920012635862581
NCAAF,americanfootball_ncaaf,e68b359be33a1855ff582d9dde87faac,2026-09-19T23:20:00Z,Washington Huskies,Eastern Washington Eagles,fanduel,FanDuel,2026-09-20T01:26:17Z,totals,2026-09-20T01:26:17Z,Under,104,64.5,20260920012635862581
NCAAF,americanfootball_ncaaf,e68b359be33a1855ff582d9dde87faac,2026-09-19T23:20:00Z,Washington Huskies,Eastern Washington Eagles,draftkings,DraftKings,2026-09-20T01:25:53Z,spreads,2026-09-20T01:25:53Z,Eastern Washington Eagles,-117,29.5,20260920012635862581
NCAAF,americanfootball_ncaaf,e68b359be33a1855ff582d9dde87faac,2026-09-19T23:20:00Z,Washington Huskies,Eastern Washington Eagles,draftkings,DraftKings,2026-09-20T01:25:53Z,spreads,2026-09-20T01:25:53Z,Washington Huskies,-113,-29.5,20260920012635862581
NCAAF,americanfootball_ncaaf,e68b359be33a1855ff582d9dde87faac,2026-09-19T23:20:00Z,Washington Huskies,Eastern Washington Eagles,draftkings,DraftKings,2026-09-20T01:25:53Z,totals,2026-09-20T01:25:53Z,Over,-115,63.5,20260920012635862581
NCAAF,americanfootball_ncaaf,e68b359be33a1855ff582d9dde87faac,2026-09-19T23:20:00Z,Washington Huskies,Eastern Washington Eagles,draftkings,DraftKings,2026-09-20T01:25:53Z,totals,2026-09-20T01:25:53Z,Under,-115,63.5,20260920012635862581
NCAAF,americanfootball_ncaaf,e68b359be33a1855ff582d9dde87faac,2026-09-19T23:20:00Z,Washington Huskies,Eastern Washington Eagles,bovada,Bovada,2026-09-20T01:25:13Z,spreads,2026-09-20T01:25:13Z,Eastern Washington Eagles,-115,29.5,20260920012635862581
NCAAF,americanfootball_ncaaf,e68b359be33a1855ff582d9dde87faac,2026-09-19T23:20:00Z,Washington Huskies,Eastern Washington Eagles,bovada,Bovada,2026-09-20T01:25:13Z,spreads,2026-09-20T01:25:13Z,Washington Huskies,-115,-29.5,20260920012635862581
NCAAF,americanfootball_ncaaf,e68b359be33a1855ff582d9dde87faac,2026-09-19T23:20:00Z,Washington Huskies,Eastern Washington Eagles,bovada,Bovada,2026-09-20T01:25:13Z,totals,2026-09-20T01:25:13Z,Over,-115,63.5,20260920012635862581
NCAAF,americanfootball_ncaaf,e68b359be33a1855ff582d9dde87faac,2026-09-19T23:20:00Z,Washington Huskies,Eastern Washington Eagles,bovada,Bovada,2026-09-20T01:25:13Z,totals,2026-09-20T01:25:13Z,Under,-115,63.5,20260920012635862581
NCAAF,americanfootball_ncaaf,e68b359be33a1855ff582d9dde87faac,2026-09-19T23:20:00Z,Washington Huskies,Eastern Washington Eagles,mybookieag,MyBookie.ag,2026-09-20T01:24:47Z,spreads,2026-09-20T01:24:47Z,Eastern Washington Eagles,-125,32.5,20260920012635862581
NCAAF,americanfootball_ncaaf,e68b359be33a1855ff582d9dde87faac,2026-09-19T23:20:00Z,Washington Huskies,Eastern Washington Eagles,mybookieag,MyBookie.ag,2026-09-20T01:24:47Z,spreads,2026-09-20T01:24:47Z,Washington Huskies,100,-32.5,20260920012635862581
NCAAF,americanfootball_ncaaf,e68b359be33a1855ff582d9dde87faac,2026-09-19T23:20:00Z,Washington Huskies,Eastern Washington Eagles,mybookieag,MyBookie.ag,2026-09-20T01:24:47Z,totals,2026-09-20T01:24:47Z,Over,-125,64.5,20260920012635862581
NCAAF,americanfootball_ncaaf,e68b359be33a1855ff582d9dde87faac,2026-09-19T23:20:00Z,Washington Huskies,Eastern Washington Eagles,mybookieag,MyBookie.ag,2026-09-20T01:24:47Z,totals,2026-09-20T01:24:47Z,Under,100,64.5,20260920012635862581
NCAAF,americanfootball_ncaaf,55699549855efd1bed7b9d6ae1c7aded,2026-09-19T23:20:00Z,Nebraska Cornhuskers,North Dakota Fighting Hawks,fanduel,FanDuel,2026-09-20T01:26:17Z,spreads,2026-09-20T01:26:17Z,Nebraska Cornhuskers,-112,-26.5,20260920012635862581
NCAAF,americanfootball_ncaaf,55699549855efd1bed7b9d6ae1c7aded,2026-09-19T23:20:00Z,Nebraska Cornhuskers,North Dakota Fighting Hawks,fanduel,FanDuel,2026-09-20T01:26:17Z,spreads,2026-09-20T01:26:17Z,North Dakota Fighting Hawks,-118,26.5,20260920012635862581
NCAAF,americanfootball_ncaaf,55699549855efd1bed7b9d6ae1c7aded,2026-09-19T23:20:00Z,Nebraska Cornhuskers,North Dakota Fighting Hawks,fanduel,FanDuel,2026-09-20T01:26:17Z,totals,2026-09-20T01:26:17Z,Over,-130,47.5,20260920012635862581
NCAAF,americanfootball_ncaaf,55699549855efd1bed7b9d6ae1c7aded,2026-09-19T23:20:00Z,Nebraska Cornhuskers,North Dakota Fighting Hawks,fanduel,FanDuel,2026-09-20T01:26:17Z,totals,2026-09-20T01:26:17Z,Under,-102,47.5,20260920012635862581
NCAAF,americanfootball_ncaaf,55699549855efd1bed7b9d6ae1c7aded,2026-09-19T23:20:00Z,Nebraska Cornhuskers,North Dakota Fighting Hawks,draftkings,DraftKings,2026-09-20T01:25:53Z,spreads,2026-09-20T01:25:53Z,Nebraska Cornhuskers,-118,-26.5,20260920012635862581
NCAAF,americanfootball_ncaaf,55699549855efd1bed7b9d6ae1c7aded,2026-09-19T23:20:00Z,Nebraska Cornhuskers,North Dakota Fighting Hawks,draftkings,DraftKings,2026-09-20T01:25:53Z,spreads,2026-09-20T01:25:53Z,North Dakota Fighting Hawks,-113,26.5,20260920012635862581
NCAAF,americanfootball_ncaaf,55699549855efd1bed7b9d6ae1c7aded,2026-09-19T23:20:00Z,Nebraska Cornhuskers,North Dakota Fighting Hawks,draftkings,DraftKings,2026-09-20T01:25:53Z,totals,2026-09-20T01:25:53Z,Over,-119,47.5,20260920012635862581
NCAAF,americanfootball_ncaaf,55699549855efd1bed7b9d6ae1c7aded,2026-09-19T23:20:00Z,Nebraska Cornhuskers,North Dakota Fighting Hawks,draftkings,DraftKings,2026-09-20T01:25:53Z,totals,2026-09-20T01:25:53Z,Under,-111,47.5,20260920012635862581
NCAAF,americanfootball_ncaaf,55699549855efd1bed7b9d6ae1c7aded,2026-09-19T23:20:00Z,Nebraska Cornhuskers,North Dakota Fighting Hawks,bovada,Bovada,2026-09-20T01:25:13Z,spreads,2026-09-20T01:25:13Z,Nebraska Cornhuskers,100,-27.5,20260920012635862581
NCAAF,americanfootball_ncaaf,55699549855efd1bed7b9d6ae1c7aded,2026-09-19T23:20:00Z,Nebraska Cornhuskers,North Dakota Fighting Hawks,bovada,Bovada,2026-09-20T01:25:13Z,spreads,2026-09-20T01:25:13Z,North Dakota Fighting Hawks,-130,27.5,20260920012635862581
NCAAF,americanfootball_ncaaf,55699549855efd1bed7b9d6ae1c7aded,2026-09-19T23:20:00Z,Nebraska Cornhuskers,North Dakota Fighting Hawks,bovada,Bovada,2026-09-20T01:25:13Z,totals,2026-09-20T01:25:13Z,Over,-105,48.5,20260920012635862581
NCAAF,americanfootball_ncaaf,55699549855efd1bed7b9d6ae1c7aded,2026-09-19T23:20:00Z,Nebraska Cornhuskers,North Dakota Fighting Hawks,bovada,Bovada,2026-09-20T01:25:13Z,totals,2026-09-20T01:25:13Z,Under,-125,48.5,20260920012635862581
NCAAF,americanfootball_ncaaf,55699549855efd1bed7b9d6ae1c7aded,2026-09-19T23:20:00Z,Nebraska Cornhuskers,North Dakota Fighting Hawks,mybookieag,MyBookie.ag,2026-09-20T01:24:47Z,spreads,2026-09-20T01:24:47Z,Nebraska Cornhuskers,-111,-25.5,20260920012635862581
NCAAF,americanfootball_ncaaf,55699549855efd1bed7b9d6ae1c7aded,2026-09-19T23:20:00Z,Nebraska Cornhuskers,North Dakota Fighting Hawks,mybookieag,MyBookie.ag,2026-09-20T01:24:47Z,spreads,2026-09-20T01:24:47Z,North Dakota Fighting Hawks,-118,25.5,20260920012635862581
NCAAF,americanfootball_ncaaf,55699549855efd1bed7b9d6ae1c7aded,2026-09-19T23:20:00Z,Nebraska Cornhuskers,North Dakota Fighting Hawks,mybookieag,MyBookie.ag,2026-09-20T01:24:47Z,totals,2026-09-20T01:24:47Z,Over,-111,47.5,20260920012635862581
NCAAF,americanfootball_ncaaf,55699549855efd1bed7b9d6ae1c7aded,2026-09-19T23:20:00Z,Nebraska Cornhuskers,North Dakota Fighting Hawks,mybookieag,MyBookie.ag,2026-09-20T01:24:47Z,totals,2026-09-20T01:24:47Z,Under,-118,47.5,20260920012635862581
NCAAF,americanfootball_ncaaf,d72de7a6a2387f86edc530bbe90a7664,2026-09-19T23:30:00Z,South Florida Bulls,Delaware State Hornets,fanduel,FanDuel,2026-09-20T01:26:17Z,spreads,2026-09-20T01:26:17Z,Delaware State Hornets,-140,25.5,20260920012635862581
NCAAF,americanfootball_ncaaf,d72de7a6a2387f86edc530bbe90a7664,2026-09-19T23:30:00Z,South Florida Bulls,Delaware State Hornets,fanduel,FanDuel,2026-09-20T01:26:17Z,spreads,2026-09-20T01:26:17Z,South Florida Bulls,106,-25.5,20260920012635862581
NCAAF,americanfootball_ncaaf,d72de7a6a2387f86edc530bbe90a7664,2026-09-19T23:30:00Z,South Florida Bulls,Delaware State Hornets,fanduel,FanDuel,2026-09-20T01:26:17Z,totals,2026-09-20T01:26:17Z,Over,102,72.5,20260920012635862581
NCAAF,americanfootball_ncaaf,d72de7a6a2387f86edc530bbe90a7664,2026-09-19T23:30:00Z,South Florida Bulls,Delaware State Hornets,fanduel,FanDuel,2026-09-20T01:26:17Z,totals,2026-09-20T01:26:17Z,Under,-136,72.5,20260920012635862581
NCAAF,americanfootball_ncaaf,d72de7a6a2387f86edc530bbe90a7664,2026-09-19T23:30:00Z,South Florida Bulls,Delaware State Hornets,draftkings,DraftKings,2026-09-20T01:25:53Z,spreads,2026-09-20T01:25:53Z,Delaware State Hornets,-135,25.5,20260920012635862581
NCAAF,americanfootball_ncaaf,d72de7a6a2387f86edc530bbe90a7664,2026-09-19T23:30:00Z,South Florida Bulls,Delaware State Hornets,draftkings,DraftKings,2026-09-20T01:25:53Z,spreads,2026-09-20T01:25:53Z,South Florida Bulls,101,-25.5,20260920012635862581
NCAAF,americanfootball_ncaaf,d72de7a6a2387f86edc530bbe90a7664,2026-09-19T23:30:00Z,South Florida Bulls,Delaware State Hornets,draftkings,DraftKings,2026-09-20T01:25:53Z,totals,2026-09-20T01:25:53Z,Over,-125,71.5,20260920012635862581
NCAAF,americanfootball_ncaaf,d72de7a6a2387f86edc530bbe90a7664,2026-09-19T23:30:00Z,South Florida Bulls,Delaware State Hornets,draftkings,DraftKings,2026-09-20T01:25:53Z,totals,2026-09-20T01:25:53Z,Under,-106,71.5,20260920012635862581
NCAAF,americanfootball_ncaaf,d72de7a6a2387f86edc530bbe90a7664,2026-09-19T23:30:00Z,South Florida Bulls,Delaware State Hornets,bovada,Bovada,2026-09-20T01:25:13Z,spreads,2026-09-20T01:25:13Z,Delaware State Hornets,-135,25.5,20260920012635862581
NCAAF,americanfootball_ncaaf,d72de7a6a2387f86edc530bbe90a7664,2026-09-19T23:30:00Z,South Florida Bulls,Delaware State Hornets,bovada,Bovada,2026-09-20T01:25:13Z,spreads,2026-09-20T01:25:13Z,South Florida Bulls,105,-25.5,20260920012635862581
NCAAF,americanfootball_ncaaf,d72de7a6a2387f86edc530bbe90a7664,2026-09-19T23:30:00Z,South Florida Bulls,Delaware State Hornets,bovada,Bovada,2026-09-20T01:25:13Z,totals,2026-09-20T01:25:13Z,Over,-125,71.5,20260920012635862581
NCAAF,americanfootball_ncaaf,d72de7a6a2387f86edc530bbe90a7664,2026-09-19T23:30:00Z,South Florida Bulls,Delaware State Hornets,bovada,Bovada,2026-09-20T01:25:13Z,totals,2026-09-20T01:25:13Z,Under,-105,71.5,20260920012635862581
NCAAF,americanfootball_ncaaf,d72de7a6a2387f86edc530bbe90a7664,2026-09-19T23:30:00Z,South Florida Bulls,Delaware State Hornets,mybookieag,MyBookie.ag,2026-09-20T01:24:47Z,spreads,2026-09-20T01:24:47Z,Delaware State Hornets,-111,25.5,20260920012635862581
NCAAF,americanfootball_ncaaf,d72de7a6a2387f86edc530bbe90a7664,2026-09-19T23:30:00Z,South Florida Bulls,Delaware State Hornets,mybookieag,MyBookie.ag,2026-09-20T01:24:47Z,spreads,2026-09-20T01:24:47Z,South Florida Bulls,-118,-25.5,20260920012635862581
NCAAF,americanfootball_ncaaf,d72de7a6a2387f86edc530bbe90a7664,2026-09-19T23:30:00Z,South Florida Bulls,Delaware State Hornets,mybookieag,MyBookie.ag,2026-09-20T01:24:47Z,totals,2026-09-20T01:24:47Z,Over,-111,71.5,20260920012635862581
NCAAF,americanfootball_ncaaf,d72de7a6a2387f86edc530bbe90a7664,2026-09-19T23:30:00Z,South Florida Bulls,Delaware State Hornets,mybookieag,MyBookie.ag,2026-09-20T01:24:47Z,totals,2026-09-20T01:24:47Z,Under,-111,71.5,20260920012635862581
NCAAF,americanfootball_ncaaf,eda972dc55ded05916deafa37efab9c3,2026-09-19T23:35:29Z,West Virginia Mountaineers,Virginia Cavaliers,draftkings,DraftKings,2026-09-20T01:25:53Z,h2h,2026-09-20T01:25:53Z,Virginia Cavaliers,-123,,20260920012635862581
NCAAF,americanfootball_ncaaf,eda972dc55ded05916deafa37efab9c3,2026-09-19T23:35:29Z,West Virginia Mountaineers,Virginia Cavaliers,draftkings,DraftKings,2026-09-20T01:25:53Z,h2h,2026-09-20T01:25:53Z,West Virginia Mountaineers,-108,,20260920012635862581
NCAAF,americanfootball_ncaaf,eda972dc55ded05916deafa37efab9c3,2026-09-19T23:35:29Z,West Virginia Mountaineers,Virginia Cavaliers,draftkings,DraftKings,2026-09-20T01:25:53Z,spreads,2026-09-20T01:25:53Z,Virginia Cavaliers,-107,-1.5,20260920012635862581
NCAAF,americanfootball_ncaaf,eda972dc55ded05916deafa37efab9c3,2026-09-19T23:35:29Z,West Virginia Mountaineers,Virginia Cavaliers,draftkings,DraftKings,2026-09-20T01:25:53Z,spreads,2026-09-20T01:25:53Z,West Virginia Mountaineers,-124,1.5,20260920012635862581
NCAAF,americanfootball_ncaaf,eda972dc55ded05916deafa37efab9c3,2026-09-19T23:35:29Z,West Virginia Mountaineers,Virginia Cavaliers,draftkings,DraftKings,2026-09-20T01:25:53Z,totals,2026-09-20T01:25:53Z,Over,-119,62.5,20260920012635862581
NCAAF,americanfootball_ncaaf,eda972dc55ded05916deafa37efab9c3,2026-09-19T23:35:29Z,West Virginia Mountaineers,Virginia Cavaliers,draftkings,DraftKings,2026-09-20T01:25:53Z,totals,2026-09-20T01:25:53Z,Under,-111,62.5,20260920012635862581
NCAAF,americanfootball_ncaaf,eda972dc55ded05916deafa37efab9c3,2026-09-19T23:35:29Z,West Virginia Mountaineers,Virginia Cavaliers,fanduel,FanDuel,2026-09-20T01:26:17Z,h2h,2026-09-20T01:26:17Z,Virginia Cavaliers,-115,,20260920012635862581
NCAAF,americanfootball_ncaaf,eda972dc55ded05916deafa37efab9c3,2026-09-19T23:35:29Z,West Virginia Mountaineers,Virginia Cavaliers,fanduel,FanDuel,2026-09-20T01:26:17Z,h2h,2026-09-20T01:26:17Z,West Virginia Mountaineers,-111,,20260920012635862581
NCAAF,americanfootball_ncaaf,eda972dc55ded05916deafa37efab9c3,2026-09-19T23:35:29Z,West Virginia Mountaineers,Virginia Cavaliers,fanduel,FanDuel,2026-09-20T01:26:17Z,spreads,2026-09-20T01:26:17Z,Virginia Cavaliers,-106,-1.5,20260920012635862581
NCAAF,americanfootball_ncaaf,eda972dc55ded05916deafa37efab9c3,2026-09-19T23:35:29Z,West Virginia Mountaineers,Virginia Cavaliers,fanduel,FanDuel,2026-09-20T01:26:17Z,spreads,2026-09-20T01:26:17Z,West Virginia Mountaineers,-125,1.5,20260920012635862581
NCAAF,americanfootball_ncaaf,eda972dc55ded05916deafa37efab9c3,2026-09-19T23:35:29Z,West Virginia Mountaineers,Virginia Cavaliers,fanduel,FanDuel,2026-09-20T01:26:17Z,totals,2026-09-20T01:26:17Z,Over,-118,62.5,20260920012635862581
NCAAF,americanfootball_ncaaf,eda972dc55ded05916deafa37efab9c3,2026-09-19T23:35:29Z,West Virginia Mountaineers,Virginia Cavaliers,fanduel,FanDuel,2026-09-20T01:26:17Z,totals,2026-09-20T01:26:17Z,Under,-112,62.5,20260920012635862581
NCAAF,americanfootball_ncaaf,eda972dc55ded05916deafa37efab9c3,2026-09-19T23:35:29Z,West Virginia Mountaineers,Virginia Cavaliers,betmgm,BetMGM,2026-09-20T01:26:14Z,h2h,2026-09-20T01:26:14Z,Virginia Cavaliers,-115,,20260920012635862581
NCAAF,americanfootball_ncaaf,eda972dc55ded05916deafa37efab9c3,2026-09-19T23:35:29Z,West Virginia Mountaineers,Virginia Cavaliers,betmgm,BetMGM,2026-09-20T01:26:14Z,h2h,2026-09-20T01:26:14Z,West Virginia Mountaineers,-105,,20260920012635862581
NCAAF,americanfootball_ncaaf,eda972dc55ded05916deafa37efab9c3,2026-09-19T23:35:29Z,West Virginia Mountaineers,Virginia Cavaliers,betmgm,BetMGM,2026-09-20T01:26:14Z,spreads,2026-09-20T01:26:14Z,Virginia Cavaliers,-105,-1.5,20260920012635862581
NCAAF,americanfootball_ncaaf,eda972dc55ded05916deafa37efab9c3,2026-09-19T23:35:29Z,West Virginia Mountaineers,Virginia Cavaliers,betmgm,BetMGM,2026-09-20T01:26:14Z,spreads,2026-09-20T01:26:14Z,West Virginia Mountaineers,-115,1.5,20260920012635862581
NCAAF,americanfootball_ncaaf,eda972dc55ded05916deafa37efab9c3,2026-09-19T23:35:29Z,West Virginia Mountaineers,Virginia Cavaliers,betmgm,BetMGM,2026-09-20T01:26:14Z,totals,2026-09-20T01:26:14Z,Over,-118,62.5,20260920012635862581
NCAAF,americanfootball_ncaaf,eda972dc55ded05916deafa37efab9c3,2026-09-19T23:35:29Z,West Virginia Mountaineers,Virginia Cavaliers,betmgm,BetMGM,2026-09-20T01:26:14Z,totals,2026-09-20T01:26:14Z,Under,-112,62.5,20260920012635862581
NCAAF,americanfootball_ncaaf,eda972dc55ded05916deafa37efab9c3,2026-09-19T23:35:29Z,West Virginia Mountaineers,Virginia Cavaliers,mybookieag,MyBookie.ag,2026-09-20T01:24:47Z,h2h,2026-09-20T01:24:47Z,Virginia Cavaliers,-118,,20260920012635862581
NCAAF,americanfootball_ncaaf,eda972dc55ded05916deafa37efab9c3,2026-09-19T23:35:29Z,West Virginia Mountaineers,Virginia Cavaliers,mybookieag,MyBookie.ag,2026-09-20T01:24:47Z,h2h,2026-09-20T01:24:47Z,West Virginia Mountaineers,-105,,20260920012635862581
NCAAF,americanfootball_ncaaf,eda972dc55ded05916deafa37efab9c3,2026-09-19T23:35:29Z,West Virginia Mountaineers,Virginia Cavaliers,mybookieag,MyBookie.ag,2026-09-20T01:24:47Z,spreads,2026-09-20T01:24:47Z,Virginia Cavaliers,-118,-0.5,20260920012635862581
NCAAF,americanfootball_ncaaf,eda972dc55ded05916deafa37efab9c3,2026-09-19T23:35:29Z,West Virginia Mountaineers,Virginia Cavaliers,mybookieag,MyBookie.ag,2026-09-20T01:24:47Z,spreads,2026-09-20T01:24:47Z,West Virginia Mountaineers,-105,0.5,20260920012635862581
NCAAF,americanfootball_ncaaf,eda972dc55ded05916deafa37efab9c3,2026-09-19T23:35:29Z,West Virginia Mountaineers,Virginia Cavaliers,mybookieag,MyBookie.ag,2026-09-20T01:24:47Z,totals,2026-09-20T01:24:47Z,Over,-105,62.5,20260920012635862581
NCAAF,americanfootball_ncaaf,eda972dc55ded05916deafa37efab9c3,2026-09-19T23:35:29Z,West Virginia Mountaineers,Virginia Cavaliers,mybookieag,MyBookie.ag,2026-09-20T01:24:47Z,totals,2026-09-20T01:24:47Z,Under,-118,62.5,20260920012635862581
NCAAF,americanfootball_ncaaf,eda972dc55ded05916deafa37efab9c3,2026-09-19T23:35:29Z,West Virginia Mountaineers,Virginia Cavaliers,bovada,Bovada,2026-09-20T01:25:13Z,h2h,2026-09-20T01:25:13Z,Virginia Cavaliers,-120,,20260920012635862581
NCAAF,americanfootball_ncaaf,eda972dc55ded05916deafa37efab9c3,2026-09-19T23:35:29Z,West Virginia Mountaineers,Virginia Cavaliers,bovada,Bovada,2026-09-20T01:25:13Z,h2h,2026-09-20T01:25:13Z,West Virginia Mountaineers,-110,,20260920012635862581
NCAAF,americanfootball_ncaaf,eda972dc55ded05916deafa37efab9c3,2026-09-19T23:35:29Z,West Virginia Mountaineers,Virginia Cavaliers,bovada,Bovada,2026-09-20T01:25:13Z,spreads,2026-09-20T01:25:13Z,Virginia Cavaliers,-105,-1.5,20260920012635862581
NCAAF,americanfootball_ncaaf,eda972dc55ded05916deafa37efab9c3,2026-09-19T23:35:29Z,West Virginia Mountaineers,Virginia Cavaliers,bovada,Bovada,2026-09-20T01:25:13Z,spreads,2026-09-20T01:25:13Z,West Virginia Mountaineers,-125,1.5,20260920012635862581
NCAAF,americanfootball_ncaaf,eda972dc55ded05916deafa37efab9c3,2026-09-19T23:35:29Z,West Virginia Mountaineers,Virginia Cavaliers,bovada,Bovada,2026-09-20T01:25:13Z,totals,2026-09-20T01:25:13Z,Over,-120,62.5,20260920012635862581
NCAAF,americanfootball_ncaaf,eda972dc55ded05916deafa37efab9c3,2026-09-19T23:35:29Z,West Virginia Mountaineers,Virginia Cavaliers,bovada,Bovada,2026-09-20T01:25:13Z,totals,2026-09-20T01:25:13Z,Under,-110,62.5,20260920012635862581
NCAAF,americanfootball_ncaaf,03297aa8a399c223aa1cc6aa923d9bc6,2026-09-19T23:35:47Z,Northwestern Wildcats,Colorado Buffaloes,fanduel,FanDuel,2026-09-20T01:26:17Z,h2h,2026-09-20T01:26:17Z,Colorado Buffaloes,1500,,20260920012635862581
NCAAF,americanfootball_ncaaf,03297aa8a399c223aa1cc6aa923d9bc6,2026-09-19T23:35:47Z,Northwestern Wildcats,Colorado Buffaloes,fanduel,FanDuel,2026-09-20T01:26:17Z,h2h,2026-09-20T01:26:17Z,Northwestern Wildcats,-7000,,20260920012635862581
NCAAF,americanfootball_ncaaf,03297aa8a399c223aa1cc6aa923d9bc6,2026-09-19T23:35:47Z,Northwestern Wildcats,Colorado Buffaloes,fanduel,FanDuel,2026-09-20T01:26:17Z,spreads,2026-09-20T01:26:17Z,Colorado Buffaloes,-108,18.5,20260920012635862581
NCAAF,americanfootball_ncaaf,03297aa8a399c223aa1cc6aa923d9bc6,2026-09-19T23:35:47Z,Northwestern Wildcats,Colorado Buffaloes,fanduel,FanDuel,2026-09-20T01:26:17Z,spreads,2026-09-20T01:26:17Z,Northwestern Wildcats,-122,-18.5,20260920012635862581
NCAAF,americanfootball_ncaaf,03297aa8a399c223aa1cc6aa923d9bc6,2026-09-19T23:35:47Z,Northwestern Wildcats,Colorado Buffaloes,fanduel,FanDuel,2026-09-20T01:26:17Z,totals,2026-09-20T01:26:17Z,Over,102,42.5,20260920012635862581
NCAAF,americanfootball_ncaaf,03297aa8a399c223aa1cc6aa923d9bc6,2026-09-19T23:35:47Z,Northwestern Wildcats,Colorado Buffaloes,fanduel,FanDuel,2026-09-20T01:26:17Z,totals,2026-09-20T01:26:17Z,Under,-136,42.5,20260920012635862581
NCAAF,americanfootball_ncaaf,03297aa8a399c223aa1cc6aa923d9bc6,2026-09-19T23:35:47Z,Northwestern Wildcats,Colorado Buffaloes,draftkings,DraftKings,2026-09-20T01:25:53Z,h2h,2026-09-20T01:25:53Z,Colorado Buffaloes,2700,,20260920012635862581
NCAAF,americanfootball_ncaaf,03297aa8a399c223aa1cc6aa923d9bc6,2026-09-19T23:35:47Z,Northwestern Wildcats,Colorado Buffaloes,draftkings,DraftKings,2026-09-20T01:25:53Z,h2h,2026-09-20T01:25:53Z,Northwestern Wildcats,-10000,,20260920012635862581
NCAAF,americanfootball_ncaaf,03297aa8a399c223aa1cc6aa923d9bc6,2026-09-19T23:35:47Z,Northwestern Wildcats,Colorado Buffaloes,draftkings,DraftKings,2026-09-20T01:25:53Z,spreads,2026-09-20T01:25:53Z,Colorado Buffaloes,-115,20.5,20260920012635862581
NCAAF,americanfootball_ncaaf,03297aa8a399c223aa1cc6aa923d9bc6,2026-09-19T23:35:47Z,Northwestern Wildcats,Colorado Buffaloes,draftkings,DraftKings,2026-09-20T01:25:53Z,spreads,2026-09-20T01:25:53Z,Northwestern Wildcats,-116,-20.5,20260920012635862581
NCAAF,americanfootball_ncaaf,03297aa8a399c223aa1cc6aa923d9bc6,2026-09-19T23:35:47Z,Northwestern Wildcats,Colorado Buffaloes,draftkings,DraftKings,2026-09-20T01:25:53Z,totals,2026-09-20T01:25:53Z,Over,-107,42.5,20260920012635862581
NCAAF,americanfootball_ncaaf,03297aa8a399c223aa1cc6aa923d9bc6,2026-09-19T23:35:47Z,Northwestern Wildcats,Colorado Buffaloes,draftkings,DraftKings,2026-09-20T01:25:53Z,totals,2026-09-20T01:25:53Z,Under,-124,42.5,20260920012635862581
NCAAF,americanfootball_ncaaf,03297aa8a399c223aa1cc6aa923d9bc6,2026-09-19T23:35:47Z,Northwestern Wildcats,Colorado Buffaloes,betmgm,BetMGM,2026-09-20T01:26:14Z,h2h,2026-09-20T01:26:14Z,Colorado Buffaloes,2000,,20260920012635862581
NCAAF,americanfootball_ncaaf,03297aa8a399c223aa1cc6aa923d9bc6,2026-09-19T23:35:47Z,Northwestern Wildcats,Colorado Buffaloes,betmgm,BetMGM,2026-09-20T01:26:14Z,h2h,2026-09-20T01:26:14Z,Northwestern Wildcats,-5000,,20260920012635862581
NCAAF,americanfootball_ncaaf,03297aa8a399c223aa1cc6aa923d9bc6,2026-09-19T23:35:47Z,Northwestern Wildcats,Colorado Buffaloes,betmgm,BetMGM,2026-09-20T01:26:14Z,spreads,2026-09-20T01:26:14Z,Colorado Buffaloes,-112,18.5,20260920012635862581
NCAAF,americanfootball_ncaaf,03297aa8a399c223aa1cc6aa923d9bc6,2026-09-19T23:35:47Z,Northwestern Wildcats,Colorado Buffaloes,betmgm,BetMGM,2026-09-20T01:26:14Z,spreads,2026-09-20T01:26:14Z,Northwestern Wildcats,-118,-18.5,20260920012635862581
NCAAF,americanfootball_ncaaf,03297aa8a399c223aa1cc6aa923d9bc6,2026-09-19T23:35:47Z,Northwestern Wildcats,Colorado Buffaloes,betmgm,BetMGM,2026-09-20T01:26:14Z,totals,2026-09-20T01:26:14Z,Over,-108,42.5,20260920012635862581
NCAAF,americanfootball_ncaaf,03297aa8a399c223aa1cc6aa923d9bc6,2026-09-19T23:35:47Z,Northwestern Wildcats,Colorado Buffaloes,betmgm,BetMGM,2026-09-20T01:26:14Z,totals,2026-09-20T01:26:14Z,Under,-120,42.5,20260920012635862581
NCAAF,americanfootball_ncaaf,03297aa8a399c223aa1cc6aa923d9bc6,2026-09-19T23:35:47Z,Northwestern Wildcats,Colorado Buffaloes,mybookieag,MyBookie.ag,2026-09-20T01:24:47Z,h2h,2026-09-20T01:24:47Z,Colorado Buffaloes,1400,,20260920012635862581
NCAAF,americanfootball_ncaaf,03297aa8a399c223aa1cc6aa923d9bc6,2026-09-19T23:35:47Z,Northwestern Wildcats,Colorado Buffaloes,mybookieag,MyBookie.ag,2026-09-20T01:24:47Z,h2h,2026-09-20T01:24:47Z,Northwestern Wildcats,-5000,,20260920012635862581
NCAAF,americanfootball_ncaaf,03297aa8a399c223aa1cc6aa923d9bc6,2026-09-19T23:35:47Z,Northwestern Wildcats,Colorado Buffaloes,mybookieag,MyBookie.ag,2026-09-20T01:24:47Z,spreads,2026-09-20T01:24:47Z,Colorado Buffaloes,-111,20.5,20260920012635862581
NCAAF,americanfootball_ncaaf,03297aa8a399c223aa1cc6aa923d9bc6,2026-09-19T23:35:47Z,Northwestern Wildcats,Colorado Buffaloes,mybookieag,MyBookie.ag,2026-09-20T01:24:47Z,spreads,2026-09-20T01:24:47Z,Northwestern Wildcats,-111,-20.5,20260920012635862581
NCAAF,americanfootball_ncaaf,03297aa8a399c223aa1cc6aa923d9bc6,2026-09-19T23:35:47Z,Northwestern Wildcats,Colorado Buffaloes,mybookieag,MyBookie.ag,2026-09-20T01:24:47Z,totals,2026-09-20T01:24:47Z,Over,-111,42.5,20260920012635862581
NCAAF,americanfootball_ncaaf,03297aa8a399c223aa1cc6aa923d9bc6,2026-09-19T23:35:47Z,Northwestern Wildcats,Colorado Buffaloes,mybookieag,MyBookie.ag,2026-09-20T01:24:47Z,totals,2026-09-20T01:24:47Z,Under,-118,42.5,20260920012635862581
NCAAF,americanfootball_ncaaf,03297aa8a399c223aa1cc6aa923d9bc6,2026-09-19T23:35:47Z,Northwestern Wildcats,Colorado Buffaloes,bovada,Bovada,2026-09-20T01:25:13Z,spreads,2026-09-20T01:25:13Z,Colorado Buffaloes,-115,20.5,20260920012635862581
NCAAF,americanfootball_ncaaf,03297aa8a399c223aa1cc6aa923d9bc6,2026-09-19T23:35:47Z,Northwestern Wildcats,Colorado Buffaloes,bovada,Bovada,2026-09-20T01:25:13Z,spreads,2026-09-20T01:25:13Z,Northwestern Wildcats,-115,-20.5,20260920012635862581
NCAAF,americanfootball_ncaaf,03297aa8a399c223aa1cc6aa923d9bc6,2026-09-19T23:35:47Z,Northwestern Wildcats,Colorado Buffaloes,bovada,Bovada,2026-09-20T01:25:13Z,totals,2026-09-20T01:25:13Z,Over,-105,42.5,20260920012635862581
NCAAF,americanfootball_ncaaf,03297aa8a399c223aa1cc6aa923d9bc6,2026-09-19T23:35:47Z,Northwestern Wildcats,Colorado Buffaloes,bovada,Bovada,2026-09-20T01:25:13Z,totals,2026-09-20T01:25:13Z,Under,-125,42.5,20260920012635862581
NCAAF,americanfootball_ncaaf,47892b65c28a830d83bbe465b070ce01,2026-09-19T23:36:00Z,Oklahoma Sooners,New Mexico Lobos,fanduel,FanDuel,2026-09-20T01:26:17Z,h2h,2026-09-20T01:26:17Z,New Mexico Lobos,500,,20260920012635862581
NCAAF,americanfootball_ncaaf,47892b65c28a830d83bbe465b070ce01,2026-09-19T23:36:00Z,Oklahoma Sooners,New Mexico Lobos,fanduel,FanDuel,2026-09-20T01:26:17Z,h2h,2026-09-20T01:26:17Z,Oklahoma Sooners,-850,,20260920012635862581
NCAAF,americanfootball_ncaaf,47892b65c28a830d83bbe465b070ce01,2026-09-19T23:36:00Z,Oklahoma Sooners,New Mexico Lobos,fanduel,FanDuel,2026-09-20T01:26:17Z,spreads,2026-09-20T01:26:17Z,New Mexico Lobos,-132,8.5,20260920012635862581
NCAAF,americanfootball_ncaaf,47892b65c28a830d83bbe465b070ce01,2026-09-19T23:36:00Z,Oklahoma Sooners,New Mexico Lobos,fanduel,FanDuel,2026-09-20T01:26:17Z,spreads,2026-09-20T01:26:17Z,Oklahoma Sooners,100,-8.5,20260920012635862581
NCAAF,americanfootball_ncaaf,47892b65c28a830d83bbe465b070ce01,2026-09-19T23:36:00Z,Oklahoma Sooners,New Mexico Lobos,fanduel,FanDuel,2026-09-20T01:26:17Z,totals,2026-09-20T01:26:17Z,Over,-106,33.5,20260920012635862581
NCAAF,americanfootball_ncaaf,47892b65c28a830d83bbe465b070ce01,2026-09-19T23:36:00Z,Oklahoma Sooners,New Mexico Lobos,fanduel,FanDuel,2026-09-20T01:26:17Z,totals,2026-09-20T01:26:17Z,Under,-125,33.5,20260920012635862581
NCAAF,americanfootball_ncaaf,47892b65c28a830d83bbe465b070ce01,2026-09-19T23:36:00Z,Oklahoma Sooners,New Mexico Lobos,draftkings,DraftKings,2026-09-20T01:25:53Z,h2h,2026-09-20T01:25:53Z,New Mexico Lobos,571,,20260920012635862581
NCAAF,americanfootball_ncaaf,47892b65c28a830d83bbe465b070ce01,2026-09-19T23:36:00Z,Oklahoma Sooners,New Mexico Lobos,draftkings,DraftKings,2026-09-20T01:25:53Z,h2h,2026-09-20T01:25:53Z,Oklahoma Sooners,-910,,20260920012635862581
NCAAF,americanfootball_ncaaf,47892b65c28a830d83bbe465b070ce01,2026-09-19T23:36:00Z,Oklahoma Sooners,New Mexico Lobos,draftkings,DraftKings,2026-09-20T01:25:53Z,spreads,2026-09-20T01:25:53Z,New Mexico Lobos,-114,9.5,20260920012635862581
NCAAF,americanfootball_ncaaf,47892b65c28a830d83bbe465b070ce01,2026-09-19T23:36:00Z,Oklahoma Sooners,New Mexico Lobos,draftkings,DraftKings,2026-09-20T01:25:53Z,spreads,2026-09-20T01:25:53Z,Oklahoma Sooners,-116,-9.5,20260920012635862581
NCAAF,americanfootball_ncaaf,47892b65c28a830d83bbe465b070ce01,2026-09-19T23:36:00Z,Oklahoma Sooners,New Mexico Lobos,draftkings,DraftKings,2026-09-20T01:25:53Z,totals,2026-09-20T01:25:53Z,Over,-127,32.5,20260920012635862581
NCAAF,americanfootball_ncaaf,47892b65c28a830d83bbe465b070ce01,2026-09-19T23:36:00Z,Oklahoma Sooners,New Mexico Lobos,draftkings,DraftKings,2026-09-20T01:25:53Z,totals,2026-09-20T01:25:53Z,Under,-104,32.5,20260920012635862581
NCAAF,americanfootball_ncaaf,47892b65c28a830d83bbe465b070ce01,2026-09-19T23:36:00Z,Oklahoma Sooners,New Mexico Lobos,betmgm,BetMGM,2026-09-20T01:26:14Z,spreads,2026-09-20T01:26:14Z,New Mexico Lobos,-115,8.5,20260920012635862581
NCAAF,americanfootball_ncaaf,47892b65c28a830d83bbe465b070ce01,2026-09-19T23:36:00Z,Oklahoma Sooners,New Mexico Lobos,betmgm,BetMGM,2026-09-20T01:26:14Z,spreads,2026-09-20T01:26:14Z,Oklahoma Sooners,-115,-8.5,20260920012635862581
NCAAF,americanfootball_ncaaf,47892b65c28a830d83bbe465b070ce01,2026-09-19T23:36:00Z,Oklahoma Sooners,New Mexico Lobos,betmgm,BetMGM,2026-09-20T01:26:14Z,totals,2026-09-20T01:26:14Z,Over,-105,33.5,20260920012635862581
NCAAF,americanfootball_ncaaf,47892b65c28a830d83bbe465b070ce01,2026-09-19T23:36:00Z,Oklahoma Sooners,New Mexico Lobos,betmgm,BetMGM,2026-09-20T01:26:14Z,totals,2026-09-20T01:26:14Z,Under,-125,33.5,20260920012635862581
NCAAF,americanfootball_ncaaf,47892b65c28a830d83bbe465b070ce01,2026-09-19T23:36:00Z,Oklahoma Sooners,New Mexico Lobos,mybookieag,MyBookie.ag,2026-09-20T01:24:47Z,h2h,2026-09-20T01:24:47Z,New Mexico Lobos,600,,20260920012635862581
NCAAF,americanfootball_ncaaf,47892b65c28a830d83bbe465b070ce01,2026-09-19T23:36:00Z,Oklahoma Sooners,New Mexico Lobos,mybookieag,MyBookie.ag,2026-09-20T01:24:47Z,h2h,2026-09-20T01:24:47Z,Oklahoma Sooners,-1000,,20260920012635862581
NCAAF,americanfootball_ncaaf,47892b65c28a830d83bbe465b070ce01,2026-09-19T23:36:00Z,Oklahoma Sooners,New Mexico Lobos,mybookieag,MyBookie.ag,2026-09-20T01:24:47Z,spreads,2026-09-20T01:24:47Z,New Mexico Lobos,-118,10.5,20260920012635862581
NCAAF,americanfootball_ncaaf,47892b65c28a830d83bbe465b070ce01,2026-09-19T23:36:00Z,Oklahoma Sooners,New Mexico Lobos,mybookieag,MyBookie.ag,2026-09-20T01:24:47Z,spreads,2026-09-20T01:24:47Z,Oklahoma Sooners,-111,-10.5,20260920012635862581
NCAAF,americanfootball_ncaaf,47892b65c28a830d83bbe465b070ce01,2026-09-19T23:36:00Z,Oklahoma Sooners,New Mexico Lobos,mybookieag,MyBookie.ag,2026-09-20T01:24:47Z,totals,2026-09-20T01:24:47Z,Over,-111,33.5,20260920012635862581
NCAAF,americanfootball_ncaaf,47892b65c28a830d83bbe465b070ce01,2026-09-19T23:36:00Z,Oklahoma Sooners,New Mexico Lobos,mybookieag,MyBookie.ag,2026-09-20T01:24:47Z,totals,2026-09-20T01:24:47Z,Under,-111,33.5,20260920012635862581
NCAAF,americanfootball_ncaaf,47892b65c28a830d83bbe465b070ce01,2026-09-19T23:36:00Z,Oklahoma Sooners,New Mexico Lobos,bovada,Bovada,2026-09-20T01:25:13Z,h2h,2026-09-20T01:25:13Z,New Mexico Lobos,550,,20260920012635862581
NCAAF,americanfootball_ncaaf,47892b65c28a830d83bbe465b070ce01,2026-09-19T23:36:00Z,Oklahoma Sooners,New Mexico Lobos,bovada,Bovada,2026-09-20T01:25:13Z,h2h,2026-09-20T01:25:13Z,Oklahoma Sooners,-1000,,20260920012635862581
NCAAF,americanfootball_ncaaf,47892b65c28a830d83bbe465b070ce01,2026-09-19T23:36:00Z,Oklahoma Sooners,New Mexico Lobos,bovada,Bovada,2026-09-20T01:25:13Z,spreads,2026-09-20T01:25:13Z,New Mexico Lobos,-115,8.5,20260920012635862581
NCAAF,americanfootball_ncaaf,47892b65c28a830d83bbe465b070ce01,2026-09-19T23:36:00Z,Oklahoma Sooners,New Mexico Lobos,bovada,Bovada,2026-09-20T01:25:13Z,spreads,2026-09-20T01:25:13Z,Oklahoma Sooners,-115,-8.5,20260920012635862581
NCAAF,americanfootball_ncaaf,47892b65c28a830d83bbe465b070ce01,2026-09-19T23:36:00Z,Oklahoma Sooners,New Mexico Lobos,bovada,Bovada,2026-09-20T01:25:13Z,totals,2026-09-20T01:25:13Z,Over,100,33.5,20260920012635862581
NCAAF,americanfootball_ncaaf,47892b65c28a830d83bbe465b070ce01,2026-09-19T23:36:00Z,Oklahoma Sooners,New Mexico Lobos,bovada,Bovada,2026-09-20T01:25:13Z,totals,2026-09-20T01:25:13Z,Under,-130,33.5,20260920012635862581
NCAAF,americanfootball_ncaaf,7e3b8cd721f0817d0a6c3111221e8a91,2026-09-19T23:39:00Z,Notre Dame Fighting Irish,Michigan State Spartans,fanduel,FanDuel,2026-09-20T01:26:17Z,h2h,2026-09-20T01:26:17Z,Michigan State Spartans,1700,,20260920012635862581
NCAAF,americanfootball_ncaaf,7e3b8cd721f0817d0a6c3111221e8a91,2026-09-19T23:39:00Z,Notre Dame Fighting Irish,Michigan State Spartans,fanduel,FanDuel,2026-09-20T01:26:17Z,h2h,2026-09-20T01:26:17Z,Notre Dame Fighting Irish,-10000,,20260920012635862581
NCAAF,americanfootball_ncaaf,7e3b8cd721f0817d0a6c3111221e8a91,2026-09-19T23:39:00Z,Notre Dame Fighting Irish,Michigan State Spartans,fanduel,FanDuel,2026-09-20T01:26:17Z,spreads,2026-09-20T01:26:17Z,Michigan State Spartans,-112,18.5,20260920012635862581
NCAAF,americanfootball_ncaaf,7e3b8cd721f0817d0a6c3111221e8a91,2026-09-19T23:39:00Z,Notre Dame Fighting Irish,Michigan State Spartans,fanduel,FanDuel,2026-09-20T01:26:17Z,spreads,2026-09-20T01:26:17Z,Notre Dame Fighting Irish,-118,-18.5,20260920012635862581
NCAAF,americanfootball_ncaaf,7e3b8cd721f0817d0a6c3111221e8a91,2026-09-19T23:39:00Z,Notre Dame Fighting Irish,Michigan State Spartans,fanduel,FanDuel,2026-09-20T01:26:17Z,totals,2026-09-20T01:26:17Z,Over,-130,50.5,20260920012635862581
NCAAF,americanfootball_ncaaf,7e3b8cd721f0817d0a6c3111221e8a91,2026-09-19T23:39:00Z,Notre Dame Fighting Irish,Michigan State Spartans,fanduel,FanDuel,2026-09-20T01:26:17Z,totals,2026-09-20T01:26:17Z,Under,-102,50.5,20260920012635862581
NCAAF,americanfootball_ncaaf,7e3b8cd721f0817d0a6c3111221e8a91,2026-09-19T23:39:00Z,Notre Dame Fighting Irish,Michigan State Spartans,draftkings,DraftKings,2026-09-20T01:25:53Z,h2h,2026-09-20T01:25:53Z,Michigan State Spartans,1760,,20260920012635862581
NCAAF,americanfootball_ncaaf,7e3b8cd721f0817d0a6c3111221e8a91,2026-09-19T23:39:00Z,Notre Dame Fighting Irish,Michigan State Spartans,draftkings,DraftKings,2026-09-20T01:25:53Z,h2h,2026-09-20T01:25:53Z,Notre Dame Fighting Irish,-4500,,20260920012635862581
NCAAF,americanfootball_ncaaf,7e3b8cd721f0817d0a6c3111221e8a91,2026-09-19T23:39:00Z,Notre Dame Fighting Irish,Michigan State Spartans,draftkings,DraftKings,2026-09-20T01:25:53Z,spreads,2026-09-20T01:25:53Z,Michigan State Spartans,-113,19.5,20260920012635862581
NCAAF,americanfootball_ncaaf,7e3b8cd721f0817d0a6c3111221e8a91,2026-09-19T23:39:00Z,Notre Dame Fighting Irish,Michigan State Spartans,draftkings,DraftKings,2026-09-20T01:25:53Z,spreads,2026-09-20T01:25:53Z,Notre Dame Fighting Irish,-117,-19.5,20260920012635862581
NCAAF,americanfootball_ncaaf,7e3b8cd721f0817d0a6c3111221e8a91,2026-09-19T23:39:00Z,Notre Dame Fighting Irish,Michigan State Spartans,draftkings,DraftKings,2026-09-20T01:25:53Z,totals,2026-09-20T01:25:53Z,Over,101,51.5,20260920012635862581
NCAAF,americanfootball_ncaaf,7e3b8cd721f0817d0a6c3111221e8a91,2026-09-19T23:39:00Z,Notre Dame Fighting Irish,Michigan State Spartans,draftkings,DraftKings,2026-09-20T01:25:53Z,totals,2026-09-20T01:25:53Z,Under,-134,51.5,20260920012635862581
NCAAF,americanfootball_ncaaf,7e3b8cd721f0817d0a6c3111221e8a91,2026-09-19T23:39:00Z,Notre Dame Fighting Irish,Michigan State Spartans,betmgm,BetMGM,2026-09-20T01:26:14Z,h2h,2026-09-20T01:26:14Z,Michigan State Spartans,2200,,20260920012635862581
NCAAF,americanfootball_ncaaf,7e3b8cd721f0817d0a6c3111221e8a91,2026-09-19T23:39:00Z,Notre Dame Fighting Irish,Michigan State Spartans,betmgm,BetMGM,2026-09-20T01:26:14Z,h2h,2026-09-20T01:26:14Z,Notre Dame Fighting Irish,-10000,,20260920012635862581
NCAAF,americanfootball_ncaaf,7e3b8cd721f0817d0a6c3111221e8a91,2026-09-19T23:39:00Z,Notre Dame Fighting Irish,Michigan State Spartans,betmgm,BetMGM,2026-09-20T01:26:14Z,spreads,2026-09-20T01:26:14Z,Michigan State Spartans,-110,19.5,20260920012635862581
NCAAF,americanfootball_ncaaf,7e3b8cd721f0817d0a6c3111221e8a91,2026-09-19T23:39:00Z,Notre Dame Fighting Irish,Michigan State Spartans,betmgm,BetMGM,2026-09-20T01:26:14Z,spreads,2026-09-20T01:26:14Z,Notre Dame Fighting Irish,-118,-19.5,20260920012635862581
NCAAF,americanfootball_ncaaf,7e3b8cd721f0817d0a6c3111221e8a91,2026-09-19T23:39:00Z,Notre Dame Fighting Irish,Michigan State Spartans,betmgm,BetMGM,2026-09-20T01:26:14Z,totals,2026-09-20T01:26:14Z,Over,-130,50.5,20260920012635862581
NCAAF,americanfootball_ncaaf,7e3b8cd721f0817d0a6c3111221e8a91,2026-09-19T23:39:00Z,Notre Dame Fighting Irish,Michigan State Spartans,betmgm,BetMGM,2026-09-20T01:26:14Z,totals,2026-09-20T01:26:14Z,Under,110,50.5,20260920012635862581
NCAAF,americanfootball_ncaaf,7e3b8cd721f0817d0a6c3111221e8a91,2026-09-19T23:39:00Z,Notre Dame Fighting Irish,Michigan State Spartans,mybookieag,MyBookie.ag,2026-09-20T01:24:47Z,h2h,2026-09-20T01:24:47Z,Michigan State Spartans,1425,,20260920012635862581
NCAAF,americanfootball_ncaaf,7e3b8cd721f0817d0a6c3111221e8a91,2026-09-19T23:39:00Z,Notre Dame Fighting Irish,Michigan State Spartans,mybookieag,MyBookie.ag,2026-09-20T01:24:47Z,h2h,2026-09-20T01:24:47Z,Notre Dame Fighting Irish,-5000,,20260920012635862581
NCAAF,americanfootball_ncaaf,7e3b8cd721f0817d0a6c3111221e8a91,2026-09-19T23:39:00Z,Notre Dame Fighting Irish,Michigan State Spartans,mybookieag,MyBookie.ag,2026-09-20T01:24:47Z,spreads,2026-09-20T01:24:47Z,Michigan State Spartans,-118,18.5,20260920012635862581
NCAAF,americanfootball_ncaaf,7e3b8cd721f0817d0a6c3111221e8a91,2026-09-19T23:39:00Z,Notre Dame Fighting Irish,Michigan State Spartans,mybookieag,MyBookie.ag,2026-09-20T01:24:47Z,spreads,2026-09-20T01:24:47Z,Notre Dame Fighting Irish,-111,-18.5,20260920012635862581
NCAAF,americanfootball_ncaaf,7e3b8cd721f0817d0a6c3111221e8a91,2026-09-19T23:39:00Z,Notre Dame Fighting Irish,Michigan State Spartans,mybookieag,MyBookie.ag,2026-09-20T01:24:47Z,totals,2026-09-20T01:24:47Z,Over,-105,51.5,20260920012635862581
NCAAF,americanfootball_ncaaf,7e3b8cd721f0817d0a6c3111221e8a91,2026-09-19T23:39:00Z,Notre Dame Fighting Irish,Michigan State Spartans,mybookieag,MyBookie.ag,2026-09-20T01:24:47Z,totals,2026-09-20T01:24:47Z,Under,-125,51.5,20260920012635862581
NCAAF,americanfootball_ncaaf,7e3b8cd721f0817d0a6c3111221e8a91,2026-09-19T23:39:00Z,Notre Dame Fighting Irish,Michigan State Spartans,bovada,Bovada,2026-09-20T01:25:13Z,spreads,2026-09-20T01:25:13Z,Michigan State Spartans,-115,19.5,20260920012635862581
NCAAF,americanfootball_ncaaf,7e3b8cd721f0817d0a6c3111221e8a91,2026-09-19T23:39:00Z,Notre Dame Fighting Irish,Michigan State Spartans,bovada,Bovada,2026-09-20T01:25:13Z,spreads,2026-09-20T01:25:13Z,Notre Dame Fighting Irish,-115,-19.5,20260920012635862581
NCAAF,americanfootball_ncaaf,7e3b8cd721f0817d0a6c3111221e8a91,2026-09-19T23:39:00Z,Notre Dame Fighting Irish,Michigan State Spartans,bovada,Bovada,2026-09-20T01:25:13Z,totals,2026-09-20T01:25:13Z,Over,-105,51.5,20260920012635862581
NCAAF,americanfootball_ncaaf,7e3b8cd721f0817d0a6c3111221e8a91,2026-09-19T23:39:00Z,Notre Dame Fighting Irish,Michigan State Spartans,bovada,Bovada,2026-09-20T01:25:13Z,totals,2026-09-20T01:25:13Z,Under,-125,51.5,20260920012635862581
NCAAF,americanfootball_ncaaf,b7cdc05f280bede1f19b996cc9b95753,2026-09-19T23:40:32Z,Maryland Terrapins,Virginia Tech Hokies,draftkings,DraftKings,2026-09-20T01:25:53Z,h2h,2026-09-20T01:25:53Z,Maryland Terrapins,500,,20260920012635862581
NCAAF,americanfootball_ncaaf,b7cdc05f280bede1f19b996cc9b95753,2026-09-19T23:40:32Z,Maryland Terrapins,Virginia Tech Hokies,draftkings,DraftKings,2026-09-20T01:25:53Z,h2h,2026-09-20T01:25:53Z,Virginia Tech Hokies,-770,,20260920012635862581
NCAAF,americanfootball_ncaaf,b7cdc05f280bede1f19b996cc9b95753,2026-09-19T23:40:32Z,Maryland Terrapins,Virginia Tech Hokies,draftkings,DraftKings,2026-09-20T01:25:53Z,spreads,2026-09-20T01:25:53Z,Maryland Terrapins,-114,10.5,20260920012635862581
NCAAF,americanfootball_ncaaf,b7cdc05f280bede1f19b996cc9b95753,2026-09-19T23:40:32Z,Maryland Terrapins,Virginia Tech Hokies,draftkings,DraftKings,2026-09-20T01:25:53Z,spreads,2026-09-20T01:25:53Z,Virginia Tech Hokies,-116,-10.5,20260920012635862581
NCAAF,americanfootball_ncaaf,b7cdc05f280bede1f19b996cc9b95753,2026-09-19T23:40:32Z,Maryland Terrapins,Virginia Tech Hokies,draftkings,DraftKings,2026-09-20T01:25:53Z,totals,2026-09-20T01:25:53Z,Over,-125,67.5,20260920012635862581
NCAAF,americanfootball_ncaaf,b7cdc05f280bede1f19b996cc9b95753,2026-09-19T23:40:32Z,Maryland Terrapins,Virginia Tech Hokies,draftkings,DraftKings,2026-09-20T01:25:53Z,totals,2026-09-20T01:25:53Z,Under,-106,67.5,20260920012635862581
NCAAF,americanfootball_ncaaf,b7cdc05f280bede1f19b996cc9b95753,2026-09-19T23:40:32Z,Maryland Terrapins,Virginia Tech Hokies,fanduel,FanDuel,2026-09-20T01:26:17Z,h2h,2026-09-20T01:26:17Z,Maryland Terrapins,520,,20260920012635862581
NCAAF,americanfootball_ncaaf,b7cdc05f280bede1f19b996cc9b95753,2026-09-19T23:40:32Z,Maryland Terrapins,Virginia Tech Hokies,fanduel,FanDuel,2026-09-20T01:26:17Z,h2h,2026-09-20T01:26:17Z,Virginia Tech Hokies,-900,,20260920012635862581
NCAAF,americanfootball_ncaaf,b7cdc05f280bede1f19b996cc9b95753,2026-09-19T23:40:32Z,Maryland Terrapins,Virginia Tech Hokies,fanduel,FanDuel,2026-09-20T01:26:17Z,spreads,2026-09-20T01:26:17Z,Maryland Terrapins,-110,11.5,20260920012635862581
NCAAF,americanfootball_ncaaf,b7cdc05f280bede1f19b996cc9b95753,2026-09-19T23:40:32Z,Maryland Terrapins,Virginia Tech Hokies,fanduel,FanDuel,2026-09-20T01:26:17Z,spreads,2026-09-20T01:26:17Z,Virginia Tech Hokies,-120,-11.5,20260920012635862581
NCAAF,americanfootball_ncaaf,b7cdc05f280bede1f19b996cc9b95753,2026-09-19T23:40:32Z,Maryland Terrapins,Virginia Tech Hokies,fanduel,FanDuel,2026-09-20T01:26:17Z,totals,2026-09-20T01:26:17Z,Over,-108,67.5,20260920012635862581
NCAAF,americanfootball_ncaaf,b7cdc05f280bede1f19b996cc9b95753,2026-09-19T23:40:32Z,Maryland Terrapins,Virginia Tech Hokies,fanduel,FanDuel,2026-09-20T01:26:17Z,totals,2026-09-20T01:26:17Z,Under,-122,67.5,20260920012635862581
NCAAF,americanfootball_ncaaf,b7cdc05f280bede1f19b996cc9b95753,2026-09-19T23:40:32Z,Maryland Terrapins,Virginia Tech Hokies,betmgm,BetMGM,2026-09-20T01:26:14Z,h2h,2026-09-20T01:26:14Z,Maryland Terrapins,500,,20260920012635862581
NCAAF,americanfootball_ncaaf,b7cdc05f280bede1f19b996cc9b95753,2026-09-19T23:40:32Z,Maryland Terrapins,Virginia Tech Hokies,betmgm,BetMGM,2026-09-20T01:26:14Z,h2h,2026-09-20T01:26:14Z,Virginia Tech Hokies,-750,,20260920012635862581
NCAAF,americanfootball_ncaaf,b7cdc05f280bede1f19b996cc9b95753,2026-09-19T23:40:32Z,Maryland Terrapins,Virginia Tech Hokies,betmgm,BetMGM,2026-09-20T01:26:14Z,spreads,2026-09-20T01:26:14Z,Maryland Terrapins,-120,10.5,20260920012635862581
NCAAF,americanfootball_ncaaf,b7cdc05f280bede1f19b996cc9b95753,2026-09-19T23:40:32Z,Maryland Terrapins,Virginia Tech Hokies,betmgm,BetMGM,2026-09-20T01:26:14Z,spreads,2026-09-20T01:26:14Z,Virginia Tech Hokies,-110,-10.5,20260920012635862581
NCAAF,americanfootball_ncaaf,b7cdc05f280bede1f19b996cc9b95753,2026-09-19T23:40:32Z,Maryland Terrapins,Virginia Tech Hokies,betmgm,BetMGM,2026-09-20T01:26:14Z,totals,2026-09-20T01:26:14Z,Over,-118,66.5,20260920012635862581
NCAAF,americanfootball_ncaaf,b7cdc05f280bede1f19b996cc9b95753,2026-09-19T23:40:32Z,Maryland Terrapins,Virginia Tech Hokies,betmgm,BetMGM,2026-09-20T01:26:14Z,totals,2026-09-20T01:26:14Z,Under,-110,66.5,20260920012635862581
NCAAF,americanfootball_ncaaf,b7cdc05f280bede1f19b996cc9b95753,2026-09-19T23:40:32Z,Maryland Terrapins,Virginia Tech Hokies,mybookieag,MyBookie.ag,2026-09-20T01:24:47Z,h2h,2026-09-20T01:24:47Z,Maryland Terrapins,600,,20260920012635862581
NCAAF,americanfootball_ncaaf,b7cdc05f280bede1f19b996cc9b95753,2026-09-19T23:40:32Z,Maryland Terrapins,Virginia Tech Hokies,mybookieag,MyBookie.ag,2026-09-20T01:24:47Z,h2h,2026-09-20T01:24:47Z,Virginia Tech Hokies,-1000,,20260920012635862581
NCAAF,americanfootball_ncaaf,b7cdc05f280bede1f19b996cc9b95753,2026-09-19T23:40:32Z,Maryland Terrapins,Virginia Tech Hokies,mybookieag,MyBookie.ag,2026-09-20T01:24:47Z,spreads,2026-09-20T01:24:47Z,Maryland Terrapins,-118,10.5,20260920012635862581
NCAAF,americanfootball_ncaaf,b7cdc05f280bede1f19b996cc9b95753,2026-09-19T23:40:32Z,Maryland Terrapins,Virginia Tech Hokies,mybookieag,MyBookie.ag,2026-09-20T01:24:47Z,spreads,2026-09-20T01:24:47Z,Virginia Tech Hokies,-111,-10.5,20260920012635862581
NCAAF,americanfootball_ncaaf,b7cdc05f280bede1f19b996cc9b95753,2026-09-19T23:40:32Z,Maryland Terrapins,Virginia Tech Hokies,mybookieag,MyBookie.ag,2026-09-20T01:24:47Z,totals,2026-09-20T01:24:47Z,Over,-118,62.5,20260920012635862581
NCAAF,americanfootball_ncaaf,b7cdc05f280bede1f19b996cc9b95753,2026-09-19T23:40:32Z,Maryland Terrapins,Virginia Tech Hokies,mybookieag,MyBookie.ag,2026-09-20T01:24:47Z,totals,2026-09-20T01:24:47Z,Under,-111,62.5,20260920012635862581
NCAAF,americanfootball_ncaaf,b7cdc05f280bede1f19b996cc9b95753,2026-09-19T23:40:32Z,Maryland Terrapins,Virginia Tech Hokies,bovada,Bovada,2026-09-20T01:25:13Z,h2h,2026-09-20T01:25:13Z,Maryland Terrapins,475,,20260920012635862581
NCAAF,americanfootball_ncaaf,b7cdc05f280bede1f19b996cc9b95753,2026-09-19T23:40:32Z,Maryland Terrapins,Virginia Tech Hokies,bovada,Bovada,2026-09-20T01:25:13Z,h2h,2026-09-20T01:25:13Z,Virginia Tech Hokies,-800,,20260920012635862581
NCAAF,americanfootball_ncaaf,b7cdc05f280bede1f19b996cc9b95753,2026-09-19T23:40:32Z,Maryland Terrapins,Virginia Tech Hokies,bovada,Bovada,2026-09-20T01:25:13Z,spreads,2026-09-20T01:25:13Z,Maryland Terrapins,-115,10.5,20260920012635862581
NCAAF,americanfootball_ncaaf,b7cdc05f280bede1f19b996cc9b95753,2026-09-19T23:40:32Z,Maryland Terrapins,Virginia Tech Hokies,bovada,Bovada,2026-09-20T01:25:13Z,spreads,2026-09-20T01:25:13Z,Virginia Tech Hokies,-115,-10.5,20260920012635862581
NCAAF,americanfootball_ncaaf,b7cdc05f280bede1f19b996cc9b95753,2026-09-19T23:40:32Z,Maryland Terrapins,Virginia Tech Hokies,bovada,Bovada,2026-09-20T01:25:13Z,totals,2026-09-20T01:25:13Z,Over,-105,68.5,20260920012635862581
NCAAF,americanfootball_ncaaf,b7cdc05f280bede1f19b996cc9b95753,2026-09-19T23:40:32Z,Maryland Terrapins,Virginia Tech Hokies,bovada,Bovada,2026-09-20T01:25:13Z,totals,2026-09-20T01:25:13Z,Under,-125,68.5,20260920012635862581
NCAAF,americanfootball_ncaaf,cc6953f45fe5acfc853fdf5e5e28a0e7,2026-09-19T23:45:00Z,Tennessee Volunteers,Kennesaw State Owls,fanduel,FanDuel,2026-09-20T01:26:17Z,spreads,2026-09-20T01:26:17Z,Kennesaw State Owls,-114,32.5,20260920012635862581
NCAAF,americanfootball_ncaaf,cc6953f45fe5acfc853fdf5e5e28a0e7,2026-09-19T23:45:00Z,Tennessee Volunteers,Kennesaw State Owls,fanduel,FanDuel,2026-09-20T01:26:17Z,spreads,2026-09-20T01:26:17Z,Tennessee Volunteers,-114,-32.5,20260920012635862581
NCAAF,americanfootball_ncaaf,cc6953f45fe5acfc853fdf5e5e28a0e7,2026-09-19T23:45:00Z,Tennessee Volunteers,Kennesaw State Owls,fanduel,FanDuel,2026-09-20T01:26:17Z,totals,2026-09-20T01:26:17Z,Over,-108,51.5,20260920012635862581
NCAAF,americanfootball_ncaaf,cc6953f45fe5acfc853fdf5e5e28a0e7,2026-09-19T23:45:00Z,Tennessee Volunteers,Kennesaw State Owls,fanduel,FanDuel,2026-09-20T01:26:17Z,totals,2026-09-20T01:26:17Z,Under,-122,51.5,20260920012635862581
NCAAF,americanfootball_ncaaf,cc6953f45fe5acfc853fdf5e5e28a0e7,2026-09-19T23:45:00Z,Tennessee Volunteers,Kennesaw State Owls,draftkings,DraftKings,2026-09-20T01:25:53Z,spreads,2026-09-20T01:25:53Z,Kennesaw State Owls,-101,31.5,20260920012635862581
NCAAF,americanfootball_ncaaf,cc6953f45fe5acfc853fdf5e5e28a0e7,2026-09-19T23:45:00Z,Tennessee Volunteers,Kennesaw State Owls,draftkings,DraftKings,2026-09-20T01:25:53Z,spreads,2026-09-20T01:25:53Z,Tennessee Volunteers,-131,-31.5,20260920012635862581
NCAAF,americanfootball_ncaaf,cc6953f45fe5acfc853fdf5e5e28a0e7,2026-09-19T23:45:00Z,Tennessee Volunteers,Kennesaw State Owls,draftkings,DraftKings,2026-09-20T01:25:53Z,totals,2026-09-20T01:25:53Z,Over,-120,50.5,20260920012635862581
NCAAF,americanfootball_ncaaf,cc6953f45fe5acfc853fdf5e5e28a0e7,2026-09-19T23:45:00Z,Tennessee Volunteers,Kennesaw State Owls,draftkings,DraftKings,2026-09-20T01:25:53Z,totals,2026-09-20T01:25:53Z,Under,-111,50.5,20260920012635862581
NCAAF,americanfootball_ncaaf,cc6953f45fe5acfc853fdf5e5e28a0e7,2026-09-19T23:45:00Z,Tennessee Volunteers,Kennesaw State Owls,bovada,Bovada,2026-09-20T01:25:13Z,spreads,2026-09-20T01:25:13Z,Kennesaw State Owls,100,31.5,20260920012635862581
NCAAF,americanfootball_ncaaf,cc6953f45fe5acfc853fdf5e5e28a0e7,2026-09-19T23:45:00Z,Tennessee Volunteers,Kennesaw State Owls,bovada,Bovada,2026-09-20T01:25:13Z,spreads,2026-09-20T01:25:13Z,Tennessee Volunteers,-130,-31.5,20260920012635862581
NCAAF,americanfootball_ncaaf,cc6953f45fe5acfc853fdf5e5e28a0e7,2026-09-19T23:45:00Z,Tennessee Volunteers,Kennesaw State Owls,bovada,Bovada,2026-09-20T01:25:13Z,totals,2026-09-20T01:25:13Z,Over,-120,50.5,20260920012635862581
NCAAF,americanfootball_ncaaf,cc6953f45fe5acfc853fdf5e5e28a0e7,2026-09-19T23:45:00Z,Tennessee Volunteers,Kennesaw State Owls,bovada,Bovada,2026-09-20T01:25:13Z,totals,2026-09-20T01:25:13Z,Under,-110,50.5,20260920012635862581
NCAAF,americanfootball_ncaaf,cc6953f45fe5acfc853fdf5e5e28a0e7,2026-09-19T23:45:00Z,Tennessee Volunteers,Kennesaw State Owls,mybookieag,MyBookie.ag,2026-09-20T01:24:47Z,spreads,2026-09-20T01:24:47Z,Kennesaw State Owls,-125,32.5,20260920012635862581
NCAAF,americanfootball_ncaaf,cc6953f45fe5acfc853fdf5e5e28a0e7,2026-09-19T23:45:00Z,Tennessee Volunteers,Kennesaw State Owls,mybookieag,MyBookie.ag,2026-09-20T01:24:47Z,spreads,2026-09-20T01:24:47Z,Tennessee Volunteers,100,-32.5,20260920012635862581
NCAAF,americanfootball_ncaaf,cc6953f45fe5acfc853fdf5e5e28a0e7,2026-09-19T23:45:00Z,Tennessee Volunteers,Kennesaw State Owls,mybookieag,MyBookie.ag,2026-09-20T01:24:47Z,totals,2026-09-20T01:24:47Z,Over,-111,51.5,20260920012635862581
NCAAF,americanfootball_ncaaf,cc6953f45fe5acfc853fdf5e5e28a0e7,2026-09-19T23:45:00Z,Tennessee Volunteers,Kennesaw State Owls,mybookieag,MyBookie.ag,2026-09-20T01:24:47Z,totals,2026-09-20T01:24:47Z,Under,-118,51.5,20260920012635862581
NCAAF,americanfootball_ncaaf,65571f1cab1a260aae4a220e38dbbc1d,2026-09-19T23:49:51Z,Ole Miss Rebels,LSU Tigers,fanduel,FanDuel,2026-09-20T01:26:17Z,h2h,2026-09-20T01:26:17Z,LSU Tigers,540,,20260920012635862581
NCAAF,americanfootball_ncaaf,65571f1cab1a260aae4a220e38dbbc1d,2026-09-19T23:49:51Z,Ole Miss Rebels,LSU Tigers,fanduel,FanDuel,2026-09-20T01:26:17Z,h2h,2026-09-20T01:26:17Z,Ole Miss Rebels,-950,,20260920012635862581
NCAAF,americanfootball_ncaaf,65571f1cab1a260aae4a220e38dbbc1d,2026-09-19T23:49:51Z,Ole Miss Rebels,LSU Tigers,fanduel,FanDuel,2026-09-20T01:26:17Z,spreads,2026-09-20T01:26:17Z,LSU Tigers,-114,12.5,20260920012635862581
NCAAF,americanfootball_ncaaf,65571f1cab1a260aae4a220e38dbbc1d,2026-09-19T23:49:51Z,Ole Miss Rebels,LSU Tigers,fanduel,FanDuel,2026-09-20T01:26:17Z,spreads,2026-09-20T01:26:17Z,Ole Miss Rebels,-114,-12.5,20260920012635862581
NCAAF,americanfootball_ncaaf,65571f1cab1a260aae4a220e38dbbc1d,2026-09-19T23:49:51Z,Ole Miss Rebels,LSU Tigers,fanduel,FanDuel,2026-09-20T01:26:17Z,totals,2026-09-20T01:26:17Z,Over,102,59.5,20260920012635862581
NCAAF,americanfootball_ncaaf,65571f1cab1a260aae4a220e38dbbc1d,2026-09-19T23:49:51Z,Ole Miss Rebels,LSU Tigers,fanduel,FanDuel,2026-09-20T01:26:17Z,totals,2026-09-20T01:26:17Z,Under,-136,59.5,20260920012635862581
NCAAF,americanfootball_ncaaf,65571f1cab1a260aae4a220e38dbbc1d,2026-09-19T23:49:51Z,Ole Miss Rebels,LSU Tigers,betmgm,BetMGM,2026-09-20T01:26:14Z,h2h,2026-09-20T01:26:14Z,LSU Tigers,550,,20260920012635862581
NCAAF,americanfootball_ncaaf,65571f1cab1a260aae4a220e38dbbc1d,2026-09-19T23:49:51Z,Ole Miss Rebels,LSU Tigers,betmgm,BetMGM,2026-09-20T01:26:14Z,h2h,2026-09-20T01:26:14Z,Ole Miss Rebels,-800,,20260920012635862581
NCAAF,americanfootball_ncaaf,65571f1cab1a260aae4a220e38dbbc1d,2026-09-19T23:49:51Z,Ole Miss Rebels,LSU Tigers,betmgm,BetMGM,2026-09-20T01:26:14Z,spreads,2026-09-20T01:26:14Z,LSU Tigers,-110,11.5,20260920012635862581
NCAAF,americanfootball_ncaaf,65571f1cab1a260aae4a220e38dbbc1d,2026-09-19T23:49:51Z,Ole Miss Rebels,LSU Tigers,betmgm,BetMGM,2026-09-20T01:26:14Z,spreads,2026-09-20T01:26:14Z,Ole Miss Rebels,-120,-11.5,20260920012635862581
NCAAF,americanfootball_ncaaf,65571f1cab1a260aae4a220e38dbbc1d,2026-09-19T23:49:51Z,Ole Miss Rebels,LSU Tigers,betmgm,BetMGM,2026-09-20T01:26:14Z,totals,2026-09-20T01:26:14Z,Over,-108,59.5,20260920012635862581
NCAAF,americanfootball_ncaaf,65571f1cab1a260aae4a220e38dbbc1d,2026-09-19T23:49:51Z,Ole Miss Rebels,LSU Tigers,betmgm,BetMGM,2026-09-20T01:26:14Z,totals,2026-09-20T01:26:14Z,Under,-110,59.5,20260920012635862581
NCAAF,americanfootball_ncaaf,65571f1cab1a260aae4a220e38dbbc1d,2026-09-19T23:49:51Z,Ole Miss Rebels,LSU Tigers,draftkings,DraftKings,2026-09-20T01:25:53Z,h2h,2026-09-20T01:25:53Z,LSU Tigers,445,,20260920012635862581
NCAAF,americanfootball_ncaaf,65571f1cab1a260aae4a220e38dbbc1d,2026-09-19T23:49:51Z,Ole Miss Rebels,LSU Tigers,draftkings,DraftKings,2026-09-20T01:25:53Z,h2h,2026-09-20T01:25:53Z,Ole Miss Rebels,-670,,20260920012635862581
NCAAF,americanfootball_ncaaf,65571f1cab1a260aae4a220e38dbbc1d,2026-09-19T23:49:51Z,Ole Miss Rebels,LSU Tigers,draftkings,DraftKings,2026-09-20T01:25:53Z,spreads,2026-09-20T01:25:53Z,LSU Tigers,-126,10.5,20260920012635862581
NCAAF,americanfootball_ncaaf,65571f1cab1a260aae4a220e38dbbc1d,2026-09-19T23:49:51Z,Ole Miss Rebels,LSU Tigers,draftkings,DraftKings,2026-09-20T01:25:53Z,spreads,2026-09-20T01:25:53Z,Ole Miss Rebels,-105,-10.5,20260920012635862581
NCAAF,americanfootball_ncaaf,65571f1cab1a260aae4a220e38dbbc1d,2026-09-19T23:49:51Z,Ole Miss Rebels,LSU Tigers,draftkings,DraftKings,2026-09-20T01:25:53Z,totals,2026-09-20T01:25:53Z,Over,-107,59.5,20260920012635862581
NCAAF,americanfootball_ncaaf,65571f1cab1a260aae4a220e38dbbc1d,2026-09-19T23:49:51Z,Ole Miss Rebels,LSU Tigers,draftkings,DraftKings,2026-09-20T01:25:53Z,totals,2026-09-20T01:25:53Z,Under,-124,59.5,20260920012635862581
NCAAF,americanfootball_ncaaf,65571f1cab1a260aae4a220e38dbbc1d,2026-09-19T23:49:51Z,Ole Miss Rebels,LSU Tigers,mybookieag,MyBookie.ag,2026-09-20T01:24:47Z,h2h,2026-09-20T01:24:47Z,LSU Tigers,425,,20260920012635862581
NCAAF,americanfootball_ncaaf,65571f1cab1a260aae4a220e38dbbc1d,2026-09-19T23:49:51Z,Ole Miss Rebels,LSU Tigers,mybookieag,MyBookie.ag,2026-09-20T01:24:47Z,h2h,2026-09-20T01:24:47Z,Ole Miss Rebels,-625,,20260920012635862581
NCAAF,americanfootball_ncaaf,65571f1cab1a260aae4a220e38dbbc1d,2026-09-19T23:49:51Z,Ole Miss Rebels,LSU Tigers,mybookieag,MyBookie.ag,2026-09-20T01:24:47Z,spreads,2026-09-20T01:24:47Z,LSU Tigers,-118,10.5,20260920012635862581
NCAAF,americanfootball_ncaaf,65571f1cab1a260aae4a220e38dbbc1d,2026-09-19T23:49:51Z,Ole Miss Rebels,LSU Tigers,mybookieag,MyBookie.ag,2026-09-20T01:24:47Z,spreads,2026-09-20T01:24:47Z,Ole Miss Rebels,-111,-10.5,20260920012635862581
NCAAF,americanfootball_ncaaf,65571f1cab1a260aae4a220e38dbbc1d,2026-09-19T23:49:51Z,Ole Miss Rebels,LSU Tigers,mybookieag,MyBookie.ag,2026-09-20T01:24:47Z,totals,2026-09-20T01:24:47Z,Over,-118,60.5,20260920012635862581
NCAAF,americanfootball_ncaaf,65571f1cab1a260aae4a220e38dbbc1d,2026-09-19T23:49:51Z,Ole Miss Rebels,LSU Tigers,mybookieag,MyBookie.ag,2026-09-20T01:24:47Z,totals,2026-09-20T01:24:47Z,Under,-111,60.5,20260920012635862581
NCAAF,americanfootball_ncaaf,65571f1cab1a260aae4a220e38dbbc1d,2026-09-19T23:49:51Z,Ole Miss Rebels,LSU Tigers,bovada,Bovada,2026-09-20T01:18:41Z,h2h,2026-09-20T01:18:41Z,LSU Tigers,275,,20260920012635862581
NCAAF,americanfootball_ncaaf,65571f1cab1a260aae4a220e38dbbc1d,2026-09-19T23:49:51Z,Ole Miss Rebels,LSU Tigers,bovada,Bovada,2026-09-20T01:18:41Z,h2h,2026-09-20T01:18:41Z,Ole Miss Rebels,-400,,20260920012635862581
NCAAF,americanfootball_ncaaf,65571f1cab1a260aae4a220e38dbbc1d,2026-09-19T23:49:51Z,Ole Miss Rebels,LSU Tigers,bovada,Bovada,2026-09-20T01:18:41Z,spreads,2026-09-20T01:18:41Z,LSU Tigers,-115,8.5,20260920012635862581
NCAAF,americanfootball_ncaaf,65571f1cab1a260aae4a220e38dbbc1d,2026-09-19T23:49:51Z,Ole Miss Rebels,LSU Tigers,bovada,Bovada,2026-09-20T01:18:41Z,spreads,2026-09-20T01:18:41Z,Ole Miss Rebels,-115,-8.5,20260920012635862581
NCAAF,americanfootball_ncaaf,65571f1cab1a260aae4a220e38dbbc1d,2026-09-19T23:49:51Z,Ole Miss Rebels,LSU Tigers,bovada,Bovada,2026-09-20T01:18:41Z,totals,2026-09-20T01:18:41Z,Over,-115,55.5,20260920012635862581
NCAAF,americanfootball_ncaaf,65571f1cab1a260aae4a220e38dbbc1d,2026-09-19T23:49:51Z,Ole Miss Rebels,LSU Tigers,bovada,Bovada,2026-09-20T01:18:41Z,totals,2026-09-20T01:18:41Z,Under,-115,55.5,20260920012635862581
NCAAF,americanfootball_ncaaf,a64b980a572375c0cc1adba3c3fc2811,2026-09-20T00:00:00Z,TCU Horned Frogs,Arkansas State Red Wolves,fanduel,FanDuel,2026-09-20T01:26:17Z,h2h,2026-09-20T01:26:17Z,Arkansas State Red Wolves,2500,,20260920012635862581
NCAAF,americanfootball_ncaaf,a64b980a572375c0cc1adba3c3fc2811,2026-09-20T00:00:00Z,TCU Horned Frogs,Arkansas State Red Wolves,fanduel,FanDuel,2026-09-20T01:26:17Z,h2h,2026-09-20T01:26:17Z,TCU Horned Frogs,-20000,,20260920012635862581
NCAAF,americanfootball_ncaaf,a64b980a572375c0cc1adba3c3fc2811,2026-09-20T00:00:00Z,TCU Horned Frogs,Arkansas State Red Wolves,fanduel,FanDuel,2026-09-20T01:26:17Z,spreads,2026-09-20T01:26:17Z,Arkansas State Red Wolves,-118,23.5,20260920012635862581
NCAAF,americanfootball_ncaaf,a64b980a572375c0cc1adba3c3fc2811,2026-09-20T00:00:00Z,TCU Horned Frogs,Arkansas State Red Wolves,fanduel,FanDuel,2026-09-20T01:26:17Z,spreads,2026-09-20T01:26:17Z,TCU Horned Frogs,-112,-23.5,20260920012635862581
NCAAF,americanfootball_ncaaf,a64b980a572375c0cc1adba3c3fc2811,2026-09-20T00:00:00Z,TCU Horned Frogs,Arkansas State Red Wolves,fanduel,FanDuel,2026-09-20T01:26:17Z,totals,2026-09-20T01:26:17Z,Over,-125,41.5,20260920012635862581
NCAAF,americanfootball_ncaaf,a64b980a572375c0cc1adba3c3fc2811,2026-09-20T00:00:00Z,TCU Horned Frogs,Arkansas State Red Wolves,fanduel,FanDuel,2026-09-20T01:26:17Z,totals,2026-09-20T01:26:17Z,Under,-106,41.5,20260920012635862581
NCAAF,americanfootball_ncaaf,a64b980a572375c0cc1adba3c3fc2811,2026-09-20T00:00:00Z,TCU Horned Frogs,Arkansas State Red Wolves,draftkings,DraftKings,2026-09-20T01:25:53Z,spreads,2026-09-20T01:25:53Z,Arkansas State Red Wolves,-102,23.5,20260920012635862581
NCAAF,americanfootball_ncaaf,a64b980a572375c0cc1adba3c3fc2811,2026-09-20T00:00:00Z,TCU Horned Frogs,Arkansas State Red Wolves,draftkings,DraftKings,2026-09-20T01:25:53Z,spreads,2026-09-20T01:25:53Z,TCU Horned Frogs,-130,-23.5,20260920012635862581
NCAAF,americanfootball_ncaaf,a64b980a572375c0cc1adba3c3fc2811,2026-09-20T00:00:00Z,TCU Horned Frogs,Arkansas State Red Wolves,draftkings,DraftKings,2026-09-20T01:25:53Z,totals,2026-09-20T01:25:53Z,Over,-122,41.5,20260920012635862581
NCAAF,americanfootball_ncaaf,a64b980a572375c0cc1adba3c3fc2811,2026-09-20T00:00:00Z,TCU Horned Frogs,Arkansas State Red Wolves,draftkings,DraftKings,2026-09-20T01:25:53Z,totals,2026-09-20T01:25:53Z,Under,-109,41.5,20260920012635862581
NCAAF,americanfootball_ncaaf,a64b980a572375c0cc1adba3c3fc2811,2026-09-20T00:00:00Z,TCU Horned Frogs,Arkansas State Red Wolves,betmgm,BetMGM,2026-09-20T01:26:14Z,h2h,2026-09-20T01:26:14Z,Arkansas State Red Wolves,3500,,20260920012635862581
NCAAF,americanfootball_ncaaf,a64b980a572375c0cc1adba3c3fc2811,2026-09-20T00:00:00Z,TCU Horned Frogs,Arkansas State Red Wolves,betmgm,BetMGM,2026-09-20T01:26:14Z,h2h,2026-09-20T01:26:14Z,TCU Horned Frogs,-12500,,20260920012635862581
NCAAF,americanfootball_ncaaf,a64b980a572375c0cc1adba3c3fc2811,2026-09-20T00:00:00Z,TCU Horned Frogs,Arkansas State Red Wolves,betmgm,BetMGM,2026-09-20T01:26:14Z,spreads,2026-09-20T01:26:14Z,Arkansas State Red Wolves,-105,23.5,20260920012635862581
NCAAF,americanfootball_ncaaf,a64b980a572375c0cc1adba3c3fc2811,2026-09-20T00:00:00Z,TCU Horned Frogs,Arkansas State Red Wolves,betmgm,BetMGM,2026-09-20T01:26:14Z,spreads,2026-09-20T01:26:14Z,TCU Horned Frogs,-112,-23.5,20260920012635862581
NCAAF,americanfootball_ncaaf,a64b980a572375c0cc1adba3c3fc2811,2026-09-20T00:00:00Z,TCU Horned Frogs,Arkansas State Red Wolves,betmgm,BetMGM,2026-09-20T01:26:14Z,totals,2026-09-20T01:26:14Z,Over,-115,41.5,20260920012635862581
NCAAF,americanfootball_ncaaf,a64b980a572375c0cc1adba3c3fc2811,2026-09-20T00:00:00Z,TCU Horned Frogs,Arkansas State Red Wolves,betmgm,BetMGM,2026-09-20T01:26:14Z,totals,2026-09-20T01:26:14Z,Under,-115,41.5,20260920012635862581
NCAAF,americanfootball_ncaaf,a64b980a572375c0cc1adba3c3fc2811,2026-09-20T00:00:00Z,TCU Horned Frogs,Arkansas State Red Wolves,mybookieag,MyBookie.ag,2026-09-20T01:24:47Z,spreads,2026-09-20T01:24:47Z,Arkansas State Red Wolves,-125,24.5,20260920012635862581
NCAAF,americanfootball_ncaaf,a64b980a572375c0cc1adba3c3fc2811,2026-09-20T00:00:00Z,TCU Horned Frogs,Arkansas State Red Wolves,mybookieag,MyBookie.ag,2026-09-20T01:24:47Z,spreads,2026-09-20T01:24:47Z,TCU Horned Frogs,100,-24.5,20260920012635862581
NCAAF,americanfootball_ncaaf,a64b980a572375c0cc1adba3c3fc2811,2026-09-20T00:00:00Z,TCU Horned Frogs,Arkansas State Red Wolves,mybookieag,MyBookie.ag,2026-09-20T01:24:47Z,totals,2026-09-20T01:24:47Z,Over,-111,41.5,20260920012635862581
NCAAF,americanfootball_ncaaf,a64b980a572375c0cc1adba3c3fc2811,2026-09-20T00:00:00Z,TCU Horned Frogs,Arkansas State Red Wolves,mybookieag,MyBookie.ag,2026-09-20T01:24:47Z,totals,2026-09-20T01:24:47Z,Under,-111,41.5,20260920012635862581
NCAAF,americanfootball_ncaaf,a64b980a572375c0cc1adba3c3fc2811,2026-09-20T00:00:00Z,TCU Horned Frogs,Arkansas State Red Wolves,bovada,Bovada,2026-09-20T01:25:13Z,spreads,2026-09-20T01:25:13Z,Arkansas State Red Wolves,-105,23.5,20260920012635862581
NCAAF,americanfootball_ncaaf,a64b980a572375c0cc1adba3c3fc2811,2026-09-20T00:00:00Z,TCU Horned Frogs,Arkansas State Red Wolves,bovada,Bovada,2026-09-20T01:25:13Z,spreads,2026-09-20T01:25:13Z,TCU Horned Frogs,-125,-23.5,20260920012635862581
NCAAF,americanfootball_ncaaf,a64b980a572375c0cc1adba3c3fc2811,2026-09-20T00:00:00Z,TCU Horned Frogs,Arkansas State Red Wolves,bovada,Bovada,2026-09-20T01:25:13Z,totals,2026-09-20T01:25:13Z,Over,-110,42.5,20260920012635862581
NCAAF,americanfootball_ncaaf,a64b980a572375c0cc1adba3c3fc2811,2026-09-20T00:00:00Z,TCU Horned Frogs,Arkansas State Red Wolves,bovada,Bovada,2026-09-20T01:25:13Z,totals,2026-09-20T01:25:13Z,Under,-120,42.5,20260920012635862581
NCAAF,americanfootball_ncaaf,0fff6569a000494c8821a53d886df670,2026-09-20T00:00:00Z,Tulsa Golden Hurricane,East Texas A&M Lions,fanduel,FanDuel,2026-09-20T01:26:17Z,spreads,2026-09-20T01:26:17Z,East Texas A&M Lions,-130,34.5,20260920012635862581
NCAAF,americanfootball_ncaaf,0fff6569a000494c8821a53d886df670,2026-09-20T00:00:00Z,Tulsa Golden Hurricane,East Texas A&M Lions,fanduel,FanDuel,2026-09-20T01:26:17Z,spreads,2026-09-20T01:26:17Z,Tulsa Golden Hurricane,-102,-34.5,20260920012635862581
NCAAF,americanfootball_ncaaf,0fff6569a000494c8821a53d886df670,2026-09-20T00:00:00Z,Tulsa Golden Hurricane,East Texas A&M Lions,fanduel,FanDuel,2026-09-20T01:26:17Z,totals,2026-09-20T01:26:17Z,Over,-118,40.5,20260920012635862581
NCAAF,americanfootball_ncaaf,0fff6569a000494c8821a53d886df670,2026-09-20T00:00:00Z,Tulsa Golden Hurricane,East Texas A&M Lions,fanduel,FanDuel,2026-09-20T01:26:17Z,totals,2026-09-20T01:26:17Z,Under,-112,40.5,20260920012635862581
NCAAF,americanfootball_ncaaf,0fff6569a000494c8821a53d886df670,2026-09-20T00:00:00Z,Tulsa Golden Hurricane,East Texas A&M Lions,draftkings,DraftKings,2026-09-20T01:25:53Z,spreads,2026-09-20T01:25:53Z,East Texas A&M Lions,-107,33.5,20260920012635862581
NCAAF,americanfootball_ncaaf,0fff6569a000494c8821a53d886df670,2026-09-20T00:00:00Z,Tulsa Golden Hurricane,East Texas A&M Lions,draftkings,DraftKings,2026-09-20T01:25:53Z,spreads,2026-09-20T01:25:53Z,Tulsa Golden Hurricane,-125,-33.5,20260920012635862581
NCAAF,americanfootball_ncaaf,0fff6569a000494c8821a53d886df670,2026-09-20T00:00:00Z,Tulsa Golden Hurricane,East Texas A&M Lions,draftkings,DraftKings,2026-09-20T01:25:53Z,totals,2026-09-20T01:25:53Z,Over,-118,40.5,20260920012635862581
NCAAF,americanfootball_ncaaf,0fff6569a000494c8821a53d886df670,2026-09-20T00:00:00Z,Tulsa Golden Hurricane,East Texas A&M Lions,draftkings,DraftKings,2026-09-20T01:25:53Z,totals,2026-09-20T01:25:53Z,Under,-112,40.5,20260920012635862581
NCAAF,americanfootball_ncaaf,0fff6569a000494c8821a53d886df670,2026-09-20T00:00:00Z,Tulsa Golden Hurricane,East Texas A&M Lions,bovada,Bovada,2026-09-20T01:25:13Z,spreads,2026-09-20T01:25:13Z,East Texas A&M Lions,-125,34.5,20260920012635862581
NCAAF,americanfootball_ncaaf,0fff6569a000494c8821a53d886df670,2026-09-20T00:00:00Z,Tulsa Golden Hurricane,East Texas A&M Lions,bovada,Bovada,2026-09-20T01:25:13Z,spreads,2026-09-20T01:25:13Z,Tulsa Golden Hurricane,-105,-34.5,20260920012635862581
NCAAF,americanfootball_ncaaf,0fff6569a000494c8821a53d886df670,2026-09-20T00:00:00Z,Tulsa Golden Hurricane,East Texas A&M Lions,bovada,Bovada,2026-09-20T01:25:13Z,totals,2026-09-20T01:25:13Z,Over,-120,40.5,20260920012635862581
NCAAF,americanfootball_ncaaf,0fff6569a000494c8821a53d886df670,2026-09-20T00:00:00Z,Tulsa Golden Hurricane,East Texas A&M Lions,bovada,Bovada,2026-09-20T01:25:13Z,totals,2026-09-20T01:25:13Z,Under,-110,40.5,20260920012635862581
NCAAF,americanfootball_ncaaf,0fff6569a000494c8821a53d886df670,2026-09-20T00:00:00Z,Tulsa Golden Hurricane,East Texas A&M Lions,mybookieag,MyBookie.ag,2026-09-20T01:24:47Z,spreads,2026-09-20T01:24:47Z,East Texas A&M Lions,-125,35.5,20260920012635862581
NCAAF,americanfootball_ncaaf,0fff6569a000494c8821a53d886df670,2026-09-20T00:00:00Z,Tulsa Golden Hurricane,East Texas A&M Lions,mybookieag,MyBookie.ag,2026-09-20T01:24:47Z,spreads,2026-09-20T01:24:47Z,Tulsa Golden Hurricane,100,-35.5,20260920012635862581
NCAAF,americanfootball_ncaaf,0fff6569a000494c8821a53d886df670,2026-09-20T00:00:00Z,Tulsa Golden Hurricane,East Texas A&M Lions,mybookieag,MyBookie.ag,2026-09-20T01:24:47Z,totals,2026-09-20T01:24:47Z,Over,-118,41.5,20260920012635862581
NCAAF,americanfootball_ncaaf,0fff6569a000494c8821a53d886df670,2026-09-20T00:00:00Z,Tulsa Golden Hurricane,East Texas A&M Lions,mybookieag,MyBookie.ag,2026-09-20T01:24:47Z,totals,2026-09-20T01:24:47Z,Under,-105,41.5,20260920012635862581
NCAAF,americanfootball_ncaaf,6059b05ef23d08d9033bd7b5fe38e5d0,2026-09-20T00:02:29Z,Texas Longhorns,UTSA Roadrunners,draftkings,DraftKings,2026-09-20T01:25:53Z,spreads,2026-09-20T01:25:53Z,Texas Longhorns,-120,-30.5,20260920012635862581
NCAAF,americanfootball_ncaaf,6059b05ef23d08d9033bd7b5fe38e5d0,2026-09-20T00:02:29Z,Texas Longhorns,UTSA Roadrunners,draftkings,DraftKings,2026-09-20T01:25:53Z,spreads,2026-09-20T01:25:53Z,UTSA Roadrunners,-111,30.5,20260920012635862581
NCAAF,americanfootball_ncaaf,6059b05ef23d08d9033bd7b5fe38e5d0,2026-09-20T00:02:29Z,Texas Longhorns,UTSA Roadrunners,draftkings,DraftKings,2026-09-20T01:25:53Z,totals,2026-09-20T01:25:53Z,Over,-117,47.5,20260920012635862581
NCAAF,americanfootball_ncaaf,6059b05ef23d08d9033bd7b5fe38e5d0,2026-09-20T00:02:29Z,Texas Longhorns,UTSA Roadrunners,draftkings,DraftKings,2026-09-20T01:25:53Z,totals,2026-09-20T01:25:53Z,Under,-113,47.5,20260920012635862581
NCAAF,americanfootball_ncaaf,6059b05ef23d08d9033bd7b5fe38e5d0,2026-09-20T00:02:29Z,Texas Longhorns,UTSA Roadrunners,fanduel,FanDuel,2026-09-20T01:26:17Z,spreads,2026-09-20T01:26:17Z,Texas Longhorns,-136,-30.5,20260920012635862581
NCAAF,americanfootball_ncaaf,6059b05ef23d08d9033bd7b5fe38e5d0,2026-09-20T00:02:29Z,Texas Longhorns,UTSA Roadrunners,fanduel,FanDuel,2026-09-20T01:26:17Z,spreads,2026-09-20T01:26:17Z,UTSA Roadrunners,102,30.5,20260920012635862581
NCAAF,americanfootball_ncaaf,6059b05ef23d08d9033bd7b5fe38e5d0,2026-09-20T00:02:29Z,Texas Longhorns,UTSA Roadrunners,fanduel,FanDuel,2026-09-20T01:26:17Z,totals,2026-09-20T01:26:17Z,Over,-108,50.5,20260920012635862581
NCAAF,americanfootball_ncaaf,6059b05ef23d08d9033bd7b5fe38e5d0,2026-09-20T00:02:29Z,Texas Longhorns,UTSA Roadrunners,fanduel,FanDuel,2026-09-20T01:26:17Z,totals,2026-09-20T01:26:17Z,Under,-122,50.5,20260920012635862581
NCAAF,americanfootball_ncaaf,6059b05ef23d08d9033bd7b5fe38e5d0,2026-09-20T00:02:29Z,Texas Longhorns,UTSA Roadrunners,mybookieag,MyBookie.ag,2026-09-20T01:24:47Z,spreads,2026-09-20T01:24:47Z,Texas Longhorns,-118,-30.5,20260920012635862581
NCAAF,americanfootball_ncaaf,6059b05ef23d08d9033bd7b5fe38e5d0,2026-09-20T00:02:29Z,Texas Longhorns,UTSA Roadrunners,mybookieag,MyBookie.ag,2026-09-20T01:24:47Z,spreads,2026-09-20T01:24:47Z,UTSA Roadrunners,-105,30.5,20260920012635862581
NCAAF,americanfootball_ncaaf,6059b05ef23d08d9033bd7b5fe38e5d0,2026-09-20T00:02:29Z,Texas Longhorns,UTSA Roadrunners,mybookieag,MyBookie.ag,2026-09-20T01:24:47Z,totals,2026-09-20T01:24:47Z,Over,-118,49.5,20260920012635862581
NCAAF,americanfootball_ncaaf,6059b05ef23d08d9033bd7b5fe38e5d0,2026-09-20T00:02:29Z,Texas Longhorns,UTSA Roadrunners,mybookieag,MyBookie.ag,2026-09-20T01:24:47Z,totals,2026-09-20T01:24:47Z,Under,-111,49.5,20260920012635862581
NCAAF,americanfootball_ncaaf,6059b05ef23d08d9033bd7b5fe38e5d0,2026-09-20T00:02:29Z,Texas Longhorns,UTSA Roadrunners,betmgm,BetMGM,2026-09-20T01:26:14Z,spreads,2026-09-20T01:26:14Z,Texas Longhorns,-102,-32.5,20260920012635862581
NCAAF,americanfootball_ncaaf,6059b05ef23d08d9033bd7b5fe38e5d0,2026-09-20T00:02:29Z,Texas Longhorns,UTSA Roadrunners,betmgm,BetMGM,2026-09-20T01:26:14Z,spreads,2026-09-20T01:26:14Z,UTSA Roadrunners,-130,32.5,20260920012635862581
NCAAF,americanfootball_ncaaf,6059b05ef23d08d9033bd7b5fe38e5d0,2026-09-20T00:02:29Z,Texas Longhorns,UTSA Roadrunners,betmgm,BetMGM,2026-09-20T01:26:14Z,totals,2026-09-20T01:26:14Z,Over,110,50.5,20260920012635862581
NCAAF,americanfootball_ncaaf,6059b05ef23d08d9033bd7b5fe38e5d0,2026-09-20T00:02:29Z,Texas Longhorns,UTSA Roadrunners,betmgm,BetMGM,2026-09-20T01:26:14Z,totals,2026-09-20T01:26:14Z,Under,-145,50.5,20260920012635862581
NCAAF,americanfootball_ncaaf,6059b05ef23d08d9033bd7b5fe38e5d0,2026-09-20T00:02:29Z,Texas Longhorns,UTSA Roadrunners,bovada,Bovada,2026-09-20T01:25:13Z,spreads,2026-09-20T01:25:13Z,Texas Longhorns,-125,-30.5,20260920012635862581
NCAAF,americanfootball_ncaaf,6059b05ef23d08d9033bd7b5fe38e5d0,2026-09-20T00:02:29Z,Texas Longhorns,UTSA Roadrunners,bovada,Bovada,2026-09-20T01:25:13Z,spreads,2026-09-20T01:25:13Z,UTSA Roadrunners,-105,30.5,20260920012635862581
NCAAF,americanfootball_ncaaf,6059b05ef23d08d9033bd7b5fe38e5d0,2026-09-20T00:02:29Z,Texas Longhorns,UTSA Roadrunners,bovada,Bovada,2026-09-20T01:25:13Z,totals,2026-09-20T01:25:13Z,Over,-120,49.5,20260920012635862581
NCAAF,americanfootball_ncaaf,6059b05ef23d08d9033bd7b5fe38e5d0,2026-09-20T00:02:29Z,Texas Longhorns,UTSA Roadrunners,bovada,Bovada,2026-09-20T01:25:13Z,totals,2026-09-20T01:25:13Z,Under,-110,49.5,20260920012635862581
NCAAF,americanfootball_ncaaf,828ceb39d7fd7da80c98174ae5f02dcd,2026-09-20T00:05:00Z,Louisiana Ragin Cajuns,UAB Blazers,fanduel,FanDuel,2026-09-20T01:26:17Z,h2h,2026-09-20T01:26:17Z,Louisiana Ragin Cajuns,-2500,,20260920012635862581
NCAAF,americanfootball_ncaaf,828ceb39d7fd7da80c98174ae5f02dcd,2026-09-20T00:05:00Z,Louisiana Ragin Cajuns,UAB Blazers,fanduel,FanDuel,2026-09-20T01:26:17Z,h2h,2026-09-20T01:26:17Z,UAB Blazers,900,,20260920012635862581
NCAAF,americanfootball_ncaaf,828ceb39d7fd7da80c98174ae5f02dcd,2026-09-20T00:05:00Z,Louisiana Ragin Cajuns,UAB Blazers,fanduel,FanDuel,2026-09-20T01:26:17Z,spreads,2026-09-20T01:26:17Z,Louisiana Ragin Cajuns,-106,-14.5,20260920012635862581
NCAAF,americanfootball_ncaaf,828ceb39d7fd7da80c98174ae5f02dcd,2026-09-20T00:05:00Z,Louisiana Ragin Cajuns,UAB Blazers,fanduel,FanDuel,2026-09-20T01:26:17Z,spreads,2026-09-20T01:26:17Z,UAB Blazers,-125,14.5,20260920012635862581
NCAAF,americanfootball_ncaaf,828ceb39d7fd7da80c98174ae5f02dcd,2026-09-20T00:05:00Z,Louisiana Ragin Cajuns,UAB Blazers,fanduel,FanDuel,2026-09-20T01:26:17Z,totals,2026-09-20T01:26:17Z,Over,-114,55.5,20260920012635862581
NCAAF,americanfootball_ncaaf,828ceb39d7fd7da80c98174ae5f02dcd,2026-09-20T00:05:00Z,Louisiana Ragin Cajuns,UAB Blazers,fanduel,FanDuel,2026-09-20T01:26:17Z,totals,2026-09-20T01:26:17Z,Under,-114,55.5,20260920012635862581
NCAAF,americanfootball_ncaaf,828ceb39d7fd7da80c98174ae5f02dcd,2026-09-20T00:05:00Z,Louisiana Ragin Cajuns,UAB Blazers,draftkings,DraftKings,2026-09-20T01:25:53Z,h2h,2026-09-20T01:25:53Z,Louisiana Ragin Cajuns,-1940,,20260920012635862581
NCAAF,americanfootball_ncaaf,828ceb39d7fd7da80c98174ae5f02dcd,2026-09-20T00:05:00Z,Louisiana Ragin Cajuns,UAB Blazers,draftkings,DraftKings,2026-09-20T01:25:53Z,h2h,2026-09-20T01:25:53Z,UAB Blazers,1000,,20260920012635862581
NCAAF,americanfootball_ncaaf,828ceb39d7fd7da80c98174ae5f02dcd,2026-09-20T00:05:00Z,Louisiana Ragin Cajuns,UAB Blazers,draftkings,DraftKings,2026-09-20T01:25:53Z,spreads,2026-09-20T01:25:53Z,Louisiana Ragin Cajuns,-109,-14.5,20260920012635862581
NCAAF,americanfootball_ncaaf,828ceb39d7fd7da80c98174ae5f02dcd,2026-09-20T00:05:00Z,Louisiana Ragin Cajuns,UAB Blazers,draftkings,DraftKings,2026-09-20T01:25:53Z,spreads,2026-09-20T01:25:53Z,UAB Blazers,-122,14.5,20260920012635862581
NCAAF,americanfootball_ncaaf,828ceb39d7fd7da80c98174ae5f02dcd,2026-09-20T00:05:00Z,Louisiana Ragin Cajuns,UAB Blazers,draftkings,DraftKings,2026-09-20T01:25:53Z,totals,2026-09-20T01:25:53Z,Over,-115,57.5,20260920012635862581
NCAAF,americanfootball_ncaaf,828ceb39d7fd7da80c98174ae5f02dcd,2026-09-20T00:05:00Z,Louisiana Ragin Cajuns,UAB Blazers,draftkings,DraftKings,2026-09-20T01:25:53Z,totals,2026-09-20T01:25:53Z,Under,-116,57.5,20260920012635862581
NCAAF,americanfootball_ncaaf,828ceb39d7fd7da80c98174ae5f02dcd,2026-09-20T00:05:00Z,Louisiana Ragin Cajuns,UAB Blazers,mybookieag,MyBookie.ag,2026-09-20T01:24:47Z,h2h,2026-09-20T01:24:47Z,Louisiana Ragin Cajuns,-833,,20260920012635862581
NCAAF,americanfootball_ncaaf,828ceb39d7fd7da80c98174ae5f02dcd,2026-09-20T00:05:00Z,Louisiana Ragin Cajuns,UAB Blazers,mybookieag,MyBookie.ag,2026-09-20T01:24:47Z,h2h,2026-09-20T01:24:47Z,UAB Blazers,550,,20260920012635862581
NCAAF,americanfootball_ncaaf,828ceb39d7fd7da80c98174ae5f02dcd,2026-09-20T00:05:00Z,Louisiana Ragin Cajuns,UAB Blazers,mybookieag,MyBookie.ag,2026-09-20T01:24:47Z,spreads,2026-09-20T01:24:47Z,Louisiana Ragin Cajuns,-111,-10.5,20260920012635862581
NCAAF,americanfootball_ncaaf,828ceb39d7fd7da80c98174ae5f02dcd,2026-09-20T00:05:00Z,Louisiana Ragin Cajuns,UAB Blazers,mybookieag,MyBookie.ag,2026-09-20T01:24:47Z,spreads,2026-09-20T01:24:47Z,UAB Blazers,-111,10.5,20260920012635862581
NCAAF,americanfootball_ncaaf,828ceb39d7fd7da80c98174ae5f02dcd,2026-09-20T00:05:00Z,Louisiana Ragin Cajuns,UAB Blazers,mybookieag,MyBookie.ag,2026-09-20T01:24:47Z,totals,2026-09-20T01:24:47Z,Over,-125,50.5,20260920012635862581
NCAAF,americanfootball_ncaaf,828ceb39d7fd7da80c98174ae5f02dcd,2026-09-20T00:05:00Z,Louisiana Ragin Cajuns,UAB Blazers,mybookieag,MyBookie.ag,2026-09-20T01:24:47Z,totals,2026-09-20T01:24:47Z,Under,-105,50.5,20260920012635862581
NCAAF,americanfootball_ncaaf,828ceb39d7fd7da80c98174ae5f02dcd,2026-09-20T00:05:00Z,Louisiana Ragin Cajuns,UAB Blazers,bovada,Bovada,2026-09-20T01:25:13Z,h2h,2026-09-20T01:25:13Z,Louisiana Ragin Cajuns,-3300,,20260920012635862581
NCAAF,americanfootball_ncaaf,828ceb39d7fd7da80c98174ae5f02dcd,2026-09-20T00:05:00Z,Louisiana Ragin Cajuns,UAB Blazers,bovada,Bovada,2026-09-20T01:25:13Z,h2h,2026-09-20T01:25:13Z,UAB Blazers,1200,,20260920012635862581
NCAAF,americanfootball_ncaaf,828ceb39d7fd7da80c98174ae5f02dcd,2026-09-20T00:05:00Z,Louisiana Ragin Cajuns,UAB Blazers,bovada,Bovada,2026-09-20T01:25:13Z,spreads,2026-09-20T01:25:13Z,Louisiana Ragin Cajuns,-110,-14.5,20260920012635862581
NCAAF,americanfootball_ncaaf,828ceb39d7fd7da80c98174ae5f02dcd,2026-09-20T00:05:00Z,Louisiana Ragin Cajuns,UAB Blazers,bovada,Bovada,2026-09-20T01:25:13Z,spreads,2026-09-20T01:25:13Z,UAB Blazers,-120,14.5,20260920012635862581
NCAAF,americanfootball_ncaaf,828ceb39d7fd7da80c98174ae5f02dcd,2026-09-20T00:05:00Z,Louisiana Ragin Cajuns,UAB Blazers,bovada,Bovada,2026-09-20T01:25:13Z,totals,2026-09-20T01:25:13Z,Over,-115,56.5,20260920012635862581
NCAAF,americanfootball_ncaaf,828ceb39d7fd7da80c98174ae5f02dcd,2026-09-20T00:05:00Z,Louisiana Ragin Cajuns,UAB Blazers,bovada,Bovada,2026-09-20T01:25:13Z,totals,2026-09-20T01:25:13Z,Under,-115,56.5,20260920012635862581
NCAAF,americanfootball_ncaaf,d3b7a8be0f6c9e50f7afd4005990228b,2026-09-20T00:18:00Z,Colorado State Rams,BYU Cougars,fanduel,FanDuel,2026-09-20T01:26:17Z,spreads,2026-09-20T01:26:17Z,BYU Cougars,-136,-26.5,20260920012635862581
NCAAF,americanfootball_ncaaf,d3b7a8be0f6c9e50f7afd4005990228b,2026-09-20T00:18:00Z,Colorado State Rams,BYU Cougars,fanduel,FanDuel,2026-09-20T01:26:17Z,spreads,2026-09-20T01:26:17Z,Colorado State Rams,102,26.5,20260920012635862581
NCAAF,americanfootball_ncaaf,d3b7a8be0f6c9e50f7afd4005990228b,2026-09-20T00:18:00Z,Colorado State Rams,BYU Cougars,fanduel,FanDuel,2026-09-20T01:26:17Z,totals,2026-09-20T01:26:17Z,Over,-114,58.5,20260920012635862581
NCAAF,americanfootball_ncaaf,d3b7a8be0f6c9e50f7afd4005990228b,2026-09-20T00:18:00Z,Colorado State Rams,BYU Cougars,fanduel,FanDuel,2026-09-20T01:26:17Z,totals,2026-09-20T01:26:17Z,Under,-114,58.5,20260920012635862581
NCAAF,americanfootball_ncaaf,d3b7a8be0f6c9e50f7afd4005990228b,2026-09-20T00:18:00Z,Colorado State Rams,BYU Cougars,draftkings,DraftKings,2026-09-20T01:25:53Z,spreads,2026-09-20T01:25:53Z,BYU Cougars,-110,-27.5,20260920012635862581
NCAAF,americanfootball_ncaaf,d3b7a8be0f6c9e50f7afd4005990228b,2026-09-20T00:18:00Z,Colorado State Rams,BYU Cougars,draftkings,DraftKings,2026-09-20T01:25:53Z,spreads,2026-09-20T01:25:53Z,Colorado State Rams,-120,27.5,20260920012635862581
NCAAF,americanfootball_ncaaf,d3b7a8be0f6c9e50f7afd4005990228b,2026-09-20T00:18:00Z,Colorado State Rams,BYU Cougars,draftkings,DraftKings,2026-09-20T01:25:53Z,totals,2026-09-20T01:25:53Z,Over,-110,61.5,20260920012635862581
NCAAF,americanfootball_ncaaf,d3b7a8be0f6c9e50f7afd4005990228b,2026-09-20T00:18:00Z,Colorado State Rams,BYU Cougars,draftkings,DraftKings,2026-09-20T01:25:53Z,totals,2026-09-20T01:25:53Z,Under,-121,61.5,20260920012635862581
NCAAF,americanfootball_ncaaf,d3b7a8be0f6c9e50f7afd4005990228b,2026-09-20T00:18:00Z,Colorado State Rams,BYU Cougars,betmgm,BetMGM,2026-09-20T01:26:14Z,spreads,2026-09-20T01:26:14Z,BYU Cougars,-115,-27.5,20260920012635862581
NCAAF,americanfootball_ncaaf,d3b7a8be0f6c9e50f7afd4005990228b,2026-09-20T00:18:00Z,Colorado State Rams,BYU Cougars,betmgm,BetMGM,2026-09-20T01:26:14Z,spreads,2026-09-20T01:26:14Z,Colorado State Rams,-115,27.5,20260920012635862581
NCAAF,americanfootball_ncaaf,d3b7a8be0f6c9e50f7afd4005990228b,2026-09-20T00:18:00Z,Colorado State Rams,BYU Cougars,betmgm,BetMGM,2026-09-20T01:26:14Z,totals,2026-09-20T01:26:14Z,Over,-115,59.5,20260920012635862581
NCAAF,americanfootball_ncaaf,d3b7a8be0f6c9e50f7afd4005990228b,2026-09-20T00:18:00Z,Colorado State Rams,BYU Cougars,betmgm,BetMGM,2026-09-20T01:26:14Z,totals,2026-09-20T01:26:14Z,Under,-115,59.5,20260920012635862581
NCAAF,americanfootball_ncaaf,d3b7a8be0f6c9e50f7afd4005990228b,2026-09-20T00:18:00Z,Colorado State Rams,BYU Cougars,mybookieag,MyBookie.ag,2026-09-20T01:24:47Z,spreads,2026-09-20T01:24:47Z,BYU Cougars,-111,-25.5,20260920012635862581
NCAAF,americanfootball_ncaaf,d3b7a8be0f6c9e50f7afd4005990228b,2026-09-20T00:18:00Z,Colorado State Rams,BYU Cougars,mybookieag,MyBookie.ag,2026-09-20T01:24:47Z,spreads,2026-09-20T01:24:47Z,Colorado State Rams,-118,25.5,20260920012635862581
NCAAF,americanfootball_ncaaf,d3b7a8be0f6c9e50f7afd4005990228b,2026-09-20T00:18:00Z,Colorado State Rams,BYU Cougars,mybookieag,MyBookie.ag,2026-09-20T01:24:47Z,totals,2026-09-20T01:24:47Z,Over,-105,62.5,20260920012635862581
NCAAF,americanfootball_ncaaf,d3b7a8be0f6c9e50f7afd4005990228b,2026-09-20T00:18:00Z,Colorado State Rams,BYU Cougars,mybookieag,MyBookie.ag,2026-09-20T01:24:47Z,totals,2026-09-20T01:24:47Z,Under,-118,62.5,20260920012635862581
NCAAF,americanfootball_ncaaf,d3b7a8be0f6c9e50f7afd4005990228b,2026-09-20T00:18:00Z,Colorado State Rams,BYU Cougars,bovada,Bovada,2026-09-20T01:25:13Z,spreads,2026-09-20T01:25:13Z,BYU Cougars,-110,-27.5,20260920012635862581
NCAAF,americanfootball_ncaaf,d3b7a8be0f6c9e50f7afd4005990228b,2026-09-20T00:18:00Z,Colorado State Rams,BYU Cougars,bovada,Bovada,2026-09-20T01:25:13Z,spreads,2026-09-20T01:25:13Z,Colorado State Rams,-120,27.5,20260920012635862581
NCAAF,americanfootball_ncaaf,d3b7a8be0f6c9e50f7afd4005990228b,2026-09-20T00:18:00Z,Colorado State Rams,BYU Cougars,bovada,Bovada,2026-09-20T01:25:13Z,totals,2026-09-20T01:25:13Z,Over,-115,61.5,20260920012635862581
NCAAF,americanfootball_ncaaf,d3b7a8be0f6c9e50f7afd4005990228b,2026-09-20T00:18:00Z,Colorado State Rams,BYU Cougars,bovada,Bovada,2026-09-20T01:25:13Z,totals,2026-09-20T01:25:13Z,Under,-115,61.5,20260920012635862581
NCAAF,americanfootball_ncaaf,3db3de2fb9101f01f676c1f319837667,2026-09-20T01:35:00Z,Appalachian State Mountaineers,Charlotte 49ers,draftkings,DraftKings,2026-09-20T01:25:53Z,h2h,2026-09-20T01:25:53Z,Appalachian State Mountaineers,-1000,,20260920012635862581
NCAAF,americanfootball_ncaaf,3db3de2fb9101f01f676c1f319837667,2026-09-20T01:35:00Z,Appalachian State Mountaineers,Charlotte 49ers,draftkings,DraftKings,2026-09-20T01:25:53Z,h2h,2026-09-20T01:25:53Z,Charlotte 49ers,650,,20260920012635862581
NCAAF,americanfootball_ncaaf,3db3de2fb9101f01f676c1f319837667,2026-09-20T01:35:00Z,Appalachian State Mountaineers,Charlotte 49ers,draftkings,DraftKings,2026-09-20T01:25:53Z,spreads,2026-09-20T01:25:53Z,Appalachian State Mountaineers,-108,-16.5,20260920012635862581
NCAAF,americanfootball_ncaaf,3db3de2fb9101f01f676c1f319837667,2026-09-20T01:35:00Z,Appalachian State Mountaineers,Charlotte 49ers,draftkings,DraftKings,2026-09-20T01:25:53Z,spreads,2026-09-20T01:25:53Z,Charlotte 49ers,-112,16.5,20260920012635862581
NCAAF,americanfootball_ncaaf,3db3de2fb9101f01f676c1f319837667,2026-09-20T01:35:00Z,Appalachian State Mountaineers,Charlotte 49ers,draftkings,DraftKings,2026-09-20T01:25:53Z,totals,2026-09-20T01:25:53Z,Over,-110,52.5,20260920012635862581
NCAAF,americanfootball_ncaaf,3db3de2fb9101f01f676c1f319837667,2026-09-20T01:35:00Z,Appalachian State Mountaineers,Charlotte 49ers,draftkings,DraftKings,2026-09-20T01:25:53Z,totals,2026-09-20T01:25:53Z,Under,-110,52.5,20260920012635862581
NCAAF,americanfootball_ncaaf,3db3de2fb9101f01f676c1f319837667,2026-09-20T01:35:00Z,Appalachian State Mountaineers,Charlotte 49ers,betmgm,BetMGM,2026-09-20T01:26:14Z,h2h,2026-09-20T01:26:14Z,Appalachian State Mountaineers,-900,,20260920012635862581
NCAAF,americanfootball_ncaaf,3db3de2fb9101f01f676c1f319837667,2026-09-20T01:35:00Z,Appalachian State Mountaineers,Charlotte 49ers,betmgm,BetMGM,2026-09-20T01:26:14Z,h2h,2026-09-20T01:26:14Z,Charlotte 49ers,650,,20260920012635862581
NCAAF,americanfootball_ncaaf,3db3de2fb9101f01f676c1f319837667,2026-09-20T01:35:00Z,Appalachian State Mountaineers,Charlotte 49ers,betmgm,BetMGM,2026-09-20T01:26:14Z,spreads,2026-09-20T01:26:14Z,Appalachian State Mountaineers,-110,-16.0,20260920012635862581
NCAAF,americanfootball_ncaaf,3db3de2fb9101f01f676c1f319837667,2026-09-20T01:35:00Z,Appalachian State Mountaineers,Charlotte 49ers,betmgm,BetMGM,2026-09-20T01:26:14Z,spreads,2026-09-20T01:26:14Z,Charlotte 49ers,-108,16.0,20260920012635862581
NCAAF,americanfootball_ncaaf,3db3de2fb9101f01f676c1f319837667,2026-09-20T01:35:00Z,Appalachian State Mountaineers,Charlotte 49ers,betmgm,BetMGM,2026-09-20T01:26:14Z,totals,2026-09-20T01:26:14Z,Over,-110,52.5,20260920012635862581
NCAAF,americanfootball_ncaaf,3db3de2fb9101f01f676c1f319837667,2026-09-20T01:35:00Z,Appalachian State Mountaineers,Charlotte 49ers,betmgm,BetMGM,2026-09-20T01:26:14Z,totals,2026-09-20T01:26:14Z,Under,-108,52.5,20260920012635862581
NCAAF,americanfootball_ncaaf,3db3de2fb9101f01f676c1f319837667,2026-09-20T01:35:00Z,Appalachian State Mountaineers,Charlotte 49ers,lowvig,LowVig.ag,2026-09-20T01:26:16Z,h2h,2026-09-20T01:26:16Z,Appalachian State Mountaineers,-950,,20260920012635862581
NCAAF,americanfootball_ncaaf,3db3de2fb9101f01f676c1f319837667,2026-09-20T01:35:00Z,Appalachian State Mountaineers,Charlotte 49ers,lowvig,LowVig.ag,2026-09-20T01:26:16Z,h2h,2026-09-20T01:26:16Z,Charlotte 49ers,637,,20260920012635862581
NCAAF,americanfootball_ncaaf,3db3de2fb9101f01f676c1f319837667,2026-09-20T01:35:00Z,Appalachian State Mountaineers,Charlotte 49ers,lowvig,LowVig.ag,2026-09-20T01:26:16Z,spreads,2026-09-20T01:26:16Z,Appalachian State Mountaineers,-106,-15.5,20260920012635862581
NCAAF,americanfootball_ncaaf,3db3de2fb9101f01f676c1f319837667,2026-09-20T01:35:00Z,Appalachian State Mountaineers,Charlotte 49ers,lowvig,LowVig.ag,2026-09-20T01:26:16Z,spreads,2026-09-20T01:26:16Z,Charlotte 49ers,-106,15.5,20260920012635862581
NCAAF,americanfootball_ncaaf,3db3de2fb9101f01f676c1f319837667,2026-09-20T01:35:00Z,Appalachian State Mountaineers,Charlotte 49ers,lowvig,LowVig.ag,2026-09-20T01:26:16Z,totals,2026-09-20T01:26:16Z,Over,-108,53.0,20260920012635862581
NCAAF,americanfootball_ncaaf,3db3de2fb9101f01f676c1f319837667,2026-09-20T01:35:00Z,Appalachian State Mountaineers,Charlotte 49ers,lowvig,LowVig.ag,2026-09-20T01:26:16Z,totals,2026-09-20T01:26:16Z,Under,-108,53.0,20260920012635862581
NCAAF,americanfootball_ncaaf,3db3de2fb9101f01f676c1f319837667,2026-09-20T01:35:00Z,Appalachian State Mountaineers,Charlotte 49ers,betonlineag,BetOnline.ag,2026-09-20T01:25:52Z,h2h,2026-09-20T01:25:52Z,Appalachian State Mountaineers,-950,,20260920012635862581
NCAAF,americanfootball_ncaaf,3db3de2fb9101f01f676c1f319837667,2026-09-20T01:35:00Z,Appalachian State Mountaineers,Charlotte 49ers,betonlineag,BetOnline.ag,2026-09-20T01:25:52Z,h2h,2026-09-20T01:25:52Z,Charlotte 49ers,637,,20260920012635862581
NCAAF,americanfootball_ncaaf,3db3de2fb9101f01f676c1f319837667,2026-09-20T01:35:00Z,Appalachian State Mountaineers,Charlotte 49ers,betonlineag,BetOnline.ag,2026-09-20T01:25:52Z,spreads,2026-09-20T01:25:52Z,Appalachian State Mountaineers,-110,-15.5,20260920012635862581
NCAAF,americanfootball_ncaaf,3db3de2fb9101f01f676c1f319837667,2026-09-20T01:35:00Z,Appalachian State Mountaineers,Charlotte 49ers,betonlineag,BetOnline.ag,2026-09-20T01:25:52Z,spreads,2026-09-20T01:25:52Z,Charlotte 49ers,-110,15.5,20260920012635862581
NCAAF,americanfootball_ncaaf,3db3de2fb9101f01f676c1f319837667,2026-09-20T01:35:00Z,Appalachian State Mountaineers,Charlotte 49ers,betonlineag,BetOnline.ag,2026-09-20T01:25:52Z,totals,2026-09-20T01:25:52Z,Over,-110,53.0,20260920012635862581
NCAAF,americanfootball_ncaaf,3db3de2fb9101f01f676c1f319837667,2026-09-20T01:35:00Z,Appalachian State Mountaineers,Charlotte 49ers,betonlineag,BetOnline.ag,2026-09-20T01:25:52Z,totals,2026-09-20T01:25:52Z,Under,-110,53.0,20260920012635862581
NCAAF,americanfootball_ncaaf,3db3de2fb9101f01f676c1f319837667,2026-09-20T01:35:00Z,Appalachian State Mountaineers,Charlotte 49ers,fanduel,FanDuel,2026-09-20T01:26:17Z,h2h,2026-09-20T01:26:17Z,Appalachian State Mountaineers,-1100,,20260920012635862581
NCAAF,americanfootball_ncaaf,3db3de2fb9101f01f676c1f319837667,2026-09-20T01:35:00Z,Appalachian State Mountaineers,Charlotte 49ers,fanduel,FanDuel,2026-09-20T01:26:17Z,h2h,2026-09-20T01:26:17Z,Charlotte 49ers,600,,20260920012635862581
NCAAF,americanfootball_ncaaf,3db3de2fb9101f01f676c1f319837667,2026-09-20T01:35:00Z,Appalachian State Mountaineers,Charlotte 49ers,fanduel,FanDuel,2026-09-20T01:26:17Z,spreads,2026-09-20T01:26:17Z,Appalachian State Mountaineers,-118,-16.5,20260920012635862581
NCAAF,americanfootball_ncaaf,3db3de2fb9101f01f676c1f319837667,2026-09-20T01:35:00Z,Appalachian State Mountaineers,Charlotte 49ers,fanduel,FanDuel,2026-09-20T01:26:17Z,spreads,2026-09-20T01:26:17Z,Charlotte 49ers,-114,16.5,20260920012635862581
NCAAF,americanfootball_ncaaf,3db3de2fb9101f01f676c1f319837667,2026-09-20T01:35:00Z,Appalachian State Mountaineers,Charlotte 49ers,fanduel,FanDuel,2026-09-20T01:26:17Z,totals,2026-09-20T01:26:17Z,Over,-118,52.5,20260920012635862581
NCAAF,americanfootball_ncaaf,3db3de2fb9101f01f676c1f319837667,2026-09-20T01:35:00Z,Appalachian State Mountaineers,Charlotte 49ers,fanduel,FanDuel,2026-09-20T01:26:17Z,totals,2026-09-20T01:26:17Z,Under,-112,52.5,20260920012635862581
NCAAF,americanfootball_ncaaf,3db3de2fb9101f01f676c1f319837667,2026-09-20T01:35:00Z,Appalachian State Mountaineers,Charlotte 49ers,mybookieag,MyBookie.ag,2026-09-20T01:24:47Z,h2h,2026-09-20T01:24:47Z,Appalachian State Mountaineers,-1000,,20260920012635862581
NCAAF,americanfootball_ncaaf,3db3de2fb9101f01f676c1f319837667,2026-09-20T01:35:00Z,Appalachian State Mountaineers,Charlotte 49ers,mybookieag,MyBookie.ag,2026-09-20T01:24:47Z,h2h,2026-09-20T01:24:47Z,Charlotte 49ers,610,,20260920012635862581
NCAAF,americanfootball_ncaaf,3db3de2fb9101f01f676c1f319837667,2026-09-20T01:35:00Z,Appalachian State Mountaineers,Charlotte 49ers,mybookieag,MyBookie.ag,2026-09-20T01:24:47Z,spreads,2026-09-20T01:24:47Z,Appalachian State Mountaineers,-110,-16.0,20260920012635862581
NCAAF,americanfootball_ncaaf,3db3de2fb9101f01f676c1f319837667,2026-09-20T01:35:00Z,Appalachian State Mountaineers,Charlotte 49ers,mybookieag,MyBookie.ag,2026-09-20T01:24:47Z,spreads,2026-09-20T01:24:47Z,Charlotte 49ers,-110,16.0,20260920012635862581
NCAAF,americanfootball_ncaaf,3db3de2fb9101f01f676c1f319837667,2026-09-20T01:35:00Z,Appalachian State Mountaineers,Charlotte 49ers,mybookieag,MyBookie.ag,2026-09-20T01:24:47Z,totals,2026-09-20T01:24:47Z,Over,-110,52.5,20260920012635862581
NCAAF,americanfootball_ncaaf,3db3de2fb9101f01f676c1f319837667,2026-09-20T01:35:00Z,Appalachian State Mountaineers,Charlotte 49ers,mybookieag,MyBookie.ag,2026-09-20T01:24:47Z,totals,2026-09-20T01:24:47Z,Under,-110,52.5,20260920012635862581
NCAAF,americanfootball_ncaaf,3db3de2fb9101f01f676c1f319837667,2026-09-20T01:35:00Z,Appalachian State Mountaineers,Charlotte 49ers,betus,BetUS,2026-09-20T01:26:15Z,h2h,2026-09-20T01:26:15Z,Appalachian State Mountaineers,-950,,20260920012635862581
NCAAF,americanfootball_ncaaf,3db3de2fb9101f01f676c1f319837667,2026-09-20T01:35:00Z,Appalachian State Mountaineers,Charlotte 49ers,betus,BetUS,2026-09-20T01:26:15Z,h2h,2026-09-20T01:26:15Z,Charlotte 49ers,630,,20260920012635862581
NCAAF,americanfootball_ncaaf,3db3de2fb9101f01f676c1f319837667,2026-09-20T01:35:00Z,Appalachian State Mountaineers,Charlotte 49ers,betus,BetUS,2026-09-20T01:26:15Z,spreads,2026-09-20T01:26:15Z,Appalachian State Mountaineers,-110,-15.5,20260920012635862581
NCAAF,americanfootball_ncaaf,3db3de2fb9101f01f676c1f319837667,2026-09-20T01:35:00Z,Appalachian State Mountaineers,Charlotte 49ers,betus,BetUS,2026-09-20T01:26:15Z,spreads,2026-09-20T01:26:15Z,Charlotte 49ers,-110,15.5,20260920012635862581
NCAAF,americanfootball_ncaaf,3db3de2fb9101f01f676c1f319837667,2026-09-20T01:35:00Z,Appalachian State Mountaineers,Charlotte 49ers,betus,BetUS,2026-09-20T01:26:15Z,totals,2026-09-20T01:26:15Z,Over,-110,53.0,20260920012635862581
NCAAF,americanfootball_ncaaf,3db3de2fb9101f01f676c1f319837667,2026-09-20T01:35:00Z,Appalachian State Mountaineers,Charlotte 49ers,betus,BetUS,2026-09-20T01:26:15Z,totals,2026-09-20T01:26:15Z,Under,-110,53.0,20260920012635862581
NCAAF,americanfootball_ncaaf,6d109b8538a3588ad21a393896d32efc,2026-09-20T02:00:00Z,Boise State Broncos,South Dakota Coyotes,fanduel,FanDuel,2026-09-20T01:26:17Z,h2h,2026-09-20T01:26:17Z,Boise State Broncos,-4000,,20260920012635862581
NCAAF,americanfootball_ncaaf,6d109b8538a3588ad21a393896d32efc,2026-09-20T02:00:00Z,Boise State Broncos,South Dakota Coyotes,fanduel,FanDuel,2026-09-20T01:26:17Z,h2h,2026-09-20T01:26:17Z,South Dakota Coyotes,1400,,20260920012635862581
NCAAF,americanfootball_ncaaf,6d109b8538a3588ad21a393896d32efc,2026-09-20T02:00:00Z,Boise State Broncos,South Dakota Coyotes,fanduel,FanDuel,2026-09-20T01:26:17Z,spreads,2026-09-20T01:26:17Z,Boise State Broncos,-118,-27.5,20260920012635862581
NCAAF,americanfootball_ncaaf,6d109b8538a3588ad21a393896d32efc,2026-09-20T02:00:00Z,Boise State Broncos,South Dakota Coyotes,fanduel,FanDuel,2026-09-20T01:26:17Z,spreads,2026-09-20T01:26:17Z,South Dakota Coyotes,-104,27.5,20260920012635862581
NCAAF,americanfootball_ncaaf,6d109b8538a3588ad21a393896d32efc,2026-09-20T02:00:00Z,Boise State Broncos,South Dakota Coyotes,fanduel,FanDuel,2026-09-20T01:26:17Z,totals,2026-09-20T01:26:17Z,Over,-108,61.5,20260920012635862581
NCAAF,americanfootball_ncaaf,6d109b8538a3588ad21a393896d32efc,2026-09-20T02:00:00Z,Boise State Broncos,South Dakota Coyotes,fanduel,FanDuel,2026-09-20T01:26:17Z,totals,2026-09-20T01:26:17Z,Under,-112,61.5,20260920012635862581
NCAAF,americanfootball_ncaaf,6d109b8538a3588ad21a393896d32efc,2026-09-20T02:00:00Z,Boise State Broncos,South Dakota Coyotes,betrivers,BetRivers,2026-09-20T01:26:14Z,h2h,2026-09-20T01:26:14Z,Boise State Broncos,-10000,,20260920012635862581
NCAAF,americanfootball_ncaaf,6d109b8538a3588ad21a393896d32efc,2026-09-20T02:00:00Z,Boise State Broncos,South Dakota Coyotes,betrivers,BetRivers,2026-09-20T01:26:14Z,h2h,2026-09-20T01:26:14Z,South Dakota Coyotes,1400,,20260920012635862581
NCAAF,americanfootball_ncaaf,6d109b8538a3588ad21a393896d32efc,2026-09-20T02:00:00Z,Boise State Broncos,South Dakota Coyotes,betrivers,BetRivers,2026-09-20T01:26:14Z,spreads,2026-09-20T01:26:14Z,Boise State Broncos,-114,-28.0,20260920012635862581
NCAAF,americanfootball_ncaaf,6d109b8538a3588ad21a393896d32efc,2026-09-20T02:00:00Z,Boise State Broncos,South Dakota Coyotes,betrivers,BetRivers,2026-09-20T01:26:14Z,spreads,2026-09-20T01:26:14Z,South Dakota Coyotes,-109,28.0,20260920012635862581
NCAAF,americanfootball_ncaaf,6d109b8538a3588ad21a393896d32efc,2026-09-20T02:00:00Z,Boise State Broncos,South Dakota Coyotes,betrivers,BetRivers,2026-09-20T01:26:14Z,totals,2026-09-20T01:26:14Z,Over,-110,60.0,20260920012635862581
NCAAF,americanfootball_ncaaf,6d109b8538a3588ad21a393896d32efc,2026-09-20T02:00:00Z,Boise State Broncos,South Dakota Coyotes,betrivers,BetRivers,2026-09-20T01:26:14Z,totals,2026-09-20T01:26:14Z,Under,-113,60.0,20260920012635862581
NCAAF,americanfootball_ncaaf,6d109b8538a3588ad21a393896d32efc,2026-09-20T02:00:00Z,Boise State Broncos,South Dakota Coyotes,draftkings,DraftKings,2026-09-20T01:25:53Z,h2h,2026-09-20T01:25:53Z,Boise State Broncos,-3200,,20260920012635862581
NCAAF,americanfootball_ncaaf,6d109b8538a3588ad21a393896d32efc,2026-09-20T02:00:00Z,Boise State Broncos,South Dakota Coyotes,draftkings,DraftKings,2026-09-20T01:25:53Z,h2h,2026-09-20T01:25:53Z,South Dakota Coyotes,1400,,20260920012635862581
NCAAF,americanfootball_ncaaf,6d109b8538a3588ad21a393896d32efc,2026-09-20T02:00:00Z,Boise State Broncos,South Dakota Coyotes,draftkings,DraftKings,2026-09-20T01:25:53Z,spreads,2026-09-20T01:25:53Z,Boise State Broncos,-102,-28.5,20260920012635862581
NCAAF,americanfootball_ncaaf,6d109b8538a3588ad21a393896d32efc,2026-09-20T02:00:00Z,Boise State Broncos,South Dakota Coyotes,draftkings,DraftKings,2026-09-20T01:25:53Z,spreads,2026-09-20T01:25:53Z,South Dakota Coyotes,-118,28.5,20260920012635862581
NCAAF,americanfootball_ncaaf,6d109b8538a3588ad21a393896d32efc,2026-09-20T02:00:00Z,Boise State Broncos,South Dakota Coyotes,draftkings,DraftKings,2026-09-20T01:25:53Z,totals,2026-09-20T01:25:53Z,Over,-105,61.5,20260920012635862581
NCAAF,americanfootball_ncaaf,6d109b8538a3588ad21a393896d32efc,2026-09-20T02:00:00Z,Boise State Broncos,South Dakota Coyotes,draftkings,DraftKings,2026-09-20T01:25:53Z,totals,2026-09-20T01:25:53Z,Under,-115,61.5,20260920012635862581
NCAAF,americanfootball_ncaaf,6d109b8538a3588ad21a393896d32efc,2026-09-20T02:00:00Z,Boise State Broncos,South Dakota Coyotes,betonlineag,BetOnline.ag,2026-09-20T01:25:52Z,spreads,2026-09-20T01:25:52Z,Boise State Broncos,-115,-28.0,20260920012635862581
NCAAF,americanfootball_ncaaf,6d109b8538a3588ad21a393896d32efc,2026-09-20T02:00:00Z,Boise State Broncos,South Dakota Coyotes,betonlineag,BetOnline.ag,2026-09-20T01:25:52Z,spreads,2026-09-20T01:25:52Z,South Dakota Coyotes,-105,28.0,20260920012635862581
NCAAF,americanfootball_ncaaf,6d109b8538a3588ad21a393896d32efc,2026-09-20T02:00:00Z,Boise State Broncos,South Dakota Coyotes,betonlineag,BetOnline.ag,2026-09-20T01:25:52Z,totals,2026-09-20T01:25:52Z,Over,-115,61.0,20260920012635862581
NCAAF,americanfootball_ncaaf,6d109b8538a3588ad21a393896d32efc,2026-09-20T02:00:00Z,Boise State Broncos,South Dakota Coyotes,betonlineag,BetOnline.ag,2026-09-20T01:25:52Z,totals,2026-09-20T01:25:52Z,Under,-105,61.0,20260920012635862581
NCAAF,americanfootball_ncaaf,6d109b8538a3588ad21a393896d32efc,2026-09-20T02:00:00Z,Boise State Broncos,South Dakota Coyotes,betmgm,BetMGM,2026-09-20T01:26:14Z,h2h,2026-09-20T01:26:14Z,Boise State Broncos,-3000,,20260920012635862581
NCAAF,americanfootball_ncaaf,6d109b8538a3588ad21a393896d32efc,2026-09-20T02:00:00Z,Boise State Broncos,South Dakota Coyotes,betmgm,BetMGM,2026-09-20T01:26:14Z,h2h,2026-09-20T01:26:14Z,South Dakota Coyotes,1650,,20260920012635862581
NCAAF,americanfootball_ncaaf,6d109b8538a3588ad21a393896d32efc,2026-09-20T02:00:00Z,Boise State Broncos,South Dakota Coyotes,betmgm,BetMGM,2026-09-20T01:26:14Z,spreads,2026-09-20T01:26:14Z,Boise State Broncos,-108,-28.0,20260920012635862581
NCAAF,americanfootball_ncaaf,6d109b8538a3588ad21a393896d32efc,2026-09-20T02:00:00Z,Boise State Broncos,South Dakota Coyotes,betmgm,BetMGM,2026-09-20T01:26:14Z,spreads,2026-09-20T01:26:14Z,South Dakota Coyotes,-110,28.0,20260920012635862581
NCAAF,americanfootball_ncaaf,6d109b8538a3588ad21a393896d32efc,2026-09-20T02:00:00Z,Boise State Broncos,South Dakota Coyotes,betmgm,BetMGM,2026-09-20T01:26:14Z,totals,2026-09-20T01:26:14Z,Over,-105,61.5,20260920012635862581
NCAAF,americanfootball_ncaaf,6d109b8538a3588ad21a393896d32efc,2026-09-20T02:00:00Z,Boise State Broncos,South Dakota Coyotes,betmgm,BetMGM,2026-09-20T01:26:14Z,totals,2026-09-20T01:26:14Z,Under,-115,61.5,20260920012635862581
NCAAF,americanfootball_ncaaf,6d109b8538a3588ad21a393896d32efc,2026-09-20T02:00:00Z,Boise State Broncos,South Dakota Coyotes,bovada,Bovada,2026-09-20T01:25:13Z,h2h,2026-09-20T01:25:13Z,Boise State Broncos,-5000,,20260920012635862581
NCAAF,americanfootball_ncaaf,6d109b8538a3588ad21a393896d32efc,2026-09-20T02:00:00Z,Boise State Broncos,South Dakota Coyotes,bovada,Bovada,2026-09-20T01:25:13Z,h2h,2026-09-20T01:25:13Z,South Dakota Coyotes,1200,,20260920012635862581
NCAAF,americanfootball_ncaaf,6d109b8538a3588ad21a393896d32efc,2026-09-20T02:00:00Z,Boise State Broncos,South Dakota Coyotes,bovada,Bovada,2026-09-20T01:25:13Z,spreads,2026-09-20T01:25:13Z,Boise State Broncos,-110,-28.0,20260920012635862581
NCAAF,americanfootball_ncaaf,6d109b8538a3588ad21a393896d32efc,2026-09-20T02:00:00Z,Boise State Broncos,South Dakota Coyotes,bovada,Bovada,2026-09-20T01:25:13Z,spreads,2026-09-20T01:25:13Z,South Dakota Coyotes,-110,28.0,20260920012635862581
NCAAF,americanfootball_ncaaf,6d109b8538a3588ad21a393896d32efc,2026-09-20T02:00:00Z,Boise State Broncos,South Dakota Coyotes,bovada,Bovada,2026-09-20T01:25:13Z,totals,2026-09-20T01:25:13Z,Over,-110,60.5,20260920012635862581
NCAAF,americanfootball_ncaaf,6d109b8538a3588ad21a393896d32efc,2026-09-20T02:00:00Z,Boise State Broncos,South Dakota Coyotes,bovada,Bovada,2026-09-20T01:25:13Z,totals,2026-09-20T01:25:13Z,Under,-110,60.5,20260920012635862581
NCAAF,americanfootball_ncaaf,6d109b8538a3588ad21a393896d32efc,2026-09-20T02:00:00Z,Boise State Broncos,South Dakota Coyotes,lowvig,LowVig.ag,2026-09-20T01:26:16Z,spreads,2026-09-20T01:26:16Z,Boise State Broncos,-115,-28.0,20260920012635862581
NCAAF,americanfootball_ncaaf,6d109b8538a3588ad21a393896d32efc,2026-09-20T02:00:00Z,Boise State Broncos,South Dakota Coyotes,lowvig,LowVig.ag,2026-09-20T01:26:16Z,spreads,2026-09-20T01:26:16Z,South Dakota Coyotes,-105,28.0,20260920012635862581
NCAAF,americanfootball_ncaaf,6d109b8538a3588ad21a393896d32efc,2026-09-20T02:00:00Z,Boise State Broncos,South Dakota Coyotes,lowvig,LowVig.ag,2026-09-20T01:26:16Z,totals,2026-09-20T01:26:16Z,Over,-115,61.0,20260920012635862581
NCAAF,americanfootball_ncaaf,6d109b8538a3588ad21a393896d32efc,2026-09-20T02:00:00Z,Boise State Broncos,South Dakota Coyotes,lowvig,LowVig.ag,2026-09-20T01:26:16Z,totals,2026-09-20T01:26:16Z,Under,-105,61.0,20260920012635862581
NCAAF,americanfootball_ncaaf,0cdf27f150204b8512bca1e2d7cce051,2026-09-20T02:00:00Z,San Diego State Aztecs,James Madison Dukes,draftkings,DraftKings,2026-09-20T01:25:53Z,h2h,2026-09-20T01:25:53Z,James Madison Dukes,120,,20260920012635862581
NCAAF,americanfootball_ncaaf,0cdf27f150204b8512bca1e2d7cce051,2026-09-20T02:00:00Z,San Diego State Aztecs,James Madison Dukes,draftkings,DraftKings,2026-09-20T01:25:53Z,h2h,2026-09-20T01:25:53Z,San Diego State Aztecs,-142,,20260920012635862581
NCAAF,americanfootball_ncaaf,0cdf27f150204b8512bca1e2d7cce051,2026-09-20T02:00:00Z,San Diego State Aztecs,James Madison Dukes,draftkings,DraftKings,2026-09-20T01:25:53Z,spreads,2026-09-20T01:25:53Z,James Madison Dukes,-112,2.5,20260920012635862581
NCAAF,americanfootball_ncaaf,0cdf27f150204b8512bca1e2d7cce051,2026-09-20T02:00:00Z,San Diego State Aztecs,James Madison Dukes,draftkings,DraftKings,2026-09-20T01:25:53Z,spreads,2026-09-20T01:25:53Z,San Diego State Aztecs,-108,-2.5,20260920012635862581
NCAAF,americanfootball_ncaaf,0cdf27f150204b8512bca1e2d7cce051,2026-09-20T02:00:00Z,San Diego State Aztecs,James Madison Dukes,draftkings,DraftKings,2026-09-20T01:25:53Z,totals,2026-09-20T01:25:53Z,Over,-110,46.5,20260920012635862581
NCAAF,americanfootball_ncaaf,0cdf27f150204b8512bca1e2d7cce051,2026-09-20T02:00:00Z,San Diego State Aztecs,James Madison Dukes,draftkings,DraftKings,2026-09-20T01:25:53Z,totals,2026-09-20T01:25:53Z,Under,-110,46.5,20260920012635862581
NCAAF,americanfootball_ncaaf,0cdf27f150204b8512bca1e2d7cce051,2026-09-20T02:00:00Z,San Diego State Aztecs,James Madison Dukes,betonlineag,BetOnline.ag,2026-09-20T01:25:52Z,h2h,2026-09-20T01:25:52Z,James Madison Dukes,108,,20260920012635862581
NCAAF,americanfootball_ncaaf,0cdf27f150204b8512bca1e2d7cce051,2026-09-20T02:00:00Z,San Diego State Aztecs,James Madison Dukes,betonlineag,BetOnline.ag,2026-09-20T01:25:52Z,h2h,2026-09-20T01:25:52Z,San Diego State Aztecs,-128,,20260920012635862581
NCAAF,americanfootball_ncaaf,0cdf27f150204b8512bca1e2d7cce051,2026-09-20T02:00:00Z,San Diego State Aztecs,James Madison Dukes,betonlineag,BetOnline.ag,2026-09-20T01:25:52Z,spreads,2026-09-20T01:25:52Z,James Madison Dukes,100,1.0,20260920012635862581
NCAAF,americanfootball_ncaaf,0cdf27f150204b8512bca1e2d7cce051,2026-09-20T02:00:00Z,San Diego State Aztecs,James Madison Dukes,betonlineag,BetOnline.ag,2026-09-20T01:25:52Z,spreads,2026-09-20T01:25:52Z,San Diego State Aztecs,-120,-1.0,20260920012635862581
NCAAF,americanfootball_ncaaf,0cdf27f150204b8512bca1e2d7cce051,2026-09-20T02:00:00Z,San Diego State Aztecs,James Madison Dukes,betonlineag,BetOnline.ag,2026-09-20T01:25:52Z,totals,2026-09-20T01:25:52Z,Over,-110,47.0,20260920012635862581
NCAAF,americanfootball_ncaaf,0cdf27f150204b8512bca1e2d7cce051,2026-09-20T02:00:00Z,San Diego State Aztecs,James Madison Dukes,betonlineag,BetOnline.ag,2026-09-20T01:25:52Z,totals,2026-09-20T01:25:52Z,Under,-110,47.0,20260920012635862581
NCAAF,americanfootball_ncaaf,0cdf27f150204b8512bca1e2d7cce051,2026-09-20T02:00:00Z,San Diego State Aztecs,James Madison Dukes,lowvig,LowVig.ag,2026-09-20T01:26:16Z,h2h,2026-09-20T01:26:16Z,James Madison Dukes,108,,20260920012635862581
NCAAF,americanfootball_ncaaf,0cdf27f150204b8512bca1e2d7cce051,2026-09-20T02:00:00Z,San Diego State Aztecs,James Madison Dukes,lowvig,LowVig.ag,2026-09-20T01:26:16Z,h2h,2026-09-20T01:26:16Z,San Diego State Aztecs,-128,,20260920012635862581
NCAAF,americanfootball_ncaaf,0cdf27f150204b8512bca1e2d7cce051,2026-09-20T02:00:00Z,San Diego State Aztecs,James Madison Dukes,lowvig,LowVig.ag,2026-09-20T01:26:16Z,spreads,2026-09-20T01:26:16Z,James Madison Dukes,104,1.0,20260920012635862581
NCAAF,americanfootball_ncaaf,0cdf27f150204b8512bca1e2d7cce051,2026-09-20T02:00:00Z,San Diego State Aztecs,James Madison Dukes,lowvig,LowVig.ag,2026-09-20T01:26:16Z,spreads,2026-09-20T01:26:16Z,San Diego State Aztecs,-116,-1.0,20260920012635862581
NCAAF,americanfootball_ncaaf,0cdf27f150204b8512bca1e2d7cce051,2026-09-20T02:00:00Z,San Diego State Aztecs,James Madison Dukes,lowvig,LowVig.ag,2026-09-20T01:26:16Z,totals,2026-09-20T01:26:16Z,Over,-108,47.0,20260920012635862581
NCAAF,americanfootball_ncaaf,0cdf27f150204b8512bca1e2d7cce051,2026-09-20T02:00:00Z,San Diego State Aztecs,James Madison Dukes,lowvig,LowVig.ag,2026-09-20T01:26:16Z,totals,2026-09-20T01:26:16Z,Under,-108,47.0,20260920012635862581
NCAAF,americanfootball_ncaaf,0cdf27f150204b8512bca1e2d7cce051,2026-09-20T02:00:00Z,San Diego State Aztecs,James Madison Dukes,betmgm,BetMGM,2026-09-20T01:26:14Z,h2h,2026-09-20T01:26:14Z,James Madison Dukes,110,,20260920012635862581
NCAAF,americanfootball_ncaaf,0cdf27f150204b8512bca1e2d7cce051,2026-09-20T02:00:00Z,San Diego State Aztecs,James Madison Dukes,betmgm,BetMGM,2026-09-20T01:26:14Z,h2h,2026-09-20T01:26:14Z,San Diego State Aztecs,-135,,20260920012635862581
NCAAF,americanfootball_ncaaf,0cdf27f150204b8512bca1e2d7cce051,2026-09-20T02:00:00Z,San Diego State Aztecs,James Madison Dukes,betmgm,BetMGM,2026-09-20T01:26:14Z,spreads,2026-09-20T01:26:14Z,James Madison Dukes,-105,2.5,20260920012635862581
NCAAF,americanfootball_ncaaf,0cdf27f150204b8512bca1e2d7cce051,2026-09-20T02:00:00Z,San Diego State Aztecs,James Madison Dukes,betmgm,BetMGM,2026-09-20T01:26:14Z,spreads,2026-09-20T01:26:14Z,San Diego State Aztecs,-115,-2.5,20260920012635862581
NCAAF,americanfootball_ncaaf,0cdf27f150204b8512bca1e2d7cce051,2026-09-20T02:00:00Z,San Diego State Aztecs,James Madison Dukes,betmgm,BetMGM,2026-09-20T01:26:14Z,totals,2026-09-20T01:26:14Z,Over,-110,46.5,20260920012635862581
NCAAF,americanfootball_ncaaf,0cdf27f150204b8512bca1e2d7cce051,2026-09-20T02:00:00Z,San Diego State Aztecs,James Madison Dukes,betmgm,BetMGM,2026-09-20T01:26:14Z,totals,2026-09-20T01:26:14Z,Under,-108,46.5,20260920012635862581
NCAAF,americanfootball_ncaaf,0cdf27f150204b8512bca1e2d7cce051,2026-09-20T02:00:00Z,San Diego State Aztecs,James Madison Dukes,mybookieag,MyBookie.ag,2026-09-20T01:24:47Z,h2h,2026-09-20T01:24:47Z,James Madison Dukes,105,,20260920012635862581
NCAAF,americanfootball_ncaaf,0cdf27f150204b8512bca1e2d7cce051,2026-09-20T02:00:00Z,San Diego State Aztecs,James Madison Dukes,mybookieag,MyBookie.ag,2026-09-20T01:24:47Z,h2h,2026-09-20T01:24:47Z,San Diego State Aztecs,-129,,20260920012635862581
NCAAF,americanfootball_ncaaf,0cdf27f150204b8512bca1e2d7cce051,2026-09-20T02:00:00Z,San Diego State Aztecs,James Madison Dukes,mybookieag,MyBookie.ag,2026-09-20T01:24:47Z,spreads,2026-09-20T01:24:47Z,James Madison Dukes,-110,2.0,20260920012635862581
NCAAF,americanfootball_ncaaf,0cdf27f150204b8512bca1e2d7cce051,2026-09-20T02:00:00Z,San Diego State Aztecs,James Madison Dukes,mybookieag,MyBookie.ag,2026-09-20T01:24:47Z,spreads,2026-09-20T01:24:47Z,San Diego State Aztecs,-110,-2.0,20260920012635862581
NCAAF,americanfootball_ncaaf,0cdf27f150204b8512bca1e2d7cce051,2026-09-20T02:00:00Z,San Diego State Aztecs,James Madison Dukes,mybookieag,MyBookie.ag,2026-09-20T01:24:47Z,totals,2026-09-20T01:24:47Z,Over,-110,46.5,20260920012635862581
NCAAF,americanfootball_ncaaf,0cdf27f150204b8512bca1e2d7cce051,2026-09-20T02:00:00Z,San Diego State Aztecs,James Madison Dukes,mybookieag,MyBookie.ag,2026-09-20T01:24:47Z,totals,2026-09-20T01:24:47Z,Under,-110,46.5,20260920012635862581
NCAAF,americanfootball_ncaaf,0cdf27f150204b8512bca1e2d7cce051,2026-09-20T02:00:00Z,San Diego State Aztecs,James Madison Dukes,fanduel,FanDuel,2026-09-20T01:26:17Z,h2h,2026-09-20T01:26:17Z,James Madison Dukes,105,,20260920012635862581
NCAAF,americanfootball_ncaaf,0cdf27f150204b8512bca1e2d7cce051,2026-09-20T02:00:00Z,San Diego State Aztecs,James Madison Dukes,fanduel,FanDuel,2026-09-20T01:26:17Z,h2h,2026-09-20T01:26:17Z,San Diego State Aztecs,-126,,20260920012635862581
NCAAF,americanfootball_ncaaf,0cdf27f150204b8512bca1e2d7cce051,2026-09-20T02:00:00Z,San Diego State Aztecs,James Madison Dukes,fanduel,FanDuel,2026-09-20T01:26:17Z,spreads,2026-09-20T01:26:17Z,James Madison Dukes,-105,1.5,20260920012635862581
NCAAF,americanfootball_ncaaf,0cdf27f150204b8512bca1e2d7cce051,2026-09-20T02:00:00Z,San Diego State Aztecs,James Madison Dukes,fanduel,FanDuel,2026-09-20T01:26:17Z,spreads,2026-09-20T01:26:17Z,San Diego State Aztecs,-115,-1.5,20260920012635862581
NCAAF,americanfootball_ncaaf,0cdf27f150204b8512bca1e2d7cce051,2026-09-20T02:00:00Z,San Diego State Aztecs,James Madison Dukes,fanduel,FanDuel,2026-09-20T01:26:17Z,totals,2026-09-20T01:26:17Z,Over,-112,46.5,20260920012635862581
NCAAF,americanfootball_ncaaf,0cdf27f150204b8512bca1e2d7cce051,2026-09-20T02:00:00Z,San Diego State Aztecs,James Madison Dukes,fanduel,FanDuel,2026-09-20T01:26:17Z,totals,2026-09-20T01:26:17Z,Under,-108,46.5,20260920012635862581
NCAAF,americanfootball_ncaaf,0cdf27f150204b8512bca1e2d7cce051,2026-09-20T02:00:00Z,San Diego State Aztecs,James Madison Dukes,betrivers,BetRivers,2026-09-20T01:26:14Z,h2h,2026-09-20T01:26:14Z,James Madison Dukes,100,,20260920012635862581
NCAAF,americanfootball_ncaaf,0cdf27f150204b8512bca1e2d7cce051,2026-09-20T02:00:00Z,San Diego State Aztecs,James Madison Dukes,betrivers,BetRivers,2026-09-20T01:26:14Z,h2h,2026-09-20T01:26:14Z,San Diego State Aztecs,-122,,20260920012635862581
NCAAF,americanfootball_ncaaf,0cdf27f150204b8512bca1e2d7cce051,2026-09-20T02:00:00Z,San Diego State Aztecs,James Madison Dukes,betrivers,BetRivers,2026-09-20T01:26:14Z,spreads,2026-09-20T01:26:14Z,James Madison Dukes,-109,1.5,20260920012635862581
NCAAF,americanfootball_ncaaf,0cdf27f150204b8512bca1e2d7cce051,2026-09-20T02:00:00Z,San Diego State Aztecs,James Madison Dukes,betrivers,BetRivers,2026-09-20T01:26:14Z,spreads,2026-09-20T01:26:14Z,San Diego State Aztecs,-114,-1.5,20260920012635862581
NCAAF,americanfootball_ncaaf,0cdf27f150204b8512bca1e2d7cce051,2026-09-20T02:00:00Z,San Diego State Aztecs,James Madison Dukes,betrivers,BetRivers,2026-09-20T01:26:14Z,totals,2026-09-20T01:26:14Z,Over,-115,45.5,20260920012635862581
NCAAF,americanfootball_ncaaf,0cdf27f150204b8512bca1e2d7cce051,2026-09-20T02:00:00Z,San Diego State Aztecs,James Madison Dukes,betrivers,BetRivers,2026-09-20T01:26:14Z,totals,2026-09-20T01:26:14Z,Under,-110,45.5,20260920012635862581
NCAAF,americanfootball_ncaaf,0cdf27f150204b8512bca1e2d7cce051,2026-09-20T02:00:00Z,San Diego State Aztecs,James Madison Dukes,betus,BetUS,2026-09-20T01:26:15Z,h2h,2026-09-20T01:26:15Z,James Madison Dukes,120,,20260920012635862581
NCAAF,americanfootball_ncaaf,0cdf27f150204b8512bca1e2d7cce051,2026-09-20T02:00:00Z,San Diego State Aztecs,James Madison Dukes,betus,BetUS,2026-09-20T01:26:15Z,h2h,2026-09-20T01:26:15Z,San Diego State Aztecs,-140,,20260920012635862581
NCAAF,americanfootball_ncaaf,0cdf27f150204b8512bca1e2d7cce051,2026-09-20T02:00:00Z,San Diego State Aztecs,James Madison Dukes,betus,BetUS,2026-09-20T01:26:15Z,spreads,2026-09-20T01:26:15Z,James Madison Dukes,-110,2.0,20260920012635862581
NCAAF,americanfootball_ncaaf,0cdf27f150204b8512bca1e2d7cce051,2026-09-20T02:00:00Z,San Diego State Aztecs,James Madison Dukes,betus,BetUS,2026-09-20T01:26:15Z,spreads,2026-09-20T01:26:15Z,San Diego State Aztecs,-110,-2.0,20260920012635862581
NCAAF,americanfootball_ncaaf,0cdf27f150204b8512bca1e2d7cce051,2026-09-20T02:00:00Z,San Diego State Aztecs,James Madison Dukes,betus,BetUS,2026-09-20T01:26:15Z,totals,2026-09-20T01:26:15Z,Over,-110,47.0,20260920012635862581
NCAAF,americanfootball_ncaaf,0cdf27f150204b8512bca1e2d7cce051,2026-09-20T02:00:00Z,San Diego State Aztecs,James Madison Dukes,betus,BetUS,2026-09-20T01:26:15Z,totals,2026-09-20T01:26:15Z,Under,-110,47.0,20260920012635862581
NCAAF,americanfootball_ncaaf,0cdf27f150204b8512bca1e2d7cce051,2026-09-20T02:00:00Z,San Diego State Aztecs,James Madison Dukes,bovada,Bovada,2026-09-20T01:25:13Z,h2h,2026-09-20T01:25:13Z,James Madison Dukes,115,,20260920012635862581
NCAAF,americanfootball_ncaaf,0cdf27f150204b8512bca1e2d7cce051,2026-09-20T02:00:00Z,San Diego State Aztecs,James Madison Dukes,bovada,Bovada,2026-09-20T01:25:13Z,h2h,2026-09-20T01:25:13Z,San Diego State Aztecs,-135,,20260920012635862581
NCAAF,americanfootball_ncaaf,0cdf27f150204b8512bca1e2d7cce051,2026-09-20T02:00:00Z,San Diego State Aztecs,James Madison Dukes,bovada,Bovada,2026-09-20T01:25:13Z,spreads,2026-09-20T01:25:13Z,James Madison Dukes,-105,2.5,20260920012635862581
NCAAF,americanfootball_ncaaf,0cdf27f150204b8512bca1e2d7cce051,2026-09-20T02:00:00Z,San Diego State Aztecs,James Madison Dukes,bovada,Bovada,2026-09-20T01:25:13Z,spreads,2026-09-20T01:25:13Z,San Diego State Aztecs,-115,-2.5,20260920012635862581
NCAAF,americanfootball_ncaaf,0cdf27f150204b8512bca1e2d7cce051,2026-09-20T02:00:00Z,San Diego State Aztecs,James Madison Dukes,bovada,Bovada,2026-09-20T01:25:13Z,totals,2026-09-20T01:25:13Z,Over,-110,46.5,20260920012635862581
NCAAF,americanfootball_ncaaf,0cdf27f150204b8512bca1e2d7cce051,2026-09-20T02:00:00Z,San Diego State Aztecs,James Madison Dukes,bovada,Bovada,2026-09-20T01:25:13Z,totals,2026-09-20T01:25:13Z,Under,-110,46.5,20260920012635862581
NCAAF,americanfootball_ncaaf,93de8127b5d37170dff2b88deca0b95e,2026-09-20T02:30:00Z,Arizona Wildcats,Northern Illinois Huskies,fanduel,FanDuel,2026-09-20T01:26:17Z,spreads,2026-09-20T01:26:17Z,Arizona Wildcats,-110,-34.5,20260920012635862581
NCAAF,americanfootball_ncaaf,93de8127b5d37170dff2b88deca0b95e,2026-09-20T02:30:00Z,Arizona Wildcats,Northern Illinois Huskies,fanduel,FanDuel,2026-09-20T01:26:17Z,spreads,2026-09-20T01:26:17Z,Northern Illinois Huskies,-110,34.5,20260920012635862581
NCAAF,americanfootball_ncaaf,93de8127b5d37170dff2b88deca0b95e,2026-09-20T02:30:00Z,Arizona Wildcats,Northern Illinois Huskies,fanduel,FanDuel,2026-09-20T01:26:17Z,totals,2026-09-20T01:26:17Z,Over,-108,49.5,20260920012635862581
NCAAF,americanfootball_ncaaf,93de8127b5d37170dff2b88deca0b95e,2026-09-20T02:30:00Z,Arizona Wildcats,Northern Illinois Huskies,fanduel,FanDuel,2026-09-20T01:26:17Z,totals,2026-09-20T01:26:17Z,Under,-112,49.5,20260920012635862581
NCAAF,americanfootball_ncaaf,93de8127b5d37170dff2b88deca0b95e,2026-09-20T02:30:00Z,Arizona Wildcats,Northern Illinois Huskies,draftkings,DraftKings,2026-09-20T01:25:53Z,h2h,2026-09-20T01:25:53Z,Arizona Wildcats,-6500,,20260920012635862581
NCAAF,americanfootball_ncaaf,93de8127b5d37170dff2b88deca0b95e,2026-09-20T02:30:00Z,Arizona Wildcats,Northern Illinois Huskies,draftkings,DraftKings,2026-09-20T01:25:53Z,h2h,2026-09-20T01:25:53Z,Northern Illinois Huskies,2000,,20260920012635862581
NCAAF,americanfootball_ncaaf,93de8127b5d37170dff2b88deca0b95e,2026-09-20T02:30:00Z,Arizona Wildcats,Northern Illinois Huskies,draftkings,DraftKings,2026-09-20T01:25:53Z,spreads,2026-09-20T01:25:53Z,Arizona Wildcats,-105,-34.5,20260920012635862581
NCAAF,americanfootball_ncaaf,93de8127b5d37170dff2b88deca0b95e,2026-09-20T02:30:00Z,Arizona Wildcats,Northern Illinois Huskies,draftkings,DraftKings,2026-09-20T01:25:53Z,spreads,2026-09-20T01:25:53Z,Northern Illinois Huskies,-115,34.5,20260920012635862581
NCAAF,americanfootball_ncaaf,93de8127b5d37170dff2b88deca0b95e,2026-09-20T02:30:00Z,Arizona Wildcats,Northern Illinois Huskies,draftkings,DraftKings,2026-09-20T01:25:53Z,totals,2026-09-20T01:25:53Z,Over,-112,49.5,20260920012635862581
NCAAF,americanfootball_ncaaf,93de8127b5d37170dff2b88deca0b95e,2026-09-20T02:30:00Z,Arizona Wildcats,Northern Illinois Huskies,draftkings,DraftKings,2026-09-20T01:25:53Z,totals,2026-09-20T01:25:53Z,Under,-108,49.5,20260920012635862581
NCAAF,americanfootball_ncaaf,93de8127b5d37170dff2b88deca0b95e,2026-09-20T02:30:00Z,Arizona Wildcats,Northern Illinois Huskies,lowvig,LowVig.ag,2026-09-20T01:26:16Z,spreads,2026-09-20T01:26:16Z,Arizona Wildcats,-101,-34.0,20260920012635862581
NCAAF,americanfootball_ncaaf,93de8127b5d37170dff2b88deca0b95e,2026-09-20T02:30:00Z,Arizona Wildcats,Northern Illinois Huskies,lowvig,LowVig.ag,2026-09-20T01:26:16Z,spreads,2026-09-20T01:26:16Z,Northern Illinois Huskies,-111,34.0,20260920012635862581
NCAAF,americanfootball_ncaaf,93de8127b5d37170dff2b88deca0b95e,2026-09-20T02:30:00Z,Arizona Wildcats,Northern Illinois Huskies,lowvig,LowVig.ag,2026-09-20T01:26:16Z,totals,2026-09-20T01:26:16Z,Over,-108,49.5,20260920012635862581
NCAAF,americanfootball_ncaaf,93de8127b5d37170dff2b88deca0b95e,2026-09-20T02:30:00Z,Arizona Wildcats,Northern Illinois Huskies,lowvig,LowVig.ag,2026-09-20T01:26:16Z,totals,2026-09-20T01:26:16Z,Under,-108,49.5,20260920012635862581
NCAAF,americanfootball_ncaaf,93de8127b5d37170dff2b88deca0b95e,2026-09-20T02:30:00Z,Arizona Wildcats,Northern Illinois Huskies,betonlineag,BetOnline.ag,2026-09-20T01:25:52Z,spreads,2026-09-20T01:25:52Z,Arizona Wildcats,-105,-34.0,20260920012635862581
NCAAF,americanfootball_ncaaf,93de8127b5d37170dff2b88deca0b95e,2026-09-20T02:30:00Z,Arizona Wildcats,Northern Illinois Huskies,betonlineag,BetOnline.ag,2026-09-20T01:25:52Z,spreads,2026-09-20T01:25:52Z,Northern Illinois Huskies,-115,34.0,20260920012635862581
NCAAF,americanfootball_ncaaf,93de8127b5d37170dff2b88deca0b95e,2026-09-20T02:30:00Z,Arizona Wildcats,Northern Illinois Huskies,betonlineag,BetOnline.ag,2026-09-20T01:25:52Z,totals,2026-09-20T01:25:52Z,Over,-110,49.5,20260920012635862581
NCAAF,americanfootball_ncaaf,93de8127b5d37170dff2b88deca0b95e,2026-09-20T02:30:00Z,Arizona Wildcats,Northern Illinois Huskies,betonlineag,BetOnline.ag,2026-09-20T01:25:52Z,totals,2026-09-20T01:25:52Z,Under,-110,49.5,20260920012635862581
NCAAF,americanfootball_ncaaf,93de8127b5d37170dff2b88deca0b95e,2026-09-20T02:30:00Z,Arizona Wildcats,Northern Illinois Huskies,betmgm,BetMGM,2026-09-20T01:26:14Z,h2h,2026-09-20T01:26:14Z,Arizona Wildcats,-25000,,20260920012635862581
NCAAF,americanfootball_ncaaf,93de8127b5d37170dff2b88deca0b95e,2026-09-20T02:30:00Z,Arizona Wildcats,Northern Illinois Huskies,betmgm,BetMGM,2026-09-20T01:26:14Z,h2h,2026-09-20T01:26:14Z,Northern Illinois Huskies,4500,,20260920012635862581
NCAAF,americanfootball_ncaaf,93de8127b5d37170dff2b88deca0b95e,2026-09-20T02:30:00Z,Arizona Wildcats,Northern Illinois Huskies,betmgm,BetMGM,2026-09-20T01:26:14Z,spreads,2026-09-20T01:26:14Z,Arizona Wildcats,-110,-34.0,20260920012635862581
NCAAF,americanfootball_ncaaf,93de8127b5d37170dff2b88deca0b95e,2026-09-20T02:30:00Z,Arizona Wildcats,Northern Illinois Huskies,betmgm,BetMGM,2026-09-20T01:26:14Z,spreads,2026-09-20T01:26:14Z,Northern Illinois Huskies,-110,34.0,20260920012635862581
NCAAF,americanfootball_ncaaf,93de8127b5d37170dff2b88deca0b95e,2026-09-20T02:30:00Z,Arizona Wildcats,Northern Illinois Huskies,betmgm,BetMGM,2026-09-20T01:26:14Z,totals,2026-09-20T01:26:14Z,Over,-110,49.5,20260920012635862581
NCAAF,americanfootball_ncaaf,93de8127b5d37170dff2b88deca0b95e,2026-09-20T02:30:00Z,Arizona Wildcats,Northern Illinois Huskies,betmgm,BetMGM,2026-09-20T01:26:14Z,totals,2026-09-20T01:26:14Z,Under,-108,49.5,20260920012635862581
NCAAF,americanfootball_ncaaf,93de8127b5d37170dff2b88deca0b95e,2026-09-20T02:30:00Z,Arizona Wildcats,Northern Illinois Huskies,betus,BetUS,2026-09-20T01:26:15Z,spreads,2026-09-20T01:26:15Z,Arizona Wildcats,-110,-33.5,20260920012635862581
NCAAF,americanfootball_ncaaf,93de8127b5d37170dff2b88deca0b95e,2026-09-20T02:30:00Z,Arizona Wildcats,Northern Illinois Huskies,betus,BetUS,2026-09-20T01:26:15Z,spreads,2026-09-20T01:26:15Z,Northern Illinois Huskies,-110,33.5,20260920012635862581
NCAAF,americanfootball_ncaaf,93de8127b5d37170dff2b88deca0b95e,2026-09-20T02:30:00Z,Arizona Wildcats,Northern Illinois Huskies,betus,BetUS,2026-09-20T01:26:15Z,totals,2026-09-20T01:26:15Z,Over,-110,49.5,20260920012635862581
NCAAF,americanfootball_ncaaf,93de8127b5d37170dff2b88deca0b95e,2026-09-20T02:30:00Z,Arizona Wildcats,Northern Illinois Huskies,betus,BetUS,2026-09-20T01:26:15Z,totals,2026-09-20T01:26:15Z,Under,-110,49.5,20260920012635862581
NCAAF,americanfootball_ncaaf,93de8127b5d37170dff2b88deca0b95e,2026-09-20T02:30:00Z,Arizona Wildcats,Northern Illinois Huskies,betrivers,BetRivers,2026-09-20T01:26:14Z,spreads,2026-09-20T01:26:14Z,Arizona Wildcats,-112,-34.5,20260920012635862581
NCAAF,americanfootball_ncaaf,93de8127b5d37170dff2b88deca0b95e,2026-09-20T02:30:00Z,Arizona Wildcats,Northern Illinois Huskies,betrivers,BetRivers,2026-09-20T01:26:14Z,spreads,2026-09-20T01:26:14Z,Northern Illinois Huskies,-110,34.5,20260920012635862581
NCAAF,americanfootball_ncaaf,93de8127b5d37170dff2b88deca0b95e,2026-09-20T02:30:00Z,Arizona Wildcats,Northern Illinois Huskies,betrivers,BetRivers,2026-09-20T01:26:14Z,totals,2026-09-20T01:26:14Z,Over,-113,50.5,20260920012635862581
NCAAF,americanfootball_ncaaf,93de8127b5d37170dff2b88deca0b95e,2026-09-20T02:30:00Z,Arizona Wildcats,Northern Illinois Huskies,betrivers,BetRivers,2026-09-20T01:26:14Z,totals,2026-09-20T01:26:14Z,Under,-110,50.5,20260920012635862581
NCAAF,americanfootball_ncaaf,93de8127b5d37170dff2b88deca0b95e,2026-09-20T02:30:00Z,Arizona Wildcats,Northern Illinois Huskies,bovada,Bovada,2026-09-20T01:25:13Z,spreads,2026-09-20T01:25:13Z,Arizona Wildcats,-105,-34.0,20260920012635862581
NCAAF,americanfootball_ncaaf,93de8127b5d37170dff2b88deca0b95e,2026-09-20T02:30:00Z,Arizona Wildcats,Northern Illinois Huskies,bovada,Bovada,2026-09-20T01:25:13Z,spreads,2026-09-20T01:25:13Z,Northern Illinois Huskies,-115,34.0,20260920012635862581
NCAAF,americanfootball_ncaaf,93de8127b5d37170dff2b88deca0b95e,2026-09-20T02:30:00Z,Arizona Wildcats,Northern Illinois Huskies,bovada,Bovada,2026-09-20T01:25:13Z,totals,2026-09-20T01:25:13Z,Over,-110,50.0,20260920012635862581
NCAAF,americanfootball_ncaaf,93de8127b5d37170dff2b88deca0b95e,2026-09-20T02:30:00Z,Arizona Wildcats,Northern Illinois Huskies,bovada,Bovada,2026-09-20T01:25:13Z,totals,2026-09-20T01:25:13Z,Under,-110,50.0,20260920012635862581
NCAAF,americanfootball_ncaaf,0c7583234f964dbb7d9803a27d6b6dae,2026-09-20T02:30:00Z,Sacramento State Hornets,North Dakota State Bison,draftkings,DraftKings,2026-09-20T01:25:53Z,h2h,2026-09-20T01:25:53Z,North Dakota State Bison,-5000,,20260920012635862581
NCAAF,americanfootball_ncaaf,0c7583234f964dbb7d9803a27d6b6dae,2026-09-20T02:30:00Z,Sacramento State Hornets,North Dakota State Bison,draftkings,DraftKings,2026-09-20T01:25:53Z,h2h,2026-09-20T01:25:53Z,Sacramento State Hornets,1800,,20260920012635862581
NCAAF,americanfootball_ncaaf,0c7583234f964dbb7d9803a27d6b6dae,2026-09-20T02:30:00Z,Sacramento State Hornets,North Dakota State Bison,draftkings,DraftKings,2026-09-20T01:25:53Z,spreads,2026-09-20T01:25:53Z,North Dakota State Bison,-115,-26.5,20260920012635862581
NCAAF,americanfootball_ncaaf,0c7583234f964dbb7d9803a27d6b6dae,2026-09-20T02:30:00Z,Sacramento State Hornets,North Dakota State Bison,draftkings,DraftKings,2026-09-20T01:25:53Z,spreads,2026-09-20T01:25:53Z,Sacramento State Hornets,-105,26.5,20260920012635862581
NCAAF,americanfootball_ncaaf,0c7583234f964dbb7d9803a27d6b6dae,2026-09-20T02:30:00Z,Sacramento State Hornets,North Dakota State Bison,draftkings,DraftKings,2026-09-20T01:25:53Z,totals,2026-09-20T01:25:53Z,Over,-118,50.5,20260920012635862581
NCAAF,americanfootball_ncaaf,0c7583234f964dbb7d9803a27d6b6dae,2026-09-20T02:30:00Z,Sacramento State Hornets,North Dakota State Bison,draftkings,DraftKings,2026-09-20T01:25:53Z,totals,2026-09-20T01:25:53Z,Under,-102,50.5,20260920012635862581
NCAAF,americanfootball_ncaaf,0c7583234f964dbb7d9803a27d6b6dae,2026-09-20T02:30:00Z,Sacramento State Hornets,North Dakota State Bison,lowvig,LowVig.ag,2026-09-20T01:26:16Z,h2h,2026-09-20T01:26:16Z,North Dakota State Bison,-4500,,20260920012635862581
NCAAF,americanfootball_ncaaf,0c7583234f964dbb7d9803a27d6b6dae,2026-09-20T02:30:00Z,Sacramento State Hornets,North Dakota State Bison,lowvig,LowVig.ag,2026-09-20T01:26:16Z,h2h,2026-09-20T01:26:16Z,Sacramento State Hornets,1500,,20260920012635862581
NCAAF,americanfootball_ncaaf,0c7583234f964dbb7d9803a27d6b6dae,2026-09-20T02:30:00Z,Sacramento State Hornets,North Dakota State Bison,lowvig,LowVig.ag,2026-09-20T01:26:16Z,spreads,2026-09-20T01:26:16Z,North Dakota State Bison,-106,-25.0,20260920012635862581
NCAAF,americanfootball_ncaaf,0c7583234f964dbb7d9803a27d6b6dae,2026-09-20T02:30:00Z,Sacramento State Hornets,North Dakota State Bison,lowvig,LowVig.ag,2026-09-20T01:26:16Z,spreads,2026-09-20T01:26:16Z,Sacramento State Hornets,-106,25.0,20260920012635862581
NCAAF,americanfootball_ncaaf,0c7583234f964dbb7d9803a27d6b6dae,2026-09-20T02:30:00Z,Sacramento State Hornets,North Dakota State Bison,lowvig,LowVig.ag,2026-09-20T01:26:16Z,totals,2026-09-20T01:26:16Z,Over,-108,50.5,20260920012635862581
NCAAF,americanfootball_ncaaf,0c7583234f964dbb7d9803a27d6b6dae,2026-09-20T02:30:00Z,Sacramento State Hornets,North Dakota State Bison,lowvig,LowVig.ag,2026-09-20T01:26:16Z,totals,2026-09-20T01:26:16Z,Under,-108,50.5,20260920012635862581
NCAAF,americanfootball_ncaaf,0c7583234f964dbb7d9803a27d6b6dae,2026-09-20T02:30:00Z,Sacramento State Hornets,North Dakota State Bison,betonlineag,BetOnline.ag,2026-09-20T01:25:52Z,h2h,2026-09-20T01:25:52Z,North Dakota State Bison,-4500,,20260920012635862581
NCAAF,americanfootball_ncaaf,0c7583234f964dbb7d9803a27d6b6dae,2026-09-20T02:30:00Z,Sacramento State Hornets,North Dakota State Bison,betonlineag,BetOnline.ag,2026-09-20T01:25:52Z,h2h,2026-09-20T01:25:52Z,Sacramento State Hornets,1500,,20260920012635862581
NCAAF,americanfootball_ncaaf,0c7583234f964dbb7d9803a27d6b6dae,2026-09-20T02:30:00Z,Sacramento State Hornets,North Dakota State Bison,betonlineag,BetOnline.ag,2026-09-20T01:25:52Z,spreads,2026-09-20T01:25:52Z,North Dakota State Bison,-110,-25.0,20260920012635862581
NCAAF,americanfootball_ncaaf,0c7583234f964dbb7d9803a27d6b6dae,2026-09-20T02:30:00Z,Sacramento State Hornets,North Dakota State Bison,betonlineag,BetOnline.ag,2026-09-20T01:25:52Z,spreads,2026-09-20T01:25:52Z,Sacramento State Hornets,-110,25.0,20260920012635862581
NCAAF,americanfootball_ncaaf,0c7583234f964dbb7d9803a27d6b6dae,2026-09-20T02:30:00Z,Sacramento State Hornets,North Dakota State Bison,betonlineag,BetOnline.ag,2026-09-20T01:25:52Z,totals,2026-09-20T01:25:52Z,Over,-110,50.5,20260920012635862581
NCAAF,americanfootball_ncaaf,0c7583234f964dbb7d9803a27d6b6dae,2026-09-20T02:30:00Z,Sacramento State Hornets,North Dakota State Bison,betonlineag,BetOnline.ag,2026-09-20T01:25:52Z,totals,2026-09-20T01:25:52Z,Under,-110,50.5,20260920012635862581
NCAAF,americanfootball_ncaaf,0c7583234f964dbb7d9803a27d6b6dae,2026-09-20T02:30:00Z,Sacramento State Hornets,North Dakota State Bison,betmgm,BetMGM,2026-09-20T01:26:14Z,h2h,2026-09-20T01:26:14Z,North Dakota State Bison,-5000,,20260920012635862581
NCAAF,americanfootball_ncaaf,0c7583234f964dbb7d9803a27d6b6dae,2026-09-20T02:30:00Z,Sacramento State Hornets,North Dakota State Bison,betmgm,BetMGM,2026-09-20T01:26:14Z,h2h,2026-09-20T01:26:14Z,Sacramento State Hornets,1900,,20260920012635862581
NCAAF,americanfootball_ncaaf,0c7583234f964dbb7d9803a27d6b6dae,2026-09-20T02:30:00Z,Sacramento State Hornets,North Dakota State Bison,betmgm,BetMGM,2026-09-20T01:26:14Z,spreads,2026-09-20T01:26:14Z,North Dakota State Bison,-110,-25.5,20260920012635862581
NCAAF,americanfootball_ncaaf,0c7583234f964dbb7d9803a27d6b6dae,2026-09-20T02:30:00Z,Sacramento State Hornets,North Dakota State Bison,betmgm,BetMGM,2026-09-20T01:26:14Z,spreads,2026-09-20T01:26:14Z,Sacramento State Hornets,-108,25.5,20260920012635862581
NCAAF,americanfootball_ncaaf,0c7583234f964dbb7d9803a27d6b6dae,2026-09-20T02:30:00Z,Sacramento State Hornets,North Dakota State Bison,betmgm,BetMGM,2026-09-20T01:26:14Z,totals,2026-09-20T01:26:14Z,Over,-112,50.5,20260920012635862581
NCAAF,americanfootball_ncaaf,0c7583234f964dbb7d9803a27d6b6dae,2026-09-20T02:30:00Z,Sacramento State Hornets,North Dakota State Bison,betmgm,BetMGM,2026-09-20T01:26:14Z,totals,2026-09-20T01:26:14Z,Under,-108,50.5,20260920012635862581
NCAAF,americanfootball_ncaaf,0c7583234f964dbb7d9803a27d6b6dae,2026-09-20T02:30:00Z,Sacramento State Hornets,North Dakota State Bison,mybookieag,MyBookie.ag,2026-09-20T01:24:47Z,h2h,2026-09-20T01:24:47Z,North Dakota State Bison,-5049,,20260920012635862581
NCAAF,americanfootball_ncaaf,0c7583234f964dbb7d9803a27d6b6dae,2026-09-20T02:30:00Z,Sacramento State Hornets,North Dakota State Bison,mybookieag,MyBookie.ag,2026-09-20T01:24:47Z,h2h,2026-09-20T01:24:47Z,Sacramento State Hornets,1355,,20260920012635862581
NCAAF,americanfootball_ncaaf,0c7583234f964dbb7d9803a27d6b6dae,2026-09-20T02:30:00Z,Sacramento State Hornets,North Dakota State Bison,mybookieag,MyBookie.ag,2026-09-20T01:24:47Z,spreads,2026-09-20T01:24:47Z,North Dakota State Bison,-110,-25.5,20260920012635862581
NCAAF,americanfootball_ncaaf,0c7583234f964dbb7d9803a27d6b6dae,2026-09-20T02:30:00Z,Sacramento State Hornets,North Dakota State Bison,mybookieag,MyBookie.ag,2026-09-20T01:24:47Z,spreads,2026-09-20T01:24:47Z,Sacramento State Hornets,-110,25.5,20260920012635862581
NCAAF,americanfootball_ncaaf,0c7583234f964dbb7d9803a27d6b6dae,2026-09-20T02:30:00Z,Sacramento State Hornets,North Dakota State Bison,mybookieag,MyBookie.ag,2026-09-20T01:24:47Z,totals,2026-09-20T01:24:47Z,Over,-110,50.5,20260920012635862581
NCAAF,americanfootball_ncaaf,0c7583234f964dbb7d9803a27d6b6dae,2026-09-20T02:30:00Z,Sacramento State Hornets,North Dakota State Bison,mybookieag,MyBookie.ag,2026-09-20T01:24:47Z,totals,2026-09-20T01:24:47Z,Under,-110,50.5,20260920012635862581
NCAAF,americanfootball_ncaaf,0c7583234f964dbb7d9803a27d6b6dae,2026-09-20T02:30:00Z,Sacramento State Hornets,North Dakota State Bison,fanduel,FanDuel,2026-09-20T01:26:17Z,h2h,2026-09-20T01:26:17Z,North Dakota State Bison,-4500,,20260920012635862581
NCAAF,americanfootball_ncaaf,0c7583234f964dbb7d9803a27d6b6dae,2026-09-20T02:30:00Z,Sacramento State Hornets,North Dakota State Bison,fanduel,FanDuel,2026-09-20T01:26:17Z,h2h,2026-09-20T01:26:17Z,Sacramento State Hornets,1600,,20260920012635862581
NCAAF,americanfootball_ncaaf,0c7583234f964dbb7d9803a27d6b6dae,2026-09-20T02:30:00Z,Sacramento State Hornets,North Dakota State Bison,fanduel,FanDuel,2026-09-20T01:26:17Z,spreads,2026-09-20T01:26:17Z,North Dakota State Bison,-112,-25.5,20260920012635862581
NCAAF,americanfootball_ncaaf,0c7583234f964dbb7d9803a27d6b6dae,2026-09-20T02:30:00Z,Sacramento State Hornets,North Dakota State Bison,fanduel,FanDuel,2026-09-20T01:26:17Z,spreads,2026-09-20T01:26:17Z,Sacramento State Hornets,-108,25.5,20260920012635862581
NCAAF,americanfootball_ncaaf,0c7583234f964dbb7d9803a27d6b6dae,2026-09-20T02:30:00Z,Sacramento State Hornets,North Dakota State Bison,fanduel,FanDuel,2026-09-20T01:26:17Z,totals,2026-09-20T01:26:17Z,Over,-115,50.5,20260920012635862581
NCAAF,americanfootball_ncaaf,0c7583234f964dbb7d9803a27d6b6dae,2026-09-20T02:30:00Z,Sacramento State Hornets,North Dakota State Bison,fanduel,FanDuel,2026-09-20T01:26:17Z,totals,2026-09-20T01:26:17Z,Under,-105,50.5,20260920012635862581
NCAAF,americanfootball_ncaaf,0c7583234f964dbb7d9803a27d6b6dae,2026-09-20T02:30:00Z,Sacramento State Hornets,North Dakota State Bison,betus,BetUS,2026-09-20T01:26:15Z,spreads,2026-09-20T01:26:15Z,North Dakota State Bison,-105,-25.5,20260920012635862581
NCAAF,americanfootball_ncaaf,0c7583234f964dbb7d9803a27d6b6dae,2026-09-20T02:30:00Z,Sacramento State Hornets,North Dakota State Bison,betus,BetUS,2026-09-20T01:26:15Z,spreads,2026-09-20T01:26:15Z,Sacramento State Hornets,-115,25.5,20260920012635862581
NCAAF,americanfootball_ncaaf,0c7583234f964dbb7d9803a27d6b6dae,2026-09-20T02:30:00Z,Sacramento State Hornets,North Dakota State Bison,betus,BetUS,2026-09-20T01:26:15Z,totals,2026-09-20T01:26:15Z,Over,-110,50.0,20260920012635862581
NCAAF,americanfootball_ncaaf,0c7583234f964dbb7d9803a27d6b6dae,2026-09-20T02:30:00Z,Sacramento State Hornets,North Dakota State Bison,betus,BetUS,2026-09-20T01:26:15Z,totals,2026-09-20T01:26:15Z,Under,-110,50.0,20260920012635862581
NCAAF,americanfootball_ncaaf,0c7583234f964dbb7d9803a27d6b6dae,2026-09-20T02:30:00Z,Sacramento State Hornets,North Dakota State Bison,betrivers,BetRivers,2026-09-20T01:26:14Z,spreads,2026-09-20T01:26:14Z,North Dakota State Bison,-110,-26.5,20260920012635862581
NCAAF,americanfootball_ncaaf,0c7583234f964dbb7d9803a27d6b6dae,2026-09-20T02:30:00Z,Sacramento State Hornets,North Dakota State Bison,betrivers,BetRivers,2026-09-20T01:26:14Z,spreads,2026-09-20T01:26:14Z,Sacramento State Hornets,-113,26.5,20260920012635862581
NCAAF,americanfootball_ncaaf,0c7583234f964dbb7d9803a27d6b6dae,2026-09-20T02:30:00Z,Sacramento State Hornets,North Dakota State Bison,betrivers,BetRivers,2026-09-20T01:26:14Z,totals,2026-09-20T01:26:14Z,Over,-113,50.5,20260920012635862581
NCAAF,americanfootball_ncaaf,0c7583234f964dbb7d9803a27d6b6dae,2026-09-20T02:30:00Z,Sacramento State Hornets,North Dakota State Bison,betrivers,BetRivers,2026-09-20T01:26:14Z,totals,2026-09-20T01:26:14Z,Under,-113,50.5,20260920012635862581
NCAAF,americanfootball_ncaaf,0c7583234f964dbb7d9803a27d6b6dae,2026-09-20T02:30:00Z,Sacramento State Hornets,North Dakota State Bison,bovada,Bovada,2026-09-20T01:25:13Z,h2h,2026-09-20T01:25:13Z,North Dakota State Bison,-5000,,20260920012635862581
NCAAF,americanfootball_ncaaf,0c7583234f964dbb7d9803a27d6b6dae,2026-09-20T02:30:00Z,Sacramento State Hornets,North Dakota State Bison,bovada,Bovada,2026-09-20T01:25:13Z,h2h,2026-09-20T01:25:13Z,Sacramento State Hornets,1300,,20260920012635862581
NCAAF,americanfootball_ncaaf,0c7583234f964dbb7d9803a27d6b6dae,2026-09-20T02:30:00Z,Sacramento State Hornets,North Dakota State Bison,bovada,Bovada,2026-09-20T01:25:13Z,spreads,2026-09-20T01:25:13Z,North Dakota State Bison,100,-26.5,20260920012635862581
NCAAF,americanfootball_ncaaf,0c7583234f964dbb7d9803a27d6b6dae,2026-09-20T02:30:00Z,Sacramento State Hornets,North Dakota State Bison,bovada,Bovada,2026-09-20T01:25:13Z,spreads,2026-09-20T01:25:13Z,Sacramento State Hornets,-120,26.5,20260920012635862581
NCAAF,americanfootball_ncaaf,0c7583234f964dbb7d9803a27d6b6dae,2026-09-20T02:30:00Z,Sacramento State Hornets,North Dakota State Bison,bovada,Bovada,2026-09-20T01:25:13Z,totals,2026-09-20T01:25:13Z,Over,-110,50.5,20260920012635862581
NCAAF,americanfootball_ncaaf,0c7583234f964dbb7d9803a27d6b6dae,2026-09-20T02:30:00Z,Sacramento State Hornets,North Dakota State Bison,bovada,Bovada,2026-09-20T01:25:13Z,totals,2026-09-20T01:25:13Z,Under,-110,50.5,20260920012635862581
NCAAF,americanfootball_ncaaf,f6db4e789ff9341a9c94befc751c5f53,2026-09-20T03:00:00Z,San Jose State Spartans,Fresno State Bulldogs,fanduel,FanDuel,2026-09-20T01:26:17Z,h2h,2026-09-20T01:26:17Z,Fresno State Bulldogs,-205,,20260920012635862581
NCAAF,americanfootball_ncaaf,f6db4e789ff9341a9c94befc751c5f53,2026-09-20T03:00:00Z,San Jose State Spartans,Fresno State Bulldogs,fanduel,FanDuel,2026-09-20T01:26:17Z,h2h,2026-09-20T01:26:17Z,San Jose State Spartans,168,,20260920012635862581
NCAAF,americanfootball_ncaaf,f6db4e789ff9341a9c94befc751c5f53,2026-09-20T03:00:00Z,San Jose State Spartans,Fresno State Bulldogs,fanduel,FanDuel,2026-09-20T01:26:17Z,spreads,2026-09-20T01:26:17Z,Fresno State Bulldogs,-115,-4.5,20260920012635862581
NCAAF,americanfootball_ncaaf,f6db4e789ff9341a9c94befc751c5f53,2026-09-20T03:00:00Z,San Jose State Spartans,Fresno State Bulldogs,fanduel,FanDuel,2026-09-20T01:26:17Z,spreads,2026-09-20T01:26:17Z,San Jose State Spartans,-105,4.5,20260920012635862581
NCAAF,americanfootball_ncaaf,f6db4e789ff9341a9c94befc751c5f53,2026-09-20T03:00:00Z,San Jose State Spartans,Fresno State Bulldogs,fanduel,FanDuel,2026-09-20T01:26:17Z,totals,2026-09-20T01:26:17Z,Over,-106,48.5,20260920012635862581
NCAAF,americanfootball_ncaaf,f6db4e789ff9341a9c94befc751c5f53,2026-09-20T03:00:00Z,San Jose State Spartans,Fresno State Bulldogs,fanduel,FanDuel,2026-09-20T01:26:17Z,totals,2026-09-20T01:26:17Z,Under,-114,48.5,20260920012635862581
NCAAF,americanfootball_ncaaf,f6db4e789ff9341a9c94befc751c5f53,2026-09-20T03:00:00Z,San Jose State Spartans,Fresno State Bulldogs,draftkings,DraftKings,2026-09-20T01:25:53Z,h2h,2026-09-20T01:25:53Z,Fresno State Bulldogs,-198,,20260920012635862581
NCAAF,americanfootball_ncaaf,f6db4e789ff9341a9c94befc751c5f53,2026-09-20T03:00:00Z,San Jose State Spartans,Fresno State Bulldogs,draftkings,DraftKings,2026-09-20T01:25:53Z,h2h,2026-09-20T01:25:53Z,San Jose State Spartans,164,,20260920012635862581
NCAAF,americanfootball_ncaaf,f6db4e789ff9341a9c94befc751c5f53,2026-09-20T03:00:00Z,San Jose State Spartans,Fresno State Bulldogs,draftkings,DraftKings,2026-09-20T01:25:53Z,spreads,2026-09-20T01:25:53Z,Fresno State Bulldogs,-108,-4.5,20260920012635862581
NCAAF,americanfootball_ncaaf,f6db4e789ff9341a9c94befc751c5f53,2026-09-20T03:00:00Z,San Jose State Spartans,Fresno State Bulldogs,draftkings,DraftKings,2026-09-20T01:25:53Z,spreads,2026-09-20T01:25:53Z,San Jose State Spartans,-112,4.5,20260920012635862581
NCAAF,americanfootball_ncaaf,f6db4e789ff9341a9c94befc751c5f53,2026-09-20T03:00:00Z,San Jose State Spartans,Fresno State Bulldogs,draftkings,DraftKings,2026-09-20T01:25:53Z,totals,2026-09-20T01:25:53Z,Over,-115,47.5,20260920012635862581
NCAAF,americanfootball_ncaaf,f6db4e789ff9341a9c94befc751c5f53,2026-09-20T03:00:00Z,San Jose State Spartans,Fresno State Bulldogs,draftkings,DraftKings,2026-09-20T01:25:53Z,totals,2026-09-20T01:25:53Z,Under,-105,47.5,20260920012635862581
NCAAF,americanfootball_ncaaf,f6db4e789ff9341a9c94befc751c5f53,2026-09-20T03:00:00Z,San Jose State Spartans,Fresno State Bulldogs,lowvig,LowVig.ag,2026-09-20T01:26:16Z,h2h,2026-09-20T01:26:16Z,Fresno State Bulldogs,-195,,20260920012635862581
NCAAF,americanfootball_ncaaf,f6db4e789ff9341a9c94befc751c5f53,2026-09-20T03:00:00Z,San Jose State Spartans,Fresno State Bulldogs,lowvig,LowVig.ag,2026-09-20T01:26:16Z,h2h,2026-09-20T01:26:16Z,San Jose State Spartans,170,,20260920012635862581
NCAAF,americanfootball_ncaaf,f6db4e789ff9341a9c94befc751c5f53,2026-09-20T03:00:00Z,San Jose State Spartans,Fresno State Bulldogs,lowvig,LowVig.ag,2026-09-20T01:26:16Z,spreads,2026-09-20T01:26:16Z,Fresno State Bulldogs,-111,-4.0,20260920012635862581
NCAAF,americanfootball_ncaaf,f6db4e789ff9341a9c94befc751c5f53,2026-09-20T03:00:00Z,San Jose State Spartans,Fresno State Bulldogs,lowvig,LowVig.ag,2026-09-20T01:26:16Z,spreads,2026-09-20T01:26:16Z,San Jose State Spartans,-101,4.0,20260920012635862581
NCAAF,americanfootball_ncaaf,f6db4e789ff9341a9c94befc751c5f53,2026-09-20T03:00:00Z,San Jose State Spartans,Fresno State Bulldogs,lowvig,LowVig.ag,2026-09-20T01:26:16Z,totals,2026-09-20T01:26:16Z,Over,-108,47.0,20260920012635862581
NCAAF,americanfootball_ncaaf,f6db4e789ff9341a9c94befc751c5f53,2026-09-20T03:00:00Z,San Jose State Spartans,Fresno State Bulldogs,lowvig,LowVig.ag,2026-09-20T01:26:16Z,totals,2026-09-20T01:26:16Z,Under,-108,47.0,20260920012635862581
NCAAF,americanfootball_ncaaf,f6db4e789ff9341a9c94befc751c5f53,2026-09-20T03:00:00Z,San Jose State Spartans,Fresno State Bulldogs,betonlineag,BetOnline.ag,2026-09-20T01:25:52Z,h2h,2026-09-20T01:25:52Z,Fresno State Bulldogs,-195,,20260920012635862581
NCAAF,americanfootball_ncaaf,f6db4e789ff9341a9c94befc751c5f53,2026-09-20T03:00:00Z,San Jose State Spartans,Fresno State Bulldogs,betonlineag,BetOnline.ag,2026-09-20T01:25:52Z,h2h,2026-09-20T01:25:52Z,San Jose State Spartans,170,,20260920012635862581
NCAAF,americanfootball_ncaaf,f6db4e789ff9341a9c94befc751c5f53,2026-09-20T03:00:00Z,San Jose State Spartans,Fresno State Bulldogs,betonlineag,BetOnline.ag,2026-09-20T01:25:52Z,spreads,2026-09-20T01:25:52Z,Fresno State Bulldogs,-115,-4.0,20260920012635862581
NCAAF,americanfootball_ncaaf,f6db4e789ff9341a9c94befc751c5f53,2026-09-20T03:00:00Z,San Jose State Spartans,Fresno State Bulldogs,betonlineag,BetOnline.ag,2026-09-20T01:25:52Z,spreads,2026-09-20T01:25:52Z,San Jose State Spartans,-105,4.0,20260920012635862581
NCAAF,americanfootball_ncaaf,f6db4e789ff9341a9c94befc751c5f53,2026-09-20T03:00:00Z,San Jose State Spartans,Fresno State Bulldogs,betonlineag,BetOnline.ag,2026-09-20T01:25:52Z,totals,2026-09-20T01:25:52Z,Over,-110,47.0,20260920012635862581
NCAAF,americanfootball_ncaaf,f6db4e789ff9341a9c94befc751c5f53,2026-09-20T03:00:00Z,San Jose State Spartans,Fresno State Bulldogs,betonlineag,BetOnline.ag,2026-09-20T01:25:52Z,totals,2026-09-20T01:25:52Z,Under,-110,47.0,20260920012635862581
NCAAF,americanfootball_ncaaf,f6db4e789ff9341a9c94befc751c5f53,2026-09-20T03:00:00Z,San Jose State Spartans,Fresno State Bulldogs,betmgm,BetMGM,2026-09-20T01:26:14Z,h2h,2026-09-20T01:26:14Z,Fresno State Bulldogs,-200,,20260920012635862581
NCAAF,americanfootball_ncaaf,f6db4e789ff9341a9c94befc751c5f53,2026-09-20T03:00:00Z,San Jose State Spartans,Fresno State Bulldogs,betmgm,BetMGM,2026-09-20T01:26:14Z,h2h,2026-09-20T01:26:14Z,San Jose State Spartans,165,,20260920012635862581
NCAAF,americanfootball_ncaaf,f6db4e789ff9341a9c94befc751c5f53,2026-09-20T03:00:00Z,San Jose State Spartans,Fresno State Bulldogs,betmgm,BetMGM,2026-09-20T01:26:14Z,spreads,2026-09-20T01:26:14Z,Fresno State Bulldogs,-108,-4.5,20260920012635862581
NCAAF,americanfootball_ncaaf,f6db4e789ff9341a9c94befc751c5f53,2026-09-20T03:00:00Z,San Jose State Spartans,Fresno State Bulldogs,betmgm,BetMGM,2026-09-20T01:26:14Z,spreads,2026-09-20T01:26:14Z,San Jose State Spartans,-110,4.5,20260920012635862581
NCAAF,americanfootball_ncaaf,f6db4e789ff9341a9c94befc751c5f53,2026-09-20T03:00:00Z,San Jose State Spartans,Fresno State Bulldogs,betmgm,BetMGM,2026-09-20T01:26:14Z,totals,2026-09-20T01:26:14Z,Over,-112,47.5,20260920012635862581
NCAAF,americanfootball_ncaaf,f6db4e789ff9341a9c94befc751c5f53,2026-09-20T03:00:00Z,San Jose State Spartans,Fresno State Bulldogs,betmgm,BetMGM,2026-09-20T01:26:14Z,totals,2026-09-20T01:26:14Z,Under,-105,47.5,20260920012635862581
NCAAF,americanfootball_ncaaf,f6db4e789ff9341a9c94befc751c5f53,2026-09-20T03:00:00Z,San Jose State Spartans,Fresno State Bulldogs,mybookieag,MyBookie.ag,2026-09-20T01:24:47Z,h2h,2026-09-20T01:24:47Z,Fresno State Bulldogs,-214,,20260920012635862581
NCAAF,americanfootball_ncaaf,f6db4e789ff9341a9c94befc751c5f53,2026-09-20T03:00:00Z,San Jose State Spartans,Fresno State Bulldogs,mybookieag,MyBookie.ag,2026-09-20T01:24:47Z,h2h,2026-09-20T01:24:47Z,San Jose State Spartans,171,,20260920012635862581
NCAAF,americanfootball_ncaaf,f6db4e789ff9341a9c94befc751c5f53,2026-09-20T03:00:00Z,San Jose State Spartans,Fresno State Bulldogs,mybookieag,MyBookie.ag,2026-09-20T01:24:47Z,spreads,2026-09-20T01:24:47Z,Fresno State Bulldogs,-110,-4.5,20260920012635862581
NCAAF,americanfootball_ncaaf,f6db4e789ff9341a9c94befc751c5f53,2026-09-20T03:00:00Z,San Jose State Spartans,Fresno State Bulldogs,mybookieag,MyBookie.ag,2026-09-20T01:24:47Z,spreads,2026-09-20T01:24:47Z,San Jose State Spartans,-110,4.5,20260920012635862581
NCAAF,americanfootball_ncaaf,f6db4e789ff9341a9c94befc751c5f53,2026-09-20T03:00:00Z,San Jose State Spartans,Fresno State Bulldogs,mybookieag,MyBookie.ag,2026-09-20T01:24:47Z,totals,2026-09-20T01:24:47Z,Over,-110,47.5,20260920012635862581
NCAAF,americanfootball_ncaaf,f6db4e789ff9341a9c94befc751c5f53,2026-09-20T03:00:00Z,San Jose State Spartans,Fresno State Bulldogs,mybookieag,MyBookie.ag,2026-09-20T01:24:47Z,totals,2026-09-20T01:24:47Z,Under,-110,47.5,20260920012635862581
NCAAF,americanfootball_ncaaf,f6db4e789ff9341a9c94befc751c5f53,2026-09-20T03:00:00Z,San Jose State Spartans,Fresno State Bulldogs,betrivers,BetRivers,2026-09-20T01:26:14Z,h2h,2026-09-20T01:26:14Z,Fresno State Bulldogs,-215,,20260920012635862581
NCAAF,americanfootball_ncaaf,f6db4e789ff9341a9c94befc751c5f53,2026-09-20T03:00:00Z,San Jose State Spartans,Fresno State Bulldogs,betrivers,BetRivers,2026-09-20T01:26:14Z,h2h,2026-09-20T01:26:14Z,San Jose State Spartans,165,,20260920012635862581
NCAAF,americanfootball_ncaaf,f6db4e789ff9341a9c94befc751c5f53,2026-09-20T03:00:00Z,San Jose State Spartans,Fresno State Bulldogs,betrivers,BetRivers,2026-09-20T01:26:14Z,spreads,2026-09-20T01:26:14Z,Fresno State Bulldogs,-114,-4.5,20260920012635862581
NCAAF,americanfootball_ncaaf,f6db4e789ff9341a9c94befc751c5f53,2026-09-20T03:00:00Z,San Jose State Spartans,Fresno State Bulldogs,betrivers,BetRivers,2026-09-20T01:26:14Z,spreads,2026-09-20T01:26:14Z,San Jose State Spartans,-109,4.5,20260920012635862581
NCAAF,americanfootball_ncaaf,f6db4e789ff9341a9c94befc751c5f53,2026-09-20T03:00:00Z,San Jose State Spartans,Fresno State Bulldogs,betrivers,BetRivers,2026-09-20T01:26:14Z,totals,2026-09-20T01:26:14Z,Over,-115,48.5,20260920012635862581
NCAAF,americanfootball_ncaaf,f6db4e789ff9341a9c94befc751c5f53,2026-09-20T03:00:00Z,San Jose State Spartans,Fresno State Bulldogs,betrivers,BetRivers,2026-09-20T01:26:14Z,totals,2026-09-20T01:26:14Z,Under,-110,48.5,20260920012635862581
NCAAF,americanfootball_ncaaf,f6db4e789ff9341a9c94befc751c5f53,2026-09-20T03:00:00Z,San Jose State Spartans,Fresno State Bulldogs,betus,BetUS,2026-09-20T01:26:15Z,h2h,2026-09-20T01:26:15Z,Fresno State Bulldogs,-195,,20260920012635862581
NCAAF,americanfootball_ncaaf,f6db4e789ff9341a9c94befc751c5f53,2026-09-20T03:00:00Z,San Jose State Spartans,Fresno State Bulldogs,betus,BetUS,2026-09-20T01:26:15Z,h2h,2026-09-20T01:26:15Z,San Jose State Spartans,167,,20260920012635862581
NCAAF,americanfootball_ncaaf,f6db4e789ff9341a9c94befc751c5f53,2026-09-20T03:00:00Z,San Jose State Spartans,Fresno State Bulldogs,betus,BetUS,2026-09-20T01:26:15Z,spreads,2026-09-20T01:26:15Z,Fresno State Bulldogs,-115,-4.0,20260920012635862581
NCAAF,americanfootball_ncaaf,f6db4e789ff9341a9c94befc751c5f53,2026-09-20T03:00:00Z,San Jose State Spartans,Fresno State Bulldogs,betus,BetUS,2026-09-20T01:26:15Z,spreads,2026-09-20T01:26:15Z,San Jose State Spartans,-105,4.0,20260920012635862581
NCAAF,americanfootball_ncaaf,f6db4e789ff9341a9c94befc751c5f53,2026-09-20T03:00:00Z,San Jose State Spartans,Fresno State Bulldogs,betus,BetUS,2026-09-20T01:26:15Z,totals,2026-09-20T01:26:15Z,Over,-110,47.5,20260920012635862581
NCAAF,americanfootball_ncaaf,f6db4e789ff9341a9c94befc751c5f53,2026-09-20T03:00:00Z,San Jose State Spartans,Fresno State Bulldogs,betus,BetUS,2026-09-20T01:26:15Z,totals,2026-09-20T01:26:15Z,Under,-110,47.5,20260920012635862581
NCAAF,americanfootball_ncaaf,f6db4e789ff9341a9c94befc751c5f53,2026-09-20T03:00:00Z,San Jose State Spartans,Fresno State Bulldogs,bovada,Bovada,2026-09-20T01:23:00Z,h2h,2026-09-20T01:23:00Z,Fresno State Bulldogs,-185,,20260920012635862581
NCAAF,americanfootball_ncaaf,f6db4e789ff9341a9c94befc751c5f53,2026-09-20T03:00:00Z,San Jose State Spartans,Fresno State Bulldogs,bovada,Bovada,2026-09-20T01:23:00Z,h2h,2026-09-20T01:23:00Z,San Jose State Spartans,160,,20260920012635862581
NCAAF,americanfootball_ncaaf,f6db4e789ff9341a9c94befc751c5f53,2026-09-20T03:00:00Z,San Jose State Spartans,Fresno State Bulldogs,bovada,Bovada,2026-09-20T01:23:00Z,spreads,2026-09-20T01:23:00Z,Fresno State Bulldogs,-110,-4.0,20260920012635862581
NCAAF,americanfootball_ncaaf,f6db4e789ff9341a9c94befc751c5f53,2026-09-20T03:00:00Z,San Jose State Spartans,Fresno State Bulldogs,bovada,Bovada,2026-09-20T01:23:00Z,spreads,2026-09-20T01:23:00Z,San Jose State Spartans,-110,4.0,20260920012635862581
NCAAF,americanfootball_ncaaf,f6db4e789ff9341a9c94befc751c5f53,2026-09-20T03:00:00Z,San Jose State Spartans,Fresno State Bulldogs,bovada,Bovada,2026-09-20T01:23:00Z,totals,2026-09-20T01:23:00Z,Over,-110,47.5,20260920012635862581
NCAAF,americanfootball_ncaaf,f6db4e789ff9341a9c94befc751c5f53,2026-09-20T03:00:00Z,San Jose State Spartans,Fresno State Bulldogs,bovada,Bovada,2026-09-20T01:23:00Z,totals,2026-09-20T01:23:00Z,Under,-110,47.5,20260920012635862581
NCAAF,americanfootball_ncaaf,381e5c97af94a83e03eae0ac6f11ed38,2026-09-20T03:00:00Z,Oregon State Beavers,Montana Grizzlies,fanduel,FanDuel,2026-09-20T01:26:17Z,h2h,2026-09-20T01:26:17Z,Montana Grizzlies,610,,20260920012635862581
NCAAF,americanfootball_ncaaf,381e5c97af94a83e03eae0ac6f11ed38,2026-09-20T03:00:00Z,Oregon State Beavers,Montana Grizzlies,fanduel,FanDuel,2026-09-20T01:26:17Z,h2h,2026-09-20T01:26:17Z,Oregon State Beavers,-950,,20260920012635862581
NCAAF,americanfootball_ncaaf,381e5c97af94a83e03eae0ac6f11ed38,2026-09-20T03:00:00Z,Oregon State Beavers,Montana Grizzlies,fanduel,FanDuel,2026-09-20T01:26:17Z,spreads,2026-09-20T01:26:17Z,Montana Grizzlies,-115,17.5,20260920012635862581
NCAAF,americanfootball_ncaaf,381e5c97af94a83e03eae0ac6f11ed38,2026-09-20T03:00:00Z,Oregon State Beavers,Montana Grizzlies,fanduel,FanDuel,2026-09-20T01:26:17Z,spreads,2026-09-20T01:26:17Z,Oregon State Beavers,-105,-17.5,20260920012635862581
NCAAF,americanfootball_ncaaf,381e5c97af94a83e03eae0ac6f11ed38,2026-09-20T03:00:00Z,Oregon State Beavers,Montana Grizzlies,fanduel,FanDuel,2026-09-20T01:26:17Z,totals,2026-09-20T01:26:17Z,Over,-105,56.5,20260920012635862581
NCAAF,americanfootball_ncaaf,381e5c97af94a83e03eae0ac6f11ed38,2026-09-20T03:00:00Z,Oregon State Beavers,Montana Grizzlies,fanduel,FanDuel,2026-09-20T01:26:17Z,totals,2026-09-20T01:26:17Z,Under,-115,56.5,20260920012635862581
NCAAF,americanfootball_ncaaf,381e5c97af94a83e03eae0ac6f11ed38,2026-09-20T03:00:00Z,Oregon State Beavers,Montana Grizzlies,betrivers,BetRivers,2026-09-20T01:26:14Z,h2h,2026-09-20T01:26:14Z,Montana Grizzlies,540,,20260920012635862581
NCAAF,americanfootball_ncaaf,381e5c97af94a83e03eae0ac6f11ed38,2026-09-20T03:00:00Z,Oregon State Beavers,Montana Grizzlies,betrivers,BetRivers,2026-09-20T01:26:14Z,h2h,2026-09-20T01:26:14Z,Oregon State Beavers,-910,,20260920012635862581
NCAAF,americanfootball_ncaaf,381e5c97af94a83e03eae0ac6f11ed38,2026-09-20T03:00:00Z,Oregon State Beavers,Montana Grizzlies,betrivers,BetRivers,2026-09-20T01:26:14Z,spreads,2026-09-20T01:26:14Z,Montana Grizzlies,-114,17.0,20260920012635862581
NCAAF,americanfootball_ncaaf,381e5c97af94a83e03eae0ac6f11ed38,2026-09-20T03:00:00Z,Oregon State Beavers,Montana Grizzlies,betrivers,BetRivers,2026-09-20T01:26:14Z,spreads,2026-09-20T01:26:14Z,Oregon State Beavers,-109,-17.0,20260920012635862581
NCAAF,americanfootball_ncaaf,381e5c97af94a83e03eae0ac6f11ed38,2026-09-20T03:00:00Z,Oregon State Beavers,Montana Grizzlies,betrivers,BetRivers,2026-09-20T01:26:14Z,totals,2026-09-20T01:26:14Z,Over,-113,56.0,20260920012635862581
NCAAF,americanfootball_ncaaf,381e5c97af94a83e03eae0ac6f11ed38,2026-09-20T03:00:00Z,Oregon State Beavers,Montana Grizzlies,betrivers,BetRivers,2026-09-20T01:26:14Z,totals,2026-09-20T01:26:14Z,Under,-110,56.0,20260920012635862581
NCAAF,americanfootball_ncaaf,381e5c97af94a83e03eae0ac6f11ed38,2026-09-20T03:00:00Z,Oregon State Beavers,Montana Grizzlies,draftkings,DraftKings,2026-09-20T01:25:53Z,h2h,2026-09-20T01:25:53Z,Montana Grizzlies,575,,20260920012635862581
NCAAF,americanfootball_ncaaf,381e5c97af94a83e03eae0ac6f11ed38,2026-09-20T03:00:00Z,Oregon State Beavers,Montana Grizzlies,draftkings,DraftKings,2026-09-20T01:25:53Z,h2h,2026-09-20T01:25:53Z,Oregon State Beavers,-850,,20260920012635862581
NCAAF,americanfootball_ncaaf,381e5c97af94a83e03eae0ac6f11ed38,2026-09-20T03:00:00Z,Oregon State Beavers,Montana Grizzlies,draftkings,DraftKings,2026-09-20T01:25:53Z,spreads,2026-09-20T01:25:53Z,Montana Grizzlies,-115,17.5,20260920012635862581
NCAAF,americanfootball_ncaaf,381e5c97af94a83e03eae0ac6f11ed38,2026-09-20T03:00:00Z,Oregon State Beavers,Montana Grizzlies,draftkings,DraftKings,2026-09-20T01:25:53Z,spreads,2026-09-20T01:25:53Z,Oregon State Beavers,-105,-17.5,20260920012635862581
NCAAF,americanfootball_ncaaf,381e5c97af94a83e03eae0ac6f11ed38,2026-09-20T03:00:00Z,Oregon State Beavers,Montana Grizzlies,draftkings,DraftKings,2026-09-20T01:25:53Z,totals,2026-09-20T01:25:53Z,Over,-105,55.5,20260920012635862581
NCAAF,americanfootball_ncaaf,381e5c97af94a83e03eae0ac6f11ed38,2026-09-20T03:00:00Z,Oregon State Beavers,Montana Grizzlies,draftkings,DraftKings,2026-09-20T01:25:53Z,totals,2026-09-20T01:25:53Z,Under,-115,55.5,20260920012635862581
NCAAF,americanfootball_ncaaf,381e5c97af94a83e03eae0ac6f11ed38,2026-09-20T03:00:00Z,Oregon State Beavers,Montana Grizzlies,lowvig,LowVig.ag,2026-09-20T01:26:16Z,spreads,2026-09-20T01:26:16Z,Montana Grizzlies,-112,17.5,20260920012635862581
NCAAF,americanfootball_ncaaf,381e5c97af94a83e03eae0ac6f11ed38,2026-09-20T03:00:00Z,Oregon State Beavers,Montana Grizzlies,lowvig,LowVig.ag,2026-09-20T01:26:16Z,spreads,2026-09-20T01:26:16Z,Oregon State Beavers,-108,-17.5,20260920012635862581
NCAAF,americanfootball_ncaaf,381e5c97af94a83e03eae0ac6f11ed38,2026-09-20T03:00:00Z,Oregon State Beavers,Montana Grizzlies,lowvig,LowVig.ag,2026-09-20T01:26:16Z,totals,2026-09-20T01:26:16Z,Over,-115,56.0,20260920012635862581
NCAAF,americanfootball_ncaaf,381e5c97af94a83e03eae0ac6f11ed38,2026-09-20T03:00:00Z,Oregon State Beavers,Montana Grizzlies,lowvig,LowVig.ag,2026-09-20T01:26:16Z,totals,2026-09-20T01:26:16Z,Under,-105,56.0,20260920012635862581
NCAAF,americanfootball_ncaaf,381e5c97af94a83e03eae0ac6f11ed38,2026-09-20T03:00:00Z,Oregon State Beavers,Montana Grizzlies,betonlineag,BetOnline.ag,2026-09-20T01:25:52Z,spreads,2026-09-20T01:25:52Z,Montana Grizzlies,-112,17.5,20260920012635862581
NCAAF,americanfootball_ncaaf,381e5c97af94a83e03eae0ac6f11ed38,2026-09-20T03:00:00Z,Oregon State Beavers,Montana Grizzlies,betonlineag,BetOnline.ag,2026-09-20T01:25:52Z,spreads,2026-09-20T01:25:52Z,Oregon State Beavers,-108,-17.5,20260920012635862581
NCAAF,americanfootball_ncaaf,381e5c97af94a83e03eae0ac6f11ed38,2026-09-20T03:00:00Z,Oregon State Beavers,Montana Grizzlies,betonlineag,BetOnline.ag,2026-09-20T01:25:52Z,totals,2026-09-20T01:25:52Z,Over,-115,56.0,20260920012635862581
NCAAF,americanfootball_ncaaf,381e5c97af94a83e03eae0ac6f11ed38,2026-09-20T03:00:00Z,Oregon State Beavers,Montana Grizzlies,betonlineag,BetOnline.ag,2026-09-20T01:25:52Z,totals,2026-09-20T01:25:52Z,Under,-105,56.0,20260920012635862581
NCAAF,americanfootball_ncaaf,381e5c97af94a83e03eae0ac6f11ed38,2026-09-20T03:00:00Z,Oregon State Beavers,Montana Grizzlies,betmgm,BetMGM,2026-09-20T01:26:14Z,h2h,2026-09-20T01:26:14Z,Montana Grizzlies,625,,20260920012635862581
NCAAF,americanfootball_ncaaf,381e5c97af94a83e03eae0ac6f11ed38,2026-09-20T03:00:00Z,Oregon State Beavers,Montana Grizzlies,betmgm,BetMGM,2026-09-20T01:26:14Z,h2h,2026-09-20T01:26:14Z,Oregon State Beavers,-900,,20260920012635862581
NCAAF,americanfootball_ncaaf,381e5c97af94a83e03eae0ac6f11ed38,2026-09-20T03:00:00Z,Oregon State Beavers,Montana Grizzlies,betmgm,BetMGM,2026-09-20T01:26:14Z,spreads,2026-09-20T01:26:14Z,Montana Grizzlies,-112,17.5,20260920012635862581
NCAAF,americanfootball_ncaaf,381e5c97af94a83e03eae0ac6f11ed38,2026-09-20T03:00:00Z,Oregon State Beavers,Montana Grizzlies,betmgm,BetMGM,2026-09-20T01:26:14Z,spreads,2026-09-20T01:26:14Z,Oregon State Beavers,-108,-17.5,20260920012635862581
NCAAF,americanfootball_ncaaf,381e5c97af94a83e03eae0ac6f11ed38,2026-09-20T03:00:00Z,Oregon State Beavers,Montana Grizzlies,betmgm,BetMGM,2026-09-20T01:26:14Z,totals,2026-09-20T01:26:14Z,Over,-105,56.5,20260920012635862581
NCAAF,americanfootball_ncaaf,381e5c97af94a83e03eae0ac6f11ed38,2026-09-20T03:00:00Z,Oregon State Beavers,Montana Grizzlies,betmgm,BetMGM,2026-09-20T01:26:14Z,totals,2026-09-20T01:26:14Z,Under,-115,56.5,20260920012635862581
NCAAF,americanfootball_ncaaf,381e5c97af94a83e03eae0ac6f11ed38,2026-09-20T03:00:00Z,Oregon State Beavers,Montana Grizzlies,bovada,Bovada,2026-09-20T01:25:13Z,h2h,2026-09-20T01:25:13Z,Montana Grizzlies,625,,20260920012635862581
NCAAF,americanfootball_ncaaf,381e5c97af94a83e03eae0ac6f11ed38,2026-09-20T03:00:00Z,Oregon State Beavers,Montana Grizzlies,bovada,Bovada,2026-09-20T01:25:13Z,h2h,2026-09-20T01:25:13Z,Oregon State Beavers,-1000,,20260920012635862581
NCAAF,americanfootball_ncaaf,381e5c97af94a83e03eae0ac6f11ed38,2026-09-20T03:00:00Z,Oregon State Beavers,Montana Grizzlies,bovada,Bovada,2026-09-20T01:25:13Z,spreads,2026-09-20T01:25:13Z,Montana Grizzlies,-110,17.5,20260920012635862581
NCAAF,americanfootball_ncaaf,381e5c97af94a83e03eae0ac6f11ed38,2026-09-20T03:00:00Z,Oregon State Beavers,Montana Grizzlies,bovada,Bovada,2026-09-20T01:25:13Z,spreads,2026-09-20T01:25:13Z,Oregon State Beavers,-110,-17.5,20260920012635862581
NCAAF,americanfootball_ncaaf,381e5c97af94a83e03eae0ac6f11ed38,2026-09-20T03:00:00Z,Oregon State Beavers,Montana Grizzlies,bovada,Bovada,2026-09-20T01:25:13Z,totals,2026-09-20T01:25:13Z,Over,-110,56.0,20260920012635862581
NCAAF,americanfootball_ncaaf,381e5c97af94a83e03eae0ac6f11ed38,2026-09-20T03:00:00Z,Oregon State Beavers,Montana Grizzlies,bovada,Bovada,2026-09-20T01:25:13Z,totals,2026-09-20T01:25:13Z,Under,-110,56.0,20260920012635862581
NCAAF,americanfootball_ncaaf,7a6a2035bf5d7abd30d6cc8b76d59e3e,2026-09-20T03:00:00Z,UCLA Bruins,Purdue Boilermakers,fanduel,FanDuel,2026-09-20T01:26:17Z,h2h,2026-09-20T01:26:17Z,Purdue Boilermakers,480,,20260920012635862581
NCAAF,americanfootball_ncaaf,7a6a2035bf5d7abd30d6cc8b76d59e3e,2026-09-20T03:00:00Z,UCLA Bruins,Purdue Boilermakers,fanduel,FanDuel,2026-09-20T01:26:17Z,h2h,2026-09-20T01:26:17Z,UCLA Bruins,-690,,20260920012635862581
NCAAF,americanfootball_ncaaf,7a6a2035bf5d7abd30d6cc8b76d59e3e,2026-09-20T03:00:00Z,UCLA Bruins,Purdue Boilermakers,fanduel,FanDuel,2026-09-20T01:26:17Z,spreads,2026-09-20T01:26:17Z,Purdue Boilermakers,100,13.5,20260920012635862581
NCAAF,americanfootball_ncaaf,7a6a2035bf5d7abd30d6cc8b76d59e3e,2026-09-20T03:00:00Z,UCLA Bruins,Purdue Boilermakers,fanduel,FanDuel,2026-09-20T01:26:17Z,spreads,2026-09-20T01:26:17Z,UCLA Bruins,-122,-13.5,20260920012635862581
NCAAF,americanfootball_ncaaf,7a6a2035bf5d7abd30d6cc8b76d59e3e,2026-09-20T03:00:00Z,UCLA Bruins,Purdue Boilermakers,fanduel,FanDuel,2026-09-20T01:26:17Z,totals,2026-09-20T01:26:17Z,Over,-115,52.5,20260920012635862581
NCAAF,americanfootball_ncaaf,7a6a2035bf5d7abd30d6cc8b76d59e3e,2026-09-20T03:00:00Z,UCLA Bruins,Purdue Boilermakers,fanduel,FanDuel,2026-09-20T01:26:17Z,totals,2026-09-20T01:26:17Z,Under,-105,52.5,20260920012635862581
NCAAF,americanfootball_ncaaf,7a6a2035bf5d7abd30d6cc8b76d59e3e,2026-09-20T03:00:00Z,UCLA Bruins,Purdue Boilermakers,betrivers,BetRivers,2026-09-20T01:26:14Z,h2h,2026-09-20T01:26:14Z,Purdue Boilermakers,500,,20260920012635862581
NCAAF,americanfootball_ncaaf,7a6a2035bf5d7abd30d6cc8b76d59e3e,2026-09-20T03:00:00Z,UCLA Bruins,Purdue Boilermakers,betrivers,BetRivers,2026-09-20T01:26:14Z,h2h,2026-09-20T01:26:14Z,UCLA Bruins,-770,,20260920012635862581
NCAAF,americanfootball_ncaaf,7a6a2035bf5d7abd30d6cc8b76d59e3e,2026-09-20T03:00:00Z,UCLA Bruins,Purdue Boilermakers,betrivers,BetRivers,2026-09-20T01:26:14Z,spreads,2026-09-20T01:26:14Z,Purdue Boilermakers,-109,13.5,20260920012635862581
NCAAF,americanfootball_ncaaf,7a6a2035bf5d7abd30d6cc8b76d59e3e,2026-09-20T03:00:00Z,UCLA Bruins,Purdue Boilermakers,betrivers,BetRivers,2026-09-20T01:26:14Z,spreads,2026-09-20T01:26:14Z,UCLA Bruins,-113,-13.5,20260920012635862581
NCAAF,americanfootball_ncaaf,7a6a2035bf5d7abd30d6cc8b76d59e3e,2026-09-20T03:00:00Z,UCLA Bruins,Purdue Boilermakers,betrivers,BetRivers,2026-09-20T01:26:14Z,totals,2026-09-20T01:26:14Z,Over,-110,53.0,20260920012635862581
NCAAF,americanfootball_ncaaf,7a6a2035bf5d7abd30d6cc8b76d59e3e,2026-09-20T03:00:00Z,UCLA Bruins,Purdue Boilermakers,betrivers,BetRivers,2026-09-20T01:26:14Z,totals,2026-09-20T01:26:14Z,Under,-113,53.0,20260920012635862581
NCAAF,americanfootball_ncaaf,7a6a2035bf5d7abd30d6cc8b76d59e3e,2026-09-20T03:00:00Z,UCLA Bruins,Purdue Boilermakers,draftkings,DraftKings,2026-09-20T01:25:53Z,h2h,2026-09-20T01:25:53Z,Purdue Boilermakers,470,,20260920012635862581
NCAAF,americanfootball_ncaaf,7a6a2035bf5d7abd30d6cc8b76d59e3e,2026-09-20T03:00:00Z,UCLA Bruins,Purdue Boilermakers,draftkings,DraftKings,2026-09-20T01:25:53Z,h2h,2026-09-20T01:25:53Z,UCLA Bruins,-650,,20260920012635862581
NCAAF,americanfootball_ncaaf,7a6a2035bf5d7abd30d6cc8b76d59e3e,2026-09-20T03:00:00Z,UCLA Bruins,Purdue Boilermakers,draftkings,DraftKings,2026-09-20T01:25:53Z,spreads,2026-09-20T01:25:53Z,Purdue Boilermakers,-112,14.0,20260920012635862581
NCAAF,americanfootball_ncaaf,7a6a2035bf5d7abd30d6cc8b76d59e3e,2026-09-20T03:00:00Z,UCLA Bruins,Purdue Boilermakers,draftkings,DraftKings,2026-09-20T01:25:53Z,spreads,2026-09-20T01:25:53Z,UCLA Bruins,-108,-14.0,20260920012635862581
NCAAF,americanfootball_ncaaf,7a6a2035bf5d7abd30d6cc8b76d59e3e,2026-09-20T03:00:00Z,UCLA Bruins,Purdue Boilermakers,draftkings,DraftKings,2026-09-20T01:25:53Z,totals,2026-09-20T01:25:53Z,Over,-112,52.5,20260920012635862581
NCAAF,americanfootball_ncaaf,7a6a2035bf5d7abd30d6cc8b76d59e3e,2026-09-20T03:00:00Z,UCLA Bruins,Purdue Boilermakers,draftkings,DraftKings,2026-09-20T01:25:53Z,totals,2026-09-20T01:25:53Z,Under,-108,52.5,20260920012635862581
NCAAF,americanfootball_ncaaf,7a6a2035bf5d7abd30d6cc8b76d59e3e,2026-09-20T03:00:00Z,UCLA Bruins,Purdue Boilermakers,lowvig,LowVig.ag,2026-09-20T01:26:16Z,h2h,2026-09-20T01:26:16Z,Purdue Boilermakers,461,,20260920012635862581
NCAAF,americanfootball_ncaaf,7a6a2035bf5d7abd30d6cc8b76d59e3e,2026-09-20T03:00:00Z,UCLA Bruins,Purdue Boilermakers,lowvig,LowVig.ag,2026-09-20T01:26:16Z,h2h,2026-09-20T01:26:16Z,UCLA Bruins,-625,,20260920012635862581
NCAAF,americanfootball_ncaaf,7a6a2035bf5d7abd30d6cc8b76d59e3e,2026-09-20T03:00:00Z,UCLA Bruins,Purdue Boilermakers,lowvig,LowVig.ag,2026-09-20T01:26:16Z,spreads,2026-09-20T01:26:16Z,Purdue Boilermakers,100,13.5,20260920012635862581
NCAAF,americanfootball_ncaaf,7a6a2035bf5d7abd30d6cc8b76d59e3e,2026-09-20T03:00:00Z,UCLA Bruins,Purdue Boilermakers,lowvig,LowVig.ag,2026-09-20T01:26:16Z,spreads,2026-09-20T01:26:16Z,UCLA Bruins,-112,-13.5,20260920012635862581
NCAAF,americanfootball_ncaaf,7a6a2035bf5d7abd30d6cc8b76d59e3e,2026-09-20T03:00:00Z,UCLA Bruins,Purdue Boilermakers,lowvig,LowVig.ag,2026-09-20T01:26:16Z,totals,2026-09-20T01:26:16Z,Over,-114,52.5,20260920012635862581
NCAAF,americanfootball_ncaaf,7a6a2035bf5d7abd30d6cc8b76d59e3e,2026-09-20T03:00:00Z,UCLA Bruins,Purdue Boilermakers,lowvig,LowVig.ag,2026-09-20T01:26:16Z,totals,2026-09-20T01:26:16Z,Under,-103,52.5,20260920012635862581
NCAAF,americanfootball_ncaaf,7a6a2035bf5d7abd30d6cc8b76d59e3e,2026-09-20T03:00:00Z,UCLA Bruins,Purdue Boilermakers,betonlineag,BetOnline.ag,2026-09-20T01:25:52Z,h2h,2026-09-20T01:25:52Z,Purdue Boilermakers,461,,20260920012635862581
NCAAF,americanfootball_ncaaf,7a6a2035bf5d7abd30d6cc8b76d59e3e,2026-09-20T03:00:00Z,UCLA Bruins,Purdue Boilermakers,betonlineag,BetOnline.ag,2026-09-20T01:25:52Z,h2h,2026-09-20T01:25:52Z,UCLA Bruins,-625,,20260920012635862581
NCAAF,americanfootball_ncaaf,7a6a2035bf5d7abd30d6cc8b76d59e3e,2026-09-20T03:00:00Z,UCLA Bruins,Purdue Boilermakers,betonlineag,BetOnline.ag,2026-09-20T01:25:52Z,spreads,2026-09-20T01:25:52Z,Purdue Boilermakers,-104,13.5,20260920012635862581
NCAAF,americanfootball_ncaaf,7a6a2035bf5d7abd30d6cc8b76d59e3e,2026-09-20T03:00:00Z,UCLA Bruins,Purdue Boilermakers,betonlineag,BetOnline.ag,2026-09-20T01:25:52Z,spreads,2026-09-20T01:25:52Z,UCLA Bruins,-116,-13.5,20260920012635862581
NCAAF,americanfootball_ncaaf,7a6a2035bf5d7abd30d6cc8b76d59e3e,2026-09-20T03:00:00Z,UCLA Bruins,Purdue Boilermakers,betonlineag,BetOnline.ag,2026-09-20T01:25:52Z,totals,2026-09-20T01:25:52Z,Over,-115,52.5,20260920012635862581
NCAAF,americanfootball_ncaaf,7a6a2035bf5d7abd30d6cc8b76d59e3e,2026-09-20T03:00:00Z,UCLA Bruins,Purdue Boilermakers,betonlineag,BetOnline.ag,2026-09-20T01:25:52Z,totals,2026-09-20T01:25:52Z,Under,-105,52.5,20260920012635862581
NCAAF,americanfootball_ncaaf,7a6a2035bf5d7abd30d6cc8b76d59e3e,2026-09-20T03:00:00Z,UCLA Bruins,Purdue Boilermakers,betmgm,BetMGM,2026-09-20T01:26:14Z,h2h,2026-09-20T01:26:14Z,Purdue Boilermakers,450,,20260920012635862581
NCAAF,americanfootball_ncaaf,7a6a2035bf5d7abd30d6cc8b76d59e3e,2026-09-20T03:00:00Z,UCLA Bruins,Purdue Boilermakers,betmgm,BetMGM,2026-09-20T01:26:14Z,h2h,2026-09-20T01:26:14Z,UCLA Bruins,-600,,20260920012635862581
NCAAF,americanfootball_ncaaf,7a6a2035bf5d7abd30d6cc8b76d59e3e,2026-09-20T03:00:00Z,UCLA Bruins,Purdue Boilermakers,betmgm,BetMGM,2026-09-20T01:26:14Z,spreads,2026-09-20T01:26:14Z,Purdue Boilermakers,-110,14.0,20260920012635862581
NCAAF,americanfootball_ncaaf,7a6a2035bf5d7abd30d6cc8b76d59e3e,2026-09-20T03:00:00Z,UCLA Bruins,Purdue Boilermakers,betmgm,BetMGM,2026-09-20T01:26:14Z,spreads,2026-09-20T01:26:14Z,UCLA Bruins,-108,-14.0,20260920012635862581
NCAAF,americanfootball_ncaaf,7a6a2035bf5d7abd30d6cc8b76d59e3e,2026-09-20T03:00:00Z,UCLA Bruins,Purdue Boilermakers,betmgm,BetMGM,2026-09-20T01:26:14Z,totals,2026-09-20T01:26:14Z,Over,-110,52.5,20260920012635862581
NCAAF,americanfootball_ncaaf,7a6a2035bf5d7abd30d6cc8b76d59e3e,2026-09-20T03:00:00Z,UCLA Bruins,Purdue Boilermakers,betmgm,BetMGM,2026-09-20T01:26:14Z,totals,2026-09-20T01:26:14Z,Under,-108,52.5,20260920012635862581
NCAAF,americanfootball_ncaaf,7a6a2035bf5d7abd30d6cc8b76d59e3e,2026-09-20T03:00:00Z,UCLA Bruins,Purdue Boilermakers,mybookieag,MyBookie.ag,2026-09-20T01:24:47Z,h2h,2026-09-20T01:24:47Z,Purdue Boilermakers,440,,20260920012635862581
NCAAF,americanfootball_ncaaf,7a6a2035bf5d7abd30d6cc8b76d59e3e,2026-09-20T03:00:00Z,UCLA Bruins,Purdue Boilermakers,mybookieag,MyBookie.ag,2026-09-20T01:24:47Z,h2h,2026-09-20T01:24:47Z,UCLA Bruins,-625,,20260920012635862581
NCAAF,americanfootball_ncaaf,7a6a2035bf5d7abd30d6cc8b76d59e3e,2026-09-20T03:00:00Z,UCLA Bruins,Purdue Boilermakers,mybookieag,MyBookie.ag,2026-09-20T01:24:47Z,spreads,2026-09-20T01:24:47Z,Purdue Boilermakers,-110,14.0,20260920012635862581
NCAAF,americanfootball_ncaaf,7a6a2035bf5d7abd30d6cc8b76d59e3e,2026-09-20T03:00:00Z,UCLA Bruins,Purdue Boilermakers,mybookieag,MyBookie.ag,2026-09-20T01:24:47Z,spreads,2026-09-20T01:24:47Z,UCLA Bruins,-110,-14.0,20260920012635862581
NCAAF,americanfootball_ncaaf,7a6a2035bf5d7abd30d6cc8b76d59e3e,2026-09-20T03:00:00Z,UCLA Bruins,Purdue Boilermakers,mybookieag,MyBookie.ag,2026-09-20T01:24:47Z,totals,2026-09-20T01:24:47Z,Over,-110,53.0,20260920012635862581
NCAAF,americanfootball_ncaaf,7a6a2035bf5d7abd30d6cc8b76d59e3e,2026-09-20T03:00:00Z,UCLA Bruins,Purdue Boilermakers,mybookieag,MyBookie.ag,2026-09-20T01:24:47Z,totals,2026-09-20T01:24:47Z,Under,-110,53.0,20260920012635862581
NCAAF,americanfootball_ncaaf,7a6a2035bf5d7abd30d6cc8b76d59e3e,2026-09-20T03:00:00Z,UCLA Bruins,Purdue Boilermakers,betus,BetUS,2026-09-20T01:26:15Z,h2h,2026-09-20T01:26:15Z,Purdue Boilermakers,465,,20260920012635862581
NCAAF,americanfootball_ncaaf,7a6a2035bf5d7abd30d6cc8b76d59e3e,2026-09-20T03:00:00Z,UCLA Bruins,Purdue Boilermakers,betus,BetUS,2026-09-20T01:26:15Z,h2h,2026-09-20T01:26:15Z,UCLA Bruins,-625,,20260920012635862581
NCAAF,americanfootball_ncaaf,7a6a2035bf5d7abd30d6cc8b76d59e3e,2026-09-20T03:00:00Z,UCLA Bruins,Purdue Boilermakers,betus,BetUS,2026-09-20T01:26:15Z,spreads,2026-09-20T01:26:15Z,Purdue Boilermakers,-105,13.5,20260920012635862581
NCAAF,americanfootball_ncaaf,7a6a2035bf5d7abd30d6cc8b76d59e3e,2026-09-20T03:00:00Z,UCLA Bruins,Purdue Boilermakers,betus,BetUS,2026-09-20T01:26:15Z,spreads,2026-09-20T01:26:15Z,UCLA Bruins,-115,-13.5,20260920012635862581
NCAAF,americanfootball_ncaaf,7a6a2035bf5d7abd30d6cc8b76d59e3e,2026-09-20T03:00:00Z,UCLA Bruins,Purdue Boilermakers,betus,BetUS,2026-09-20T01:26:15Z,totals,2026-09-20T01:26:15Z,Over,-110,53.0,20260920012635862581
NCAAF,americanfootball_ncaaf,7a6a2035bf5d7abd30d6cc8b76d59e3e,2026-09-20T03:00:00Z,UCLA Bruins,Purdue Boilermakers,betus,BetUS,2026-09-20T01:26:15Z,totals,2026-09-20T01:26:15Z,Under,-110,53.0,20260920012635862581
NCAAF,americanfootball_ncaaf,7a6a2035bf5d7abd30d6cc8b76d59e3e,2026-09-20T03:00:00Z,UCLA Bruins,Purdue Boilermakers,bovada,Bovada,2026-09-20T01:25:13Z,h2h,2026-09-20T01:25:13Z,Purdue Boilermakers,390,,20260920012635862581
NCAAF,americanfootball_ncaaf,7a6a2035bf5d7abd30d6cc8b76d59e3e,2026-09-20T03:00:00Z,UCLA Bruins,Purdue Boilermakers,bovada,Bovada,2026-09-20T01:25:13Z,h2h,2026-09-20T01:25:13Z,UCLA Bruins,-550,,20260920012635862581
NCAAF,americanfootball_ncaaf,7a6a2035bf5d7abd30d6cc8b76d59e3e,2026-09-20T03:00:00Z,UCLA Bruins,Purdue Boilermakers,bovada,Bovada,2026-09-20T01:25:13Z,spreads,2026-09-20T01:25:13Z,Purdue Boilermakers,-105,13.5,20260920012635862581
NCAAF,americanfootball_ncaaf,7a6a2035bf5d7abd30d6cc8b76d59e3e,2026-09-20T03:00:00Z,UCLA Bruins,Purdue Boilermakers,bovada,Bovada,2026-09-20T01:25:13Z,spreads,2026-09-20T01:25:13Z,UCLA Bruins,-115,-13.5,20260920012635862581
NCAAF,americanfootball_ncaaf,7a6a2035bf5d7abd30d6cc8b76d59e3e,2026-09-20T03:00:00Z,UCLA Bruins,Purdue Boilermakers,bovada,Bovada,2026-09-20T01:25:13Z,totals,2026-09-20T01:25:13Z,Over,-110,52.5,20260920012635862581
NCAAF,americanfootball_ncaaf,7a6a2035bf5d7abd30d6cc8b76d59e3e,2026-09-20T03:00:00Z,UCLA Bruins,Purdue Boilermakers,bovada,Bovada,2026-09-20T01:25:13Z,totals,2026-09-20T01:25:13Z,Under,-110,52.5,20260920012635862581
NCAAF,americanfootball_ncaaf,6de44361bd6b6afc20b9bbefcc219f2a,2026-09-26T16:00:00Z,Ohio State Buckeyes,Illinois Fighting Illini,fanduel,FanDuel,2026-09-20T01:26:17Z,h2h,2026-09-20T01:26:17Z,Illinois Fighting Illini,1600,,20260920012635862581
NCAAF,americanfootball_ncaaf,6de44361bd6b6afc20b9bbefcc219f2a,2026-09-26T16:00:00Z,Ohio State Buckeyes,Illinois Fighting Illini,fanduel,FanDuel,2026-09-20T01:26:17Z,h2h,2026-09-20T01:26:17Z,Ohio State Buckeyes,-4500,,20260920012635862581
NCAAF,americanfootball_ncaaf,6de44361bd6b6afc20b9bbefcc219f2a,2026-09-26T16:00:00Z,Ohio State Buckeyes,Illinois Fighting Illini,fanduel,FanDuel,2026-09-20T01:26:17Z,spreads,2026-09-20T01:26:17Z,Illinois Fighting Illini,-110,26.5,20260920012635862581
NCAAF,americanfootball_ncaaf,6de44361bd6b6afc20b9bbefcc219f2a,2026-09-26T16:00:00Z,Ohio State Buckeyes,Illinois Fighting Illini,fanduel,FanDuel,2026-09-20T01:26:17Z,spreads,2026-09-20T01:26:17Z,Ohio State Buckeyes,-110,-26.5,20260920012635862581
NCAAF,americanfootball_ncaaf,6de44361bd6b6afc20b9bbefcc219f2a,2026-09-26T16:00:00Z,Ohio State Buckeyes,Illinois Fighting Illini,fanduel,FanDuel,2026-09-20T01:26:17Z,totals,2026-09-20T01:26:17Z,Over,-115,52.5,20260920012635862581
NCAAF,americanfootball_ncaaf,6de44361bd6b6afc20b9bbefcc219f2a,2026-09-26T16:00:00Z,Ohio State Buckeyes,Illinois Fighting Illini,fanduel,FanDuel,2026-09-20T01:26:17Z,totals,2026-09-20T01:26:17Z,Under,-105,52.5,20260920012635862581
NCAAF,americanfootball_ncaaf,6de44361bd6b6afc20b9bbefcc219f2a,2026-09-26T16:00:00Z,Ohio State Buckeyes,Illinois Fighting Illini,draftkings,DraftKings,2026-09-20T01:25:53Z,h2h,2026-09-20T01:25:53Z,Illinois Fighting Illini,2000,,20260920012635862581
NCAAF,americanfootball_ncaaf,6de44361bd6b6afc20b9bbefcc219f2a,2026-09-26T16:00:00Z,Ohio State Buckeyes,Illinois Fighting Illini,draftkings,DraftKings,2026-09-20T01:25:53Z,h2h,2026-09-20T01:25:53Z,Ohio State Buckeyes,-6500,,20260920012635862581
NCAAF,americanfootball_ncaaf,6de44361bd6b6afc20b9bbefcc219f2a,2026-09-26T16:00:00Z,Ohio State Buckeyes,Illinois Fighting Illini,draftkings,DraftKings,2026-09-20T01:25:53Z,spreads,2026-09-20T01:25:53Z,Illinois Fighting Illini,-110,27.5,20260920012635862581
NCAAF,americanfootball_ncaaf,6de44361bd6b6afc20b9bbefcc219f2a,2026-09-26T16:00:00Z,Ohio State Buckeyes,Illinois Fighting Illini,draftkings,DraftKings,2026-09-20T01:25:53Z,spreads,2026-09-20T01:25:53Z,Ohio State Buckeyes,-110,-27.5,20260920012635862581
NCAAF,americanfootball_ncaaf,6de44361bd6b6afc20b9bbefcc219f2a,2026-09-26T16:00:00Z,Ohio State Buckeyes,Illinois Fighting Illini,draftkings,DraftKings,2026-09-20T01:25:53Z,totals,2026-09-20T01:25:53Z,Over,-110,54.5,20260920012635862581
NCAAF,americanfootball_ncaaf,6de44361bd6b6afc20b9bbefcc219f2a,2026-09-26T16:00:00Z,Ohio State Buckeyes,Illinois Fighting Illini,draftkings,DraftKings,2026-09-20T01:25:53Z,totals,2026-09-20T01:25:53Z,Under,-110,54.5,20260920012635862581
NCAAF,americanfootball_ncaaf,6de44361bd6b6afc20b9bbefcc219f2a,2026-09-26T16:00:00Z,Ohio State Buckeyes,Illinois Fighting Illini,betrivers,BetRivers,2026-09-20T01:26:14Z,h2h,2026-09-20T01:26:14Z,Illinois Fighting Illini,1400,,20260920012635862581
NCAAF,americanfootball_ncaaf,6de44361bd6b6afc20b9bbefcc219f2a,2026-09-26T16:00:00Z,Ohio State Buckeyes,Illinois Fighting Illini,betrivers,BetRivers,2026-09-20T01:26:14Z,h2h,2026-09-20T01:26:14Z,Ohio State Buckeyes,-5000,,20260920012635862581
NCAAF,americanfootball_ncaaf,6de44361bd6b6afc20b9bbefcc219f2a,2026-09-26T16:00:00Z,Ohio State Buckeyes,Illinois Fighting Illini,betrivers,BetRivers,2026-09-20T01:26:14Z,spreads,2026-09-20T01:26:14Z,Illinois Fighting Illini,-112,26.5,20260920012635862581
NCAAF,americanfootball_ncaaf,6de44361bd6b6afc20b9bbefcc219f2a,2026-09-26T16:00:00Z,Ohio State Buckeyes,Illinois Fighting Illini,betrivers,BetRivers,2026-09-20T01:26:14Z,spreads,2026-09-20T01:26:14Z,Ohio State Buckeyes,-112,-26.5,20260920012635862581
NCAAF,americanfootball_ncaaf,6de44361bd6b6afc20b9bbefcc219f2a,2026-09-26T16:00:00Z,Ohio State Buckeyes,Illinois Fighting Illini,betrivers,BetRivers,2026-09-20T01:26:14Z,totals,2026-09-20T01:26:14Z,Over,-113,53.5,20260920012635862581
NCAAF,americanfootball_ncaaf,6de44361bd6b6afc20b9bbefcc219f2a,2026-09-26T16:00:00Z,Ohio State Buckeyes,Illinois Fighting Illini,betrivers,BetRivers,2026-09-20T01:26:14Z,totals,2026-09-20T01:26:14Z,Under,-110,53.5,20260920012635862581
NCAAF,americanfootball_ncaaf,39a3d3075172036a2b3f7d47913779b8,2026-09-26T19:30:00Z,Michigan Wolverines,Iowa Hawkeyes,draftkings,DraftKings,2026-09-20T01:25:53Z,h2h,2026-09-20T01:25:53Z,Iowa Hawkeyes,160,,20260920012635862581
NCAAF,americanfootball_ncaaf,39a3d3075172036a2b3f7d47913779b8,2026-09-26T19:30:00Z,Michigan Wolverines,Iowa Hawkeyes,draftkings,DraftKings,2026-09-20T01:25:53Z,h2h,2026-09-20T01:25:53Z,Michigan Wolverines,-192,,20260920012635862581
NCAAF,americanfootball_ncaaf,39a3d3075172036a2b3f7d47913779b8,2026-09-26T19:30:00Z,Michigan Wolverines,Iowa Hawkeyes,draftkings,DraftKings,2026-09-20T01:25:53Z,spreads,2026-09-20T01:25:53Z,Iowa Hawkeyes,-110,4.5,20260920012635862581
NCAAF,americanfootball_ncaaf,39a3d3075172036a2b3f7d47913779b8,2026-09-26T19:30:00Z,Michigan Wolverines,Iowa Hawkeyes,draftkings,DraftKings,2026-09-20T01:25:53Z,spreads,2026-09-20T01:25:53Z,Michigan Wolverines,-110,-4.5,20260920012635862581
NCAAF,americanfootball_ncaaf,39a3d3075172036a2b3f7d47913779b8,2026-09-26T19:30:00Z,Michigan Wolverines,Iowa Hawkeyes,draftkings,DraftKings,2026-09-20T01:25:53Z,totals,2026-09-20T01:25:53Z,Over,-110,37.5,20260920012635862581
NCAAF,americanfootball_ncaaf,39a3d3075172036a2b3f7d47913779b8,2026-09-26T19:30:00Z,Michigan Wolverines,Iowa Hawkeyes,draftkings,DraftKings,2026-09-20T01:25:53Z,totals,2026-09-20T01:25:53Z,Under,-110,37.5,20260920012635862581
NCAAF,americanfootball_ncaaf,39a3d3075172036a2b3f7d47913779b8,2026-09-26T19:30:00Z,Michigan Wolverines,Iowa Hawkeyes,mybookieag,MyBookie.ag,2026-09-20T01:24:47Z,h2h,2026-09-20T01:24:47Z,Iowa Hawkeyes,174,,20260920012635862581
NCAAF,americanfootball_ncaaf,39a3d3075172036a2b3f7d47913779b8,2026-09-26T19:30:00Z,Michigan Wolverines,Iowa Hawkeyes,mybookieag,MyBookie.ag,2026-09-20T01:24:47Z,h2h,2026-09-20T01:24:47Z,Michigan Wolverines,-228,,20260920012635862581
NCAAF,americanfootball_ncaaf,39a3d3075172036a2b3f7d47913779b8,2026-09-26T19:30:00Z,Michigan Wolverines,Iowa Hawkeyes,betrivers,BetRivers,2026-09-20T01:26:14Z,h2h,2026-09-20T01:26:14Z,Iowa Hawkeyes,163,,20260920012635862581
NCAAF,americanfootball_ncaaf,39a3d3075172036a2b3f7d47913779b8,2026-09-26T19:30:00Z,Michigan Wolverines,Iowa Hawkeyes,betrivers,BetRivers,2026-09-20T01:26:14Z,h2h,2026-09-20T01:26:14Z,Michigan Wolverines,-210,,20260920012635862581
NCAAF,americanfootball_ncaaf,39a3d3075172036a2b3f7d47913779b8,2026-09-26T19:30:00Z,Michigan Wolverines,Iowa Hawkeyes,betrivers,BetRivers,2026-09-20T01:26:14Z,spreads,2026-09-20T01:26:14Z,Iowa Hawkeyes,-112,4.5,20260920012635862581
NCAAF,americanfootball_ncaaf,39a3d3075172036a2b3f7d47913779b8,2026-09-26T19:30:00Z,Michigan Wolverines,Iowa Hawkeyes,betrivers,BetRivers,2026-09-20T01:26:14Z,spreads,2026-09-20T01:26:14Z,Michigan Wolverines,-112,-4.5,20260920012635862581
NCAAF,americanfootball_ncaaf,39a3d3075172036a2b3f7d47913779b8,2026-09-26T19:30:00Z,Michigan Wolverines,Iowa Hawkeyes,betrivers,BetRivers,2026-09-20T01:26:14Z,totals,2026-09-20T01:26:14Z,Over,-113,37.5,20260920012635862581
NCAAF,americanfootball_ncaaf,39a3d3075172036a2b3f7d47913779b8,2026-09-26T19:30:00Z,Michigan Wolverines,Iowa Hawkeyes,betrivers,BetRivers,2026-09-20T01:26:14Z,totals,2026-09-20T01:26:14Z,Under,-110,37.5,20260920012635862581
NCAAF,americanfootball_ncaaf,9c5cf55e5371dd6178da97dcaef2bff5,2026-09-26T21:00:00Z,Penn State Nittany Lions,Wisconsin Badgers,draftkings,DraftKings,2026-09-20T01:25:53Z,h2h,2026-09-20T01:25:53Z,Penn State Nittany Lions,-455,,20260920012635862581
NCAAF,americanfootball_ncaaf,9c5cf55e5371dd6178da97dcaef2bff5,2026-09-26T21:00:00Z,Penn State Nittany Lions,Wisconsin Badgers,draftkings,DraftKings,2026-09-20T01:25:53Z,h2h,2026-09-20T01:25:53Z,Wisconsin Badgers,350,,20260920012635862581
NCAAF,americanfootball_ncaaf,9c5cf55e5371dd6178da97dcaef2bff5,2026-09-26T21:00:00Z,Penn State Nittany Lions,Wisconsin Badgers,draftkings,DraftKings,2026-09-20T01:25:53Z,spreads,2026-09-20T01:25:53Z,Penn State Nittany Lions,-105,-11.5,20260920012635862581
NCAAF,americanfootball_ncaaf,9c5cf55e5371dd6178da97dcaef2bff5,2026-09-26T21:00:00Z,Penn State Nittany Lions,Wisconsin Badgers,draftkings,DraftKings,2026-09-20T01:25:53Z,spreads,2026-09-20T01:25:53Z,Wisconsin Badgers,-115,11.5,20260920012635862581
NCAAF,americanfootball_ncaaf,9c5cf55e5371dd6178da97dcaef2bff5,2026-09-26T21:00:00Z,Penn State Nittany Lions,Wisconsin Badgers,draftkings,DraftKings,2026-09-20T01:25:53Z,totals,2026-09-20T01:25:53Z,Over,-112,42.5,20260920012635862581
NCAAF,americanfootball_ncaaf,9c5cf55e5371dd6178da97dcaef2bff5,2026-09-26T21:00:00Z,Penn State Nittany Lions,Wisconsin Badgers,draftkings,DraftKings,2026-09-20T01:25:53Z,totals,2026-09-20T01:25:53Z,Under,-108,42.5,20260920012635862581
NCAAF,americanfootball_ncaaf,9c5cf55e5371dd6178da97dcaef2bff5,2026-09-26T21:00:00Z,Penn State Nittany Lions,Wisconsin Badgers,fanduel,FanDuel,2026-09-20T01:26:17Z,h2h,2026-09-20T01:26:17Z,Penn State Nittany Lions,-490,,20260920012635862581
NCAAF,americanfootball_ncaaf,9c5cf55e5371dd6178da97dcaef2bff5,2026-09-26T21:00:00Z,Penn State Nittany Lions,Wisconsin Badgers,fanduel,FanDuel,2026-09-20T01:26:17Z,h2h,2026-09-20T01:26:17Z,Wisconsin Badgers,365,,20260920012635862581
NCAAF,americanfootball_ncaaf,9c5cf55e5371dd6178da97dcaef2bff5,2026-09-26T21:00:00Z,Penn State Nittany Lions,Wisconsin Badgers,fanduel,FanDuel,2026-09-20T01:26:17Z,spreads,2026-09-20T01:26:17Z,Penn State Nittany Lions,-110,-11.5,20260920012635862581
NCAAF,americanfootball_ncaaf,9c5cf55e5371dd6178da97dcaef2bff5,2026-09-26T21:00:00Z,Penn State Nittany Lions,Wisconsin Badgers,fanduel,FanDuel,2026-09-20T01:26:17Z,spreads,2026-09-20T01:26:17Z,Wisconsin Badgers,-110,11.5,20260920012635862581
NCAAF,americanfootball_ncaaf,9c5cf55e5371dd6178da97dcaef2bff5,2026-09-26T21:00:00Z,Penn State Nittany Lions,Wisconsin Badgers,fanduel,FanDuel,2026-09-20T01:26:17Z,totals,2026-09-20T01:26:17Z,Over,-110,44.5,20260920012635862581
NCAAF,americanfootball_ncaaf,9c5cf55e5371dd6178da97dcaef2bff5,2026-09-26T21:00:00Z,Penn State Nittany Lions,Wisconsin Badgers,fanduel,FanDuel,2026-09-20T01:26:17Z,totals,2026-09-20T01:26:17Z,Under,-110,44.5,20260920012635862581
NCAAF,americanfootball_ncaaf,9c5cf55e5371dd6178da97dcaef2bff5,2026-09-26T21:00:00Z,Penn State Nittany Lions,Wisconsin Badgers,betrivers,BetRivers,2026-09-20T01:26:14Z,h2h,2026-09-20T01:26:14Z,Penn State Nittany Lions,-530,,20260920012635862581
NCAAF,americanfootball_ncaaf,9c5cf55e5371dd6178da97dcaef2bff5,2026-09-26T21:00:00Z,Penn State Nittany Lions,Wisconsin Badgers,betrivers,BetRivers,2026-09-20T01:26:14Z,h2h,2026-09-20T01:26:14Z,Wisconsin Badgers,375,,20260920012635862581
NCAAF,americanfootball_ncaaf,9c5cf55e5371dd6178da97dcaef2bff5,2026-09-26T21:00:00Z,Penn State Nittany Lions,Wisconsin Badgers,betrivers,BetRivers,2026-09-20T01:26:14Z,spreads,2026-09-20T01:26:14Z,Penn State Nittany Lions,-110,-11.5,20260920012635862581
NCAAF,americanfootball_ncaaf,9c5cf55e5371dd6178da97dcaef2bff5,2026-09-26T21:00:00Z,Penn State Nittany Lions,Wisconsin Badgers,betrivers,BetRivers,2026-09-20T01:26:14Z,spreads,2026-09-20T01:26:14Z,Wisconsin Badgers,-113,11.5,20260920012635862581
NCAAF,americanfootball_ncaaf,9c5cf55e5371dd6178da97dcaef2bff5,2026-09-26T21:00:00Z,Penn State Nittany Lions,Wisconsin Badgers,betrivers,BetRivers,2026-09-20T01:26:14Z,totals,2026-09-20T01:26:14Z,Over,-109,43.0,20260920012635862581
NCAAF,americanfootball_ncaaf,9c5cf55e5371dd6178da97dcaef2bff5,2026-09-26T21:00:00Z,Penn State Nittany Lions,Wisconsin Badgers,betrivers,BetRivers,2026-09-20T01:26:14Z,totals,2026-09-20T01:26:14Z,Under,-114,43.0,20260920012635862581
NCAAF,americanfootball_ncaaf,83516ad7ba3e8ef9f90498cfcaf10eb5,2026-09-26T23:30:00Z,USC Trojans,Oregon Ducks,draftkings,DraftKings,2026-09-20T01:25:53Z,h2h,2026-09-20T01:25:53Z,Oregon Ducks,-102,,20260920012635862581
NCAAF,americanfootball_ncaaf,83516ad7ba3e8ef9f90498cfcaf10eb5,2026-09-26T23:30:00Z,USC Trojans,Oregon Ducks,draftkings,DraftKings,2026-09-20T01:25:53Z,h2h,2026-09-20T01:25:53Z,USC Trojans,-118,,20260920012635862581
NCAAF,americanfootball_ncaaf,83516ad7ba3e8ef9f90498cfcaf10eb5,2026-09-26T23:30:00Z,USC Trojans,Oregon Ducks,draftkings,DraftKings,2026-09-20T01:25:53Z,spreads,2026-09-20T01:25:53Z,Oregon Ducks,-110,1.5,20260920012635862581
NCAAF,americanfootball_ncaaf,83516ad7ba3e8ef9f90498cfcaf10eb5,2026-09-26T23:30:00Z,USC Trojans,Oregon Ducks,draftkings,DraftKings,2026-09-20T01:25:53Z,spreads,2026-09-20T01:25:53Z,USC Trojans,-110,-1.5,20260920012635862581
NCAAF,americanfootball_ncaaf,83516ad7ba3e8ef9f90498cfcaf10eb5,2026-09-26T23:30:00Z,USC Trojans,Oregon Ducks,draftkings,DraftKings,2026-09-20T01:25:53Z,totals,2026-09-20T01:25:53Z,Over,-110,63.5,20260920012635862581
NCAAF,americanfootball_ncaaf,83516ad7ba3e8ef9f90498cfcaf10eb5,2026-09-26T23:30:00Z,USC Trojans,Oregon Ducks,draftkings,DraftKings,2026-09-20T01:25:53Z,totals,2026-09-20T01:25:53Z,Under,-110,63.5,20260920012635862581
NCAAF,americanfootball_ncaaf,83516ad7ba3e8ef9f90498cfcaf10eb5,2026-09-26T23:30:00Z,USC Trojans,Oregon Ducks,betrivers,BetRivers,2026-09-20T01:26:14Z,h2h,2026-09-20T01:26:14Z,Oregon Ducks,102,,20260920012635862581
NCAAF,americanfootball_ncaaf,83516ad7ba3e8ef9f90498cfcaf10eb5,2026-09-26T23:30:00Z,USC Trojans,Oregon Ducks,betrivers,BetRivers,2026-09-20T01:26:14Z,h2h,2026-09-20T01:26:14Z,USC Trojans,-127,,20260920012635862581
NCAAF,americanfootball_ncaaf,83516ad7ba3e8ef9f90498cfcaf10eb5,2026-09-26T23:30:00Z,USC Trojans,Oregon Ducks,betrivers,BetRivers,2026-09-20T01:26:14Z,spreads,2026-09-20T01:26:14Z,Oregon Ducks,-110,1.5,20260920012635862581
NCAAF,americanfootball_ncaaf,83516ad7ba3e8ef9f90498cfcaf10eb5,2026-09-26T23:30:00Z,USC Trojans,Oregon Ducks,betrivers,BetRivers,2026-09-20T01:26:14Z,spreads,2026-09-20T01:26:14Z,USC Trojans,-113,-1.5,20260920012635862581
NCAAF,americanfootball_ncaaf,83516ad7ba3e8ef9f90498cfcaf10eb5,2026-09-26T23:30:00Z,USC Trojans,Oregon Ducks,betrivers,BetRivers,2026-09-20T01:26:14Z,totals,2026-09-20T01:26:14Z,Over,-113,63.5,20260920012635862581
NCAAF,americanfootball_ncaaf,83516ad7ba3e8ef9f90498cfcaf10eb5,2026-09-26T23:30:00Z,USC Trojans,Oregon Ducks,betrivers,BetRivers,2026-09-20T01:26:14Z,totals,2026-09-20T01:26:14Z,Under,-110,63.5,20260920012635862581
