sport,sport_key,game_id,game_time,home_team,away_team,bookmaker_key,bookmaker_title,bookmaker_last_update,market,market_last_update,team,price,point,query_time
NCAAF,americanfootball_ncaaf,36c2a063d7a55e85488fbe0e89015686,2026-09-06T20:00:00Z,Washington Huskies,Washington State Cougars,draftkings,DraftKings,2026-09-06T18:05:37Z,h2h,2026-09-06T18:05:37Z,Washington Huskies,-2800,,20260906180641293972
NCAAF,americanfootball_ncaaf,36c2a063d7a55e85488fbe0e89015686,2026-09-06T20:00:00Z,Washington Huskies,Washington State Cougars,draftkings,DraftKings,2026-09-06T18:05:37Z,h2h,2026-09-06T18:05:37Z,Washington State Cougars,1300,,20260906180641293972
NCAAF,americanfootball_ncaaf,36c2a063d7a55e85488fbe0e89015686,2026-09-06T20:00:00Z,Washington Huskies,Washington State Cougars,draftkings,DraftKings,2026-09-06T18:05:37Z,spreads,2026-09-06T18:05:37Z,Washington Huskies,-118,-23.5,20260906180641293972
NCAAF,americanfootball_ncaaf,36c2a063d7a55e85488fbe0e89015686,2026-09-06T20:00:00Z,Washington Huskies,Washington State Cougars,draftkings,DraftKings,2026-09-06T18:05:37Z,spreads,2026-09-06T18:05:37Z,Washington State Cougars,-102,23.5,20260906180641293972
NCAAF,americanfootball_ncaaf,36c2a063d7a55e85488fbe0e89015686,2026-09-06T20:00:00Z,Washington Huskies,Washington State Cougars,draftkings,DraftKings,2026-09-06T18:05:37Z,totals,2026-09-06T18:05:37Z,Over,-112,51.5,20260906180641293972
NCAAF,americanfootball_ncaaf,36c2a063d7a55e85488fbe0e89015686,2026-09-06T20:00:00Z,Washington Huskies,Washington State Cougars,draftkings,DraftKings,2026-09-06T18:05:37Z,totals,2026-09-06T18:05:37Z,Under,-108,51.5,20260906180641293972
NCAAF,americanfootball_ncaaf,36c2a063d7a55e85488fbe0e89015686,2026-09-06T20:00:00Z,Washington Huskies,Washington State Cougars,betus,BetUS,2026-09-06T18:05:38Z,h2h,2026-09-06T18:05:38Z,Washington Huskies,-2000,,20260906180641293972
NCAAF,americanfootball_ncaaf,36c2a063d7a55e85488fbe0e89015686,2026-09-06T20:00:00Z,Washington Huskies,Washington State Cougars,betus,BetUS,2026-09-06T18:05:38Z,h2h,2026-09-06T18:05:38Z,Washington State Cougars,1050,,20260906180641293972
NCAAF,americanfootball_ncaaf,36c2a063d7a55e85488fbe0e89015686,2026-09-06T20:00:00Z,Washington Huskies,Washington State Cougars,betus,BetUS,2026-09-06T18:05:38Z,spreads,2026-09-06T18:05:38Z,Washington Huskies,-105,-24.0,20260906180641293972
NCAAF,americanfootball_ncaaf,36c2a063d7a55e85488fbe0e89015686,2026-09-06T20:00:00Z,Washington Huskies,Washington State Cougars,betus,BetUS,2026-09-06T18:05:38Z,spreads,2026-09-06T18:05:38Z,Washington State Cougars,-115,24.0,20260906180641293972
NCAAF,americanfootball_ncaaf,36c2a063d7a55e85488fbe0e89015686,2026-09-06T20:00:00Z,Washington Huskies,Washington State Cougars,betus,BetUS,2026-09-06T18:05:38Z,totals,2026-09-06T18:05:38Z,Over,-110,51.5,20260906180641293972
NCAAF,americanfootball_ncaaf,36c2a063d7a55e85488fbe0e89015686,2026-09-06T20:00:00Z,Washington Huskies,Washington State Cougars,betus,BetUS,2026-09-06T18:05:38Z,totals,2026-09-06T18:05:38Z,Under,-110,51.5,20260906180641293972
NCAAF,americanfootball_ncaaf,36c2a063d7a55e85488fbe0e89015686,2026-09-06T20:00:00Z,Washington Huskies,Washington State Cougars,betonlineag,BetOnline.ag,2026-09-06T18:06:00Z,h2h,2026-09-06T18:06:00Z,Washington Huskies,-2400,,20260906180641293972
NCAAF,americanfootball_ncaaf,36c2a063d7a55e85488fbe0e89015686,2026-09-06T20:00:00Z,Washington Huskies,Washington State Cougars,betonlineag,BetOnline.ag,2026-09-06T18:06:00Z,h2h,2026-09-06T18:06:00Z,Washington State Cougars,1136,,20260906180641293972
NCAAF,americanfootball_ncaaf,36c2a063d7a55e85488fbe0e89015686,2026-09-06T20:00:00Z,Washington Huskies,Washington State Cougars,betonlineag,BetOnline.ag,2026-09-06T18:06:00Z,spreads,2026-09-06T18:06:00Z,Washington Huskies,-110,-24.0,20260906180641293972
NCAAF,americanfootball_ncaaf,36c2a063d7a55e85488fbe0e89015686,2026-09-06T20:00:00Z,Washington Huskies,Washington State Cougars,betonlineag,BetOnline.ag,2026-09-06T18:06:00Z,spreads,2026-09-06T18:06:00Z,Washington State Cougars,-110,24.0,20260906180641293972
NCAAF,americanfootball_ncaaf,36c2a063d7a55e85488fbe0e89015686,2026-09-06T20:00:00Z,Washington Huskies,Washington State Cougars,betonlineag,BetOnline.ag,2026-09-06T18:06:00Z,totals,2026-09-06T18:06:00Z,Over,-110,51.5,20260906180641293972
NCAAF,americanfootball_ncaaf,36c2a063d7a55e85488fbe0e89015686,2026-09-06T20:00:00Z,Washington Huskies,Washington State Cougars,betonlineag,BetOnline.ag,2026-09-06T18:06:00Z,totals,2026-09-06T18:06:00Z,Under,-110,51.5,20260906180641293972
NCAAF,americanfootball_ncaaf,36c2a063d7a55e85488fbe0e89015686,2026-09-06T20:00:00Z,Washington Huskies,Washington State Cougars,lowvig,LowVig.ag,2026-09-06T18:06:01Z,h2h,2026-09-06T18:06:01Z,Washington Huskies,-2400,,20260906180641293972
NCAAF,americanfootball_ncaaf,36c2a063d7a55e85488fbe0e89015686,2026-09-06T20:00:00Z,Washington Huskies,Washington State Cougars,lowvig,LowVig.ag,2026-09-06T18:06:01Z,h2h,2026-09-06T18:06:01Z,Washington State Cougars,1136,,20260906180641293972
NCAAF,americanfootball_ncaaf,36c2a063d7a55e85488fbe0e89015686,2026-09-06T20:00:00Z,Washington Huskies,Washington State Cougars,lowvig,LowVig.ag,2026-09-06T18:06:01Z,spreads,2026-09-06T18:06:01Z,Washington Huskies,-106,-24.0,20260906180641293972
NCAAF,americanfootball_ncaaf,36c2a063d7a55e85488fbe0e89015686,2026-09-06T20:00:00Z,Washington Huskies,Washington State Cougars,lowvig,LowVig.ag,2026-09-06T18:06:01Z,spreads,2026-09-06T18:06:01Z,Washington State Cougars,-106,24.0,20260906180641293972
NCAAF,americanfootball_ncaaf,36c2a063d7a55e85488fbe0e89015686,2026-09-06T20:00:00Z,Washington Huskies,Washington State Cougars,lowvig,LowVig.ag,2026-09-06T18:06:01Z,totals,2026-09-06T18:06:01Z,Over,-108,51.5,20260906180641293972
NCAAF,americanfootball_ncaaf,36c2a063d7a55e85488fbe0e89015686,2026-09-06T20:00:00Z,Washington Huskies,Washington State Cougars,lowvig,LowVig.ag,2026-09-06T18:06:01Z,totals,2026-09-06T18:06:01Z,Under,-108,51.5,20260906180641293972
NCAAF,americanfootball_ncaaf,36c2a063d7a55e85488fbe0e89015686,2026-09-06T20:00:00Z,Washington Huskies,Washington State Cougars,fanduel,FanDuel,2026-09-06T18:06:26Z,h2h,2026-09-06T18:06:26Z,Washington Huskies,-3000,,20260906180641293972
NCAAF,americanfootball_ncaaf,36c2a063d7a55e85488fbe0e89015686,2026-09-06T20:00:00Z,Washington Huskies,Washington State Cougars,fanduel,FanDuel,2026-09-06T18:06:26Z,h2h,2026-09-06T18:06:26Z,Washington State Cougars,1200,,20260906180641293972
NCAAF,americanfootball_ncaaf,36c2a063d7a55e85488fbe0e89015686,2026-09-06T20:00:00Z,Washington Huskies,Washington State Cougars,fanduel,FanDuel,2026-09-06T18:06:26Z,spreads,2026-09-06T18:06:26Z,Washington Huskies,-118,-23.5,20260906180641293972
NCAAF,americanfootball_ncaaf,36c2a063d7a55e85488fbe0e89015686,2026-09-06T20:00:00Z,Washington Huskies,Washington State Cougars,fanduel,FanDuel,2026-09-06T18:06:26Z,spreads,2026-09-06T18:06:26Z,Washington State Cougars,-104,23.5,20260906180641293972
NCAAF,americanfootball_ncaaf,36c2a063d7a55e85488fbe0e89015686,2026-09-06T20:00:00Z,Washington Huskies,Washington State Cougars,fanduel,FanDuel,2026-09-06T18:06:26Z,totals,2026-09-06T18:06:26Z,Over,-115,51.5,20260906180641293972
NCAAF,americanfootball_ncaaf,36c2a063d7a55e85488fbe0e89015686,2026-09-06T20:00:00Z,Washington Huskies,Washington State Cougars,fanduel,FanDuel,2026-09-06T18:06:26Z,totals,2026-09-06T18:06:26Z,Under,-105,51.5,20260906180641293972
NCAAF,americanfootball_ncaaf,36c2a063d7a55e85488fbe0e89015686,2026-09-06T20:00:00Z,Washington Huskies,Washington State Cougars,betmgm,BetMGM,2026-09-06T18:05:38Z,h2h,2026-09-06T18:05:38Z,Washington Huskies,-2500,,20260906180641293972
NCAAF,americanfootball_ncaaf,36c2a063d7a55e85488fbe0e89015686,2026-09-06T20:00:00Z,Washington Huskies,Washington State Cougars,betmgm,BetMGM,2026-09-06T18:05:38Z,h2h,2026-09-06T18:05:38Z,Washington State Cougars,1300,,20260906180641293972
NCAAF,americanfootball_ncaaf,36c2a063d7a55e85488fbe0e89015686,2026-09-06T20:00:00Z,Washington Huskies,Washington State Cougars,betmgm,BetMGM,2026-09-06T18:05:38Z,spreads,2026-09-06T18:05:38Z,Washington Huskies,-108,-24.0,20260906180641293972
NCAAF,americanfootball_ncaaf,36c2a063d7a55e85488fbe0e89015686,2026-09-06T20:00:00Z,Washington Huskies,Washington State Cougars,betmgm,BetMGM,2026-09-06T18:05:38Z,spreads,2026-09-06T18:05:38Z,Washington State Cougars,-110,24.0,20260906180641293972
NCAAF,americanfootball_ncaaf,36c2a063d7a55e85488fbe0e89015686,2026-09-06T20:00:00Z,Washington Huskies,Washington State Cougars,betmgm,BetMGM,2026-09-06T18:05:38Z,totals,2026-09-06T18:05:38Z,Over,-110,51.5,20260906180641293972
NCAAF,americanfootball_ncaaf,36c2a063d7a55e85488fbe0e89015686,2026-09-06T20:00:00Z,Washington Huskies,Washington State Cougars,betmgm,BetMGM,2026-09-06T18:05:38Z,totals,2026-09-06T18:05:38Z,Under,-108,51.5,20260906180641293972
NCAAF,americanfootball_ncaaf,36c2a063d7a55e85488fbe0e89015686,2026-09-06T20:00:00Z,Washington Huskies,Washington State Cougars,betrivers,BetRivers,2026-09-06T18:06:25Z,h2h,2026-09-06T18:06:25Z,Washington Huskies,-3335,,20260906180641293972
NCAAF,americanfootball_ncaaf,36c2a063d7a55e85488fbe0e89015686,2026-09-06T20:00:00Z,Washington Huskies,Washington State Cougars,betrivers,BetRivers,2026-09-06T18:06:25Z,h2h,2026-09-06T18:06:25Z,Washington State Cougars,1150,,20260906180641293972
NCAAF,americanfootball_ncaaf,36c2a063d7a55e85488fbe0e89015686,2026-09-06T20:00:00Z,Washington Huskies,Washington State Cougars,betrivers,BetRivers,2026-09-06T18:06:25Z,spreads,2026-09-06T18:06:25Z,Washington Huskies,-114,-23.5,20260906180641293972
NCAAF,americanfootball_ncaaf,36c2a063d7a55e85488fbe0e89015686,2026-09-06T20:00:00Z,Washington Huskies,Washington State Cougars,betrivers,BetRivers,2026-09-06T18:06:25Z,spreads,2026-09-06T18:06:25Z,Washington State Cougars,-109,23.5,20260906180641293972
NCAAF,americanfootball_ncaaf,36c2a063d7a55e85488fbe0e89015686,2026-09-06T20:00:00Z,Washington Huskies,Washington State Cougars,betrivers,BetRivers,2026-09-06T18:06:25Z,totals,2026-09-06T18:06:25Z,Over,-110,51.5,20260906180641293972
NCAAF,americanfootball_ncaaf,36c2a063d7a55e85488fbe0e89015686,2026-09-06T20:00:00Z,Washington Huskies,Washington State Cougars,betrivers,BetRivers,2026-09-06T18:06:25Z,totals,2026-09-06T18:06:25Z,Under,-113,51.5,20260906180641293972
NCAAF,americanfootball_ncaaf,36c2a063d7a55e85488fbe0e89015686,2026-09-06T20:00:00Z,Washington Huskies,Washington State Cougars,bovada,Bovada,2026-09-06T18:06:03Z,h2h,2026-09-06T18:06:03Z,Washington Huskies,-2000,,20260906180641293972
NCAAF,americanfootball_ncaaf,36c2a063d7a55e85488fbe0e89015686,2026-09-06T20:00:00Z,Washington Huskies,Washington State Cougars,bovada,Bovada,2026-09-06T18:06:03Z,h2h,2026-09-06T18:06:03Z,Washington State Cougars,950,,20260906180641293972
NCAAF,americanfootball_ncaaf,36c2a063d7a55e85488fbe0e89015686,2026-09-06T20:00:00Z,Washington Huskies,Washington State Cougars,bovada,Bovada,2026-09-06T18:06:03Z,spreads,2026-09-06T18:06:03Z,Washington Huskies,-105,-24.0,20260906180641293972
NCAAF,americanfootball_ncaaf,36c2a063d7a55e85488fbe0e89015686,2026-09-06T20:00:00Z,Washington Huskies,Washington State Cougars,bovada,Bovada,2026-09-06T18:06:03Z,spreads,2026-09-06T18:06:03Z,Washington State Cougars,-115,24.0,20260906180641293972
NCAAF,americanfootball_ncaaf,36c2a063d7a55e85488fbe0e89015686,2026-09-06T20:00:00Z,Washington Huskies,Washington State Cougars,bovada,Bovada,2026-09-06T18:06:03Z,totals,2026-09-06T18:06:03Z,Over,-105,52.0,20260906180641293972
NCAAF,americanfootball_ncaaf,36c2a063d7a55e85488fbe0e89015686,2026-09-06T20:00:00Z,Washington Huskies,Washington State Cougars,bovada,Bovada,2026-09-06T18:06:03Z,totals,2026-09-06T18:06:03Z,Under,-115,52.0,20260906180641293972
NCAAF,americanfootball_ncaaf,36c2a063d7a55e85488fbe0e89015686,2026-09-06T20:00:00Z,Washington Huskies,Washington State Cougars,mybookieag,MyBookie.ag,2026-09-06T18:05:37Z,h2h,2026-09-06T18:05:37Z,Washington Huskies,-2524,,20260906180641293972
NCAAF,americanfootball_ncaaf,36c2a063d7a55e85488fbe0e89015686,2026-09-06T20:00:00Z,Washington Huskies,Washington State Cougars,mybookieag,MyBookie.ag,2026-09-06T18:05:37Z,h2h,2026-09-06T18:05:37Z,Washington State Cougars,1005,,20260906180641293972
NCAAF,americanfootball_ncaaf,36c2a063d7a55e85488fbe0e89015686,2026-09-06T20:00:00Z,Washington Huskies,Washington State Cougars,mybookieag,MyBookie.ag,2026-09-06T18:05:37Z,spreads,2026-09-06T18:05:37Z,Washington Huskies,-110,-24.0,20260906180641293972
NCAAF,americanfootball_ncaaf,36c2a063d7a55e85488fbe0e89015686,2026-09-06T20:00:00Z,Washington Huskies,Washington State Cougars,mybookieag,MyBookie.ag,2026-09-06T18:05:37Z,spreads,2026-09-06T18:05:37Z,Washington State Cougars,-110,24.0,20260906180641293972
NCAAF,americanfootball_ncaaf,36c2a063d7a55e85488fbe0e89015686,2026-09-06T20:00:00Z,Washington Huskies,Washington State Cougars,mybookieag,MyBookie.ag,2026-09-06T18:05:37Z,totals,2026-09-06T18:05:37Z,Over,-110,51.5,20260906180641293972
NCAAF,americanfootball_ncaaf,36c2a063d7a55e85488fbe0e89015686,2026-09-06T20:00:00Z,Washington Huskies,Washington State Cougars,mybookieag,MyBookie.ag,2026-09-06T18:05:37Z,totals,2026-09-06T18:05:37Z,Under,-110,51.5,20260906180641293972
NCAAF,americanfootball_ncaaf,4f0e1900bdc8d12bf0cc91ae291c104e,2026-09-06T23:30:00Z,Ole Miss Rebels,Louisville Cardinals,draftkings,DraftKings,2026-09-06T18:05:37Z,h2h,2026-09-06T18:05:37Z,Louisville Cardinals,215,,20260906180641293972
NCAAF,americanfootball_ncaaf,4f0e1900bdc8d12bf0cc91ae291c104e,2026-09-06T23:30:00Z,Ole Miss Rebels,Louisville Cardinals,draftkings,DraftKings,2026-09-06T18:05:37Z,h2h,2026-09-06T18:05:37Z,Ole Miss Rebels,-265,,20260906180641293972
NCAAF,americanfootball_ncaaf,4f0e1900bdc8d12bf0cc91ae291c104e,2026-09-06T23:30:00Z,Ole Miss Rebels,Louisville Cardinals,draftkings,DraftKings,2026-09-06T18:05:37Z,spreads,2026-09-06T18:05:37Z,Louisville Cardinals,-105,6.5,20260906180641293972
NCAAF,americanfootball_ncaaf,4f0e1900bdc8d12bf0cc91ae291c104e,2026-09-06T23:30:00Z,Ole Miss Rebels,Louisville Cardinals,draftkings,DraftKings,2026-09-06T18:05:37Z,spreads,2026-09-06T18:05:37Z,Ole Miss Rebels,-115,-6.5,20260906180641293972
NCAAF,americanfootball_ncaaf,4f0e1900bdc8d12bf0cc91ae291c104e,2026-09-06T23:30:00Z,Ole Miss Rebels,Louisville Cardinals,draftkings,DraftKings,2026-09-06T18:05:37Z,totals,2026-09-06T18:05:37Z,Over,-115,54.5,20260906180641293972
NCAAF,americanfootball_ncaaf,4f0e1900bdc8d12bf0cc91ae291c104e,2026-09-06T23:30:00Z,Ole Miss Rebels,Louisville Cardinals,draftkings,DraftKings,2026-09-06T18:05:37Z,totals,2026-09-06T18:05:37Z,Under,-105,54.5,20260906180641293972
NCAAF,americanfootball_ncaaf,4f0e1900bdc8d12bf0cc91ae291c104e,2026-09-06T23:30:00Z,Ole Miss Rebels,Louisville Cardinals,betrivers,BetRivers,2026-09-06T18:06:25Z,h2h,2026-09-06T18:06:25Z,Louisville Cardinals,195,,20260906180641293972
NCAAF,americanfootball_ncaaf,4f0e1900bdc8d12bf0cc91ae291c104e,2026-09-06T23:30:00Z,Ole Miss Rebels,Louisville Cardinals,betrivers,BetRivers,2026-09-06T18:06:25Z,h2h,2026-09-06T18:06:25Z,Ole Miss Rebels,-265,,20260906180641293972
NCAAF,americanfootball_ncaaf,4f0e1900bdc8d12bf0cc91ae291c104e,2026-09-06T23:30:00Z,Ole Miss Rebels,Louisville Cardinals,betrivers,BetRivers,2026-09-06T18:06:25Z,spreads,2026-09-06T18:06:25Z,Louisville Cardinals,-109,6.5,20260906180641293972
NCAAF,americanfootball_ncaaf,4f0e1900bdc8d12bf0cc91ae291c104e,2026-09-06T23:30:00Z,Ole Miss Rebels,Louisville Cardinals,betrivers,BetRivers,2026-09-06T18:06:25Z,spreads,2026-09-06T18:06:25Z,Ole Miss Rebels,-117,-6.5,20260906180641293972
NCAAF,americanfootball_ncaaf,4f0e1900bdc8d12bf0cc91ae291c104e,2026-09-06T23:30:00Z,Ole Miss Rebels,Louisville Cardinals,betrivers,BetRivers,2026-09-06T18:06:25Z,totals,2026-09-06T18:06:25Z,Over,-112,55.0,20260906180641293972
NCAAF,americanfootball_ncaaf,4f0e1900bdc8d12bf0cc91ae291c104e,2026-09-06T23:30:00Z,Ole Miss Rebels,Louisville Cardinals,betrivers,BetRivers,2026-09-06T18:06:25Z,totals,2026-09-06T18:06:25Z,Under,-110,55.0,20260906180641293972
NCAAF,americanfootball_ncaaf,4f0e1900bdc8d12bf0cc91ae291c104e,2026-09-06T23:30:00Z,Ole Miss Rebels,Louisville Cardinals,mybookieag,MyBookie.ag,2026-09-06T18:05:37Z,h2h,2026-09-06T18:05:37Z,Louisville Cardinals,210,,20260906180641293972
NCAAF,americanfootball_ncaaf,4f0e1900bdc8d12bf0cc91ae291c104e,2026-09-06T23:30:00Z,Ole Miss Rebels,Louisville Cardinals,mybookieag,MyBookie.ag,2026-09-06T18:05:37Z,h2h,2026-09-06T18:05:37Z,Ole Miss Rebels,-265,,20260906180641293972
NCAAF,americanfootball_ncaaf,4f0e1900bdc8d12bf0cc91ae291c104e,2026-09-06T23:30:00Z,Ole Miss Rebels,Louisville Cardinals,mybookieag,MyBookie.ag,2026-09-06T18:05:37Z,spreads,2026-09-06T18:05:37Z,Louisville Cardinals,-110,6.5,20260906180641293972
NCAAF,americanfootball_ncaaf,4f0e1900bdc8d12bf0cc91ae291c104e,2026-09-06T23:30:00Z,Ole Miss Rebels,Louisville Cardinals,mybookieag,MyBookie.ag,2026-09-06T18:05:37Z,spreads,2026-09-06T18:05:37Z,Ole Miss Rebels,-110,-6.5,20260906180641293972
NCAAF,americanfootball_ncaaf,4f0e1900bdc8d12bf0cc91ae291c104e,2026-09-06T23:30:00Z,Ole Miss Rebels,Louisville Cardinals,mybookieag,MyBookie.ag,2026-09-06T18:05:37Z,totals,2026-09-06T18:05:37Z,Over,-110,55.0,20260906180641293972
NCAAF,americanfootball_ncaaf,4f0e1900bdc8d12bf0cc91ae291c104e,2026-09-06T23:30:00Z,Ole Miss Rebels,Louisville Cardinals,mybookieag,MyBookie.ag,2026-09-06T18:05:37Z,totals,2026-09-06T18:05:37Z,Under,-110,55.0,20260906180641293972
NCAAF,americanfootball_ncaaf,4f0e1900bdc8d12bf0cc91ae291c104e,2026-09-06T23:30:00Z,Ole Miss Rebels,Louisville Cardinals,betonlineag,BetOnline.ag,2026-09-06T18:06:00Z,h2h,2026-09-06T18:06:00Z,Louisville Cardinals,219,,20260906180641293972
NCAAF,americanfootball_ncaaf,4f0e1900bdc8d12bf0cc91ae291c104e,2026-09-06T23:30:00Z,Ole Miss Rebels,Louisville Cardinals,betonlineag,BetOnline.ag,2026-09-06T18:06:00Z,h2h,2026-09-06T18:06:00Z,Ole Miss Rebels,-265,,20260906180641293972
NCAAF,americanfootball_ncaaf,4f0e1900bdc8d12bf0cc91ae291c104e,2026-09-06T23:30:00Z,Ole Miss Rebels,Louisville Cardinals,betonlineag,BetOnline.ag,2026-09-06T18:06:00Z,spreads,2026-09-06T18:06:00Z,Louisville Cardinals,-106,6.5,20260906180641293972
NCAAF,americanfootball_ncaaf,4f0e1900bdc8d12bf0cc91ae291c104e,2026-09-06T23:30:00Z,Ole Miss Rebels,Louisville Cardinals,betonlineag,BetOnline.ag,2026-09-06T18:06:00Z,spreads,2026-09-06T18:06:00Z,Ole Miss Rebels,-114,-6.5,20260906180641293972
NCAAF,americanfootball_ncaaf,4f0e1900bdc8d12bf0cc91ae291c104e,2026-09-06T23:30:00Z,Ole Miss Rebels,Louisville Cardinals,betonlineag,BetOnline.ag,2026-09-06T18:06:00Z,totals,2026-09-06T18:06:00Z,Over,-110,55.0,20260906180641293972
NCAAF,americanfootball_ncaaf,4f0e1900bdc8d12bf0cc91ae291c104e,2026-09-06T23:30:00Z,Ole Miss Rebels,Louisville Cardinals,betonlineag,BetOnline.ag,2026-09-06T18:06:00Z,totals,2026-09-06T18:06:00Z,Under,-110,55.0,20260906180641293972
NCAAF,americanfootball_ncaaf,4f0e1900bdc8d12bf0cc91ae291c104e,2026-09-06T23:30:00Z,Ole Miss Rebels,Louisville Cardinals,betus,BetUS,2026-09-06T18:05:38Z,h2h,2026-09-06T18:05:38Z,Louisville Cardinals,215,,20260906180641293972
NCAAF,americanfootball_ncaaf,4f0e1900bdc8d12bf0cc91ae291c104e,2026-09-06T23:30:00Z,Ole Miss Rebels,Louisville Cardinals,betus,BetUS,2026-09-06T18:05:38Z,h2h,2026-09-06T18:05:38Z,Ole Miss Rebels,-255,,20260906180641293972
NCAAF,americanfootball_ncaaf,4f0e1900bdc8d12bf0cc91ae291c104e,2026-09-06T23:30:00Z,Ole Miss Rebels,Louisville Cardinals,betus,BetUS,2026-09-06T18:05:38Z,spreads,2026-09-06T18:05:38Z,Louisville Cardinals,-105,6.5,20260906180641293972
NCAAF,americanfootball_ncaaf,4f0e1900bdc8d12bf0cc91ae291c104e,2026-09-06T23:30:00Z,Ole Miss Rebels,Louisville Cardinals,betus,BetUS,2026-09-06T18:05:38Z,spreads,2026-09-06T18:05:38Z,Ole Miss Rebels,-115,-6.5,20260906180641293972
NCAAF,americanfootball_ncaaf,4f0e1900bdc8d12bf0cc91ae291c104e,2026-09-06T23:30:00Z,Ole Miss Rebels,Louisville Cardinals,betus,BetUS,2026-09-06T18:05:38Z,totals,2026-09-06T18:05:38Z,Over,-105,55.0,20260906180641293972
NCAAF,americanfootball_ncaaf,4f0e1900bdc8d12bf0cc91ae291c104e,2026-09-06T23:30:00Z,Ole Miss Rebels,Louisville Cardinals,betus,BetUS,2026-09-06T18:05:38Z,totals,2026-09-06T18:05:38Z,Under,-115,55.0,20260906180641293972
NCAAF,americanfootball_ncaaf,4f0e1900bdc8d12bf0cc91ae291c104e,2026-09-06T23:30:00Z,Ole Miss Rebels,Louisville Cardinals,bovada,Bovada,2026-09-06T18:06:03Z,h2h,2026-09-06T18:06:03Z,Louisville Cardinals,210,,20260906180641293972
NCAAF,americanfootball_ncaaf,4f0e1900bdc8d12bf0cc91ae291c104e,2026-09-06T23:30:00Z,Ole Miss Rebels,Louisville Cardinals,bovada,Bovada,2026-09-06T18:06:03Z,h2h,2026-09-06T18:06:03Z,Ole Miss Rebels,-250,,20260906180641293972
NCAAF,americanfootball_ncaaf,4f0e1900bdc8d12bf0cc91ae291c104e,2026-09-06T23:30:00Z,Ole Miss Rebels,Louisville Cardinals,bovada,Bovada,2026-09-06T18:06:03Z,spreads,2026-09-06T18:06:03Z,Louisville Cardinals,100,6.5,20260906180641293972
NCAAF,americanfootball_ncaaf,4f0e1900bdc8d12bf0cc91ae291c104e,2026-09-06T23:30:00Z,Ole Miss Rebels,Louisville Cardinals,bovada,Bovada,2026-09-06T18:06:03Z,spreads,2026-09-06T18:06:03Z,Ole Miss Rebels,-120,-6.5,20260906180641293972
NCAAF,americanfootball_ncaaf,4f0e1900bdc8d12bf0cc91ae291c104e,2026-09-06T23:30:00Z,Ole Miss Rebels,Louisville Cardinals,bovada,Bovada,2026-09-06T18:06:03Z,totals,2026-09-06T18:06:03Z,Over,-110,55.0,20260906180641293972
NCAAF,americanfootball_ncaaf,4f0e1900bdc8d12bf0cc91ae291c104e,2026-09-06T23:30:00Z,Ole Miss Rebels,Louisville Cardinals,bovada,Bovada,2026-09-06T18:06:03Z,totals,2026-09-06T18:06:03Z,Under,-110,55.0,20260906180641293972
NCAAF,americanfootball_ncaaf,4f0e1900bdc8d12bf0cc91ae291c104e,2026-09-06T23:30:00Z,Ole Miss Rebels,Louisville Cardinals,fanduel,FanDuel,2026-09-06T18:06:26Z,h2h,2026-09-06T18:06:26Z,Louisville Cardinals,205,,20260906180641293972
NCAAF,americanfootball_ncaaf,4f0e1900bdc8d12bf0cc91ae291c104e,2026-09-06T23:30:00Z,Ole Miss Rebels,Louisville Cardinals,fanduel,FanDuel,2026-09-06T18:06:26Z,h2h,2026-09-06T18:06:26Z,Ole Miss Rebels,-250,,20260906180641293972
NCAAF,americanfootball_ncaaf,4f0e1900bdc8d12bf0cc91ae291c104e,2026-09-06T23:30:00Z,Ole Miss Rebels,Louisville Cardinals,fanduel,FanDuel,2026-09-06T18:06:26Z,spreads,2026-09-06T18:06:26Z,Louisville Cardinals,-104,6.5,20260906180641293972
NCAAF,americanfootball_ncaaf,4f0e1900bdc8d12bf0cc91ae291c104e,2026-09-06T23:30:00Z,Ole Miss Rebels,Louisville Cardinals,fanduel,FanDuel,2026-09-06T18:06:26Z,spreads,2026-09-06T18:06:26Z,Ole Miss Rebels,-118,-6.5,20260906180641293972
NCAAF,americanfootball_ncaaf,4f0e1900bdc8d12bf0cc91ae291c104e,2026-09-06T23:30:00Z,Ole Miss Rebels,Louisville Cardinals,fanduel,FanDuel,2026-09-06T18:06:26Z,totals,2026-09-06T18:06:26Z,Over,-105,55.5,20260906180641293972
NCAAF,americanfootball_ncaaf,4f0e1900bdc8d12bf0cc91ae291c104e,2026-09-06T23:30:00Z,Ole Miss Rebels,Louisville Cardinals,fanduel,FanDuel,2026-09-06T18:06:26Z,totals,2026-09-06T18:06:26Z,Under,-115,55.5,20260906180641293972
NCAAF,americanfootball_ncaaf,4f0e1900bdc8d12bf0cc91ae291c104e,2026-09-06T23:30:00Z,Ole Miss Rebels,Louisville Cardinals,betmgm,BetMGM,2026-09-06T18:05:38Z,h2h,2026-09-06T18:05:38Z,Louisville Cardinals,210,,20260906180641293972
NCAAF,americanfootball_ncaaf,4f0e1900bdc8d12bf0cc91ae291c104e,2026-09-06T23:30:00Z,Ole Miss Rebels,Louisville Cardinals,betmgm,BetMGM,2026-09-06T18:05:38Z,h2h,2026-09-06T18:05:38Z,Ole Miss Rebels,-250,,20260906180641293972
NCAAF,americanfootball_ncaaf,4f0e1900bdc8d12bf0cc91ae291c104e,2026-09-06T23:30:00Z,Ole Miss Rebels,Louisville Cardinals,betmgm,BetMGM,2026-09-06T18:05:38Z,spreads,2026-09-06T18:05:38Z,Louisville Cardinals,-105,6.5,20260906180641293972
NCAAF,americanfootball_ncaaf,4f0e1900bdc8d12bf0cc91ae291c104e,2026-09-06T23:30:00Z,Ole Miss Rebels,Louisville Cardinals,betmgm,BetMGM,2026-09-06T18:05:38Z,spreads,2026-09-06T18:05:38Z,Ole Miss Rebels,-112,-6.5,20260906180641293972
NCAAF,americanfootball_ncaaf,4f0e1900bdc8d12bf0cc91ae291c104e,2026-09-06T23:30:00Z,Ole Miss Rebels,Louisville Cardinals,betmgm,BetMGM,2026-09-06T18:05:38Z,totals,2026-09-06T18:05:38Z,Over,-118,54.5,20260906180641293972
NCAAF,americanfootball_ncaaf,4f0e1900bdc8d12bf0cc91ae291c104e,2026-09-06T23:30:00Z,Ole Miss Rebels,Louisville Cardinals,betmgm,BetMGM,2026-09-06T18:05:38Z,totals,2026-09-06T18:05:38Z,Under,-102,54.5,20260906180641293972
NCAAF,americanfootball_ncaaf,b460f3aa4235ec2485f25182755304d6,2026-09-06T23:30:00Z,Notre Dame Fighting Irish,Wisconsin Badgers,fanduel,FanDuel,2026-09-06T18:06:26Z,h2h,2026-09-06T18:06:26Z,Notre Dame Fighting Irish,-2200,,20260906180641293972
NCAAF,americanfootball_ncaaf,b460f3aa4235ec2485f25182755304d6,2026-09-06T23:30:00Z,Notre Dame Fighting Irish,Wisconsin Badgers,fanduel,FanDuel,2026-09-06T18:06:26Z,h2h,2026-09-06T18:06:26Z,Wisconsin Badgers,1100,,20260906180641293972
NCAAF,americanfootball_ncaaf,b460f3aa4235ec2485f25182755304d6,2026-09-06T23:30:00Z,Notre Dame Fighting Irish,Wisconsin Badgers,fanduel,FanDuel,2026-09-06T18:06:26Z,spreads,2026-09-06T18:06:26Z,Notre Dame Fighting Irish,-102,-21.5,20260906180641293972
NCAAF,americanfootball_ncaaf,b460f3aa4235ec2485f25182755304d6,2026-09-06T23:30:00Z,Notre Dame Fighting Irish,Wisconsin Badgers,fanduel,FanDuel,2026-09-06T18:06:26Z,spreads,2026-09-06T18:06:26Z,Wisconsin Badgers,-120,21.5,20260906180641293972
NCAAF,americanfootball_ncaaf,b460f3aa4235ec2485f25182755304d6,2026-09-06T23:30:00Z,Notre Dame Fighting Irish,Wisconsin Badgers,fanduel,FanDuel,2026-09-06T18:06:26Z,totals,2026-09-06T18:06:26Z,Over,-110,46.5,20260906180641293972
NCAAF,americanfootball_ncaaf,b460f3aa4235ec2485f25182755304d6,2026-09-06T23:30:00Z,Notre Dame Fighting Irish,Wisconsin Badgers,fanduel,FanDuel,2026-09-06T18:06:26Z,totals,2026-09-06T18:06:26Z,Under,-110,46.5,20260906180641293972
NCAAF,americanfootball_ncaaf,b460f3aa4235ec2485f25182755304d6,2026-09-06T23:30:00Z,Notre Dame Fighting Irish,Wisconsin Badgers,bovada,Bovada,2026-09-06T18:06:03Z,h2h,2026-09-06T18:06:03Z,Notre Dame Fighting Irish,-1600,,20260906180641293972
NCAAF,americanfootball_ncaaf,b460f3aa4235ec2485f25182755304d6,2026-09-06T23:30:00Z,Notre Dame Fighting Irish,Wisconsin Badgers,bovada,Bovada,2026-09-06T18:06:03Z,h2h,2026-09-06T18:06:03Z,Wisconsin Badgers,800,,20260906180641293972
NCAAF,americanfootball_ncaaf,b460f3aa4235ec2485f25182755304d6,2026-09-06T23:30:00Z,Notre Dame Fighting Irish,Wisconsin Badgers,bovada,Bovada,2026-09-06T18:06:03Z,spreads,2026-09-06T18:06:03Z,Notre Dame Fighting Irish,-115,-21.0,20260906180641293972
NCAAF,americanfootball_ncaaf,b460f3aa4235ec2485f25182755304d6,2026-09-06T23:30:00Z,Notre Dame Fighting Irish,Wisconsin Badgers,bovada,Bovada,2026-09-06T18:06:03Z,spreads,2026-09-06T18:06:03Z,Wisconsin Badgers,-105,21.0,20260906180641293972
NCAAF,americanfootball_ncaaf,b460f3aa4235ec2485f25182755304d6,2026-09-06T23:30:00Z,Notre Dame Fighting Irish,Wisconsin Badgers,bovada,Bovada,2026-09-06T18:06:03Z,totals,2026-09-06T18:06:03Z,Over,-110,46.0,20260906180641293972
NCAAF,americanfootball_ncaaf,b460f3aa4235ec2485f25182755304d6,2026-09-06T23:30:00Z,Notre Dame Fighting Irish,Wisconsin Badgers,bovada,Bovada,2026-09-06T18:06:03Z,totals,2026-09-06T18:06:03Z,Under,-110,46.0,20260906180641293972
NCAAF,americanfootball_ncaaf,b460f3aa4235ec2485f25182755304d6,2026-09-06T23:30:00Z,Notre Dame Fighting Irish,Wisconsin Badgers,draftkings,DraftKings,2026-09-06T18:05:37Z,h2h,2026-09-06T18:05:37Z,Notre Dame Fighting Irish,-1650,,20260906180641293972
NCAAF,americanfootball_ncaaf,b460f3aa4235ec2485f25182755304d6,2026-09-06T23:30:00Z,Notre Dame Fighting Irish,Wisconsin Badgers,draftkings,DraftKings,2026-09-06T18:05:37Z,h2h,2026-09-06T18:05:37Z,Wisconsin Badgers,950,,20260906180641293972
NCAAF,americanfootball_ncaaf,b460f3aa4235ec2485f25182755304d6,2026-09-06T23:30:00Z,Notre Dame Fighting Irish,Wisconsin Badgers,draftkings,DraftKings,2026-09-06T18:05:37Z,spreads,2026-09-06T18:05:37Z,Notre Dame Fighting Irish,-115,-21.0,20260906180641293972
NCAAF,americanfootball_ncaaf,b460f3aa4235ec2485f25182755304d6,2026-09-06T23:30:00Z,Notre Dame Fighting Irish,Wisconsin Badgers,draftkings,DraftKings,2026-09-06T18:05:37Z,spreads,2026-09-06T18:05:37Z,Wisconsin Badgers,-105,21.0,20260906180641293972
NCAAF,americanfootball_ncaaf,b460f3aa4235ec2485f25182755304d6,2026-09-06T23:30:00Z,Notre Dame Fighting Irish,Wisconsin Badgers,draftkings,DraftKings,2026-09-06T18:05:37Z,totals,2026-09-06T18:05:37Z,Over,-108,46.5,20260906180641293972
NCAAF,americanfootball_ncaaf,b460f3aa4235ec2485f25182755304d6,2026-09-06T23:30:00Z,Notre Dame Fighting Irish,Wisconsin Badgers,draftkings,DraftKings,2026-09-06T18:05:37Z,totals,2026-09-06T18:05:37Z,Under,-112,46.5,20260906180641293972
NCAAF,americanfootball_ncaaf,b460f3aa4235ec2485f25182755304d6,2026-09-06T23:30:00Z,Notre Dame Fighting Irish,Wisconsin Badgers,betmgm,BetMGM,2026-09-06T18:05:38Z,h2h,2026-09-06T18:05:38Z,Notre Dame Fighting Irish,-1600,,20260906180641293972
NCAAF,americanfootball_ncaaf,b460f3aa4235ec2485f25182755304d6,2026-09-06T23:30:00Z,Notre Dame Fighting Irish,Wisconsin Badgers,betmgm,BetMGM,2026-09-06T18:05:38Z,h2h,2026-09-06T18:05:38Z,Wisconsin Badgers,1000,,20260906180641293972
NCAAF,americanfootball_ncaaf,b460f3aa4235ec2485f25182755304d6,2026-09-06T23:30:00Z,Notre Dame Fighting Irish,Wisconsin Badgers,betmgm,BetMGM,2026-09-06T18:05:38Z,spreads,2026-09-06T18:05:38Z,Notre Dame Fighting Irish,-110,-21.0,20260906180641293972
NCAAF,americanfootball_ncaaf,b460f3aa4235ec2485f25182755304d6,2026-09-06T23:30:00Z,Notre Dame Fighting Irish,Wisconsin Badgers,betmgm,BetMGM,2026-09-06T18:05:38Z,spreads,2026-09-06T18:05:38Z,Wisconsin Badgers,-108,21.0,20260906180641293972
NCAAF,americanfootball_ncaaf,b460f3aa4235ec2485f25182755304d6,2026-09-06T23:30:00Z,Notre Dame Fighting Irish,Wisconsin Badgers,betmgm,BetMGM,2026-09-06T18:05:38Z,totals,2026-09-06T18:05:38Z,Over,-108,46.5,20260906180641293972
NCAAF,americanfootball_ncaaf,b460f3aa4235ec2485f25182755304d6,2026-09-06T23:30:00Z,Notre Dame Fighting Irish,Wisconsin Badgers,betmgm,BetMGM,2026-09-06T18:05:38Z,totals,2026-09-06T18:05:38Z,Under,-110,46.5,20260906180641293972
NCAAF,americanfootball_ncaaf,b460f3aa4235ec2485f25182755304d6,2026-09-06T23:30:00Z,Notre Dame Fighting Irish,Wisconsin Badgers,betrivers,BetRivers,2026-09-06T18:06:25Z,h2h,2026-09-06T18:06:25Z,Notre Dame Fighting Irish,-2000,,20260906180641293972
NCAAF,americanfootball_ncaaf,b460f3aa4235ec2485f25182755304d6,2026-09-06T23:30:00Z,Notre Dame Fighting Irish,Wisconsin Badgers,betrivers,BetRivers,2026-09-06T18:06:25Z,h2h,2026-09-06T18:06:25Z,Wisconsin Badgers,850,,20260906180641293972
NCAAF,americanfootball_ncaaf,b460f3aa4235ec2485f25182755304d6,2026-09-06T23:30:00Z,Notre Dame Fighting Irish,Wisconsin Badgers,betrivers,BetRivers,2026-09-06T18:06:25Z,spreads,2026-09-06T18:06:25Z,Notre Dame Fighting Irish,-115,-21.0,20260906180641293972
NCAAF,americanfootball_ncaaf,b460f3aa4235ec2485f25182755304d6,2026-09-06T23:30:00Z,Notre Dame Fighting Irish,Wisconsin Badgers,betrivers,BetRivers,2026-09-06T18:06:25Z,spreads,2026-09-06T18:06:25Z,Wisconsin Badgers,-108,21.0,20260906180641293972
NCAAF,americanfootball_ncaaf,b460f3aa4235ec2485f25182755304d6,2026-09-06T23:30:00Z,Notre Dame Fighting Irish,Wisconsin Badgers,betrivers,BetRivers,2026-09-06T18:06:25Z,totals,2026-09-06T18:06:25Z,Over,-110,46.5,20260906180641293972
NCAAF,americanfootball_ncaaf,b460f3aa4235ec2485f25182755304d6,2026-09-06T23:30:00Z,Notre Dame Fighting Irish,Wisconsin Badgers,betrivers,BetRivers,2026-09-06T18:06:25Z,totals,2026-09-06T18:06:25Z,Under,-113,46.5,20260906180641293972
NCAAF,americanfootball_ncaaf,b460f3aa4235ec2485f25182755304d6,2026-09-06T23:30:00Z,Notre Dame Fighting Irish,Wisconsin Badgers,mybookieag,MyBookie.ag,2026-09-06T18:05:37Z,h2h,2026-09-06T18:05:37Z,Notre Dame Fighting Irish,-2019,,20260906180641293972
NCAAF,americanfootball_ncaaf,b460f3aa4235ec2485f25182755304d6,2026-09-06T23:30:00Z,Notre Dame Fighting Irish,Wisconsin Badgers,mybookieag,MyBookie.ag,2026-09-06T18:05:37Z,h2h,2026-09-06T18:05:37Z,Wisconsin Badgers,931,,20260906180641293972
NCAAF,americanfootball_ncaaf,b460f3aa4235ec2485f25182755304d6,2026-09-06T23:30:00Z,Notre Dame Fighting Irish,Wisconsin Badgers,mybookieag,MyBookie.ag,2026-09-06T18:05:37Z,spreads,2026-09-06T18:05:37Z,Notre Dame Fighting Irish,-110,-21.0,20260906180641293972
NCAAF,americanfootball_ncaaf,b460f3aa4235ec2485f25182755304d6,2026-09-06T23:30:00Z,Notre Dame Fighting Irish,Wisconsin Badgers,mybookieag,MyBookie.ag,2026-09-06T18:05:37Z,spreads,2026-09-06T18:05:37Z,Wisconsin Badgers,-110,21.0,20260906180641293972
NCAAF,americanfootball_ncaaf,b460f3aa4235ec2485f25182755304d6,2026-09-06T23:30:00Z,Notre Dame Fighting Irish,Wisconsin Badgers,mybookieag,MyBookie.ag,2026-09-06T18:05:37Z,totals,2026-09-06T18:05:37Z,Over,-110,46.5,20260906180641293972
NCAAF,americanfootball_ncaaf,b460f3aa4235ec2485f25182755304d6,2026-09-06T23:30:00Z,Notre Dame Fighting Irish,Wisconsin Badgers,mybookieag,MyBookie.ag,2026-09-06T18:05:37Z,totals,2026-09-06T18:05:37Z,Under,-110,46.5,20260906180641293972
NCAAF,americanfootball_ncaaf,b460f3aa4235ec2485f25182755304d6,2026-09-06T23:30:00Z,Notre Dame Fighting Irish,Wisconsin Badgers,betonlineag,BetOnline.ag,2026-09-06T18:06:00Z,h2h,2026-09-06T18:06:00Z,Notre Dame Fighting Irish,-1700,,20260906180641293972
NCAAF,americanfootball_ncaaf,b460f3aa4235ec2485f25182755304d6,2026-09-06T23:30:00Z,Notre Dame Fighting Irish,Wisconsin Badgers,betonlineag,BetOnline.ag,2026-09-06T18:06:00Z,h2h,2026-09-06T18:06:00Z,Wisconsin Badgers,945,,20260906180641293972
NCAAF,americanfootball_ncaaf,b460f3aa4235ec2485f25182755304d6,2026-09-06T23:30:00Z,Notre Dame Fighting Irish,Wisconsin Badgers,betonlineag,BetOnline.ag,2026-09-06T18:06:00Z,spreads,2026-09-06T18:06:00Z,Notre Dame Fighting Irish,-115,-21.0,20260906180641293972
NCAAF,americanfootball_ncaaf,b460f3aa4235ec2485f25182755304d6,2026-09-06T23:30:00Z,Notre Dame Fighting Irish,Wisconsin Badgers,betonlineag,BetOnline.ag,2026-09-06T18:06:00Z,spreads,2026-09-06T18:06:00Z,Wisconsin Badgers,-105,21.0,20260906180641293972
NCAAF,americanfootball_ncaaf,b460f3aa4235ec2485f25182755304d6,2026-09-06T23:30:00Z,Notre Dame Fighting Irish,Wisconsin Badgers,betonlineag,BetOnline.ag,2026-09-06T18:06:00Z,totals,2026-09-06T18:06:00Z,Over,-110,46.0,20260906180641293972
NCAAF,americanfootball_ncaaf,b460f3aa4235ec2485f25182755304d6,2026-09-06T23:30:00Z,Notre Dame Fighting Irish,Wisconsin Badgers,betonlineag,BetOnline.ag,2026-09-06T18:06:00Z,totals,2026-09-06T18:06:00Z,Under,-110,46.0,20260906180641293972
NCAAF,americanfootball_ncaaf,b460f3aa4235ec2485f25182755304d6,2026-09-06T23:30:00Z,Notre Dame Fighting Irish,Wisconsin Badgers,lowvig,LowVig.ag,2026-09-06T18:06:01Z,h2h,2026-09-06T18:06:01Z,Notre Dame Fighting Irish,-1700,,20260906180641293972
NCAAF,americanfootball_ncaaf,b460f3aa4235ec2485f25182755304d6,2026-09-06T23:30:00Z,Notre Dame Fighting Irish,Wisconsin Badgers,lowvig,LowVig.ag,2026-09-06T18:06:01Z,h2h,2026-09-06T18:06:01Z,Wisconsin Badgers,945,,20260906180641293972
NCAAF,americanfootball_ncaaf,b460f3aa4235ec2485f25182755304d6,2026-09-06T23:30:00Z,Notre Dame Fighting Irish,Wisconsin Badgers,lowvig,LowVig.ag,2026-09-06T18:06:01Z,spreads,2026-09-06T18:06:01Z,Notre Dame Fighting Irish,-111,-21.0,20260906180641293972
NCAAF,americanfootball_ncaaf,b460f3aa4235ec2485f25182755304d6,2026-09-06T23:30:00Z,Notre Dame Fighting Irish,Wisconsin Badgers,lowvig,LowVig.ag,2026-09-06T18:06:01Z,spreads,2026-09-06T18:06:01Z,Wisconsin Badgers,-101,21.0,20260906180641293972
NCAAF,americanfootball_ncaaf,b460f3aa4235ec2485f25182755304d6,2026-09-06T23:30:00Z,Notre Dame Fighting Irish,Wisconsin Badgers,lowvig,LowVig.ag,2026-09-06T18:06:01Z,totals,2026-09-06T18:06:01Z,Over,-108,46.0,20260906180641293972
NCAAF,americanfootball_ncaaf,b460f3aa4235ec2485f25182755304d6,2026-09-06T23:30:00Z,Notre Dame Fighting Irish,Wisconsin Badgers,lowvig,LowVig.ag,2026-09-06T18:06:01Z,totals,2026-09-06T18:06:01Z,Under,-108,46.0,20260906180641293972
NCAAF,americanfootball_ncaaf,b460f3aa4235ec2485f25182755304d6,2026-09-06T23:30:00Z,Notre Dame Fighting Irish,Wisconsin Badgers,betus,BetUS,2026-09-06T18:05:38Z,h2h,2026-09-06T18:05:38Z,Notre Dame Fighting Irish,-1700,,20260906180641293972
NCAAF,americanfootball_ncaaf,b460f3aa4235ec2485f25182755304d6,2026-09-06T23:30:00Z,Notre Dame Fighting Irish,Wisconsin Badgers,betus,BetUS,2026-09-06T18:05:38Z,h2h,2026-09-06T18:05:38Z,Wisconsin Badgers,950,,20260906180641293972
NCAAF,americanfootball_ncaaf,b460f3aa4235ec2485f25182755304d6,2026-09-06T23:30:00Z,Notre Dame Fighting Irish,Wisconsin Badgers,betus,BetUS,2026-09-06T18:05:38Z,spreads,2026-09-06T18:05:38Z,Notre Dame Fighting Irish,-110,-21.0,20260906180641293972
NCAAF,americanfootball_ncaaf,b460f3aa4235ec2485f25182755304d6,2026-09-06T23:30:00Z,Notre Dame Fighting Irish,Wisconsin Badgers,betus,BetUS,2026-09-06T18:05:38Z,spreads,2026-09-06T18:05:38Z,Wisconsin Badgers,-110,21.0,20260906180641293972
NCAAF,americanfootball_ncaaf,b460f3aa4235ec2485f25182755304d6,2026-09-06T23:30:00Z,Notre Dame Fighting Irish,Wisconsin Badgers,betus,BetUS,2026-09-06T18:05:38Z,totals,2026-09-06T18:05:38Z,Over,-110,46.5,20260906180641293972
NCAAF,americanfootball_ncaaf,b460f3aa4235ec2485f25182755304d6,2026-09-06T23:30:00Z,Notre Dame Fighting Irish,Wisconsin Badgers,betus,BetUS,2026-09-06T18:05:38Z,totals,2026-09-06T18:05:38Z,Under,-110,46.5,20260906180641293972
NCAAF,americanfootball_ncaaf,a570687d47661da4982cfd885cdb4a44,2026-09-07T23:30:00Z,Florida State Seminoles,SMU Mustangs,draftkings,DraftKings,2026-09-06T18:05:37Z,h2h,2026-09-06T18:05:37Z,Florida State Seminoles,130,,20260906180641293972
NCAAF,americanfootball_ncaaf,a570687d47661da4982cfd885cdb4a44,2026-09-07T23:30:00Z,Florida State Seminoles,SMU Mustangs,draftkings,DraftKings,2026-09-06T18:05:37Z,h2h,2026-09-06T18:05:37Z,SMU Mustangs,-155,,20260906180641293972
NCAAF,americanfootball_ncaaf,a570687d47661da4982cfd885cdb4a44,2026-09-07T23:30:00Z,Florida State Seminoles,SMU Mustangs,draftkings,DraftKings,2026-09-06T18:05:37Z,spreads,2026-09-06T18:05:37Z,Florida State Seminoles,-115,3.0,20260906180641293972
NCAAF,americanfootball_ncaaf,a570687d47661da4982cfd885cdb4a44,2026-09-07T23:30:00Z,Florida State Seminoles,SMU Mustangs,draftkings,DraftKings,2026-09-06T18:05:37Z,spreads,2026-09-06T18:05:37Z,SMU Mustangs,-105,-3.0,20260906180641293972
NCAAF,americanfootball_ncaaf,a570687d47661da4982cfd885cdb4a44,2026-09-07T23:30:00Z,Florida State Seminoles,SMU Mustangs,draftkings,DraftKings,2026-09-06T18:05:37Z,totals,2026-09-06T18:05:37Z,Over,-115,52.5,20260906180641293972
NCAAF,americanfootball_ncaaf,a570687d47661da4982cfd885cdb4a44,2026-09-07T23:30:00Z,Florida State Seminoles,SMU Mustangs,draftkings,DraftKings,2026-09-06T18:05:37Z,totals,2026-09-06T18:05:37Z,Under,-105,52.5,20260906180641293972
NCAAF,americanfootball_ncaaf,a570687d47661da4982cfd885cdb4a44,2026-09-07T23:30:00Z,Florida State Seminoles,SMU Mustangs,betmgm,BetMGM,2026-09-06T18:05:38Z,h2h,2026-09-06T18:05:38Z,Florida State Seminoles,125,,20260906180641293972
NCAAF,americanfootball_ncaaf,a570687d47661da4982cfd885cdb4a44,2026-09-07T23:30:00Z,Florida State Seminoles,SMU Mustangs,betmgm,BetMGM,2026-09-06T18:05:38Z,h2h,2026-09-06T18:05:38Z,SMU Mustangs,-145,,20260906180641293972
NCAAF,americanfootball_ncaaf,a570687d47661da4982cfd885cdb4a44,2026-09-07T23:30:00Z,Florida State Seminoles,SMU Mustangs,betmgm,BetMGM,2026-09-06T18:05:38Z,spreads,2026-09-06T18:05:38Z,Florida State Seminoles,-115,3.0,20260906180641293972
NCAAF,americanfootball_ncaaf,a570687d47661da4982cfd885cdb4a44,2026-09-07T23:30:00Z,Florida State Seminoles,SMU Mustangs,betmgm,BetMGM,2026-09-06T18:05:38Z,spreads,2026-09-06T18:05:38Z,SMU Mustangs,-102,-3.0,20260906180641293972
NCAAF,americanfootball_ncaaf,a570687d47661da4982cfd885cdb4a44,2026-09-07T23:30:00Z,Florida State Seminoles,SMU Mustangs,betmgm,BetMGM,2026-09-06T18:05:38Z,totals,2026-09-06T18:05:38Z,Over,-105,53.5,20260906180641293972
NCAAF,americanfootball_ncaaf,a570687d47661da4982cfd885cdb4a44,2026-09-07T23:30:00Z,Florida State Seminoles,SMU Mustangs,betmgm,BetMGM,2026-09-06T18:05:38Z,totals,2026-09-06T18:05:38Z,Under,-112,53.5,20260906180641293972
NCAAF,americanfootball_ncaaf,a570687d47661da4982cfd885cdb4a44,2026-09-07T23:30:00Z,Florida State Seminoles,SMU Mustangs,bovada,Bovada,2026-09-06T18:06:03Z,h2h,2026-09-06T18:06:03Z,Florida State Seminoles,125,,20260906180641293972
NCAAF,americanfootball_ncaaf,a570687d47661da4982cfd885cdb4a44,2026-09-07T23:30:00Z,Florida State Seminoles,SMU Mustangs,bovada,Bovada,2026-09-06T18:06:03Z,h2h,2026-09-06T18:06:03Z,SMU Mustangs,-145,,20260906180641293972
NCAAF,americanfootball_ncaaf,a570687d47661da4982cfd885cdb4a44,2026-09-07T23:30:00Z,Florida State Seminoles,SMU Mustangs,bovada,Bovada,2026-09-06T18:06:03Z,spreads,2026-09-06T18:06:03Z,Florida State Seminoles,100,2.5,20260906180641293972
NCAAF,americanfootball_ncaaf,a570687d47661da4982cfd885cdb4a44,2026-09-07T23:30:00Z,Florida State Seminoles,SMU Mustangs,bovada,Bovada,2026-09-06T18:06:03Z,spreads,2026-09-06T18:06:03Z,SMU Mustangs,-120,-2.5,20260906180641293972
NCAAF,americanfootball_ncaaf,a570687d47661da4982cfd885cdb4a44,2026-09-07T23:30:00Z,Florida State Seminoles,SMU Mustangs,bovada,Bovada,2026-09-06T18:06:03Z,totals,2026-09-06T18:06:03Z,Over,-110,53.0,20260906180641293972
NCAAF,americanfootball_ncaaf,a570687d47661da4982cfd885cdb4a44,2026-09-07T23:30:00Z,Florida State Seminoles,SMU Mustangs,bovada,Bovada,2026-09-06T18:06:03Z,totals,2026-09-06T18:06:03Z,Under,-110,53.0,20260906180641293972
NCAAF,americanfootball_ncaaf,a570687d47661da4982cfd885cdb4a44,2026-09-07T23:30:00Z,Florida State Seminoles,SMU Mustangs,mybookieag,MyBookie.ag,2026-09-06T18:05:37Z,h2h,2026-09-06T18:05:37Z,Florida State Seminoles,121,,20260906180641293972
NCAAF,americanfootball_ncaaf,a570687d47661da4982cfd885cdb4a44,2026-09-07T23:30:00Z,Florida State Seminoles,SMU Mustangs,mybookieag,MyBookie.ag,2026-09-06T18:05:37Z,h2h,2026-09-06T18:05:37Z,SMU Mustangs,-149,,20260906180641293972
NCAAF,americanfootball_ncaaf,a570687d47661da4982cfd885cdb4a44,2026-09-07T23:30:00Z,Florida State Seminoles,SMU Mustangs,mybookieag,MyBookie.ag,2026-09-06T18:05:37Z,spreads,2026-09-06T18:05:37Z,Florida State Seminoles,-120,3.0,20260906180641293972
NCAAF,americanfootball_ncaaf,a570687d47661da4982cfd885cdb4a44,2026-09-07T23:30:00Z,Florida State Seminoles,SMU Mustangs,mybookieag,MyBookie.ag,2026-09-06T18:05:37Z,spreads,2026-09-06T18:05:37Z,SMU Mustangs,100,-3.0,20260906180641293972
NCAAF,americanfootball_ncaaf,a570687d47661da4982cfd885cdb4a44,2026-09-07T23:30:00Z,Florida State Seminoles,SMU Mustangs,mybookieag,MyBookie.ag,2026-09-06T18:05:37Z,totals,2026-09-06T18:05:37Z,Over,-110,53.0,20260906180641293972
NCAAF,americanfootball_ncaaf,a570687d47661da4982cfd885cdb4a44,2026-09-07T23:30:00Z,Florida State Seminoles,SMU Mustangs,mybookieag,MyBookie.ag,2026-09-06T18:05:37Z,totals,2026-09-06T18:05:37Z,Under,-110,53.0,20260906180641293972
NCAAF,americanfootball_ncaaf,a570687d47661da4982cfd885cdb4a44,2026-09-07T23:30:00Z,Florida State Seminoles,SMU Mustangs,lowvig,LowVig.ag,2026-09-06T18:06:01Z,h2h,2026-09-06T18:06:01Z,Florida State Seminoles,127,,20260906180641293972
NCAAF,americanfootball_ncaaf,a570687d47661da4982cfd885cdb4a44,2026-09-07T23:30:00Z,Florida State Seminoles,SMU Mustangs,lowvig,LowVig.ag,2026-09-06T18:06:01Z,h2h,2026-09-06T18:06:01Z,SMU Mustangs,-147,,20260906180641293972
NCAAF,americanfootball_ncaaf,a570687d47661da4982cfd885cdb4a44,2026-09-07T23:30:00Z,Florida State Seminoles,SMU Mustangs,lowvig,LowVig.ag,2026-09-06T18:06:01Z,spreads,2026-09-06T18:06:01Z,Florida State Seminoles,-111,3.0,20260906180641293972
NCAAF,americanfootball_ncaaf,a570687d47661da4982cfd885cdb4a44,2026-09-07T23:30:00Z,Florida State Seminoles,SMU Mustangs,lowvig,LowVig.ag,2026-09-06T18:06:01Z,spreads,2026-09-06T18:06:01Z,SMU Mustangs,-101,-3.0,20260906180641293972
NCAAF,americanfootball_ncaaf,a570687d47661da4982cfd885cdb4a44,2026-09-07T23:30:00Z,Florida State Seminoles,SMU Mustangs,lowvig,LowVig.ag,2026-09-06T18:06:01Z,totals,2026-09-06T18:06:01Z,Over,-105,53.5,20260906180641293972
NCAAF,americanfootball_ncaaf,a570687d47661da4982cfd885cdb4a44,2026-09-07T23:30:00Z,Florida State Seminoles,SMU Mustangs,lowvig,LowVig.ag,2026-09-06T18:06:01Z,totals,2026-09-06T18:06:01Z,Under,-112,53.5,20260906180641293972
NCAAF,americanfootball_ncaaf,a570687d47661da4982cfd885cdb4a44,2026-09-07T23:30:00Z,Florida State Seminoles,SMU Mustangs,betonlineag,BetOnline.ag,2026-09-06T18:06:00Z,h2h,2026-09-06T18:06:00Z,Florida State Seminoles,127,,20260906180641293972
NCAAF,americanfootball_ncaaf,a570687d47661da4982cfd885cdb4a44,2026-09-07T23:30:00Z,Florida State Seminoles,SMU Mustangs,betonlineag,BetOnline.ag,2026-09-06T18:06:00Z,h2h,2026-09-06T18:06:00Z,SMU Mustangs,-147,,20260906180641293972
NCAAF,americanfootball_ncaaf,a570687d47661da4982cfd885cdb4a44,2026-09-07T23:30:00Z,Florida State Seminoles,SMU Mustangs,betonlineag,BetOnline.ag,2026-09-06T18:06:00Z,spreads,2026-09-06T18:06:00Z,Florida State Seminoles,-115,3.0,20260906180641293972
NCAAF,americanfootball_ncaaf,a570687d47661da4982cfd885cdb4a44,2026-09-07T23:30:00Z,Florida State Seminoles,SMU Mustangs,betonlineag,BetOnline.ag,2026-09-06T18:06:00Z,spreads,2026-09-06T18:06:00Z,SMU Mustangs,-105,-3.0,20260906180641293972
NCAAF,americanfootball_ncaaf,a570687d47661da4982cfd885cdb4a44,2026-09-07T23:30:00Z,Florida State Seminoles,SMU Mustangs,betonlineag,BetOnline.ag,2026-09-06T18:06:00Z,totals,2026-09-06T18:06:00Z,Over,-107,53.5,20260906180641293972
NCAAF,americanfootball_ncaaf,a570687d47661da4982cfd885cdb4a44,2026-09-07T23:30:00Z,Florida State Seminoles,SMU Mustangs,betonlineag,BetOnline.ag,2026-09-06T18:06:00Z,totals,2026-09-06T18:06:00Z,Under,-113,53.5,20260906180641293972
NCAAF,americanfootball_ncaaf,a570687d47661da4982cfd885cdb4a44,2026-09-07T23:30:00Z,Florida State Seminoles,SMU Mustangs,betus,BetUS,2026-09-06T18:05:38Z,h2h,2026-09-06T18:05:38Z,Florida State Seminoles,125,,20260906180641293972
NCAAF,americanfootball_ncaaf,a570687d47661da4982cfd885cdb4a44,2026-09-07T23:30:00Z,Florida State Seminoles,SMU Mustangs,betus,BetUS,2026-09-06T18:05:38Z,h2h,2026-09-06T18:05:38Z,SMU Mustangs,-145,,20260906180641293972
NCAAF,americanfootball_ncaaf,a570687d47661da4982cfd885cdb4a44,2026-09-07T23:30:00Z,Florida State Seminoles,SMU Mustangs,betus,BetUS,2026-09-06T18:05:38Z,spreads,2026-09-06T18:05:38Z,Florida State Seminoles,-115,3.0,20260906180641293972
NCAAF,americanfootball_ncaaf,a570687d47661da4982cfd885cdb4a44,2026-09-07T23:30:00Z,Florida State Seminoles,SMU Mustangs,betus,BetUS,2026-09-06T18:05:38Z,spreads,2026-09-06T18:05:38Z,SMU Mustangs,-105,-3.0,20260906180641293972
NCAAF,americanfootball_ncaaf,a570687d47661da4982cfd885cdb4a44,2026-09-07T23:30:00Z,Florida State Seminoles,SMU Mustangs,betus,BetUS,2026-09-06T18:05:38Z,totals,2026-09-06T18:05:38Z,Over,-110,53.0,20260906180641293972
NCAAF,americanfootball_ncaaf,a570687d47661da4982cfd885cdb4a44,2026-09-07T23:30:00Z,Florida State Seminoles,SMU Mustangs,betus,BetUS,2026-09-06T18:05:38Z,totals,2026-09-06T18:05:38Z,Under,-110,53.0,20260906180641293972
NCAAF,americanfootball_ncaaf,a570687d47661da4982cfd885cdb4a44,2026-09-07T23:30:00Z,Florida State Seminoles,SMU Mustangs,fanduel,FanDuel,2026-09-06T18:06:26Z,h2h,2026-09-06T18:06:26Z,Florida State Seminoles,126,,20260906180641293972
NCAAF,americanfootball_ncaaf,a570687d47661da4982cfd885cdb4a44,2026-09-07T23:30:00Z,Florida State Seminoles,SMU Mustangs,fanduel,FanDuel,2026-09-06T18:06:26Z,h2h,2026-09-06T18:06:26Z,SMU Mustangs,-152,,20260906180641293972
NCAAF,americanfootball_ncaaf,a570687d47661da4982cfd885cdb4a44,2026-09-07T23:30:00Z,Florida State Seminoles,SMU Mustangs,fanduel,FanDuel,2026-09-06T18:06:26Z,spreads,2026-09-06T18:06:26Z,Florida State Seminoles,100,2.5,20260906180641293972
NCAAF,americanfootball_ncaaf,a570687d47661da4982cfd885cdb4a44,2026-09-07T23:30:00Z,Florida State Seminoles,SMU Mustangs,fanduel,FanDuel,2026-09-06T18:06:26Z,spreads,2026-09-06T18:06:26Z,SMU Mustangs,-122,-2.5,20260906180641293972
NCAAF,americanfootball_ncaaf,a570687d47661da4982cfd885cdb4a44,2026-09-07T23:30:00Z,Florida State Seminoles,SMU Mustangs,fanduel,FanDuel,2026-09-06T18:06:26Z,totals,2026-09-06T18:06:26Z,Over,-105,53.5,20260906180641293972
NCAAF,americanfootball_ncaaf,a570687d47661da4982cfd885cdb4a44,2026-09-07T23:30:00Z,Florida State Seminoles,SMU Mustangs,fanduel,FanDuel,2026-09-06T18:06:26Z,totals,2026-09-06T18:06:26Z,Under,-115,53.5,20260906180641293972
NCAAF,americanfootball_ncaaf,a570687d47661da4982cfd885cdb4a44,2026-09-07T23:30:00Z,Florida State Seminoles,SMU Mustangs,betrivers,BetRivers,2026-09-06T18:06:25Z,h2h,2026-09-06T18:06:25Z,Florida State Seminoles,125,,20260906180641293972
NCAAF,americanfootball_ncaaf,a570687d47661da4982cfd885cdb4a44,2026-09-07T23:30:00Z,Florida State Seminoles,SMU Mustangs,betrivers,BetRivers,2026-09-06T18:06:25Z,h2h,2026-09-06T18:06:25Z,SMU Mustangs,-157,,20260906180641293972
NCAAF,americanfootball_ncaaf,a570687d47661da4982cfd885cdb4a44,2026-09-07T23:30:00Z,Florida State Seminoles,SMU Mustangs,betrivers,BetRivers,2026-09-06T18:06:25Z,spreads,2026-09-06T18:06:25Z,Florida State Seminoles,-110,3.0,20260906180641293972
NCAAF,americanfootball_ncaaf,a570687d47661da4982cfd885cdb4a44,2026-09-07T23:30:00Z,Florida State Seminoles,SMU Mustangs,betrivers,BetRivers,2026-09-06T18:06:25Z,spreads,2026-09-06T18:06:25Z,SMU Mustangs,-113,-3.0,20260906180641293972
NCAAF,americanfootball_ncaaf,a570687d47661da4982cfd885cdb4a44,2026-09-07T23:30:00Z,Florida State Seminoles,SMU Mustangs,betrivers,BetRivers,2026-09-06T18:06:25Z,totals,2026-09-06T18:06:25Z,Over,-109,53.0,20260906180641293972
NCAAF,americanfootball_ncaaf,a570687d47661da4982cfd885cdb4a44,2026-09-07T23:30:00Z,Florida State Seminoles,SMU Mustangs,betrivers,BetRivers,2026-09-06T18:06:25Z,totals,2026-09-06T18:06:25Z,Under,-114,53.0,20260906180641293972
NCAAF,americanfootball_ncaaf,18dec56516beb8daed598bc5c7a6872d,2026-09-11T00:00:00Z,Miami Hurricanes,Florida A&M Rattlers,fanduel,FanDuel,2026-09-06T18:06:26Z,spreads,2026-09-06T18:06:26Z,Florida A&M Rattlers,-110,53.5,20260906180641293972
NCAAF,americanfootball_ncaaf,18dec56516beb8daed598bc5c7a6872d,2026-09-11T00:00:00Z,Miami Hurricanes,Florida A&M Rattlers,fanduel,FanDuel,2026-09-06T18:06:26Z,spreads,2026-09-06T18:06:26Z,Miami Hurricanes,-110,-53.5,20260906180641293972
NCAAF,americanfootball_ncaaf,18dec56516beb8daed598bc5c7a6872d,2026-09-11T00:00:00Z,Miami Hurricanes,Florida A&M Rattlers,fanduel,FanDuel,2026-09-06T18:06:26Z,totals,2026-09-06T18:06:26Z,Over,-110,60.5,20260906180641293972
NCAAF,americanfootball_ncaaf,18dec56516beb8daed598bc5c7a6872d,2026-09-11T00:00:00Z,Miami Hurricanes,Florida A&M Rattlers,fanduel,FanDuel,2026-09-06T18:06:26Z,totals,2026-09-06T18:06:26Z,Under,-110,60.5,20260906180641293972
NCAAF,americanfootball_ncaaf,340ecb016288a69dfc2227500f14bc46,2026-09-11T23:00:00Z,Louisville Cardinals,Villanova Wildcats,fanduel,FanDuel,2026-09-06T18:06:27Z,h2h,2026-09-06T18:06:26Z,Louisville Cardinals,-10000,,20260906180641293972
NCAAF,americanfootball_ncaaf,340ecb016288a69dfc2227500f14bc46,2026-09-11T23:00:00Z,Louisville Cardinals,Villanova Wildcats,fanduel,FanDuel,2026-09-06T18:06:27Z,h2h,2026-09-06T18:06:26Z,Villanova Wildcats,2400,,20260906180641293972
NCAAF,americanfootball_ncaaf,340ecb016288a69dfc2227500f14bc46,2026-09-11T23:00:00Z,Louisville Cardinals,Villanova Wildcats,fanduel,FanDuel,2026-09-06T18:06:27Z,spreads,2026-09-06T18:06:26Z,Louisville Cardinals,-110,-35.5,20260906180641293972
NCAAF,americanfootball_ncaaf,340ecb016288a69dfc2227500f14bc46,2026-09-11T23:00:00Z,Louisville Cardinals,Villanova Wildcats,fanduel,FanDuel,2026-09-06T18:06:27Z,spreads,2026-09-06T18:06:26Z,Villanova Wildcats,-110,35.5,20260906180641293972
NCAAF,americanfootball_ncaaf,340ecb016288a69dfc2227500f14bc46,2026-09-11T23:00:00Z,Louisville Cardinals,Villanova Wildcats,fanduel,FanDuel,2026-09-06T18:06:27Z,totals,2026-09-06T18:06:26Z,Over,-110,55.5,20260906180641293972
NCAAF,americanfootball_ncaaf,340ecb016288a69dfc2227500f14bc46,2026-09-11T23:00:00Z,Louisville Cardinals,Villanova Wildcats,fanduel,FanDuel,2026-09-06T18:06:27Z,totals,2026-09-06T18:06:26Z,Under,-110,55.5,20260906180641293972
NCAAF,americanfootball_ncaaf,b008dac7f2b726219adf07d9857e2c66,2026-09-11T23:00:00Z,NC State Wolfpack,Richmond Spiders,fanduel,FanDuel,2026-09-06T18:06:26Z,h2h,2026-09-06T18:06:26Z,NC State Wolfpack,-10000,,20260906180641293972
NCAAF,americanfootball_ncaaf,b008dac7f2b726219adf07d9857e2c66,2026-09-11T23:00:00Z,NC State Wolfpack,Richmond Spiders,fanduel,FanDuel,2026-09-06T18:06:26Z,h2h,2026-09-06T18:06:26Z,Richmond Spiders,3000,,20260906180641293972
NCAAF,americanfootball_ncaaf,b008dac7f2b726219adf07d9857e2c66,2026-09-11T23:00:00Z,NC State Wolfpack,Richmond Spiders,fanduel,FanDuel,2026-09-06T18:06:26Z,spreads,2026-09-06T18:06:26Z,NC State Wolfpack,-110,-30.5,20260906180641293972
NCAAF,americanfootball_ncaaf,b008dac7f2b726219adf07d9857e2c66,2026-09-11T23:00:00Z,NC State Wolfpack,Richmond Spiders,fanduel,FanDuel,2026-09-06T18:06:26Z,spreads,2026-09-06T18:06:26Z,Richmond Spiders,-110,30.5,20260906180641293972
NCAAF,americanfootball_ncaaf,b008dac7f2b726219adf07d9857e2c66,2026-09-11T23:00:00Z,NC State Wolfpack,Richmond Spiders,fanduel,FanDuel,2026-09-06T18:06:26Z,totals,2026-09-06T18:06:26Z,Over,-110,49.5,20260906180641293972
NCAAF,americanfootball_ncaaf,b008dac7f2b726219adf07d9857e2c66,2026-09-11T23:00:00Z,NC State Wolfpack,Richmond Spiders,fanduel,FanDuel,2026-09-06T18:06:26Z,totals,2026-09-06T18:06:26Z,Under,-110,49.5,20260906180641293972
NCAAF,americanfootball_ncaaf,d70ad98172b9cd2090eb75ff32866e04,2026-09-11T23:00:00Z,Virginia Cavaliers,Norfolk State Spartans,fanduel,FanDuel,2026-09-06T18:06:26Z,spreads,2026-09-06T18:06:26Z,Norfolk State Spartans,-110,43.5,20260906180641293972
NCAAF,americanfootball_ncaaf,d70ad98172b9cd2090eb75ff32866e04,2026-09-11T23:00:00Z,Virginia Cavaliers,Norfolk State Spartans,fanduel,FanDuel,2026-09-06T18:06:26Z,spreads,2026-09-06T18:06:26Z,Virginia Cavaliers,-110,-43.5,20260906180641293972
NCAAF,americanfootball_ncaaf,d70ad98172b9cd2090eb75ff32866e04,2026-09-11T23:00:00Z,Virginia Cavaliers,Norfolk State Spartans,fanduel,FanDuel,2026-09-06T18:06:26Z,totals,2026-09-06T18:06:26Z,Over,-110,54.5,20260906180641293972
NCAAF,americanfootball_ncaaf,d70ad98172b9cd2090eb75ff32866e04,2026-09-11T23:00:00Z,Virginia Cavaliers,Norfolk State Spartans,fanduel,FanDuel,2026-09-06T18:06:26Z,totals,2026-09-06T18:06:26Z,Under,-110,54.5,20260906180641293972
NCAAF,americanfootball_ncaaf,db698f29983406d35dea606edfdc5922,2026-09-11T23:30:00Z,Boston College Eagles,Rutgers Scarlet Knights,fanduel,FanDuel,2026-09-06T18:06:26Z,h2h,2026-09-06T18:06:26Z,Boston College Eagles,-170,,20260906180641293972
NCAAF,americanfootball_ncaaf,db698f29983406d35dea606edfdc5922,2026-09-11T23:30:00Z,Boston College Eagles,Rutgers Scarlet Knights,fanduel,FanDuel,2026-09-06T18:06:26Z,h2h,2026-09-06T18:06:26Z,Rutgers Scarlet Knights,140,,20260906180641293972
NCAAF,americanfootball_ncaaf,db698f29983406d35dea606edfdc5922,2026-09-11T23:30:00Z,Boston College Eagles,Rutgers Scarlet Knights,fanduel,FanDuel,2026-09-06T18:06:26Z,spreads,2026-09-06T18:06:26Z,Boston College Eagles,-110,-3.5,20260906180641293972
NCAAF,americanfootball_ncaaf,db698f29983406d35dea606edfdc5922,2026-09-11T23:30:00Z,Boston College Eagles,Rutgers Scarlet Knights,fanduel,FanDuel,2026-09-06T18:06:26Z,spreads,2026-09-06T18:06:26Z,Rutgers Scarlet Knights,-110,3.5,20260906180641293972
NCAAF,americanfootball_ncaaf,db698f29983406d35dea606edfdc5922,2026-09-11T23:30:00Z,Boston College Eagles,Rutgers Scarlet Knights,fanduel,FanDuel,2026-09-06T18:06:26Z,totals,2026-09-06T18:06:26Z,Over,-110,53.5,20260906180641293972
NCAAF,americanfootball_ncaaf,db698f29983406d35dea606edfdc5922,2026-09-11T23:30:00Z,Boston College Eagles,Rutgers Scarlet Knights,fanduel,FanDuel,2026-09-06T18:06:26Z,totals,2026-09-06T18:06:26Z,Under,-110,53.5,20260906180641293972
NCAAF,americanfootball_ncaaf,db698f29983406d35dea606edfdc5922,2026-09-11T23:30:00Z,Boston College Eagles,Rutgers Scarlet Knights,draftkings,DraftKings,2026-09-06T18:05:37Z,h2h,2026-09-06T18:05:37Z,Boston College Eagles,-175,,20260906180641293972
NCAAF,americanfootball_ncaaf,db698f29983406d35dea606edfdc5922,2026-09-11T23:30:00Z,Boston College Eagles,Rutgers Scarlet Knights,draftkings,DraftKings,2026-09-06T18:05:37Z,h2h,2026-09-06T18:05:37Z,Rutgers Scarlet Knights,145,,20260906180641293972
NCAAF,americanfootball_ncaaf,db698f29983406d35dea606edfdc5922,2026-09-11T23:30:00Z,Boston College Eagles,Rutgers Scarlet Knights,draftkings,DraftKings,2026-09-06T18:05:37Z,spreads,2026-09-06T18:05:37Z,Boston College Eagles,-112,-3.5,20260906180641293972
NCAAF,americanfootball_ncaaf,db698f29983406d35dea606edfdc5922,2026-09-11T23:30:00Z,Boston College Eagles,Rutgers Scarlet Knights,draftkings,DraftKings,2026-09-06T18:05:37Z,spreads,2026-09-06T18:05:37Z,Rutgers Scarlet Knights,-108,3.5,20260906180641293972
NCAAF,americanfootball_ncaaf,db698f29983406d35dea606edfdc5922,2026-09-11T23:30:00Z,Boston College Eagles,Rutgers Scarlet Knights,draftkings,DraftKings,2026-09-06T18:05:37Z,totals,2026-09-06T18:05:37Z,Over,-110,55.5,20260906180641293972
NCAAF,americanfootball_ncaaf,db698f29983406d35dea606edfdc5922,2026-09-11T23:30:00Z,Boston College Eagles,Rutgers Scarlet Knights,draftkings,DraftKings,2026-09-06T18:05:37Z,totals,2026-09-06T18:05:37Z,Under,-110,55.5,20260906180641293972
NCAAF,americanfootball_ncaaf,db698f29983406d35dea606edfdc5922,2026-09-11T23:30:00Z,Boston College Eagles,Rutgers Scarlet Knights,lowvig,LowVig.ag,2026-09-06T18:06:01Z,spreads,2026-09-06T18:06:01Z,Boston College Eagles,-106,-3.5,20260906180641293972
NCAAF,americanfootball_ncaaf,db698f29983406d35dea606edfdc5922,2026-09-11T23:30:00Z,Boston College Eagles,Rutgers Scarlet Knights,lowvig,LowVig.ag,2026-09-06T18:06:01Z,spreads,2026-09-06T18:06:01Z,Rutgers Scarlet Knights,-106,3.5,20260906180641293972
NCAAF,americanfootball_ncaaf,db698f29983406d35dea606edfdc5922,2026-09-11T23:30:00Z,Boston College Eagles,Rutgers Scarlet Knights,betonlineag,BetOnline.ag,2026-09-06T18:06:00Z,spreads,2026-09-06T18:06:00Z,Boston College Eagles,-110,-3.5,20260906180641293972
NCAAF,americanfootball_ncaaf,db698f29983406d35dea606edfdc5922,2026-09-11T23:30:00Z,Boston College Eagles,Rutgers Scarlet Knights,betonlineag,BetOnline.ag,2026-09-06T18:06:00Z,spreads,2026-09-06T18:06:00Z,Rutgers Scarlet Knights,-110,3.5,20260906180641293972
NCAAF,americanfootball_ncaaf,db698f29983406d35dea606edfdc5922,2026-09-11T23:30:00Z,Boston College Eagles,Rutgers Scarlet Knights,betrivers,BetRivers,2026-09-06T18:06:25Z,h2h,2026-09-06T18:06:25Z,Boston College Eagles,-180,,20260906180641293972
NCAAF,americanfootball_ncaaf,db698f29983406d35dea606edfdc5922,2026-09-11T23:30:00Z,Boston College Eagles,Rutgers Scarlet Knights,betrivers,BetRivers,2026-09-06T18:06:25Z,h2h,2026-09-06T18:06:25Z,Rutgers Scarlet Knights,143,,20260906180641293972
NCAAF,americanfootball_ncaaf,db698f29983406d35dea606edfdc5922,2026-09-11T23:30:00Z,Boston College Eagles,Rutgers Scarlet Knights,betrivers,BetRivers,2026-09-06T18:06:25Z,spreads,2026-09-06T18:06:25Z,Boston College Eagles,-113,-3.5,20260906180641293972
NCAAF,americanfootball_ncaaf,db698f29983406d35dea606edfdc5922,2026-09-11T23:30:00Z,Boston College Eagles,Rutgers Scarlet Knights,betrivers,BetRivers,2026-09-06T18:06:25Z,spreads,2026-09-06T18:06:25Z,Rutgers Scarlet Knights,-110,3.5,20260906180641293972
NCAAF,americanfootball_ncaaf,db698f29983406d35dea606edfdc5922,2026-09-11T23:30:00Z,Boston College Eagles,Rutgers Scarlet Knights,betrivers,BetRivers,2026-09-06T18:06:25Z,totals,2026-09-06T18:06:25Z,Over,-109,54.0,20260906180641293972
NCAAF,americanfootball_ncaaf,db698f29983406d35dea606edfdc5922,2026-09-11T23:30:00Z,Boston College Eagles,Rutgers Scarlet Knights,betrivers,BetRivers,2026-09-06T18:06:25Z,totals,2026-09-06T18:06:25Z,Under,-114,54.0,20260906180641293972
NCAAF,americanfootball_ncaaf,8b553ed3cc951140812595c0ac1d14b2,2026-09-12T00:00:00Z,San Jose State Spartans,Cal Poly Mustangs,fanduel,FanDuel,2026-09-06T18:06:26Z,h2h,2026-09-06T18:06:26Z,Cal Poly Mustangs,1060,,20260906180641293972
NCAAF,americanfootball_ncaaf,8b553ed3cc951140812595c0ac1d14b2,2026-09-12T00:00:00Z,San Jose State Spartans,Cal Poly Mustangs,fanduel,FanDuel,2026-09-06T18:06:26Z,h2h,2026-09-06T18:06:26Z,San Jose State Spartans,-2300,,20260906180641293972
NCAAF,americanfootball_ncaaf,8b553ed3cc951140812595c0ac1d14b2,2026-09-12T00:00:00Z,San Jose State Spartans,Cal Poly Mustangs,fanduel,FanDuel,2026-09-06T18:06:26Z,spreads,2026-09-06T18:06:26Z,Cal Poly Mustangs,-102,20.5,20260906180641293972
NCAAF,americanfootball_ncaaf,8b553ed3cc951140812595c0ac1d14b2,2026-09-12T00:00:00Z,San Jose State Spartans,Cal Poly Mustangs,fanduel,FanDuel,2026-09-06T18:06:26Z,spreads,2026-09-06T18:06:26Z,San Jose State Spartans,-120,-20.5,20260906180641293972
NCAAF,americanfootball_ncaaf,8b553ed3cc951140812595c0ac1d14b2,2026-09-12T00:00:00Z,San Jose State Spartans,Cal Poly Mustangs,fanduel,FanDuel,2026-09-06T18:06:26Z,totals,2026-09-06T18:06:26Z,Over,-110,57.5,20260906180641293972
NCAAF,americanfootball_ncaaf,8b553ed3cc951140812595c0ac1d14b2,2026-09-12T00:00:00Z,San Jose State Spartans,Cal Poly Mustangs,fanduel,FanDuel,2026-09-06T18:06:26Z,totals,2026-09-06T18:06:26Z,Under,-110,57.5,20260906180641293972
NCAAF,americanfootball_ncaaf,912c15dcb8dd09eacabdcb80673d9d72,2026-09-12T00:00:00Z,Kansas Jayhawks,Missouri Tigers,fanduel,FanDuel,2026-09-06T18:06:26Z,h2h,2026-09-06T18:06:26Z,Kansas Jayhawks,205,,20260906180641293972
NCAAF,americanfootball_ncaaf,912c15dcb8dd09eacabdcb80673d9d72,2026-09-12T00:00:00Z,Kansas Jayhawks,Missouri Tigers,fanduel,FanDuel,2026-09-06T18:06:26Z,h2h,2026-09-06T18:06:26Z,Missouri Tigers,-260,,20260906180641293972
NCAAF,americanfootball_ncaaf,912c15dcb8dd09eacabdcb80673d9d72,2026-09-12T00:00:00Z,Kansas Jayhawks,Missouri Tigers,fanduel,FanDuel,2026-09-06T18:06:26Z,spreads,2026-09-06T18:06:26Z,Kansas Jayhawks,-105,6.5,20260906180641293972
NCAAF,americanfootball_ncaaf,912c15dcb8dd09eacabdcb80673d9d72,2026-09-12T00:00:00Z,Kansas Jayhawks,Missouri Tigers,fanduel,FanDuel,2026-09-06T18:06:26Z,spreads,2026-09-06T18:06:26Z,Missouri Tigers,-115,-6.5,20260906180641293972
NCAAF,americanfootball_ncaaf,912c15dcb8dd09eacabdcb80673d9d72,2026-09-12T00:00:00Z,Kansas Jayhawks,Missouri Tigers,fanduel,FanDuel,2026-09-06T18:06:26Z,totals,2026-09-06T18:06:26Z,Over,-110,50.5,20260906180641293972
NCAAF,americanfootball_ncaaf,912c15dcb8dd09eacabdcb80673d9d72,2026-09-12T00:00:00Z,Kansas Jayhawks,Missouri Tigers,fanduel,FanDuel,2026-09-06T18:06:26Z,totals,2026-09-06T18:06:26Z,Under,-110,50.5,20260906180641293972
NCAAF,americanfootball_ncaaf,912c15dcb8dd09eacabdcb80673d9d72,2026-09-12T00:00:00Z,Kansas Jayhawks,Missouri Tigers,draftkings,DraftKings,2026-09-06T18:05:37Z,h2h,2026-09-06T18:05:37Z,Kansas Jayhawks,195,,20260906180641293972
NCAAF,americanfootball_ncaaf,912c15dcb8dd09eacabdcb80673d9d72,2026-09-12T00:00:00Z,Kansas Jayhawks,Missouri Tigers,draftkings,DraftKings,2026-09-06T18:05:37Z,h2h,2026-09-06T18:05:37Z,Missouri Tigers,-238,,20260906180641293972
NCAAF,americanfootball_ncaaf,912c15dcb8dd09eacabdcb80673d9d72,2026-09-12T00:00:00Z,Kansas Jayhawks,Missouri Tigers,draftkings,DraftKings,2026-09-06T18:05:37Z,spreads,2026-09-06T18:05:37Z,Kansas Jayhawks,-110,6.5,20260906180641293972
NCAAF,americanfootball_ncaaf,912c15dcb8dd09eacabdcb80673d9d72,2026-09-12T00:00:00Z,Kansas Jayhawks,Missouri Tigers,draftkings,DraftKings,2026-09-06T18:05:37Z,spreads,2026-09-06T18:05:37Z,Missouri Tigers,-110,-6.5,20260906180641293972
NCAAF,americanfootball_ncaaf,912c15dcb8dd09eacabdcb80673d9d72,2026-09-12T00:00:00Z,Kansas Jayhawks,Missouri Tigers,draftkings,DraftKings,2026-09-06T18:05:37Z,totals,2026-09-06T18:05:37Z,Over,-115,51.5,20260906180641293972
NCAAF,americanfootball_ncaaf,912c15dcb8dd09eacabdcb80673d9d72,2026-09-12T00:00:00Z,Kansas Jayhawks,Missouri Tigers,draftkings,DraftKings,2026-09-06T18:05:37Z,totals,2026-09-06T18:05:37Z,Under,-105,51.5,20260906180641293972
NCAAF,americanfootball_ncaaf,912c15dcb8dd09eacabdcb80673d9d72,2026-09-12T00:00:00Z,Kansas Jayhawks,Missouri Tigers,betrivers,BetRivers,2026-09-06T18:06:25Z,h2h,2026-09-06T18:06:25Z,Kansas Jayhawks,215,,20260906180641293972
NCAAF,americanfootball_ncaaf,912c15dcb8dd09eacabdcb80673d9d72,2026-09-12T00:00:00Z,Kansas Jayhawks,Missouri Tigers,betrivers,BetRivers,2026-09-06T18:06:25Z,h2h,2026-09-06T18:06:25Z,Missouri Tigers,-278,,20260906180641293972
NCAAF,americanfootball_ncaaf,912c15dcb8dd09eacabdcb80673d9d72,2026-09-12T00:00:00Z,Kansas Jayhawks,Missouri Tigers,betrivers,BetRivers,2026-09-06T18:06:25Z,spreads,2026-09-06T18:06:25Z,Kansas Jayhawks,-109,7.0,20260906180641293972
NCAAF,americanfootball_ncaaf,912c15dcb8dd09eacabdcb80673d9d72,2026-09-12T00:00:00Z,Kansas Jayhawks,Missouri Tigers,betrivers,BetRivers,2026-09-06T18:06:25Z,spreads,2026-09-06T18:06:25Z,Missouri Tigers,-114,-7.0,20260906180641293972
NCAAF,americanfootball_ncaaf,912c15dcb8dd09eacabdcb80673d9d72,2026-09-12T00:00:00Z,Kansas Jayhawks,Missouri Tigers,betrivers,BetRivers,2026-09-06T18:06:25Z,totals,2026-09-06T18:06:25Z,Over,-113,51.0,20260906180641293972
NCAAF,americanfootball_ncaaf,912c15dcb8dd09eacabdcb80673d9d72,2026-09-12T00:00:00Z,Kansas Jayhawks,Missouri Tigers,betrivers,BetRivers,2026-09-06T18:06:25Z,totals,2026-09-06T18:06:25Z,Under,-110,51.0,20260906180641293972
NCAAF,americanfootball_ncaaf,912c15dcb8dd09eacabdcb80673d9d72,2026-09-12T00:00:00Z,Kansas Jayhawks,Missouri Tigers,betmgm,BetMGM,2026-09-06T18:05:38Z,h2h,2026-09-06T18:05:38Z,Kansas Jayhawks,200,,20260906180641293972
NCAAF,americanfootball_ncaaf,912c15dcb8dd09eacabdcb80673d9d72,2026-09-12T00:00:00Z,Kansas Jayhawks,Missouri Tigers,betmgm,BetMGM,2026-09-06T18:05:38Z,h2h,2026-09-06T18:05:38Z,Missouri Tigers,-250,,20260906180641293972
NCAAF,americanfootball_ncaaf,912c15dcb8dd09eacabdcb80673d9d72,2026-09-12T00:00:00Z,Kansas Jayhawks,Missouri Tigers,betmgm,BetMGM,2026-09-06T18:05:38Z,totals,2026-09-06T18:05:38Z,Over,-102,51.5,20260906180641293972
NCAAF,americanfootball_ncaaf,912c15dcb8dd09eacabdcb80673d9d72,2026-09-12T00:00:00Z,Kansas Jayhawks,Missouri Tigers,betmgm,BetMGM,2026-09-06T18:05:38Z,totals,2026-09-06T18:05:38Z,Under,-118,51.5,20260906180641293972
NCAAF,americanfootball_ncaaf,912c15dcb8dd09eacabdcb80673d9d72,2026-09-12T00:00:00Z,Kansas Jayhawks,Missouri Tigers,betonlineag,BetOnline.ag,2026-09-06T18:06:00Z,spreads,2026-09-06T18:06:00Z,Kansas Jayhawks,-107,6.5,20260906180641293972
NCAAF,americanfootball_ncaaf,912c15dcb8dd09eacabdcb80673d9d72,2026-09-12T00:00:00Z,Kansas Jayhawks,Missouri Tigers,betonlineag,BetOnline.ag,2026-09-06T18:06:00Z,spreads,2026-09-06T18:06:00Z,Missouri Tigers,-113,-6.5,20260906180641293972
NCAAF,americanfootball_ncaaf,912c15dcb8dd09eacabdcb80673d9d72,2026-09-12T00:00:00Z,Kansas Jayhawks,Missouri Tigers,lowvig,LowVig.ag,2026-09-06T18:06:01Z,spreads,2026-09-06T18:06:01Z,Kansas Jayhawks,-103,6.5,20260906180641293972
NCAAF,americanfootball_ncaaf,912c15dcb8dd09eacabdcb80673d9d72,2026-09-12T00:00:00Z,Kansas Jayhawks,Missouri Tigers,lowvig,LowVig.ag,2026-09-06T18:06:01Z,spreads,2026-09-06T18:06:01Z,Missouri Tigers,-109,-6.5,20260906180641293972
NCAAF,americanfootball_ncaaf,6dbd3546b178b91878131862fd719e1e,2026-09-12T16:00:00Z,East Carolina Pirates,Appalachian State Mountaineers,fanduel,FanDuel,2026-09-06T18:06:26Z,h2h,2026-09-06T18:06:26Z,Appalachian State Mountaineers,260,,20260906180641293972
NCAAF,americanfootball_ncaaf,6dbd3546b178b91878131862fd719e1e,2026-09-12T16:00:00Z,East Carolina Pirates,Appalachian State Mountaineers,fanduel,FanDuel,2026-09-06T18:06:26Z,h2h,2026-09-06T18:06:26Z,East Carolina Pirates,-330,,20260906180641293972
NCAAF,americanfootball_ncaaf,6dbd3546b178b91878131862fd719e1e,2026-09-12T16:00:00Z,East Carolina Pirates,Appalachian State Mountaineers,fanduel,FanDuel,2026-09-06T18:06:26Z,spreads,2026-09-06T18:06:26Z,Appalachian State Mountaineers,-110,9.5,20260906180641293972
NCAAF,americanfootball_ncaaf,6dbd3546b178b91878131862fd719e1e,2026-09-12T16:00:00Z,East Carolina Pirates,Appalachian State Mountaineers,fanduel,FanDuel,2026-09-06T18:06:26Z,spreads,2026-09-06T18:06:26Z,East Carolina Pirates,-110,-9.5,20260906180641293972
NCAAF,americanfootball_ncaaf,6dbd3546b178b91878131862fd719e1e,2026-09-12T16:00:00Z,East Carolina Pirates,Appalachian State Mountaineers,fanduel,FanDuel,2026-09-06T18:06:26Z,totals,2026-09-06T18:06:26Z,Over,-110,54.5,20260906180641293972
NCAAF,americanfootball_ncaaf,6dbd3546b178b91878131862fd719e1e,2026-09-12T16:00:00Z,East Carolina Pirates,Appalachian State Mountaineers,fanduel,FanDuel,2026-09-06T18:06:26Z,totals,2026-09-06T18:06:26Z,Under,-110,54.5,20260906180641293972
NCAAF,americanfootball_ncaaf,6dbd3546b178b91878131862fd719e1e,2026-09-12T16:00:00Z,East Carolina Pirates,Appalachian State Mountaineers,draftkings,DraftKings,2026-09-06T18:05:37Z,h2h,2026-09-06T18:05:37Z,Appalachian State Mountaineers,270,,20260906180641293972
NCAAF,americanfootball_ncaaf,6dbd3546b178b91878131862fd719e1e,2026-09-12T16:00:00Z,East Carolina Pirates,Appalachian State Mountaineers,draftkings,DraftKings,2026-09-06T18:05:37Z,h2h,2026-09-06T18:05:37Z,East Carolina Pirates,-340,,20260906180641293972
NCAAF,americanfootball_ncaaf,6dbd3546b178b91878131862fd719e1e,2026-09-12T16:00:00Z,East Carolina Pirates,Appalachian State Mountaineers,draftkings,DraftKings,2026-09-06T18:05:37Z,spreads,2026-09-06T18:05:37Z,Appalachian State Mountaineers,-108,9.5,20260906180641293972
NCAAF,americanfootball_ncaaf,6dbd3546b178b91878131862fd719e1e,2026-09-12T16:00:00Z,East Carolina Pirates,Appalachian State Mountaineers,draftkings,DraftKings,2026-09-06T18:05:37Z,spreads,2026-09-06T18:05:37Z,East Carolina Pirates,-112,-9.5,20260906180641293972
NCAAF,americanfootball_ncaaf,6dbd3546b178b91878131862fd719e1e,2026-09-12T16:00:00Z,East Carolina Pirates,Appalachian State Mountaineers,draftkings,DraftKings,2026-09-06T18:05:37Z,totals,2026-09-06T18:05:37Z,Over,-108,55.5,20260906180641293972
NCAAF,americanfootball_ncaaf,6dbd3546b178b91878131862fd719e1e,2026-09-12T16:00:00Z,East Carolina Pirates,Appalachian State Mountaineers,draftkings,DraftKings,2026-09-06T18:05:37Z,totals,2026-09-06T18:05:37Z,Under,-112,55.5,20260906180641293972
NCAAF,americanfootball_ncaaf,6dbd3546b178b91878131862fd719e1e,2026-09-12T16:00:00Z,East Carolina Pirates,Appalachian State Mountaineers,lowvig,LowVig.ag,2026-09-06T18:06:01Z,spreads,2026-09-06T18:06:01Z,Appalachian State Mountaineers,-101,10.0,20260906180641293972
NCAAF,americanfootball_ncaaf,6dbd3546b178b91878131862fd719e1e,2026-09-12T16:00:00Z,East Carolina Pirates,Appalachian State Mountaineers,lowvig,LowVig.ag,2026-09-06T18:06:01Z,spreads,2026-09-06T18:06:01Z,East Carolina Pirates,-111,-10.0,20260906180641293972
NCAAF,americanfootball_ncaaf,6dbd3546b178b91878131862fd719e1e,2026-09-12T16:00:00Z,East Carolina Pirates,Appalachian State Mountaineers,betonlineag,BetOnline.ag,2026-09-06T18:06:00Z,spreads,2026-09-06T18:06:00Z,Appalachian State Mountaineers,-105,10.0,20260906180641293972
NCAAF,americanfootball_ncaaf,6dbd3546b178b91878131862fd719e1e,2026-09-12T16:00:00Z,East Carolina Pirates,Appalachian State Mountaineers,betonlineag,BetOnline.ag,2026-09-06T18:06:00Z,spreads,2026-09-06T18:06:00Z,East Carolina Pirates,-115,-10.0,20260906180641293972
NCAAF,americanfootball_ncaaf,6dbd3546b178b91878131862fd719e1e,2026-09-12T16:00:00Z,East Carolina Pirates,Appalachian State Mountaineers,betrivers,BetRivers,2026-09-06T18:06:25Z,h2h,2026-09-06T18:06:25Z,Appalachian State Mountaineers,290,,20260906180641293972
NCAAF,americanfootball_ncaaf,6dbd3546b178b91878131862fd719e1e,2026-09-12T16:00:00Z,East Carolina Pirates,Appalachian State Mountaineers,betrivers,BetRivers,2026-09-06T18:06:25Z,h2h,2026-09-06T18:06:25Z,East Carolina Pirates,-400,,20260906180641293972
NCAAF,americanfootball_ncaaf,6dbd3546b178b91878131862fd719e1e,2026-09-12T16:00:00Z,East Carolina Pirates,Appalachian State Mountaineers,betrivers,BetRivers,2026-09-06T18:06:25Z,spreads,2026-09-06T18:06:25Z,Appalachian State Mountaineers,-108,9.5,20260906180641293972
NCAAF,americanfootball_ncaaf,6dbd3546b178b91878131862fd719e1e,2026-09-12T16:00:00Z,East Carolina Pirates,Appalachian State Mountaineers,betrivers,BetRivers,2026-09-06T18:06:25Z,spreads,2026-09-06T18:06:25Z,East Carolina Pirates,-115,-9.5,20260906180641293972
NCAAF,americanfootball_ncaaf,6dbd3546b178b91878131862fd719e1e,2026-09-12T16:00:00Z,East Carolina Pirates,Appalachian State Mountaineers,betrivers,BetRivers,2026-09-06T18:06:25Z,totals,2026-09-06T18:06:25Z,Over,-113,55.0,20260906180641293972
NCAAF,americanfootball_ncaaf,6dbd3546b178b91878131862fd719e1e,2026-09-12T16:00:00Z,East Carolina Pirates,Appalachian State Mountaineers,betrivers,BetRivers,2026-09-06T18:06:25Z,totals,2026-09-06T18:06:25Z,Under,-110,55.0,20260906180641293972
NCAAF,americanfootball_ncaaf,cad3845e3f9f9e746c4bbf45487eed02,2026-09-12T16:00:00Z,Texas A&M Aggies,Arizona State Sun Devils,draftkings,DraftKings,2026-09-06T18:05:37Z,h2h,2026-09-06T18:05:37Z,Arizona State Sun Devils,490,,20260906180641293972
NCAAF,americanfootball_ncaaf,cad3845e3f9f9e746c4bbf45487eed02,2026-09-12T16:00:00Z,Texas A&M Aggies,Arizona State Sun Devils,draftkings,DraftKings,2026-09-06T18:05:37Z,h2h,2026-09-06T18:05:37Z,Texas A&M Aggies,-675,,20260906180641293972
NCAAF,americanfootball_ncaaf,cad3845e3f9f9e746c4bbf45487eed02,2026-09-12T16:00:00Z,Texas A&M Aggies,Arizona State Sun Devils,draftkings,DraftKings,2026-09-06T18:05:37Z,spreads,2026-09-06T18:05:37Z,Arizona State Sun Devils,-112,14.5,20260906180641293972
NCAAF,americanfootball_ncaaf,cad3845e3f9f9e746c4bbf45487eed02,2026-09-12T16:00:00Z,Texas A&M Aggies,Arizona State Sun Devils,draftkings,DraftKings,2026-09-06T18:05:37Z,spreads,2026-09-06T18:05:37Z,Texas A&M Aggies,-108,-14.5,20260906180641293972
NCAAF,americanfootball_ncaaf,cad3845e3f9f9e746c4bbf45487eed02,2026-09-12T16:00:00Z,Texas A&M Aggies,Arizona State Sun Devils,draftkings,DraftKings,2026-09-06T18:05:37Z,totals,2026-09-06T18:05:37Z,Over,-108,51.5,20260906180641293972
NCAAF,americanfootball_ncaaf,cad3845e3f9f9e746c4bbf45487eed02,2026-09-12T16:00:00Z,Texas A&M Aggies,Arizona State Sun Devils,draftkings,DraftKings,2026-09-06T18:05:37Z,totals,2026-09-06T18:05:37Z,Under,-112,51.5,20260906180641293972
NCAAF,americanfootball_ncaaf,cad3845e3f9f9e746c4bbf45487eed02,2026-09-12T16:00:00Z,Texas A&M Aggies,Arizona State Sun Devils,betrivers,BetRivers,2026-09-06T18:06:25Z,h2h,2026-09-06T18:06:25Z,Arizona State Sun Devils,510,,20260906180641293972
NCAAF,americanfootball_ncaaf,cad3845e3f9f9e746c4bbf45487eed02,2026-09-12T16:00:00Z,Texas A&M Aggies,Arizona State Sun Devils,betrivers,BetRivers,2026-09-06T18:06:25Z,h2h,2026-09-06T18:06:25Z,Texas A&M Aggies,-835,,20260906180641293972
NCAAF,americanfootball_ncaaf,cad3845e3f9f9e746c4bbf45487eed02,2026-09-12T16:00:00Z,Texas A&M Aggies,Arizona State Sun Devils,betrivers,BetRivers,2026-09-06T18:06:25Z,spreads,2026-09-06T18:06:25Z,Arizona State Sun Devils,-113,15.0,20260906180641293972
NCAAF,americanfootball_ncaaf,cad3845e3f9f9e746c4bbf45487eed02,2026-09-12T16:00:00Z,Texas A&M Aggies,Arizona State Sun Devils,betrivers,BetRivers,2026-09-06T18:06:25Z,spreads,2026-09-06T18:06:25Z,Texas A&M Aggies,-110,-15.0,20260906180641293972
NCAAF,americanfootball_ncaaf,cad3845e3f9f9e746c4bbf45487eed02,2026-09-12T16:00:00Z,Texas A&M Aggies,Arizona State Sun Devils,betrivers,BetRivers,2026-09-06T18:06:25Z,totals,2026-09-06T18:06:25Z,Over,-112,52.0,20260906180641293972
NCAAF,americanfootball_ncaaf,cad3845e3f9f9e746c4bbf45487eed02,2026-09-12T16:00:00Z,Texas A&M Aggies,Arizona State Sun Devils,betrivers,BetRivers,2026-09-06T18:06:25Z,totals,2026-09-06T18:06:25Z,Under,-110,52.0,20260906180641293972
NCAAF,americanfootball_ncaaf,cad3845e3f9f9e746c4bbf45487eed02,2026-09-12T16:00:00Z,Texas A&M Aggies,Arizona State Sun Devils,fanduel,FanDuel,2026-09-06T18:06:26Z,h2h,2026-09-06T18:06:26Z,Arizona State Sun Devils,480,,20260906180641293972
NCAAF,americanfootball_ncaaf,cad3845e3f9f9e746c4bbf45487eed02,2026-09-12T16:00:00Z,Texas A&M Aggies,Arizona State Sun Devils,fanduel,FanDuel,2026-09-06T18:06:26Z,h2h,2026-09-06T18:06:26Z,Texas A&M Aggies,-690,,20260906180641293972
NCAAF,americanfootball_ncaaf,cad3845e3f9f9e746c4bbf45487eed02,2026-09-12T16:00:00Z,Texas A&M Aggies,Arizona State Sun Devils,fanduel,FanDuel,2026-09-06T18:06:26Z,spreads,2026-09-06T18:06:26Z,Arizona State Sun Devils,-115,14.5,20260906180641293972
NCAAF,americanfootball_ncaaf,cad3845e3f9f9e746c4bbf45487eed02,2026-09-12T16:00:00Z,Texas A&M Aggies,Arizona State Sun Devils,fanduel,FanDuel,2026-09-06T18:06:26Z,spreads,2026-09-06T18:06:26Z,Texas A&M Aggies,-105,-14.5,20260906180641293972
NCAAF,americanfootball_ncaaf,cad3845e3f9f9e746c4bbf45487eed02,2026-09-12T16:00:00Z,Texas A&M Aggies,Arizona State Sun Devils,fanduel,FanDuel,2026-09-06T18:06:26Z,totals,2026-09-06T18:06:26Z,Over,-110,52.5,20260906180641293972
NCAAF,americanfootball_ncaaf,cad3845e3f9f9e746c4bbf45487eed02,2026-09-12T16:00:00Z,Texas A&M Aggies,Arizona State Sun Devils,fanduel,FanDuel,2026-09-06T18:06:26Z,totals,2026-09-06T18:06:26Z,Under,-110,52.5,20260906180641293972
NCAAF,americanfootball_ncaaf,cad3845e3f9f9e746c4bbf45487eed02,2026-09-12T16:00:00Z,Texas A&M Aggies,Arizona State Sun Devils,lowvig,LowVig.ag,2026-09-06T18:06:01Z,spreads,2026-09-06T18:06:01Z,Arizona State Sun Devils,-106,15.0,20260906180641293972
NCAAF,americanfootball_ncaaf,cad3845e3f9f9e746c4bbf45487eed02,2026-09-12T16:00:00Z,Texas A&M Aggies,Arizona State Sun Devils,lowvig,LowVig.ag,2026-09-06T18:06:01Z,spreads,2026-09-06T18:06:01Z,Texas A&M Aggies,-106,-15.0,20260906180641293972
NCAAF,americanfootball_ncaaf,cad3845e3f9f9e746c4bbf45487eed02,2026-09-12T16:00:00Z,Texas A&M Aggies,Arizona State Sun Devils,betonlineag,BetOnline.ag,2026-09-06T18:06:00Z,spreads,2026-09-06T18:06:00Z,Arizona State Sun Devils,-110,15.0,20260906180641293972
NCAAF,americanfootball_ncaaf,cad3845e3f9f9e746c4bbf45487eed02,2026-09-12T16:00:00Z,Texas A&M Aggies,Arizona State Sun Devils,betonlineag,BetOnline.ag,2026-09-06T18:06:00Z,spreads,2026-09-06T18:06:00Z,Texas A&M Aggies,-110,-15.0,20260906180641293972
NCAAF,americanfootball_ncaaf,cad3845e3f9f9e746c4bbf45487eed02,2026-09-12T16:00:00Z,Texas A&M Aggies,Arizona State Sun Devils,betmgm,BetMGM,2026-09-06T18:05:38Z,h2h,2026-09-06T18:05:38Z,Arizona State Sun Devils,500,,20260906180641293972
NCAAF,americanfootball_ncaaf,cad3845e3f9f9e746c4bbf45487eed02,2026-09-12T16:00:00Z,Texas A&M Aggies,Arizona State Sun Devils,betmgm,BetMGM,2026-09-06T18:05:38Z,h2h,2026-09-06T18:05:38Z,Texas A&M Aggies,-650,,20260906180641293972
NCAAF,americanfootball_ncaaf,cad3845e3f9f9e746c4bbf45487eed02,2026-09-12T16:00:00Z,Texas A&M Aggies,Arizona State Sun Devils,betmgm,BetMGM,2026-09-06T18:05:38Z,spreads,2026-09-06T18:05:38Z,Arizona State Sun Devils,-110,14.5,20260906180641293972
NCAAF,americanfootball_ncaaf,cad3845e3f9f9e746c4bbf45487eed02,2026-09-12T16:00:00Z,Texas A&M Aggies,Arizona State Sun Devils,betmgm,BetMGM,2026-09-06T18:05:38Z,spreads,2026-09-06T18:05:38Z,Texas A&M Aggies,-108,-14.5,20260906180641293972
NCAAF,americanfootball_ncaaf,cad3845e3f9f9e746c4bbf45487eed02,2026-09-12T16:00:00Z,Texas A&M Aggies,Arizona State Sun Devils,betmgm,BetMGM,2026-09-06T18:05:38Z,totals,2026-09-06T18:05:38Z,Over,-118,51.5,20260906180641293972
NCAAF,americanfootball_ncaaf,cad3845e3f9f9e746c4bbf45487eed02,2026-09-12T16:00:00Z,Texas A&M Aggies,Arizona State Sun Devils,betmgm,BetMGM,2026-09-06T18:05:38Z,totals,2026-09-06T18:05:38Z,Under,-102,51.5,20260906180641293972
NCAAF,americanfootball_ncaaf,c12cd73c4077a0265acec205a572c2ec,2026-09-12T16:00:00Z,Utah Utes,Arkansas Razorbacks,draftkings,DraftKings,2026-09-06T18:05:37Z,h2h,2026-09-06T18:05:37Z,Arkansas Razorbacks,340,,20260906180641293972
NCAAF,americanfootball_ncaaf,c12cd73c4077a0265acec205a572c2ec,2026-09-12T16:00:00Z,Utah Utes,Arkansas Razorbacks,draftkings,DraftKings,2026-09-06T18:05:37Z,h2h,2026-09-06T18:05:37Z,Utah Utes,-440,,20260906180641293972
NCAAF,americanfootball_ncaaf,c12cd73c4077a0265acec205a572c2ec,2026-09-12T16:00:00Z,Utah Utes,Arkansas Razorbacks,draftkings,DraftKings,2026-09-06T18:05:37Z,spreads,2026-09-06T18:05:37Z,Arkansas Razorbacks,-110,11.5,20260906180641293972
NCAAF,americanfootball_ncaaf,c12cd73c4077a0265acec205a572c2ec,2026-09-12T16:00:00Z,Utah Utes,Arkansas Razorbacks,draftkings,DraftKings,2026-09-06T18:05:37Z,spreads,2026-09-06T18:05:37Z,Utah Utes,-110,-11.5,20260906180641293972
NCAAF,americanfootball_ncaaf,c12cd73c4077a0265acec205a572c2ec,2026-09-12T16:00:00Z,Utah Utes,Arkansas Razorbacks,draftkings,DraftKings,2026-09-06T18:05:37Z,totals,2026-09-06T18:05:37Z,Over,-110,56.5,20260906180641293972
NCAAF,americanfootball_ncaaf,c12cd73c4077a0265acec205a572c2ec,2026-09-12T16:00:00Z,Utah Utes,Arkansas Razorbacks,draftkings,DraftKings,2026-09-06T18:05:37Z,totals,2026-09-06T18:05:37Z,Under,-110,56.5,20260906180641293972
NCAAF,americanfootball_ncaaf,c12cd73c4077a0265acec205a572c2ec,2026-09-12T16:00:00Z,Utah Utes,Arkansas Razorbacks,fanduel,FanDuel,2026-09-06T18:06:26Z,h2h,2026-09-06T18:06:26Z,Arkansas Razorbacks,340,,20260906180641293972
NCAAF,americanfootball_ncaaf,c12cd73c4077a0265acec205a572c2ec,2026-09-12T16:00:00Z,Utah Utes,Arkansas Razorbacks,fanduel,FanDuel,2026-09-06T18:06:26Z,h2h,2026-09-06T18:06:26Z,Utah Utes,-450,,20260906180641293972
NCAAF,americanfootball_ncaaf,c12cd73c4077a0265acec205a572c2ec,2026-09-12T16:00:00Z,Utah Utes,Arkansas Razorbacks,fanduel,FanDuel,2026-09-06T18:06:26Z,spreads,2026-09-06T18:06:26Z,Arkansas Razorbacks,-110,11.5,20260906180641293972
NCAAF,americanfootball_ncaaf,c12cd73c4077a0265acec205a572c2ec,2026-09-12T16:00:00Z,Utah Utes,Arkansas Razorbacks,fanduel,FanDuel,2026-09-06T18:06:26Z,spreads,2026-09-06T18:06:26Z,Utah Utes,-110,-11.5,20260906180641293972
NCAAF,americanfootball_ncaaf,c12cd73c4077a0265acec205a572c2ec,2026-09-12T16:00:00Z,Utah Utes,Arkansas Razorbacks,fanduel,FanDuel,2026-09-06T18:06:26Z,totals,2026-09-06T18:06:26Z,Over,-110,56.5,20260906180641293972
NCAAF,americanfootball_ncaaf,c12cd73c4077a0265acec205a572c2ec,2026-09-12T16:00:00Z,Utah Utes,Arkansas Razorbacks,fanduel,FanDuel,2026-09-06T18:06:26Z,totals,2026-09-06T18:06:26Z,Under,-110,56.5,20260906180641293972
NCAAF,americanfootball_ncaaf,c12cd73c4077a0265acec205a572c2ec,2026-09-12T16:00:00Z,Utah Utes,Arkansas Razorbacks,betrivers,BetRivers,2026-09-06T18:06:25Z,h2h,2026-09-06T18:06:25Z,Arkansas Razorbacks,335,,20260906180641293972
NCAAF,americanfootball_ncaaf,c12cd73c4077a0265acec205a572c2ec,2026-09-12T16:00:00Z,Utah Utes,Arkansas Razorbacks,betrivers,BetRivers,2026-09-06T18:06:25Z,h2h,2026-09-06T18:06:25Z,Utah Utes,-480,,20260906180641293972
NCAAF,americanfootball_ncaaf,c12cd73c4077a0265acec205a572c2ec,2026-09-12T16:00:00Z,Utah Utes,Arkansas Razorbacks,betrivers,BetRivers,2026-09-06T18:06:25Z,spreads,2026-09-06T18:06:25Z,Arkansas Razorbacks,-112,11.0,20260906180641293972
NCAAF,americanfootball_ncaaf,c12cd73c4077a0265acec205a572c2ec,2026-09-12T16:00:00Z,Utah Utes,Arkansas Razorbacks,betrivers,BetRivers,2026-09-06T18:06:25Z,spreads,2026-09-06T18:06:25Z,Utah Utes,-112,-11.0,20260906180641293972
NCAAF,americanfootball_ncaaf,c12cd73c4077a0265acec205a572c2ec,2026-09-12T16:00:00Z,Utah Utes,Arkansas Razorbacks,betrivers,BetRivers,2026-09-06T18:06:25Z,totals,2026-09-06T18:06:25Z,Over,-113,56.5,20260906180641293972
NCAAF,americanfootball_ncaaf,c12cd73c4077a0265acec205a572c2ec,2026-09-12T16:00:00Z,Utah Utes,Arkansas Razorbacks,betrivers,BetRivers,2026-09-06T18:06:25Z,totals,2026-09-06T18:06:25Z,Under,-110,56.5,20260906180641293972
NCAAF,americanfootball_ncaaf,c12cd73c4077a0265acec205a572c2ec,2026-09-12T16:00:00Z,Utah Utes,Arkansas Razorbacks,betmgm,BetMGM,2026-09-06T18:05:38Z,h2h,2026-09-06T18:05:38Z,Arkansas Razorbacks,340,,20260906180641293972
NCAAF,americanfootball_ncaaf,c12cd73c4077a0265acec205a572c2ec,2026-09-12T16:00:00Z,Utah Utes,Arkansas Razorbacks,betmgm,BetMGM,2026-09-06T18:05:38Z,h2h,2026-09-06T18:05:38Z,Utah Utes,-450,,20260906180641293972
NCAAF,americanfootball_ncaaf,c12cd73c4077a0265acec205a572c2ec,2026-09-12T16:00:00Z,Utah Utes,Arkansas Razorbacks,betmgm,BetMGM,2026-09-06T18:05:38Z,spreads,2026-09-06T18:05:38Z,Arkansas Razorbacks,-108,11.5,20260906180641293972
NCAAF,americanfootball_ncaaf,c12cd73c4077a0265acec205a572c2ec,2026-09-12T16:00:00Z,Utah Utes,Arkansas Razorbacks,betmgm,BetMGM,2026-09-06T18:05:38Z,spreads,2026-09-06T18:05:38Z,Utah Utes,-110,-11.5,20260906180641293972
NCAAF,americanfootball_ncaaf,c12cd73c4077a0265acec205a572c2ec,2026-09-12T16:00:00Z,Utah Utes,Arkansas Razorbacks,betmgm,BetMGM,2026-09-06T18:05:38Z,totals,2026-09-06T18:05:38Z,Over,-108,56.5,20260906180641293972
NCAAF,americanfootball_ncaaf,c12cd73c4077a0265acec205a572c2ec,2026-09-12T16:00:00Z,Utah Utes,Arkansas Razorbacks,betmgm,BetMGM,2026-09-06T18:05:38Z,totals,2026-09-06T18:05:38Z,Under,-110,56.5,20260906180641293972
NCAAF,americanfootball_ncaaf,c12cd73c4077a0265acec205a572c2ec,2026-09-12T16:00:00Z,Utah Utes,Arkansas Razorbacks,betonlineag,BetOnline.ag,2026-09-06T18:06:00Z,spreads,2026-09-06T18:06:00Z,Arkansas Razorbacks,-110,10.5,20260906180641293972
NCAAF,americanfootball_ncaaf,c12cd73c4077a0265acec205a572c2ec,2026-09-12T16:00:00Z,Utah Utes,Arkansas Razorbacks,betonlineag,BetOnline.ag,2026-09-06T18:06:00Z,spreads,2026-09-06T18:06:00Z,Utah Utes,-110,-10.5,20260906180641293972
NCAAF,americanfootball_ncaaf,a7c7e0143d5131ee3e2d78f356f0089d,2026-09-12T16:00:00Z,Army Black Knights,South Florida Bulls,fanduel,FanDuel,2026-09-06T18:06:26Z,h2h,2026-09-06T18:06:26Z,Army Black Knights,-192,,20260906180641293972
NCAAF,americanfootball_ncaaf,a7c7e0143d5131ee3e2d78f356f0089d,2026-09-12T16:00:00Z,Army Black Knights,South Florida Bulls,fanduel,FanDuel,2026-09-06T18:06:26Z,h2h,2026-09-06T18:06:26Z,South Florida Bulls,158,,20260906180641293972
NCAAF,americanfootball_ncaaf,a7c7e0143d5131ee3e2d78f356f0089d,2026-09-12T16:00:00Z,Army Black Knights,South Florida Bulls,fanduel,FanDuel,2026-09-06T18:06:26Z,spreads,2026-09-06T18:06:26Z,Army Black Knights,-120,-3.5,20260906180641293972
NCAAF,americanfootball_ncaaf,a7c7e0143d5131ee3e2d78f356f0089d,2026-09-12T16:00:00Z,Army Black Knights,South Florida Bulls,fanduel,FanDuel,2026-09-06T18:06:26Z,spreads,2026-09-06T18:06:26Z,South Florida Bulls,-102,3.5,20260906180641293972
NCAAF,americanfootball_ncaaf,a7c7e0143d5131ee3e2d78f356f0089d,2026-09-12T16:00:00Z,Army Black Knights,South Florida Bulls,fanduel,FanDuel,2026-09-06T18:06:26Z,totals,2026-09-06T18:06:26Z,Over,-105,49.5,20260906180641293972
NCAAF,americanfootball_ncaaf,a7c7e0143d5131ee3e2d78f356f0089d,2026-09-12T16:00:00Z,Army Black Knights,South Florida Bulls,fanduel,FanDuel,2026-09-06T18:06:26Z,totals,2026-09-06T18:06:26Z,Under,-115,49.5,20260906180641293972
NCAAF,americanfootball_ncaaf,a7c7e0143d5131ee3e2d78f356f0089d,2026-09-12T16:00:00Z,Army Black Knights,South Florida Bulls,draftkings,DraftKings,2026-09-06T18:05:37Z,h2h,2026-09-06T18:05:37Z,Army Black Knights,-162,,20260906180641293972
NCAAF,americanfootball_ncaaf,a7c7e0143d5131ee3e2d78f356f0089d,2026-09-12T16:00:00Z,Army Black Knights,South Florida Bulls,draftkings,DraftKings,2026-09-06T18:05:37Z,h2h,2026-09-06T18:05:37Z,South Florida Bulls,136,,20260906180641293972
NCAAF,americanfootball_ncaaf,a7c7e0143d5131ee3e2d78f356f0089d,2026-09-12T16:00:00Z,Army Black Knights,South Florida Bulls,draftkings,DraftKings,2026-09-06T18:05:37Z,spreads,2026-09-06T18:05:37Z,Army Black Knights,-110,-3.0,20260906180641293972
NCAAF,americanfootball_ncaaf,a7c7e0143d5131ee3e2d78f356f0089d,2026-09-12T16:00:00Z,Army Black Knights,South Florida Bulls,draftkings,DraftKings,2026-09-06T18:05:37Z,spreads,2026-09-06T18:05:37Z,South Florida Bulls,-110,3.0,20260906180641293972
NCAAF,americanfootball_ncaaf,a7c7e0143d5131ee3e2d78f356f0089d,2026-09-12T16:00:00Z,Army Black Knights,South Florida Bulls,draftkings,DraftKings,2026-09-06T18:05:37Z,totals,2026-09-06T18:05:37Z,Over,-115,51.5,20260906180641293972
NCAAF,americanfootball_ncaaf,a7c7e0143d5131ee3e2d78f356f0089d,2026-09-12T16:00:00Z,Army Black Knights,South Florida Bulls,draftkings,DraftKings,2026-09-06T18:05:37Z,totals,2026-09-06T18:05:37Z,Under,-105,51.5,20260906180641293972
NCAAF,americanfootball_ncaaf,a7c7e0143d5131ee3e2d78f356f0089d,2026-09-12T16:00:00Z,Army Black Knights,South Florida Bulls,lowvig,LowVig.ag,2026-09-06T18:06:01Z,spreads,2026-09-06T18:06:01Z,Army Black Knights,-122,-3.0,20260906180641293972
NCAAF,americanfootball_ncaaf,a7c7e0143d5131ee3e2d78f356f0089d,2026-09-12T16:00:00Z,Army Black Knights,South Florida Bulls,lowvig,LowVig.ag,2026-09-06T18:06:01Z,spreads,2026-09-06T18:06:01Z,South Florida Bulls,109,3.0,20260906180641293972
NCAAF,americanfootball_ncaaf,a7c7e0143d5131ee3e2d78f356f0089d,2026-09-12T16:00:00Z,Army Black Knights,South Florida Bulls,betonlineag,BetOnline.ag,2026-09-06T18:06:00Z,spreads,2026-09-06T18:06:00Z,Army Black Knights,-125,-3.0,20260906180641293972
NCAAF,americanfootball_ncaaf,a7c7e0143d5131ee3e2d78f356f0089d,2026-09-12T16:00:00Z,Army Black Knights,South Florida Bulls,betonlineag,BetOnline.ag,2026-09-06T18:06:00Z,spreads,2026-09-06T18:06:00Z,South Florida Bulls,105,3.0,20260906180641293972
NCAAF,americanfootball_ncaaf,a7c7e0143d5131ee3e2d78f356f0089d,2026-09-12T16:00:00Z,Army Black Knights,South Florida Bulls,betrivers,BetRivers,2026-09-06T18:06:25Z,h2h,2026-09-06T18:06:25Z,Army Black Knights,-195,,20260906180641293972
NCAAF,americanfootball_ncaaf,a7c7e0143d5131ee3e2d78f356f0089d,2026-09-12T16:00:00Z,Army Black Knights,South Florida Bulls,betrivers,BetRivers,2026-09-06T18:06:25Z,h2h,2026-09-06T18:06:25Z,South Florida Bulls,155,,20260906180641293972
NCAAF,americanfootball_ncaaf,a7c7e0143d5131ee3e2d78f356f0089d,2026-09-12T16:00:00Z,Army Black Knights,South Florida Bulls,betrivers,BetRivers,2026-09-06T18:06:25Z,spreads,2026-09-06T18:06:25Z,Army Black Knights,-114,-4.0,20260906180641293972
NCAAF,americanfootball_ncaaf,a7c7e0143d5131ee3e2d78f356f0089d,2026-09-12T16:00:00Z,Army Black Knights,South Florida Bulls,betrivers,BetRivers,2026-09-06T18:06:25Z,spreads,2026-09-06T18:06:25Z,South Florida Bulls,-109,4.0,20260906180641293972
NCAAF,americanfootball_ncaaf,a7c7e0143d5131ee3e2d78f356f0089d,2026-09-12T16:00:00Z,Army Black Knights,South Florida Bulls,betrivers,BetRivers,2026-09-06T18:06:25Z,totals,2026-09-06T18:06:25Z,Over,-109,50.5,20260906180641293972
NCAAF,americanfootball_ncaaf,a7c7e0143d5131ee3e2d78f356f0089d,2026-09-12T16:00:00Z,Army Black Knights,South Florida Bulls,betrivers,BetRivers,2026-09-06T18:06:25Z,totals,2026-09-06T18:06:25Z,Under,-113,50.5,20260906180641293972
NCAAF,americanfootball_ncaaf,287a959c0717526161988214cb4e01ce,2026-09-12T16:00:00Z,North Carolina Tar Heels,East Tennessee State Buccaneers,fanduel,FanDuel,2026-09-06T18:06:26Z,h2h,2026-09-06T18:06:26Z,East Tennessee State Buccaneers,4000,,20260906180641293972
NCAAF,americanfootball_ncaaf,287a959c0717526161988214cb4e01ce,2026-09-12T16:00:00Z,North Carolina Tar Heels,East Tennessee State Buccaneers,fanduel,FanDuel,2026-09-06T18:06:26Z,h2h,2026-09-06T18:06:26Z,North Carolina Tar Heels,-30000,,20260906180641293972
NCAAF,americanfootball_ncaaf,287a959c0717526161988214cb4e01ce,2026-09-12T16:00:00Z,North Carolina Tar Heels,East Tennessee State Buccaneers,fanduel,FanDuel,2026-09-06T18:06:26Z,spreads,2026-09-06T18:06:26Z,East Tennessee State Buccaneers,-110,35.5,20260906180641293972
NCAAF,americanfootball_ncaaf,287a959c0717526161988214cb4e01ce,2026-09-12T16:00:00Z,North Carolina Tar Heels,East Tennessee State Buccaneers,fanduel,FanDuel,2026-09-06T18:06:26Z,spreads,2026-09-06T18:06:26Z,North Carolina Tar Heels,-110,-35.5,20260906180641293972
NCAAF,americanfootball_ncaaf,287a959c0717526161988214cb4e01ce,2026-09-12T16:00:00Z,North Carolina Tar Heels,East Tennessee State Buccaneers,fanduel,FanDuel,2026-09-06T18:06:26Z,totals,2026-09-06T18:06:26Z,Over,-110,51.5,20260906180641293972
NCAAF,americanfootball_ncaaf,287a959c0717526161988214cb4e01ce,2026-09-12T16:00:00Z,North Carolina Tar Heels,East Tennessee State Buccaneers,fanduel,FanDuel,2026-09-06T18:06:26Z,totals,2026-09-06T18:06:26Z,Under,-110,51.5,20260906180641293972
NCAAF,americanfootball_ncaaf,3b3054849b678fcfa0b6a5a9994557bf,2026-09-12T16:00:00Z,Kansas State Wildcats,Washington State Cougars,fanduel,FanDuel,2026-09-06T18:06:26Z,h2h,2026-09-06T18:06:26Z,Kansas State Wildcats,-1400,,20260906180641293972
NCAAF,americanfootball_ncaaf,3b3054849b678fcfa0b6a5a9994557bf,2026-09-12T16:00:00Z,Kansas State Wildcats,Washington State Cougars,fanduel,FanDuel,2026-09-06T18:06:26Z,h2h,2026-09-06T18:06:26Z,Washington State Cougars,800,,20260906180641293972
NCAAF,americanfootball_ncaaf,3b3054849b678fcfa0b6a5a9994557bf,2026-09-12T16:00:00Z,Kansas State Wildcats,Washington State Cougars,fanduel,FanDuel,2026-09-06T18:06:26Z,spreads,2026-09-06T18:06:26Z,Kansas State Wildcats,-110,-18.5,20260906180641293972
NCAAF,americanfootball_ncaaf,3b3054849b678fcfa0b6a5a9994557bf,2026-09-12T16:00:00Z,Kansas State Wildcats,Washington State Cougars,fanduel,FanDuel,2026-09-06T18:06:26Z,spreads,2026-09-06T18:06:26Z,Washington State Cougars,-110,18.5,20260906180641293972
NCAAF,americanfootball_ncaaf,3b3054849b678fcfa0b6a5a9994557bf,2026-09-12T16:00:00Z,Kansas State Wildcats,Washington State Cougars,fanduel,FanDuel,2026-09-06T18:06:26Z,totals,2026-09-06T18:06:26Z,Over,-110,52.5,20260906180641293972
NCAAF,americanfootball_ncaaf,3b3054849b678fcfa0b6a5a9994557bf,2026-09-12T16:00:00Z,Kansas State Wildcats,Washington State Cougars,fanduel,FanDuel,2026-09-06T18:06:26Z,totals,2026-09-06T18:06:26Z,Under,-110,52.5,20260906180641293972
NCAAF,americanfootball_ncaaf,3b3054849b678fcfa0b6a5a9994557bf,2026-09-12T16:00:00Z,Kansas State Wildcats,Washington State Cougars,draftkings,DraftKings,2026-09-06T18:05:37Z,h2h,2026-09-06T18:05:37Z,Kansas State Wildcats,-1600,,20260906180641293972
NCAAF,americanfootball_ncaaf,3b3054849b678fcfa0b6a5a9994557bf,2026-09-12T16:00:00Z,Kansas State Wildcats,Washington State Cougars,draftkings,DraftKings,2026-09-06T18:05:37Z,h2h,2026-09-06T18:05:37Z,Washington State Cougars,900,,20260906180641293972
NCAAF,americanfootball_ncaaf,3b3054849b678fcfa0b6a5a9994557bf,2026-09-12T16:00:00Z,Kansas State Wildcats,Washington State Cougars,draftkings,DraftKings,2026-09-06T18:05:37Z,spreads,2026-09-06T18:05:37Z,Kansas State Wildcats,-108,-19.5,20260906180641293972
NCAAF,americanfootball_ncaaf,3b3054849b678fcfa0b6a5a9994557bf,2026-09-12T16:00:00Z,Kansas State Wildcats,Washington State Cougars,draftkings,DraftKings,2026-09-06T18:05:37Z,spreads,2026-09-06T18:05:37Z,Washington State Cougars,-112,19.5,20260906180641293972
NCAAF,americanfootball_ncaaf,3b3054849b678fcfa0b6a5a9994557bf,2026-09-12T16:00:00Z,Kansas State Wildcats,Washington State Cougars,draftkings,DraftKings,2026-09-06T18:05:37Z,totals,2026-09-06T18:05:37Z,Over,-110,51.5,20260906180641293972
NCAAF,americanfootball_ncaaf,3b3054849b678fcfa0b6a5a9994557bf,2026-09-12T16:00:00Z,Kansas State Wildcats,Washington State Cougars,draftkings,DraftKings,2026-09-06T18:05:37Z,totals,2026-09-06T18:05:37Z,Under,-110,51.5,20260906180641293972
NCAAF,americanfootball_ncaaf,3b3054849b678fcfa0b6a5a9994557bf,2026-09-12T16:00:00Z,Kansas State Wildcats,Washington State Cougars,betonlineag,BetOnline.ag,2026-09-06T18:06:00Z,spreads,2026-09-06T18:06:00Z,Kansas State Wildcats,-110,-18.5,20260906180641293972
NCAAF,americanfootball_ncaaf,3b3054849b678fcfa0b6a5a9994557bf,2026-09-12T16:00:00Z,Kansas State Wildcats,Washington State Cougars,betonlineag,BetOnline.ag,2026-09-06T18:06:00Z,spreads,2026-09-06T18:06:00Z,Washington State Cougars,-110,18.5,20260906180641293972
NCAAF,americanfootball_ncaaf,3b3054849b678fcfa0b6a5a9994557bf,2026-09-12T16:00:00Z,Kansas State Wildcats,Washington State Cougars,lowvig,LowVig.ag,2026-09-06T18:06:01Z,spreads,2026-09-06T18:06:01Z,Kansas State Wildcats,-106,-18.5,20260906180641293972
NCAAF,americanfootball_ncaaf,3b3054849b678fcfa0b6a5a9994557bf,2026-09-12T16:00:00Z,Kansas State Wildcats,Washington State Cougars,lowvig,LowVig.ag,2026-09-06T18:06:01Z,spreads,2026-09-06T18:06:01Z,Washington State Cougars,-106,18.5,20260906180641293972
NCAAF,americanfootball_ncaaf,b38f4f63351c15767e64a76a73589574,2026-09-12T16:00:00Z,Michigan Wolverines,Oklahoma Sooners,fanduel,FanDuel,2026-09-06T18:06:26Z,h2h,2026-09-06T18:06:26Z,Michigan Wolverines,205,,20260906180641293972
NCAAF,americanfootball_ncaaf,b38f4f63351c15767e64a76a73589574,2026-09-12T16:00:00Z,Michigan Wolverines,Oklahoma Sooners,fanduel,FanDuel,2026-09-06T18:06:26Z,h2h,2026-09-06T18:06:26Z,Oklahoma Sooners,-255,,20260906180641293972
NCAAF,americanfootball_ncaaf,b38f4f63351c15767e64a76a73589574,2026-09-12T16:00:00Z,Michigan Wolverines,Oklahoma Sooners,fanduel,FanDuel,2026-09-06T18:06:26Z,spreads,2026-09-06T18:06:26Z,Michigan Wolverines,-110,6.5,20260906180641293972
NCAAF,americanfootball_ncaaf,b38f4f63351c15767e64a76a73589574,2026-09-12T16:00:00Z,Michigan Wolverines,Oklahoma Sooners,fanduel,FanDuel,2026-09-06T18:06:26Z,spreads,2026-09-06T18:06:26Z,Oklahoma Sooners,-110,-6.5,20260906180641293972
NCAAF,americanfootball_ncaaf,b38f4f63351c15767e64a76a73589574,2026-09-12T16:00:00Z,Michigan Wolverines,Oklahoma Sooners,fanduel,FanDuel,2026-09-06T18:06:26Z,totals,2026-09-06T18:06:26Z,Over,-115,43.5,20260906180641293972
NCAAF,americanfootball_ncaaf,b38f4f63351c15767e64a76a73589574,2026-09-12T16:00:00Z,Michigan Wolverines,Oklahoma Sooners,fanduel,FanDuel,2026-09-06T18:06:26Z,totals,2026-09-06T18:06:26Z,Under,-105,43.5,20260906180641293972
NCAAF,americanfootball_ncaaf,b38f4f63351c15767e64a76a73589574,2026-09-12T16:00:00Z,Michigan Wolverines,Oklahoma Sooners,bovada,Bovada,2026-09-06T18:06:03Z,h2h,2026-09-06T18:06:03Z,Michigan Wolverines,200,,20260906180641293972
NCAAF,americanfootball_ncaaf,b38f4f63351c15767e64a76a73589574,2026-09-12T16:00:00Z,Michigan Wolverines,Oklahoma Sooners,bovada,Bovada,2026-09-06T18:06:03Z,h2h,2026-09-06T18:06:03Z,Oklahoma Sooners,-240,,20260906180641293972
NCAAF,americanfootball_ncaaf,b38f4f63351c15767e64a76a73589574,2026-09-12T16:00:00Z,Michigan Wolverines,Oklahoma Sooners,bovada,Bovada,2026-09-06T18:06:03Z,spreads,2026-09-06T18:06:03Z,Michigan Wolverines,-115,6.5,20260906180641293972
NCAAF,americanfootball_ncaaf,b38f4f63351c15767e64a76a73589574,2026-09-12T16:00:00Z,Michigan Wolverines,Oklahoma Sooners,bovada,Bovada,2026-09-06T18:06:03Z,spreads,2026-09-06T18:06:03Z,Oklahoma Sooners,-105,-6.5,20260906180641293972
NCAAF,americanfootball_ncaaf,b38f4f63351c15767e64a76a73589574,2026-09-12T16:00:00Z,Michigan Wolverines,Oklahoma Sooners,bovada,Bovada,2026-09-06T18:06:03Z,totals,2026-09-06T18:06:03Z,Over,-115,44.0,20260906180641293972
NCAAF,americanfootball_ncaaf,b38f4f63351c15767e64a76a73589574,2026-09-12T16:00:00Z,Michigan Wolverines,Oklahoma Sooners,bovada,Bovada,2026-09-06T18:06:03Z,totals,2026-09-06T18:06:03Z,Under,-105,44.0,20260906180641293972
NCAAF,americanfootball_ncaaf,b38f4f63351c15767e64a76a73589574,2026-09-12T16:00:00Z,Michigan Wolverines,Oklahoma Sooners,betmgm,BetMGM,2026-09-06T18:05:38Z,h2h,2026-09-06T18:05:38Z,Michigan Wolverines,200,,20260906180641293972
NCAAF,americanfootball_ncaaf,b38f4f63351c15767e64a76a73589574,2026-09-12T16:00:00Z,Michigan Wolverines,Oklahoma Sooners,betmgm,BetMGM,2026-09-06T18:05:38Z,h2h,2026-09-06T18:05:38Z,Oklahoma Sooners,-235,,20260906180641293972
NCAAF,americanfootball_ncaaf,b38f4f63351c15767e64a76a73589574,2026-09-12T16:00:00Z,Michigan Wolverines,Oklahoma Sooners,betmgm,BetMGM,2026-09-06T18:05:38Z,spreads,2026-09-06T18:05:38Z,Michigan Wolverines,-110,6.5,20260906180641293972
NCAAF,americanfootball_ncaaf,b38f4f63351c15767e64a76a73589574,2026-09-12T16:00:00Z,Michigan Wolverines,Oklahoma Sooners,betmgm,BetMGM,2026-09-06T18:05:38Z,spreads,2026-09-06T18:05:38Z,Oklahoma Sooners,-108,-6.5,20260906180641293972
NCAAF,americanfootball_ncaaf,b38f4f63351c15767e64a76a73589574,2026-09-12T16:00:00Z,Michigan Wolverines,Oklahoma Sooners,betmgm,BetMGM,2026-09-06T18:05:38Z,totals,2026-09-06T18:05:38Z,Over,-102,44.5,20260906180641293972
NCAAF,americanfootball_ncaaf,b38f4f63351c15767e64a76a73589574,2026-09-12T16:00:00Z,Michigan Wolverines,Oklahoma Sooners,betmgm,BetMGM,2026-09-06T18:05:38Z,totals,2026-09-06T18:05:38Z,Under,-118,44.5,20260906180641293972
NCAAF,americanfootball_ncaaf,b38f4f63351c15767e64a76a73589574,2026-09-12T16:00:00Z,Michigan Wolverines,Oklahoma Sooners,betrivers,BetRivers,2026-09-06T18:06:25Z,h2h,2026-09-06T18:06:25Z,Michigan Wolverines,170,,20260906180641293972
NCAAF,americanfootball_ncaaf,b38f4f63351c15767e64a76a73589574,2026-09-12T16:00:00Z,Michigan Wolverines,Oklahoma Sooners,betrivers,BetRivers,2026-09-06T18:06:25Z,h2h,2026-09-06T18:06:25Z,Oklahoma Sooners,-230,,20260906180641293972
NCAAF,americanfootball_ncaaf,b38f4f63351c15767e64a76a73589574,2026-09-12T16:00:00Z,Michigan Wolverines,Oklahoma Sooners,betrivers,BetRivers,2026-09-06T18:06:25Z,spreads,2026-09-06T18:06:25Z,Michigan Wolverines,-114,6.0,20260906180641293972
NCAAF,americanfootball_ncaaf,b38f4f63351c15767e64a76a73589574,2026-09-12T16:00:00Z,Michigan Wolverines,Oklahoma Sooners,betrivers,BetRivers,2026-09-06T18:06:25Z,spreads,2026-09-06T18:06:25Z,Oklahoma Sooners,-108,-6.0,20260906180641293972
NCAAF,americanfootball_ncaaf,b38f4f63351c15767e64a76a73589574,2026-09-12T16:00:00Z,Michigan Wolverines,Oklahoma Sooners,betrivers,BetRivers,2026-09-06T18:06:25Z,totals,2026-09-06T18:06:25Z,Over,-112,44.0,20260906180641293972
NCAAF,americanfootball_ncaaf,b38f4f63351c15767e64a76a73589574,2026-09-12T16:00:00Z,Michigan Wolverines,Oklahoma Sooners,betrivers,BetRivers,2026-09-06T18:06:25Z,totals,2026-09-06T18:06:25Z,Under,-112,44.0,20260906180641293972
NCAAF,americanfootball_ncaaf,b38f4f63351c15767e64a76a73589574,2026-09-12T16:00:00Z,Michigan Wolverines,Oklahoma Sooners,draftkings,DraftKings,2026-09-06T18:05:37Z,h2h,2026-09-06T18:05:37Z,Michigan Wolverines,190,,20260906180641293972
NCAAF,americanfootball_ncaaf,b38f4f63351c15767e64a76a73589574,2026-09-12T16:00:00Z,Michigan Wolverines,Oklahoma Sooners,draftkings,DraftKings,2026-09-06T18:05:37Z,h2h,2026-09-06T18:05:37Z,Oklahoma Sooners,-230,,20260906180641293972
NCAAF,americanfootball_ncaaf,b38f4f63351c15767e64a76a73589574,2026-09-12T16:00:00Z,Michigan Wolverines,Oklahoma Sooners,draftkings,DraftKings,2026-09-06T18:05:37Z,spreads,2026-09-06T18:05:37Z,Michigan Wolverines,-105,5.5,20260906180641293972
NCAAF,americanfootball_ncaaf,b38f4f63351c15767e64a76a73589574,2026-09-12T16:00:00Z,Michigan Wolverines,Oklahoma Sooners,draftkings,DraftKings,2026-09-06T18:05:37Z,spreads,2026-09-06T18:05:37Z,Oklahoma Sooners,-115,-5.5,20260906180641293972
NCAAF,americanfootball_ncaaf,b38f4f63351c15767e64a76a73589574,2026-09-12T16:00:00Z,Michigan Wolverines,Oklahoma Sooners,draftkings,DraftKings,2026-09-06T18:05:37Z,totals,2026-09-06T18:05:37Z,Over,-112,44.5,20260906180641293972
NCAAF,americanfootball_ncaaf,b38f4f63351c15767e64a76a73589574,2026-09-12T16:00:00Z,Michigan Wolverines,Oklahoma Sooners,draftkings,DraftKings,2026-09-06T18:05:37Z,totals,2026-09-06T18:05:37Z,Under,-108,44.5,20260906180641293972
NCAAF,americanfootball_ncaaf,b38f4f63351c15767e64a76a73589574,2026-09-12T16:00:00Z,Michigan Wolverines,Oklahoma Sooners,betonlineag,BetOnline.ag,2026-09-06T18:06:00Z,spreads,2026-09-06T18:06:00Z,Michigan Wolverines,-110,6.5,20260906180641293972
NCAAF,americanfootball_ncaaf,b38f4f63351c15767e64a76a73589574,2026-09-12T16:00:00Z,Michigan Wolverines,Oklahoma Sooners,betonlineag,BetOnline.ag,2026-09-06T18:06:00Z,spreads,2026-09-06T18:06:00Z,Oklahoma Sooners,-110,-6.5,20260906180641293972
NCAAF,americanfootball_ncaaf,b38f4f63351c15767e64a76a73589574,2026-09-12T16:00:00Z,Michigan Wolverines,Oklahoma Sooners,betonlineag,BetOnline.ag,2026-09-06T18:06:00Z,totals,2026-09-06T18:06:00Z,Over,-110,43.5,20260906180641293972
NCAAF,americanfootball_ncaaf,b38f4f63351c15767e64a76a73589574,2026-09-12T16:00:00Z,Michigan Wolverines,Oklahoma Sooners,betonlineag,BetOnline.ag,2026-09-06T18:06:00Z,totals,2026-09-06T18:06:00Z,Under,-110,43.5,20260906180641293972
NCAAF,americanfootball_ncaaf,b38f4f63351c15767e64a76a73589574,2026-09-12T16:00:00Z,Michigan Wolverines,Oklahoma Sooners,lowvig,LowVig.ag,2026-09-06T18:06:01Z,spreads,2026-09-06T18:06:01Z,Michigan Wolverines,-106,6.5,20260906180641293972
NCAAF,americanfootball_ncaaf,b38f4f63351c15767e64a76a73589574,2026-09-12T16:00:00Z,Michigan Wolverines,Oklahoma Sooners,lowvig,LowVig.ag,2026-09-06T18:06:01Z,spreads,2026-09-06T18:06:01Z,Oklahoma Sooners,-106,-6.5,20260906180641293972
NCAAF,americanfootball_ncaaf,b38f4f63351c15767e64a76a73589574,2026-09-12T16:00:00Z,Michigan Wolverines,Oklahoma Sooners,lowvig,LowVig.ag,2026-09-06T18:06:01Z,totals,2026-09-06T18:06:01Z,Over,-108,43.5,20260906180641293972
NCAAF,americanfootball_ncaaf,b38f4f63351c15767e64a76a73589574,2026-09-12T16:00:00Z,Michigan Wolverines,Oklahoma Sooners,lowvig,LowVig.ag,2026-09-06T18:06:01Z,totals,2026-09-06T18:06:01Z,Under,-108,43.5,20260906180641293972
NCAAF,americanfootball_ncaaf,d652c7bc0594f13ef0a2a04e31ef5666,2026-09-12T16:00:00Z,Oklahoma State Cowboys,Oregon Ducks,fanduel,FanDuel,2026-09-06T18:06:26Z,h2h,2026-09-06T18:06:26Z,Oklahoma State Cowboys,1060,,20260906180641293972
NCAAF,americanfootball_ncaaf,d652c7bc0594f13ef0a2a04e31ef5666,2026-09-12T16:00:00Z,Oklahoma State Cowboys,Oregon Ducks,fanduel,FanDuel,2026-09-06T18:06:26Z,h2h,2026-09-06T18:06:26Z,Oregon Ducks,-2100,,20260906180641293972
NCAAF,americanfootball_ncaaf,d652c7bc0594f13ef0a2a04e31ef5666,2026-09-12T16:00:00Z,Oklahoma State Cowboys,Oregon Ducks,fanduel,FanDuel,2026-09-06T18:06:26Z,spreads,2026-09-06T18:06:26Z,Oklahoma State Cowboys,-110,21.5,20260906180641293972
NCAAF,americanfootball_ncaaf,d652c7bc0594f13ef0a2a04e31ef5666,2026-09-12T16:00:00Z,Oklahoma State Cowboys,Oregon Ducks,fanduel,FanDuel,2026-09-06T18:06:26Z,spreads,2026-09-06T18:06:26Z,Oregon Ducks,-110,-21.5,20260906180641293972
NCAAF,americanfootball_ncaaf,d652c7bc0594f13ef0a2a04e31ef5666,2026-09-12T16:00:00Z,Oklahoma State Cowboys,Oregon Ducks,fanduel,FanDuel,2026-09-06T18:06:26Z,totals,2026-09-06T18:06:26Z,Over,-110,57.5,20260906180641293972
NCAAF,americanfootball_ncaaf,d652c7bc0594f13ef0a2a04e31ef5666,2026-09-12T16:00:00Z,Oklahoma State Cowboys,Oregon Ducks,fanduel,FanDuel,2026-09-06T18:06:26Z,totals,2026-09-06T18:06:26Z,Under,-110,57.5,20260906180641293972
NCAAF,americanfootball_ncaaf,d652c7bc0594f13ef0a2a04e31ef5666,2026-09-12T16:00:00Z,Oklahoma State Cowboys,Oregon Ducks,draftkings,DraftKings,2026-09-06T18:05:37Z,h2h,2026-09-06T18:05:37Z,Oklahoma State Cowboys,1200,,20260906180641293972
NCAAF,americanfootball_ncaaf,d652c7bc0594f13ef0a2a04e31ef5666,2026-09-12T16:00:00Z,Oklahoma State Cowboys,Oregon Ducks,draftkings,DraftKings,2026-09-06T18:05:37Z,h2h,2026-09-06T18:05:37Z,Oregon Ducks,-2400,,20260906180641293972
NCAAF,americanfootball_ncaaf,d652c7bc0594f13ef0a2a04e31ef5666,2026-09-12T16:00:00Z,Oklahoma State Cowboys,Oregon Ducks,draftkings,DraftKings,2026-09-06T18:05:37Z,spreads,2026-09-06T18:05:37Z,Oklahoma State Cowboys,-110,22.5,20260906180641293972
NCAAF,americanfootball_ncaaf,d652c7bc0594f13ef0a2a04e31ef5666,2026-09-12T16:00:00Z,Oklahoma State Cowboys,Oregon Ducks,draftkings,DraftKings,2026-09-06T18:05:37Z,spreads,2026-09-06T18:05:37Z,Oregon Ducks,-110,-22.5,20260906180641293972
NCAAF,americanfootball_ncaaf,d652c7bc0594f13ef0a2a04e31ef5666,2026-09-12T16:00:00Z,Oklahoma State Cowboys,Oregon Ducks,draftkings,DraftKings,2026-09-06T18:05:37Z,totals,2026-09-06T18:05:37Z,Over,-112,58.5,20260906180641293972
NCAAF,americanfootball_ncaaf,d652c7bc0594f13ef0a2a04e31ef5666,2026-09-12T16:00:00Z,Oklahoma State Cowboys,Oregon Ducks,draftkings,DraftKings,2026-09-06T18:05:37Z,totals,2026-09-06T18:05:37Z,Under,-108,58.5,20260906180641293972
NCAAF,americanfootball_ncaaf,d652c7bc0594f13ef0a2a04e31ef5666,2026-09-12T16:00:00Z,Oklahoma State Cowboys,Oregon Ducks,betrivers,BetRivers,2026-09-06T18:06:25Z,h2h,2026-09-06T18:06:25Z,Oklahoma State Cowboys,900,,20260906180641293972
NCAAF,americanfootball_ncaaf,d652c7bc0594f13ef0a2a04e31ef5666,2026-09-12T16:00:00Z,Oklahoma State Cowboys,Oregon Ducks,betrivers,BetRivers,2026-09-06T18:06:25Z,h2h,2026-09-06T18:06:25Z,Oregon Ducks,-2000,,20260906180641293972
NCAAF,americanfootball_ncaaf,d652c7bc0594f13ef0a2a04e31ef5666,2026-09-12T16:00:00Z,Oklahoma State Cowboys,Oregon Ducks,betrivers,BetRivers,2026-09-06T18:06:25Z,spreads,2026-09-06T18:06:25Z,Oklahoma State Cowboys,-113,22.0,20260906180641293972
NCAAF,americanfootball_ncaaf,d652c7bc0594f13ef0a2a04e31ef5666,2026-09-12T16:00:00Z,Oklahoma State Cowboys,Oregon Ducks,betrivers,BetRivers,2026-09-06T18:06:25Z,spreads,2026-09-06T18:06:25Z,Oregon Ducks,-109,-22.0,20260906180641293972
NCAAF,americanfootball_ncaaf,d652c7bc0594f13ef0a2a04e31ef5666,2026-09-12T16:00:00Z,Oklahoma State Cowboys,Oregon Ducks,betrivers,BetRivers,2026-09-06T18:06:25Z,totals,2026-09-06T18:06:25Z,Over,-110,57.5,20260906180641293972
NCAAF,americanfootball_ncaaf,d652c7bc0594f13ef0a2a04e31ef5666,2026-09-12T16:00:00Z,Oklahoma State Cowboys,Oregon Ducks,betrivers,BetRivers,2026-09-06T18:06:25Z,totals,2026-09-06T18:06:25Z,Under,-113,57.5,20260906180641293972
NCAAF,americanfootball_ncaaf,d652c7bc0594f13ef0a2a04e31ef5666,2026-09-12T16:00:00Z,Oklahoma State Cowboys,Oregon Ducks,betmgm,BetMGM,2026-09-06T18:05:38Z,h2h,2026-09-06T18:05:38Z,Oklahoma State Cowboys,1200,,20260906180641293972
NCAAF,americanfootball_ncaaf,d652c7bc0594f13ef0a2a04e31ef5666,2026-09-12T16:00:00Z,Oklahoma State Cowboys,Oregon Ducks,betmgm,BetMGM,2026-09-06T18:05:38Z,h2h,2026-09-06T18:05:38Z,Oregon Ducks,-2000,,20260906180641293972
NCAAF,americanfootball_ncaaf,d652c7bc0594f13ef0a2a04e31ef5666,2026-09-12T16:00:00Z,Oklahoma State Cowboys,Oregon Ducks,betmgm,BetMGM,2026-09-06T18:05:38Z,spreads,2026-09-06T18:05:38Z,Oklahoma State Cowboys,-108,22.0,20260906180641293972
NCAAF,americanfootball_ncaaf,d652c7bc0594f13ef0a2a04e31ef5666,2026-09-12T16:00:00Z,Oklahoma State Cowboys,Oregon Ducks,betmgm,BetMGM,2026-09-06T18:05:38Z,spreads,2026-09-06T18:05:38Z,Oregon Ducks,-110,-22.0,20260906180641293972
NCAAF,americanfootball_ncaaf,d652c7bc0594f13ef0a2a04e31ef5666,2026-09-12T16:00:00Z,Oklahoma State Cowboys,Oregon Ducks,betmgm,BetMGM,2026-09-06T18:05:38Z,totals,2026-09-06T18:05:38Z,Over,-102,58.5,20260906180641293972
NCAAF,americanfootball_ncaaf,d652c7bc0594f13ef0a2a04e31ef5666,2026-09-12T16:00:00Z,Oklahoma State Cowboys,Oregon Ducks,betmgm,BetMGM,2026-09-06T18:05:38Z,totals,2026-09-06T18:05:38Z,Under,-118,58.5,20260906180641293972
NCAAF,americanfootball_ncaaf,d652c7bc0594f13ef0a2a04e31ef5666,2026-09-12T16:00:00Z,Oklahoma State Cowboys,Oregon Ducks,lowvig,LowVig.ag,2026-09-06T18:06:01Z,spreads,2026-09-06T18:06:01Z,Oklahoma State Cowboys,-106,22.5,20260906180641293972
NCAAF,americanfootball_ncaaf,d652c7bc0594f13ef0a2a04e31ef5666,2026-09-12T16:00:00Z,Oklahoma State Cowboys,Oregon Ducks,lowvig,LowVig.ag,2026-09-06T18:06:01Z,spreads,2026-09-06T18:06:01Z,Oregon Ducks,-106,-22.5,20260906180641293972
NCAAF,americanfootball_ncaaf,d652c7bc0594f13ef0a2a04e31ef5666,2026-09-12T16:00:00Z,Oklahoma State Cowboys,Oregon Ducks,betonlineag,BetOnline.ag,2026-09-06T18:06:00Z,spreads,2026-09-06T18:06:00Z,Oklahoma State Cowboys,-110,22.5,20260906180641293972
NCAAF,americanfootball_ncaaf,d652c7bc0594f13ef0a2a04e31ef5666,2026-09-12T16:00:00Z,Oklahoma State Cowboys,Oregon Ducks,betonlineag,BetOnline.ag,2026-09-06T18:06:00Z,spreads,2026-09-06T18:06:00Z,Oregon Ducks,-110,-22.5,20260906180641293972
NCAAF,americanfootball_ncaaf,cdbde17fe5ba072172683681026c6312,2026-09-12T16:00:00Z,Virginia Tech Hokies,Old Dominion Monarchs,draftkings,DraftKings,2026-09-06T18:05:37Z,h2h,2026-09-06T18:05:37Z,Old Dominion Monarchs,675,,20260906180641293972
NCAAF,americanfootball_ncaaf,cdbde17fe5ba072172683681026c6312,2026-09-12T16:00:00Z,Virginia Tech Hokies,Old Dominion Monarchs,draftkings,DraftKings,2026-09-06T18:05:37Z,h2h,2026-09-06T18:05:37Z,Virginia Tech Hokies,-1050,,20260906180641293972
NCAAF,americanfootball_ncaaf,cdbde17fe5ba072172683681026c6312,2026-09-12T16:00:00Z,Virginia Tech Hokies,Old Dominion Monarchs,draftkings,DraftKings,2026-09-06T18:05:37Z,spreads,2026-09-06T18:05:37Z,Old Dominion Monarchs,-108,17.5,20260906180641293972
NCAAF,americanfootball_ncaaf,cdbde17fe5ba072172683681026c6312,2026-09-12T16:00:00Z,Virginia Tech Hokies,Old Dominion Monarchs,draftkings,DraftKings,2026-09-06T18:05:37Z,spreads,2026-09-06T18:05:37Z,Virginia Tech Hokies,-112,-17.5,20260906180641293972
NCAAF,americanfootball_ncaaf,cdbde17fe5ba072172683681026c6312,2026-09-12T16:00:00Z,Virginia Tech Hokies,Old Dominion Monarchs,draftkings,DraftKings,2026-09-06T18:05:37Z,totals,2026-09-06T18:05:37Z,Over,-110,51.5,20260906180641293972
NCAAF,americanfootball_ncaaf,cdbde17fe5ba072172683681026c6312,2026-09-12T16:00:00Z,Virginia Tech Hokies,Old Dominion Monarchs,draftkings,DraftKings,2026-09-06T18:05:37Z,totals,2026-09-06T18:05:37Z,Under,-110,51.5,20260906180641293972
NCAAF,americanfootball_ncaaf,cdbde17fe5ba072172683681026c6312,2026-09-12T16:00:00Z,Virginia Tech Hokies,Old Dominion Monarchs,fanduel,FanDuel,2026-09-06T18:06:26Z,h2h,2026-09-06T18:06:26Z,Old Dominion Monarchs,660,,20260906180641293972
NCAAF,americanfootball_ncaaf,cdbde17fe5ba072172683681026c6312,2026-09-12T16:00:00Z,Virginia Tech Hokies,Old Dominion Monarchs,fanduel,FanDuel,2026-09-06T18:06:26Z,h2h,2026-09-06T18:06:26Z,Virginia Tech Hokies,-1050,,20260906180641293972
NCAAF,americanfootball_ncaaf,cdbde17fe5ba072172683681026c6312,2026-09-12T16:00:00Z,Virginia Tech Hokies,Old Dominion Monarchs,fanduel,FanDuel,2026-09-06T18:06:26Z,spreads,2026-09-06T18:06:26Z,Old Dominion Monarchs,-105,17.5,20260906180641293972
NCAAF,americanfootball_ncaaf,cdbde17fe5ba072172683681026c6312,2026-09-12T16:00:00Z,Virginia Tech Hokies,Old Dominion Monarchs,fanduel,FanDuel,2026-09-06T18:06:26Z,spreads,2026-09-06T18:06:26Z,Virginia Tech Hokies,-115,-17.5,20260906180641293972
NCAAF,americanfootball_ncaaf,cdbde17fe5ba072172683681026c6312,2026-09-12T16:00:00Z,Virginia Tech Hokies,Old Dominion Monarchs,fanduel,FanDuel,2026-09-06T18:06:26Z,totals,2026-09-06T18:06:26Z,Over,-110,52.5,20260906180641293972
NCAAF,americanfootball_ncaaf,cdbde17fe5ba072172683681026c6312,2026-09-12T16:00:00Z,Virginia Tech Hokies,Old Dominion Monarchs,fanduel,FanDuel,2026-09-06T18:06:26Z,totals,2026-09-06T18:06:26Z,Under,-110,52.5,20260906180641293972
NCAAF,americanfootball_ncaaf,cdbde17fe5ba072172683681026c6312,2026-09-12T16:00:00Z,Virginia Tech Hokies,Old Dominion Monarchs,lowvig,LowVig.ag,2026-09-06T18:06:01Z,spreads,2026-09-06T18:06:01Z,Old Dominion Monarchs,-106,18.0,20260906180641293972
NCAAF,americanfootball_ncaaf,cdbde17fe5ba072172683681026c6312,2026-09-12T16:00:00Z,Virginia Tech Hokies,Old Dominion Monarchs,lowvig,LowVig.ag,2026-09-06T18:06:01Z,spreads,2026-09-06T18:06:01Z,Virginia Tech Hokies,-106,-18.0,20260906180641293972
NCAAF,americanfootball_ncaaf,cdbde17fe5ba072172683681026c6312,2026-09-12T16:00:00Z,Virginia Tech Hokies,Old Dominion Monarchs,betonlineag,BetOnline.ag,2026-09-06T18:06:00Z,spreads,2026-09-06T18:06:00Z,Old Dominion Monarchs,-110,18.0,20260906180641293972
NCAAF,americanfootball_ncaaf,cdbde17fe5ba072172683681026c6312,2026-09-12T16:00:00Z,Virginia Tech Hokies,Old Dominion Monarchs,betonlineag,BetOnline.ag,2026-09-06T18:06:00Z,spreads,2026-09-06T18:06:00Z,Virginia Tech Hokies,-110,-18.0,20260906180641293972
NCAAF,americanfootball_ncaaf,cdbde17fe5ba072172683681026c6312,2026-09-12T16:00:00Z,Virginia Tech Hokies,Old Dominion Monarchs,betmgm,BetMGM,2026-09-06T18:05:38Z,h2h,2026-09-06T18:05:38Z,Old Dominion Monarchs,675,,20260906180641293972
NCAAF,americanfootball_ncaaf,cdbde17fe5ba072172683681026c6312,2026-09-12T16:00:00Z,Virginia Tech Hokies,Old Dominion Monarchs,betmgm,BetMGM,2026-09-06T18:05:38Z,h2h,2026-09-06T18:05:38Z,Virginia Tech Hokies,-1000,,20260906180641293972
NCAAF,americanfootball_ncaaf,cdbde17fe5ba072172683681026c6312,2026-09-12T16:00:00Z,Virginia Tech Hokies,Old Dominion Monarchs,betmgm,BetMGM,2026-09-06T18:05:38Z,spreads,2026-09-06T18:05:38Z,Old Dominion Monarchs,-105,17.5,20260906180641293972
NCAAF,americanfootball_ncaaf,cdbde17fe5ba072172683681026c6312,2026-09-12T16:00:00Z,Virginia Tech Hokies,Old Dominion Monarchs,betmgm,BetMGM,2026-09-06T18:05:38Z,spreads,2026-09-06T18:05:38Z,Virginia Tech Hokies,-112,-17.5,20260906180641293972
NCAAF,americanfootball_ncaaf,cdbde17fe5ba072172683681026c6312,2026-09-12T16:00:00Z,Virginia Tech Hokies,Old Dominion Monarchs,betmgm,BetMGM,2026-09-06T18:05:38Z,totals,2026-09-06T18:05:38Z,Over,-102,52.5,20260906180641293972
NCAAF,americanfootball_ncaaf,cdbde17fe5ba072172683681026c6312,2026-09-12T16:00:00Z,Virginia Tech Hokies,Old Dominion Monarchs,betmgm,BetMGM,2026-09-06T18:05:38Z,totals,2026-09-06T18:05:38Z,Under,-118,52.5,20260906180641293972
NCAAF,americanfootball_ncaaf,cdbde17fe5ba072172683681026c6312,2026-09-12T16:00:00Z,Virginia Tech Hokies,Old Dominion Monarchs,betrivers,BetRivers,2026-09-06T18:06:25Z,h2h,2026-09-06T18:06:25Z,Old Dominion Monarchs,650,,20260906180641293972
NCAAF,americanfootball_ncaaf,cdbde17fe5ba072172683681026c6312,2026-09-12T16:00:00Z,Virginia Tech Hokies,Old Dominion Monarchs,betrivers,BetRivers,2026-09-06T18:06:25Z,h2h,2026-09-06T18:06:25Z,Virginia Tech Hokies,-1115,,20260906180641293972
NCAAF,americanfootball_ncaaf,cdbde17fe5ba072172683681026c6312,2026-09-12T16:00:00Z,Virginia Tech Hokies,Old Dominion Monarchs,betrivers,BetRivers,2026-09-06T18:06:25Z,spreads,2026-09-06T18:06:25Z,Old Dominion Monarchs,-110,17.5,20260906180641293972
NCAAF,americanfootball_ncaaf,cdbde17fe5ba072172683681026c6312,2026-09-12T16:00:00Z,Virginia Tech Hokies,Old Dominion Monarchs,betrivers,BetRivers,2026-09-06T18:06:25Z,spreads,2026-09-06T18:06:25Z,Virginia Tech Hokies,-113,-17.5,20260906180641293972
NCAAF,americanfootball_ncaaf,cdbde17fe5ba072172683681026c6312,2026-09-12T16:00:00Z,Virginia Tech Hokies,Old Dominion Monarchs,betrivers,BetRivers,2026-09-06T18:06:25Z,totals,2026-09-06T18:06:25Z,Over,-113,52.5,20260906180641293972
NCAAF,americanfootball_ncaaf,cdbde17fe5ba072172683681026c6312,2026-09-12T16:00:00Z,Virginia Tech Hokies,Old Dominion Monarchs,betrivers,BetRivers,2026-09-06T18:06:25Z,totals,2026-09-06T18:06:25Z,Under,-110,52.5,20260906180641293972
NCAAF,americanfootball_ncaaf,eee54863c6c50d585de1919f1fca51e5,2026-09-12T16:00:00Z,Temple Owls,Penn State Nittany Lions,fanduel,FanDuel,2026-09-06T18:06:26Z,h2h,2026-09-06T18:06:26Z,Penn State Nittany Lions,-3500,,20260906180641293972
NCAAF,americanfootball_ncaaf,eee54863c6c50d585de1919f1fca51e5,2026-09-12T16:00:00Z,Temple Owls,Penn State Nittany Lions,fanduel,FanDuel,2026-09-06T18:06:26Z,h2h,2026-09-06T18:06:26Z,Temple Owls,1280,,20260906180641293972
NCAAF,americanfootball_ncaaf,eee54863c6c50d585de1919f1fca51e5,2026-09-12T16:00:00Z,Temple Owls,Penn State Nittany Lions,fanduel,FanDuel,2026-09-06T18:06:26Z,spreads,2026-09-06T18:06:26Z,Penn State Nittany Lions,-115,-23.5,20260906180641293972
NCAAF,americanfootball_ncaaf,eee54863c6c50d585de1919f1fca51e5,2026-09-12T16:00:00Z,Temple Owls,Penn State Nittany Lions,fanduel,FanDuel,2026-09-06T18:06:26Z,spreads,2026-09-06T18:06:26Z,Temple Owls,-105,23.5,20260906180641293972
NCAAF,americanfootball_ncaaf,eee54863c6c50d585de1919f1fca51e5,2026-09-12T16:00:00Z,Temple Owls,Penn State Nittany Lions,fanduel,FanDuel,2026-09-06T18:06:26Z,totals,2026-09-06T18:06:26Z,Over,-110,49.5,20260906180641293972
NCAAF,americanfootball_ncaaf,eee54863c6c50d585de1919f1fca51e5,2026-09-12T16:00:00Z,Temple Owls,Penn State Nittany Lions,fanduel,FanDuel,2026-09-06T18:06:26Z,totals,2026-09-06T18:06:26Z,Under,-110,49.5,20260906180641293972
NCAAF,americanfootball_ncaaf,eee54863c6c50d585de1919f1fca51e5,2026-09-12T16:00:00Z,Temple Owls,Penn State Nittany Lions,draftkings,DraftKings,2026-09-06T18:05:37Z,h2h,2026-09-06T18:05:37Z,Penn State Nittany Lions,-2100,,20260906180641293972
NCAAF,americanfootball_ncaaf,eee54863c6c50d585de1919f1fca51e5,2026-09-12T16:00:00Z,Temple Owls,Penn State Nittany Lions,draftkings,DraftKings,2026-09-06T18:05:37Z,h2h,2026-09-06T18:05:37Z,Temple Owls,1100,,20260906180641293972
NCAAF,americanfootball_ncaaf,eee54863c6c50d585de1919f1fca51e5,2026-09-12T16:00:00Z,Temple Owls,Penn State Nittany Lions,draftkings,DraftKings,2026-09-06T18:05:37Z,spreads,2026-09-06T18:05:37Z,Penn State Nittany Lions,-112,-21.5,20260906180641293972
NCAAF,americanfootball_ncaaf,eee54863c6c50d585de1919f1fca51e5,2026-09-12T16:00:00Z,Temple Owls,Penn State Nittany Lions,draftkings,DraftKings,2026-09-06T18:05:37Z,spreads,2026-09-06T18:05:37Z,Temple Owls,-108,21.5,20260906180641293972
NCAAF,americanfootball_ncaaf,eee54863c6c50d585de1919f1fca51e5,2026-09-12T16:00:00Z,Temple Owls,Penn State Nittany Lions,draftkings,DraftKings,2026-09-06T18:05:37Z,totals,2026-09-06T18:05:37Z,Over,-112,50.5,20260906180641293972
NCAAF,americanfootball_ncaaf,eee54863c6c50d585de1919f1fca51e5,2026-09-12T16:00:00Z,Temple Owls,Penn State Nittany Lions,draftkings,DraftKings,2026-09-06T18:05:37Z,totals,2026-09-06T18:05:37Z,Under,-108,50.5,20260906180641293972
NCAAF,americanfootball_ncaaf,eee54863c6c50d585de1919f1fca51e5,2026-09-12T16:00:00Z,Temple Owls,Penn State Nittany Lions,lowvig,LowVig.ag,2026-09-06T18:06:01Z,spreads,2026-09-06T18:06:01Z,Penn State Nittany Lions,-106,-23.5,20260906180641293972
NCAAF,americanfootball_ncaaf,eee54863c6c50d585de1919f1fca51e5,2026-09-12T16:00:00Z,Temple Owls,Penn State Nittany Lions,lowvig,LowVig.ag,2026-09-06T18:06:01Z,spreads,2026-09-06T18:06:01Z,Temple Owls,-106,23.5,20260906180641293972
NCAAF,americanfootball_ncaaf,eee54863c6c50d585de1919f1fca51e5,2026-09-12T16:00:00Z,Temple Owls,Penn State Nittany Lions,betonlineag,BetOnline.ag,2026-09-06T18:06:00Z,spreads,2026-09-06T18:06:00Z,Penn State Nittany Lions,-110,-23.5,20260906180641293972
NCAAF,americanfootball_ncaaf,eee54863c6c50d585de1919f1fca51e5,2026-09-12T16:00:00Z,Temple Owls,Penn State Nittany Lions,betonlineag,BetOnline.ag,2026-09-06T18:06:00Z,spreads,2026-09-06T18:06:00Z,Temple Owls,-110,23.5,20260906180641293972
NCAAF,americanfootball_ncaaf,eee54863c6c50d585de1919f1fca51e5,2026-09-12T16:00:00Z,Temple Owls,Penn State Nittany Lions,betmgm,BetMGM,2026-09-06T18:05:38Z,h2h,2026-09-06T18:05:38Z,Penn State Nittany Lions,-2500,,20260906180641293972
NCAAF,americanfootball_ncaaf,eee54863c6c50d585de1919f1fca51e5,2026-09-12T16:00:00Z,Temple Owls,Penn State Nittany Lions,betmgm,BetMGM,2026-09-06T18:05:38Z,h2h,2026-09-06T18:05:38Z,Temple Owls,1250,,20260906180641293972
NCAAF,americanfootball_ncaaf,eee54863c6c50d585de1919f1fca51e5,2026-09-12T16:00:00Z,Temple Owls,Penn State Nittany Lions,betmgm,BetMGM,2026-09-06T18:05:38Z,spreads,2026-09-06T18:05:38Z,Penn State Nittany Lions,-110,-23.0,20260906180641293972
NCAAF,americanfootball_ncaaf,eee54863c6c50d585de1919f1fca51e5,2026-09-12T16:00:00Z,Temple Owls,Penn State Nittany Lions,betmgm,BetMGM,2026-09-06T18:05:38Z,spreads,2026-09-06T18:05:38Z,Temple Owls,-108,23.0,20260906180641293972
NCAAF,americanfootball_ncaaf,eee54863c6c50d585de1919f1fca51e5,2026-09-12T16:00:00Z,Temple Owls,Penn State Nittany Lions,betmgm,BetMGM,2026-09-06T18:05:38Z,totals,2026-09-06T18:05:38Z,Over,-108,50.5,20260906180641293972
NCAAF,americanfootball_ncaaf,eee54863c6c50d585de1919f1fca51e5,2026-09-12T16:00:00Z,Temple Owls,Penn State Nittany Lions,betmgm,BetMGM,2026-09-06T18:05:38Z,totals,2026-09-06T18:05:38Z,Under,-110,50.5,20260906180641293972
NCAAF,americanfootball_ncaaf,5a8d98c3147d18b683d90a536e76eb64,2026-09-12T16:00:00Z,Purdue Boilermakers,Wake Forest Demon Deacons,fanduel,FanDuel,2026-09-06T18:06:26Z,h2h,2026-09-06T18:06:26Z,Purdue Boilermakers,150,,20260906180641293972
NCAAF,americanfootball_ncaaf,5a8d98c3147d18b683d90a536e76eb64,2026-09-12T16:00:00Z,Purdue Boilermakers,Wake Forest Demon Deacons,fanduel,FanDuel,2026-09-06T18:06:26Z,h2h,2026-09-06T18:06:26Z,Wake Forest Demon Deacons,-182,,20260906180641293972
NCAAF,americanfootball_ncaaf,5a8d98c3147d18b683d90a536e76eb64,2026-09-12T16:00:00Z,Purdue Boilermakers,Wake Forest Demon Deacons,fanduel,FanDuel,2026-09-06T18:06:26Z,spreads,2026-09-06T18:06:26Z,Purdue Boilermakers,-108,3.5,20260906180641293972
NCAAF,americanfootball_ncaaf,5a8d98c3147d18b683d90a536e76eb64,2026-09-12T16:00:00Z,Purdue Boilermakers,Wake Forest Demon Deacons,fanduel,FanDuel,2026-09-06T18:06:26Z,spreads,2026-09-06T18:06:26Z,Wake Forest Demon Deacons,-112,-3.5,20260906180641293972
NCAAF,americanfootball_ncaaf,5a8d98c3147d18b683d90a536e76eb64,2026-09-12T16:00:00Z,Purdue Boilermakers,Wake Forest Demon Deacons,fanduel,FanDuel,2026-09-06T18:06:26Z,totals,2026-09-06T18:06:26Z,Over,-110,50.5,20260906180641293972
NCAAF,americanfootball_ncaaf,5a8d98c3147d18b683d90a536e76eb64,2026-09-12T16:00:00Z,Purdue Boilermakers,Wake Forest Demon Deacons,fanduel,FanDuel,2026-09-06T18:06:26Z,totals,2026-09-06T18:06:26Z,Under,-110,50.5,20260906180641293972
NCAAF,americanfootball_ncaaf,5a8d98c3147d18b683d90a536e76eb64,2026-09-12T16:00:00Z,Purdue Boilermakers,Wake Forest Demon Deacons,draftkings,DraftKings,2026-09-06T18:05:37Z,h2h,2026-09-06T18:05:37Z,Purdue Boilermakers,150,,20260906180641293972
NCAAF,americanfootball_ncaaf,5a8d98c3147d18b683d90a536e76eb64,2026-09-12T16:00:00Z,Purdue Boilermakers,Wake Forest Demon Deacons,draftkings,DraftKings,2026-09-06T18:05:37Z,h2h,2026-09-06T18:05:37Z,Wake Forest Demon Deacons,-180,,20260906180641293972
NCAAF,americanfootball_ncaaf,5a8d98c3147d18b683d90a536e76eb64,2026-09-12T16:00:00Z,Purdue Boilermakers,Wake Forest Demon Deacons,draftkings,DraftKings,2026-09-06T18:05:37Z,spreads,2026-09-06T18:05:37Z,Purdue Boilermakers,-108,4.5,20260906180641293972
NCAAF,americanfootball_ncaaf,5a8d98c3147d18b683d90a536e76eb64,2026-09-12T16:00:00Z,Purdue Boilermakers,Wake Forest Demon Deacons,draftkings,DraftKings,2026-09-06T18:05:37Z,spreads,2026-09-06T18:05:37Z,Wake Forest Demon Deacons,-112,-4.5,20260906180641293972
NCAAF,americanfootball_ncaaf,5a8d98c3147d18b683d90a536e76eb64,2026-09-12T16:00:00Z,Purdue Boilermakers,Wake Forest Demon Deacons,draftkings,DraftKings,2026-09-06T18:05:37Z,totals,2026-09-06T18:05:37Z,Over,-110,49.5,20260906180641293972
NCAAF,americanfootball_ncaaf,5a8d98c3147d18b683d90a536e76eb64,2026-09-12T16:00:00Z,Purdue Boilermakers,Wake Forest Demon Deacons,draftkings,DraftKings,2026-09-06T18:05:37Z,totals,2026-09-06T18:05:37Z,Under,-110,49.5,20260906180641293972
NCAAF,americanfootball_ncaaf,5a8d98c3147d18b683d90a536e76eb64,2026-09-12T16:00:00Z,Purdue Boilermakers,Wake Forest Demon Deacons,lowvig,LowVig.ag,2026-09-06T18:06:01Z,spreads,2026-09-06T18:06:01Z,Purdue Boilermakers,-106,4.5,20260906180641293972
NCAAF,americanfootball_ncaaf,5a8d98c3147d18b683d90a536e76eb64,2026-09-12T16:00:00Z,Purdue Boilermakers,Wake Forest Demon Deacons,lowvig,LowVig.ag,2026-09-06T18:06:01Z,spreads,2026-09-06T18:06:01Z,Wake Forest Demon Deacons,-106,-4.5,20260906180641293972
NCAAF,americanfootball_ncaaf,5a8d98c3147d18b683d90a536e76eb64,2026-09-12T16:00:00Z,Purdue Boilermakers,Wake Forest Demon Deacons,betonlineag,BetOnline.ag,2026-09-06T18:06:00Z,spreads,2026-09-06T18:06:00Z,Purdue Boilermakers,-110,4.5,20260906180641293972
NCAAF,americanfootball_ncaaf,5a8d98c3147d18b683d90a536e76eb64,2026-09-12T16:00:00Z,Purdue Boilermakers,Wake Forest Demon Deacons,betonlineag,BetOnline.ag,2026-09-06T18:06:00Z,spreads,2026-09-06T18:06:00Z,Wake Forest Demon Deacons,-110,-4.5,20260906180641293972
NCAAF,americanfootball_ncaaf,5a8d98c3147d18b683d90a536e76eb64,2026-09-12T16:00:00Z,Purdue Boilermakers,Wake Forest Demon Deacons,betrivers,BetRivers,2026-09-06T18:06:25Z,h2h,2026-09-06T18:06:25Z,Purdue Boilermakers,145,,20260906180641293972
NCAAF,americanfootball_ncaaf,5a8d98c3147d18b683d90a536e76eb64,2026-09-12T16:00:00Z,Purdue Boilermakers,Wake Forest Demon Deacons,betrivers,BetRivers,2026-09-06T18:06:25Z,h2h,2026-09-06T18:06:25Z,Wake Forest Demon Deacons,-182,,20260906180641293972
NCAAF,americanfootball_ncaaf,5a8d98c3147d18b683d90a536e76eb64,2026-09-12T16:00:00Z,Purdue Boilermakers,Wake Forest Demon Deacons,betrivers,BetRivers,2026-09-06T18:06:25Z,spreads,2026-09-06T18:06:25Z,Purdue Boilermakers,-110,3.5,20260906180641293972
NCAAF,americanfootball_ncaaf,5a8d98c3147d18b683d90a536e76eb64,2026-09-12T16:00:00Z,Purdue Boilermakers,Wake Forest Demon Deacons,betrivers,BetRivers,2026-09-06T18:06:25Z,spreads,2026-09-06T18:06:25Z,Wake Forest Demon Deacons,-113,-3.5,20260906180641293972
NCAAF,americanfootball_ncaaf,5a8d98c3147d18b683d90a536e76eb64,2026-09-12T16:00:00Z,Purdue Boilermakers,Wake Forest Demon Deacons,betrivers,BetRivers,2026-09-06T18:06:25Z,totals,2026-09-06T18:06:25Z,Over,-112,50.0,20260906180641293972
NCAAF,americanfootball_ncaaf,5a8d98c3147d18b683d90a536e76eb64,2026-09-12T16:00:00Z,Purdue Boilermakers,Wake Forest Demon Deacons,betrivers,BetRivers,2026-09-06T18:06:25Z,totals,2026-09-06T18:06:25Z,Under,-112,50.0,20260906180641293972
NCAAF,americanfootball_ncaaf,43ee6255542faa05e9b9853cb1c6289e,2026-09-12T16:45:00Z,Georgia Bulldogs,Western Kentucky Hilltoppers,draftkings,DraftKings,2026-09-06T18:05:37Z,spreads,2026-09-06T18:05:37Z,Georgia Bulldogs,-105,-39.5,20260906180641293972
NCAAF,americanfootball_ncaaf,43ee6255542faa05e9b9853cb1c6289e,2026-09-12T16:45:00Z,Georgia Bulldogs,Western Kentucky Hilltoppers,draftkings,DraftKings,2026-09-06T18:05:37Z,spreads,2026-09-06T18:05:37Z,Western Kentucky Hilltoppers,-115,39.5,20260906180641293972
NCAAF,americanfootball_ncaaf,43ee6255542faa05e9b9853cb1c6289e,2026-09-12T16:45:00Z,Georgia Bulldogs,Western Kentucky Hilltoppers,draftkings,DraftKings,2026-09-06T18:05:37Z,totals,2026-09-06T18:05:37Z,Over,-108,52.5,20260906180641293972
NCAAF,americanfootball_ncaaf,43ee6255542faa05e9b9853cb1c6289e,2026-09-12T16:45:00Z,Georgia Bulldogs,Western Kentucky Hilltoppers,draftkings,DraftKings,2026-09-06T18:05:37Z,totals,2026-09-06T18:05:37Z,Under,-112,52.5,20260906180641293972
NCAAF,americanfootball_ncaaf,43ee6255542faa05e9b9853cb1c6289e,2026-09-12T16:45:00Z,Georgia Bulldogs,Western Kentucky Hilltoppers,betonlineag,BetOnline.ag,2026-09-06T18:06:00Z,spreads,2026-09-06T18:06:00Z,Georgia Bulldogs,-110,-39.0,20260906180641293972
NCAAF,americanfootball_ncaaf,43ee6255542faa05e9b9853cb1c6289e,2026-09-12T16:45:00Z,Georgia Bulldogs,Western Kentucky Hilltoppers,betonlineag,BetOnline.ag,2026-09-06T18:06:00Z,spreads,2026-09-06T18:06:00Z,Western Kentucky Hilltoppers,-110,39.0,20260906180641293972
NCAAF,americanfootball_ncaaf,43ee6255542faa05e9b9853cb1c6289e,2026-09-12T16:45:00Z,Georgia Bulldogs,Western Kentucky Hilltoppers,lowvig,LowVig.ag,2026-09-06T18:06:01Z,spreads,2026-09-06T18:06:01Z,Georgia Bulldogs,-106,-39.0,20260906180641293972
NCAAF,americanfootball_ncaaf,43ee6255542faa05e9b9853cb1c6289e,2026-09-12T16:45:00Z,Georgia Bulldogs,Western Kentucky Hilltoppers,lowvig,LowVig.ag,2026-09-06T18:06:01Z,spreads,2026-09-06T18:06:01Z,Western Kentucky Hilltoppers,-106,39.0,20260906180641293972
NCAAF,americanfootball_ncaaf,50ca382289647d24354223aa3512c02f,2026-09-12T18:00:00Z,Ball State Cardinals,Stony Brook Seawolves,fanduel,FanDuel,2026-09-06T18:06:26Z,h2h,2026-09-06T18:06:26Z,Ball State Cardinals,-880,,20260906180641293972
NCAAF,americanfootball_ncaaf,50ca382289647d24354223aa3512c02f,2026-09-12T18:00:00Z,Ball State Cardinals,Stony Brook Seawolves,fanduel,FanDuel,2026-09-06T18:06:26Z,h2h,2026-09-06T18:06:26Z,Stony Brook Seawolves,580,,20260906180641293972
NCAAF,americanfootball_ncaaf,50ca382289647d24354223aa3512c02f,2026-09-12T18:00:00Z,Ball State Cardinals,Stony Brook Seawolves,fanduel,FanDuel,2026-09-06T18:06:26Z,spreads,2026-09-06T18:06:26Z,Ball State Cardinals,-110,-15.5,20260906180641293972
NCAAF,americanfootball_ncaaf,50ca382289647d24354223aa3512c02f,2026-09-12T18:00:00Z,Ball State Cardinals,Stony Brook Seawolves,fanduel,FanDuel,2026-09-06T18:06:26Z,spreads,2026-09-06T18:06:26Z,Stony Brook Seawolves,-110,15.5,20260906180641293972
NCAAF,americanfootball_ncaaf,50ca382289647d24354223aa3512c02f,2026-09-12T18:00:00Z,Ball State Cardinals,Stony Brook Seawolves,fanduel,FanDuel,2026-09-06T18:06:26Z,totals,2026-09-06T18:06:26Z,Over,-110,56.5,20260906180641293972
NCAAF,americanfootball_ncaaf,50ca382289647d24354223aa3512c02f,2026-09-12T18:00:00Z,Ball State Cardinals,Stony Brook Seawolves,fanduel,FanDuel,2026-09-06T18:06:26Z,totals,2026-09-06T18:06:26Z,Under,-110,56.5,20260906180641293972
NCAAF,americanfootball_ncaaf,2cb6f8436ba0f1fbcdcd7871a03466d5,2026-09-12T19:30:00Z,Kentucky Wildcats,Alabama Crimson Tide,draftkings,DraftKings,2026-09-06T18:05:37Z,h2h,2026-09-06T18:05:37Z,Alabama Crimson Tide,-425,,20260906180641293972
NCAAF,americanfootball_ncaaf,2cb6f8436ba0f1fbcdcd7871a03466d5,2026-09-12T19:30:00Z,Kentucky Wildcats,Alabama Crimson Tide,draftkings,DraftKings,2026-09-06T18:05:37Z,h2h,2026-09-06T18:05:37Z,Kentucky Wildcats,330,,20260906180641293972
NCAAF,americanfootball_ncaaf,2cb6f8436ba0f1fbcdcd7871a03466d5,2026-09-12T19:30:00Z,Kentucky Wildcats,Alabama Crimson Tide,draftkings,DraftKings,2026-09-06T18:05:37Z,spreads,2026-09-06T18:05:37Z,Alabama Crimson Tide,-110,-10.5,20260906180641293972
NCAAF,americanfootball_ncaaf,2cb6f8436ba0f1fbcdcd7871a03466d5,2026-09-12T19:30:00Z,Kentucky Wildcats,Alabama Crimson Tide,draftkings,DraftKings,2026-09-06T18:05:37Z,spreads,2026-09-06T18:05:37Z,Kentucky Wildcats,-110,10.5,20260906180641293972
NCAAF,americanfootball_ncaaf,2cb6f8436ba0f1fbcdcd7871a03466d5,2026-09-12T19:30:00Z,Kentucky Wildcats,Alabama Crimson Tide,draftkings,DraftKings,2026-09-06T18:05:37Z,totals,2026-09-06T18:05:37Z,Over,-110,48.5,20260906180641293972
NCAAF,americanfootball_ncaaf,2cb6f8436ba0f1fbcdcd7871a03466d5,2026-09-12T19:30:00Z,Kentucky Wildcats,Alabama Crimson Tide,draftkings,DraftKings,2026-09-06T18:05:37Z,totals,2026-09-06T18:05:37Z,Under,-110,48.5,20260906180641293972
NCAAF,americanfootball_ncaaf,2cb6f8436ba0f1fbcdcd7871a03466d5,2026-09-12T19:30:00Z,Kentucky Wildcats,Alabama Crimson Tide,fanduel,FanDuel,2026-09-06T18:06:26Z,h2h,2026-09-06T18:06:26Z,Alabama Crimson Tide,-430,,20260906180641293972
NCAAF,americanfootball_ncaaf,2cb6f8436ba0f1fbcdcd7871a03466d5,2026-09-12T19:30:00Z,Kentucky Wildcats,Alabama Crimson Tide,fanduel,FanDuel,2026-09-06T18:06:26Z,h2h,2026-09-06T18:06:26Z,Kentucky Wildcats,330,,20260906180641293972
NCAAF,americanfootball_ncaaf,2cb6f8436ba0f1fbcdcd7871a03466d5,2026-09-12T19:30:00Z,Kentucky Wildcats,Alabama Crimson Tide,fanduel,FanDuel,2026-09-06T18:06:26Z,spreads,2026-09-06T18:06:26Z,Alabama Crimson Tide,-106,-10.5,20260906180641293972
NCAAF,americanfootball_ncaaf,2cb6f8436ba0f1fbcdcd7871a03466d5,2026-09-12T19:30:00Z,Kentucky Wildcats,Alabama Crimson Tide,fanduel,FanDuel,2026-09-06T18:06:26Z,spreads,2026-09-06T18:06:26Z,Kentucky Wildcats,-114,10.5,20260906180641293972
NCAAF,americanfootball_ncaaf,2cb6f8436ba0f1fbcdcd7871a03466d5,2026-09-12T19:30:00Z,Kentucky Wildcats,Alabama Crimson Tide,fanduel,FanDuel,2026-09-06T18:06:26Z,totals,2026-09-06T18:06:26Z,Over,-110,48.5,20260906180641293972
NCAAF,americanfootball_ncaaf,2cb6f8436ba0f1fbcdcd7871a03466d5,2026-09-12T19:30:00Z,Kentucky Wildcats,Alabama Crimson Tide,fanduel,FanDuel,2026-09-06T18:06:26Z,totals,2026-09-06T18:06:26Z,Under,-110,48.5,20260906180641293972
NCAAF,americanfootball_ncaaf,2cb6f8436ba0f1fbcdcd7871a03466d5,2026-09-12T19:30:00Z,Kentucky Wildcats,Alabama Crimson Tide,betrivers,BetRivers,2026-09-06T18:06:25Z,h2h,2026-09-06T18:06:25Z,Alabama Crimson Tide,-530,,20260906180641293972
NCAAF,americanfootball_ncaaf,2cb6f8436ba0f1fbcdcd7871a03466d5,2026-09-12T19:30:00Z,Kentucky Wildcats,Alabama Crimson Tide,betrivers,BetRivers,2026-09-06T18:06:25Z,h2h,2026-09-06T18:06:25Z,Kentucky Wildcats,350,,20260906180641293972
NCAAF,americanfootball_ncaaf,2cb6f8436ba0f1fbcdcd7871a03466d5,2026-09-12T19:30:00Z,Kentucky Wildcats,Alabama Crimson Tide,betrivers,BetRivers,2026-09-06T18:06:25Z,spreads,2026-09-06T18:06:25Z,Alabama Crimson Tide,-114,-10.5,20260906180641293972
NCAAF,americanfootball_ncaaf,2cb6f8436ba0f1fbcdcd7871a03466d5,2026-09-12T19:30:00Z,Kentucky Wildcats,Alabama Crimson Tide,betrivers,BetRivers,2026-09-06T18:06:25Z,spreads,2026-09-06T18:06:25Z,Kentucky Wildcats,-109,10.5,20260906180641293972
NCAAF,americanfootball_ncaaf,2cb6f8436ba0f1fbcdcd7871a03466d5,2026-09-12T19:30:00Z,Kentucky Wildcats,Alabama Crimson Tide,betrivers,BetRivers,2026-09-06T18:06:25Z,totals,2026-09-06T18:06:25Z,Over,-113,49.0,20260906180641293972
NCAAF,americanfootball_ncaaf,2cb6f8436ba0f1fbcdcd7871a03466d5,2026-09-12T19:30:00Z,Kentucky Wildcats,Alabama Crimson Tide,betrivers,BetRivers,2026-09-06T18:06:25Z,totals,2026-09-06T18:06:25Z,Under,-110,49.0,20260906180641293972
NCAAF,americanfootball_ncaaf,2cb6f8436ba0f1fbcdcd7871a03466d5,2026-09-12T19:30:00Z,Kentucky Wildcats,Alabama Crimson Tide,betmgm,BetMGM,2026-09-06T18:05:38Z,h2h,2026-09-06T18:05:38Z,Alabama Crimson Tide,-425,,20260906180641293972
NCAAF,americanfootball_ncaaf,2cb6f8436ba0f1fbcdcd7871a03466d5,2026-09-12T19:30:00Z,Kentucky Wildcats,Alabama Crimson Tide,betmgm,BetMGM,2026-09-06T18:05:38Z,h2h,2026-09-06T18:05:38Z,Kentucky Wildcats,333,,20260906180641293972
NCAAF,americanfootball_ncaaf,2cb6f8436ba0f1fbcdcd7871a03466d5,2026-09-12T19:30:00Z,Kentucky Wildcats,Alabama Crimson Tide,betmgm,BetMGM,2026-09-06T18:05:38Z,spreads,2026-09-06T18:05:38Z,Alabama Crimson Tide,-112,-10.0,20260906180641293972
NCAAF,americanfootball_ncaaf,2cb6f8436ba0f1fbcdcd7871a03466d5,2026-09-12T19:30:00Z,Kentucky Wildcats,Alabama Crimson Tide,betmgm,BetMGM,2026-09-06T18:05:38Z,spreads,2026-09-06T18:05:38Z,Kentucky Wildcats,-105,10.0,20260906180641293972
NCAAF,americanfootball_ncaaf,2cb6f8436ba0f1fbcdcd7871a03466d5,2026-09-12T19:30:00Z,Kentucky Wildcats,Alabama Crimson Tide,betmgm,BetMGM,2026-09-06T18:05:38Z,totals,2026-09-06T18:05:38Z,Over,-110,48.5,20260906180641293972
NCAAF,americanfootball_ncaaf,2cb6f8436ba0f1fbcdcd7871a03466d5,2026-09-12T19:30:00Z,Kentucky Wildcats,Alabama Crimson Tide,betmgm,BetMGM,2026-09-06T18:05:38Z,totals,2026-09-06T18:05:38Z,Under,-108,48.5,20260906180641293972
NCAAF,americanfootball_ncaaf,2cb6f8436ba0f1fbcdcd7871a03466d5,2026-09-12T19:30:00Z,Kentucky Wildcats,Alabama Crimson Tide,betonlineag,BetOnline.ag,2026-09-06T18:06:00Z,spreads,2026-09-06T18:06:00Z,Alabama Crimson Tide,-110,-10.0,20260906180641293972
NCAAF,americanfootball_ncaaf,2cb6f8436ba0f1fbcdcd7871a03466d5,2026-09-12T19:30:00Z,Kentucky Wildcats,Alabama Crimson Tide,betonlineag,BetOnline.ag,2026-09-06T18:06:00Z,spreads,2026-09-06T18:06:00Z,Kentucky Wildcats,-110,10.0,20260906180641293972
NCAAF,americanfootball_ncaaf,2cb6f8436ba0f1fbcdcd7871a03466d5,2026-09-12T19:30:00Z,Kentucky Wildcats,Alabama Crimson Tide,lowvig,LowVig.ag,2026-09-06T18:06:01Z,spreads,2026-09-06T18:06:01Z,Alabama Crimson Tide,-106,-10.0,20260906180641293972
NCAAF,americanfootball_ncaaf,2cb6f8436ba0f1fbcdcd7871a03466d5,2026-09-12T19:30:00Z,Kentucky Wildcats,Alabama Crimson Tide,lowvig,LowVig.ag,2026-09-06T18:06:01Z,spreads,2026-09-06T18:06:01Z,Kentucky Wildcats,-106,10.0,20260906180641293972
NCAAF,americanfootball_ncaaf,6e781bfdb712f185fb1be983bc10af15,2026-09-12T19:30:00Z,BYU Cougars,Arizona Wildcats,draftkings,DraftKings,2026-09-06T18:05:37Z,h2h,2026-09-06T18:05:37Z,Arizona Wildcats,240,,20260906180641293972
NCAAF,americanfootball_ncaaf,6e781bfdb712f185fb1be983bc10af15,2026-09-12T19:30:00Z,BYU Cougars,Arizona Wildcats,draftkings,DraftKings,2026-09-06T18:05:37Z,h2h,2026-09-06T18:05:37Z,BYU Cougars,-298,,20260906180641293972
NCAAF,americanfootball_ncaaf,6e781bfdb712f185fb1be983bc10af15,2026-09-12T19:30:00Z,BYU Cougars,Arizona Wildcats,draftkings,DraftKings,2026-09-06T18:05:37Z,spreads,2026-09-06T18:05:37Z,Arizona Wildcats,-108,7.0,20260906180641293972
NCAAF,americanfootball_ncaaf,6e781bfdb712f185fb1be983bc10af15,2026-09-12T19:30:00Z,BYU Cougars,Arizona Wildcats,draftkings,DraftKings,2026-09-06T18:05:37Z,spreads,2026-09-06T18:05:37Z,BYU Cougars,-112,-7.0,20260906180641293972
NCAAF,americanfootball_ncaaf,6e781bfdb712f185fb1be983bc10af15,2026-09-12T19:30:00Z,BYU Cougars,Arizona Wildcats,draftkings,DraftKings,2026-09-06T18:05:37Z,totals,2026-09-06T18:05:37Z,Over,-108,51.5,20260906180641293972
NCAAF,americanfootball_ncaaf,6e781bfdb712f185fb1be983bc10af15,2026-09-12T19:30:00Z,BYU Cougars,Arizona Wildcats,draftkings,DraftKings,2026-09-06T18:05:37Z,totals,2026-09-06T18:05:37Z,Under,-112,51.5,20260906180641293972
NCAAF,americanfootball_ncaaf,6e781bfdb712f185fb1be983bc10af15,2026-09-12T19:30:00Z,BYU Cougars,Arizona Wildcats,fanduel,FanDuel,2026-09-06T18:06:26Z,h2h,2026-09-06T18:06:26Z,Arizona Wildcats,225,,20260906180641293972
NCAAF,americanfootball_ncaaf,6e781bfdb712f185fb1be983bc10af15,2026-09-12T19:30:00Z,BYU Cougars,Arizona Wildcats,fanduel,FanDuel,2026-09-06T18:06:26Z,h2h,2026-09-06T18:06:26Z,BYU Cougars,-280,,20260906180641293972
NCAAF,americanfootball_ncaaf,6e781bfdb712f185fb1be983bc10af15,2026-09-12T19:30:00Z,BYU Cougars,Arizona Wildcats,fanduel,FanDuel,2026-09-06T18:06:26Z,spreads,2026-09-06T18:06:26Z,Arizona Wildcats,-110,7.5,20260906180641293972
NCAAF,americanfootball_ncaaf,6e781bfdb712f185fb1be983bc10af15,2026-09-12T19:30:00Z,BYU Cougars,Arizona Wildcats,fanduel,FanDuel,2026-09-06T18:06:26Z,spreads,2026-09-06T18:06:26Z,BYU Cougars,-110,-7.5,20260906180641293972
NCAAF,americanfootball_ncaaf,6e781bfdb712f185fb1be983bc10af15,2026-09-12T19:30:00Z,BYU Cougars,Arizona Wildcats,fanduel,FanDuel,2026-09-06T18:06:26Z,totals,2026-09-06T18:06:26Z,Over,-110,51.5,20260906180641293972
NCAAF,americanfootball_ncaaf,6e781bfdb712f185fb1be983bc10af15,2026-09-12T19:30:00Z,BYU Cougars,Arizona Wildcats,fanduel,FanDuel,2026-09-06T18:06:26Z,totals,2026-09-06T18:06:26Z,Under,-110,51.5,20260906180641293972
NCAAF,americanfootball_ncaaf,6e781bfdb712f185fb1be983bc10af15,2026-09-12T19:30:00Z,BYU Cougars,Arizona Wildcats,betrivers,BetRivers,2026-09-06T18:06:25Z,h2h,2026-09-06T18:06:25Z,Arizona Wildcats,245,,20260906180641293972
NCAAF,americanfootball_ncaaf,6e781bfdb712f185fb1be983bc10af15,2026-09-12T19:30:00Z,BYU Cougars,Arizona Wildcats,betrivers,BetRivers,2026-09-06T18:06:25Z,h2h,2026-09-06T18:06:25Z,BYU Cougars,-335,,20260906180641293972
NCAAF,americanfootball_ncaaf,6e781bfdb712f185fb1be983bc10af15,2026-09-12T19:30:00Z,BYU Cougars,Arizona Wildcats,betrivers,BetRivers,2026-09-06T18:06:25Z,spreads,2026-09-06T18:06:25Z,Arizona Wildcats,-109,7.5,20260906180641293972
NCAAF,americanfootball_ncaaf,6e781bfdb712f185fb1be983bc10af15,2026-09-12T19:30:00Z,BYU Cougars,Arizona Wildcats,betrivers,BetRivers,2026-09-06T18:06:25Z,spreads,2026-09-06T18:06:25Z,BYU Cougars,-114,-7.5,20260906180641293972
NCAAF,americanfootball_ncaaf,6e781bfdb712f185fb1be983bc10af15,2026-09-12T19:30:00Z,BYU Cougars,Arizona Wildcats,betrivers,BetRivers,2026-09-06T18:06:25Z,totals,2026-09-06T18:06:25Z,Over,-109,52.0,20260906180641293972
NCAAF,americanfootball_ncaaf,6e781bfdb712f185fb1be983bc10af15,2026-09-12T19:30:00Z,BYU Cougars,Arizona Wildcats,betrivers,BetRivers,2026-09-06T18:06:25Z,totals,2026-09-06T18:06:25Z,Under,-114,52.0,20260906180641293972
NCAAF,americanfootball_ncaaf,6e781bfdb712f185fb1be983bc10af15,2026-09-12T19:30:00Z,BYU Cougars,Arizona Wildcats,betmgm,BetMGM,2026-09-06T18:05:38Z,h2h,2026-09-06T18:05:38Z,Arizona Wildcats,230,,20260906180641293972
NCAAF,americanfootball_ncaaf,6e781bfdb712f185fb1be983bc10af15,2026-09-12T19:30:00Z,BYU Cougars,Arizona Wildcats,betmgm,BetMGM,2026-09-06T18:05:38Z,h2h,2026-09-06T18:05:38Z,BYU Cougars,-285,,20260906180641293972
NCAAF,americanfootball_ncaaf,6e781bfdb712f185fb1be983bc10af15,2026-09-12T19:30:00Z,BYU Cougars,Arizona Wildcats,betmgm,BetMGM,2026-09-06T18:05:38Z,totals,2026-09-06T18:05:38Z,Over,-108,51.5,20260906180641293972
NCAAF,americanfootball_ncaaf,6e781bfdb712f185fb1be983bc10af15,2026-09-12T19:30:00Z,BYU Cougars,Arizona Wildcats,betmgm,BetMGM,2026-09-06T18:05:38Z,totals,2026-09-06T18:05:38Z,Under,-110,51.5,20260906180641293972
NCAAF,americanfootball_ncaaf,6e781bfdb712f185fb1be983bc10af15,2026-09-12T19:30:00Z,BYU Cougars,Arizona Wildcats,lowvig,LowVig.ag,2026-09-06T18:06:01Z,spreads,2026-09-06T18:06:01Z,Arizona Wildcats,-106,7.5,20260906180641293972
NCAAF,americanfootball_ncaaf,6e781bfdb712f185fb1be983bc10af15,2026-09-12T19:30:00Z,BYU Cougars,Arizona Wildcats,lowvig,LowVig.ag,2026-09-06T18:06:01Z,spreads,2026-09-06T18:06:01Z,BYU Cougars,-106,-7.5,20260906180641293972
NCAAF,americanfootball_ncaaf,6e781bfdb712f185fb1be983bc10af15,2026-09-12T19:30:00Z,BYU Cougars,Arizona Wildcats,betonlineag,BetOnline.ag,2026-09-06T18:06:00Z,spreads,2026-09-06T18:06:00Z,Arizona Wildcats,-110,7.5,20260906180641293972
NCAAF,americanfootball_ncaaf,6e781bfdb712f185fb1be983bc10af15,2026-09-12T19:30:00Z,BYU Cougars,Arizona Wildcats,betonlineag,BetOnline.ag,2026-09-06T18:06:00Z,spreads,2026-09-06T18:06:00Z,BYU Cougars,-110,-7.5,20260906180641293972
NCAAF,americanfootball_ncaaf,1427645d6020f742eece986c58bdb29d,2026-09-12T19:30:00Z,Syracuse Orange,California Golden Bears,fanduel,FanDuel,2026-09-06T18:06:26Z,h2h,2026-09-06T18:06:26Z,California Golden Bears,105,,20260906180641293972
NCAAF,americanfootball_ncaaf,1427645d6020f742eece986c58bdb29d,2026-09-12T19:30:00Z,Syracuse Orange,California Golden Bears,fanduel,FanDuel,2026-09-06T18:06:26Z,h2h,2026-09-06T18:06:26Z,Syracuse Orange,-126,,20260906180641293972
NCAAF,americanfootball_ncaaf,1427645d6020f742eece986c58bdb29d,2026-09-12T19:30:00Z,Syracuse Orange,California Golden Bears,fanduel,FanDuel,2026-09-06T18:06:26Z,spreads,2026-09-06T18:06:26Z,California Golden Bears,-110,1.5,20260906180641293972
NCAAF,americanfootball_ncaaf,1427645d6020f742eece986c58bdb29d,2026-09-12T19:30:00Z,Syracuse Orange,California Golden Bears,fanduel,FanDuel,2026-09-06T18:06:26Z,spreads,2026-09-06T18:06:26Z,Syracuse Orange,-110,-1.5,20260906180641293972
NCAAF,americanfootball_ncaaf,1427645d6020f742eece986c58bdb29d,2026-09-12T19:30:00Z,Syracuse Orange,California Golden Bears,fanduel,FanDuel,2026-09-06T18:06:26Z,totals,2026-09-06T18:06:26Z,Over,-110,55.5,20260906180641293972
NCAAF,americanfootball_ncaaf,1427645d6020f742eece986c58bdb29d,2026-09-12T19:30:00Z,Syracuse Orange,California Golden Bears,fanduel,FanDuel,2026-09-06T18:06:26Z,totals,2026-09-06T18:06:26Z,Under,-110,55.5,20260906180641293972
NCAAF,americanfootball_ncaaf,1427645d6020f742eece986c58bdb29d,2026-09-12T19:30:00Z,Syracuse Orange,California Golden Bears,draftkings,DraftKings,2026-09-06T18:05:37Z,h2h,2026-09-06T18:05:37Z,California Golden Bears,-110,,20260906180641293972
NCAAF,americanfootball_ncaaf,1427645d6020f742eece986c58bdb29d,2026-09-12T19:30:00Z,Syracuse Orange,California Golden Bears,draftkings,DraftKings,2026-09-06T18:05:37Z,h2h,2026-09-06T18:05:37Z,Syracuse Orange,-110,,20260906180641293972
NCAAF,americanfootball_ncaaf,1427645d6020f742eece986c58bdb29d,2026-09-12T19:30:00Z,Syracuse Orange,California Golden Bears,draftkings,DraftKings,2026-09-06T18:05:37Z,spreads,2026-09-06T18:05:37Z,California Golden Bears,-118,1.5,20260906180641293972
NCAAF,americanfootball_ncaaf,1427645d6020f742eece986c58bdb29d,2026-09-12T19:30:00Z,Syracuse Orange,California Golden Bears,draftkings,DraftKings,2026-09-06T18:05:37Z,spreads,2026-09-06T18:05:37Z,Syracuse Orange,-102,-1.5,20260906180641293972
NCAAF,americanfootball_ncaaf,1427645d6020f742eece986c58bdb29d,2026-09-12T19:30:00Z,Syracuse Orange,California Golden Bears,draftkings,DraftKings,2026-09-06T18:05:37Z,totals,2026-09-06T18:05:37Z,Over,-110,52.5,20260906180641293972
NCAAF,americanfootball_ncaaf,1427645d6020f742eece986c58bdb29d,2026-09-12T19:30:00Z,Syracuse Orange,California Golden Bears,draftkings,DraftKings,2026-09-06T18:05:37Z,totals,2026-09-06T18:05:37Z,Under,-110,52.5,20260906180641293972
NCAAF,americanfootball_ncaaf,1427645d6020f742eece986c58bdb29d,2026-09-12T19:30:00Z,Syracuse Orange,California Golden Bears,lowvig,LowVig.ag,2026-09-06T18:06:01Z,spreads,2026-09-06T18:06:01Z,California Golden Bears,-101,1.0,20260906180641293972
NCAAF,americanfootball_ncaaf,1427645d6020f742eece986c58bdb29d,2026-09-12T19:30:00Z,Syracuse Orange,California Golden Bears,lowvig,LowVig.ag,2026-09-06T18:06:01Z,spreads,2026-09-06T18:06:01Z,Syracuse Orange,-111,-1.0,20260906180641293972
NCAAF,americanfootball_ncaaf,1427645d6020f742eece986c58bdb29d,2026-09-12T19:30:00Z,Syracuse Orange,California Golden Bears,betonlineag,BetOnline.ag,2026-09-06T18:06:00Z,spreads,2026-09-06T18:06:00Z,California Golden Bears,-105,1.0,20260906180641293972
NCAAF,americanfootball_ncaaf,1427645d6020f742eece986c58bdb29d,2026-09-12T19:30:00Z,Syracuse Orange,California Golden Bears,betonlineag,BetOnline.ag,2026-09-06T18:06:00Z,spreads,2026-09-06T18:06:00Z,Syracuse Orange,-115,-1.0,20260906180641293972
NCAAF,americanfootball_ncaaf,1427645d6020f742eece986c58bdb29d,2026-09-12T19:30:00Z,Syracuse Orange,California Golden Bears,betrivers,BetRivers,2026-09-06T18:06:25Z,h2h,2026-09-06T18:06:25Z,California Golden Bears,-104,,20260906180641293972
NCAAF,americanfootball_ncaaf,1427645d6020f742eece986c58bdb29d,2026-09-12T19:30:00Z,Syracuse Orange,California Golden Bears,betrivers,BetRivers,2026-09-06T18:06:25Z,h2h,2026-09-06T18:06:25Z,Syracuse Orange,-121,,20260906180641293972
NCAAF,americanfootball_ncaaf,1427645d6020f742eece986c58bdb29d,2026-09-12T19:30:00Z,Syracuse Orange,California Golden Bears,betrivers,BetRivers,2026-09-06T18:06:25Z,spreads,2026-09-06T18:06:25Z,California Golden Bears,-110,1.0,20260906180641293972
NCAAF,americanfootball_ncaaf,1427645d6020f742eece986c58bdb29d,2026-09-12T19:30:00Z,Syracuse Orange,California Golden Bears,betrivers,BetRivers,2026-09-06T18:06:25Z,spreads,2026-09-06T18:06:25Z,Syracuse Orange,-113,-1.0,20260906180641293972
NCAAF,americanfootball_ncaaf,1427645d6020f742eece986c58bdb29d,2026-09-12T19:30:00Z,Syracuse Orange,California Golden Bears,betrivers,BetRivers,2026-09-06T18:06:25Z,totals,2026-09-06T18:06:25Z,Over,-110,54.5,20260906180641293972
NCAAF,americanfootball_ncaaf,1427645d6020f742eece986c58bdb29d,2026-09-12T19:30:00Z,Syracuse Orange,California Golden Bears,betrivers,BetRivers,2026-09-06T18:06:25Z,totals,2026-09-06T18:06:25Z,Under,-113,54.5,20260906180641293972
NCAAF,americanfootball_ncaaf,52e9b0f6515766724ee70457912bdc18,2026-09-12T19:30:00Z,Illinois Fighting Illini,Duke Blue Devils,draftkings,DraftKings,2026-09-06T18:05:37Z,h2h,2026-09-06T18:05:37Z,Duke Blue Devils,240,,20260906180641293972
NCAAF,americanfootball_ncaaf,52e9b0f6515766724ee70457912bdc18,2026-09-12T19:30:00Z,Illinois Fighting Illini,Duke Blue Devils,draftkings,DraftKings,2026-09-06T18:05:37Z,h2h,2026-09-06T18:05:37Z,Illinois Fighting Illini,-298,,20260906180641293972
NCAAF,americanfootball_ncaaf,52e9b0f6515766724ee70457912bdc18,2026-09-12T19:30:00Z,Illinois Fighting Illini,Duke Blue Devils,draftkings,DraftKings,2026-09-06T18:05:37Z,spreads,2026-09-06T18:05:37Z,Duke Blue Devils,-108,7.5,20260906180641293972
NCAAF,americanfootball_ncaaf,52e9b0f6515766724ee70457912bdc18,2026-09-12T19:30:00Z,Illinois Fighting Illini,Duke Blue Devils,draftkings,DraftKings,2026-09-06T18:05:37Z,spreads,2026-09-06T18:05:37Z,Illinois Fighting Illini,-112,-7.5,20260906180641293972
NCAAF,americanfootball_ncaaf,52e9b0f6515766724ee70457912bdc18,2026-09-12T19:30:00Z,Illinois Fighting Illini,Duke Blue Devils,draftkings,DraftKings,2026-09-06T18:05:37Z,totals,2026-09-06T18:05:37Z,Over,-105,54.5,20260906180641293972
NCAAF,americanfootball_ncaaf,52e9b0f6515766724ee70457912bdc18,2026-09-12T19:30:00Z,Illinois Fighting Illini,Duke Blue Devils,draftkings,DraftKings,2026-09-06T18:05:37Z,totals,2026-09-06T18:05:37Z,Under,-115,54.5,20260906180641293972
NCAAF,americanfootball_ncaaf,52e9b0f6515766724ee70457912bdc18,2026-09-12T19:30:00Z,Illinois Fighting Illini,Duke Blue Devils,fanduel,FanDuel,2026-09-06T18:06:26Z,h2h,2026-09-06T18:06:26Z,Duke Blue Devils,198,,20260906180641293972
NCAAF,americanfootball_ncaaf,52e9b0f6515766724ee70457912bdc18,2026-09-12T19:30:00Z,Illinois Fighting Illini,Duke Blue Devils,fanduel,FanDuel,2026-09-06T18:06:26Z,h2h,2026-09-06T18:06:26Z,Illinois Fighting Illini,-245,,20260906180641293972
NCAAF,americanfootball_ncaaf,52e9b0f6515766724ee70457912bdc18,2026-09-12T19:30:00Z,Illinois Fighting Illini,Duke Blue Devils,fanduel,FanDuel,2026-09-06T18:06:26Z,spreads,2026-09-06T18:06:26Z,Duke Blue Devils,-105,6.5,20260906180641293972
NCAAF,americanfootball_ncaaf,52e9b0f6515766724ee70457912bdc18,2026-09-12T19:30:00Z,Illinois Fighting Illini,Duke Blue Devils,fanduel,FanDuel,2026-09-06T18:06:26Z,spreads,2026-09-06T18:06:26Z,Illinois Fighting Illini,-115,-6.5,20260906180641293972
NCAAF,americanfootball_ncaaf,52e9b0f6515766724ee70457912bdc18,2026-09-12T19:30:00Z,Illinois Fighting Illini,Duke Blue Devils,fanduel,FanDuel,2026-09-06T18:06:26Z,totals,2026-09-06T18:06:26Z,Over,-115,53.5,20260906180641293972
NCAAF,americanfootball_ncaaf,52e9b0f6515766724ee70457912bdc18,2026-09-12T19:30:00Z,Illinois Fighting Illini,Duke Blue Devils,fanduel,FanDuel,2026-09-06T18:06:26Z,totals,2026-09-06T18:06:26Z,Under,-105,53.5,20260906180641293972
NCAAF,americanfootball_ncaaf,52e9b0f6515766724ee70457912bdc18,2026-09-12T19:30:00Z,Illinois Fighting Illini,Duke Blue Devils,betrivers,BetRivers,2026-09-06T18:06:25Z,h2h,2026-09-06T18:06:25Z,Duke Blue Devils,205,,20260906180641293972
NCAAF,americanfootball_ncaaf,52e9b0f6515766724ee70457912bdc18,2026-09-12T19:30:00Z,Illinois Fighting Illini,Duke Blue Devils,betrivers,BetRivers,2026-09-06T18:06:25Z,h2h,2026-09-06T18:06:25Z,Illinois Fighting Illini,-265,,20260906180641293972
NCAAF,americanfootball_ncaaf,52e9b0f6515766724ee70457912bdc18,2026-09-12T19:30:00Z,Illinois Fighting Illini,Duke Blue Devils,betrivers,BetRivers,2026-09-06T18:06:25Z,spreads,2026-09-06T18:06:25Z,Duke Blue Devils,-115,7.0,20260906180641293972
NCAAF,americanfootball_ncaaf,52e9b0f6515766724ee70457912bdc18,2026-09-12T19:30:00Z,Illinois Fighting Illini,Duke Blue Devils,betrivers,BetRivers,2026-09-06T18:06:25Z,spreads,2026-09-06T18:06:25Z,Illinois Fighting Illini,-108,-7.0,20260906180641293972
NCAAF,americanfootball_ncaaf,52e9b0f6515766724ee70457912bdc18,2026-09-12T19:30:00Z,Illinois Fighting Illini,Duke Blue Devils,betrivers,BetRivers,2026-09-06T18:06:25Z,totals,2026-09-06T18:06:25Z,Over,-109,54.5,20260906180641293972
NCAAF,americanfootball_ncaaf,52e9b0f6515766724ee70457912bdc18,2026-09-12T19:30:00Z,Illinois Fighting Illini,Duke Blue Devils,betrivers,BetRivers,2026-09-06T18:06:25Z,totals,2026-09-06T18:06:25Z,Under,-114,54.5,20260906180641293972
NCAAF,americanfootball_ncaaf,52e9b0f6515766724ee70457912bdc18,2026-09-12T19:30:00Z,Illinois Fighting Illini,Duke Blue Devils,betonlineag,BetOnline.ag,2026-09-06T18:06:00Z,spreads,2026-09-06T18:06:00Z,Duke Blue Devils,-110,7.0,20260906180641293972
NCAAF,americanfootball_ncaaf,52e9b0f6515766724ee70457912bdc18,2026-09-12T19:30:00Z,Illinois Fighting Illini,Duke Blue Devils,betonlineag,BetOnline.ag,2026-09-06T18:06:00Z,spreads,2026-09-06T18:06:00Z,Illinois Fighting Illini,-110,-7.0,20260906180641293972
NCAAF,americanfootball_ncaaf,52e9b0f6515766724ee70457912bdc18,2026-09-12T19:30:00Z,Illinois Fighting Illini,Duke Blue Devils,lowvig,LowVig.ag,2026-09-06T18:06:01Z,spreads,2026-09-06T18:06:01Z,Duke Blue Devils,-106,7.0,20260906180641293972
NCAAF,americanfootball_ncaaf,52e9b0f6515766724ee70457912bdc18,2026-09-12T19:30:00Z,Illinois Fighting Illini,Duke Blue Devils,lowvig,LowVig.ag,2026-09-06T18:06:01Z,spreads,2026-09-06T18:06:01Z,Illinois Fighting Illini,-106,-7.0,20260906180641293972
NCAAF,americanfootball_ncaaf,52e9b0f6515766724ee70457912bdc18,2026-09-12T19:30:00Z,Illinois Fighting Illini,Duke Blue Devils,betmgm,BetMGM,2026-09-06T18:05:38Z,h2h,2026-09-06T18:05:38Z,Duke Blue Devils,220,,20260906180641293972
NCAAF,americanfootball_ncaaf,52e9b0f6515766724ee70457912bdc18,2026-09-12T19:30:00Z,Illinois Fighting Illini,Duke Blue Devils,betmgm,BetMGM,2026-09-06T18:05:38Z,h2h,2026-09-06T18:05:38Z,Illinois Fighting Illini,-275,,20260906180641293972
NCAAF,americanfootball_ncaaf,52e9b0f6515766724ee70457912bdc18,2026-09-12T19:30:00Z,Illinois Fighting Illini,Duke Blue Devils,betmgm,BetMGM,2026-09-06T18:05:38Z,spreads,2026-09-06T18:05:38Z,Duke Blue Devils,-108,7.0,20260906180641293972
NCAAF,americanfootball_ncaaf,52e9b0f6515766724ee70457912bdc18,2026-09-12T19:30:00Z,Illinois Fighting Illini,Duke Blue Devils,betmgm,BetMGM,2026-09-06T18:05:38Z,spreads,2026-09-06T18:05:38Z,Illinois Fighting Illini,-110,-7.0,20260906180641293972
NCAAF,americanfootball_ncaaf,52e9b0f6515766724ee70457912bdc18,2026-09-12T19:30:00Z,Illinois Fighting Illini,Duke Blue Devils,betmgm,BetMGM,2026-09-06T18:05:38Z,totals,2026-09-06T18:05:38Z,Over,-112,53.5,20260906180641293972
NCAAF,americanfootball_ncaaf,52e9b0f6515766724ee70457912bdc18,2026-09-12T19:30:00Z,Illinois Fighting Illini,Duke Blue Devils,betmgm,BetMGM,2026-09-06T18:05:38Z,totals,2026-09-06T18:05:38Z,Under,-105,53.5,20260906180641293972
NCAAF,americanfootball_ncaaf,db05b8a09b0efd8546a13a2cb5e457fc,2026-09-12T19:30:00Z,Michigan State Spartans,Eastern Michigan Eagles,fanduel,FanDuel,2026-09-06T18:06:26Z,h2h,2026-09-06T18:06:26Z,Eastern Michigan Eagles,680,,20260906180641293972
NCAAF,americanfootball_ncaaf,db05b8a09b0efd8546a13a2cb5e457fc,2026-09-12T19:30:00Z,Michigan State Spartans,Eastern Michigan Eagles,fanduel,FanDuel,2026-09-06T18:06:26Z,h2h,2026-09-06T18:06:26Z,Michigan State Spartans,-1100,,20260906180641293972
NCAAF,americanfootball_ncaaf,db05b8a09b0efd8546a13a2cb5e457fc,2026-09-12T19:30:00Z,Michigan State Spartans,Eastern Michigan Eagles,fanduel,FanDuel,2026-09-06T18:06:26Z,spreads,2026-09-06T18:06:26Z,Eastern Michigan Eagles,-110,17.5,20260906180641293972
NCAAF,americanfootball_ncaaf,db05b8a09b0efd8546a13a2cb5e457fc,2026-09-12T19:30:00Z,Michigan State Spartans,Eastern Michigan Eagles,fanduel,FanDuel,2026-09-06T18:06:26Z,spreads,2026-09-06T18:06:26Z,Michigan State Spartans,-110,-17.5,20260906180641293972
NCAAF,americanfootball_ncaaf,db05b8a09b0efd8546a13a2cb5e457fc,2026-09-12T19:30:00Z,Michigan State Spartans,Eastern Michigan Eagles,fanduel,FanDuel,2026-09-06T18:06:26Z,totals,2026-09-06T18:06:26Z,Over,-110,50.5,20260906180641293972
NCAAF,americanfootball_ncaaf,db05b8a09b0efd8546a13a2cb5e457fc,2026-09-12T19:30:00Z,Michigan State Spartans,Eastern Michigan Eagles,fanduel,FanDuel,2026-09-06T18:06:26Z,totals,2026-09-06T18:06:26Z,Under,-110,50.5,20260906180641293972
NCAAF,americanfootball_ncaaf,db05b8a09b0efd8546a13a2cb5e457fc,2026-09-12T19:30:00Z,Michigan State Spartans,Eastern Michigan Eagles,draftkings,DraftKings,2026-09-06T18:05:37Z,h2h,2026-09-06T18:05:37Z,Eastern Michigan Eagles,625,,20260906180641293972
NCAAF,americanfootball_ncaaf,db05b8a09b0efd8546a13a2cb5e457fc,2026-09-12T19:30:00Z,Michigan State Spartans,Eastern Michigan Eagles,draftkings,DraftKings,2026-09-06T18:05:37Z,h2h,2026-09-06T18:05:37Z,Michigan State Spartans,-950,,20260906180641293972
NCAAF,americanfootball_ncaaf,db05b8a09b0efd8546a13a2cb5e457fc,2026-09-12T19:30:00Z,Michigan State Spartans,Eastern Michigan Eagles,draftkings,DraftKings,2026-09-06T18:05:37Z,spreads,2026-09-06T18:05:37Z,Eastern Michigan Eagles,-112,17.5,20260906180641293972
NCAAF,americanfootball_ncaaf,db05b8a09b0efd8546a13a2cb5e457fc,2026-09-12T19:30:00Z,Michigan State Spartans,Eastern Michigan Eagles,draftkings,DraftKings,2026-09-06T18:05:37Z,spreads,2026-09-06T18:05:37Z,Michigan State Spartans,-108,-17.5,20260906180641293972
NCAAF,americanfootball_ncaaf,db05b8a09b0efd8546a13a2cb5e457fc,2026-09-12T19:30:00Z,Michigan State Spartans,Eastern Michigan Eagles,draftkings,DraftKings,2026-09-06T18:05:37Z,totals,2026-09-06T18:05:37Z,Over,-112,51.5,20260906180641293972
NCAAF,americanfootball_ncaaf,db05b8a09b0efd8546a13a2cb5e457fc,2026-09-12T19:30:00Z,Michigan State Spartans,Eastern Michigan Eagles,draftkings,DraftKings,2026-09-06T18:05:37Z,totals,2026-09-06T18:05:37Z,Under,-108,51.5,20260906180641293972
NCAAF,americanfootball_ncaaf,db05b8a09b0efd8546a13a2cb5e457fc,2026-09-12T19:30:00Z,Michigan State Spartans,Eastern Michigan Eagles,lowvig,LowVig.ag,2026-09-06T18:06:01Z,spreads,2026-09-06T18:06:01Z,Eastern Michigan Eagles,-111,19.0,20260906180641293972
NCAAF,americanfootball_ncaaf,db05b8a09b0efd8546a13a2cb5e457fc,2026-09-12T19:30:00Z,Michigan State Spartans,Eastern Michigan Eagles,lowvig,LowVig.ag,2026-09-06T18:06:01Z,spreads,2026-09-06T18:06:01Z,Michigan State Spartans,-101,-19.0,20260906180641293972
NCAAF,americanfootball_ncaaf,db05b8a09b0efd8546a13a2cb5e457fc,2026-09-12T19:30:00Z,Michigan State Spartans,Eastern Michigan Eagles,betonlineag,BetOnline.ag,2026-09-06T18:06:00Z,spreads,2026-09-06T18:06:00Z,Eastern Michigan Eagles,-115,19.0,20260906180641293972
NCAAF,americanfootball_ncaaf,db05b8a09b0efd8546a13a2cb5e457fc,2026-09-12T19:30:00Z,Michigan State Spartans,Eastern Michigan Eagles,betonlineag,BetOnline.ag,2026-09-06T18:06:00Z,spreads,2026-09-06T18:06:00Z,Michigan State Spartans,-105,-19.0,20260906180641293972
NCAAF,americanfootball_ncaaf,db05b8a09b0efd8546a13a2cb5e457fc,2026-09-12T19:30:00Z,Michigan State Spartans,Eastern Michigan Eagles,betmgm,BetMGM,2026-09-06T18:05:38Z,h2h,2026-09-06T18:05:38Z,Eastern Michigan Eagles,700,,20260906180641293972
NCAAF,americanfootball_ncaaf,db05b8a09b0efd8546a13a2cb5e457fc,2026-09-12T19:30:00Z,Michigan State Spartans,Eastern Michigan Eagles,betmgm,BetMGM,2026-09-06T18:05:38Z,h2h,2026-09-06T18:05:38Z,Michigan State Spartans,-1000,,20260906180641293972
NCAAF,americanfootball_ncaaf,db05b8a09b0efd8546a13a2cb5e457fc,2026-09-12T19:30:00Z,Michigan State Spartans,Eastern Michigan Eagles,betmgm,BetMGM,2026-09-06T18:05:38Z,spreads,2026-09-06T18:05:38Z,Eastern Michigan Eagles,-105,17.5,20260906180641293972
NCAAF,americanfootball_ncaaf,db05b8a09b0efd8546a13a2cb5e457fc,2026-09-12T19:30:00Z,Michigan State Spartans,Eastern Michigan Eagles,betmgm,BetMGM,2026-09-06T18:05:38Z,spreads,2026-09-06T18:05:38Z,Michigan State Spartans,-112,-17.5,20260906180641293972
NCAAF,americanfootball_ncaaf,db05b8a09b0efd8546a13a2cb5e457fc,2026-09-12T19:30:00Z,Michigan State Spartans,Eastern Michigan Eagles,betmgm,BetMGM,2026-09-06T18:05:38Z,totals,2026-09-06T18:05:38Z,Over,-118,50.5,20260906180641293972
NCAAF,americanfootball_ncaaf,db05b8a09b0efd8546a13a2cb5e457fc,2026-09-12T19:30:00Z,Michigan State Spartans,Eastern Michigan Eagles,betmgm,BetMGM,2026-09-06T18:05:38Z,totals,2026-09-06T18:05:38Z,Under,-102,50.5,20260906180641293972
NCAAF,americanfootball_ncaaf,70a4d83a64789d57f114b077a570ea27,2026-09-12T19:30:00Z,UConn Huskies,Maryland Terrapins,fanduel,FanDuel,2026-09-06T18:06:26Z,h2h,2026-09-06T18:06:26Z,Maryland Terrapins,-610,,20260906180641293972
NCAAF,americanfootball_ncaaf,70a4d83a64789d57f114b077a570ea27,2026-09-12T19:30:00Z,UConn Huskies,Maryland Terrapins,fanduel,FanDuel,2026-09-06T18:06:26Z,h2h,2026-09-06T18:06:26Z,UConn Huskies,440,,20260906180641293972
NCAAF,americanfootball_ncaaf,70a4d83a64789d57f114b077a570ea27,2026-09-12T19:30:00Z,UConn Huskies,Maryland Terrapins,fanduel,FanDuel,2026-09-06T18:06:26Z,spreads,2026-09-06T18:06:26Z,Maryland Terrapins,-115,-13.5,20260906180641293972
NCAAF,americanfootball_ncaaf,70a4d83a64789d57f114b077a570ea27,2026-09-12T19:30:00Z,UConn Huskies,Maryland Terrapins,fanduel,FanDuel,2026-09-06T18:06:26Z,spreads,2026-09-06T18:06:26Z,UConn Huskies,-105,13.5,20260906180641293972
NCAAF,americanfootball_ncaaf,70a4d83a64789d57f114b077a570ea27,2026-09-12T19:30:00Z,UConn Huskies,Maryland Terrapins,fanduel,FanDuel,2026-09-06T18:06:26Z,totals,2026-09-06T18:06:26Z,Over,-110,53.5,20260906180641293972
NCAAF,americanfootball_ncaaf,70a4d83a64789d57f114b077a570ea27,2026-09-12T19:30:00Z,UConn Huskies,Maryland Terrapins,fanduel,FanDuel,2026-09-06T18:06:26Z,totals,2026-09-06T18:06:26Z,Under,-110,53.5,20260906180641293972
NCAAF,americanfootball_ncaaf,70a4d83a64789d57f114b077a570ea27,2026-09-12T19:30:00Z,UConn Huskies,Maryland Terrapins,draftkings,DraftKings,2026-09-06T18:05:37Z,h2h,2026-09-06T18:05:37Z,Maryland Terrapins,-600,,20260906180641293972
NCAAF,americanfootball_ncaaf,70a4d83a64789d57f114b077a570ea27,2026-09-12T19:30:00Z,UConn Huskies,Maryland Terrapins,draftkings,DraftKings,2026-09-06T18:05:37Z,h2h,2026-09-06T18:05:37Z,UConn Huskies,440,,20260906180641293972
NCAAF,americanfootball_ncaaf,70a4d83a64789d57f114b077a570ea27,2026-09-12T19:30:00Z,UConn Huskies,Maryland Terrapins,draftkings,DraftKings,2026-09-06T18:05:37Z,spreads,2026-09-06T18:05:37Z,Maryland Terrapins,-115,-13.5,20260906180641293972
NCAAF,americanfootball_ncaaf,70a4d83a64789d57f114b077a570ea27,2026-09-12T19:30:00Z,UConn Huskies,Maryland Terrapins,draftkings,DraftKings,2026-09-06T18:05:37Z,spreads,2026-09-06T18:05:37Z,UConn Huskies,-105,13.5,20260906180641293972
NCAAF,americanfootball_ncaaf,70a4d83a64789d57f114b077a570ea27,2026-09-12T19:30:00Z,UConn Huskies,Maryland Terrapins,draftkings,DraftKings,2026-09-06T18:05:37Z,totals,2026-09-06T18:05:37Z,Over,-110,53.5,20260906180641293972
NCAAF,americanfootball_ncaaf,70a4d83a64789d57f114b077a570ea27,2026-09-12T19:30:00Z,UConn Huskies,Maryland Terrapins,draftkings,DraftKings,2026-09-06T18:05:37Z,totals,2026-09-06T18:05:37Z,Under,-110,53.5,20260906180641293972
NCAAF,americanfootball_ncaaf,70a4d83a64789d57f114b077a570ea27,2026-09-12T19:30:00Z,UConn Huskies,Maryland Terrapins,lowvig,LowVig.ag,2026-09-06T18:06:01Z,spreads,2026-09-06T18:06:01Z,Maryland Terrapins,-106,-13.5,20260906180641293972
NCAAF,americanfootball_ncaaf,70a4d83a64789d57f114b077a570ea27,2026-09-12T19:30:00Z,UConn Huskies,Maryland Terrapins,lowvig,LowVig.ag,2026-09-06T18:06:01Z,spreads,2026-09-06T18:06:01Z,UConn Huskies,-106,13.5,20260906180641293972
NCAAF,americanfootball_ncaaf,70a4d83a64789d57f114b077a570ea27,2026-09-12T19:30:00Z,UConn Huskies,Maryland Terrapins,betonlineag,BetOnline.ag,2026-09-06T18:06:00Z,spreads,2026-09-06T18:06:00Z,Maryland Terrapins,-110,-13.5,20260906180641293972
NCAAF,americanfootball_ncaaf,70a4d83a64789d57f114b077a570ea27,2026-09-12T19:30:00Z,UConn Huskies,Maryland Terrapins,betonlineag,BetOnline.ag,2026-09-06T18:06:00Z,spreads,2026-09-06T18:06:00Z,UConn Huskies,-110,13.5,20260906180641293972
NCAAF,americanfootball_ncaaf,70a4d83a64789d57f114b077a570ea27,2026-09-12T19:30:00Z,UConn Huskies,Maryland Terrapins,betmgm,BetMGM,2026-09-06T18:05:38Z,h2h,2026-09-06T18:05:38Z,Maryland Terrapins,-600,,20260906180641293972
NCAAF,americanfootball_ncaaf,70a4d83a64789d57f114b077a570ea27,2026-09-12T19:30:00Z,UConn Huskies,Maryland Terrapins,betmgm,BetMGM,2026-09-06T18:05:38Z,h2h,2026-09-06T18:05:38Z,UConn Huskies,450,,20260906180641293972
NCAAF,americanfootball_ncaaf,70a4d83a64789d57f114b077a570ea27,2026-09-12T19:30:00Z,UConn Huskies,Maryland Terrapins,betmgm,BetMGM,2026-09-06T18:05:38Z,spreads,2026-09-06T18:05:38Z,Maryland Terrapins,-112,-13.5,20260906180641293972
NCAAF,americanfootball_ncaaf,70a4d83a64789d57f114b077a570ea27,2026-09-12T19:30:00Z,UConn Huskies,Maryland Terrapins,betmgm,BetMGM,2026-09-06T18:05:38Z,spreads,2026-09-06T18:05:38Z,UConn Huskies,-105,13.5,20260906180641293972
NCAAF,americanfootball_ncaaf,70a4d83a64789d57f114b077a570ea27,2026-09-12T19:30:00Z,UConn Huskies,Maryland Terrapins,betrivers,BetRivers,2026-09-06T18:06:25Z,h2h,2026-09-06T18:06:25Z,Maryland Terrapins,-670,,20260906180641293972
NCAAF,americanfootball_ncaaf,70a4d83a64789d57f114b077a570ea27,2026-09-12T19:30:00Z,UConn Huskies,Maryland Terrapins,betrivers,BetRivers,2026-09-06T18:06:25Z,h2h,2026-09-06T18:06:25Z,UConn Huskies,450,,20260906180641293972
NCAAF,americanfootball_ncaaf,70a4d83a64789d57f114b077a570ea27,2026-09-12T19:30:00Z,UConn Huskies,Maryland Terrapins,betrivers,BetRivers,2026-09-06T18:06:25Z,spreads,2026-09-06T18:06:25Z,Maryland Terrapins,-112,-13.5,20260906180641293972
NCAAF,americanfootball_ncaaf,70a4d83a64789d57f114b077a570ea27,2026-09-12T19:30:00Z,UConn Huskies,Maryland Terrapins,betrivers,BetRivers,2026-09-06T18:06:25Z,spreads,2026-09-06T18:06:25Z,UConn Huskies,-112,13.5,20260906180641293972
NCAAF,americanfootball_ncaaf,70a4d83a64789d57f114b077a570ea27,2026-09-12T19:30:00Z,UConn Huskies,Maryland Terrapins,betrivers,BetRivers,2026-09-06T18:06:25Z,totals,2026-09-06T18:06:25Z,Over,-114,53.5,20260906180641293972
NCAAF,americanfootball_ncaaf,70a4d83a64789d57f114b077a570ea27,2026-09-12T19:30:00Z,UConn Huskies,Maryland Terrapins,betrivers,BetRivers,2026-09-06T18:06:25Z,totals,2026-09-06T18:06:25Z,Under,-109,53.5,20260906180641293972
NCAAF,americanfootball_ncaaf,25c198f097870d531920ba524262737d,2026-09-12T19:30:00Z,Minnesota Golden Gophers,Mississippi State Bulldogs,draftkings,DraftKings,2026-09-06T18:05:37Z,h2h,2026-09-06T18:05:37Z,Minnesota Golden Gophers,105,,20260906180641293972
NCAAF,americanfootball_ncaaf,25c198f097870d531920ba524262737d,2026-09-12T19:30:00Z,Minnesota Golden Gophers,Mississippi State Bulldogs,draftkings,DraftKings,2026-09-06T18:05:37Z,h2h,2026-09-06T18:05:37Z,Mississippi State Bulldogs,-125,,20260906180641293972
NCAAF,americanfootball_ncaaf,25c198f097870d531920ba524262737d,2026-09-12T19:30:00Z,Minnesota Golden Gophers,Mississippi State Bulldogs,draftkings,DraftKings,2026-09-06T18:05:37Z,spreads,2026-09-06T18:05:37Z,Minnesota Golden Gophers,-112,1.5,20260906180641293972
NCAAF,americanfootball_ncaaf,25c198f097870d531920ba524262737d,2026-09-12T19:30:00Z,Minnesota Golden Gophers,Mississippi State Bulldogs,draftkings,DraftKings,2026-09-06T18:05:37Z,spreads,2026-09-06T18:05:37Z,Mississippi State Bulldogs,-108,-1.5,20260906180641293972
NCAAF,americanfootball_ncaaf,25c198f097870d531920ba524262737d,2026-09-12T19:30:00Z,Minnesota Golden Gophers,Mississippi State Bulldogs,draftkings,DraftKings,2026-09-06T18:05:37Z,totals,2026-09-06T18:05:37Z,Over,-115,55.5,20260906180641293972
NCAAF,americanfootball_ncaaf,25c198f097870d531920ba524262737d,2026-09-12T19:30:00Z,Minnesota Golden Gophers,Mississippi State Bulldogs,draftkings,DraftKings,2026-09-06T18:05:37Z,totals,2026-09-06T18:05:37Z,Under,-105,55.5,20260906180641293972
NCAAF,americanfootball_ncaaf,25c198f097870d531920ba524262737d,2026-09-12T19:30:00Z,Minnesota Golden Gophers,Mississippi State Bulldogs,fanduel,FanDuel,2026-09-06T18:06:26Z,h2h,2026-09-06T18:06:26Z,Minnesota Golden Gophers,-105,,20260906180641293972
NCAAF,americanfootball_ncaaf,25c198f097870d531920ba524262737d,2026-09-12T19:30:00Z,Minnesota Golden Gophers,Mississippi State Bulldogs,fanduel,FanDuel,2026-09-06T18:06:26Z,h2h,2026-09-06T18:06:26Z,Mississippi State Bulldogs,-114,,20260906180641293972
NCAAF,americanfootball_ncaaf,25c198f097870d531920ba524262737d,2026-09-12T19:30:00Z,Minnesota Golden Gophers,Mississippi State Bulldogs,fanduel,FanDuel,2026-09-06T18:06:26Z,spreads,2026-09-06T18:06:26Z,Minnesota Golden Gophers,-118,1.5,20260906180641293972
NCAAF,americanfootball_ncaaf,25c198f097870d531920ba524262737d,2026-09-12T19:30:00Z,Minnesota Golden Gophers,Mississippi State Bulldogs,fanduel,FanDuel,2026-09-06T18:06:26Z,spreads,2026-09-06T18:06:26Z,Mississippi State Bulldogs,-104,-1.5,20260906180641293972
NCAAF,americanfootball_ncaaf,25c198f097870d531920ba524262737d,2026-09-12T19:30:00Z,Minnesota Golden Gophers,Mississippi State Bulldogs,fanduel,FanDuel,2026-09-06T18:06:26Z,totals,2026-09-06T18:06:26Z,Over,-110,55.5,20260906180641293972
NCAAF,americanfootball_ncaaf,25c198f097870d531920ba524262737d,2026-09-12T19:30:00Z,Minnesota Golden Gophers,Mississippi State Bulldogs,fanduel,FanDuel,2026-09-06T18:06:26Z,totals,2026-09-06T18:06:26Z,Under,-110,55.5,20260906180641293972
NCAAF,americanfootball_ncaaf,25c198f097870d531920ba524262737d,2026-09-12T19:30:00Z,Minnesota Golden Gophers,Mississippi State Bulldogs,betrivers,BetRivers,2026-09-06T18:06:25Z,h2h,2026-09-06T18:06:25Z,Minnesota Golden Gophers,102,,20260906180641293972
NCAAF,americanfootball_ncaaf,25c198f097870d531920ba524262737d,2026-09-12T19:30:00Z,Minnesota Golden Gophers,Mississippi State Bulldogs,betrivers,BetRivers,2026-09-06T18:06:25Z,h2h,2026-09-06T18:06:25Z,Mississippi State Bulldogs,-125,,20260906180641293972
NCAAF,americanfootball_ncaaf,25c198f097870d531920ba524262737d,2026-09-12T19:30:00Z,Minnesota Golden Gophers,Mississippi State Bulldogs,betrivers,BetRivers,2026-09-06T18:06:25Z,spreads,2026-09-06T18:06:25Z,Minnesota Golden Gophers,-112,1.5,20260906180641293972
NCAAF,americanfootball_ncaaf,25c198f097870d531920ba524262737d,2026-09-12T19:30:00Z,Minnesota Golden Gophers,Mississippi State Bulldogs,betrivers,BetRivers,2026-09-06T18:06:25Z,spreads,2026-09-06T18:06:25Z,Mississippi State Bulldogs,-112,-1.5,20260906180641293972
NCAAF,americanfootball_ncaaf,25c198f097870d531920ba524262737d,2026-09-12T19:30:00Z,Minnesota Golden Gophers,Mississippi State Bulldogs,betrivers,BetRivers,2026-09-06T18:06:25Z,totals,2026-09-06T18:06:25Z,Over,-114,55.5,20260906180641293972
NCAAF,americanfootball_ncaaf,25c198f097870d531920ba524262737d,2026-09-12T19:30:00Z,Minnesota Golden Gophers,Mississippi State Bulldogs,betrivers,BetRivers,2026-09-06T18:06:25Z,totals,2026-09-06T18:06:25Z,Under,-109,55.5,20260906180641293972
NCAAF,americanfootball_ncaaf,25c198f097870d531920ba524262737d,2026-09-12T19:30:00Z,Minnesota Golden Gophers,Mississippi State Bulldogs,betonlineag,BetOnline.ag,2026-09-06T18:06:00Z,spreads,2026-09-06T18:06:00Z,Minnesota Golden Gophers,-115,0.0,20260906180641293972
NCAAF,americanfootball_ncaaf,25c198f097870d531920ba524262737d,2026-09-12T19:30:00Z,Minnesota Golden Gophers,Mississippi State Bulldogs,betonlineag,BetOnline.ag,2026-09-06T18:06:00Z,spreads,2026-09-06T18:06:00Z,Mississippi State Bulldogs,-105,0.0,20260906180641293972
NCAAF,americanfootball_ncaaf,25c198f097870d531920ba524262737d,2026-09-12T19:30:00Z,Minnesota Golden Gophers,Mississippi State Bulldogs,lowvig,LowVig.ag,2026-09-06T18:06:01Z,spreads,2026-09-06T18:06:01Z,Minnesota Golden Gophers,-111,0.0,20260906180641293972
NCAAF,americanfootball_ncaaf,25c198f097870d531920ba524262737d,2026-09-12T19:30:00Z,Minnesota Golden Gophers,Mississippi State Bulldogs,lowvig,LowVig.ag,2026-09-06T18:06:01Z,spreads,2026-09-06T18:06:01Z,Mississippi State Bulldogs,-101,0.0,20260906180641293972
NCAAF,americanfootball_ncaaf,25c198f097870d531920ba524262737d,2026-09-12T19:30:00Z,Minnesota Golden Gophers,Mississippi State Bulldogs,betmgm,BetMGM,2026-09-06T18:05:38Z,h2h,2026-09-06T18:05:38Z,Minnesota Golden Gophers,-110,,20260906180641293972
NCAAF,americanfootball_ncaaf,25c198f097870d531920ba524262737d,2026-09-12T19:30:00Z,Minnesota Golden Gophers,Mississippi State Bulldogs,betmgm,BetMGM,2026-09-06T18:05:38Z,h2h,2026-09-06T18:05:38Z,Mississippi State Bulldogs,-108,,20260906180641293972
NCAAF,americanfootball_ncaaf,25c198f097870d531920ba524262737d,2026-09-12T19:30:00Z,Minnesota Golden Gophers,Mississippi State Bulldogs,betmgm,BetMGM,2026-09-06T18:05:38Z,spreads,2026-09-06T18:05:38Z,Minnesota Golden Gophers,-105,-1.0,20260906180641293972
NCAAF,americanfootball_ncaaf,25c198f097870d531920ba524262737d,2026-09-12T19:30:00Z,Minnesota Golden Gophers,Mississippi State Bulldogs,betmgm,BetMGM,2026-09-06T18:05:38Z,spreads,2026-09-06T18:05:38Z,Mississippi State Bulldogs,-112,1.0,20260906180641293972
NCAAF,americanfootball_ncaaf,25c198f097870d531920ba524262737d,2026-09-12T19:30:00Z,Minnesota Golden Gophers,Mississippi State Bulldogs,betmgm,BetMGM,2026-09-06T18:05:38Z,totals,2026-09-06T18:05:38Z,Over,-110,55.5,20260906180641293972
NCAAF,americanfootball_ncaaf,25c198f097870d531920ba524262737d,2026-09-12T19:30:00Z,Minnesota Golden Gophers,Mississippi State Bulldogs,betmgm,BetMGM,2026-09-06T18:05:38Z,totals,2026-09-06T18:05:38Z,Under,-108,55.5,20260906180641293972
NCAAF,americanfootball_ncaaf,2be7c621008f4d4147868ababc385a6c,2026-09-12T19:30:00Z,Notre Dame Fighting Irish,Rice Owls,draftkings,DraftKings,2026-09-06T18:05:37Z,spreads,2026-09-06T18:05:37Z,Notre Dame Fighting Irish,-108,-44.5,20260906180641293972
NCAAF,americanfootball_ncaaf,2be7c621008f4d4147868ababc385a6c,2026-09-12T19:30:00Z,Notre Dame Fighting Irish,Rice Owls,draftkings,DraftKings,2026-09-06T18:05:37Z,spreads,2026-09-06T18:05:37Z,Rice Owls,-112,44.5,20260906180641293972
NCAAF,americanfootball_ncaaf,2be7c621008f4d4147868ababc385a6c,2026-09-12T19:30:00Z,Notre Dame Fighting Irish,Rice Owls,draftkings,DraftKings,2026-09-06T18:05:37Z,totals,2026-09-06T18:05:37Z,Over,-110,52.5,20260906180641293972
NCAAF,americanfootball_ncaaf,2be7c621008f4d4147868ababc385a6c,2026-09-12T19:30:00Z,Notre Dame Fighting Irish,Rice Owls,draftkings,DraftKings,2026-09-06T18:05:37Z,totals,2026-09-06T18:05:37Z,Under,-110,52.5,20260906180641293972
NCAAF,americanfootball_ncaaf,2be7c621008f4d4147868ababc385a6c,2026-09-12T19:30:00Z,Notre Dame Fighting Irish,Rice Owls,lowvig,LowVig.ag,2026-09-06T18:06:01Z,spreads,2026-09-06T18:06:01Z,Notre Dame Fighting Irish,-106,-44.5,20260906180641293972
NCAAF,americanfootball_ncaaf,2be7c621008f4d4147868ababc385a6c,2026-09-12T19:30:00Z,Notre Dame Fighting Irish,Rice Owls,lowvig,LowVig.ag,2026-09-06T18:06:01Z,spreads,2026-09-06T18:06:01Z,Rice Owls,-106,44.5,20260906180641293972
NCAAF,americanfootball_ncaaf,2be7c621008f4d4147868ababc385a6c,2026-09-12T19:30:00Z,Notre Dame Fighting Irish,Rice Owls,betonlineag,BetOnline.ag,2026-09-06T18:06:00Z,spreads,2026-09-06T18:06:00Z,Notre Dame Fighting Irish,-110,-44.5,20260906180641293972
NCAAF,americanfootball_ncaaf,2be7c621008f4d4147868ababc385a6c,2026-09-12T19:30:00Z,Notre Dame Fighting Irish,Rice Owls,betonlineag,BetOnline.ag,2026-09-06T18:06:00Z,spreads,2026-09-06T18:06:00Z,Rice Owls,-110,44.5,20260906180641293972
NCAAF,americanfootball_ncaaf,dd880570288831c4fc55cb68f19f9667,2026-09-12T19:30:00Z,Pittsburgh Panthers,UCF Knights,fanduel,FanDuel,2026-09-06T18:06:26Z,h2h,2026-09-06T18:06:26Z,Pittsburgh Panthers,-300,,20260906180641293972
NCAAF,americanfootball_ncaaf,dd880570288831c4fc55cb68f19f9667,2026-09-12T19:30:00Z,Pittsburgh Panthers,UCF Knights,fanduel,FanDuel,2026-09-06T18:06:26Z,h2h,2026-09-06T18:06:26Z,UCF Knights,240,,20260906180641293972
NCAAF,americanfootball_ncaaf,dd880570288831c4fc55cb68f19f9667,2026-09-12T19:30:00Z,Pittsburgh Panthers,UCF Knights,fanduel,FanDuel,2026-09-06T18:06:26Z,spreads,2026-09-06T18:06:26Z,Pittsburgh Panthers,-110,-7.5,20260906180641293972
NCAAF,americanfootball_ncaaf,dd880570288831c4fc55cb68f19f9667,2026-09-12T19:30:00Z,Pittsburgh Panthers,UCF Knights,fanduel,FanDuel,2026-09-06T18:06:26Z,spreads,2026-09-06T18:06:26Z,UCF Knights,-110,7.5,20260906180641293972
NCAAF,americanfootball_ncaaf,dd880570288831c4fc55cb68f19f9667,2026-09-12T19:30:00Z,Pittsburgh Panthers,UCF Knights,fanduel,FanDuel,2026-09-06T18:06:26Z,totals,2026-09-06T18:06:26Z,Over,-110,57.5,20260906180641293972
NCAAF,americanfootball_ncaaf,dd880570288831c4fc55cb68f19f9667,2026-09-12T19:30:00Z,Pittsburgh Panthers,UCF Knights,fanduel,FanDuel,2026-09-06T18:06:26Z,totals,2026-09-06T18:06:26Z,Under,-110,57.5,20260906180641293972
NCAAF,americanfootball_ncaaf,dd880570288831c4fc55cb68f19f9667,2026-09-12T19:30:00Z,Pittsburgh Panthers,UCF Knights,draftkings,DraftKings,2026-09-06T18:05:37Z,h2h,2026-09-06T18:05:37Z,Pittsburgh Panthers,-340,,20260906180641293972
NCAAF,americanfootball_ncaaf,dd880570288831c4fc55cb68f19f9667,2026-09-12T19:30:00Z,Pittsburgh Panthers,UCF Knights,draftkings,DraftKings,2026-09-06T18:05:37Z,h2h,2026-09-06T18:05:37Z,UCF Knights,270,,20260906180641293972
NCAAF,americanfootball_ncaaf,dd880570288831c4fc55cb68f19f9667,2026-09-12T19:30:00Z,Pittsburgh Panthers,UCF Knights,draftkings,DraftKings,2026-09-06T18:05:37Z,spreads,2026-09-06T18:05:37Z,Pittsburgh Panthers,-110,-8.5,20260906180641293972
NCAAF,americanfootball_ncaaf,dd880570288831c4fc55cb68f19f9667,2026-09-12T19:30:00Z,Pittsburgh Panthers,UCF Knights,draftkings,DraftKings,2026-09-06T18:05:37Z,spreads,2026-09-06T18:05:37Z,UCF Knights,-110,8.5,20260906180641293972
NCAAF,americanfootball_ncaaf,dd880570288831c4fc55cb68f19f9667,2026-09-12T19:30:00Z,Pittsburgh Panthers,UCF Knights,draftkings,DraftKings,2026-09-06T18:05:37Z,totals,2026-09-06T18:05:37Z,Over,-110,56.5,20260906180641293972
NCAAF,americanfootball_ncaaf,dd880570288831c4fc55cb68f19f9667,2026-09-12T19:30:00Z,Pittsburgh Panthers,UCF Knights,draftkings,DraftKings,2026-09-06T18:05:37Z,totals,2026-09-06T18:05:37Z,Under,-110,56.5,20260906180641293972
NCAAF,americanfootball_ncaaf,dd880570288831c4fc55cb68f19f9667,2026-09-12T19:30:00Z,Pittsburgh Panthers,UCF Knights,betrivers,BetRivers,2026-09-06T18:06:25Z,h2h,2026-09-06T18:06:25Z,Pittsburgh Panthers,-305,,20260906180641293972
NCAAF,americanfootball_ncaaf,dd880570288831c4fc55cb68f19f9667,2026-09-12T19:30:00Z,Pittsburgh Panthers,UCF Knights,betrivers,BetRivers,2026-09-06T18:06:25Z,h2h,2026-09-06T18:06:25Z,UCF Knights,230,,20260906180641293972
NCAAF,americanfootball_ncaaf,dd880570288831c4fc55cb68f19f9667,2026-09-12T19:30:00Z,Pittsburgh Panthers,UCF Knights,betrivers,BetRivers,2026-09-06T18:06:25Z,spreads,2026-09-06T18:06:25Z,Pittsburgh Panthers,-112,-7.5,20260906180641293972
NCAAF,americanfootball_ncaaf,dd880570288831c4fc55cb68f19f9667,2026-09-12T19:30:00Z,Pittsburgh Panthers,UCF Knights,betrivers,BetRivers,2026-09-06T18:06:25Z,spreads,2026-09-06T18:06:25Z,UCF Knights,-112,7.5,20260906180641293972
NCAAF,americanfootball_ncaaf,dd880570288831c4fc55cb68f19f9667,2026-09-12T19:30:00Z,Pittsburgh Panthers,UCF Knights,betrivers,BetRivers,2026-09-06T18:06:25Z,totals,2026-09-06T18:06:25Z,Over,-110,57.5,20260906180641293972
NCAAF,americanfootball_ncaaf,dd880570288831c4fc55cb68f19f9667,2026-09-12T19:30:00Z,Pittsburgh Panthers,UCF Knights,betrivers,BetRivers,2026-09-06T18:06:25Z,totals,2026-09-06T18:06:25Z,Under,-113,57.5,20260906180641293972
NCAAF,americanfootball_ncaaf,dd880570288831c4fc55cb68f19f9667,2026-09-12T19:30:00Z,Pittsburgh Panthers,UCF Knights,lowvig,LowVig.ag,2026-09-06T18:06:01Z,spreads,2026-09-06T18:06:01Z,Pittsburgh Panthers,-106,-7.5,20260906180641293972
NCAAF,americanfootball_ncaaf,dd880570288831c4fc55cb68f19f9667,2026-09-12T19:30:00Z,Pittsburgh Panthers,UCF Knights,lowvig,LowVig.ag,2026-09-06T18:06:01Z,spreads,2026-09-06T18:06:01Z,UCF Knights,-106,7.5,20260906180641293972
NCAAF,americanfootball_ncaaf,dd880570288831c4fc55cb68f19f9667,2026-09-12T19:30:00Z,Pittsburgh Panthers,UCF Knights,betonlineag,BetOnline.ag,2026-09-06T18:06:00Z,spreads,2026-09-06T18:06:00Z,Pittsburgh Panthers,-110,-7.5,20260906180641293972
NCAAF,americanfootball_ncaaf,dd880570288831c4fc55cb68f19f9667,2026-09-12T19:30:00Z,Pittsburgh Panthers,UCF Knights,betonlineag,BetOnline.ag,2026-09-06T18:06:00Z,spreads,2026-09-06T18:06:00Z,UCF Knights,-110,7.5,20260906180641293972
NCAAF,americanfootball_ncaaf,08c5bac0240cbc3ba996fb55a75504f2,2026-09-12T19:30:00Z,Texas State Bobcats,UTSA Roadrunners,draftkings,DraftKings,2026-09-06T18:05:37Z,h2h,2026-09-06T18:05:37Z,Texas State Bobcats,-102,,20260906180641293972
NCAAF,americanfootball_ncaaf,08c5bac0240cbc3ba996fb55a75504f2,2026-09-12T19:30:00Z,Texas State Bobcats,UTSA Roadrunners,draftkings,DraftKings,2026-09-06T18:05:37Z,h2h,2026-09-06T18:05:37Z,UTSA Roadrunners,-118,,20260906180641293972
NCAAF,americanfootball_ncaaf,08c5bac0240cbc3ba996fb55a75504f2,2026-09-12T19:30:00Z,Texas State Bobcats,UTSA Roadrunners,draftkings,DraftKings,2026-09-06T18:05:37Z,spreads,2026-09-06T18:05:37Z,Texas State Bobcats,-110,1.5,20260906180641293972
NCAAF,americanfootball_ncaaf,08c5bac0240cbc3ba996fb55a75504f2,2026-09-12T19:30:00Z,Texas State Bobcats,UTSA Roadrunners,draftkings,DraftKings,2026-09-06T18:05:37Z,spreads,2026-09-06T18:05:37Z,UTSA Roadrunners,-110,-1.5,20260906180641293972
NCAAF,americanfootball_ncaaf,08c5bac0240cbc3ba996fb55a75504f2,2026-09-12T19:30:00Z,Texas State Bobcats,UTSA Roadrunners,draftkings,DraftKings,2026-09-06T18:05:37Z,totals,2026-09-06T18:05:37Z,Over,-110,64.5,20260906180641293972
NCAAF,americanfootball_ncaaf,08c5bac0240cbc3ba996fb55a75504f2,2026-09-12T19:30:00Z,Texas State Bobcats,UTSA Roadrunners,draftkings,DraftKings,2026-09-06T18:05:37Z,totals,2026-09-06T18:05:37Z,Under,-110,64.5,20260906180641293972
NCAAF,americanfootball_ncaaf,08c5bac0240cbc3ba996fb55a75504f2,2026-09-12T19:30:00Z,Texas State Bobcats,UTSA Roadrunners,fanduel,FanDuel,2026-09-06T18:06:26Z,h2h,2026-09-06T18:06:26Z,Texas State Bobcats,-110,,20260906180641293972
NCAAF,americanfootball_ncaaf,08c5bac0240cbc3ba996fb55a75504f2,2026-09-12T19:30:00Z,Texas State Bobcats,UTSA Roadrunners,fanduel,FanDuel,2026-09-06T18:06:26Z,h2h,2026-09-06T18:06:26Z,UTSA Roadrunners,-110,,20260906180641293972
NCAAF,americanfootball_ncaaf,08c5bac0240cbc3ba996fb55a75504f2,2026-09-12T19:30:00Z,Texas State Bobcats,UTSA Roadrunners,fanduel,FanDuel,2026-09-06T18:06:26Z,spreads,2026-09-06T18:06:26Z,Texas State Bobcats,-118,1.5,20260906180641293972
NCAAF,americanfootball_ncaaf,08c5bac0240cbc3ba996fb55a75504f2,2026-09-12T19:30:00Z,Texas State Bobcats,UTSA Roadrunners,fanduel,FanDuel,2026-09-06T18:06:26Z,spreads,2026-09-06T18:06:26Z,UTSA Roadrunners,-104,-1.5,20260906180641293972
NCAAF,americanfootball_ncaaf,08c5bac0240cbc3ba996fb55a75504f2,2026-09-12T19:30:00Z,Texas State Bobcats,UTSA Roadrunners,fanduel,FanDuel,2026-09-06T18:06:26Z,totals,2026-09-06T18:06:26Z,Over,-110,64.5,20260906180641293972
NCAAF,americanfootball_ncaaf,08c5bac0240cbc3ba996fb55a75504f2,2026-09-12T19:30:00Z,Texas State Bobcats,UTSA Roadrunners,fanduel,FanDuel,2026-09-06T18:06:26Z,totals,2026-09-06T18:06:26Z,Under,-110,64.5,20260906180641293972
NCAAF,americanfootball_ncaaf,08c5bac0240cbc3ba996fb55a75504f2,2026-09-12T19:30:00Z,Texas State Bobcats,UTSA Roadrunners,lowvig,LowVig.ag,2026-09-06T18:06:01Z,spreads,2026-09-06T18:06:01Z,Texas State Bobcats,-106,1.0,20260906180641293972
NCAAF,americanfootball_ncaaf,08c5bac0240cbc3ba996fb55a75504f2,2026-09-12T19:30:00Z,Texas State Bobcats,UTSA Roadrunners,lowvig,LowVig.ag,2026-09-06T18:06:01Z,spreads,2026-09-06T18:06:01Z,UTSA Roadrunners,-106,-1.0,20260906180641293972
NCAAF,americanfootball_ncaaf,08c5bac0240cbc3ba996fb55a75504f2,2026-09-12T19:30:00Z,Texas State Bobcats,UTSA Roadrunners,betonlineag,BetOnline.ag,2026-09-06T18:06:00Z,spreads,2026-09-06T18:06:00Z,Texas State Bobcats,-110,1.0,20260906180641293972
NCAAF,americanfootball_ncaaf,08c5bac0240cbc3ba996fb55a75504f2,2026-09-12T19:30:00Z,Texas State Bobcats,UTSA Roadrunners,betonlineag,BetOnline.ag,2026-09-06T18:06:00Z,spreads,2026-09-06T18:06:00Z,UTSA Roadrunners,-110,-1.0,20260906180641293972
NCAAF,americanfootball_ncaaf,08c5bac0240cbc3ba996fb55a75504f2,2026-09-12T19:30:00Z,Texas State Bobcats,UTSA Roadrunners,betmgm,BetMGM,2026-09-06T18:05:38Z,h2h,2026-09-06T18:05:38Z,Texas State Bobcats,-102,,20260906180641293972
NCAAF,americanfootball_ncaaf,08c5bac0240cbc3ba996fb55a75504f2,2026-09-12T19:30:00Z,Texas State Bobcats,UTSA Roadrunners,betmgm,BetMGM,2026-09-06T18:05:38Z,h2h,2026-09-06T18:05:38Z,UTSA Roadrunners,-115,,20260906180641293972
NCAAF,americanfootball_ncaaf,08c5bac0240cbc3ba996fb55a75504f2,2026-09-12T19:30:00Z,Texas State Bobcats,UTSA Roadrunners,betmgm,BetMGM,2026-09-06T18:05:38Z,spreads,2026-09-06T18:05:38Z,Texas State Bobcats,-110,1.5,20260906180641293972
NCAAF,americanfootball_ncaaf,08c5bac0240cbc3ba996fb55a75504f2,2026-09-12T19:30:00Z,Texas State Bobcats,UTSA Roadrunners,betmgm,BetMGM,2026-09-06T18:05:38Z,spreads,2026-09-06T18:05:38Z,UTSA Roadrunners,-108,-1.5,20260906180641293972
NCAAF,americanfootball_ncaaf,08c5bac0240cbc3ba996fb55a75504f2,2026-09-12T19:30:00Z,Texas State Bobcats,UTSA Roadrunners,betmgm,BetMGM,2026-09-06T18:05:38Z,totals,2026-09-06T18:05:38Z,Over,-108,64.5,20260906180641293972
NCAAF,americanfootball_ncaaf,08c5bac0240cbc3ba996fb55a75504f2,2026-09-12T19:30:00Z,Texas State Bobcats,UTSA Roadrunners,betmgm,BetMGM,2026-09-06T18:05:38Z,totals,2026-09-06T18:05:38Z,Under,-110,64.5,20260906180641293972
NCAAF,americanfootball_ncaaf,08c5bac0240cbc3ba996fb55a75504f2,2026-09-12T19:30:00Z,Texas State Bobcats,UTSA Roadrunners,betrivers,BetRivers,2026-09-06T18:06:25Z,h2h,2026-09-06T18:06:25Z,Texas State Bobcats,-104,,20260906180641293972
NCAAF,americanfootball_ncaaf,08c5bac0240cbc3ba996fb55a75504f2,2026-09-12T19:30:00Z,Texas State Bobcats,UTSA Roadrunners,betrivers,BetRivers,2026-09-06T18:06:25Z,h2h,2026-09-06T18:06:25Z,UTSA Roadrunners,-120,,20260906180641293972
NCAAF,americanfootball_ncaaf,08c5bac0240cbc3ba996fb55a75504f2,2026-09-12T19:30:00Z,Texas State Bobcats,UTSA Roadrunners,betrivers,BetRivers,2026-09-06T18:06:25Z,spreads,2026-09-06T18:06:25Z,Texas State Bobcats,-110,1.0,20260906180641293972
NCAAF,americanfootball_ncaaf,08c5bac0240cbc3ba996fb55a75504f2,2026-09-12T19:30:00Z,Texas State Bobcats,UTSA Roadrunners,betrivers,BetRivers,2026-09-06T18:06:25Z,spreads,2026-09-06T18:06:25Z,UTSA Roadrunners,-113,-1.0,20260906180641293972
NCAAF,americanfootball_ncaaf,08c5bac0240cbc3ba996fb55a75504f2,2026-09-12T19:30:00Z,Texas State Bobcats,UTSA Roadrunners,betrivers,BetRivers,2026-09-06T18:06:25Z,totals,2026-09-06T18:06:25Z,Over,-112,64.5,20260906180641293972
NCAAF,americanfootball_ncaaf,08c5bac0240cbc3ba996fb55a75504f2,2026-09-12T19:30:00Z,Texas State Bobcats,UTSA Roadrunners,betrivers,BetRivers,2026-09-06T18:06:25Z,totals,2026-09-06T18:06:25Z,Under,-112,64.5,20260906180641293972
NCAAF,americanfootball_ncaaf,61700ad2942d0c633b9c6cd402964356,2026-09-12T19:30:00Z,UAB Blazers,UL Monroe Warhawks,fanduel,FanDuel,2026-09-06T18:06:26Z,h2h,2026-09-06T18:06:26Z,UAB Blazers,-430,,20260906180641293972
NCAAF,americanfootball_ncaaf,61700ad2942d0c633b9c6cd402964356,2026-09-12T19:30:00Z,UAB Blazers,UL Monroe Warhawks,fanduel,FanDuel,2026-09-06T18:06:26Z,h2h,2026-09-06T18:06:26Z,UL Monroe Warhawks,330,,20260906180641293972
NCAAF,americanfootball_ncaaf,61700ad2942d0c633b9c6cd402964356,2026-09-12T19:30:00Z,UAB Blazers,UL Monroe Warhawks,fanduel,FanDuel,2026-09-06T18:06:26Z,spreads,2026-09-06T18:06:26Z,UAB Blazers,-105,-10.5,20260906180641293972
NCAAF,americanfootball_ncaaf,61700ad2942d0c633b9c6cd402964356,2026-09-12T19:30:00Z,UAB Blazers,UL Monroe Warhawks,fanduel,FanDuel,2026-09-06T18:06:26Z,spreads,2026-09-06T18:06:26Z,UL Monroe Warhawks,-115,10.5,20260906180641293972
NCAAF,americanfootball_ncaaf,61700ad2942d0c633b9c6cd402964356,2026-09-12T19:30:00Z,UAB Blazers,UL Monroe Warhawks,fanduel,FanDuel,2026-09-06T18:06:26Z,totals,2026-09-06T18:06:26Z,Over,-110,55.5,20260906180641293972
NCAAF,americanfootball_ncaaf,61700ad2942d0c633b9c6cd402964356,2026-09-12T19:30:00Z,UAB Blazers,UL Monroe Warhawks,fanduel,FanDuel,2026-09-06T18:06:26Z,totals,2026-09-06T18:06:26Z,Under,-110,55.5,20260906180641293972
NCAAF,americanfootball_ncaaf,61700ad2942d0c633b9c6cd402964356,2026-09-12T19:30:00Z,UAB Blazers,UL Monroe Warhawks,draftkings,DraftKings,2026-09-06T18:05:37Z,h2h,2026-09-06T18:05:37Z,UAB Blazers,-425,,20260906180641293972
NCAAF,americanfootball_ncaaf,61700ad2942d0c633b9c6cd402964356,2026-09-12T19:30:00Z,UAB Blazers,UL Monroe Warhawks,draftkings,DraftKings,2026-09-06T18:05:37Z,h2h,2026-09-06T18:05:37Z,UL Monroe Warhawks,330,,20260906180641293972
NCAAF,americanfootball_ncaaf,61700ad2942d0c633b9c6cd402964356,2026-09-12T19:30:00Z,UAB Blazers,UL Monroe Warhawks,draftkings,DraftKings,2026-09-06T18:05:37Z,spreads,2026-09-06T18:05:37Z,UAB Blazers,-112,-10.0,20260906180641293972
NCAAF,americanfootball_ncaaf,61700ad2942d0c633b9c6cd402964356,2026-09-12T19:30:00Z,UAB Blazers,UL Monroe Warhawks,draftkings,DraftKings,2026-09-06T18:05:37Z,spreads,2026-09-06T18:05:37Z,UL Monroe Warhawks,-108,10.0,20260906180641293972
NCAAF,americanfootball_ncaaf,61700ad2942d0c633b9c6cd402964356,2026-09-12T19:30:00Z,UAB Blazers,UL Monroe Warhawks,draftkings,DraftKings,2026-09-06T18:05:37Z,totals,2026-09-06T18:05:37Z,Over,-112,56.5,20260906180641293972
NCAAF,americanfootball_ncaaf,61700ad2942d0c633b9c6cd402964356,2026-09-12T19:30:00Z,UAB Blazers,UL Monroe Warhawks,draftkings,DraftKings,2026-09-06T18:05:37Z,totals,2026-09-06T18:05:37Z,Under,-108,56.5,20260906180641293972
NCAAF,americanfootball_ncaaf,61700ad2942d0c633b9c6cd402964356,2026-09-12T19:30:00Z,UAB Blazers,UL Monroe Warhawks,lowvig,LowVig.ag,2026-09-06T18:06:01Z,spreads,2026-09-06T18:06:01Z,UAB Blazers,-101,-10.5,20260906180641293972
NCAAF,americanfootball_ncaaf,61700ad2942d0c633b9c6cd402964356,2026-09-12T19:30:00Z,UAB Blazers,UL Monroe Warhawks,lowvig,LowVig.ag,2026-09-06T18:06:01Z,spreads,2026-09-06T18:06:01Z,UL Monroe Warhawks,-111,10.5,20260906180641293972
NCAAF,americanfootball_ncaaf,61700ad2942d0c633b9c6cd402964356,2026-09-12T19:30:00Z,UAB Blazers,UL Monroe Warhawks,betonlineag,BetOnline.ag,2026-09-06T18:06:00Z,spreads,2026-09-06T18:06:00Z,UAB Blazers,-105,-10.5,20260906180641293972
NCAAF,americanfootball_ncaaf,61700ad2942d0c633b9c6cd402964356,2026-09-12T19:30:00Z,UAB Blazers,UL Monroe Warhawks,betonlineag,BetOnline.ag,2026-09-06T18:06:00Z,spreads,2026-09-06T18:06:00Z,UL Monroe Warhawks,-115,10.5,20260906180641293972
NCAAF,americanfootball_ncaaf,61700ad2942d0c633b9c6cd402964356,2026-09-12T19:30:00Z,UAB Blazers,UL Monroe Warhawks,betmgm,BetMGM,2026-09-06T18:05:38Z,h2h,2026-09-06T18:05:38Z,UAB Blazers,-425,,20260906180641293972
NCAAF,americanfootball_ncaaf,61700ad2942d0c633b9c6cd402964356,2026-09-12T19:30:00Z,UAB Blazers,UL Monroe Warhawks,betmgm,BetMGM,2026-09-06T18:05:38Z,h2h,2026-09-06T18:05:38Z,UL Monroe Warhawks,333,,20260906180641293972
NCAAF,americanfootball_ncaaf,61700ad2942d0c633b9c6cd402964356,2026-09-12T19:30:00Z,UAB Blazers,UL Monroe Warhawks,betmgm,BetMGM,2026-09-06T18:05:38Z,spreads,2026-09-06T18:05:38Z,UAB Blazers,-112,-10.0,20260906180641293972
NCAAF,americanfootball_ncaaf,61700ad2942d0c633b9c6cd402964356,2026-09-12T19:30:00Z,UAB Blazers,UL Monroe Warhawks,betmgm,BetMGM,2026-09-06T18:05:38Z,spreads,2026-09-06T18:05:38Z,UL Monroe Warhawks,-108,10.0,20260906180641293972
NCAAF,americanfootball_ncaaf,61700ad2942d0c633b9c6cd402964356,2026-09-12T19:30:00Z,UAB Blazers,UL Monroe Warhawks,betmgm,BetMGM,2026-09-06T18:05:38Z,totals,2026-09-06T18:05:38Z,Over,-112,55.5,20260906180641293972
NCAAF,americanfootball_ncaaf,61700ad2942d0c633b9c6cd402964356,2026-09-12T19:30:00Z,UAB Blazers,UL Monroe Warhawks,betmgm,BetMGM,2026-09-06T18:05:38Z,totals,2026-09-06T18:05:38Z,Under,-105,55.5,20260906180641293972
NCAAF,americanfootball_ncaaf,2186fba5726dbd7fee2ce72477bdaa2b,2026-09-12T19:30:00Z,Washington Huskies,Utah State Aggies,fanduel,FanDuel,2026-09-06T18:06:26Z,h2h,2026-09-06T18:06:26Z,Utah State Aggies,1600,,20260906180641293972
NCAAF,americanfootball_ncaaf,2186fba5726dbd7fee2ce72477bdaa2b,2026-09-12T19:30:00Z,Washington Huskies,Utah State Aggies,fanduel,FanDuel,2026-09-06T18:06:26Z,h2h,2026-09-06T18:06:26Z,Washington Huskies,-4500,,20260906180641293972
NCAAF,americanfootball_ncaaf,2186fba5726dbd7fee2ce72477bdaa2b,2026-09-12T19:30:00Z,Washington Huskies,Utah State Aggies,fanduel,FanDuel,2026-09-06T18:06:26Z,spreads,2026-09-06T18:06:26Z,Utah State Aggies,-106,26.5,20260906180641293972
NCAAF,americanfootball_ncaaf,2186fba5726dbd7fee2ce72477bdaa2b,2026-09-12T19:30:00Z,Washington Huskies,Utah State Aggies,fanduel,FanDuel,2026-09-06T18:06:26Z,spreads,2026-09-06T18:06:26Z,Washington Huskies,-114,-26.5,20260906180641293972
NCAAF,americanfootball_ncaaf,2186fba5726dbd7fee2ce72477bdaa2b,2026-09-12T19:30:00Z,Washington Huskies,Utah State Aggies,fanduel,FanDuel,2026-09-06T18:06:26Z,totals,2026-09-06T18:06:26Z,Over,-110,56.5,20260906180641293972
NCAAF,americanfootball_ncaaf,2186fba5726dbd7fee2ce72477bdaa2b,2026-09-12T19:30:00Z,Washington Huskies,Utah State Aggies,fanduel,FanDuel,2026-09-06T18:06:26Z,totals,2026-09-06T18:06:26Z,Under,-110,56.5,20260906180641293972
NCAAF,americanfootball_ncaaf,2186fba5726dbd7fee2ce72477bdaa2b,2026-09-12T19:30:00Z,Washington Huskies,Utah State Aggies,draftkings,DraftKings,2026-09-06T18:05:37Z,h2h,2026-09-06T18:05:37Z,Utah State Aggies,1800,,20260906180641293972
NCAAF,americanfootball_ncaaf,2186fba5726dbd7fee2ce72477bdaa2b,2026-09-12T19:30:00Z,Washington Huskies,Utah State Aggies,draftkings,DraftKings,2026-09-06T18:05:37Z,h2h,2026-09-06T18:05:37Z,Washington Huskies,-5000,,20260906180641293972
NCAAF,americanfootball_ncaaf,2186fba5726dbd7fee2ce72477bdaa2b,2026-09-12T19:30:00Z,Washington Huskies,Utah State Aggies,draftkings,DraftKings,2026-09-06T18:05:37Z,spreads,2026-09-06T18:05:37Z,Utah State Aggies,-108,27.5,20260906180641293972
NCAAF,americanfootball_ncaaf,2186fba5726dbd7fee2ce72477bdaa2b,2026-09-12T19:30:00Z,Washington Huskies,Utah State Aggies,draftkings,DraftKings,2026-09-06T18:05:37Z,spreads,2026-09-06T18:05:37Z,Washington Huskies,-112,-27.5,20260906180641293972
NCAAF,americanfootball_ncaaf,2186fba5726dbd7fee2ce72477bdaa2b,2026-09-12T19:30:00Z,Washington Huskies,Utah State Aggies,draftkings,DraftKings,2026-09-06T18:05:37Z,totals,2026-09-06T18:05:37Z,Over,-112,56.5,20260906180641293972
NCAAF,americanfootball_ncaaf,2186fba5726dbd7fee2ce72477bdaa2b,2026-09-12T19:30:00Z,Washington Huskies,Utah State Aggies,draftkings,DraftKings,2026-09-06T18:05:37Z,totals,2026-09-06T18:05:37Z,Under,-108,56.5,20260906180641293972
NCAAF,americanfootball_ncaaf,2186fba5726dbd7fee2ce72477bdaa2b,2026-09-12T19:30:00Z,Washington Huskies,Utah State Aggies,betonlineag,BetOnline.ag,2026-09-06T18:06:00Z,spreads,2026-09-06T18:06:00Z,Utah State Aggies,-110,27.0,20260906180641293972
NCAAF,americanfootball_ncaaf,2186fba5726dbd7fee2ce72477bdaa2b,2026-09-12T19:30:00Z,Washington Huskies,Utah State Aggies,betonlineag,BetOnline.ag,2026-09-06T18:06:00Z,spreads,2026-09-06T18:06:00Z,Washington Huskies,-110,-27.0,20260906180641293972
NCAAF,americanfootball_ncaaf,2186fba5726dbd7fee2ce72477bdaa2b,2026-09-12T19:30:00Z,Washington Huskies,Utah State Aggies,lowvig,LowVig.ag,2026-09-06T18:06:01Z,spreads,2026-09-06T18:06:01Z,Utah State Aggies,-106,27.0,20260906180641293972
NCAAF,americanfootball_ncaaf,2186fba5726dbd7fee2ce72477bdaa2b,2026-09-12T19:30:00Z,Washington Huskies,Utah State Aggies,lowvig,LowVig.ag,2026-09-06T18:06:01Z,spreads,2026-09-06T18:06:01Z,Washington Huskies,-106,-27.0,20260906180641293972
NCAAF,americanfootball_ncaaf,50b6e6aec0bd3f2fcb9dc18c113ddd12,2026-09-12T19:45:00Z,North Texas Mean Green,UNLV Rebels,fanduel,FanDuel,2026-09-06T18:06:26Z,h2h,2026-09-06T18:06:26Z,North Texas Mean Green,176,,20260906180641293972
NCAAF,americanfootball_ncaaf,50b6e6aec0bd3f2fcb9dc18c113ddd12,2026-09-12T19:45:00Z,North Texas Mean Green,UNLV Rebels,fanduel,FanDuel,2026-09-06T18:06:26Z,h2h,2026-09-06T18:06:26Z,UNLV Rebels,-210,,20260906180641293972
NCAAF,americanfootball_ncaaf,50b6e6aec0bd3f2fcb9dc18c113ddd12,2026-09-12T19:45:00Z,North Texas Mean Green,UNLV Rebels,fanduel,FanDuel,2026-09-06T18:06:26Z,spreads,2026-09-06T18:06:26Z,North Texas Mean Green,-115,6.5,20260906180641293972
NCAAF,americanfootball_ncaaf,50b6e6aec0bd3f2fcb9dc18c113ddd12,2026-09-12T19:45:00Z,North Texas Mean Green,UNLV Rebels,fanduel,FanDuel,2026-09-06T18:06:26Z,spreads,2026-09-06T18:06:26Z,UNLV Rebels,-105,-6.5,20260906180641293972
NCAAF,americanfootball_ncaaf,50b6e6aec0bd3f2fcb9dc18c113ddd12,2026-09-12T19:45:00Z,North Texas Mean Green,UNLV Rebels,fanduel,FanDuel,2026-09-06T18:06:26Z,totals,2026-09-06T18:06:26Z,Over,-110,57.5,20260906180641293972
NCAAF,americanfootball_ncaaf,50b6e6aec0bd3f2fcb9dc18c113ddd12,2026-09-12T19:45:00Z,North Texas Mean Green,UNLV Rebels,fanduel,FanDuel,2026-09-06T18:06:26Z,totals,2026-09-06T18:06:26Z,Under,-110,57.5,20260906180641293972
NCAAF,americanfootball_ncaaf,50b6e6aec0bd3f2fcb9dc18c113ddd12,2026-09-12T19:45:00Z,North Texas Mean Green,UNLV Rebels,draftkings,DraftKings,2026-09-06T18:05:37Z,h2h,2026-09-06T18:05:37Z,North Texas Mean Green,170,,20260906180641293972
NCAAF,americanfootball_ncaaf,50b6e6aec0bd3f2fcb9dc18c113ddd12,2026-09-12T19:45:00Z,North Texas Mean Green,UNLV Rebels,draftkings,DraftKings,2026-09-06T18:05:37Z,h2h,2026-09-06T18:05:37Z,UNLV Rebels,-205,,20260906180641293972
NCAAF,americanfootball_ncaaf,50b6e6aec0bd3f2fcb9dc18c113ddd12,2026-09-12T19:45:00Z,North Texas Mean Green,UNLV Rebels,draftkings,DraftKings,2026-09-06T18:05:37Z,spreads,2026-09-06T18:05:37Z,North Texas Mean Green,-110,5.5,20260906180641293972
NCAAF,americanfootball_ncaaf,50b6e6aec0bd3f2fcb9dc18c113ddd12,2026-09-12T19:45:00Z,North Texas Mean Green,UNLV Rebels,draftkings,DraftKings,2026-09-06T18:05:37Z,spreads,2026-09-06T18:05:37Z,UNLV Rebels,-110,-5.5,20260906180641293972
NCAAF,americanfootball_ncaaf,50b6e6aec0bd3f2fcb9dc18c113ddd12,2026-09-12T19:45:00Z,North Texas Mean Green,UNLV Rebels,draftkings,DraftKings,2026-09-06T18:05:37Z,totals,2026-09-06T18:05:37Z,Over,-108,58.5,20260906180641293972
NCAAF,americanfootball_ncaaf,50b6e6aec0bd3f2fcb9dc18c113ddd12,2026-09-12T19:45:00Z,North Texas Mean Green,UNLV Rebels,draftkings,DraftKings,2026-09-06T18:05:37Z,totals,2026-09-06T18:05:37Z,Under,-112,58.5,20260906180641293972
NCAAF,americanfootball_ncaaf,50b6e6aec0bd3f2fcb9dc18c113ddd12,2026-09-12T19:45:00Z,North Texas Mean Green,UNLV Rebels,betonlineag,BetOnline.ag,2026-09-06T18:06:00Z,spreads,2026-09-06T18:06:00Z,North Texas Mean Green,-110,5.5,20260906180641293972
NCAAF,americanfootball_ncaaf,50b6e6aec0bd3f2fcb9dc18c113ddd12,2026-09-12T19:45:00Z,North Texas Mean Green,UNLV Rebels,betonlineag,BetOnline.ag,2026-09-06T18:06:00Z,spreads,2026-09-06T18:06:00Z,UNLV Rebels,-110,-5.5,20260906180641293972
NCAAF,americanfootball_ncaaf,50b6e6aec0bd3f2fcb9dc18c113ddd12,2026-09-12T19:45:00Z,North Texas Mean Green,UNLV Rebels,lowvig,LowVig.ag,2026-09-06T18:06:01Z,spreads,2026-09-06T18:06:01Z,North Texas Mean Green,-106,5.5,20260906180641293972
NCAAF,americanfootball_ncaaf,50b6e6aec0bd3f2fcb9dc18c113ddd12,2026-09-12T19:45:00Z,North Texas Mean Green,UNLV Rebels,lowvig,LowVig.ag,2026-09-06T18:06:01Z,spreads,2026-09-06T18:06:01Z,UNLV Rebels,-106,-5.5,20260906180641293972
NCAAF,americanfootball_ncaaf,50b6e6aec0bd3f2fcb9dc18c113ddd12,2026-09-12T19:45:00Z,North Texas Mean Green,UNLV Rebels,betmgm,BetMGM,2026-09-06T18:05:38Z,h2h,2026-09-06T18:05:38Z,North Texas Mean Green,170,,20260906180641293972
NCAAF,americanfootball_ncaaf,50b6e6aec0bd3f2fcb9dc18c113ddd12,2026-09-12T19:45:00Z,North Texas Mean Green,UNLV Rebels,betmgm,BetMGM,2026-09-06T18:05:38Z,h2h,2026-09-06T18:05:38Z,UNLV Rebels,-210,,20260906180641293972
NCAAF,americanfootball_ncaaf,50b6e6aec0bd3f2fcb9dc18c113ddd12,2026-09-12T19:45:00Z,North Texas Mean Green,UNLV Rebels,betmgm,BetMGM,2026-09-06T18:05:38Z,spreads,2026-09-06T18:05:38Z,North Texas Mean Green,-110,6.0,20260906180641293972
NCAAF,americanfootball_ncaaf,50b6e6aec0bd3f2fcb9dc18c113ddd12,2026-09-12T19:45:00Z,North Texas Mean Green,UNLV Rebels,betmgm,BetMGM,2026-09-06T18:05:38Z,spreads,2026-09-06T18:05:38Z,UNLV Rebels,-108,-6.0,20260906180641293972
NCAAF,americanfootball_ncaaf,50b6e6aec0bd3f2fcb9dc18c113ddd12,2026-09-12T19:45:00Z,North Texas Mean Green,UNLV Rebels,betmgm,BetMGM,2026-09-06T18:05:38Z,totals,2026-09-06T18:05:38Z,Over,-112,57.5,20260906180641293972
NCAAF,americanfootball_ncaaf,50b6e6aec0bd3f2fcb9dc18c113ddd12,2026-09-12T19:45:00Z,North Texas Mean Green,UNLV Rebels,betmgm,BetMGM,2026-09-06T18:05:38Z,totals,2026-09-06T18:05:38Z,Under,-105,57.5,20260906180641293972
NCAAF,americanfootball_ncaaf,50b6e6aec0bd3f2fcb9dc18c113ddd12,2026-09-12T19:45:00Z,North Texas Mean Green,UNLV Rebels,betrivers,BetRivers,2026-09-06T18:06:25Z,h2h,2026-09-06T18:06:25Z,North Texas Mean Green,175,,20260906180641293972
NCAAF,americanfootball_ncaaf,50b6e6aec0bd3f2fcb9dc18c113ddd12,2026-09-12T19:45:00Z,North Texas Mean Green,UNLV Rebels,betrivers,BetRivers,2026-09-06T18:06:25Z,h2h,2026-09-06T18:06:25Z,UNLV Rebels,-225,,20260906180641293972
NCAAF,americanfootball_ncaaf,50b6e6aec0bd3f2fcb9dc18c113ddd12,2026-09-12T19:45:00Z,North Texas Mean Green,UNLV Rebels,betrivers,BetRivers,2026-09-06T18:06:25Z,spreads,2026-09-06T18:06:25Z,North Texas Mean Green,-113,6.0,20260906180641293972
NCAAF,americanfootball_ncaaf,50b6e6aec0bd3f2fcb9dc18c113ddd12,2026-09-12T19:45:00Z,North Texas Mean Green,UNLV Rebels,betrivers,BetRivers,2026-09-06T18:06:25Z,spreads,2026-09-06T18:06:25Z,UNLV Rebels,-110,-6.0,20260906180641293972
NCAAF,americanfootball_ncaaf,50b6e6aec0bd3f2fcb9dc18c113ddd12,2026-09-12T19:45:00Z,North Texas Mean Green,UNLV Rebels,betrivers,BetRivers,2026-09-06T18:06:25Z,totals,2026-09-06T18:06:25Z,Over,-109,58.0,20260906180641293972
NCAAF,americanfootball_ncaaf,50b6e6aec0bd3f2fcb9dc18c113ddd12,2026-09-12T19:45:00Z,North Texas Mean Green,UNLV Rebels,betrivers,BetRivers,2026-09-06T18:06:25Z,totals,2026-09-06T18:06:25Z,Under,-114,58.0,20260906180641293972
NCAAF,americanfootball_ncaaf,04d0c72553f17ebc22509fb1b5926600,2026-09-12T20:15:00Z,Vanderbilt Commodores,Delaware Blue Hens,fanduel,FanDuel,2026-09-06T18:06:26Z,h2h,2026-09-06T18:06:26Z,Delaware Blue Hens,800,,20260906180641293972
NCAAF,americanfootball_ncaaf,04d0c72553f17ebc22509fb1b5926600,2026-09-12T20:15:00Z,Vanderbilt Commodores,Delaware Blue Hens,fanduel,FanDuel,2026-09-06T18:06:26Z,h2h,2026-09-06T18:06:26Z,Vanderbilt Commodores,-1400,,20260906180641293972
NCAAF,americanfootball_ncaaf,04d0c72553f17ebc22509fb1b5926600,2026-09-12T20:15:00Z,Vanderbilt Commodores,Delaware Blue Hens,fanduel,FanDuel,2026-09-06T18:06:26Z,spreads,2026-09-06T18:06:26Z,Delaware Blue Hens,-110,19.5,20260906180641293972
NCAAF,americanfootball_ncaaf,04d0c72553f17ebc22509fb1b5926600,2026-09-12T20:15:00Z,Vanderbilt Commodores,Delaware Blue Hens,fanduel,FanDuel,2026-09-06T18:06:26Z,spreads,2026-09-06T18:06:26Z,Vanderbilt Commodores,-110,-19.5,20260906180641293972
NCAAF,americanfootball_ncaaf,04d0c72553f17ebc22509fb1b5926600,2026-09-12T20:15:00Z,Vanderbilt Commodores,Delaware Blue Hens,fanduel,FanDuel,2026-09-06T18:06:26Z,totals,2026-09-06T18:06:26Z,Over,-110,53.5,20260906180641293972
NCAAF,americanfootball_ncaaf,04d0c72553f17ebc22509fb1b5926600,2026-09-12T20:15:00Z,Vanderbilt Commodores,Delaware Blue Hens,fanduel,FanDuel,2026-09-06T18:06:26Z,totals,2026-09-06T18:06:26Z,Under,-110,53.5,20260906180641293972
NCAAF,americanfootball_ncaaf,04d0c72553f17ebc22509fb1b5926600,2026-09-12T20:15:00Z,Vanderbilt Commodores,Delaware Blue Hens,draftkings,DraftKings,2026-09-06T18:05:37Z,h2h,2026-09-06T18:05:37Z,Delaware Blue Hens,800,,20260906180641293972
NCAAF,americanfootball_ncaaf,04d0c72553f17ebc22509fb1b5926600,2026-09-12T20:15:00Z,Vanderbilt Commodores,Delaware Blue Hens,draftkings,DraftKings,2026-09-06T18:05:37Z,h2h,2026-09-06T18:05:37Z,Vanderbilt Commodores,-1350,,20260906180641293972
NCAAF,americanfootball_ncaaf,04d0c72553f17ebc22509fb1b5926600,2026-09-12T20:15:00Z,Vanderbilt Commodores,Delaware Blue Hens,draftkings,DraftKings,2026-09-06T18:05:37Z,spreads,2026-09-06T18:05:37Z,Delaware Blue Hens,-112,20.5,20260906180641293972
NCAAF,americanfootball_ncaaf,04d0c72553f17ebc22509fb1b5926600,2026-09-12T20:15:00Z,Vanderbilt Commodores,Delaware Blue Hens,draftkings,DraftKings,2026-09-06T18:05:37Z,spreads,2026-09-06T18:05:37Z,Vanderbilt Commodores,-108,-20.5,20260906180641293972
NCAAF,americanfootball_ncaaf,04d0c72553f17ebc22509fb1b5926600,2026-09-12T20:15:00Z,Vanderbilt Commodores,Delaware Blue Hens,draftkings,DraftKings,2026-09-06T18:05:37Z,totals,2026-09-06T18:05:37Z,Over,-112,54.5,20260906180641293972
NCAAF,americanfootball_ncaaf,04d0c72553f17ebc22509fb1b5926600,2026-09-12T20:15:00Z,Vanderbilt Commodores,Delaware Blue Hens,draftkings,DraftKings,2026-09-06T18:05:37Z,totals,2026-09-06T18:05:37Z,Under,-108,54.5,20260906180641293972
NCAAF,americanfootball_ncaaf,04d0c72553f17ebc22509fb1b5926600,2026-09-12T20:15:00Z,Vanderbilt Commodores,Delaware Blue Hens,betonlineag,BetOnline.ag,2026-09-06T18:06:00Z,spreads,2026-09-06T18:06:00Z,Delaware Blue Hens,-115,20.5,20260906180641293972
NCAAF,americanfootball_ncaaf,04d0c72553f17ebc22509fb1b5926600,2026-09-12T20:15:00Z,Vanderbilt Commodores,Delaware Blue Hens,betonlineag,BetOnline.ag,2026-09-06T18:06:00Z,spreads,2026-09-06T18:06:00Z,Vanderbilt Commodores,-105,-20.5,20260906180641293972
NCAAF,americanfootball_ncaaf,04d0c72553f17ebc22509fb1b5926600,2026-09-12T20:15:00Z,Vanderbilt Commodores,Delaware Blue Hens,lowvig,LowVig.ag,2026-09-06T18:06:01Z,spreads,2026-09-06T18:06:01Z,Delaware Blue Hens,-111,20.5,20260906180641293972
NCAAF,americanfootball_ncaaf,04d0c72553f17ebc22509fb1b5926600,2026-09-12T20:15:00Z,Vanderbilt Commodores,Delaware Blue Hens,lowvig,LowVig.ag,2026-09-06T18:06:01Z,spreads,2026-09-06T18:06:01Z,Vanderbilt Commodores,-101,-20.5,20260906180641293972
NCAAF,americanfootball_ncaaf,04d0c72553f17ebc22509fb1b5926600,2026-09-12T20:15:00Z,Vanderbilt Commodores,Delaware Blue Hens,betmgm,BetMGM,2026-09-06T18:05:38Z,h2h,2026-09-06T18:05:38Z,Delaware Blue Hens,850,,20260906180641293972
NCAAF,americanfootball_ncaaf,04d0c72553f17ebc22509fb1b5926600,2026-09-12T20:15:00Z,Vanderbilt Commodores,Delaware Blue Hens,betmgm,BetMGM,2026-09-06T18:05:38Z,h2h,2026-09-06T18:05:38Z,Vanderbilt Commodores,-1200,,20260906180641293972
NCAAF,americanfootball_ncaaf,04d0c72553f17ebc22509fb1b5926600,2026-09-12T20:15:00Z,Vanderbilt Commodores,Delaware Blue Hens,betmgm,BetMGM,2026-09-06T18:05:38Z,spreads,2026-09-06T18:05:38Z,Delaware Blue Hens,-110,20.0,20260906180641293972
NCAAF,americanfootball_ncaaf,04d0c72553f17ebc22509fb1b5926600,2026-09-12T20:15:00Z,Vanderbilt Commodores,Delaware Blue Hens,betmgm,BetMGM,2026-09-06T18:05:38Z,spreads,2026-09-06T18:05:38Z,Vanderbilt Commodores,-108,-20.0,20260906180641293972
NCAAF,americanfootball_ncaaf,04d0c72553f17ebc22509fb1b5926600,2026-09-12T20:15:00Z,Vanderbilt Commodores,Delaware Blue Hens,betmgm,BetMGM,2026-09-06T18:05:38Z,totals,2026-09-06T18:05:38Z,Over,-112,53.5,20260906180641293972
NCAAF,americanfootball_ncaaf,04d0c72553f17ebc22509fb1b5926600,2026-09-12T20:15:00Z,Vanderbilt Commodores,Delaware Blue Hens,betmgm,BetMGM,2026-09-06T18:05:38Z,totals,2026-09-06T18:05:38Z,Under,-105,53.5,20260906180641293972
NCAAF,americanfootball_ncaaf,c46b118e570bf1fa1b2724f1fd7e4b24,2026-09-12T22:00:00Z,Boise State Broncos,Memphis Tigers,draftkings,DraftKings,2026-09-06T18:05:37Z,h2h,2026-09-06T18:05:37Z,Boise State Broncos,-325,,20260906180641293972
NCAAF,americanfootball_ncaaf,c46b118e570bf1fa1b2724f1fd7e4b24,2026-09-12T22:00:00Z,Boise State Broncos,Memphis Tigers,draftkings,DraftKings,2026-09-06T18:05:37Z,h2h,2026-09-06T18:05:37Z,Memphis Tigers,260,,20260906180641293972
NCAAF,americanfootball_ncaaf,c46b118e570bf1fa1b2724f1fd7e4b24,2026-09-12T22:00:00Z,Boise State Broncos,Memphis Tigers,draftkings,DraftKings,2026-09-06T18:05:37Z,spreads,2026-09-06T18:05:37Z,Boise State Broncos,-112,-7.5,20260906180641293972
NCAAF,americanfootball_ncaaf,c46b118e570bf1fa1b2724f1fd7e4b24,2026-09-12T22:00:00Z,Boise State Broncos,Memphis Tigers,draftkings,DraftKings,2026-09-06T18:05:37Z,spreads,2026-09-06T18:05:37Z,Memphis Tigers,-108,7.5,20260906180641293972
NCAAF,americanfootball_ncaaf,c46b118e570bf1fa1b2724f1fd7e4b24,2026-09-12T22:00:00Z,Boise State Broncos,Memphis Tigers,draftkings,DraftKings,2026-09-06T18:05:37Z,totals,2026-09-06T18:05:37Z,Over,-108,54.5,20260906180641293972
NCAAF,americanfootball_ncaaf,c46b118e570bf1fa1b2724f1fd7e4b24,2026-09-12T22:00:00Z,Boise State Broncos,Memphis Tigers,draftkings,DraftKings,2026-09-06T18:05:37Z,totals,2026-09-06T18:05:37Z,Under,-112,54.5,20260906180641293972
NCAAF,americanfootball_ncaaf,c46b118e570bf1fa1b2724f1fd7e4b24,2026-09-12T22:00:00Z,Boise State Broncos,Memphis Tigers,fanduel,FanDuel,2026-09-06T18:06:26Z,h2h,2026-09-06T18:06:26Z,Boise State Broncos,-385,,20260906180641293972
NCAAF,americanfootball_ncaaf,c46b118e570bf1fa1b2724f1fd7e4b24,2026-09-12T22:00:00Z,Boise State Broncos,Memphis Tigers,fanduel,FanDuel,2026-09-06T18:06:26Z,h2h,2026-09-06T18:06:26Z,Memphis Tigers,300,,20260906180641293972
NCAAF,americanfootball_ncaaf,c46b118e570bf1fa1b2724f1fd7e4b24,2026-09-12T22:00:00Z,Boise State Broncos,Memphis Tigers,fanduel,FanDuel,2026-09-06T18:06:26Z,spreads,2026-09-06T18:06:26Z,Boise State Broncos,-115,-8.5,20260906180641293972
NCAAF,americanfootball_ncaaf,c46b118e570bf1fa1b2724f1fd7e4b24,2026-09-12T22:00:00Z,Boise State Broncos,Memphis Tigers,fanduel,FanDuel,2026-09-06T18:06:26Z,spreads,2026-09-06T18:06:26Z,Memphis Tigers,-105,8.5,20260906180641293972
NCAAF,americanfootball_ncaaf,c46b118e570bf1fa1b2724f1fd7e4b24,2026-09-12T22:00:00Z,Boise State Broncos,Memphis Tigers,fanduel,FanDuel,2026-09-06T18:06:26Z,totals,2026-09-06T18:06:26Z,Over,-110,56.5,20260906180641293972
NCAAF,americanfootball_ncaaf,c46b118e570bf1fa1b2724f1fd7e4b24,2026-09-12T22:00:00Z,Boise State Broncos,Memphis Tigers,fanduel,FanDuel,2026-09-06T18:06:26Z,totals,2026-09-06T18:06:26Z,Under,-110,56.5,20260906180641293972
NCAAF,americanfootball_ncaaf,c46b118e570bf1fa1b2724f1fd7e4b24,2026-09-12T22:00:00Z,Boise State Broncos,Memphis Tigers,betrivers,BetRivers,2026-09-06T18:06:25Z,h2h,2026-09-06T18:06:25Z,Boise State Broncos,-360,,20260906180641293972
NCAAF,americanfootball_ncaaf,c46b118e570bf1fa1b2724f1fd7e4b24,2026-09-12T22:00:00Z,Boise State Broncos,Memphis Tigers,betrivers,BetRivers,2026-09-06T18:06:25Z,h2h,2026-09-06T18:06:25Z,Memphis Tigers,265,,20260906180641293972
NCAAF,americanfootball_ncaaf,c46b118e570bf1fa1b2724f1fd7e4b24,2026-09-12T22:00:00Z,Boise State Broncos,Memphis Tigers,betrivers,BetRivers,2026-09-06T18:06:25Z,spreads,2026-09-06T18:06:25Z,Boise State Broncos,-113,-8.0,20260906180641293972
NCAAF,americanfootball_ncaaf,c46b118e570bf1fa1b2724f1fd7e4b24,2026-09-12T22:00:00Z,Boise State Broncos,Memphis Tigers,betrivers,BetRivers,2026-09-06T18:06:25Z,spreads,2026-09-06T18:06:25Z,Memphis Tigers,-110,8.0,20260906180641293972
NCAAF,americanfootball_ncaaf,c46b118e570bf1fa1b2724f1fd7e4b24,2026-09-12T22:00:00Z,Boise State Broncos,Memphis Tigers,betrivers,BetRivers,2026-09-06T18:06:25Z,totals,2026-09-06T18:06:25Z,Over,-109,54.5,20260906180641293972
NCAAF,americanfootball_ncaaf,c46b118e570bf1fa1b2724f1fd7e4b24,2026-09-12T22:00:00Z,Boise State Broncos,Memphis Tigers,betrivers,BetRivers,2026-09-06T18:06:25Z,totals,2026-09-06T18:06:25Z,Under,-114,54.5,20260906180641293972
NCAAF,americanfootball_ncaaf,c46b118e570bf1fa1b2724f1fd7e4b24,2026-09-12T22:00:00Z,Boise State Broncos,Memphis Tigers,betonlineag,BetOnline.ag,2026-09-06T18:06:00Z,spreads,2026-09-06T18:06:00Z,Boise State Broncos,-110,-8.5,20260906180641293972
NCAAF,americanfootball_ncaaf,c46b118e570bf1fa1b2724f1fd7e4b24,2026-09-12T22:00:00Z,Boise State Broncos,Memphis Tigers,betonlineag,BetOnline.ag,2026-09-06T18:06:00Z,spreads,2026-09-06T18:06:00Z,Memphis Tigers,-110,8.5,20260906180641293972
NCAAF,americanfootball_ncaaf,c46b118e570bf1fa1b2724f1fd7e4b24,2026-09-12T22:00:00Z,Boise State Broncos,Memphis Tigers,lowvig,LowVig.ag,2026-09-06T18:06:01Z,spreads,2026-09-06T18:06:01Z,Boise State Broncos,-106,-8.5,20260906180641293972
NCAAF,americanfootball_ncaaf,c46b118e570bf1fa1b2724f1fd7e4b24,2026-09-12T22:00:00Z,Boise State Broncos,Memphis Tigers,lowvig,LowVig.ag,2026-09-06T18:06:01Z,spreads,2026-09-06T18:06:01Z,Memphis Tigers,-106,8.5,20260906180641293972
NCAAF,americanfootball_ncaaf,a2b7711390532d0014249f295a6d02b8,2026-09-12T22:00:00Z,Florida International Panthers,Buffalo Bulls,fanduel,FanDuel,2026-09-06T18:06:26Z,h2h,2026-09-06T18:06:26Z,Buffalo Bulls,330,,20260906180641293972
NCAAF,americanfootball_ncaaf,a2b7711390532d0014249f295a6d02b8,2026-09-12T22:00:00Z,Florida International Panthers,Buffalo Bulls,fanduel,FanDuel,2026-09-06T18:06:26Z,h2h,2026-09-06T18:06:26Z,Florida International Panthers,-430,,20260906180641293972
NCAAF,americanfootball_ncaaf,a2b7711390532d0014249f295a6d02b8,2026-09-12T22:00:00Z,Florida International Panthers,Buffalo Bulls,fanduel,FanDuel,2026-09-06T18:06:26Z,spreads,2026-09-06T18:06:26Z,Buffalo Bulls,-110,10.5,20260906180641293972
NCAAF,americanfootball_ncaaf,a2b7711390532d0014249f295a6d02b8,2026-09-12T22:00:00Z,Florida International Panthers,Buffalo Bulls,fanduel,FanDuel,2026-09-06T18:06:26Z,spreads,2026-09-06T18:06:26Z,Florida International Panthers,-110,-10.5,20260906180641293972
NCAAF,americanfootball_ncaaf,a2b7711390532d0014249f295a6d02b8,2026-09-12T22:00:00Z,Florida International Panthers,Buffalo Bulls,fanduel,FanDuel,2026-09-06T18:06:26Z,totals,2026-09-06T18:06:26Z,Over,-114,50.5,20260906180641293972
NCAAF,americanfootball_ncaaf,a2b7711390532d0014249f295a6d02b8,2026-09-12T22:00:00Z,Florida International Panthers,Buffalo Bulls,fanduel,FanDuel,2026-09-06T18:06:26Z,totals,2026-09-06T18:06:26Z,Under,-106,50.5,20260906180641293972
NCAAF,americanfootball_ncaaf,a2b7711390532d0014249f295a6d02b8,2026-09-12T22:00:00Z,Florida International Panthers,Buffalo Bulls,lowvig,LowVig.ag,2026-09-06T18:06:01Z,spreads,2026-09-06T18:06:01Z,Buffalo Bulls,-106,9.5,20260906180641293972
NCAAF,americanfootball_ncaaf,a2b7711390532d0014249f295a6d02b8,2026-09-12T22:00:00Z,Florida International Panthers,Buffalo Bulls,lowvig,LowVig.ag,2026-09-06T18:06:01Z,spreads,2026-09-06T18:06:01Z,Florida International Panthers,-106,-9.5,20260906180641293972
NCAAF,americanfootball_ncaaf,a2b7711390532d0014249f295a6d02b8,2026-09-12T22:00:00Z,Florida International Panthers,Buffalo Bulls,betonlineag,BetOnline.ag,2026-09-06T18:06:00Z,spreads,2026-09-06T18:06:00Z,Buffalo Bulls,-110,9.5,20260906180641293972
NCAAF,americanfootball_ncaaf,a2b7711390532d0014249f295a6d02b8,2026-09-12T22:00:00Z,Florida International Panthers,Buffalo Bulls,betonlineag,BetOnline.ag,2026-09-06T18:06:00Z,spreads,2026-09-06T18:06:00Z,Florida International Panthers,-110,-9.5,20260906180641293972
NCAAF,americanfootball_ncaaf,a2b7711390532d0014249f295a6d02b8,2026-09-12T22:00:00Z,Florida International Panthers,Buffalo Bulls,draftkings,DraftKings,2026-09-06T18:05:37Z,h2h,2026-09-06T18:05:37Z,Buffalo Bulls,310,,20260906180641293972
NCAAF,americanfootball_ncaaf,a2b7711390532d0014249f295a6d02b8,2026-09-12T22:00:00Z,Florida International Panthers,Buffalo Bulls,draftkings,DraftKings,2026-09-06T18:05:37Z,h2h,2026-09-06T18:05:37Z,Florida International Panthers,-395,,20260906180641293972
NCAAF,americanfootball_ncaaf,a2b7711390532d0014249f295a6d02b8,2026-09-12T22:00:00Z,Florida International Panthers,Buffalo Bulls,draftkings,DraftKings,2026-09-06T18:05:37Z,spreads,2026-09-06T18:05:37Z,Buffalo Bulls,-110,10.5,20260906180641293972
NCAAF,americanfootball_ncaaf,a2b7711390532d0014249f295a6d02b8,2026-09-12T22:00:00Z,Florida International Panthers,Buffalo Bulls,draftkings,DraftKings,2026-09-06T18:05:37Z,spreads,2026-09-06T18:05:37Z,Florida International Panthers,-110,-10.5,20260906180641293972
NCAAF,americanfootball_ncaaf,a2b7711390532d0014249f295a6d02b8,2026-09-12T22:00:00Z,Florida International Panthers,Buffalo Bulls,draftkings,DraftKings,2026-09-06T18:05:37Z,totals,2026-09-06T18:05:37Z,Over,-112,51.5,20260906180641293972
NCAAF,americanfootball_ncaaf,a2b7711390532d0014249f295a6d02b8,2026-09-12T22:00:00Z,Florida International Panthers,Buffalo Bulls,draftkings,DraftKings,2026-09-06T18:05:37Z,totals,2026-09-06T18:05:37Z,Under,-108,51.5,20260906180641293972
NCAAF,americanfootball_ncaaf,a2b7711390532d0014249f295a6d02b8,2026-09-12T22:00:00Z,Florida International Panthers,Buffalo Bulls,betmgm,BetMGM,2026-09-06T18:05:38Z,h2h,2026-09-06T18:05:38Z,Buffalo Bulls,320,,20260906180641293972
NCAAF,americanfootball_ncaaf,a2b7711390532d0014249f295a6d02b8,2026-09-12T22:00:00Z,Florida International Panthers,Buffalo Bulls,betmgm,BetMGM,2026-09-06T18:05:38Z,h2h,2026-09-06T18:05:38Z,Florida International Panthers,-425,,20260906180641293972
NCAAF,americanfootball_ncaaf,a2b7711390532d0014249f295a6d02b8,2026-09-12T22:00:00Z,Florida International Panthers,Buffalo Bulls,betmgm,BetMGM,2026-09-06T18:05:38Z,spreads,2026-09-06T18:05:38Z,Buffalo Bulls,-105,10.0,20260906180641293972
NCAAF,americanfootball_ncaaf,a2b7711390532d0014249f295a6d02b8,2026-09-12T22:00:00Z,Florida International Panthers,Buffalo Bulls,betmgm,BetMGM,2026-09-06T18:05:38Z,spreads,2026-09-06T18:05:38Z,Florida International Panthers,-112,-10.0,20260906180641293972
NCAAF,americanfootball_ncaaf,a2b7711390532d0014249f295a6d02b8,2026-09-12T22:00:00Z,Florida International Panthers,Buffalo Bulls,betmgm,BetMGM,2026-09-06T18:05:38Z,totals,2026-09-06T18:05:38Z,Over,-110,51.5,20260906180641293972
NCAAF,americanfootball_ncaaf,a2b7711390532d0014249f295a6d02b8,2026-09-12T22:00:00Z,Florida International Panthers,Buffalo Bulls,betmgm,BetMGM,2026-09-06T18:05:38Z,totals,2026-09-06T18:05:38Z,Under,-108,51.5,20260906180641293972
NCAAF,americanfootball_ncaaf,3cff947fac86cab5c41d4f7c0e9393ce,2026-09-12T22:00:00Z,Ohio Bobcats,Jacksonville State Gamecocks,fanduel,FanDuel,2026-09-06T18:06:27Z,h2h,2026-09-06T18:06:26Z,Jacksonville State Gamecocks,104,,20260906180641293972
NCAAF,americanfootball_ncaaf,3cff947fac86cab5c41d4f7c0e9393ce,2026-09-12T22:00:00Z,Ohio Bobcats,Jacksonville State Gamecocks,fanduel,FanDuel,2026-09-06T18:06:27Z,h2h,2026-09-06T18:06:26Z,Ohio Bobcats,-125,,20260906180641293972
NCAAF,americanfootball_ncaaf,3cff947fac86cab5c41d4f7c0e9393ce,2026-09-12T22:00:00Z,Ohio Bobcats,Jacksonville State Gamecocks,fanduel,FanDuel,2026-09-06T18:06:27Z,spreads,2026-09-06T18:06:26Z,Jacksonville State Gamecocks,-106,1.5,20260906180641293972
NCAAF,americanfootball_ncaaf,3cff947fac86cab5c41d4f7c0e9393ce,2026-09-12T22:00:00Z,Ohio Bobcats,Jacksonville State Gamecocks,fanduel,FanDuel,2026-09-06T18:06:27Z,spreads,2026-09-06T18:06:26Z,Ohio Bobcats,-114,-1.5,20260906180641293972
NCAAF,americanfootball_ncaaf,3cff947fac86cab5c41d4f7c0e9393ce,2026-09-12T22:00:00Z,Ohio Bobcats,Jacksonville State Gamecocks,fanduel,FanDuel,2026-09-06T18:06:27Z,totals,2026-09-06T18:06:26Z,Over,-110,52.5,20260906180641293972
NCAAF,americanfootball_ncaaf,3cff947fac86cab5c41d4f7c0e9393ce,2026-09-12T22:00:00Z,Ohio Bobcats,Jacksonville State Gamecocks,fanduel,FanDuel,2026-09-06T18:06:27Z,totals,2026-09-06T18:06:26Z,Under,-110,52.5,20260906180641293972
NCAAF,americanfootball_ncaaf,3cff947fac86cab5c41d4f7c0e9393ce,2026-09-12T22:00:00Z,Ohio Bobcats,Jacksonville State Gamecocks,draftkings,DraftKings,2026-09-06T18:05:37Z,h2h,2026-09-06T18:05:37Z,Jacksonville State Gamecocks,-102,,20260906180641293972
NCAAF,americanfootball_ncaaf,3cff947fac86cab5c41d4f7c0e9393ce,2026-09-12T22:00:00Z,Ohio Bobcats,Jacksonville State Gamecocks,draftkings,DraftKings,2026-09-06T18:05:37Z,h2h,2026-09-06T18:05:37Z,Ohio Bobcats,-118,,20260906180641293972
NCAAF,americanfootball_ncaaf,3cff947fac86cab5c41d4f7c0e9393ce,2026-09-12T22:00:00Z,Ohio Bobcats,Jacksonville State Gamecocks,draftkings,DraftKings,2026-09-06T18:05:37Z,spreads,2026-09-06T18:05:37Z,Jacksonville State Gamecocks,-110,1.5,20260906180641293972
NCAAF,americanfootball_ncaaf,3cff947fac86cab5c41d4f7c0e9393ce,2026-09-12T22:00:00Z,Ohio Bobcats,Jacksonville State Gamecocks,draftkings,DraftKings,2026-09-06T18:05:37Z,spreads,2026-09-06T18:05:37Z,Ohio Bobcats,-110,-1.5,20260906180641293972
NCAAF,americanfootball_ncaaf,3cff947fac86cab5c41d4f7c0e9393ce,2026-09-12T22:00:00Z,Ohio Bobcats,Jacksonville State Gamecocks,draftkings,DraftKings,2026-09-06T18:05:37Z,totals,2026-09-06T18:05:37Z,Over,-108,50.5,20260906180641293972
NCAAF,americanfootball_ncaaf,3cff947fac86cab5c41d4f7c0e9393ce,2026-09-12T22:00:00Z,Ohio Bobcats,Jacksonville State Gamecocks,draftkings,DraftKings,2026-09-06T18:05:37Z,totals,2026-09-06T18:05:37Z,Under,-112,50.5,20260906180641293972
NCAAF,americanfootball_ncaaf,3cff947fac86cab5c41d4f7c0e9393ce,2026-09-12T22:00:00Z,Ohio Bobcats,Jacksonville State Gamecocks,lowvig,LowVig.ag,2026-09-06T18:06:01Z,spreads,2026-09-06T18:06:01Z,Jacksonville State Gamecocks,-106,2.0,20260906180641293972
NCAAF,americanfootball_ncaaf,3cff947fac86cab5c41d4f7c0e9393ce,2026-09-12T22:00:00Z,Ohio Bobcats,Jacksonville State Gamecocks,lowvig,LowVig.ag,2026-09-06T18:06:01Z,spreads,2026-09-06T18:06:01Z,Ohio Bobcats,-106,-2.0,20260906180641293972
NCAAF,americanfootball_ncaaf,3cff947fac86cab5c41d4f7c0e9393ce,2026-09-12T22:00:00Z,Ohio Bobcats,Jacksonville State Gamecocks,betonlineag,BetOnline.ag,2026-09-06T18:06:00Z,spreads,2026-09-06T18:06:00Z,Jacksonville State Gamecocks,-110,2.0,20260906180641293972
NCAAF,americanfootball_ncaaf,3cff947fac86cab5c41d4f7c0e9393ce,2026-09-12T22:00:00Z,Ohio Bobcats,Jacksonville State Gamecocks,betonlineag,BetOnline.ag,2026-09-06T18:06:00Z,spreads,2026-09-06T18:06:00Z,Ohio Bobcats,-110,-2.0,20260906180641293972
NCAAF,americanfootball_ncaaf,5cc49501cef64287d2f6b5afe9526a16,2026-09-12T23:00:00Z,Nebraska Cornhuskers,Bowling Green Falcons,fanduel,FanDuel,2026-09-06T18:06:27Z,h2h,2026-09-06T18:06:26Z,Bowling Green Falcons,2400,,20260906180641293972
NCAAF,americanfootball_ncaaf,5cc49501cef64287d2f6b5afe9526a16,2026-09-12T23:00:00Z,Nebraska Cornhuskers,Bowling Green Falcons,fanduel,FanDuel,2026-09-06T18:06:27Z,h2h,2026-09-06T18:06:26Z,Nebraska Cornhuskers,-10000,,20260906180641293972
NCAAF,americanfootball_ncaaf,5cc49501cef64287d2f6b5afe9526a16,2026-09-12T23:00:00Z,Nebraska Cornhuskers,Bowling Green Falcons,fanduel,FanDuel,2026-09-06T18:06:27Z,spreads,2026-09-06T18:06:26Z,Bowling Green Falcons,-110,28.5,20260906180641293972
NCAAF,americanfootball_ncaaf,5cc49501cef64287d2f6b5afe9526a16,2026-09-12T23:00:00Z,Nebraska Cornhuskers,Bowling Green Falcons,fanduel,FanDuel,2026-09-06T18:06:27Z,spreads,2026-09-06T18:06:26Z,Nebraska Cornhuskers,-110,-28.5,20260906180641293972
NCAAF,americanfootball_ncaaf,5cc49501cef64287d2f6b5afe9526a16,2026-09-12T23:00:00Z,Nebraska Cornhuskers,Bowling Green Falcons,fanduel,FanDuel,2026-09-06T18:06:27Z,totals,2026-09-06T18:06:26Z,Over,-110,52.5,20260906180641293972
NCAAF,americanfootball_ncaaf,5cc49501cef64287d2f6b5afe9526a16,2026-09-12T23:00:00Z,Nebraska Cornhuskers,Bowling Green Falcons,fanduel,FanDuel,2026-09-06T18:06:27Z,totals,2026-09-06T18:06:26Z,Under,-110,52.5,20260906180641293972
NCAAF,americanfootball_ncaaf,5cc49501cef64287d2f6b5afe9526a16,2026-09-12T23:00:00Z,Nebraska Cornhuskers,Bowling Green Falcons,draftkings,DraftKings,2026-09-06T18:05:37Z,h2h,2026-09-06T18:05:37Z,Bowling Green Falcons,2200,,20260906180641293972
NCAAF,americanfootball_ncaaf,5cc49501cef64287d2f6b5afe9526a16,2026-09-12T23:00:00Z,Nebraska Cornhuskers,Bowling Green Falcons,draftkings,DraftKings,2026-09-06T18:05:37Z,h2h,2026-09-06T18:05:37Z,Nebraska Cornhuskers,-8000,,20260906180641293972
NCAAF,americanfootball_ncaaf,5cc49501cef64287d2f6b5afe9526a16,2026-09-12T23:00:00Z,Nebraska Cornhuskers,Bowling Green Falcons,draftkings,DraftKings,2026-09-06T18:05:37Z,spreads,2026-09-06T18:05:37Z,Bowling Green Falcons,-112,28.5,20260906180641293972
NCAAF,americanfootball_ncaaf,5cc49501cef64287d2f6b5afe9526a16,2026-09-12T23:00:00Z,Nebraska Cornhuskers,Bowling Green Falcons,draftkings,DraftKings,2026-09-06T18:05:37Z,spreads,2026-09-06T18:05:37Z,Nebraska Cornhuskers,-108,-28.5,20260906180641293972
NCAAF,americanfootball_ncaaf,5cc49501cef64287d2f6b5afe9526a16,2026-09-12T23:00:00Z,Nebraska Cornhuskers,Bowling Green Falcons,draftkings,DraftKings,2026-09-06T18:05:37Z,totals,2026-09-06T18:05:37Z,Over,-112,51.5,20260906180641293972
NCAAF,americanfootball_ncaaf,5cc49501cef64287d2f6b5afe9526a16,2026-09-12T23:00:00Z,Nebraska Cornhuskers,Bowling Green Falcons,draftkings,DraftKings,2026-09-06T18:05:37Z,totals,2026-09-06T18:05:37Z,Under,-108,51.5,20260906180641293972
NCAAF,americanfootball_ncaaf,5cc49501cef64287d2f6b5afe9526a16,2026-09-12T23:00:00Z,Nebraska Cornhuskers,Bowling Green Falcons,betonlineag,BetOnline.ag,2026-09-06T18:06:00Z,spreads,2026-09-06T18:06:00Z,Bowling Green Falcons,-110,28.5,20260906180641293972
NCAAF,americanfootball_ncaaf,5cc49501cef64287d2f6b5afe9526a16,2026-09-12T23:00:00Z,Nebraska Cornhuskers,Bowling Green Falcons,betonlineag,BetOnline.ag,2026-09-06T18:06:00Z,spreads,2026-09-06T18:06:00Z,Nebraska Cornhuskers,-110,-28.5,20260906180641293972
NCAAF,americanfootball_ncaaf,5cc49501cef64287d2f6b5afe9526a16,2026-09-12T23:00:00Z,Nebraska Cornhuskers,Bowling Green Falcons,lowvig,LowVig.ag,2026-09-06T18:06:01Z,spreads,2026-09-06T18:06:01Z,Bowling Green Falcons,-106,28.5,20260906180641293972
NCAAF,americanfootball_ncaaf,5cc49501cef64287d2f6b5afe9526a16,2026-09-12T23:00:00Z,Nebraska Cornhuskers,Bowling Green Falcons,lowvig,LowVig.ag,2026-09-06T18:06:01Z,spreads,2026-09-06T18:06:01Z,Nebraska Cornhuskers,-106,-28.5,20260906180641293972
NCAAF,americanfootball_ncaaf,5cc49501cef64287d2f6b5afe9526a16,2026-09-12T23:00:00Z,Nebraska Cornhuskers,Bowling Green Falcons,betmgm,BetMGM,2026-09-06T18:05:38Z,h2h,2026-09-06T18:05:38Z,Bowling Green Falcons,2500,,20260906180641293972
NCAAF,americanfootball_ncaaf,5cc49501cef64287d2f6b5afe9526a16,2026-09-12T23:00:00Z,Nebraska Cornhuskers,Bowling Green Falcons,betmgm,BetMGM,2026-09-06T18:05:38Z,h2h,2026-09-06T18:05:38Z,Nebraska Cornhuskers,-10000,,20260906180641293972
NCAAF,americanfootball_ncaaf,5cc49501cef64287d2f6b5afe9526a16,2026-09-12T23:00:00Z,Nebraska Cornhuskers,Bowling Green Falcons,betmgm,BetMGM,2026-09-06T18:05:38Z,spreads,2026-09-06T18:05:38Z,Bowling Green Falcons,-110,28.5,20260906180641293972
NCAAF,americanfootball_ncaaf,5cc49501cef64287d2f6b5afe9526a16,2026-09-12T23:00:00Z,Nebraska Cornhuskers,Bowling Green Falcons,betmgm,BetMGM,2026-09-06T18:05:38Z,spreads,2026-09-06T18:05:38Z,Nebraska Cornhuskers,-108,-28.5,20260906180641293972
NCAAF,americanfootball_ncaaf,5cc49501cef64287d2f6b5afe9526a16,2026-09-12T23:00:00Z,Nebraska Cornhuskers,Bowling Green Falcons,betmgm,BetMGM,2026-09-06T18:05:38Z,totals,2026-09-06T18:05:38Z,Over,-105,52.5,20260906180641293972
NCAAF,americanfootball_ncaaf,5cc49501cef64287d2f6b5afe9526a16,2026-09-12T23:00:00Z,Nebraska Cornhuskers,Bowling Green Falcons,betmgm,BetMGM,2026-09-06T18:05:38Z,totals,2026-09-06T18:05:38Z,Under,-112,52.5,20260906180641293972
NCAAF,americanfootball_ncaaf,c9c138c45cb4d0e8a39f962795671ffb,2026-09-12T23:00:00Z,Kennesaw State Owls,Georgia State Panthers,draftkings,DraftKings,2026-09-06T18:05:37Z,h2h,2026-09-06T18:05:37Z,Georgia State Panthers,270,,20260906180641293972
NCAAF,americanfootball_ncaaf,c9c138c45cb4d0e8a39f962795671ffb,2026-09-12T23:00:00Z,Kennesaw State Owls,Georgia State Panthers,draftkings,DraftKings,2026-09-06T18:05:37Z,h2h,2026-09-06T18:05:37Z,Kennesaw State Owls,-340,,20260906180641293972
NCAAF,americanfootball_ncaaf,c9c138c45cb4d0e8a39f962795671ffb,2026-09-12T23:00:00Z,Kennesaw State Owls,Georgia State Panthers,draftkings,DraftKings,2026-09-06T18:05:37Z,spreads,2026-09-06T18:05:37Z,Georgia State Panthers,-108,9.5,20260906180641293972
NCAAF,americanfootball_ncaaf,c9c138c45cb4d0e8a39f962795671ffb,2026-09-12T23:00:00Z,Kennesaw State Owls,Georgia State Panthers,draftkings,DraftKings,2026-09-06T18:05:37Z,spreads,2026-09-06T18:05:37Z,Kennesaw State Owls,-112,-9.5,20260906180641293972
NCAAF,americanfootball_ncaaf,c9c138c45cb4d0e8a39f962795671ffb,2026-09-12T23:00:00Z,Kennesaw State Owls,Georgia State Panthers,draftkings,DraftKings,2026-09-06T18:05:37Z,totals,2026-09-06T18:05:37Z,Over,-112,50.5,20260906180641293972
NCAAF,americanfootball_ncaaf,c9c138c45cb4d0e8a39f962795671ffb,2026-09-12T23:00:00Z,Kennesaw State Owls,Georgia State Panthers,draftkings,DraftKings,2026-09-06T18:05:37Z,totals,2026-09-06T18:05:37Z,Under,-108,50.5,20260906180641293972
NCAAF,americanfootball_ncaaf,c9c138c45cb4d0e8a39f962795671ffb,2026-09-12T23:00:00Z,Kennesaw State Owls,Georgia State Panthers,betonlineag,BetOnline.ag,2026-09-06T18:06:00Z,spreads,2026-09-06T18:06:00Z,Georgia State Panthers,-110,9.5,20260906180641293972
NCAAF,americanfootball_ncaaf,c9c138c45cb4d0e8a39f962795671ffb,2026-09-12T23:00:00Z,Kennesaw State Owls,Georgia State Panthers,betonlineag,BetOnline.ag,2026-09-06T18:06:00Z,spreads,2026-09-06T18:06:00Z,Kennesaw State Owls,-110,-9.5,20260906180641293972
NCAAF,americanfootball_ncaaf,c9c138c45cb4d0e8a39f962795671ffb,2026-09-12T23:00:00Z,Kennesaw State Owls,Georgia State Panthers,lowvig,LowVig.ag,2026-09-06T18:06:01Z,spreads,2026-09-06T18:06:01Z,Georgia State Panthers,-106,9.5,20260906180641293972
NCAAF,americanfootball_ncaaf,c9c138c45cb4d0e8a39f962795671ffb,2026-09-12T23:00:00Z,Kennesaw State Owls,Georgia State Panthers,lowvig,LowVig.ag,2026-09-06T18:06:01Z,spreads,2026-09-06T18:06:01Z,Kennesaw State Owls,-106,-9.5,20260906180641293972
NCAAF,americanfootball_ncaaf,c9c138c45cb4d0e8a39f962795671ffb,2026-09-12T23:00:00Z,Kennesaw State Owls,Georgia State Panthers,betmgm,BetMGM,2026-09-06T18:05:38Z,h2h,2026-09-06T18:05:38Z,Georgia State Panthers,275,,20260906180641293972
NCAAF,americanfootball_ncaaf,c9c138c45cb4d0e8a39f962795671ffb,2026-09-12T23:00:00Z,Kennesaw State Owls,Georgia State Panthers,betmgm,BetMGM,2026-09-06T18:05:38Z,h2h,2026-09-06T18:05:38Z,Kennesaw State Owls,-350,,20260906180641293972
NCAAF,americanfootball_ncaaf,c9c138c45cb4d0e8a39f962795671ffb,2026-09-12T23:00:00Z,Kennesaw State Owls,Georgia State Panthers,betmgm,BetMGM,2026-09-06T18:05:38Z,spreads,2026-09-06T18:05:38Z,Georgia State Panthers,-105,9.5,20260906180641293972
NCAAF,americanfootball_ncaaf,c9c138c45cb4d0e8a39f962795671ffb,2026-09-12T23:00:00Z,Kennesaw State Owls,Georgia State Panthers,betmgm,BetMGM,2026-09-06T18:05:38Z,spreads,2026-09-06T18:05:38Z,Kennesaw State Owls,-112,-9.5,20260906180641293972
NCAAF,americanfootball_ncaaf,c9c138c45cb4d0e8a39f962795671ffb,2026-09-12T23:00:00Z,Kennesaw State Owls,Georgia State Panthers,betmgm,BetMGM,2026-09-06T18:05:38Z,totals,2026-09-06T18:05:38Z,Over,-110,50.5,20260906180641293972
NCAAF,americanfootball_ncaaf,c9c138c45cb4d0e8a39f962795671ffb,2026-09-12T23:00:00Z,Kennesaw State Owls,Georgia State Panthers,betmgm,BetMGM,2026-09-06T18:05:38Z,totals,2026-09-06T18:05:38Z,Under,-108,50.5,20260906180641293972
NCAAF,americanfootball_ncaaf,2fef91bee444782036d23f91abe0a5da,2026-09-12T23:00:00Z,Georgia Tech Yellow Jackets,Tennessee Volunteers,draftkings,DraftKings,2026-09-06T18:05:37Z,h2h,2026-09-06T18:05:37Z,Georgia Tech Yellow Jackets,425,,20260906180641293972
NCAAF,americanfootball_ncaaf,2fef91bee444782036d23f91abe0a5da,2026-09-12T23:00:00Z,Georgia Tech Yellow Jackets,Tennessee Volunteers,draftkings,DraftKings,2026-09-06T18:05:37Z,h2h,2026-09-06T18:05:37Z,Tennessee Volunteers,-575,,20260906180641293972
NCAAF,americanfootball_ncaaf,2fef91bee444782036d23f91abe0a5da,2026-09-12T23:00:00Z,Georgia Tech Yellow Jackets,Tennessee Volunteers,draftkings,DraftKings,2026-09-06T18:05:37Z,spreads,2026-09-06T18:05:37Z,Georgia Tech Yellow Jackets,-108,13.5,20260906180641293972
NCAAF,americanfootball_ncaaf,2fef91bee444782036d23f91abe0a5da,2026-09-12T23:00:00Z,Georgia Tech Yellow Jackets,Tennessee Volunteers,draftkings,DraftKings,2026-09-06T18:05:37Z,spreads,2026-09-06T18:05:37Z,Tennessee Volunteers,-112,-13.5,20260906180641293972
NCAAF,americanfootball_ncaaf,2fef91bee444782036d23f91abe0a5da,2026-09-12T23:00:00Z,Georgia Tech Yellow Jackets,Tennessee Volunteers,draftkings,DraftKings,2026-09-06T18:05:37Z,totals,2026-09-06T18:05:37Z,Over,-108,55.5,20260906180641293972
NCAAF,americanfootball_ncaaf,2fef91bee444782036d23f91abe0a5da,2026-09-12T23:00:00Z,Georgia Tech Yellow Jackets,Tennessee Volunteers,draftkings,DraftKings,2026-09-06T18:05:37Z,totals,2026-09-06T18:05:37Z,Under,-112,55.5,20260906180641293972
NCAAF,americanfootball_ncaaf,2fef91bee444782036d23f91abe0a5da,2026-09-12T23:00:00Z,Georgia Tech Yellow Jackets,Tennessee Volunteers,fanduel,FanDuel,2026-09-06T18:06:27Z,h2h,2026-09-06T18:06:26Z,Georgia Tech Yellow Jackets,400,,20260906180641293972
NCAAF,americanfootball_ncaaf,2fef91bee444782036d23f91abe0a5da,2026-09-12T23:00:00Z,Georgia Tech Yellow Jackets,Tennessee Volunteers,fanduel,FanDuel,2026-09-06T18:06:27Z,h2h,2026-09-06T18:06:26Z,Tennessee Volunteers,-550,,20260906180641293972
NCAAF,americanfootball_ncaaf,2fef91bee444782036d23f91abe0a5da,2026-09-12T23:00:00Z,Georgia Tech Yellow Jackets,Tennessee Volunteers,fanduel,FanDuel,2026-09-06T18:06:27Z,spreads,2026-09-06T18:06:26Z,Georgia Tech Yellow Jackets,-110,13.5,20260906180641293972
NCAAF,americanfootball_ncaaf,2fef91bee444782036d23f91abe0a5da,2026-09-12T23:00:00Z,Georgia Tech Yellow Jackets,Tennessee Volunteers,fanduel,FanDuel,2026-09-06T18:06:27Z,spreads,2026-09-06T18:06:26Z,Tennessee Volunteers,-110,-13.5,20260906180641293972
NCAAF,americanfootball_ncaaf,2fef91bee444782036d23f91abe0a5da,2026-09-12T23:00:00Z,Georgia Tech Yellow Jackets,Tennessee Volunteers,fanduel,FanDuel,2026-09-06T18:06:27Z,totals,2026-09-06T18:06:26Z,Over,-105,54.5,20260906180641293972
NCAAF,americanfootball_ncaaf,2fef91bee444782036d23f91abe0a5da,2026-09-12T23:00:00Z,Georgia Tech Yellow Jackets,Tennessee Volunteers,fanduel,FanDuel,2026-09-06T18:06:27Z,totals,2026-09-06T18:06:26Z,Under,-115,54.5,20260906180641293972
NCAAF,americanfootball_ncaaf,2fef91bee444782036d23f91abe0a5da,2026-09-12T23:00:00Z,Georgia Tech Yellow Jackets,Tennessee Volunteers,betrivers,BetRivers,2026-09-06T18:06:25Z,h2h,2026-09-06T18:06:25Z,Georgia Tech Yellow Jackets,410,,20260906180641293972
NCAAF,americanfootball_ncaaf,2fef91bee444782036d23f91abe0a5da,2026-09-12T23:00:00Z,Georgia Tech Yellow Jackets,Tennessee Volunteers,betrivers,BetRivers,2026-09-06T18:06:25Z,h2h,2026-09-06T18:06:25Z,Tennessee Volunteers,-590,,20260906180641293972
NCAAF,americanfootball_ncaaf,2fef91bee444782036d23f91abe0a5da,2026-09-12T23:00:00Z,Georgia Tech Yellow Jackets,Tennessee Volunteers,betrivers,BetRivers,2026-09-06T18:06:25Z,spreads,2026-09-06T18:06:25Z,Georgia Tech Yellow Jackets,-110,13.5,20260906180641293972
NCAAF,americanfootball_ncaaf,2fef91bee444782036d23f91abe0a5da,2026-09-12T23:00:00Z,Georgia Tech Yellow Jackets,Tennessee Volunteers,betrivers,BetRivers,2026-09-06T18:06:25Z,spreads,2026-09-06T18:06:25Z,Tennessee Volunteers,-113,-13.5,20260906180641293972
NCAAF,americanfootball_ncaaf,2fef91bee444782036d23f91abe0a5da,2026-09-12T23:00:00Z,Georgia Tech Yellow Jackets,Tennessee Volunteers,betrivers,BetRivers,2026-09-06T18:06:25Z,totals,2026-09-06T18:06:25Z,Over,-112,54.5,20260906180641293972
NCAAF,americanfootball_ncaaf,2fef91bee444782036d23f91abe0a5da,2026-09-12T23:00:00Z,Georgia Tech Yellow Jackets,Tennessee Volunteers,betrivers,BetRivers,2026-09-06T18:06:25Z,totals,2026-09-06T18:06:25Z,Under,-112,54.5,20260906180641293972
NCAAF,americanfootball_ncaaf,2fef91bee444782036d23f91abe0a5da,2026-09-12T23:00:00Z,Georgia Tech Yellow Jackets,Tennessee Volunteers,betonlineag,BetOnline.ag,2026-09-06T18:06:00Z,spreads,2026-09-06T18:06:00Z,Georgia Tech Yellow Jackets,-110,13.0,20260906180641293972
NCAAF,americanfootball_ncaaf,2fef91bee444782036d23f91abe0a5da,2026-09-12T23:00:00Z,Georgia Tech Yellow Jackets,Tennessee Volunteers,betonlineag,BetOnline.ag,2026-09-06T18:06:00Z,spreads,2026-09-06T18:06:00Z,Tennessee Volunteers,-110,-13.0,20260906180641293972
NCAAF,americanfootball_ncaaf,2fef91bee444782036d23f91abe0a5da,2026-09-12T23:00:00Z,Georgia Tech Yellow Jackets,Tennessee Volunteers,lowvig,LowVig.ag,2026-09-06T18:06:01Z,spreads,2026-09-06T18:06:01Z,Georgia Tech Yellow Jackets,-106,13.0,20260906180641293972
NCAAF,americanfootball_ncaaf,2fef91bee444782036d23f91abe0a5da,2026-09-12T23:00:00Z,Georgia Tech Yellow Jackets,Tennessee Volunteers,lowvig,LowVig.ag,2026-09-06T18:06:01Z,spreads,2026-09-06T18:06:01Z,Tennessee Volunteers,-106,-13.0,20260906180641293972
NCAAF,americanfootball_ncaaf,703674067da3f80611ece581818f3863,2026-09-12T23:00:00Z,Marshall Thundering Herd,Middle Tennessee Blue Raiders,draftkings,DraftKings,2026-09-06T18:05:37Z,h2h,2026-09-06T18:05:37Z,Marshall Thundering Herd,-1000,,20260906180641293972
NCAAF,americanfootball_ncaaf,703674067da3f80611ece581818f3863,2026-09-12T23:00:00Z,Marshall Thundering Herd,Middle Tennessee Blue Raiders,draftkings,DraftKings,2026-09-06T18:05:37Z,h2h,2026-09-06T18:05:37Z,Middle Tennessee Blue Raiders,650,,20260906180641293972
NCAAF,americanfootball_ncaaf,703674067da3f80611ece581818f3863,2026-09-12T23:00:00Z,Marshall Thundering Herd,Middle Tennessee Blue Raiders,draftkings,DraftKings,2026-09-06T18:05:37Z,spreads,2026-09-06T18:05:37Z,Marshall Thundering Herd,-110,-17.5,20260906180641293972
NCAAF,americanfootball_ncaaf,703674067da3f80611ece581818f3863,2026-09-12T23:00:00Z,Marshall Thundering Herd,Middle Tennessee Blue Raiders,draftkings,DraftKings,2026-09-06T18:05:37Z,spreads,2026-09-06T18:05:37Z,Middle Tennessee Blue Raiders,-110,17.5,20260906180641293972
NCAAF,americanfootball_ncaaf,703674067da3f80611ece581818f3863,2026-09-12T23:00:00Z,Marshall Thundering Herd,Middle Tennessee Blue Raiders,draftkings,DraftKings,2026-09-06T18:05:37Z,totals,2026-09-06T18:05:37Z,Over,-115,57.5,20260906180641293972
NCAAF,americanfootball_ncaaf,703674067da3f80611ece581818f3863,2026-09-12T23:00:00Z,Marshall Thundering Herd,Middle Tennessee Blue Raiders,draftkings,DraftKings,2026-09-06T18:05:37Z,totals,2026-09-06T18:05:37Z,Under,-105,57.5,20260906180641293972
NCAAF,americanfootball_ncaaf,703674067da3f80611ece581818f3863,2026-09-12T23:00:00Z,Marshall Thundering Herd,Middle Tennessee Blue Raiders,lowvig,LowVig.ag,2026-09-06T18:06:01Z,spreads,2026-09-06T18:06:01Z,Marshall Thundering Herd,-106,-17.5,20260906180641293972
NCAAF,americanfootball_ncaaf,703674067da3f80611ece581818f3863,2026-09-12T23:00:00Z,Marshall Thundering Herd,Middle Tennessee Blue Raiders,lowvig,LowVig.ag,2026-09-06T18:06:01Z,spreads,2026-09-06T18:06:01Z,Middle Tennessee Blue Raiders,-106,17.5,20260906180641293972
NCAAF,americanfootball_ncaaf,703674067da3f80611ece581818f3863,2026-09-12T23:00:00Z,Marshall Thundering Herd,Middle Tennessee Blue Raiders,betonlineag,BetOnline.ag,2026-09-06T18:06:00Z,spreads,2026-09-06T18:06:00Z,Marshall Thundering Herd,-110,-17.5,20260906180641293972
NCAAF,americanfootball_ncaaf,703674067da3f80611ece581818f3863,2026-09-12T23:00:00Z,Marshall Thundering Herd,Middle Tennessee Blue Raiders,betonlineag,BetOnline.ag,2026-09-06T18:06:00Z,spreads,2026-09-06T18:06:00Z,Middle Tennessee Blue Raiders,-110,17.5,20260906180641293972
NCAAF,americanfootball_ncaaf,703674067da3f80611ece581818f3863,2026-09-12T23:00:00Z,Marshall Thundering Herd,Middle Tennessee Blue Raiders,betmgm,BetMGM,2026-09-06T18:05:38Z,h2h,2026-09-06T18:05:38Z,Marshall Thundering Herd,-1000,,20260906180641293972
NCAAF,americanfootball_ncaaf,703674067da3f80611ece581818f3863,2026-09-12T23:00:00Z,Marshall Thundering Herd,Middle Tennessee Blue Raiders,betmgm,BetMGM,2026-09-06T18:05:38Z,h2h,2026-09-06T18:05:38Z,Middle Tennessee Blue Raiders,675,,20260906180641293972
NCAAF,americanfootball_ncaaf,703674067da3f80611ece581818f3863,2026-09-12T23:00:00Z,Marshall Thundering Herd,Middle Tennessee Blue Raiders,betmgm,BetMGM,2026-09-06T18:05:38Z,spreads,2026-09-06T18:05:38Z,Marshall Thundering Herd,-108,-17.5,20260906180641293972
NCAAF,americanfootball_ncaaf,703674067da3f80611ece581818f3863,2026-09-12T23:00:00Z,Marshall Thundering Herd,Middle Tennessee Blue Raiders,betmgm,BetMGM,2026-09-06T18:05:38Z,spreads,2026-09-06T18:05:38Z,Middle Tennessee Blue Raiders,-110,17.5,20260906180641293972
NCAAF,americanfootball_ncaaf,703674067da3f80611ece581818f3863,2026-09-12T23:00:00Z,Marshall Thundering Herd,Middle Tennessee Blue Raiders,betmgm,BetMGM,2026-09-06T18:05:38Z,totals,2026-09-06T18:05:38Z,Over,-115,57.5,20260906180641293972
NCAAF,americanfootball_ncaaf,703674067da3f80611ece581818f3863,2026-09-12T23:00:00Z,Marshall Thundering Herd,Middle Tennessee Blue Raiders,betmgm,BetMGM,2026-09-06T18:05:38Z,totals,2026-09-06T18:05:38Z,Under,-105,57.5,20260906180641293972
NCAAF,americanfootball_ncaaf,a7402ec89d227ff9b9bf936a8679d313,2026-09-12T23:00:00Z,Sam Houston State Bearkats,Tulsa Golden Hurricane,fanduel,FanDuel,2026-09-06T18:06:27Z,h2h,2026-09-06T18:06:26Z,Sam Houston State Bearkats,480,,20260906180641293972
NCAAF,americanfootball_ncaaf,a7402ec89d227ff9b9bf936a8679d313,2026-09-12T23:00:00Z,Sam Houston State Bearkats,Tulsa Golden Hurricane,fanduel,FanDuel,2026-09-06T18:06:27Z,h2h,2026-09-06T18:06:26Z,Tulsa Golden Hurricane,-690,,20260906180641293972
NCAAF,americanfootball_ncaaf,a7402ec89d227ff9b9bf936a8679d313,2026-09-12T23:00:00Z,Sam Houston State Bearkats,Tulsa Golden Hurricane,fanduel,FanDuel,2026-09-06T18:06:27Z,spreads,2026-09-06T18:06:26Z,Sam Houston State Bearkats,-112,14.5,20260906180641293972
NCAAF,americanfootball_ncaaf,a7402ec89d227ff9b9bf936a8679d313,2026-09-12T23:00:00Z,Sam Houston State Bearkats,Tulsa Golden Hurricane,fanduel,FanDuel,2026-09-06T18:06:27Z,spreads,2026-09-06T18:06:26Z,Tulsa Golden Hurricane,-108,-14.5,20260906180641293972
NCAAF,americanfootball_ncaaf,a7402ec89d227ff9b9bf936a8679d313,2026-09-12T23:00:00Z,Sam Houston State Bearkats,Tulsa Golden Hurricane,fanduel,FanDuel,2026-09-06T18:06:27Z,totals,2026-09-06T18:06:26Z,Over,-110,51.5,20260906180641293972
NCAAF,americanfootball_ncaaf,a7402ec89d227ff9b9bf936a8679d313,2026-09-12T23:00:00Z,Sam Houston State Bearkats,Tulsa Golden Hurricane,fanduel,FanDuel,2026-09-06T18:06:27Z,totals,2026-09-06T18:06:26Z,Under,-110,51.5,20260906180641293972
NCAAF,americanfootball_ncaaf,a7402ec89d227ff9b9bf936a8679d313,2026-09-12T23:00:00Z,Sam Houston State Bearkats,Tulsa Golden Hurricane,draftkings,DraftKings,2026-09-06T18:05:37Z,h2h,2026-09-06T18:05:37Z,Sam Houston State Bearkats,470,,20260906180641293972
NCAAF,americanfootball_ncaaf,a7402ec89d227ff9b9bf936a8679d313,2026-09-12T23:00:00Z,Sam Houston State Bearkats,Tulsa Golden Hurricane,draftkings,DraftKings,2026-09-06T18:05:37Z,h2h,2026-09-06T18:05:37Z,Tulsa Golden Hurricane,-650,,20260906180641293972
NCAAF,americanfootball_ncaaf,a7402ec89d227ff9b9bf936a8679d313,2026-09-12T23:00:00Z,Sam Houston State Bearkats,Tulsa Golden Hurricane,draftkings,DraftKings,2026-09-06T18:05:37Z,spreads,2026-09-06T18:05:37Z,Sam Houston State Bearkats,-110,14.0,20260906180641293972
NCAAF,americanfootball_ncaaf,a7402ec89d227ff9b9bf936a8679d313,2026-09-12T23:00:00Z,Sam Houston State Bearkats,Tulsa Golden Hurricane,draftkings,DraftKings,2026-09-06T18:05:37Z,spreads,2026-09-06T18:05:37Z,Tulsa Golden Hurricane,-110,-14.0,20260906180641293972
NCAAF,americanfootball_ncaaf,a7402ec89d227ff9b9bf936a8679d313,2026-09-12T23:00:00Z,Sam Houston State Bearkats,Tulsa Golden Hurricane,draftkings,DraftKings,2026-09-06T18:05:37Z,totals,2026-09-06T18:05:37Z,Over,-110,52.5,20260906180641293972
NCAAF,americanfootball_ncaaf,a7402ec89d227ff9b9bf936a8679d313,2026-09-12T23:00:00Z,Sam Houston State Bearkats,Tulsa Golden Hurricane,draftkings,DraftKings,2026-09-06T18:05:37Z,totals,2026-09-06T18:05:37Z,Under,-110,52.5,20260906180641293972
NCAAF,americanfootball_ncaaf,a7402ec89d227ff9b9bf936a8679d313,2026-09-12T23:00:00Z,Sam Houston State Bearkats,Tulsa Golden Hurricane,betonlineag,BetOnline.ag,2026-09-06T18:06:00Z,spreads,2026-09-06T18:06:00Z,Sam Houston State Bearkats,-110,14.0,20260906180641293972
NCAAF,americanfootball_ncaaf,a7402ec89d227ff9b9bf936a8679d313,2026-09-12T23:00:00Z,Sam Houston State Bearkats,Tulsa Golden Hurricane,betonlineag,BetOnline.ag,2026-09-06T18:06:00Z,spreads,2026-09-06T18:06:00Z,Tulsa Golden Hurricane,-110,-14.0,20260906180641293972
NCAAF,americanfootball_ncaaf,a7402ec89d227ff9b9bf936a8679d313,2026-09-12T23:00:00Z,Sam Houston State Bearkats,Tulsa Golden Hurricane,lowvig,LowVig.ag,2026-09-06T18:06:01Z,spreads,2026-09-06T18:06:01Z,Sam Houston State Bearkats,-106,14.0,20260906180641293972
NCAAF,americanfootball_ncaaf,a7402ec89d227ff9b9bf936a8679d313,2026-09-12T23:00:00Z,Sam Houston State Bearkats,Tulsa Golden Hurricane,lowvig,LowVig.ag,2026-09-06T18:06:01Z,spreads,2026-09-06T18:06:01Z,Tulsa Golden Hurricane,-106,-14.0,20260906180641293972
NCAAF,americanfootball_ncaaf,a7402ec89d227ff9b9bf936a8679d313,2026-09-12T23:00:00Z,Sam Houston State Bearkats,Tulsa Golden Hurricane,betmgm,BetMGM,2026-09-06T18:05:38Z,h2h,2026-09-06T18:05:38Z,Sam Houston State Bearkats,500,,20260906180641293972
NCAAF,americanfootball_ncaaf,a7402ec89d227ff9b9bf936a8679d313,2026-09-12T23:00:00Z,Sam Houston State Bearkats,Tulsa Golden Hurricane,betmgm,BetMGM,2026-09-06T18:05:38Z,h2h,2026-09-06T18:05:38Z,Tulsa Golden Hurricane,-650,,20260906180641293972
NCAAF,americanfootball_ncaaf,a7402ec89d227ff9b9bf936a8679d313,2026-09-12T23:00:00Z,Sam Houston State Bearkats,Tulsa Golden Hurricane,betmgm,BetMGM,2026-09-06T18:05:38Z,spreads,2026-09-06T18:05:38Z,Sam Houston State Bearkats,-108,14.0,20260906180641293972
NCAAF,americanfootball_ncaaf,a7402ec89d227ff9b9bf936a8679d313,2026-09-12T23:00:00Z,Sam Houston State Bearkats,Tulsa Golden Hurricane,betmgm,BetMGM,2026-09-06T18:05:38Z,spreads,2026-09-06T18:05:38Z,Tulsa Golden Hurricane,-110,-14.0,20260906180641293972
NCAAF,americanfootball_ncaaf,a7402ec89d227ff9b9bf936a8679d313,2026-09-12T23:00:00Z,Sam Houston State Bearkats,Tulsa Golden Hurricane,betmgm,BetMGM,2026-09-06T18:05:38Z,totals,2026-09-06T18:05:38Z,Over,-102,52.5,20260906180641293972
NCAAF,americanfootball_ncaaf,a7402ec89d227ff9b9bf936a8679d313,2026-09-12T23:00:00Z,Sam Houston State Bearkats,Tulsa Golden Hurricane,betmgm,BetMGM,2026-09-06T18:05:38Z,totals,2026-09-06T18:05:38Z,Under,-115,52.5,20260906180641293972
NCAAF,americanfootball_ncaaf,18c682b142ecfadb8d6d801f5fb9aac7,2026-09-12T23:00:00Z,Tulane Green Wave,South Alabama Jaguars,draftkings,DraftKings,2026-09-06T18:05:37Z,h2h,2026-09-06T18:05:37Z,South Alabama Jaguars,360,,20260906180641293972
NCAAF,americanfootball_ncaaf,18c682b142ecfadb8d6d801f5fb9aac7,2026-09-12T23:00:00Z,Tulane Green Wave,South Alabama Jaguars,draftkings,DraftKings,2026-09-06T18:05:37Z,h2h,2026-09-06T18:05:37Z,Tulane Green Wave,-470,,20260906180641293972
NCAAF,americanfootball_ncaaf,18c682b142ecfadb8d6d801f5fb9aac7,2026-09-12T23:00:00Z,Tulane Green Wave,South Alabama Jaguars,draftkings,DraftKings,2026-09-06T18:05:37Z,spreads,2026-09-06T18:05:37Z,South Alabama Jaguars,-105,10.0,20260906180641293972
NCAAF,americanfootball_ncaaf,18c682b142ecfadb8d6d801f5fb9aac7,2026-09-12T23:00:00Z,Tulane Green Wave,South Alabama Jaguars,draftkings,DraftKings,2026-09-06T18:05:37Z,spreads,2026-09-06T18:05:37Z,Tulane Green Wave,-115,-10.0,20260906180641293972
NCAAF,americanfootball_ncaaf,18c682b142ecfadb8d6d801f5fb9aac7,2026-09-12T23:00:00Z,Tulane Green Wave,South Alabama Jaguars,draftkings,DraftKings,2026-09-06T18:05:37Z,totals,2026-09-06T18:05:37Z,Over,-108,52.5,20260906180641293972
NCAAF,americanfootball_ncaaf,18c682b142ecfadb8d6d801f5fb9aac7,2026-09-12T23:00:00Z,Tulane Green Wave,South Alabama Jaguars,draftkings,DraftKings,2026-09-06T18:05:37Z,totals,2026-09-06T18:05:37Z,Under,-112,52.5,20260906180641293972
NCAAF,americanfootball_ncaaf,18c682b142ecfadb8d6d801f5fb9aac7,2026-09-12T23:00:00Z,Tulane Green Wave,South Alabama Jaguars,fanduel,FanDuel,2026-09-06T18:06:27Z,h2h,2026-09-06T18:06:26Z,South Alabama Jaguars,360,,20260906180641293972
NCAAF,americanfootball_ncaaf,18c682b142ecfadb8d6d801f5fb9aac7,2026-09-12T23:00:00Z,Tulane Green Wave,South Alabama Jaguars,fanduel,FanDuel,2026-09-06T18:06:27Z,h2h,2026-09-06T18:06:26Z,Tulane Green Wave,-480,,20260906180641293972
NCAAF,americanfootball_ncaaf,18c682b142ecfadb8d6d801f5fb9aac7,2026-09-12T23:00:00Z,Tulane Green Wave,South Alabama Jaguars,fanduel,FanDuel,2026-09-06T18:06:27Z,spreads,2026-09-06T18:06:26Z,South Alabama Jaguars,-110,11.5,20260906180641293972
NCAAF,americanfootball_ncaaf,18c682b142ecfadb8d6d801f5fb9aac7,2026-09-12T23:00:00Z,Tulane Green Wave,South Alabama Jaguars,fanduel,FanDuel,2026-09-06T18:06:27Z,spreads,2026-09-06T18:06:26Z,Tulane Green Wave,-110,-11.5,20260906180641293972
NCAAF,americanfootball_ncaaf,18c682b142ecfadb8d6d801f5fb9aac7,2026-09-12T23:00:00Z,Tulane Green Wave,South Alabama Jaguars,fanduel,FanDuel,2026-09-06T18:06:27Z,totals,2026-09-06T18:06:26Z,Over,-110,51.5,20260906180641293972
NCAAF,americanfootball_ncaaf,18c682b142ecfadb8d6d801f5fb9aac7,2026-09-12T23:00:00Z,Tulane Green Wave,South Alabama Jaguars,fanduel,FanDuel,2026-09-06T18:06:27Z,totals,2026-09-06T18:06:26Z,Under,-110,51.5,20260906180641293972
NCAAF,americanfootball_ncaaf,18c682b142ecfadb8d6d801f5fb9aac7,2026-09-12T23:00:00Z,Tulane Green Wave,South Alabama Jaguars,lowvig,LowVig.ag,2026-09-06T18:06:01Z,spreads,2026-09-06T18:06:01Z,South Alabama Jaguars,-106,11.5,20260906180641293972
NCAAF,americanfootball_ncaaf,18c682b142ecfadb8d6d801f5fb9aac7,2026-09-12T23:00:00Z,Tulane Green Wave,South Alabama Jaguars,lowvig,LowVig.ag,2026-09-06T18:06:01Z,spreads,2026-09-06T18:06:01Z,Tulane Green Wave,-106,-11.5,20260906180641293972
NCAAF,americanfootball_ncaaf,18c682b142ecfadb8d6d801f5fb9aac7,2026-09-12T23:00:00Z,Tulane Green Wave,South Alabama Jaguars,betonlineag,BetOnline.ag,2026-09-06T18:06:00Z,spreads,2026-09-06T18:06:00Z,South Alabama Jaguars,-110,11.5,20260906180641293972
NCAAF,americanfootball_ncaaf,18c682b142ecfadb8d6d801f5fb9aac7,2026-09-12T23:00:00Z,Tulane Green Wave,South Alabama Jaguars,betonlineag,BetOnline.ag,2026-09-06T18:06:00Z,spreads,2026-09-06T18:06:00Z,Tulane Green Wave,-110,-11.5,20260906180641293972
NCAAF,americanfootball_ncaaf,18c682b142ecfadb8d6d801f5fb9aac7,2026-09-12T23:00:00Z,Tulane Green Wave,South Alabama Jaguars,betmgm,BetMGM,2026-09-06T18:05:38Z,h2h,2026-09-06T18:05:38Z,South Alabama Jaguars,375,,20260906180641293972
NCAAF,americanfootball_ncaaf,18c682b142ecfadb8d6d801f5fb9aac7,2026-09-12T23:00:00Z,Tulane Green Wave,South Alabama Jaguars,betmgm,BetMGM,2026-09-06T18:05:38Z,h2h,2026-09-06T18:05:38Z,Tulane Green Wave,-475,,20260906180641293972
NCAAF,americanfootball_ncaaf,18c682b142ecfadb8d6d801f5fb9aac7,2026-09-12T23:00:00Z,Tulane Green Wave,South Alabama Jaguars,betmgm,BetMGM,2026-09-06T18:05:38Z,spreads,2026-09-06T18:05:38Z,South Alabama Jaguars,-108,11.0,20260906180641293972
NCAAF,americanfootball_ncaaf,18c682b142ecfadb8d6d801f5fb9aac7,2026-09-12T23:00:00Z,Tulane Green Wave,South Alabama Jaguars,betmgm,BetMGM,2026-09-06T18:05:38Z,spreads,2026-09-06T18:05:38Z,Tulane Green Wave,-110,-11.0,20260906180641293972
NCAAF,americanfootball_ncaaf,18c682b142ecfadb8d6d801f5fb9aac7,2026-09-12T23:00:00Z,Tulane Green Wave,South Alabama Jaguars,betmgm,BetMGM,2026-09-06T18:05:38Z,totals,2026-09-06T18:05:38Z,Over,-105,52.5,20260906180641293972
NCAAF,americanfootball_ncaaf,18c682b142ecfadb8d6d801f5fb9aac7,2026-09-12T23:00:00Z,Tulane Green Wave,South Alabama Jaguars,betmgm,BetMGM,2026-09-06T18:05:38Z,totals,2026-09-06T18:05:38Z,Under,-115,52.5,20260906180641293972
NCAAF,americanfootball_ncaaf,14620ae05bec8eaa19ca94156c71dff2,2026-09-12T23:15:00Z,UCLA Bruins,San Diego State Aztecs,draftkings,DraftKings,2026-09-06T18:05:37Z,h2h,2026-09-06T18:05:37Z,San Diego State Aztecs,300,,20260906180641293972
NCAAF,americanfootball_ncaaf,14620ae05bec8eaa19ca94156c71dff2,2026-09-12T23:15:00Z,UCLA Bruins,San Diego State Aztecs,draftkings,DraftKings,2026-09-06T18:05:37Z,h2h,2026-09-06T18:05:37Z,UCLA Bruins,-380,,20260906180641293972
NCAAF,americanfootball_ncaaf,14620ae05bec8eaa19ca94156c71dff2,2026-09-12T23:15:00Z,UCLA Bruins,San Diego State Aztecs,draftkings,DraftKings,2026-09-06T18:05:37Z,spreads,2026-09-06T18:05:37Z,San Diego State Aztecs,-108,10.0,20260906180641293972
NCAAF,americanfootball_ncaaf,14620ae05bec8eaa19ca94156c71dff2,2026-09-12T23:15:00Z,UCLA Bruins,San Diego State Aztecs,draftkings,DraftKings,2026-09-06T18:05:37Z,spreads,2026-09-06T18:05:37Z,UCLA Bruins,-112,-10.0,20260906180641293972
NCAAF,americanfootball_ncaaf,14620ae05bec8eaa19ca94156c71dff2,2026-09-12T23:15:00Z,UCLA Bruins,San Diego State Aztecs,draftkings,DraftKings,2026-09-06T18:05:37Z,totals,2026-09-06T18:05:37Z,Over,-108,50.5,20260906180641293972
NCAAF,americanfootball_ncaaf,14620ae05bec8eaa19ca94156c71dff2,2026-09-12T23:15:00Z,UCLA Bruins,San Diego State Aztecs,draftkings,DraftKings,2026-09-06T18:05:37Z,totals,2026-09-06T18:05:37Z,Under,-112,50.5,20260906180641293972
NCAAF,americanfootball_ncaaf,14620ae05bec8eaa19ca94156c71dff2,2026-09-12T23:15:00Z,UCLA Bruins,San Diego State Aztecs,fanduel,FanDuel,2026-09-06T18:06:27Z,h2h,2026-09-06T18:06:26Z,San Diego State Aztecs,330,,20260906180641293972
NCAAF,americanfootball_ncaaf,14620ae05bec8eaa19ca94156c71dff2,2026-09-12T23:15:00Z,UCLA Bruins,San Diego State Aztecs,fanduel,FanDuel,2026-09-06T18:06:27Z,h2h,2026-09-06T18:06:26Z,UCLA Bruins,-430,,20260906180641293972
NCAAF,americanfootball_ncaaf,14620ae05bec8eaa19ca94156c71dff2,2026-09-12T23:15:00Z,UCLA Bruins,San Diego State Aztecs,fanduel,FanDuel,2026-09-06T18:06:27Z,spreads,2026-09-06T18:06:26Z,San Diego State Aztecs,-110,10.5,20260906180641293972
NCAAF,americanfootball_ncaaf,14620ae05bec8eaa19ca94156c71dff2,2026-09-12T23:15:00Z,UCLA Bruins,San Diego State Aztecs,fanduel,FanDuel,2026-09-06T18:06:27Z,spreads,2026-09-06T18:06:26Z,UCLA Bruins,-110,-10.5,20260906180641293972
NCAAF,americanfootball_ncaaf,14620ae05bec8eaa19ca94156c71dff2,2026-09-12T23:15:00Z,UCLA Bruins,San Diego State Aztecs,fanduel,FanDuel,2026-09-06T18:06:27Z,totals,2026-09-06T18:06:26Z,Over,-110,52.5,20260906180641293972
NCAAF,americanfootball_ncaaf,14620ae05bec8eaa19ca94156c71dff2,2026-09-12T23:15:00Z,UCLA Bruins,San Diego State Aztecs,fanduel,FanDuel,2026-09-06T18:06:27Z,totals,2026-09-06T18:06:26Z,Under,-110,52.5,20260906180641293972
NCAAF,americanfootball_ncaaf,14620ae05bec8eaa19ca94156c71dff2,2026-09-12T23:15:00Z,UCLA Bruins,San Diego State Aztecs,betonlineag,BetOnline.ag,2026-09-06T18:06:00Z,spreads,2026-09-06T18:06:00Z,San Diego State Aztecs,-110,10.5,20260906180641293972
NCAAF,americanfootball_ncaaf,14620ae05bec8eaa19ca94156c71dff2,2026-09-12T23:15:00Z,UCLA Bruins,San Diego State Aztecs,betonlineag,BetOnline.ag,2026-09-06T18:06:00Z,spreads,2026-09-06T18:06:00Z,UCLA Bruins,-110,-10.5,20260906180641293972
NCAAF,americanfootball_ncaaf,14620ae05bec8eaa19ca94156c71dff2,2026-09-12T23:15:00Z,UCLA Bruins,San Diego State Aztecs,lowvig,LowVig.ag,2026-09-06T18:06:01Z,spreads,2026-09-06T18:06:01Z,San Diego State Aztecs,-106,10.5,20260906180641293972
NCAAF,americanfootball_ncaaf,14620ae05bec8eaa19ca94156c71dff2,2026-09-12T23:15:00Z,UCLA Bruins,San Diego State Aztecs,lowvig,LowVig.ag,2026-09-06T18:06:01Z,spreads,2026-09-06T18:06:01Z,UCLA Bruins,-106,-10.5,20260906180641293972
NCAAF,americanfootball_ncaaf,a8283159aa27932e7a640f6158b2ca98,2026-09-12T23:30:00Z,Clemson Tigers,Georgia Southern Eagles,draftkings,DraftKings,2026-09-06T18:05:37Z,h2h,2026-09-06T18:05:37Z,Clemson Tigers,-2100,,20260906180641293972
NCAAF,americanfootball_ncaaf,a8283159aa27932e7a640f6158b2ca98,2026-09-12T23:30:00Z,Clemson Tigers,Georgia Southern Eagles,draftkings,DraftKings,2026-09-06T18:05:37Z,h2h,2026-09-06T18:05:37Z,Georgia Southern Eagles,1100,,20260906180641293972
NCAAF,americanfootball_ncaaf,a8283159aa27932e7a640f6158b2ca98,2026-09-12T23:30:00Z,Clemson Tigers,Georgia Southern Eagles,draftkings,DraftKings,2026-09-06T18:05:37Z,spreads,2026-09-06T18:05:37Z,Clemson Tigers,-110,-23.5,20260906180641293972
NCAAF,americanfootball_ncaaf,a8283159aa27932e7a640f6158b2ca98,2026-09-12T23:30:00Z,Clemson Tigers,Georgia Southern Eagles,draftkings,DraftKings,2026-09-06T18:05:37Z,spreads,2026-09-06T18:05:37Z,Georgia Southern Eagles,-110,23.5,20260906180641293972
NCAAF,americanfootball_ncaaf,a8283159aa27932e7a640f6158b2ca98,2026-09-12T23:30:00Z,Clemson Tigers,Georgia Southern Eagles,draftkings,DraftKings,2026-09-06T18:05:37Z,totals,2026-09-06T18:05:37Z,Over,-112,56.5,20260906180641293972
NCAAF,americanfootball_ncaaf,a8283159aa27932e7a640f6158b2ca98,2026-09-12T23:30:00Z,Clemson Tigers,Georgia Southern Eagles,draftkings,DraftKings,2026-09-06T18:05:37Z,totals,2026-09-06T18:05:37Z,Under,-108,56.5,20260906180641293972
NCAAF,americanfootball_ncaaf,a8283159aa27932e7a640f6158b2ca98,2026-09-12T23:30:00Z,Clemson Tigers,Georgia Southern Eagles,lowvig,LowVig.ag,2026-09-06T18:06:01Z,spreads,2026-09-06T18:06:01Z,Clemson Tigers,-106,-23.5,20260906180641293972
NCAAF,americanfootball_ncaaf,a8283159aa27932e7a640f6158b2ca98,2026-09-12T23:30:00Z,Clemson Tigers,Georgia Southern Eagles,lowvig,LowVig.ag,2026-09-06T18:06:01Z,spreads,2026-09-06T18:06:01Z,Georgia Southern Eagles,-106,23.5,20260906180641293972
NCAAF,americanfootball_ncaaf,a8283159aa27932e7a640f6158b2ca98,2026-09-12T23:30:00Z,Clemson Tigers,Georgia Southern Eagles,betonlineag,BetOnline.ag,2026-09-06T18:06:00Z,spreads,2026-09-06T18:06:00Z,Clemson Tigers,-110,-23.5,20260906180641293972
NCAAF,americanfootball_ncaaf,a8283159aa27932e7a640f6158b2ca98,2026-09-12T23:30:00Z,Clemson Tigers,Georgia Southern Eagles,betonlineag,BetOnline.ag,2026-09-06T18:06:00Z,spreads,2026-09-06T18:06:00Z,Georgia Southern Eagles,-110,23.5,20260906180641293972
NCAAF,americanfootball_ncaaf,a8283159aa27932e7a640f6158b2ca98,2026-09-12T23:30:00Z,Clemson Tigers,Georgia Southern Eagles,betmgm,BetMGM,2026-09-06T18:05:38Z,h2h,2026-09-06T18:05:38Z,Clemson Tigers,-2000,,20260906180641293972
NCAAF,americanfootball_ncaaf,a8283159aa27932e7a640f6158b2ca98,2026-09-12T23:30:00Z,Clemson Tigers,Georgia Southern Eagles,betmgm,BetMGM,2026-09-06T18:05:38Z,h2h,2026-09-06T18:05:38Z,Georgia Southern Eagles,1150,,20260906180641293972
NCAAF,americanfootball_ncaaf,a8283159aa27932e7a640f6158b2ca98,2026-09-12T23:30:00Z,Clemson Tigers,Georgia Southern Eagles,betmgm,BetMGM,2026-09-06T18:05:38Z,spreads,2026-09-06T18:05:38Z,Clemson Tigers,-108,-23.5,20260906180641293972
NCAAF,americanfootball_ncaaf,a8283159aa27932e7a640f6158b2ca98,2026-09-12T23:30:00Z,Clemson Tigers,Georgia Southern Eagles,betmgm,BetMGM,2026-09-06T18:05:38Z,spreads,2026-09-06T18:05:38Z,Georgia Southern Eagles,-110,23.5,20260906180641293972
NCAAF,americanfootball_ncaaf,a8283159aa27932e7a640f6158b2ca98,2026-09-12T23:30:00Z,Clemson Tigers,Georgia Southern Eagles,betmgm,BetMGM,2026-09-06T18:05:38Z,totals,2026-09-06T18:05:38Z,Over,-110,56.5,20260906180641293972
NCAAF,americanfootball_ncaaf,a8283159aa27932e7a640f6158b2ca98,2026-09-12T23:30:00Z,Clemson Tigers,Georgia Southern Eagles,betmgm,BetMGM,2026-09-06T18:05:38Z,totals,2026-09-06T18:05:38Z,Under,-108,56.5,20260906180641293972
NCAAF,americanfootball_ncaaf,f5de73eb9ed5553f7de28a2730b2e700,2026-09-12T23:30:00Z,Florida Atlantic Owls,Navy Midshipmen,draftkings,DraftKings,2026-09-06T18:05:37Z,h2h,2026-09-06T18:05:37Z,Florida Atlantic Owls,205,,20260906180641293972
NCAAF,americanfootball_ncaaf,f5de73eb9ed5553f7de28a2730b2e700,2026-09-12T23:30:00Z,Florida Atlantic Owls,Navy Midshipmen,draftkings,DraftKings,2026-09-06T18:05:37Z,h2h,2026-09-06T18:05:37Z,Navy Midshipmen,-250,,20260906180641293972
NCAAF,americanfootball_ncaaf,f5de73eb9ed5553f7de28a2730b2e700,2026-09-12T23:30:00Z,Florida Atlantic Owls,Navy Midshipmen,draftkings,DraftKings,2026-09-06T18:05:37Z,spreads,2026-09-06T18:05:37Z,Florida Atlantic Owls,-105,6.5,20260906180641293972
NCAAF,americanfootball_ncaaf,f5de73eb9ed5553f7de28a2730b2e700,2026-09-12T23:30:00Z,Florida Atlantic Owls,Navy Midshipmen,draftkings,DraftKings,2026-09-06T18:05:37Z,spreads,2026-09-06T18:05:37Z,Navy Midshipmen,-115,-6.5,20260906180641293972
NCAAF,americanfootball_ncaaf,f5de73eb9ed5553f7de28a2730b2e700,2026-09-12T23:30:00Z,Florida Atlantic Owls,Navy Midshipmen,draftkings,DraftKings,2026-09-06T18:05:37Z,totals,2026-09-06T18:05:37Z,Over,-115,57.5,20260906180641293972
NCAAF,americanfootball_ncaaf,f5de73eb9ed5553f7de28a2730b2e700,2026-09-12T23:30:00Z,Florida Atlantic Owls,Navy Midshipmen,draftkings,DraftKings,2026-09-06T18:05:37Z,totals,2026-09-06T18:05:37Z,Under,-105,57.5,20260906180641293972
NCAAF,americanfootball_ncaaf,f5de73eb9ed5553f7de28a2730b2e700,2026-09-12T23:30:00Z,Florida Atlantic Owls,Navy Midshipmen,betonlineag,BetOnline.ag,2026-09-06T18:06:00Z,spreads,2026-09-06T18:06:00Z,Florida Atlantic Owls,-105,6.5,20260906180641293972
NCAAF,americanfootball_ncaaf,f5de73eb9ed5553f7de28a2730b2e700,2026-09-12T23:30:00Z,Florida Atlantic Owls,Navy Midshipmen,betonlineag,BetOnline.ag,2026-09-06T18:06:00Z,spreads,2026-09-06T18:06:00Z,Navy Midshipmen,-115,-6.5,20260906180641293972
NCAAF,americanfootball_ncaaf,f5de73eb9ed5553f7de28a2730b2e700,2026-09-12T23:30:00Z,Florida Atlantic Owls,Navy Midshipmen,lowvig,LowVig.ag,2026-09-06T18:06:01Z,spreads,2026-09-06T18:06:01Z,Florida Atlantic Owls,-101,6.5,20260906180641293972
NCAAF,americanfootball_ncaaf,f5de73eb9ed5553f7de28a2730b2e700,2026-09-12T23:30:00Z,Florida Atlantic Owls,Navy Midshipmen,lowvig,LowVig.ag,2026-09-06T18:06:01Z,spreads,2026-09-06T18:06:01Z,Navy Midshipmen,-111,-6.5,20260906180641293972
NCAAF,americanfootball_ncaaf,f5de73eb9ed5553f7de28a2730b2e700,2026-09-12T23:30:00Z,Florida Atlantic Owls,Navy Midshipmen,betmgm,BetMGM,2026-09-06T18:05:38Z,h2h,2026-09-06T18:05:38Z,Florida Atlantic Owls,200,,20260906180641293972
NCAAF,americanfootball_ncaaf,f5de73eb9ed5553f7de28a2730b2e700,2026-09-12T23:30:00Z,Florida Atlantic Owls,Navy Midshipmen,betmgm,BetMGM,2026-09-06T18:05:38Z,h2h,2026-09-06T18:05:38Z,Navy Midshipmen,-250,,20260906180641293972
NCAAF,americanfootball_ncaaf,f5de73eb9ed5553f7de28a2730b2e700,2026-09-12T23:30:00Z,Florida Atlantic Owls,Navy Midshipmen,betmgm,BetMGM,2026-09-06T18:05:38Z,spreads,2026-09-06T18:05:38Z,Florida Atlantic Owls,-105,6.5,20260906180641293972
NCAAF,americanfootball_ncaaf,f5de73eb9ed5553f7de28a2730b2e700,2026-09-12T23:30:00Z,Florida Atlantic Owls,Navy Midshipmen,betmgm,BetMGM,2026-09-06T18:05:38Z,spreads,2026-09-06T18:05:38Z,Navy Midshipmen,-112,-6.5,20260906180641293972
NCAAF,americanfootball_ncaaf,f5de73eb9ed5553f7de28a2730b2e700,2026-09-12T23:30:00Z,Florida Atlantic Owls,Navy Midshipmen,betmgm,BetMGM,2026-09-06T18:05:38Z,totals,2026-09-06T18:05:38Z,Over,-112,57.5,20260906180641293972
NCAAF,americanfootball_ncaaf,f5de73eb9ed5553f7de28a2730b2e700,2026-09-12T23:30:00Z,Florida Atlantic Owls,Navy Midshipmen,betmgm,BetMGM,2026-09-06T18:05:38Z,totals,2026-09-06T18:05:38Z,Under,-105,57.5,20260906180641293972
NCAAF,americanfootball_ncaaf,0633819fa9e60ac71609cd40e1596b1b,2026-09-12T23:30:00Z,Iowa Hawkeyes,Iowa State Cyclones,fanduel,FanDuel,2026-09-06T18:06:26Z,h2h,2026-09-06T18:06:26Z,Iowa Hawkeyes,-800,,20260906180641293972
NCAAF,americanfootball_ncaaf,0633819fa9e60ac71609cd40e1596b1b,2026-09-12T23:30:00Z,Iowa Hawkeyes,Iowa State Cyclones,fanduel,FanDuel,2026-09-06T18:06:26Z,h2h,2026-09-06T18:06:26Z,Iowa State Cyclones,540,,20260906180641293972
NCAAF,americanfootball_ncaaf,0633819fa9e60ac71609cd40e1596b1b,2026-09-12T23:30:00Z,Iowa Hawkeyes,Iowa State Cyclones,fanduel,FanDuel,2026-09-06T18:06:26Z,spreads,2026-09-06T18:06:26Z,Iowa Hawkeyes,-112,-14.5,20260906180641293972
NCAAF,americanfootball_ncaaf,0633819fa9e60ac71609cd40e1596b1b,2026-09-12T23:30:00Z,Iowa Hawkeyes,Iowa State Cyclones,fanduel,FanDuel,2026-09-06T18:06:26Z,spreads,2026-09-06T18:06:26Z,Iowa State Cyclones,-108,14.5,20260906180641293972
NCAAF,americanfootball_ncaaf,0633819fa9e60ac71609cd40e1596b1b,2026-09-12T23:30:00Z,Iowa Hawkeyes,Iowa State Cyclones,fanduel,FanDuel,2026-09-06T18:06:26Z,totals,2026-09-06T18:06:26Z,Over,-105,41.5,20260906180641293972
NCAAF,americanfootball_ncaaf,0633819fa9e60ac71609cd40e1596b1b,2026-09-12T23:30:00Z,Iowa Hawkeyes,Iowa State Cyclones,fanduel,FanDuel,2026-09-06T18:06:26Z,totals,2026-09-06T18:06:26Z,Under,-115,41.5,20260906180641293972
NCAAF,americanfootball_ncaaf,0633819fa9e60ac71609cd40e1596b1b,2026-09-12T23:30:00Z,Iowa Hawkeyes,Iowa State Cyclones,draftkings,DraftKings,2026-09-06T18:05:37Z,h2h,2026-09-06T18:05:37Z,Iowa Hawkeyes,-700,,20260906180641293972
NCAAF,americanfootball_ncaaf,0633819fa9e60ac71609cd40e1596b1b,2026-09-12T23:30:00Z,Iowa Hawkeyes,Iowa State Cyclones,draftkings,DraftKings,2026-09-06T18:05:37Z,h2h,2026-09-06T18:05:37Z,Iowa State Cyclones,500,,20260906180641293972
NCAAF,americanfootball_ncaaf,0633819fa9e60ac71609cd40e1596b1b,2026-09-12T23:30:00Z,Iowa Hawkeyes,Iowa State Cyclones,draftkings,DraftKings,2026-09-06T18:05:37Z,spreads,2026-09-06T18:05:37Z,Iowa Hawkeyes,-110,-14.5,20260906180641293972
NCAAF,americanfootball_ncaaf,0633819fa9e60ac71609cd40e1596b1b,2026-09-12T23:30:00Z,Iowa Hawkeyes,Iowa State Cyclones,draftkings,DraftKings,2026-09-06T18:05:37Z,spreads,2026-09-06T18:05:37Z,Iowa State Cyclones,-110,14.5,20260906180641293972
NCAAF,americanfootball_ncaaf,0633819fa9e60ac71609cd40e1596b1b,2026-09-12T23:30:00Z,Iowa Hawkeyes,Iowa State Cyclones,draftkings,DraftKings,2026-09-06T18:05:37Z,totals,2026-09-06T18:05:37Z,Over,-112,41.5,20260906180641293972
NCAAF,americanfootball_ncaaf,0633819fa9e60ac71609cd40e1596b1b,2026-09-12T23:30:00Z,Iowa Hawkeyes,Iowa State Cyclones,draftkings,DraftKings,2026-09-06T18:05:37Z,totals,2026-09-06T18:05:37Z,Under,-108,41.5,20260906180641293972
NCAAF,americanfootball_ncaaf,0633819fa9e60ac71609cd40e1596b1b,2026-09-12T23:30:00Z,Iowa Hawkeyes,Iowa State Cyclones,betrivers,BetRivers,2026-09-06T18:06:25Z,h2h,2026-09-06T18:06:25Z,Iowa Hawkeyes,-910,,20260906180641293972
NCAAF,americanfootball_ncaaf,0633819fa9e60ac71609cd40e1596b1b,2026-09-12T23:30:00Z,Iowa Hawkeyes,Iowa State Cyclones,betrivers,BetRivers,2026-09-06T18:06:25Z,h2h,2026-09-06T18:06:25Z,Iowa State Cyclones,550,,20260906180641293972
NCAAF,americanfootball_ncaaf,0633819fa9e60ac71609cd40e1596b1b,2026-09-12T23:30:00Z,Iowa Hawkeyes,Iowa State Cyclones,betrivers,BetRivers,2026-09-06T18:06:25Z,spreads,2026-09-06T18:06:25Z,Iowa Hawkeyes,-110,-14.5,20260906180641293972
NCAAF,americanfootball_ncaaf,0633819fa9e60ac71609cd40e1596b1b,2026-09-12T23:30:00Z,Iowa Hawkeyes,Iowa State Cyclones,betrivers,BetRivers,2026-09-06T18:06:25Z,spreads,2026-09-06T18:06:25Z,Iowa State Cyclones,-113,14.5,20260906180641293972
NCAAF,americanfootball_ncaaf,0633819fa9e60ac71609cd40e1596b1b,2026-09-12T23:30:00Z,Iowa Hawkeyes,Iowa State Cyclones,betrivers,BetRivers,2026-09-06T18:06:25Z,totals,2026-09-06T18:06:25Z,Over,-112,41.5,20260906180641293972
NCAAF,americanfootball_ncaaf,0633819fa9e60ac71609cd40e1596b1b,2026-09-12T23:30:00Z,Iowa Hawkeyes,Iowa State Cyclones,betrivers,BetRivers,2026-09-06T18:06:25Z,totals,2026-09-06T18:06:25Z,Under,-112,41.5,20260906180641293972
NCAAF,americanfootball_ncaaf,0633819fa9e60ac71609cd40e1596b1b,2026-09-12T23:30:00Z,Iowa Hawkeyes,Iowa State Cyclones,betmgm,BetMGM,2026-09-06T18:05:38Z,h2h,2026-09-06T18:05:38Z,Iowa Hawkeyes,-700,,20260906180641293972
NCAAF,americanfootball_ncaaf,0633819fa9e60ac71609cd40e1596b1b,2026-09-12T23:30:00Z,Iowa Hawkeyes,Iowa State Cyclones,betmgm,BetMGM,2026-09-06T18:05:38Z,h2h,2026-09-06T18:05:38Z,Iowa State Cyclones,550,,20260906180641293972
NCAAF,americanfootball_ncaaf,0633819fa9e60ac71609cd40e1596b1b,2026-09-12T23:30:00Z,Iowa Hawkeyes,Iowa State Cyclones,betmgm,BetMGM,2026-09-06T18:05:38Z,totals,2026-09-06T18:05:38Z,Over,-108,41.5,20260906180641293972
NCAAF,americanfootball_ncaaf,0633819fa9e60ac71609cd40e1596b1b,2026-09-12T23:30:00Z,Iowa Hawkeyes,Iowa State Cyclones,betmgm,BetMGM,2026-09-06T18:05:38Z,totals,2026-09-06T18:05:38Z,Under,-110,41.5,20260906180641293972
NCAAF,americanfootball_ncaaf,0633819fa9e60ac71609cd40e1596b1b,2026-09-12T23:30:00Z,Iowa Hawkeyes,Iowa State Cyclones,betonlineag,BetOnline.ag,2026-09-06T18:06:00Z,spreads,2026-09-06T18:06:00Z,Iowa Hawkeyes,-110,-14.5,20260906180641293972
NCAAF,americanfootball_ncaaf,0633819fa9e60ac71609cd40e1596b1b,2026-09-12T23:30:00Z,Iowa Hawkeyes,Iowa State Cyclones,betonlineag,BetOnline.ag,2026-09-06T18:06:00Z,spreads,2026-09-06T18:06:00Z,Iowa State Cyclones,-110,14.5,20260906180641293972
NCAAF,americanfootball_ncaaf,0633819fa9e60ac71609cd40e1596b1b,2026-09-12T23:30:00Z,Iowa Hawkeyes,Iowa State Cyclones,lowvig,LowVig.ag,2026-09-06T18:06:01Z,spreads,2026-09-06T18:06:01Z,Iowa Hawkeyes,-106,-14.5,20260906180641293972
NCAAF,americanfootball_ncaaf,0633819fa9e60ac71609cd40e1596b1b,2026-09-12T23:30:00Z,Iowa Hawkeyes,Iowa State Cyclones,lowvig,LowVig.ag,2026-09-06T18:06:01Z,spreads,2026-09-06T18:06:01Z,Iowa State Cyclones,-106,14.5,20260906180641293972
NCAAF,americanfootball_ncaaf,f64dfff0ca497539e1d013801cca92af,2026-09-12T23:30:00Z,LSU Tigers,Louisiana Tech Bulldogs,draftkings,DraftKings,2026-09-06T18:05:37Z,h2h,2026-09-06T18:05:37Z,Louisiana Tech Bulldogs,3000,,20260906180641293972
NCAAF,americanfootball_ncaaf,f64dfff0ca497539e1d013801cca92af,2026-09-12T23:30:00Z,LSU Tigers,Louisiana Tech Bulldogs,draftkings,DraftKings,2026-09-06T18:05:37Z,h2h,2026-09-06T18:05:37Z,LSU Tigers,-10000,,20260906180641293972
NCAAF,americanfootball_ncaaf,f64dfff0ca497539e1d013801cca92af,2026-09-12T23:30:00Z,LSU Tigers,Louisiana Tech Bulldogs,draftkings,DraftKings,2026-09-06T18:05:37Z,spreads,2026-09-06T18:05:37Z,Louisiana Tech Bulldogs,-112,31.5,20260906180641293972
NCAAF,americanfootball_ncaaf,f64dfff0ca497539e1d013801cca92af,2026-09-12T23:30:00Z,LSU Tigers,Louisiana Tech Bulldogs,draftkings,DraftKings,2026-09-06T18:05:37Z,spreads,2026-09-06T18:05:37Z,LSU Tigers,-108,-31.5,20260906180641293972
NCAAF,americanfootball_ncaaf,f64dfff0ca497539e1d013801cca92af,2026-09-12T23:30:00Z,LSU Tigers,Louisiana Tech Bulldogs,draftkings,DraftKings,2026-09-06T18:05:37Z,totals,2026-09-06T18:05:37Z,Over,-108,55.5,20260906180641293972
NCAAF,americanfootball_ncaaf,f64dfff0ca497539e1d013801cca92af,2026-09-12T23:30:00Z,LSU Tigers,Louisiana Tech Bulldogs,draftkings,DraftKings,2026-09-06T18:05:37Z,totals,2026-09-06T18:05:37Z,Under,-112,55.5,20260906180641293972
NCAAF,americanfootball_ncaaf,f64dfff0ca497539e1d013801cca92af,2026-09-12T23:30:00Z,LSU Tigers,Louisiana Tech Bulldogs,betonlineag,BetOnline.ag,2026-09-06T18:06:00Z,spreads,2026-09-06T18:06:00Z,Louisiana Tech Bulldogs,-110,31.5,20260906180641293972
NCAAF,americanfootball_ncaaf,f64dfff0ca497539e1d013801cca92af,2026-09-12T23:30:00Z,LSU Tigers,Louisiana Tech Bulldogs,betonlineag,BetOnline.ag,2026-09-06T18:06:00Z,spreads,2026-09-06T18:06:00Z,LSU Tigers,-110,-31.5,20260906180641293972
NCAAF,americanfootball_ncaaf,f64dfff0ca497539e1d013801cca92af,2026-09-12T23:30:00Z,LSU Tigers,Louisiana Tech Bulldogs,lowvig,LowVig.ag,2026-09-06T18:06:01Z,spreads,2026-09-06T18:06:01Z,Louisiana Tech Bulldogs,-106,31.5,20260906180641293972
NCAAF,americanfootball_ncaaf,f64dfff0ca497539e1d013801cca92af,2026-09-12T23:30:00Z,LSU Tigers,Louisiana Tech Bulldogs,lowvig,LowVig.ag,2026-09-06T18:06:01Z,spreads,2026-09-06T18:06:01Z,LSU Tigers,-106,-31.5,20260906180641293972
NCAAF,americanfootball_ncaaf,f64dfff0ca497539e1d013801cca92af,2026-09-12T23:30:00Z,LSU Tigers,Louisiana Tech Bulldogs,betmgm,BetMGM,2026-09-06T18:05:38Z,h2h,2026-09-06T18:05:38Z,Louisiana Tech Bulldogs,3000,,20260906180641293972
NCAAF,americanfootball_ncaaf,f64dfff0ca497539e1d013801cca92af,2026-09-12T23:30:00Z,LSU Tigers,Louisiana Tech Bulldogs,betmgm,BetMGM,2026-09-06T18:05:38Z,h2h,2026-09-06T18:05:38Z,LSU Tigers,-10000,,20260906180641293972
NCAAF,americanfootball_ncaaf,f64dfff0ca497539e1d013801cca92af,2026-09-12T23:30:00Z,LSU Tigers,Louisiana Tech Bulldogs,betmgm,BetMGM,2026-09-06T18:05:38Z,spreads,2026-09-06T18:05:38Z,Louisiana Tech Bulldogs,-110,31.5,20260906180641293972
NCAAF,americanfootball_ncaaf,f64dfff0ca497539e1d013801cca92af,2026-09-12T23:30:00Z,LSU Tigers,Louisiana Tech Bulldogs,betmgm,BetMGM,2026-09-06T18:05:38Z,spreads,2026-09-06T18:05:38Z,LSU Tigers,-108,-31.5,20260906180641293972
NCAAF,americanfootball_ncaaf,f64dfff0ca497539e1d013801cca92af,2026-09-12T23:30:00Z,LSU Tigers,Louisiana Tech Bulldogs,betmgm,BetMGM,2026-09-06T18:05:38Z,totals,2026-09-06T18:05:38Z,Over,-108,55.5,20260906180641293972
NCAAF,americanfootball_ncaaf,f64dfff0ca497539e1d013801cca92af,2026-09-12T23:30:00Z,LSU Tigers,Louisiana Tech Bulldogs,betmgm,BetMGM,2026-09-06T18:05:38Z,totals,2026-09-06T18:05:38Z,Under,-110,55.5,20260906180641293972
NCAAF,americanfootball_ncaaf,08c34029ecc85b4a6d519f90f9082e56,2026-09-12T23:30:00Z,Texas Longhorns,Ohio State Buckeyes,fanduel,FanDuel,2026-09-06T18:06:26Z,h2h,2026-09-06T18:06:26Z,Ohio State Buckeyes,-104,,20260906180641293972
NCAAF,americanfootball_ncaaf,08c34029ecc85b4a6d519f90f9082e56,2026-09-12T23:30:00Z,Texas Longhorns,Ohio State Buckeyes,fanduel,FanDuel,2026-09-06T18:06:26Z,h2h,2026-09-06T18:06:26Z,Texas Longhorns,-115,,20260906180641293972
NCAAF,americanfootball_ncaaf,08c34029ecc85b4a6d519f90f9082e56,2026-09-12T23:30:00Z,Texas Longhorns,Ohio State Buckeyes,fanduel,FanDuel,2026-09-06T18:06:26Z,spreads,2026-09-06T18:06:26Z,Ohio State Buckeyes,-114,1.5,20260906180641293972
NCAAF,americanfootball_ncaaf,08c34029ecc85b4a6d519f90f9082e56,2026-09-12T23:30:00Z,Texas Longhorns,Ohio State Buckeyes,fanduel,FanDuel,2026-09-06T18:06:26Z,spreads,2026-09-06T18:06:26Z,Texas Longhorns,-106,-1.5,20260906180641293972
NCAAF,americanfootball_ncaaf,08c34029ecc85b4a6d519f90f9082e56,2026-09-12T23:30:00Z,Texas Longhorns,Ohio State Buckeyes,fanduel,FanDuel,2026-09-06T18:06:26Z,totals,2026-09-06T18:06:26Z,Over,-115,47.5,20260906180641293972
NCAAF,americanfootball_ncaaf,08c34029ecc85b4a6d519f90f9082e56,2026-09-12T23:30:00Z,Texas Longhorns,Ohio State Buckeyes,fanduel,FanDuel,2026-09-06T18:06:26Z,totals,2026-09-06T18:06:26Z,Under,-105,47.5,20260906180641293972
NCAAF,americanfootball_ncaaf,08c34029ecc85b4a6d519f90f9082e56,2026-09-12T23:30:00Z,Texas Longhorns,Ohio State Buckeyes,bovada,Bovada,2026-09-06T18:06:03Z,h2h,2026-09-06T18:06:03Z,Ohio State Buckeyes,-105,,20260906180641293972
NCAAF,americanfootball_ncaaf,08c34029ecc85b4a6d519f90f9082e56,2026-09-12T23:30:00Z,Texas Longhorns,Ohio State Buckeyes,bovada,Bovada,2026-09-06T18:06:03Z,h2h,2026-09-06T18:06:03Z,Texas Longhorns,-115,,20260906180641293972
NCAAF,americanfootball_ncaaf,08c34029ecc85b4a6d519f90f9082e56,2026-09-12T23:30:00Z,Texas Longhorns,Ohio State Buckeyes,bovada,Bovada,2026-09-06T18:06:03Z,spreads,2026-09-06T18:06:03Z,Ohio State Buckeyes,-110,1.0,20260906180641293972
NCAAF,americanfootball_ncaaf,08c34029ecc85b4a6d519f90f9082e56,2026-09-12T23:30:00Z,Texas Longhorns,Ohio State Buckeyes,bovada,Bovada,2026-09-06T18:06:03Z,spreads,2026-09-06T18:06:03Z,Texas Longhorns,-110,-1.0,20260906180641293972
NCAAF,americanfootball_ncaaf,08c34029ecc85b4a6d519f90f9082e56,2026-09-12T23:30:00Z,Texas Longhorns,Ohio State Buckeyes,bovada,Bovada,2026-09-06T18:06:03Z,totals,2026-09-06T18:06:03Z,Over,-110,48.0,20260906180641293972
NCAAF,americanfootball_ncaaf,08c34029ecc85b4a6d519f90f9082e56,2026-09-12T23:30:00Z,Texas Longhorns,Ohio State Buckeyes,bovada,Bovada,2026-09-06T18:06:03Z,totals,2026-09-06T18:06:03Z,Under,-110,48.0,20260906180641293972
NCAAF,americanfootball_ncaaf,08c34029ecc85b4a6d519f90f9082e56,2026-09-12T23:30:00Z,Texas Longhorns,Ohio State Buckeyes,betmgm,BetMGM,2026-09-06T18:05:38Z,h2h,2026-09-06T18:05:38Z,Ohio State Buckeyes,-110,,20260906180641293972
NCAAF,americanfootball_ncaaf,08c34029ecc85b4a6d519f90f9082e56,2026-09-12T23:30:00Z,Texas Longhorns,Ohio State Buckeyes,betmgm,BetMGM,2026-09-06T18:05:38Z,h2h,2026-09-06T18:05:38Z,Texas Longhorns,-108,,20260906180641293972
NCAAF,americanfootball_ncaaf,08c34029ecc85b4a6d519f90f9082e56,2026-09-12T23:30:00Z,Texas Longhorns,Ohio State Buckeyes,betmgm,BetMGM,2026-09-06T18:05:38Z,spreads,2026-09-06T18:05:38Z,Ohio State Buckeyes,-102,-1.0,20260906180641293972
NCAAF,americanfootball_ncaaf,08c34029ecc85b4a6d519f90f9082e56,2026-09-12T23:30:00Z,Texas Longhorns,Ohio State Buckeyes,betmgm,BetMGM,2026-09-06T18:05:38Z,spreads,2026-09-06T18:05:38Z,Texas Longhorns,-118,1.0,20260906180641293972
NCAAF,americanfootball_ncaaf,08c34029ecc85b4a6d519f90f9082e56,2026-09-12T23:30:00Z,Texas Longhorns,Ohio State Buckeyes,betmgm,BetMGM,2026-09-06T18:05:38Z,totals,2026-09-06T18:05:38Z,Over,-105,48.5,20260906180641293972
NCAAF,americanfootball_ncaaf,08c34029ecc85b4a6d519f90f9082e56,2026-09-12T23:30:00Z,Texas Longhorns,Ohio State Buckeyes,betmgm,BetMGM,2026-09-06T18:05:38Z,totals,2026-09-06T18:05:38Z,Under,-112,48.5,20260906180641293972
NCAAF,americanfootball_ncaaf,08c34029ecc85b4a6d519f90f9082e56,2026-09-12T23:30:00Z,Texas Longhorns,Ohio State Buckeyes,betrivers,BetRivers,2026-09-06T18:06:25Z,h2h,2026-09-06T18:06:25Z,Ohio State Buckeyes,-103,,20260906180641293972
NCAAF,americanfootball_ncaaf,08c34029ecc85b4a6d519f90f9082e56,2026-09-12T23:30:00Z,Texas Longhorns,Ohio State Buckeyes,betrivers,BetRivers,2026-09-06T18:06:25Z,h2h,2026-09-06T18:06:25Z,Texas Longhorns,-125,,20260906180641293972
NCAAF,americanfootball_ncaaf,08c34029ecc85b4a6d519f90f9082e56,2026-09-12T23:30:00Z,Texas Longhorns,Ohio State Buckeyes,betrivers,BetRivers,2026-09-06T18:06:25Z,spreads,2026-09-06T18:06:25Z,Ohio State Buckeyes,-112,1.5,20260906180641293972
NCAAF,americanfootball_ncaaf,08c34029ecc85b4a6d519f90f9082e56,2026-09-12T23:30:00Z,Texas Longhorns,Ohio State Buckeyes,betrivers,BetRivers,2026-09-06T18:06:25Z,spreads,2026-09-06T18:06:25Z,Texas Longhorns,-112,-1.5,20260906180641293972
NCAAF,americanfootball_ncaaf,08c34029ecc85b4a6d519f90f9082e56,2026-09-12T23:30:00Z,Texas Longhorns,Ohio State Buckeyes,betrivers,BetRivers,2026-09-06T18:06:25Z,totals,2026-09-06T18:06:25Z,Over,-114,47.5,20260906180641293972
NCAAF,americanfootball_ncaaf,08c34029ecc85b4a6d519f90f9082e56,2026-09-12T23:30:00Z,Texas Longhorns,Ohio State Buckeyes,betrivers,BetRivers,2026-09-06T18:06:25Z,totals,2026-09-06T18:06:25Z,Under,-109,47.5,20260906180641293972
NCAAF,americanfootball_ncaaf,08c34029ecc85b4a6d519f90f9082e56,2026-09-12T23:30:00Z,Texas Longhorns,Ohio State Buckeyes,draftkings,DraftKings,2026-09-06T18:05:37Z,h2h,2026-09-06T18:05:37Z,Ohio State Buckeyes,-105,,20260906180641293972
NCAAF,americanfootball_ncaaf,08c34029ecc85b4a6d519f90f9082e56,2026-09-12T23:30:00Z,Texas Longhorns,Ohio State Buckeyes,draftkings,DraftKings,2026-09-06T18:05:37Z,h2h,2026-09-06T18:05:37Z,Texas Longhorns,-115,,20260906180641293972
NCAAF,americanfootball_ncaaf,08c34029ecc85b4a6d519f90f9082e56,2026-09-12T23:30:00Z,Texas Longhorns,Ohio State Buckeyes,draftkings,DraftKings,2026-09-06T18:05:37Z,spreads,2026-09-06T18:05:37Z,Ohio State Buckeyes,-112,1.5,20260906180641293972
NCAAF,americanfootball_ncaaf,08c34029ecc85b4a6d519f90f9082e56,2026-09-12T23:30:00Z,Texas Longhorns,Ohio State Buckeyes,draftkings,DraftKings,2026-09-06T18:05:37Z,spreads,2026-09-06T18:05:37Z,Texas Longhorns,-108,-1.5,20260906180641293972
NCAAF,americanfootball_ncaaf,08c34029ecc85b4a6d519f90f9082e56,2026-09-12T23:30:00Z,Texas Longhorns,Ohio State Buckeyes,draftkings,DraftKings,2026-09-06T18:05:37Z,totals,2026-09-06T18:05:37Z,Over,-110,47.5,20260906180641293972
NCAAF,americanfootball_ncaaf,08c34029ecc85b4a6d519f90f9082e56,2026-09-12T23:30:00Z,Texas Longhorns,Ohio State Buckeyes,draftkings,DraftKings,2026-09-06T18:05:37Z,totals,2026-09-06T18:05:37Z,Under,-110,47.5,20260906180641293972
NCAAF,americanfootball_ncaaf,08c34029ecc85b4a6d519f90f9082e56,2026-09-12T23:30:00Z,Texas Longhorns,Ohio State Buckeyes,lowvig,LowVig.ag,2026-09-06T18:06:01Z,spreads,2026-09-06T18:06:01Z,Ohio State Buckeyes,-106,-1.5,20260906180641293972
NCAAF,americanfootball_ncaaf,08c34029ecc85b4a6d519f90f9082e56,2026-09-12T23:30:00Z,Texas Longhorns,Ohio State Buckeyes,lowvig,LowVig.ag,2026-09-06T18:06:01Z,spreads,2026-09-06T18:06:01Z,Texas Longhorns,-106,1.5,20260906180641293972
NCAAF,americanfootball_ncaaf,08c34029ecc85b4a6d519f90f9082e56,2026-09-12T23:30:00Z,Texas Longhorns,Ohio State Buckeyes,lowvig,LowVig.ag,2026-09-06T18:06:01Z,totals,2026-09-06T18:06:01Z,Over,-108,49.0,20260906180641293972
NCAAF,americanfootball_ncaaf,08c34029ecc85b4a6d519f90f9082e56,2026-09-12T23:30:00Z,Texas Longhorns,Ohio State Buckeyes,lowvig,LowVig.ag,2026-09-06T18:06:01Z,totals,2026-09-06T18:06:01Z,Under,-108,49.0,20260906180641293972
NCAAF,americanfootball_ncaaf,08c34029ecc85b4a6d519f90f9082e56,2026-09-12T23:30:00Z,Texas Longhorns,Ohio State Buckeyes,betonlineag,BetOnline.ag,2026-09-06T18:06:00Z,spreads,2026-09-06T18:06:00Z,Ohio State Buckeyes,-110,-1.5,20260906180641293972
NCAAF,americanfootball_ncaaf,08c34029ecc85b4a6d519f90f9082e56,2026-09-12T23:30:00Z,Texas Longhorns,Ohio State Buckeyes,betonlineag,BetOnline.ag,2026-09-06T18:06:00Z,spreads,2026-09-06T18:06:00Z,Texas Longhorns,-110,1.5,20260906180641293972
NCAAF,americanfootball_ncaaf,08c34029ecc85b4a6d519f90f9082e56,2026-09-12T23:30:00Z,Texas Longhorns,Ohio State Buckeyes,betonlineag,BetOnline.ag,2026-09-06T18:06:00Z,totals,2026-09-06T18:06:00Z,Over,-110,49.0,20260906180641293972
NCAAF,americanfootball_ncaaf,08c34029ecc85b4a6d519f90f9082e56,2026-09-12T23:30:00Z,Texas Longhorns,Ohio State Buckeyes,betonlineag,BetOnline.ag,2026-09-06T18:06:00Z,totals,2026-09-06T18:06:00Z,Under,-110,49.0,20260906180641293972
NCAAF,americanfootball_ncaaf,f0d4ea035d6edfabda0c2b298c7d42d2,2026-09-12T23:30:00Z,Oregon State Beavers,Texas Tech Red Raiders,fanduel,FanDuel,2026-09-06T18:06:27Z,h2h,2026-09-06T18:06:26Z,Oregon State Beavers,1600,,20260906180641293972
NCAAF,americanfootball_ncaaf,f0d4ea035d6edfabda0c2b298c7d42d2,2026-09-12T23:30:00Z,Oregon State Beavers,Texas Tech Red Raiders,fanduel,FanDuel,2026-09-06T18:06:27Z,h2h,2026-09-06T18:06:26Z,Texas Tech Red Raiders,-4500,,20260906180641293972
NCAAF,americanfootball_ncaaf,f0d4ea035d6edfabda0c2b298c7d42d2,2026-09-12T23:30:00Z,Oregon State Beavers,Texas Tech Red Raiders,fanduel,FanDuel,2026-09-06T18:06:27Z,spreads,2026-09-06T18:06:26Z,Oregon State Beavers,-114,27.5,20260906180641293972
NCAAF,americanfootball_ncaaf,f0d4ea035d6edfabda0c2b298c7d42d2,2026-09-12T23:30:00Z,Oregon State Beavers,Texas Tech Red Raiders,fanduel,FanDuel,2026-09-06T18:06:27Z,spreads,2026-09-06T18:06:26Z,Texas Tech Red Raiders,-106,-27.5,20260906180641293972
NCAAF,americanfootball_ncaaf,f0d4ea035d6edfabda0c2b298c7d42d2,2026-09-12T23:30:00Z,Oregon State Beavers,Texas Tech Red Raiders,fanduel,FanDuel,2026-09-06T18:06:27Z,totals,2026-09-06T18:06:26Z,Over,-110,51.5,20260906180641293972
NCAAF,americanfootball_ncaaf,f0d4ea035d6edfabda0c2b298c7d42d2,2026-09-12T23:30:00Z,Oregon State Beavers,Texas Tech Red Raiders,fanduel,FanDuel,2026-09-06T18:06:27Z,totals,2026-09-06T18:06:26Z,Under,-110,51.5,20260906180641293972
NCAAF,americanfootball_ncaaf,f0d4ea035d6edfabda0c2b298c7d42d2,2026-09-12T23:30:00Z,Oregon State Beavers,Texas Tech Red Raiders,draftkings,DraftKings,2026-09-06T18:05:37Z,h2h,2026-09-06T18:05:37Z,Oregon State Beavers,1800,,20260906180641293972
NCAAF,americanfootball_ncaaf,f0d4ea035d6edfabda0c2b298c7d42d2,2026-09-12T23:30:00Z,Oregon State Beavers,Texas Tech Red Raiders,draftkings,DraftKings,2026-09-06T18:05:37Z,h2h,2026-09-06T18:05:37Z,Texas Tech Red Raiders,-5000,,20260906180641293972
NCAAF,americanfootball_ncaaf,f0d4ea035d6edfabda0c2b298c7d42d2,2026-09-12T23:30:00Z,Oregon State Beavers,Texas Tech Red Raiders,draftkings,DraftKings,2026-09-06T18:05:37Z,spreads,2026-09-06T18:05:37Z,Oregon State Beavers,-110,25.5,20260906180641293972
NCAAF,americanfootball_ncaaf,f0d4ea035d6edfabda0c2b298c7d42d2,2026-09-12T23:30:00Z,Oregon State Beavers,Texas Tech Red Raiders,draftkings,DraftKings,2026-09-06T18:05:37Z,spreads,2026-09-06T18:05:37Z,Texas Tech Red Raiders,-110,-25.5,20260906180641293972
NCAAF,americanfootball_ncaaf,f0d4ea035d6edfabda0c2b298c7d42d2,2026-09-12T23:30:00Z,Oregon State Beavers,Texas Tech Red Raiders,draftkings,DraftKings,2026-09-06T18:05:37Z,totals,2026-09-06T18:05:37Z,Over,-108,50.5,20260906180641293972
NCAAF,americanfootball_ncaaf,f0d4ea035d6edfabda0c2b298c7d42d2,2026-09-12T23:30:00Z,Oregon State Beavers,Texas Tech Red Raiders,draftkings,DraftKings,2026-09-06T18:05:37Z,totals,2026-09-06T18:05:37Z,Under,-112,50.5,20260906180641293972
NCAAF,americanfootball_ncaaf,f0d4ea035d6edfabda0c2b298c7d42d2,2026-09-12T23:30:00Z,Oregon State Beavers,Texas Tech Red Raiders,lowvig,LowVig.ag,2026-09-06T18:06:01Z,spreads,2026-09-06T18:06:01Z,Oregon State Beavers,-106,27.5,20260906180641293972
NCAAF,americanfootball_ncaaf,f0d4ea035d6edfabda0c2b298c7d42d2,2026-09-12T23:30:00Z,Oregon State Beavers,Texas Tech Red Raiders,lowvig,LowVig.ag,2026-09-06T18:06:01Z,spreads,2026-09-06T18:06:01Z,Texas Tech Red Raiders,-106,-27.5,20260906180641293972
NCAAF,americanfootball_ncaaf,f0d4ea035d6edfabda0c2b298c7d42d2,2026-09-12T23:30:00Z,Oregon State Beavers,Texas Tech Red Raiders,betonlineag,BetOnline.ag,2026-09-06T18:06:00Z,spreads,2026-09-06T18:06:00Z,Oregon State Beavers,-110,27.5,20260906180641293972
NCAAF,americanfootball_ncaaf,f0d4ea035d6edfabda0c2b298c7d42d2,2026-09-12T23:30:00Z,Oregon State Beavers,Texas Tech Red Raiders,betonlineag,BetOnline.ag,2026-09-06T18:06:00Z,spreads,2026-09-06T18:06:00Z,Texas Tech Red Raiders,-110,-27.5,20260906180641293972
NCAAF,americanfootball_ncaaf,f0d4ea035d6edfabda0c2b298c7d42d2,2026-09-12T23:30:00Z,Oregon State Beavers,Texas Tech Red Raiders,betmgm,BetMGM,2026-09-06T18:05:38Z,h2h,2026-09-06T18:05:38Z,Oregon State Beavers,1900,,20260906180641293972
NCAAF,americanfootball_ncaaf,f0d4ea035d6edfabda0c2b298c7d42d2,2026-09-12T23:30:00Z,Oregon State Beavers,Texas Tech Red Raiders,betmgm,BetMGM,2026-09-06T18:05:38Z,h2h,2026-09-06T18:05:38Z,Texas Tech Red Raiders,-5000,,20260906180641293972
NCAAF,americanfootball_ncaaf,f0d4ea035d6edfabda0c2b298c7d42d2,2026-09-12T23:30:00Z,Oregon State Beavers,Texas Tech Red Raiders,betmgm,BetMGM,2026-09-06T18:05:38Z,spreads,2026-09-06T18:05:38Z,Oregon State Beavers,-108,26.5,20260906180641293972
NCAAF,americanfootball_ncaaf,f0d4ea035d6edfabda0c2b298c7d42d2,2026-09-12T23:30:00Z,Oregon State Beavers,Texas Tech Red Raiders,betmgm,BetMGM,2026-09-06T18:05:38Z,spreads,2026-09-06T18:05:38Z,Texas Tech Red Raiders,-110,-26.5,20260906180641293972
NCAAF,americanfootball_ncaaf,f0d4ea035d6edfabda0c2b298c7d42d2,2026-09-12T23:30:00Z,Oregon State Beavers,Texas Tech Red Raiders,betmgm,BetMGM,2026-09-06T18:05:38Z,totals,2026-09-06T18:05:38Z,Over,-102,51.5,20260906180641293972
NCAAF,americanfootball_ncaaf,f0d4ea035d6edfabda0c2b298c7d42d2,2026-09-12T23:30:00Z,Oregon State Beavers,Texas Tech Red Raiders,betmgm,BetMGM,2026-09-06T18:05:38Z,totals,2026-09-06T18:05:38Z,Under,-118,51.5,20260906180641293972
NCAAF,americanfootball_ncaaf,0a6b6423d89be9817a0c8cd830e8cc0d,2026-09-12T23:45:00Z,Auburn Tigers,Southern Mississippi Golden Eagles,draftkings,DraftKings,2026-09-06T18:05:37Z,h2h,2026-09-06T18:05:37Z,Auburn Tigers,-5000,,20260906180641293972
NCAAF,americanfootball_ncaaf,0a6b6423d89be9817a0c8cd830e8cc0d,2026-09-12T23:45:00Z,Auburn Tigers,Southern Mississippi Golden Eagles,draftkings,DraftKings,2026-09-06T18:05:37Z,h2h,2026-09-06T18:05:37Z,Southern Mississippi Golden Eagles,1800,,20260906180641293972
NCAAF,americanfootball_ncaaf,0a6b6423d89be9817a0c8cd830e8cc0d,2026-09-12T23:45:00Z,Auburn Tigers,Southern Mississippi Golden Eagles,draftkings,DraftKings,2026-09-06T18:05:37Z,spreads,2026-09-06T18:05:37Z,Auburn Tigers,-108,-29.5,20260906180641293972
NCAAF,americanfootball_ncaaf,0a6b6423d89be9817a0c8cd830e8cc0d,2026-09-12T23:45:00Z,Auburn Tigers,Southern Mississippi Golden Eagles,draftkings,DraftKings,2026-09-06T18:05:37Z,spreads,2026-09-06T18:05:37Z,Southern Mississippi Golden Eagles,-112,29.5,20260906180641293972
NCAAF,americanfootball_ncaaf,0a6b6423d89be9817a0c8cd830e8cc0d,2026-09-12T23:45:00Z,Auburn Tigers,Southern Mississippi Golden Eagles,draftkings,DraftKings,2026-09-06T18:05:37Z,totals,2026-09-06T18:05:37Z,Over,-115,52.5,20260906180641293972
NCAAF,americanfootball_ncaaf,0a6b6423d89be9817a0c8cd830e8cc0d,2026-09-12T23:45:00Z,Auburn Tigers,Southern Mississippi Golden Eagles,draftkings,DraftKings,2026-09-06T18:05:37Z,totals,2026-09-06T18:05:37Z,Under,-105,52.5,20260906180641293972
NCAAF,americanfootball_ncaaf,0a6b6423d89be9817a0c8cd830e8cc0d,2026-09-12T23:45:00Z,Auburn Tigers,Southern Mississippi Golden Eagles,lowvig,LowVig.ag,2026-09-06T18:06:01Z,spreads,2026-09-06T18:06:01Z,Auburn Tigers,-106,-29.5,20260906180641293972
NCAAF,americanfootball_ncaaf,0a6b6423d89be9817a0c8cd830e8cc0d,2026-09-12T23:45:00Z,Auburn Tigers,Southern Mississippi Golden Eagles,lowvig,LowVig.ag,2026-09-06T18:06:01Z,spreads,2026-09-06T18:06:01Z,Southern Mississippi Golden Eagles,-106,29.5,20260906180641293972
NCAAF,americanfootball_ncaaf,0a6b6423d89be9817a0c8cd830e8cc0d,2026-09-12T23:45:00Z,Auburn Tigers,Southern Mississippi Golden Eagles,betonlineag,BetOnline.ag,2026-09-06T18:06:00Z,spreads,2026-09-06T18:06:00Z,Auburn Tigers,-110,-29.5,20260906180641293972
NCAAF,americanfootball_ncaaf,0a6b6423d89be9817a0c8cd830e8cc0d,2026-09-12T23:45:00Z,Auburn Tigers,Southern Mississippi Golden Eagles,betonlineag,BetOnline.ag,2026-09-06T18:06:00Z,spreads,2026-09-06T18:06:00Z,Southern Mississippi Golden Eagles,-110,29.5,20260906180641293972
NCAAF,americanfootball_ncaaf,0a6b6423d89be9817a0c8cd830e8cc0d,2026-09-12T23:45:00Z,Auburn Tigers,Southern Mississippi Golden Eagles,betmgm,BetMGM,2026-09-06T18:05:38Z,h2h,2026-09-06T18:05:38Z,Auburn Tigers,-5000,,20260906180641293972
NCAAF,americanfootball_ncaaf,0a6b6423d89be9817a0c8cd830e8cc0d,2026-09-12T23:45:00Z,Auburn Tigers,Southern Mississippi Golden Eagles,betmgm,BetMGM,2026-09-06T18:05:38Z,h2h,2026-09-06T18:05:38Z,Southern Mississippi Golden Eagles,2200,,20260906180641293972
NCAAF,americanfootball_ncaaf,0a6b6423d89be9817a0c8cd830e8cc0d,2026-09-12T23:45:00Z,Auburn Tigers,Southern Mississippi Golden Eagles,betmgm,BetMGM,2026-09-06T18:05:38Z,spreads,2026-09-06T18:05:38Z,Auburn Tigers,-110,-29.0,20260906180641293972
NCAAF,americanfootball_ncaaf,0a6b6423d89be9817a0c8cd830e8cc0d,2026-09-12T23:45:00Z,Auburn Tigers,Southern Mississippi Golden Eagles,betmgm,BetMGM,2026-09-06T18:05:38Z,spreads,2026-09-06T18:05:38Z,Southern Mississippi Golden Eagles,-108,29.0,20260906180641293972
NCAAF,americanfootball_ncaaf,0a6b6423d89be9817a0c8cd830e8cc0d,2026-09-12T23:45:00Z,Auburn Tigers,Southern Mississippi Golden Eagles,betmgm,BetMGM,2026-09-06T18:05:38Z,totals,2026-09-06T18:05:38Z,Over,-110,53.5,20260906180641293972
NCAAF,americanfootball_ncaaf,0a6b6423d89be9817a0c8cd830e8cc0d,2026-09-12T23:45:00Z,Auburn Tigers,Southern Mississippi Golden Eagles,betmgm,BetMGM,2026-09-06T18:05:38Z,totals,2026-09-06T18:05:38Z,Under,-108,53.5,20260906180641293972
NCAAF,americanfootball_ncaaf,964916986927738c0d73842de1dd51bd,2026-09-12T23:45:00Z,Ole Miss Rebels,Charlotte 49ers,draftkings,DraftKings,2026-09-06T18:05:37Z,spreads,2026-09-06T18:05:37Z,Charlotte 49ers,-105,46.5,20260906180641293972
NCAAF,americanfootball_ncaaf,964916986927738c0d73842de1dd51bd,2026-09-12T23:45:00Z,Ole Miss Rebels,Charlotte 49ers,draftkings,DraftKings,2026-09-06T18:05:37Z,spreads,2026-09-06T18:05:37Z,Ole Miss Rebels,-115,-46.5,20260906180641293972
NCAAF,americanfootball_ncaaf,964916986927738c0d73842de1dd51bd,2026-09-12T23:45:00Z,Ole Miss Rebels,Charlotte 49ers,draftkings,DraftKings,2026-09-06T18:05:37Z,totals,2026-09-06T18:05:37Z,Over,-112,61.5,20260906180641293972
NCAAF,americanfootball_ncaaf,964916986927738c0d73842de1dd51bd,2026-09-12T23:45:00Z,Ole Miss Rebels,Charlotte 49ers,draftkings,DraftKings,2026-09-06T18:05:37Z,totals,2026-09-06T18:05:37Z,Under,-108,61.5,20260906180641293972
NCAAF,americanfootball_ncaaf,964916986927738c0d73842de1dd51bd,2026-09-12T23:45:00Z,Ole Miss Rebels,Charlotte 49ers,betonlineag,BetOnline.ag,2026-09-06T18:06:00Z,spreads,2026-09-06T18:06:00Z,Charlotte 49ers,-110,46.5,20260906180641293972
NCAAF,americanfootball_ncaaf,964916986927738c0d73842de1dd51bd,2026-09-12T23:45:00Z,Ole Miss Rebels,Charlotte 49ers,betonlineag,BetOnline.ag,2026-09-06T18:06:00Z,spreads,2026-09-06T18:06:00Z,Ole Miss Rebels,-110,-46.5,20260906180641293972
NCAAF,americanfootball_ncaaf,7a78c246bb38d32c3238724e57051b15,2026-09-13T02:00:00Z,Air Force Falcons,North Dakota State Bison,draftkings,DraftKings,2026-09-06T18:05:37Z,h2h,2026-09-06T18:05:37Z,Air Force Falcons,200,,20260906180641293972
NCAAF,americanfootball_ncaaf,7a78c246bb38d32c3238724e57051b15,2026-09-13T02:00:00Z,Air Force Falcons,North Dakota State Bison,draftkings,DraftKings,2026-09-06T18:05:37Z,h2h,2026-09-06T18:05:37Z,North Dakota State Bison,-245,,20260906180641293972
NCAAF,americanfootball_ncaaf,7a78c246bb38d32c3238724e57051b15,2026-09-13T02:00:00Z,Air Force Falcons,North Dakota State Bison,draftkings,DraftKings,2026-09-06T18:05:37Z,spreads,2026-09-06T18:05:37Z,Air Force Falcons,-115,6.5,20260906180641293972
NCAAF,americanfootball_ncaaf,7a78c246bb38d32c3238724e57051b15,2026-09-13T02:00:00Z,Air Force Falcons,North Dakota State Bison,draftkings,DraftKings,2026-09-06T18:05:37Z,spreads,2026-09-06T18:05:37Z,North Dakota State Bison,-105,-6.5,20260906180641293972
NCAAF,americanfootball_ncaaf,7a78c246bb38d32c3238724e57051b15,2026-09-13T02:00:00Z,Air Force Falcons,North Dakota State Bison,draftkings,DraftKings,2026-09-06T18:05:37Z,totals,2026-09-06T18:05:37Z,Over,-110,49.5,20260906180641293972
NCAAF,americanfootball_ncaaf,7a78c246bb38d32c3238724e57051b15,2026-09-13T02:00:00Z,Air Force Falcons,North Dakota State Bison,draftkings,DraftKings,2026-09-06T18:05:37Z,totals,2026-09-06T18:05:37Z,Under,-110,49.5,20260906180641293972
NCAAF,americanfootball_ncaaf,7a78c246bb38d32c3238724e57051b15,2026-09-13T02:00:00Z,Air Force Falcons,North Dakota State Bison,lowvig,LowVig.ag,2026-09-06T18:06:01Z,spreads,2026-09-06T18:06:01Z,Air Force Falcons,-106,6.5,20260906180641293972
NCAAF,americanfootball_ncaaf,7a78c246bb38d32c3238724e57051b15,2026-09-13T02:00:00Z,Air Force Falcons,North Dakota State Bison,lowvig,LowVig.ag,2026-09-06T18:06:01Z,spreads,2026-09-06T18:06:01Z,North Dakota State Bison,-106,-6.5,20260906180641293972
NCAAF,americanfootball_ncaaf,7a78c246bb38d32c3238724e57051b15,2026-09-13T02:00:00Z,Air Force Falcons,North Dakota State Bison,betonlineag,BetOnline.ag,2026-09-06T18:06:00Z,spreads,2026-09-06T18:06:00Z,Air Force Falcons,-110,6.5,20260906180641293972
NCAAF,americanfootball_ncaaf,7a78c246bb38d32c3238724e57051b15,2026-09-13T02:00:00Z,Air Force Falcons,North Dakota State Bison,betonlineag,BetOnline.ag,2026-09-06T18:06:00Z,spreads,2026-09-06T18:06:00Z,North Dakota State Bison,-110,-6.5,20260906180641293972
NCAAF,americanfootball_ncaaf,b1298d12169731a56fba3b484f27c005,2026-09-13T02:30:00Z,Fresno State Bulldogs,Sacramento State Hornets,draftkings,DraftKings,2026-09-06T18:05:37Z,h2h,2026-09-06T18:05:37Z,Fresno State Bulldogs,-1050,,20260906180641293972
NCAAF,americanfootball_ncaaf,b1298d12169731a56fba3b484f27c005,2026-09-13T02:30:00Z,Fresno State Bulldogs,Sacramento State Hornets,draftkings,DraftKings,2026-09-06T18:05:37Z,h2h,2026-09-06T18:05:37Z,Sacramento State Hornets,675,,20260906180641293972
NCAAF,americanfootball_ncaaf,b1298d12169731a56fba3b484f27c005,2026-09-13T02:30:00Z,Fresno State Bulldogs,Sacramento State Hornets,draftkings,DraftKings,2026-09-06T18:05:37Z,spreads,2026-09-06T18:05:37Z,Fresno State Bulldogs,-108,-18.5,20260906180641293972
NCAAF,americanfootball_ncaaf,b1298d12169731a56fba3b484f27c005,2026-09-13T02:30:00Z,Fresno State Bulldogs,Sacramento State Hornets,draftkings,DraftKings,2026-09-06T18:05:37Z,spreads,2026-09-06T18:05:37Z,Sacramento State Hornets,-112,18.5,20260906180641293972
NCAAF,americanfootball_ncaaf,b1298d12169731a56fba3b484f27c005,2026-09-13T02:30:00Z,Fresno State Bulldogs,Sacramento State Hornets,draftkings,DraftKings,2026-09-06T18:05:37Z,totals,2026-09-06T18:05:37Z,Over,-108,48.5,20260906180641293972
NCAAF,americanfootball_ncaaf,b1298d12169731a56fba3b484f27c005,2026-09-13T02:30:00Z,Fresno State Bulldogs,Sacramento State Hornets,draftkings,DraftKings,2026-09-06T18:05:37Z,totals,2026-09-06T18:05:37Z,Under,-112,48.5,20260906180641293972
NCAAF,americanfootball_ncaaf,b1298d12169731a56fba3b484f27c005,2026-09-13T02:30:00Z,Fresno State Bulldogs,Sacramento State Hornets,lowvig,LowVig.ag,2026-09-06T18:06:01Z,spreads,2026-09-06T18:06:01Z,Fresno State Bulldogs,-106,-18.5,20260906180641293972
NCAAF,americanfootball_ncaaf,b1298d12169731a56fba3b484f27c005,2026-09-13T02:30:00Z,Fresno State Bulldogs,Sacramento State Hornets,lowvig,LowVig.ag,2026-09-06T18:06:01Z,spreads,2026-09-06T18:06:01Z,Sacramento State Hornets,-106,18.5,20260906180641293972
NCAAF,americanfootball_ncaaf,b1298d12169731a56fba3b484f27c005,2026-09-13T02:30:00Z,Fresno State Bulldogs,Sacramento State Hornets,betonlineag,BetOnline.ag,2026-09-06T18:06:00Z,spreads,2026-09-06T18:06:00Z,Fresno State Bulldogs,-110,-18.5,20260906180641293972
NCAAF,americanfootball_ncaaf,b1298d12169731a56fba3b484f27c005,2026-09-13T02:30:00Z,Fresno State Bulldogs,Sacramento State Hornets,betonlineag,BetOnline.ag,2026-09-06T18:06:00Z,spreads,2026-09-06T18:06:00Z,Sacramento State Hornets,-110,18.5,20260906180641293972
NCAAF,americanfootball_ncaaf,b1298d12169731a56fba3b484f27c005,2026-09-13T02:30:00Z,Fresno State Bulldogs,Sacramento State Hornets,betmgm,BetMGM,2026-09-06T18:05:38Z,h2h,2026-09-06T18:05:38Z,Fresno State Bulldogs,-1000,,20260906180641293972
NCAAF,americanfootball_ncaaf,b1298d12169731a56fba3b484f27c005,2026-09-13T02:30:00Z,Fresno State Bulldogs,Sacramento State Hornets,betmgm,BetMGM,2026-09-06T18:05:38Z,h2h,2026-09-06T18:05:38Z,Sacramento State Hornets,675,,20260906180641293972
NCAAF,americanfootball_ncaaf,b1298d12169731a56fba3b484f27c005,2026-09-13T02:30:00Z,Fresno State Bulldogs,Sacramento State Hornets,betmgm,BetMGM,2026-09-06T18:05:38Z,spreads,2026-09-06T18:05:38Z,Fresno State Bulldogs,-108,-18.5,20260906180641293972
NCAAF,americanfootball_ncaaf,b1298d12169731a56fba3b484f27c005,2026-09-13T02:30:00Z,Fresno State Bulldogs,Sacramento State Hornets,betmgm,BetMGM,2026-09-06T18:05:38Z,spreads,2026-09-06T18:05:38Z,Sacramento State Hornets,-110,18.5,20260906180641293972
NCAAF,americanfootball_ncaaf,b1298d12169731a56fba3b484f27c005,2026-09-13T02:30:00Z,Fresno State Bulldogs,Sacramento State Hornets,betmgm,BetMGM,2026-09-06T18:05:38Z,totals,2026-09-06T18:05:38Z,Over,-108,48.5,20260906180641293972
NCAAF,americanfootball_ncaaf,b1298d12169731a56fba3b484f27c005,2026-09-13T02:30:00Z,Fresno State Bulldogs,Sacramento State Hornets,betmgm,BetMGM,2026-09-06T18:05:38Z,totals,2026-09-06T18:05:38Z,Under,-110,48.5,20260906180641293972
NCAAF,americanfootball_ncaaf,91ba0aefe833f0543aa43843374916f4,2026-09-13T03:00:00Z,USC Trojans,Louisiana Ragin Cajuns,draftkings,DraftKings,2026-09-06T18:05:37Z,h2h,2026-09-06T18:05:37Z,Louisiana Ragin Cajuns,2000,,20260906180641293972
NCAAF,americanfootball_ncaaf,91ba0aefe833f0543aa43843374916f4,2026-09-13T03:00:00Z,USC Trojans,Louisiana Ragin Cajuns,draftkings,DraftKings,2026-09-06T18:05:37Z,h2h,2026-09-06T18:05:37Z,USC Trojans,-6500,,20260906180641293972
NCAAF,americanfootball_ncaaf,91ba0aefe833f0543aa43843374916f4,2026-09-13T03:00:00Z,USC Trojans,Louisiana Ragin Cajuns,draftkings,DraftKings,2026-09-06T18:05:37Z,spreads,2026-09-06T18:05:37Z,Louisiana Ragin Cajuns,-110,28.5,20260906180641293972
NCAAF,americanfootball_ncaaf,91ba0aefe833f0543aa43843374916f4,2026-09-13T03:00:00Z,USC Trojans,Louisiana Ragin Cajuns,draftkings,DraftKings,2026-09-06T18:05:37Z,spreads,2026-09-06T18:05:37Z,USC Trojans,-110,-28.5,20260906180641293972
NCAAF,americanfootball_ncaaf,91ba0aefe833f0543aa43843374916f4,2026-09-13T03:00:00Z,USC Trojans,Louisiana Ragin Cajuns,draftkings,DraftKings,2026-09-06T18:05:37Z,totals,2026-09-06T18:05:37Z,Over,-108,60.5,20260906180641293972
NCAAF,americanfootball_ncaaf,91ba0aefe833f0543aa43843374916f4,2026-09-13T03:00:00Z,USC Trojans,Louisiana Ragin Cajuns,draftkings,DraftKings,2026-09-06T18:05:37Z,totals,2026-09-06T18:05:37Z,Under,-112,60.5,20260906180641293972
NCAAF,americanfootball_ncaaf,91ba0aefe833f0543aa43843374916f4,2026-09-13T03:00:00Z,USC Trojans,Louisiana Ragin Cajuns,lowvig,LowVig.ag,2026-09-06T18:06:01Z,spreads,2026-09-06T18:06:01Z,Louisiana Ragin Cajuns,-106,28.5,20260906180641293972
NCAAF,americanfootball_ncaaf,91ba0aefe833f0543aa43843374916f4,2026-09-13T03:00:00Z,USC Trojans,Louisiana Ragin Cajuns,lowvig,LowVig.ag,2026-09-06T18:06:01Z,spreads,2026-09-06T18:06:01Z,USC Trojans,-106,-28.5,20260906180641293972
NCAAF,americanfootball_ncaaf,91ba0aefe833f0543aa43843374916f4,2026-09-13T03:00:00Z,USC Trojans,Louisiana Ragin Cajuns,betonlineag,BetOnline.ag,2026-09-06T18:06:00Z,spreads,2026-09-06T18:06:00Z,Louisiana Ragin Cajuns,-110,28.5,20260906180641293972
NCAAF,americanfootball_ncaaf,91ba0aefe833f0543aa43843374916f4,2026-09-13T03:00:00Z,USC Trojans,Louisiana Ragin Cajuns,betonlineag,BetOnline.ag,2026-09-06T18:06:00Z,spreads,2026-09-06T18:06:00Z,USC Trojans,-110,-28.5,20260906180641293972
NCAAF,americanfootball_ncaaf,91ba0aefe833f0543aa43843374916f4,2026-09-13T03:00:00Z,USC Trojans,Louisiana Ragin Cajuns,betmgm,BetMGM,2026-09-06T18:05:38Z,h2h,2026-09-06T18:05:38Z,Louisiana Ragin Cajuns,3300,,20260906180641293972
NCAAF,americanfootball_ncaaf,91ba0aefe833f0543aa43843374916f4,2026-09-13T03:00:00Z,USC Trojans,Louisiana Ragin Cajuns,betmgm,BetMGM,2026-09-06T18:05:38Z,h2h,2026-09-06T18:05:38Z,USC Trojans,-10000,,20260906180641293972
NCAAF,americanfootball_ncaaf,91ba0aefe833f0543aa43843374916f4,2026-09-13T03:00:00Z,USC Trojans,Louisiana Ragin Cajuns,betmgm,BetMGM,2026-09-06T18:05:38Z,spreads,2026-09-06T18:05:38Z,Louisiana Ragin Cajuns,-110,28.5,20260906180641293972
NCAAF,americanfootball_ncaaf,91ba0aefe833f0543aa43843374916f4,2026-09-13T03:00:00Z,USC Trojans,Louisiana Ragin Cajuns,betmgm,BetMGM,2026-09-06T18:05:38Z,spreads,2026-09-06T18:05:38Z,USC Trojans,-108,-28.5,20260906180641293972
NCAAF,americanfootball_ncaaf,91ba0aefe833f0543aa43843374916f4,2026-09-13T03:00:00Z,USC Trojans,Louisiana Ragin Cajuns,betmgm,BetMGM,2026-09-06T18:05:38Z,totals,2026-09-06T18:05:38Z,Over,-108,47.5,20260906180641293972
NCAAF,americanfootball_ncaaf,91ba0aefe833f0543aa43843374916f4,2026-09-13T03:00:00Z,USC Trojans,Louisiana Ragin Cajuns,betmgm,BetMGM,2026-09-06T18:05:38Z,totals,2026-09-06T18:05:38Z,Under,-110,47.5,20260906180641293972
NCAAF,americanfootball_ncaaf,baa1d54d3e3162e5a550681144369eee,2026-09-13T04:00:00Z,Hawaii Rainbow Warriors,New Mexico State Aggies,draftkings,DraftKings,2026-09-06T18:05:37Z,h2h,2026-09-06T18:05:37Z,Hawaii Rainbow Warriors,-340,,20260906180641293972
NCAAF,americanfootball_ncaaf,baa1d54d3e3162e5a550681144369eee,2026-09-13T04:00:00Z,Hawaii Rainbow Warriors,New Mexico State Aggies,draftkings,DraftKings,2026-09-06T18:05:37Z,h2h,2026-09-06T18:05:37Z,New Mexico State Aggies,270,,20260906180641293972
NCAAF,americanfootball_ncaaf,baa1d54d3e3162e5a550681144369eee,2026-09-13T04:00:00Z,Hawaii Rainbow Warriors,New Mexico State Aggies,draftkings,DraftKings,2026-09-06T18:05:37Z,spreads,2026-09-06T18:05:37Z,Hawaii Rainbow Warriors,-110,-10.0,20260906180641293972
NCAAF,americanfootball_ncaaf,baa1d54d3e3162e5a550681144369eee,2026-09-13T04:00:00Z,Hawaii Rainbow Warriors,New Mexico State Aggies,draftkings,DraftKings,2026-09-06T18:05:37Z,spreads,2026-09-06T18:05:37Z,New Mexico State Aggies,-110,10.0,20260906180641293972
NCAAF,americanfootball_ncaaf,baa1d54d3e3162e5a550681144369eee,2026-09-13T04:00:00Z,Hawaii Rainbow Warriors,New Mexico State Aggies,draftkings,DraftKings,2026-09-06T18:05:37Z,totals,2026-09-06T18:05:37Z,Over,-115,51.5,20260906180641293972
NCAAF,americanfootball_ncaaf,baa1d54d3e3162e5a550681144369eee,2026-09-13T04:00:00Z,Hawaii Rainbow Warriors,New Mexico State Aggies,draftkings,DraftKings,2026-09-06T18:05:37Z,totals,2026-09-06T18:05:37Z,Under,-105,51.5,20260906180641293972
NCAAF,americanfootball_ncaaf,baa1d54d3e3162e5a550681144369eee,2026-09-13T04:00:00Z,Hawaii Rainbow Warriors,New Mexico State Aggies,lowvig,LowVig.ag,2026-09-06T18:06:01Z,spreads,2026-09-06T18:06:01Z,Hawaii Rainbow Warriors,-106,-10.0,20260906180641293972
NCAAF,americanfootball_ncaaf,baa1d54d3e3162e5a550681144369eee,2026-09-13T04:00:00Z,Hawaii Rainbow Warriors,New Mexico State Aggies,lowvig,LowVig.ag,2026-09-06T18:06:01Z,spreads,2026-09-06T18:06:01Z,New Mexico State Aggies,-106,10.0,20260906180641293972
NCAAF,americanfootball_ncaaf,baa1d54d3e3162e5a550681144369eee,2026-09-13T04:00:00Z,Hawaii Rainbow Warriors,New Mexico State Aggies,betonlineag,BetOnline.ag,2026-09-06T18:06:00Z,spreads,2026-09-06T18:06:00Z,Hawaii Rainbow Warriors,-110,-10.0,20260906180641293972
NCAAF,americanfootball_ncaaf,baa1d54d3e3162e5a550681144369eee,2026-09-13T04:00:00Z,Hawaii Rainbow Warriors,New Mexico State Aggies,betonlineag,BetOnline.ag,2026-09-06T18:06:00Z,spreads,2026-09-06T18:06:00Z,New Mexico State Aggies,-110,10.0,20260906180641293972
NCAAF,americanfootball_ncaaf,baa1d54d3e3162e5a550681144369eee,2026-09-13T04:00:00Z,Hawaii Rainbow Warriors,New Mexico State Aggies,betmgm,BetMGM,2026-09-06T18:05:38Z,h2h,2026-09-06T18:05:38Z,Hawaii Rainbow Warriors,-350,,20260906180641293972
NCAAF,americanfootball_ncaaf,baa1d54d3e3162e5a550681144369eee,2026-09-13T04:00:00Z,Hawaii Rainbow Warriors,New Mexico State Aggies,betmgm,BetMGM,2026-09-06T18:05:38Z,h2h,2026-09-06T18:05:38Z,New Mexico State Aggies,270,,20260906180641293972
NCAAF,americanfootball_ncaaf,baa1d54d3e3162e5a550681144369eee,2026-09-13T04:00:00Z,Hawaii Rainbow Warriors,New Mexico State Aggies,betmgm,BetMGM,2026-09-06T18:05:38Z,spreads,2026-09-06T18:05:38Z,Hawaii Rainbow Warriors,-110,-10.0,20260906180641293972
NCAAF,americanfootball_ncaaf,baa1d54d3e3162e5a550681144369eee,2026-09-13T04:00:00Z,Hawaii Rainbow Warriors,New Mexico State Aggies,betmgm,BetMGM,2026-09-06T18:05:38Z,spreads,2026-09-06T18:05:38Z,New Mexico State Aggies,-110,10.0,20260906180641293972
NCAAF,americanfootball_ncaaf,baa1d54d3e3162e5a550681144369eee,2026-09-13T04:00:00Z,Hawaii Rainbow Warriors,New Mexico State Aggies,betmgm,BetMGM,2026-09-06T18:05:38Z,totals,2026-09-06T18:05:38Z,Over,-112,51.5,20260906180641293972
NCAAF,americanfootball_ncaaf,baa1d54d3e3162e5a550681144369eee,2026-09-13T04:00:00Z,Hawaii Rainbow Warriors,New Mexico State Aggies,betmgm,BetMGM,2026-09-06T18:05:38Z,totals,2026-09-06T18:05:38Z,Under,-105,51.5,20260906180641293972
NCAAF,americanfootball_ncaaf,dbcfc3184e20d1ea45e910b89585071f,2026-09-19T19:30:00Z,Louisville Cardinals,SMU Mustangs,draftkings,DraftKings,2026-09-06T18:05:37Z,h2h,2026-09-06T18:05:37Z,Louisville Cardinals,-115,,20260906180641293972
NCAAF,americanfootball_ncaaf,dbcfc3184e20d1ea45e910b89585071f,2026-09-19T19:30:00Z,Louisville Cardinals,SMU Mustangs,draftkings,DraftKings,2026-09-06T18:05:37Z,h2h,2026-09-06T18:05:37Z,SMU Mustangs,-105,,20260906180641293972
NCAAF,americanfootball_ncaaf,dbcfc3184e20d1ea45e910b89585071f,2026-09-19T19:30:00Z,Louisville Cardinals,SMU Mustangs,draftkings,DraftKings,2026-09-06T18:05:37Z,spreads,2026-09-06T18:05:37Z,Louisville Cardinals,-105,-1.5,20260906180641293972
NCAAF,americanfootball_ncaaf,dbcfc3184e20d1ea45e910b89585071f,2026-09-19T19:30:00Z,Louisville Cardinals,SMU Mustangs,draftkings,DraftKings,2026-09-06T18:05:37Z,spreads,2026-09-06T18:05:37Z,SMU Mustangs,-115,1.5,20260906180641293972
NCAAF,americanfootball_ncaaf,dbcfc3184e20d1ea45e910b89585071f,2026-09-19T19:30:00Z,Louisville Cardinals,SMU Mustangs,draftkings,DraftKings,2026-09-06T18:05:37Z,totals,2026-09-06T18:05:37Z,Over,-108,56.5,20260906180641293972
NCAAF,americanfootball_ncaaf,dbcfc3184e20d1ea45e910b89585071f,2026-09-19T19:30:00Z,Louisville Cardinals,SMU Mustangs,draftkings,DraftKings,2026-09-06T18:05:37Z,totals,2026-09-06T18:05:37Z,Under,-112,56.5,20260906180641293972
NCAAF,americanfootball_ncaaf,fa98066b4b400fb6af0672e170cc584a,2026-11-22T00:30:00Z,Notre Dame Fighting Irish,SMU Mustangs,draftkings,DraftKings,2026-09-06T18:05:37Z,h2h,2026-09-06T18:05:37Z,Notre Dame Fighting Irish,-1200,,20260906180641293972
NCAAF,americanfootball_ncaaf,fa98066b4b400fb6af0672e170cc584a,2026-11-22T00:30:00Z,Notre Dame Fighting Irish,SMU Mustangs,draftkings,DraftKings,2026-09-06T18:05:37Z,h2h,2026-09-06T18:05:37Z,SMU Mustangs,750,,20260906180641293972
NCAAF,americanfootball_ncaaf,fa98066b4b400fb6af0672e170cc584a,2026-11-22T00:30:00Z,Notre Dame Fighting Irish,SMU Mustangs,draftkings,DraftKings,2026-09-06T18:05:37Z,spreads,2026-09-06T18:05:37Z,Notre Dame Fighting Irish,-115,-17.5,20260906180641293972
NCAAF,americanfootball_ncaaf,fa98066b4b400fb6af0672e170cc584a,2026-11-22T00:30:00Z,Notre Dame Fighting Irish,SMU Mustangs,draftkings,DraftKings,2026-09-06T18:05:37Z,spreads,2026-09-06T18:05:37Z,SMU Mustangs,-105,17.5,20260906180641293972
NCAAF,americanfootball_ncaaf,fa98066b4b400fb6af0672e170cc584a,2026-11-22T00:30:00Z,Notre Dame Fighting Irish,SMU Mustangs,draftkings,DraftKings,2026-09-06T18:05:37Z,totals,2026-09-06T18:05:37Z,Over,-108,56.5,20260906180641293972
NCAAF,americanfootball_ncaaf,fa98066b4b400fb6af0672e170cc584a,2026-11-22T00:30:00Z,Notre Dame Fighting Irish,SMU Mustangs,draftkings,DraftKings,2026-09-06T18:05:37Z,totals,2026-09-06T18:05:37Z,Under,-112,56.5,20260906180641293972
